ISO-10303-21;
HEADER;
FILE_DESCRIPTION (( 'STEP AP203' ),
    '1' );
FILE_NAME ('228-2500-2020.step',
    '2022-06-06T19:39:18',
    ( '' ),
    ( '' ),
    'SwSTEP 2.0',
    'SolidWorks 2021',
    '' );
FILE_SCHEMA (( 'CONFIG_CONTROL_DESIGN' ));
ENDSEC;

DATA;
#1 = ORIENTED_EDGE ( 'NONE', *, *, #4114, .F. ) ;
#2 = FACE_OUTER_BOUND ( 'NONE', #519, .T. ) ;
#3 = VERTEX_POINT ( 'NONE', #3029 ) ;
#4 = CARTESIAN_POINT ( 'NONE',  ( 4.515600645579449512, 2.389000000011801905, 15.24150613560709644 ) ) ;
#5 = CARTESIAN_POINT ( 'NONE',  ( 10.41378791921025382, -3.508501217614946377, 5.065828560631291388 ) ) ;
#6 = CARTESIAN_POINT ( 'NONE',  ( -10.31059654769778433, -4.724999999999966782, 2.577055049612248627 ) ) ;
#7 = ORIENTED_EDGE ( 'NONE', *, *, #4411, .T. ) ;
#8 = CARTESIAN_POINT ( 'NONE',  ( 3.523968164489601484, 6.267004020158438493, 17.26445563660524130 ) ) ;
#9 = EDGE_CURVE ( 'NONE', #54, #2403, #1794, .T. ) ;
#10 = CARTESIAN_POINT ( 'NONE',  ( 9.895307910843952115, -0.6251334396009641248, 3.960999999999999410 ) ) ;
#11 = DIRECTION ( 'NONE',  ( 0.000000000000000000, -0.000000000000000000, -1.000000000000000000 ) ) ;
#12 = DIRECTION ( 'NONE',  ( 0.000000000000000000, 1.000000000000000000, -0.000000000000000000 ) ) ;
#13 = ORIENTED_EDGE ( 'NONE', *, *, #1293, .F. ) ;
#14 = LINE ( 'NONE', #1511, #1709 ) ;
#15 = ADVANCED_FACE ( 'NONE', ( #424 ), #1935, .F. ) ;
#16 = ADVANCED_FACE ( 'NONE', ( #1124 ), #51, .F. ) ;
#17 = EDGE_LOOP ( 'NONE', ( #4075, #784, #3417, #2824 ) ) ;
#18 = CARTESIAN_POINT ( 'NONE',  ( -2.095614782133498277, 4.877266779423103493, 16.78383550317114725 ) ) ;
#19 = CARTESIAN_POINT ( 'NONE',  ( 0.000000000000000000, 0.000000000000000000, 7.238999999999999879 ) ) ;
#20 = B_SPLINE_SURFACE_WITH_KNOTS ( 'NONE', 3, 3, ( 
 ( #1867, #769, #2603, #2254 ),
 ( #1474, #1891, #3410, #33 ),
 ( #1525, #1153, #2656, #4454 ),
 ( #4802, #712, #4406, #1780 ),
 ( #1462, #3689, #3763, #2515 ),
 ( #1435, #2914, #2572, #4429 ),
 ( #4091, #730, #3296, #282 ),
 ( #4477, #391, #1067, #2190 ),
 ( #3711, #1019, #1411, #4828 ),
 ( #309, #3271, #4036, #4876 ),
 ( #1045, #337, #2545, #2939 ),
 ( #1830, #4062, #3320, #4774 ),
 ( #3738, #1114, #657, #2593 ) ),
 .UNSPECIFIED., .F., .F., .F.,
 ( 4, 3, 3, 3, 4 ),
 ( 4, 4 ),
 ( 0.000000000000000000, 0.1024451136616554292, 0.2048902273233108584, 0.4097804546466217168, 0.8195609092932434336 ),
 ( 0.05098234427581322531, 0.9916189286222935051 ),
 .UNSPECIFIED. ) ;
#21 = CARTESIAN_POINT ( 'NONE',  ( -8.803522555732069321, -4.229920665468490881, 12.06228373272034560 ) ) ;
#22 = CARTESIAN_POINT ( 'NONE',  ( 14.67543060060710047, -0.4999999999999956701, 0.8889999999999934621 ) ) ;
#23 = ORIENTED_EDGE ( 'NONE', *, *, #2354, .T. ) ;
#24 = VECTOR ( 'NONE', #2557, 1000.000000000000000 ) ;
#25 = CARTESIAN_POINT ( 'NONE',  ( 11.49693584739937080, -0.03861764813711311001, 9.889950162307680870 ) ) ;
#26 = ORIENTED_EDGE ( 'NONE', *, *, #4804, .F. ) ;
#27 = ORIENTED_EDGE ( 'NONE', *, *, #994, .F. ) ;
#28 = VECTOR ( 'NONE', #3565, 1000.000000000000000 ) ;
#29 = ADVANCED_FACE ( 'NONE', ( #2299 ), #3819, .F. ) ;
#30 = DIRECTION ( 'NONE',  ( 0.1736481776669273058, -0.9848077530122085754, -0.000000000000000000 ) ) ;
#31 = CARTESIAN_POINT ( 'NONE',  ( 7.324999999999945999, -6.225000000000001421, 6.224999999999995204 ) ) ;
#32 = DIRECTION ( 'NONE',  ( 0.000000000000000000, 0.000000000000000000, 1.000000000000000000 ) ) ;
#33 = CARTESIAN_POINT ( 'NONE',  ( -12.07167435535851219, -4.428066299654430438, 0.05761892985466136874 ) ) ;
#34 = DIRECTION ( 'NONE',  ( 0.000000000000000000, 1.000000000000000000, -0.000000000000000000 ) ) ;
#35 = VERTEX_POINT ( 'NONE', #83 ) ;
#36 = CARTESIAN_POINT ( 'NONE',  ( 4.883333333333298221, -6.225000000000003197, 6.224999999999999645 ) ) ;
#37 = AXIS2_PLACEMENT_3D ( 'NONE', #694, #4758, #1367 ) ;
#38 = CARTESIAN_POINT ( 'NONE',  ( -3.815205563579836312, 2.389000000000000234, 10.87231234476637631 ) ) ;
#39 = CARTESIAN_POINT ( 'NONE',  ( 2.117209207771822754, -2.599999995125601870, 12.80162039846460331 ) ) ;
#40 = VECTOR ( 'NONE', #2298, 1000.000000000000000 ) ;
#41 = CARTESIAN_POINT ( 'NONE',  ( 0.9178932188134341086, -4.725000000000020961, 5.980986468820127300 ) ) ;
#42 = ORIENTED_EDGE ( 'NONE', *, *, #678, .T. ) ;
#43 = CARTESIAN_POINT ( 'NONE',  ( -0.1528428008469812915, 4.877470342863843733, 16.79846095103200554 ) ) ;
#44 = DIRECTION ( 'NONE',  ( 0.000000000000000000, 0.000000000000000000, 1.000000000000000000 ) ) ;
#45 = ADVANCED_FACE ( 'NONE', ( #2903 ), #485, .F. ) ;
#46 = CALENDAR_DATE ( 2022, 6, 6 ) ;
#47 = CARTESIAN_POINT ( 'NONE',  ( 6.349999999999998757, -2.600000000000000533, 12.68034626157286837 ) ) ;
#48 = ORIENTED_EDGE ( 'NONE', *, *, #77, .T. ) ;
#49 = CARTESIAN_POINT ( 'NONE',  ( 16.65449172311120662, 3.470396931121628281, 5.161939576031329580 ) ) ;
#50 = ORIENTED_EDGE ( 'NONE', *, *, #2635, .F. ) ;
#51 = B_SPLINE_SURFACE_WITH_KNOTS ( 'NONE', 3, 3, ( 
 ( #3461, #765, #3074, #2535 ),
 ( #2252, #2277, #3771, #399 ),
 ( #1912, #2154, #3433, #1546 ),
 ( #4560, #1174, #4192, #813 ) ),
 .UNSPECIFIED., .F., .F., .F.,
 ( 4, 4 ),
 ( 4, 4 ),
 ( 0.000000000000000000, 1.000000000000000000 ),
 ( 0.000000000000000000, 1.000000000000000000 ),
 .UNSPECIFIED. ) ;
#52 = ORIENTED_EDGE ( 'NONE', *, *, #2907, .T. ) ;
#53 = DIRECTION ( 'NONE',  ( 1.000000000000000000, -0.000000000000000000, -2.656528198587550197E-15 ) ) ;
#54 = VERTEX_POINT ( 'NONE', #4521 ) ;
#55 = CARTESIAN_POINT ( 'NONE',  ( 10.49275435226176079, 2.763153701807108842, 15.08963769562022428 ) ) ;
#56 = CC_DESIGN_APPROVAL ( #4274, ( #4776 ) ) ;
#57 = ORIENTED_EDGE ( 'NONE', *, *, #2222, .T. ) ;
#58 = EDGE_CURVE ( 'NONE', #754, #2114, #1607, .T. ) ;
#59 = CARTESIAN_POINT ( 'NONE',  ( -0.9178932188134525383, 4.725000000000001421, 500000.0000000000582 ) ) ;
#60 = EDGE_LOOP ( 'NONE', ( #221, #615, #1137, #902, #1050, #118, #3279, #1372, #1985, #4836, #3427, #431, #1916, #3909 ) ) ;
#61 = CARTESIAN_POINT ( 'NONE',  ( 4.239327648498620427, 6.224999999999999645, 18.89999999999999858 ) ) ;
#62 = DIRECTION ( 'NONE',  ( 0.000000000000000000, 0.000000000000000000, 1.000000000000000000 ) ) ;
#63 = CARTESIAN_POINT ( 'NONE',  ( 2.038869686540335291, 2.389000000000001567, 15.30793035673310776 ) ) ;
#64 = VERTEX_POINT ( 'NONE', #1582 ) ;
#65 = VECTOR ( 'NONE', #1406, 1000.000000000000000 ) ;
#66 = CARTESIAN_POINT ( 'NONE',  ( 12.54999999999999183, -6.225000000000006750, 6.372367644529809108E-55 ) ) ;
#67 = VECTOR ( 'NONE', #2834, 1000.000000000000114 ) ;
#68 = VERTEX_POINT ( 'NONE', #2714 ) ;
#69 = EDGE_CURVE ( 'NONE', #1444, #4413, #1923, .T. ) ;
#70 = CIRCLE ( 'NONE', #4319, 2.100000000000000977 ) ;
#71 = CARTESIAN_POINT ( 'NONE',  ( -1.726823691432108232, 6.270647462114168569, 17.30899625531824881 ) ) ;
#72 = DIRECTION ( 'NONE',  ( 0.000000000000000000, 1.000000000000000000, 0.000000000000000000 ) ) ;
#73 = DIRECTION ( 'NONE',  ( 0.000000000000000000, 1.000000000000000000, 0.000000000000000000 ) ) ;
#74 = PERSON_AND_ORGANIZATION ( #2744, #3444 ) ;
#75 = CARTESIAN_POINT ( 'NONE',  ( 0.6113298926991214133, -4.730576554249670274, 5.964759650129538571 ) ) ;
#76 = ORIENTED_EDGE ( 'NONE', *, *, #3980, .T. ) ;
#77 = EDGE_CURVE ( 'NONE', #1924, #2917, #4692, .T. ) ;
#78 = EDGE_CURVE ( 'NONE', #4612, #397, #2643, .T. ) ;
#79 = CARTESIAN_POINT ( 'NONE',  ( -14.36156142184630546, -1.254437361598576217, 2.862515656576496426 ) ) ;
#80 = EDGE_LOOP ( 'NONE', ( #3346, #3838, #1017, #2345, #2117, #1431 ) ) ;
#81 = VERTEX_POINT ( 'NONE', #1902 ) ;
#82 = LINE ( 'NONE', #3073, #2785 ) ;
#83 = CARTESIAN_POINT ( 'NONE',  ( 4.515600645579449512, 2.389000000011801905, 15.24150613560709644 ) ) ;
#84 = EDGE_CURVE ( 'NONE', #4384, #3528, #4208, .T. ) ;
#85 = LINE ( 'NONE', #3846, #284 ) ;
#86 = EDGE_LOOP ( 'NONE', ( #2138, #2057, #4011, #3623, #2171, #332 ) ) ;
#87 = LINE ( 'NONE', #1551, #419 ) ;
#88 = ORIENTED_EDGE ( 'NONE', *, *, #2499, .F. ) ;
#89 = DIRECTION ( 'NONE',  ( 0.1736481776669336619, 0.9848077530122073542, 0.000000000000000000 ) ) ;
#90 = CARTESIAN_POINT ( 'NONE',  ( 3.457106781186588318, -3.599999999999999201, 8.584227566263795239 ) ) ;
#91 = CARTESIAN_POINT ( 'NONE',  ( -4.486502985212286632, -2.570603795974262251, 500000.0000000000582 ) ) ;
#92 = ADVANCED_FACE ( 'NONE', ( #3811 ), #4570, .F. ) ;
#93 = ORIENTED_EDGE ( 'NONE', *, *, #2343, .T. ) ;
#94 = CARTESIAN_POINT ( 'NONE',  ( -0.3780997407224426787, 6.273103274858923051, 17.32238634954630285 ) ) ;
#95 = DIRECTION ( 'NONE',  ( 0.000000000000000000, 0.000000000000000000, -1.000000000000000000 ) ) ;
#96 = AXIS2_PLACEMENT_3D ( 'NONE', #4115, #2294, #3837 ) ;
#97 = DIRECTION ( 'NONE',  ( -0.7071067811865473507, 0.000000000000000000, -0.7071067811865477948 ) ) ;
#98 = CALENDAR_DATE ( 2022, 6, 6 ) ;
#99 = CARTESIAN_POINT ( 'NONE',  ( 8.773449119407395358, -0.9805047417076012684, 14.25777042682426377 ) ) ;
#100 = ORIENTED_EDGE ( 'NONE', *, *, #1463, .T. ) ;
#101 = ORIENTED_EDGE ( 'NONE', *, *, #4098, .T. ) ;
#102 = CARTESIAN_POINT ( 'NONE',  ( -1.596106781186545476, -2.764972006980717545, 7.238999999999999879 ) ) ;
#103 = VERTEX_POINT ( 'NONE', #1975 ) ;
#104 = CARTESIAN_POINT ( 'NONE',  ( 4.912289071684464048, 3.568927744013945524, 16.02206204159712399 ) ) ;
#105 = CARTESIAN_POINT ( 'NONE',  ( -6.349999999999999645, -7.776507174585692163E-16, 5.460999999999999410 ) ) ;
#106 = ORIENTED_EDGE ( 'NONE', *, *, #3437, .F. ) ;
#107 = EDGE_LOOP ( 'NONE', ( #901, #1711, #471, #88, #2579, #157, #1315 ) ) ;
#108 = CARTESIAN_POINT ( 'NONE',  ( -16.94897412720550278, 4.725000000000000533, 3.974914831053109499 ) ) ;
#109 = VERTEX_POINT ( 'NONE', #1514 ) ;
#110 = AXIS2_PLACEMENT_3D ( 'NONE', #3848, #34, #113 ) ;
#111 = VECTOR ( 'NONE', #183, 1000.000000000000000 ) ;
#112 = EDGE_CURVE ( 'NONE', #882, #818, #2500, .T. ) ;
#113 = DIRECTION ( 'NONE',  ( 0.000000000000000000, 0.000000000000000000, 1.000000000000000000 ) ) ;
#114 = DIRECTION ( 'NONE',  ( 0.000000000000000000, 0.000000000000000000, -1.000000000000000000 ) ) ;
#115 = DIRECTION ( 'NONE',  ( 0.000000000000000000, 0.000000000000000000, 1.000000000000000000 ) ) ;
#116 = B_SPLINE_CURVE_WITH_KNOTS ( 'NONE', 3,
 ( #4422, #2537, #3262, #1037 ),
 .UNSPECIFIED., .F., .F.,
 ( 4, 4 ),
 ( 0.001663770361278345744, 0.003968756996166077078 ),
 .UNSPECIFIED. ) ;
#117 = FACE_OUTER_BOUND ( 'NONE', #1002, .T. ) ;
#118 = ORIENTED_EDGE ( 'NONE', *, *, #2616, .T. ) ;
#119 = CARTESIAN_POINT ( 'NONE',  ( -13.29715086454681838, -1.705000007448636667, 3.997484354231093384 ) ) ;
#120 = CARTESIAN_POINT ( 'NONE',  ( -0.5000000000000002220, -2.764972006980717545, 5.460999999999999410 ) ) ;
#121 = EDGE_CURVE ( 'NONE', #2966, #4427, #4256, .T. ) ;
#122 = FACE_BOUND ( 'NONE', #3126, .T. ) ;
#123 = CARTESIAN_POINT ( 'NONE',  ( -15.16138137549896392, 0.5000000000171727077, 4.053967618063337497 ) ) ;
#124 = ORIENTED_EDGE ( 'NONE', *, *, #3542, .T. ) ;
#125 = CYLINDRICAL_SURFACE ( 'NONE', #990, 3.600000000000002309 ) ;
#126 = EDGE_LOOP ( 'NONE', ( #2897, #1433, #548, #3109, #2306 ) ) ;
#127 = CARTESIAN_POINT ( 'NONE',  ( -12.55000000000000782, -6.224999999999989875, 1.000000000000004885 ) ) ;
#128 = CARTESIAN_POINT ( 'NONE',  ( -15.23633735705013947, 0.5000000000128834721, 1.908763372889143994 ) ) ;
#129 = ORIENTED_EDGE ( 'NONE', *, *, #3388, .T. ) ;
#130 = EDGE_LOOP ( 'NONE', ( #3723, #1572, #2650, #4549 ) ) ;
#131 = CARTESIAN_POINT ( 'NONE',  ( -16.92535967830167465, 4.725000000000001421, 1.987454909533860059 ) ) ;
#132 = ORIENTED_EDGE ( 'NONE', *, *, #1508, .T. ) ;
#133 = DIRECTION ( 'NONE',  ( 0.000000000000000000, 0.000000000000000000, -1.000000000000000000 ) ) ;
#134 = EDGE_CURVE ( 'NONE', #3572, #3926, #3272, .T. ) ;
#135 = DIRECTION ( 'NONE',  ( -1.000000000000000000, 0.000000000000000000, 0.000000000000000000 ) ) ;
#136 = EDGE_CURVE ( 'NONE', #655, #371, #3976, .T. ) ;
#137 = ADVANCED_FACE ( 'NONE', ( #484 ), #1538, .F. ) ;
#138 = CARTESIAN_POINT ( 'NONE',  ( 6.737201291367834521, 6.224999999999999645, 17.13822957364200406 ) ) ;
#139 = AXIS2_PLACEMENT_3D ( 'NONE', #2574, #4164, #4092 ) ;
#140 = AXIS2_PLACEMENT_3D ( 'NONE', #4486, #4509, #1548 ) ;
#141 = DIRECTION ( 'NONE',  ( 0.000000000000000000, -1.000000000000000000, 0.000000000000000000 ) ) ;
#142 = CARTESIAN_POINT ( 'NONE',  ( -14.72796223800479787, -0.6939557071965071211, 3.101651489972637066 ) ) ;
#143 = DIRECTION ( 'NONE',  ( -0.000000000000000000, -1.000000000000000000, -0.000000000000000000 ) ) ;
#144 = VECTOR ( 'NONE', #3840, 1000.000000000000000 ) ;
#145 = VECTOR ( 'NONE', #3451, 1000.000000000000000 ) ;
#146 = DIRECTION ( 'NONE',  ( 0.000000000000000000, -0.000000000000000000, 1.000000000000000000 ) ) ;
#147 = PERSON_AND_ORGANIZATION ( #2744, #3444 ) ;
#148 = DIRECTION ( 'NONE',  ( 1.000000000000000000, 0.000000000000000000, -0.000000000000000000 ) ) ;
#149 = VERTEX_POINT ( 'NONE', #4184 ) ;
#150 = FACE_OUTER_BOUND ( 'NONE', #3459, .T. ) ;
#151 = CARTESIAN_POINT ( 'NONE',  ( 4.486502985212286632, 2.570603795974262695, 3.961000000003878085 ) ) ;
#152 = ORIENTED_EDGE ( 'NONE', *, *, #3207, .F. ) ;
#153 = ORIENTED_EDGE ( 'NONE', *, *, #4803, .F. ) ;
#154 = CARTESIAN_POINT ( 'NONE',  ( -17.90398371253465371, 1.585474116185143112, 5.000637278093269522 ) ) ;
#155 = CARTESIAN_POINT ( 'NONE',  ( 5.032991422037431592E-13, -3.599999999988045651, 8.598721127944994436 ) ) ;
#156 = ORIENTED_EDGE ( 'NONE', *, *, #4375, .F. ) ;
#157 = ORIENTED_EDGE ( 'NONE', *, *, #3980, .F. ) ;
#158 = EDGE_CURVE ( 'NONE', #2891, #2030, #3742, .T. ) ;
#159 = DIRECTION ( 'NONE',  ( 0.000000000000000000, 0.000000000000000000, -1.000000000000000000 ) ) ;
#160 = ORIENTED_EDGE ( 'NONE', *, *, #4366, .F. ) ;
#161 = FACE_OUTER_BOUND ( 'NONE', #1811, .T. ) ;
#162 = DIRECTION ( 'NONE',  ( 9.946141471616773253E-16, -0.000000000000000000, -1.000000000000000000 ) ) ;
#163 = CARTESIAN_POINT ( 'NONE',  ( 10.08774464578474728, 6.225000000000001421, 16.79725393340299533 ) ) ;
#164 = LINE ( 'NONE', #3562, #929 ) ;
#165 = DIRECTION ( 'NONE',  ( 0.7071067811865702213, 0.000000000000000000, -0.7071067811865249242 ) ) ;
#166 = CARTESIAN_POINT ( 'NONE',  ( -7.963526704412394963, -3.031406018317081674, 9.596417264519432777 ) ) ;
#167 = FACE_OUTER_BOUND ( 'NONE', #933, .T. ) ;
#168 = EDGE_CURVE ( 'NONE', #4458, #3961, #1733, .T. ) ;
#169 = PLANE ( 'NONE',  #1075 ) ;
#170 = CARTESIAN_POINT ( 'NONE',  ( 16.93273724183518780, 4.724999999999999645, 2.602595357902000472 ) ) ;
#171 = ORIENTED_EDGE ( 'NONE', *, *, #2680, .F. ) ;
#172 = CARTESIAN_POINT ( 'NONE',  ( -6.349999999999999645, -7.776507174585692163E-16, 5.460999999999999410 ) ) ;
#173 = CIRCLE ( 'NONE', #2913, 2.099999999999997868 ) ;
#174 = ORIENTED_EDGE ( 'NONE', *, *, #4493, .F. ) ;
#175 = CARTESIAN_POINT ( 'NONE',  ( 4.254530797806871156, 4.876277581120129767, 16.72489939008662319 ) ) ;
#176 = DIRECTION ( 'NONE',  ( 0.9848077530122074652, -0.1736481776669337174, 0.000000000000000000 ) ) ;
#177 = ORIENTED_EDGE ( 'NONE', *, *, #293, .F. ) ;
#178 = ORIENTED_EDGE ( 'NONE', *, *, #4577, .F. ) ;
#179 = CARTESIAN_POINT ( 'NONE',  ( -1.057172126602079854E-15, -2.599999995125601870, 12.78646966084733627 ) ) ;
#180 = DIRECTION ( 'NONE',  ( 1.000000000000000000, 0.000000000000000000, 0.000000000000000000 ) ) ;
#181 = LINE ( 'NONE', #1967, #1448 ) ;
#182 = VECTOR ( 'NONE', #595, 1000.000000000000000 ) ;
#183 = DIRECTION ( 'NONE',  ( 0.000000000000000000, 1.000000000000000000, 0.000000000000000000 ) ) ;
#184 = CARTESIAN_POINT ( 'NONE',  ( -3.457106781186546129, -3.599999999999999645, 8.584227566263793463 ) ) ;
#185 = DIRECTION ( 'NONE',  ( -0.7071067811865477948, -0.7071067811865473507, 0.000000000000000000 ) ) ;
#186 = AXIS2_PLACEMENT_3D ( 'NONE', #2912, #4111, #4035 ) ;
#187 = CARTESIAN_POINT ( 'NONE',  ( 6.653174823789493431, -3.590300425416953267, 8.543284335333664714 ) ) ;
#188 = CARTESIAN_POINT ( 'NONE',  ( 9.411354347815477084, 2.389000000000000234, 18.90187766477306752 ) ) ;
#189 = CARTESIAN_POINT ( 'NONE',  ( 18.89999999999999858, 6.224999999999999645, 0.1250000000000001110 ) ) ;
#190 = CARTESIAN_POINT ( 'NONE',  ( 4.784225047371599260, 2.657537959536801608, 15.40912104806328209 ) ) ;
#191 = ORIENTED_EDGE ( 'NONE', *, *, #3377, .T. ) ;
#192 = CARTESIAN_POINT ( 'NONE',  ( -8.507862959707399142, -1.457156396991518443, 13.81383968439059196 ) ) ;
#193 = EDGE_CURVE ( 'NONE', #4693, #2490, #825, .T. ) ;
#194 = EDGE_LOOP ( 'NONE', ( #4317, #586, #1004, #4633 ) ) ;
#195 = CARTESIAN_POINT ( 'NONE',  ( 0.6119288236514311974, -4.725000000000020961, 5.981075092591017217 ) ) ;
#196 = FACE_OUTER_BOUND ( 'NONE', #1586, .T. ) ;
#197 = ORIENTED_EDGE ( 'NONE', *, *, #4700, .T. ) ;
#198 = ORIENTED_EDGE ( 'NONE', *, *, #4439, .T. ) ;
#199 = LINE ( 'NONE', #1049, #290 ) ;
#200 = CARTESIAN_POINT ( 'NONE',  ( 3.164954432086075187, -4.725000000000006750, 5.979363349828958007 ) ) ;
#201 = CYLINDRICAL_SURFACE ( 'NONE', #1622, 3.175000000000001155 ) ;
#202 = CARTESIAN_POINT ( 'NONE',  ( -6.349999999999999645, -3.600000000000000977, 3.960999999999999410 ) ) ;
#203 = LINE ( 'NONE', #4739, #2884 ) ;
#204 = CARTESIAN_POINT ( 'NONE',  ( -2.405590510861158049E-13, 2.388999999999999790, 15.30970072158185502 ) ) ;
#205 = CARTESIAN_POINT ( 'NONE',  ( 6.349999999999999645, -3.599999999999995648, 8.532475483752701706 ) ) ;
#206 = DIRECTION ( 'NONE',  ( 0.000000000000000000, 0.000000000000000000, 1.000000000000000000 ) ) ;
#207 = CARTESIAN_POINT ( 'NONE',  ( -3.265259330186732090, 5.460999999999999410, 12.20000000000000107 ) ) ;
#208 = EDGE_CURVE ( 'NONE', #3180, #4452, #462, .T. ) ;
#209 = CYLINDRICAL_SURFACE ( 'NONE', #1573, 2.099999999999999645 ) ;
#210 = ORIENTED_EDGE ( 'NONE', *, *, #134, .T. ) ;
#211 = AXIS2_PLACEMENT_3D ( 'NONE', #1218, #1620, #2350 ) ;
#212 = LINE ( 'NONE', #2771, #1155 ) ;
#213 = CIRCLE ( 'NONE', #2165, 3.175000000000000711 ) ;
#214 = AXIS2_PLACEMENT_3D ( 'NONE', #490, #2320, #4240 ) ;
#215 = ORIENTED_EDGE ( 'NONE', *, *, #944, .F. ) ;
#216 = EDGE_CURVE ( 'NONE', #4527, #1394, #3090, .T. ) ;
#217 = ADVANCED_FACE ( 'NONE', ( #3590 ), #560, .T. ) ;
#218 = EDGE_CURVE ( 'NONE', #1024, #3465, #857, .T. ) ;
#219 = LINE ( 'NONE', #2074, #456 ) ;
#220 = LINE ( 'NONE', #3963, #2213 ) ;
#221 = ORIENTED_EDGE ( 'NONE', *, *, #1744, .T. ) ;
#222 = ORIENTED_EDGE ( 'NONE', *, *, #732, .F. ) ;
#223 = AXIS2_PLACEMENT_3D ( 'NONE', #4473, #2881, #1090 ) ;
#224 = LINE ( 'NONE', #2122, #4545 ) ;
#225 = EDGE_CURVE ( 'NONE', #288, #4431, #3566, .T. ) ;
#226 = CARTESIAN_POINT ( 'NONE',  ( 27.04252139450062131, 6.224999999999999645, -11.45000000000000107 ) ) ;
#227 = CARTESIAN_POINT ( 'NONE',  ( 3.283917845660470292, 4.342218667950271893, 16.47318893552567332 ) ) ;
#228 = CARTESIAN_POINT ( 'NONE',  ( 6.349999999999999645, 5.460999999999999410, 14.79999999999999716 ) ) ;
#229 = B_SPLINE_CURVE_WITH_KNOTS ( 'NONE', 3,
 ( #926, #512, #2049, #3571, #2745, #4284, #3220, #4652, #2363, #4628, #2442, #1236, #4333, #2421, #488, #190, #1638, #3879 ),
 .UNSPECIFIED., .F., .F.,
 ( 4, 2, 2, 2, 2, 2, 2, 2, 4 ),
 ( 0.002067150298189171943, 0.002666829621092102129, 0.003266508943995031881, 0.003866188266897961634, 0.004465867589800892254, 0.005065546912703821139, 0.005665226235606751759, 0.006264905558509682379, 0.006864584881412611264 ),
 .UNSPECIFIED. ) ;
#230 = CARTESIAN_POINT ( 'NONE',  ( 3.214617248245438041, 0.5000000000000000000, 0.8890000000000000124 ) ) ;
#231 = CARTESIAN_POINT ( 'NONE',  ( -2.332106781186547906, 4.725000000000001421, 500000.0000000000582 ) ) ;
#232 = CARTESIAN_POINT ( 'NONE',  ( -15.72580228600416241, -2.685133562602979307, 2.950585012414202790 ) ) ;
#233 = CARTESIAN_POINT ( 'NONE',  ( -3.265259330186732090, -500000.0000000000582, 13.20000000000000284 ) ) ;
#234 = CARTESIAN_POINT ( 'NONE',  ( -12.92737962954433684, -3.393805134708589577, 1.676602710102614635 ) ) ;
#235 = EDGE_CURVE ( 'NONE', #2369, #335, #2376, .T. ) ;
#236 = DIRECTION ( 'NONE',  ( 0.000000000000000000, 0.000000000000000000, 1.000000000000000000 ) ) ;
#237 = VERTEX_POINT ( 'NONE', #3952 ) ;
#238 = CARTESIAN_POINT ( 'NONE',  ( -8.863052388783064117, -0.7205749319212166881, 14.48909397538332122 ) ) ;
#239 = ORIENTED_EDGE ( 'NONE', *, *, #4761, .F. ) ;
#240 = CARTESIAN_POINT ( 'NONE',  ( 6.349999999999999645, 0.000000000000000000, 3.960999999999999410 ) ) ;
#241 = LINE ( 'NONE', #634, #654 ) ;
#242 = VERTEX_POINT ( 'NONE', #2858 ) ;
#243 = ORIENTED_EDGE ( 'NONE', *, *, #2042, .F. ) ;
#244 = CARTESIAN_POINT ( 'NONE',  ( 10.83868078663615897, 4.724999999999724309, 16.10895987185763900 ) ) ;
#245 = ADVANCED_FACE ( 'NONE', ( #581 ), #1656, .T. ) ;
#246 = CARTESIAN_POINT ( 'NONE',  ( -8.469932590142246198, 6.224999999999997868, 18.63052815693477982 ) ) ;
#247 = CARTESIAN_POINT ( 'NONE',  ( 11.81552852315293478, -4.774765363987164335, 0.8335330887084216878 ) ) ;
#248 = EDGE_CURVE ( 'NONE', #2672, #3886, #2765, .T. ) ;
#249 = EDGE_CURVE ( 'NONE', #4310, #1790, #1907, .T. ) ;
#250 = PLANE ( 'NONE',  #1787 ) ;
#251 = DIRECTION ( 'NONE',  ( 1.000000000000000000, 0.000000000000000000, -0.000000000000000000 ) ) ;
#252 = DIRECTION ( 'NONE',  ( 1.000000000000000000, -0.000000000000000000, -0.000000000000000000 ) ) ;
#253 = CARTESIAN_POINT ( 'NONE',  ( -16.90284426461333567, 4.724999999999999645, 0.1250000000000001110 ) ) ;
#254 = DIRECTION ( 'NONE',  ( -0.7071067811865479058, 0.7071067811865472397, 0.000000000000000000 ) ) ;
#255 = VERTEX_POINT ( 'NONE', #3614 ) ;
#256 = AXIS2_PLACEMENT_3D ( 'NONE', #2455, #2382, #4345 ) ;
#257 = CARTESIAN_POINT ( 'NONE',  ( 10.50481292152782054, 3.388400578110093875, 15.47777114321893066 ) ) ;
#258 = EDGE_LOOP ( 'NONE', ( #810, #3395, #1663, #762 ) ) ;
#259 = CARTESIAN_POINT ( 'NONE',  ( -1.930382204485208808, 2.359679883841711678, 15.28519274872182798 ) ) ;
#260 = ORIENTED_EDGE ( 'NONE', *, *, #2861, .F. ) ;
#261 = CARTESIAN_POINT ( 'NONE',  ( 0.9178932188134341086, -4.725000000000020961, 5.980986468820127300 ) ) ;
#262 = DIRECTION ( 'NONE',  ( -1.000000000000000000, 0.000000000000000000, 0.000000000000000000 ) ) ;
#263 = ORIENTED_EDGE ( 'NONE', *, *, #614, .F. ) ;
#264 = VECTOR ( 'NONE', #1864, 1000.000000000000000 ) ;
#265 = CARTESIAN_POINT ( 'NONE',  ( 9.411354347815477084, 2.389000000000000234, 18.90187766477306752 ) ) ;
#266 = ORIENTED_EDGE ( 'NONE', *, *, #4584, .T. ) ;
#267 = CARTESIAN_POINT ( 'NONE',  ( 3.058126631670882389, 2.389000000012427627, 15.28476658714252068 ) ) ;
#268 = LINE ( 'NONE', #4344, #1069 ) ;
#269 = CARTESIAN_POINT ( 'NONE',  ( 13.90347939030800006, -1.791910111822071938, 0.07545249933259595698 ) ) ;
#270 = CARTESIAN_POINT ( 'NONE',  ( 11.20477579580094130, 4.724999999999615952, 16.06975191876192710 ) ) ;
#271 = CARTESIAN_POINT ( 'NONE',  ( -10.16229048863850259, 0.8890000000000000124, 7.238999999999999879 ) ) ;
#272 = EDGE_CURVE ( 'NONE', #4180, #2552, #4370, .T. ) ;
#273 = ADVANCED_FACE ( 'NONE', ( #2485 ), #3544, .T. ) ;
#274 = ADVANCED_FACE ( 'NONE', ( #167 ), #3169, .T. ) ;
#275 = CARTESIAN_POINT ( 'NONE',  ( -6.728182072484249154, 3.477296021418616601, 15.80881382084193731 ) ) ;
#276 = CARTESIAN_POINT ( 'NONE',  ( 8.803522555732069321, -4.229920665468490881, 12.06228373272034560 ) ) ;
#277 = DIRECTION ( 'NONE',  ( 0.000000000000000000, 1.000000000000000000, 0.000000000000000000 ) ) ;
#278 = CARTESIAN_POINT ( 'NONE',  ( 10.84075725170301041, 4.737921350983607560, 16.11467233360356843 ) ) ;
#279 = VERTEX_POINT ( 'NONE', #2386 ) ;
#280 = ORIENTED_EDGE ( 'NONE', *, *, #4325, .F. ) ;
#281 = CARTESIAN_POINT ( 'NONE',  ( -1.135818007334888913, 2.357953836024107908, 15.28974104276970358 ) ) ;
#282 = CARTESIAN_POINT ( 'NONE',  ( -13.40057770112793456, -2.558261079009021444, 0.08538831160448707991 ) ) ;
#283 = VERTEX_POINT ( 'NONE', #4675 ) ;
#284 = VECTOR ( 'NONE', #4611, 1000.000000000000000 ) ;
#285 = B_SPLINE_CURVE_WITH_KNOTS ( 'NONE', 3,
 ( #2199, #3794, #3432, #423 ),
 .UNSPECIFIED., .F., .F.,
 ( 4, 4 ),
 ( 0.0001973120694910825092, 0.001172486439517179740 ),
 .UNSPECIFIED. ) ;
#286 = CARTESIAN_POINT ( 'NONE',  ( 4.708814306973229336, 2.364349654785827592, 15.21765598432811828 ) ) ;
#287 = DIRECTION ( 'NONE',  ( 0.7071067811865474617, 0.000000000000000000, 0.7071067811865474617 ) ) ;
#288 = VERTEX_POINT ( 'NONE', #4306 ) ;
#289 = DIRECTION ( 'NONE',  ( -1.000000000000000000, -2.304030073497693120E-17, 0.000000000000000000 ) ) ;
#290 = VECTOR ( 'NONE', #618, 1000.000000000000114 ) ;
#291 = ORIENTED_EDGE ( 'NONE', *, *, #790, .T. ) ;
#292 = ORIENTED_EDGE ( 'NONE', *, *, #2042, .T. ) ;
#293 = EDGE_CURVE ( 'NONE', #1190, #2677, #2851, .T. ) ;
#294 = AXIS2_PLACEMENT_3D ( 'NONE', #2997, #3021, #1140 ) ;
#295 = DIRECTION ( 'NONE',  ( 0.000000000000000000, 0.000000000000000000, -1.000000000000000000 ) ) ;
#296 = AXIS2_PLACEMENT_3D ( 'NONE', #3340, #2992, #2910 ) ;
#297 = DIRECTION ( 'NONE',  ( -1.000000000000000000, 0.000000000000000000, 0.000000000000000000 ) ) ;
#298 = CARTESIAN_POINT ( 'NONE',  ( 13.20576097842675800, -2.965604696773554760, 1.508861706419692972 ) ) ;
#299 = CIRCLE ( 'NONE', #1633, 3.174999999999999822 ) ;
#300 = CARTESIAN_POINT ( 'NONE',  ( 10.96630972489651690, 4.048694037285192948, 15.78571765419713557 ) ) ;
#301 = CARTESIAN_POINT ( 'NONE',  ( -3.265259330186732090, 5.460999999999999410, 13.20000000000000284 ) ) ;
#302 = FACE_OUTER_BOUND ( 'NONE', #1544, .T. ) ;
#303 = CARTESIAN_POINT ( 'NONE',  ( 1.353900573603129320, 5.460999999999999410, 16.98899264521014985 ) ) ;
#304 = CARTESIAN_POINT ( 'NONE',  ( 0.4999999999999997780, 0.8890000000000000124, 5.460999999999999410 ) ) ;
#305 = CARTESIAN_POINT ( 'NONE',  ( -1.043073807312555612, 5.460999999999999410, 17.29981941150113300 ) ) ;
#306 = CARTESIAN_POINT ( 'NONE',  ( 9.146863876752769684, 0.8890000000000017888, 7.238999999999999879 ) ) ;
#307 = ORIENTED_EDGE ( 'NONE', *, *, #3717, .T. ) ;
#308 = CARTESIAN_POINT ( 'NONE',  ( -0.7384660353613774486, 2.357045598030801603, 15.29029359814763644 ) ) ;
#309 = CARTESIAN_POINT ( 'NONE',  ( -14.91580166484373748, -0.2709074369235944246, 3.580190896813014945 ) ) ;
#310 = ADVANCED_FACE ( 'NONE', ( #2419 ), #2046, .T. ) ;
#311 = FACE_OUTER_BOUND ( 'NONE', #1080, .T. ) ;
#312 = CARTESIAN_POINT ( 'NONE',  ( 9.411354347815477084, 2.389000000000000234, 12.07251728540835778 ) ) ;
#313 = ORIENTED_EDGE ( 'NONE', *, *, #248, .F. ) ;
#314 = CARTESIAN_POINT ( 'NONE',  ( 17.09120927247477795, 5.051077485840089309, 5.904346980489379781 ) ) ;
#315 = ORIENTED_EDGE ( 'NONE', *, *, #1379, .T. ) ;
#316 = ORIENTED_EDGE ( 'NONE', *, *, #479, .T. ) ;
#317 = CARTESIAN_POINT ( 'NONE',  ( 3.051918108532960083, 0.8889999999999999014, 16.10543814484078595 ) ) ;
#318 = CARTESIAN_POINT ( 'NONE',  ( 4.486502985212286632, 2.570603795974262695, 500000.0000000000582 ) ) ;
#319 = CARTESIAN_POINT ( 'NONE',  ( 13.23444904875557881, -2.977871072513942341, 2.227527038134483384 ) ) ;
#320 = B_SPLINE_CURVE_WITH_KNOTS ( 'NONE', 3,
 ( #2178, #1056, #6, #1767 ),
 .UNSPECIFIED., .F., .F.,
 ( 4, 4 ),
 ( 1.226634733346699349E-18, 0.006943683031488208715 ),
 .UNSPECIFIED. ) ;
#321 = ADVANCED_FACE ( 'NONE', ( #2066 ), #2398, .T. ) ;
#322 = VECTOR ( 'NONE', #1141, 1000.000000000000000 ) ;
#323 = LINE ( 'NONE', #4488, #1426 ) ;
#324 = VERTEX_POINT ( 'NONE', #4472 ) ;
#325 = LINE ( 'NONE', #3310, #4318 ) ;
#326 = DIRECTION ( 'NONE',  ( 0.000000000000000000, 1.000000000000000000, 0.000000000000000000 ) ) ;
#327 = CARTESIAN_POINT ( 'NONE',  ( -17.72397599249928035, 1.659006158649190210, -0.07226769833442335533 ) ) ;
#328 = EDGE_CURVE ( 'NONE', #4531, #3744, #1750, .T. ) ;
#329 = DIRECTION ( 'NONE',  ( 0.7071067811866611486, 0.000000000000000000, -0.7071067811864339969 ) ) ;
#330 = CARTESIAN_POINT ( 'NONE',  ( -9.434740669813269420, 2.521630422773948776, 12.20000000000000284 ) ) ;
#331 = B_SPLINE_SURFACE_WITH_KNOTS ( 'NONE', 3, 3, ( 
 ( #648, #1725, #1455, #2857, #2562, #3974, #2182 ),
 ( #1749, #3704, #2878, #4399, #327, #603, #1011 ),
 ( #232, #3239, #1353, #2509, #1503, #1576, #357 ),
 ( #4152, #749, #405, #2232, #774, #1894, #3440 ) ),
 .UNSPECIFIED., .F., .F., .F.,
 ( 4, 4 ),
 ( 4, 3, 4 ),
 ( 0.000000000000000000, 1.000000000000000000 ),
 ( 0.000000000000000000, 1.000000000000000000, 1.043355093150434731 ),
 .UNSPECIFIED. ) ;
#332 = ORIENTED_EDGE ( 'NONE', *, *, #433, .F. ) ;
#333 = CARTESIAN_POINT ( 'NONE',  ( -15.30859671719037784, 0.5000000000087369001, 3.768366067042117962 ) ) ;
#334 = B_SPLINE_CURVE_WITH_KNOTS ( 'NONE', 3,
 ( #1446, #2253, #1890, #400 ),
 .UNSPECIFIED., .F., .F.,
 ( 4, 4 ),
 ( 0.0008759938399667251217, 0.003926513859312190380 ),
 .UNSPECIFIED. ) ;
#335 = VERTEX_POINT ( 'NONE', #2587 ) ;
#336 = CYLINDRICAL_SURFACE ( 'NONE', #652, 2.100000000000000977 ) ;
#337 = CARTESIAN_POINT ( 'NONE',  ( -15.74306417569440164, 1.360314588904906863, 2.928673813198276132 ) ) ;
#338 = CIRCLE ( 'NONE', #4045, 3.124999999999999112 ) ;
#339 = VECTOR ( 'NONE', #4647, 1000.000000000000000 ) ;
#340 = FACE_OUTER_BOUND ( 'NONE', #3268, .T. ) ;
#341 = CARTESIAN_POINT ( 'NONE',  ( 16.97046814186071373, 4.725000000000006750, 5.815392029797282092 ) ) ;
#342 = ORIENTED_EDGE ( 'NONE', *, *, #2329, .T. ) ;
#343 = EDGE_CURVE ( 'NONE', #2722, #2677, #1499, .T. ) ;
#344 = ADVANCED_FACE ( 'NONE', ( #2183 ), #2564, .T. ) ;
#345 = LINE ( 'NONE', #4459, #3368 ) ;
#346 = VECTOR ( 'NONE', #89, 1000.000000000000114 ) ;
#347 = ORIENTED_EDGE ( 'NONE', *, *, #249, .F. ) ;
#348 = CARTESIAN_POINT ( 'NONE',  ( 4.522312344766379333, 5.460999999999999410, 10.16520556357983196 ) ) ;
#349 = DIRECTION ( 'NONE',  ( 0.000000000000000000, 1.000000000000000000, 0.000000000000000000 ) ) ;
#350 = CARTESIAN_POINT ( 'NONE',  ( 15.19783363995333048, 0.2383701467562794607, 3.593347208732359022 ) ) ;
#351 = ORIENTED_EDGE ( 'NONE', *, *, #614, .T. ) ;
#352 = AXIS2_PLACEMENT_3D ( 'NONE', #1911, #2347, #2625 ) ;
#353 = CARTESIAN_POINT ( 'NONE',  ( 15.21059521233134859, 0.4999999999999987232, 3.958818376985581811 ) ) ;
#354 = PLANE ( 'NONE',  #3759 ) ;
#355 = B_SPLINE_CURVE_WITH_KNOTS ( 'NONE', 3,
 ( #2432, #2038, #3557, #571, #200, #3581, #2452 ),
 .UNSPECIFIED., .F., .F.,
 ( 4, 3, 4 ),
 ( 0.000000000000000000, 0.003581370742967589314, 0.004830642618625101241 ),
 .UNSPECIFIED. ) ;
#356 = CARTESIAN_POINT ( 'NONE',  ( -6.349999999999999645, 5.460999999999999410, 12.70000000000000107 ) ) ;
#357 = CARTESIAN_POINT ( 'NONE',  ( -15.55076654316587259, -2.589702750798410946, -0.1279228880614943775 ) ) ;
#358 = CARTESIAN_POINT ( 'NONE',  ( 13.58088428792514435, -3.200062596891487754, 6.072030347549282503 ) ) ;
#359 = CARTESIAN_POINT ( 'NONE',  ( 0.4999999999999997780, -2.764972006980717545, 6.142893218813454403 ) ) ;
#360 = DIRECTION ( 'NONE',  ( 1.000000000000000000, -3.025413793668038133E-12, 0.000000000000000000 ) ) ;
#361 = VERTEX_POINT ( 'NONE', #2209 ) ;
#362 = CARTESIAN_POINT ( 'NONE',  ( -6.567638593622559640, 3.569627523209498055, 15.95138700966623446 ) ) ;
#363 = CARTESIAN_POINT ( 'NONE',  ( -1.043073807312555612, 2.388999999993757228, 17.29981941150113300 ) ) ;
#364 = CARTESIAN_POINT ( 'NONE',  ( -12.67499999999999893, 6.224999999999997868, 18.09265550483547713 ) ) ;
#365 = DIRECTION ( 'NONE',  ( -0.000000000000000000, -1.000000000000000000, -0.000000000000000000 ) ) ;
#366 = VERTEX_POINT ( 'NONE', #1846 ) ;
#367 = CARTESIAN_POINT ( 'NONE',  ( 11.85321101691540946, -4.725000000000020961, 0.7124262145741825369 ) ) ;
#368 = EDGE_CURVE ( 'NONE', #2891, #3318, #1969, .T. ) ;
#369 = ADVANCED_FACE ( 'NONE', ( #704 ), #626, .T. ) ;
#370 = EDGE_CURVE ( 'NONE', #1642, #1790, #3973, .T. ) ;
#371 = VERTEX_POINT ( 'NONE', #679 ) ;
#372 = PLANE ( 'NONE',  #1225 ) ;
#373 = PLANE ( 'NONE',  #4430 ) ;
#374 = CARTESIAN_POINT ( 'NONE',  ( -6.302068743798007411, -3.209403101107540568, 9.238865542784063578 ) ) ;
#375 = VECTOR ( 'NONE', #1956, 1000.000000000000000 ) ;
#376 = DIRECTION ( 'NONE',  ( 0.000000000000000000, 1.000000000000000000, 0.000000000000000000 ) ) ;
#377 = FACE_OUTER_BOUND ( 'NONE', #1973, .T. ) ;
#378 = ORIENTED_EDGE ( 'NONE', *, *, #4839, .T. ) ;
#379 = AXIS2_PLACEMENT_3D ( 'NONE', #2024, #4571, #3745 ) ;
#380 = DIRECTION ( 'NONE',  ( -0.000000000000000000, -0.000000000000000000, -1.000000000000000000 ) ) ;
#381 = ORIENTED_EDGE ( 'NONE', *, *, #4394, .T. ) ;
#382 = CARTESIAN_POINT ( 'NONE',  ( 1.663587258018923043, 4.877374068069203261, 16.79055543882713408 ) ) ;
#383 = LINE ( 'NONE', #10, #2059 ) ;
#384 = CARTESIAN_POINT ( 'NONE',  ( 6.349999999999999645, 0.000000000000000000, 3.960999999999999410 ) ) ;
#385 = DIRECTION ( 'NONE',  ( -0.000000000000000000, 1.000000000000000000, -0.000000000000000000 ) ) ;
#386 = AXIS2_PLACEMENT_3D ( 'NONE', #2795, #236, #3242 ) ;
#387 = ORIENTED_EDGE ( 'NONE', *, *, #3625, .T. ) ;
#388 = CARTESIAN_POINT ( 'NONE',  ( 14.78104022995983868, -0.4999999999931363792, 3.255083369738982046 ) ) ;
#389 = ORIENTED_EDGE ( 'NONE', *, *, #2907, .F. ) ;
#390 = CARTESIAN_POINT ( 'NONE',  ( -8.220443944519043811, 3.569400198736660812, 15.83988367078249837 ) ) ;
#391 = CARTESIAN_POINT ( 'NONE',  ( -13.97317462154822110, -1.831146637832926416, 1.903150840903947261 ) ) ;
#392 = EDGE_CURVE ( 'NONE', #1594, #476, #3682, .T. ) ;
#393 = MECHANICAL_CONTEXT ( 'NONE', #2380, 'mechanical' ) ;
#394 = PLANE ( 'NONE',  #4656 ) ;
#395 = ORIENTED_EDGE ( 'NONE', *, *, #1658, .F. ) ;
#396 = CARTESIAN_POINT ( 'NONE',  ( -0.3059644070732501775, -4.725000000000013856, 5.981107741960404844 ) ) ;
#397 = VERTEX_POINT ( 'NONE', #1456 ) ;
#398 = CYLINDRICAL_SURFACE ( 'NONE', #3027, 3.174999999999998934 ) ;
#399 = CARTESIAN_POINT ( 'NONE',  ( -17.90398371253465371, 1.585474116185143112, 5.000637278093269522 ) ) ;
#400 = CARTESIAN_POINT ( 'NONE',  ( -2.332106781186528810, -4.725000000000019185, 5.980178226026757748 ) ) ;
#401 = CARTESIAN_POINT ( 'NONE',  ( 11.62425370347804510, -4.166871889255916450, 2.117717321645738338 ) ) ;
#402 = CARTESIAN_POINT ( 'NONE',  ( 10.08774464581317076, 6.225000000000061817, 500000.0000000000582 ) ) ;
#403 = VERTEX_POINT ( 'NONE', #3313 ) ;
#404 = CARTESIAN_POINT ( 'NONE',  ( 8.220443944519020718, 3.569400198736734087, 15.83988367078255344 ) ) ;
#405 = CARTESIAN_POINT ( 'NONE',  ( -12.54999999999999716, -6.225000000000000533, 0.3333333333333349247 ) ) ;
#406 = ADVANCED_FACE ( 'NONE', ( #4822 ), #1428, .T. ) ;
#407 = DIRECTION ( 'NONE',  ( -1.000000000000000000, 0.000000000000000000, -0.000000000000000000 ) ) ;
#408 = DIRECTION ( 'NONE',  ( -0.1736481776669279720, 0.9848077530122085754, 4.613012806055349438E-16 ) ) ;
#409 = VERTEX_POINT ( 'NONE', #1132 ) ;
#410 = B_SPLINE_CURVE_WITH_KNOTS ( 'NONE', 3,
 ( #2529, #3607, #227, #4018 ),
 .UNSPECIFIED., .F., .F.,
 ( 4, 4 ),
 ( 1.342742535517132442E-05, 0.003932467787710793548 ),
 .UNSPECIFIED. ) ;
#411 = CARTESIAN_POINT ( 'NONE',  ( 17.84483592513366901, 1.609635622224823592, 3.333758185395512719 ) ) ;
#412 = ORIENTED_EDGE ( 'NONE', *, *, #1441, .T. ) ;
#413 = CARTESIAN_POINT ( 'NONE',  ( -9.080665968911549868, -4.231266461609006768, 5.214775734118853201 ) ) ;
#414 = CARTESIAN_POINT ( 'NONE',  ( -2.613284561224954672, -3.217776008027176449, 9.284725824674021410 ) ) ;
#415 = PERSON_AND_ORGANIZATION_ROLE ( 'creator' ) ;
#416 = DIRECTION ( 'NONE',  ( 0.000000000000000000, 0.000000000000000000, 1.000000000000000000 ) ) ;
#417 = ORIENTED_EDGE ( 'NONE', *, *, #2740, .T. ) ;
#418 = CC_DESIGN_PERSON_AND_ORGANIZATION_ASSIGNMENT ( #2391, #804, ( #1772 ) ) ;
#419 = VECTOR ( 'NONE', #4196, 1000.000000000000000 ) ;
#420 = CARTESIAN_POINT ( 'NONE',  ( -6.946751784256206541, -3.553281594907824914, 8.604245378819523893 ) ) ;
#421 = VERTEX_POINT ( 'NONE', #38 ) ;
#422 = ORIENTED_EDGE ( 'NONE', *, *, #2014, .T. ) ;
#423 = CARTESIAN_POINT ( 'NONE',  ( 8.439156965713682013, 2.389000000000000234, 15.02401552761809356 ) ) ;
#424 = FACE_OUTER_BOUND ( 'NONE', #1909, .T. ) ;
#425 = DIRECTION ( 'NONE',  ( -0.000000000000000000, -1.000000000000000000, -0.000000000000000000 ) ) ;
#426 = CARTESIAN_POINT ( 'NONE',  ( -2.314649096315366972, 5.460999999999999410, 16.97462037405618673 ) ) ;
#427 = VERTEX_POINT ( 'NONE', #1968 ) ;
#428 = CARTESIAN_POINT ( 'NONE',  ( 3.815205563579831427, -500000.0000000000582, 10.87231234476638164 ) ) ;
#429 = PLANE ( 'NONE',  #2471 ) ;
#430 = CARTESIAN_POINT ( 'NONE',  ( 18.60791351478013667, 5.084802760093077190, 0.1250000000000003331 ) ) ;
#431 = ORIENTED_EDGE ( 'NONE', *, *, #4439, .F. ) ;
#432 = EDGE_CURVE ( 'NONE', #442, #3392, #830, .T. ) ;
#433 = EDGE_CURVE ( 'NONE', #1730, #3, #4221, .T. ) ;
#434 = CARTESIAN_POINT ( 'NONE',  ( 9.434740669813271197, 2.521630422773819102, 13.19999999999999929 ) ) ;
#435 = VERTEX_POINT ( 'NONE', #2607 ) ;
#436 = CARTESIAN_POINT ( 'NONE',  ( -1.183946627710829924, 3.565802255264710396, 16.11214611495831051 ) ) ;
#437 = CARTESIAN_POINT ( 'NONE',  ( 7.390762670270817125, -4.325818784115082138, 7.092321555784302234 ) ) ;
#438 = CARTESIAN_POINT ( 'NONE',  ( 0.9178932188134356629, -4.725000000000018296, 500000.0000000000582 ) ) ;
#439 = ORIENTED_EDGE ( 'NONE', *, *, #1351, .F. ) ;
#440 = AXIS2_PLACEMENT_3D ( 'NONE', #3498, #2739, #868 ) ;
#441 = CARTESIAN_POINT ( 'NONE',  ( -6.349999999999999645, 0.8890000000000000124, 14.80000000000000071 ) ) ;
#442 = VERTEX_POINT ( 'NONE', #1895 ) ;
#443 = PLANE ( 'NONE',  #4362 ) ;
#444 = CARTESIAN_POINT ( 'NONE',  ( 0.7432795950069416291, 2.389000000000000234, -91.99541463433266131 ) ) ;
#445 = VERTEX_POINT ( 'NONE', #2305 ) ;
#446 = FACE_OUTER_BOUND ( 'NONE', #1813, .T. ) ;
#447 = ORIENTED_EDGE ( 'NONE', *, *, #883, .T. ) ;
#448 = EDGE_CURVE ( 'NONE', #1071, #4458, #2132, .T. ) ;
#449 = CARTESIAN_POINT ( 'NONE',  ( -14.63548530951985072, -0.4999999999923063765, 3.523505741499551647 ) ) ;
#450 = VERTEX_POINT ( 'NONE', #2286 ) ;
#451 = CIRCLE ( 'NONE', #2321, 2.099999999999999645 ) ;
#452 = CARTESIAN_POINT ( 'NONE',  ( 2.441666666666647778, -6.225000000000000533, 6.224999999999998757 ) ) ;
#453 = DIRECTION ( 'NONE',  ( 1.000000000000000000, 0.000000000000000000, 0.000000000000000000 ) ) ;
#454 = VERTEX_POINT ( 'NONE', #3415 ) ;
#455 = CARTESIAN_POINT ( 'NONE',  ( 15.55517674662170080, -2.592107227102440348, -0.05035675236080722900 ) ) ;
#456 = VECTOR ( 'NONE', #2822, 999.9999999999998863 ) ;
#457 = ORIENTED_EDGE ( 'NONE', *, *, #4803, .T. ) ;
#458 = AXIS2_PLACEMENT_3D ( 'NONE', #3977, #4771, #1312 ) ;
#459 = CARTESIAN_POINT ( 'NONE',  ( -0.6029222997813911133, 6.272706365353451829, 17.32105309731193188 ) ) ;
#460 = B_SPLINE_CURVE_WITH_KNOTS ( 'NONE', 3,
 ( #261, #195, #3274, #3226 ),
 .UNSPECIFIED., .F., .F.,
 ( 4, 4 ),
 ( 0.006244856371614817062, 0.007162749441553712369 ),
 .UNSPECIFIED. ) ;
#461 = B_SPLINE_CURVE_WITH_KNOTS ( 'NONE', 3,
 ( #594, #1788, #1395, #3966 ),
 .UNSPECIFIED., .F., .F.,
 ( 4, 4 ),
 ( 0.001696507458442899838, 0.006679688036329451198 ),
 .UNSPECIFIED. ) ;
#462 = LINE ( 'NONE', #3475, #2948 ) ;
#463 = ADVANCED_FACE ( 'NONE', ( #4202 ), #429, .F. ) ;
#464 = CARTESIAN_POINT ( 'NONE',  ( 0.000000000000000000, 0.000000000000000000, 7.238999999999999879 ) ) ;
#465 = SECURITY_CLASSIFICATION_LEVEL ( 'unclassified' ) ;
#466 = DIRECTION ( 'NONE',  ( 0.000000000000000000, 0.000000000000000000, -1.000000000000000000 ) ) ;
#467 = ORIENTED_EDGE ( 'NONE', *, *, #1824, .T. ) ;
#468 = FACE_BOUND ( 'NONE', #3473, .T. ) ;
#469 = EDGE_CURVE ( 'NONE', #2402, #1057, #841, .T. ) ;
#470 = VERTEX_POINT ( 'NONE', #3827 ) ;
#471 = ORIENTED_EDGE ( 'NONE', *, *, #2589, .F. ) ;
#472 = LINE ( 'NONE', #1173, #4444 ) ;
#473 = CARTESIAN_POINT ( 'NONE',  ( -6.040492162859561809, -3.818553490200784939, 8.210225849455477842 ) ) ;
#474 = VERTEX_POINT ( 'NONE', #3470 ) ;
#475 = CARTESIAN_POINT ( 'NONE',  ( -16.90284426461333567, 4.724999999999999645, 0.1250000000000001110 ) ) ;
#476 = VERTEX_POINT ( 'NONE', #3753 ) ;
#477 = CARTESIAN_POINT ( 'NONE',  ( -2.794889235063282129, 5.460999999999999410, 16.96221754612252042 ) ) ;
#478 = CARTESIAN_POINT ( 'NONE',  ( 15.25620279229624288, 0.4999999999999988343, 2.418746591863426332 ) ) ;
#479 = EDGE_CURVE ( 'NONE', #242, #1963, #1672, .T. ) ;
#480 = CYLINDRICAL_SURFACE ( 'NONE', #1348, 2.099999999999999645 ) ;
#481 = CARTESIAN_POINT ( 'NONE',  ( -9.411354347815452215, 2.389000000000000234, 14.94725602919482910 ) ) ;
#482 = VERTEX_POINT ( 'NONE', #1202 ) ;
#483 = CARTESIAN_POINT ( 'NONE',  ( -3.779396204025740946, 1.863497014787714789, 3.961000000003878085 ) ) ;
#484 = FACE_OUTER_BOUND ( 'NONE', #2445, .T. ) ;
#485 = B_SPLINE_SURFACE_WITH_KNOTS ( 'NONE', 3, 3, ( 
 ( #672, #1569, #4580, #2701 ),
 ( #1961, #3679, #4218, #2324 ),
 ( #3844, #473, #3486, #4419 ),
 ( #1034, #374, #847, #414 ) ),
 .UNSPECIFIED., .F., .F., .F.,
 ( 4, 4 ),
 ( 4, 4 ),
 ( 0.000000000000000000, 0.2128128183310349364 ),
 ( 0.02643991475180109199, 0.6881072088397736097 ),
 .UNSPECIFIED. ) ;
#486 = DIRECTION ( 'NONE',  ( 1.619113772785370638E-12, -1.000000000000000000, 0.000000000000000000 ) ) ;
#487 = DATE_AND_TIME ( #3856, #1219 ) ;
#488 = CARTESIAN_POINT ( 'NONE',  ( 5.067749061627219831, 2.904730022611214935, 15.55426358039689383 ) ) ;
#489 = ORIENTED_EDGE ( 'NONE', *, *, #1199, .T. ) ;
#490 = CARTESIAN_POINT ( 'NONE',  ( -6.349999999999999645, 0.8890000000000000124, 12.70000000000000107 ) ) ;
#491 = ORIENTED_EDGE ( 'NONE', *, *, #4079, .T. ) ;
#492 = EDGE_CURVE ( 'NONE', #3478, #1549, #2636, .T. ) ;
#493 = EDGE_CURVE ( 'NONE', #884, #970, #2195, .T. ) ;
#494 = EDGE_CURVE ( 'NONE', #3828, #1778, #3092, .T. ) ;
#495 = CARTESIAN_POINT ( 'NONE',  ( 0.5831428819605989355, 4.877479941756544868, 16.79820062469553577 ) ) ;
#496 = CARTESIAN_POINT ( 'NONE',  ( 9.485382751754562136, 0.5000000000000001110, 3.961000000003878085 ) ) ;
#497 = VERTEX_POINT ( 'NONE', #3441 ) ;
#498 = ORIENTED_EDGE ( 'NONE', *, *, #3567, .F. ) ;
#499 = DIRECTION ( 'NONE',  ( 0.000000000000000000, -1.000000000000000000, 0.000000000000000000 ) ) ;
#500 = ORIENTED_EDGE ( 'NONE', *, *, #2255, .T. ) ;
#501 = VECTOR ( 'NONE', #574, 1000.000000000000000 ) ;
#502 = LINE ( 'NONE', #4563, #1510 ) ;
#503 = CARTESIAN_POINT ( 'NONE',  ( -10.62309898488589965, 3.388300960528822792, 15.46608909602272952 ) ) ;
#504 = PLANE ( 'NONE',  #735 ) ;
#505 = CARTESIAN_POINT ( 'NONE',  ( -4.249999999999998224, -7.776507174585692163E-16, 0.8890000000000000124 ) ) ;
#506 = CARTESIAN_POINT ( 'NONE',  ( 12.54999999999999716, -6.224999999999998757, 0.4166666666666682395 ) ) ;
#507 = CARTESIAN_POINT ( 'NONE',  ( -11.36459316832526767, -1.946572021766744820, 6.726676122158741222 ) ) ;
#508 = DIRECTION ( 'NONE',  ( 1.000000000000000000, 0.000000000000000000, 0.000000000000000000 ) ) ;
#509 = B_SPLINE_CURVE_WITH_KNOTS ( 'NONE', 3,
 ( #3591, #2488, #1382, #2236 ),
 .UNSPECIFIED., .F., .F.,
 ( 4, 4 ),
 ( 0.000000000000000000, 0.003050520019331119746 ),
 .UNSPECIFIED. ) ;
#510 = CARTESIAN_POINT ( 'NONE',  ( 3.815205563579829651, 2.389000000000000234, 10.87231234476637987 ) ) ;
#511 = DATE_AND_TIME ( #2000, #1378 ) ;
#512 = CARTESIAN_POINT ( 'NONE',  ( 8.328634685677236860, 2.526705781008926621, 15.12336873264658799 ) ) ;
#513 = EDGE_LOOP ( 'NONE', ( #989, #395, #1738 ) ) ;
#514 = CARTESIAN_POINT ( 'NONE',  ( -10.80833333333330870, -6.224999999999998757, 2.741666666666668473 ) ) ;
#515 = CARTESIAN_POINT ( 'NONE',  ( -11.85705832225257517, -4.725000000000017408, 0.8549117561474216531 ) ) ;
#516 = ORIENTED_EDGE ( 'NONE', *, *, #2861, .T. ) ;
#517 = PLANE ( 'NONE',  #770 ) ;
#518 = DIRECTION ( 'NONE',  ( -0.000000000000000000, -0.000000000000000000, -1.000000000000000000 ) ) ;
#519 = EDGE_LOOP ( 'NONE', ( #101, #2835, #4271, #2467, #124 ) ) ;
#520 = AXIS2_PLACEMENT_3D ( 'NONE', #3119, #2336, #4161 ) ;
#521 = VERTEX_POINT ( 'NONE', #2707 ) ;
#522 = PLANE ( 'NONE',  #211 ) ;
#523 = ORIENTED_EDGE ( 'NONE', *, *, #708, .F. ) ;
#524 = ADVANCED_FACE ( 'NONE', ( #4131 ), #480, .F. ) ;
#525 = DIRECTION ( 'NONE',  ( 0.000000000000000000, 0.000000000000000000, -1.000000000000000000 ) ) ;
#526 = CARTESIAN_POINT ( 'NONE',  ( -4.486502985212286632, -2.570603795974261807, 3.960999999999999410 ) ) ;
#527 = DIRECTION ( 'NONE',  ( 0.000000000000000000, 0.000000000000000000, -1.000000000000000000 ) ) ;
#528 = ADVANCED_FACE ( 'NONE', ( #751 ), #4566, .T. ) ;
#529 = EDGE_CURVE ( 'NONE', #4334, #1213, #2684, .T. ) ;
#530 = VECTOR ( 'NONE', #2036, 1000.000000000000000 ) ;
#531 = CARTESIAN_POINT ( 'NONE',  ( -6.349999999999999645, -7.776507174585692163E-16, 5.460999999999999410 ) ) ;
#532 = FACE_OUTER_BOUND ( 'NONE', #4215, .T. ) ;
#533 = CARTESIAN_POINT ( 'NONE',  ( -13.63535199480584126, -2.463638172345988586, 2.097969939145832186 ) ) ;
#534 = DIRECTION ( 'NONE',  ( 0.000000000000000000, 0.000000000000000000, 1.000000000000000000 ) ) ;
#535 = VECTOR ( 'NONE', #254, 999.9999999999998863 ) ;
#536 = VECTOR ( 'NONE', #2457, 1000.000000000000000 ) ;
#537 = DIRECTION ( 'NONE',  ( 1.000000000000000000, 0.000000000000000000, 0.000000000000000000 ) ) ;
#538 = AXIS2_PLACEMENT_3D ( 'NONE', #2512, #653, #3616 ) ;
#539 = CARTESIAN_POINT ( 'NONE',  ( 4.522312344766381109, 5.460999999999999410, 15.23479443642016484 ) ) ;
#540 = ORIENTED_EDGE ( 'NONE', *, *, #1387, .F. ) ;
#541 = CARTESIAN_POINT ( 'NONE',  ( -8.910500157831743095, -0.4514852619340096185, 14.71813171206326842 ) ) ;
#542 = CARTESIAN_POINT ( 'NONE',  ( 6.349999999999999645, 0.000000000000000000, 3.960999999999999410 ) ) ;
#543 = EDGE_CURVE ( 'NONE', #1363, #3886, #2531, .T. ) ;
#544 = ORIENTED_EDGE ( 'NONE', *, *, #1086, .F. ) ;
#545 = ORIENTED_EDGE ( 'NONE', *, *, #1328, .F. ) ;
#546 = CARTESIAN_POINT ( 'NONE',  ( 10.08774464578474728, 6.225000000000001421, 16.79725393340299533 ) ) ;
#547 = DIRECTION ( 'NONE',  ( 0.000000000000000000, 1.000000000000000000, 0.000000000000000000 ) ) ;
#548 = ORIENTED_EDGE ( 'NONE', *, *, #658, .F. ) ;
#549 = ORIENTED_EDGE ( 'NONE', *, *, #1526, .T. ) ;
#550 = EDGE_CURVE ( 'NONE', #3085, #3778, #1224, .T. ) ;
#551 = CARTESIAN_POINT ( 'NONE',  ( -2.748530644269227441, -4.725000000000019185, 5.979822747297120600 ) ) ;
#552 = ORIENTED_EDGE ( 'NONE', *, *, #4592, .F. ) ;
#553 = CARTESIAN_POINT ( 'NONE',  ( 9.895307910843948562, -0.6251334396009653460, 11.33531618317421064 ) ) ;
#554 = CARTESIAN_POINT ( 'NONE',  ( 15.29119123318229612, 0.5000000000000000000, 3.318490615968249013 ) ) ;
#555 = CARTESIAN_POINT ( 'NONE',  ( 15.70449505221422903, 1.389225531095402477, 1.491910090715113046 ) ) ;
#556 = DIRECTION ( 'NONE',  ( 0.1736481776669351607, 0.9848077530122071321, 0.000000000000000000 ) ) ;
#557 = CARTESIAN_POINT ( 'NONE',  ( 2.441666666666647778, -6.225000000000000533, 6.224999999999998757 ) ) ;
#558 = EDGE_CURVE ( 'NONE', #1438, #2632, #4301, .T. ) ;
#559 = CARTESIAN_POINT ( 'NONE',  ( -6.349999999999999645, 4.724999999999999645, 3.960999999999999410 ) ) ;
#560 = CYLINDRICAL_SURFACE ( 'NONE', #675, 3.599999999999999645 ) ;
#561 = CARTESIAN_POINT ( 'NONE',  ( 10.74136495478865427, 3.388196248923634357, 15.45419805496955590 ) ) ;
#562 = CARTESIAN_POINT ( 'NONE',  ( -3.978983400028223915E-17, 6.224999999999997868, 18.90000000000000213 ) ) ;
#563 = EDGE_LOOP ( 'NONE', ( #3936, #3617, #1149, #26 ) ) ;
#564 = LINE ( 'NONE', #2051, #1077 ) ;
#565 = ORIENTED_EDGE ( 'NONE', *, *, #2499, .T. ) ;
#566 = CARTESIAN_POINT ( 'NONE',  ( 15.21408160319749570, 0.5658614406733528668, 0.1249999999999928807 ) ) ;
#567 = DIRECTION ( 'NONE',  ( -1.000000000000000000, 0.000000000000000000, 0.000000000000000000 ) ) ;
#568 = ORIENTED_EDGE ( 'NONE', *, *, #4077, .F. ) ;
#569 = ORIENTED_EDGE ( 'NONE', *, *, #4379, .T. ) ;
#570 = CARTESIAN_POINT ( 'NONE',  ( 0.4999999999999997780, -500000.0000000000582, 7.238999999999999879 ) ) ;
#571 = CARTESIAN_POINT ( 'NONE',  ( 3.581378063306012827, -4.725000000000006750, 5.978798131780560965 ) ) ;
#572 = CARTESIAN_POINT ( 'NONE',  ( -10.74136495478862940, 3.388196248923536658, 15.45419805496950083 ) ) ;
#573 = VECTOR ( 'NONE', #4223, 1000.000000000000000 ) ;
#574 = DIRECTION ( 'NONE',  ( 1.000000000000000000, -0.000000000000000000, -0.000000000000000000 ) ) ;
#575 = ORIENTED_EDGE ( 'NONE', *, *, #4668, .F. ) ;
#576 = EDGE_CURVE ( 'NONE', #4180, #4772, #4276, .T. ) ;
#577 = DIRECTION ( 'NONE',  ( 1.000000000000000000, 0.000000000000000000, 0.000000000000000000 ) ) ;
#578 = CARTESIAN_POINT ( 'NONE',  ( -4.530873430015050829, 2.389000000000000234, 15.24094539932970704 ) ) ;
#579 = CARTESIAN_POINT ( 'NONE',  ( -10.41378791921014191, -3.508501217615126233, 5.065828560631049804 ) ) ;
#580 = VECTOR ( 'NONE', #4383, 1000.000000000000000 ) ;
#581 = FACE_OUTER_BOUND ( 'NONE', #107, .T. ) ;
#582 = EDGE_CURVE ( 'NONE', #1594, #4180, #4324, .T. ) ;
#583 = EDGE_CURVE ( 'NONE', #2101, #2482, #3970, .T. ) ;
#584 = LINE ( 'NONE', #4308, #3915 ) ;
#585 = CARTESIAN_POINT ( 'NONE',  ( 9.953030832551895912, 5.460999999999999410, 13.20000000000000107 ) ) ;
#586 = ORIENTED_EDGE ( 'NONE', *, *, #1953, .T. ) ;
#587 = CYLINDRICAL_SURFACE ( 'NONE', #2649, 3.125000000000000888 ) ;
#588 = ADVANCED_FACE ( 'NONE', ( #3894 ), #504, .T. ) ;
#589 = ORIENTED_EDGE ( 'NONE', *, *, #733, .F. ) ;
#590 = CARTESIAN_POINT ( 'NONE',  ( 0.1489606025371199294, 3.564387669179723162, 16.11278948358974361 ) ) ;
#591 = CYLINDRICAL_SURFACE ( 'NONE', #2628, 2.099999999999997868 ) ;
#592 = VERTEX_POINT ( 'NONE', #890 ) ;
#593 = EDGE_LOOP ( 'NONE', ( #422, #2682, #2244, #3352, #489 ) ) ;
#594 = CARTESIAN_POINT ( 'NONE',  ( -16.97046814186072083, 4.725000000000002309, 5.815392029797278539 ) ) ;
#595 = DIRECTION ( 'NONE',  ( 1.000000000000000000, 0.000000000000000000, -0.000000000000000000 ) ) ;
#596 = AXIS2_PLACEMENT_3D ( 'NONE', #2448, #176, #3911 ) ;
#597 = FACE_OUTER_BOUND ( 'NONE', #663, .T. ) ;
#598 = CARTESIAN_POINT ( 'NONE',  ( 2.332106781186544353, 4.725000000000001421, 0.8890000000000000124 ) ) ;
#599 = AXIS2_PLACEMENT_3D ( 'NONE', #384, #3061, #453 ) ;
#600 = EDGE_CURVE ( 'NONE', #970, #521, #1992, .T. ) ;
#601 = CARTESIAN_POINT ( 'NONE',  ( 7.183257588456483766, -4.736414040842882756, 5.939014117734205733 ) ) ;
#602 = DIRECTION ( 'NONE',  ( -0.7071067811865249242, 0.000000000000000000, -0.7071067811865702213 ) ) ;
#603 = CARTESIAN_POINT ( 'NONE',  ( -17.72141163466686820, 1.660053682994195423, -0.1445353966688467107 ) ) ;
#604 = CARTESIAN_POINT ( 'NONE',  ( -11.84550232389517710, -4.725000000000019185, 0.4274555119025167937 ) ) ;
#605 = CARTESIAN_POINT ( 'NONE',  ( -9.485382751754560360, 0.5000000000000006661, 500000.0000000000582 ) ) ;
#606 = ORIENTED_EDGE ( 'NONE', *, *, #1102, .F. ) ;
#607 = AXIS2_PLACEMENT_3D ( 'NONE', #2555, #1345, #3256 ) ;
#608 = CARTESIAN_POINT ( 'NONE',  ( -7.050440567718917251, -2.509928116348173255, 12.75660605160064875 ) ) ;
#609 = VECTOR ( 'NONE', #2131, 1000.000000000000000 ) ;
#610 = ORIENTED_EDGE ( 'NONE', *, *, #272, .T. ) ;
#611 = CARTESIAN_POINT ( 'NONE',  ( 1.930382204484914599, 2.359679883841711678, 15.28519274872182798 ) ) ;
#612 = CARTESIAN_POINT ( 'NONE',  ( -17.09120927247476729, 5.051077485840034242, 5.904346980489350472 ) ) ;
#613 = ORIENTED_EDGE ( 'NONE', *, *, #3388, .F. ) ;
#614 = EDGE_CURVE ( 'NONE', #1467, #2056, #1700, .T. ) ;
#615 = ORIENTED_EDGE ( 'NONE', *, *, #3200, .F. ) ;
#616 = ADVANCED_FACE ( 'NONE', ( #2786 ), #2759, .F. ) ;
#617 = AXIS2_PLACEMENT_3D ( 'NONE', #4725, #4286, #2444 ) ;
#618 = DIRECTION ( 'NONE',  ( -0.7071067811865474617, 0.7071067811865474617, -0.000000000000000000 ) ) ;
#619 = ORIENTED_EDGE ( 'NONE', *, *, #4125, .T. ) ;
#620 = LINE ( 'NONE', #3182, #182 ) ;
#621 = CARTESIAN_POINT ( 'NONE',  ( 0.1271798294549584263, 6.224999999999993427, 18.89999999999999503 ) ) ;
#622 = CARTESIAN_POINT ( 'NONE',  ( 14.00774401646095235, -1.850603717498567669, 2.809782129635928882 ) ) ;
#623 = DIRECTION ( 'NONE',  ( -1.000000000000000000, 0.000000000000000000, 0.000000000000000000 ) ) ;
#624 = DIRECTION ( 'NONE',  ( 0.000000000000000000, 1.000000000000000000, 0.000000000000000000 ) ) ;
#625 = CARTESIAN_POINT ( 'NONE',  ( -4.784583932042783871, 2.657932561098001578, 15.40936822953453422 ) ) ;
#626 = PLANE ( 'NONE',  #4063 ) ;
#627 = CARTESIAN_POINT ( 'NONE',  ( -6.350000000000000533, -2.600000000000000089, 5.460999999999999410 ) ) ;
#628 = CARTESIAN_POINT ( 'NONE',  ( 12.55000000000000782, -6.224999999999989875, 1.000000000000004885 ) ) ;
#629 = B_SPLINE_CURVE_WITH_KNOTS ( 'NONE', 3,
 ( #4581, #3556, #3509, #108, #4640, #1596, #131, #1245, #2780, #475 ),
 .UNSPECIFIED., .F., .F.,
 ( 4, 3, 3, 4 ),
 ( 8.751935793225368765E-05, 0.001928122061312734182, 0.003915722268922399059, 0.005778313270073996352 ),
 .UNSPECIFIED. ) ;
#630 = ORIENTED_EDGE ( 'NONE', *, *, #1381, .F. ) ;
#631 = CARTESIAN_POINT ( 'NONE',  ( -6.349999999999999645, -3.600000000000000977, 3.960999999999999410 ) ) ;
#632 = ORIENTED_EDGE ( 'NONE', *, *, #1247, .F. ) ;
#633 = CARTESIAN_POINT ( 'NONE',  ( 0.7692913093745589181, 3.565270035157053208, 16.11385280547393251 ) ) ;
#634 = CARTESIAN_POINT ( 'NONE',  ( -0.5000000000000002220, 5.460999999999999410, 5.460999999999999410 ) ) ;
#635 = ORIENTED_EDGE ( 'NONE', *, *, #3924, .T. ) ;
#636 = ORIENTED_EDGE ( 'NONE', *, *, #2680, .T. ) ;
#637 = PLANE ( 'NONE',  #4540 ) ;
#638 = AXIS2_PLACEMENT_3D ( 'NONE', #4093, #4857, #466 ) ;
#639 = EDGE_CURVE ( 'NONE', #4404, #3709, #3583, .T. ) ;
#640 = ORIENTED_EDGE ( 'NONE', *, *, #2285, .T. ) ;
#641 = CARTESIAN_POINT ( 'NONE',  ( 3.779396204025739170, -1.863497014787716788, 500000.0000000000582 ) ) ;
#642 = B_SPLINE_SURFACE_WITH_KNOTS ( 'NONE', 3, 3, ( 
 ( #4759, #246, #1006, #2175, #1792, #3994, #621 ),
 ( #2503, #1765, #4442, #4790, #696, #3698, #3283 ),
 ( #2105, #2899, #2476, #4048, #668, #4735, #1368 ),
 ( #1743, #4364, #1721, #1052, #3232, #1421, #4415 ) ),
 .UNSPECIFIED., .F., .F., .F.,
 ( 4, 4 ),
 ( 4, 3, 4 ),
 ( 0.000000000000000000, 1.000000000000000000 ),
 ( 0.000000000000000000, 1.000000000000000000, 1.010000000000000009 ),
 .UNSPECIFIED. ) ;
#643 = CARTESIAN_POINT ( 'NONE',  ( 4.522312344766379333, 2.389000000000000234, 10.16520556357983196 ) ) ;
#644 = CARTESIAN_POINT ( 'NONE',  ( 8.967664557342088116, -2.925121008136607248, 8.381135812167947563 ) ) ;
#645 = CARTESIAN_POINT ( 'NONE',  ( 15.98536182526439475, 1.854276378889566868, 4.454471836603828727 ) ) ;
#646 = CARTESIAN_POINT ( 'NONE',  ( -3.214617248245439374, 0.5000000000000002220, 3.960999999999999410 ) ) ;
#647 = CIRCLE ( 'NONE', #4666, 3.174999999999999822 ) ;
#648 = CARTESIAN_POINT ( 'NONE',  ( -18.90000000000000568, 6.225000000000007638, 6.976468134611495842 ) ) ;
#649 = CARTESIAN_POINT ( 'NONE',  ( 13.47413928529879712, 0.7889150054221097941, 12.83379434446968581 ) ) ;
#650 = DIRECTION ( 'NONE',  ( 0.000000000000000000, 1.000000000000000000, 0.000000000000000000 ) ) ;
#651 = ORIENTED_EDGE ( 'NONE', *, *, #3512, .F. ) ;
#652 = AXIS2_PLACEMENT_3D ( 'NONE', #711, #4090, #1043 ) ;
#653 = DIRECTION ( 'NONE',  ( 0.000000000000000000, 0.000000000000000000, 1.000000000000000000 ) ) ;
#654 = VECTOR ( 'NONE', #1757, 1000.000000000000000 ) ;
#655 = VERTEX_POINT ( 'NONE', #228 ) ;
#656 = CARTESIAN_POINT ( 'NONE',  ( -2.332106781186532363, -4.725000000000016520, 0.8890000000000000124 ) ) ;
#657 = CARTESIAN_POINT ( 'NONE',  ( -16.95948255858667508, 4.834249956990571917, 2.004179965900923399 ) ) ;
#658 = EDGE_CURVE ( 'NONE', #1071, #497, #3403, .T. ) ;
#659 = VECTOR ( 'NONE', #2193, 1000.000000000000000 ) ;
#660 = ORIENTED_EDGE ( 'NONE', *, *, #4755, .T. ) ;
#661 = CARTESIAN_POINT ( 'NONE',  ( 0.3545618193623167325, 3.564695594239958965, 16.11364223299359111 ) ) ;
#662 = CARTESIAN_POINT ( 'NONE',  ( 4.486502985212286632, 2.570603795974262695, 500000.0000000000582 ) ) ;
#663 = EDGE_LOOP ( 'NONE', ( #1670, #3868, #351, #3407 ) ) ;
#664 = CARTESIAN_POINT ( 'NONE',  ( 9.420030584749346403, 2.438205384785754770, 12.11484679511837292 ) ) ;
#665 = ADVANCED_FACE ( 'NONE', ( #1652 ), #1337, .F. ) ;
#666 = ORIENTED_EDGE ( 'NONE', *, *, #1387, .T. ) ;
#667 = FACE_BOUND ( 'NONE', #126, .T. ) ;
#668 = CARTESIAN_POINT ( 'NONE',  ( 0.02939283401410107063, -4.282741447655823208, 12.16145334878343398 ) ) ;
#669 = CARTESIAN_POINT ( 'NONE',  ( 12.12530189697768357, -4.423819607015598621, 1.440159622195765987 ) ) ;
#670 = DIRECTION ( 'NONE',  ( 0.000000000000000000, 1.000000000000000000, 0.000000000000000000 ) ) ;
#671 = DIRECTION ( 'NONE',  ( 0.7071067811865479058, 0.7071067811865472397, -0.000000000000000000 ) ) ;
#672 = CARTESIAN_POINT ( 'NONE',  ( -7.183257588456519294, -4.736414040842833906, 5.939014117734352283 ) ) ;
#673 = B_SPLINE_CURVE_WITH_KNOTS ( 'NONE', 3,
 ( #3383, #4022, #645, #2130 ),
 .UNSPECIFIED., .F., .F.,
 ( 4, 4 ),
 ( 0.001696507458442900488, 0.006679688036340171789 ),
 .UNSPECIFIED. ) ;
#674 = CARTESIAN_POINT ( 'NONE',  ( -3.368771327783667058, 6.224999999999996980, 17.30742151317114264 ) ) ;
#675 = AXIS2_PLACEMENT_3D ( 'NONE', #2793, #534, #508 ) ;
#676 = ADVANCED_FACE ( 'NONE', ( #720 ), #2516, .F. ) ;
#677 = CARTESIAN_POINT ( 'NONE',  ( 3.265259330186733866, -500000.0000000000582, 12.20000000000000284 ) ) ;
#678 = EDGE_CURVE ( 'NONE', #1134, #3883, #3874, .T. ) ;
#679 = CARTESIAN_POINT ( 'NONE',  ( 6.349999999999999645, 5.460999999999999410, 10.60000000000000142 ) ) ;
#680 = DIRECTION ( 'NONE',  ( 0.1736481776669273058, -0.9848077530122085754, -0.000000000000000000 ) ) ;
#681 = CARTESIAN_POINT ( 'NONE',  ( -1.277121745622277427, -4.416582501345396317, 6.887116532661709201 ) ) ;
#682 = EDGE_LOOP ( 'NONE', ( #2712, #3254 ) ) ;
#683 = CARTESIAN_POINT ( 'NONE',  ( 3.265259330186735642, 2.388999999880070391, 13.20000000000000284 ) ) ;
#684 = CARTESIAN_POINT ( 'NONE',  ( -3.457106781186546129, -3.599999999999999645, 8.584227566263793463 ) ) ;
#685 = B_SPLINE_SURFACE_WITH_KNOTS ( 'NONE', 3, 3, ( 
 ( #4059, #3735, #1064, #2187 ),
 ( #4825, #681, #1091, #4799 ),
 ( #3758, #2212, #2964, #3686 ),
 ( #2612, #1135, #2264, #1801 ) ),
 .UNSPECIFIED., .F., .F., .F.,
 ( 4, 4 ),
 ( 4, 4 ),
 ( 0.000000000000000000, 0.1681102393284139573 ),
 ( 0.7479739219010880236, 1.001787090092020716 ),
 .UNSPECIFIED. ) ;
#686 = AXIS2_PLACEMENT_3D ( 'NONE', #719, #4172, #1104 ) ;
#687 = CARTESIAN_POINT ( 'NONE',  ( 8.986609817541022949, -0.01984593252749760131, 15.08552483820601431 ) ) ;
#688 = CARTESIAN_POINT ( 'NONE',  ( -11.16739870315716487, 4.755732885186442438, 16.15095977792383763 ) ) ;
#689 = ORIENTED_EDGE ( 'NONE', *, *, #2779, .T. ) ;
#690 = ADVANCED_FACE ( 'NONE', ( #377 ), #20, .T. ) ;
#691 = DIRECTION ( 'NONE',  ( 0.000000000000000000, 0.000000000000000000, -1.000000000000000000 ) ) ;
#692 = ORIENTED_EDGE ( 'NONE', *, *, #193, .T. ) ;
#693 = VECTOR ( 'NONE', #2054, 1000.000000000000114 ) ;
#694 = CARTESIAN_POINT ( 'NONE',  ( 6.349999999999999645, 0.000000000000000000, 5.460999999999999410 ) ) ;
#695 = CIRCLE ( 'NONE', #617, 3.125000000000000888 ) ;
#696 = CARTESIAN_POINT ( 'NONE',  ( 0.03605906010293202096, 0.3234982497874549501, 16.85104005572254948 ) ) ;
#697 = CARTESIAN_POINT ( 'NONE',  ( 12.96662745804115424, -3.346899764429025481, 2.032768116963769245 ) ) ;
#698 = AXIS2_PLACEMENT_3D ( 'NONE', #4718, #2787, #2043 ) ;
#699 = DIRECTION ( 'NONE',  ( -0.7071067811865472397, 0.7071067811865479058, 0.000000000000000000 ) ) ;
#700 = ORIENTED_EDGE ( 'NONE', *, *, #2249, .F. ) ;
#701 = DIRECTION ( 'NONE',  ( 1.000000000000000000, 0.000000000000000000, 0.000000000000000000 ) ) ;
#702 = LINE ( 'NONE', #1478, #2521 ) ;
#703 = CARTESIAN_POINT ( 'NONE',  ( 10.78906273388258086, 0.3906354500405988528, 16.46671491501935947 ) ) ;
#704 = FACE_OUTER_BOUND ( 'NONE', #3845, .T. ) ;
#705 = DIRECTION ( 'NONE',  ( 0.000000000000000000, 0.000000000000000000, 1.000000000000000000 ) ) ;
#706 = B_SPLINE_CURVE_WITH_KNOTS ( 'NONE', 3,
 ( #123, #3121, #3957, #3592 ),
 .UNSPECIFIED., .F., .F.,
 ( 4, 4 ),
 ( 0.000000000000000000, 0.01009310431223092372 ),
 .UNSPECIFIED. ) ;
#707 = B_SPLINE_CURVE_WITH_KNOTS ( 'NONE', 3,
 ( #2827, #2080, #4363, #1248 ),
 .UNSPECIFIED., .F., .F.,
 ( 4, 4 ),
 ( 0.01279219597088425593, 0.01636792219193298342 ),
 .UNSPECIFIED. ) ;
#708 = EDGE_CURVE ( 'NONE', #3961, #3926, #2140, .T. ) ;
#709 = CYLINDRICAL_SURFACE ( 'NONE', #4391, 2.600000000000000089 ) ;
#710 = ORIENTED_EDGE ( 'NONE', *, *, #4234, .F. ) ;
#711 = CARTESIAN_POINT ( 'NONE',  ( -6.349999999999999645, -7.776507174585692163E-16, 3.960999999999999410 ) ) ;
#712 = CARTESIAN_POINT ( 'NONE',  ( -12.66589621921450792, -3.702383152918328424, 1.248170464189940265 ) ) ;
#713 = CARTESIAN_POINT ( 'NONE',  ( 9.065395666955250675, 0.4269708228985332754, 15.43278043931622712 ) ) ;
#714 = DIRECTION ( 'NONE',  ( -0.000000000000000000, -0.000000000000000000, -1.000000000000000000 ) ) ;
#715 = EDGE_LOOP ( 'NONE', ( #3508, #2052, #1494, #3531 ) ) ;
#716 = CARTESIAN_POINT ( 'NONE',  ( 11.20477579580094130, 4.724999999999615952, 16.06975191876192710 ) ) ;
#717 = EDGE_LOOP ( 'NONE', ( #3117, #2781, #4039, #1317 ) ) ;
#718 = CARTESIAN_POINT ( 'NONE',  ( 10.09369929314292236, 0.4999999999999997780, 3.960999999999999410 ) ) ;
#719 = CARTESIAN_POINT ( 'NONE',  ( -2.481641691568503560, -500000.0000000000582, 17.27546508961716398 ) ) ;
#720 = FACE_OUTER_BOUND ( 'NONE', #2895, .T. ) ;
#721 = CARTESIAN_POINT ( 'NONE',  ( 10.49275435226176079, 2.763153701807108842, 15.08963769562022428 ) ) ;
#722 = LINE ( 'NONE', #2153, #609 ) ;
#723 = CARTESIAN_POINT ( 'NONE',  ( -9.434740669813267644, -500000.0000000000582, 12.20000000000000284 ) ) ;
#724 = CARTESIAN_POINT ( 'NONE',  ( -2.249719507907421701E-15, 6.224999999999996092, 17.30438211459146203 ) ) ;
#725 = DIRECTION ( 'NONE',  ( -1.000000000000000000, 1.686362774724222865E-17, 0.000000000000000000 ) ) ;
#726 = LINE ( 'NONE', #2588, #4626 ) ;
#727 = CARTESIAN_POINT ( 'NONE',  ( -6.349999999999999645, -7.776507174585692163E-16, 18.90187766477306752 ) ) ;
#728 = ORIENTED_EDGE ( 'NONE', *, *, #3145, .F. ) ;
#729 = CARTESIAN_POINT ( 'NONE',  ( -7.961470219896429334, -3.219186811973940188, 9.159826742124954180 ) ) ;
#730 = CARTESIAN_POINT ( 'NONE',  ( -13.46166650105228157, -2.587495185208527282, 1.642820941021025050 ) ) ;
#731 = EDGE_CURVE ( 'NONE', #2737, #1859, #2037, .T. ) ;
#732 = EDGE_CURVE ( 'NONE', #3392, #442, #1746, .T. ) ;
#733 = EDGE_CURVE ( 'NONE', #3341, #64, #3224, .T. ) ;
#734 = CIRCLE ( 'NONE', #1897, 2.099999999999999645 ) ;
#735 = AXIS2_PLACEMENT_3D ( 'NONE', #202, #960, #3139 ) ;
#736 = CARTESIAN_POINT ( 'NONE',  ( 7.210905005585352967, -2.458852127743383686, 12.80887361946282432 ) ) ;
#737 = EDGE_LOOP ( 'NONE', ( #3550, #1566, #4044, #2093 ) ) ;
#738 = ADVANCED_FACE ( 'NONE', ( #4749 ), #336, .F. ) ;
#739 = DIRECTION ( 'NONE',  ( 1.000000000000000000, 0.000000000000000000, -2.656528198587550197E-15 ) ) ;
#740 = VECTOR ( 'NONE', #1675, 1000.000000000000000 ) ;
#741 = ORIENTED_EDGE ( 'NONE', *, *, #4481, .F. ) ;
#742 = CARTESIAN_POINT ( 'NONE',  ( 14.78104022995983868, -0.4999999999931363792, 3.255083369738982046 ) ) ;
#743 = VECTOR ( 'NONE', #2978, 999.9999999999998863 ) ;
#744 = LINE ( 'NONE', #2227, #1666 ) ;
#745 = LINE ( 'NONE', #2278, #3282 ) ;
#746 = CARTESIAN_POINT ( 'NONE',  ( 7.336466372970526173, -4.301492765362409543, 7.250674404006630880 ) ) ;
#747 = CARTESIAN_POINT ( 'NONE',  ( -14.85537749820108999, -0.1699462470412772819, 0.8889999999999947944 ) ) ;
#748 = CARTESIAN_POINT ( 'NONE',  ( 1.726823691431766061, 6.270647462114422588, 17.30899625531834829 ) ) ;
#749 = CARTESIAN_POINT ( 'NONE',  ( -12.55000000000000071, -6.224999999999994316, 0.6666666666666698493 ) ) ;
#750 = EDGE_CURVE ( 'NONE', #3528, #283, #1410, .T. ) ;
#751 = FACE_OUTER_BOUND ( 'NONE', #3197, .T. ) ;
#752 = CARTESIAN_POINT ( 'NONE',  ( -6.349999999999999645, -7.776507174585692163E-16, 5.460999999999999410 ) ) ;
#753 = CARTESIAN_POINT ( 'NONE',  ( 14.67543060060710047, -0.4999999999999956701, 0.8889999999999934621 ) ) ;
#754 = VERTEX_POINT ( 'NONE', #4773 ) ;
#755 = CARTESIAN_POINT ( 'NONE',  ( -4.421876213986405624, 6.264990212047379714, 17.22833401853794655 ) ) ;
#756 = CARTESIAN_POINT ( 'NONE',  ( -9.461371009666748932, -1.816066025677461671, 9.891866372400039964 ) ) ;
#757 = CARTESIAN_POINT ( 'NONE',  ( 6.529702998617681331, -2.600000000000001421, 12.67305944451340238 ) ) ;
#758 = VERTEX_POINT ( 'NONE', #1461 ) ;
#759 = CARTESIAN_POINT ( 'NONE',  ( -10.49275435226170927, 2.763153701806949414, 15.08963769562012658 ) ) ;
#760 = ORIENTED_EDGE ( 'NONE', *, *, #3511, .T. ) ;
#761 = VECTOR ( 'NONE', #815, 1000.000000000000000 ) ;
#762 = ORIENTED_EDGE ( 'NONE', *, *, #2249, .T. ) ;
#763 = ADVANCED_FACE ( 'NONE', ( #1829 ), #2189, .F. ) ;
#764 = LINE ( 'NONE', #1495, #1204 ) ;
#765 = CARTESIAN_POINT ( 'NONE',  ( -15.22015433779828264, 6.224999999999997868, 14.67091767739935015 ) ) ;
#766 = B_SPLINE_SURFACE_WITH_KNOTS ( 'NONE', 3, 3, ( 
 ( #2163, #2514, #3295, #4005, #1434, #2115, #3639, #259, #1066, #281, #3270, #308, #2938, #1487, #3089, #3396 ),
 ( #2641, #390, #362, #781, #1113, #4183, #1537, #2713, #1165, #436, #1138, #3043, #2266, #4498, #4207, #4875 ),
 ( #1925, #3808, #2614, #2292, #1513, #3785, #2666, #18, #4135, #4551, #3369, #802, #824, #3447, #43, #2238 ),
 ( #1184, #4595, #4231, #1879, #755, #3831, #2313, #2690, #71, #1851, #1559, #3065, #459, #94, #2995, #4569 ) ),
 .UNSPECIFIED., .F., .F., .F.,
 ( 4, 4 ),
 ( 4, 3, 3, 3, 3, 4 ),
 ( 0.000000000000000000, 0.2589027854508948456 ),
 ( 0.1344756844563858023, 0.5701753531157858212, 0.7880251874454858863, 0.8969501046103358632, 0.9514125631927609072, 1.005875021775185951 ),
 .UNSPECIFIED. ) ;
#767 = VECTOR ( 'NONE', #1493, 1000.000000000000000 ) ;
#768 = LINE ( 'NONE', #3772, #530 ) ;
#769 = CARTESIAN_POINT ( 'NONE',  ( -11.81560994341728232, -4.774731975991611144, 0.8356452222958259402 ) ) ;
#770 = AXIS2_PLACEMENT_3D ( 'NONE', #3529, #1130, #2725 ) ;
#771 = CARTESIAN_POINT ( 'NONE',  ( -9.909980447700561967, -0.5419213480783495740, 11.44986046079879927 ) ) ;
#772 = EDGE_LOOP ( 'NONE', ( #4657, #2334, #243, #3005 ) ) ;
#773 = DIRECTION ( 'NONE',  ( -0.000000000000000000, -0.000000000000000000, -1.000000000000000000 ) ) ;
#774 = CARTESIAN_POINT ( 'NONE',  ( -12.54999999999999183, -6.225000000000006750, -0.01445169771681164769 ) ) ;
#775 = DIRECTION ( 'NONE',  ( -1.000000000000000000, 2.292177280364758240E-16, 0.000000000000000000 ) ) ;
#776 = CARTESIAN_POINT ( 'NONE',  ( 14.00352058814510947, -4.377049377127510077, 0.1250000000000000833 ) ) ;
#777 = VERTEX_POINT ( 'NONE', #2571 ) ;
#778 = ADVANCED_FACE ( 'NONE', ( #3710 ), #4801, .T. ) ;
#779 = CARTESIAN_POINT ( 'NONE',  ( -0.9178932188134525383, 4.725000000000001421, 500000.0000000000582 ) ) ;
#780 = ORIENTED_EDGE ( 'NONE', *, *, #4481, .T. ) ;
#781 = CARTESIAN_POINT ( 'NONE',  ( -4.912289071684637243, 3.568927744013872694, 16.02206204159707070 ) ) ;
#782 = DIRECTION ( 'NONE',  ( 1.000000000000000000, 0.000000000000000000, -0.000000000000000000 ) ) ;
#783 = LINE ( 'NONE', #1490, #3558 ) ;
#784 = ORIENTED_EDGE ( 'NONE', *, *, #4686, .T. ) ;
#785 = CARTESIAN_POINT ( 'NONE',  ( -6.503126245117956117, -3.599999999999883737, 8.528785638085881970 ) ) ;
#786 = ORIENTED_EDGE ( 'NONE', *, *, #582, .T. ) ;
#787 = FACE_OUTER_BOUND ( 'NONE', #737, .T. ) ;
#788 = CARTESIAN_POINT ( 'NONE',  ( -6.349999999999999645, -7.776507174585692163E-16, 3.960999999999999410 ) ) ;
#789 = CYLINDRICAL_SURFACE ( 'NONE', #3449, 3.125000000000000888 ) ;
#790 = EDGE_CURVE ( 'NONE', #4431, #2450, #3932, .T. ) ;
#791 = EDGE_CURVE ( 'NONE', #3555, #103, #3319, .T. ) ;
#792 = EDGE_CURVE ( 'NONE', #4710, #777, #4476, .T. ) ;
#793 = CARTESIAN_POINT ( 'NONE',  ( -9.434740669813267644, -500000.0000000000582, 13.19999999999999929 ) ) ;
#794 = ORIENTED_EDGE ( 'NONE', *, *, #4715, .F. ) ;
#795 = CARTESIAN_POINT ( 'NONE',  ( 7.154323203978671723E-16, 0.3237212969643757376, 16.85155136642932661 ) ) ;
#796 = CARTESIAN_POINT ( 'NONE',  ( -15.28824112317045625, -2.424026081994845150, 0.1249999999999999722 ) ) ;
#797 = CARTESIAN_POINT ( 'NONE',  ( 18.89999999999999858, 6.224999999999999645, 0.1250000000000001110 ) ) ;
#798 = ORIENTED_EDGE ( 'NONE', *, *, #968, .F. ) ;
#799 = AXIS2_PLACEMENT_3D ( 'NONE', #3373, #416, #1169 ) ;
#800 = CARTESIAN_POINT ( 'NONE',  ( 18.89999999999999503, 6.224999999999987210, 6.372367644529809108E-55 ) ) ;
#801 = ORIENTED_EDGE ( 'NONE', *, *, #993, .F. ) ;
#802 = CARTESIAN_POINT ( 'NONE',  ( -0.7992705204875001357, 4.877476219721195605, 16.79765760733592828 ) ) ;
#803 = CARTESIAN_POINT ( 'NONE',  ( -2.405590510861158049E-13, 2.388999999999999790, 15.30970072158185502 ) ) ;
#804 = PERSON_AND_ORGANIZATION_ROLE ( 'classification_officer' ) ;
#805 = CARTESIAN_POINT ( 'NONE',  ( -6.349999999999999645, 5.460999999999999410, 12.70000000000000107 ) ) ;
#806 = ORIENTED_EDGE ( 'NONE', *, *, #2411, .F. ) ;
#807 = VECTOR ( 'NONE', #4322, 1000.000000000000000 ) ;
#808 = LINE ( 'NONE', #4655, #1937 ) ;
#809 = EDGE_CURVE ( 'NONE', #882, #4710, #1094, .T. ) ;
#810 = ORIENTED_EDGE ( 'NONE', *, *, #639, .F. ) ;
#811 = CIRCLE ( 'NONE', #3574, 3.125000000000000888 ) ;
#812 = CARTESIAN_POINT ( 'NONE',  ( -9.485382751754560360, 0.5000000000000006661, 0.8890000000000000124 ) ) ;
#813 = CARTESIAN_POINT ( 'NONE',  ( -12.55000000000000782, -6.224999999999988987, 1.000000000000004885 ) ) ;
#814 = VECTOR ( 'NONE', #4683, 1000.000000000000000 ) ;
#815 = DIRECTION ( 'NONE',  ( 0.000000000000000000, 1.000000000000000000, 0.000000000000000000 ) ) ;
#816 = EDGE_LOOP ( 'NONE', ( #2567, #2349, #4377, #3816 ) ) ;
#817 = LINE ( 'NONE', #1527, #3720 ) ;
#818 = VERTEX_POINT ( 'NONE', #4428 ) ;
#819 = CARTESIAN_POINT ( 'NONE',  ( 7.205996882683219695, 0.3683307323485259244, 16.77416561240788084 ) ) ;
#820 = CARTESIAN_POINT ( 'NONE',  ( 0.4999999999999997780, 5.460999999999999410, 6.142893218813454403 ) ) ;
#821 = CARTESIAN_POINT ( 'NONE',  ( 12.54999999999999183, -6.225000000000006750, -0.03413340212123222583 ) ) ;
#822 = ADVANCED_FACE ( 'NONE', ( #3737 ), #3663, .T. ) ;
#823 = ORIENTED_EDGE ( 'NONE', *, *, #3297, .T. ) ;
#824 = CARTESIAN_POINT ( 'NONE',  ( -0.5831428819609828507, 4.877479941756384996, 16.79820062469544695 ) ) ;
#825 = LINE ( 'NONE', #2314, #3191 ) ;
#826 = PLANE ( 'NONE',  #1861 ) ;
#827 = PERSON_AND_ORGANIZATION ( #2744, #3444 ) ;
#828 = CARTESIAN_POINT ( 'NONE',  ( 3.214617248245438041, 0.5000000000000000000, 500000.0000000000582 ) ) ;
#829 = EDGE_LOOP ( 'NONE', ( #540, #4800, #3378 ) ) ;
#830 = CIRCLE ( 'NONE', #1454, 2.099999999999999645 ) ;
#831 = PLANE ( 'NONE',  #214 ) ;
#832 = VERTEX_POINT ( 'NONE', #1018 ) ;
#833 = ADVANCED_FACE ( 'NONE', ( #1779 ), #1359, .T. ) ;
#834 = LINE ( 'NONE', #3865, #40 ) ;
#835 = ORIENTED_EDGE ( 'NONE', *, *, #448, .T. ) ;
#836 = DIRECTION ( 'NONE',  ( 0.000000000000000000, 0.000000000000000000, 1.000000000000000000 ) ) ;
#837 = VERTEX_POINT ( 'NONE', #4378 ) ;
#838 = DIRECTION ( 'NONE',  ( -0.000000000000000000, -0.000000000000000000, -1.000000000000000000 ) ) ;
#839 = AXIS2_PLACEMENT_3D ( 'NONE', #4219, #2730, #4320 ) ;
#840 = CARTESIAN_POINT ( 'NONE',  ( -10.97642281149740739, 4.051027329573722469, 15.78633594997838685 ) ) ;
#841 = LINE ( 'NONE', #4542, #4142 ) ;
#842 = VECTOR ( 'NONE', #3201, 1000.000000000000000 ) ;
#843 = VECTOR ( 'NONE', #3502, 1000.000000000000000 ) ;
#844 = FACE_OUTER_BOUND ( 'NONE', #3561, .T. ) ;
#845 = ORIENTED_EDGE ( 'NONE', *, *, #809, .F. ) ;
#846 = CARTESIAN_POINT ( 'NONE',  ( -7.917344631229854990, -4.757080968863911075, 5.059210401378384070 ) ) ;
#847 = CARTESIAN_POINT ( 'NONE',  ( -4.458399130178716696, -3.212697846144389136, 9.276549436672464566 ) ) ;
#848 = CARTESIAN_POINT ( 'NONE',  ( 0.000000000000000000, 2.389000000000000234, 7.057106781186559985 ) ) ;
#849 = FACE_BOUND ( 'NONE', #4793, .T. ) ;
#850 = ORIENTED_EDGE ( 'NONE', *, *, #600, .T. ) ;
#851 = LINE ( 'NONE', #441, #843 ) ;
#852 = ORIENTED_EDGE ( 'NONE', *, *, #1263, .F. ) ;
#853 = VERTEX_POINT ( 'NONE', #683 ) ;
#854 = CARTESIAN_POINT ( 'NONE',  ( -4.522312344766380221, -500000.0000000000582, 10.16520556357983196 ) ) ;
#855 = CARTESIAN_POINT ( 'NONE',  ( -9.485382751754560360, 0.5000000000000006661, 3.960999999999999410 ) ) ;
#856 = VERTEX_POINT ( 'NONE', #2492 ) ;
#857 = B_SPLINE_CURVE_WITH_KNOTS ( 'NONE', 3,
 ( #4350, #2838, #1308, #1996 ),
 .UNSPECIFIED., .F., .F.,
 ( 4, 4 ),
 ( 0.000000000000000000, 0.003904604970901674049 ),
 .UNSPECIFIED. ) ;
#858 = PLANE ( 'NONE',  #1773 ) ;
#859 = EDGE_LOOP ( 'NONE', ( #635, #2033, #728, #156, #3017, #4754 ) ) ;
#860 = B_SPLINE_CURVE_WITH_KNOTS ( 'NONE', 3,
 ( #4270, #1938, #1196, #3916, #908, #551, #1987 ),
 .UNSPECIFIED., .F., .F.,
 ( 4, 3, 4 ),
 ( 0.000000000000000000, 0.003581370742967588013, 0.004830642618625099506 ),
 .UNSPECIFIED. ) ;
#861 = LINE ( 'NONE', #1990, #2686 ) ;
#862 = CARTESIAN_POINT ( 'NONE',  ( -18.89999999999999858, 6.224999999999999645, 0.000000000000000000 ) ) ;
#863 = CARTESIAN_POINT ( 'NONE',  ( 15.66620706184638756, 1.417953160183105243, 0.06268911264658230675 ) ) ;
#864 = CARTESIAN_POINT ( 'NONE',  ( 12.54999999999999183, -6.225000000000006750, -0.01706670106061611292 ) ) ;
#865 = ORIENTED_EDGE ( 'NONE', *, *, #1352, .F. ) ;
#866 = CARTESIAN_POINT ( 'NONE',  ( -14.28594098064702322, 0.1159747726199176071, 5.164866723098459289 ) ) ;
#867 = ADVANCED_FACE ( 'NONE', ( #1803 ), #766, .F. ) ;
#868 = DIRECTION ( 'NONE',  ( 0.000000000000000000, 0.000000000000000000, -1.000000000000000000 ) ) ;
#869 = B_SPLINE_CURVE_WITH_KNOTS ( 'NONE', 3,
 ( #47, #757, #4877, #1905, #736, #1539, #3069, #3047, #2271, #4501, #2619, #3453, #1951, #99, #4138, #1858 ),
 .UNSPECIFIED., .F., .F.,
 ( 4, 2, 2, 2, 2, 2, 2, 4 ),
 ( 1.788112030672749005E-18, 0.0005295586810903995341, 0.001059117362180797333, 0.001588676043271195241, 0.002118234724361594667, 0.002647793405451994309, 0.003177352086542394385, 0.004236469448723193670 ),
 .UNSPECIFIED. ) ;
#870 = VECTOR ( 'NONE', #287, 1000.000000000000114 ) ;
#871 = FACE_BOUND ( 'NONE', #1729, .T. ) ;
#872 = APPROVAL_STATUS ( 'not_yet_approved' ) ;
#873 = FACE_OUTER_BOUND ( 'NONE', #4206, .T. ) ;
#874 = ORIENTED_EDGE ( 'NONE', *, *, #4325, .T. ) ;
#875 = ADVANCED_FACE ( 'NONE', ( #1948 ), #1855, .T. ) ;
#876 = LINE ( 'NONE', #4654, #2969 ) ;
#877 = CARTESIAN_POINT ( 'NONE',  ( -2.042893218813453871, -3.600000000000000977, 500000.0000000000582 ) ) ;
#878 = ORIENTED_EDGE ( 'NONE', *, *, #448, .F. ) ;
#879 = VECTOR ( 'NONE', #3798, 1000.000000000000000 ) ;
#880 = CARTESIAN_POINT ( 'NONE',  ( 1.183946627710490640, 3.565802255264783671, 16.11214611495836735 ) ) ;
#881 = CARTESIAN_POINT ( 'NONE',  ( 6.349999999999999645, 0.000000000000000000, 0.8890000000000000124 ) ) ;
#882 = VERTEX_POINT ( 'NONE', #2438 ) ;
#883 = EDGE_CURVE ( 'NONE', #3918, #3348, #3897, .T. ) ;
#884 = VERTEX_POINT ( 'NONE', #894 ) ;
#885 = CARTESIAN_POINT ( 'NONE',  ( 3.779396204025739614, 1.863497014787716122, 0.8890000000000000124 ) ) ;
#886 = EDGE_LOOP ( 'NONE', ( #3941, #3405, #1390, #613, #3662, #4609 ) ) ;
#887 = AXIS2_PLACEMENT_3D ( 'NONE', #1384, #2544, #2886 ) ;
#888 = CYLINDRICAL_SURFACE ( 'NONE', #1822, 3.125000000000000888 ) ;
#889 = FACE_OUTER_BOUND ( 'NONE', #593, .T. ) ;
#890 = CARTESIAN_POINT ( 'NONE',  ( 3.815205563579829207, 5.460999999999999410, 10.87231234476637987 ) ) ;
#891 = DIRECTION ( 'NONE',  ( -0.1736481776669270283, 0.9848077530122086864, -0.000000000000000000 ) ) ;
#892 = CARTESIAN_POINT ( 'NONE',  ( 0.4999999999999997780, 5.461000000000000298, 6.142893218813454403 ) ) ;
#893 = EDGE_CURVE ( 'NONE', #1753, #1287, #3930, .T. ) ;
#894 = CARTESIAN_POINT ( 'NONE',  ( 6.349999999999999645, -3.599999999999995648, 8.532475483752701706 ) ) ;
#895 = DIRECTION ( 'NONE',  ( 1.000000000000000000, 0.000000000000000000, -0.000000000000000000 ) ) ;
#896 = LINE ( 'NONE', #2390, #2648 ) ;
#897 = DIRECTION ( 'NONE',  ( -1.000000000000000000, 0.000000000000000000, 0.000000000000000000 ) ) ;
#898 = ORIENTED_EDGE ( 'NONE', *, *, #3806, .F. ) ;
#899 = DIRECTION ( 'NONE',  ( 0.000000000000000000, 0.000000000000000000, 1.000000000000000000 ) ) ;
#900 = CARTESIAN_POINT ( 'NONE',  ( -14.78104022996068423, -0.4999999999916129312, 3.255083369739770749 ) ) ;
#901 = ORIENTED_EDGE ( 'NONE', *, *, #3261, .T. ) ;
#902 = ORIENTED_EDGE ( 'NONE', *, *, #2678, .F. ) ;
#903 = CARTESIAN_POINT ( 'NONE',  ( 10.28271326636807714, 4.868778429090718340, 16.29900454139152188 ) ) ;
#904 = CARTESIAN_POINT ( 'NONE',  ( -12.19617179502412796, 1.431441093995022174, 11.10835483925446177 ) ) ;
#905 = EDGE_LOOP ( 'NONE', ( #4519, #3391, #2301, #2472, #447, #197, #2843, #991, #569, #3102, #2364, #2946, #4661, #381, #1409, #4497, #3304, #2520, #2069, #4316, #4844, #760, #1689, #4144, #4385, #1112, #3596, #3122, #4337, #3269, #4089, #2272 ) ) ;
#906 = AXIS2_PLACEMENT_3D ( 'NONE', #233, #206, #895 ) ;
#907 = EDGE_LOOP ( 'NONE', ( #710, #1281, #4582, #4638, #1, #1342, #4004, #412, #4782, #700 ) ) ;
#908 = CARTESIAN_POINT ( 'NONE',  ( -3.164954432086073854, -4.725000000000012967, 5.979363349828958896 ) ) ;
#909 = VERTEX_POINT ( 'NONE', #4330 ) ;
#910 = EDGE_CURVE ( 'NONE', #2891, #884, #3757, .T. ) ;
#911 = LINE ( 'NONE', #3946, #4275 ) ;
#912 = DIRECTION ( 'NONE',  ( -0.000000000000000000, -0.000000000000000000, -1.000000000000000000 ) ) ;
#913 = CARTESIAN_POINT ( 'NONE',  ( 3.457106781186551014, -3.600000000000000977, 500000.0000000000582 ) ) ;
#914 = B_SPLINE_CURVE_WITH_KNOTS ( 'NONE', 3,
 ( #988, #1775, #2936, #3783, #2160, #4451 ),
 .UNSPECIFIED., .F., .F.,
 ( 4, 2, 4 ),
 ( 0.01332116160091551330, 0.01472680248490589906, 0.01613244336889628483 ),
 .UNSPECIFIED. ) ;
#915 = CIRCLE ( 'NONE', #4463, 3.125000000000000888 ) ;
#916 = LINE ( 'NONE', #230, #3919 ) ;
#917 = DIRECTION ( 'NONE',  ( 0.7071067811865476838, -0.7071067811865474617, 0.000000000000000000 ) ) ;
#918 = ORIENTED_EDGE ( 'NONE', *, *, #1542, .F. ) ;
#919 = CARTESIAN_POINT ( 'NONE',  ( -12.35005188635537898, -1.822896376677114905, 5.372528532115052435 ) ) ;
#920 = CARTESIAN_POINT ( 'NONE',  ( 6.349999999999999645, 5.460999999999999410, 12.69999999999999929 ) ) ;
#921 = CIRCLE ( 'NONE', #2088, 3.125000000000000888 ) ;
#922 = PRODUCT_RELATED_PRODUCT_CATEGORY ( 'detail', '', ( #2200 ) ) ;
#923 = VECTOR ( 'NONE', #3896, 1000.000000000000000 ) ;
#924 = DIRECTION ( 'NONE',  ( 0.000000000000000000, 0.000000000000000000, -1.000000000000000000 ) ) ;
#925 = VECTOR ( 'NONE', #891, 1000.000000000000000 ) ;
#926 = CARTESIAN_POINT ( 'NONE',  ( 8.439156965713682013, 2.389000000000000234, 15.02401552761809356 ) ) ;
#927 = VERTEX_POINT ( 'NONE', #483 ) ;
#928 = DIRECTION ( 'NONE',  ( 0.000000000000000000, 0.000000000000000000, -1.000000000000000000 ) ) ;
#929 = VECTOR ( 'NONE', #2812, 1000.000000000000000 ) ;
#930 = VERTEX_POINT ( 'NONE', #4697 ) ;
#931 = CARTESIAN_POINT ( 'NONE',  ( -0.9178932188134373282, -4.725000000000019185, 0.8890000000000000124 ) ) ;
#932 = DIRECTION ( 'NONE',  ( 0.000000000000000000, 0.000000000000000000, 1.000000000000000000 ) ) ;
#933 = EDGE_LOOP ( 'NONE', ( #1692, #4564, #2470, #3660 ) ) ;
#934 = VERTEX_POINT ( 'NONE', #2814 ) ;
#935 = PLANE ( 'NONE',  #3603 ) ;
#936 = B_SPLINE_CURVE_WITH_KNOTS ( 'NONE', 3,
 ( #4646, #1680, #506, #2813 ),
 .UNSPECIFIED., .F., .F.,
 ( 4, 4 ),
 ( 0.000000000000000000, 0.8750000000000007772 ),
 .UNSPECIFIED. ) ;
#937 = CARTESIAN_POINT ( 'NONE',  ( 15.16139489151178132, 0.4999999999999988343, 500000.0000000000582 ) ) ;
#938 = EDGE_CURVE ( 'NONE', #2201, #4030, #3589, .T. ) ;
#939 = CARTESIAN_POINT ( 'NONE',  ( -9.485382751754560360, 0.5000000000000006661, 500000.0000000000582 ) ) ;
#940 = EDGE_CURVE ( 'NONE', #2922, #1642, #1606, .T. ) ;
#941 = CARTESIAN_POINT ( 'NONE',  ( 14.44586590982890151, -1.049429100339787313, 2.154593816212023061 ) ) ;
#942 = CARTESIAN_POINT ( 'NONE',  ( 2.613284561225126534, -3.217776008027199541, 9.284725824673980554 ) ) ;
#943 = CARTESIAN_POINT ( 'NONE',  ( -0.5000000000000004441, 0.8890000000000000124, 7.238999999999999879 ) ) ;
#944 = EDGE_CURVE ( 'NONE', #4413, #2722, #3695, .T. ) ;
#945 = CARTESIAN_POINT ( 'NONE',  ( -8.579965636155813868, -3.650523335941451286, 7.348176050737507126 ) ) ;
#946 = DIRECTION ( 'NONE',  ( -0.000000000000000000, -1.000000000000000000, -0.000000000000000000 ) ) ;
#947 = CARTESIAN_POINT ( 'NONE',  ( 10.97642281149741450, 4.051027329573769542, 15.78633594997840284 ) ) ;
#948 = CARTESIAN_POINT ( 'NONE',  ( 16.97046814186071373, 4.725000000000006750, 5.815392029797282092 ) ) ;
#949 = ORIENTED_EDGE ( 'NONE', *, *, #529, .F. ) ;
#950 = CARTESIAN_POINT ( 'NONE',  ( -7.518042543294434665, -2.328745433124546071, 12.94319296562215271 ) ) ;
#951 = VERTEX_POINT ( 'NONE', #3633 ) ;
#952 = LINE ( 'NONE', #2800, #4082 ) ;
#953 = FACE_OUTER_BOUND ( 'NONE', #715, .T. ) ;
#954 = ORIENTED_EDGE ( 'NONE', *, *, #1177, .T. ) ;
#955 = ORIENTED_EDGE ( 'NONE', *, *, #4838, .T. ) ;
#956 = EDGE_CURVE ( 'NONE', #4531, #1590, #985, .T. ) ;
#957 = LINE ( 'NONE', #2058, #3993 ) ;
#958 = FACE_OUTER_BOUND ( 'NONE', #4879, .T. ) ;
#959 = DIRECTION ( 'NONE',  ( -0.7071067811865479058, 0.7071067811865472397, 0.000000000000000000 ) ) ;
#960 = DIRECTION ( 'NONE',  ( 0.000000000000000000, -1.000000000000000000, 0.000000000000000000 ) ) ;
#961 = ORIENTED_EDGE ( 'NONE', *, *, #2741, .T. ) ;
#962 = CARTESIAN_POINT ( 'NONE',  ( 0.4999999999999997780, 5.460999999999999410, 5.460999999999999410 ) ) ;
#963 = LINE ( 'NONE', #2357, #4235 ) ;
#964 = VECTOR ( 'NONE', #1131, 1000.000000000000000 ) ;
#965 = B_SPLINE_CURVE_WITH_KNOTS ( 'NONE', 3,
 ( #3829, #2664, #4253, #41 ),
 .UNSPECIFIED., .F., .F.,
 ( 4, 4 ),
 ( 0.0008716274515949806300, 0.003931903360046653563 ),
 .UNSPECIFIED. ) ;
#966 = CARTESIAN_POINT ( 'NONE',  ( -8.295455013761955598, -2.333071533241207529, 10.72311262849342128 ) ) ;
#967 = CARTESIAN_POINT ( 'NONE',  ( -14.63548530951985072, -0.4999999999923063765, 3.523505741499551647 ) ) ;
#968 = EDGE_CURVE ( 'NONE', #1188, #54, #1688, .T. ) ;
#969 = LINE ( 'NONE', #2113, #1313 ) ;
#970 = VERTEX_POINT ( 'NONE', #2458 ) ;
#971 = CARTESIAN_POINT ( 'NONE',  ( -3.779396204025740502, -1.863497014787715234, 500000.0000000000582 ) ) ;
#972 = B_SPLINE_CURVE_WITH_KNOTS ( 'NONE', 3,
 ( #179, #1671, #3464, #3108 ),
 .UNSPECIFIED., .F., .F.,
 ( 4, 4 ),
 ( 0.5911325693627078603, 1.000000000000000000 ),
 .UNSPECIFIED. ) ;
#973 = VERTEX_POINT ( 'NONE', #1427 ) ;
#974 = CARTESIAN_POINT ( 'NONE',  ( -0.06109369751561901513, 3.564081524034423243, 16.11153291388542286 ) ) ;
#975 = PLANE ( 'NONE',  #4674 ) ;
#976 = ORIENTED_EDGE ( 'NONE', *, *, #4140, .F. ) ;
#977 = ORIENTED_EDGE ( 'NONE', *, *, #3419, .F. ) ;
#978 = DIRECTION ( 'NONE',  ( -0.9848077530122072432, 0.1736481776669352162, 0.000000000000000000 ) ) ;
#979 = CC_DESIGN_PERSON_AND_ORGANIZATION_ASSIGNMENT ( #74, #3836, ( #4776 ) ) ;
#980 = DIRECTION ( 'NONE',  ( 0.000000000000000000, 0.000000000000000000, 1.000000000000000000 ) ) ;
#981 = CARTESIAN_POINT ( 'NONE',  ( -3.978983400028223915E-17, 6.224999999999997868, 18.90000000000000213 ) ) ;
#982 = CARTESIAN_POINT ( 'NONE',  ( 10.37913445029538018, -2.070247666855956403, 8.080823712202912290 ) ) ;
#983 = CARTESIAN_POINT ( 'NONE',  ( -10.09369929314323500, 0.5000000000018405277, 3.960999999999999410 ) ) ;
#984 = CARTESIAN_POINT ( 'NONE',  ( -0.5000000000000004441, -2.599999999999999645, 5.460999999999999410 ) ) ;
#985 = LINE ( 'NONE', #2932, #4589 ) ;
#986 = CARTESIAN_POINT ( 'NONE',  ( -9.621698331873503207, 3.581920012654371988, 15.71538266055640420 ) ) ;
#987 = LINE ( 'NONE', #2486, #1472 ) ;
#988 = CARTESIAN_POINT ( 'NONE',  ( 5.032991422037431592E-13, -3.599999999988045651, 8.598721127944994436 ) ) ;
#989 = ORIENTED_EDGE ( 'NONE', *, *, #3469, .F. ) ;
#990 = AXIS2_PLACEMENT_3D ( 'NONE', #542, #1981, #3526 ) ;
#991 = ORIENTED_EDGE ( 'NONE', *, *, #2308, .T. ) ;
#992 = DIRECTION ( 'NONE',  ( -0.000000000000000000, -0.000000000000000000, -1.000000000000000000 ) ) ;
#993 = EDGE_CURVE ( 'NONE', #1402, #4230, #116, .T. ) ;
#994 = EDGE_CURVE ( 'NONE', #2722, #2423, #811, .T. ) ;
#995 = EDGE_CURVE ( 'NONE', #1394, #2719, #3337, .T. ) ;
#996 = AXIS2_PLACEMENT_3D ( 'NONE', #1703, #1306, #4719 ) ;
#997 = CIRCLE ( 'NONE', #296, 3.124999999999999112 ) ;
#998 = ORIENTED_EDGE ( 'NONE', *, *, #1085, .F. ) ;
#999 = DIRECTION ( 'NONE',  ( 0.000000000000000000, 0.000000000000000000, 1.000000000000000000 ) ) ;
#1000 = DIRECTION ( 'NONE',  ( -0.7071067811865476838, -0.000000000000000000, -0.7071067811865473507 ) ) ;
#1001 = EDGE_LOOP ( 'NONE', ( #3064, #1697, #198, #27, #215, #4407, #1660 ) ) ;
#1002 = EDGE_LOOP ( 'NONE', ( #2728, #2746, #4562, #3669 ) ) ;
#1003 = DIRECTION ( 'NONE',  ( -1.000000000000000000, -2.304030073497693120E-17, 0.000000000000000000 ) ) ;
#1004 = ORIENTED_EDGE ( 'NONE', *, *, #790, .F. ) ;
#1005 = DIRECTION ( 'NONE',  ( -0.9848077530122086864, -0.1736481776669273336, 0.000000000000000000 ) ) ;
#1006 = CARTESIAN_POINT ( 'NONE',  ( -4.239327648498620427, 6.224999999999999645, 18.89999999999999858 ) ) ;
#1007 = CARTESIAN_POINT ( 'NONE',  ( 13.93823627577865665, -1.811478829676154367, 0.9868955496369135050 ) ) ;
#1008 = VERTEX_POINT ( 'NONE', #4448 ) ;
#1009 = DIRECTION ( 'NONE',  ( -0.000000000000000000, -0.000000000000000000, -1.000000000000000000 ) ) ;
#1010 = DIRECTION ( 'NONE',  ( 0.000000000000000000, 0.000000000000000000, 1.000000000000000000 ) ) ;
#1011 = CARTESIAN_POINT ( 'NONE',  ( -17.71884727683445249, 1.661101207339200636, -0.2168030950032700799 ) ) ;
#1012 = EDGE_CURVE ( 'NONE', #2319, #371, #3613, .T. ) ;
#1013 = CARTESIAN_POINT ( 'NONE',  ( -16.30892843190379082, 3.029789333955043240, 0.1250000000000111855 ) ) ;
#1014 = LINE ( 'NONE', #2135, #535 ) ;
#1015 = LINE ( 'NONE', #2839, #3996 ) ;
#1016 = EDGE_CURVE ( 'NONE', #1100, #4693, #2085, .T. ) ;
#1017 = ORIENTED_EDGE ( 'NONE', *, *, #2396, .T. ) ;
#1018 = CARTESIAN_POINT ( 'NONE',  ( 4.486502985212288408, -2.570603795974264028, 3.960999999999999410 ) ) ;
#1019 = CARTESIAN_POINT ( 'NONE',  ( -14.44606225221697926, -1.049549347218538431, 2.160088264455913176 ) ) ;
#1020 = ORIENTED_EDGE ( 'NONE', *, *, #134, .F. ) ;
#1021 = VECTOR ( 'NONE', #3546, 1000.000000000000000 ) ;
#1022 = CARTESIAN_POINT ( 'NONE',  ( 9.485382751754562136, 0.5000000000000001110, 0.8890000000000000124 ) ) ;
#1023 = CARTESIAN_POINT ( 'NONE',  ( 3.214617248245438041, -0.5000000000000002220, 0.8890000000000000124 ) ) ;
#1024 = VERTEX_POINT ( 'NONE', #303 ) ;
#1025 = CARTESIAN_POINT ( 'NONE',  ( 16.97046814186071373, 4.725000000000006750, 5.815392029797282092 ) ) ;
#1026 = EDGE_LOOP ( 'NONE', ( #48, #3467, #4660, #3929 ) ) ;
#1027 = ADVANCED_FACE ( 'NONE', ( #1060 ), #331, .F. ) ;
#1028 = CARTESIAN_POINT ( 'NONE',  ( 6.349999999999999645, 5.460999999999999410, 12.69999999999999929 ) ) ;
#1029 = LINE ( 'NONE', #318, #1543 ) ;
#1030 = CARTESIAN_POINT ( 'NONE',  ( 13.49221403799070274, -2.602115287508817598, 2.421612068634965365 ) ) ;
#1031 = DIRECTION ( 'NONE',  ( -0.7071067811865475727, -0.7071067811865475727, 0.000000000000000000 ) ) ;
#1032 = ORIENTED_EDGE ( 'NONE', *, *, #1631, .F. ) ;
#1033 = CARTESIAN_POINT ( 'NONE',  ( -4.239327648498620427, 6.224999999999999645, 18.89999999999999858 ) ) ;
#1034 = CARTESIAN_POINT ( 'NONE',  ( -8.142911213224181211, -3.208230805503706762, 9.171467260395829157 ) ) ;
#1035 = DIRECTION ( 'NONE',  ( 0.000000000000000000, 0.000000000000000000, 1.000000000000000000 ) ) ;
#1036 = AXIS2_PLACEMENT_3D ( 'NONE', #226, #1674, #2408 ) ;
#1037 = CARTESIAN_POINT ( 'NONE',  ( -10.49275435226170927, 2.763153701806949414, 15.08963769562012658 ) ) ;
#1038 = CARTESIAN_POINT ( 'NONE',  ( -13.90648386741398035, -1.790124979381751968, 0.1250000000000043299 ) ) ;
#1039 = LINE ( 'NONE', #4744, #2644 ) ;
#1040 = DIRECTION ( 'NONE',  ( 0.000000000000000000, 0.000000000000000000, -1.000000000000000000 ) ) ;
#1041 = AXIS2_PLACEMENT_3D ( 'NONE', #4659, #518, #567 ) ;
#1042 = ORIENTED_EDGE ( 'NONE', *, *, #4494, .F. ) ;
#1043 = DIRECTION ( 'NONE',  ( 1.000000000000000000, 0.000000000000000000, 0.000000000000000000 ) ) ;
#1044 = B_SPLINE_CURVE_WITH_KNOTS ( 'NONE', 3,
 ( #2001, #1977, #2796, #2392 ),
 .UNSPECIFIED., .F., .F.,
 ( 4, 4 ),
 ( 0.000000000000000000, 0.006943683031488209582 ),
 .UNSPECIFIED. ) ;
#1045 = CARTESIAN_POINT ( 'NONE',  ( -15.78130318754510419, 1.331682678721703983, 4.350206483628607401 ) ) ;
#1046 = PERSON_AND_ORGANIZATION_ROLE ( 'design_owner' ) ;
#1047 = DIRECTION ( 'NONE',  ( 1.000000000000000000, 0.000000000000000000, 0.000000000000000000 ) ) ;
#1048 = ORIENTED_EDGE ( 'NONE', *, *, #69, .T. ) ;
#1049 = CARTESIAN_POINT ( 'NONE',  ( -4.486502985212286632, -2.570603795974262251, 0.8890000000000000124 ) ) ;
#1050 = ORIENTED_EDGE ( 'NONE', *, *, #4125, .F. ) ;
#1051 = PLANE ( 'NONE',  #2527 ) ;
#1052 = CARTESIAN_POINT ( 'NONE',  ( -1.513869950521766698E-15, -6.225000000000004974, 6.224999999999988098 ) ) ;
#1053 = CARTESIAN_POINT ( 'NONE',  ( 11.83682540886309909, -1.084324919815920607, 7.505950146415981905 ) ) ;
#1054 = ADVANCED_FACE ( 'NONE', ( #3729 ), #1734, .F. ) ;
#1055 = EDGE_CURVE ( 'NONE', #3454, #1580, #383, .T. ) ;
#1056 = CARTESIAN_POINT ( 'NONE',  ( -8.741659735922551633, -4.725000000000020961, 4.278816963771998161 ) ) ;
#1057 = VERTEX_POINT ( 'NONE', #1159 ) ;
#1058 = CARTESIAN_POINT ( 'NONE',  ( 6.349999999999999645, 5.460999999999999410, 12.69999999999999929 ) ) ;
#1059 = CARTESIAN_POINT ( 'NONE',  ( -6.737201291372564960, 6.224999999999996980, 17.13822957364176247 ) ) ;
#1060 = FACE_OUTER_BOUND ( 'NONE', #3222, .T. ) ;
#1061 = CARTESIAN_POINT ( 'NONE',  ( -9.434740669813267644, -500000.0000000000582, 12.20000000000000284 ) ) ;
#1062 = DIRECTION ( 'NONE',  ( 0.000000000000000000, -0.000000000000000000, 1.000000000000000000 ) ) ;
#1063 = EDGE_LOOP ( 'NONE', ( #153, #1074, #4620, #3965 ) ) ;
#1064 = CARTESIAN_POINT ( 'NONE',  ( -0.6113298926982466686, -4.730576554249682708, 5.964759650129553670 ) ) ;
#1065 = EDGE_LOOP ( 'NONE', ( #1893, #3204, #3784, #4750 ) ) ;
#1066 = CARTESIAN_POINT ( 'NONE',  ( -1.533146688193842699, 2.358847002002428361, 15.28861462416455907 ) ) ;
#1067 = CARTESIAN_POINT ( 'NONE',  ( -13.93860658387545648, -1.811687286834544608, 0.9966068497302242868 ) ) ;
#1068 = B_SPLINE_SURFACE_WITH_KNOTS ( 'NONE', 3, 3, ( 
 ( #4615, #4323, #2381, #2706 ),
 ( #572, #503, #4224, #4643 ),
 ( #840, #2331, #2353, #1991 ),
 ( #2758, #3515, #4273, #2853 ) ),
 .UNSPECIFIED., .F., .F., .F.,
 ( 4, 4 ),
 ( 4, 4 ),
 ( 0.000000000000000000, 0.1349675952999229711 ),
 ( 0.05134879734767463372, 0.08282999959730641404 ),
 .UNSPECIFIED. ) ;
#1069 = VECTOR ( 'NONE', #959, 999.9999999999998863 ) ;
#1070 = DIRECTION ( 'NONE',  ( -1.000000000000000000, 1.686362774724222556E-17, 0.000000000000000000 ) ) ;
#1071 = VERTEX_POINT ( 'NONE', #724 ) ;
#1072 = CARTESIAN_POINT ( 'NONE',  ( 11.83730915039150311, -4.725000000004686562, 0.1250000000000146272 ) ) ;
#1073 = CIRCLE ( 'NONE', #4624, 3.125000000000000888 ) ;
#1074 = ORIENTED_EDGE ( 'NONE', *, *, #3260, .T. ) ;
#1075 = AXIS2_PLACEMENT_3D ( 'NONE', #464, #2600, #4257 ) ;
#1076 = CARTESIAN_POINT ( 'NONE',  ( -3.978983400028223915E-17, 6.224999999999997868, 18.90000000000000213 ) ) ;
#1077 = VECTOR ( 'NONE', #899, 1000.000000000000000 ) ;
#1078 = DIRECTION ( 'NONE',  ( 0.000000000000000000, 0.000000000000000000, 1.000000000000000000 ) ) ;
#1079 = CARTESIAN_POINT ( 'NONE',  ( 13.81235342284421286, -0.8164186733113855121, 4.592289855051263636 ) ) ;
#1080 = EDGE_LOOP ( 'NONE', ( #3889, #2685, #2429, #666, #998 ) ) ;
#1081 = CARTESIAN_POINT ( 'NONE',  ( 4.486502985212289296, -2.570603795974264028, 0.8890000000000000124 ) ) ;
#1082 = ORIENTED_EDGE ( 'NONE', *, *, #3595, .T. ) ;
#1083 = CYLINDRICAL_SURFACE ( 'NONE', #1706, 2.099999999999997868 ) ;
#1084 = ADVANCED_FACE ( 'NONE', ( #2208 ), #4868, .T. ) ;
#1085 = EDGE_CURVE ( 'NONE', #1419, #2263, #3810, .T. ) ;
#1086 = EDGE_CURVE ( 'NONE', #324, #81, #1917, .T. ) ;
#1087 = DIRECTION ( 'NONE',  ( 1.000000000000000000, 0.000000000000000000, -0.000000000000000000 ) ) ;
#1088 = CARTESIAN_POINT ( 'NONE',  ( -0.08478655296997224255, 6.224999999999993427, 18.89999999999999503 ) ) ;
#1089 = CARTESIAN_POINT ( 'NONE',  ( 3.214617248245438041, -0.5000000000000002220, 3.961000000003878085 ) ) ;
#1090 = DIRECTION ( 'NONE',  ( 0.000000000000000000, -0.000000000000000000, -1.000000000000000000 ) ) ;
#1091 = CARTESIAN_POINT ( 'NONE',  ( -0.6324986831506652640, -4.417383651711844550, 6.885636288413207851 ) ) ;
#1092 = EDGE_CURVE ( 'NONE', #3, #3578, #1108, .T. ) ;
#1093 = ORIENTED_EDGE ( 'NONE', *, *, #3707, .F. ) ;
#1094 = LINE ( 'NONE', #4853, #1515 ) ;
#1095 = CARTESIAN_POINT ( 'NONE',  ( -9.682801128423571768, -1.365955655409082370, 10.38493336035325854 ) ) ;
#1096 = B_SPLINE_CURVE_WITH_KNOTS ( 'NONE', 3,
 ( #3355, #1175, #4862, #55 ),
 .UNSPECIFIED., .F., .F.,
 ( 4, 4 ),
 ( 0.001619128741819176459, 0.003856853823262921740 ),
 .UNSPECIFIED. ) ;
#1097 = PLANE ( 'NONE',  #4437 ) ;
#1098 = ORIENTED_EDGE ( 'NONE', *, *, #1102, .T. ) ;
#1099 = CARTESIAN_POINT ( 'NONE',  ( -9.434740669813267644, -500000.0000000000582, 13.20000000000000107 ) ) ;
#1100 = VERTEX_POINT ( 'NONE', #4490 ) ;
#1101 = CARTESIAN_POINT ( 'NONE',  ( -10.49275435226170927, 2.763153701806949414, 15.08963769562012658 ) ) ;
#1102 = EDGE_CURVE ( 'NONE', #4166, #592, #4515, .T. ) ;
#1103 = CARTESIAN_POINT ( 'NONE',  ( -9.895307910843950339, -0.6251334396009391448, 3.960999999999999410 ) ) ;
#1104 = DIRECTION ( 'NONE',  ( 0.7071067811866993402, 0.000000000000000000, 0.7071067811863958052 ) ) ;
#1105 = DIRECTION ( 'NONE',  ( -0.000000000000000000, -0.000000000000000000, -1.000000000000000000 ) ) ;
#1106 = DIRECTION ( 'NONE',  ( 0.000000000000000000, 0.000000000000000000, -1.000000000000000000 ) ) ;
#1107 = CARTESIAN_POINT ( 'NONE',  ( 6.842158351013662987, 4.874117407009696201, 16.60016544211245559 ) ) ;
#1108 = LINE ( 'NONE', #3013, #346 ) ;
#1109 = CARTESIAN_POINT ( 'NONE',  ( 17.90398371253465371, 1.585474116185143112, 5.000637278093269522 ) ) ;
#1110 = CARTESIAN_POINT ( 'NONE',  ( 85496.03231494553620, -484923.0791600164957, 13.19999999977285299 ) ) ;
#1111 = CARTESIAN_POINT ( 'NONE',  ( -8.986609817541044265, -0.01984593252749662640, 15.08552483820601253 ) ) ;
#1112 = ORIENTED_EDGE ( 'NONE', *, *, #1291, .T. ) ;
#1113 = CARTESIAN_POINT ( 'NONE',  ( -4.084614310715676488, 3.568577854416059569, 16.05739955756248705 ) ) ;
#1114 = CARTESIAN_POINT ( 'NONE',  ( -16.97413238467194319, 4.810727162700216830, 3.940425789433581905 ) ) ;
#1115 = VECTOR ( 'NONE', #2660, 1000.000000000000000 ) ;
#1116 = ADVANCED_FACE ( 'NONE', ( #2634 ), #3163, .T. ) ;
#1117 = ADVANCED_FACE ( 'NONE', ( #3870 ), #4300, .T. ) ;
#1118 = DIRECTION ( 'NONE',  ( 0.000000000000000000, 1.000000000000000000, 0.000000000000000000 ) ) ;
#1119 = ORIENTED_EDGE ( 'NONE', *, *, #4864, .T. ) ;
#1120 = CARTESIAN_POINT ( 'NONE',  ( 11.84004241062034524, -4.725000000000019185, 0.2258184442831024097 ) ) ;
#1121 = EDGE_LOOP ( 'NONE', ( #3404, #1358, #2797, #2774, #417, #2703, #3821, #2894, #3496 ) ) ;
#1122 = EDGE_LOOP ( 'NONE', ( #823, #315 ) ) ;
#1123 = DIRECTION ( 'NONE',  ( -1.000000000000000000, 0.000000000000000000, 0.000000000000000000 ) ) ;
#1124 = FACE_OUTER_BOUND ( 'NONE', #1063, .T. ) ;
#1125 = FACE_OUTER_BOUND ( 'NONE', #1334, .T. ) ;
#1126 = CARTESIAN_POINT ( 'NONE',  ( 10.26462996163156127, -4.854150446543235908, 2.345439091925224595 ) ) ;
#1127 = EDGE_CURVE ( 'NONE', #1357, #1778, #3922, .T. ) ;
#1128 = DIRECTION ( 'NONE',  ( 0.7071067811866611486, 0.000000000000000000, -0.7071067811864339969 ) ) ;
#1129 = ORIENTED_EDGE ( 'NONE', *, *, #2014, .F. ) ;
#1130 = DIRECTION ( 'NONE',  ( 0.000000000000000000, 0.000000000000000000, 1.000000000000000000 ) ) ;
#1131 = DIRECTION ( 'NONE',  ( 0.000000000000000000, 1.000000000000000000, 0.000000000000000000 ) ) ;
#1132 = CARTESIAN_POINT ( 'NONE',  ( -15.30859671719037784, 0.5000000000087369001, 3.768366067042117962 ) ) ;
#1133 = CARTESIAN_POINT ( 'NONE',  ( 10.49275435226176079, 2.763153701807108842, 15.08963769562022428 ) ) ;
#1134 = VERTEX_POINT ( 'NONE', #526 ) ;
#1135 = CARTESIAN_POINT ( 'NONE',  ( -1.367563790755796038, -3.587972700340554155, 8.623140323535306351 ) ) ;
#1136 = VECTOR ( 'NONE', #3144, 1000.000000000000000 ) ;
#1137 = ORIENTED_EDGE ( 'NONE', *, *, #2466, .T. ) ;
#1138 = CARTESIAN_POINT ( 'NONE',  ( -0.9766320821018574794, 3.565543201831808062, 16.11331895032567729 ) ) ;
#1139 = CARTESIAN_POINT ( 'NONE',  ( 2.332106781186533251, -4.725000000000017408, 500000.0000000000582 ) ) ;
#1140 = DIRECTION ( 'NONE',  ( 0.1736481776669336896, 0.9848077530122073542, 0.000000000000000000 ) ) ;
#1141 = DIRECTION ( 'NONE',  ( 0.000000000000000000, 0.000000000000000000, -1.000000000000000000 ) ) ;
#1142 = ORIENTED_EDGE ( 'NONE', *, *, #1677, .F. ) ;
#1143 = ADVANCED_FACE ( 'NONE', ( #889 ), #4690, .T. ) ;
#1144 = EDGE_CURVE ( 'NONE', #474, #951, #4573, .T. ) ;
#1145 = EDGE_CURVE ( 'NONE', #3638, #2297, #181, .T. ) ;
#1146 = CARTESIAN_POINT ( 'NONE',  ( -8.179360420271350376E-16, -4.725000000000018296, 5.981083965094950550 ) ) ;
#1147 = APPROVAL_PERSON_ORGANIZATION ( #1235, #4420, #2693 ) ;
#1148 = VECTOR ( 'NONE', #2409, 1000.000000000000000 ) ;
#1149 = ORIENTED_EDGE ( 'NONE', *, *, #370, .T. ) ;
#1150 = PLANE ( 'NONE',  #4602 ) ;
#1151 = CARTESIAN_POINT ( 'NONE',  ( 9.066666666666634455, -6.225000000000003197, 4.483333333333337833 ) ) ;
#1152 = PLANE ( 'NONE',  #686 ) ;
#1153 = CARTESIAN_POINT ( 'NONE',  ( -12.39129134608263527, -4.067239051202081512, 1.114704170894209145 ) ) ;
#1154 = AXIS2_PLACEMENT_3D ( 'NONE', #3703, #326, #1821 ) ;
#1155 = VECTOR ( 'NONE', #928, 1000.000000000000000 ) ;
#1156 = B_SPLINE_CURVE_WITH_KNOTS ( 'NONE', 3,
 ( #4607, #1667, #3884, #2346 ),
 .UNSPECIFIED., .F., .F.,
 ( 4, 4 ),
 ( 0.000000000000000000, 1.000000000000000000 ),
 .UNSPECIFIED. ) ;
#1157 = LINE ( 'NONE', #402, #1587 ) ;
#1158 = EDGE_LOOP ( 'NONE', ( #2497, #1512, #2526, #3176 ) ) ;
#1159 = CARTESIAN_POINT ( 'NONE',  ( 9.434740669813267644, 5.460999999999999410, 12.20000000000000107 ) ) ;
#1160 = DIRECTION ( 'NONE',  ( 1.000000000000000000, 0.000000000000000000, 0.000000000000000000 ) ) ;
#1161 = CARTESIAN_POINT ( 'NONE',  ( 15.88698257845794259, -1.393961609612745178, 0.1250000000000000000 ) ) ;
#1162 = DIRECTION ( 'NONE',  ( 0.7071067811865474617, 0.000000000000000000, -0.7071067811865474617 ) ) ;
#1163 = ADVANCED_FACE ( 'NONE', ( #3183 ), #201, .T. ) ;
#1164 = ORIENTED_EDGE ( 'NONE', *, *, #4199, .T. ) ;
#1165 = CARTESIAN_POINT ( 'NONE',  ( -1.598575718928774148, 3.566320362130514177, 16.10980044422357693 ) ) ;
#1166 = CARTESIAN_POINT ( 'NONE',  ( -6.349999999999999645, -7.776507174585692163E-16, 0.8890000000000000124 ) ) ;
#1167 = B_SPLINE_CURVE_WITH_KNOTS ( 'NONE', 3,
 ( #3167, #3928, #557, #2044 ),
 .UNSPECIFIED., .F., .F.,
 ( 4, 4 ),
 ( 0.000000000000000000, 1.000000000000000000 ),
 .UNSPECIFIED. ) ;
#1168 = PERSON_AND_ORGANIZATION ( #2744, #3444 ) ;
#1169 = DIRECTION ( 'NONE',  ( 1.000000000000000000, 0.000000000000000000, 0.000000000000000000 ) ) ;
#1170 = EDGE_LOOP ( 'NONE', ( #4824, #378, #2778, #2449, #1978 ) ) ;
#1171 = CARTESIAN_POINT ( 'NONE',  ( 3.815205563579831871, 2.388999999993757228, 14.52768765523361694 ) ) ;
#1172 = VERTEX_POINT ( 'NONE', #3112 ) ;
#1173 = CARTESIAN_POINT ( 'NONE',  ( -6.349999999999999645, -3.600000000000000977, 3.960999999999999410 ) ) ;
#1174 = CARTESIAN_POINT ( 'NONE',  ( -9.066666666666634455, -6.225000000000003197, 4.483333333333337833 ) ) ;
#1175 = CARTESIAN_POINT ( 'NONE',  ( 10.71959811223382886, 4.049648593630337245, 15.81117250563765531 ) ) ;
#1176 = ORIENTED_EDGE ( 'NONE', *, *, #4228, .T. ) ;
#1177 = EDGE_CURVE ( 'NONE', #2168, #3828, #3138, .T. ) ;
#1178 = DIRECTION ( 'NONE',  ( 1.000000000000000000, 5.329070518200750605E-15, 0.000000000000000000 ) ) ;
#1179 = ORIENTED_EDGE ( 'NONE', *, *, #2890, .F. ) ;
#1180 = CARTESIAN_POINT ( 'NONE',  ( -0.07211812020586474969, 0.3232752026105341625, 16.85052874501577236 ) ) ;
#1181 = CARTESIAN_POINT ( 'NONE',  ( 9.485382751754562136, 0.5000000000000001110, 500000.0000000000582 ) ) ;
#1182 = CARTESIAN_POINT ( 'NONE',  ( 18.90000000000000213, 6.225000000000001421, 4.650978756407663894 ) ) ;
#1183 = VERTEX_POINT ( 'NONE', #1651 ) ;
#1184 = CARTESIAN_POINT ( 'NONE',  ( -10.69152651077049576, 6.247642307280616869, 16.74194802821842032 ) ) ;
#1185 = CARTESIAN_POINT ( 'NONE',  ( 7.961470219896413347, -3.219186811973975715, 9.159826742124899113 ) ) ;
#1186 = FACE_OUTER_BOUND ( 'NONE', #3154, .T. ) ;
#1187 = CARTESIAN_POINT ( 'NONE',  ( 0.6324986831514084473, -4.417383651711833892, 6.885636288413192752 ) ) ;
#1188 = VERTEX_POINT ( 'NONE', #1302 ) ;
#1189 = CARTESIAN_POINT ( 'NONE',  ( -2.481641691568503560, 2.388999999993757228, 17.27546508961716398 ) ) ;
#1190 = VERTEX_POINT ( 'NONE', #3537 ) ;
#1191 = VECTOR ( 'NONE', #1722, 1000.000000000000114 ) ;
#1192 = B_SPLINE_CURVE_WITH_KNOTS ( 'NONE', 3,
 ( #4518, #4426, #1111, #4086 ),
 .UNSPECIFIED., .F., .F.,
 ( 4, 4 ),
 ( 1.084202172485504434E-19, 0.001714044887416660626 ),
 .UNSPECIFIED. ) ;
#1193 = DIRECTION ( 'NONE',  ( -5.724298350144135667E-11, 1.000000000000000000, 0.000000000000000000 ) ) ;
#1194 = DIRECTION ( 'NONE',  ( 0.000000000000000000, -1.000000000000000000, 0.000000000000000000 ) ) ;
#1195 = EDGE_LOOP ( 'NONE', ( #1470, #3458, #2197, #2576, #1739, #1713 ) ) ;
#1196 = CARTESIAN_POINT ( 'NONE',  ( -4.775167211301086567, -4.725000000000012967, 5.977177783841972847 ) ) ;
#1197 = ORIENTED_EDGE ( 'NONE', *, *, #550, .F. ) ;
#1198 = DIRECTION ( 'NONE',  ( 0.000000000000000000, 0.000000000000000000, 1.000000000000000000 ) ) ;
#1199 = EDGE_CURVE ( 'NONE', #973, #818, #3636, .T. ) ;
#1200 = LINE ( 'NONE', #1601, #1148 ) ;
#1201 = VECTOR ( 'NONE', #2251, 1000.000000000000000 ) ;
#1202 = CARTESIAN_POINT ( 'NONE',  ( 11.83730915039150311, -4.725000000004686562, 0.1250000000000146272 ) ) ;
#1203 = ORIENTED_EDGE ( 'NONE', *, *, #2985, .T. ) ;
#1204 = VECTOR ( 'NONE', #4533, 1000.000000000000000 ) ;
#1205 = CARTESIAN_POINT ( 'NONE',  ( 18.89999999999999503, 6.224999999999987210, -0.1190652961123279535 ) ) ;
#1206 = ORIENTED_EDGE ( 'NONE', *, *, #1492, .T. ) ;
#1207 = CARTESIAN_POINT ( 'NONE',  ( -11.04048767221754801, -4.902614168126545380, 1.435626637785858195 ) ) ;
#1208 = CARTESIAN_POINT ( 'NONE',  ( 7.162740818362741457, -4.725000000000021849, 5.971234053733641467 ) ) ;
#1209 = CARTESIAN_POINT ( 'NONE',  ( 9.917372312434578063, -0.4999999999993006150, 500000.0000000000582 ) ) ;
#1210 = CARTESIAN_POINT ( 'NONE',  ( 16.94058366233857527, 4.724999999999997868, 3.262714064682929127 ) ) ;
#1211 = ORIENTED_EDGE ( 'NONE', *, *, #4493, .T. ) ;
#1212 = PLANE ( 'NONE',  #4706 ) ;
#1213 = VERTEX_POINT ( 'NONE', #2808 ) ;
#1214 = CARTESIAN_POINT ( 'NONE',  ( 1.231443427434224525, 4.877431389604212519, 16.79445861727685951 ) ) ;
#1215 = CARTESIAN_POINT ( 'NONE',  ( -6.349999999999999645, -7.776507174585692163E-16, 5.460999999999999410 ) ) ;
#1216 = ORIENTED_EDGE ( 'NONE', *, *, #1885, .F. ) ;
#1217 = ORIENTED_EDGE ( 'NONE', *, *, #3246, .F. ) ;
#1218 = CARTESIAN_POINT ( 'NONE',  ( -6.349999999999999645, -3.600000000000000977, 3.960999999999999410 ) ) ;
#1219 = LOCAL_TIME ( 14, 39, 18.00000000000000000, #4627 ) ;
#1220 = EDGE_LOOP ( 'NONE', ( #4042, #2623, #3964, #3000, #3599 ) ) ;
#1221 = B_SPLINE_CURVE_WITH_KNOTS ( 'NONE', 3,
 ( #2700, #2075, #3553, #155 ),
 .UNSPECIFIED., .F., .F.,
 ( 4, 4 ),
 ( 0.004307605686387044365, 0.006350495525302809335 ),
 .UNSPECIFIED. ) ;
#1222 = DIRECTION ( 'NONE',  ( 0.000000000000000000, 0.000000000000000000, -1.000000000000000000 ) ) ;
#1223 = DIRECTION ( 'NONE',  ( 0.000000000000000000, -1.000000000000000000, 0.000000000000000000 ) ) ;
#1224 = LINE ( 'NONE', #3608, #1272 ) ;
#1225 = AXIS2_PLACEMENT_3D ( 'NONE', #1636, #97, #3835 ) ;
#1226 = EDGE_CURVE ( 'NONE', #2870, #4030, #1200, .T. ) ;
#1227 = ADVANCED_FACE ( 'NONE', ( #3947 ), #1068, .F. ) ;
#1228 = ADVANCED_FACE ( 'NONE', ( #4812 ), #642, .T. ) ;
#1229 = CARTESIAN_POINT ( 'NONE',  ( 15.72580228600416241, -2.685133562602979307, 2.950585012414202790 ) ) ;
#1230 = ORIENTED_EDGE ( 'NONE', *, *, #1415, .F. ) ;
#1231 = CARTESIAN_POINT ( 'NONE',  ( -27.04252139450062131, 4.724999999999999645, 0.1250000000000001110 ) ) ;
#1232 = DIRECTION ( 'NONE',  ( 0.000000000000000000, 0.000000000000000000, -1.000000000000000000 ) ) ;
#1233 = EDGE_CURVE ( 'NONE', #1963, #4110, #1029, .T. ) ;
#1234 = LINE ( 'NONE', #2767, #1311 ) ;
#1235 = PERSON_AND_ORGANIZATION ( #2744, #3444 ) ;
#1236 = CARTESIAN_POINT ( 'NONE',  ( 5.733894997739803046, 3.313749059775567218, 15.76980760643306745 ) ) ;
#1237 = ORIENTED_EDGE ( 'NONE', *, *, #2309, .F. ) ;
#1238 = CARTESIAN_POINT ( 'NONE',  ( 14.63548341095812866, -0.4999999999963484210, 3.523509234131148915 ) ) ;
#1239 = DIRECTION ( 'NONE',  ( 0.7071067811865479058, 0.7071067811865472397, 0.000000000000000000 ) ) ;
#1240 = EDGE_LOOP ( 'NONE', ( #4182, #2782, #1988, #1237 ) ) ;
#1241 = CARTESIAN_POINT ( 'NONE',  ( 8.564450355047073415, 4.871862201287117777, 16.47202002345312977 ) ) ;
#1242 = DIRECTION ( 'NONE',  ( -0.7071067811865479058, -0.7071067811865472397, 0.000000000000000000 ) ) ;
#1243 = EDGE_LOOP ( 'NONE', ( #4832, #2491, #4568, #4254 ) ) ;
#1244 = VERTEX_POINT ( 'NONE', #981 ) ;
#1245 = CARTESIAN_POINT ( 'NONE',  ( -16.91791712922818647, 4.725000000000001421, 1.366635852868489431 ) ) ;
#1246 = ORIENTED_EDGE ( 'NONE', *, *, #4141, .F. ) ;
#1247 = EDGE_CURVE ( 'NONE', #837, #853, #4381, .T. ) ;
#1248 = CARTESIAN_POINT ( 'NONE',  ( -7.162740818362741457, -4.725000000000020961, 5.971234053733641467 ) ) ;
#1249 = CARTESIAN_POINT ( 'NONE',  ( 6.349999999999999645, 0.000000000000000000, 5.460999999999999410 ) ) ;
#1250 = CARTESIAN_POINT ( 'NONE',  ( 1.596106781186545476, 0.8890000000000000124, 7.238999999999999879 ) ) ;
#1251 = EDGE_CURVE ( 'NONE', #1878, #930, #2963, .T. ) ;
#1252 = CARTESIAN_POINT ( 'NONE',  ( -8.439156965713689118, 2.389000000000000234, 15.02401552761808645 ) ) ;
#1253 = PLANE ( 'NONE',  #2573 ) ;
#1254 = CARTESIAN_POINT ( 'NONE',  ( -9.943437535725051291, -2.823082465522180229, 7.146903516728834838 ) ) ;
#1255 = CARTESIAN_POINT ( 'NONE',  ( -11.85321101691541479, -4.725000000000019185, 0.7124262145741805385 ) ) ;
#1256 = DIRECTION ( 'NONE',  ( 0.000000000000000000, 0.000000000000000000, 1.000000000000000000 ) ) ;
#1257 = COORDINATED_UNIVERSAL_TIME_OFFSET ( 6, 0, .BEHIND. ) ;
#1258 = CARTESIAN_POINT ( 'NONE',  ( -6.349999999999999645, -7.776507174585692163E-16, 3.960999999999999410 ) ) ;
#1259 = ORIENTED_EDGE ( 'NONE', *, *, #3982, .T. ) ;
#1260 = DIRECTION ( 'NONE',  ( 0.000000000000000000, 0.000000000000000000, -1.000000000000000000 ) ) ;
#1261 = ADVANCED_FACE ( 'NONE', ( #597 ), #3629, .F. ) ;
#1262 = DIRECTION ( 'NONE',  ( -0.1736481776669279165, 0.9848077530122084644, 0.000000000000000000 ) ) ;
#1263 = EDGE_CURVE ( 'NONE', #1617, #3478, #4072, .T. ) ;
#1264 = ORIENTED_EDGE ( 'NONE', *, *, #4547, .T. ) ;
#1265 = CARTESIAN_POINT ( 'NONE',  ( 2.625469723768440566, 6.268847078802406436, 17.28826497659621708 ) ) ;
#1266 = CARTESIAN_POINT ( 'NONE',  ( -9.851850990298643751, 1.139870385417570908, 14.21409160192039423 ) ) ;
#1267 = ORIENTED_EDGE ( 'NONE', *, *, #956, .T. ) ;
#1268 = ORIENTED_EDGE ( 'NONE', *, *, #2329, .F. ) ;
#1269 = CARTESIAN_POINT ( 'NONE',  ( 10.09369929314286196, 0.4999999999999515388, 12.77716250444295731 ) ) ;
#1270 = ORIENTED_EDGE ( 'NONE', *, *, #3713, .F. ) ;
#1271 = ORIENTED_EDGE ( 'NONE', *, *, #576, .T. ) ;
#1272 = VECTOR ( 'NONE', #4717, 1000.000000000000000 ) ;
#1273 = CARTESIAN_POINT ( 'NONE',  ( -2.042893218813453871, -3.600000000000000977, 3.960999999999999410 ) ) ;
#1274 = B_SPLINE_CURVE_WITH_KNOTS ( 'NONE', 3,
 ( #2179, #1033, #2930, #4446 ),
 .UNSPECIFIED., .F., .F.,
 ( 4, 4 ),
 ( 0.000000000000000000, 1.000000000000000000 ),
 .UNSPECIFIED. ) ;
#1275 = AXIS2_PLACEMENT_3D ( 'NONE', #4177, #3826, #2284 ) ;
#1276 = DIRECTION ( 'NONE',  ( 3.025413793668038133E-12, 1.000000000000000000, 0.000000000000000000 ) ) ;
#1277 = CC_DESIGN_PERSON_AND_ORGANIZATION_ASSIGNMENT ( #1168, #415, ( #2141 ) ) ;
#1278 = CARTESIAN_POINT ( 'NONE',  ( 16.47672581041702600, 3.025968077520167832, 5.117944320243389633 ) ) ;
#1279 = CARTESIAN_POINT ( 'NONE',  ( -1.057172126602079854E-15, -2.599999995125601870, 12.78646966084733627 ) ) ;
#1280 = DIRECTION ( 'NONE',  ( 1.000000000000000000, 0.000000000000000000, 0.000000000000000000 ) ) ;
#1281 = ORIENTED_EDGE ( 'NONE', *, *, #78, .T. ) ;
#1282 = CARTESIAN_POINT ( 'NONE',  ( -9.355363478528069265, -2.199718680332330312, 9.414095573597563771 ) ) ;
#1283 = DIRECTION ( 'NONE',  ( 1.000000000000000000, 0.000000000000000000, 0.000000000000000000 ) ) ;
#1284 = AXIS2_PLACEMENT_3D ( 'NONE', #1545, #4579, #4608 ) ;
#1285 = CARTESIAN_POINT ( 'NONE',  ( -4.515600645574310512, 2.389000000019178671, 15.24150613561224965 ) ) ;
#1286 = DIRECTION ( 'NONE',  ( -0.000000000000000000, -0.000000000000000000, -1.000000000000000000 ) ) ;
#1287 = VERTEX_POINT ( 'NONE', #3969 ) ;
#1288 = CARTESIAN_POINT ( 'NONE',  ( -15.16138137550286125, 0.5000000000171729297, 0.8890000000000000124 ) ) ;
#1289 = VECTOR ( 'NONE', #4358, 1000.000000000000000 ) ;
#1290 = ORIENTED_EDGE ( 'NONE', *, *, #1677, .T. ) ;
#1291 = EDGE_CURVE ( 'NONE', #2719, #4440, #1325, .T. ) ;
#1292 = EDGE_CURVE ( 'NONE', #454, #1753, #268, .T. ) ;
#1293 = EDGE_CURVE ( 'NONE', #35, #361, #410, .T. ) ;
#1294 = CARTESIAN_POINT ( 'NONE',  ( -1.353900573603757929, 5.460999999999999410, 16.98899264520991181 ) ) ;
#1295 = FACE_OUTER_BOUND ( 'NONE', #1583, .T. ) ;
#1296 = VERTEX_POINT ( 'NONE', #2081 ) ;
#1297 = VECTOR ( 'NONE', #4648, 1000.000000000000000 ) ;
#1298 = ORIENTED_EDGE ( 'NONE', *, *, #1953, .F. ) ;
#1299 = DIRECTION ( 'NONE',  ( 0.000000000000000000, 0.000000000000000000, -1.000000000000000000 ) ) ;
#1300 = CARTESIAN_POINT ( 'NONE',  ( -10.83868078663616252, 4.724999999999998757, 16.10895987185777400 ) ) ;
#1301 = LOCAL_TIME ( 14, 39, 18.00000000000000000, #4283 ) ;
#1302 = CARTESIAN_POINT ( 'NONE',  ( 12.67499999999999893, 6.224999999999997868, 18.09265550483547713 ) ) ;
#1303 = CARTESIAN_POINT ( 'NONE',  ( 14.91580526038953813, -0.2709098059926761115, 3.580302775797393533 ) ) ;
#1304 = AXIS2_PLACEMENT_3D ( 'NONE', #2378, #836, #2404 ) ;
#1305 = CARTESIAN_POINT ( 'NONE',  ( 7.484860066438764115, -4.331764462984837749, 7.081735469905444447 ) ) ;
#1306 = DIRECTION ( 'NONE',  ( 3.414809992080329023E-17, 1.000000000000000000, 0.000000000000000000 ) ) ;
#1307 = CARTESIAN_POINT ( 'NONE',  ( -12.29176247742371331, -0.1530284223943396971, 8.227915070726835367 ) ) ;
#1308 = CARTESIAN_POINT ( 'NONE',  ( 2.411225606275130495, 3.325351203610143358, 15.93166761253823260 ) ) ;
#1309 = VECTOR ( 'NONE', #1003, 1000.000000000000000 ) ;
#1310 = EDGE_CURVE ( 'NONE', #1024, #361, #3101, .T. ) ;
#1311 = VECTOR ( 'NONE', #4651, 1000.000000000000000 ) ;
#1312 = DIRECTION ( 'NONE',  ( -0.7071067811865477948, 0.000000000000000000, -0.7071067811865473507 ) ) ;
#1313 = VECTOR ( 'NONE', #4402, 1000.000000000000000 ) ;
#1314 = DIRECTION ( 'NONE',  ( 0.000000000000000000, 0.000000000000000000, 1.000000000000000000 ) ) ;
#1315 = ORIENTED_EDGE ( 'NONE', *, *, #4583, .F. ) ;
#1316 = CARTESIAN_POINT ( 'NONE',  ( -8.582931958730428690, -1.338948259333748725, 13.92569350695749186 ) ) ;
#1317 = ORIENTED_EDGE ( 'NONE', *, *, #1291, .F. ) ;
#1318 = CARTESIAN_POINT ( 'NONE',  ( -2.411225606283947442, 3.325351203594868466, 15.93166761252964925 ) ) ;
#1319 = CARTESIAN_POINT ( 'NONE',  ( -14.94111935241453182, 3.305947829433574459, 8.728883865684203158 ) ) ;
#1320 = ORIENTED_EDGE ( 'NONE', *, *, #4263, .T. ) ;
#1321 = VERTEX_POINT ( 'NONE', #643 ) ;
#1322 = B_SPLINE_CURVE_WITH_KNOTS ( 'NONE', 3,
 ( #753, #4133, #2590, #1408, #4474, #3365, #388 ),
 .UNSPECIFIED., .F., .F.,
 ( 4, 3, 4 ),
 ( 0.000000000000000000, 0.001292322785892838699, 0.002368439142044817276 ),
 .UNSPECIFIED. ) ;
#1323 = CARTESIAN_POINT ( 'NONE',  ( 13.61562041651561294, 0.5000000000000002220, 7.042517009339849920 ) ) ;
#1324 = CARTESIAN_POINT ( 'NONE',  ( 11.08276835016786066, 4.724999999999996980, 16.08304547698528353 ) ) ;
#1325 = LINE ( 'NONE', #2829, #1380 ) ;
#1326 = CARTESIAN_POINT ( 'NONE',  ( -2.249719507907421701E-15, 6.224999999999996092, 17.30438211459146203 ) ) ;
#1327 = EDGE_CURVE ( 'NONE', #2737, #1621, #334, .T. ) ;
#1328 = EDGE_CURVE ( 'NONE', #3572, #2425, #4123, .T. ) ;
#1329 = CARTESIAN_POINT ( 'NONE',  ( 4.522312344766381109, 5.460999999999999410, 15.23479443642016840 ) ) ;
#1330 = CARTESIAN_POINT ( 'NONE',  ( -9.411354347815450438, 2.388999999999999790, 7.238999999999999879 ) ) ;
#1331 = CARTESIAN_POINT ( 'NONE',  ( -8.967664557341942455, -2.925121008136891021, 8.381135812167535448 ) ) ;
#1332 = CARTESIAN_POINT ( 'NONE',  ( 18.90000000000000568, 6.225000000000007638, 6.976468134611495842 ) ) ;
#1333 = CARTESIAN_POINT ( 'NONE',  ( 10.50726139273237614, 2.751823277720646388, 15.08121845926456217 ) ) ;
#1334 = EDGE_LOOP ( 'NONE', ( #3088, #1578, #439, #606 ) ) ;
#1335 = CARTESIAN_POINT ( 'NONE',  ( -6.350000000000000533, -2.600000000000000533, 12.68034626157287370 ) ) ;
#1336 = EDGE_CURVE ( 'NONE', #2142, #3134, #2240, .T. ) ;
#1337 = B_SPLINE_SURFACE_WITH_KNOTS ( 'NONE', 3, 3, ( 
 ( #4667, #2831, #3234, #3560 ),
 ( #1278, #2410, #3925, #2734 ),
 ( #3516, #1676, #555, #863 ),
 ( #1303, #3184, #4691, #2809 ),
 ( #2355, #941, #3948, #3725 ),
 ( #622, #1793, #1007, #269 ),
 ( #1030, #2900, #2477, #2854 ),
 ( #319, #298, #4416, #1745 ),
 ( #697, #4101, #2203, #4760 ),
 ( #3331, #3699, #2176, #4049 ),
 ( #2530, #1422, #1818, #4465 ),
 ( #669, #3653, #4842, #4814 ),
 ( #3307, #247, #1447, #2106 ) ),
 .UNSPECIFIED., .F., .F., .F.,
 ( 4, 3, 3, 3, 4 ),
 ( 4, 4 ),
 ( 0.1345383685332757484, 0.5443188231798974375, 0.7492090505032082959, 0.8516541641648637251, 0.9540992778265191543 ),
 ( 0.05095220514811725498, 0.9966722556991307602 ),
 .UNSPECIFIED. ) ;
#1338 = ORIENTED_EDGE ( 'NONE', *, *, #543, .F. ) ;
#1339 = CARTESIAN_POINT ( 'NONE',  ( 0.9371536669050760660, 2.357507253034947237, 15.29030425207227850 ) ) ;
#1340 = DIRECTION ( 'NONE',  ( 1.000000000000000000, -2.292177280364758240E-16, 0.000000000000000000 ) ) ;
#1341 = ORIENTED_EDGE ( 'NONE', *, *, #3891, .T. ) ;
#1342 = ORIENTED_EDGE ( 'NONE', *, *, #4373, .F. ) ;
#1343 = CARTESIAN_POINT ( 'NONE',  ( -3.815205563579831427, 5.460999999999999410, 10.87231234476637987 ) ) ;
#1344 = CARTESIAN_POINT ( 'NONE',  ( -9.427827143167741397, 2.482421864799725597, 12.15734712636941062 ) ) ;
#1345 = DIRECTION ( 'NONE',  ( 0.000000000000000000, -1.000000000000000000, 0.000000000000000000 ) ) ;
#1346 = VECTOR ( 'NONE', #2554, 1000.000000000000000 ) ;
#1347 = CARTESIAN_POINT ( 'NONE',  ( 12.35005188635562945, -1.822896376676676145, 5.372528532115443234 ) ) ;
#1348 = AXIS2_PLACEMENT_3D ( 'NONE', #3493, #1504, #62 ) ;
#1349 = CARTESIAN_POINT ( 'NONE',  ( 3.815205563579831871, 5.460999999999999410, 14.52768765523361694 ) ) ;
#1350 = DIRECTION ( 'NONE',  ( -1.009768204895913922E-11, -1.000000000000000000, 0.000000000000000000 ) ) ;
#1351 = EDGE_CURVE ( 'NONE', #592, #4693, #2804, .T. ) ;
#1352 = EDGE_CURVE ( 'NONE', #103, #2737, #2228, .T. ) ;
#1353 = CARTESIAN_POINT ( 'NONE',  ( -15.61396069344224991, -2.624156679832472250, 0.9835283374714008930 ) ) ;
#1354 = DIRECTION ( 'NONE',  ( -0.7071067811865232589, 0.000000000000000000, -0.7071067811865718866 ) ) ;
#1355 = CARTESIAN_POINT ( 'NONE',  ( -14.67543060060709692, -0.4999999999999982792, 0.8889999999999935731 ) ) ;
#1356 = LINE ( 'NONE', #2862, #3135 ) ;
#1357 = VERTEX_POINT ( 'NONE', #1839 ) ;
#1358 = ORIENTED_EDGE ( 'NONE', *, *, #3136, .F. ) ;
#1359 = PLANE ( 'NONE',  #1588 ) ;
#1360 = ORIENTED_EDGE ( 'NONE', *, *, #84, .T. ) ;
#1361 = CARTESIAN_POINT ( 'NONE',  ( 0.7384660353610337236, 2.357045598030800271, 15.29029359814763644 ) ) ;
#1362 = LINE ( 'NONE', #3668, #870 ) ;
#1363 = VERTEX_POINT ( 'NONE', #3434 ) ;
#1364 = ORIENTED_EDGE ( 'NONE', *, *, #1806, .T. ) ;
#1365 = DIRECTION ( 'NONE',  ( 0.000000000000000000, -1.000000000000000000, 0.000000000000000000 ) ) ;
#1366 = ORIENTED_EDGE ( 'NONE', *, *, #968, .T. ) ;
#1367 = DIRECTION ( 'NONE',  ( -1.000000000000000000, 0.000000000000000000, 0.000000000000000000 ) ) ;
#1368 = CARTESIAN_POINT ( 'NONE',  ( 0.08817850204230563704, -4.283092416308231343, 12.16032414469268019 ) ) ;
#1369 = CARTESIAN_POINT ( 'NONE',  ( 14.20425749462496690, -1.595828187811443977, 2.605202207146782190 ) ) ;
#1370 = ORIENTED_EDGE ( 'NONE', *, *, #4696, .F. ) ;
#1371 = CARTESIAN_POINT ( 'NONE',  ( 5.556101954980432467, -4.733868027268101741, 5.950296827205204586 ) ) ;
#1372 = ORIENTED_EDGE ( 'NONE', *, *, #2860, .T. ) ;
#1373 = DIRECTION ( 'NONE',  ( 0.000000000000000000, -1.000000000000000000, 0.000000000000000000 ) ) ;
#1374 = CARTESIAN_POINT ( 'NONE',  ( -0.9178932188134525383, 4.725000000000001421, 0.8890000000000000124 ) ) ;
#1375 = CARTESIAN_POINT ( 'NONE',  ( -9.411354347815452215, 2.389000000000000234, 14.94725602919482910 ) ) ;
#1376 = CARTESIAN_POINT ( 'NONE',  ( -9.917372312434597603, -0.4999999999991466271, 3.960999999999999410 ) ) ;
#1377 = VERTEX_POINT ( 'NONE', #2202 ) ;
#1378 = LOCAL_TIME ( 14, 39, 18.00000000000000000, #2717 ) ;
#1379 = EDGE_CURVE ( 'NONE', #856, #427, #451, .T. ) ;
#1380 = VECTOR ( 'NONE', #4392, 999.9999999999998863 ) ;
#1381 = EDGE_CURVE ( 'NONE', #2490, #1377, #915, .T. ) ;
#1382 = CARTESIAN_POINT ( 'NONE',  ( 3.025454121682177089, -4.031652659504376679, 7.768151440060389490 ) ) ;
#1383 = ORIENTED_EDGE ( 'NONE', *, *, #1386, .T. ) ;
#1384 = CARTESIAN_POINT ( 'NONE',  ( -3.265259330186732090, -500000.0000000000582, 12.20000000000000107 ) ) ;
#1385 = CARTESIAN_POINT ( 'NONE',  ( -5.385805333134982220, -3.600000000000001421, 8.555709446826924136 ) ) ;
#1386 = EDGE_CURVE ( 'NONE', #3053, #3247, #745, .T. ) ;
#1387 = EDGE_CURVE ( 'NONE', #1639, #2263, #1096, .T. ) ;
#1388 = VECTOR ( 'NONE', #1645, 1000.000000000000000 ) ;
#1389 = VECTOR ( 'NONE', #408, 999.9999999999998863 ) ;
#1390 = ORIENTED_EDGE ( 'NONE', *, *, #2308, .F. ) ;
#1391 = CARTESIAN_POINT ( 'NONE',  ( -15.16138137550286125, 0.5000000000171729297, 0.8890000000000000124 ) ) ;
#1392 = CARTESIAN_POINT ( 'NONE',  ( -12.55000000000000782, -6.224999999999989875, 1.000000000000004885 ) ) ;
#1393 = ORIENTED_EDGE ( 'NONE', *, *, #3246, .T. ) ;
#1394 = VERTEX_POINT ( 'NONE', #2675 ) ;
#1395 = CARTESIAN_POINT ( 'NONE',  ( -15.98536182526678573, 1.854276378895644450, 4.454471836606760604 ) ) ;
#1396 = LINE ( 'NONE', #4122, #1346 ) ;
#1397 = CARTESIAN_POINT ( 'NONE',  ( 2.314649096315678722, 5.460999999999999410, 16.97462037405618318 ) ) ;
#1398 = CARTESIAN_POINT ( 'NONE',  ( 8.579965636155902686, -3.650523335941292746, 7.348176050737801113 ) ) ;
#1399 = EDGE_CURVE ( 'NONE', #68, #35, #2735, .T. ) ;
#1400 = CARTESIAN_POINT ( 'NONE',  ( -12.55000000000000782, -6.224999999999989875, 1.000000000000004885 ) ) ;
#1401 = CARTESIAN_POINT ( 'NONE',  ( 6.349999999999999645, 2.389000000000000234, 12.69999999999999929 ) ) ;
#1402 = VERTEX_POINT ( 'NONE', #1473 ) ;
#1403 = DIRECTION ( 'NONE',  ( 0.000000000000000000, 0.000000000000000000, -1.000000000000000000 ) ) ;
#1404 = CARTESIAN_POINT ( 'NONE',  ( -5.224598808311549547, 3.023499211273511733, 15.62052137333062518 ) ) ;
#1405 = CARTESIAN_POINT ( 'NONE',  ( -15.60407036429962169, 1.378095922306388443, 0.1250000000000111855 ) ) ;
#1406 = DIRECTION ( 'NONE',  ( -0.7071067811865249242, 0.000000000000000000, -0.7071067811865702213 ) ) ;
#1407 = ORIENTED_EDGE ( 'NONE', *, *, #1449, .T. ) ;
#1408 = CARTESIAN_POINT ( 'NONE',  ( 14.73318147452179439, -0.4999999999926483807, 2.180031765460849869 ) ) ;
#1409 = ORIENTED_EDGE ( 'NONE', *, *, #792, .T. ) ;
#1410 = LINE ( 'NONE', #3688, #3012 ) ;
#1411 = CARTESIAN_POINT ( 'NONE',  ( -14.40908501240955530, -1.026901838742711792, 1.124992819977453484 ) ) ;
#1412 = ORIENTED_EDGE ( 'NONE', *, *, #2740, .F. ) ;
#1413 = LINE ( 'NONE', #4010, #1673 ) ;
#1414 = EDGE_LOOP ( 'NONE', ( #1597, #2791, #1762, #1360, #1521, #4601 ) ) ;
#1415 = EDGE_CURVE ( 'NONE', #1188, #4729, #4778, .T. ) ;
#1416 = EDGE_CURVE ( 'NONE', #2450, #4413, #4872, .T. ) ;
#1417 = CARTESIAN_POINT ( 'NONE',  ( -2.332106781186528810, -4.725000000000019185, 5.980178226026757748 ) ) ;
#1418 = AXIS2_PLACEMENT_3D ( 'NONE', #2916, #4433, #1047 ) ;
#1419 = VERTEX_POINT ( 'NONE', #3030 ) ;
#1420 = CARTESIAN_POINT ( 'NONE',  ( 4.238213085257790169, 6.224999999999999645, 18.89995333298905322 ) ) ;
#1421 = CARTESIAN_POINT ( 'NONE',  ( 0.04883333333333142456, -6.225000000000004974, 6.224999999999988098 ) ) ;
#1422 = CARTESIAN_POINT ( 'NONE',  ( 12.39118070922603465, -4.067225328777182014, 1.111922247310282108 ) ) ;
#1423 = CARTESIAN_POINT ( 'NONE',  ( 8.449999999999999289, 2.571758278209440478E-16, 5.460999999999999410 ) ) ;
#1424 = DIRECTION ( 'NONE',  ( 0.000000000000000000, 1.000000000000000000, 0.000000000000000000 ) ) ;
#1425 = DIRECTION ( 'NONE',  ( 0.000000000000000000, 0.000000000000000000, -1.000000000000000000 ) ) ;
#1426 = VECTOR ( 'NONE', #1106, 1000.000000000000000 ) ;
#1427 = CARTESIAN_POINT ( 'NONE',  ( 5.032991422037431592E-13, -3.599999999988045651, 8.598721127944994436 ) ) ;
#1428 = PLANE ( 'NONE',  #1693 ) ;
#1429 = CARTESIAN_POINT ( 'NONE',  ( 0.000000000000000000, 6.224999999999999645, 0.1250000000000001110 ) ) ;
#1430 = VECTOR ( 'NONE', #4056, 1000.000000000000000 ) ;
#1431 = ORIENTED_EDGE ( 'NONE', *, *, #4008, .T. ) ;
#1432 = DIRECTION ( 'NONE',  ( -9.946141471616773253E-16, -0.000000000000000000, -1.000000000000000000 ) ) ;
#1433 = ORIENTED_EDGE ( 'NONE', *, *, #3003, .F. ) ;
#1434 = CARTESIAN_POINT ( 'NONE',  ( -3.915572494858784225, 2.363296985966639507, 15.24743401807193166 ) ) ;
#1435 = CARTESIAN_POINT ( 'NONE',  ( -13.23444630597748528, -2.977869899763522454, 2.227458328754188699 ) ) ;
#1436 = PLANE ( 'NONE',  #3289 ) ;
#1437 = CARTESIAN_POINT ( 'NONE',  ( -13.51387667145224647, 4.895230249845612391, 12.95772931760061120 ) ) ;
#1438 = VERTEX_POINT ( 'NONE', #3330 ) ;
#1439 = CARTESIAN_POINT ( 'NONE',  ( 10.50868369253360513, 2.860911045984863232, 15.34887631001100772 ) ) ;
#1440 = EDGE_LOOP ( 'NONE', ( #4817, #4395, #1491, #500, #878, #4805, #2225, #2620, #76, #2868 ) ) ;
#1441 = EDGE_CURVE ( 'NONE', #2591, #2915, #4841, .T. ) ;
#1442 = ADVANCED_FACE ( 'NONE', ( #4464 ), #1152, .T. ) ;
#1443 = ADVANCED_FACE ( 'NONE', ( #1125 ), #789, .T. ) ;
#1444 = VERTEX_POINT ( 'NONE', #1913 ) ;
#1445 = DIRECTION ( 'NONE',  ( 0.000000000000000000, -0.000000000000000000, -1.000000000000000000 ) ) ;
#1446 = CARTESIAN_POINT ( 'NONE',  ( -3.457106781186546129, -3.599999999999999645, 8.584227566263793463 ) ) ;
#1447 = CARTESIAN_POINT ( 'NONE',  ( 11.80019288212193374, -4.781259380362921085, 0.4334764116805977507 ) ) ;
#1448 = VECTOR ( 'NONE', #114, 1000.000000000000000 ) ;
#1449 = EDGE_CURVE ( 'NONE', #1296, #4220, #768, .T. ) ;
#1450 = CARTESIAN_POINT ( 'NONE',  ( 14.63548341095812866, -0.4999999999963484210, 3.523509234131148915 ) ) ;
#1451 = ORIENTED_EDGE ( 'NONE', *, *, #2256, .F. ) ;
#1452 = DIRECTION ( 'NONE',  ( 0.000000000000000000, 0.000000000000000000, 1.000000000000000000 ) ) ;
#1453 = CARTESIAN_POINT ( 'NONE',  ( -4.486502985212286632, -2.570603795974262251, 3.961000000003878085 ) ) ;
#1454 = AXIS2_PLACEMENT_3D ( 'NONE', #1554, #3801, #115 ) ;
#1455 = CARTESIAN_POINT ( 'NONE',  ( -18.89999999999999858, 6.224999999999994316, 2.325489378203831947 ) ) ;
#1456 = CARTESIAN_POINT ( 'NONE',  ( -0.5000000000000004441, 5.460999999999999410, 5.460999999999999410 ) ) ;
#1457 = DIRECTION ( 'NONE',  ( 0.000000000000000000, 1.000000000000000000, 0.000000000000000000 ) ) ;
#1458 = ORIENTED_EDGE ( 'NONE', *, *, #1910, .T. ) ;
#1459 = FACE_OUTER_BOUND ( 'NONE', #816, .T. ) ;
#1460 = ORIENTED_EDGE ( 'NONE', *, *, #4038, .T. ) ;
#1461 = CARTESIAN_POINT ( 'NONE',  ( -8.450000000000001066, -5.204748896376249713E-16, 5.460999999999999410 ) ) ;
#1462 = CARTESIAN_POINT ( 'NONE',  ( -12.96662494692196077, -3.346898863596116769, 2.032705533883384152 ) ) ;
#1463 = EDGE_CURVE ( 'NONE', #3010, #1642, #629, .T. ) ;
#1464 = AXIS2_PLACEMENT_3D ( 'NONE', #2755, #3888, #1299 ) ;
#1465 =( NAMED_UNIT ( * ) PLANE_ANGLE_UNIT ( ) SI_UNIT ( $, .RADIAN. ) );
#1466 = FACE_OUTER_BOUND ( 'NONE', #2517, .T. ) ;
#1467 = VERTEX_POINT ( 'NONE', #4687 ) ;
#1468 = CARTESIAN_POINT ( 'NONE',  ( -7.741665817936075555, -3.329217160825903576, 8.982914689892565363 ) ) ;
#1469 = CIRCLE ( 'NONE', #4711, 3.175000000000000711 ) ;
#1470 = ORIENTED_EDGE ( 'NONE', *, *, #3625, .F. ) ;
#1471 = CARTESIAN_POINT ( 'NONE',  ( 4.486502985212287520, -2.570603795974264916, 500000.0000000000582 ) ) ;
#1472 = VECTOR ( 'NONE', #3264, 1000.000000000000000 ) ;
#1473 = CARTESIAN_POINT ( 'NONE',  ( -11.20477579580094663, 4.724999999999616840, 16.06975191876192355 ) ) ;
#1474 = CARTESIAN_POINT ( 'NONE',  ( -12.12530017404464111, -4.423819735682357646, 1.440115325661066592 ) ) ;
#1475 = PLANE ( 'NONE',  #2921 ) ;
#1476 = ORIENTED_EDGE ( 'NONE', *, *, #2015, .T. ) ;
#1477 = PLANE ( 'NONE',  #1627 ) ;
#1478 = CARTESIAN_POINT ( 'NONE',  ( -6.350000000000000533, -2.600000000000000089, 5.460999999999999410 ) ) ;
#1479 = ADVANCED_FACE ( 'NONE', ( #446 ), #522, .T. ) ;
#1480 = CARTESIAN_POINT ( 'NONE',  ( 5.875659233868796072, -4.247469098088867412, 12.18511441221576952 ) ) ;
#1481 = EDGE_CURVE ( 'NONE', #445, #403, #972, .T. ) ;
#1482 = CARTESIAN_POINT ( 'NONE',  ( 9.241217091709643228, -2.162105535543261237, 9.559481097864280130 ) ) ;
#1483 = CARTESIAN_POINT ( 'NONE',  ( -2.441666666666647778, -6.225000000000000533, 6.224999999999998757 ) ) ;
#1484 = VERTEX_POINT ( 'NONE', #3133 ) ;
#1485 = DIRECTION ( 'NONE',  ( 0.000000000000000000, 0.000000000000000000, -1.000000000000000000 ) ) ;
#1486 = ORIENTED_EDGE ( 'NONE', *, *, #1310, .T. ) ;
#1487 = CARTESIAN_POINT ( 'NONE',  ( -0.3410483235742261532, 2.356092265945976649, 15.28912430261527255 ) ) ;
#1488 = CARTESIAN_POINT ( 'NONE',  ( -9.241109702486518529, -2.162495356225166088, 9.558973837893878667 ) ) ;
#1489 = CARTESIAN_POINT ( 'NONE',  ( 9.146863876752771461, 0.8890000000000000124, 15.75985208288968664 ) ) ;
#1490 = CARTESIAN_POINT ( 'NONE',  ( 0.4999999999999997780, -2.764972006980717545, 5.460999999999999410 ) ) ;
#1491 = ORIENTED_EDGE ( 'NONE', *, *, #218, .T. ) ;
#1492 = EDGE_CURVE ( 'NONE', #3130, #1621, #860, .T. ) ;
#1493 = DIRECTION ( 'NONE',  ( 0.000000000000000000, 0.000000000000000000, 1.000000000000000000 ) ) ;
#1494 = ORIENTED_EDGE ( 'NONE', *, *, #2478, .T. ) ;
#1495 = CARTESIAN_POINT ( 'NONE',  ( -9.434740669813267644, 5.460999999999999410, 12.20000000000000284 ) ) ;
#1496 = ORIENTED_EDGE ( 'NONE', *, *, #4736, .F. ) ;
#1497 = CARTESIAN_POINT ( 'NONE',  ( 2.794889235064049071, 5.460999999999999410, 16.96221754612194133 ) ) ;
#1498 = CARTESIAN_POINT ( 'NONE',  ( 10.78537026688777445, -4.182812429244314956, 3.155201829598736740 ) ) ;
#1499 = B_SPLINE_CURVE_WITH_KNOTS ( 'NONE', 3,
 ( #3290, #4491, #4083, #1375 ),
 .UNSPECIFIED., .F., .F.,
 ( 4, 4 ),
 ( 0.008505739824094325774, 0.009480904265247294682 ),
 .UNSPECIFIED. ) ;
#1500 = CARTESIAN_POINT ( 'NONE',  ( -12.54999999999999183, -6.225000000000004086, 0.1249999999999999445 ) ) ;
#1501 = ORIENTED_EDGE ( 'NONE', *, *, #3512, .T. ) ;
#1502 = CARTESIAN_POINT ( 'NONE',  ( 0.7992705204871262126, 4.877476219721354589, 16.79765760733601709 ) ) ;
#1503 = CARTESIAN_POINT ( 'NONE',  ( -15.55561544582948841, -2.592346409230949611, -0.04264096268716479482 ) ) ;
#1504 = DIRECTION ( 'NONE',  ( -0.000000000000000000, 1.000000000000000000, -0.000000000000000000 ) ) ;
#1505 = DIRECTION ( 'NONE',  ( 1.000000000000000000, 0.000000000000000000, 0.000000000000000000 ) ) ;
#1506 = B_SPLINE_CURVE_WITH_KNOTS ( 'NONE', 3,
 ( #759, #4482, #3347, #3025 ),
 .UNSPECIFIED., .F., .F.,
 ( 4, 4 ),
 ( 0.0008318422428337399416, 0.004091312558431800528 ),
 .UNSPECIFIED. ) ;
#1507 = EDGE_CURVE ( 'NONE', #1617, #279, #4233, .T. ) ;
#1508 = EDGE_CURVE ( 'NONE', #3593, #1939, #3990, .T. ) ;
#1509 = ADVANCED_FACE ( 'NONE', ( #3181 ), #2702, .T. ) ;
#1510 = VECTOR ( 'NONE', #1128, 1000.000000000000000 ) ;
#1511 = CARTESIAN_POINT ( 'NONE',  ( -9.917372312434597603, -0.4999999999991465160, 500000.0000000000582 ) ) ;
#1512 = ORIENTED_EDGE ( 'NONE', *, *, #3875, .T. ) ;
#1513 = CARTESIAN_POINT ( 'NONE',  ( -4.254530797807078990, 4.876277581119970783, 16.72489939008653437 ) ) ;
#1514 = CARTESIAN_POINT ( 'NONE',  ( 3.779396204025739614, -1.863497014787716566, 3.960999999999999410 ) ) ;
#1515 = VECTOR ( 'NONE', #4405, 1000.000000000000000 ) ;
#1516 = CARTESIAN_POINT ( 'NONE',  ( -7.324999999999945999, -6.225000000000001421, 6.224999999999995204 ) ) ;
#1517 = CARTESIAN_POINT ( 'NONE',  ( -0.01339973797522299448, -4.418356604033385260, 6.882563584761653530 ) ) ;
#1518 = VERTEX_POINT ( 'NONE', #885 ) ;
#1519 = AXIS2_PLACEMENT_3D ( 'NONE', #939, #1276, #2061 ) ;
#1520 = CARTESIAN_POINT ( 'NONE',  ( 11.85705832225257517, -4.725000000000015632, 0.8549117561474216531 ) ) ;
#1521 = ORIENTED_EDGE ( 'NONE', *, *, #750, .T. ) ;
#1522 = CARTESIAN_POINT ( 'NONE',  ( -9.485382751754560360, -0.5000000000000003331, 3.961000000003878085 ) ) ;
#1523 = CARTESIAN_POINT ( 'NONE',  ( 12.55000000000000782, -6.224999999999989875, 1.000000000000004885 ) ) ;
#1524 = DIRECTION ( 'NONE',  ( 0.7071067811865476838, -0.7071067811865474617, 0.000000000000000000 ) ) ;
#1525 = CARTESIAN_POINT ( 'NONE',  ( -12.41213377440237053, -4.069823607376418018, 1.638788613434458252 ) ) ;
#1526 = EDGE_CURVE ( 'NONE', #3134, #4777, #4617, .T. ) ;
#1527 = CARTESIAN_POINT ( 'NONE',  ( 9.485382751754562136, -0.5000000000000000000, 500000.0000000000582 ) ) ;
#1528 = EDGE_LOOP ( 'NONE', ( #1556, #4606, #2340, #4483, #1383, #1129 ) ) ;
#1529 = CARTESIAN_POINT ( 'NONE',  ( 1.513869950521766698E-15, -6.225000000000004974, 6.224999999999988098 ) ) ;
#1530 = CARTESIAN_POINT ( 'NONE',  ( 6.349999999999999645, -3.599999999999995648, 8.532475483752701706 ) ) ;
#1531 = CARTESIAN_POINT ( 'NONE',  ( -7.324999999999945999, -6.225000000000001421, 6.224999999999995204 ) ) ;
#1532 = ADVANCED_FACE ( 'NONE', ( #4296 ), #935, .F. ) ;
#1533 = ORIENTED_EDGE ( 'NONE', *, *, #193, .F. ) ;
#1534 = DIRECTION ( 'NONE',  ( 0.000000000000000000, 0.000000000000000000, 1.000000000000000000 ) ) ;
#1535 = AXIS2_PLACEMENT_3D ( 'NONE', #3190, #946, #2439 ) ;
#1536 = EDGE_LOOP ( 'NONE', ( #3375, #2029, #874, #2991 ) ) ;
#1537 = CARTESIAN_POINT ( 'NONE',  ( -2.427501140382824385, 3.567186732940466953, 16.09744267027955900 ) ) ;
#1538 = PLANE ( 'NONE',  #3436 ) ;
#1539 = CARTESIAN_POINT ( 'NONE',  ( 7.514215414308581309, -2.330603716601426179, 12.94126811040298008 ) ) ;
#1540 = ORIENTED_EDGE ( 'NONE', *, *, #3456, .T. ) ;
#1541 = CARTESIAN_POINT ( 'NONE',  ( 11.16739870315719330, 4.755732885186509940, 16.15095977792386250 ) ) ;
#1542 = EDGE_CURVE ( 'NONE', #1759, #1363, #85, .T. ) ;
#1543 = VECTOR ( 'NONE', #2149, 1000.000000000000000 ) ;
#1544 = EDGE_LOOP ( 'NONE', ( #630, #389, #4294, #2188 ) ) ;
#1545 = CARTESIAN_POINT ( 'NONE',  ( -6.349999999999999645, -7.776507174585692163E-16, 0.8890000000000000124 ) ) ;
#1546 = CARTESIAN_POINT ( 'NONE',  ( -15.72580228600416241, -2.685133562602979307, 2.950585012414202790 ) ) ;
#1547 = VECTOR ( 'NONE', #4713, 1000.000000000000000 ) ;
#1548 = DIRECTION ( 'NONE',  ( 0.000000000000000000, 0.000000000000000000, -1.000000000000000000 ) ) ;
#1549 = VERTEX_POINT ( 'NONE', #4246 ) ;
#1550 = VECTOR ( 'NONE', #3545, 1000.000000000000000 ) ;
#1551 = CARTESIAN_POINT ( 'NONE',  ( -10.08774464581311925, 6.225000000000061817, 500000.0000000000582 ) ) ;
#1552 = ORIENTED_EDGE ( 'NONE', *, *, #3308, .T. ) ;
#1553 = CARTESIAN_POINT ( 'NONE',  ( 1.591593360011289566E-16, 6.224999999999993427, 18.89999999999999503 ) ) ;
#1554 = CARTESIAN_POINT ( 'NONE',  ( -6.349999999999999645, 5.460999999999999410, 12.70000000000000107 ) ) ;
#1555 = CIRCLE ( 'NONE', #2021, 3.599999999999999645 ) ;
#1556 = ORIENTED_EDGE ( 'NONE', *, *, #112, .F. ) ;
#1557 = CARTESIAN_POINT ( 'NONE',  ( 15.55231359608210617, -2.590546215757661752, -0.1007135047216144580 ) ) ;
#1558 = EDGE_LOOP ( 'NONE', ( #1717, #3147, #4134, #4012 ) ) ;
#1559 = CARTESIAN_POINT ( 'NONE',  ( -1.052538334160756373, 6.271901933131532658, 17.31761641625369208 ) ) ;
#1560 = CARTESIAN_POINT ( 'NONE',  ( 6.349999999999999645, 5.460999999999999410, 12.69999999999999929 ) ) ;
#1561 = LINE ( 'NONE', #3067, #67 ) ;
#1562 = APPROVAL_ROLE ( '' ) ;
#1563 = FACE_OUTER_BOUND ( 'NONE', #4852, .T. ) ;
#1564 = ORIENTED_EDGE ( 'NONE', *, *, #2710, .T. ) ;
#1565 = CARTESIAN_POINT ( 'NONE',  ( -6.830352523518881292E-16, 0.8889999999986408774, 16.08448761175452546 ) ) ;
#1566 = ORIENTED_EDGE ( 'NONE', *, *, #4248, .T. ) ;
#1567 = ADVANCED_FACE ( 'NONE', ( #1571 ), #858, .T. ) ;
#1568 = DIRECTION ( 'NONE',  ( -0.000000000000000000, -0.000000000000000000, -1.000000000000000000 ) ) ;
#1569 = CARTESIAN_POINT ( 'NONE',  ( -5.556101954980408486, -4.733868027268053780, 5.950296827205352912 ) ) ;
#1570 = ORIENTED_EDGE ( 'NONE', *, *, #3280, .F. ) ;
#1571 = FACE_OUTER_BOUND ( 'NONE', #3129, .T. ) ;
#1572 = ORIENTED_EDGE ( 'NONE', *, *, #2072, .F. ) ;
#1573 = AXIS2_PLACEMENT_3D ( 'NONE', #1710, #1286, #897 ) ;
#1574 = CARTESIAN_POINT ( 'NONE',  ( -3.779396204025740058, -1.863497014787715678, 3.960999999999999410 ) ) ;
#1575 = ORIENTED_EDGE ( 'NONE', *, *, #4379, .F. ) ;
#1576 = CARTESIAN_POINT ( 'NONE',  ( -15.55319099449767961, -2.591024580014680279, -0.08528192537432958964 ) ) ;
#1577 = DIRECTION ( 'NONE',  ( 0.000000000000000000, -1.000000000000000000, 0.000000000000000000 ) ) ;
#1578 = ORIENTED_EDGE ( 'NONE', *, *, #1016, .T. ) ;
#1579 = CARTESIAN_POINT ( 'NONE',  ( -0.5000000000000002220, 0.8890000000000000124, 6.142893218813454403 ) ) ;
#1580 = VERTEX_POINT ( 'NONE', #2011 ) ;
#1581 = CARTESIAN_POINT ( 'NONE',  ( -10.26462996163157548, -4.854150446543233244, 2.345439091925215269 ) ) ;
#1582 = CARTESIAN_POINT ( 'NONE',  ( -7.961470219896429334, -3.219186811973940188, 9.159826742124954180 ) ) ;
#1583 = EDGE_LOOP ( 'NONE', ( #2599, #2399, #3412, #3443, #3803, #2368 ) ) ;
#1584 = CARTESIAN_POINT ( 'NONE',  ( 2.332106781186544353, 4.725000000000001421, 3.961000000003878085 ) ) ;
#1585 = FACE_OUTER_BOUND ( 'NONE', #4679, .T. ) ;
#1586 = EDGE_LOOP ( 'NONE', ( #1613, #806, #3733, #4356 ) ) ;
#1587 = VECTOR ( 'NONE', #838, 1000.000000000000000 ) ;
#1588 = AXIS2_PLACEMENT_3D ( 'NONE', #4061, #4827, #2864 ) ;
#1589 = DIRECTION ( 'NONE',  ( -0.7071067811865717756, 0.000000000000000000, 0.7071067811865231478 ) ) ;
#1590 = VERTEX_POINT ( 'NONE', #3534 ) ;
#1591 = VERTEX_POINT ( 'NONE', #1648 ) ;
#1592 = CARTESIAN_POINT ( 'NONE',  ( 4.084614310715466878, 3.568577854416132400, 16.05739955756254034 ) ) ;
#1593 = CARTESIAN_POINT ( 'NONE',  ( -0.5000000000000002220, 0.8890000000000000124, 6.142893218813454403 ) ) ;
#1594 = VERTEX_POINT ( 'NONE', #3159 ) ;
#1595 = ORIENTED_EDGE ( 'NONE', *, *, #1868, .F. ) ;
#1596 = CARTESIAN_POINT ( 'NONE',  ( -16.93330173969670938, 4.725000000000001421, 2.649940707686839758 ) ) ;
#1597 = ORIENTED_EDGE ( 'NONE', *, *, #78, .F. ) ;
#1598 = EDGE_CURVE ( 'NONE', #1419, #450, #4222, .T. ) ;
#1599 = ADVANCED_FACE ( 'NONE', ( #4662 ), #637, .T. ) ;
#1600 = CARTESIAN_POINT ( 'NONE',  ( -7.162740818362741457, -4.725000000000020961, 5.971234053733641467 ) ) ;
#1601 = CARTESIAN_POINT ( 'NONE',  ( 9.953030832551895912, 5.460999999999999410, 12.69999999999999929 ) ) ;
#1602 = CARTESIAN_POINT ( 'NONE',  ( 5.385805340927053209, -3.600000000000001421, 8.555709446650711314 ) ) ;
#1603 = EDGE_CURVE ( 'NONE', #3578, #1716, #2918, .T. ) ;
#1604 = CARTESIAN_POINT ( 'NONE',  ( 17.78568813773268076, 1.633797128264504295, 1.666879092697756359 ) ) ;
#1605 = EDGE_LOOP ( 'NONE', ( #1947, #2569, #3666, #786, #610, #1032, #1540, #1290, #619, #3078, #3988 ) ) ;
#1606 = LINE ( 'NONE', #1231, #2772 ) ;
#1607 = LINE ( 'NONE', #1139, #4528 ) ;
#1608 = LINE ( 'NONE', #1209, #145 ) ;
#1609 = CARTESIAN_POINT ( 'NONE',  ( 16.90284426461334277, 4.724999999999999645, 0.1250000000000041911 ) ) ;
#1610 = VERTEX_POINT ( 'NONE', #4783 ) ;
#1611 = DIRECTION ( 'NONE',  ( 0.000000000000000000, 1.000000000000000000, 0.000000000000000000 ) ) ;
#1612 = EDGE_CURVE ( 'NONE', #2672, #4772, #224, .T. ) ;
#1613 = ORIENTED_EDGE ( 'NONE', *, *, #3218, .T. ) ;
#1614 = CARTESIAN_POINT ( 'NONE',  ( 4.421876213986198678, 6.264990212047631957, 17.22833401853804602 ) ) ;
#1615 = CYLINDRICAL_SURFACE ( 'NONE', #1041, 3.175000000000001155 ) ;
#1616 = ORIENTED_EDGE ( 'NONE', *, *, #4113, .F. ) ;
#1617 = VERTEX_POINT ( 'NONE', #3648 ) ;
#1618 = EDGE_CURVE ( 'NONE', #3010, #409, #461, .T. ) ;
#1619 = B_SPLINE_CURVE_WITH_KNOTS ( 'NONE', 3,
 ( #4424, #2111, #2565, #3339 ),
 .UNSPECIFIED., .F., .F.,
 ( 4, 4 ),
 ( 2.059788199662751683E-05, 0.0003887862741649705258 ),
 .UNSPECIFIED. ) ;
#1620 = DIRECTION ( 'NONE',  ( 0.000000000000000000, -1.000000000000000000, 0.000000000000000000 ) ) ;
#1621 = VERTEX_POINT ( 'NONE', #1417 ) ;
#1622 = AXIS2_PLACEMENT_3D ( 'NONE', #1249, #912, #1699 ) ;
#1623 = CARTESIAN_POINT ( 'NONE',  ( -9.917372312432638282, -0.5000000000102677866, 11.50682726844005188 ) ) ;
#1624 = AXIS2_PLACEMENT_3D ( 'NONE', #3602, #1365, #1718 ) ;
#1625 = CARTESIAN_POINT ( 'NONE',  ( 0.000000000000000000, -6.225000000000019185, 0.1250000000000000000 ) ) ;
#1626 = DIRECTION ( 'NONE',  ( 0.000000000000000000, -1.000000000000000000, 0.000000000000000000 ) ) ;
#1627 = AXIS2_PLACEMENT_3D ( 'NONE', #3287, #2984, #3655 ) ;
#1628 = CIRCLE ( 'NONE', #4085, 2.099999999999997868 ) ;
#1629 = CARTESIAN_POINT ( 'NONE',  ( 9.411354347815473531, 2.389000000000000234, 7.238999999999999879 ) ) ;
#1630 = CARTESIAN_POINT ( 'NONE',  ( -9.434740669813269420, 2.521630422773947888, 13.20000000000000107 ) ) ;
#1631 = EDGE_CURVE ( 'NONE', #2017, #2552, #3278, .T. ) ;
#1632 = EDGE_CURVE ( 'NONE', #1377, #1296, #2079, .T. ) ;
#1633 = AXIS2_PLACEMENT_3D ( 'NONE', #2833, #1009, #2063 ) ;
#1634 = CARTESIAN_POINT ( 'NONE',  ( -9.056720225752950881, -0.5817993964737941948, 12.68159168771966705 ) ) ;
#1635 = CARTESIAN_POINT ( 'NONE',  ( -11.83730915039520859, -4.725000000000016520, 0.1250000000000052736 ) ) ;
#1636 = CARTESIAN_POINT ( 'NONE',  ( -4.522312344766379333, -500000.0000000000582, 10.16520556357983196 ) ) ;
#1637 = COORDINATED_UNIVERSAL_TIME_OFFSET ( 6, 0, .BEHIND. ) ;
#1638 = CARTESIAN_POINT ( 'NONE',  ( 4.653197108697918694, 2.525955212567757346, 15.32851999030251200 ) ) ;
#1639 = VERTEX_POINT ( 'NONE', #244 ) ;
#1640 = CARTESIAN_POINT ( 'NONE',  ( 2.332106781186533251, -4.725000000000017408, 0.8890000000000000124 ) ) ;
#1641 = CARTESIAN_POINT ( 'NONE',  ( 0.9178932188134509840, 4.725000000000001421, 500000.0000000000582 ) ) ;
#1642 = VERTEX_POINT ( 'NONE', #4412 ) ;
#1643 = ORIENTED_EDGE ( 'NONE', *, *, #1233, .F. ) ;
#1644 = CC_DESIGN_PERSON_AND_ORGANIZATION_ASSIGNMENT ( #3788, #1046, ( #2200 ) ) ;
#1645 = DIRECTION ( 'NONE',  ( 0.000000000000000000, 1.000000000000000000, 0.000000000000000000 ) ) ;
#1646 = CARTESIAN_POINT ( 'NONE',  ( 6.349999999999999645, 0.8890000000000000124, 12.69999999999999929 ) ) ;
#1647 = ORIENTED_EDGE ( 'NONE', *, *, #1508, .F. ) ;
#1648 = CARTESIAN_POINT ( 'NONE',  ( 9.411354347815475307, 2.388999999999999790, 14.94725602919483265 ) ) ;
#1649 = ORIENTED_EDGE ( 'NONE', *, *, #2047, .F. ) ;
#1650 = CARTESIAN_POINT ( 'NONE',  ( -12.67499999999999893, 6.224999999999997868, 18.09265550483547713 ) ) ;
#1651 = CARTESIAN_POINT ( 'NONE',  ( -8.179360420271350376E-16, -4.725000000000018296, 5.981083965094950550 ) ) ;
#1652 = FACE_OUTER_BOUND ( 'NONE', #2720, .T. ) ;
#1653 = DIRECTION ( 'NONE',  ( 1.000000000000000000, -3.372725549448445113E-17, -0.000000000000000000 ) ) ;
#1654 = CARTESIAN_POINT ( 'NONE',  ( -10.83868078663616075, 4.724999999999997868, 3.960999999999999410 ) ) ;
#1655 = CARTESIAN_POINT ( 'NONE',  ( -10.88919054376770390, -2.727536619690935638, 5.896252341394895069 ) ) ;
#1656 = CYLINDRICAL_SURFACE ( 'NONE', #4855, 3.125000000000000888 ) ;
#1657 = EDGE_CURVE ( 'NONE', #421, #4268, #3676, .T. ) ;
#1658 = EDGE_CURVE ( 'NONE', #2351, #1591, #4808, .T. ) ;
#1659 = EDGE_CURVE ( 'NONE', #2073, #4410, #4436, .T. ) ;
#1660 = ORIENTED_EDGE ( 'NONE', *, *, #3712, .T. ) ;
#1661 = FACE_OUTER_BOUND ( 'NONE', #3524, .T. ) ;
#1662 = CARTESIAN_POINT ( 'NONE',  ( -4.458749540665621711E-16, 2.496500692444134195, 17.27389865956577353 ) ) ;
#1663 = ORIENTED_EDGE ( 'NONE', *, *, #2437, .T. ) ;
#1664 = CARTESIAN_POINT ( 'NONE',  ( 9.895307910843948562, -0.6251334396009653460, 11.33531618317421064 ) ) ;
#1665 = EDGE_LOOP ( 'NONE', ( #3880, #7, #1669, #2756 ) ) ;
#1666 = VECTOR ( 'NONE', #2502, 1000.000000000000000 ) ;
#1667 = CARTESIAN_POINT ( 'NONE',  ( 17.90398371253465371, 1.585474116185143112, 5.000637278093269522 ) ) ;
#1668 = FACE_OUTER_BOUND ( 'NONE', #1243, .T. ) ;
#1669 = ORIENTED_EDGE ( 'NONE', *, *, #432, .T. ) ;
#1670 = ORIENTED_EDGE ( 'NONE', *, *, #3805, .F. ) ;
#1671 = CARTESIAN_POINT ( 'NONE',  ( -8.558671466834393904E-16, -4.191280767446277977, 10.87136134733610326 ) ) ;
#1672 = CIRCLE ( 'NONE', #4279, 3.175000000000000711 ) ;
#1673 = VECTOR ( 'NONE', #4041, 1000.000000000000000 ) ;
#1674 = DIRECTION ( 'NONE',  ( -0.000000000000000000, -1.000000000000000000, -0.000000000000000000 ) ) ;
#1675 = DIRECTION ( 'NONE',  ( -1.000000000000000000, 0.000000000000000000, 0.000000000000000000 ) ) ;
#1676 = CARTESIAN_POINT ( 'NONE',  ( 15.74286119186044175, 1.360466573409398361, 2.921128091540117211 ) ) ;
#1677 = EDGE_CURVE ( 'NONE', #1954, #1172, #3039, .T. ) ;
#1678 = ORIENTED_EDGE ( 'NONE', *, *, #4411, .F. ) ;
#1679 = FACE_OUTER_BOUND ( 'NONE', #130, .T. ) ;
#1680 = CARTESIAN_POINT ( 'NONE',  ( 12.55000000000000071, -6.224999999999994316, 0.7083333333333364790 ) ) ;
#1681 = CARTESIAN_POINT ( 'NONE',  ( 6.502964733964528676, -3.599999999999764722, 8.528789529969383665 ) ) ;
#1682 = B_SPLINE_CURVE_WITH_KNOTS ( 'NONE', 3,
 ( #1025, #2170, #4529, #1860, #4167, #716 ),
 .UNSPECIFIED., .F., .F.,
 ( 4, 2, 4 ),
 ( 8.069664249475097962E-05, 0.005973356633892278056, 0.01186601662528980611 ),
 .UNSPECIFIED. ) ;
#1683 = CARTESIAN_POINT ( 'NONE',  ( -9.411354347815452215, 2.389000000000000234, 14.94725602919482910 ) ) ;
#1684 = DIRECTION ( 'NONE',  ( 0.000000000000000000, 0.000000000000000000, -1.000000000000000000 ) ) ;
#1685 = CARTESIAN_POINT ( 'NONE',  ( 16.92482036776364396, 4.724999999999999645, 1.942477499726943169 ) ) ;
#1686 = ORIENTED_EDGE ( 'NONE', *, *, #2764, .T. ) ;
#1687 = CARTESIAN_POINT ( 'NONE',  ( -8.244120855168402429, -1.787036765386549542, 13.49369110684693673 ) ) ;
#1688 = B_SPLINE_CURVE_WITH_KNOTS ( 'NONE', 3,
 ( #2905, #703, #2109, #3312 ),
 .UNSPECIFIED., .F., .F.,
 ( 4, 4 ),
 ( 0.000000000000000000, 1.000000000000000000 ),
 .UNSPECIFIED. ) ;
#1689 = ORIENTED_EDGE ( 'NONE', *, *, #3568, .F. ) ;
#1690 = CARTESIAN_POINT ( 'NONE',  ( 1.135818007334561175, 2.357953836024107463, 15.28974104276970714 ) ) ;
#1691 = CARTESIAN_POINT ( 'NONE',  ( -8.910500157831743095, -0.4514852619340107842, 5.460999999999999410 ) ) ;
#1692 = ORIENTED_EDGE ( 'NONE', *, *, #4079, .F. ) ;
#1693 = AXIS2_PLACEMENT_3D ( 'NONE', #1061, #3037, #407 ) ;
#1694 = ORIENTED_EDGE ( 'NONE', *, *, #4761, .T. ) ;
#1695 = EDGE_CURVE ( 'NONE', #777, #279, #199, .T. ) ;
#1696 = DIRECTION ( 'NONE',  ( 0.1736481776669279720, -0.9848077530122085754, 0.000000000000000000 ) ) ;
#1697 = ORIENTED_EDGE ( 'NONE', *, *, #3049, .F. ) ;
#1698 = CARTESIAN_POINT ( 'NONE',  ( -9.895307910843950339, -0.6251334396009402550, 11.33531618317424439 ) ) ;
#1699 = DIRECTION ( 'NONE',  ( -1.000000000000000000, 0.000000000000000000, 0.000000000000000000 ) ) ;
#1700 = LINE ( 'NONE', #2062, #4435 ) ;
#1701 = AXIS2_PLACEMENT_3D ( 'NONE', #3409, #3056, #32 ) ;
#1702 = CARTESIAN_POINT ( 'NONE',  ( 6.040492162859600889, -3.818553490200822687, 8.210225849455406788 ) ) ;
#1703 = CARTESIAN_POINT ( 'NONE',  ( 6.349999999999998757, -2.600000000000000533, 18.90187766477306752 ) ) ;
#1704 = CC_DESIGN_DATE_AND_TIME_ASSIGNMENT ( #511, #3096, ( #2141 ) ) ;
#1705 = CARTESIAN_POINT ( 'NONE',  ( -15.19783363995298231, 0.2383701467555487952, 3.593347208731934028 ) ) ;
#1706 = AXIS2_PLACEMENT_3D ( 'NONE', #2902, #4053, #4418 ) ;
#1707 = CARTESIAN_POINT ( 'NONE',  ( 12.67499999999999893, 6.224999999999996980, 18.09265550483547713 ) ) ;
#1708 = FACE_OUTER_BOUND ( 'NONE', #1195, .T. ) ;
#1709 = VECTOR ( 'NONE', #3016, 1000.000000000000000 ) ;
#1710 = CARTESIAN_POINT ( 'NONE',  ( 6.349999999999999645, 0.000000000000000000, 5.460999999999999410 ) ) ;
#1711 = ORIENTED_EDGE ( 'NONE', *, *, #2953, .T. ) ;
#1712 = CARTESIAN_POINT ( 'NONE',  ( -6.709293237245383068, -2.580942561896955922, 12.68818871132421577 ) ) ;
#1713 = ORIENTED_EDGE ( 'NONE', *, *, #3861, .F. ) ;
#1714 = LINE ( 'NONE', #4338, #2484 ) ;
#1715 = CARTESIAN_POINT ( 'NONE',  ( -6.349999999999999645, 5.460999999999999410, 9.574999999999999289 ) ) ;
#1716 = VERTEX_POINT ( 'NONE', #3944 ) ;
#1717 = ORIENTED_EDGE ( 'NONE', *, *, #4769, .F. ) ;
#1718 = DIRECTION ( 'NONE',  ( 0.000000000000000000, 0.000000000000000000, -1.000000000000000000 ) ) ;
#1719 = ADVANCED_FACE ( 'NONE', ( #2451 ), #4361, .T. ) ;
#1720 = CARTESIAN_POINT ( 'NONE',  ( 9.427827143167746726, 2.482421864799629230, 13.24265287363055599 ) ) ;
#1721 = CARTESIAN_POINT ( 'NONE',  ( -2.441666666666647778, -6.225000000000000533, 6.224999999999998757 ) ) ;
#1722 = DIRECTION ( 'NONE',  ( 0.7071067811865474617, -0.000000000000000000, 0.7071067811865474617 ) ) ;
#1723 = DIRECTION ( 'NONE',  ( 0.000000000000000000, 0.000000000000000000, 1.000000000000000000 ) ) ;
#1724 = LINE ( 'NONE', #3518, #3051 ) ;
#1725 = CARTESIAN_POINT ( 'NONE',  ( -18.90000000000000213, 6.225000000000001421, 4.650978756407663894 ) ) ;
#1726 = CARTESIAN_POINT ( 'NONE',  ( 3.815205563579831871, -500000.0000000000582, 14.52768765523361694 ) ) ;
#1727 = DIRECTION ( 'NONE',  ( 0.000000000000000000, -1.000000000000000000, 0.000000000000000000 ) ) ;
#1728 = CARTESIAN_POINT ( 'NONE',  ( 10.85556971348509414, 4.051195560187621503, 15.79905561072032150 ) ) ;
#1729 = EDGE_LOOP ( 'NONE', ( #222, #2611 ) ) ;
#1730 = VERTEX_POINT ( 'NONE', #2522 ) ;
#1731 = CARTESIAN_POINT ( 'NONE',  ( 6.349999999999999645, 0.000000000000000000, 5.460999999999999410 ) ) ;
#1732 = AXIS2_PLACEMENT_3D ( 'NONE', #805, #365, #3399 ) ;
#1733 = B_SPLINE_CURVE_WITH_KNOTS ( 'NONE', 3,
 ( #803, #1926, #3448, #3066 ),
 .UNSPECIFIED., .F., .F.,
 ( 4, 4 ),
 ( 5.991635329593647877E-05, 0.003118141849522596855 ),
 .UNSPECIFIED. ) ;
#1734 = B_SPLINE_SURFACE_WITH_KNOTS ( 'NONE', 3, 3, ( 
 ( #1845, #4565, #61, #1553, #3414, #1088, #2260 ),
 ( #3060, #819, #2586, #795, #2304, #1180, #3387 ),
 ( #3036, #1480, #2683, #3361, #3780, #4106, #3083 ),
 ( #2659, #36, #452, #1529, #4130, #4200, #3752 ) ),
 .UNSPECIFIED., .F., .F., .F.,
 ( 4, 4 ),
 ( 4, 3, 4 ),
 ( 0.000000000000000000, 1.000000000000000000 ),
 ( 0.000000000000000000, 1.000000000000000000, 1.010000000000000009 ),
 .UNSPECIFIED. ) ;
#1735 = EDGE_LOOP ( 'NONE', ( #4688, #1298, #1048 ) ) ;
#1736 = CARTESIAN_POINT ( 'NONE',  ( 3.265259330186733866, 5.460999999999999410, 12.20000000000000284 ) ) ;
#1737 = FACE_OUTER_BOUND ( 'NONE', #2265, .T. ) ;
#1738 = ORIENTED_EDGE ( 'NONE', *, *, #4583, .T. ) ;
#1739 = ORIENTED_EDGE ( 'NONE', *, *, #2173, .T. ) ;
#1740 = CARTESIAN_POINT ( 'NONE',  ( 6.349999999999999645, 5.460999999999999410, 9.574999999999999289 ) ) ;
#1741 = CARTESIAN_POINT ( 'NONE',  ( -15.19638531168677176, 0.5000000000171733738, 0.8889999999999996794 ) ) ;
#1742 = EDGE_CURVE ( 'NONE', #2632, #476, #4013, .T. ) ;
#1743 = CARTESIAN_POINT ( 'NONE',  ( -7.324999999999945999, -6.225000000000001421, 6.224999999999995204 ) ) ;
#1744 = EDGE_CURVE ( 'NONE', #3778, #2050, #957, .T. ) ;
#1745 = CARTESIAN_POINT ( 'NONE',  ( 13.14838844466302170, -2.941083207464830984, 0.07153068227246446587 ) ) ;
#1746 = CIRCLE ( 'NONE', #4506, 2.099999999999999645 ) ;
#1747 = DIRECTION ( 'NONE',  ( 1.000000000000000000, 0.000000000000000000, 0.000000000000000000 ) ) ;
#1748 = CARTESIAN_POINT ( 'NONE',  ( 3.214617248245438041, -0.5000000000000002220, 3.960999999999999410 ) ) ;
#1749 = CARTESIAN_POINT ( 'NONE',  ( -17.90398371253465371, 1.585474116185143112, 5.000637278093269522 ) ) ;
#1750 = LINE ( 'NONE', #1089, #4302 ) ;
#1751 = CARTESIAN_POINT ( 'NONE',  ( -14.76512103317450730, -0.4999999999914200854, 2.896702984541518866 ) ) ;
#1752 = CARTESIAN_POINT ( 'NONE',  ( 10.62309898488595472, 3.388300960528920047, 15.46608909602278104 ) ) ;
#1753 = VERTEX_POINT ( 'NONE', #1761 ) ;
#1754 = CARTESIAN_POINT ( 'NONE',  ( -2.794889235063282129, 5.460999999999999410, 16.96221754612252042 ) ) ;
#1755 = EDGE_LOOP ( 'NONE', ( #4264, #3463, #3647, #1979, #3719, #4703, #1460, #3023, #2598, #4139, #4534, #2753, #280, #3600, #1758, #4578, #4575, #100 ) ) ;
#1756 = LINE ( 'NONE', #1391, #4466 ) ;
#1757 = DIRECTION ( 'NONE',  ( 0.000000000000000000, 0.000000000000000000, 1.000000000000000000 ) ) ;
#1758 = ORIENTED_EDGE ( 'NONE', *, *, #208, .F. ) ;
#1759 = VERTEX_POINT ( 'NONE', #1740 ) ;
#1760 = EDGE_CURVE ( 'NONE', #2402, #3886, #3393, .T. ) ;
#1761 = CARTESIAN_POINT ( 'NONE',  ( 0.9178932188134509840, 4.725000000000001421, 3.961000000003878085 ) ) ;
#1762 = ORIENTED_EDGE ( 'NONE', *, *, #2223, .T. ) ;
#1763 = AXIS2_PLACEMENT_3D ( 'NONE', #788, #2654, #4171 ) ;
#1764 = CARTESIAN_POINT ( 'NONE',  ( 0.7432795950069416291, 2.389000000000000234, -91.99541463433266131 ) ) ;
#1765 = CARTESIAN_POINT ( 'NONE',  ( -7.205996882683219695, 0.3683307323485259244, 16.77416561240788084 ) ) ;
#1766 = CARTESIAN_POINT ( 'NONE',  ( 12.75061607377555184, -2.542935826989767278, 3.378498214319498150 ) ) ;
#1767 = CARTESIAN_POINT ( 'NONE',  ( -11.85705832225257517, -4.725000000000017408, 0.8549117561474216531 ) ) ;
#1768 = CARTESIAN_POINT ( 'NONE',  ( 9.850302165858613179, 4.878396780228876572, 16.29392948819191034 ) ) ;
#1769 = CARTESIAN_POINT ( 'NONE',  ( -6.927626607689396643, 3.443495351532940507, 15.77734154186420312 ) ) ;
#1770 = CARTESIAN_POINT ( 'NONE',  ( 9.641039181993827256, -1.477606863719498564, 10.25052326913813694 ) ) ;
#1771 = CARTESIAN_POINT ( 'NONE',  ( 8.910500157831739543, -0.4514852619340304907, 5.460999999999999410 ) ) ;
#1772 = SECURITY_CLASSIFICATION ( '', '', #465 ) ;
#1773 = AXIS2_PLACEMENT_3D ( 'NONE', #3076, #2327, #3867 ) ;
#1774 = EDGE_CURVE ( 'NONE', #3767, #2919, #1682, .T. ) ;
#1775 = CARTESIAN_POINT ( 'NONE',  ( -7.097034884414166471E-13, -3.821479230126193727, 8.176443151718430613 ) ) ;
#1776 = ORIENTED_EDGE ( 'NONE', *, *, #9, .F. ) ;
#1777 = AXIS2_PLACEMENT_3D ( 'NONE', #3291, #4401, #4849 ) ;
#1778 = VERTEX_POINT ( 'NONE', #4556 ) ;
#1779 = FACE_OUTER_BOUND ( 'NONE', #3072, .T. ) ;
#1780 = CARTESIAN_POINT ( 'NONE',  ( -12.61898488855590372, -3.690515522439541396, 0.07301377753264980119 ) ) ;
#1781 = AXIS2_PLACEMENT_3D ( 'NONE', #1058, #1424, #1452 ) ;
#1782 = CIRCLE ( 'NONE', #4550, 2.099999999999997868 ) ;
#1783 = ORIENTED_EDGE ( 'NONE', *, *, #1824, .F. ) ;
#1784 = CARTESIAN_POINT ( 'NONE',  ( -10.78906273388258086, 0.3906354500405988528, 16.46671491501935947 ) ) ;
#1785 = FACE_OUTER_BOUND ( 'NONE', #1414, .T. ) ;
#1786 = EDGE_LOOP ( 'NONE', ( #918, #174, #4681, #4168, #1338 ) ) ;
#1787 = AXIS2_PLACEMENT_3D ( 'NONE', #3237, #2019, #3258 ) ;
#1788 = CARTESIAN_POINT ( 'NONE',  ( -16.54241547903921372, 3.270126621506258768, 5.137671352671012492 ) ) ;
#1789 = ADVANCED_FACE ( 'NONE', ( #3743 ), #4425, .F. ) ;
#1790 = VERTEX_POINT ( 'NONE', #4504 ) ;
#1791 = DIRECTION ( 'NONE',  ( 0.000000000000000000, -0.000000000000000000, 1.000000000000000000 ) ) ;
#1792 = CARTESIAN_POINT ( 'NONE',  ( 0.04239327648498604495, 6.224999999999993427, 18.89999999999999503 ) ) ;
#1793 = CARTESIAN_POINT ( 'NONE',  ( 13.97299113945713955, -1.831043366748422940, 1.898338760152683768 ) ) ;
#1794 = B_SPLINE_CURVE_WITH_KNOTS ( 'NONE', 3,
 ( #31, #1151, #4508, #1523 ),
 .UNSPECIFIED., .F., .F.,
 ( 4, 4 ),
 ( 0.000000000000000000, 1.000000000000000000 ),
 .UNSPECIFIED. ) ;
#1795 = DIRECTION ( 'NONE',  ( 0.7071067811865474617, -0.7071067811865474617, 0.000000000000000000 ) ) ;
#1796 = LINE ( 'NONE', #3702, #3605 ) ;
#1797 = CARTESIAN_POINT ( 'NONE',  ( 4.486502985212286632, 2.570603795974262695, 0.8890000000000000124 ) ) ;
#1798 = CARTESIAN_POINT ( 'NONE',  ( -5.069362170665569600, 2.906054147474217420, 15.55502546733077729 ) ) ;
#1799 = DIRECTION ( 'NONE',  ( 0.000000000000000000, 0.000000000000000000, 1.000000000000000000 ) ) ;
#1800 = CARTESIAN_POINT ( 'NONE',  ( -14.69472980344482593, -0.4999999999905523906, 1.319313379733016101 ) ) ;
#1801 = CARTESIAN_POINT ( 'NONE',  ( 0.01229081895658571885, -3.592135937097263199, 8.613657295333352337 ) ) ;
#1802 = ORIENTED_EDGE ( 'NONE', *, *, #1507, .T. ) ;
#1803 = FACE_OUTER_BOUND ( 'NONE', #3048, .T. ) ;
#1804 = CARTESIAN_POINT ( 'NONE',  ( -9.804097804558013607, -1.040577346182241403, 10.77700870736607541 ) ) ;
#1805 = EDGE_CURVE ( 'NONE', #3507, #758, #4834, .T. ) ;
#1806 = EDGE_CURVE ( 'NONE', #1859, #64, #2975, .T. ) ;
#1807 = EDGE_CURVE ( 'NONE', #2677, #2423, #345, .T. ) ;
#1808 = B_SPLINE_CURVE_WITH_KNOTS ( 'NONE', 3,
 ( #3992, #2060, #1324, #4642 ),
 .UNSPECIFIED., .F., .F.,
 ( 4, 4 ),
 ( 0.0002146582242906664470, 0.0005828466164589939146 ),
 .UNSPECIFIED. ) ;
#1809 = DIRECTION ( 'NONE',  ( -0.7071067811865475727, 0.7071067811865475727, 0.000000000000000000 ) ) ;
#1810 = PLANE ( 'NONE',  #638 ) ;
#1811 = EDGE_LOOP ( 'NONE', ( #3942, #2214, #3225, #387 ) ) ;
#1812 = CARTESIAN_POINT ( 'NONE',  ( 12.19617179502138882, 1.431441093988367497, 11.10835483925031220 ) ) ;
#1813 = EDGE_LOOP ( 'NONE', ( #4714, #4600, #2416, #3830 ) ) ;
#1814 = EDGE_LOOP ( 'NONE', ( #3303, #955 ) ) ;
#1815 = CARTESIAN_POINT ( 'NONE',  ( -6.830352523518881292E-16, 0.8889999999986408774, 16.08448761175452546 ) ) ;
#1816 = PRODUCT_DEFINITION_SHAPE ( 'NONE', 'NONE',  #2141 ) ;
#1817 = CARTESIAN_POINT ( 'NONE',  ( 4.520691587696541447, 2.389000000000001567, 15.24131959454445351 ) ) ;
#1818 = CARTESIAN_POINT ( 'NONE',  ( 12.37025587896573775, -4.064676846201581206, 0.5850036648887454449 ) ) ;
#1819 = CARTESIAN_POINT ( 'NONE',  ( 0.4999999999999995559, -2.599999999999999645, 5.460999999999999410 ) ) ;
#1820 = CARTESIAN_POINT ( 'NONE',  ( 14.63548341098190875, -0.4999999999916613924, 500000.0000000000582 ) ) ;
#1821 = DIRECTION ( 'NONE',  ( 0.000000000000000000, 0.000000000000000000, 1.000000000000000000 ) ) ;
#1822 = AXIS2_PLACEMENT_3D ( 'NONE', #2852, #3628, #525 ) ;
#1823 = DIRECTION ( 'NONE',  ( 0.000000000000000000, 0.000000000000000000, -1.000000000000000000 ) ) ;
#1824 = EDGE_CURVE ( 'NONE', #435, #482, #4102, .T. ) ;
#1825 = CARTESIAN_POINT ( 'NONE',  ( 7.961470219896413347, -3.219186811973975715, 9.159826742124899113 ) ) ;
#1826 = CARTESIAN_POINT ( 'NONE',  ( -14.71397890783854301, -0.4999999999907887571, 1.749629009316229222 ) ) ;
#1827 = CARTESIAN_POINT ( 'NONE',  ( -15.21058622609276512, 0.5000000000143562939, 3.958835810742666439 ) ) ;
#1828 = ORIENTED_EDGE ( 'NONE', *, *, #4547, .F. ) ;
#1829 = FACE_OUTER_BOUND ( 'NONE', #859, .T. ) ;
#1830 = CARTESIAN_POINT ( 'NONE',  ( -16.47672282099532737, 3.025970745778616244, 5.117782812549370064 ) ) ;
#1831 = CARTESIAN_POINT ( 'NONE',  ( 1.596106781186545476, 2.389000000000000234, 7.238999999999999879 ) ) ;
#1832 = DIRECTION ( 'NONE',  ( 0.7071067811865470176, 0.7071067811865480168, 0.000000000000000000 ) ) ;
#1833 = VERTEX_POINT ( 'NONE', #1834 ) ;
#1834 = CARTESIAN_POINT ( 'NONE',  ( -7.324999999999945999, -6.225000000000001421, 6.224999999999995204 ) ) ;
#1835 = ORIENTED_EDGE ( 'NONE', *, *, #3049, .T. ) ;
#1836 = EDGE_CURVE ( 'NONE', #4230, #2121, #1506, .T. ) ;
#1837 = ADVANCED_FACE ( 'NONE', ( #1908 ), #3429, .T. ) ;
#1838 = FACE_OUTER_BOUND ( 'NONE', #17, .T. ) ;
#1839 = CARTESIAN_POINT ( 'NONE',  ( 12.54999999999999183, -6.225000000000003197, 0.1250000000000000000 ) ) ;
#1840 = CARTESIAN_POINT ( 'NONE',  ( 10.82575272504529806, -1.221133332879100530, 8.950022166852088290 ) ) ;
#1841 = B_SPLINE_CURVE_WITH_KNOTS ( 'NONE', 3,
 ( #270, #300, #4074, #721 ),
 .UNSPECIFIED., .F., .F.,
 ( 4, 4 ),
 ( 0.001663770361278345310, 0.003968756996165915749 ),
 .UNSPECIFIED. ) ;
#1842 = CARTESIAN_POINT ( 'NONE',  ( 9.953030832551895912, 5.460999999999999410, 12.20000000000000107 ) ) ;
#1843 = CARTESIAN_POINT ( 'NONE',  ( 13.90585318000982262, -1.984460041794382512, 2.470271390953490354 ) ) ;
#1844 = CARTESIAN_POINT ( 'NONE',  ( 3.815205563579831871, -500000.0000000000582, 14.52768765523361694 ) ) ;
#1845 = CARTESIAN_POINT ( 'NONE',  ( 12.67499999999999893, 6.224999999999996980, 18.09265550483547713 ) ) ;
#1846 = CARTESIAN_POINT ( 'NONE',  ( -9.917372312432638282, -0.5000000000102677866, 11.50682726844005188 ) ) ;
#1847 = CARTESIAN_POINT ( 'NONE',  ( -14.78104022996068423, -0.4999999999916129312, 3.255083369739770749 ) ) ;
#1848 = EDGE_CURVE ( 'NONE', #882, #1183, #4163, .T. ) ;
#1849 = LINE ( 'NONE', #3292, #2166 ) ;
#1850 = ORIENTED_EDGE ( 'NONE', *, *, #938, .F. ) ;
#1851 = CARTESIAN_POINT ( 'NONE',  ( -1.277300119917873733, 6.271483776125744924, 17.31474302927520981 ) ) ;
#1852 = APPROVAL_PERSON_ORGANIZATION ( #827, #4274, #2317 ) ;
#1853 = CARTESIAN_POINT ( 'NONE',  ( -9.635836111610394994, -1.476133637150207845, 10.25754592359278128 ) ) ;
#1854 = AXIS2_PLACEMENT_3D ( 'NONE', #1866, #376, #2981 ) ;
#1855 = B_SPLINE_SURFACE_WITH_KNOTS ( 'NONE', 3, 3, ( 
 ( #3762, #846, #3018, #3474, #1581, #1207, #2335 ),
 ( #4520, #4160, #413, #1901, #3423, #1974, #3519 ),
 ( #3497, #945, #3168, #579, #1995, #3189, #2792 ),
 ( #166, #1331, #1254, #1655, #4672, #4349, #533 ),
 ( #966, #1282, #4305, #507, #919, #119, #2359 ),
 ( #2045, #4280, #3853, #3118, #2065, #2022, #142 ),
 ( #1634, #3543, #2418, #1307, #3876, #866, #1705 ) ),
 .UNSPECIFIED., .F., .F., .F.,
 ( 4, 3, 4 ),
 ( 4, 3, 4 ),
 ( 0.000000000000000000, 0.2348051731114549900, 0.4696103462229100911 ),
 ( 0.02875349006380705993, 0.5010463887284769546, 0.9733392873931469014 ),
 .UNSPECIFIED. ) ;
#1856 = AXIS2_PLACEMENT_3D ( 'NONE', #2454, #2926, #297 ) ;
#1857 = CARTESIAN_POINT ( 'NONE',  ( 8.910500157831741319, -0.4514852619340306572, 14.71813171206325599 ) ) ;
#1858 = CARTESIAN_POINT ( 'NONE',  ( 8.910500157831741319, -0.4514852619340306572, 14.71813171206325599 ) ) ;
#1859 = VERTEX_POINT ( 'NONE', #2224 ) ;
#1860 = CARTESIAN_POINT ( 'NONE',  ( 13.38086459397471550, 4.724999999999997868, 12.80074712218494604 ) ) ;
#1861 = AXIS2_PLACEMENT_3D ( 'NONE', #2716, #486, #1999 ) ;
#1862 = VECTOR ( 'NONE', #2539, 1000.000000000000000 ) ;
#1863 = ORIENTED_EDGE ( 'NONE', *, *, #1910, .F. ) ;
#1864 = DIRECTION ( 'NONE',  ( 1.000000000000000000, -3.025413793668038133E-12, -0.000000000000000000 ) ) ;
#1865 = ORIENTED_EDGE ( 'NONE', *, *, #558, .T. ) ;
#1866 = CARTESIAN_POINT ( 'NONE',  ( -27.04252139450062131, 6.224999999999999645, -11.45000000000000107 ) ) ;
#1867 = CARTESIAN_POINT ( 'NONE',  ( -11.83094762404937761, -4.768440020737453544, 1.233548462875582175 ) ) ;
#1868 = EDGE_CURVE ( 'NONE', #4427, #4452, #3402, .T. ) ;
#1869 = ADVANCED_FACE ( 'NONE', ( #468, #2342, #2696 ), #831, .F. ) ;
#1870 = LINE ( 'NONE', #3309, #4586 ) ;
#1871 = ORIENTED_EDGE ( 'NONE', *, *, #4558, .F. ) ;
#1872 = CARTESIAN_POINT ( 'NONE',  ( 2.176220503407860107, 6.269768608124390852, 17.30016964659170497 ) ) ;
#1873 = CARTESIAN_POINT ( 'NONE',  ( 10.09369929314286196, 0.4999999999999515388, 12.77716250444295731 ) ) ;
#1874 = CARTESIAN_POINT ( 'NONE',  ( 6.349999999999999645, 0.000000000000000000, 3.960999999999999410 ) ) ;
#1875 = CARTESIAN_POINT ( 'NONE',  ( 1.019491320234795939, 2.389000000000000234, 15.31615816154368659 ) ) ;
#1876 = ORIENTED_EDGE ( 'NONE', *, *, #2836, .F. ) ;
#1877 = LINE ( 'NONE', #3708, #2413 ) ;
#1878 = VERTEX_POINT ( 'NONE', #2296 ) ;
#1879 = CARTESIAN_POINT ( 'NONE',  ( -5.319027484444040610, 6.262805128998572890, 17.17991471608800325 ) ) ;
#1880 = DIRECTION ( 'NONE',  ( -0.000000000000000000, -0.000000000000000000, -1.000000000000000000 ) ) ;
#1881 = DIRECTION ( 'NONE',  ( -0.000000000000000000, -1.000000000000000000, -0.000000000000000000 ) ) ;
#1882 = CYLINDRICAL_SURFACE ( 'NONE', #1732, 3.125000000000000888 ) ;
#1883 = ORIENTED_EDGE ( 'NONE', *, *, #4839, .F. ) ;
#1884 = CARTESIAN_POINT ( 'NONE',  ( -0.6119288236514338619, -4.725000000000019185, 5.981075092591019882 ) ) ;
#1885 = EDGE_CURVE ( 'NONE', #335, #4310, #4742, .T. ) ;
#1886 = ORIENTED_EDGE ( 'NONE', *, *, #1927, .T. ) ;
#1887 = CYLINDRICAL_SURFACE ( 'NONE', #2217, 3.174999999999998934 ) ;
#1888 = ORIENTED_EDGE ( 'NONE', *, *, #1807, .F. ) ;
#1889 = EDGE_CURVE ( 'NONE', #1753, #2101, #3882, .T. ) ;
#1890 = CARTESIAN_POINT ( 'NONE',  ( -2.648044459383322557, -4.409062321803222773, 6.902344221159595783 ) ) ;
#1891 = CARTESIAN_POINT ( 'NONE',  ( -12.10737603534763274, -4.425158293432013501, 0.9792864487022456821 ) ) ;
#1892 = CARTESIAN_POINT ( 'NONE',  ( 0.1818932188134490535, 5.460999999999999410, 7.238999999999999879 ) ) ;
#1893 = ORIENTED_EDGE ( 'NONE', *, *, #2980, .T. ) ;
#1894 = CARTESIAN_POINT ( 'NONE',  ( -12.54999999999999183, -6.225000000000006750, -0.02890339543362329539 ) ) ;
#1895 = CARTESIAN_POINT ( 'NONE',  ( -6.349999999999999645, 5.460999999999999410, 10.60000000000000142 ) ) ;
#1896 = CARTESIAN_POINT ( 'NONE',  ( -1.057172126602079854E-15, -2.599999995125601870, 12.78646966084733627 ) ) ;
#1897 = AXIS2_PLACEMENT_3D ( 'NONE', #2379, #3536, #980 ) ;
#1898 = CARTESIAN_POINT ( 'NONE',  ( 0.4999999999999995559, -2.600000000000000533, 7.239000000000000767 ) ) ;
#1899 = ADVANCED_FACE ( 'NONE', ( #2004 ), #125, .T. ) ;
#1900 = ORIENTED_EDGE ( 'NONE', *, *, #1962, .F. ) ;
#1901 = CARTESIAN_POINT ( 'NONE',  ( -9.933018117899635513, -4.207039445426703494, 4.184988781858735685 ) ) ;
#1902 = CARTESIAN_POINT ( 'NONE',  ( 3.779396204025739614, -1.863497014787716566, 0.8890000000000000124 ) ) ;
#1903 = VECTOR ( 'NONE', #3343, 1000.000000000000000 ) ;
#1904 = DATE_TIME_ROLE ( 'classification_date' ) ;
#1905 = CARTESIAN_POINT ( 'NONE',  ( 7.046415985750183353, -2.511062244700844381, 12.75546232727893603 ) ) ;
#1906 = ORIENTED_EDGE ( 'NONE', *, *, #4737, .F. ) ;
#1907 = B_SPLINE_CURVE_WITH_KNOTS ( 'NONE', 3,
 ( #2023, #1255, #3975, #604, #2087, #4698, #1635 ),
 .UNSPECIFIED., .F., .F.,
 ( 4, 3, 4 ),
 ( 7.589415207398531038E-19, 0.0004276124201213016914, 0.0007301788834939222823 ),
 .UNSPECIFIED. ) ;
#1908 = FACE_OUTER_BOUND ( 'NONE', #2076, .T. ) ;
#1909 = EDGE_LOOP ( 'NONE', ( #316, #4809, #2090, #2596, #1093 ) ) ;
#1910 = EDGE_CURVE ( 'NONE', #149, #2073, #4213, .T. ) ;
#1911 = CARTESIAN_POINT ( 'NONE',  ( 6.349999999999999645, 0.000000000000000000, 3.960999999999999410 ) ) ;
#1912 = CARTESIAN_POINT ( 'NONE',  ( -8.803522555732069321, -4.229920665468490881, 12.06228373272034560 ) ) ;
#1913 = CARTESIAN_POINT ( 'NONE',  ( -4.522312344766377556, 2.388999999880070391, 15.23479443642016662 ) ) ;
#1914 = ORIENTED_EDGE ( 'NONE', *, *, #2993, .F. ) ;
#1915 = CARTESIAN_POINT ( 'NONE',  ( 6.349999999999999645, 2.389000000000000234, 12.69999999999999929 ) ) ;
#1916 = ORIENTED_EDGE ( 'NONE', *, *, #2241, .T. ) ;
#1917 = LINE ( 'NONE', #2606, #2453 ) ;
#1918 = CARTESIAN_POINT ( 'NONE',  ( -13.30563183764230040, -5.321962224814457798, 0.1249999999999999445 ) ) ;
#1919 = LINE ( 'NONE', #1110, #1389 ) ;
#1920 = ORIENTED_EDGE ( 'NONE', *, *, #2561, .F. ) ;
#1921 = B_SPLINE_CURVE_WITH_KNOTS ( 'NONE', 3,
 ( #1609, #3150, #4678, #1685, #170, #1210, #3500, #4702, #3193, #948 ),
 .UNSPECIFIED., .F., .F.,
 ( 4, 3, 3, 4 ),
 ( 0.0001250092973441231008, 0.001942619654645857518, 0.003923115646312907295, 0.005815803207789610636 ),
 .UNSPECIFIED. ) ;
#1922 = CARTESIAN_POINT ( 'NONE',  ( 15.66988148972320616, -2.654645121217725556, 1.967056674942801786 ) ) ;
#1923 = CIRCLE ( 'NONE', #520, 3.125000000000000888 ) ;
#1924 = VERTEX_POINT ( 'NONE', #2721 ) ;
#1925 = CARTESIAN_POINT ( 'NONE',  ( -10.28271326636800076, 4.868778429090560245, 16.29900454139145083 ) ) ;
#1926 = CARTESIAN_POINT ( 'NONE',  ( -1.019515886806208194, 2.389000000000000679, 15.31615831714787035 ) ) ;
#1927 = EDGE_CURVE ( 'NONE', #427, #3392, #851, .T. ) ;
#1928 = CARTESIAN_POINT ( 'NONE',  ( -6.350000000000000533, -2.600000000000000089, 5.460999999999999410 ) ) ;
#1929 = CARTESIAN_POINT ( 'NONE',  ( 1.922298907843938975, -4.415960025428497637, 6.886940533048701241 ) ) ;
#1930 = ORIENTED_EDGE ( 'NONE', *, *, #1247, .T. ) ;
#1931 = DIRECTION ( 'NONE',  ( 0.000000000000000000, -0.000000000000000000, -1.000000000000000000 ) ) ;
#1932 = VECTOR ( 'NONE', #4716, 1000.000000000000000 ) ;
#1933 = ORIENTED_EDGE ( 'NONE', *, *, #493, .F. ) ;
#1934 = FACE_OUTER_BOUND ( 'NONE', #2750, .T. ) ;
#1935 = PLANE ( 'NONE',  #1763 ) ;
#1936 = EDGE_LOOP ( 'NONE', ( #13, #3938, #565, #3579 ) ) ;
#1937 = VECTOR ( 'NONE', #4576, 1000.000000000000114 ) ;
#1938 = CARTESIAN_POINT ( 'NONE',  ( -5.968955591441848618, -4.725000000000016520, 5.974696333861385433 ) ) ;
#1939 = VERTEX_POINT ( 'NONE', #3100 ) ;
#1940 = VECTOR ( 'NONE', #4236, 1000.000000000000000 ) ;
#1941 = DIRECTION ( 'NONE',  ( 0.7071067811865477948, 0.7071067811865473507, 0.000000000000000000 ) ) ;
#1942 = ORIENTED_EDGE ( 'NONE', *, *, #4455, .F. ) ;
#1943 = CARTESIAN_POINT ( 'NONE',  ( 10.21657389373610414, 1.196856488436915944, 13.60369637947769839 ) ) ;
#1944 = CARTESIAN_POINT ( 'NONE',  ( -2.249719507907421701E-15, 6.224999999999996092, 17.30438211459146203 ) ) ;
#1945 = VECTOR ( 'NONE', #2356, 1000.000000000000000 ) ;
#1946 = DIRECTION ( 'NONE',  ( 1.000000000000000000, 0.000000000000000000, 0.000000000000000000 ) ) ;
#1947 = ORIENTED_EDGE ( 'NONE', *, *, #84, .F. ) ;
#1948 = FACE_OUTER_BOUND ( 'NONE', #3400, .T. ) ;
#1949 = DIRECTION ( 'NONE',  ( 0.7071067811865474617, 0.7071067811865474617, -0.000000000000000000 ) ) ;
#1950 = LINE ( 'NONE', #4625, #1940 ) ;
#1951 = CARTESIAN_POINT ( 'NONE',  ( 8.581114583705115706, -1.341920828549602263, 13.92289471611299234 ) ) ;
#1952 = ORIENTED_EDGE ( 'NONE', *, *, #2094, .T. ) ;
#1953 = EDGE_CURVE ( 'NONE', #1444, #2450, #3241, .T. ) ;
#1954 = VERTEX_POINT ( 'NONE', #1565 ) ;
#1955 = ADVANCED_FACE ( 'NONE', ( #3125 ), #4188, .T. ) ;
#1956 = DIRECTION ( 'NONE',  ( 0.7071067811866993402, 0.000000000000000000, 0.7071067811863958052 ) ) ;
#1957 = EDGE_LOOP ( 'NONE', ( #3273, #3099, #3422, #1952, #1082, #1197, #3276, #4594, #3075, #3244, #3298, #2976, #4555, #266, #3107, #1486, #2129, #3813, #3917, #4340, #191, #1211, #4726, #3642, #4297, #961 ) ) ;
#1958 = ORIENTED_EDGE ( 'NONE', *, *, #328, .F. ) ;
#1959 = CARTESIAN_POINT ( 'NONE',  ( 6.567638593622459275, 3.569627523209571329, 15.95138700966628953 ) ) ;
#1960 = CARTESIAN_POINT ( 'NONE',  ( -3.265259330186732090, 2.388999999880070391, 13.20000000000000284 ) ) ;
#1961 = CARTESIAN_POINT ( 'NONE',  ( -7.484860066438793424, -4.331764462984792452, 7.081735469905551916 ) ) ;
#1962 = EDGE_CURVE ( 'NONE', #837, #3465, #2748, .T. ) ;
#1963 = VERTEX_POINT ( 'NONE', #151 ) ;
#1964 = CARTESIAN_POINT ( 'NONE',  ( -6.349999999999999645, 2.389000000000000234, 12.70000000000000107 ) ) ;
#1965 = ORIENTED_EDGE ( 'NONE', *, *, #3161, .F. ) ;
#1966 = CARTESIAN_POINT ( 'NONE',  ( 4.486502985212286632, 2.570603795974262695, 3.961000000003878085 ) ) ;
#1967 = CARTESIAN_POINT ( 'NONE',  ( -15.16138137550286125, 0.5000000000171729297, 500000.0000000000582 ) ) ;
#1968 = CARTESIAN_POINT ( 'NONE',  ( -6.349999999999999645, 0.8890000000000000124, 14.80000000000000071 ) ) ;
#1969 = B_SPLINE_CURVE_WITH_KNOTS ( 'NONE', 3,
 ( #1825, #3658, #3634, #3731, #3362, #4869, #1482, #2989, #1770, #4766, #4107, #4000 ),
 .UNSPECIFIED., .F., .F.,
 ( 4, 2, 2, 2, 2, 4 ),
 ( 0.0001298936244422303028, 0.0006568217238548999890, 0.001183749823267569567, 0.002237606022092904386, 0.003291462220918239204, 0.004345318419743574023 ),
 .UNSPECIFIED. ) ;
#1970 = ORIENTED_EDGE ( 'NONE', *, *, #368, .T. ) ;
#1971 = PLANE ( 'NONE',  #3684 ) ;
#1972 = ADVANCED_FACE ( 'NONE', ( #4262 ), #2671, .F. ) ;
#1973 = EDGE_LOOP ( 'NONE', ( #3912, #3367, #2034, #1270, #1179, #3002, #4021, #3174 ) ) ;
#1974 = CARTESIAN_POINT ( 'NONE',  ( -11.62425370347798648, -4.166871889256008821, 2.117717321645630424 ) ) ;
#1975 = CARTESIAN_POINT ( 'NONE',  ( -3.457106781186548350, -3.600000000000000977, 3.960999999999999410 ) ) ;
#1976 = FACE_OUTER_BOUND ( 'NONE', #2749, .T. ) ;
#1977 = CARTESIAN_POINT ( 'NONE',  ( 8.741659735922548080, -4.725000000000019185, 4.278816963771994608 ) ) ;
#1978 = ORIENTED_EDGE ( 'NONE', *, *, #4113, .T. ) ;
#1979 = ORIENTED_EDGE ( 'NONE', *, *, #3198, .F. ) ;
#1980 = VECTOR ( 'NONE', #4251, 1000.000000000000000 ) ;
#1981 = DIRECTION ( 'NONE',  ( 0.000000000000000000, 0.000000000000000000, 1.000000000000000000 ) ) ;
#1982 = ORIENTED_EDGE ( 'NONE', *, *, #1598, .T. ) ;
#1983 = CARTESIAN_POINT ( 'NONE',  ( 2.427501140382541944, 3.567186732940540672, 16.09744267027961229 ) ) ;
#1984 = CARTESIAN_POINT ( 'NONE',  ( -4.522312344766377556, -500000.0000000000582, 15.23479443642016662 ) ) ;
#1985 = ORIENTED_EDGE ( 'NONE', *, *, #3032, .F. ) ;
#1986 = VECTOR ( 'NONE', #4080, 1000.000000000000000 ) ;
#1987 = CARTESIAN_POINT ( 'NONE',  ( -2.332106781186528810, -4.725000000000019185, 5.980178226026757748 ) ) ;
#1988 = ORIENTED_EDGE ( 'NONE', *, *, #492, .F. ) ;
#1989 = ADVANCED_FACE ( 'NONE', ( #4603 ), #1212, .T. ) ;
#1990 = CARTESIAN_POINT ( 'NONE',  ( -0.5000000000000004441, -2.599999999972624209, 5.460999999999999410 ) ) ;
#1991 = CARTESIAN_POINT ( 'NONE',  ( -10.61380076181322352, 4.051517753042939596, 15.82383405317524350 ) ) ;
#1992 = LINE ( 'NONE', #913, #3251 ) ;
#1993 = FACE_OUTER_BOUND ( 'NONE', #772, .T. ) ;
#1994 = CARTESIAN_POINT ( 'NONE',  ( -1.043073807312555612, -500000.0000000000582, 17.29981941150113300 ) ) ;
#1995 = CARTESIAN_POINT ( 'NONE',  ( -11.31983521726533404, -3.441085171042267632, 3.918673800006860386 ) ) ;
#1996 = CARTESIAN_POINT ( 'NONE',  ( 3.058126631670882389, 2.389000000012427627, 15.28476658714252068 ) ) ;
#1997 = EDGE_CURVE ( 'NONE', #2799, #1024, #808, .T. ) ;
#1998 = CLOSED_SHELL ( 'NONE', ( #738, #4015, #3626, #524, #3235, #3351, #665, #690, #2204, #2697, #3386, #1027, #3114, #4604, #4050, #1869, #4336, #1532, #4289, #763, #3483, #3685, #2389, #3730, #3350, #3584, #4471, #2546, #1143, #1117, #4635, #822, #2724, #588, #4003, #3746, #676, #4850, #463, #1084, #310, #1443, #245, #3954, #3349, #2155, #2283, #1972, #2372, #1227, #1789, #875, #15, #3532, #3641, #4685, #867, #4078, #1509, #3943, #45, #1054, #1228, #321, #16, #4201, #4189, #4522, #1261, #2617, #1989, #1719, #1163, #3652, #3420, #217, #1899, #1479, #2760, #2828, #92, #616, #29, #137, #4227, #3371, #4374, #1442, #274, #344, #1837, #406, #2307, #833, #2460, #369, #778, #273, #2116, #4307, #4174, #528, #3833, #3921, #3020, #4821, #2889, #1955, #2940, #2371, #1599, #3601, #1116, #1567, #2849, #3945, #3774, #3890, #4785, #2679 ) ) ;
#1999 = DIRECTION ( 'NONE',  ( 1.000000000000000000, 1.619113772785370638E-12, 0.000000000000000000 ) ) ;
#2000 = CALENDAR_DATE ( 2022, 6, 6 ) ;
#2001 = CARTESIAN_POINT ( 'NONE',  ( 7.162740818362741457, -4.725000000000021849, 5.971234053733641467 ) ) ;
#2002 = ORIENTED_EDGE ( 'NONE', *, *, #2711, .F. ) ;
#2003 = DIRECTION ( 'NONE',  ( -1.000000000000000000, 0.000000000000000000, -0.000000000000000000 ) ) ;
#2004 = FACE_OUTER_BOUND ( 'NONE', #4354, .T. ) ;
#2005 = ORIENTED_EDGE ( 'NONE', *, *, #791, .F. ) ;
#2006 = ORIENTED_EDGE ( 'NONE', *, *, #272, .F. ) ;
#2007 = FACE_OUTER_BOUND ( 'NONE', #86, .T. ) ;
#2008 = DIRECTION ( 'NONE',  ( -0.000000000000000000, 1.000000000000000000, -0.000000000000000000 ) ) ;
#2009 = EDGE_LOOP ( 'NONE', ( #4146, #4724, #1686, #660 ) ) ;
#2010 = ORIENTED_EDGE ( 'NONE', *, *, #3297, .F. ) ;
#2011 = CARTESIAN_POINT ( 'NONE',  ( 10.83868078663620160, 4.724999999999999645, 3.960999999999999410 ) ) ;
#2012 = LINE ( 'NONE', #3231, #2844 ) ;
#2013 = CARTESIAN_POINT ( 'NONE',  ( 15.21640081437116798, 0.4999999999999990563, 1.398912539668822008 ) ) ;
#2014 = EDGE_CURVE ( 'NONE', #818, #3247, #2366, .T. ) ;
#2015 = EDGE_CURVE ( 'NONE', #3744, #2917, #2395, .T. ) ;
#2016 = CARTESIAN_POINT ( 'NONE',  ( 3.368771327781291625, 6.224999999999996980, 17.30742151317106448 ) ) ;
#2017 = VERTEX_POINT ( 'NONE', #3455 ) ;
#2018 = VECTOR ( 'NONE', #2584, 1000.000000000000000 ) ;
#2019 = DIRECTION ( 'NONE',  ( -1.686362774724222865E-17, -1.000000000000000000, 0.000000000000000000 ) ) ;
#2020 = PLANE ( 'NONE',  #996 ) ;
#2021 = AXIS2_PLACEMENT_3D ( 'NONE', #2855, #1723, #1747 ) ;
#2022 = CARTESIAN_POINT ( 'NONE',  ( -13.81235342284389667, -0.8164186733119704886, 4.592289855050845304 ) ) ;
#2023 = CARTESIAN_POINT ( 'NONE',  ( -11.85705832225257517, -4.725000000000017408, 0.8549117561474216531 ) ) ;
#2024 = CARTESIAN_POINT ( 'NONE',  ( -6.349999999999999645, 0.8890000000000000124, 12.70000000000000107 ) ) ;
#2025 = DIRECTION ( 'NONE',  ( 0.7071067811866611486, -0.000000000000000000, -0.7071067811864339969 ) ) ;
#2026 = ORIENTED_EDGE ( 'NONE', *, *, #2993, .T. ) ;
#2027 = CARTESIAN_POINT ( 'NONE',  ( -12.55000000000000782, -6.224999999999989875, 1.000000000000004885 ) ) ;
#2028 = CARTESIAN_POINT ( 'NONE',  ( -8.910500157831743095, -0.4514852619340096185, 18.90187766477306752 ) ) ;
#2029 = ORIENTED_EDGE ( 'NONE', *, *, #121, .T. ) ;
#2030 = VERTEX_POINT ( 'NONE', #3071 ) ;
#2031 = CARTESIAN_POINT ( 'NONE',  ( 0.6029222997809930984, 6.272706365353706737, 17.32105309731203135 ) ) ;
#2032 = DIRECTION ( 'NONE',  ( 0.000000000000000000, 1.000000000000000000, 0.000000000000000000 ) ) ;
#2033 = ORIENTED_EDGE ( 'NONE', *, *, #3875, .F. ) ;
#2034 = ORIENTED_EDGE ( 'NONE', *, *, #1618, .T. ) ;
#2035 = EDGE_CURVE ( 'NONE', #2152, #237, #1039, .T. ) ;
#2036 = DIRECTION ( 'NONE',  ( -0.000000000000000000, -1.000000000000000000, -0.000000000000000000 ) ) ;
#2037 = B_SPLINE_CURVE_WITH_KNOTS ( 'NONE', 3,
 ( #684, #4854, #1385, #2887 ),
 .UNSPECIFIED., .F., .F.,
 ( 4, 4 ),
 ( 0.003509094957318716849, 0.006402449514703378169 ),
 .UNSPECIFIED. ) ;
#2038 = CARTESIAN_POINT ( 'NONE',  ( 5.968955591441850395, -4.725000000000019185, 5.974696333861380104 ) ) ;
#2039 = CARTESIAN_POINT ( 'NONE',  ( 15.19638531167823459, 0.5000000000000002220, 0.8890000000000017888 ) ) ;
#2040 = CARTESIAN_POINT ( 'NONE',  ( -0.4999999999829265462, -2.599999999972624209, 7.238999999999999879 ) ) ;
#2042 = EDGE_CURVE ( 'NONE', #2405, #3828, #2210, .T. ) ;
#2041 = AXIS2_PLACEMENT_3D ( 'NONE', #2931, #1035, #1087 ) ;
#2043 = DIRECTION ( 'NONE',  ( 1.000000000000000000, 0.000000000000000000, 0.000000000000000000 ) ) ;
#2044 = CARTESIAN_POINT ( 'NONE',  ( 7.872666832034063417E-16, -6.225000000000000533, 6.224999999999995204 ) ) ;
#2045 = CARTESIAN_POINT ( 'NONE',  ( -8.666586813460350314, -1.510125729441452735, 11.75745147023076598 ) ) ;
#2046 = CYLINDRICAL_SURFACE ( 'NONE', #1535, 3.125000000000000888 ) ;
#2047 = EDGE_CURVE ( 'NONE', #2482, #4110, #4767, .T. ) ;
#2048 = CARTESIAN_POINT ( 'NONE',  ( 10.39156768038046152, 2.751876876376590175, 15.09230795135185232 ) ) ;
#2049 = CARTESIAN_POINT ( 'NONE',  ( 8.207261546293434407, 2.660643940117572992, 15.21824767137110435 ) ) ;
#2050 = VERTEX_POINT ( 'NONE', #330 ) ;
#2051 = CARTESIAN_POINT ( 'NONE',  ( 9.895307910843948562, -0.6251334396009656791, 3.960999999999999410 ) ) ;
#2052 = ORIENTED_EDGE ( 'NONE', *, *, #1012, .T. ) ;
#2053 = VECTOR ( 'NONE', #2949, 1000.000000000000000 ) ;
#2054 = DIRECTION ( 'NONE',  ( 0.7071067811865474617, 0.000000000000000000, -0.7071067811865474617 ) ) ;
#2055 = CARTESIAN_POINT ( 'NONE',  ( 4.522312344766379333, -500000.0000000000582, 10.16520556357983196 ) ) ;
#2056 = VERTEX_POINT ( 'NONE', #1771 ) ;
#2057 = ORIENTED_EDGE ( 'NONE', *, *, #3657, .F. ) ;
#2058 = CARTESIAN_POINT ( 'NONE',  ( 85496.03231494553620, -484923.0791600164957, 12.20000000000000284 ) ) ;
#2059 = VECTOR ( 'NONE', #4541, 1000.000000000000114 ) ;
#2060 = CARTESIAN_POINT ( 'NONE',  ( 10.96073626868056650, 4.724999999999997868, 16.09611484234996226 ) ) ;
#2061 = DIRECTION ( 'NONE',  ( -1.000000000000000000, 3.025413793668038133E-12, 0.000000000000000000 ) ) ;
#2062 = CARTESIAN_POINT ( 'NONE',  ( 8.910500157831741319, -0.4514852619340306572, 18.90187766477306752 ) ) ;
#2063 = DIRECTION ( 'NONE',  ( 1.000000000000000000, 8.881784197001252323E-16, 0.000000000000000000 ) ) ;
#2064 = CARTESIAN_POINT ( 'NONE',  ( -2.794889235063282129, 5.460999999999999410, 16.96221754612252042 ) ) ;
#2065 = CARTESIAN_POINT ( 'NONE',  ( -12.84789809268059280, -0.9475165067533199981, 6.061878125979404786 ) ) ;
#2066 = FACE_OUTER_BOUND ( 'NONE', #2258, .T. ) ;
#2067 = CARTESIAN_POINT ( 'NONE',  ( 2.332106781186544353, 4.725000000000001421, 0.8890000000000000124 ) ) ;
#2068 = CARTESIAN_POINT ( 'NONE',  ( 2.332106781186544353, 4.725000000000001421, 500000.0000000000582 ) ) ;
#2069 = ORIENTED_EDGE ( 'NONE', *, *, #492, .T. ) ;
#2070 = DIRECTION ( 'NONE',  ( 1.000000000000000000, 0.000000000000000000, 0.000000000000000000 ) ) ;
#2071 = EDGE_CURVE ( 'NONE', #1518, #2101, #1014, .T. ) ;
#2072 = EDGE_CURVE ( 'NONE', #2646, #3507, #2162, .T. ) ;
#2073 = VERTEX_POINT ( 'NONE', #3659 ) ;
#2074 = CARTESIAN_POINT ( 'NONE',  ( -4.522312344766379333, 2.388999999993757228, 10.16520556357983196 ) ) ;
#2075 = CARTESIAN_POINT ( 'NONE',  ( 1.361939129965860529, -3.600000000000001421, 8.600205880118485524 ) ) ;
#2076 = EDGE_LOOP ( 'NONE', ( #2994, #1835, #498 ) ) ;
#2077 = VECTOR ( 'NONE', #1949, 1000.000000000000114 ) ;
#2078 = VERTEX_POINT ( 'NONE', #627 ) ;
#2079 = LINE ( 'NONE', #1343, #4387 ) ;
#2080 = CARTESIAN_POINT ( 'NONE',  ( -7.661625500404458222, -3.824022836413857096, 8.154093893422205142 ) ) ;
#2081 = CARTESIAN_POINT ( 'NONE',  ( -6.776263578034402713E-16, 5.461000000000000298, 7.057106781186551103 ) ) ;
#2082 = DIRECTION ( 'NONE',  ( 0.000000000000000000, 0.000000000000000000, -1.000000000000000000 ) ) ;
#2083 = CYLINDRICAL_SURFACE ( 'NONE', #3764, 2.100000000000000977 ) ;
#2084 = PLANE ( 'NONE',  #2810 ) ;
#2085 = LINE ( 'NONE', #677, #4198 ) ;
#2086 = AXIS2_PLACEMENT_3D ( 'NONE', #3299, #2192, #2547 ) ;
#2087 = CARTESIAN_POINT ( 'NONE',  ( -11.84277349854753147, -4.725000000000019185, 0.3266369474842670817 ) ) ;
#2088 = AXIS2_PLACEMENT_3D ( 'NONE', #2159, #2859, #3683 ) ;
#2089 = CARTESIAN_POINT ( 'NONE',  ( 10.61380076181332655, 4.051517753042988446, 15.82383405317525416 ) ) ;
#2090 = ORIENTED_EDGE ( 'NONE', *, *, #2805, .F. ) ;
#2091 = ORIENTED_EDGE ( 'NONE', *, *, #2128, .T. ) ;
#2092 = CARTESIAN_POINT ( 'NONE',  ( -7.213410397075988634, -2.458027900872008065, 12.80971813024659056 ) ) ;
#2093 = ORIENTED_EDGE ( 'NONE', *, *, #2924, .F. ) ;
#2094 = EDGE_CURVE ( 'NONE', #3701, #909, #3209, .T. ) ;
#2095 = EDGE_CURVE ( 'NONE', #1484, #2848, #4798, .T. ) ;
#2096 = EDGE_CURVE ( 'NONE', #4438, #288, #921, .T. ) ;
#2097 = B_SPLINE_CURVE_WITH_KNOTS ( 'NONE', 3,
 ( #3203, #3506, #128, #4293, #4637, #3178, #2752 ),
 .UNSPECIFIED., .F., .F.,
 ( 4, 3, 4 ),
 ( 0.000000000000000000, 0.001530818520174902480, 0.002881551753759435935 ),
 .UNSPECIFIED. ) ;
#2098 = CARTESIAN_POINT ( 'NONE',  ( 18.90000000000000568, 6.225000000000004974, 6.976468134611494953 ) ) ;
#2099 = CYLINDRICAL_SURFACE ( 'NONE', #4126, 3.175000000000001155 ) ;
#2100 = ORIENTED_EDGE ( 'NONE', *, *, #3527, .T. ) ;
#2101 = VERTEX_POINT ( 'NONE', #2184 ) ;
#2102 = CARTESIAN_POINT ( 'NONE',  ( 9.146863876752771461, 0.8890000000000000124, 18.90187766477306752 ) ) ;
#2103 = EDGE_CURVE ( 'NONE', #335, #1549, #2493, .T. ) ;
#2104 = CARTESIAN_POINT ( 'NONE',  ( 9.434740669813271197, 2.521630422773819102, 13.19999999999999929 ) ) ;
#2105 = CARTESIAN_POINT ( 'NONE',  ( -8.803522555732069321, -4.229920665468490881, 12.06228373272034560 ) ) ;
#2106 = CARTESIAN_POINT ( 'NONE',  ( 11.78495455556703320, -4.787915093337740124, 0.03341652387691766701 ) ) ;
#2107 = DIRECTION ( 'NONE',  ( 0.000000000000000000, 0.000000000000000000, 1.000000000000000000 ) ) ;
#2108 = CARTESIAN_POINT ( 'NONE',  ( 9.516003439557218613, 2.982494491434521500, 15.32940983632467891 ) ) ;
#2109 = CARTESIAN_POINT ( 'NONE',  ( 8.803522555732069321, -4.229920665468490881, 12.06228373272034560 ) ) ;
#2110 = DIRECTION ( 'NONE',  ( 0.7071067811865474617, 0.000000000000000000, 0.7071067811865474617 ) ) ;
#2111 = CARTESIAN_POINT ( 'NONE',  ( -11.08276835016786066, 4.725000000000001421, 16.08304547698528708 ) ) ;
#2112 = EDGE_CURVE ( 'NONE', #421, #1377, #726, .T. ) ;
#2113 = CARTESIAN_POINT ( 'NONE',  ( -6.350000000000000533, -2.600000000000000533, 18.90187766477306752 ) ) ;
#2114 = VERTEX_POINT ( 'NONE', #2909 ) ;
#2115 = CARTESIAN_POINT ( 'NONE',  ( -3.121759658452905928, 2.361996072699136917, 15.26804402649249148 ) ) ;
#2116 = ADVANCED_FACE ( 'NONE', ( #4823 ), #4084, .T. ) ;
#2117 = ORIENTED_EDGE ( 'NONE', *, *, #1145, .F. ) ;
#2118 = LINE ( 'NONE', #2865, #693 ) ;
#2119 = CARTESIAN_POINT ( 'NONE',  ( -9.953030832551847951, 5.460999999999999410, 12.20000000000000284 ) ) ;
#2120 = ORIENTED_EDGE ( 'NONE', *, *, #343, .T. ) ;
#2121 = VERTEX_POINT ( 'NONE', #4028 ) ;
#2122 = CARTESIAN_POINT ( 'NONE',  ( -9.411354347815450438, 2.388999999999999790, 7.238999999999999879 ) ) ;
#2123 = ORIENTED_EDGE ( 'NONE', *, *, #2979, .T. ) ;
#2124 = AXIS2_PLACEMENT_3D ( 'NONE', #1764, #4811, #1445 ) ;
#2125 = CYLINDRICAL_SURFACE ( 'NONE', #37, 2.099999999999999645 ) ;
#2126 = CARTESIAN_POINT ( 'NONE',  ( 1.353900573603129320, 5.460999999999999410, 16.98899264521014985 ) ) ;
#2127 = CARTESIAN_POINT ( 'NONE',  ( 11.83494355181054480, -2.631990773859376631, 4.645601166061259946 ) ) ;
#2128 = EDGE_CURVE ( 'NONE', #1402, #3180, #1619, .T. ) ;
#2129 = ORIENTED_EDGE ( 'NONE', *, *, #4016, .T. ) ;
#2130 = CARTESIAN_POINT ( 'NONE',  ( 15.30859671718600978, 0.4999999999999939493, 3.768366067037685063 ) ) ;
#2131 = DIRECTION ( 'NONE',  ( 0.000000000000000000, 0.000000000000000000, 1.000000000000000000 ) ) ;
#2132 = B_SPLINE_CURVE_WITH_KNOTS ( 'NONE', 3,
 ( #1944, #4153, #2233, #4225 ),
 .UNSPECIFIED., .F., .F.,
 ( 4, 4 ),
 ( 1.734723475976807094E-18, 0.004312233341692917402 ),
 .UNSPECIFIED. ) ;
#2133 = CARTESIAN_POINT ( 'NONE',  ( -6.349999999999999645, 2.389000000000000234, 12.70000000000000107 ) ) ;
#2134 = CARTESIAN_POINT ( 'NONE',  ( 4.522312344766381109, -500000.0000000000582, 15.23479443642016484 ) ) ;
#2135 = CARTESIAN_POINT ( 'NONE',  ( 3.779396204025739170, 1.863497014787716344, 0.8890000000000000124 ) ) ;
#2136 = EDGE_LOOP ( 'NONE', ( #2198, #1364, #589, #4341, #4242 ) ) ;
#2137 = CARTESIAN_POINT ( 'NONE',  ( 10.27585487273245235, 2.751925111492460996, 15.10319970574235349 ) ) ;
#2138 = ORIENTED_EDGE ( 'NONE', *, *, #3527, .F. ) ;
#2139 = DIRECTION ( 'NONE',  ( -1.000000000000000000, 6.133173666733497538E-16, -0.000000000000000000 ) ) ;
#2140 = LINE ( 'NONE', #363, #1903 ) ;
#2141 = PRODUCT_DEFINITION ( 'UNKNOWN', '', #4776, #3333 ) ;
#2142 = VERTEX_POINT ( 'NONE', #2961 ) ;
#2143 = CARTESIAN_POINT ( 'NONE',  ( 14.36594938625249540, -1.016892872351789379, 0.1249999999999928946 ) ) ;
#2144 = DIRECTION ( 'NONE',  ( -0.7071067811865480168, 0.7071067811865470176, 0.000000000000000000 ) ) ;
#2145 = ORIENTED_EDGE ( 'NONE', *, *, #4031, .T. ) ;
#2146 = CARTESIAN_POINT ( 'NONE',  ( -6.104114130203594613, 0.8889999999999995683, 15.99716725104514659 ) ) ;
#2147 = ORIENTED_EDGE ( 'NONE', *, *, #2341, .T. ) ;
#2148 = CARTESIAN_POINT ( 'NONE',  ( -3.815205563579831427, -500000.0000000000582, 10.87231234476637987 ) ) ;
#2149 = DIRECTION ( 'NONE',  ( 0.000000000000000000, 0.000000000000000000, -1.000000000000000000 ) ) ;
#2150 = CARTESIAN_POINT ( 'NONE',  ( 13.31631431124476705, -0.01552846682599301475, 6.711489137118406667 ) ) ;
#2151 = CARTESIAN_POINT ( 'NONE',  ( 16.90284426461334277, 4.724999999999999645, 0.1250000000000041911 ) ) ;
#2152 = VERTEX_POINT ( 'NONE', #1376 ) ;
#2153 = CARTESIAN_POINT ( 'NONE',  ( 6.349999999999999645, -3.600000000000000977, 3.960999999999999410 ) ) ;
#2154 = CARTESIAN_POINT ( 'NONE',  ( -11.26766724508886064, -3.714991631179991760, 9.119603480164480303 ) ) ;
#2155 = ADVANCED_FACE ( 'NONE', ( #4371 ), #3635, .F. ) ;
#2156 = LINE ( 'NONE', #3680, #3093 ) ;
#2157 = DIRECTION ( 'NONE',  ( 0.000000000000000000, 1.000000000000000000, 0.000000000000000000 ) ) ;
#2158 = CARTESIAN_POINT ( 'NONE',  ( 15.85736054367400172, 1.187194560803623622, 8.991088013801364909 ) ) ;
#2159 = CARTESIAN_POINT ( 'NONE',  ( -6.349999999999999645, 5.460999999999999410, 12.70000000000000107 ) ) ;
#2160 = CARTESIAN_POINT ( 'NONE',  ( -3.287798261792335265E-12, -4.573679962176372626, 6.424525090288339513 ) ) ;
#2161 = ORIENTED_EDGE ( 'NONE', *, *, #2035, .T. ) ;
#2162 = CIRCLE ( 'NONE', #1777, 2.100000000000000977 ) ;
#2163 = CARTESIAN_POINT ( 'NONE',  ( -9.460356375832716935, 2.367637464569277039, 14.92905721588284962 ) ) ;
#2164 = CARTESIAN_POINT ( 'NONE',  ( -9.895307910843950339, -0.6251334396009402550, 11.33531618317424439 ) ) ;
#2165 = AXIS2_PLACEMENT_3D ( 'NONE', #4209, #1256, #537 ) ;
#2166 = VECTOR ( 'NONE', #360, 1000.000000000000000 ) ;
#2167 = CARTESIAN_POINT ( 'NONE',  ( -9.485382751754560360, -0.5000000000000003331, 3.960999999999999410 ) ) ;
#2168 = VERTEX_POINT ( 'NONE', #4108 ) ;
#2169 = CIRCLE ( 'NONE', #698, 2.100000000000000977 ) ;
#2170 = CARTESIAN_POINT ( 'NONE',  ( 16.18003028203361282, 4.725000000000001421, 7.614225036616647735 ) ) ;
#2171 = ORIENTED_EDGE ( 'NONE', *, *, #1092, .F. ) ;
#2172 = ORIENTED_EDGE ( 'NONE', *, *, #1251, .T. ) ;
#2173 = EDGE_CURVE ( 'NONE', #1594, #4334, #3732, .T. ) ;
#2174 = CARTESIAN_POINT ( 'NONE',  ( 9.146863876752771461, 0.8890000000000000124, 15.75985208288968664 ) ) ;
#2175 = CARTESIAN_POINT ( 'NONE',  ( -1.591593360011289566E-16, 6.224999999999993427, 18.89999999999999503 ) ) ;
#2176 = CARTESIAN_POINT ( 'NONE',  ( 12.64217970877333208, -3.696371047148081956, 0.6542983135650177751 ) ) ;
#2177 = EDGE_CURVE ( 'NONE', #1580, #1639, #987, .T. ) ;
#2178 = CARTESIAN_POINT ( 'NONE',  ( -7.162740818362741457, -4.725000000000020961, 5.971234053733641467 ) ) ;
#2179 = CARTESIAN_POINT ( 'NONE',  ( -3.978983400028223915E-17, 6.224999999999997868, 18.90000000000000213 ) ) ;
#2180 = B_SPLINE_CURVE_WITH_KNOTS ( 'NONE', 3,
 ( #1400, #4417, #4865, #1500 ),
 .UNSPECIFIED., .F., .F.,
 ( 4, 4 ),
 ( 0.000000000000000000, 0.8750000000000007772 ),
 .UNSPECIFIED. ) ;
#2181 = DIRECTION ( 'NONE',  ( -0.7071067811865474617, 0.7071067811865474617, 0.000000000000000000 ) ) ;
#2182 = CARTESIAN_POINT ( 'NONE',  ( -18.89999999999999503, 6.224999999999987210, -0.3024654258371209936 ) ) ;
#2183 = FACE_OUTER_BOUND ( 'NONE', #1936, .T. ) ;
#2184 = CARTESIAN_POINT ( 'NONE',  ( 0.9178932188134529824, 4.724999999999999645, 0.8890000000000009006 ) ) ;
#2185 = VERTEX_POINT ( 'NONE', #2234 ) ;
#2186 = ORIENTED_EDGE ( 'NONE', *, *, #2508, .T. ) ;
#2187 = CARTESIAN_POINT ( 'NONE',  ( 0.01315728844839499090, -4.730769028840150270, 5.964150265772449444 ) ) ;
#2188 = ORIENTED_EDGE ( 'NONE', *, *, #2112, .T. ) ;
#2189 = PLANE ( 'NONE',  #186 ) ;
#2190 = CARTESIAN_POINT ( 'NONE',  ( -13.90403654627322183, -1.792223799849023358, 0.09006301704364955141 ) ) ;
#2191 = EDGE_CURVE ( 'NONE', #470, #951, #2637, .T. ) ;
#2192 = DIRECTION ( 'NONE',  ( 0.000000000000000000, 0.000000000000000000, 1.000000000000000000 ) ) ;
#2193 = DIRECTION ( 'NONE',  ( 0.000000000000000000, 0.000000000000000000, -1.000000000000000000 ) ) ;
#2194 = ORIENTED_EDGE ( 'NONE', *, *, #4494, .T. ) ;
#2195 = B_SPLINE_CURVE_WITH_KNOTS ( 'NONE', 3,
 ( #1530, #1602, #3115, #90 ),
 .UNSPECIFIED., .F., .F.,
 ( 4, 4 ),
 ( 0.000000000000000000, 0.002893355456081836159 ),
 .UNSPECIFIED. ) ;
#2196 = CARTESIAN_POINT ( 'NONE',  ( 14.27964392304829033, 1.705313488221354312, 7.823741610872708918 ) ) ;
#2197 = ORIENTED_EDGE ( 'NONE', *, *, #576, .F. ) ;
#2198 = ORIENTED_EDGE ( 'NONE', *, *, #3513, .T. ) ;
#2199 = CARTESIAN_POINT ( 'NONE',  ( 9.411354347815475307, 2.388999999999999790, 14.94725602919483265 ) ) ;
#2200 = PRODUCT ( '228-2500-2020', '228-2500-2020', '', ( #393 ) ) ;
#2201 = VERTEX_POINT ( 'NONE', #4543 ) ;
#2202 = CARTESIAN_POINT ( 'NONE',  ( -3.815205563579831427, 5.460999999999999410, 10.87231234476637987 ) ) ;
#2203 = CARTESIAN_POINT ( 'NONE',  ( 12.91410353858092641, -3.328065248094582262, 0.7235929622412899942 ) ) ;
#2204 = ADVANCED_FACE ( 'NONE', ( #3782 ), #2661, .F. ) ;
#2205 = CARTESIAN_POINT ( 'NONE',  ( -15.02901324240388803, 0.1633953310088769317, 0.8889999999999922409 ) ) ;
#2206 = FACE_OUTER_BOUND ( 'NONE', #1755, .T. ) ;
#2207 = CARTESIAN_POINT ( 'NONE',  ( -9.146863876752759026, 0.8890000000000000124, 18.90187766477306752 ) ) ;
#2208 = FACE_OUTER_BOUND ( 'NONE', #3155, .T. ) ;
#2209 = CARTESIAN_POINT ( 'NONE',  ( 2.794889235064049071, 5.460999999999999410, 16.96221754612194133 ) ) ;
#2210 = LINE ( 'NONE', #1429, #1862 ) ;
#2211 = ORIENTED_EDGE ( 'NONE', *, *, #3860, .T. ) ;
#2212 = CARTESIAN_POINT ( 'NONE',  ( -1.321420423258762300, -4.033727565161787432, 7.775173161457591853 ) ) ;
#2213 = VECTOR ( 'NONE', #1242, 999.9999999999998863 ) ;
#2214 = ORIENTED_EDGE ( 'NONE', *, *, #1542, .T. ) ;
#2215 = CARTESIAN_POINT ( 'NONE',  ( -4.515600645574310512, 2.389000000019178671, 15.24150613561224965 ) ) ;
#2216 = DIRECTION ( 'NONE',  ( 0.000000000000000000, 0.000000000000000000, 1.000000000000000000 ) ) ;
#2217 = AXIS2_PLACEMENT_3D ( 'NONE', #105, #1568, #1123 ) ;
#2218 = APPLICATION_PROTOCOL_DEFINITION ( 'international standard', 'config_control_design', 1994, #2380 ) ;
#2219 = DIRECTION ( 'NONE',  ( 3.372725549448445729E-17, 1.000000000000000000, 0.000000000000000000 ) ) ;
#2220 = ORIENTED_EDGE ( 'NONE', *, *, #2621, .F. ) ;
#2221 = EDGE_CURVE ( 'NONE', #1357, #2405, #2789, .T. ) ;
#2222 = EDGE_CURVE ( 'NONE', #1833, #403, #2906, .T. ) ;
#2223 = EDGE_CURVE ( 'NONE', #1438, #4384, #3015, .T. ) ;
#2224 = CARTESIAN_POINT ( 'NONE',  ( -6.350000000000000533, -3.599999999999995648, 8.532475483752701706 ) ) ;
#2225 = ORIENTED_EDGE ( 'NONE', *, *, #4619, .F. ) ;
#2226 = DIRECTION ( 'NONE',  ( 1.000000000000000000, 0.000000000000000000, 0.000000000000000000 ) ) ;
#2227 = CARTESIAN_POINT ( 'NONE',  ( 9.434740669813265868, 5.460999999999999410, 12.20000000000000107 ) ) ;
#2228 = LINE ( 'NONE', #4561, #4151 ) ;
#2229 = CARTESIAN_POINT ( 'NONE',  ( 9.483805033598692091, -4.817807949917463084, 3.251297578772471830 ) ) ;
#2230 = CARTESIAN_POINT ( 'NONE',  ( 11.59750816175208676, -0.4999999999965787922, 8.911368194057523340 ) ) ;
#2231 = CARTESIAN_POINT ( 'NONE',  ( 2.095614782133186527, 4.877266779423262477, 16.78383550317123607 ) ) ;
#2232 = CARTESIAN_POINT ( 'NONE',  ( -12.54999999999999183, -6.225000000000006750, 6.372367644529809108E-55 ) ) ;
#2233 = CARTESIAN_POINT ( 'NONE',  ( 7.494838459839113320E-14, 3.579181401562958165, 16.11824369063441509 ) ) ;
#2234 = CARTESIAN_POINT ( 'NONE',  ( -6.350000000000000533, -2.600000000000000533, 12.68034626157287370 ) ) ;
#2235 = VERTEX_POINT ( 'NONE', #2990 ) ;
#2236 = CARTESIAN_POINT ( 'NONE',  ( 3.457106781186588318, -3.599999999999999201, 8.584227566263795239 ) ) ;
#2237 = ORIENTED_EDGE ( 'NONE', *, *, #1760, .F. ) ;
#2238 = CARTESIAN_POINT ( 'NONE',  ( 0.06626702260569911074, 4.877455391405891127, 16.79773802021448503 ) ) ;
#2239 = CARTESIAN_POINT ( 'NONE',  ( -8.115625839083827842, -3.142019128312171894, 9.121040394466358947 ) ) ;
#2240 = CIRCLE ( 'NONE', #140, 3.125000000000000888 ) ;
#2241 = EDGE_CURVE ( 'NONE', #2235, #3085, #1919, .T. ) ;
#2242 = VECTOR ( 'NONE', #3791, 1000.000000000000000 ) ;
#2243 = CARTESIAN_POINT ( 'NONE',  ( 0.6797675908509511755, -3.589939380841522087, 8.620143819329204149 ) ) ;
#2244 = ORIENTED_EDGE ( 'NONE', *, *, #3063, .T. ) ;
#2245 = CARTESIAN_POINT ( 'NONE',  ( 15.50419985998292383, 5.005207282271804559, 9.517204804939225937 ) ) ;
#2246 = VECTOR ( 'NONE', #701, 1000.000000000000000 ) ;
#2247 = CIRCLE ( 'NONE', #3052, 3.125000000000000888 ) ;
#2248 = ORIENTED_EDGE ( 'NONE', *, *, #248, .T. ) ;
#2249 = EDGE_CURVE ( 'NONE', #2078, #3709, #4632, .T. ) ;
#2250 = ORIENTED_EDGE ( 'NONE', *, *, #3113, .T. ) ;
#2251 = DIRECTION ( 'NONE',  ( 1.000000000000000000, 0.000000000000000000, 0.000000000000000000 ) ) ;
#2252 = CARTESIAN_POINT ( 'NONE',  ( -10.78906273388258086, 0.3906354500405988528, 16.46671491501935947 ) ) ;
#2253 = CARTESIAN_POINT ( 'NONE',  ( -3.025454121685740017, -4.031652659500807090, 7.768151440068583824 ) ) ;
#2254 = CARTESIAN_POINT ( 'NONE',  ( -11.78519883570509030, -4.787808415475873325, 0.03982952117637166001 ) ) ;
#2255 = EDGE_CURVE ( 'NONE', #3465, #4458, #4214, .T. ) ;
#2256 = EDGE_CURVE ( 'NONE', #445, #2670, #3266, .T. ) ;
#2257 = CARTESIAN_POINT ( 'NONE',  ( -9.902625780251774756, -0.5836317398699897296, 11.39268936816078259 ) ) ;
#2258 = EDGE_LOOP ( 'NONE', ( #1366, #3221, #3716, #1230 ) ) ;
#2259 = CARTESIAN_POINT ( 'NONE',  ( 2.527506574852445009, 4.877109187560883186, 16.77430041458950427 ) ) ;
#2260 = CARTESIAN_POINT ( 'NONE',  ( -0.1271798294549584263, 6.224999999999993427, 18.89999999999999503 ) ) ;
#2261 = CARTESIAN_POINT ( 'NONE',  ( -14.00161994317033631, -4.379309102684584509, 0.1249999999999999722 ) ) ;
#2262 = CARTESIAN_POINT ( 'NONE',  ( -2.405590510861158049E-13, 2.388999999999999790, 15.30970072158185502 ) ) ;
#2263 = VERTEX_POINT ( 'NONE', #1133 ) ;
#2264 = CARTESIAN_POINT ( 'NONE',  ( -0.6797675908499567488, -3.589939380841516758, 8.620143819329230794 ) ) ;
#2265 = EDGE_LOOP ( 'NONE', ( #3958, #2250, #4014, #1649 ) ) ;
#2266 = CARTESIAN_POINT ( 'NONE',  ( -0.5619265643688036160, 3.564982814698434144, 16.11374751923371207 ) ) ;
#2267 = B_SPLINE_CURVE_WITH_KNOTS ( 'NONE', 3,
 ( #4009, #1318, #3620, #1294 ),
 .UNSPECIFIED., .F., .F.,
 ( 4, 4 ),
 ( 3.778948120607000669E-05, 0.003942394452136901810 ),
 .UNSPECIFIED. ) ;
#2268 = CARTESIAN_POINT ( 'NONE',  ( -2.042893218813454759, -3.600000000000001421, 8.596417557948011989 ) ) ;
#2269 = EDGE_CURVE ( 'NONE', #758, #3294, #70, .T. ) ;
#2270 = LINE ( 'NONE', #4478, #2325 ) ;
#2271 = CARTESIAN_POINT ( 'NONE',  ( 8.029553600550510595, -1.990108054687367067, 13.29077005391073740 ) ) ;
#2272 = ORIENTED_EDGE ( 'NONE', *, *, #2047, .T. ) ;
#2273 = ADVANCED_BREP_SHAPE_REPRESENTATION ( '228-2500-2020', ( #3490, #139 ), #4226 ) ;
#2274 = CARTESIAN_POINT ( 'NONE',  ( 13.54427505090015948, 0.2392958047156266421, 6.823267796628023518 ) ) ;
#2275 = VERTEX_POINT ( 'NONE', #1238 ) ;
#2276 = LINE ( 'NONE', #1522, #4676 ) ;
#2277 = CARTESIAN_POINT ( 'NONE',  ( -13.47413928529879712, 0.7889150054221097941, 12.83379434446968581 ) ) ;
#2278 = CARTESIAN_POINT ( 'NONE',  ( -3.779396204025740502, -1.863497014787715234, 3.961000000003878085 ) ) ;
#2279 = CIRCLE ( 'NONE', #1418, 3.175000000000000711 ) ;
#2280 = UNCERTAINTY_MEASURE_WITH_UNIT (LENGTH_MEASURE( 1.000000000000000082E-05 ), #4500, 'distance_accuracy_value', 'NONE');
#2281 = CARTESIAN_POINT ( 'NONE',  ( 2.042893218813453871, -3.600000000000000977, 500000.0000000000582 ) ) ;
#2282 = ORIENTED_EDGE ( 'NONE', *, *, #2035, .F. ) ;
#2283 = ADVANCED_FACE ( 'NONE', ( #3594 ), #587, .T. ) ;
#2284 = DIRECTION ( 'NONE',  ( 0.000000000000000000, 0.000000000000000000, -1.000000000000000000 ) ) ;
#2285 = EDGE_CURVE ( 'NONE', #1833, #3769, #2367, .T. ) ;
#2286 = CARTESIAN_POINT ( 'NONE',  ( 15.16139489151178310, 0.4999999999999989453, 4.053941486404423422 ) ) ;
#2287 = CARTESIAN_POINT ( 'NONE',  ( 15.46139489151178026, 0.4999999999999988343, 0.8890000000000000124 ) ) ;
#2288 = ORIENTED_EDGE ( 'NONE', *, *, #3981, .F. ) ;
#2289 = AXIS2_PLACEMENT_3D ( 'NONE', #1915, #3110, #1222 ) ;
#2290 = CARTESIAN_POINT ( 'NONE',  ( 17.72654035033169251, 1.657958634304184775, 6.372367644529809108E-55 ) ) ;
#2291 = VERTEX_POINT ( 'NONE', #3881 ) ;
#2292 = CARTESIAN_POINT ( 'NONE',  ( -5.117073315542636003, 4.875557523083160483, 16.68332140742847614 ) ) ;
#2293 = CARTESIAN_POINT ( 'NONE',  ( 7.661625500404459110, -3.824022836413876636, 8.154093893422164285 ) ) ;
#2294 = DIRECTION ( 'NONE',  ( -0.7071067811865472397, -0.7071067811865479058, 0.000000000000000000 ) ) ;
#2295 = ORIENTED_EDGE ( 'NONE', *, *, #136, .T. ) ;
#2296 = CARTESIAN_POINT ( 'NONE',  ( 4.250000000000000000, 0.000000000000000000, 5.460999999999999410 ) ) ;
#2297 = VERTEX_POINT ( 'NONE', #1288 ) ;
#2298 = DIRECTION ( 'NONE',  ( 0.000000000000000000, 0.000000000000000000, -1.000000000000000000 ) ) ;
#2299 = FACE_OUTER_BOUND ( 'NONE', #513, .T. ) ;
#2300 = CARTESIAN_POINT ( 'NONE',  ( -4.520691588934596439, 2.389000000000000679, 15.24131959449908535 ) ) ;
#2301 = ORIENTED_EDGE ( 'NONE', *, *, #2191, .T. ) ;
#2302 = PLANE ( 'NONE',  #4351 ) ;
#2303 = ORIENTED_EDGE ( 'NONE', *, *, #3982, .F. ) ;
#2304 = CARTESIAN_POINT ( 'NONE',  ( -0.03605906010293202096, 0.3234982497874549501, 16.85104005572254948 ) ) ;
#2305 = CARTESIAN_POINT ( 'NONE',  ( -1.057172126602079854E-15, -2.599999995125601870, 12.78646966084733627 ) ) ;
#2306 = ORIENTED_EDGE ( 'NONE', *, *, #3032, .T. ) ;
#2307 = ADVANCED_FACE ( 'NONE', ( #150 ), #3152, .T. ) ;
#2308 = EDGE_CURVE ( 'NONE', #2947, #2114, #4260, .T. ) ;
#2309 = EDGE_CURVE ( 'NONE', #2369, #3478, #876, .T. ) ;
#2310 = FACE_BOUND ( 'NONE', #563, .T. ) ;
#2311 = VECTOR ( 'NONE', #72, 1000.000000000000000 ) ;
#2312 = ORIENTED_EDGE ( 'NONE', *, *, #3923, .F. ) ;
#2313 = CARTESIAN_POINT ( 'NONE',  ( -2.625469723768737662, 6.268847078802151529, 17.28826497659611405 ) ) ;
#2314 = CARTESIAN_POINT ( 'NONE',  ( -3.265259330186732090, 5.460999999999999410, 12.20000000000000107 ) ) ;
#2315 = CARTESIAN_POINT ( 'NONE',  ( 1.596106781186545920, 0.8890000000000000124, 7.238999999999999879 ) ) ;
#2316 = LOCAL_TIME ( 14, 39, 18.00000000000000000, #1637 ) ;
#2317 = APPROVAL_ROLE ( '' ) ;
#2318 = PLANE ( 'NONE',  #96 ) ;
#2319 = VERTEX_POINT ( 'NONE', #4311 ) ;
#2320 = DIRECTION ( 'NONE',  ( 0.000000000000000000, 1.000000000000000000, 0.000000000000000000 ) ) ;
#2321 = AXIS2_PLACEMENT_3D ( 'NONE', #2602, #3006, #3748 ) ;
#2322 = EDGE_LOOP ( 'NONE', ( #545, #1393, #2422, #3158 ) ) ;
#2323 = LINE ( 'NONE', #812, #264 ) ;
#2324 = CARTESIAN_POINT ( 'NONE',  ( -2.398957133740832415, -4.333403895804540440, 7.128013500245742762 ) ) ;
#2325 = VECTOR ( 'NONE', #4064, 1000.000000000000000 ) ;
#2326 = AXIS2_PLACEMENT_3D ( 'NONE', #4058, #277, #705 ) ;
#2327 = DIRECTION ( 'NONE',  ( -1.976513831063859337E-12, -1.000000000000000000, 0.000000000000000000 ) ) ;
#2328 = ORIENTED_EDGE ( 'NONE', *, *, #328, .T. ) ;
#2329 = EDGE_CURVE ( 'NONE', #1621, #777, #212, .T. ) ;
#2330 = FACE_OUTER_BOUND ( 'NONE', #2393, .T. ) ;
#2331 = CARTESIAN_POINT ( 'NONE',  ( -10.85556971348505506, 4.051195560187573541, 15.79905561072030729 ) ) ;
#2332 = CARTESIAN_POINT ( 'NONE',  ( 0.7432795950069416291, 2.389000000000000234, -91.99541463433266131 ) ) ;
#2333 = CARTESIAN_POINT ( 'NONE',  ( 8.142911213224170552, -3.208230805503728966, 9.171467260395791854 ) ) ;
#2334 = ORIENTED_EDGE ( 'NONE', *, *, #494, .F. ) ;
#2335 = CARTESIAN_POINT ( 'NONE',  ( -11.81412436668082933, -4.968642399023942779, 0.5247373823392380565 ) ) ;
#2336 = DIRECTION ( 'NONE',  ( 0.000000000000000000, -1.000000000000000000, 0.000000000000000000 ) ) ;
#2337 = DIRECTION ( 'NONE',  ( -0.1736481776669342170, -0.9848077530122073542, -0.000000000000000000 ) ) ;
#2338 = DATE_AND_TIME ( #98, #2642 ) ;
#2339 = FACE_OUTER_BOUND ( 'NONE', #907, .T. ) ;
#2340 = ORIENTED_EDGE ( 'NONE', *, *, #4394, .F. ) ;
#2341 = EDGE_CURVE ( 'NONE', #68, #2542, #695, .T. ) ;
#2342 = FACE_BOUND ( 'NONE', #1122, .T. ) ;
#2343 = EDGE_CURVE ( 'NONE', #3318, #3384, #3906, .T. ) ;
#2344 = ORIENTED_EDGE ( 'NONE', *, *, #494, .T. ) ;
#2345 = ORIENTED_EDGE ( 'NONE', *, *, #3511, .F. ) ;
#2346 = CARTESIAN_POINT ( 'NONE',  ( 12.55000000000000782, -6.224999999999989875, 1.000000000000004885 ) ) ;
#2347 = DIRECTION ( 'NONE',  ( 0.000000000000000000, 0.000000000000000000, 1.000000000000000000 ) ) ;
#2348 = ORIENTED_EDGE ( 'NONE', *, *, #3165, .F. ) ;
#2349 = ORIENTED_EDGE ( 'NONE', *, *, #1199, .F. ) ;
#2350 = DIRECTION ( 'NONE',  ( 0.000000000000000000, -0.000000000000000000, -1.000000000000000000 ) ) ;
#2351 = VERTEX_POINT ( 'NONE', #2394 ) ;
#2352 = CARTESIAN_POINT ( 'NONE',  ( -6.349999999999999645, -7.776507174585692163E-16, 3.960999999999999410 ) ) ;
#2353 = CARTESIAN_POINT ( 'NONE',  ( -10.73469554927321745, 4.051359031526850174, 15.81155499382310836 ) ) ;
#2354 = EDGE_CURVE ( 'NONE', #3, #3318, #564, .T. ) ;
#2355 = CARTESIAN_POINT ( 'NONE',  ( 14.48305445897572774, -1.072204672248555646, 3.195282600456615718 ) ) ;
#2356 = DIRECTION ( 'NONE',  ( 0.000000000000000000, 0.000000000000000000, -1.000000000000000000 ) ) ;
#2357 = CARTESIAN_POINT ( 'NONE',  ( -6.349999999999999645, 0.8890000000000000124, 10.60000000000000142 ) ) ;
#2358 = ORIENTED_EDGE ( 'NONE', *, *, #1612, .T. ) ;
#2359 = CARTESIAN_POINT ( 'NONE',  ( -14.20425749462470044, -1.595828187811903609, 2.605202207146485982 ) ) ;
#2360 = DIRECTION ( 'NONE',  ( 0.000000000000000000, 0.000000000000000000, 1.000000000000000000 ) ) ;
#2361 = CARTESIAN_POINT ( 'NONE',  ( -3.265259330186732090, 2.388999999880070391, 12.20000000000000107 ) ) ;
#2362 = APPROVAL_DATE_TIME ( #4598, #3967 ) ;
#2363 = CARTESIAN_POINT ( 'NONE',  ( 6.729724494490764819, 3.477124833655207414, 15.80862253213171797 ) ) ;
#2364 = ORIENTED_EDGE ( 'NONE', *, *, #4290, .F. ) ;
#2365 = DIRECTION ( 'NONE',  ( 0.000000000000000000, 0.000000000000000000, 1.000000000000000000 ) ) ;
#2366 = LINE ( 'NONE', #877, #3285 ) ;
#2367 = B_SPLINE_CURVE_WITH_KNOTS ( 'NONE', 3,
 ( #3618, #3195, #514, #2027 ),
 .UNSPECIFIED., .F., .F.,
 ( 4, 4 ),
 ( 0.000000000000000000, 1.000000000000000000 ),
 .UNSPECIFIED. ) ;
#2368 = ORIENTED_EDGE ( 'NONE', *, *, #993, .T. ) ;
#2369 = VERTEX_POINT ( 'NONE', #3904 ) ;
#2370 = EDGE_CURVE ( 'NONE', #4404, #2185, #3675, .T. ) ;
#2371 = ADVANCED_FACE ( 'NONE', ( #2841 ), #4355, .T. ) ;
#2372 = ADVANCED_FACE ( 'NONE', ( #3933 ), #3983, .T. ) ;
#2373 = CARTESIAN_POINT ( 'NONE',  ( 0.9766320821015094245, 3.565543201831881337, 16.11331895032573058 ) ) ;
#2374 = CARTESIAN_POINT ( 'NONE',  ( -9.895307910843950339, -0.6251334396009391448, 3.960999999999999410 ) ) ;
#2375 = ORIENTED_EDGE ( 'NONE', *, *, #368, .F. ) ;
#2376 = B_SPLINE_CURVE_WITH_KNOTS ( 'NONE', 3,
 ( #967, #3898, #4281, #4743 ),
 .UNSPECIFIED., .F., .F.,
 ( 4, 4 ),
 ( 0.000000000000000000, 0.0003053469915361830341 ),
 .UNSPECIFIED. ) ;
#2377 = ORIENTED_EDGE ( 'NONE', *, *, #1177, .F. ) ;
#2378 = CARTESIAN_POINT ( 'NONE',  ( 6.349999999999999645, 0.000000000000000000, 0.8890000000000000124 ) ) ;
#2379 = CARTESIAN_POINT ( 'NONE',  ( -6.349999999999999645, 0.8890000000000000124, 12.70000000000000107 ) ) ;
#2380 = APPLICATION_CONTEXT ( 'configuration controlled 3d designs of mechanical parts and assemblies' ) ;
#2381 = CARTESIAN_POINT ( 'NONE',  ( -10.27585487273234932, 2.751925111492317111, 15.10319970574227177 ) ) ;
#2382 = DIRECTION ( 'NONE',  ( 0.000000000000000000, -1.000000000000000000, 0.000000000000000000 ) ) ;
#2383 = DIRECTION ( 'NONE',  ( 0.000000000000000000, 0.000000000000000000, -1.000000000000000000 ) ) ;
#2384 = CARTESIAN_POINT ( 'NONE',  ( -3.779396204025740058, -1.863497014787715234, 500000.0000000000582 ) ) ;
#2385 = CARTESIAN_POINT ( 'NONE',  ( 7.091504974462399247, -3.525559048371153636, 8.651360951180356196 ) ) ;
#2386 = CARTESIAN_POINT ( 'NONE',  ( -4.486502985212286632, -2.570603795974262695, 0.8890000000000000124 ) ) ;
#2387 = B_SPLINE_CURVE_WITH_KNOTS ( 'NONE', 3,
 ( #2507, #2877, #1843, #4845, #4398, #4763 ),
 .UNSPECIFIED., .F., .F.,
 ( 4, 2, 4 ),
 ( 0.007920056252270312250, 0.01076402028785856599, 0.01360798432344682146 ),
 .UNSPECIFIED. ) ;
#2388 = VECTOR ( 'NONE', #4232, 1000.000000000000114 ) ;
#2389 = ADVANCED_FACE ( 'NONE', ( #4701 ), #4002, .F. ) ;
#2390 = CARTESIAN_POINT ( 'NONE',  ( -3.815205563579856740, -500000.0000000000582, 14.52768765523365424 ) ) ;
#2391 = PERSON_AND_ORGANIZATION ( #2744, #3444 ) ;
#2392 = CARTESIAN_POINT ( 'NONE',  ( 11.85705832225257517, -4.725000000000015632, 0.8549117561474216531 ) ) ;
#2393 = EDGE_LOOP ( 'NONE', ( #467, #3228, #347, #260, #1206, #342, #2911, #845, #3480, #239, #3734, #1575, #2699, #3619, #1259 ) ) ;
#2394 = CARTESIAN_POINT ( 'NONE',  ( 9.411354347815477084, 2.389000000000000234, 13.32748271459164791 ) ) ;
#2395 = LINE ( 'NONE', #3905, #2807 ) ;
#2396 = EDGE_CURVE ( 'NONE', #3549, #2863, #4677, .T. ) ;
#2397 = ORIENTED_EDGE ( 'NONE', *, *, #1144, .F. ) ;
#2398 = B_SPLINE_SURFACE_WITH_KNOTS ( 'NONE', 3, 3, ( 
 ( #1707, #3217, #4721, #1332 ),
 ( #4848, #649, #2158, #1109 ),
 ( #276, #2510, #358, #4027 ),
 ( #3705, #3263, #2960, #4423 ) ),
 .UNSPECIFIED., .F., .F., .F.,
 ( 4, 4 ),
 ( 4, 4 ),
 ( 0.000000000000000000, 1.000000000000000000 ),
 ( 0.000000000000000000, 1.000000000000000000 ),
 .UNSPECIFIED. ) ;
#2399 = ORIENTED_EDGE ( 'NONE', *, *, #4008, .F. ) ;
#2400 = CARTESIAN_POINT ( 'NONE',  ( 5.319027484443878073, 6.262805128998825133, 17.17991471608810272 ) ) ;
#2401 = FACE_BOUND ( 'NONE', #1814, .T. ) ;
#2402 = VERTEX_POINT ( 'NONE', #3192 ) ;
#2403 = VERTEX_POINT ( 'NONE', #628 ) ;
#2404 = DIRECTION ( 'NONE',  ( 1.000000000000000000, 0.000000000000000000, 0.000000000000000000 ) ) ;
#2405 = VERTEX_POINT ( 'NONE', #189 ) ;
#2406 = VECTOR ( 'NONE', #4731, 1000.000000000000000 ) ;
#2407 = EDGE_LOOP ( 'NONE', ( #2358, #106, #4723, #4194, #313 ) ) ;
#2408 = DIRECTION ( 'NONE',  ( 0.000000000000000000, 0.000000000000000000, 1.000000000000000000 ) ) ;
#2409 = DIRECTION ( 'NONE',  ( 0.000000000000000000, -0.000000000000000000, 1.000000000000000000 ) ) ;
#2410 = CARTESIAN_POINT ( 'NONE',  ( 16.44545796772891677, 3.053876711124309029, 3.428655609091837420 ) ) ;
#2411 = EDGE_CURVE ( 'NONE', #255, #4380, #1015, .T. ) ;
#2412 = VECTOR ( 'NONE', #1881, 1000.000000000000000 ) ;
#2413 = VECTOR ( 'NONE', #4109, 1000.000000000000000 ) ;
#2414 = CARTESIAN_POINT ( 'NONE',  ( -3.815205563579856740, 5.460999999999999410, 14.52768765523365424 ) ) ;
#2415 = FACE_OUTER_BOUND ( 'NONE', #1121, .T. ) ;
#2416 = ORIENTED_EDGE ( 'NONE', *, *, #3513, .F. ) ;
#2417 = CIRCLE ( 'NONE', #4088, 2.099999999999999645 ) ;
#2418 = CARTESIAN_POINT ( 'NONE',  ( -11.26721064360301128, -0.2905283779619550755, 9.744341004335797862 ) ) ;
#2419 = FACE_OUTER_BOUND ( 'NONE', #3903, .T. ) ;
#2420 = DIRECTION ( 'NONE',  ( -0.7071067811865476838, 0.7071067811865474617, 0.000000000000000000 ) ) ;
#2421 = CARTESIAN_POINT ( 'NONE',  ( 5.220877412469953072, 3.021050187573649737, 15.61920459983955212 ) ) ;
#2422 = ORIENTED_EDGE ( 'NONE', *, *, #3627, .T. ) ;
#2423 = VERTEX_POINT ( 'NONE', #2883 ) ;
#2424 = CARTESIAN_POINT ( 'NONE',  ( -6.349999999999999645, 5.460999999999999410, 12.70000000000000107 ) ) ;
#2425 = VERTEX_POINT ( 'NONE', #4722 ) ;
#2426 = B_SPLINE_CURVE_WITH_KNOTS ( 'NONE', 3,
 ( #1450, #2955, #2230, #4467 ),
 .UNSPECIFIED., .F., .F.,
 ( 4, 4 ),
 ( 0.000000000000000000, 0.009275489924828897101 ),
 .UNSPECIFIED. ) ;
#2427 = CARTESIAN_POINT ( 'NONE',  ( 0.1438995823918102768, 2.355593216510683874, 15.28786873101683064 ) ) ;
#2428 = CARTESIAN_POINT ( 'NONE',  ( -9.236585912809259113, -0.3323751407920806922, 12.81174090584798542 ) ) ;
#2429 = ORIENTED_EDGE ( 'NONE', *, *, #2177, .T. ) ;
#2430 = ORIENTED_EDGE ( 'NONE', *, *, #2987, .F. ) ;
#2431 = DIRECTION ( 'NONE',  ( 0.000000000000000000, -0.000000000000000000, -1.000000000000000000 ) ) ;
#2432 = CARTESIAN_POINT ( 'NONE',  ( 7.162740818362741457, -4.725000000000021849, 5.971234053733641467 ) ) ;
#2433 = DIRECTION ( 'NONE',  ( 0.000000000000000000, -0.000000000000000000, -1.000000000000000000 ) ) ;
#2434 = DIRECTION ( 'NONE',  ( 0.000000000000000000, 0.000000000000000000, -1.000000000000000000 ) ) ;
#2435 = CARTESIAN_POINT ( 'NONE',  ( 7.806434392881324236, -3.818198702134758538, 8.162997022430900529 ) ) ;
#2436 = DIRECTION ( 'NONE',  ( -0.000000000000000000, 1.000000000000000000, -0.000000000000000000 ) ) ;
#2437 = EDGE_CURVE ( 'NONE', #2185, #2078, #969, .T. ) ;
#2438 = CARTESIAN_POINT ( 'NONE',  ( -0.9178932188134388825, -4.725000000000019185, 5.980986468820129076 ) ) ;
#2439 = DIRECTION ( 'NONE',  ( 0.000000000000000000, 0.000000000000000000, -1.000000000000000000 ) ) ;
#2440 = DIRECTION ( 'NONE',  ( 0.000000000000000000, 1.000000000000000000, 0.000000000000000000 ) ) ;
#2441 = B_SPLINE_CURVE_WITH_KNOTS ( 'NONE', 3,
 ( #2518, #2892, #4408, #4040, #2143, #566, #3714, #4432, #3322, #3398 ),
 .UNSPECIFIED., .F., .F.,
 ( 4, 2, 2, 2, 4 ),
 ( 7.830459267423119953E-05, 0.002770688243718267673, 0.005463071894762304079, 0.008155455545806340051, 0.01084783919685037602 ),
 .UNSPECIFIED. ) ;
#2442 = CARTESIAN_POINT ( 'NONE',  ( 6.118530791954368553, 3.439400718504437737, 15.82245514300063149 ) ) ;
#2443 = ORIENTED_EDGE ( 'NONE', *, *, #708, .T. ) ;
#2444 = DIRECTION ( 'NONE',  ( 0.000000000000000000, 0.000000000000000000, -1.000000000000000000 ) ) ;
#2445 = EDGE_LOOP ( 'NONE', ( #4247, #3852, #1888 ) ) ;
#2446 = CIRCLE ( 'NONE', #4195, 2.099999999999999645 ) ;
#2447 = DIRECTION ( 'NONE',  ( 0.000000000000000000, 0.000000000000000000, -1.000000000000000000 ) ) ;
#2448 = CARTESIAN_POINT ( 'NONE',  ( 9.895307910843952115, -0.6251334396009641248, 3.960999999999999410 ) ) ;
#2449 = ORIENTED_EDGE ( 'NONE', *, *, #3200, .T. ) ;
#2450 = VERTEX_POINT ( 'NONE', #1285 ) ;
#2451 = FACE_OUTER_BOUND ( 'NONE', #2935, .T. ) ;
#2452 = CARTESIAN_POINT ( 'NONE',  ( 2.332106781186531475, -4.725000000000019185, 5.980178226026757748 ) ) ;
#2453 = VECTOR ( 'NONE', #3800, 999.9999999999998863 ) ;
#2454 = CARTESIAN_POINT ( 'NONE',  ( 6.349999999999999645, 0.000000000000000000, 18.90187766477306752 ) ) ;
#2455 = CARTESIAN_POINT ( 'NONE',  ( 0.7432795950069416291, 2.389000000000000234, -91.99541463433266131 ) ) ;
#2456 = CARTESIAN_POINT ( 'NONE',  ( 2.398957133740984737, -4.333403895804589290, 7.128013500245631739 ) ) ;
#2457 = DIRECTION ( 'NONE',  ( 0.000000000000000000, 0.000000000000000000, -1.000000000000000000 ) ) ;
#2458 = CARTESIAN_POINT ( 'NONE',  ( 3.457106781186588318, -3.599999999999999201, 8.584227566263795239 ) ) ;
#2459 = DIRECTION ( 'NONE',  ( 0.000000000000000000, 0.000000000000000000, -1.000000000000000000 ) ) ;
#2460 = ADVANCED_FACE ( 'NONE', ( #1708 ), #4353, .T. ) ;
#2461 = EDGE_CURVE ( 'NONE', #2319, #2945, #1628, .T. ) ;
#2462 = EDGE_CURVE ( 'NONE', #3179, #4440, #2489, .T. ) ;
#2463 = CARTESIAN_POINT ( 'NONE',  ( 6.349999999999999645, 5.460999999999999410, 12.69999999999999929 ) ) ;
#2464 = ORIENTED_EDGE ( 'NONE', *, *, #1632, .T. ) ;
#2465 = CARTESIAN_POINT ( 'NONE',  ( -8.338559613899946044, -1.680865247465296752, 13.59814271011397757 ) ) ;
#2466 = EDGE_CURVE ( 'NONE', #2142, #4410, #584, .T. ) ;
#2467 = ORIENTED_EDGE ( 'NONE', *, *, #208, .T. ) ;
#2468 = CARTESIAN_POINT ( 'NONE',  ( 3.915572494858573283, 2.363296985966639063, 15.24743401807193521 ) ) ;
#2469 = DIRECTION ( 'NONE',  ( 1.000000000000000000, 0.000000000000000000, -0.000000000000000000 ) ) ;
#2470 = ORIENTED_EDGE ( 'NONE', *, *, #218, .F. ) ;
#2471 = AXIS2_PLACEMENT_3D ( 'NONE', #2332, #1577, #11 ) ;
#2472 = ORIENTED_EDGE ( 'NONE', *, *, #4696, .T. ) ;
#2473 = DIRECTION ( 'NONE',  ( -0.1736481776669351884, -0.9848077530122071321, 0.000000000000000000 ) ) ;
#2474 = CARTESIAN_POINT ( 'NONE',  ( 6.349999999999999645, 0.000000000000000000, 0.8890000000000000124 ) ) ;
#2475 = AXIS2_PLACEMENT_3D ( 'NONE', #1964, #2803, #159 ) ;
#2476 = CARTESIAN_POINT ( 'NONE',  ( -2.939283401410229590, -4.265017530709238613, 12.21847815536649939 ) ) ;
#2477 = CARTESIAN_POINT ( 'NONE',  ( 13.43079482687189063, -2.572720993423335489, 0.8557626863917570104 ) ) ;
#2478 = EDGE_CURVE ( 'NONE', #371, #655, #1782, .T. ) ;
#2479 = AXIS2_PLACEMENT_3D ( 'NONE', #2102, #978, #2473 ) ;
#2480 = CARTESIAN_POINT ( 'NONE',  ( 2.503718696447795544, -3.824530154591117004, 8.240336723578565170 ) ) ;
#2481 = CARTESIAN_POINT ( 'NONE',  ( 9.411354347815475307, 2.388999999999999790, 14.94725602919483265 ) ) ;
#2482 = VERTEX_POINT ( 'NONE', #2067 ) ;
#2483 = DIRECTION ( 'NONE',  ( 0.000000000000000000, 0.000000000000000000, -1.000000000000000000 ) ) ;
#2484 = VECTOR ( 'NONE', #2447, 1000.000000000000000 ) ;
#2485 = FACE_OUTER_BOUND ( 'NONE', #2322, .T. ) ;
#2486 = CARTESIAN_POINT ( 'NONE',  ( 10.83868078663620160, 4.724999999999999645, 3.960999999999999410 ) ) ;
#2487 = AXIS2_PLACEMENT_3D ( 'NONE', #2934, #3706, #1062 ) ;
#2488 = CARTESIAN_POINT ( 'NONE',  ( 2.648044459382027149, -4.409062321804523954, 6.902344221155020776 ) ) ;
#2489 = CIRCLE ( 'NONE', #386, 3.174999999999999822 ) ;
#2490 = VERTEX_POINT ( 'NONE', #207 ) ;
#2491 = ORIENTED_EDGE ( 'NONE', *, *, #2343, .F. ) ;
#2492 = CARTESIAN_POINT ( 'NONE',  ( -6.349999999999999645, 0.8890000000000000124, 10.60000000000000142 ) ) ;
#2493 = B_SPLINE_CURVE_WITH_KNOTS ( 'NONE', 3,
 ( #1847, #1751, #2511, #3314, #1826, #1800, #1355 ),
 .UNSPECIFIED., .F., .F.,
 ( 4, 3, 4 ),
 ( 0.0002160364216726575013, 0.001292237746446781672, 0.002584475563626402201 ),
 .UNSPECIFIED. ) ;
#2494 = EDGE_LOOP ( 'NONE', ( #2640, #2161, #307, #2348 ) ) ;
#2495 = LINE ( 'NONE', #3643, #842 ) ;
#2496 = DIRECTION ( 'NONE',  ( 0.000000000000000000, 0.000000000000000000, 1.000000000000000000 ) ) ;
#2497 = ORIENTED_EDGE ( 'NONE', *, *, #4248, .F. ) ;
#2498 = EDGE_LOOP ( 'NONE', ( #2006, #1271, #3696, #2847 ) ) ;
#2499 = EDGE_CURVE ( 'NONE', #2542, #2727, #1356, .T. ) ;
#2500 = B_SPLINE_CURVE_WITH_KNOTS ( 'NONE', 3,
 ( #3019, #3854, #3424, #2268 ),
 .UNSPECIFIED., .F., .F.,
 ( 4, 4 ),
 ( 0.000000000000000000, 0.003060275908454867643 ),
 .UNSPECIFIED. ) ;
#2501 = ORIENTED_EDGE ( 'NONE', *, *, #2563, .T. ) ;
#2502 = DIRECTION ( 'NONE',  ( -1.000000000000000000, -0.000000000000000000, -0.000000000000000000 ) ) ;
#2503 = CARTESIAN_POINT ( 'NONE',  ( -10.78906273388258086, 0.3906354500405988528, 16.46671491501935947 ) ) ;
#2504 = CARTESIAN_POINT ( 'NONE',  ( 11.36459316832550570, -1.946572021766316274, 6.726676122159177318 ) ) ;
#2505 = LINE ( 'NONE', #4103, #24 ) ;
#2506 = ORIENTED_EDGE ( 'NONE', *, *, #2710, .F. ) ;
#2507 = CARTESIAN_POINT ( 'NONE',  ( 14.78104022995983868, -0.4999999999931363792, 3.255083369738982046 ) ) ;
#2508 = EDGE_CURVE ( 'NONE', #754, #970, #509, .T. ) ;
#2509 = CARTESIAN_POINT ( 'NONE',  ( -15.55803989716129543, -2.593668238447218943, 6.372367644529809108E-55 ) ) ;
#2510 = CARTESIAN_POINT ( 'NONE',  ( 11.26766724508886064, -3.714991631179991760, 9.119603480164480303 ) ) ;
#2511 = CARTESIAN_POINT ( 'NONE',  ( -14.74916681238151028, -0.4999999999912224102, 2.538324153400666638 ) ) ;
#2512 = CARTESIAN_POINT ( 'NONE',  ( -6.349999999999999645, -7.776507174585692163E-16, 3.960999999999999410 ) ) ;
#2513 = ORIENTED_EDGE ( 'NONE', *, *, #2923, .T. ) ;
#2514 = CARTESIAN_POINT ( 'NONE',  ( -7.879497189705150006, 2.367568335737527008, 15.06187057864280909 ) ) ;
#2515 = CARTESIAN_POINT ( 'NONE',  ( -12.88827163624043770, -3.318813717733294144, 0.07949777129587934366 ) ) ;
#2516 = B_SPLINE_SURFACE_WITH_KNOTS ( 'NONE', 3, 3, ( 
 ( #2927, #3257, #2951, #3630, #2150, #4365, #350 ),
 ( #4443, #3674, #1840, #1053, #2874, #1079, #4393 ),
 ( #2582, #4738, #982, #2504, #1347, #3995, #1369 ),
 ( #4019, #644, #4073, #2556, #2127, #1766, #3284 ),
 ( #4791, #1398, #4173, #5, #3773, #3356, #3007 ),
 ( #746, #2629, #2982, #4124, #1498, #401, #3382 ),
 ( #4487, #3031, #4510, #2229, #1126, #3749, #4148 ) ),
 .UNSPECIFIED., .F., .F., .F.,
 ( 4, 3, 4 ),
 ( 4, 3, 4 ),
 ( 0.5139007805893821557, 0.7487059537008682319, 0.9835111268123543082 ),
 ( 0.02875349006380694197, 0.5010463887284750673, 0.9733392873931431266 ),
 .UNSPECIFIED. ) ;
#2517 = EDGE_LOOP ( 'NONE', ( #4461, #1267, #3858, #4826 ) ) ;
#2518 = CARTESIAN_POINT ( 'NONE',  ( 11.83730915039150311, -4.725000000004686562, 0.1250000000000146272 ) ) ;
#2519 = CARTESIAN_POINT ( 'NONE',  ( -0.5000000000000002220, -2.764972006980717545, 6.142893218813454403 ) ) ;
#2520 = ORIENTED_EDGE ( 'NONE', *, *, #1263, .T. ) ;
#2521 = VECTOR ( 'NONE', #4795, 1000.000000000000000 ) ;
#2522 = CARTESIAN_POINT ( 'NONE',  ( 6.349999999999999645, -3.600000000000000977, 3.960999999999999410 ) ) ;
#2523 = EDGE_CURVE ( 'NONE', #973, #1183, #914, .T. ) ;
#2524 = EDGE_CURVE ( 'NONE', #4729, #2405, #4851, .T. ) ;
#2525 = EDGE_CURVE ( 'NONE', #1287, #2719, #4155, .T. ) ;
#2526 = ORIENTED_EDGE ( 'NONE', *, *, #2411, .T. ) ;
#2527 = AXIS2_PLACEMENT_3D ( 'NONE', #2148, #4099, #4840 ) ;
#2528 = FACE_OUTER_BOUND ( 'NONE', #2662, .T. ) ;
#2529 = CARTESIAN_POINT ( 'NONE',  ( 4.515600645579449512, 2.389000000011801905, 15.24150613560709644 ) ) ;
#2530 = CARTESIAN_POINT ( 'NONE',  ( 12.41213577785188527, -4.069823855813441860, 1.638838990322404543 ) ) ;
#2531 = CIRCLE ( 'NONE', #3332, 3.125000000000000888 ) ;
#2532 = CARTESIAN_POINT ( 'NONE',  ( -14.67543060060709692, -0.4999999999999982792, 0.8889999999999935731 ) ) ;
#2533 = ORIENTED_EDGE ( 'NONE', *, *, #1399, .F. ) ;
#2534 = LINE ( 'NONE', #271, #2018 ) ;
#2535 = CARTESIAN_POINT ( 'NONE',  ( -18.90000000000000568, 6.225000000000007638, 6.976468134611495842 ) ) ;
#2536 = LINE ( 'NONE', #4469, #4813 ) ;
#2537 = CARTESIAN_POINT ( 'NONE',  ( -10.96630972489651157, 4.048694037285147651, 15.78571765419711070 ) ) ;
#2538 = CARTESIAN_POINT ( 'NONE',  ( -12.39632705673125912, -4.020634301423804402, 0.1250000000000110190 ) ) ;
#2539 = DIRECTION ( 'NONE',  ( -1.000000000000000000, 0.000000000000000000, 0.000000000000000000 ) ) ;
#2540 = ORIENTED_EDGE ( 'NONE', *, *, #2523, .F. ) ;
#2541 = CARTESIAN_POINT ( 'NONE',  ( 18.89999999999999858, 6.224999999999999645, 0.000000000000000000 ) ) ;
#2542 = VERTEX_POINT ( 'NONE', #2639 ) ;
#2543 = EDGE_LOOP ( 'NONE', ( #2288, #1958, #2977, #1871, #178, #4807 ) ) ;
#2544 = DIRECTION ( 'NONE',  ( 2.656333388193093977E-16, 0.000000000000000000, -1.000000000000000000 ) ) ;
#2545 = CARTESIAN_POINT ( 'NONE',  ( -15.70490384266036088, 1.388919106681659965, 1.507138208685807168 ) ) ;
#2546 = ADVANCED_FACE ( 'NONE', ( #1459 ), #685, .F. ) ;
#2547 = DIRECTION ( 'NONE',  ( 1.000000000000000000, 0.000000000000000000, 0.000000000000000000 ) ) ;
#2548 = CARTESIAN_POINT ( 'NONE',  ( 1.596106781186545476, 5.460999999999999410, 7.238999999999999879 ) ) ;
#2549 = EDGE_LOOP ( 'NONE', ( #3755, #4060, #3510, #3431, #4096 ) ) ;
#2550 = CARTESIAN_POINT ( 'NONE',  ( 11.84935892980547933, -4.725000000000020961, 0.5699408020437484179 ) ) ;
#2551 = ORIENTED_EDGE ( 'NONE', *, *, #3080, .T. ) ;
#2552 = VERTEX_POINT ( 'NONE', #306 ) ;
#2553 = AXIS2_PLACEMENT_3D ( 'NONE', #19, #3877, #782 ) ;
#2554 = DIRECTION ( 'NONE',  ( 0.000000000000000000, 0.000000000000000000, -1.000000000000000000 ) ) ;
#2555 = CARTESIAN_POINT ( 'NONE',  ( 6.349999999999999645, 2.389000000000000234, 12.69999999999999929 ) ) ;
#2556 = CARTESIAN_POINT ( 'NONE',  ( 10.88919054376787976, -2.727536619690631436, 5.896252341395234353 ) ) ;
#2557 = DIRECTION ( 'NONE',  ( -0.000000000000000000, 1.000000000000000000, -0.000000000000000000 ) ) ;
#2558 = ORIENTED_EDGE ( 'NONE', *, *, #1251, .F. ) ;
#2559 = FACE_OUTER_BOUND ( 'NONE', #4187, .T. ) ;
#2560 = LINE ( 'NONE', #723, #1986 ) ;
#2561 = EDGE_CURVE ( 'NONE', #2842, #3549, #1849, .T. ) ;
#2562 = CARTESIAN_POINT ( 'NONE',  ( -18.89999999999999503, 6.224999999999987210, -0.1008218086123736784 ) ) ;
#2563 = EDGE_CURVE ( 'NONE', #3918, #3554, #1322, .T. ) ;
#2564 = PLANE ( 'NONE',  #4613 ) ;
#2565 = CARTESIAN_POINT ( 'NONE',  ( -10.96073626868056117, 4.724999999999997868, 16.09611484234996581 ) ) ;
#2566 = B_SPLINE_SURFACE_WITH_KNOTS ( 'NONE', 3, 3, ( 
 ( #3484, #4658, #4636, #2400, #1614, #8, #1265, #1872, #748, #2775, #4150, #3864, #2031, #3103, #4489, #4292 ),
 ( #903, #1241, #1107, #3552, #175, #2605, #2259, #2231, #382, #1214, #3385, #1502, #495, #3011, #2751, #4514 ),
 ( #2633, #404, #1959, #104, #1592, #4243, #1983, #3505, #4266, #880, #2373, #633, #4357, #661, #590, #974 ),
 ( #3667, #4727, #4382, #286, #2468, #3985, #4708, #611, #4314, #1690, #1339, #1361, #3597, #3177, #2427, #4779 ) ),
 .UNSPECIFIED., .F., .F., .F.,
 ( 4, 4 ),
 ( 4, 3, 3, 3, 3, 4 ),
 ( 0.02722076259962788458, 0.2861235480505385231 ),
 ( 0.1344756844563837483, 0.5701753531158020305, 0.7880251874455111993, 0.8969501046103658393, 0.9514125631927931037, 1.005875021775220368 ),
 .UNSPECIFIED. ) ;
#2567 = ORIENTED_EDGE ( 'NONE', *, *, #112, .T. ) ;
#2568 = FACE_OUTER_BOUND ( 'NONE', #258, .T. ) ;
#2569 = ORIENTED_EDGE ( 'NONE', *, *, #4199, .F. ) ;
#2570 = VECTOR ( 'NONE', #2826, 1000.000000000000000 ) ;
#2571 = CARTESIAN_POINT ( 'NONE',  ( -2.332106781186532363, -4.725000000000019185, 0.8890000000000000124 ) ) ;
#2572 = CARTESIAN_POINT ( 'NONE',  ( -13.17737975714756438, -2.953472732041079851, 0.7978535347551045653 ) ) ;
#2573 = AXIS2_PLACEMENT_3D ( 'NONE', #4670, #1350, #4740 ) ;
#2574 = CARTESIAN_POINT ( 'NONE',  ( 0.000000000000000000, 0.000000000000000000, 0.000000000000000000 ) ) ;
#2575 = CARTESIAN_POINT ( 'NONE',  ( -12.33583526526519947, 4.724999999999998757, 14.46326169518406601 ) ) ;
#2576 = ORIENTED_EDGE ( 'NONE', *, *, #582, .F. ) ;
#2577 = EDGE_CURVE ( 'NONE', #242, #4730, #1877, .T. ) ;
#2578 = CARTESIAN_POINT ( 'NONE',  ( -6.350000000000000533, -3.599999999999995648, 8.532475483752701706 ) ) ;
#2579 = ORIENTED_EDGE ( 'NONE', *, *, #2341, .F. ) ;
#2580 = DIRECTION ( 'NONE',  ( 0.1736481776669273336, -0.9848077530122086864, 0.000000000000000000 ) ) ;
#2581 = CARTESIAN_POINT ( 'NONE',  ( 4.525782515809861906, 2.388999999999999790, 15.24113268245928232 ) ) ;
#2582 = CARTESIAN_POINT ( 'NONE',  ( 8.295455013762136787, -2.333071533240810069, 10.72311262849398794 ) ) ;
#2583 = CARTESIAN_POINT ( 'NONE',  ( 11.20477579580094130, 4.724999999999615952, 16.06975191876192710 ) ) ;
#2584 = DIRECTION ( 'NONE',  ( 1.000000000000000000, 0.000000000000000000, 0.000000000000000000 ) ) ;
#2585 = DIRECTION ( 'NONE',  ( 0.000000000000000000, 1.000000000000000000, 0.000000000000000000 ) ) ;
#2586 = CARTESIAN_POINT ( 'NONE',  ( 3.605906010293274289, 0.3460260146564547168, 16.90268243710701768 ) ) ;
#2587 = CARTESIAN_POINT ( 'NONE',  ( -14.78104022996068423, -0.4999999999916129312, 3.255083369739770749 ) ) ;
#2588 = CARTESIAN_POINT ( 'NONE',  ( -3.815205563579831427, -500000.0000000000582, 10.87231234476637987 ) ) ;
#2589 = EDGE_CURVE ( 'NONE', #2727, #2201, #997, .T. ) ;
#2590 = CARTESIAN_POINT ( 'NONE',  ( 14.71398143921438084, -0.4999999999924544802, 1.749685598503290196 ) ) ;
#2591 = VERTEX_POINT ( 'NONE', #3394 ) ;
#2592 = DIRECTION ( 'NONE',  ( -1.000000000000000000, 0.000000000000000000, 0.000000000000000000 ) ) ;
#2593 = CARTESIAN_POINT ( 'NONE',  ( -16.94509506508755692, 4.857746988707242863, 0.06793141926997239843 ) ) ;
#2594 = PLANE ( 'NONE',  #3914 ) ;
#2595 = DIRECTION ( 'NONE',  ( -1.000000000000000000, 3.372725549448445729E-17, 0.000000000000000000 ) ) ;
#2596 = ORIENTED_EDGE ( 'NONE', *, *, #1055, .F. ) ;
#2597 = CARTESIAN_POINT ( 'NONE',  ( -7.496574969920732912, -3.423898732270718615, 8.823567697214739880 ) ) ;
#2598 = ORIENTED_EDGE ( 'NONE', *, *, #1889, .F. ) ;
#2599 = ORIENTED_EDGE ( 'NONE', *, *, #1836, .T. ) ;
#2600 = DIRECTION ( 'NONE',  ( 0.000000000000000000, -0.000000000000000000, 1.000000000000000000 ) ) ;
#2601 = FACE_OUTER_BOUND ( 'NONE', #1170, .T. ) ;
#2602 = CARTESIAN_POINT ( 'NONE',  ( -6.349999999999999645, 0.8890000000000000124, 12.70000000000000107 ) ) ;
#2603 = CARTESIAN_POINT ( 'NONE',  ( -11.80035628656329827, -4.781190196324570429, 0.4377389595129987931 ) ) ;
#2604 = CARTESIAN_POINT ( 'NONE',  ( 6.349999999999999645, 0.8890000000000000124, 14.79999999999999716 ) ) ;
#2605 = CARTESIAN_POINT ( 'NONE',  ( 3.391290160290961087, 4.876794003836122826, 16.75523023742603357 ) ) ;
#2606 = CARTESIAN_POINT ( 'NONE',  ( 0.9178932188134356629, -4.725000000000018296, 0.8890000000000000124 ) ) ;
#2607 = CARTESIAN_POINT ( 'NONE',  ( 11.85705832225257517, -4.725000000000015632, 0.8549117561474216531 ) ) ;
#2608 = CARTESIAN_POINT ( 'NONE',  ( -0.5000000000000004441, -500000.0000000000582, 7.238999999999999879 ) ) ;
#2609 = EDGE_CURVE ( 'NONE', #409, #3638, #4204, .T. ) ;
#2610 = CIRCLE ( 'NONE', #4746, 3.125000000000000888 ) ;
#2611 = ORIENTED_EDGE ( 'NONE', *, *, #432, .F. ) ;
#2612 = CARTESIAN_POINT ( 'NONE',  ( -2.057265976913979166, -3.586254596425221930, 8.622505643270834241 ) ) ;
#2613 = EDGE_LOOP ( 'NONE', ( #2172, #3799, #152, #3987 ) ) ;
#2614 = CARTESIAN_POINT ( 'NONE',  ( -6.842158351013749140, 4.874117407009538994, 16.60016544211236678 ) ) ;
#2615 = CARTESIAN_POINT ( 'NONE',  ( -8.557614862927833244, -2.849062309567850892, 9.140271414836592001 ) ) ;
#2616 = EDGE_CURVE ( 'NONE', #1172, #4404, #1192, .T. ) ;
#2617 = ADVANCED_FACE ( 'NONE', ( #2568 ), #709, .F. ) ;
#2618 = DIRECTION ( 'NONE',  ( -1.000000000000000000, 0.000000000000000000, -0.000000000000000000 ) ) ;
#2619 = CARTESIAN_POINT ( 'NONE',  ( 8.338325640760448465, -1.681113824036123416, 13.59789637341391710 ) ) ;
#2620 = ORIENTED_EDGE ( 'NONE', *, *, #3469, .T. ) ;
#2621 = EDGE_CURVE ( 'NONE', #366, #2152, #14, .T. ) ;
#2622 = CARTESIAN_POINT ( 'NONE',  ( 9.411354347815477084, 2.389000000000000234, 12.07251728540835778 ) ) ;
#2623 = ORIENTED_EDGE ( 'NONE', *, *, #4686, .F. ) ;
#2624 = EDGE_LOOP ( 'NONE', ( #3984, #2328, #1476, #898 ) ) ;
#2625 = DIRECTION ( 'NONE',  ( 1.000000000000000000, 0.000000000000000000, 0.000000000000000000 ) ) ;
#2626 = VERTEX_POINT ( 'NONE', #434 ) ;
#2627 = CARTESIAN_POINT ( 'NONE',  ( 6.349999999999999645, 5.460999999999999410, 12.69999999999999929 ) ) ;
#2628 = AXIS2_PLACEMENT_3D ( 'NONE', #1646, #2008, #3227 ) ;
#2629 = CARTESIAN_POINT ( 'NONE',  ( 8.214938532722829478, -4.263777603735641186, 6.236922530719058777 ) ) ;
#2630 = ORIENTED_EDGE ( 'NONE', *, *, #3063, .F. ) ;
#2631 = CARTESIAN_POINT ( 'NONE',  ( -10.60429256900981088, 3.395718362643030286, 15.47136208565025228 ) ) ;
#2632 = VERTEX_POINT ( 'NONE', #1898 ) ;
#2633 = CARTESIAN_POINT ( 'NONE',  ( 9.869555853985053417, 3.568211438867873397, 15.68766000594695775 ) ) ;
#2634 = FACE_OUTER_BOUND ( 'NONE', #80, .T. ) ;
#2635 = EDGE_CURVE ( 'NONE', #149, #3528, #4229, .T. ) ;
#2636 = LINE ( 'NONE', #3014, #1115 ) ;
#2637 = LINE ( 'NONE', #2287, #4241 ) ;
#2638 = ORIENTED_EDGE ( 'NONE', *, *, #4291, .F. ) ;
#2639 = CARTESIAN_POINT ( 'NONE',  ( 4.522312344766381997, 2.388999999880070391, 15.23479443642016662 ) ) ;
#2640 = ORIENTED_EDGE ( 'NONE', *, *, #2621, .T. ) ;
#2641 = CARTESIAN_POINT ( 'NONE',  ( -9.869555853985003679, 3.568211438867800123, 15.68766000594690802 ) ) ;
#2642 = LOCAL_TIME ( 14, 39, 18.00000000000000000, #1257 ) ;
#2643 = LINE ( 'NONE', #120, #2311 ) ;
#2644 = VECTOR ( 'NONE', #680, 1000.000000000000114 ) ;
#2645 = DIRECTION ( 'NONE',  ( 0.000000000000000000, 0.000000000000000000, 1.000000000000000000 ) ) ;
#2646 = VERTEX_POINT ( 'NONE', #505 ) ;
#2647 = CARTESIAN_POINT ( 'NONE',  ( -6.349999999999999645, 4.724999999999999645, 3.960999999999999410 ) ) ;
#2648 = VECTOR ( 'NONE', #73, 1000.000000000000000 ) ;
#2649 = AXIS2_PLACEMENT_3D ( 'NONE', #2424, #3124, #2798 ) ;
#2650 = ORIENTED_EDGE ( 'NONE', *, *, #3280, .T. ) ;
#2651 = ORIENTED_EDGE ( 'NONE', *, *, #4864, .F. ) ;
#2652 = EDGE_CURVE ( 'NONE', #1321, #1363, #2247, .T. ) ;
#2653 = CARTESIAN_POINT ( 'NONE',  ( -15.16138137550286125, 0.5000000000171729297, 500000.0000000000582 ) ) ;
#2654 = DIRECTION ( 'NONE',  ( 0.000000000000000000, 0.000000000000000000, 1.000000000000000000 ) ) ;
#2655 = DIRECTION ( 'NONE',  ( 0.000000000000000000, 0.000000000000000000, 1.000000000000000000 ) ) ;
#2656 = CARTESIAN_POINT ( 'NONE',  ( -12.37047883196804321, -4.064704002809673256, 0.5906179086666741851 ) ) ;
#2657 = CARTESIAN_POINT ( 'NONE',  ( -16.97046814186072083, 4.725000000000002309, 5.815392029797278539 ) ) ;
#2658 = ORIENTED_EDGE ( 'NONE', *, *, #2711, .T. ) ;
#2659 = CARTESIAN_POINT ( 'NONE',  ( 7.324999999999945999, -6.225000000000001421, 6.224999999999995204 ) ) ;
#2660 = DIRECTION ( 'NONE',  ( -1.000000000000000000, -1.232470294432441318E-11, -0.000000000000000000 ) ) ;
#2661 = PLANE ( 'NONE',  #4871 ) ;
#2662 = EDGE_LOOP ( 'NONE', ( #2956, #1564, #4066, #1647 ) ) ;
#2663 = CC_DESIGN_DATE_AND_TIME_ASSIGNMENT ( #487, #1904, ( #1772 ) ) ;
#2664 = CARTESIAN_POINT ( 'NONE',  ( 1.611538411625769163, -4.031354807187687683, 7.775997984700744325 ) ) ;
#2665 = ORIENTED_EDGE ( 'NONE', *, *, #1416, .T. ) ;
#2666 = CARTESIAN_POINT ( 'NONE',  ( -2.527506574852735888, 4.877109187560723313, 16.77430041458941545 ) ) ;
#2667 = DIRECTION ( 'NONE',  ( 1.000000000000000000, 0.000000000000000000, 0.000000000000000000 ) ) ;
#2668 = PERSON_AND_ORGANIZATION ( #2744, #3444 ) ;
#2669 = CARTESIAN_POINT ( 'NONE',  ( 1.988434582366624070, -4.032492722949557518, 7.774990533954706073 ) ) ;
#2670 = VERTEX_POINT ( 'NONE', #4546 ) ;
#2671 = PLANE ( 'NONE',  #3452 ) ;
#2672 = VERTEX_POINT ( 'NONE', #1629 ) ;
#2673 = CARTESIAN_POINT ( 'NONE',  ( 14.78104022995983868, -0.4999999999931363792, 3.255083369738982046 ) ) ;
#2674 = ORIENTED_EDGE ( 'NONE', *, *, #3111, .F. ) ;
#2675 = CARTESIAN_POINT ( 'NONE',  ( -2.332106781186546574, 4.724999999999999645, 0.8890000000000009006 ) ) ;
#2676 = VECTOR ( 'NONE', #4457, 1000.000000000000000 ) ;
#2677 = VERTEX_POINT ( 'NONE', #481 ) ;
#2678 = EDGE_CURVE ( 'NONE', #2291, #4410, #3086, .T. ) ;
#2679 = ADVANCED_FACE ( 'NONE', ( #2310, #1993 ), #1971, .T. ) ;
#2680 = EDGE_CURVE ( 'NONE', #3364, #3059, #965, .T. ) ;
#2681 = CARTESIAN_POINT ( 'NONE',  ( -3.214617248245439374, 0.5000000000000002220, 0.8890000000000000124 ) ) ;
#2682 = ORIENTED_EDGE ( 'NONE', *, *, #4577, .T. ) ;
#2683 = CARTESIAN_POINT ( 'NONE',  ( 2.939283401410229590, -4.265017530709238613, 12.21847815536649939 ) ) ;
#2684 = LINE ( 'NONE', #820, #3091 ) ;
#2685 = ORIENTED_EDGE ( 'NONE', *, *, #1055, .T. ) ;
#2686 = VECTOR ( 'NONE', #3514, 1000.000000000000000 ) ;
#2687 =( BOUNDED_CURVE ( )  B_SPLINE_CURVE ( 3, ( #2757, #4299, #1344, #4272 ),
 .UNSPECIFIED., .F., .T. ) 
 B_SPLINE_CURVE_WITH_KNOTS ( ( 4, 4 ),
 ( 2.939423814405496937, 2.980902000637884353 ),
 .UNSPECIFIED. ) 
 CURVE ( )  GEOMETRIC_REPRESENTATION_ITEM ( )  RATIONAL_B_SPLINE_CURVE ( ( 1.000000000000000000, 0.9998566351442377265, 0.9998566351442377265, 1.000000000000000000 ) ) 
 REPRESENTATION_ITEM ( '' )  );
#2688 = CARTESIAN_POINT ( 'NONE',  ( 18.89999999999999858, 6.224999999999994316, 2.325489378203831947 ) ) ;
#2689 = ORIENTED_EDGE ( 'NONE', *, *, #4007, .F. ) ;
#2690 = CARTESIAN_POINT ( 'NONE',  ( -2.176220503408179852, 6.269768608124135056, 17.30016964659160195 ) ) ;
#2691 = CARTESIAN_POINT ( 'NONE',  ( 0.7432795950069416291, 2.389000000000000234, -91.99541463433266131 ) ) ;
#2692 = PLANE ( 'NONE',  #3131 ) ;
#2693 = APPROVAL_ROLE ( '' ) ;
#2694 = CARTESIAN_POINT ( 'NONE',  ( 1.235589140483805526, -4.730521873304864400, 5.964752320426192966 ) ) ;
#2695 = ORIENTED_EDGE ( 'NONE', *, *, #168, .T. ) ;
#2696 = FACE_OUTER_BOUND ( 'NONE', #1605, .T. ) ;
#2697 = ADVANCED_FACE ( 'NONE', ( #117 ), #3408, .T. ) ;
#2698 = ORIENTED_EDGE ( 'NONE', *, *, #3823, .F. ) ;
#2699 = ORIENTED_EDGE ( 'NONE', *, *, #58, .F. ) ;
#2700 = CARTESIAN_POINT ( 'NONE',  ( 2.042893218813454759, -3.599999999999998312, 8.596417557948013766 ) ) ;
#2701 = CARTESIAN_POINT ( 'NONE',  ( -2.301403522984343919, -4.732096226191194965, 5.959443615908006642 ) ) ;
#2702 = CYLINDRICAL_SURFACE ( 'NONE', #1464, 3.125000000000000888 ) ;
#2703 = ORIENTED_EDGE ( 'NONE', *, *, #2256, .T. ) ;
#2704 = CARTESIAN_POINT ( 'NONE',  ( -1.353900573603757929, 5.460999999999999410, 16.98899264520991181 ) ) ;
#2705 = ORIENTED_EDGE ( 'NONE', *, *, #1805, .T. ) ;
#2706 = CARTESIAN_POINT ( 'NONE',  ( -10.16012337766101226, 2.751968003283599806, 15.11389368181121817 ) ) ;
#2707 = CARTESIAN_POINT ( 'NONE',  ( 3.457106781186551014, -3.600000000000000977, 3.960999999999999410 ) ) ;
#2708 = CARTESIAN_POINT ( 'NONE',  ( -0.9178932188134525383, 4.725000000000001421, 0.8890000000000000124 ) ) ;
#2709 = VECTOR ( 'NONE', #1283, 1000.000000000000000 ) ;
#2710 = EDGE_CURVE ( 'NONE', #930, #1878, #2417, .T. ) ;
#2711 = EDGE_CURVE ( 'NONE', #1134, #279, #4645, .T. ) ;
#2712 = ORIENTED_EDGE ( 'NONE', *, *, #136, .F. ) ;
#2713 = CARTESIAN_POINT ( 'NONE',  ( -2.013099901181130136, 3.566782016929501253, 16.10489884802711558 ) ) ;
#2714 = CARTESIAN_POINT ( 'NONE',  ( 4.530873430013881986, 2.389000000000000234, 15.24094539932886860 ) ) ;
#2715 =( BOUNDED_CURVE ( )  B_SPLINE_CURVE ( 3, ( #3162, #4664, #1720, #2104 ),
 .UNSPECIFIED., .F., .T. ) 
 B_SPLINE_CURVE_WITH_KNOTS ( ( 4, 4 ),
 ( 2.939423814405532465, 2.980902000637883908 ),
 .UNSPECIFIED. ) 
 CURVE ( )  GEOMETRIC_REPRESENTATION_ITEM ( )  RATIONAL_B_SPLINE_CURVE ( ( 1.000000000000000000, 0.9998566351442379485, 0.9998566351442379485, 1.000000000000000000 ) ) 
 REPRESENTATION_ITEM ( '' )  );
#2716 = CARTESIAN_POINT ( 'NONE',  ( 9.485382751754562136, -0.5000000000000000000, 500000.0000000000582 ) ) ;
#2717 = COORDINATED_UNIVERSAL_TIME_OFFSET ( 6, 0, .BEHIND. ) ;
#2718 = CARTESIAN_POINT ( 'NONE',  ( -2.344384760374885611E-16, 4.291222693094474572, 18.22874827960202637 ) ) ;
#2719 = VERTEX_POINT ( 'NONE', #2708 ) ;
#2720 = EDGE_LOOP ( 'NONE', ( #4513, #1783, #741, #4663, #1370, #2397, #2430, #2689 ) ) ;
#2721 = CARTESIAN_POINT ( 'NONE',  ( -3.779396204025740058, -1.863497014787715234, 0.8890000000000000124 ) ) ;
#2722 = VERTEX_POINT ( 'NONE', #1252 ) ;
#2723 = ORIENTED_EDGE ( 'NONE', *, *, #3199, .T. ) ;
#2724 = ADVANCED_FACE ( 'NONE', ( #844 ), #3321, .T. ) ;
#2725 = DIRECTION ( 'NONE',  ( 1.000000000000000000, 0.000000000000000000, -0.000000000000000000 ) ) ;
#2726 = DIRECTION ( 'NONE',  ( -1.000000000000000000, 0.000000000000000000, 0.000000000000000000 ) ) ;
#2727 = VERTEX_POINT ( 'NONE', #1329 ) ;
#2728 = ORIENTED_EDGE ( 'NONE', *, *, #4366, .T. ) ;
#2729 = VECTOR ( 'NONE', #3998, 1000.000000000000000 ) ;
#2730 = DIRECTION ( 'NONE',  ( 0.000000000000000000, 0.000000000000000000, 1.000000000000000000 ) ) ;
#2731 = ORIENTED_EDGE ( 'NONE', *, *, #2987, .T. ) ;
#2732 = CARTESIAN_POINT ( 'NONE',  ( -1.834319527061142319, 5.460999999999999410, 16.98354480676565714 ) ) ;
#2733 = CARTESIAN_POINT ( 'NONE',  ( 15.23633988746745160, 0.4999999999999988343, 1.908828085139532948 ) ) ;
#2734 = CARTESIAN_POINT ( 'NONE',  ( 16.38340879216633539, 3.109575052433706688, 0.05006490357427887533 ) ) ;
#2735 = B_SPLINE_CURVE_WITH_KNOTS ( 'NONE', 3,
 ( #3820, #2581, #1817, #4 ),
 .UNSPECIFIED., .F., .F.,
 ( 4, 4 ),
 ( 0.005086832026909051709, 0.005102114691605314292 ),
 .UNSPECIFIED. ) ;
#2736 = CARTESIAN_POINT ( 'NONE',  ( 6.349999999999999645, 0.000000000000000000, 5.460999999999999410 ) ) ;
#2737 = VERTEX_POINT ( 'NONE', #184 ) ;
#2738 = DIRECTION ( 'NONE',  ( -1.000000000000000000, 0.000000000000000000, 0.000000000000000000 ) ) ;
#2739 = DIRECTION ( 'NONE',  ( 0.000000000000000000, -1.000000000000000000, 0.000000000000000000 ) ) ;
#2740 = EDGE_CURVE ( 'NONE', #2185, #445, #3450, .T. ) ;
#2741 = EDGE_CURVE ( 'NONE', #1213, #397, #3949, .T. ) ;
#2742 = EDGE_CURVE ( 'NONE', #3294, #758, #2169, .T. ) ;
#2743 = FACE_OUTER_BOUND ( 'NONE', #3070, .T. ) ;
#2744 = PERSON ( 'UNSPECIFIED', 'UNSPECIFIED', 'UNSPECIFIED', ('UNSPECIFIED'), ('UNSPECIFIED'), ('UNSPECIFIED') ) ;
#2745 = CARTESIAN_POINT ( 'NONE',  ( 7.795146996755985214, 3.029027207986378478, 15.47624629366577764 ) ) ;
#2746 = ORIENTED_EDGE ( 'NONE', *, *, #2221, .T. ) ;
#2747 = CARTESIAN_POINT ( 'NONE',  ( 6.349999999999998757, -2.600000000000000533, 12.68034626157286837 ) ) ;
#2748 = LINE ( 'NONE', #1171, #4312 ) ;
#2749 = EDGE_LOOP ( 'NONE', ( #1678, #2010, #1886, #4539 ) ) ;
#2750 = EDGE_LOOP ( 'NONE', ( #42, #4190, #1802, #2002 ) ) ;
#2751 = CARTESIAN_POINT ( 'NONE',  ( 0.1528428008466856947, 4.877470342864007158, 16.79846095103209791 ) ) ;
#2752 = CARTESIAN_POINT ( 'NONE',  ( -15.30859671719037784, 0.5000000000087369001, 3.768366067042117962 ) ) ;
#2753 = ORIENTED_EDGE ( 'NONE', *, *, #995, .F. ) ;
#2754 = ORIENTED_EDGE ( 'NONE', *, *, #1695, .F. ) ;
#2755 = CARTESIAN_POINT ( 'NONE',  ( 6.349999999999999645, 5.460999999999999410, 12.69999999999999929 ) ) ;
#2756 = ORIENTED_EDGE ( 'NONE', *, *, #1927, .F. ) ;
#2757 = CARTESIAN_POINT ( 'NONE',  ( -9.411354347815452215, 2.389000000000000234, 12.07251728540824764 ) ) ;
#2758 = CARTESIAN_POINT ( 'NONE',  ( -11.21114551312557772, 4.737197807460537646, 16.07464338710521190 ) ) ;
#2759 = PLANE ( 'NONE',  #256 ) ;
#2760 = ADVANCED_FACE ( 'NONE', ( #1679 ), #2083, .F. ) ;
#2761 = CARTESIAN_POINT ( 'NONE',  ( 0.000000000000000000, 0.000000000000000000, 0.1250000000000000000 ) ) ;
#2762 = CARTESIAN_POINT ( 'NONE',  ( -9.420030584749326863, 2.438205384785794738, 13.28515320488170559 ) ) ;
#2763 = CARTESIAN_POINT ( 'NONE',  ( 7.496740768709218017, -3.423823963388786584, 8.823693702814729534 ) ) ;
#2764 = EDGE_CURVE ( 'NONE', #3549, #2966, #299, .T. ) ;
#2765 = LINE ( 'NONE', #188, #1297 ) ;
#2766 = CIRCLE ( 'NONE', #3953, 3.175000000000000711 ) ;
#2767 = CARTESIAN_POINT ( 'NONE',  ( -3.214617248245439374, 0.5000000000000002220, 500000.0000000000582 ) ) ;
#2768 = CALENDAR_DATE ( 2022, 6, 6 ) ;
#2769 = FACE_OUTER_BOUND ( 'NONE', #2613, .T. ) ;
#2770 = ORIENTED_EDGE ( 'NONE', *, *, #733, .T. ) ;
#2771 = CARTESIAN_POINT ( 'NONE',  ( -2.332106781186532363, -4.725000000000016520, 500000.0000000000582 ) ) ;
#2772 = VECTOR ( 'NONE', #2738, 1000.000000000000000 ) ;
#2773 = CARTESIAN_POINT ( 'NONE',  ( 0.7432795950069416291, 2.389000000000000234, -91.99541463433266131 ) ) ;
#2774 = ORIENTED_EDGE ( 'NONE', *, *, #2437, .F. ) ;
#2775 = CARTESIAN_POINT ( 'NONE',  ( 1.277300119917508692, 6.271483776125998943, 17.31474302927531284 ) ) ;
#2776 = LINE ( 'NONE', #2846, #1289 ) ;
#2777 = ORIENTED_EDGE ( 'NONE', *, *, #4619, .T. ) ;
#2778 = ORIENTED_EDGE ( 'NONE', *, *, #1336, .F. ) ;
#2779 = EDGE_CURVE ( 'NONE', #2402, #2870, #203, .T. ) ;
#2780 = CARTESIAN_POINT ( 'NONE',  ( -16.91041228674660601, 4.725000000000002309, 0.7458175397784647664 ) ) ;
#2781 = ORIENTED_EDGE ( 'NONE', *, *, #4375, .T. ) ;
#2782 = ORIENTED_EDGE ( 'NONE', *, *, #2103, .T. ) ;
#2783 = DIRECTION ( 'NONE',  ( 0.000000000000000000, 0.000000000000000000, 1.000000000000000000 ) ) ;
#2784 = CARTESIAN_POINT ( 'NONE',  ( -1.361939126005195844, -3.600000000000001421, 8.600205880140521231 ) ) ;
#2785 = VECTOR ( 'NONE', #53, 1000.000000000000000 ) ;
#2786 = FACE_OUTER_BOUND ( 'NONE', #3645, .T. ) ;
#2787 = DIRECTION ( 'NONE',  ( 0.000000000000000000, 0.000000000000000000, 1.000000000000000000 ) ) ;
#2788 = FACE_OUTER_BOUND ( 'NONE', #4403, .T. ) ;
#2789 = B_SPLINE_CURVE_WITH_KNOTS ( 'NONE', 3,
 ( #4154, #3363, #776, #3416, #1161, #3802, #4870, #4179, #430, #797 ),
 .UNSPECIFIED., .F., .F.,
 ( 4, 2, 2, 2, 4 ),
 ( 0.000000000000000000, 0.003524983789323647004, 0.007049967578647294009, 0.01057495136797094101, 0.01409993515729459149 ),
 .UNSPECIFIED. ) ;
#2790 = CC_DESIGN_PERSON_AND_ORGANIZATION_ASSIGNMENT ( #2668, #3068, ( #4776 ) ) ;
#2791 = ORIENTED_EDGE ( 'NONE', *, *, #3136, .T. ) ;
#2792 = CARTESIAN_POINT ( 'NONE',  ( -13.06644649498698207, -3.331448156880072453, 1.590737671145178611 ) ) ;
#2793 = CARTESIAN_POINT ( 'NONE',  ( -6.349999999999999645, -7.776507174585692163E-16, 3.960999999999999410 ) ) ;
#2794 = AXIS2_PLACEMENT_3D ( 'NONE', #1166, #2360, #2667 ) ;
#2795 = CARTESIAN_POINT ( 'NONE',  ( -6.349999999999999645, -7.776507174585692163E-16, 0.8890000000000000124 ) ) ;
#2796 = CARTESIAN_POINT ( 'NONE',  ( 10.31059654769778788, -4.724999999999913491, 2.577055049612253512 ) ) ;
#2797 = ORIENTED_EDGE ( 'NONE', *, *, #4234, .T. ) ;
#2798 = DIRECTION ( 'NONE',  ( 0.000000000000000000, 0.000000000000000000, -1.000000000000000000 ) ) ;
#2799 = VERTEX_POINT ( 'NONE', #1349 ) ;
#2800 = CARTESIAN_POINT ( 'NONE',  ( 9.485382751754562136, -0.5000000000000000000, 0.8890000000000000124 ) ) ;
#2801 = CARTESIAN_POINT ( 'NONE',  ( -11.49693584740358077, -0.03861764812826651294, 9.889950162315017224 ) ) ;
#2802 = ORIENTED_EDGE ( 'NONE', *, *, #4252, .T. ) ;
#2803 = DIRECTION ( 'NONE',  ( 0.000000000000000000, -1.000000000000000000, 0.000000000000000000 ) ) ;
#2804 = CIRCLE ( 'NONE', #1701, 3.124999999999999112 ) ;
#2805 = EDGE_CURVE ( 'NONE', #1580, #4239, #164, .T. ) ;
#2806 = DIRECTION ( 'NONE',  ( 0.000000000000000000, 0.000000000000000000, 1.000000000000000000 ) ) ;
#2807 = VECTOR ( 'NONE', #3815, 1000.000000000000000 ) ;
#2808 = CARTESIAN_POINT ( 'NONE',  ( 0.4999999999999995559, 5.460999999999999410, 5.460999999999999410 ) ) ;
#2809 = CARTESIAN_POINT ( 'NONE',  ( 14.80308460149723793, -0.1966123290594468664, 0.06970597893021877878 ) ) ;
#2810 = AXIS2_PLACEMENT_3D ( 'NONE', #1994, #165, #602 ) ;
#2811 = AXIS2_PLACEMENT_3D ( 'NONE', #752, #3442, #1505 ) ;
#2812 = DIRECTION ( 'NONE',  ( -1.000000000000000000, 0.000000000000000000, 0.000000000000000000 ) ) ;
#2813 = CARTESIAN_POINT ( 'NONE',  ( 12.54999999999999183, -6.225000000000003197, 0.1250000000000000000 ) ) ;
#2814 = CARTESIAN_POINT ( 'NONE',  ( 8.439156965713682013, 2.389000000000000234, 15.02401552761809356 ) ) ;
#2815 = CARTESIAN_POINT ( 'NONE',  ( -10.16229048863850259, 0.8890000000000000124, 7.238999999999999879 ) ) ;
#2816 = B_SPLINE_CURVE_WITH_KNOTS ( 'NONE', 3,
 ( #1623, #771, #2257, #3208 ),
 .UNSPECIFIED., .F., .F.,
 ( 4, 4 ),
 ( 0.005711409663058195779, 0.005923219854426869067 ),
 .UNSPECIFIED. ) ;
#2817 = DIRECTION ( 'NONE',  ( 0.000000000000000000, 1.000000000000000000, 0.000000000000000000 ) ) ;
#2818 = CARTESIAN_POINT ( 'NONE',  ( -6.349999999999999645, -7.776507174585692163E-16, 3.960999999999999410 ) ) ;
#2819 = EDGE_LOOP ( 'NONE', ( #850, #2100, #4745, #4707 ) ) ;
#2820 = CARTESIAN_POINT ( 'NONE',  ( -7.914632034696046148, -2.082253857757512705, 13.19705760701587849 ) ) ;
#2821 = ORIENTED_EDGE ( 'NONE', *, *, #3140, .F. ) ;
#2822 = DIRECTION ( 'NONE',  ( -0.7071067811865477948, 0.000000000000000000, 0.7071067811865473507 ) ) ;
#2823 = CARTESIAN_POINT ( 'NONE',  ( -12.87936000280483384, 3.094466767122926232, 12.14570697330159810 ) ) ;
#2824 = ORIENTED_EDGE ( 'NONE', *, *, #1632, .F. ) ;
#2825 = EDGE_LOOP ( 'NONE', ( #1142, #4629, #1264, #457, #57, #3907, #1412, #3839, #3978 ) ) ;
#2826 = DIRECTION ( 'NONE',  ( 0.000000000000000000, 0.000000000000000000, -1.000000000000000000 ) ) ;
#2827 = CARTESIAN_POINT ( 'NONE',  ( -7.961470219896429334, -3.219186811973940188, 9.159826742124954180 ) ) ;
#2828 = ADVANCED_FACE ( 'NONE', ( #4367 ), #4346, .T. ) ;
#2829 = CARTESIAN_POINT ( 'NONE',  ( -0.9178932188134525383, 4.725000000000001421, 0.8890000000000000124 ) ) ;
#2830 = EDGE_CURVE ( 'NONE', #3179, #4380, #916, .T. ) ;
#2831 = CARTESIAN_POINT ( 'NONE',  ( 16.97405320587731836, 4.810852032258104316, 3.930147902311452945 ) ) ;
#2832 = AXIS2_PLACEMENT_3D ( 'NONE', #1258, #3523, #4258 ) ;
#2833 = CARTESIAN_POINT ( 'NONE',  ( -6.349999999999999645, -7.776507174585692163E-16, 3.960999999999999410 ) ) ;
#2834 = DIRECTION ( 'NONE',  ( -0.7071067811865476838, -0.000000000000000000, 0.7071067811865473507 ) ) ;
#2835 = ORIENTED_EDGE ( 'NONE', *, *, #1836, .F. ) ;
#2836 = EDGE_CURVE ( 'NONE', #237, #3555, #1555, .T. ) ;
#2837 = CARTESIAN_POINT ( 'NONE',  ( 7.961470219896413347, -3.219186811973975715, 9.159826742124899113 ) ) ;
#2838 = CARTESIAN_POINT ( 'NONE',  ( 1.838168574106518349, 4.343811914248714601, 16.50472464470680123 ) ) ;
#2839 = CARTESIAN_POINT ( 'NONE',  ( 3.214617248245438041, 0.5000000000000000000, 500000.0000000000582 ) ) ;
#2840 = ORIENTED_EDGE ( 'NONE', *, *, #4455, .T. ) ;
#2841 = FACE_OUTER_BOUND ( 'NONE', #1528, .T. ) ;
#2842 = VERTEX_POINT ( 'NONE', #983 ) ;
#2843 = ORIENTED_EDGE ( 'NONE', *, *, #4228, .F. ) ;
#2844 = VECTOR ( 'NONE', #2806, 1000.000000000000000 ) ;
#2845 = CARTESIAN_POINT ( 'NONE',  ( 14.67543060060710047, -0.4999999999999956701, 0.8889999999999934621 ) ) ;
#2846 = CARTESIAN_POINT ( 'NONE',  ( 3.265259330186735642, -500000.0000000000582, 13.20000000000000284 ) ) ;
#2847 = ORIENTED_EDGE ( 'NONE', *, *, #4523, .T. ) ;
#2848 = VERTEX_POINT ( 'NONE', #2414 ) ;
#2849 = ADVANCED_FACE ( 'NONE', ( #3631 ), #250, .T. ) ;
#2850 = CARTESIAN_POINT ( 'NONE',  ( -3.051918066469270663, 0.8889999999986408774, 16.10543814455070688 ) ) ;
#2851 = B_SPLINE_CURVE_WITH_KNOTS ( 'NONE', 3,
 ( #3240, #3931, #986, #1683 ),
 .UNSPECIFIED., .F., .F.,
 ( 4, 4 ),
 ( 0.000000000000000000, 0.004298957837356798435 ),
 .UNSPECIFIED. ) ;
#2852 = CARTESIAN_POINT ( 'NONE',  ( 6.349999999999999645, 5.460999999999999410, 12.69999999999999929 ) ) ;
#2853 = CARTESIAN_POINT ( 'NONE',  ( -10.84075725170292159, 4.737921350983611113, 16.11467233360358264 ) ) ;
#2854 = CARTESIAN_POINT ( 'NONE',  ( 13.40008542654468116, -2.558025508917244562, 0.07283795462584162494 ) ) ;
#2855 = CARTESIAN_POINT ( 'NONE',  ( -6.349999999999999645, -7.776507174585692163E-16, 3.960999999999999410 ) ) ;
#2856 = LINE ( 'NONE', #2384, #3457 ) ;
#2857 = CARTESIAN_POINT ( 'NONE',  ( -18.89999999999999503, 6.224999999999987210, 6.372367644529809108E-55 ) ) ;
#2858 = CARTESIAN_POINT ( 'NONE',  ( 9.485382751754562136, 0.5000000000000000000, 3.960999999999999410 ) ) ;
#2859 = DIRECTION ( 'NONE',  ( 0.000000000000000000, 1.000000000000000000, 0.000000000000000000 ) ) ;
#2860 = EDGE_CURVE ( 'NONE', #3709, #2915, #3539, .T. ) ;
#2861 = EDGE_CURVE ( 'NONE', #3130, #4310, #320, .T. ) ;
#2862 = CARTESIAN_POINT ( 'NONE',  ( 4.522312344766381997, -500000.0000000000582, 15.23479443642016662 ) ) ;
#2863 = VERTEX_POINT ( 'NONE', #4694 ) ;
#2864 = DIRECTION ( 'NONE',  ( 1.000000000000000000, 0.000000000000000000, 2.656528198616301416E-15 ) ) ;
#2865 = CARTESIAN_POINT ( 'NONE',  ( -3.815205563579831427, 2.388999999993757228, 10.87231234476637987 ) ) ;
#2866 = LINE ( 'NONE', #2548, #4815 ) ;
#2867 = EDGE_LOOP ( 'NONE', ( #3489, #3055 ) ) ;
#2868 = ORIENTED_EDGE ( 'NONE', *, *, #1399, .T. ) ;
#2869 = CARTESIAN_POINT ( 'NONE',  ( -15.46138137550286196, -0.5000000000000000000, 500000.0000000000582 ) ) ;
#2870 = VERTEX_POINT ( 'NONE', #1842 ) ;
#2871 = LINE ( 'NONE', #3650, #743 ) ;
#2872 = VECTOR ( 'NONE', #4100, 1000.000000000000000 ) ;
#2873 = DIRECTION ( 'NONE',  ( 1.000000000000000000, 0.000000000000000000, 0.000000000000000000 ) ) ;
#2874 = CARTESIAN_POINT ( 'NONE',  ( 12.84789809268090011, -0.9475165067527410168, 6.061878125979872856 ) ) ;
#2875 = ORIENTED_EDGE ( 'NONE', *, *, #2309, .T. ) ;
#2876 = CARTESIAN_POINT ( 'NONE',  ( 4.272598341386571796, -3.820772118239967430, 8.235911897741400978 ) ) ;
#2877 = CARTESIAN_POINT ( 'NONE',  ( 14.36156142184555407, -1.254437361599813450, 2.862515656575841838 ) ) ;
#2878 = CARTESIAN_POINT ( 'NONE',  ( -17.78568813773268076, 1.633797128264504295, 1.666879092697756359 ) ) ;
#2879 = AXIS2_PLACEMENT_3D ( 'NONE', #4104, #624, #4468 ) ;
#2880 = CARTESIAN_POINT ( 'NONE',  ( 0.1818932188134490535, -500000.0000000000582, 7.238999999999999879 ) ) ;
#2881 = DIRECTION ( 'NONE',  ( 0.000000000000000000, -1.000000000000000000, 0.000000000000000000 ) ) ;
#2882 = AXIS2_PLACEMENT_3D ( 'NONE', #971, #3979, #2420 ) ;
#2883 = CARTESIAN_POINT ( 'NONE',  ( -9.411354347815452215, 2.389000000000000234, 13.32748271459175804 ) ) ;
#2884 = VECTOR ( 'NONE', #556, 1000.000000000000227 ) ;
#2885 = ORIENTED_EDGE ( 'NONE', *, *, #168, .F. ) ;
#2886 = DIRECTION ( 'NONE',  ( -1.000000000000000000, 0.000000000000000000, -2.656333388193093977E-16 ) ) ;
#2887 = CARTESIAN_POINT ( 'NONE',  ( -6.350000000000000533, -3.599999999999995648, 8.532475483752701706 ) ) ;
#2888 = APPLICATION_CONTEXT ( 'configuration controlled 3d designs of mechanical parts and assemblies' ) ;
#2889 = ADVANCED_FACE ( 'NONE', ( #3700 ), #3358, .T. ) ;
#2890 = EDGE_CURVE ( 'NONE', #1549, #3265, #4329, .T. ) ;
#2891 = VERTEX_POINT ( 'NONE', #2983 ) ;
#2892 = CARTESIAN_POINT ( 'NONE',  ( 12.39632565104554374, -4.020636072595987542, 0.1249999999999917566 ) ) ;
#2893 = CARTESIAN_POINT ( 'NONE',  ( -15.30526042466779302, 4.724999999999999645, 9.372030613080255534 ) ) ;
#2894 = ORIENTED_EDGE ( 'NONE', *, *, #4114, .T. ) ;
#2895 = EDGE_LOOP ( 'NONE', ( #93, #4639, #4094, #780, #2303, #4684, #1970 ) ) ;
#2896 = CARTESIAN_POINT ( 'NONE',  ( 11.93826785476248276, 0.4999999999999989453, 9.963641975824383934 ) ) ;
#2897 = ORIENTED_EDGE ( 'NONE', *, *, #1441, .F. ) ;
#2898 = FACE_OUTER_BOUND ( 'NONE', #2494, .T. ) ;
#2899 = CARTESIAN_POINT ( 'NONE',  ( -5.875659233868796072, -4.247469098088867412, 12.18511441221576952 ) ) ;
#2900 = CARTESIAN_POINT ( 'NONE',  ( 13.46150436543688400, -2.587417586765177635, 1.638687390997356719 ) ) ;
#2901 = CARTESIAN_POINT ( 'NONE',  ( -3.214617248245439374, -0.5000000000000001110, 0.8890000000000000124 ) ) ;
#2902 = CARTESIAN_POINT ( 'NONE',  ( 6.349999999999999645, 0.8890000000000000124, 12.69999999999999929 ) ) ;
#2903 = FACE_OUTER_BOUND ( 'NONE', #2549, .T. ) ;
#2904 = CARTESIAN_POINT ( 'NONE',  ( -2.249719507907421701E-15, 6.224999999999996092, 17.30438211459146203 ) ) ;
#2905 = CARTESIAN_POINT ( 'NONE',  ( 12.67499999999999893, 6.224999999999997868, 18.09265550483547713 ) ) ;
#2906 = B_SPLINE_CURVE_WITH_KNOTS ( 'NONE', 3,
 ( #1531, #4517, #1483, #4132 ),
 .UNSPECIFIED., .F., .F.,
 ( 4, 4 ),
 ( 0.000000000000000000, 1.000000000000000000 ),
 .UNSPECIFIED. ) ;
#2907 = EDGE_CURVE ( 'NONE', #4268, #2490, #3654, .T. ) ;
#2908 = CARTESIAN_POINT ( 'NONE',  ( -15.21434885808328019, 0.5663993527901788338, 0.1250000000000014155 ) ) ;
#2909 = CARTESIAN_POINT ( 'NONE',  ( 2.332106781186533251, -4.725000000000019185, 0.8890000000000000124 ) ) ;
#2910 = DIRECTION ( 'NONE',  ( 0.000000000000000000, 0.000000000000000000, 1.000000000000000000 ) ) ;
#2911 = ORIENTED_EDGE ( 'NONE', *, *, #792, .F. ) ;
#2912 = CARTESIAN_POINT ( 'NONE',  ( -6.349999999999999645, -7.776507174585692163E-16, 3.960999999999999410 ) ) ;
#2913 = AXIS2_PLACEMENT_3D ( 'NONE', #4526, #1118, #2645 ) ;
#2914 = CARTESIAN_POINT ( 'NONE',  ( -13.20591244080431359, -2.965669458896328159, 1.512655991079564055 ) ) ;
#2915 = VERTEX_POINT ( 'NONE', #4792 ) ;
#2916 = CARTESIAN_POINT ( 'NONE',  ( 6.349999999999999645, 0.000000000000000000, 0.8890000000000000124 ) ) ;
#2917 = VERTEX_POINT ( 'NONE', #2901 ) ;
#2918 = LINE ( 'NONE', #3253, #2406 ) ;
#2919 = VERTEX_POINT ( 'NONE', #2583 ) ;
#2920 = ORIENTED_EDGE ( 'NONE', *, *, #1744, .F. ) ;
#2921 = AXIS2_PLACEMENT_3D ( 'NONE', #3677, #1031, #1795 ) ;
#2922 = VERTEX_POINT ( 'NONE', #2151 ) ;
#2923 = EDGE_CURVE ( 'NONE', #3769, #1778, #2180, .T. ) ;
#2924 = EDGE_CURVE ( 'NONE', #927, #4440, #323, .T. ) ;
#2925 = CARTESIAN_POINT ( 'NONE',  ( 12.67499999999999893, 6.224999999999997868, 18.09265550483547713 ) ) ;
#2926 = DIRECTION ( 'NONE',  ( 0.000000000000000000, 0.000000000000000000, -1.000000000000000000 ) ) ;
#2927 = CARTESIAN_POINT ( 'NONE',  ( 9.056720225753256415, -0.5817993964730632239, 12.68159168772039358 ) ) ;
#2928 = VECTOR ( 'NONE', #2139, 1000.000000000000000 ) ;
#2929 = CARTESIAN_POINT ( 'NONE',  ( 15.16139489151178310, 0.4999999999999989453, 4.053941486404423422 ) ) ;
#2930 = CARTESIAN_POINT ( 'NONE',  ( -8.469932590142246198, 6.224999999999997868, 18.63052815693477982 ) ) ;
#2931 = CARTESIAN_POINT ( 'NONE',  ( 6.349999999999999645, 0.000000000000000000, 5.460999999999999410 ) ) ;
#2932 = CARTESIAN_POINT ( 'NONE',  ( 3.214617248245438041, -0.5000000000000002220, 500000.0000000000582 ) ) ;
#2933 = CARTESIAN_POINT ( 'NONE',  ( -12.92118126160734093, -3.292234387428216280, 0.1250000000000043576 ) ) ;
#2934 = CARTESIAN_POINT ( 'NONE',  ( 15.46139489151178026, 0.4999999999999988343, 500000.0000000000582 ) ) ;
#2935 = EDGE_LOOP ( 'NONE', ( #3205, #3277, #4245, #2777, #3817, #3760, #263, #1119, #4641, #3575, #2248, #2237, #689, #4768 ) ) ;
#2936 = CARTESIAN_POINT ( 'NONE',  ( 2.539351648429283600E-13, -4.026089260202414977, 7.746648074398316375 ) ) ;
#2937 = EDGE_LOOP ( 'NONE', ( #3649, #2651, #3807, #1451, #2999, #1942, #798, #977, #2145 ) ) ;
#2938 = CARTESIAN_POINT ( 'NONE',  ( -0.5397571794678017731, 2.356568931988388904, 15.28970895038145450 ) ) ;
#2939 = CARTESIAN_POINT ( 'NONE',  ( -15.66682082862080527, 1.417492650908237062, 0.08559965889969231578 ) ) ;
#2940 = ADVANCED_FACE ( 'NONE', ( #3726 ), #1475, .T. ) ;
#2941 = FACE_OUTER_BOUND ( 'NONE', #1536, .T. ) ;
#2942 = CARTESIAN_POINT ( 'NONE',  ( 9.485382751754562136, 0.5000000000000001110, 0.8890000000000000124 ) ) ;
#2943 = VERTEX_POINT ( 'NONE', #1819 ) ;
#2944 = CARTESIAN_POINT ( 'NONE',  ( -8.450000000000001066, -5.204748896376249713E-16, 3.960999999999999410 ) ) ;
#2945 = VERTEX_POINT ( 'NONE', #2604 ) ;
#2946 = ORIENTED_EDGE ( 'NONE', *, *, #3806, .T. ) ;
#2947 = VERTEX_POINT ( 'NONE', #1081 ) ;
#2948 = VECTOR ( 'NONE', #95, 1000.000000000000000 ) ;
#2949 = DIRECTION ( 'NONE',  ( 0.000000000000000000, 0.000000000000000000, -1.000000000000000000 ) ) ;
#2950 = CARTESIAN_POINT ( 'NONE',  ( 11.10317125769891611, 6.225000000000060929, 5.460999999999999410 ) ) ;
#2951 = CARTESIAN_POINT ( 'NONE',  ( 11.26721064360334879, -0.2905283779612236050, 9.744341004336430245 ) ) ;
#2952 = EDGE_CURVE ( 'NONE', #2919, #2263, #1841, .T. ) ;
#2953 = EDGE_CURVE ( 'NONE', #2626, #2201, #1870, .T. ) ;
#2954 = APPROVAL_PERSON_ORGANIZATION ( #147, #3967, #1562 ) ;
#2955 = CARTESIAN_POINT ( 'NONE',  ( 13.15876644265934203, -0.4999999999860695321, 6.240119200911308894 ) ) ;
#2956 = ORIENTED_EDGE ( 'NONE', *, *, #2986, .F. ) ;
#2957 = LINE ( 'NONE', #301, #2246 ) ;
#2958 = LINE ( 'NONE', #3878, #4787 ) ;
#2959 = CARTESIAN_POINT ( 'NONE',  ( -7.305871455807883663, 3.319585582652281097, 15.68160916673625316 ) ) ;
#2960 = CARTESIAN_POINT ( 'NONE',  ( 10.80833333333330870, -6.224999999999998757, 2.741666666666668473 ) ) ;
#2961 = CARTESIAN_POINT ( 'NONE',  ( -9.411354347815452215, 2.389000000000000234, 12.07251728540824764 ) ) ;
#2962 = ORIENTED_EDGE ( 'NONE', *, *, #3357, .F. ) ;
#2963 = CIRCLE ( 'NONE', #4071, 2.099999999999999645 ) ;
#2964 = CARTESIAN_POINT ( 'NONE',  ( -0.6555885843081236120, -4.035177438049709409, 7.772702901820600196 ) ) ;
#2965 = CIRCLE ( 'NONE', #3834, 2.600000000000000089 ) ;
#2966 = VERTEX_POINT ( 'NONE', #4816 ) ;
#2967 = DIRECTION ( 'NONE',  ( 1.000000000000000000, 0.000000000000000000, 0.000000000000000000 ) ) ;
#2968 = DIRECTION ( 'NONE',  ( 0.000000000000000000, 1.000000000000000000, 0.000000000000000000 ) ) ;
#2969 = VECTOR ( 'NONE', #1260, 1000.000000000000000 ) ;
#2970 = CARTESIAN_POINT ( 'NONE',  ( -4.522312344766379333, 2.389000000000000234, 10.16520556357983374 ) ) ;
#2971 = CARTESIAN_POINT ( 'NONE',  ( -11.20477579580094663, 4.724999999999616840, 16.06975191876192355 ) ) ;
#2972 = ORIENTED_EDGE ( 'NONE', *, *, #392, .T. ) ;
#2973 = ORIENTED_EDGE ( 'NONE', *, *, #1774, .F. ) ;
#2974 = CARTESIAN_POINT ( 'NONE',  ( 11.84550232389517532, -4.725000000000020961, 0.4274555119025214567 ) ) ;
#2975 = B_SPLINE_CURVE_WITH_KNOTS ( 'NONE', 3,
 ( #2578, #785, #3693, #420, #3718, #2597, #1468, #4095 ),
 .UNSPECIFIED., .F., .F.,
 ( 4, 2, 2, 4 ),
 ( 0.000000000000000000, 0.0004520850273902648261, 0.0009041700547805296521, 0.001808340109561063424 ),
 .UNSPECIFIED. ) ;
#2976 = ORIENTED_EDGE ( 'NONE', *, *, #4141, .T. ) ;
#2977 = ORIENTED_EDGE ( 'NONE', *, *, #3541, .T. ) ;
#2978 = DIRECTION ( 'NONE',  ( -0.7071067811865477948, 0.000000000000000000, -0.7071067811865473507 ) ) ;
#2979 = EDGE_CURVE ( 'NONE', #2945, #655, #2505, .T. ) ;
#2980 = EDGE_CURVE ( 'NONE', #450, #474, #4025, .T. ) ;
#2981 = DIRECTION ( 'NONE',  ( 0.000000000000000000, 0.000000000000000000, 1.000000000000000000 ) ) ;
#2982 = CARTESIAN_POINT ( 'NONE',  ( 9.080665968911590724, -4.231266461608937490, 5.214775734118994421 ) ) ;
#2983 = CARTESIAN_POINT ( 'NONE',  ( 7.961470219896413347, -3.219186811973975715, 9.159826742124899113 ) ) ;
#2984 = DIRECTION ( 'NONE',  ( 0.000000000000000000, 1.000000000000000000, 0.000000000000000000 ) ) ;
#2985 = EDGE_CURVE ( 'NONE', #2275, #3384, #2426, .T. ) ;
#2986 = EDGE_CURVE ( 'NONE', #930, #3593, #3750, .T. ) ;
#2987 = EDGE_CURVE ( 'NONE', #3767, #474, #673, .T. ) ;
#2988 = CARTESIAN_POINT ( 'NONE',  ( 10.34894032987393508, 1.947543851232951706, 14.37810172731059311 ) ) ;
#2989 = CARTESIAN_POINT ( 'NONE',  ( 9.533003203020818717, -1.703621797195638221, 9.999784910655570513 ) ) ;
#2990 = CARTESIAN_POINT ( 'NONE',  ( -9.434740669813269420, 2.521630422773947888, 13.20000000000000107 ) ) ;
#2991 = ORIENTED_EDGE ( 'NONE', *, *, #216, .F. ) ;
#2992 = DIRECTION ( 'NONE',  ( 0.000000000000000000, 1.000000000000000000, 0.000000000000000000 ) ) ;
#2993 = EDGE_CURVE ( 'NONE', #1296, #592, #3009, .T. ) ;
#2994 = ORIENTED_EDGE ( 'NONE', *, *, #2241, .F. ) ;
#2995 = CARTESIAN_POINT ( 'NONE',  ( -0.1554017844282237215, 6.273487176818929534, 17.32281164091833503 ) ) ;
#2996 = CARTESIAN_POINT ( 'NONE',  ( -9.053674347724234295, -2.399781736104495078, 9.364892053078369472 ) ) ;
#2997 = CARTESIAN_POINT ( 'NONE',  ( 9.895307910843952115, -0.6251334396009641248, 3.960999999999999410 ) ) ;
#2998 = DIRECTION ( 'NONE',  ( 0.000000000000000000, 1.000000000000000000, 0.000000000000000000 ) ) ;
#2999 = ORIENTED_EDGE ( 'NONE', *, *, #1481, .T. ) ;
#3000 = ORIENTED_EDGE ( 'NONE', *, *, #3775, .F. ) ;
#3001 = CARTESIAN_POINT ( 'NONE',  ( 11.84277349854752970, -4.725000000000020961, 0.3266369474842398812 ) ) ;
#3002 = ORIENTED_EDGE ( 'NONE', *, *, #2103, .F. ) ;
#3003 = EDGE_CURVE ( 'NONE', #497, #2591, #1157, .T. ) ;
#3004 = CARTESIAN_POINT ( 'NONE',  ( -6.349999999999999645, -3.600000000000000977, 3.960999999999999410 ) ) ;
#3005 = ORIENTED_EDGE ( 'NONE', *, *, #2221, .F. ) ;
#3006 = DIRECTION ( 'NONE',  ( 0.000000000000000000, 1.000000000000000000, 0.000000000000000000 ) ) ;
#3007 = CARTESIAN_POINT ( 'NONE',  ( 13.06644649498712241, -3.331448156879858846, 1.590737671145341592 ) ) ;
#3008 = EDGE_CURVE ( 'NONE', #366, #2369, #4265, .T. ) ;
#3009 = LINE ( 'NONE', #1892, #3569 ) ;
#3010 = VERTEX_POINT ( 'NONE', #2657 ) ;
#3011 = CARTESIAN_POINT ( 'NONE',  ( 0.3670152434340717140, 4.877483663791735147, 16.79874364205505444 ) ) ;
#3012 = VECTOR ( 'NONE', #4453, 1000.000000000000000 ) ;
#3013 = CARTESIAN_POINT ( 'NONE',  ( 9.895307910843952115, -0.6251334396009641248, 3.960999999999999410 ) ) ;
#3014 = CARTESIAN_POINT ( 'NONE',  ( -15.46138137550286196, -0.5000000000000000000, 0.8890000000000000124 ) ) ;
#3015 = LINE ( 'NONE', #2608, #4789 ) ;
#3016 = DIRECTION ( 'NONE',  ( 0.000000000000000000, 0.000000000000000000, -1.000000000000000000 ) ) ;
#3017 = ORIENTED_EDGE ( 'NONE', *, *, #893, .F. ) ;
#3018 = CARTESIAN_POINT ( 'NONE',  ( -8.702980105565828239, -4.781465453291686707, 4.157156065619718177 ) ) ;
#3019 = CARTESIAN_POINT ( 'NONE',  ( -0.9178932188134388825, -4.725000000000019185, 5.980986468820129076 ) ) ;
#3020 = ADVANCED_FACE ( 'NONE', ( #4614 ), #2302, .T. ) ;
#3021 = DIRECTION ( 'NONE',  ( 0.9848077530122074652, -0.1736481776669337174, 0.000000000000000000 ) ) ;
#3022 = CARTESIAN_POINT ( 'NONE',  ( -3.058126631685587071, 2.388999999991379575, 15.28476658712797054 ) ) ;
#3023 = ORIENTED_EDGE ( 'NONE', *, *, #583, .F. ) ;
#3024 = CIRCLE ( 'NONE', #352, 3.175000000000000711 ) ;
#3025 = CARTESIAN_POINT ( 'NONE',  ( -10.09369929314317460, 0.5000000000018144375, 12.77716250444517954 ) ) ;
#3026 = ORIENTED_EDGE ( 'NONE', *, *, #678, .F. ) ;
#3027 = AXIS2_PLACEMENT_3D ( 'NONE', #1215, #3028, #2726 ) ;
#3028 = DIRECTION ( 'NONE',  ( -0.000000000000000000, -0.000000000000000000, -1.000000000000000000 ) ) ;
#3029 = CARTESIAN_POINT ( 'NONE',  ( 9.895307910843948562, -0.6251334396009656791, 3.960999999999999410 ) ) ;
#3030 = CARTESIAN_POINT ( 'NONE',  ( 10.09369929314286196, 0.4999999999999515388, 12.77716250444295731 ) ) ;
#3031 = CARTESIAN_POINT ( 'NONE',  ( 7.917344631229849661, -4.757080968863912851, 5.059210401378381405 ) ) ;
#3032 = EDGE_CURVE ( 'NONE', #1190, #2915, #87, .T. ) ;
#3033 = VECTOR ( 'NONE', #1880, 1000.000000000000000 ) ;
#3034 = DIRECTION ( 'NONE',  ( -0.000000000000000000, -0.000000000000000000, -1.000000000000000000 ) ) ;
#3035 = ORIENTED_EDGE ( 'NONE', *, *, #3542, .F. ) ;
#3036 = CARTESIAN_POINT ( 'NONE',  ( 8.803522555732069321, -4.229920665468490881, 12.06228373272034560 ) ) ;
#3037 = DIRECTION ( 'NONE',  ( 0.000000000000000000, 0.000000000000000000, -1.000000000000000000 ) ) ;
#3038 = DIRECTION ( 'NONE',  ( 1.000000000000000000, -0.000000000000000000, -0.000000000000000000 ) ) ;
#3039 = B_SPLINE_CURVE_WITH_KNOTS ( 'NONE', 3,
 ( #3230, #2850, #2146, #3670 ),
 .UNSPECIFIED., .F., .F.,
 ( 4, 4 ),
 ( 0.000000000000000000, 0.009154960739515461202 ),
 .UNSPECIFIED. ) ;
#3040 = EDGE_LOOP ( 'NONE', ( #3186, #2972, #3252, #4288, #3324, #949 ) ) ;
#3041 = CARTESIAN_POINT ( 'NONE',  ( 6.349999999999999645, 2.389000000000000234, 12.69999999999999929 ) ) ;
#3042 = ORIENTED_EDGE ( 'NONE', *, *, #3707, .T. ) ;
#3043 = CARTESIAN_POINT ( 'NONE',  ( -0.7692913093749157438, 3.565270035156981265, 16.11385280547388277 ) ) ;
#3044 = DIRECTION ( 'NONE',  ( 0.000000000000000000, -1.000000000000000000, 0.000000000000000000 ) ) ;
#3045 = VECTOR ( 'NONE', #162, 1000.000000000000000 ) ;
#3046 = APPLICATION_PROTOCOL_DEFINITION ( 'international standard', 'config_control_design', 1994, #2888 ) ;
#3047 = CARTESIAN_POINT ( 'NONE',  ( 7.913191273774442536, -2.083300962055935290, 13.19598772637649198 ) ) ;
#3048 = EDGE_LOOP ( 'NONE', ( #291, #2665, #3547, #2120, #177, #4781, #835, #2695, #3380, #2551 ) ) ;
#3049 = EDGE_CURVE ( 'NONE', #2235, #4438, #3137, .T. ) ;
#3050 = CARTESIAN_POINT ( 'NONE',  ( 14.94111935241341271, 3.305947829430203377, 8.728883865682643517 ) ) ;
#3051 = VECTOR ( 'NONE', #917, 1000.000000000000000 ) ;
#3052 = AXIS2_PLACEMENT_3D ( 'NONE', #3041, #141, #4181 ) ;
#3053 = VERTEX_POINT ( 'NONE', #1574 ) ;
#3054 = DIRECTION ( 'NONE',  ( -1.000000000000000000, -5.724298350144135667E-11, 0.000000000000000000 ) ) ;
#3055 = ORIENTED_EDGE ( 'NONE', *, *, #2269, .F. ) ;
#3056 = DIRECTION ( 'NONE',  ( 0.000000000000000000, 1.000000000000000000, 0.000000000000000000 ) ) ;
#3057 = ORIENTED_EDGE ( 'NONE', *, *, #1336, .T. ) ;
#3058 = CARTESIAN_POINT ( 'NONE',  ( -9.953030832551847951, 5.460999999999999410, 13.20000000000000284 ) ) ;
#3059 = VERTEX_POINT ( 'NONE', #3081 ) ;
#3060 = CARTESIAN_POINT ( 'NONE',  ( 10.78906273388258086, 0.3906354500405988528, 16.46671491501935947 ) ) ;
#3061 = DIRECTION ( 'NONE',  ( 0.000000000000000000, 0.000000000000000000, 1.000000000000000000 ) ) ;
#3062 = CARTESIAN_POINT ( 'NONE',  ( 12.54999999999999183, -6.225000000000006750, -0.05120010318184834569 ) ) ;
#3063 = EDGE_CURVE ( 'NONE', #1610, #3364, #4587, .T. ) ;
#3064 = ORIENTED_EDGE ( 'NONE', *, *, #2096, .F. ) ;
#3065 = CARTESIAN_POINT ( 'NONE',  ( -0.8277448588403395480, 6.272309455847980608, 17.31971984507756090 ) ) ;
#3066 = CARTESIAN_POINT ( 'NONE',  ( -3.058126631685587071, 2.388999999991379575, 15.28476658712797054 ) ) ;
#3067 = CARTESIAN_POINT ( 'NONE',  ( -4.522312344766379333, 5.460999999999999410, 10.16520556357983196 ) ) ;
#3068 = PERSON_AND_ORGANIZATION_ROLE ( 'creator' ) ;
#3069 = CARTESIAN_POINT ( 'NONE',  ( 7.656367581812327572, -2.253245126056543146, 13.02156058399695659 ) ) ;
#3070 = EDGE_LOOP ( 'NONE', ( #3604, #1863, #4359, #4118 ) ) ;
#3071 = CARTESIAN_POINT ( 'NONE',  ( 7.162740818362741457, -4.725000000000021849, 5.971234053733641467 ) ) ;
#3072 = EDGE_LOOP ( 'NONE', ( #3301, #1850, #4169 ) ) ;
#3073 = CARTESIAN_POINT ( 'NONE',  ( -9.434740669813267644, 5.460999999999999410, 13.20000000000000107 ) ) ;
#3074 = CARTESIAN_POINT ( 'NONE',  ( -17.31252573603507017, 6.224999999999999645, 10.93450120978525497 ) ) ;
#3075 = ORIENTED_EDGE ( 'NONE', *, *, #225, .T. ) ;
#3076 = CARTESIAN_POINT ( 'NONE',  ( -9.485382751754560360, -0.5000000000000003331, 500000.0000000000582 ) ) ;
#3077 = CIRCLE ( 'NONE', #2832, 3.174999999999999822 ) ;
#3078 = ORIENTED_EDGE ( 'NONE', *, *, #4495, .T. ) ;
#3079 = B_SPLINE_CURVE_WITH_KNOTS ( 'NONE', 3,
 ( #2704, #2732, #426, #477 ),
 .UNSPECIFIED., .F., .F.,
 ( 4, 4 ),
 ( 0.0003316750945730337287, 0.001772875899847435642 ),
 .UNSPECIFIED. ) ;
#3080 = EDGE_CURVE ( 'NONE', #1484, #4431, #3079, .T. ) ;
#3081 = CARTESIAN_POINT ( 'NONE',  ( 0.9178932188134341086, -4.725000000000020961, 5.980986468820127300 ) ) ;
#3082 = ORIENTED_EDGE ( 'NONE', *, *, #3891, .F. ) ;
#3083 = CARTESIAN_POINT ( 'NONE',  ( -0.08817850204230563704, -4.283092416308231343, 12.16032414469268019 ) ) ;
#3084 = DIRECTION ( 'NONE',  ( 0.000000000000000000, 0.000000000000000000, 1.000000000000000000 ) ) ;
#3085 = VERTEX_POINT ( 'NONE', #3058 ) ;
#3086 = LINE ( 'NONE', #4593, #925 ) ;
#3087 = VECTOR ( 'NONE', #252, 1000.000000000000000 ) ;
#3088 = ORIENTED_EDGE ( 'NONE', *, *, #3146, .F. ) ;
#3089 = CARTESIAN_POINT ( 'NONE',  ( -0.1438995823923121531, 2.355593216510684762, 15.28786873101683597 ) ) ;
#3090 = LINE ( 'NONE', #4596, #2388 ) ;
#3091 = VECTOR ( 'NONE', #527, 1000.000000000000000 ) ;
#3092 = B_SPLINE_CURVE_WITH_KNOTS ( 'NONE', 3,
 ( #4178, #4616, #3389, #3850, #796, #2261, #1918, #3781 ),
 .UNSPECIFIED., .F., .F.,
 ( 4, 2, 2, 4 ),
 ( 0.000000000000000000, 0.007050939483440541930, 0.01057640922516081376, 0.01410187896688108039 ),
 .UNSPECIFIED. ) ;
#3093 = VECTOR ( 'NONE', #4447, 1000.000000000000000 ) ;
#3094 = VECTOR ( 'NONE', #2032, 1000.000000000000000 ) ;
#3095 = CARTESIAN_POINT ( 'NONE',  ( 14.68409405288662128, -0.4999999999921541649, 3.434083733411708472 ) ) ;
#3096 = DATE_TIME_ROLE ( 'creation_date' ) ;
#3097 = CARTESIAN_POINT ( 'NONE',  ( 1.277121745621652815, -4.416582501345398093, 6.887116532661701207 ) ) ;
#3098 = EDGE_LOOP ( 'NONE', ( #801, #2091, #1965 ) ) ;
#3099 = ORIENTED_EDGE ( 'NONE', *, *, #4291, .T. ) ;
#3100 = CARTESIAN_POINT ( 'NONE',  ( 4.250000000000000000, 0.000000000000000000, 0.8890000000000000124 ) ) ;
#3101 = B_SPLINE_CURVE_WITH_KNOTS ( 'NONE', 3,
 ( #2126, #3651, #1397, #1497 ),
 .UNSPECIFIED., .F., .F.,
 ( 4, 4 ),
 ( 0.0003316750945729020524, 0.001772875899848719771 ),
 .UNSPECIFIED. ) ;
#3102 = ORIENTED_EDGE ( 'NONE', *, *, #1086, .T. ) ;
#3103 = CARTESIAN_POINT ( 'NONE',  ( 0.3780997407220337836, 6.273103274859177958, 17.32238634954640588 ) ) ;
#3104 = VECTOR ( 'NONE', #30, 1000.000000000000114 ) ;
#3105 = CARTESIAN_POINT ( 'NONE',  ( -9.895307910843950339, -0.6251334396009391448, 3.960999999999999410 ) ) ;
#3106 = ORIENTED_EDGE ( 'NONE', *, *, #1381, .T. ) ;
#3107 = ORIENTED_EDGE ( 'NONE', *, *, #1997, .T. ) ;
#3108 = CARTESIAN_POINT ( 'NONE',  ( 7.872666832034063417E-16, -6.225000000000000533, 6.224999999999995204 ) ) ;
#3109 = ORIENTED_EDGE ( 'NONE', *, *, #4087, .T. ) ;
#3110 = DIRECTION ( 'NONE',  ( 0.000000000000000000, -1.000000000000000000, 0.000000000000000000 ) ) ;
#3111 = EDGE_CURVE ( 'NONE', #35, #2542, #502, .T. ) ;
#3112 = CARTESIAN_POINT ( 'NONE',  ( -9.146863876752759026, 0.8890000000000000124, 15.75985208288968664 ) ) ;
#3113 = EDGE_CURVE ( 'NONE', #4239, #1963, #3438, .T. ) ;
#3114 = ADVANCED_FACE ( 'NONE', ( #2330 ), #4249, .T. ) ;
#3115 = CARTESIAN_POINT ( 'NONE',  ( 4.421507805396211133, -3.600000000000001421, 8.572971986190381699 ) ) ;
#3116 = CARTESIAN_POINT ( 'NONE',  ( 17.72048360469587891, 1.660432777508705771, -0.1706887630755809238 ) ) ;
#3117 = ORIENTED_EDGE ( 'NONE', *, *, #2525, .F. ) ;
#3118 = CARTESIAN_POINT ( 'NONE',  ( -11.83682540886280421, -1.084324919816493482, 7.505950146415463209 ) ) ;
#3119 = CARTESIAN_POINT ( 'NONE',  ( -6.349999999999999645, 2.389000000000000234, 12.70000000000000107 ) ) ;
#3120 = DIRECTION ( 'NONE',  ( 0.000000000000000000, 0.000000000000000000, 1.000000000000000000 ) ) ;
#3121 = CARTESIAN_POINT ( 'NONE',  ( -13.61557980789403821, 0.5000000000141263667, 7.042593639786336901 ) ) ;
#3122 = ORIENTED_EDGE ( 'NONE', *, *, #2830, .T. ) ;
#3123 = EDGE_LOOP ( 'NONE', ( #2282, #651, #3026, #976, #2005, #1876 ) ) ;
#3124 = DIRECTION ( 'NONE',  ( -0.000000000000000000, -1.000000000000000000, -0.000000000000000000 ) ) ;
#3125 = FACE_OUTER_BOUND ( 'NONE', #886, .T. ) ;
#3126 = EDGE_LOOP ( 'NONE', ( #2464, #2026, #4753, #692, #3106 ) ) ;
#3127 = LINE ( 'NONE', #3156, #3366 ) ;
#3128 = LINE ( 'NONE', #1984, #3094 ) ;
#3129 = EDGE_LOOP ( 'NONE', ( #3535, #1501, #2220, #3327, #2875, #852 ) ) ;
#3130 = VERTEX_POINT ( 'NONE', #1600 ) ;
#3131 = AXIS2_PLACEMENT_3D ( 'NONE', #3521, #3499, #146 ) ;
#3132 = VECTOR ( 'NONE', #1040, 1000.000000000000000 ) ;
#3133 = CARTESIAN_POINT ( 'NONE',  ( -1.353900573603757929, 5.460999999999999410, 16.98899264520991181 ) ) ;
#3134 = VERTEX_POINT ( 'NONE', #3869 ) ;
#3135 = VECTOR ( 'NONE', #4376, 1000.000000000000000 ) ;
#3136 = EDGE_CURVE ( 'NONE', #4612, #1438, #861, .T. ) ;
#3137 = LINE ( 'NONE', #793, #879 ) ;
#3138 = LINE ( 'NONE', #862, #3045 ) ;
#3139 = DIRECTION ( 'NONE',  ( 0.000000000000000000, -0.000000000000000000, -1.000000000000000000 ) ) ;
#3140 = EDGE_CURVE ( 'NONE', #1716, #4212, #817, .T. ) ;
#3141 = CARTESIAN_POINT ( 'NONE',  ( 18.89999999999999503, 6.224999999999987210, -0.3571958883369838467 ) ) ;
#3142 = CARTESIAN_POINT ( 'NONE',  ( -9.427827143167739621, 2.482421864799724709, 13.24265287363059151 ) ) ;
#3143 = CARTESIAN_POINT ( 'NONE',  ( 14.63548341098190875, -0.4999999999916613924, 0.8890000000000000124 ) ) ;
#3144 = DIRECTION ( 'NONE',  ( 0.7071067811866993402, -0.000000000000000000, 0.7071067811863958052 ) ) ;
#3145 = EDGE_CURVE ( 'NONE', #927, #4460, #647, .T. ) ;
#3146 = EDGE_CURVE ( 'NONE', #1100, #4166, #4829, .T. ) ;
#3147 = ORIENTED_EDGE ( 'NONE', *, *, #3713, .T. ) ;
#3148 = CARTESIAN_POINT ( 'NONE',  ( 14.73261264220325373, -0.4999999999926428296, 3.344608134128682853 ) ) ;
#3149 = SHAPE_DEFINITION_REPRESENTATION ( #1816, #2273 ) ;
#3150 = CARTESIAN_POINT ( 'NONE',  ( 16.91022952279015001, 4.725000000000002309, 0.7308251061136336046 ) ) ;
#3151 = ORIENTED_EDGE ( 'NONE', *, *, #2071, .F. ) ;
#3152 = PLANE ( 'NONE',  #4159 ) ;
#3153 = DIRECTION ( 'NONE',  ( 0.7071067811865472397, -0.7071067811865479058, 0.000000000000000000 ) ) ;
#3154 = EDGE_LOOP ( 'NONE', ( #2638, #3692, #50, #1458, #4259, #4388 ) ) ;
#3155 = EDGE_LOOP ( 'NONE', ( #3501, #4176, #632, #491 ) ) ;
#3156 = CARTESIAN_POINT ( 'NONE',  ( 4.250000000000000000, 0.000000000000000000, 5.460999999999999410 ) ) ;
#3157 = FACE_BOUND ( 'NONE', #3671, .T. ) ;
#3158 = ORIENTED_EDGE ( 'NONE', *, *, #4530, .F. ) ;
#3159 = CARTESIAN_POINT ( 'NONE',  ( 0.4999999999999997780, 0.8890000000000000124, 6.142893218813454403 ) ) ;
#3160 = EDGE_LOOP ( 'NONE', ( #3842, #865, #4269, #2658, #2754, #1268 ) ) ;
#3161 = EDGE_CURVE ( 'NONE', #4230, #3180, #3413, .T. ) ;
#3162 = CARTESIAN_POINT ( 'NONE',  ( 9.411354347815477084, 2.389000000000000234, 13.32748271459164791 ) ) ;
#3163 = PLANE ( 'NONE',  #1519 ) ;
#3164 = CARTESIAN_POINT ( 'NONE',  ( -8.910500157831743095, -0.4514852619340096185, 18.90187766477306752 ) ) ;
#3165 = EDGE_CURVE ( 'NONE', #366, #3341, #2816, .T. ) ;
#3166 = CARTESIAN_POINT ( 'NONE',  ( 6.302068743798057149, -3.209403101107562328, 9.238865542784022722 ) ) ;
#3167 = CARTESIAN_POINT ( 'NONE',  ( 7.324999999999945999, -6.225000000000001421, 6.224999999999995204 ) ) ;
#3168 = CARTESIAN_POINT ( 'NONE',  ( -9.507740621154946226, -3.575917264187984834, 6.212983321255239666 ) ) ;
#3169 = PLANE ( 'NONE',  #3665 ) ;
#3170 = AXIS2_PLACEMENT_3D ( 'NONE', #1103, #1005, #2580 ) ;
#3171 = CARTESIAN_POINT ( 'NONE',  ( 11.08770462574413962, 4.737443372049191304, 16.08821800252945167 ) ) ;
#3172 = VECTOR ( 'NONE', #3336, 1000.000000000000000 ) ;
#3173 = CARTESIAN_POINT ( 'NONE',  ( -6.830352523518881292E-16, 0.8889999999986408774, 16.08448761175452546 ) ) ;
#3174 = ORIENTED_EDGE ( 'NONE', *, *, #249, .T. ) ;
#3175 = CARTESIAN_POINT ( 'NONE',  ( 9.909980447703233608, -0.5419213480632485425, 11.44986046081940323 ) ) ;
#3176 = ORIENTED_EDGE ( 'NONE', *, *, #2830, .F. ) ;
#3177 = CARTESIAN_POINT ( 'NONE',  ( 0.3410483235738664409, 2.356092265945975317, 15.28912430261527255 ) ) ;
#3178 = CARTESIAN_POINT ( 'NONE',  ( -15.29118998132275742, 0.5000000000097412078, 3.318458259327667026 ) ) ;
#3179 = VERTEX_POINT ( 'NONE', #2681 ) ;
#3180 = VERTEX_POINT ( 'NONE', #1300 ) ;
#3181 = FACE_OUTER_BOUND ( 'NONE', #1786, .T. ) ;
#3182 = CARTESIAN_POINT ( 'NONE',  ( -3.265259330186732090, 2.388999999993757228, 13.20000000000000284 ) ) ;
#3183 = FACE_OUTER_BOUND ( 'NONE', #4786, .T. ) ;
#3184 = CARTESIAN_POINT ( 'NONE',  ( 14.87819767050608277, -0.2461305424233921346, 2.410105241321388370 ) ) ;
#3185 = ORIENTED_EDGE ( 'NONE', *, *, #4649, .F. ) ;
#3186 = ORIENTED_EDGE ( 'NONE', *, *, #2173, .F. ) ;
#3187 = CARTESIAN_POINT ( 'NONE',  ( -10.08774464581311925, 6.225000000000061817, 5.460999999999999410 ) ) ;
#3188 = LINE ( 'NONE', #3215, #923 ) ;
#3189 = CARTESIAN_POINT ( 'NONE',  ( -12.20408128300388917, -3.380871646531547370, 2.759512074407365123 ) ) ;
#3190 = CARTESIAN_POINT ( 'NONE',  ( -6.349999999999999645, 5.460999999999999410, 12.70000000000000107 ) ) ;
#3191 = VECTOR ( 'NONE', #3832, 1000.000000000000000 ) ;
#3192 = CARTESIAN_POINT ( 'NONE',  ( 9.434740669813271197, 2.521630422773816438, 12.19999999999999929 ) ) ;
#3193 = CARTESIAN_POINT ( 'NONE',  ( 16.96316175372195900, 4.724999999999999645, 5.184538484922236456 ) ) ;
#3194 = ORIENTED_EDGE ( 'NONE', *, *, #2779, .F. ) ;
#3195 = CARTESIAN_POINT ( 'NONE',  ( -9.066666666666634455, -6.225000000000003197, 4.483333333333337833 ) ) ;
#3196 = CC_DESIGN_SECURITY_CLASSIFICATION ( #1772, ( #4776 ) ) ;
#3197 = EDGE_LOOP ( 'NONE', ( #4116, #3042, #2962, #1982, #1552, #2698 ) ) ;
#3198 = EDGE_CURVE ( 'NONE', #1639, #2919, #1808, .T. ) ;
#3199 = EDGE_CURVE ( 'NONE', #64, #3130, #707, .T. ) ;
#3200 = EDGE_CURVE ( 'NONE', #2142, #2050, #2687, .T. ) ;
#3201 = DIRECTION ( 'NONE',  ( 0.000000000000000000, 0.000000000000000000, -1.000000000000000000 ) ) ;
#3202 =( BOUNDED_CURVE ( )  B_SPLINE_CURVE ( 3, ( #1630, #3142, #2762, #3587 ),
 .UNSPECIFIED., .F., .T. ) 
 B_SPLINE_CURVE_WITH_KNOTS ( ( 4, 4 ),
 ( 3.302283306541701879, 3.343761492774090183 ),
 .UNSPECIFIED. ) 
 CURVE ( )  GEOMETRIC_REPRESENTATION_ITEM ( )  RATIONAL_B_SPLINE_CURVE ( ( 1.000000000000000000, 0.9998566351442376154, 0.9998566351442376154, 1.000000000000000000 ) ) 
 REPRESENTATION_ITEM ( '' )  );
#3203 = CARTESIAN_POINT ( 'NONE',  ( -15.19638531168677176, 0.5000000000171733738, 0.8889999999999996794 ) ) ;
#3204 = ORIENTED_EDGE ( 'NONE', *, *, #1144, .T. ) ;
#3205 = ORIENTED_EDGE ( 'NONE', *, *, #3236, .T. ) ;
#3206 = CARTESIAN_POINT ( 'NONE',  ( 9.427827143167746726, 2.482421864799631450, 12.15734712636944970 ) ) ;
#3207 = EDGE_CURVE ( 'NONE', #1939, #3593, #2446, .T. ) ;
#3208 = CARTESIAN_POINT ( 'NONE',  ( -9.895307910843950339, -0.6251334396009402550, 11.33531618317424439 ) ) ;
#3209 = CIRCLE ( 'NONE', #2326, 3.125000000000000888 ) ;
#3210 = CARTESIAN_POINT ( 'NONE',  ( -9.485382751754560360, -0.5000000000000003331, 0.8890000000000000124 ) ) ;
#3211 = DIRECTION ( 'NONE',  ( 0.000000000000000000, 0.000000000000000000, -1.000000000000000000 ) ) ;
#3212 = CIRCLE ( 'NONE', #4157, 3.175000000000000711 ) ;
#3213 = VECTOR ( 'NONE', #1432, 1000.000000000000000 ) ;
#3214 = CARTESIAN_POINT ( 'NONE',  ( 4.094962549349500769, -4.331524535636319229, 7.125547554054310950 ) ) ;
#3215 = CARTESIAN_POINT ( 'NONE',  ( 0.9178932188134356629, -4.725000000000018296, 0.8890000000000000124 ) ) ;
#3216 = CARTESIAN_POINT ( 'NONE',  ( 9.434740669813264091, 5.460999999999999410, 13.19999999999999929 ) ) ;
#3217 = CARTESIAN_POINT ( 'NONE',  ( 15.22015433779828264, 6.224999999999997868, 14.67091767739935015 ) ) ;
#3218 = EDGE_CURVE ( 'NONE', #1518, #4380, #2766, .T. ) ;
#3219 = DIRECTION ( 'NONE',  ( 0.000000000000000000, 0.000000000000000000, 1.000000000000000000 ) ) ;
#3220 = CARTESIAN_POINT ( 'NONE',  ( 7.306673083637993393, 3.319196534738305004, 15.68132962225410942 ) ) ;
#3221 = ORIENTED_EDGE ( 'NONE', *, *, #9, .T. ) ;
#3222 = EDGE_LOOP ( 'NONE', ( #954, #2344, #3482, #3185 ) ) ;
#3223 = CARTESIAN_POINT ( 'NONE',  ( -6.529554005649345960, -2.600000000000000533, 12.67306548606257977 ) ) ;
#3224 = B_SPLINE_CURVE_WITH_KNOTS ( 'NONE', 3,
 ( #2164, #3664, #1804, #1095, #1853, #3370, #756, #1488, #2996, #4499, #2615, #4136, #2239, #729 ),
 .UNSPECIFIED., .F., .F.,
 ( 4, 2, 2, 2, 2, 2, 4 ),
 ( 0.000000000000000000, 0.001047380502648905887, 0.001571070753973358288, 0.002094761005297810473, 0.003142141507946716143, 0.003665831759271165943, 0.004189522010595615742 ),
 .UNSPECIFIED. ) ;
#3225 = ORIENTED_EDGE ( 'NONE', *, *, #2652, .F. ) ;
#3226 = CARTESIAN_POINT ( 'NONE',  ( -8.179360420271350376E-16, -4.725000000000018296, 5.981083965094950550 ) ) ;
#3227 = DIRECTION ( 'NONE',  ( 0.000000000000000000, 0.000000000000000000, 1.000000000000000000 ) ) ;
#3228 = ORIENTED_EDGE ( 'NONE', *, *, #4804, .T. ) ;
#3229 = ORIENTED_EDGE ( 'NONE', *, *, #2952, .F. ) ;
#3230 = CARTESIAN_POINT ( 'NONE',  ( -6.830352523518881292E-16, 0.8889999999986408774, 16.08448761175452546 ) ) ;
#3231 = CARTESIAN_POINT ( 'NONE',  ( -4.249999999999998224, -7.776507174585692163E-16, 3.960999999999999410 ) ) ;
#3232 = CARTESIAN_POINT ( 'NONE',  ( 0.02441666666666495247, -6.225000000000004974, 6.224999999999988098 ) ) ;
#3233 = B_SPLINE_CURVE_WITH_KNOTS ( 'NONE', 3,
 ( #2174, #3697, #317, #1815 ),
 .UNSPECIFIED., .F., .F.,
 ( 4, 4 ),
 ( 1.734723475976807094E-18, 0.009154959607265771362 ),
 .UNSPECIFIED. ) ;
#3234 = CARTESIAN_POINT ( 'NONE',  ( 16.95932562450473213, 4.834501944749481694, 1.983438044454042481 ) ) ;
#3235 = ADVANCED_FACE ( 'NONE', ( #161 ), #888, .T. ) ;
#3236 = EDGE_CURVE ( 'NONE', #4030, #2626, #911, .T. ) ;
#3237 = CARTESIAN_POINT ( 'NONE',  ( 3.214617248245438041, -0.5000000000000002220, 500000.0000000000582 ) ) ;
#3238 = LINE ( 'NONE', #231, #536 ) ;
#3239 = CARTESIAN_POINT ( 'NONE',  ( -15.66988148972320616, -2.654645121217725556, 1.967056674942801786 ) ) ;
#3240 = CARTESIAN_POINT ( 'NONE',  ( -10.08774464579181895, 6.225000000000004974, 16.79725393340227768 ) ) ;
#3241 = LINE ( 'NONE', #1189, #375 ) ;
#3242 = DIRECTION ( 'NONE',  ( 1.000000000000000000, 0.000000000000000000, 0.000000000000000000 ) ) ;
#3243 = VERTEX_POINT ( 'NONE', #1650 ) ;
#3244 = ORIENTED_EDGE ( 'NONE', *, *, #3080, .F. ) ;
#3245 = CARTESIAN_POINT ( 'NONE',  ( -3.283917845659180657, 4.342218667952903566, 16.47318893552682795 ) ) ;
#3246 = EDGE_CURVE ( 'NONE', #3572, #853, #620, .T. ) ;
#3247 = VERTEX_POINT ( 'NONE', #1273 ) ;
#3248 = CARTESIAN_POINT ( 'NONE',  ( 15.19638531167823459, 0.5000000000000002220, 0.8890000000000017888 ) ) ;
#3249 = LINE ( 'NONE', #2942, #580 ) ;
#3250 = ORIENTED_EDGE ( 'NONE', *, *, #910, .T. ) ;
#3251 = VECTOR ( 'NONE', #3871, 1000.000000000000000 ) ;
#3252 = ORIENTED_EDGE ( 'NONE', *, *, #1742, .F. ) ;
#3253 = CARTESIAN_POINT ( 'NONE',  ( 9.485382751754562136, -0.5000000000000000000, 3.961000000003878085 ) ) ;
#3254 = ORIENTED_EDGE ( 'NONE', *, *, #2478, .F. ) ;
#3255 = DIRECTION ( 'NONE',  ( 0.000000000000000000, 1.000000000000000000, 0.000000000000000000 ) ) ;
#3256 = DIRECTION ( 'NONE',  ( 0.000000000000000000, 0.000000000000000000, -1.000000000000000000 ) ) ;
#3257 = CARTESIAN_POINT ( 'NONE',  ( 10.18777877882748939, -0.4340573745506993708, 11.23058769506029542 ) ) ;
#3258 = DIRECTION ( 'NONE',  ( 1.000000000000000000, -1.686362774724222865E-17, 0.000000000000000000 ) ) ;
#3259 = LINE ( 'NONE', #1820, #2729 ) ;
#3260 = EDGE_CURVE ( 'NONE', #3243, #2168, #4037, .T. ) ;
#3261 = EDGE_CURVE ( 'NONE', #2351, #2626, #2715, .T. ) ;
#3262 = CARTESIAN_POINT ( 'NONE',  ( -10.72895345683487989, 3.394811731850951197, 15.45889923529282939 ) ) ;
#3263 = CARTESIAN_POINT ( 'NONE',  ( 9.066666666666634455, -6.225000000000003197, 4.483333333333337833 ) ) ;
#3264 = DIRECTION ( 'NONE',  ( -0.000000000000000000, 0.000000000000000000, 1.000000000000000000 ) ) ;
#3265 = VERTEX_POINT ( 'NONE', #1741 ) ;
#3266 = B_SPLINE_CURVE_WITH_KNOTS ( 'NONE', 3,
 ( #1896, #39, #3525, #2747 ),
 .UNSPECIFIED., .F., .F.,
 ( 4, 4 ),
 ( 2.114295803708967402E-18, 0.006351337275017307840 ),
 .UNSPECIFIED. ) ;
#3267 = CARTESIAN_POINT ( 'NONE',  ( 10.38650719037194214, 3.388495116480299885, 15.48924415258394838 ) ) ;
#3268 = EDGE_LOOP ( 'NONE', ( #4610, #1865, #4878, #1164 ) ) ;
#3269 = ORIENTED_EDGE ( 'NONE', *, *, #2071, .T. ) ;
#3270 = CARTESIAN_POINT ( 'NONE',  ( -0.9371536669054120194, 2.357507253034947681, 15.29030425207227495 ) ) ;
#3271 = CARTESIAN_POINT ( 'NONE',  ( -14.87839622670945339, -0.2462613685107234718, 2.416283447370034310 ) ) ;
#3272 = CIRCLE ( 'NONE', #440, 3.125000000000000888 ) ;
#3273 = ORIENTED_EDGE ( 'NONE', *, *, #3776, .T. ) ;
#3274 = CARTESIAN_POINT ( 'NONE',  ( 0.3059644070732480681, -4.725000000000008527, 5.981107741960424384 ) ) ;
#3275 = CARTESIAN_POINT ( 'NONE',  ( 6.349999999999998757, -2.600000000000000533, 18.90187766477306752 ) ) ;
#3276 = ORIENTED_EDGE ( 'NONE', *, *, #3567, .T. ) ;
#3277 = ORIENTED_EDGE ( 'NONE', *, *, #3261, .F. ) ;
#3278 = LINE ( 'NONE', #3624, #2570 ) ;
#3279 = ORIENTED_EDGE ( 'NONE', *, *, #639, .T. ) ;
#3280 = EDGE_CURVE ( 'NONE', #2646, #3294, #2012, .T. ) ;
#3281 = CARTESIAN_POINT ( 'NONE',  ( 2.042893218813454759, -3.599999999999998312, 8.596417557948013766 ) ) ;
#3282 = VECTOR ( 'NONE', #1524, 1000.000000000000000 ) ;
#3283 = CARTESIAN_POINT ( 'NONE',  ( 0.1081771803087974992, 0.3230521554336134304, 16.85001743430899168 ) ) ;
#3284 = CARTESIAN_POINT ( 'NONE',  ( 13.63535199480604554, -2.463638172345651522, 2.097969939146062224 ) ) ;
#3285 = VECTOR ( 'NONE', #4287, 1000.000000000000000 ) ;
#3286 = CARTESIAN_POINT ( 'NONE',  ( -15.19638531168677176, 0.5000000000171733738, 0.8889999999999996794 ) ) ;
#3287 = CARTESIAN_POINT ( 'NONE',  ( -27.04252139450062131, 4.724999999999999645, -11.45000000000000107 ) ) ;
#3288 = CARTESIAN_POINT ( 'NONE',  ( -8.207848279653866541, 2.659972898985540013, 15.21777184274910688 ) ) ;
#3289 = AXIS2_PLACEMENT_3D ( 'NONE', #4830, #4525, #2618 ) ;
#3290 = CARTESIAN_POINT ( 'NONE',  ( -8.439156965713689118, 2.389000000000000234, 15.02401552761808645 ) ) ;
#3291 = CARTESIAN_POINT ( 'NONE',  ( -6.349999999999999645, -7.776507174585692163E-16, 0.8890000000000000124 ) ) ;
#3292 = CARTESIAN_POINT ( 'NONE',  ( -9.485382751754560360, 0.5000000000000006661, 3.961000000003878085 ) ) ;
#3293 = AXIS2_PLACEMENT_3D ( 'NONE', #531, #3586, #3610 ) ;
#3294 = VERTEX_POINT ( 'NONE', #4733 ) ;
#3295 = CARTESIAN_POINT ( 'NONE',  ( -6.295297931202653352, 2.366454992424204651, 15.15809991684048263 ) ) ;
#3296 = CARTESIAN_POINT ( 'NONE',  ( -13.43112203272352900, -2.572877583638901289, 0.8641046397468110651 ) ) ;
#3297 = EDGE_CURVE ( 'NONE', #427, #856, #734, .T. ) ;
#3298 = ORIENTED_EDGE ( 'NONE', *, *, #2095, .T. ) ;
#3299 = CARTESIAN_POINT ( 'NONE',  ( -6.349999999999999645, -7.776507174585692163E-16, 0.8890000000000000124 ) ) ;
#3300 = CARTESIAN_POINT ( 'NONE',  ( -16.97046814186072083, 4.725000000000002309, 5.815392029797278539 ) ) ;
#3301 = ORIENTED_EDGE ( 'NONE', *, *, #3236, .F. ) ;
#3302 = DIRECTION ( 'NONE',  ( 1.232470294432441480E-11, -1.000000000000000000, 0.000000000000000000 ) ) ;
#3303 = ORIENTED_EDGE ( 'NONE', *, *, #2072, .T. ) ;
#3304 = ORIENTED_EDGE ( 'NONE', *, *, #1507, .F. ) ;
#3305 = DIRECTION ( 'NONE',  ( 0.000000000000000000, 0.000000000000000000, 1.000000000000000000 ) ) ;
#3306 = DIRECTION ( 'NONE',  ( 0.000000000000000000, 0.000000000000000000, 1.000000000000000000 ) ) ;
#3307 = CARTESIAN_POINT ( 'NONE',  ( 11.83094909836284536, -4.768439415932522962, 1.233586710771026329 ) ) ;
#3308 = EDGE_CURVE ( 'NONE', #450, #470, #3920, .T. ) ;
#3309 = CARTESIAN_POINT ( 'NONE',  ( 9.434740669813264091, -500000.0000000000582, 13.19999999999999929 ) ) ;
#3310 = CARTESIAN_POINT ( 'NONE',  ( -6.349999999999999645, -3.600000000000000977, 3.960999999999999410 ) ) ;
#3311 = LINE ( 'NONE', #1844, #3172 ) ;
#3312 = CARTESIAN_POINT ( 'NONE',  ( 7.324999999999945999, -6.225000000000001421, 6.224999999999995204 ) ) ;
#3313 = CARTESIAN_POINT ( 'NONE',  ( 7.872666832034063417E-16, -6.225000000000000533, 6.224999999999995204 ) ) ;
#3314 = CARTESIAN_POINT ( 'NONE',  ( -14.73317768738457723, -0.4999999999910252901, 2.179946881237653233 ) ) ;
#3315 = ORIENTED_EDGE ( 'NONE', *, *, #4838, .F. ) ;
#3316 = ORIENTED_EDGE ( 'NONE', *, *, #1328, .T. ) ;
#3317 = CARTESIAN_POINT ( 'NONE',  ( -15.25965766132774704, 0.5000000000115476517, 3.863634880918542791 ) ) ;
#3318 = VERTEX_POINT ( 'NONE', #553 ) ;
#3319 = LINE ( 'NONE', #631, #3646 ) ;
#3320 = CARTESIAN_POINT ( 'NONE',  ( -16.41468495971398056, 3.081452357451172297, 1.757361687525939908 ) ) ;
#3321 = B_SPLINE_SURFACE_WITH_KNOTS ( 'NONE', 3, 3, ( 
 ( #2333, #3166, #3997, #942 ),
 ( #2435, #1702, #2876, #2480 ),
 ( #1305, #4669, #3214, #2456 ),
 ( #601, #1371, #4396, #3971 ) ),
 .UNSPECIFIED., .F., .F., .F.,
 ( 4, 4 ),
 ( 4, 4 ),
 ( 0.7749261027005032165, 0.9877389210315445922 ),
 ( 0.02643991475180086301, 0.6881072088397524045 ),
 .UNSPECIFIED. ) ;
#3322 = CARTESIAN_POINT ( 'NONE',  ( 16.62441962723039168, 3.870101581983053762, 0.1249999999999981543 ) ) ;
#3323 = LINE ( 'NONE', #1023, #4835 ) ;
#3324 = ORIENTED_EDGE ( 'NONE', *, *, #3955, .T. ) ;
#3325 = EDGE_CURVE ( 'NONE', #2030, #754, #355, .T. ) ;
#3326 = CARTESIAN_POINT ( 'NONE',  ( 13.51387667145227489, 4.895230249845676340, 12.95772931760063962 ) ) ;
#3327 = ORIENTED_EDGE ( 'NONE', *, *, #3008, .T. ) ;
#3328 = VECTOR ( 'NONE', #670, 1000.000000000000000 ) ;
#3329 = CYLINDRICAL_SURFACE ( 'NONE', #3797, 3.125000000000000888 ) ;
#3330 = CARTESIAN_POINT ( 'NONE',  ( -0.5000000000000004441, -2.600000000000000533, 7.238999999999998991 ) ) ;
#3331 = CARTESIAN_POINT ( 'NONE',  ( 12.68938161794651975, -3.708361810121233670, 1.835803553643086783 ) ) ;
#3332 = AXIS2_PLACEMENT_3D ( 'NONE', #4644, #1626, #2434 ) ;
#3333 = DESIGN_CONTEXT ( 'detailed design', #2888, 'design' ) ;
#3334 = CARTESIAN_POINT ( 'NONE',  ( 15.30859671718600978, 0.4999999999999939493, 3.768366067037685063 ) ) ;
#3335 = DIRECTION ( 'NONE',  ( 0.000000000000000000, 0.000000000000000000, -1.000000000000000000 ) ) ;
#3336 = DIRECTION ( 'NONE',  ( 0.000000000000000000, 1.000000000000000000, 0.000000000000000000 ) ) ;
#3337 = LINE ( 'NONE', #1374, #3087 ) ;
#3338 = CARTESIAN_POINT ( 'NONE',  ( -14.36627433074815663, -1.016325615609082744, 0.1250000000000014155 ) ) ;
#3339 = CARTESIAN_POINT ( 'NONE',  ( -10.83868078663616252, 4.724999999999998757, 16.10895987185777400 ) ) ;
#3340 = CARTESIAN_POINT ( 'NONE',  ( 6.349999999999999645, 5.460999999999999410, 12.69999999999999929 ) ) ;
#3341 = VERTEX_POINT ( 'NONE', #1698 ) ;
#3342 = CARTESIAN_POINT ( 'NONE',  ( -3.862878995056573839, 3.324262251099853405, 15.89422778612969367 ) ) ;
#3343 = DIRECTION ( 'NONE',  ( -0.7071067811865249242, 0.000000000000000000, -0.7071067811865702213 ) ) ;
#3344 = LINE ( 'NONE', #3739, #2412 ) ;
#3345 = CARTESIAN_POINT ( 'NONE',  ( 3.214617248245438041, 0.5000000000000000000, 3.961000000003878085 ) ) ;
#3346 = ORIENTED_EDGE ( 'NONE', *, *, #4098, .F. ) ;
#3347 = CARTESIAN_POINT ( 'NONE',  ( -10.21657389373630132, 1.196856488438093891, 13.60369637947890809 ) ) ;
#3348 = VERTEX_POINT ( 'NONE', #4343 ) ;
#3349 = ADVANCED_FACE ( 'NONE', ( #958 ), #4390, .F. ) ;
#3350 = ADVANCED_FACE ( 'NONE', ( #2898 ), #3722, .T. ) ;
#3351 = ADVANCED_FACE ( 'NONE', ( #2601 ), #3329, .T. ) ;
#3352 = ORIENTED_EDGE ( 'NONE', *, *, #3612, .T. ) ;
#3353 = AXIS2_PLACEMENT_3D ( 'NONE', #1560, #3397, #44 ) ;
#3354 = CARTESIAN_POINT ( 'NONE',  ( 9.917372312434578063, -0.4999999999993000599, 11.50682726845495196 ) ) ;
#3355 = CARTESIAN_POINT ( 'NONE',  ( 10.83868078663615897, 4.724999999999724309, 16.10895987185763900 ) ) ;
#3356 = CARTESIAN_POINT ( 'NONE',  ( 12.20408128300402417, -3.380871646531345753, 2.759512074407556526 ) ) ;
#3357 = EDGE_CURVE ( 'NONE', #1419, #3454, #1396, .T. ) ;
#3358 = PLANE ( 'NONE',  #3462 ) ;
#3359 = CARTESIAN_POINT ( 'NONE',  ( -6.349999999999999645, -7.776507174585692163E-16, 3.960999999999999410 ) ) ;
#3360 = DIRECTION ( 'NONE',  ( 0.000000000000000000, 0.000000000000000000, -1.000000000000000000 ) ) ;
#3361 = CARTESIAN_POINT ( 'NONE',  ( 1.216652099116860134E-15, -4.282565963329619585, 12.16201795082880999 ) ) ;
#3362 = CARTESIAN_POINT ( 'NONE',  ( 8.691908549899135750, -2.739126554769062860, 9.182091072545860655 ) ) ;
#3363 = CARTESIAN_POINT ( 'NONE',  ( 13.30543935919565790, -5.322192251263275331, 0.1250000000000000000 ) ) ;
#3364 = VERTEX_POINT ( 'NONE', #3281 ) ;
#3365 = CARTESIAN_POINT ( 'NONE',  ( 14.76512229003222920, -0.4999999999929712335, 2.896731279527691161 ) ) ;
#3366 = VECTOR ( 'NONE', #773, 1000.000000000000000 ) ;
#3367 = ORIENTED_EDGE ( 'NONE', *, *, #1463, .F. ) ;
#3368 = VECTOR ( 'NONE', #691, 1000.000000000000000 ) ;
#3369 = CARTESIAN_POINT ( 'NONE',  ( -1.015371512142239085, 4.877460050371558609, 16.79641020650163696 ) ) ;
#3370 = CARTESIAN_POINT ( 'NONE',  ( -9.525293688685561477, -1.700940756648174679, 10.01124010804126208 ) ) ;
#3371 = ADVANCED_FACE ( 'NONE', ( #1838 ), #1051, .T. ) ;
#3372 = VECTOR ( 'NONE', #3661, 1000.000000000000000 ) ;
#3373 = CARTESIAN_POINT ( 'NONE',  ( 6.349999999999999645, 0.000000000000000000, 3.960999999999999410 ) ) ;
#3374 = VERTEX_POINT ( 'NONE', #348 ) ;
#3375 = ORIENTED_EDGE ( 'NONE', *, *, #4755, .F. ) ;
#3376 = CARTESIAN_POINT ( 'NONE',  ( 9.851850990296007637, 1.139870385410684195, 14.21409160191585919 ) ) ;
#3377 = EDGE_CURVE ( 'NONE', #2870, #1057, #744, .T. ) ;
#3378 = ORIENTED_EDGE ( 'NONE', *, *, #2952, .T. ) ;
#3379 = CARTESIAN_POINT ( 'NONE',  ( 9.917372312434578063, -0.4999999999993005040, 3.960999999999999410 ) ) ;
#3380 = ORIENTED_EDGE ( 'NONE', *, *, #4715, .T. ) ;
#3381 = CARTESIAN_POINT ( 'NONE',  ( -4.530873430015050829, 2.389000000000000234, 15.24094539932970704 ) ) ;
#3382 = CARTESIAN_POINT ( 'NONE',  ( 12.45041847609644847, -4.163486148457956837, 1.074138292187665877 ) ) ;
#3383 = CARTESIAN_POINT ( 'NONE',  ( 16.97046814186071373, 4.725000000000006750, 5.815392029797282092 ) ) ;
#3384 = VERTEX_POINT ( 'NONE', #3354 ) ;
#3385 = CARTESIAN_POINT ( 'NONE',  ( 1.015371512141875598, 4.877460050371717593, 16.79641020650172223 ) ) ;
#3386 = ADVANCED_FACE ( 'NONE', ( #667, #3747 ), #373, .T. ) ;
#3387 = CARTESIAN_POINT ( 'NONE',  ( -0.1081771803087974992, 0.3230521554336134304, 16.85001743430899168 ) ) ;
#3388 = EDGE_CURVE ( 'NONE', #832, #2947, #4861, .T. ) ;
#3389 = CARTESIAN_POINT ( 'NONE',  ( -17.48153588340442610, 1.735238481370489749, 0.1250000000000002220 ) ) ;
#3390 = CARTESIAN_POINT ( 'NONE',  ( 0.000000000000000000, -6.225000000000019185, 0.000000000000000000 ) ) ;
#3391 = ORIENTED_EDGE ( 'NONE', *, *, #3823, .T. ) ;
#3392 = VERTEX_POINT ( 'NONE', #4788 ) ;
#3393 =( BOUNDED_CURVE ( )  B_SPLINE_CURVE ( 3, ( #4043, #3206, #664, #2622 ),
 .UNSPECIFIED., .F., .T. ) 
 B_SPLINE_CURVE_WITH_KNOTS ( ( 4, 4 ),
 ( 3.302283306541702323, 3.343761492774051547 ),
 .UNSPECIFIED. ) 
 CURVE ( )  GEOMETRIC_REPRESENTATION_ITEM ( )  RATIONAL_B_SPLINE_CURVE ( ( 1.000000000000000000, 0.9998566351442379485, 0.9998566351442379485, 1.000000000000000000 ) ) 
 REPRESENTATION_ITEM ( '' )  );
#3394 = CARTESIAN_POINT ( 'NONE',  ( 10.08774464581317076, 6.225000000000060929, 5.460999999999999410 ) ) ;
#3395 = ORIENTED_EDGE ( 'NONE', *, *, #2370, .T. ) ;
#3396 = CARTESIAN_POINT ( 'NONE',  ( 0.05718858809574829671, 2.355096721937255388, 15.28624964618002657 ) ) ;
#3397 = DIRECTION ( 'NONE',  ( 0.000000000000000000, 1.000000000000000000, 0.000000000000000000 ) ) ;
#3398 = CARTESIAN_POINT ( 'NONE',  ( 16.90284426461334277, 4.724999999999999645, 0.1250000000000041911 ) ) ;
#3399 = DIRECTION ( 'NONE',  ( 0.000000000000000000, 0.000000000000000000, -1.000000000000000000 ) ) ;
#3400 = EDGE_LOOP ( 'NONE', ( #4298, #4295, #4006, #2770, #2723, #516, #1216 ) ) ;
#3401 = EDGE_CURVE ( 'NONE', #109, #81, #4414, .T. ) ;
#3402 = LINE ( 'NONE', #2647, #2242 ) ;
#3403 = B_SPLINE_CURVE_WITH_KNOTS ( 'NONE', 3,
 ( #1326, #2016, #138, #163 ),
 .UNSPECIFIED., .F., .F.,
 ( 4, 4 ),
 ( 0.000000000000000000, 0.01010480395472226553 ),
 .UNSPECIFIED. ) ;
#3404 = ORIENTED_EDGE ( 'NONE', *, *, #558, .F. ) ;
#3405 = ORIENTED_EDGE ( 'NONE', *, *, #58, .T. ) ;
#3406 = DIRECTION ( 'NONE',  ( -1.000000000000000000, 1.976513831063859337E-12, 0.000000000000000000 ) ) ;
#3407 = ORIENTED_EDGE ( 'NONE', *, *, #4373, .T. ) ;
#3408 = B_SPLINE_SURFACE_WITH_KNOTS ( 'NONE', 3, 3, ( 
 ( #3872, #1182, #2688, #800, #1205, #3851, #3141 ),
 ( #4277, #411, #1604, #2290, #4205, #3116, #4567 ),
 ( #1229, #1922, #3472, #3421, #455, #1557, #3804 ),
 ( #3445, #3517, #4618, #66, #864, #821, #3062 ) ),
 .UNSPECIFIED., .F., .F., .F.,
 ( 4, 4 ),
 ( 4, 3, 4 ),
 ( 0.000000000000000000, 1.000000000000000000 ),
 ( 0.000000000000000000, 1.000000000000000000, 1.051200103181848089 ),
 .UNSPECIFIED. ) ;
#3409 = CARTESIAN_POINT ( 'NONE',  ( 6.349999999999999645, 5.460999999999999410, 12.69999999999999929 ) ) ;
#3410 = CARTESIAN_POINT ( 'NONE',  ( -12.08949986380642727, -4.426574464485784510, 0.5184543547152379306 ) ) ;
#3411 = CARTESIAN_POINT ( 'NONE',  ( -13.15877016614408568, -0.4999999999927400851, 6.240112524615248013 ) ) ;
#3412 = ORIENTED_EDGE ( 'NONE', *, *, #2609, .F. ) ;
#3413 = B_SPLINE_CURVE_WITH_KNOTS ( 'NONE', 3,
 ( #4538, #2631, #3777, #4149 ),
 .UNSPECIFIED., .F., .F.,
 ( 4, 4 ),
 ( 0.001785555708478928820, 0.004023280789923150934 ),
 .UNSPECIFIED. ) ;
#3414 = CARTESIAN_POINT ( 'NONE',  ( -0.04239327648498604495, 6.224999999999993427, 18.89999999999999503 ) ) ;
#3415 = CARTESIAN_POINT ( 'NONE',  ( 3.779396204025739614, 1.863497014787716122, 3.961000000003878085 ) ) ;
#3416 = CARTESIAN_POINT ( 'NONE',  ( 15.29660429442134451, -2.410682838614214063, 0.1250000000000001110 ) ) ;
#3417 = ORIENTED_EDGE ( 'NONE', *, *, #1449, .F. ) ;
#3418 = EDGE_CURVE ( 'NONE', #1759, #3374, #338, .T. ) ;
#3419 = EDGE_CURVE ( 'NONE', #1244, #1188, #3585, .T. ) ;
#3420 = ADVANCED_FACE ( 'NONE', ( #2528 ), #2125, .F. ) ;
#3421 = CARTESIAN_POINT ( 'NONE',  ( 15.55803989716129543, -2.593668238447218943, 6.372367644529809108E-55 ) ) ;
#3422 = ORIENTED_EDGE ( 'NONE', *, *, #4077, .T. ) ;
#3423 = CARTESIAN_POINT ( 'NONE',  ( -10.78537026688772293, -4.182812429244399333, 3.155201829598618168 ) ) ;
#3424 = CARTESIAN_POINT ( 'NONE',  ( -1.611538411627036593, -4.031354807186419364, 7.775997984703587385 ) ) ;
#3425 = APPROVAL_STATUS ( 'not_yet_approved' ) ;
#3426 = CARTESIAN_POINT ( 'NONE',  ( 0.6555885843091815435, -4.035177438049712073, 7.772702901820575327 ) ) ;
#3427 = ORIENTED_EDGE ( 'NONE', *, *, #1807, .T. ) ;
#3428 = CIRCLE ( 'NONE', #1284, 3.174999999999999822 ) ;
#3429 = PLANE ( 'NONE',  #3908 ) ;
#3430 = EDGE_LOOP ( 'NONE', ( #171, #2630, #4860, #4434, #544, #2312 ) ) ;
#3431 = ORIENTED_EDGE ( 'NONE', *, *, #1806, .F. ) ;
#3432 = CARTESIAN_POINT ( 'NONE',  ( 8.763326860541601704, 2.389000000000000679, 14.99993948138154209 ) ) ;
#3433 = CARTESIAN_POINT ( 'NONE',  ( -13.58088428792514435, -3.200062596891487754, 6.072030347549282503 ) ) ;
#3434 = CARTESIAN_POINT ( 'NONE',  ( 6.349999999999999645, 2.389000000000000234, 9.574999999999999289 ) ) ;
#3435 = ORIENTED_EDGE ( 'NONE', *, *, #1292, .T. ) ;
#3436 = AXIS2_PLACEMENT_3D ( 'NONE', #2691, #3044, #4552 ) ;
#3437 = EDGE_CURVE ( 'NONE', #1321, #4772, #2871, .T. ) ;
#3438 = LINE ( 'NONE', #1966, #573 ) ;
#3439 = ORIENTED_EDGE ( 'NONE', *, *, #3140, .T. ) ;
#3440 = CARTESIAN_POINT ( 'NONE',  ( -12.54999999999999183, -6.225000000000006750, -0.04335509315043494655 ) ) ;
#3441 = CARTESIAN_POINT ( 'NONE',  ( 10.08774464578474728, 6.225000000000001421, 16.79725393340299533 ) ) ;
#3442 = DIRECTION ( 'NONE',  ( -0.000000000000000000, -0.000000000000000000, -1.000000000000000000 ) ) ;
#3443 = ORIENTED_EDGE ( 'NONE', *, *, #1618, .F. ) ;
#3444 = ORGANIZATION ( 'UNSPECIFIED', 'UNSPECIFIED', '' ) ;
#3445 = CARTESIAN_POINT ( 'NONE',  ( 12.55000000000000782, -6.224999999999988987, 1.000000000000004885 ) ) ;
#3446 = ORIENTED_EDGE ( 'NONE', *, *, #1016, .F. ) ;
#3447 = CARTESIAN_POINT ( 'NONE',  ( -0.3670152434344656767, 4.877483663791575275, 16.79874364205496562 ) ) ;
#3448 = CARTESIAN_POINT ( 'NONE',  ( -2.038892218542666335, 2.389000000000000234, 15.30792984466780915 ) ) ;
#3449 = AXIS2_PLACEMENT_3D ( 'NONE', #2627, #425, #4147 ) ;
#3450 = B_SPLINE_CURVE_WITH_KNOTS ( 'NONE', 3,
 ( #3927, #3895, #4327, #1279 ),
 .UNSPECIFIED., .F., .F.,
 ( 4, 4 ),
 ( 0.000000000000000000, 0.006351339184160802176 ),
 .UNSPECIFIED. ) ;
#3451 = DIRECTION ( 'NONE',  ( 0.000000000000000000, 0.000000000000000000, 1.000000000000000000 ) ) ;
#3452 = AXIS2_PLACEMENT_3D ( 'NONE', #2773, #1727, #1931 ) ;
#3453 = CARTESIAN_POINT ( 'NONE',  ( 8.507278931456479398, -1.457988393288776052, 13.81304411551370315 ) ) ;
#3454 = VERTEX_POINT ( 'NONE', #718 ) ;
#3455 = CARTESIAN_POINT ( 'NONE',  ( 9.146863876752771461, 0.8890000000000000124, 15.75985208288968664 ) ) ;
#3456 = EDGE_CURVE ( 'NONE', #2017, #1954, #3233, .T. ) ;
#3457 = VECTOR ( 'NONE', #3972, 1000.000000000000000 ) ;
#3458 = ORIENTED_EDGE ( 'NONE', *, *, #3437, .T. ) ;
#3459 = EDGE_LOOP ( 'NONE', ( #3194, #3913, #4034 ) ) ;
#3460 = DIRECTION ( 'NONE',  ( -0.9848077530122086864, -0.1736481776669273336, 0.000000000000000000 ) ) ;
#3461 = CARTESIAN_POINT ( 'NONE',  ( -12.67499999999999893, 6.224999999999996980, 18.09265550483547713 ) ) ;
#3462 = AXIS2_PLACEMENT_3D ( 'NONE', #4052, #699, #4512 ) ;
#3463 = ORIENTED_EDGE ( 'NONE', *, *, #4007, .T. ) ;
#3464 = CARTESIAN_POINT ( 'NONE',  ( -7.480689668024447489E-16, -5.430801986244155444, 8.652453275202857341 ) ) ;
#3465 = VERTEX_POINT ( 'NONE', #267 ) ;
#3466 = CARTESIAN_POINT ( 'NONE',  ( -9.917372312432638282, -0.5000000000102677866, 11.50682726844005188 ) ) ;
#3467 = ORIENTED_EDGE ( 'NONE', *, *, #2015, .F. ) ;
#3468 = CARTESIAN_POINT ( 'NONE',  ( 10.49275435226176079, 2.763153701807108842, 15.08963769562022428 ) ) ;
#3469 = EDGE_CURVE ( 'NONE', #1591, #934, #285, .T. ) ;
#3470 = CARTESIAN_POINT ( 'NONE',  ( 15.30859671718600978, 0.4999999999999939493, 3.768366067037685063 ) ) ;
#3471 = EDGE_LOOP ( 'NONE', ( #2920, #3687, #1616 ) ) ;
#3472 = CARTESIAN_POINT ( 'NONE',  ( 15.61396069344224991, -2.624156679832472250, 0.9835283374714008930 ) ) ;
#3473 = EDGE_LOOP ( 'NONE', ( #1341, #4285 ) ) ;
#3474 = CARTESIAN_POINT ( 'NONE',  ( -9.483805033598700973, -4.817807949917460419, 3.251297578772466945 ) ) ;
#3475 = CARTESIAN_POINT ( 'NONE',  ( -10.83868078663616075, 4.724999999999999645, 3.960999999999999410 ) ) ;
#3476 = CARTESIAN_POINT ( 'NONE',  ( 9.485382751754562136, -0.4999999999999997780, 0.8890000000000000124 ) ) ;
#3477 = CARTESIAN_POINT ( 'NONE',  ( -0.01291414034469915914, -4.036832547516690184, 7.767684596325567625 ) ) ;
#3478 = VERTEX_POINT ( 'NONE', #4485 ) ;
#3479 = CARTESIAN_POINT ( 'NONE',  ( -13.90585318001046211, -1.984460041793417284, 2.470271390954021040 ) ) ;
#3480 = ORIENTED_EDGE ( 'NONE', *, *, #1848, .T. ) ;
#3481 = AXIS2_PLACEMENT_3D ( 'NONE', #2818, #1314, #148 ) ;
#3482 = ORIENTED_EDGE ( 'NONE', *, *, #2923, .F. ) ;
#3483 = ADVANCED_FACE ( 'NONE', ( #787 ), #1887, .T. ) ;
#3484 = CARTESIAN_POINT ( 'NONE',  ( 10.69152651077059701, 6.247642307280868224, 16.74194802821849493 ) ) ;
#3485 = CARTESIAN_POINT ( 'NONE',  ( 8.449999999999999289, 2.571758278209439985E-16, 0.8890000000000000124 ) ) ;
#3486 = CARTESIAN_POINT ( 'NONE',  ( -4.272598341386472320, -3.820772118239928350, 8.235911897741475585 ) ) ;
#3487 = VERTEX_POINT ( 'NONE', #3770 ) ;
#3488 = CARTESIAN_POINT ( 'NONE',  ( 0.7432795950069416291, 2.389000000000000234, -91.99541463433266131 ) ) ;
#3489 = ORIENTED_EDGE ( 'NONE', *, *, #2742, .F. ) ;
#3490 = MANIFOLD_SOLID_BREP ( '228-2500-2020', #1998 ) ;
#3491 = DIRECTION ( 'NONE',  ( 0.7071067811865474617, 0.000000000000000000, 0.7071067811865474617 ) ) ;
#3492 = CARTESIAN_POINT ( 'NONE',  ( -0.6809747293255842271, -3.600000000000000977, 8.600976545875326451 ) ) ;
#3493 = CARTESIAN_POINT ( 'NONE',  ( -6.349999999999999645, 0.8890000000000000124, 12.70000000000000107 ) ) ;
#3494 = VECTOR ( 'NONE', #3672, 1000.000000000000000 ) ;
#3495 = DIRECTION ( 'NONE',  ( -1.000000000000000000, 0.000000000000000000, -0.000000000000000000 ) ) ;
#3496 = ORIENTED_EDGE ( 'NONE', *, *, #4051, .F. ) ;
#3497 = CARTESIAN_POINT ( 'NONE',  ( -7.631598395062834328, -3.729740503392955375, 8.469721900545446047 ) ) ;
#3498 = CARTESIAN_POINT ( 'NONE',  ( -6.349999999999999645, 2.389000000000000234, 12.70000000000000107 ) ) ;
#3499 = DIRECTION ( 'NONE',  ( 0.000000000000000000, 1.000000000000000000, 0.000000000000000000 ) ) ;
#3500 = CARTESIAN_POINT ( 'NONE',  ( 16.94836068948383812, 4.724999999999997868, 3.922833585243767907 ) ) ;
#3501 = ORIENTED_EDGE ( 'NONE', *, *, #4584, .F. ) ;
#3502 = DIRECTION ( 'NONE',  ( -0.000000000000000000, 1.000000000000000000, -0.000000000000000000 ) ) ;
#3503 = ORIENTED_EDGE ( 'NONE', *, *, #121, .F. ) ;
#3504 = EDGE_LOOP ( 'NONE', ( #636, #1694, #2540, #3866 ) ) ;
#3505 = CARTESIAN_POINT ( 'NONE',  ( 2.013099901180828599, 3.566782016929574972, 16.10489884802717242 ) ) ;
#3506 = CARTESIAN_POINT ( 'NONE',  ( -15.21639954431658381, 0.5000000000140233380, 1.398880183734532157 ) ) ;
#3507 = VERTEX_POINT ( 'NONE', #4191 ) ;
#3508 = ORIENTED_EDGE ( 'NONE', *, *, #2461, .F. ) ;
#3509 = CARTESIAN_POINT ( 'NONE',  ( -16.95619842883034067, 4.725000000000000533, 4.588406531346283401 ) ) ;
#3510 = ORIENTED_EDGE ( 'NONE', *, *, #3199, .F. ) ;
#3511 = EDGE_CURVE ( 'NONE', #2297, #2863, #2323, .T. ) ;
#3512 = EDGE_CURVE ( 'NONE', #3883, #2152, #2276, .T. ) ;
#3513 = EDGE_CURVE ( 'NONE', #3555, #1859, #472, .T. ) ;
#3514 = DIRECTION ( 'NONE',  ( 0.000000000000000000, -0.000000000000000000, 1.000000000000000000 ) ) ;
#3515 = CARTESIAN_POINT ( 'NONE',  ( -11.08770462574411653, 4.737443372049195744, 16.08821800252945877 ) ) ;
#3516 = CARTESIAN_POINT ( 'NONE',  ( 15.78130686321715892, 1.331679926519082846, 4.350343126478948719 ) ) ;
#3517 = CARTESIAN_POINT ( 'NONE',  ( 12.55000000000000071, -6.224999999999994316, 0.6666666666666698493 ) ) ;
#3518 = CARTESIAN_POINT ( 'NONE',  ( -3.779396204025740502, -1.863497014787715234, 0.8890000000000000124 ) ) ;
#3519 = CARTESIAN_POINT ( 'NONE',  ( -12.45041847609638985, -4.163486148458058089, 1.074138292187570398 ) ) ;
#3520 = CARTESIAN_POINT ( 'NONE',  ( -2.481641691568503560, 5.460999999999999410, 17.27546508961716398 ) ) ;
#3521 = CARTESIAN_POINT ( 'NONE',  ( -6.349999999999999645, 5.460999999999999410, 12.70000000000000107 ) ) ;
#3522 = APPROVAL_DATE_TIME ( #2338, #4274 ) ;
#3523 = DIRECTION ( 'NONE',  ( -0.000000000000000000, -0.000000000000000000, -1.000000000000000000 ) ) ;
#3524 = EDGE_LOOP ( 'NONE', ( #4748, #3793, #3439, #4532, #1042, #1203 ) ) ;
#3525 = CARTESIAN_POINT ( 'NONE',  ( 4.234475720007133681, -2.600000000000000533, 12.76612912847965298 ) ) ;
#3526 = DIRECTION ( 'NONE',  ( 1.000000000000000000, 0.000000000000000000, 0.000000000000000000 ) ) ;
#3527 = EDGE_CURVE ( 'NONE', #521, #1730, #3843, .T. ) ;
#3528 = VERTEX_POINT ( 'NONE', #1593 ) ;
#3529 = CARTESIAN_POINT ( 'NONE',  ( -6.349999999999999645, -7.776507174585692163E-16, 3.960999999999999410 ) ) ;
#3530 = CARTESIAN_POINT ( 'NONE',  ( -15.35336903077383575, 0.4817528477535908960, 3.654151847959277166 ) ) ;
#3531 = ORIENTED_EDGE ( 'NONE', *, *, #2979, .F. ) ;
#3532 = ADVANCED_FACE ( 'NONE', ( #2 ), #443, .T. ) ;
#3533 = VECTOR ( 'NONE', #4076, 1000.000000000000114 ) ;
#3534 = CARTESIAN_POINT ( 'NONE',  ( 3.214617248245438041, -0.5000000000000002220, 0.8890000000000000124 ) ) ;
#3535 = ORIENTED_EDGE ( 'NONE', *, *, #3551, .F. ) ;
#3536 = DIRECTION ( 'NONE',  ( 0.000000000000000000, 1.000000000000000000, 0.000000000000000000 ) ) ;
#3537 = CARTESIAN_POINT ( 'NONE',  ( -10.08774464579181895, 6.225000000000004974, 16.79725393340227768 ) ) ;
#3538 = CARTESIAN_POINT ( 'NONE',  ( 1.596106781186545476, -2.764972006980717545, 7.238999999999999879 ) ) ;
#3539 = LINE ( 'NONE', #3187, #4321 ) ;
#3540 = CARTESIAN_POINT ( 'NONE',  ( -4.522312344766379333, 5.460999999999999410, 10.16520556357983374 ) ) ;
#3541 = EDGE_CURVE ( 'NONE', #4531, #109, #3024, .T. ) ;
#3542 = EDGE_CURVE ( 'NONE', #4452, #2842, #4170, .T. ) ;
#3543 = CARTESIAN_POINT ( 'NONE',  ( -10.18777877882716609, -0.4340573745514306192, 11.23058769505961330 ) ) ;
#3544 = PLANE ( 'NONE',  #906 ) ;
#3545 = DIRECTION ( 'NONE',  ( -1.000000000000000000, -6.829619984160658046E-17, -0.000000000000000000 ) ) ;
#3546 = DIRECTION ( 'NONE',  ( 0.000000000000000000, 0.000000000000000000, -1.000000000000000000 ) ) ;
#3547 = ORIENTED_EDGE ( 'NONE', *, *, #944, .T. ) ;
#3548 = DIRECTION ( 'NONE',  ( 0.000000000000000000, 0.000000000000000000, -1.000000000000000000 ) ) ;
#3549 = VERTEX_POINT ( 'NONE', #855 ) ;
#3550 = ORIENTED_EDGE ( 'NONE', *, *, #3145, .T. ) ;
#3551 = EDGE_CURVE ( 'NONE', #3883, #1617, #834, .T. ) ;
#3552 = CARTESIAN_POINT ( 'NONE',  ( 5.117073315542469025, 4.875557523083318578, 16.68332140742856851 ) ) ;
#3553 = CARTESIAN_POINT ( 'NONE',  ( 0.6809747332903884898, -3.600000000000002309, 8.600976545888478597 ) ) ;
#3554 = VERTEX_POINT ( 'NONE', #2673 ) ;
#3555 = VERTEX_POINT ( 'NONE', #3818 ) ;
#3556 = CARTESIAN_POINT ( 'NONE',  ( -16.96336281817509217, 4.725000000000002309, 5.201898939992759097 ) ) ;
#3557 = CARTESIAN_POINT ( 'NONE',  ( 4.775167211301087455, -4.725000000000006750, 5.977177783841971959 ) ) ;
#3558 = VECTOR ( 'NONE', #2998, 1000.000000000000000 ) ;
#3559 = DIRECTION ( 'NONE',  ( -0.000000000000000000, -0.000000000000000000, -1.000000000000000000 ) ) ;
#3560 = CARTESIAN_POINT ( 'NONE',  ( 16.94486320850570493, 4.858125681670109053, 0.03672543352090624352 ) ) ;
#3561 = EDGE_LOOP ( 'NONE', ( #2186, #1933, #3863, #4605, #4588 ) ) ;
#3562 = CARTESIAN_POINT ( 'NONE',  ( -6.349999999999999645, 4.724999999999999645, 3.960999999999999410 ) ) ;
#3563 = DIRECTION ( 'NONE',  ( -0.000000000000000000, -0.000000000000000000, -1.000000000000000000 ) ) ;
#3564 = CIRCLE ( 'NONE', #1154, 3.125000000000000888 ) ;
#3565 = DIRECTION ( 'NONE',  ( -1.000000000000000000, 0.000000000000000000, 0.000000000000000000 ) ) ;
#3566 = LINE ( 'NONE', #3520, #1136 ) ;
#3567 = EDGE_CURVE ( 'NONE', #3085, #4438, #82, .T. ) ;
#3568 = EDGE_CURVE ( 'NONE', #4527, #2863, #3428, .T. ) ;
#3569 = VECTOR ( 'NONE', #3491, 1000.000000000000114 ) ;
#3570 = CARTESIAN_POINT ( 'NONE',  ( 10.16012337766114548, 2.751968003283743691, 15.11389368181129811 ) ) ;
#3571 = CARTESIAN_POINT ( 'NONE',  ( 7.941611603801892016, 2.910851473877629214, 15.39402380990766872 ) ) ;
#3572 = VERTEX_POINT ( 'NONE', #1960 ) ;
#3573 = CARTESIAN_POINT ( 'NONE',  ( -8.775448603973909911, -0.9758428989595065994, 14.26199892947860448 ) ) ;
#3574 = AXIS2_PLACEMENT_3D ( 'NONE', #2133, #4369, #2483 ) ;
#3575 = ORIENTED_EDGE ( 'NONE', *, *, #4523, .F. ) ;
#3576 = CARTESIAN_POINT ( 'NONE',  ( 15.02901324239798519, 0.1633953309975373636, 0.8890000000000017888 ) ) ;
#3577 = CARTESIAN_POINT ( 'NONE',  ( -15.16138137549896392, 0.5000000000171727077, 4.053967618063337497 ) ) ;
#3578 = VERTEX_POINT ( 'NONE', #3379 ) ;
#3579 = ORIENTED_EDGE ( 'NONE', *, *, #4016, .F. ) ;
#3580 = CARTESIAN_POINT ( 'NONE',  ( -9.411354347815450438, 2.388999999999999790, 7.238999999999999879 ) ) ;
#3581 = CARTESIAN_POINT ( 'NONE',  ( 2.748530644269229661, -4.725000000000019185, 5.979822747297121488 ) ) ;
#3582 = CARTESIAN_POINT ( 'NONE',  ( 15.30859671718600978, 0.4999999999999939493, 3.768366067037685063 ) ) ;
#3583 = LINE ( 'NONE', #3164, #4352 ) ;
#3584 = ADVANCED_FACE ( 'NONE', ( #1934 ), #398, .T. ) ;
#3585 = B_SPLINE_CURVE_WITH_KNOTS ( 'NONE', 3,
 ( #1076, #1420, #4070, #2925 ),
 .UNSPECIFIED., .F., .F.,
 ( 4, 4 ),
 ( 0.000000000000000000, 1.000000000000000000 ),
 .UNSPECIFIED. ) ;
#3586 = DIRECTION ( 'NONE',  ( -0.000000000000000000, -0.000000000000000000, -1.000000000000000000 ) ) ;
#3587 = CARTESIAN_POINT ( 'NONE',  ( -9.411354347815452215, 2.389000000000000234, 13.32748271459175804 ) ) ;
#3588 = AXIS2_PLACEMENT_3D ( 'NONE', #4250, #1223, #2433 ) ;
#3589 = LINE ( 'NONE', #3216, #4671 ) ;
#3590 = FACE_OUTER_BOUND ( 'NONE', #2136, .T. ) ;
#3591 = CARTESIAN_POINT ( 'NONE',  ( 2.332106781186531475, -4.725000000000019185, 5.980178226026757748 ) ) ;
#3592 = CARTESIAN_POINT ( 'NONE',  ( -10.09369929314317460, 0.5000000000018144375, 12.77716250444517954 ) ) ;
#3593 = VERTEX_POINT ( 'NONE', #3485 ) ;
#3594 = FACE_OUTER_BOUND ( 'NONE', #1001, .T. ) ;
#3595 = EDGE_CURVE ( 'NONE', #909, #3778, #764, .T. ) ;
#3596 = ORIENTED_EDGE ( 'NONE', *, *, #2462, .F. ) ;
#3597 = CARTESIAN_POINT ( 'NONE',  ( 0.5397571794674500545, 2.356568931988388016, 15.28970895038145450 ) ) ;
#3598 = FACE_OUTER_BOUND ( 'NONE', #905, .T. ) ;
#3599 = ORIENTED_EDGE ( 'NONE', *, *, #3146, .T. ) ;
#3600 = ORIENTED_EDGE ( 'NONE', *, *, #1868, .T. ) ;
#3601 = ADVANCED_FACE ( 'NONE', ( #4145 ), #1150, .T. ) ;
#3602 = CARTESIAN_POINT ( 'NONE',  ( -6.349999999999999645, 2.389000000000000234, 12.70000000000000107 ) ) ;
#3603 = AXIS2_PLACEMENT_3D ( 'NONE', #3488, #499, #2431 ) ;
#3604 = ORIENTED_EDGE ( 'NONE', *, *, #1659, .F. ) ;
#3605 = VECTOR ( 'NONE', #671, 999.9999999999998863 ) ;
#3606 = DIRECTION ( 'NONE',  ( 0.000000000000000000, 0.000000000000000000, 1.000000000000000000 ) ) ;
#3607 = CARTESIAN_POINT ( 'NONE',  ( 3.862878995059516374, 3.324262251094736609, 15.89422778612681064 ) ) ;
#3608 = CARTESIAN_POINT ( 'NONE',  ( -9.953030832551847951, 5.460999999999999410, 12.70000000000000107 ) ) ;
#3609 = VECTOR ( 'NONE', #650, 1000.000000000000000 ) ;
#3610 = DIRECTION ( 'NONE',  ( -1.000000000000000000, 0.000000000000000000, 0.000000000000000000 ) ) ;
#3611 = CARTESIAN_POINT ( 'NONE',  ( -2.332106781186547906, 4.725000000000001421, 3.961000000003878085 ) ) ;
#3612 = EDGE_CURVE ( 'NONE', #3364, #973, #1221, .T. ) ;
#3613 = LINE ( 'NONE', #4741, #1430 ) ;
#3614 = CARTESIAN_POINT ( 'NONE',  ( 3.214617248245438041, 0.5000000000000000000, 3.960999999999999410 ) ) ;
#3615 = CARTESIAN_POINT ( 'NONE',  ( -12.40284278012822305, -4.072914169829555675, 1.276933793978668463 ) ) ;
#3616 = DIRECTION ( 'NONE',  ( 1.000000000000000000, 0.000000000000000000, -0.000000000000000000 ) ) ;
#3617 = ORIENTED_EDGE ( 'NONE', *, *, #940, .T. ) ;
#3618 = CARTESIAN_POINT ( 'NONE',  ( -7.324999999999945999, -6.225000000000001421, 6.224999999999995204 ) ) ;
#3619 = ORIENTED_EDGE ( 'NONE', *, *, #3325, .F. ) ;
#3620 = CARTESIAN_POINT ( 'NONE',  ( -1.838168574110461417, 4.343811914240348848, 16.50472464470316325 ) ) ;
#3621 = DIRECTION ( 'NONE',  ( -1.000000000000000000, 0.000000000000000000, 0.000000000000000000 ) ) ;
#3622 = ORIENTED_EDGE ( 'NONE', *, *, #1085, .T. ) ;
#3623 = ORIENTED_EDGE ( 'NONE', *, *, #1603, .F. ) ;
#3624 = CARTESIAN_POINT ( 'NONE',  ( 9.146863876752771461, 0.8890000000000000124, 18.90187766477306752 ) ) ;
#3625 = EDGE_CURVE ( 'NONE', #1321, #3374, #4559, .T. ) ;
#3626 = ADVANCED_FACE ( 'NONE', ( #953 ), #591, .F. ) ;
#3627 = EDGE_CURVE ( 'NONE', #853, #3487, #2776, .T. ) ;
#3628 = DIRECTION ( 'NONE',  ( -0.000000000000000000, -1.000000000000000000, -0.000000000000000000 ) ) ;
#3629 = CYLINDRICAL_SURFACE ( 'NONE', #1856, 2.600000000000001421 ) ;
#3630 = CARTESIAN_POINT ( 'NONE',  ( 12.29176247742405792, -0.1530284223936083099, 8.227915070727419788 ) ) ;
#3631 = FACE_OUTER_BOUND ( 'NONE', #2624, .T. ) ;
#3632 = CARTESIAN_POINT ( 'NONE',  ( 9.624680459599757043, 3.598832499411924957, 15.67555400464250681 ) ) ;
#3633 = CARTESIAN_POINT ( 'NONE',  ( 15.19638531167823459, 0.5000000000000002220, 0.8890000000000017888 ) ) ;
#3634 = CARTESIAN_POINT ( 'NONE',  ( 8.269175146383256347, -3.050845199180689082, 9.109450694114363145 ) ) ;
#3635 = PLANE ( 'NONE',  #223 ) ;
#3636 = B_SPLINE_CURVE_WITH_KNOTS ( 'NONE', 3,
 ( #4590, #3492, #2784, #4665 ),
 .UNSPECIFIED., .F., .F.,
 ( 4, 4 ),
 ( 5.195601368331145066E-05, 0.002094845189113856646 ),
 .UNSPECIFIED. ) ;
#3637 = CARTESIAN_POINT ( 'NONE',  ( 10.73469554927329206, 4.051359031526899024, 15.81155499382312257 ) ) ;
#3638 = VERTEX_POINT ( 'NONE', #3577 ) ;
#3639 = CARTESIAN_POINT ( 'NONE',  ( -2.327508022474440885, 2.360451946794186906, 15.27947650797871404 ) ) ;
#3640 = VECTOR ( 'NONE', #1198, 1000.000000000000000 ) ;
#3641 = ADVANCED_FACE ( 'NONE', ( #1668 ), #3940, .T. ) ;
#3642 = ORIENTED_EDGE ( 'NONE', *, *, #3861, .T. ) ;
#3643 = CARTESIAN_POINT ( 'NONE',  ( 3.779396204025739614, 1.863497014787716122, 500000.0000000000582 ) ) ;
#3644 = CARTESIAN_POINT ( 'NONE',  ( 6.349999999999999645, 0.000000000000000000, 5.460999999999999410 ) ) ;
#3645 = EDGE_LOOP ( 'NONE', ( #3057, #549, #4397, #4360, #3795 ) ) ;
#3646 = VECTOR ( 'NONE', #2967, 1000.000000000000000 ) ;
#3647 = ORIENTED_EDGE ( 'NONE', *, *, #1774, .T. ) ;
#3648 = CARTESIAN_POINT ( 'NONE',  ( -9.485382751754560360, -0.5000000000000023315, 0.8890000000000000124 ) ) ;
#3649 = ORIENTED_EDGE ( 'NONE', *, *, #3456, .F. ) ;
#3650 = CARTESIAN_POINT ( 'NONE',  ( 1.596106781186545476, 2.388999999993757228, 7.238999999999999879 ) ) ;
#3651 = CARTESIAN_POINT ( 'NONE',  ( 1.834319527060981336, 5.460999999999996746, 16.98354480676565359 ) ) ;
#3652 = ADVANCED_FACE ( 'NONE', ( #3598, #3157, #2401 ), #975, .F. ) ;
#3653 = CARTESIAN_POINT ( 'NONE',  ( 12.10728088807432279, -4.425165393709294293, 0.9768402958262492053 ) ) ;
#3654 = LINE ( 'NONE', #4843, #3328 ) ;
#3655 = DIRECTION ( 'NONE',  ( 0.000000000000000000, -0.000000000000000000, 1.000000000000000000 ) ) ;
#3656 = CARTESIAN_POINT ( 'NONE',  ( -5.732453941439481504, 3.313096481645616542, 15.76949792517150861 ) ) ;
#3657 = EDGE_CURVE ( 'NONE', #832, #521, #220, .T. ) ;
#3658 = CARTESIAN_POINT ( 'NONE',  ( 8.115270416272977627, -3.142197046932177162, 9.121129820675950128 ) ) ;
#3659 = CARTESIAN_POINT ( 'NONE',  ( -1.596106781186545476, 2.389000000000000234, 7.238999999999999879 ) ) ;
#3660 = ORIENTED_EDGE ( 'NONE', *, *, #1997, .F. ) ;
#3661 = DIRECTION ( 'NONE',  ( 0.000000000000000000, 0.000000000000000000, -1.000000000000000000 ) ) ;
#3662 = ORIENTED_EDGE ( 'NONE', *, *, #3657, .T. ) ;
#3663 = CYLINDRICAL_SURFACE ( 'NONE', #3960, 3.175000000000001155 ) ;
#3664 = CARTESIAN_POINT ( 'NONE',  ( -9.859103648844540047, -0.8304580124507594530, 11.05146938226413234 ) ) ;
#3665 = AXIS2_PLACEMENT_3D ( 'NONE', #1726, #1354, #4331 ) ;
#3666 = ORIENTED_EDGE ( 'NONE', *, *, #392, .F. ) ;
#3667 = CARTESIAN_POINT ( 'NONE',  ( 9.460356375832741804, 2.367637464569277039, 14.92905721588284962 ) ) ;
#3668 = CARTESIAN_POINT ( 'NONE',  ( 0.1818932188134490535, 2.388999999993757228, 7.238999999999999879 ) ) ;
#3669 = ORIENTED_EDGE ( 'NONE', *, *, #4650, .T. ) ;
#3670 = CARTESIAN_POINT ( 'NONE',  ( -9.146863876752759026, 0.8890000000000000124, 15.75985208288968664 ) ) ;
#3671 = EDGE_LOOP ( 'NONE', ( #4874, #132 ) ) ;
#3672 = DIRECTION ( 'NONE',  ( 0.000000000000000000, 0.000000000000000000, -1.000000000000000000 ) ) ;
#3673 = CARTESIAN_POINT ( 'NONE',  ( 6.349999999999999645, 0.000000000000000000, 5.460999999999999410 ) ) ;
#3674 = CARTESIAN_POINT ( 'NONE',  ( 9.768106845066077071, -1.363674026272623685, 10.36859649699850294 ) ) ;
#3675 = B_SPLINE_CURVE_WITH_KNOTS ( 'NONE', 3,
 ( #541, #238, #3573, #1316, #192, #2465, #1687, #3959, #2820, #4335, #950, #2092, #608, #1712, #3223, #1335 ),
 .UNSPECIFIED., .F., .F.,
 ( 4, 2, 2, 2, 2, 2, 2, 4 ),
 ( 7.047314121155778821E-19, 0.001057665136923959968, 0.001586497705385937892, 0.002115330273847916033, 0.002644162842309894391, 0.003172995410771871881, 0.003701827979233849805, 0.004230660547695827729 ),
 .UNSPECIFIED. ) ;
#3676 = CIRCLE ( 'NONE', #1624, 3.125000000000000888 ) ;
#3677 = CARTESIAN_POINT ( 'NONE',  ( -4.486502985212286632, -2.570603795974262251, 500000.0000000000582 ) ) ;
#3678 = CARTESIAN_POINT ( 'NONE',  ( 8.910500157831741319, -0.4514852619340306572, 7.238999999999999879 ) ) ;
#3679 = CARTESIAN_POINT ( 'NONE',  ( -5.790435236166194599, -4.330881007052640896, 7.110235960740172168 ) ) ;
#3680 = CARTESIAN_POINT ( 'NONE',  ( -10.09369929314323500, 0.5000000000018410828, 500000.0000000000582 ) ) ;
#3681 = CARTESIAN_POINT ( 'NONE',  ( -7.798337051583593471, 3.026797646019198318, 15.47468490183865697 ) ) ;
#3682 = LINE ( 'NONE', #304, #3822 ) ;
#3683 = DIRECTION ( 'NONE',  ( 0.000000000000000000, 0.000000000000000000, 1.000000000000000000 ) ) ;
#3684 = AXIS2_PLACEMENT_3D ( 'NONE', #2761, #2383, #3495 ) ;
#3685 = ADVANCED_FACE ( 'NONE', ( #196 ), #1615, .T. ) ;
#3686 = CARTESIAN_POINT ( 'NONE',  ( 0.01291414034565440024, -4.036832547516690184, 7.767684596325564961 ) ) ;
#3687 = ORIENTED_EDGE ( 'NONE', *, *, #3595, .F. ) ;
#3688 = CARTESIAN_POINT ( 'NONE',  ( -0.5000000000000002220, -2.764972006980717545, 6.142893218813454403 ) ) ;
#3689 = CARTESIAN_POINT ( 'NONE',  ( -12.94050109234637880, -3.337527254634574447, 1.381636757485671385 ) ) ;
#3690 = DIRECTION ( 'NONE',  ( -0.7071067811865474617, -0.7071067811865474617, 0.000000000000000000 ) ) ;
#3691 = FACE_OUTER_BOUND ( 'NONE', #3040, .T. ) ;
#3692 = ORIENTED_EDGE ( 'NONE', *, *, #750, .F. ) ;
#3693 = CARTESIAN_POINT ( 'NONE',  ( -6.652945921307153121, -3.590285023988090352, 8.543316514457506727 ) ) ;
#3694 = B_SPLINE_CURVE_WITH_KNOTS ( 'NONE', 3,
 ( #562, #2718, #1662, #3173 ),
 .UNSPECIFIED., .F., .F.,
 ( 4, 4 ),
 ( 0.000000000000000000, 0.3276878460105247526 ),
 .UNSPECIFIED. ) ;
#3695 = B_SPLINE_CURVE_WITH_KNOTS ( 'NONE', 3,
 ( #4255, #4081, #625, #1798, #1404, #4820, #3656, #4847, #4765, #275, #1769, #2959, #4026, #3681, #4470, #3288, #4796, #3999 ),
 .UNSPECIFIED., .F., .F.,
 ( 4, 2, 2, 2, 2, 2, 2, 2, 4 ),
 ( 0.002087973414981691284, 0.002687833144137580493, 0.003287692873293469702, 0.003887552602449360212, 0.004487412331605250722, 0.005087272060761141232, 0.005687131789917030875, 0.006286991519072922252, 0.006886851248228811895 ),
 .UNSPECIFIED. ) ;
#3696 = ORIENTED_EDGE ( 'NONE', *, *, #1612, .F. ) ;
#3697 = CARTESIAN_POINT ( 'NONE',  ( 6.104114115127364570, 0.8890000000000000124, 15.99716725222099711 ) ) ;
#3698 = CARTESIAN_POINT ( 'NONE',  ( 0.07211812020586474969, 0.3232752026105341625, 16.85052874501577236 ) ) ;
#3699 = CARTESIAN_POINT ( 'NONE',  ( 12.66577156579950447, -3.702351418390705362, 1.245051514027199824 ) ) ;
#3700 = FACE_OUTER_BOUND ( 'NONE', #3430, .T. ) ;
#3701 = VERTEX_POINT ( 'NONE', #1715 ) ;
#3702 = CARTESIAN_POINT ( 'NONE',  ( 0.9178932188134356629, -4.725000000000018296, 3.961000000003878085 ) ) ;
#3703 = CARTESIAN_POINT ( 'NONE',  ( -6.349999999999999645, 5.460999999999999410, 12.70000000000000107 ) ) ;
#3704 = CARTESIAN_POINT ( 'NONE',  ( -17.84483592513366901, 1.609635622224823592, 3.333758185395512719 ) ) ;
#3705 = CARTESIAN_POINT ( 'NONE',  ( 7.324999999999945999, -6.225000000000001421, 6.224999999999995204 ) ) ;
#3706 = DIRECTION ( 'NONE',  ( 0.000000000000000000, 1.000000000000000000, 0.000000000000000000 ) ) ;
#3707 = EDGE_CURVE ( 'NONE', #242, #3454, #4728, .T. ) ;
#3708 = CARTESIAN_POINT ( 'NONE',  ( 9.485382751754562136, 0.5000000000000001110, 500000.0000000000582 ) ) ;
#3709 = VERTEX_POINT ( 'NONE', #1691 ) ;
#3710 = FACE_OUTER_BOUND ( 'NONE', #4158, .T. ) ;
#3711 = CARTESIAN_POINT ( 'NONE',  ( -14.48305090349305146, -1.072202494746243406, 3.195183103405218716 ) ) ;
#3712 = EDGE_CURVE ( 'NONE', #1444, #288, #3128, .T. ) ;
#3713 = EDGE_CURVE ( 'NONE', #3265, #409, #2097, .T. ) ;
#3714 = CARTESIAN_POINT ( 'NONE',  ( 15.60364307165061781, 1.377142747168133674, 0.1250000000000028311 ) ) ;
#3715 = CARTESIAN_POINT ( 'NONE',  ( -15.50419985998290962, 5.005207282271744162, 9.517204804939197516 ) ) ;
#3716 = ORIENTED_EDGE ( 'NONE', *, *, #4650, .F. ) ;
#3717 = EDGE_CURVE ( 'NONE', #237, #3341, #4267, .T. ) ;
#3718 = CARTESIAN_POINT ( 'NONE',  ( -7.090983454688251086, -3.525673367242363465, 8.651166977509884504 ) ) ;
#3719 = ORIENTED_EDGE ( 'NONE', *, *, #2177, .F. ) ;
#3720 = VECTOR ( 'NONE', #133, 1000.000000000000000 ) ;
#3721 = AXIS2_PLACEMENT_3D ( 'NONE', #1181, #4516, #775 ) ;
#3722 = PLANE ( 'NONE',  #3170 ) ;
#3723 = ORIENTED_EDGE ( 'NONE', *, *, #1805, .F. ) ;
#3724 = CARTESIAN_POINT ( 'NONE',  ( -6.349999999999999645, 5.460999999999999410, 12.70000000000000107 ) ) ;
#3725 = CARTESIAN_POINT ( 'NONE',  ( 14.37152337132266489, -1.003895073680722838, 0.07321441207203702173 ) ) ;
#3726 = FACE_OUTER_BOUND ( 'NONE', #3160, .T. ) ;
#3727 = FACE_OUTER_BOUND ( 'NONE', #2543, .T. ) ;
#3728 = CARTESIAN_POINT ( 'NONE',  ( -6.349999999999999645, 5.460999999999999410, 12.70000000000000107 ) ) ;
#3729 = FACE_OUTER_BOUND ( 'NONE', #2937, .T. ) ;
#3730 = ADVANCED_FACE ( 'NONE', ( #1295 ), #4775, .T. ) ;
#3731 = CARTESIAN_POINT ( 'NONE',  ( 8.557228913305916507, -2.849391197454714142, 9.140128541522152261 ) ) ;
#3732 = LINE ( 'NONE', #359, #3609 ) ;
#3733 = ORIENTED_EDGE ( 'NONE', *, *, #3924, .F. ) ;
#3734 = ORIENTED_EDGE ( 'NONE', *, *, #3923, .T. ) ;
#3735 = CARTESIAN_POINT ( 'NONE',  ( -1.235589140484410153, -4.730521873304864400, 5.964752320426195631 ) ) ;
#3736 = ORIENTED_EDGE ( 'NONE', *, *, #2095, .F. ) ;
#3737 = FACE_OUTER_BOUND ( 'NONE', #4757, .T. ) ;
#3738 = CARTESIAN_POINT ( 'NONE',  ( -16.98904562163632548, 4.787203099701489606, 5.876668983090226561 ) ) ;
#3739 = CARTESIAN_POINT ( 'NONE',  ( -6.349999999999999645, 5.460999999999999410, 9.574999999999999289 ) ) ;
#3740 = CARTESIAN_POINT ( 'NONE',  ( -0.01315728844751566824, -4.730769028840148493, 5.964150265772447668 ) ) ;
#3741 = ORIENTED_EDGE ( 'NONE', *, *, #1598, .F. ) ;
#3742 = B_SPLINE_CURVE_WITH_KNOTS ( 'NONE', 3,
 ( #1185, #2293, #437, #1208 ),
 .UNSPECIFIED., .F., .F.,
 ( 4, 4 ),
 ( 0.01279219597088432185, 0.01636792219193297648 ),
 .UNSPECIFIED. ) ;
#3743 = FACE_OUTER_BOUND ( 'NONE', #3847, .T. ) ;
#3744 = VERTEX_POINT ( 'NONE', #4831 ) ;
#3745 = DIRECTION ( 'NONE',  ( 0.000000000000000000, 0.000000000000000000, 1.000000000000000000 ) ) ;
#3746 = ADVANCED_FACE ( 'NONE', ( #1466 ), #2099, .T. ) ;
#3747 = FACE_OUTER_BOUND ( 'NONE', #4837, .T. ) ;
#3748 = DIRECTION ( 'NONE',  ( 0.000000000000000000, 0.000000000000000000, 1.000000000000000000 ) ) ;
#3749 = CARTESIAN_POINT ( 'NONE',  ( 11.04048767221752847, -4.902614168126548932, 1.435626637785872850 ) ) ;
#3750 = LINE ( 'NONE', #1423, #4120 ) ;
#3751 = CARTESIAN_POINT ( 'NONE',  ( -18.90000000000000568, 6.225000000000004974, 6.976468134611494953 ) ) ;
#3752 = CARTESIAN_POINT ( 'NONE',  ( -0.07324999999999788625, -6.225000000000004974, 6.224999999999988098 ) ) ;
#3753 = CARTESIAN_POINT ( 'NONE',  ( 0.4999999999999995559, 0.8890000000000000124, 7.238999999999999879 ) ) ;
#3754 = CARTESIAN_POINT ( 'NONE',  ( 3.058126631670882389, 2.389000000012427627, 15.28476658714252068 ) ) ;
#3755 = ORIENTED_EDGE ( 'NONE', *, *, #1327, .T. ) ;
#3756 = AXIS2_PLACEMENT_3D ( 'NONE', #4631, #3153, #1239 ) ;
#3757 = B_SPLINE_CURVE_WITH_KNOTS ( 'NONE', 3,
 ( #2837, #3951, #2763, #2385, #4621, #187, #1681, #205 ),
 .UNSPECIFIED., .F., .F.,
 ( 4, 2, 2, 4 ),
 ( 0.0003962404822766425728, 0.001301790770893810961, 0.001754565915202397188, 0.002207341059510983632 ),
 .UNSPECIFIED. ) ;
#3758 = CARTESIAN_POINT ( 'NONE',  ( -1.988434582368079795, -4.032492722949552189, 7.774990533954711402 ) ) ;
#3759 = AXIS2_PLACEMENT_3D ( 'NONE', #3359, #1010, #251 ) ;
#3760 = ORIENTED_EDGE ( 'NONE', *, *, #4156, .T. ) ;
#3761 = VECTOR ( 'NONE', #1162, 1000.000000000000114 ) ;
#3762 = CARTESIAN_POINT ( 'NONE',  ( -7.127029259095722047, -4.740120476094750401, 5.957355703042628292 ) ) ;
#3763 = CARTESIAN_POINT ( 'NONE',  ( -12.91438332369240705, -3.328165535022510113, 0.7305675039752974609 ) ) ;
#3764 = AXIS2_PLACEMENT_3D ( 'NONE', #4303, #2107, #577 ) ;
#3765 =( NAMED_UNIT ( * ) SI_UNIT ( $, .STERADIAN. ) SOLID_ANGLE_UNIT ( ) );
#3766 = CARTESIAN_POINT ( 'NONE',  ( -0.01229081895559641473, -3.592135937097264087, 8.613657295333355890 ) ) ;
#3767 = VERTEX_POINT ( 'NONE', #341 ) ;
#3768 = CARTESIAN_POINT ( 'NONE',  ( -0.9178932188134388825, -4.725000000000019185, 5.980986468820129076 ) ) ;
#3769 = VERTEX_POINT ( 'NONE', #1392 ) ;
#3770 = CARTESIAN_POINT ( 'NONE',  ( 3.265259330186732978, 5.460999999999999410, 13.20000000000000284 ) ) ;
#3771 = CARTESIAN_POINT ( 'NONE',  ( -15.85736054367400172, 1.187194560803623622, 8.991088013801364909 ) ) ;
#3772 = CARTESIAN_POINT ( 'NONE',  ( -6.776263578034402713E-16, 9.114972006980716301, 7.057106781186551103 ) ) ;
#3773 = CARTESIAN_POINT ( 'NONE',  ( 11.31983521726545838, -3.441085171042076674, 3.918673800007077102 ) ) ;
#3774 = ADVANCED_FACE ( 'NONE', ( #1785 ), #1097, .T. ) ;
#3775 = EDGE_CURVE ( 'NONE', #1100, #4268, #1413, .T. ) ;
#3776 = EDGE_CURVE ( 'NONE', #397, #283, #241, .T. ) ;
#3777 = CARTESIAN_POINT ( 'NONE',  ( -10.71959811223380576, 4.049648593630462479, 15.81117250563772458 ) ) ;
#3778 = VERTEX_POINT ( 'NONE', #2119 ) ;
#3779 = LINE ( 'NONE', #854, #1388 ) ;
#3780 = CARTESIAN_POINT ( 'NONE',  ( -0.02939283401410107063, -4.282741447655823208, 12.16145334878343398 ) ) ;
#3781 = CARTESIAN_POINT ( 'NONE',  ( -12.54999999999999183, -6.225000000000004086, 0.1249999999999999445 ) ) ;
#3782 = FACE_OUTER_BOUND ( 'NONE', #4858, .T. ) ;
#3783 = CARTESIAN_POINT ( 'NONE',  ( 1.745663094370500544E-13, -4.401787152725679775, 6.872120073148964892 ) ) ;
#3784 = ORIENTED_EDGE ( 'NONE', *, *, #2191, .F. ) ;
#3785 = CARTESIAN_POINT ( 'NONE',  ( -3.391290160291210665, 4.876794003835963842, 16.75523023742594120 ) ) ;
#3786 = CARTESIAN_POINT ( 'NONE',  ( -2.332106781186547906, 4.725000000000001421, 3.961000000003878085 ) ) ;
#3787 = AXIS2_PLACEMENT_3D ( 'NONE', #662, #1832, #2144 ) ;
#3788 = PERSON_AND_ORGANIZATION ( #2744, #3444 ) ;
#3789 = CARTESIAN_POINT ( 'NONE',  ( 1.367563790755128128, -3.587972700340559928, 8.623140323535293916 ) ) ;
#3790 = ORIENTED_EDGE ( 'NONE', *, *, #1415, .T. ) ;
#3791 = DIRECTION ( 'NONE',  ( -1.000000000000000000, 0.000000000000000000, 0.000000000000000000 ) ) ;
#3792 = EDGE_CURVE ( 'NONE', #1402, #3010, #4585, .T. ) ;
#3793 = ORIENTED_EDGE ( 'NONE', *, *, #1603, .T. ) ;
#3794 = CARTESIAN_POINT ( 'NONE',  ( 9.087392673581241809, 2.388999999999999790, 14.97435325767097858 ) ) ;
#3795 = ORIENTED_EDGE ( 'NONE', *, *, #2466, .F. ) ;
#3796 = CARTESIAN_POINT ( 'NONE',  ( -4.525782517048293485, 2.388999999999999790, 15.24113268241372232 ) ) ;
#3797 = AXIS2_PLACEMENT_3D ( 'NONE', #4046, #4441, #295 ) ;
#3798 = DIRECTION ( 'NONE',  ( 0.000000000000000000, 1.000000000000000000, 0.000000000000000000 ) ) ;
#3799 = ORIENTED_EDGE ( 'NONE', *, *, #2986, .T. ) ;
#3800 = DIRECTION ( 'NONE',  ( 0.7071067811865479058, 0.7071067811865472397, 0.000000000000000000 ) ) ;
#3801 = DIRECTION ( 'NONE',  ( 0.000000000000000000, 1.000000000000000000, 0.000000000000000000 ) ) ;
#3802 = CARTESIAN_POINT ( 'NONE',  ( 16.95447584892966475, 0.7028259414464242960, 0.1250000000000000278 ) ) ;
#3803 = ORIENTED_EDGE ( 'NONE', *, *, #3792, .F. ) ;
#3804 = CARTESIAN_POINT ( 'NONE',  ( 15.54945044554250977, -2.588985204412883157, -0.1510702570824216939 ) ) ;
#3805 = EDGE_CURVE ( 'NONE', #2670, #1008, #4479, .T. ) ;
#3806 = EDGE_CURVE ( 'NONE', #1590, #2917, #3323, .T. ) ;
#3807 = ORIENTED_EDGE ( 'NONE', *, *, #3899, .F. ) ;
#3808 = CARTESIAN_POINT ( 'NONE',  ( -8.564450355047078745, 4.871862201286959682, 16.47202002345304450 ) ) ;
#3809 = B_SPLINE_CURVE_WITH_KNOTS ( 'NONE', 3,
 ( #3751, #154, #4128, #127 ),
 .UNSPECIFIED., .F., .F.,
 ( 4, 4 ),
 ( 0.000000000000000000, 1.000000000000000000 ),
 .UNSPECIFIED. ) ;
#3810 = B_SPLINE_CURVE_WITH_KNOTS ( 'NONE', 3,
 ( #1873, #1943, #2988, #3468 ),
 .UNSPECIFIED., .F., .F.,
 ( 4, 4 ),
 ( 0.001831907295952252528, 0.005091377611553565830 ),
 .UNSPECIFIED. ) ;
#3811 = FACE_OUTER_BOUND ( 'NONE', #2498, .T. ) ;
#3812 = FACE_OUTER_BOUND ( 'NONE', #3504, .T. ) ;
#3813 = ORIENTED_EDGE ( 'NONE', *, *, #2589, .T. ) ;
#3814 = B_SPLINE_CURVE_WITH_KNOTS ( 'NONE', 3,
 ( #3248, #3576, #4682, #2845 ),
 .UNSPECIFIED., .F., .F.,
 ( 4, 4 ),
 ( 1.301042606982605128E-18, 0.001127561001004914699 ),
 .UNSPECIFIED. ) ;
#3815 = DIRECTION ( 'NONE',  ( 0.000000000000000000, 0.000000000000000000, -1.000000000000000000 ) ) ;
#3816 = ORIENTED_EDGE ( 'NONE', *, *, #1848, .F. ) ;
#3817 = ORIENTED_EDGE ( 'NONE', *, *, #3003, .T. ) ;
#3818 = CARTESIAN_POINT ( 'NONE',  ( -6.349999999999999645, -3.600000000000000977, 3.960999999999999410 ) ) ;
#3819 = PLANE ( 'NONE',  #4764 ) ;
#3820 = CARTESIAN_POINT ( 'NONE',  ( 4.530873430013881986, 2.389000000000000234, 15.24094539932886860 ) ) ;
#3821 = ORIENTED_EDGE ( 'NONE', *, *, #3805, .T. ) ;
#3822 = VECTOR ( 'NONE', #1799, 1000.000000000000000 ) ;
#3823 = EDGE_CURVE ( 'NONE', #4730, #470, #3249, .T. ) ;
#3824 = DIRECTION ( 'NONE',  ( 0.7071067811865473507, -0.7071067811865477948, 0.000000000000000000 ) ) ;
#3825 = ORIENTED_EDGE ( 'NONE', *, *, #3859, .T. ) ;
#3826 = DIRECTION ( 'NONE',  ( -0.000000000000000000, -1.000000000000000000, -0.000000000000000000 ) ) ;
#3827 = CARTESIAN_POINT ( 'NONE',  ( 15.16139489151178132, 0.4999999999999988343, 0.8890000000000000124 ) ) ;
#3828 = VERTEX_POINT ( 'NONE', #4806 ) ;
#3829 = CARTESIAN_POINT ( 'NONE',  ( 2.042893218813454759, -3.599999999999998312, 8.596417557948013766 ) ) ;
#3830 = ORIENTED_EDGE ( 'NONE', *, *, #791, .T. ) ;
#3831 = CARTESIAN_POINT ( 'NONE',  ( -3.523968164489853727, 6.267004020158184474, 17.26445563660513827 ) ) ;
#3832 = DIRECTION ( 'NONE',  ( -1.000000000000000000, -0.000000000000000000, -2.656333388193093484E-16 ) ) ;
#3833 = ADVANCED_FACE ( 'NONE', ( #1737 ), #4409, .T. ) ;
#3834 = AXIS2_PLACEMENT_3D ( 'NONE', #3950, #3563, #1280 ) ;
#3835 = DIRECTION ( 'NONE',  ( -0.7071067811865477948, 0.000000000000000000, 0.7071067811865473507 ) ) ;
#3836 = PERSON_AND_ORGANIZATION_ROLE ( 'design_supplier' ) ;
#3837 = DIRECTION ( 'NONE',  ( 0.7071067811865479058, -0.7071067811865472397, 0.000000000000000000 ) ) ;
#3838 = ORIENTED_EDGE ( 'NONE', *, *, #2561, .T. ) ;
#3839 = ORIENTED_EDGE ( 'NONE', *, *, #2370, .F. ) ;
#3840 = DIRECTION ( 'NONE',  ( 0.000000000000000000, 0.000000000000000000, -1.000000000000000000 ) ) ;
#3841 = VECTOR ( 'NONE', #185, 999.9999999999998863 ) ;
#3842 = ORIENTED_EDGE ( 'NONE', *, *, #1327, .F. ) ;
#3843 = LINE ( 'NONE', #3004, #1201 ) ;
#3844 = CARTESIAN_POINT ( 'NONE',  ( -7.806434392881344664, -3.818198702134719902, 8.162997022430968030 ) ) ;
#3845 = EDGE_LOOP ( 'NONE', ( #1914, #1407, #3825, #1098 ) ) ;
#3846 = CARTESIAN_POINT ( 'NONE',  ( 6.349999999999999645, 5.460999999999999410, 9.574999999999999289 ) ) ;
#3847 = EDGE_LOOP ( 'NONE', ( #4023, #3741, #3622, #3229, #2973, #2731 ) ) ;
#3848 = CARTESIAN_POINT ( 'NONE',  ( 0.000000000000000000, -4.725000000000019185, 0.000000000000000000 ) ) ;
#3849 = CARTESIAN_POINT ( 'NONE',  ( -6.349999999999999645, -7.776507174585692163E-16, 5.460999999999999410 ) ) ;
#3850 = CARTESIAN_POINT ( 'NONE',  ( -15.87834796944995119, -1.409482171897889602, 0.1250000000000001943 ) ) ;
#3851 = CARTESIAN_POINT ( 'NONE',  ( 18.89999999999999503, 6.224999999999987210, -0.2381305922246559070 ) ) ;
#3852 = ORIENTED_EDGE ( 'NONE', *, *, #994, .T. ) ;
#3853 = CARTESIAN_POINT ( 'NONE',  ( -10.82575272504501385, -1.221133332879666966, 8.950022166851519856 ) ) ;
#3854 = CARTESIAN_POINT ( 'NONE',  ( -1.233881996548859661, -4.409011222259850094, 6.906610046223641497 ) ) ;
#3855 = LINE ( 'NONE', #1928, #1550 ) ;
#3856 = CALENDAR_DATE ( 2022, 6, 6 ) ;
#3857 = PLANE ( 'NONE',  #2041 ) ;
#3858 = ORIENTED_EDGE ( 'NONE', *, *, #4290, .T. ) ;
#3859 = EDGE_CURVE ( 'NONE', #4220, #4166, #1362, .T. ) ;
#3860 = EDGE_CURVE ( 'NONE', #4730, #4110, #2279, .T. ) ;
#3861 = EDGE_CURVE ( 'NONE', #3374, #4334, #2866, .T. ) ;
#3862 = DIRECTION ( 'NONE',  ( 0.9848077530122084644, 0.1736481776669279165, 0.000000000000000000 ) ) ;
#3863 = ORIENTED_EDGE ( 'NONE', *, *, #910, .F. ) ;
#3864 = CARTESIAN_POINT ( 'NONE',  ( 0.8277448588399523022, 6.272309455848235515, 17.31971984507766038 ) ) ;
#3865 = CARTESIAN_POINT ( 'NONE',  ( -9.485382751754560360, -0.5000000000000023315, 500000.0000000000582 ) ) ;
#3866 = ORIENTED_EDGE ( 'NONE', *, *, #3612, .F. ) ;
#3867 = DIRECTION ( 'NONE',  ( 1.000000000000000000, -1.976513831063859337E-12, 0.000000000000000000 ) ) ;
#3868 = ORIENTED_EDGE ( 'NONE', *, *, #3899, .T. ) ;
#3869 = CARTESIAN_POINT ( 'NONE',  ( -6.349999999999999645, 2.389000000000000234, 9.574999999999999289 ) ) ;
#3870 = FACE_OUTER_BOUND ( 'NONE', #1026, .T. ) ;
#3871 = DIRECTION ( 'NONE',  ( 0.000000000000000000, 0.000000000000000000, -1.000000000000000000 ) ) ;
#3872 = CARTESIAN_POINT ( 'NONE',  ( 18.90000000000000568, 6.225000000000007638, 6.976468134611495842 ) ) ;
#3873 = CARTESIAN_POINT ( 'NONE',  ( -9.434740669813265868, 5.460999999999999410, 13.20000000000000107 ) ) ;
#3874 = CIRCLE ( 'NONE', #4833, 3.174999999999999822 ) ;
#3875 = EDGE_CURVE ( 'NONE', #4460, #255, #4065, .T. ) ;
#3876 = CARTESIAN_POINT ( 'NONE',  ( -13.31631431124441534, -0.01552846682672433601, 6.711489137117872872 ) ) ;
#3877 = DIRECTION ( 'NONE',  ( 0.000000000000000000, -0.000000000000000000, 1.000000000000000000 ) ) ;
#3878 = CARTESIAN_POINT ( 'NONE',  ( 8.910500157831741319, -0.4514852619340306572, 5.460999999999999410 ) ) ;
#3879 = CARTESIAN_POINT ( 'NONE',  ( 4.530873430013881986, 2.389000000000000234, 15.24094539932886860 ) ) ;
#3880 = ORIENTED_EDGE ( 'NONE', *, *, #1379, .F. ) ;
#3881 = CARTESIAN_POINT ( 'NONE',  ( -9.146863876752757250, 0.8890000000000000124, 7.238999999999999879 ) ) ;
#3882 = LINE ( 'NONE', #1641, #144 ) ;
#3883 = VERTEX_POINT ( 'NONE', #2167 ) ;
#3884 = CARTESIAN_POINT ( 'NONE',  ( 15.72580228600416241, -2.685133562602979307, 2.950585012414202790 ) ) ;
#3885 = CARTESIAN_POINT ( 'NONE',  ( -13.54427505090458261, 0.2392958047244490016, 6.823267796634042703 ) ) ;
#3886 = VERTEX_POINT ( 'NONE', #312 ) ;
#3887 = ORIENTED_EDGE ( 'NONE', *, *, #883, .F. ) ;
#3888 = DIRECTION ( 'NONE',  ( -0.000000000000000000, -1.000000000000000000, -0.000000000000000000 ) ) ;
#3889 = ORIENTED_EDGE ( 'NONE', *, *, #3357, .T. ) ;
#3890 = ADVANCED_FACE ( 'NONE', ( #3691 ), #1810, .T. ) ;
#3891 = EDGE_CURVE ( 'NONE', #2945, #2319, #173, .T. ) ;
#3892 = CARTESIAN_POINT ( 'NONE',  ( 6.349999999999999645, 0.000000000000000000, 0.8890000000000000124 ) ) ;
#3893 = CARTESIAN_POINT ( 'NONE',  ( 15.27372665516670835, 0.4999999999999988343, 2.868617447307997281 ) ) ;
#3894 = FACE_OUTER_BOUND ( 'NONE', #2819, .T. ) ;
#3895 = CARTESIAN_POINT ( 'NONE',  ( -4.234475719433409502, -2.600000000000000533, 12.76612912850291792 ) ) ;
#3896 = DIRECTION ( 'NONE',  ( -1.000000000000000000, -6.133173666733484720E-16, -0.000000000000000000 ) ) ;
#3897 = LINE ( 'NONE', #3143, #339 ) ;
#3898 = CARTESIAN_POINT ( 'NONE',  ( -14.68409531619915498, -0.4999999999929055083, 3.434081403660592446 ) ) ;
#3899 = EDGE_CURVE ( 'NONE', #2670, #1467, #869, .T. ) ;
#3900 = CYLINDRICAL_SURFACE ( 'NONE', #379, 2.099999999999999645 ) ;
#3901 = CC_DESIGN_APPROVAL ( #4420, ( #2141 ) ) ;
#3902 = LINE ( 'NONE', #539, #4732 ) ;
#3903 = EDGE_LOOP ( 'NONE', ( #1020, #3316, #1246, #4653 ) ) ;
#3904 = CARTESIAN_POINT ( 'NONE',  ( -14.63548530951985072, -0.4999999999923063765, 3.523505741499551647 ) ) ;
#3905 = CARTESIAN_POINT ( 'NONE',  ( -3.214617248245438930, -0.4999999999999997780, 500000.0000000000582 ) ) ;
#3906 = B_SPLINE_CURVE_WITH_KNOTS ( 'NONE', 3,
 ( #1664, #4680, #3175, #3937 ),
 .UNSPECIFIED., .F., .F.,
 ( 4, 4 ),
 ( 0.000000000000000000, 0.0002118101913475612969 ),
 .UNSPECIFIED. ) ;
#3907 = ORIENTED_EDGE ( 'NONE', *, *, #1481, .F. ) ;
#3908 = AXIS2_PLACEMENT_3D ( 'NONE', #1099, #4117, #739 ) ;
#3909 = ORIENTED_EDGE ( 'NONE', *, *, #550, .T. ) ;
#3910 = FACE_OUTER_BOUND ( 'NONE', #1440, .T. ) ;
#3911 = DIRECTION ( 'NONE',  ( 0.1736481776669336896, 0.9848077530122073542, 0.000000000000000000 ) ) ;
#3912 = ORIENTED_EDGE ( 'NONE', *, *, #370, .F. ) ;
#3913 = ORIENTED_EDGE ( 'NONE', *, *, #469, .T. ) ;
#3914 = AXIS2_PLACEMENT_3D ( 'NONE', #4137, #1809, #3690 ) ;
#3915 = VECTOR ( 'NONE', #924, 1000.000000000000000 ) ;
#3916 = CARTESIAN_POINT ( 'NONE',  ( -3.581378063306012383, -4.725000000000012967, 5.978798131780561853 ) ) ;
#3917 = ORIENTED_EDGE ( 'NONE', *, *, #938, .T. ) ;
#3918 = VERTEX_POINT ( 'NONE', #22 ) ;
#3919 = VECTOR ( 'NONE', #1653, 1000.000000000000000 ) ;
#3920 = LINE ( 'NONE', #937, #807 ) ;
#3921 = ADVANCED_FACE ( 'NONE', ( #1585 ), #2318, .T. ) ;
#3922 = LINE ( 'NONE', #1625, #740 ) ;
#3923 = EDGE_CURVE ( 'NONE', #3059, #324, #4574, .T. ) ;
#3924 = EDGE_CURVE ( 'NONE', #454, #255, #4020, .T. ) ;
#3925 = CARTESIAN_POINT ( 'NONE',  ( 16.41435353722905077, 3.081749338602232768, 1.739362505736281372 ) ) ;
#3926 = VERTEX_POINT ( 'NONE', #4599 ) ;
#3927 = CARTESIAN_POINT ( 'NONE',  ( -6.350000000000000533, -2.600000000000000533, 12.68034626157287370 ) ) ;
#3928 = CARTESIAN_POINT ( 'NONE',  ( 4.883333333333298221, -6.225000000000003197, 6.224999999999999645 ) ) ;
#3929 = ORIENTED_EDGE ( 'NONE', *, *, #4348, .T. ) ;
#3930 = LINE ( 'NONE', #559, #28 ) ;
#3931 = CARTESIAN_POINT ( 'NONE',  ( -9.846877227506075414, 4.858972989617041272, 16.33489900822268126 ) ) ;
#3932 = B_SPLINE_CURVE_WITH_KNOTS ( 'NONE', 3,
 ( #1754, #3245, #3342, #2215 ),
 .UNSPECIFIED., .F., .F.,
 ( 4, 4 ),
 ( 0.000000000000000000, 0.003919040362345404052 ),
 .UNSPECIFIED. ) ;
#3933 = FACE_OUTER_BOUND ( 'NONE', #829, .T. ) ;
#3934 = PLANE ( 'NONE',  #3481 ) ;
#3935 = ORIENTED_EDGE ( 'NONE', *, *, #2269, .T. ) ;
#3936 = ORIENTED_EDGE ( 'NONE', *, *, #4770, .T. ) ;
#3937 = CARTESIAN_POINT ( 'NONE',  ( 9.917372312434578063, -0.4999999999993000599, 11.50682726845495196 ) ) ;
#3938 = ORIENTED_EDGE ( 'NONE', *, *, #3111, .T. ) ;
#3939 = DIRECTION ( 'NONE',  ( 1.000000000000000000, 0.000000000000000000, 0.000000000000000000 ) ) ;
#3940 = PLANE ( 'NONE',  #596 ) ;
#3941 = ORIENTED_EDGE ( 'NONE', *, *, #2508, .F. ) ;
#3942 = ORIENTED_EDGE ( 'NONE', *, *, #3418, .F. ) ;
#3943 = ADVANCED_FACE ( 'NONE', ( #3812 ), #4029, .T. ) ;
#3944 = CARTESIAN_POINT ( 'NONE',  ( 9.485382751754562136, -0.4999999999999998890, 3.960999999999999410 ) ) ;
#3945 = ADVANCED_FACE ( 'NONE', ( #4165 ), #394, .T. ) ;
#3946 = CARTESIAN_POINT ( 'NONE',  ( -85496.03231494898500, -484923.0791600152152, 13.19999999977285121 ) ) ;
#3947 = FACE_OUTER_BOUND ( 'NONE', #3098, .T. ) ;
#3948 = CARTESIAN_POINT ( 'NONE',  ( 14.40868889581464352, -1.026659228594403395, 1.113904419875998641 ) ) ;
#3949 = LINE ( 'NONE', #962, #4162 ) ;
#3950 = CARTESIAN_POINT ( 'NONE',  ( 6.349999999999999645, 0.000000000000000000, 5.460999999999999410 ) ) ;
#3951 = CARTESIAN_POINT ( 'NONE',  ( 7.742331564031752933, -3.328883899642324007, 8.983450523147046951 ) ) ;
#3952 = CARTESIAN_POINT ( 'NONE',  ( -9.895307910843950339, -0.6251334396009391448, 3.960999999999999410 ) ) ;
#3953 = AXIS2_PLACEMENT_3D ( 'NONE', #2474, #2783, #4689 ) ;
#3954 = ADVANCED_FACE ( 'NONE', ( #1563 ), #1882, .T. ) ;
#3955 = EDGE_CURVE ( 'NONE', #2943, #1213, #783, .T. ) ;
#3956 = DIRECTION ( 'NONE',  ( 0.000000000000000000, 0.000000000000000000, 1.000000000000000000 ) ) ;
#3957 = CARTESIAN_POINT ( 'NONE',  ( -11.93811251187093170, 0.5000000000074226181, 9.963878920356306068 ) ) ;
#3958 = ORIENTED_EDGE ( 'NONE', *, *, #4038, .F. ) ;
#3959 = CARTESIAN_POINT ( 'NONE',  ( -8.032782580588705201, -1.987319048692061552, 13.29358253952545255 ) ) ;
#3960 = AXIS2_PLACEMENT_3D ( 'NONE', #1731, #992, #2592 ) ;
#3961 = VERTEX_POINT ( 'NONE', #3022 ) ;
#3962 = DIRECTION ( 'NONE',  ( 1.000000000000000000, 5.724298350144135667E-11, -0.000000000000000000 ) ) ;
#3963 = CARTESIAN_POINT ( 'NONE',  ( 2.332106781186533251, -4.725000000000017408, 3.961000000003878085 ) ) ;
#3964 = ORIENTED_EDGE ( 'NONE', *, *, #1657, .T. ) ;
#3965 = ORIENTED_EDGE ( 'NONE', *, *, #2285, .F. ) ;
#3966 = CARTESIAN_POINT ( 'NONE',  ( -15.30859671719037784, 0.5000000000087369001, 3.768366067042117962 ) ) ;
#3967 = APPROVAL ( #3425, 'UNSPECIFIED' ) ;
#3968 = DIRECTION ( 'NONE',  ( -0.1736481776669351607, -0.9848077530122071321, -4.613012806105467743E-16 ) ) ;
#3969 = CARTESIAN_POINT ( 'NONE',  ( -0.9178932188134525383, 4.725000000000001421, 3.961000000003878085 ) ) ;
#3970 = LINE ( 'NONE', #598, #501 ) ;
#3971 = CARTESIAN_POINT ( 'NONE',  ( 2.301403522984487360, -4.732096226191247368, 5.959443615907856540 ) ) ;
#3972 = DIRECTION ( 'NONE',  ( 0.000000000000000000, 0.000000000000000000, -1.000000000000000000 ) ) ;
#3973 = B_SPLINE_CURVE_WITH_KNOTS ( 'NONE', 3,
 ( #253, #4797, #1013, #1405, #2908, #3338, #1038, #2933, #2538, #4057 ),
 .UNSPECIFIED., .F., .F.,
 ( 4, 2, 2, 2, 4 ),
 ( 0.0001385185283657382779, 0.002831050843852972194, 0.005523583159340208874, 0.008216115474827445989, 0.01090864779031468224 ),
 .UNSPECIFIED. ) ;
#3974 = CARTESIAN_POINT ( 'NONE',  ( -18.89999999999999503, 6.224999999999987210, -0.2016436172247473568 ) ) ;
#3975 = CARTESIAN_POINT ( 'NONE',  ( -11.84935892980548111, -4.725000000000019185, 0.5699408020437450872 ) ) ;
#3976 = CIRCLE ( 'NONE', #3353, 2.099999999999997868 ) ;
#3977 = CARTESIAN_POINT ( 'NONE',  ( 1.596106781186545476, -500000.0000000000582, 7.238999999999999879 ) ) ;
#3978 = ORIENTED_EDGE ( 'NONE', *, *, #2616, .F. ) ;
#3979 = DIRECTION ( 'NONE',  ( 0.7071067811865474617, 0.7071067811865476838, 0.000000000000000000 ) ) ;
#3980 = EDGE_CURVE ( 'NONE', #934, #68, #229, .T. ) ;
#3981 = EDGE_CURVE ( 'NONE', #3744, #3053, #3077, .T. ) ;
#3982 = EDGE_CURVE ( 'NONE', #2030, #435, #1044, .T. ) ;
#3983 = B_SPLINE_SURFACE_WITH_KNOTS ( 'NONE', 3, 3, ( 
 ( #4747, #3171, #4332, #278 ),
 ( #947, #1728, #3637, #2089 ),
 ( #561, #1752, #257, #3267 ),
 ( #1333, #2048, #2137, #3570 ) ),
 .UNSPECIFIED., .F., .F., .F.,
 ( 4, 4 ),
 ( 4, 4 ),
 ( 0.1237569305358970917, 0.2587245258358097932 ),
 ( 0.05134879734767541087, 0.08282999959729883677 ),
 .UNSPECIFIED. ) ;
#3984 = ORIENTED_EDGE ( 'NONE', *, *, #956, .F. ) ;
#3985 = CARTESIAN_POINT ( 'NONE',  ( 3.121759658452662123, 2.361996072699136917, 15.26804402649249681 ) ) ;
#3986 = CARTESIAN_POINT ( 'NONE',  ( -16.65449172311207349, 3.470396931124763551, 5.161939576032796850 ) ) ;
#3987 = ORIENTED_EDGE ( 'NONE', *, *, #4673, .F. ) ;
#3988 = ORIENTED_EDGE ( 'NONE', *, *, #2635, .T. ) ;
#3989 = DIRECTION ( 'NONE',  ( 0.000000000000000000, 0.000000000000000000, 1.000000000000000000 ) ) ;
#3990 = CIRCLE ( 'NONE', #1304, 2.099999999999999645 ) ;
#3991 = CIRCLE ( 'NONE', #2879, 3.124999999999999112 ) ;
#3992 = CARTESIAN_POINT ( 'NONE',  ( 10.83868078663615897, 4.724999999999724309, 16.10895987185763900 ) ) ;
#3993 = VECTOR ( 'NONE', #1696, 999.9999999999998863 ) ;
#3994 = CARTESIAN_POINT ( 'NONE',  ( 0.08478655296997224255, 6.224999999999993427, 18.89999999999999503 ) ) ;
#3995 = CARTESIAN_POINT ( 'NONE',  ( 13.29715086454707951, -1.705000007448188581, 3.997484354231440218 ) ) ;
#3996 = VECTOR ( 'NONE', #1684, 1000.000000000000000 ) ;
#3997 = CARTESIAN_POINT ( 'NONE',  ( 4.458399130178825942, -3.212697846144411784, 9.276549436672420157 ) ) ;
#3998 = DIRECTION ( 'NONE',  ( 0.000000000000000000, 0.000000000000000000, -1.000000000000000000 ) ) ;
#3999 = CARTESIAN_POINT ( 'NONE',  ( -8.439156965713689118, 2.389000000000000234, 15.02401552761808645 ) ) ;
#4000 = CARTESIAN_POINT ( 'NONE',  ( 9.895307910843948562, -0.6251334396009653460, 11.33531618317421064 ) ) ;
#4001 = CARTESIAN_POINT ( 'NONE',  ( 4.486502985212286632, 2.570603795974262695, 0.8890000000000000124 ) ) ;
#4002 = PLANE ( 'NONE',  #538 ) ;
#4003 = ADVANCED_FACE ( 'NONE', ( #873 ), #3934, .F. ) ;
#4004 = ORIENTED_EDGE ( 'NONE', *, *, #4156, .F. ) ;
#4005 = CARTESIAN_POINT ( 'NONE',  ( -4.708814306973406971, 2.364349654785828037, 15.21765598432811473 ) ) ;
#4006 = ORIENTED_EDGE ( 'NONE', *, *, #3165, .T. ) ;
#4007 = EDGE_CURVE ( 'NONE', #2922, #3767, #1921, .T. ) ;
#4008 = EDGE_CURVE ( 'NONE', #3638, #2121, #706, .T. ) ;
#4009 = CARTESIAN_POINT ( 'NONE',  ( -3.058126631685587071, 2.388999999991379575, 15.28476658712797054 ) ) ;
#4010 = CARTESIAN_POINT ( 'NONE',  ( -3.265259330186732090, 2.388999999993757228, 12.20000000000000107 ) ) ;
#4011 = ORIENTED_EDGE ( 'NONE', *, *, #4736, .T. ) ;
#4012 = ORIENTED_EDGE ( 'NONE', *, *, #1145, .T. ) ;
#4013 = LINE ( 'NONE', #570, #1547 ) ;
#4014 = ORIENTED_EDGE ( 'NONE', *, *, #1233, .T. ) ;
#4015 = ADVANCED_FACE ( 'NONE', ( #2769 ), #209, .F. ) ;
#4016 = EDGE_CURVE ( 'NONE', #361, #2727, #3902, .T. ) ;
#4017 = CARTESIAN_POINT ( 'NONE',  ( 0.000000000000000000, 6.224999999999999645, -81.00000000000000000 ) ) ;
#4018 = CARTESIAN_POINT ( 'NONE',  ( 2.794889235064049071, 5.460999999999999410, 16.96221754612194133 ) ) ;
#4019 = CARTESIAN_POINT ( 'NONE',  ( 7.963526704412523749, -3.031406018316808559, 9.596417264519875090 ) ) ;
#4020 = CIRCLE ( 'NONE', #799, 3.175000000000000711 ) ;
#4021 = ORIENTED_EDGE ( 'NONE', *, *, #1885, .T. ) ;
#4022 = CARTESIAN_POINT ( 'NONE',  ( 16.54241547903829357, 3.270126621503128383, 5.137671352669553215 ) ) ;
#4023 = ORIENTED_EDGE ( 'NONE', *, *, #2980, .F. ) ;
#4024 = CARTESIAN_POINT ( 'NONE',  ( -4.486502985212288408, 2.570603795974261363, 0.8890000000000000124 ) ) ;
#4025 = B_SPLINE_CURVE_WITH_KNOTS ( 'NONE', 3,
 ( #2929, #353, #4127, #3334 ),
 .UNSPECIFIED., .F., .F.,
 ( 4, 4 ),
 ( 0.000000000000000000, 0.0003212812948683836461 ),
 .UNSPECIFIED. ) ;
#4026 = CARTESIAN_POINT ( 'NONE',  ( -7.477861205406562739, 3.232874020045822583, 15.61967217694386711 ) ) ;
#4027 = CARTESIAN_POINT ( 'NONE',  ( 15.72580228600416241, -2.685133562602979307, 2.950585012414202790 ) ) ;
#4028 = CARTESIAN_POINT ( 'NONE',  ( -10.09369929314317460, 0.5000000000018144375, 12.77716250444517954 ) ) ;
#4029 = B_SPLINE_SURFACE_WITH_KNOTS ( 'NONE', 3, 3, ( 
 ( #4554, #3789, #2243, #3766 ),
 ( #2669, #4211, #3426, #3477 ),
 ( #1929, #3097, #1187, #1517 ),
 ( #4186, #2694, #75, #3740 ) ),
 .UNSPECIFIED., .F., .F., .F.,
 ( 4, 4 ),
 ( 4, 4 ),
 ( 0.8193798607465117012, 0.9874901000749252145 ),
 ( 0.7479739219012726537, 1.001787090091897037 ),
 .UNSPECIFIED. ) ;
#4030 = VERTEX_POINT ( 'NONE', #585 ) ;
#4031 = EDGE_CURVE ( 'NONE', #1244, #1954, #3694, .T. ) ;
#4032 = VECTOR ( 'NONE', #2181, 1000.000000000000114 ) ;
#4033 = CARTESIAN_POINT ( 'NONE',  ( 6.349999999999999645, 0.8890000000000000124, 12.69999999999999929 ) ) ;
#4034 = ORIENTED_EDGE ( 'NONE', *, *, #3377, .F. ) ;
#4035 = DIRECTION ( 'NONE',  ( 1.000000000000000000, 0.000000000000000000, -0.000000000000000000 ) ) ;
#4036 = CARTESIAN_POINT ( 'NONE',  ( -14.84102462249315479, -0.2216281902679211047, 1.252374616213571379 ) ) ;
#4037 = CIRCLE ( 'NONE', #1036, 49.50000000000000000 ) ;
#4038 = EDGE_CURVE ( 'NONE', #4239, #2482, #4309, .T. ) ;
#4039 = ORIENTED_EDGE ( 'NONE', *, *, #2924, .T. ) ;
#4040 = CARTESIAN_POINT ( 'NONE',  ( 13.90592542939480225, -1.791010380199952845, 0.1250000000000007216 ) ) ;
#4041 = DIRECTION ( 'NONE',  ( -1.000000000000000000, 0.000000000000000000, -2.656333388193093977E-16 ) ) ;
#4042 = ORIENTED_EDGE ( 'NONE', *, *, #3859, .F. ) ;
#4043 = CARTESIAN_POINT ( 'NONE',  ( 9.434740669813271197, 2.521630422773816438, 12.19999999999999929 ) ) ;
#4044 = ORIENTED_EDGE ( 'NONE', *, *, #2462, .T. ) ;
#4045 = AXIS2_PLACEMENT_3D ( 'NONE', #1028, #3255, #3305 ) ;
#4046 = CARTESIAN_POINT ( 'NONE',  ( -6.349999999999999645, 5.460999999999999410, 12.70000000000000107 ) ) ;
#4047 = B_SPLINE_CURVE_WITH_KNOTS ( 'NONE', 3,
 ( #1857, #687, #713, #1489 ),
 .UNSPECIFIED., .F., .F.,
 ( 4, 4 ),
 ( 1.626303258728256651E-19, 0.001714044887416687297 ),
 .UNSPECIFIED. ) ;
#4048 = CARTESIAN_POINT ( 'NONE',  ( -1.216652099116860134E-15, -4.282565963329619585, 12.16201795082880999 ) ) ;
#4049 = CARTESIAN_POINT ( 'NONE',  ( 12.61860701441020005, -3.690420126093815867, 0.06354392937292514809 ) ) ;
#4050 = ADVANCED_FACE ( 'NONE', ( #4238, #849, #2339 ), #3857, .T. ) ;
#4051 = EDGE_CURVE ( 'NONE', #2632, #2943, #2536, .T. ) ;
#4052 = CARTESIAN_POINT ( 'NONE',  ( 0.9178932188134356629, -4.725000000000018296, 500000.0000000000582 ) ) ;
#4053 = DIRECTION ( 'NONE',  ( -0.000000000000000000, 1.000000000000000000, -0.000000000000000000 ) ) ;
#4054 = DIRECTION ( 'NONE',  ( 0.000000000000000000, -0.000000000000000000, -1.000000000000000000 ) ) ;
#4055 = DIRECTION ( 'NONE',  ( -0.000000000000000000, -1.000000000000000000, -0.000000000000000000 ) ) ;
#4056 = DIRECTION ( 'NONE',  ( -0.000000000000000000, 1.000000000000000000, -0.000000000000000000 ) ) ;
#4057 = CARTESIAN_POINT ( 'NONE',  ( -11.83730915039520859, -4.725000000000016520, 0.1250000000000052736 ) ) ;
#4058 = CARTESIAN_POINT ( 'NONE',  ( -6.349999999999999645, 5.460999999999999410, 12.70000000000000107 ) ) ;
#4059 = CARTESIAN_POINT ( 'NONE',  ( -1.859947114365296805, -4.730610704310714176, 5.964105459453896252 ) ) ;
#4060 = ORIENTED_EDGE ( 'NONE', *, *, #1492, .F. ) ;
#4061 = CARTESIAN_POINT ( 'NONE',  ( 9.434740669813264091, -500000.0000000000582, 13.19999999999999929 ) ) ;
#4062 = CARTESIAN_POINT ( 'NONE',  ( -16.44562306062227464, 3.053729361676483123, 3.437574422582351463 ) ) ;
#4063 = AXIS2_PLACEMENT_3D ( 'NONE', #2880, #4449, #2110 ) ;
#4064 = DIRECTION ( 'NONE',  ( -1.000000000000000000, 0.000000000000000000, 0.000000000000000000 ) ) ;
#4065 = LINE ( 'NONE', #3345, #2676 ) ;
#4066 = ORIENTED_EDGE ( 'NONE', *, *, #4673, .T. ) ;
#4067 = CARTESIAN_POINT ( 'NONE',  ( 15.35336903076951920, 0.4817528477448127511, 3.654151847954713705 ) ) ;
#4068 = ORIENTED_EDGE ( 'NONE', *, *, #433, .T. ) ;
#4069 = ORIENTED_EDGE ( 'NONE', *, *, #2764, .F. ) ;
#4070 = CARTESIAN_POINT ( 'NONE',  ( 8.470304081018818820, 6.224999999999999645, 18.63043358394457627 ) ) ;
#4071 = AXIS2_PLACEMENT_3D ( 'NONE', #3673, #3306, #2873 ) ;
#4072 = LINE ( 'NONE', #3210, #1932 ) ;
#4073 = CARTESIAN_POINT ( 'NONE',  ( 9.943437535725214715, -2.823082465521885798, 7.146903516729208761 ) ) ;
#4074 = CARTESIAN_POINT ( 'NONE',  ( 10.72895345683490298, 3.394811731851040015, 15.45889923529288623 ) ) ;
#4075 = ORIENTED_EDGE ( 'NONE', *, *, #2112, .F. ) ;
#4076 = DIRECTION ( 'NONE',  ( -0.1736481776669342170, -0.9848077530122073542, -0.000000000000000000 ) ) ;
#4077 = EDGE_CURVE ( 'NONE', #4372, #3701, #2610, .T. ) ;
#4078 = ADVANCED_FACE ( 'NONE', ( #302 ), #4421, .T. ) ;
#4079 = EDGE_CURVE ( 'NONE', #837, #2799, #3311, .T. ) ;
#4080 = DIRECTION ( 'NONE',  ( 0.000000000000000000, 1.000000000000000000, 0.000000000000000000 ) ) ;
#4081 = CARTESIAN_POINT ( 'NONE',  ( -4.652928779237310408, 2.525654787345729790, 15.32832788650854461 ) ) ;
#4082 = VECTOR ( 'NONE', #4751, 1000.000000000000000 ) ;
#4083 = CARTESIAN_POINT ( 'NONE',  ( -9.087395206746112564, 2.388999999999999790, 14.97435304578867310 ) ) ;
#4084 = PLANE ( 'NONE',  #2487 ) ;
#4085 = AXIS2_PLACEMENT_3D ( 'NONE', #4033, #2817, #3219 ) ;
#4086 = CARTESIAN_POINT ( 'NONE',  ( -8.910500157831743095, -0.4514852619340096185, 14.71813171206326842 ) ) ;
#4087 = EDGE_CURVE ( 'NONE', #1071, #1190, #4705, .T. ) ;
#4088 = AXIS2_PLACEMENT_3D ( 'NONE', #2736, #1534, #1946 ) ;
#4089 = ORIENTED_EDGE ( 'NONE', *, *, #583, .T. ) ;
#4090 = DIRECTION ( 'NONE',  ( 0.000000000000000000, 0.000000000000000000, 1.000000000000000000 ) ) ;
#4091 = CARTESIAN_POINT ( 'NONE',  ( -13.49221110193343875, -2.602113882306889447, 2.421537215616398342 ) ) ;
#4092 = DIRECTION ( 'NONE',  ( 1.000000000000000000, 0.000000000000000000, 0.000000000000000000 ) ) ;
#4093 = CARTESIAN_POINT ( 'NONE',  ( 0.4999999999999997780, -2.764972006980717545, 5.460999999999999410 ) ) ;
#4094 = ORIENTED_EDGE ( 'NONE', *, *, #4252, .F. ) ;
#4095 = CARTESIAN_POINT ( 'NONE',  ( -7.961470219896429334, -3.219186811973940188, 9.159826742124954180 ) ) ;
#4096 = ORIENTED_EDGE ( 'NONE', *, *, #731, .F. ) ;
#4097 = EDGE_LOOP ( 'NONE', ( #1930, #1217, #210, #523, #2885, #4119, #1900 ) ) ;
#4098 = EDGE_CURVE ( 'NONE', #2842, #2121, #2156, .T. ) ;
#4099 = DIRECTION ( 'NONE',  ( 0.7071067811865475727, -0.000000000000000000, 0.7071067811865475727 ) ) ;
#4100 = DIRECTION ( 'NONE',  ( -1.000000000000000000, 0.000000000000000000, 0.000000000000000000 ) ) ;
#4101 = CARTESIAN_POINT ( 'NONE',  ( 12.94036242237297252, -3.337477508004228710, 1.378180780744117984 ) ) ;
#4102 = B_SPLINE_CURVE_WITH_KNOTS ( 'NONE', 3,
 ( #1520, #367, #2550, #2974, #3001, #1120, #1072 ),
 .UNSPECIFIED., .F., .F.,
 ( 4, 3, 4 ),
 ( 1.301042606982605321E-18, 0.0004276124201212976256, 0.0007301788834940137890 ),
 .UNSPECIFIED. ) ;
#4103 = CARTESIAN_POINT ( 'NONE',  ( 6.349999999999999645, 0.8890000000000000124, 14.79999999999999716 ) ) ;
#4104 = CARTESIAN_POINT ( 'NONE',  ( 6.349999999999999645, 5.460999999999999410, 12.69999999999999929 ) ) ;
#4105 = LINE ( 'NONE', #2207, #4503 ) ;
#4106 = CARTESIAN_POINT ( 'NONE',  ( -0.05878566802820335557, -4.282916931982027720, 12.16088874673805620 ) ) ;
#4107 = CARTESIAN_POINT ( 'NONE',  ( 9.859092746302748012, -0.8305198438008339901, 11.05138390479465471 ) ) ;
#4108 = CARTESIAN_POINT ( 'NONE',  ( -18.90000000000000568, 6.225000000000004974, 6.976468134611494953 ) ) ;
#4109 = DIRECTION ( 'NONE',  ( 0.000000000000000000, 0.000000000000000000, -1.000000000000000000 ) ) ;
#4110 = VERTEX_POINT ( 'NONE', #1797 ) ;
#4111 = DIRECTION ( 'NONE',  ( 0.000000000000000000, 0.000000000000000000, 1.000000000000000000 ) ) ;
#4112 = CARTESIAN_POINT ( 'NONE',  ( -6.349999999999999645, 5.460999999999999410, 12.70000000000000107 ) ) ;
#4113 = EDGE_CURVE ( 'NONE', #2050, #909, #2560, .T. ) ;
#4114 = EDGE_CURVE ( 'NONE', #1008, #2943, #702, .T. ) ;
#4115 = CARTESIAN_POINT ( 'NONE',  ( 3.779396204025739170, 1.863497014787716344, 500000.0000000000582 ) ) ;
#4116 = ORIENTED_EDGE ( 'NONE', *, *, #2577, .F. ) ;
#4117 = DIRECTION ( 'NONE',  ( 2.656528198587550197E-15, -0.000000000000000000, 1.000000000000000000 ) ) ;
#4118 = ORIENTED_EDGE ( 'NONE', *, *, #2678, .T. ) ;
#4119 = ORIENTED_EDGE ( 'NONE', *, *, #2255, .F. ) ;
#4120 = VECTOR ( 'NONE', #380, 1000.000000000000000 ) ;
#4121 = CARTESIAN_POINT ( 'NONE',  ( 6.349999999999999645, 0.000000000000000000, 0.8890000000000000124 ) ) ;
#4122 = CARTESIAN_POINT ( 'NONE',  ( 10.09369929314292413, 0.5000000000000000000, 500000.0000000000582 ) ) ;
#4123 = LINE ( 'NONE', #4193, #761 ) ;
#4124 = CARTESIAN_POINT ( 'NONE',  ( 9.933018117899683475, -4.207039445426626223, 4.184988781858865359 ) ) ;
#4125 = EDGE_CURVE ( 'NONE', #1172, #2291, #4105, .T. ) ;
#4126 = AXIS2_PLACEMENT_3D ( 'NONE', #3644, #714, #3621 ) ;
#4127 = CARTESIAN_POINT ( 'NONE',  ( 15.25966214232227003, 0.4999999999999991673, 3.863626157826860474 ) ) ;
#4128 = CARTESIAN_POINT ( 'NONE',  ( -15.72580228600416241, -2.685133562602979307, 2.950585012414202790 ) ) ;
#4129 = AXIS2_PLACEMENT_3D ( 'NONE', #3849, #3559, #135 ) ;
#4130 = CARTESIAN_POINT ( 'NONE',  ( -0.02441666666666495247, -6.225000000000004974, 6.224999999999988098 ) ) ;
#4131 = FACE_OUTER_BOUND ( 'NONE', #1665, .T. ) ;
#4132 = CARTESIAN_POINT ( 'NONE',  ( 7.872666832034063417E-16, -6.225000000000000533, 6.224999999999995204 ) ) ;
#4133 = CARTESIAN_POINT ( 'NONE',  ( 14.69473107242661847, -0.4999999999922577487, 1.319341674178508450 ) ) ;
#4134 = ORIENTED_EDGE ( 'NONE', *, *, #2609, .T. ) ;
#4135 = CARTESIAN_POINT ( 'NONE',  ( -1.663587258019255444, 4.877374068069044277, 16.79055543882704526 ) ) ;
#4136 = CARTESIAN_POINT ( 'NONE',  ( -8.270411226053274945, -3.050039368542893925, 9.109481140702575530 ) ) ;
#4137 = CARTESIAN_POINT ( 'NONE',  ( -2.332106781186547906, 4.725000000000001421, 500000.0000000000582 ) ) ;
#4138 = CARTESIAN_POINT ( 'NONE',  ( 8.863044169617129597, -0.7206215451275319595, 14.48905430019522100 ) ) ;
#4139 = ORIENTED_EDGE ( 'NONE', *, *, #893, .T. ) ;
#4140 = EDGE_CURVE ( 'NONE', #103, #1134, #4867, .T. ) ;
#4141 = EDGE_CURVE ( 'NONE', #2848, #2425, #3564, .T. ) ;
#4142 = VECTOR ( 'NONE', #4591, 1000.000000000000000 ) ;
#4143 = CARTESIAN_POINT ( 'NONE',  ( 9.236585912805555409, -0.3323751408009403274, 12.81174090583954772 ) ) ;
#4144 = ORIENTED_EDGE ( 'NONE', *, *, #216, .T. ) ;
#4145 = FACE_OUTER_BOUND ( 'NONE', #1558, .T. ) ;
#4146 = ORIENTED_EDGE ( 'NONE', *, *, #3568, .T. ) ;
#4147 = DIRECTION ( 'NONE',  ( 0.000000000000000000, 0.000000000000000000, -1.000000000000000000 ) ) ;
#4148 = CARTESIAN_POINT ( 'NONE',  ( 11.81412436668080446, -4.968642399023946332, 0.5247373823392574854 ) ) ;
#4149 = CARTESIAN_POINT ( 'NONE',  ( -10.83868078663616252, 4.724999999999998757, 16.10895987185777400 ) ) ;
#4150 = CARTESIAN_POINT ( 'NONE',  ( 1.052538334160380451, 6.271901933131786677, 17.31761641625379156 ) ) ;
#4151 = VECTOR ( 'NONE', #1078, 1000.000000000000000 ) ;
#4152 = CARTESIAN_POINT ( 'NONE',  ( -12.55000000000000782, -6.224999999999988987, 1.000000000000004885 ) ) ;
#4153 = CARTESIAN_POINT ( 'NONE',  ( -1.235614271348064407E-13, 4.856357651932595054, 16.78555706704242567 ) ) ;
#4154 = CARTESIAN_POINT ( 'NONE',  ( 12.54999999999999183, -6.225000000000003197, 0.1250000000000000000 ) ) ;
#4155 = LINE ( 'NONE', #779, #3132 ) ;
#4156 = EDGE_CURVE ( 'NONE', #2591, #2056, #2958, .T. ) ;
#4157 = AXIS2_PLACEMENT_3D ( 'NONE', #240, #999, #3939 ) ;
#4158 = EDGE_LOOP ( 'NONE', ( #3446, #4544, #52, #1533 ) ) ;
#4159 = AXIS2_PLACEMENT_3D ( 'NONE', #4630, #3548, #2003 ) ;
#4160 = CARTESIAN_POINT ( 'NONE',  ( -8.214938532722795728, -4.263777603735703359, 6.236922530718905122 ) ) ;
#4161 = DIRECTION ( 'NONE',  ( 0.000000000000000000, 0.000000000000000000, -1.000000000000000000 ) ) ;
#4162 = VECTOR ( 'NONE', #623, 1000.000000000000000 ) ;
#4163 = B_SPLINE_CURVE_WITH_KNOTS ( 'NONE', 3,
 ( #3768, #1884, #396, #1146 ),
 .UNSPECIFIED., .F., .F.,
 ( 4, 4 ),
 ( 0.006244856371614810123, 0.007162749441553706298 ),
 .UNSPECIFIED. ) ;
#4164 = DIRECTION ( 'NONE',  ( 0.000000000000000000, 0.000000000000000000, 1.000000000000000000 ) ) ;
#4165 = FACE_OUTER_BOUND ( 'NONE', #1158, .T. ) ;
#4166 = VERTEX_POINT ( 'NONE', #510 ) ;
#4167 = CARTESIAN_POINT ( 'NONE',  ( 12.33578649674571359, 4.725000000000003197, 14.46333096311551358 ) ) ;
#4168 = ORIENTED_EDGE ( 'NONE', *, *, #1760, .T. ) ;
#4169 = ORIENTED_EDGE ( 'NONE', *, *, #2953, .F. ) ;
#4170 = LINE ( 'NONE', #4507, #3104 ) ;
#4171 = DIRECTION ( 'NONE',  ( 1.000000000000000000, 0.000000000000000000, -0.000000000000000000 ) ) ;
#4172 = DIRECTION ( 'NONE',  ( -0.7071067811863958052, 0.000000000000000000, 0.7071067811866993402 ) ) ;
#4173 = CARTESIAN_POINT ( 'NONE',  ( 9.507740621155049254, -3.575917264187815636, 6.212983321255505231 ) ) ;
#4174 = ADVANCED_FACE ( 'NONE', ( #1661 ), #826, .T. ) ;
#4175 = CARTESIAN_POINT ( 'NONE',  ( -11.59751692609973439, -0.4999999999958263941, 8.911354654970992328 ) ) ;
#4176 = ORIENTED_EDGE ( 'NONE', *, *, #3627, .F. ) ;
#4177 = CARTESIAN_POINT ( 'NONE',  ( 6.349999999999999645, 5.460999999999999410, 12.69999999999999929 ) ) ;
#4178 = CARTESIAN_POINT ( 'NONE',  ( -18.89999999999999503, 6.224999999999988987, 0.1250000000000001110 ) ) ;
#4179 = CARTESIAN_POINT ( 'NONE',  ( 18.25479099293606566, 3.967312982679891853, 0.1250000000000001110 ) ) ;
#4180 = VERTEX_POINT ( 'NONE', #2315 ) ;
#4181 = DIRECTION ( 'NONE',  ( 0.000000000000000000, 0.000000000000000000, -1.000000000000000000 ) ) ;
#4182 = ORIENTED_EDGE ( 'NONE', *, *, #235, .T. ) ;
#4183 = CARTESIAN_POINT ( 'NONE',  ( -3.256303618786214216, 3.567996164962398353, 16.08253031478444228 ) ) ;
#4184 = CARTESIAN_POINT ( 'NONE',  ( -1.596106781186545476, 0.8890000000000000124, 7.238999999999999879 ) ) ;
#4185 = APPROVAL_STATUS ( 'not_yet_approved' ) ;
#4186 = CARTESIAN_POINT ( 'NONE',  ( 1.859947114363933673, -4.730610704310713288, 5.964105459453895364 ) ) ;
#4187 = EDGE_LOOP ( 'NONE', ( #4505, #3082, #2123, #2295 ) ) ;
#4188 = PLANE ( 'NONE',  #3756 ) ;
#4189 = ADVANCED_FACE ( 'NONE', ( #1976 ), #3900, .F. ) ;
#4190 = ORIENTED_EDGE ( 'NONE', *, *, #3551, .T. ) ;
#4191 = CARTESIAN_POINT ( 'NONE',  ( -8.450000000000001066, -5.204748896376249713E-16, 0.8890000000000000124 ) ) ;
#4192 = CARTESIAN_POINT ( 'NONE',  ( -10.80833333333330870, -6.224999999999998757, 2.741666666666668473 ) ) ;
#4193 = CARTESIAN_POINT ( 'NONE',  ( -3.265259330186732090, -500000.0000000000582, 13.20000000000000284 ) ) ;
#4194 = ORIENTED_EDGE ( 'NONE', *, *, #543, .T. ) ;
#4195 = AXIS2_PLACEMENT_3D ( 'NONE', #3892, #3606, #180 ) ;
#4196 = DIRECTION ( 'NONE',  ( -0.000000000000000000, -0.000000000000000000, -1.000000000000000000 ) ) ;
#4197 = ORIENTED_EDGE ( 'NONE', *, *, #3419, .T. ) ;
#4198 = VECTOR ( 'NONE', #2157, 1000.000000000000000 ) ;
#4199 = EDGE_CURVE ( 'NONE', #476, #4384, #1950, .T. ) ;
#4200 = CARTESIAN_POINT ( 'NONE',  ( -0.04883333333333142456, -6.225000000000004974, 6.224999999999988098 ) ) ;
#4201 = ADVANCED_FACE ( 'NONE', ( #4484, #871, #122, #4597 ), #2692, .T. ) ;
#4202 = FACE_OUTER_BOUND ( 'NONE', #4097, .T. ) ;
#4203 = AXIS2_PLACEMENT_3D ( 'NONE', #356, #4055, #1425 ) ;
#4204 = B_SPLINE_CURVE_WITH_KNOTS ( 'NONE', 3,
 ( #333, #3317, #1827, #4873 ),
 .UNSPECIFIED., .F., .F.,
 ( 4, 4 ),
 ( 0.0001184856930446780441, 0.0004397964080454557704 ),
 .UNSPECIFIED. ) ;
#4205 = CARTESIAN_POINT ( 'NONE',  ( 17.72351197751378749, 1.659195705906445273, -0.08534438153779046188 ) ) ;
#4206 = EDGE_LOOP ( 'NONE', ( #4069, #1920, #3035, #1595, #3503 ) ) ;
#4207 = CARTESIAN_POINT ( 'NONE',  ( -0.1489606025376160325, 3.564387669179649443, 16.11278948358969743 ) ) ;
#4208 = LINE ( 'NONE', #4622, #3033 ) ;
#4209 = CARTESIAN_POINT ( 'NONE',  ( 6.349999999999999645, 0.000000000000000000, 0.8890000000000000124 ) ) ;
#4210 = APPROVAL_DATE_TIME ( #4553, #4420 ) ;
#4211 = CARTESIAN_POINT ( 'NONE',  ( 1.321420423258116594, -4.033727565161791873, 7.775173161457582083 ) ) ;
#4212 = VERTEX_POINT ( 'NONE', #3476 ) ;
#4213 = LINE ( 'NONE', #102, #4784 ) ;
#4214 = B_SPLINE_CURVE_WITH_KNOTS ( 'NONE', 3,
 ( #3754, #63, #1875, #2262 ),
 .UNSPECIFIED., .F., .F.,
 ( 4, 4 ),
 ( 0.006560147610757079140, 0.009618294305819107340 ),
 .UNSPECIFIED. ) ;
#4215 = EDGE_LOOP ( 'NONE', ( #3887, #2501, #2802, #2194 ) ) ;
#4216 = ORIENTED_EDGE ( 'NONE', *, *, #3260, .F. ) ;
#4217 = DIRECTION ( 'NONE',  ( 0.000000000000000000, 0.000000000000000000, 1.000000000000000000 ) ) ;
#4218 = CARTESIAN_POINT ( 'NONE',  ( -4.094962549349409286, -4.331524535636270379, 7.125547554054422861 ) ) ;
#4219 = CARTESIAN_POINT ( 'NONE',  ( -6.349999999999999645, -7.776507174585692163E-16, 0.8890000000000000124 ) ) ;
#4220 = VERTEX_POINT ( 'NONE', #848 ) ;
#4221 = CIRCLE ( 'NONE', #599, 3.600000000000002309 ) ;
#4222 = B_SPLINE_CURVE_WITH_KNOTS ( 'NONE', 3,
 ( #1269, #2896, #1323, #4342 ),
 .UNSPECIFIED., .F., .F.,
 ( 4, 4 ),
 ( 0.001071163767394937068, 0.01116378643514069971 ),
 .UNSPECIFIED. ) ;
#4223 = DIRECTION ( 'NONE',  ( 0.7071067811865480168, -0.7071067811865470176, 0.000000000000000000 ) ) ;
#4224 = CARTESIAN_POINT ( 'NONE',  ( -10.50481292152773349, 3.388400578109994843, 15.47777114321888270 ) ) ;
#4225 = CARTESIAN_POINT ( 'NONE',  ( -2.405590510861158049E-13, 2.388999999999999790, 15.30970072158185502 ) ) ;
#4226 =( GEOMETRIC_REPRESENTATION_CONTEXT ( 3 ) GLOBAL_UNCERTAINTY_ASSIGNED_CONTEXT ( ( #2280 ) ) GLOBAL_UNIT_ASSIGNED_CONTEXT ( ( #4500, #1465, #3765 ) ) REPRESENTATION_CONTEXT ( 'NONE', 'WORKASPACE' ) );
#4227 = ADVANCED_FACE ( 'NONE', ( #1186 ), #372, .T. ) ;
#4228 = EDGE_CURVE ( 'NONE', #2947, #4212, #213, .T. ) ;
#4229 = LINE ( 'NONE', #1579, #3761 ) ;
#4230 = VERTEX_POINT ( 'NONE', #1101 ) ;
#4231 = CARTESIAN_POINT ( 'NONE',  ( -7.113330025359311470, 6.258434962900960130, 17.08307611118811664 ) ) ;
#4232 = DIRECTION ( 'NONE',  ( 0.7071067811865474617, 0.7071067811865474617, -0.000000000000000000 ) ) ;
#4233 = CIRCLE ( 'NONE', #839, 3.174999999999999822 ) ;
#4234 = EDGE_CURVE ( 'NONE', #4612, #2078, #3855, .T. ) ;
#4235 = VECTOR ( 'NONE', #2436, 1000.000000000000000 ) ;
#4236 = DIRECTION ( 'NONE',  ( -1.000000000000000000, -0.000000000000000000, -0.000000000000000000 ) ) ;
#4237 = VECTOR ( 'NONE', #4450, 1000.000000000000000 ) ;
#4238 = FACE_BOUND ( 'NONE', #2867, .T. ) ;
#4239 = VERTEX_POINT ( 'NONE', #1584 ) ;
#4240 = DIRECTION ( 'NONE',  ( 0.000000000000000000, -0.000000000000000000, 1.000000000000000000 ) ) ;
#4241 = VECTOR ( 'NONE', #3038, 1000.000000000000000 ) ;
#4242 = ORIENTED_EDGE ( 'NONE', *, *, #2836, .T. ) ;
#4243 = CARTESIAN_POINT ( 'NONE',  ( 3.256303618785968190, 3.567996164962471628, 16.08253031478450268 ) ) ;
#4244 = DIRECTION ( 'NONE',  ( 0.1736481776669273336, -0.9848077530122086864, 0.000000000000000000 ) ) ;
#4245 = ORIENTED_EDGE ( 'NONE', *, *, #1658, .T. ) ;
#4246 = CARTESIAN_POINT ( 'NONE',  ( -14.67543060060709692, -0.4999999999999982792, 0.8889999999999935731 ) ) ;
#4247 = ORIENTED_EDGE ( 'NONE', *, *, #343, .F. ) ;
#4248 = EDGE_CURVE ( 'NONE', #4460, #3179, #1234, .T. ) ;
#4249 = PLANE ( 'NONE',  #110 ) ;
#4250 = CARTESIAN_POINT ( 'NONE',  ( -6.349999999999999645, -3.600000000000000977, 3.960999999999999410 ) ) ;
#4251 = DIRECTION ( 'NONE',  ( 1.000000000000000000, -3.414809992080329023E-17, 0.000000000000000000 ) ) ;
#4252 = EDGE_CURVE ( 'NONE', #3554, #2275, #4572, .T. ) ;
#4253 = CARTESIAN_POINT ( 'NONE',  ( 1.233881996554994087, -4.409011222258462759, 6.906610046217534382 ) ) ;
#4254 = ORIENTED_EDGE ( 'NONE', *, *, #1092, .T. ) ;
#4255 = CARTESIAN_POINT ( 'NONE',  ( -4.530873430015050829, 2.389000000000000234, 15.24094539932970704 ) ) ;
#4256 = LINE ( 'NONE', #3786, #2077 ) ;
#4257 = DIRECTION ( 'NONE',  ( 1.000000000000000000, 0.000000000000000000, -0.000000000000000000 ) ) ;
#4258 = DIRECTION ( 'NONE',  ( 1.000000000000000000, 0.000000000000000000, 0.000000000000000000 ) ) ;
#4259 = ORIENTED_EDGE ( 'NONE', *, *, #4734, .T. ) ;
#4260 = LINE ( 'NONE', #1640, #4712 ) ;
#4261 = EDGE_CURVE ( 'NONE', #3578, #3384, #1608, .T. ) ;
#4262 = FACE_OUTER_BOUND ( 'NONE', #2407, .T. ) ;
#4263 = EDGE_CURVE ( 'NONE', #3926, #2848, #896, .T. ) ;
#4264 = ORIENTED_EDGE ( 'NONE', *, *, #940, .F. ) ;
#4265 = B_SPLINE_CURVE_WITH_KNOTS ( 'NONE', 3,
 ( #3466, #4175, #3411, #449 ),
 .UNSPECIFIED., .F., .F.,
 ( 4, 4 ),
 ( 0.0007901012047668540565, 0.01006527942122400696 ),
 .UNSPECIFIED. ) ;
#4266 = CARTESIAN_POINT ( 'NONE',  ( 1.598575718928453959, 3.566320362130587451, 16.10980044422363378 ) ) ;
#4267 = LINE ( 'NONE', #2374, #814 ) ;
#4268 = VERTEX_POINT ( 'NONE', #2361 ) ;
#4269 = ORIENTED_EDGE ( 'NONE', *, *, #4140, .T. ) ;
#4270 = CARTESIAN_POINT ( 'NONE',  ( -7.162740818362741457, -4.725000000000020961, 5.971234053733641467 ) ) ;
#4271 = ORIENTED_EDGE ( 'NONE', *, *, #3161, .T. ) ;
#4272 = CARTESIAN_POINT ( 'NONE',  ( -9.434740669813269420, 2.521630422773948776, 12.20000000000000284 ) ) ;
#4273 = CARTESIAN_POINT ( 'NONE',  ( -10.96424171849390561, 4.737684551745378059, 16.10156100042402372 ) ) ;
#4274 = APPROVAL ( #872, 'UNSPECIFIED' ) ;
#4275 = VECTOR ( 'NONE', #3968, 1000.000000000000227 ) ;
#4276 = LINE ( 'NONE', #3538, #111 ) ;
#4277 = CARTESIAN_POINT ( 'NONE',  ( 17.90398371253465371, 1.585474116185143112, 5.000637278093269522 ) ) ;
#4278 = CARTESIAN_POINT ( 'NONE',  ( -3.779396204025740946, 1.863497014787714789, 0.8890000000000000124 ) ) ;
#4279 = AXIS2_PLACEMENT_3D ( 'NONE', #1874, #3084, #1160 ) ;
#4280 = CARTESIAN_POINT ( 'NONE',  ( -9.768106845065812394, -1.363674026273183459, 10.36859649699788477 ) ) ;
#4281 = CARTESIAN_POINT ( 'NONE',  ( -14.73261327267815091, -0.4999999999910183512, 3.344606968615451148 ) ) ;
#4282 = CARTESIAN_POINT ( 'NONE',  ( 14.63548341095812866, -0.4999999999963484210, 3.523509234131148915 ) ) ;
#4283 = COORDINATED_UNIVERSAL_TIME_OFFSET ( 6, 0, .BEHIND. ) ;
#4284 = CARTESIAN_POINT ( 'NONE',  ( 7.477512936102627350, 3.232917718428200526, 15.61971024320000545 ) ) ;
#4285 = ORIENTED_EDGE ( 'NONE', *, *, #2461, .T. ) ;
#4286 = DIRECTION ( 'NONE',  ( 0.000000000000000000, -1.000000000000000000, 0.000000000000000000 ) ) ;
#4287 = DIRECTION ( 'NONE',  ( 0.000000000000000000, 0.000000000000000000, -1.000000000000000000 ) ) ;
#4288 = ORIENTED_EDGE ( 'NONE', *, *, #4051, .T. ) ;
#4289 = ADVANCED_FACE ( 'NONE', ( #2743 ), #169, .F. ) ;
#4290 = EDGE_CURVE ( 'NONE', #1590, #81, #1469, .T. ) ;
#4291 = EDGE_CURVE ( 'NONE', #283, #4372, #1561, .T. ) ;
#4292 = CARTESIAN_POINT ( 'NONE',  ( -0.07266183688983202105, 6.273865905543294375, 17.32276826680574544 ) ) ;
#4293 = CARTESIAN_POINT ( 'NONE',  ( -15.25619901116527544, 0.5000000000117466037, 2.418649522923614903 ) ) ;
#4294 = ORIENTED_EDGE ( 'NONE', *, *, #1657, .F. ) ;
#4295 = ORIENTED_EDGE ( 'NONE', *, *, #3008, .F. ) ;
#4296 = FACE_OUTER_BOUND ( 'NONE', #1220, .T. ) ;
#4297 = ORIENTED_EDGE ( 'NONE', *, *, #529, .T. ) ;
#4298 = ORIENTED_EDGE ( 'NONE', *, *, #235, .F. ) ;
#4299 = CARTESIAN_POINT ( 'NONE',  ( -9.420030584749326863, 2.438205384785796959, 12.11484679511830009 ) ) ;
#4300 = CYLINDRICAL_SURFACE ( 'NONE', #4129, 3.174999999999998934 ) ;
#4301 = LINE ( 'NONE', #2040, #1980 ) ;
#4302 = VECTOR ( 'NONE', #725, 1000.000000000000000 ) ;
#4303 = CARTESIAN_POINT ( 'NONE',  ( -6.349999999999999645, -7.776507174585692163E-16, 3.960999999999999410 ) ) ;
#4304 = LINE ( 'NONE', #4368, #3841 ) ;
#4305 = CARTESIAN_POINT ( 'NONE',  ( -10.37913445029515636, -2.070247666856374735, 8.080823712202430897 ) ) ;
#4306 = CARTESIAN_POINT ( 'NONE',  ( -4.522312344766377556, 5.460999999999999410, 15.23479443642016662 ) ) ;
#4307 = ADVANCED_FACE ( 'NONE', ( #532 ), #1253, .T. ) ;
#4308 = CARTESIAN_POINT ( 'NONE',  ( -9.411354347815452215, 2.389000000000000234, 18.90187766477306752 ) ) ;
#4309 = LINE ( 'NONE', #2068, #1021 ) ;
#4310 = VERTEX_POINT ( 'NONE', #4695 ) ;
#4311 = CARTESIAN_POINT ( 'NONE',  ( 6.349999999999999645, 0.8890000000000000124, 10.60000000000000142 ) ) ;
#4312 = VECTOR ( 'NONE', #1589, 1000.000000000000114 ) ;
#4313 = ORIENTED_EDGE ( 'NONE', *, *, #2222, .F. ) ;
#4314 = CARTESIAN_POINT ( 'NONE',  ( 1.533146688193531615, 2.358847002002427917, 15.28861462416456263 ) ) ;
#4315 = CARTESIAN_POINT ( 'NONE',  ( -14.27964392305093710, 1.705313488227759855, 7.823741610876323804 ) ) ;
#4316 = ORIENTED_EDGE ( 'NONE', *, *, #2890, .T. ) ;
#4317 = ORIENTED_EDGE ( 'NONE', *, *, #3712, .F. ) ;
#4318 = VECTOR ( 'NONE', #4818, 1000.000000000000000 ) ;
#4319 = AXIS2_PLACEMENT_3D ( 'NONE', #172, #2365, #2070 ) ;
#4320 = DIRECTION ( 'NONE',  ( 1.000000000000000000, 0.000000000000000000, 0.000000000000000000 ) ) ;
#4321 = VECTOR ( 'NONE', #4762, 1000.000000000000000 ) ;
#4322 = DIRECTION ( 'NONE',  ( 0.000000000000000000, 0.000000000000000000, -1.000000000000000000 ) ) ;
#4323 = CARTESIAN_POINT ( 'NONE',  ( -10.39156768038039047, 2.751876876376448067, 15.09230795135176528 ) ) ;
#4324 = LINE ( 'NONE', #1250, #1191 ) ;
#4325 = EDGE_CURVE ( 'NONE', #4427, #1394, #3238, .T. ) ;
#4326 = ORIENTED_EDGE ( 'NONE', *, *, #1889, .T. ) ;
#4327 = CARTESIAN_POINT ( 'NONE',  ( -2.117209207993198117, -2.600000000000000533, 12.80162038672107450 ) ) ;
#4328 = CARTESIAN_POINT ( 'NONE',  ( 3.214617248245438041, 0.5000000000000000000, 0.8890000000000000124 ) ) ;
#4329 = B_SPLINE_CURVE_WITH_KNOTS ( 'NONE', 3,
 ( #2532, #747, #2205, #3286 ),
 .UNSPECIFIED., .F., .F.,
 ( 4, 4 ),
 ( 7.589415207398531038E-19, 0.001127561001024090983 ),
 .UNSPECIFIED. ) ;
#4330 = CARTESIAN_POINT ( 'NONE',  ( -9.434740669813265868, 5.460999999999999410, 12.20000000000000284 ) ) ;
#4331 = DIRECTION ( 'NONE',  ( -0.7071067811865717756, 0.000000000000000000, 0.7071067811865231478 ) ) ;
#4332 = CARTESIAN_POINT ( 'NONE',  ( 10.96424171849396423, 4.737684551745374506, 16.10156100042401306 ) ) ;
#4333 = CARTESIAN_POINT ( 'NONE',  ( 5.556193866883454291, 3.226844153850871866, 15.72763028397153384 ) ) ;
#4334 = VERTEX_POINT ( 'NONE', #892 ) ;
#4335 = CARTESIAN_POINT ( 'NONE',  ( -7.657111917090968944, -2.252845526959604161, 13.02197552861970031 ) ) ;
#4336 = ADVANCED_FACE ( 'NONE', ( #2415 ), #2020, .T. ) ;
#4337 = ORIENTED_EDGE ( 'NONE', *, *, #3218, .F. ) ;
#4338 = CARTESIAN_POINT ( 'NONE',  ( -4.486502985212288408, 2.570603795974261363, 500000.0000000000582 ) ) ;
#4339 = CARTESIAN_POINT ( 'NONE',  ( -10.50868369253490719, 2.860911045988624224, 15.34887631001259045 ) ) ;
#4340 = ORIENTED_EDGE ( 'NONE', *, *, #1226, .F. ) ;
#4341 = ORIENTED_EDGE ( 'NONE', *, *, #3717, .F. ) ;
#4342 = CARTESIAN_POINT ( 'NONE',  ( 15.16139489151178310, 0.4999999999999989453, 4.053941486404423422 ) ) ;
#4343 = CARTESIAN_POINT ( 'NONE',  ( 14.63548341098190875, -0.4999999999916613924, 0.8890000000000000124 ) ) ;
#4344 = CARTESIAN_POINT ( 'NONE',  ( 3.779396204025739170, 1.863497014787716344, 3.961000000003878085 ) ) ;
#4345 = DIRECTION ( 'NONE',  ( 0.000000000000000000, -0.000000000000000000, -1.000000000000000000 ) ) ;
#4346 = CYLINDRICAL_SURFACE ( 'NONE', #3293, 3.174999999999998934 ) ;
#4347 = CARTESIAN_POINT ( 'NONE',  ( -8.910500157831743095, -0.4514852619340096185, 14.71813171206326842 ) ) ;
#4348 = EDGE_CURVE ( 'NONE', #3053, #1924, #2856, .T. ) ;
#4349 = CARTESIAN_POINT ( 'NONE',  ( -12.75061607377535289, -2.542935826990092352, 3.378498214319229032 ) ) ;
#4350 = CARTESIAN_POINT ( 'NONE',  ( 1.353900573603129320, 5.460999999999999410, 16.98899264521014985 ) ) ;
#4351 = AXIS2_PLACEMENT_3D ( 'NONE', #59, #3824, #1941 ) ;
#4352 = VECTOR ( 'NONE', #3211, 1000.000000000000000 ) ;
#4353 = PLANE ( 'NONE',  #458 ) ;
#4354 = EDGE_LOOP ( 'NONE', ( #23, #2375, #3250, #552, #4068 ) ) ;
#4355 = PLANE ( 'NONE',  #2882 ) ;
#4356 = ORIENTED_EDGE ( 'NONE', *, *, #4737, .T. ) ;
#4357 = CARTESIAN_POINT ( 'NONE',  ( 0.5619265643684379086, 3.564982814698506086, 16.11374751923376181 ) ) ;
#4358 = DIRECTION ( 'NONE',  ( 0.000000000000000000, 1.000000000000000000, 0.000000000000000000 ) ) ;
#4359 = ORIENTED_EDGE ( 'NONE', *, *, #4495, .F. ) ;
#4360 = ORIENTED_EDGE ( 'NONE', *, *, #1659, .T. ) ;
#4361 = PLANE ( 'NONE',  #2479 ) ;
#4362 = AXIS2_PLACEMENT_3D ( 'NONE', #3105, #3460, #4244 ) ;
#4363 = CARTESIAN_POINT ( 'NONE',  ( -7.390762670270830448, -4.325818784115068816, 7.092321555784314668 ) ) ;
#4364 = CARTESIAN_POINT ( 'NONE',  ( -4.883333333333298221, -6.225000000000003197, 6.224999999999999645 ) ) ;
#4365 = CARTESIAN_POINT ( 'NONE',  ( 14.28594098064737672, 0.1159747726206485502, 5.164866723098942458 ) ) ;
#4366 = EDGE_CURVE ( 'NONE', #2403, #1357, #936, .T. ) ;
#4367 = FACE_OUTER_BOUND ( 'NONE', #2009, .T. ) ;
#4368 = CARTESIAN_POINT ( 'NONE',  ( -0.9178932188134525383, 4.725000000000001421, 3.961000000003878085 ) ) ;
#4369 = DIRECTION ( 'NONE',  ( 0.000000000000000000, -1.000000000000000000, 0.000000000000000000 ) ) ;
#4370 = LINE ( 'NONE', #2815, #2709 ) ;
#4371 = FACE_OUTER_BOUND ( 'NONE', #1735, .T. ) ;
#4372 = VERTEX_POINT ( 'NONE', #3540 ) ;
#4373 = EDGE_CURVE ( 'NONE', #2056, #1008, #2965, .T. ) ;
#4374 = ADVANCED_FACE ( 'NONE', ( #2788 ), #2084, .T. ) ;
#4375 = EDGE_CURVE ( 'NONE', #1287, #927, #4304, .T. ) ;
#4376 = DIRECTION ( 'NONE',  ( 0.000000000000000000, 1.000000000000000000, 0.000000000000000000 ) ) ;
#4377 = ORIENTED_EDGE ( 'NONE', *, *, #2523, .T. ) ;
#4378 = CARTESIAN_POINT ( 'NONE',  ( 3.815205563579831871, 2.388999999880070391, 14.52768765523361694 ) ) ;
#4379 = EDGE_CURVE ( 'NONE', #2114, #324, #3188, .T. ) ;
#4380 = VERTEX_POINT ( 'NONE', #4328 ) ;
#4381 = CIRCLE ( 'NONE', #607, 3.125000000000000888 ) ;
#4382 = CARTESIAN_POINT ( 'NONE',  ( 6.295297931202541442, 2.366454992424204651, 15.15809991684048619 ) ) ;
#4383 = DIRECTION ( 'NONE',  ( 1.000000000000000000, -2.292177280364758240E-16, 0.000000000000000000 ) ) ;
#4384 = VERTEX_POINT ( 'NONE', #943 ) ;
#4385 = ORIENTED_EDGE ( 'NONE', *, *, #995, .T. ) ;
#4386 = DIRECTION ( 'NONE',  ( 0.7071067811865474617, 0.000000000000000000, -0.7071067811865474617 ) ) ;
#4387 = VECTOR ( 'NONE', #4386, 1000.000000000000114 ) ;
#4388 = ORIENTED_EDGE ( 'NONE', *, *, #4668, .T. ) ;
#4389 = CIRCLE ( 'NONE', #1781, 3.124999999999999112 ) ;
#4390 = PLANE ( 'NONE',  #2124 ) ;
#4391 = AXIS2_PLACEMENT_3D ( 'NONE', #727, #1485, #4496 ) ;
#4392 = DIRECTION ( 'NONE',  ( -0.7071067811865477948, -0.7071067811865473507, 0.000000000000000000 ) ) ;
#4393 = CARTESIAN_POINT ( 'NONE',  ( 14.72796223800511228, -0.6939557071959153722, 3.101651489972998110 ) ) ;
#4394 = EDGE_CURVE ( 'NONE', #1924, #4710, #1724, .T. ) ;
#4395 = ORIENTED_EDGE ( 'NONE', *, *, #1310, .F. ) ;
#4396 = CARTESIAN_POINT ( 'NONE',  ( 3.928792006615803079, -4.732511085285696417, 5.956980009791279507 ) ) ;
#4397 = ORIENTED_EDGE ( 'NONE', *, *, #4734, .F. ) ;
#4398 = CARTESIAN_POINT ( 'NONE',  ( 12.40284278012804009, -4.072914169829774167, 1.276933793978527687 ) ) ;
#4399 = CARTESIAN_POINT ( 'NONE',  ( -17.72654035033169251, 1.657958634304184775, 6.372367644529809108E-55 ) ) ;
#4400 = DIRECTION ( 'NONE',  ( 0.7071067811864339969, -0.000000000000000000, 0.7071067811866611486 ) ) ;
#4401 = DIRECTION ( 'NONE',  ( 0.000000000000000000, 0.000000000000000000, 1.000000000000000000 ) ) ;
#4402 = DIRECTION ( 'NONE',  ( 0.000000000000000000, 0.000000000000000000, -1.000000000000000000 ) ) ;
#4403 = EDGE_LOOP ( 'NONE', ( #794, #2443, #1320, #3736 ) ) ;
#4404 = VERTEX_POINT ( 'NONE', #4347 ) ;
#4405 = DIRECTION ( 'NONE',  ( 0.000000000000000000, 0.000000000000000000, -1.000000000000000000 ) ) ;
#4406 = CARTESIAN_POINT ( 'NONE',  ( -12.64243107783022602, -3.696434768916091240, 0.6605927063209858785 ) ) ;
#4407 = ORIENTED_EDGE ( 'NONE', *, *, #69, .F. ) ;
#4408 = CARTESIAN_POINT ( 'NONE',  ( 12.92104700077778823, -3.292404993002407743, 0.1250000000000007216 ) ) ;
#4409 = PLANE ( 'NONE',  #3787 ) ;
#4410 = VERTEX_POINT ( 'NONE', #1330 ) ;
#4411 = EDGE_CURVE ( 'NONE', #856, #442, #963, .T. ) ;
#4412 = CARTESIAN_POINT ( 'NONE',  ( -16.90284426461333567, 4.724999999999999645, 0.1250000000000001110 ) ) ;
#4413 = VERTEX_POINT ( 'NONE', #578 ) ;
#4414 = LINE ( 'NONE', #641, #2053 ) ;
#4415 = CARTESIAN_POINT ( 'NONE',  ( 0.07324999999999788625, -6.225000000000004974, 6.224999999999988098 ) ) ;
#4416 = CARTESIAN_POINT ( 'NONE',  ( 13.17707410241850674, -2.953342075296926161, 0.7901962547691787631 ) ) ;
#4417 = CARTESIAN_POINT ( 'NONE',  ( -12.55000000000000071, -6.224999999999994316, 0.7083333333333364790 ) ) ;
#4418 = DIRECTION ( 'NONE',  ( 0.000000000000000000, 0.000000000000000000, 1.000000000000000000 ) ) ;
#4419 = CARTESIAN_POINT ( 'NONE',  ( -2.503718696447633896, -3.824530154591077924, 8.240336723578638001 ) ) ;
#4420 = APPROVAL ( #4185, 'UNSPECIFIED' ) ;
#4421 = CYLINDRICAL_SURFACE ( 'NONE', #4203, 3.125000000000000888 ) ;
#4422 = CARTESIAN_POINT ( 'NONE',  ( -11.20477579580094663, 4.724999999999616840, 16.06975191876192355 ) ) ;
#4423 = CARTESIAN_POINT ( 'NONE',  ( 12.55000000000000782, -6.224999999999988987, 1.000000000000004885 ) ) ;
#4424 = CARTESIAN_POINT ( 'NONE',  ( -11.20477579580094663, 4.724999999999616840, 16.06975191876192355 ) ) ;
#4425 = B_SPLINE_SURFACE_WITH_KNOTS ( 'NONE', 3, 3, ( 
 ( #1541, #3326, #2245, #314 ),
 ( #1439, #4859, #3050, #49 ),
 ( #3376, #1812, #2196, #4880 ),
 ( #4143, #25, #2274, #4067 ) ),
 .UNSPECIFIED., .F., .F., .F.,
 ( 4, 4 ),
 ( 4, 4 ),
 ( 0.1285240685311691278, 0.4939383547099328031 ),
 ( 0.03982093037615036524, 0.9797159433005913076 ),
 .UNSPECIFIED. ) ;
#4426 = CARTESIAN_POINT ( 'NONE',  ( -9.065395666955243570, 0.4269708228985407139, 15.43278043931622889 ) ) ;
#4427 = VERTEX_POINT ( 'NONE', #3611 ) ;
#4428 = CARTESIAN_POINT ( 'NONE',  ( -2.042893218813454759, -3.600000000000001421, 8.596417557948011989 ) ) ;
#4429 = CARTESIAN_POINT ( 'NONE',  ( -13.14884827855529004, -2.941279718589020931, 0.08305095888490582334 ) ) ;
#4430 = AXIS2_PLACEMENT_3D ( 'NONE', #4017, #4462, #1791 ) ;
#4431 = VERTEX_POINT ( 'NONE', #2064 ) ;
#4432 = CARTESIAN_POINT ( 'NONE',  ( 16.30885372240737041, 3.029566202048781243, 0.1250000000000028588 ) ) ;
#4433 = DIRECTION ( 'NONE',  ( 0.000000000000000000, 0.000000000000000000, 1.000000000000000000 ) ) ;
#4434 = ORIENTED_EDGE ( 'NONE', *, *, #3401, .T. ) ;
#4435 = VECTOR ( 'NONE', #2082, 1000.000000000000000 ) ;
#4436 = LINE ( 'NONE', #3580, #1309 ) ;
#4437 = AXIS2_PLACEMENT_3D ( 'NONE', #2519, #262, #2496 ) ;
#4438 = VERTEX_POINT ( 'NONE', #3873 ) ;
#4439 = EDGE_CURVE ( 'NONE', #2235, #2423, #3202, .T. ) ;
#4440 = VERTEX_POINT ( 'NONE', #4278 ) ;
#4441 = DIRECTION ( 'NONE',  ( -0.000000000000000000, -1.000000000000000000, -0.000000000000000000 ) ) ;
#4442 = CARTESIAN_POINT ( 'NONE',  ( -3.605906010293274289, 0.3460260146564547168, 16.90268243710701768 ) ) ;
#4443 = CARTESIAN_POINT ( 'NONE',  ( 8.666586813460593675, -1.510125729440899400, 11.75745147023142856 ) ) ;
#4444 = VECTOR ( 'NONE', #4217, 1000.000000000000000 ) ;
#4445 = DIRECTION ( 'NONE',  ( 0.000000000000000000, 1.000000000000000000, 0.000000000000000000 ) ) ;
#4446 = CARTESIAN_POINT ( 'NONE',  ( -12.67499999999999893, 6.224999999999997868, 18.09265550483547713 ) ) ;
#4447 = DIRECTION ( 'NONE',  ( 0.000000000000000000, 0.000000000000000000, 1.000000000000000000 ) ) ;
#4448 = CARTESIAN_POINT ( 'NONE',  ( 6.349999999999998757, -2.599999999999999201, 5.460999999999999410 ) ) ;
#4449 = DIRECTION ( 'NONE',  ( -0.7071067811865475727, 0.000000000000000000, 0.7071067811865475727 ) ) ;
#4450 = DIRECTION ( 'NONE',  ( 0.7071067811865480168, -0.7071067811865470176, -0.000000000000000000 ) ) ;
#4451 = CARTESIAN_POINT ( 'NONE',  ( -8.179360420271350376E-16, -4.725000000000018296, 5.981083965094950550 ) ) ;
#4452 = VERTEX_POINT ( 'NONE', #1654 ) ;
#4453 = DIRECTION ( 'NONE',  ( 0.000000000000000000, 1.000000000000000000, 0.000000000000000000 ) ) ;
#4454 = CARTESIAN_POINT ( 'NONE',  ( -12.34969814087137152, -4.062217327145789092, 0.06652978376942025873 ) ) ;
#4455 = EDGE_CURVE ( 'NONE', #54, #403, #1167, .T. ) ;
#4456 = B_SPLINE_CURVE_WITH_KNOTS ( 'NONE', 3,
 ( #2481, #2108, #3632, #1768, #4794, #546 ),
 .UNSPECIFIED., .F., .F.,
 ( 4, 2, 4 ),
 ( 0.003658529508695040726, 0.005799282972456610251, 0.007940036436218178909 ),
 .UNSPECIFIED. ) ;
#4457 = DIRECTION ( 'NONE',  ( 1.000000000000000000, -3.372725549448445729E-17, 0.000000000000000000 ) ) ;
#4458 = VERTEX_POINT ( 'NONE', #204 ) ;
#4459 = CARTESIAN_POINT ( 'NONE',  ( -9.411354347815452215, 2.389000000000000234, 18.90187766477306752 ) ) ;
#4460 = VERTEX_POINT ( 'NONE', #646 ) ;
#4461 = ORIENTED_EDGE ( 'NONE', *, *, #3541, .F. ) ;
#4462 = DIRECTION ( 'NONE',  ( 0.000000000000000000, 1.000000000000000000, 0.000000000000000000 ) ) ;
#4463 = AXIS2_PLACEMENT_3D ( 'NONE', #3724, #349, #2655 ) ;
#4464 = FACE_OUTER_BOUND ( 'NONE', #194, .T. ) ;
#4465 = CARTESIAN_POINT ( 'NONE',  ( 12.34936322694145794, -4.062177254265113113, 0.05808319938125661164 ) ) ;
#4466 = VECTOR ( 'NONE', #3962, 1000.000000000000000 ) ;
#4467 = CARTESIAN_POINT ( 'NONE',  ( 9.917372312434578063, -0.4999999999993000599, 11.50682726845495196 ) ) ;
#4468 = DIRECTION ( 'NONE',  ( 0.000000000000000000, 0.000000000000000000, 1.000000000000000000 ) ) ;
#4469 = CARTESIAN_POINT ( 'NONE',  ( 0.4999999999999997780, -2.599999999972624209, 5.460999999999999410 ) ) ;
#4470 = CARTESIAN_POINT ( 'NONE',  ( -7.943414705206874871, 2.909270537671306833, 15.39291753672175034 ) ) ;
#4471 = ADVANCED_FACE ( 'NONE', ( #3727 ), #354, .F. ) ;
#4472 = CARTESIAN_POINT ( 'NONE',  ( 0.9178932188134356629, -4.725000000000019185, 0.8890000000000000124 ) ) ;
#4473 = CARTESIAN_POINT ( 'NONE',  ( 0.7432795950069416291, 2.389000000000000234, -91.99541463433266131 ) ) ;
#4474 = CARTESIAN_POINT ( 'NONE',  ( 14.74916933162817401, -0.4999999999928098071, 2.538380743128550776 ) ) ;
#4475 = ORIENTED_EDGE ( 'NONE', *, *, #1526, .F. ) ;
#4476 = LINE ( 'NONE', #656, #2928 ) ;
#4477 = CARTESIAN_POINT ( 'NONE',  ( -14.00774069384535103, -1.850601847393623878, 2.809694989340818072 ) ) ;
#4478 = CARTESIAN_POINT ( 'NONE',  ( 0.000000000000000000, -4.725000000000019185, 0.1250000000000000000 ) ) ;
#4479 = LINE ( 'NONE', #3275, #659 ) ;
#4480 = ORIENTED_EDGE ( 'NONE', *, *, #479, .F. ) ;
#4481 = EDGE_CURVE ( 'NONE', #3554, #435, #2387, .T. ) ;
#4482 = CARTESIAN_POINT ( 'NONE',  ( -10.34894032987399015, 1.947543851233426215, 14.37810172731102654 ) ) ;
#4483 = ORIENTED_EDGE ( 'NONE', *, *, #4348, .F. ) ;
#4484 = FACE_OUTER_BOUND ( 'NONE', #1957, .T. ) ;
#4485 = CARTESIAN_POINT ( 'NONE',  ( -14.63548530951691795, -0.4999999999898210867, 0.8890000000000000124 ) ) ;
#4486 = CARTESIAN_POINT ( 'NONE',  ( -6.349999999999999645, 2.389000000000000234, 12.70000000000000107 ) ) ;
#4487 = CARTESIAN_POINT ( 'NONE',  ( 7.127029259095719382, -4.740120476094752178, 5.957355703042622075 ) ) ;
#4488 = CARTESIAN_POINT ( 'NONE',  ( -3.779396204025740946, 1.863497014787714789, 500000.0000000000582 ) ) ;
#4489 = CARTESIAN_POINT ( 'NONE',  ( 0.1554017844279020899, 6.273487176819187106, 17.32281164091844516 ) ) ;
#4490 = CARTESIAN_POINT ( 'NONE',  ( 3.265259330186733866, 2.388999999880070391, 12.20000000000000284 ) ) ;
#4491 = CARTESIAN_POINT ( 'NONE',  ( -8.763329394911565373, 2.389000000000000679, 14.99993929315429320 ) ) ;
#4492 = DIRECTION ( 'NONE',  ( 0.000000000000000000, 0.000000000000000000, 1.000000000000000000 ) ) ;
#4493 = EDGE_CURVE ( 'NONE', #1057, #1759, #4389, .T. ) ;
#4494 = EDGE_CURVE ( 'NONE', #2275, #3348, #3259, .T. ) ;
#4495 = EDGE_CURVE ( 'NONE', #2291, #149, #2534, .T. ) ;
#4496 = DIRECTION ( 'NONE',  ( -1.000000000000000000, 0.000000000000000000, 0.000000000000000000 ) ) ;
#4497 = ORIENTED_EDGE ( 'NONE', *, *, #1695, .T. ) ;
#4498 = CARTESIAN_POINT ( 'NONE',  ( -0.3545618193626913217, 3.564695594239887022, 16.11364223299354137 ) ) ;
#4499 = CARTESIAN_POINT ( 'NONE',  ( -8.692825719461998446, -2.738315081957799713, 9.182474909313372180 ) ) ;
#4500 =( LENGTH_UNIT ( ) NAMED_UNIT ( * ) SI_UNIT ( .MILLI., .METRE. ) );
#4501 = CARTESIAN_POINT ( 'NONE',  ( 8.242333326361668711, -1.788995513799491510, 13.49175935169750140 ) ) ;
#4502 = ORIENTED_EDGE ( 'NONE', *, *, #1127, .F. ) ;
#4503 = VECTOR ( 'NONE', #3360, 1000.000000000000000 ) ;
#4504 = CARTESIAN_POINT ( 'NONE',  ( -11.83730915039520859, -4.725000000000016520, 0.1250000000000052736 ) ) ;
#4505 = ORIENTED_EDGE ( 'NONE', *, *, #1012, .F. ) ;
#4506 = AXIS2_PLACEMENT_3D ( 'NONE', #4112, #2968, #2216 ) ;
#4507 = CARTESIAN_POINT ( 'NONE',  ( -9.895307910843950339, -0.6251334396009391448, 3.960999999999999410 ) ) ;
#4508 = CARTESIAN_POINT ( 'NONE',  ( 10.80833333333330870, -6.224999999999998757, 2.741666666666668473 ) ) ;
#4509 = DIRECTION ( 'NONE',  ( 0.000000000000000000, -1.000000000000000000, 0.000000000000000000 ) ) ;
#4510 = CARTESIAN_POINT ( 'NONE',  ( 8.702980105565821134, -4.781465453291689371, 4.157156065619719065 ) ) ;
#4511 = VECTOR ( 'NONE', #1340, 1000.000000000000000 ) ;
#4512 = DIRECTION ( 'NONE',  ( -0.7071067811865479058, -0.7071067811865472397, 0.000000000000000000 ) ) ;
#4513 = ORIENTED_EDGE ( 'NONE', *, *, #4770, .F. ) ;
#4514 = CARTESIAN_POINT ( 'NONE',  ( -0.06626702260604093453, 4.877455391406051888, 16.79773802021457030 ) ) ;
#4515 = LINE ( 'NONE', #428, #964 ) ;
#4516 = DIRECTION ( 'NONE',  ( 2.292177280364758240E-16, 1.000000000000000000, 0.000000000000000000 ) ) ;
#4517 = CARTESIAN_POINT ( 'NONE',  ( -4.883333333333298221, -6.225000000000003197, 6.224999999999999645 ) ) ;
#4518 = CARTESIAN_POINT ( 'NONE',  ( -9.146863876752759026, 0.8890000000000000124, 15.75985208288968664 ) ) ;
#4519 = ORIENTED_EDGE ( 'NONE', *, *, #3860, .F. ) ;
#4520 = CARTESIAN_POINT ( 'NONE',  ( -7.336466372970501304, -4.301492765362463722, 7.250674404006465679 ) ) ;
#4521 = CARTESIAN_POINT ( 'NONE',  ( 7.324999999999945999, -6.225000000000001421, 6.224999999999995204 ) ) ;
#4522 = ADVANCED_FACE ( 'NONE', ( #2559 ), #1083, .F. ) ;
#4523 = EDGE_CURVE ( 'NONE', #2672, #2552, #4866, .T. ) ;
#4524 = VECTOR ( 'NONE', #547, 1000.000000000000000 ) ;
#4525 = DIRECTION ( 'NONE',  ( 0.000000000000000000, 0.000000000000000000, -1.000000000000000000 ) ) ;
#4526 = CARTESIAN_POINT ( 'NONE',  ( 6.349999999999999645, 0.8890000000000000124, 12.69999999999999929 ) ) ;
#4527 = VERTEX_POINT ( 'NONE', #4024 ) ;
#4528 = VECTOR ( 'NONE', #1232, 1000.000000000000000 ) ;
#4529 = CARTESIAN_POINT ( 'NONE',  ( 15.30399136560484941, 4.724999999999998757, 9.374474039825003047 ) ) ;
#4530 = EDGE_CURVE ( 'NONE', #2425, #3487, #2957, .T. ) ;
#4531 = VERTEX_POINT ( 'NONE', #1748 ) ;
#4532 = ORIENTED_EDGE ( 'NONE', *, *, #4700, .F. ) ;
#4533 = DIRECTION ( 'NONE',  ( -1.000000000000000000, 0.000000000000000000, 0.000000000000000000 ) ) ;
#4534 = ORIENTED_EDGE ( 'NONE', *, *, #2525, .T. ) ;
#4535 = CARTESIAN_POINT ( 'NONE',  ( -4.515600645574310512, 2.389000000019178671, 15.24150613561224965 ) ) ;
#4536 = CC_DESIGN_APPROVAL ( #3967, ( #1772 ) ) ;
#4537 = CARTESIAN_POINT ( 'NONE',  ( -6.349999999999999645, -7.776507174585692163E-16, 3.960999999999999410 ) ) ;
#4538 = CARTESIAN_POINT ( 'NONE',  ( -10.49275435226170927, 2.763153701806949414, 15.08963769562012658 ) ) ;
#4539 = ORIENTED_EDGE ( 'NONE', *, *, #732, .T. ) ;
#4540 = AXIS2_PLACEMENT_3D ( 'NONE', #2869, #3302, #4756 ) ;
#4541 = DIRECTION ( 'NONE',  ( 0.1736481776669336619, 0.9848077530122073542, 0.000000000000000000 ) ) ;
#4542 = CARTESIAN_POINT ( 'NONE',  ( 9.434740669813265868, -500000.0000000000582, 12.20000000000000107 ) ) ;
#4543 = CARTESIAN_POINT ( 'NONE',  ( 9.434740669813267644, 5.460999999999999410, 13.19999999999999929 ) ) ;
#4544 = ORIENTED_EDGE ( 'NONE', *, *, #3775, .T. ) ;
#4545 = VECTOR ( 'NONE', #289, 1000.000000000000000 ) ;
#4546 = CARTESIAN_POINT ( 'NONE',  ( 6.349999999999998757, -2.600000000000000533, 12.68034626157286837 ) ) ;
#4547 = EDGE_CURVE ( 'NONE', #1244, #3243, #1274, .T. ) ;
#4548 = CIRCLE ( 'NONE', #2086, 2.100000000000000977 ) ;
#4549 = ORIENTED_EDGE ( 'NONE', *, *, #2742, .T. ) ;
#4550 = AXIS2_PLACEMENT_3D ( 'NONE', #2463, #2440, #3956 ) ;
#4551 = CARTESIAN_POINT ( 'NONE',  ( -1.231443427434578020, 4.877431389604053535, 16.79445861727677425 ) ) ;
#4552 = DIRECTION ( 'NONE',  ( 0.000000000000000000, -0.000000000000000000, -1.000000000000000000 ) ) ;
#4553 = DATE_AND_TIME ( #2768, #1301 ) ;
#4554 = CARTESIAN_POINT ( 'NONE',  ( 2.057265976912473704, -3.586254596425229479, 8.622505643270827136 ) ) ;
#4555 = ORIENTED_EDGE ( 'NONE', *, *, #4530, .T. ) ;
#4556 = CARTESIAN_POINT ( 'NONE',  ( -12.54999999999999183, -6.225000000000004086, 0.1249999999999999445 ) ) ;
#4557 = ORIENTED_EDGE ( 'NONE', *, *, #2577, .T. ) ;
#4558 = EDGE_CURVE ( 'NONE', #1610, #109, #1796, .T. ) ;
#4559 = LINE ( 'NONE', #2055, #4524 ) ;
#4560 = CARTESIAN_POINT ( 'NONE',  ( -7.324999999999945999, -6.225000000000001421, 6.224999999999995204 ) ) ;
#4561 = CARTESIAN_POINT ( 'NONE',  ( -3.457106781186547906, -3.600000000000000977, 500000.0000000000582 ) ) ;
#4562 = ORIENTED_EDGE ( 'NONE', *, *, #2524, .F. ) ;
#4563 = CARTESIAN_POINT ( 'NONE',  ( 4.522312344766381109, 2.388999999993757228, 15.23479443642016484 ) ) ;
#4564 = ORIENTED_EDGE ( 'NONE', *, *, #1962, .T. ) ;
#4565 = CARTESIAN_POINT ( 'NONE',  ( 8.469932590142246198, 6.224999999999997868, 18.63052815693477982 ) ) ;
#4566 = PLANE ( 'NONE',  #3721 ) ;
#4567 = CARTESIAN_POINT ( 'NONE',  ( 17.71745523187797033, 1.661669849110966268, -0.2560331446133713995 ) ) ;
#4568 = ORIENTED_EDGE ( 'NONE', *, *, #2354, .F. ) ;
#4569 = CARTESIAN_POINT ( 'NONE',  ( 0.07266183688947304431, 6.273865905543037691, 17.32276826680564952 ) ) ;
#4570 = PLANE ( 'NONE',  #2553 ) ;
#4571 = DIRECTION ( 'NONE',  ( -0.000000000000000000, 1.000000000000000000, -0.000000000000000000 ) ) ;
#4572 = B_SPLINE_CURVE_WITH_KNOTS ( 'NONE', 3,
 ( #742, #3148, #3095, #4282 ),
 .UNSPECIFIED., .F., .F.,
 ( 4, 4 ),
 ( 0.0001363242014288302986, 0.0004416751682990645604 ),
 .UNSPECIFIED. ) ;
#4573 = B_SPLINE_CURVE_WITH_KNOTS ( 'NONE', 3,
 ( #3582, #554, #3893, #478, #2733, #2013, #2039 ),
 .UNSPECIFIED., .F., .F.,
 ( 4, 3, 4 ),
 ( 0.0001802794351751999793, 0.001530915526271972712, 0.003061831189082446416 ),
 .UNSPECIFIED. ) ;
#4574 = LINE ( 'NONE', #438, #322 ) ;
#4575 = ORIENTED_EDGE ( 'NONE', *, *, #3792, .T. ) ;
#4576 = DIRECTION ( 'NONE',  ( -0.7071067811865717756, 0.000000000000000000, 0.7071067811865232589 ) ) ;
#4577 = EDGE_CURVE ( 'NONE', #3247, #1610, #325, .T. ) ;
#4578 = ORIENTED_EDGE ( 'NONE', *, *, #2128, .F. ) ;
#4579 = DIRECTION ( 'NONE',  ( 0.000000000000000000, 0.000000000000000000, 1.000000000000000000 ) ) ;
#4580 = CARTESIAN_POINT ( 'NONE',  ( -3.928792006615718702, -4.732511085285644015, 5.956980009791430497 ) ) ;
#4581 = CARTESIAN_POINT ( 'NONE',  ( -16.97046814186072083, 4.725000000000002309, 5.815392029797278539 ) ) ;
#4582 = ORIENTED_EDGE ( 'NONE', *, *, #2741, .F. ) ;
#4583 = EDGE_CURVE ( 'NONE', #2351, #934, #1073, .T. ) ;
#4584 = EDGE_CURVE ( 'NONE', #3487, #2799, #3991, .T. ) ;
#4585 = B_SPLINE_CURVE_WITH_KNOTS ( 'NONE', 3,
 ( #2971, #2575, #4780, #2893, #4752, #3300 ),
 .UNSPECIFIED., .F., .F.,
 ( 4, 2, 4 ),
 ( 0.0002245732466929706501, 0.006116947585301724805, 0.01200932192391047926 ),
 .UNSPECIFIED. ) ;
#4586 = VECTOR ( 'NONE', #4445, 1000.000000000000000 ) ;
#4587 = LINE ( 'NONE', #2281, #3640 ) ;
#4588 = ORIENTED_EDGE ( 'NONE', *, *, #3325, .T. ) ;
#4589 = VECTOR ( 'NONE', #1823, 1000.000000000000000 ) ;
#4590 = CARTESIAN_POINT ( 'NONE',  ( 5.032991422037431592E-13, -3.599999999988045651, 8.598721127944994436 ) ) ;
#4591 = DIRECTION ( 'NONE',  ( 0.000000000000000000, 1.000000000000000000, 0.000000000000000000 ) ) ;
#4592 = EDGE_CURVE ( 'NONE', #1730, #884, #722, .T. ) ;
#4593 = CARTESIAN_POINT ( 'NONE',  ( -10.08774464581311925, 6.225000000000061817, 7.238999999999999879 ) ) ;
#4594 = ORIENTED_EDGE ( 'NONE', *, *, #2096, .T. ) ;
#4595 = CARTESIAN_POINT ( 'NONE',  ( -8.904604927119580182, 6.253378815686354564, 16.93704631593475440 ) ) ;
#4596 = CARTESIAN_POINT ( 'NONE',  ( -2.332106781186547906, 4.725000000000001421, 0.8890000000000000124 ) ) ;
#4597 = FACE_BOUND ( 'NONE', #682, .T. ) ;
#4598 = DATE_AND_TIME ( #46, #2316 ) ;
#4599 = CARTESIAN_POINT ( 'NONE',  ( -3.815205563579856740, 2.388999999880070391, 14.52768765523365424 ) ) ;
#4600 = ORIENTED_EDGE ( 'NONE', *, *, #731, .T. ) ;
#4601 = ORIENTED_EDGE ( 'NONE', *, *, #3776, .F. ) ;
#4602 = AXIS2_PLACEMENT_3D ( 'NONE', #2653, #1193, #3054 ) ;
#4603 = FACE_OUTER_BOUND ( 'NONE', #60, .T. ) ;
#4604 = ADVANCED_FACE ( 'NONE', ( #2206 ), #1477, .F. ) ;
#4605 = ORIENTED_EDGE ( 'NONE', *, *, #158, .T. ) ;
#4606 = ORIENTED_EDGE ( 'NONE', *, *, #809, .T. ) ;
#4607 = CARTESIAN_POINT ( 'NONE',  ( 18.90000000000000568, 6.225000000000004974, 6.976468134611494953 ) ) ;
#4608 = DIRECTION ( 'NONE',  ( 1.000000000000000000, 0.000000000000000000, 0.000000000000000000 ) ) ;
#4609 = ORIENTED_EDGE ( 'NONE', *, *, #600, .F. ) ;
#4610 = ORIENTED_EDGE ( 'NONE', *, *, #2223, .F. ) ;
#4611 = DIRECTION ( 'NONE',  ( -0.000000000000000000, -1.000000000000000000, -0.000000000000000000 ) ) ;
#4612 = VERTEX_POINT ( 'NONE', #984 ) ;
#4613 = AXIS2_PLACEMENT_3D ( 'NONE', #2134, #4400, #329 ) ;
#4614 = FACE_OUTER_BOUND ( 'NONE', #717, .T. ) ;
#4615 = CARTESIAN_POINT ( 'NONE',  ( -10.50726139273233528, 2.751823277720504279, 15.08121845926447158 ) ) ;
#4616 = CARTESIAN_POINT ( 'NONE',  ( -18.31579995362448798, 3.944499825781153213, 0.1250000000000001110 ) ) ;
#4617 = CIRCLE ( 'NONE', #2475, 3.125000000000000888 ) ;
#4618 = CARTESIAN_POINT ( 'NONE',  ( 12.54999999999999716, -6.225000000000000533, 0.3333333333333349247 ) ) ;
#4619 = EDGE_CURVE ( 'NONE', #1591, #497, #4456, .T. ) ;
#4620 = ORIENTED_EDGE ( 'NONE', *, *, #4649, .T. ) ;
#4621 = CARTESIAN_POINT ( 'NONE',  ( 6.948635710639516461, -3.552999775470022659, 8.604716283719886505 ) ) ;
#4622 = CARTESIAN_POINT ( 'NONE',  ( -0.5000000000000004441, 0.8890000000000000124, 5.460999999999999410 ) ) ;
#4623 = VECTOR ( 'NONE', #3989, 1000.000000000000000 ) ;
#4624 = AXIS2_PLACEMENT_3D ( 'NONE', #1401, #1373, #3335 ) ;
#4625 = CARTESIAN_POINT ( 'NONE',  ( -0.5000000000000004441, 0.8890000000000000124, 7.238999999999999879 ) ) ;
#4626 = VECTOR ( 'NONE', #1457, 1000.000000000000000 ) ;
#4627 = COORDINATED_UNIVERSAL_TIME_OFFSET ( 6, 0, .BEHIND. ) ;
#4628 = CARTESIAN_POINT ( 'NONE',  ( 6.320003029614803758, 3.475234151521635617, 15.83158504926195143 ) ) ;
#4629 = ORIENTED_EDGE ( 'NONE', *, *, #4031, .F. ) ;
#4630 = CARTESIAN_POINT ( 'NONE',  ( 9.434740669813265868, -500000.0000000000582, 12.20000000000000107 ) ) ;
#4631 = CARTESIAN_POINT ( 'NONE',  ( 2.332106781186533251, -4.725000000000017408, 500000.0000000000582 ) ) ;
#4632 = CIRCLE ( 'NONE', #2811, 2.599999999999999645 ) ;
#4633 = ORIENTED_EDGE ( 'NONE', *, *, #225, .F. ) ;
#4634 = ORIENTED_EDGE ( 'NONE', *, *, #2524, .T. ) ;
#4635 = ADVANCED_FACE ( 'NONE', ( #2007 ), #517, .F. ) ;
#4636 = CARTESIAN_POINT ( 'NONE',  ( 7.113330025359236863, 6.258434962901211485, 17.08307611118821256 ) ) ;
#4637 = CARTESIAN_POINT ( 'NONE',  ( -15.27372414294232783, 0.5000000000107434062, 2.868552734350455324 ) ) ;
#4638 = ORIENTED_EDGE ( 'NONE', *, *, #3955, .F. ) ;
#4639 = ORIENTED_EDGE ( 'NONE', *, *, #2985, .F. ) ;
#4640 = CARTESIAN_POINT ( 'NONE',  ( -16.94117286549020918, 4.725000000000000533, 3.312427359919321468 ) ) ;
#4641 = ORIENTED_EDGE ( 'NONE', *, *, #1631, .T. ) ;
#4642 = CARTESIAN_POINT ( 'NONE',  ( 11.20477579580094130, 4.724999999999615952, 16.06975191876192710 ) ) ;
#4643 = CARTESIAN_POINT ( 'NONE',  ( -10.38650719037182313, 3.388495116480200853, 15.48924415258390397 ) ) ;
#4644 = CARTESIAN_POINT ( 'NONE',  ( 6.349999999999999645, 2.389000000000000234, 12.69999999999999929 ) ) ;
#4645 = LINE ( 'NONE', #91, #1945 ) ;
#4646 = CARTESIAN_POINT ( 'NONE',  ( 12.55000000000000782, -6.224999999999989875, 1.000000000000004885 ) ) ;
#4647 = DIRECTION ( 'NONE',  ( -1.000000000000000000, 1.009768204895913922E-11, -0.000000000000000000 ) ) ;
#4648 = DIRECTION ( 'NONE',  ( 0.000000000000000000, 0.000000000000000000, 1.000000000000000000 ) ) ;
#4649 = EDGE_CURVE ( 'NONE', #2168, #3769, #3809, .T. ) ;
#4650 = EDGE_CURVE ( 'NONE', #4729, #2403, #1156, .T. ) ;
#4651 = DIRECTION ( 'NONE',  ( 0.000000000000000000, 0.000000000000000000, -1.000000000000000000 ) ) ;
#4652 = CARTESIAN_POINT ( 'NONE',  ( 6.929129880276551745, 3.443128564277704751, 15.77703725802241586 ) ) ;
#4653 = ORIENTED_EDGE ( 'NONE', *, *, #4263, .F. ) ;
#4654 = CARTESIAN_POINT ( 'NONE',  ( -14.63548530951691795, -0.4999999999898210867, 500000.0000000000582 ) ) ;
#4655 = CARTESIAN_POINT ( 'NONE',  ( 3.815205563579831871, 5.460999999999999410, 14.52768765523361694 ) ) ;
#4656 = AXIS2_PLACEMENT_3D ( 'NONE', #828, #2219, #2595 ) ;
#4657 = ORIENTED_EDGE ( 'NONE', *, *, #1127, .T. ) ;
#4658 = CARTESIAN_POINT ( 'NONE',  ( 8.904604927119594393, 6.253378815686605918, 16.93704631593484322 ) ) ;
#4659 = CARTESIAN_POINT ( 'NONE',  ( 6.349999999999999645, 0.000000000000000000, 5.460999999999999410 ) ) ;
#4660 = ORIENTED_EDGE ( 'NONE', *, *, #3981, .T. ) ;
#4661 = ORIENTED_EDGE ( 'NONE', *, *, #77, .F. ) ;
#4662 = FACE_OUTER_BOUND ( 'NONE', #1240, .T. ) ;
#4663 = ORIENTED_EDGE ( 'NONE', *, *, #2563, .F. ) ;
#4664 = CARTESIAN_POINT ( 'NONE',  ( 9.420030584749344627, 2.438205384785747221, 13.28515320488162921 ) ) ;
#4665 = CARTESIAN_POINT ( 'NONE',  ( -2.042893218813454759, -3.600000000000001421, 8.596417557948011989 ) ) ;
#4666 = AXIS2_PLACEMENT_3D ( 'NONE', #2352, #3034, #1178 ) ;
#4667 = CARTESIAN_POINT ( 'NONE',  ( 16.98904705515129621, 4.787200838483652632, 5.876855101773569068 ) ) ;
#4668 = EDGE_CURVE ( 'NONE', #4777, #4372, #3779, .T. ) ;
#4669 = CARTESIAN_POINT ( 'NONE',  ( 5.790435236166224797, -4.330881007052685305, 7.110235960740062922 ) ) ;
#4670 = CARTESIAN_POINT ( 'NONE',  ( 14.63548341098190875, -0.4999999999916613924, 500000.0000000000582 ) ) ;
#4671 = VECTOR ( 'NONE', #4720, 1000.000000000000000 ) ;
#4672 = CARTESIAN_POINT ( 'NONE',  ( -11.83494355181035829, -2.631990773859691490, 4.645601166060956189 ) ) ;
#4673 = EDGE_CURVE ( 'NONE', #1878, #1939, #3127, .T. ) ;
#4674 = AXIS2_PLACEMENT_3D ( 'NONE', #881, #932, #2469 ) ;
#4675 = CARTESIAN_POINT ( 'NONE',  ( -0.5000000000000002220, 5.461000000000000298, 6.142893218813454403 ) ) ;
#4676 = VECTOR ( 'NONE', #3406, 1000.000000000000000 ) ;
#4677 = LINE ( 'NONE', #605, #3372 ) ;
#4678 = CARTESIAN_POINT ( 'NONE',  ( 16.91755461596597598, 4.724999999999999645, 1.336650948569977571 ) ) ;
#4679 = EDGE_LOOP ( 'NONE', ( #1906, #3435, #4326, #3151 ) ) ;
#4680 = CARTESIAN_POINT ( 'NONE',  ( 9.902625780251470999, -0.5836317398562808068, 11.39268936819287426 ) ) ;
#4681 = ORIENTED_EDGE ( 'NONE', *, *, #469, .F. ) ;
#4682 = CARTESIAN_POINT ( 'NONE',  ( 14.85537749819802578, -0.1699462470468891540, 0.8889999999999991243 ) ) ;
#4683 = DIRECTION ( 'NONE',  ( 0.000000000000000000, 0.000000000000000000, 1.000000000000000000 ) ) ;
#4684 = ORIENTED_EDGE ( 'NONE', *, *, #158, .F. ) ;
#4685 = ADVANCED_FACE ( 'NONE', ( #3910 ), #2566, .T. ) ;
#4686 = EDGE_CURVE ( 'NONE', #421, #4220, #2118, .T. ) ;
#4687 = CARTESIAN_POINT ( 'NONE',  ( 8.910500157831741319, -0.4514852619340306572, 14.71813171206325599 ) ) ;
#4688 = ORIENTED_EDGE ( 'NONE', *, *, #1416, .F. ) ;
#4689 = DIRECTION ( 'NONE',  ( 1.000000000000000000, 0.000000000000000000, 0.000000000000000000 ) ) ;
#4690 = PLANE ( 'NONE',  #3588 ) ;
#4691 = CARTESIAN_POINT ( 'NONE',  ( 14.84062428128117261, -0.2213643086978015206, 1.239906310155703739 ) ) ;
#4692 = CIRCLE ( 'NONE', #2794, 3.174999999999999822 ) ;
#4693 = VERTEX_POINT ( 'NONE', #1736 ) ;
#4694 = CARTESIAN_POINT ( 'NONE',  ( -9.485382751754560360, 0.5000000000000006661, 0.8890000000000000124 ) ) ;
#4695 = CARTESIAN_POINT ( 'NONE',  ( -11.85705832225257517, -4.725000000000017408, 0.8549117561474216531 ) ) ;
#4696 = EDGE_CURVE ( 'NONE', #951, #3918, #3814, .T. ) ;
#4697 = CARTESIAN_POINT ( 'NONE',  ( 8.449999999999999289, 2.571758278209439985E-16, 5.460999999999999410 ) ) ;
#4698 = CARTESIAN_POINT ( 'NONE',  ( -11.84004241062034879, -4.725000000000017408, 0.2258184442831615013 ) ) ;
#4699 = B_SPLINE_CURVE_WITH_KNOTS ( 'NONE', 3,
 ( #364, #1784, #21, #1516 ),
 .UNSPECIFIED., .F., .F.,
 ( 4, 4 ),
 ( 0.000000000000000000, 1.000000000000000000 ),
 .UNSPECIFIED. ) ;
#4700 = EDGE_CURVE ( 'NONE', #3348, #4212, #952, .T. ) ;
#4701 = FACE_OUTER_BOUND ( 'NONE', #3123, .T. ) ;
#4702 = CARTESIAN_POINT ( 'NONE',  ( 16.95579290979978282, 4.724999999999997868, 4.553685660210808450 ) ) ;
#4703 = ORIENTED_EDGE ( 'NONE', *, *, #2805, .T. ) ;
#4704 = DIRECTION ( 'NONE',  ( -0.7071067811865479058, -0.7071067811865472397, -0.000000000000000000 ) ) ;
#4705 = B_SPLINE_CURVE_WITH_KNOTS ( 'NONE', 3,
 ( #2904, #674, #1059, #4846 ),
 .UNSPECIFIED., .F., .F.,
 ( 4, 4 ),
 ( 0.000000000000000000, 0.01010480395472936922 ),
 .UNSPECIFIED. ) ;
#4706 = AXIS2_PLACEMENT_3D ( 'NONE', #2028, #3862, #1262 ) ;
#4707 = ORIENTED_EDGE ( 'NONE', *, *, #493, .T. ) ;
#4708 = CARTESIAN_POINT ( 'NONE',  ( 2.327508022474163774, 2.360451946794186906, 15.27947650797871759 ) ) ;
#4709 = CARTESIAN_POINT ( 'NONE',  ( -16.07005903545933378, 1.940472401419969684, 4.413043904742893986 ) ) ;
#4710 = VERTEX_POINT ( 'NONE', #931 ) ;
#4711 = AXIS2_PLACEMENT_3D ( 'NONE', #4121, #3120, #2226 ) ;
#4712 = VECTOR ( 'NONE', #4704, 999.9999999999998863 ) ;
#4713 = DIRECTION ( 'NONE',  ( -0.000000000000000000, 1.000000000000000000, -0.000000000000000000 ) ) ;
#4714 = ORIENTED_EDGE ( 'NONE', *, *, #1352, .T. ) ;
#4715 = EDGE_CURVE ( 'NONE', #3961, #1484, #2267, .T. ) ;
#4716 = DIRECTION ( 'NONE',  ( -1.000000000000000000, 1.976513831063858933E-12, 0.000000000000000000 ) ) ;
#4717 = DIRECTION ( 'NONE',  ( 0.000000000000000000, 0.000000000000000000, -1.000000000000000000 ) ) ;
#4718 = CARTESIAN_POINT ( 'NONE',  ( -6.349999999999999645, -7.776507174585692163E-16, 5.460999999999999410 ) ) ;
#4719 = DIRECTION ( 'NONE',  ( -1.000000000000000000, 3.414809992080329023E-17, 0.000000000000000000 ) ) ;
#4720 = DIRECTION ( 'NONE',  ( 1.000000000000000000, 0.000000000000000000, 2.656528198616301021E-15 ) ) ;
#4721 = CARTESIAN_POINT ( 'NONE',  ( 17.31252573603507017, 6.224999999999999645, 10.93450120978525497 ) ) ;
#4722 = CARTESIAN_POINT ( 'NONE',  ( -3.265259330186732090, 5.460999999999999410, 13.20000000000000284 ) ) ;
#4723 = ORIENTED_EDGE ( 'NONE', *, *, #2652, .T. ) ;
#4724 = ORIENTED_EDGE ( 'NONE', *, *, #2396, .F. ) ;
#4725 = CARTESIAN_POINT ( 'NONE',  ( 6.349999999999999645, 2.389000000000000234, 12.69999999999999929 ) ) ;
#4726 = ORIENTED_EDGE ( 'NONE', *, *, #3418, .T. ) ;
#4727 = CARTESIAN_POINT ( 'NONE',  ( 7.879497189705108262, 2.367568335737527008, 15.06187057864281442 ) ) ;
#4728 = LINE ( 'NONE', #496, #4511 ) ;
#4729 = VERTEX_POINT ( 'NONE', #2098 ) ;
#4730 = VERTEX_POINT ( 'NONE', #1022 ) ;
#4731 = DIRECTION ( 'NONE',  ( -1.000000000000000000, -1.619113772785370638E-12, 0.000000000000000000 ) ) ;
#4732 = VECTOR ( 'NONE', #2025, 1000.000000000000000 ) ;
#4733 = CARTESIAN_POINT ( 'NONE',  ( -4.249999999999998224, -7.776507174585692163E-16, 5.460999999999999410 ) ) ;
#4734 = EDGE_CURVE ( 'NONE', #2073, #4777, #219, .T. ) ;
#4735 = CARTESIAN_POINT ( 'NONE',  ( 0.05878566802820335557, -4.282916931982027720, 12.16088874673805620 ) ) ;
#4736 = EDGE_CURVE ( 'NONE', #832, #1716, #3212, .T. ) ;
#4737 = EDGE_CURVE ( 'NONE', #454, #1518, #2495, .T. ) ;
#4738 = CARTESIAN_POINT ( 'NONE',  ( 9.355363478528273546, -2.199718680331922194, 9.414095573598091349 ) ) ;
#4739 = CARTESIAN_POINT ( 'NONE',  ( -85496.03231494898500, -484923.0791600152152, 12.20000000000000107 ) ) ;
#4740 = DIRECTION ( 'NONE',  ( 1.000000000000000000, -1.009768204895913922E-11, 0.000000000000000000 ) ) ;
#4741 = CARTESIAN_POINT ( 'NONE',  ( 6.349999999999999645, 0.8890000000000000124, 10.60000000000000142 ) ) ;
#4742 = B_SPLINE_CURVE_WITH_KNOTS ( 'NONE', 3,
 ( #900, #79, #3479, #234, #3615, #515 ),
 .UNSPECIFIED., .F., .F.,
 ( 4, 2, 4 ),
 ( 0.007920056252268398850, 0.01076402028785760842, 0.01360798432344681973 ),
 .UNSPECIFIED. ) ;
#4743 = CARTESIAN_POINT ( 'NONE',  ( -14.78104022996068423, -0.4999999999916129312, 3.255083369739770749 ) ) ;
#4744 = CARTESIAN_POINT ( 'NONE',  ( -9.895307910843950339, -0.6251334396009391448, 3.960999999999999410 ) ) ;
#4745 = ORIENTED_EDGE ( 'NONE', *, *, #4592, .T. ) ;
#4746 = AXIS2_PLACEMENT_3D ( 'NONE', #3728, #2585, #4819 ) ;
#4747 = CARTESIAN_POINT ( 'NONE',  ( 11.21114551312556706, 4.737197807460533205, 16.07464338710520835 ) ) ;
#4748 = ORIENTED_EDGE ( 'NONE', *, *, #4261, .F. ) ;
#4749 = FACE_OUTER_BOUND ( 'NONE', #4810, .T. ) ;
#4750 = ORIENTED_EDGE ( 'NONE', *, *, #3308, .F. ) ;
#4751 = DIRECTION ( 'NONE',  ( -1.000000000000000000, -1.619113772785370436E-12, -0.000000000000000000 ) ) ;
#4752 = CARTESIAN_POINT ( 'NONE',  ( -16.18007576965313632, 4.725000000000003197, 7.614121518509096909 ) ) ;
#4753 = ORIENTED_EDGE ( 'NONE', *, *, #1351, .T. ) ;
#4754 = ORIENTED_EDGE ( 'NONE', *, *, #1292, .F. ) ;
#4755 = EDGE_CURVE ( 'NONE', #2966, #4527, #1714, .T. ) ;
#4756 = DIRECTION ( 'NONE',  ( 1.000000000000000000, 1.232470294432441480E-11, 0.000000000000000000 ) ) ;
#4757 = EDGE_LOOP ( 'NONE', ( #1496, #129, #1176, #2821 ) ) ;
#4758 = DIRECTION ( 'NONE',  ( -0.000000000000000000, -0.000000000000000000, -1.000000000000000000 ) ) ;
#4759 = CARTESIAN_POINT ( 'NONE',  ( -12.67499999999999893, 6.224999999999996980, 18.09265550483547713 ) ) ;
#4760 = CARTESIAN_POINT ( 'NONE',  ( 12.88785080187894394, -3.318662997922518176, 0.06900465936459368455 ) ) ;
#4761 = EDGE_CURVE ( 'NONE', #3059, #1183, #460, .T. ) ;
#4762 = DIRECTION ( 'NONE',  ( -0.1736481776669270283, 0.9848077530122086864, -0.000000000000000000 ) ) ;
#4763 = CARTESIAN_POINT ( 'NONE',  ( 11.85705832225257517, -4.725000000000015632, 0.8549117561474216531 ) ) ;
#4764 = AXIS2_PLACEMENT_3D ( 'NONE', #444, #1194, #4054 ) ;
#4765 = CARTESIAN_POINT ( 'NONE',  ( -6.318350064623514228, 3.475046822787803968, 15.83157202283405951 ) ) ;
#4766 = CARTESIAN_POINT ( 'NONE',  ( 9.804017537242229352, -1.041164633318008681, 10.77617441518724917 ) ) ;
#4767 = LINE ( 'NONE', #4001, #4237 ) ;
#4768 = ORIENTED_EDGE ( 'NONE', *, *, #1226, .T. ) ;
#4769 = EDGE_CURVE ( 'NONE', #3265, #2297, #1756, .T. ) ;
#4770 = EDGE_CURVE ( 'NONE', #482, #2922, #2441, .T. ) ;
#4771 = DIRECTION ( 'NONE',  ( 0.7071067811865473507, 0.000000000000000000, -0.7071067811865477948 ) ) ;
#4772 = VERTEX_POINT ( 'NONE', #1831 ) ;
#4773 = CARTESIAN_POINT ( 'NONE',  ( 2.332106781186531475, -4.725000000000019185, 5.980178226026757748 ) ) ;
#4774 = CARTESIAN_POINT ( 'NONE',  ( -16.38390485300968891, 3.109128999613427702, 0.07714450240735390429 ) ) ;
#4775 = B_SPLINE_SURFACE_WITH_KNOTS ( 'NONE', 3, 3, ( 
 ( #2428, #2801, #3885, #3530 ),
 ( #1266, #904, #4315, #4709 ),
 ( #4339, #2823, #1319, #3986 ),
 ( #688, #1437, #3715, #612 ) ),
 .UNSPECIFIED., .F., .F., .F.,
 ( 4, 4 ),
 ( 4, 4 ),
 ( 0.000000000000000000, 0.3654142861780264595 ),
 ( 0.03982093037615005993, 0.9797159433005916407 ),
 .UNSPECIFIED. ) ;
#4776 = PRODUCT_DEFINITION_FORMATION_WITH_SPECIFIED_SOURCE ( 'ANY', '', #2200, .NOT_KNOWN. ) ;
#4777 = VERTEX_POINT ( 'NONE', #2970 ) ;
#4778 = CIRCLE ( 'NONE', #1854, 49.50000000000000000 ) ;
#4779 = CARTESIAN_POINT ( 'NONE',  ( -0.05718858809612951954, 2.355096721937254500, 15.28624964618002124 ) ) ;
#4780 = CARTESIAN_POINT ( 'NONE',  ( -13.38222837346969207, 4.724999999999999645, 12.79849959248531910 ) ) ;
#4781 = ORIENTED_EDGE ( 'NONE', *, *, #4087, .F. ) ;
#4782 = ORIENTED_EDGE ( 'NONE', *, *, #2860, .F. ) ;
#4783 = CARTESIAN_POINT ( 'NONE',  ( 2.042893218813451650, -3.600000000000003197, 3.961000000003878085 ) ) ;
#4784 = VECTOR ( 'NONE', #1611, 1000.000000000000000 ) ;
#4785 = ADVANCED_FACE ( 'NONE', ( #340 ), #1436, .F. ) ;
#4786 = EDGE_LOOP ( 'NONE', ( #2211, #1643, #4480, #4557 ) ) ;
#4787 = VECTOR ( 'NONE', #2337, 1000.000000000000114 ) ;
#4788 = CARTESIAN_POINT ( 'NONE',  ( -6.349999999999999645, 5.460999999999999410, 14.80000000000000071 ) ) ;
#4789 = VECTOR ( 'NONE', #385, 1000.000000000000000 ) ;
#4790 = CARTESIAN_POINT ( 'NONE',  ( -7.154323203978671723E-16, 0.3237212969643757376, 16.85155136642932661 ) ) ;
#4791 = CARTESIAN_POINT ( 'NONE',  ( 7.631598395062908047, -3.729740503392807049, 8.469721900545764015 ) ) ;
#4792 = CARTESIAN_POINT ( 'NONE',  ( -10.08774464581311925, 6.225000000000061817, 5.460999999999999410 ) ) ;
#4793 = EDGE_LOOP ( 'NONE', ( #2558, #2506 ) ) ;
#4794 = CARTESIAN_POINT ( 'NONE',  ( 9.967800254603172760, 5.544761554765699429, 16.56701573674304129 ) ) ;
#4795 = DIRECTION ( 'NONE',  ( -1.000000000000000000, -6.829619984160658046E-17, -0.000000000000000000 ) ) ;
#4796 = CARTESIAN_POINT ( 'NONE',  ( -8.328147968071927920, 2.527312209214545025, 15.12380626392089766 ) ) ;
#4797 = CARTESIAN_POINT ( 'NONE',  ( -16.62442637886590902, 3.870122312772457995, 0.1249999999999972938 ) ) ;
#4798 = LINE ( 'NONE', #305, #65 ) ;
#4799 = CARTESIAN_POINT ( 'NONE',  ( 0.01339973797613525433, -4.418356604033387036, 6.882563584761654418 ) ) ;
#4800 = ORIENTED_EDGE ( 'NONE', *, *, #3198, .T. ) ;
#4801 = PLANE ( 'NONE',  #887 ) ;
#4802 = CARTESIAN_POINT ( 'NONE',  ( -12.68937936066216565, -3.708361235486266949, 1.835747073658921424 ) ) ;
#4803 = EDGE_CURVE ( 'NONE', #3243, #1833, #4699, .T. ) ;
#4804 = EDGE_CURVE ( 'NONE', #482, #1790, #2270, .T. ) ;
#4805 = ORIENTED_EDGE ( 'NONE', *, *, #658, .T. ) ;
#4806 = CARTESIAN_POINT ( 'NONE',  ( -18.89999999999999503, 6.224999999999988987, 0.1250000000000001110 ) ) ;
#4807 = ORIENTED_EDGE ( 'NONE', *, *, #1386, .F. ) ;
#4808 = LINE ( 'NONE', #265, #4623 ) ;
#4809 = ORIENTED_EDGE ( 'NONE', *, *, #3113, .F. ) ;
#4810 = EDGE_LOOP ( 'NONE', ( #3315, #2705, #3935, #1570 ) ) ;
#4811 = DIRECTION ( 'NONE',  ( 0.000000000000000000, -1.000000000000000000, 0.000000000000000000 ) ) ;
#4812 = FACE_OUTER_BOUND ( 'NONE', #2825, .T. ) ;
#4813 = VECTOR ( 'NONE', #1403, 1000.000000000000000 ) ;
#4814 = CARTESIAN_POINT ( 'NONE',  ( 12.07138707092605756, -4.428090349702889839, 0.05019177171650041763 ) ) ;
#4815 = VECTOR ( 'NONE', #1000, 1000.000000000000114 ) ;
#4816 = CARTESIAN_POINT ( 'NONE',  ( -4.486502985212288408, 2.570603795974261363, 3.961000000003878085 ) ) ;
#4817 = ORIENTED_EDGE ( 'NONE', *, *, #1293, .T. ) ;
#4818 = DIRECTION ( 'NONE',  ( 1.000000000000000000, 0.000000000000000000, 0.000000000000000000 ) ) ;
#4819 = DIRECTION ( 'NONE',  ( 0.000000000000000000, 0.000000000000000000, 1.000000000000000000 ) ) ;
#4820 = CARTESIAN_POINT ( 'NONE',  ( -5.556178435132077098, 3.226667738117528383, 15.72751057099482708 ) ) ;
#4821 = ADVANCED_FACE ( 'NONE', ( #2941 ), #2594, .T. ) ;
#4822 = FACE_OUTER_BOUND ( 'NONE', #3471, .T. ) ;
#4823 = FACE_OUTER_BOUND ( 'NONE', #1065, .T. ) ;
#4824 = ORIENTED_EDGE ( 'NONE', *, *, #2094, .F. ) ;
#4825 = CARTESIAN_POINT ( 'NONE',  ( -1.922298907845347626, -4.415960025428495861, 6.886940533048705682 ) ) ;
#4826 = ORIENTED_EDGE ( 'NONE', *, *, #3401, .F. ) ;
#4827 = DIRECTION ( 'NONE',  ( -2.656528198616301416E-15, 0.000000000000000000, 1.000000000000000000 ) ) ;
#4828 = CARTESIAN_POINT ( 'NONE',  ( -14.37211913915503025, -1.004259985711642100, 0.08989677058432880841 ) ) ;
#4829 = CIRCLE ( 'NONE', #2289, 3.125000000000000888 ) ;
#4830 = CARTESIAN_POINT ( 'NONE',  ( -0.5000000000000004441, -500000.0000000000582, 7.238999999999999879 ) ) ;
#4831 = CARTESIAN_POINT ( 'NONE',  ( -3.214617248245439374, -0.5000000000000001110, 3.960999999999999410 ) ) ;
#4832 = ORIENTED_EDGE ( 'NONE', *, *, #4261, .T. ) ;
#4833 = AXIS2_PLACEMENT_3D ( 'NONE', #4537, #1105, #4863 ) ;
#4834 = LINE ( 'NONE', #2944, #767 ) ;
#4835 = VECTOR ( 'NONE', #1070, 1000.000000000000000 ) ;
#4836 = ORIENTED_EDGE ( 'NONE', *, *, #293, .T. ) ;
#4837 = EDGE_LOOP ( 'NONE', ( #4634, #292, #2377, #4216, #1828, #4197, #3790 ) ) ;
#4838 = EDGE_CURVE ( 'NONE', #3507, #2646, #4548, .T. ) ;
#4839 = EDGE_CURVE ( 'NONE', #3701, #3134, #3344, .T. ) ;
#4840 = DIRECTION ( 'NONE',  ( 0.7071067811865474617, 0.000000000000000000, -0.7071067811865474617 ) ) ;
#4841 = LINE ( 'NONE', #2950, #2872 ) ;
#4842 = CARTESIAN_POINT ( 'NONE',  ( 12.08930836613994053, -4.426589634893693948, 0.5135177175591788545 ) ) ;
#4843 = CARTESIAN_POINT ( 'NONE',  ( -3.265259330186732090, -500000.0000000000582, 12.20000000000000107 ) ) ;
#4844 = ORIENTED_EDGE ( 'NONE', *, *, #4769, .T. ) ;
#4845 = CARTESIAN_POINT ( 'NONE',  ( 12.92737962954398334, -3.393805134709046989, 1.676602710102343519 ) ) ;
#4846 = CARTESIAN_POINT ( 'NONE',  ( -10.08774464579181895, 6.225000000000004974, 16.79725393340227768 ) ) ;
#4847 = CARTESIAN_POINT ( 'NONE',  ( -6.116428892218654489, 3.438894224515919973, 15.82227884479999958 ) ) ;
#4848 = CARTESIAN_POINT ( 'NONE',  ( 10.78906273388258086, 0.3906354500405988528, 16.46671491501935947 ) ) ;
#4849 = DIRECTION ( 'NONE',  ( 1.000000000000000000, 0.000000000000000000, 0.000000000000000000 ) ) ;
#4850 = ADVANCED_FACE ( 'NONE', ( #311 ), #4856, .T. ) ;
#4851 = LINE ( 'NONE', #2541, #3213 ) ;
#4852 = EDGE_LOOP ( 'NONE', ( #1883, #568, #575, #4475 ) ) ;
#4853 = CARTESIAN_POINT ( 'NONE',  ( -0.9178932188134373282, -4.725000000000017408, 500000.0000000000582 ) ) ;
#4854 = CARTESIAN_POINT ( 'NONE',  ( -4.421507797587199917, -3.599999999999999645, 8.572971986281524792 ) ) ;
#4855 = AXIS2_PLACEMENT_3D ( 'NONE', #920, #143, #2459 ) ;
#4856 = PLANE ( 'NONE',  #294 ) ;
#4857 = DIRECTION ( 'NONE',  ( 1.000000000000000000, 0.000000000000000000, 0.000000000000000000 ) ) ;
#4858 = EDGE_LOOP ( 'NONE', ( #4502, #160, #1776, #2840, #4313, #640, #2513 ) ) ;
#4859 = CARTESIAN_POINT ( 'NONE',  ( 12.87936000280358151, 3.094466767119353534, 12.14570697329999227 ) ) ;
#4860 = ORIENTED_EDGE ( 'NONE', *, *, #4558, .T. ) ;
#4861 = LINE ( 'NONE', #1471, #3494 ) ;
#4862 = CARTESIAN_POINT ( 'NONE',  ( 10.60429256900984818, 3.395718362643038724, 15.47136208565024340 ) ) ;
#4863 = DIRECTION ( 'NONE',  ( 1.000000000000000000, 0.000000000000000000, 0.000000000000000000 ) ) ;
#4864 = EDGE_CURVE ( 'NONE', #1467, #2017, #4047, .T. ) ;
#4865 = CARTESIAN_POINT ( 'NONE',  ( -12.54999999999999716, -6.224999999999998757, 0.4166666666666682395 ) ) ;
#4866 = LINE ( 'NONE', #3678, #3533 ) ;
#4867 = LINE ( 'NONE', #1453, #4032 ) ;
#4868 = CYLINDRICAL_SURFACE ( 'NONE', #1275, 3.125000000000000888 ) ;
#4869 = CARTESIAN_POINT ( 'NONE',  ( 9.053811294950389055, -2.399750869967280487, 9.364802216859528627 ) ) ;
#4870 = CARTESIAN_POINT ( 'NONE',  ( 17.42842552038258930, 1.777022275361395343, 0.1250000000000001388 ) ) ;
#4871 = AXIS2_PLACEMENT_3D ( 'NONE', #3390, #12, #4492 ) ;
#4872 = B_SPLINE_CURVE_WITH_KNOTS ( 'NONE', 3,
 ( #4535, #2300, #3796, #3381 ),
 .UNSPECIFIED., .F., .F.,
 ( 4, 4 ),
 ( 0.004576147104108749426, 0.004591429654311409043 ),
 .UNSPECIFIED. ) ;
#4873 = CARTESIAN_POINT ( 'NONE',  ( -15.16138137549896392, 0.5000000000171727077, 4.053967618063337497 ) ) ;
#4874 = ORIENTED_EDGE ( 'NONE', *, *, #3207, .T. ) ;
#4875 = CARTESIAN_POINT ( 'NONE',  ( 0.06109369751522161079, 3.564081524034350412, 16.11153291388537667 ) ) ;
#4876 = CARTESIAN_POINT ( 'NONE',  ( -14.80368636897695467, -0.1970091068383491018, 0.08846440002278330161 ) ) ;
#4877 = CARTESIAN_POINT ( 'NONE',  ( 6.704741207019270455, -2.581586236795692546, 12.68762094722111655 ) ) ;
#4878 = ORIENTED_EDGE ( 'NONE', *, *, #1742, .T. ) ;
#4879 = EDGE_LOOP ( 'NONE', ( #2147, #2674, #2533 ) ) ;
#4880 = CARTESIAN_POINT ( 'NONE',  ( 16.07005903545699255, 1.940472401413849912, 4.413043904739904377 ) ) ;
ENDSEC;
END-ISO-10303-21;
