ISO-10303-21;
HEADER;
FILE_DESCRIPTION (( 'STEP AP203' ),
    '1' );
FILE_NAME ('228-2500-1110.step',
    '2022-06-06T18:59:32',
    ( '' ),
    ( '' ),
    'SwSTEP 2.0',
    'SolidWorks 2021',
    '' );
FILE_SCHEMA (( 'CONFIG_CONTROL_DESIGN' ));
ENDSEC;

DATA;
#1 = DIRECTION ( 'NONE',  ( -1.000000000000000000, -5.004010026856173789E-17, -1.160930326230632294E-14 ) ) ;
#2 = ORIENTED_EDGE ( 'NONE', *, *, #7363, .T. ) ;
#3 = VECTOR ( 'NONE', #2037, 1000.000000000000000 ) ;
#4 = CARTESIAN_POINT ( 'NONE',  ( 12.20593864038758980, 1.999999999999997780, 0.07488112346030226241 ) ) ;
#5 = CARTESIAN_POINT ( 'NONE',  ( 28.40186619144335722, 2.000000000000003553, -4.174999999999999822 ) ) ;
#6 = EDGE_CURVE ( 'NONE', #2494, #322, #5766, .T. ) ;
#7 = DIRECTION ( 'NONE',  ( -0.000000000000000000, -0.000000000000000000, 1.000000000000000000 ) ) ;
#8 = ORIENTED_EDGE ( 'NONE', *, *, #2184, .F. ) ;
#9 = CARTESIAN_POINT ( 'NONE',  ( 20.54406135961241020, 1.999999999999999112, 2.287000000000006139 ) ) ;
#10 = VERTEX_POINT ( 'NONE', #6302 ) ;
#11 = EDGE_CURVE ( 'NONE', #6126, #6275, #6833, .T. ) ;
#12 = CARTESIAN_POINT ( 'NONE',  ( 19.54406135961241020, -1.999999999999999556, -5.461999999999999744 ) ) ;
#13 = CARTESIAN_POINT ( 'NONE',  ( 12.20593864038758980, 0.4999999999999996669, -5.461999999999999744 ) ) ;
#14 = CARTESIAN_POINT ( 'NONE',  ( 36.43462352320882047, -3.125000000000000000, -3.174999999999997158 ) ) ;
#15 = ORIENTED_EDGE ( 'NONE', *, *, #1803, .T. ) ;
#16 = DIRECTION ( 'NONE',  ( 0.000000000000000000, 0.000000000000000000, 1.000000000000000000 ) ) ;
#17 = ORIENTED_EDGE ( 'NONE', *, *, #6333, .F. ) ;
#19 = ORIENTED_EDGE ( 'NONE', *, *, #1608, .F. ) ;
#18 = DIRECTION ( 'NONE',  ( -1.000000000000000000, 0.000000000000000000, 0.000000000000000000 ) ) ;
#20 = CARTESIAN_POINT ( 'NONE',  ( 4.684623523208827578, -1.596637958731250917, 0.7859999999999995879 ) ) ;
#21 = EDGE_CURVE ( 'NONE', #626, #3403, #1979, .T. ) ;
#22 = CARTESIAN_POINT ( 'NONE',  ( 34.91974964083767929, -2.298627031425551692, -1.027625434745781163 ) ) ;
#23 = CARTESIAN_POINT ( 'NONE',  ( 54.87113176926450109, -0.4999999999999976130, -2.631076698080709875 ) ) ;
#24 = ORIENTED_EDGE ( 'NONE', *, *, #6972, .F. ) ;
#25 = CARTESIAN_POINT ( 'NONE',  ( 54.30052385745097610, -6.349999999999999645, 0.6050015783174087503 ) ) ;
#26 = CARTESIAN_POINT ( 'NONE',  ( 28.78592399034133820, -2.539715928915414089, -1.212852455690448750 ) ) ;
#27 = ORIENTED_EDGE ( 'NONE', *, *, #2776, .F. ) ;
#28 = CARTESIAN_POINT ( 'NONE',  ( 40.94947614254902390, -0.4999999999999995559, -3.780001578317405908 ) ) ;
#29 = CARTESIAN_POINT ( 'NONE',  ( 58.81537647679117953, -1.999999999999997780, -25.00000000000000000 ) ) ;
#30 = EDGE_CURVE ( 'NONE', #4813, #6015, #71, .T. ) ;
#31 = PLANE ( 'NONE',  #6688 ) ;
#32 = CIRCLE ( 'NONE', #1997, 2.100000000000000089 ) ;
#33 = ORIENTED_EDGE ( 'NONE', *, *, #1497, .T. ) ;
#34 = CARTESIAN_POINT ( 'NONE',  ( 3.169749640837681959, 2.298627031425547695, 2.147374565254216439 ) ) ;
#35 = ORIENTED_EDGE ( 'NONE', *, *, #5913, .F. ) ;
#36 = LINE ( 'NONE', #8071, #3995 ) ;
#37 = DIRECTION ( 'NONE',  ( -0.000000000000000000, -0.000000000000000000, 1.000000000000000000 ) ) ;
#38 = VERTEX_POINT ( 'NONE', #5632 ) ;
#39 = PLANE ( 'NONE',  #4177 ) ;
#40 = LINE ( 'NONE', #7956, #7917 ) ;
#41 = ORIENTED_EDGE ( 'NONE', *, *, #5490, .T. ) ;
#42 = CARTESIAN_POINT ( 'NONE',  ( 4.684623523208827578, -1.596637958731250917, -0.7860000000000000320 ) ) ;
#43 = EDGE_CURVE ( 'NONE', #2191, #1782, #6338, .T. ) ;
#44 = EDGE_LOOP ( 'NONE', ( #1681, #427, #1513, #1220 ) ) ;
#45 = EDGE_CURVE ( 'NONE', #1586, #1582, #36, .T. ) ;
#46 = DIRECTION ( 'NONE',  ( -2.553335745242634272E-32, 1.000000000000000000, 1.379057453301393079E-16 ) ) ;
#47 = CARTESIAN_POINT ( 'NONE',  ( 19.54406135961241375, 0.4999999999999995559, 0.08681072319625764144 ) ) ;
#48 = AXIS2_PLACEMENT_3D ( 'NONE', #3824, #6308, #3217 ) ;
#49 = ORIENTED_EDGE ( 'NONE', *, *, #7230, .T. ) ;
#50 = CARTESIAN_POINT ( 'NONE',  ( 51.29406135961241375, 1.999999999999998668, -3.205707173329725990 ) ) ;
#51 = EDGE_CURVE ( 'NONE', #711, #2522, #1966, .T. ) ;
#52 = ORIENTED_EDGE ( 'NONE', *, *, #3470, .T. ) ;
#53 = EDGE_CURVE ( 'NONE', #1846, #4235, #1319, .T. ) ;
#54 = AXIS2_PLACEMENT_3D ( 'NONE', #140, #5990, #4112 ) ;
#56 = VERTEX_POINT ( 'NONE', #1354 ) ;
#55 = CARTESIAN_POINT ( 'NONE',  ( 60.33674029251118753, -2.286851900232855339, 2.126270054425182021 ) ) ;
#57 = CARTESIAN_POINT ( 'NONE',  ( 27.06537647679117953, -1.596637958731250917, -3.960999999999997634 ) ) ;
#58 = CARTESIAN_POINT ( 'NONE',  ( 12.20593864038759335, 0.5000000000000004441, -3.261810723196256312 ) ) ;
#59 = CIRCLE ( 'NONE', #2023, 25.00000000000000000 ) ;
#60 = ORIENTED_EDGE ( 'NONE', *, *, #6982, .T. ) ;
#61 = EDGE_LOOP ( 'NONE', ( #4757, #3914, #5299, #6653 ) ) ;
#62 = ADVANCED_FACE ( 'NONE', ( #118 ), #2631, .F. ) ;
#63 = CARTESIAN_POINT ( 'NONE',  ( 51.29406135961241375, 1.999999999999997335, 1.324616196478835661 ) ) ;
#64 = CARTESIAN_POINT ( 'NONE',  ( 4.684623523208827578, -1.999999999999997780, 2.230748789119931352 ) ) ;
#65 = ORIENTED_EDGE ( 'NONE', *, *, #1823, .F. ) ;
#66 = LINE ( 'NONE', #1957, #3396 ) ;
#67 = CARTESIAN_POINT ( 'NONE',  ( 4.684623523208825802, -6.349999999999999645, -25.00000000000000000 ) ) ;
#68 = DIRECTION ( 'NONE',  ( -2.358327139162379357E-17, 1.000000000000000000, 1.337473782904259637E-16 ) ) ;
#69 = CARTESIAN_POINT ( 'NONE',  ( 2.584457807962635023, 2.921324573982207795, 1.494002433685477804 ) ) ;
#70 = ORIENTED_EDGE ( 'NONE', *, *, #7722, .T. ) ;
#71 = LINE ( 'NONE', #6938, #2959 ) ;
#72 = VERTEX_POINT ( 'NONE', #6202 ) ;
#73 = DIRECTION ( 'NONE',  ( -1.000000000000000000, -1.477492560386118231E-16, 0.000000000000000000 ) ) ;
#74 = B_SPLINE_CURVE_WITH_KNOTS ( 'NONE', 3,
 ( #6691, #7339, #5312, #4057, #5467, #5507, #5922, #3636, #7947, #2765, #5882, #6121 ),
 .UNSPECIFIED., .F., .F.,
 ( 4, 2, 2, 2, 2, 4 ),
 ( 2.168404344971008868E-19, 0.0002680472927737241455, 0.0005360945855474480741, 0.001072189171094895498, 0.001608283756642342379, 0.002144378342189789260 ),
 .UNSPECIFIED. ) ;
#75 = FACE_OUTER_BOUND ( 'NONE', #4168, .T. ) ;
#76 =( BOUNDED_CURVE ( )  B_SPLINE_CURVE ( 3, ( #2844, #5315, #7794, #5886 ),
 .UNSPECIFIED., .F., .T. ) 
 B_SPLINE_CURVE_WITH_KNOTS ( ( 4, 4 ),
 ( 6.010926187993207215, 6.283185307179586232 ),
 .UNSPECIFIED. ) 
 CURVE ( )  GEOMETRIC_REPRESENTATION_ITEM ( )  RATIONAL_B_SPLINE_CURVE ( ( 1.000000000000000000, 0.9938324475413838899, 0.9938324475413838899, 1.000000000000000000 ) ) 
 REPRESENTATION_ITEM ( '' )  );
#77 = EDGE_CURVE ( 'NONE', #2410, #5115, #2002, .T. ) ;
#78 = VERTEX_POINT ( 'NONE', #6976 ) ;
#79 = DIRECTION ( 'NONE',  ( 1.851507882525183222E-16, 0.000000000000000000, -1.000000000000000000 ) ) ;
#80 = CARTESIAN_POINT ( 'NONE',  ( 9.199476142549027458, -0.5000000000000004441, 0.6050015783174087503 ) ) ;
#81 = ORIENTED_EDGE ( 'NONE', *, *, #3104, .F. ) ;
#82 = CIRCLE ( 'NONE', #1654, 27.23074878911993224 ) ;
#83 = LINE ( 'NONE', #2594, #4011 ) ;
#84 = CARTESIAN_POINT ( 'NONE',  ( 34.32817835191314515, 2.927803305813788004, -1.678426178508461319 ) ) ;
#85 = FACE_OUTER_BOUND ( 'NONE', #6706, .T. ) ;
#86 = CC_DESIGN_PERSON_AND_ORGANIZATION_ASSIGNMENT ( #4082, #7820, ( #1317 ) ) ;
#87 = VERTEX_POINT ( 'NONE', #1390 ) ;
#88 = VECTOR ( 'NONE', #7664, 1000.000000000000000 ) ;
#89 = CARTESIAN_POINT ( 'NONE',  ( 19.54406135961241020, -1.596637958731240703, -4.555719746345368470 ) ) ;
#90 = EDGE_CURVE ( 'NONE', #1630, #4998, #3441, .T. ) ;
#91 = ORIENTED_EDGE ( 'NONE', *, *, #3410, .F. ) ;
#92 = CARTESIAN_POINT ( 'NONE',  ( 2.372022698482601388, -3.095724199259894949, 0.8383492450537458618 ) ) ;
#94 = VERTEX_POINT ( 'NONE', #6365 ) ;
#93 = CARTESIAN_POINT ( 'NONE',  ( 2.863632680425970634, -2.651084560595148965, 1.863491676086436399 ) ) ;
#95 = CARTESIAN_POINT ( 'NONE',  ( 42.95593864038758625, -0.5000000000000002220, -1.395354880397274844 ) ) ;
#96 = VECTOR ( 'NONE', #6699, 1000.000000000000000 ) ;
#97 = DIRECTION ( 'NONE',  ( 1.000000000000000000, -1.626303258728256158E-16, 6.216092455583556651E-15 ) ) ;
#98 = CARTESIAN_POINT ( 'NONE',  ( 3.867815921162763182, -0.4999999999999987232, 2.287000000000002586 ) ) ;
#99 = ADVANCED_FACE ( 'NONE', ( #3759 ), #4941, .F. ) ;
#100 = VERTEX_POINT ( 'NONE', #7134 ) ;
#101 = VECTOR ( 'NONE', #5550, 999.9999999999998863 ) ;
#102 = FACE_OUTER_BOUND ( 'NONE', #7503, .T. ) ;
#103 = EDGE_CURVE ( 'NONE', #6632, #4987, #1551, .T. ) ;
#104 = ORIENTED_EDGE ( 'NONE', *, *, #6684, .F. ) ;
#105 = FACE_OUTER_BOUND ( 'NONE', #6201, .T. ) ;
#106 = CARTESIAN_POINT ( 'NONE',  ( 29.28094047678412437, -3.019273089085234396, -1.906457704699313860 ) ) ;
#107 = AXIS2_PLACEMENT_3D ( 'NONE', #7034, #4502, #7595 ) ;
#108 = VERTEX_POINT ( 'NONE', #5225 ) ;
#109 = DIRECTION ( 'NONE',  ( -0.000000000000000000, -0.000000000000000000, 1.000000000000000000 ) ) ;
#110 = CARTESIAN_POINT ( 'NONE',  ( 22.89782021278483271, -2.000000000000002665, -1.810386072292989423 ) ) ;
#111 = VECTOR ( 'NONE', #5715, 1000.000000000000000 ) ;
#112 = ADVANCED_FACE ( 'NONE', ( #7619 ), #7702, .F. ) ;
#113 = LINE ( 'NONE', #3391, #7471 ) ;
#114 = AXIS2_PLACEMENT_3D ( 'NONE', #4286, #6200, #3156 ) ;
#115 = ORIENTED_EDGE ( 'NONE', *, *, #6153, .T. ) ;
#116 = DIRECTION ( 'NONE',  ( -1.000000000000000000, -0.000000000000000000, -2.970001569282669714E-29 ) ) ;
#117 = ORIENTED_EDGE ( 'NONE', *, *, #784, .T. ) ;
#118 = FACE_OUTER_BOUND ( 'NONE', #6957, .T. ) ;
#119 = VECTOR ( 'NONE', #6871, 1000.000000000000114 ) ;
#120 = ORIENTED_EDGE ( 'NONE', *, *, #2383, .F. ) ;
#121 = CARTESIAN_POINT ( 'NONE',  ( 52.29406135961241375, 0.5000000000000002220, -1.779645119602722980 ) ) ;
#122 = ADVANCED_FACE ( 'NONE', ( #2669 ), #3438, .T. ) ;
#123 = CYLINDRICAL_SURFACE ( 'NONE', #6214, 3.899999999999997247 ) ;
#124 = AXIS2_PLACEMENT_3D ( 'NONE', #3710, #6811, #6196 ) ;
#125 = CIRCLE ( 'NONE', #3144, 22.76925121088006776 ) ;
#126 = VERTEX_POINT ( 'NONE', #2091 ) ;
#127 = CARTESIAN_POINT ( 'NONE',  ( 43.95593864038759335, 1.868478067631187178, -4.536902506744155517 ) ) ;
#128 = VECTOR ( 'NONE', #6595, 1000.000000000000000 ) ;
#129 = FACE_OUTER_BOUND ( 'NONE', #2734, .T. ) ;
#130 = EDGE_LOOP ( 'NONE', ( #5329, #878, #6199, #3350 ) ) ;
#131 = PLANE ( 'NONE',  #5311 ) ;
#132 = LINE ( 'NONE', #5799, #5657 ) ;
#133 = EDGE_CURVE ( 'NONE', #7857, #6919, #317, .T. ) ;
#134 =( BOUNDED_CURVE ( )  B_SPLINE_CURVE ( 3, ( #7838, #6094, #2926, #5401 ),
 .UNSPECIFIED., .F., .T. ) 
 B_SPLINE_CURVE_WITH_KNOTS ( ( 4, 4 ),
 ( 3.782953956100590709, 3.795397441937025995 ),
 .UNSPECIFIED. ) 
 CURVE ( )  GEOMETRIC_REPRESENTATION_ITEM ( )  RATIONAL_B_SPLINE_CURVE ( ( 1.000000000000000000, 0.9999870966799773164, 0.9999870966799773164, 1.000000000000000000 ) ) 
 REPRESENTATION_ITEM ( '' )  );
#135 = ORIENTED_EDGE ( 'NONE', *, *, #5786, .F. ) ;
#136 = CARTESIAN_POINT ( 'NONE',  ( 43.95593864038759335, 1.999999999999999112, 2.287000000000010580 ) ) ;
#137 = ORIENTED_EDGE ( 'NONE', *, *, #166, .T. ) ;
#138 = DIRECTION ( 'NONE',  ( 2.970001569282669714E-29, -1.358106471860483123E-16, 1.000000000000000000 ) ) ;
#139 = EDGE_LOOP ( 'NONE', ( #4005, #7086, #2055, #3220 ) ) ;
#140 = CARTESIAN_POINT ( 'NONE',  ( 54.64782021278482915, -6.349999999999999645, -1.364613927707009067 ) ) ;
#141 = CARTESIAN_POINT ( 'NONE',  ( 4.684623523208825802, 2.000000000000006661, -25.00000000000000000 ) ) ;
#142 = DIRECTION ( 'NONE',  ( 0.000000000000000000, 0.000000000000000000, 1.000000000000000000 ) ) ;
#143 = EDGE_CURVE ( 'NONE', #4462, #6814, #3964, .T. ) ;
#144 = ORIENTED_EDGE ( 'NONE', *, *, #1013, .F. ) ;
#145 = CARTESIAN_POINT ( 'NONE',  ( 43.95593864038759335, -1.999999999999999112, 2.287000000000009692 ) ) ;
#146 = ORIENTED_EDGE ( 'NONE', *, *, #1722, .F. ) ;
#147 = AXIS2_PLACEMENT_3D ( 'NONE', #7488, #1904, #8048 ) ;
#148 = DIRECTION ( 'NONE',  ( -0.000000000000000000, -1.000000000000000000, 0.000000000000000000 ) ) ;
#149 = DIRECTION ( 'NONE',  ( 1.000000000000000000, -0.000000000000000000, -0.000000000000000000 ) ) ;
#150 = EDGE_CURVE ( 'NONE', #5508, #3236, #7247, .T. ) ;
#151 = ORIENTED_EDGE ( 'NONE', *, *, #4262, .F. ) ;
#152 = CARTESIAN_POINT ( 'NONE',  ( 43.95593864038759335, -1.999999999999999112, 2.287000000000009692 ) ) ;
#153 = DIRECTION ( 'NONE',  ( 1.000000000000000000, 0.000000000000000000, 1.851507882525182976E-16 ) ) ;
#154 = EDGE_CURVE ( 'NONE', #3998, #3198, #7062, .T. ) ;
#155 = CARTESIAN_POINT ( 'NONE',  ( 23.12113176926450109, 1.596637958731240481, -0.5439233019192888374 ) ) ;
#156 = ORIENTED_EDGE ( 'NONE', *, *, #1798, .F. ) ;
#157 = DIRECTION ( 'NONE',  ( 0.9848077530122080203, 0.000000000000000000, -0.1736481776669310806 ) ) ;
#158 = ADVANCED_FACE ( 'NONE', ( #2127 ), #852, .F. ) ;
#159 = VERTEX_POINT ( 'NONE', #4607 ) ;
#160 = DIRECTION ( 'NONE',  ( 1.000000000000000000, 0.000000000000000000, 0.000000000000000000 ) ) ;
#161 = CARTESIAN_POINT ( 'NONE',  ( 58.81537647679117953, -6.349999999999999645, 1.000000000000000888 ) ) ;
#162 = DIRECTION ( 'NONE',  ( -0.000000000000000000, -0.000000000000000000, 1.000000000000000000 ) ) ;
#163 = ORIENTED_EDGE ( 'NONE', *, *, #8024, .F. ) ;
#164 = CARTESIAN_POINT ( 'NONE',  ( 9.025827964882100929, 3.125000000000000000, -0.3798061746948026007 ) ) ;
#165 = AXIS2_PLACEMENT_3D ( 'NONE', #1832, #8015, #5082 ) ;
#166 = EDGE_CURVE ( 'NONE', #3176, #5664, #5908, .T. ) ;
#167 = CARTESIAN_POINT ( 'NONE',  ( 19.54406135961241020, -1.868478067631186956, -4.536902506744155517 ) ) ;
#168 = VERTEX_POINT ( 'NONE', #6410 ) ;
#169 = VECTOR ( 'NONE', #1763, 1000.000000000000000 ) ;
#170 = FACE_OUTER_BOUND ( 'NONE', #7566, .T. ) ;
#171 = CARTESIAN_POINT ( 'NONE',  ( 34.18247968403397152, 3.049930884228326811, -1.982975358183012515 ) ) ;
#172 = VECTOR ( 'NONE', #5475, 1000.000000000000114 ) ;
#173 = ORIENTED_EDGE ( 'NONE', *, *, #6103, .T. ) ;
#174 = DIRECTION ( 'NONE',  ( -2.216238840579179565E-16, -1.000000000000000000, -1.334402673828313586E-16 ) ) ;
#175 = ORIENTED_EDGE ( 'NONE', *, *, #4162, .T. ) ;
#176 = FACE_OUTER_BOUND ( 'NONE', #2910, .T. ) ;
#178 = ORIENTED_EDGE ( 'NONE', *, *, #4135, .T. ) ;
#177 = CARTESIAN_POINT ( 'NONE',  ( 28.40186619144336078, -2.000000000000000444, -2.175000000000001155 ) ) ;
#179 = ADVANCED_FACE ( 'NONE', ( #2166 ), #1433, .T. ) ;
#180 = CARTESIAN_POINT ( 'NONE',  ( 52.29406135961241375, -0.4999999999999998890, -1.000000000000000000 ) ) ;
#181 = LINE ( 'NONE', #5246, #6236 ) ;
#182 = DIRECTION ( 'NONE',  ( -0.9848077530122079093, 0.000000000000000000, -0.1736481776669310528 ) ) ;
#183 = EDGE_LOOP ( 'NONE', ( #4669, #6986, #6599, #7010, #5255, #6483, #5777, #4060, #5394, #5887, #192, #3849, #3984 ) ) ;
#184 = DIRECTION ( 'NONE',  ( 0.000000000000000000, 0.000000000000000000, 1.000000000000000000 ) ) ;
#185 = EDGE_LOOP ( 'NONE', ( #1281, #7319, #7629, #6762 ) ) ;
#186 = LINE ( 'NONE', #5014, #7276 ) ;
#187 = DIRECTION ( 'NONE',  ( -1.000000000000000000, 0.000000000000000000, 2.970001569282669714E-29 ) ) ;
#188 = ORIENTED_EDGE ( 'NONE', *, *, #6363, .F. ) ;
#189 = DIRECTION ( 'NONE',  ( -0.9848077530122079093, 0.000000000000000000, -0.1736481776669313304 ) ) ;
#190 = CARTESIAN_POINT ( 'NONE',  ( 21.23949863294299334, -0.5000000000000003331, -1.517979235075783473 ) ) ;
#191 = LINE ( 'NONE', #3277, #4008 ) ;
#192 = ORIENTED_EDGE ( 'NONE', *, *, #4149, .T. ) ;
#193 = CARTESIAN_POINT ( 'NONE',  ( 4.684623523208827578, -3.125000000000000000, -2.545853211699800359E-16 ) ) ;
#194 = EDGE_CURVE ( 'NONE', #6212, #2218, #5810, .T. ) ;
#195 = DIRECTION ( 'NONE',  ( 1.159013037837969033E-15, -1.000000000000000000, -1.334402673828310874E-16 ) ) ;
#196 = ORIENTED_EDGE ( 'NONE', *, *, #2704, .F. ) ;
#197 = CARTESIAN_POINT ( 'NONE',  ( 9.025827964882100929, 3.125000000000000000, -0.3798061746948026007 ) ) ;
#198 = CALENDAR_DATE ( 2022, 6, 6 ) ;
#199 = CARTESIAN_POINT ( 'NONE',  ( 31.75000000000000000, 0.000000000000000000, -0.8890000000000000124 ) ) ;
#200 = EDGE_CURVE ( 'NONE', #4095, #1532, #2828, .T. ) ;
#201 = ADVANCED_FACE ( 'NONE', ( #2206 ), #3397, .F. ) ;
#202 = EDGE_CURVE ( 'NONE', #4291, #5105, #6864, .T. ) ;
#203 = ORIENTED_EDGE ( 'NONE', *, *, #4197, .T. ) ;
#204 = CARTESIAN_POINT ( 'NONE',  ( 22.57859421646586640, -3.095724199259894949, -3.620806661566057016 ) ) ;
#205 = CARTESIAN_POINT ( 'NONE',  ( 11.20593864038758802, -1.733189655496045312, 1.557046727053835067 ) ) ;
#206 = EDGE_LOOP ( 'NONE', ( #6897, #7196, #6554, #4159 ) ) ;
#207 = LINE ( 'NONE', #828, #8042 ) ;
#208 = CARTESIAN_POINT ( 'NONE',  ( 11.20593864038758802, 1.868478067631187844, -3.066666502886580048 ) ) ;
#209 = ORIENTED_EDGE ( 'NONE', *, *, #4346, .F. ) ;
#210 = PLANE ( 'NONE',  #3382 ) ;
#211 = AXIS2_PLACEMENT_3D ( 'NONE', #6929, #1303, #6158 ) ;
#212 = ORIENTED_EDGE ( 'NONE', *, *, #2708, .T. ) ;
#213 = DIRECTION ( 'NONE',  ( -1.000000000000000000, 0.000000000000000000, 1.851507882525184455E-16 ) ) ;
#214 = VECTOR ( 'NONE', #2377, 1000.000000000000114 ) ;
#216 = ORIENTED_EDGE ( 'NONE', *, *, #5013, .T. ) ;
#215 = LINE ( 'NONE', #4473, #1439 ) ;
#217 = CARTESIAN_POINT ( 'NONE',  ( 36.43462352320882047, -1.596637958731250917, -2.388999999999997570 ) ) ;
#218 = DIRECTION ( 'NONE',  ( 1.851507882525184455E-16, 0.000000000000000000, -1.000000000000000000 ) ) ;
#219 = DIRECTION ( 'NONE',  ( 0.000000000000000000, 0.000000000000000000, 1.000000000000000000 ) ) ;
#220 = EDGE_CURVE ( 'NONE', #1074, #7075, #4079, .T. ) ;
#221 = AXIS2_PLACEMENT_3D ( 'NONE', #7300, #4816, #1716 ) ;
#222 = DIRECTION ( 'NONE',  ( 0.000000000000000000, 0.000000000000000000, 1.000000000000000000 ) ) ;
#223 = EDGE_LOOP ( 'NONE', ( #4661, #4479, #4808, #209 ) ) ;
#224 = CIRCLE ( 'NONE', #5056, 1.500000000000000000 ) ;
#225 = CARTESIAN_POINT ( 'NONE',  ( 54.64782021278482915, -6.349999999999999645, -1.364613927707009067 ) ) ;
#226 = CARTESIAN_POINT ( 'NONE',  ( 61.15371949962639775, 3.115321732520953457, 0.2771493188697758403 ) ) ;
#227 = ORIENTED_EDGE ( 'NONE', *, *, #4416, .F. ) ;
#228 = CARTESIAN_POINT ( 'NONE',  ( 54.30052385745097610, -6.349999999999999645, 0.6050015783174087503 ) ) ;
#229 = LINE ( 'NONE', #4520, #3892 ) ;
#230 = CARTESIAN_POINT ( 'NONE',  ( 3.867815921162763182, -0.4999999999999982792, -1.000000000000000000 ) ) ;
#231 = AXIS2_PLACEMENT_3D ( 'NONE', #5257, #814, #2159 ) ;
#232 = ORIENTED_EDGE ( 'NONE', *, *, #7009, .F. ) ;
#233 = ORIENTED_EDGE ( 'NONE', *, *, #2401, .T. ) ;
#234 = DIRECTION ( 'NONE',  ( -1.000000000000000000, -0.000000000000000000, -2.970001569282669714E-29 ) ) ;
#235 = VECTOR ( 'NONE', #6216, 999.9999999999998863 ) ;
#236 = DIRECTION ( 'NONE',  ( -1.103821940798063563E-16, 1.000000000000000000, 1.334402673828312846E-16 ) ) ;
#237 = AXIS2_PLACEMENT_3D ( 'NONE', #4115, #1672, #1135 ) ;
#238 = ORIENTED_EDGE ( 'NONE', *, *, #703, .F. ) ;
#239 = PLANE ( 'NONE',  #769 ) ;
#240 = VECTOR ( 'NONE', #6176, 999.9999999999998863 ) ;
#241 = COORDINATED_UNIVERSAL_TIME_OFFSET ( 6, 0, .BEHIND. ) ;
#242 = VECTOR ( 'NONE', #5570, 1000.000000000000000 ) ;
#243 = TOROIDAL_SURFACE ( 'NONE', #505, 24.21399999999999864, 1.500000000000000000 ) ;
#244 = VECTOR ( 'NONE', #3579, 1000.000000000000114 ) ;
#245 = VERTEX_POINT ( 'NONE', #973 ) ;
#246 = CARTESIAN_POINT ( 'NONE',  ( 19.54406135961241020, 0.4999999999999995559, -1.219027899688808869 ) ) ;
#247 = DIRECTION ( 'NONE',  ( 0.000000000000000000, 1.000000000000000000, 0.000000000000000000 ) ) ;
#248 = EDGE_CURVE ( 'NONE', #6322, #475, #3474, .T. ) ;
#249 = CIRCLE ( 'NONE', #7039, 26.00000000000000355 ) ;
#250 = DIRECTION ( 'NONE',  ( 1.851507882525183222E-16, 0.000000000000000000, -1.000000000000000000 ) ) ;
#251 = CARTESIAN_POINT ( 'NONE',  ( 11.20593864038758802, 1.596637958731240925, -3.085483742487791670 ) ) ;
#252 = VECTOR ( 'NONE', #4184, 1000.000000000000114 ) ;
#253 = ORIENTED_EDGE ( 'NONE', *, *, #1211, .F. ) ;
#254 = VECTOR ( 'NONE', #2315, 999.9999999999998863 ) ;
#255 = CARTESIAN_POINT ( 'NONE',  ( 12.20593864038758980, -1.733189655496051307, -3.261810723196258088 ) ) ;
#256 = ORIENTED_EDGE ( 'NONE', *, *, #5101, .F. ) ;
#257 = DIRECTION ( 'NONE',  ( -0.9848077530122079093, -1.164036902788887858E-16, 0.1736481776669313026 ) ) ;
#259 = ORIENTED_EDGE ( 'NONE', *, *, #2952, .T. ) ;
#258 = CARTESIAN_POINT ( 'NONE',  ( 40.94947614254902390, 0.5000000000000004441, -3.780001578317405908 ) ) ;
#260 = ORIENTED_EDGE ( 'NONE', *, *, #3410, .T. ) ;
#261 = DIRECTION ( 'NONE',  ( 1.000000000000000000, 0.000000000000000000, 0.000000000000000000 ) ) ;
#262 = LINE ( 'NONE', #5167, #5323 ) ;
#263 = EDGE_LOOP ( 'NONE', ( #4083, #7100, #903, #343, #1498 ) ) ;
#264 = EDGE_LOOP ( 'NONE', ( #4633, #6804, #7108, #3196, #6141, #3593, #3416, #4559 ) ) ;
#265 = DIRECTION ( 'NONE',  ( 0.9848077530122079093, -5.435262026214576443E-17, -0.1736481776669313026 ) ) ;
#266 = CARTESIAN_POINT ( 'NONE',  ( 2.333318452333499771, 3.125000000000000000, 6.929959465066704231E-29 ) ) ;
#267 = ADVANCED_FACE ( 'NONE', ( #5948 ), #5379, .F. ) ;
#268 = ORIENTED_EDGE ( 'NONE', *, *, #6297, .F. ) ;
#269 = CARTESIAN_POINT ( 'NONE',  ( 52.29406135961241375, 1.999999999999997780, 2.287000000000011468 ) ) ;
#270 = DIRECTION ( 'NONE',  ( -1.000000000000000000, 1.477492560386117491E-16, 1.851507882525184455E-16 ) ) ;
#271 = CYLINDRICAL_SURFACE ( 'NONE', #6031, 27.28600000000000136 ) ;
#272 = AXIS2_PLACEMENT_3D ( 'NONE', #4389, #3058, #1293 ) ;
#273 = ORIENTED_EDGE ( 'NONE', *, *, #1569, .F. ) ;
#274 = ORIENTED_EDGE ( 'NONE', *, *, #594, .F. ) ;
#275 = CARTESIAN_POINT ( 'NONE',  ( 4.684623523208827578, -3.095724199259894949, 0.8383492450537458618 ) ) ;
#276 = DIRECTION ( 'NONE',  ( -0.000000000000000000, -0.000000000000000000, 1.000000000000000000 ) ) ;
#277 = ADVANCED_FACE ( 'NONE', ( #357 ), #7634, .T. ) ;
#278 = ORIENTED_EDGE ( 'NONE', *, *, #7288, .F. ) ;
#279 = CARTESIAN_POINT ( 'NONE',  ( 54.30052385745097610, -0.5000000000000004441, 0.6050015783174087503 ) ) ;
#280 = CARTESIAN_POINT ( 'NONE',  ( 3.867815921162768955, 0.4999999999999996669, 2.285999999999999588 ) ) ;
#281 = VERTEX_POINT ( 'NONE', #1009 ) ;
#282 = FACE_OUTER_BOUND ( 'NONE', #7302, .T. ) ;
#283 = CARTESIAN_POINT ( 'NONE',  ( 11.20593864038758802, -1.999999999999998224, 0.2512081041687683758 ) ) ;
#284 = ORIENTED_EDGE ( 'NONE', *, *, #143, .T. ) ;
#285 = FACE_BOUND ( 'NONE', #3941, .T. ) ;
#286 = CARTESIAN_POINT ( 'NONE',  ( 35.00939483405713304, 2.148554980329281605, -0.9857265459398821816 ) ) ;
#287 = CIRCLE ( 'NONE', #165, 3.900000000000000799 ) ;
#288 = ORIENTED_EDGE ( 'NONE', *, *, #7165, .T. ) ;
#289 = CARTESIAN_POINT ( 'NONE',  ( 4.684623523208826690, -2.000000000000001776, -25.00000000000000000 ) ) ;
#290 = ORIENTED_EDGE ( 'NONE', *, *, #6885, .T. ) ;
#291 = LINE ( 'NONE', #6581, #7473 ) ;
#293 = ORIENTED_EDGE ( 'NONE', *, *, #2588, .T. ) ;
#292 = CARTESIAN_POINT ( 'NONE',  ( 41.17278769902870295, 1.596637958731240925, -5.046464348691102941 ) ) ;
#294 = EDGE_CURVE ( 'NONE', #4142, #7052, #7218, .T. ) ;
#295 = ORIENTED_EDGE ( 'NONE', *, *, #4162, .F. ) ;
#296 = DIRECTION ( 'NONE',  ( 1.103821940798063193E-16, 1.000000000000000000, 1.334402673828313339E-16 ) ) ;
#297 = FACE_OUTER_BOUND ( 'NONE', #5914, .T. ) ;
#298 = AXIS2_PLACEMENT_3D ( 'NONE', #2337, #7382, #1230 ) ;
#299 = B_SPLINE_CURVE_WITH_KNOTS ( 'NONE', 3,
 ( #7106, #6614, #1023, #6005, #4009, #908, #2797, #7148, #1566, #3448 ),
 .UNSPECIFIED., .F., .F.,
 ( 4, 2, 2, 2, 4 ),
 ( 0.005238023209203745111, 0.005773758339137565615, 0.006309493469071385252, 0.006845228599005206624, 0.007380963728939027128 ),
 .UNSPECIFIED. ) ;
#300 = EDGE_CURVE ( 'NONE', #4183, #2942, #2251, .T. ) ;
#301 = EDGE_CURVE ( 'NONE', #4914, #6747, #2307, .T. ) ;
#302 = DIRECTION ( 'NONE',  ( 0.000000000000000000, 1.000000000000000000, 0.000000000000000000 ) ) ;
#303 = ORIENTED_EDGE ( 'NONE', *, *, #2704, .T. ) ;
#305 = ORIENTED_EDGE ( 'NONE', *, *, #6084, .T. ) ;
#304 = DIRECTION ( 'NONE',  ( 0.9848077530122079093, 0.000000000000000000, -0.1736481776669310251 ) ) ;
#306 = VECTOR ( 'NONE', #7562, 1000.000000000000000 ) ;
#307 = PLANE ( 'NONE',  #7155 ) ;
#308 = LINE ( 'NONE', #3868, #1715 ) ;
#309 = VERTEX_POINT ( 'NONE', #7252 ) ;
#310 = CARTESIAN_POINT ( 'NONE',  ( 36.43462352320882047, -1.596637958731250917, 21.82499999999999929 ) ) ;
#311 = CARTESIAN_POINT ( 'NONE',  ( 52.29406135961241375, -0.5000000000000003331, 2.287000000000011468 ) ) ;
#312 = FACE_OUTER_BOUND ( 'NONE', #3648, .T. ) ;
#313 = EDGE_CURVE ( 'NONE', #3242, #7935, #6069, .T. ) ;
#314 = ORIENTED_EDGE ( 'NONE', *, *, #7582, .F. ) ;
#315 = ORIENTED_EDGE ( 'NONE', *, *, #7487, .F. ) ;
#316 = CARTESIAN_POINT ( 'NONE',  ( 27.06537647679117597, -3.125000000000000000, 21.82499999999999929 ) ) ;
#317 = LINE ( 'NONE', #1468, #3090 ) ;
#318 = ORIENTED_EDGE ( 'NONE', *, *, #3104, .T. ) ;
#319 = DIRECTION ( 'NONE',  ( -5.551115123125782086E-17, 0.03489949670250421659, -0.9993908270190955401 ) ) ;
#320 = APPROVAL_STATUS ( 'not_yet_approved' ) ;
#321 = EDGE_CURVE ( 'NONE', #1006, #3011, #1670, .T. ) ;
#322 = VERTEX_POINT ( 'NONE', #478 ) ;
#323 = DIRECTION ( 'NONE',  ( -1.000000000000000000, 0.000000000000000000, -0.000000000000000000 ) ) ;
#324 = LINE ( 'NONE', #6038, #3134 ) ;
#325 = ORIENTED_EDGE ( 'NONE', *, *, #4977, .T. ) ;
#326 = CARTESIAN_POINT ( 'NONE',  ( 11.20593864038758802, -0.5000000000000003331, 2.287000000000003475 ) ) ;
#327 = FACE_OUTER_BOUND ( 'NONE', #4533, .T. ) ;
#328 = EDGE_CURVE ( 'NONE', #1144, #2593, #1749, .T. ) ;
#329 = ORIENTED_EDGE ( 'NONE', *, *, #7584, .T. ) ;
#330 = CARTESIAN_POINT ( 'NONE',  ( -2.100000000000000089, 3.432704749619359999E-16, 2.285999999999999588 ) ) ;
#331 = ORIENTED_EDGE ( 'NONE', *, *, #3551, .T. ) ;
#332 = DIRECTION ( 'NONE',  ( 0.000000000000000000, 0.03489949670250423047, 0.9993908270190955401 ) ) ;
#334 = VERTEX_POINT ( 'NONE', #2941 ) ;
#333 = CARTESIAN_POINT ( 'NONE',  ( 19.54406135961241020, 0.4999999999999996669, 2.287000000000005251 ) ) ;
#335 = VERTEX_POINT ( 'NONE', #1055 ) ;
#336 = CARTESIAN_POINT ( 'NONE',  ( 42.95593864038758625, -1.868478067631186956, -4.713229487452621491 ) ) ;
#337 = DIRECTION ( 'NONE',  ( -0.000000000000000000, -0.000000000000000000, 1.000000000000000000 ) ) ;
#338 = EDGE_CURVE ( 'NONE', #504, #389, #869, .T. ) ;
#339 = ORIENTED_EDGE ( 'NONE', *, *, #772, .F. ) ;
#340 = ORIENTED_EDGE ( 'NONE', *, *, #133, .F. ) ;
#341 =( BOUNDED_CURVE ( )  B_SPLINE_CURVE ( 3, ( #6211, #4498, #127, #5116 ),
 .UNSPECIFIED., .F., .T. ) 
 B_SPLINE_CURVE_WITH_KNOTS ( ( 4, 4 ),
 ( 6.165443701407762793E-31, 0.2722591191863784066 ),
 .UNSPECIFIED. ) 
 CURVE ( )  GEOMETRIC_REPRESENTATION_ITEM ( )  RATIONAL_B_SPLINE_CURVE ( ( 1.000000000000000000, 0.9938324475413840009, 0.9938324475413840009, 1.000000000000000000 ) ) 
 REPRESENTATION_ITEM ( '' )  );
#343 = ORIENTED_EDGE ( 'NONE', *, *, #2321, .T. ) ;
#342 = FACE_OUTER_BOUND ( 'NONE', #1526, .T. ) ;
#344 = DIRECTION ( 'NONE',  ( 0.9848077530122079093, 1.087052405242915289E-16, 0.1736481776669313304 ) ) ;
#345 = LINE ( 'NONE', #2855, #7188 ) ;
#346 = EDGE_CURVE ( 'NONE', #1804, #4065, #2051, .T. ) ;
#347 = ADVANCED_FACE ( 'NONE', ( #6603 ), #5558, .T. ) ;
#348 = CARTESIAN_POINT ( 'NONE',  ( 28.58869496619188411, 2.289428858272342104, -1.050241812201687885 ) ) ;
#349 = CARTESIAN_POINT ( 'NONE',  ( 9.422787699028704722, 0.4999999999999995559, 1.871464348691104451 ) ) ;
#350 = CARTESIAN_POINT ( 'NONE',  ( 54.33768456747169040, 1.596637958731250473, 0.3942527191727924207 ) ) ;
#351 = AXIS2_PLACEMENT_3D ( 'NONE', #6862, #1280, #2591 ) ;
#352 = EDGE_CURVE ( 'NONE', #7369, #2032, #405, .T. ) ;
#353 = ORIENTED_EDGE ( 'NONE', *, *, #5102, .F. ) ;
#354 = VECTOR ( 'NONE', #7904, 1000.000000000000114 ) ;
#355 = ORIENTED_EDGE ( 'NONE', *, *, #4454, .F. ) ;
#356 = CARTESIAN_POINT ( 'NONE',  ( 20.54406135961241375, -1.733189655496045090, -0.08951625751220597393 ) ) ;
#357 = FACE_OUTER_BOUND ( 'NONE', #6035, .T. ) ;
#358 = ORIENTED_EDGE ( 'NONE', *, *, #5393, .T. ) ;
#359 = ADVANCED_FACE ( 'NONE', ( #443 ), #4729, .T. ) ;
#360 = DIRECTION ( 'NONE',  ( 0.9848077530122080203, -9.323203102047211145E-17, -0.1736481776669312194 ) ) ;
#361 = VECTOR ( 'NONE', #270, 1000.000000000000000 ) ;
#362 = PERSON_AND_ORGANIZATION ( #1050, #7296 ) ;
#363 = VECTOR ( 'NONE', #46, 1000.000000000000000 ) ;
#364 = VECTOR ( 'NONE', #3118, 1000.000000000000000 ) ;
#365 = EDGE_LOOP ( 'NONE', ( #2632, #2264, #7703, #3157, #2106 ) ) ;
#366 = DIRECTION ( 'NONE',  ( -0.000000000000000000, -0.000000000000000000, -1.000000000000000000 ) ) ;
#367 = CARTESIAN_POINT ( 'NONE',  ( 42.95593864038758625, -0.5000000000000004441, -0.08951625751220815275 ) ) ;
#368 = EDGE_LOOP ( 'NONE', ( #1888, #7505, #27, #7992 ) ) ;
#369 = EDGE_CURVE ( 'NONE', #4065, #5093, #2982, .T. ) ;
#370 = CIRCLE ( 'NONE', #5200, 3.900000000000000799 ) ;
#371 = CARTESIAN_POINT ( 'NONE',  ( 12.20593864038758980, -1.999999999999998224, 2.287000000000003475 ) ) ;
#373 = PLANE ( 'NONE',  #7993 ) ;
#372 = VECTOR ( 'NONE', #2271, 1000.000000000000000 ) ;
#374 = AXIS2_PLACEMENT_3D ( 'NONE', #565, #2371, #6160 ) ;
#375 = AXIS2_PLACEMENT_3D ( 'NONE', #7443, #669, #4383 ) ;
#376 = ORIENTED_EDGE ( 'NONE', *, *, #7386, .F. ) ;
#377 = VERTEX_POINT ( 'NONE', #524 ) ;
#378 = DIRECTION ( 'NONE',  ( 0.000000000000000000, 1.000000000000000000, 0.000000000000000000 ) ) ;
#379 = AXIS2_PLACEMENT_3D ( 'NONE', #6234, #7007, #3793 ) ;
#380 = VERTEX_POINT ( 'NONE', #3029 ) ;
#381 = VECTOR ( 'NONE', #817, 1000.000000000000114 ) ;
#382 = ADVANCED_FACE ( 'NONE', ( #5993 ), #4888, .F. ) ;
#383 = DIRECTION ( 'NONE',  ( 1.920740328501953454E-16, -1.000000000000000000, -1.334402673828312600E-16 ) ) ;
#384 = CARTESIAN_POINT ( 'NONE',  ( 52.29406135961241375, 0.4999999999999996669, 2.287000000000011468 ) ) ;
#385 = CIRCLE ( 'NONE', #5852, 24.16165075494625469 ) ;
#386 = EDGE_LOOP ( 'NONE', ( #5589, #2052, #2067, #2474 ) ) ;
#387 = VECTOR ( 'NONE', #1452, 1000.000000000000000 ) ;
#388 = DIRECTION ( 'NONE',  ( -1.851507882525183222E-16, 0.000000000000000000, 1.000000000000000000 ) ) ;
#389 = VERTEX_POINT ( 'NONE', #1179 ) ;
#391 = ORIENTED_EDGE ( 'NONE', *, *, #4452, .T. ) ;
#390 = CARTESIAN_POINT ( 'NONE',  ( 27.06537647679117597, -3.125000000000000000, -3.174999999999997158 ) ) ;
#392 = DIRECTION ( 'NONE',  ( -0.1736481776669305532, 0.000000000000000000, -0.9848077530122080203 ) ) ;
#393 = CARTESIAN_POINT ( 'NONE',  ( 34.14096412355308985, -3.081258825107950461, -4.192059512164392210 ) ) ;
#394 = B_SPLINE_CURVE_WITH_KNOTS ( 'NONE', 3,
 ( #7144, #939, #1602, #6418, #7030, #4084, #7669, #2172, #4654, #7825 ),
 .UNSPECIFIED., .F., .F.,
 ( 4, 2, 2, 2, 4 ),
 ( 0.0004576857502781618570, 0.001526995805871958533, 0.001794323319770410900, 0.002061650833668863484, 0.002596305861465759979 ),
 .UNSPECIFIED. ) ;
#395 = CIRCLE ( 'NONE', #6520, 2.099999999999997868 ) ;
#396 = CARTESIAN_POINT ( 'NONE',  ( 4.684623523208825802, -3.125000000000000000, -25.00000000000000000 ) ) ;
#397 = DIRECTION ( 'NONE',  ( -0.000000000000000000, -0.000000000000000000, 1.000000000000000000 ) ) ;
#398 = DIRECTION ( 'NONE',  ( -0.9848077530122080203, 0.000000000000000000, -0.1736481776669310806 ) ) ;
#399 = ORIENTED_EDGE ( 'NONE', *, *, #6265, .T. ) ;
#400 =( BOUNDED_CURVE ( )  B_SPLINE_CURVE ( 3, ( #7088, #3987, #4676, #6469 ),
 .UNSPECIFIED., .F., .T. ) 
 B_SPLINE_CURVE_WITH_KNOTS ( ( 4, 4 ),
 ( 0.000000000000000000, 0.2722591191863785731 ),
 .UNSPECIFIED. ) 
 CURVE ( )  GEOMETRIC_REPRESENTATION_ITEM ( )  RATIONAL_B_SPLINE_CURVE ( ( 1.000000000000000000, 0.9938324475413840009, 0.9938324475413840009, 1.000000000000000000 ) ) 
 REPRESENTATION_ITEM ( '' )  );
#401 = EDGE_CURVE ( 'NONE', #38, #2507, #3742, .T. ) ;
#402 = ORIENTED_EDGE ( 'NONE', *, *, #3923, .F. ) ;
#403 = ADVANCED_FACE ( 'NONE', ( #1914 ), #6967, .F. ) ;
#404 = LINE ( 'NONE', #2864, #5021 ) ;
#405 = LINE ( 'NONE', #6027, #7514 ) ;
#406 = EDGE_CURVE ( 'NONE', #5698, #5012, #1264, .T. ) ;
#407 = EDGE_LOOP ( 'NONE', ( #3147, #4351, #7877, #1332 ) ) ;
#408 = PLANE ( 'NONE',  #4287 ) ;
#409 = EDGE_CURVE ( 'NONE', #3279, #1700, #4928, .T. ) ;
#410 = EDGE_CURVE ( 'NONE', #1271, #6632, #2366, .T. ) ;
#411 = VERTEX_POINT ( 'NONE', #3149 ) ;
#412 = PLANE ( 'NONE',  #4395 ) ;
#413 = CARTESIAN_POINT ( 'NONE',  ( 52.29406135961241375, 1.596637958731240925, -3.085483742487791670 ) ) ;
#414 = ORIENTED_EDGE ( 'NONE', *, *, #4480, .T. ) ;
#415 = PLANE ( 'NONE',  #3624 ) ;
#416 = DIRECTION ( 'NONE',  ( -1.103821940798063563E-16, 1.000000000000000000, 1.334402673828312846E-16 ) ) ;
#417 = EDGE_CURVE ( 'NONE', #5414, #5801, #3672, .T. ) ;
#418 = ORIENTED_EDGE ( 'NONE', *, *, #3303, .T. ) ;
#419 = DIRECTION ( 'NONE',  ( 0.000000000000000000, 1.000000000000000000, 1.379057453301393079E-16 ) ) ;
#420 = EDGE_LOOP ( 'NONE', ( #418, #5168, #65, #4582 ) ) ;
#421 = VERTEX_POINT ( 'NONE', #642 ) ;
#422 = DIRECTION ( 'NONE',  ( 0.000000000000000000, -0.03489949670250473701, 0.9993908270190955401 ) ) ;
#423 = LINE ( 'NONE', #5321, #6371 ) ;
#424 = AXIS2_PLACEMENT_3D ( 'NONE', #5924, #4662, #332 ) ;
#425 = ORIENTED_EDGE ( 'NONE', *, *, #5829, .T. ) ;
#426 = ADVANCED_FACE ( 'NONE', ( #563 ), #1953, .T. ) ;
#427 = ORIENTED_EDGE ( 'NONE', *, *, #6898, .T. ) ;
#429 = ORIENTED_EDGE ( 'NONE', *, *, #7625, .T. ) ;
#428 = CARTESIAN_POINT ( 'NONE',  ( 42.95593864038758625, -0.5000000000000003331, -3.426208104168764645 ) ) ;
#430 = CARTESIAN_POINT ( 'NONE',  ( 27.06537647679117597, -2.000000000000001332, -0.9442512108800663606 ) ) ;
#431 = CARTESIAN_POINT ( 'NONE',  ( 51.29406135961241375, -1.868478067631184070, 1.361902506744158359 ) ) ;
#432 = VECTOR ( 'NONE', #6476, 1000.000000000000000 ) ;
#433 = LINE ( 'NONE', #5374, #2589 ) ;
#434 = DIRECTION ( 'NONE',  ( 1.000000000000000000, -1.070618063257516008E-31, 1.851507882525183222E-16 ) ) ;
#435 = AXIS2_PLACEMENT_3D ( 'NONE', #4830, #4256, #5431 ) ;
#436 = CARTESIAN_POINT ( 'NONE',  ( 23.11153749718129191, -1.999999999999998224, -0.5983351227572928366 ) ) ;
#437 = VERTEX_POINT ( 'NONE', #1218 ) ;
#438 = EDGE_CURVE ( 'NONE', #5454, #3451, #748, .T. ) ;
#439 = AXIS2_PLACEMENT_3D ( 'NONE', #4779, #3484, #1069 ) ;
#440 = ORIENTED_EDGE ( 'NONE', *, *, #53, .F. ) ;
#441 = DIRECTION ( 'NONE',  ( 8.095376221225100300E-15, 1.355252715606880543E-16, -1.000000000000000000 ) ) ;
#442 = CARTESIAN_POINT ( 'NONE',  ( 22.89782021278483271, -0.5000000000000004441, -1.810386072292989423 ) ) ;
#443 = FACE_OUTER_BOUND ( 'NONE', #7987, .T. ) ;
#444 = VERTEX_POINT ( 'NONE', #5049 ) ;
#445 = CYLINDRICAL_SURFACE ( 'NONE', #1940, 1.500000000000000000 ) ;
#446 = DIRECTION ( 'NONE',  ( -1.000000000000000000, 1.181994048308896803E-16, 0.000000000000000000 ) ) ;
#447 = EDGE_CURVE ( 'NONE', #3048, #7601, #1835, .T. ) ;
#448 = AXIS2_PLACEMENT_3D ( 'NONE', #2725, #5207, #1374 ) ;
#449 = ORIENTED_EDGE ( 'NONE', *, *, #7918, .T. ) ;
#450 = CARTESIAN_POINT ( 'NONE',  ( 54.47417203511789552, 3.125000000000000000, -0.3798061746948026007 ) ) ;
#451 = CARTESIAN_POINT ( 'NONE',  ( 52.29406135961241375, 1.733189655496051973, -3.085483742487791670 ) ) ;
#452 = ORIENTED_EDGE ( 'NONE', *, *, #8024, .T. ) ;
#453 = CARTESIAN_POINT ( 'NONE',  ( 4.684623523208825802, 0.000000000000000000, -25.00000000000000000 ) ) ;
#454 = ADVANCED_FACE ( 'NONE', ( #2498 ), #5621, .F. ) ;
#455 = DIRECTION ( 'NONE',  ( -0.9848077530122079093, -0.000000000000000000, 0.1736481776669313026 ) ) ;
#456 = DIRECTION ( 'NONE',  ( -1.000000000000000000, -5.519109703990317197E-17, 0.000000000000000000 ) ) ;
#457 = EDGE_LOOP ( 'NONE', ( #6855, #4596, #4536, #2499 ) ) ;
#458 = CARTESIAN_POINT ( 'NONE',  ( 58.81537647679117242, 0.4999999999999996669, 2.285999999999999588 ) ) ;
#459 = ORIENTED_EDGE ( 'NONE', *, *, #2613, .T. ) ;
#460 = ORIENTED_EDGE ( 'NONE', *, *, #5339, .F. ) ;
#461 = FACE_OUTER_BOUND ( 'NONE', #8034, .T. ) ;
#462 = FACE_OUTER_BOUND ( 'NONE', #386, .T. ) ;
#463 = ORIENTED_EDGE ( 'NONE', *, *, #3850, .T. ) ;
#464 = CARTESIAN_POINT ( 'NONE',  ( 58.81537647679117953, 0.4999999999999995559, -1.000000000000000888 ) ) ;
#465 = ORIENTED_EDGE ( 'NONE', *, *, #1911, .F. ) ;
#467 = ORIENTED_EDGE ( 'NONE', *, *, #4645, .T. ) ;
#466 = CARTESIAN_POINT ( 'NONE',  ( 36.43462352320882047, -6.349999999999999645, -4.175000000000001599 ) ) ;
#468 = LINE ( 'NONE', #3018, #4550 ) ;
#469 = DIRECTION ( 'NONE',  ( 0.000000000000000000, 0.03436992607709347947, -0.9994091795563292413 ) ) ;
#470 = CARTESIAN_POINT ( 'NONE',  ( 27.06537647679117597, -6.349999999999999645, 21.82499999999999929 ) ) ;
#471 = DIRECTION ( 'NONE',  ( 0.000000000000000000, -1.000000000000000000, 0.000000000000000000 ) ) ;
#472 = LINE ( 'NONE', #6152, #7265 ) ;
#473 = AXIS2_PLACEMENT_3D ( 'NONE', #6251, #655, #4647 ) ;
#474 = ORIENTED_EDGE ( 'NONE', *, *, #3214, .F. ) ;
#475 = VERTEX_POINT ( 'NONE', #4973 ) ;
#476 = PLANE ( 'NONE',  #7228 ) ;
#477 = CARTESIAN_POINT ( 'NONE',  ( 58.81537647679117242, 1.596637958731240925, -2.285999999999999588 ) ) ;
#478 = CARTESIAN_POINT ( 'NONE',  ( 11.20593864038758980, -0.4999999999999997780, -1.779645119602723202 ) ) ;
#479 = AXIS2_PLACEMENT_3D ( 'NONE', #7259, #4166, #6037 ) ;
#480 = ORIENTED_EDGE ( 'NONE', *, *, #4924, .T. ) ;
#481 = DIRECTION ( 'NONE',  ( 0.000000000000000000, 0.000000000000000000, 1.000000000000000000 ) ) ;
#482 = EDGE_CURVE ( 'NONE', #10, #2011, #6235, .T. ) ;
#483 = CARTESIAN_POINT ( 'NONE',  ( 34.08331845233350066, -3.125000000000000000, -3.174999999999995826 ) ) ;
#484 = VECTOR ( 'NONE', #5912, 1000.000000000000114 ) ;
#485 = CARTESIAN_POINT ( 'NONE',  ( 29.37797730151740083, -3.095724199259894949, -2.336650754946254072 ) ) ;
#486 = ORIENTED_EDGE ( 'NONE', *, *, #1400, .T. ) ;
#487 = DIRECTION ( 'NONE',  ( -0.1736481776669313026, 0.000000000000000000, -0.9848077530122079093 ) ) ;
#488 = DIRECTION ( 'NONE',  ( 0.000000000000000000, 0.03436992607709347947, -0.9994091795563292413 ) ) ;
#489 = ORIENTED_EDGE ( 'NONE', *, *, #294, .T. ) ;
#490 = B_SPLINE_CURVE_WITH_KNOTS ( 'NONE', 3,
 ( #6703, #1199, #7959, #6172, #576, #1113, #8035, #6087, #6008, #2386 ),
 .UNSPECIFIED., .F., .F.,
 ( 4, 2, 2, 2, 4 ),
 ( 0.0004576857502781643506, 0.001526995805871958749, 0.001794323319770411550, 0.002061650833668864351, 0.002596305861465763015 ),
 .UNSPECIFIED. ) ;
#491 = DIRECTION ( 'NONE',  ( 0.000000000000000000, 0.000000000000000000, 1.000000000000000000 ) ) ;
#492 = CARTESIAN_POINT ( 'NONE',  ( 8.638462502818713418, -2.000000000000000000, -2.576664877242705654 ) ) ;
#493 = EDGE_CURVE ( 'NONE', #3805, #6618, #3833, .T. ) ;
#494 = CARTESIAN_POINT ( 'NONE',  ( 54.87113176926450109, 0.5000000000000004441, -2.631076698080709431 ) ) ;
#495 = CARTESIAN_POINT ( 'NONE',  ( 12.20593864038758980, 1.999999999999998224, 2.287000000000004363 ) ) ;
#496 = ORIENTED_EDGE ( 'NONE', *, *, #6539, .T. ) ;
#497 = DIRECTION ( 'NONE',  ( 0.000000000000000000, 0.000000000000000000, 1.000000000000000000 ) ) ;
#498 = VECTOR ( 'NONE', #7355, 1000.000000000000114 ) ;
#499 = ORIENTED_EDGE ( 'NONE', *, *, #4698, .F. ) ;
#500 = VECTOR ( 'NONE', #7660, 1000.000000000000000 ) ;
#501 = EDGE_CURVE ( 'NONE', #5573, #3732, #5096, .T. ) ;
#502 = CARTESIAN_POINT ( 'NONE',  ( 29.37797730151740083, 3.095724199259894949, -4.013349245053742465 ) ) ;
#503 = AXIS2_PLACEMENT_3D ( 'NONE', #4707, #7301, #1717 ) ;
#504 = VERTEX_POINT ( 'NONE', #1876 ) ;
#505 = AXIS2_PLACEMENT_3D ( 'NONE', #7611, #148, #3308 ) ;
#506 = CARTESIAN_POINT ( 'NONE',  ( 23.12113176926450109, 0.4999999999999995559, -0.5439233019192890595 ) ) ;
#507 = EDGE_CURVE ( 'NONE', #1578, #7214, #4363, .T. ) ;
#508 = VECTOR ( 'NONE', #234, 1000.000000000000000 ) ;
#510 = ORIENTED_EDGE ( 'NONE', *, *, #3510, .T. ) ;
#509 = CARTESIAN_POINT ( 'NONE',  ( 58.81537647679117953, 2.000000000000007550, -25.00000000000000000 ) ) ;
#511 = CARTESIAN_POINT ( 'NONE',  ( 27.06537647679117597, 1.999999999999999556, 21.82499999999999929 ) ) ;
#512 = FACE_OUTER_BOUND ( 'NONE', #7130, .T. ) ;
#513 = DIRECTION ( 'NONE',  ( -0.000000000000000000, -0.000000000000000000, 1.000000000000000000 ) ) ;
#514 = LINE ( 'NONE', #3022, #6778 ) ;
#515 = DIRECTION ( 'NONE',  ( 0.000000000000000000, 0.03489949670250425129, 0.9993908270190955401 ) ) ;
#516 = VECTOR ( 'NONE', #4329, 1000.000000000000000 ) ;
#517 = AXIS2_PLACEMENT_3D ( 'NONE', #1772, #2437, #3138 ) ;
#518 = ORIENTED_EDGE ( 'NONE', *, *, #5697, .T. ) ;
#519 = VERTEX_POINT ( 'NONE', #2536 ) ;
#520 = ADVANCED_FACE ( 'NONE', ( #5015 ), #4599, .F. ) ;
#521 = CARTESIAN_POINT ( 'NONE',  ( 58.81537647679117953, 3.125000000000000000, -25.00000000000000000 ) ) ;
#522 = VECTOR ( 'NONE', #182, 1000.000000000000114 ) ;
#523 = CARTESIAN_POINT ( 'NONE',  ( 27.06537647679117597, 3.095724199259894949, -4.013349245053742465 ) ) ;
#524 = CARTESIAN_POINT ( 'NONE',  ( 36.43462352320882047, -0.5000000000000004441, -2.174999999999999822 ) ) ;
#525 = AXIS2_PLACEMENT_3D ( 'NONE', #4374, #1274, #3765 ) ;
#526 = ORIENTED_EDGE ( 'NONE', *, *, #6091, .F. ) ;
#527 = FACE_OUTER_BOUND ( 'NONE', #5039, .T. ) ;
#528 = DIRECTION ( 'NONE',  ( 0.1736481776669306087, 0.000000000000000000, 0.9848077530122080203 ) ) ;
#529 = VERTEX_POINT ( 'NONE', #3385 ) ;
#530 = DIRECTION ( 'NONE',  ( -0.9848077530122079093, 0.000000000000000000, -0.1736481776669313304 ) ) ;
#531 = EDGE_CURVE ( 'NONE', #309, #6109, #4029, .T. ) ;
#532 = ORIENTED_EDGE ( 'NONE', *, *, #3461, .T. ) ;
#533 = CYLINDRICAL_SURFACE ( 'NONE', #7892, 1.499999999999999556 ) ;
#534 = DIRECTION ( 'NONE',  ( 0.1735423958889129314, 0.03489949670250425129, 0.9842078347376876923 ) ) ;
#535 = VERTEX_POINT ( 'NONE', #884 ) ;
#536 = DIRECTION ( 'NONE',  ( -1.070618063257515570E-31, -1.000000000000000000, 1.887788505861430297E-32 ) ) ;
#537 = CARTESIAN_POINT ( 'NONE',  ( 58.81537647679117953, 0.000000000000000000, -25.00000000000000000 ) ) ;
#538 = CARTESIAN_POINT ( 'NONE',  ( 27.06537647679117953, 0.4999999999999995559, -2.174999999999999822 ) ) ;
#539 = PLANE ( 'NONE',  #1482 ) ;
#540 = CIRCLE ( 'NONE', #3675, 1.499999999999999778 ) ;
#541 = EDGE_CURVE ( 'NONE', #334, #2410, #845, .T. ) ;
#542 = VERTEX_POINT ( 'NONE', #1496 ) ;
#543 = ORIENTED_EDGE ( 'NONE', *, *, #6635, .F. ) ;
#544 = CARTESIAN_POINT ( 'NONE',  ( 20.54406135961241020, -0.4999999999999993339, -4.732046727053832669 ) ) ;
#545 = LINE ( 'NONE', #6831, #7661 ) ;
#546 = ORIENTED_EDGE ( 'NONE', *, *, #3893, .T. ) ;
#547 = CYLINDRICAL_SURFACE ( 'NONE', #5209, 1.500000000000000000 ) ;
#548 = EDGE_CURVE ( 'NONE', #1643, #3411, #5358, .T. ) ;
#550 = ORIENTED_EDGE ( 'NONE', *, *, #1581, .F. ) ;
#549 = CARTESIAN_POINT ( 'NONE',  ( 20.54406135961241020, 1.999999999999998668, -1.395354880397273956 ) ) ;
#551 = CARTESIAN_POINT ( 'NONE',  ( 22.72417203511789907, -3.125000000000000000, -2.795193825305196000 ) ) ;
#552 = CYLINDRICAL_SURFACE ( 'NONE', #272, 26.00000000000000355 ) ;
#553 = DIRECTION ( 'NONE',  ( 0.000000000000000000, 0.000000000000000000, 1.000000000000000000 ) ) ;
#554 = DIRECTION ( 'NONE',  ( 0.000000000000000000, 0.03489949670250473007, -0.9993908270190955401 ) ) ;
#555 = CARTESIAN_POINT ( 'NONE',  ( 34.29241446683503369, -2.957769699857469181, -1.753338078873249328 ) ) ;
#556 = CARTESIAN_POINT ( 'NONE',  ( 12.20593864038758980, 0.4999999999999996669, -5.461999999999999744 ) ) ;
#557 = EDGE_CURVE ( 'NONE', #7902, #3783, #6532, .T. ) ;
#558 = EDGE_CURVE ( 'NONE', #6805, #3998, #1461, .T. ) ;
#559 = ORIENTED_EDGE ( 'NONE', *, *, #7850, .F. ) ;
#560 = ORIENTED_EDGE ( 'NONE', *, *, #5457, .F. ) ;
#561 = DIRECTION ( 'NONE',  ( 0.000000000000000000, 1.000000000000000000, 0.000000000000000000 ) ) ;
#562 = FACE_OUTER_BOUND ( 'NONE', #6259, .T. ) ;
#563 = FACE_OUTER_BOUND ( 'NONE', #1198, .T. ) ;
#564 = ORIENTED_EDGE ( 'NONE', *, *, #5866, .F. ) ;
#565 = CARTESIAN_POINT ( 'NONE',  ( 27.06537647679117953, 1.596637958731251139, -3.960999999999996746 ) ) ;
#566 = EDGE_CURVE ( 'NONE', #2841, #5687, #4517, .T. ) ;
#567 = CARTESIAN_POINT ( 'NONE',  ( 35.09813380855663922, 1.999999999999999556, -2.175000000000000266 ) ) ;
#568 = CIRCLE ( 'NONE', #1477, 27.28599999999999071 ) ;
#569 = ORIENTED_EDGE ( 'NONE', *, *, #2116, .F. ) ;
#570 = CARTESIAN_POINT ( 'NONE',  ( 2.672606513633413616, 2.840903703221142163, 1.627347034117677449 ) ) ;
#571 = ORIENTED_EDGE ( 'NONE', *, *, #4254, .T. ) ;
#572 = LINE ( 'NONE', #4821, #7385 ) ;
#573 = LINE ( 'NONE', #7470, #5382 ) ;
#574 = FACE_OUTER_BOUND ( 'NONE', #2581, .T. ) ;
#575 = ORIENTED_EDGE ( 'NONE', *, *, #2092, .F. ) ;
#576 = CARTESIAN_POINT ( 'NONE',  ( 34.42260651363341850, 2.840903703221144383, -4.802347034117672386 ) ) ;
#577 = VERTEX_POINT ( 'NONE', #2154 ) ;
#578 = AXIS2_PLACEMENT_3D ( 'NONE', #4078, #5415, #6681 ) ;
#579 = CARTESIAN_POINT ( 'NONE',  ( 42.95593864038758625, 1.596637958731240481, -0.08951625751220664007 ) ) ;
#580 = DIRECTION ( 'NONE',  ( 1.851507882525183222E-16, 1.334402673828313093E-16, -1.000000000000000000 ) ) ;
#581 = CARTESIAN_POINT ( 'NONE',  ( 3.867815921162768955, 0.4999999999999996669, -5.461999999999999744 ) ) ;
#582 = ORIENTED_EDGE ( 'NONE', *, *, #6414, .F. ) ;
#583 = DIRECTION ( 'NONE',  ( -1.000000000000000000, 0.000000000000000000, -1.851507882525184455E-16 ) ) ;
#584 = ORIENTED_EDGE ( 'NONE', *, *, #5755, .F. ) ;
#586 = ORIENTED_EDGE ( 'NONE', *, *, #4396, .F. ) ;
#585 = CARTESIAN_POINT ( 'NONE',  ( 27.06537647679117953, -1.999999999999999112, -4.174999999999999822 ) ) ;
#587 = CARTESIAN_POINT ( 'NONE',  ( 51.29406135961241375, 1.999999999999997780, 0.07488112346030248445 ) ) ;
#588 = DIRECTION ( 'NONE',  ( 0.000000000000000000, 0.000000000000000000, -1.000000000000000000 ) ) ;
#589 = DIRECTION ( 'NONE',  ( -0.000000000000000000, -1.000000000000000000, 0.000000000000000000 ) ) ;
#590 = CARTESIAN_POINT ( 'NONE',  ( 60.92152852484137782, 2.927549233475417623, -1.497074048355186981 ) ) ;
#591 = LINE ( 'NONE', #23, #7142 ) ;
#592 = ORIENTED_EDGE ( 'NONE', *, *, #5607, .T. ) ;
#593 = ORIENTED_EDGE ( 'NONE', *, *, #941, .F. ) ;
#594 = EDGE_CURVE ( 'NONE', #281, #993, #3736, .T. ) ;
#595 = CARTESIAN_POINT ( 'NONE',  ( 34.09628050037360936, -3.115321732520951681, -2.897850681130176742 ) ) ;
#596 = CARTESIAN_POINT ( 'NONE',  ( 27.06537647679117597, 3.125000000000000000, 21.82499999999999929 ) ) ;
#597 = EDGE_CURVE ( 'NONE', #389, #6247, #3935, .T. ) ;
#598 = ORIENTED_EDGE ( 'NONE', *, *, #1674, .T. ) ;
#599 = CARTESIAN_POINT ( 'NONE',  ( 52.29406135961241375, -1.999999999999997780, 2.287000000000011468 ) ) ;
#600 = CARTESIAN_POINT ( 'NONE',  ( 19.54406135961241020, 2.000000000000000000, -4.499616196478833707 ) ) ;
#601 = EDGE_CURVE ( 'NONE', #7519, #2560, #3545, .T. ) ;
#602 = CARTESIAN_POINT ( 'NONE',  ( 20.54406135961241020, -0.5000000000000003331, -5.461999999999999744 ) ) ;
#603 = AXIS2_PLACEMENT_3D ( 'NONE', #7980, #4199, #3515 ) ;
#604 = EDGE_LOOP ( 'NONE', ( #1112, #6391, #3145, #6983 ) ) ;
#605 = LINE ( 'NONE', #3757, #6110 ) ;
#606 = AXIS2_PLACEMENT_3D ( 'NONE', #5832, #2756, #7708 ) ;
#607 = ORIENTED_EDGE ( 'NONE', *, *, #2412, .F. ) ;
#608 = CARTESIAN_POINT ( 'NONE',  ( 20.54406135961241020, 1.596637958731240925, -4.732046727053832669 ) ) ;
#609 = ORIENTED_EDGE ( 'NONE', *, *, #3799, .F. ) ;
#610 = DIRECTION ( 'NONE',  ( 1.851507882525184455E-16, 0.000000000000000000, -1.000000000000000000 ) ) ;
#611 = FACE_OUTER_BOUND ( 'NONE', #1387, .T. ) ;
#612 = PLANE ( 'NONE',  #1806 ) ;
#613 = VECTOR ( 'NONE', #1970, 1000.000000000000000 ) ;
#614 = AXIS2_PLACEMENT_3D ( 'NONE', #6131, #1799, #2339 ) ;
#615 = ORIENTED_EDGE ( 'NONE', *, *, #2994, .T. ) ;
#616 = FACE_BOUND ( 'NONE', #3870, .T. ) ;
#617 = EDGE_CURVE ( 'NONE', #3136, #1733, #2912, .T. ) ;
#618 = ORIENTED_EDGE ( 'NONE', *, *, #7257, .F. ) ;
#619 = DIRECTION ( 'NONE',  ( 0.9848077530122080203, 0.000000000000000000, -0.1736481776669310806 ) ) ;
#620 = CARTESIAN_POINT ( 'NONE',  ( 52.29406135961241375, 0.4999999999999996669, 2.287000000000011468 ) ) ;
#621 = DIRECTION ( 'NONE',  ( -1.000000000000000000, 1.070618063257515132E-31, -1.851507882525183222E-16 ) ) ;
#622 = AXIS2_PLACEMENT_3D ( 'NONE', #6063, #3666, #2975 ) ;
#623 = ORIENTED_EDGE ( 'NONE', *, *, #21, .F. ) ;
#624 = CIRCLE ( 'NONE', #4929, 25.00000000000000000 ) ;
#625 = CARTESIAN_POINT ( 'NONE',  ( 42.95593864038758625, 1.999999999999999112, 2.287000000000009692 ) ) ;
#626 = VERTEX_POINT ( 'NONE', #5172 ) ;
#627 = VECTOR ( 'NONE', #7021, 1000.000000000000114 ) ;
#629 = EDGE_LOOP ( 'NONE', ( #4765, #1712, #746, #5956 ) ) ;
#628 = DIRECTION ( 'NONE',  ( 1.000000000000000000, 0.000000000000000000, 0.000000000000000000 ) ) ;
#630 = EDGE_CURVE ( 'NONE', #4850, #3534, #308, .T. ) ;
#631 = DIRECTION ( 'NONE',  ( 0.9848077530122081313, -0.000000000000000000, 0.1736481776669309696 ) ) ;
#632 = VECTOR ( 'NONE', #3820, 1000.000000000000000 ) ;
#633 = LINE ( 'NONE', #5615, #1422 ) ;
#634 = CARTESIAN_POINT ( 'NONE',  ( 61.10903587644692436, 3.081258825107950017, -1.017059512164393942 ) ) ;
#635 = DIRECTION ( 'NONE',  ( -0.000000000000000000, -0.000000000000000000, 1.000000000000000000 ) ) ;
#636 = AXIS2_PLACEMENT_3D ( 'NONE', #6185, #589, #3095 ) ;
#637 = AXIS2_PLACEMENT_3D ( 'NONE', #4852, #1131, #1710 ) ;
#638 = EDGE_LOOP ( 'NONE', ( #7109, #5024, #33, #3758, #3842, #5803, #4403, #2133 ) ) ;
#639 = AXIS2_PLACEMENT_3D ( 'NONE', #1418, #222, #2568 ) ;
#640 = ORIENTED_EDGE ( 'NONE', *, *, #8000, .T. ) ;
#641 = CARTESIAN_POINT ( 'NONE',  ( 51.29406135961241375, 1.596637958731240037, 1.380719746345368204 ) ) ;
#642 = CARTESIAN_POINT ( 'NONE',  ( 40.37886823073549891, 0.4999999999999995559, -0.5439233019192890595 ) ) ;
#643 = VECTOR ( 'NONE', #1923, 999.9999999999998863 ) ;
#644 = ORIENTED_EDGE ( 'NONE', *, *, #4305, .T. ) ;
#645 = CARTESIAN_POINT ( 'NONE',  ( 23.11153749718129191, 1.999999999999997335, -0.5983351227572923925 ) ) ;
#646 = CARTESIAN_POINT ( 'NONE',  ( 2.372022698482600056, 3.095724199259894949, -0.8383492450537456397 ) ) ;
#647 = CIRCLE ( 'NONE', #1692, 1.499999999999999556 ) ;
#648 = DIRECTION ( 'NONE',  ( 1.851507882525183222E-16, 1.334402673828313093E-16, -1.000000000000000000 ) ) ;
#649 = EDGE_CURVE ( 'NONE', #6212, #5938, #6276, .T. ) ;
#650 = CIRCLE ( 'NONE', #7293, 3.900000000000000799 ) ;
#651 = ORIENTED_EDGE ( 'NONE', *, *, #4094, .F. ) ;
#652 = LINE ( 'NONE', #7425, #1555 ) ;
#653 = ORIENTED_EDGE ( 'NONE', *, *, #4501, .T. ) ;
#654 = EDGE_CURVE ( 'NONE', #5445, #1395, #2820, .T. ) ;
#655 = DIRECTION ( 'NONE',  ( -1.655732911197096577E-16, -1.000000000000000000, -1.334402673828313339E-16 ) ) ;
#656 = PLANE ( 'NONE',  #4163 ) ;
#657 = ORIENTED_EDGE ( 'NONE', *, *, #2953, .F. ) ;
#658 = DIRECTION ( 'NONE',  ( 1.036515599736144166E-30, -0.9993908270190956511, -0.03489949670250473701 ) ) ;
#659 =( LENGTH_UNIT ( ) NAMED_UNIT ( * ) SI_UNIT ( .MILLI., .METRE. ) );
#660 = CARTESIAN_POINT ( 'NONE',  ( 3.348133808556642332, 1.999999999999997113, -5.461999999999999744 ) ) ;
#661 = VECTOR ( 'NONE', #6860, 1000.000000000000114 ) ;
#662 = EDGE_CURVE ( 'NONE', #3772, #7233, #7769, .T. ) ;
#663 = EDGE_CURVE ( 'NONE', #951, #3756, #969, .T. ) ;
#664 =( BOUNDED_CURVE ( )  B_SPLINE_CURVE ( 3, ( #2690, #2115, #803, #756 ),
 .UNSPECIFIED., .F., .T. ) 
 B_SPLINE_CURVE_WITH_KNOTS ( ( 4, 4 ),
 ( 0.6413613025107988141, 0.6538047883472331012 ),
 .UNSPECIFIED. ) 
 CURVE ( )  GEOMETRIC_REPRESENTATION_ITEM ( )  RATIONAL_B_SPLINE_CURVE ( ( 1.000000000000000000, 0.9999870966799773164, 0.9999870966799773164, 1.000000000000000000 ) ) 
 REPRESENTATION_ITEM ( '' )  );
#665 = VERTEX_POINT ( 'NONE', #7612 ) ;
#666 = CARTESIAN_POINT ( 'NONE',  ( 11.20593864038758802, 1.999999999999998224, -1.779645119602723424 ) ) ;
#667 = ORIENTED_EDGE ( 'NONE', *, *, #617, .F. ) ;
#668 = LINE ( 'NONE', #5033, #363 ) ;
#669 = DIRECTION ( 'NONE',  ( -5.519109703990317197E-17, 1.000000000000000000, -0.000000000000000000 ) ) ;
#670 = EDGE_CURVE ( 'NONE', #2818, #7902, #2035, .T. ) ;
#671 = VERTEX_POINT ( 'NONE', #7879 ) ;
#672 = CARTESIAN_POINT ( 'NONE',  ( 54.64782021278482915, -6.349999999999999645, -1.364613927707009067 ) ) ;
#673 = ORIENTED_EDGE ( 'NONE', *, *, #5821, .T. ) ;
#675 = ORIENTED_EDGE ( 'NONE', *, *, #2353, .F. ) ;
#674 = DIRECTION ( 'NONE',  ( 0.000000000000000000, 0.000000000000000000, 1.000000000000000000 ) ) ;
#676 = LINE ( 'NONE', #3735, #4064 ) ;
#677 = CARTESIAN_POINT ( 'NONE',  ( 20.54406135961241020, -0.4999999999999991673, -3.426208104168765534 ) ) ;
#678 = CARTESIAN_POINT ( 'NONE',  ( 60.15186619144333946, 2.000000000000003997, -2.230748789119929576 ) ) ;
#679 = EDGE_CURVE ( 'NONE', #3937, #4465, #3467, .T. ) ;
#680 = ORIENTED_EDGE ( 'NONE', *, *, #1156, .F. ) ;
#681 = ORIENTED_EDGE ( 'NONE', *, *, #2161, .F. ) ;
#682 = DIRECTION ( 'NONE',  ( 0.000000000000000000, 0.03489949670250421659, -0.9993908270190955401 ) ) ;
#683 = DIRECTION ( 'NONE',  ( -0.000000000000000000, 1.000000000000000000, 0.000000000000000000 ) ) ;
#684 = CYLINDRICAL_SURFACE ( 'NONE', #5079, 24.00000000000000355 ) ;
#685 = FACE_OUTER_BOUND ( 'NONE', #5264, .T. ) ;
#686 = CARTESIAN_POINT ( 'NONE',  ( 42.95593864038758625, -1.596637958731240925, -0.08951625751220729232 ) ) ;
#687 = EDGE_CURVE ( 'NONE', #1447, #3393, #2247, .T. ) ;
#688 = EDGE_LOOP ( 'NONE', ( #474, #1379, #7676, #2583 ) ) ;
#689 = CARTESIAN_POINT ( 'NONE',  ( 2.372022698482601832, 3.095724199259894505, 0.8383492450537465279 ) ) ;
#690 = ORIENTED_EDGE ( 'NONE', *, *, #7239, .F. ) ;
#691 = CARTESIAN_POINT ( 'NONE',  ( 31.75000000000000000, -4.068487126012679770E-16, -2.175000000000000711 ) ) ;
#692 = DIRECTION ( 'NONE',  ( 0.000000000000000000, 0.000000000000000000, -1.000000000000000000 ) ) ;
#693 = ORIENTED_EDGE ( 'NONE', *, *, #2156, .T. ) ;
#694 = VECTOR ( 'NONE', #1108, 1000.000000000000000 ) ;
#695 = CARTESIAN_POINT ( 'NONE',  ( 27.88218407883724836, 0.4999999999999993339, -5.460999999999995858 ) ) ;
#696 = DIRECTION ( 'NONE',  ( -1.000000000000000000, -1.142806669339143347E-16, 2.590361783835391456E-15 ) ) ;
#697 = EDGE_CURVE ( 'NONE', #2482, #5376, #3420, .T. ) ;
#698 = ADVANCED_FACE ( 'NONE', ( #2313 ), #5331, .T. ) ;
#699 = VECTOR ( 'NONE', #1024, 1000.000000000000000 ) ;
#700 = ORIENTED_EDGE ( 'NONE', *, *, #1192, .T. ) ;
#701 = CARTESIAN_POINT ( 'NONE',  ( 27.06537647679117953, -2.000000000000000000, -2.174999999999999822 ) ) ;
#702 = ORIENTED_EDGE ( 'NONE', *, *, #150, .T. ) ;
#703 = EDGE_CURVE ( 'NONE', #1635, #2155, #2015, .T. ) ;
#704 = EDGE_CURVE ( 'NONE', #78, #2567, #3293, .T. ) ;
#705 = LINE ( 'NONE', #4427, #2468 ) ;
#706 = DIRECTION ( 'NONE',  ( 0.000000000000000000, 0.000000000000000000, 1.000000000000000000 ) ) ;
#707 = CARTESIAN_POINT ( 'NONE',  ( 51.29406135961241375, -1.999999999999998224, -1.955972100311188511 ) ) ;
#708 = EDGE_CURVE ( 'NONE', #7233, #6405, #6499, .T. ) ;
#709 = ADVANCED_FACE ( 'NONE', ( #512 ), #5494, .T. ) ;
#710 =( BOUNDED_CURVE ( )  B_SPLINE_CURVE ( 3, ( #2360, #7325, #4882, #2902 ),
 .UNSPECIFIED., .F., .T. ) 
 B_SPLINE_CURVE_WITH_KNOTS ( ( 4, 4 ),
 ( 0.000000000000000000, 0.2722591191863793503 ),
 .UNSPECIFIED. ) 
 CURVE ( )  GEOMETRIC_REPRESENTATION_ITEM ( )  RATIONAL_B_SPLINE_CURVE ( ( 1.000000000000000000, 0.9938324475413838899, 0.9938324475413838899, 1.000000000000000000 ) ) 
 REPRESENTATION_ITEM ( '' )  );
#711 = VERTEX_POINT ( 'NONE', #5447 ) ;
#712 = LINE ( 'NONE', #2647, #3260 ) ;
#713 = ORIENTED_EDGE ( 'NONE', *, *, #7821, .F. ) ;
#714 = LINE ( 'NONE', #4886, #3314 ) ;
#716 = ORIENTED_EDGE ( 'NONE', *, *, #2056, .T. ) ;
#715 = CARTESIAN_POINT ( 'NONE',  ( 2.376177904344213054, -3.092540374737360320, 0.9295220504894418090 ) ) ;
#717 = CARTESIAN_POINT ( 'NONE',  ( 40.77582796488210448, -3.125000000000000000, -2.795193825305196000 ) ) ;
#718 = EDGE_CURVE ( 'NONE', #2482, #3451, #7808, .T. ) ;
#719 = CARTESIAN_POINT ( 'NONE',  ( 52.29406135961241375, 1.999999999999998668, -3.029380192621259127 ) ) ;
#720 = CARTESIAN_POINT ( 'NONE',  ( 34.12202269848260272, -3.095724199259894949, -2.336650754946253183 ) ) ;
#721 = VERTEX_POINT ( 'NONE', #2932 ) ;
#722 = ORIENTED_EDGE ( 'NONE', *, *, #6525, .T. ) ;
#723 = CARTESIAN_POINT ( 'NONE',  ( 60.15186619144335367, -1.999999999999998668, -1.000000000000000000 ) ) ;
#724 = DIRECTION ( 'NONE',  ( 1.000000000000000000, 5.519109703990317197E-17, 0.000000000000000000 ) ) ;
#725 = EDGE_CURVE ( 'NONE', #437, #1140, #6675, .T. ) ;
#726 = ORIENTED_EDGE ( 'NONE', *, *, #7185, .F. ) ;
#727 = DIRECTION ( 'NONE',  ( -0.9848077530122080203, 0.000000000000000000, 0.1736481776669310806 ) ) ;
#728 = DIRECTION ( 'NONE',  ( 0.000000000000000000, 0.000000000000000000, 1.000000000000000000 ) ) ;
#729 = CARTESIAN_POINT ( 'NONE',  ( 43.95593864038759335, -1.596637958731240703, -4.555719746345367582 ) ) ;
#730 = ORIENTED_EDGE ( 'NONE', *, *, #248, .F. ) ;
#731 = CARTESIAN_POINT ( 'NONE',  ( 40.94947614254902390, -6.349999999999999645, -3.780001578317405908 ) ) ;
#732 = VERTEX_POINT ( 'NONE', #7323 ) ;
#733 = EDGE_CURVE ( 'NONE', #2032, #1939, #2373, .T. ) ;
#734 = ORIENTED_EDGE ( 'NONE', *, *, #3045, .F. ) ;
#735 = CARTESIAN_POINT ( 'NONE',  ( 8.852179787215165518, 0.5000000000000004441, -1.364613927707009067 ) ) ;
#736 = PLANE ( 'NONE',  #2188 ) ;
#737 = ORIENTED_EDGE ( 'NONE', *, *, #6064, .F. ) ;
#738 = PLANE ( 'NONE',  #1399 ) ;
#739 = CARTESIAN_POINT ( 'NONE',  ( 52.29406135961241375, -1.999999999999997335, -3.029380192621260015 ) ) ;
#740 = ORIENTED_EDGE ( 'NONE', *, *, #1810, .T. ) ;
#741 = AXIS2_PLACEMENT_3D ( 'NONE', #42, #6376, #3203 ) ;
#742 = CARTESIAN_POINT ( 'NONE',  ( 40.60217978721517085, 1.999999999999998224, -1.810386072292988313 ) ) ;
#743 = DIRECTION ( 'NONE',  ( 1.181994048308897297E-16, -1.000000000000000000, -1.334402673828312846E-16 ) ) ;
#744 = ORIENTED_EDGE ( 'NONE', *, *, #5645, .T. ) ;
#745 = CARTESIAN_POINT ( 'NONE',  ( 35.09813380855663922, -2.000000000000000444, -2.175000000000000266 ) ) ;
#746 = ORIENTED_EDGE ( 'NONE', *, *, #5684, .F. ) ;
#747 = DIRECTION ( 'NONE',  ( 0.000000000000000000, 0.000000000000000000, -1.000000000000000000 ) ) ;
#748 = B_SPLINE_CURVE_WITH_KNOTS ( 'NONE', 3,
 ( #6849, #6278, #2450, #8017, #106, #4401, #3069, #3708, #26, #2619, #7416, #4446 ),
 .UNSPECIFIED., .F., .F.,
 ( 4, 2, 2, 2, 2, 4 ),
 ( 0.000000000000000000, 0.0002680472927737238202, 0.0005360945855474476404, 0.001072189171094894847, 0.001608283756642341945, 0.002144378342189789260 ),
 .UNSPECIFIED. ) ;
#750 = ORIENTED_EDGE ( 'NONE', *, *, #2622, .T. ) ;
#749 = CARTESIAN_POINT ( 'NONE',  ( 4.684623523208827578, 2.000000000000024425, -1.000000000000000000 ) ) ;
#751 = ADVANCED_FACE ( 'NONE', ( #6712 ), #7970, .F. ) ;
#752 = DIRECTION ( 'NONE',  ( 0.000000000000000000, 0.03436992607709351416, 0.9994091795563292413 ) ) ;
#753 = EDGE_CURVE ( 'NONE', #2960, #7351, #345, .T. ) ;
#754 = CIRCLE ( 'NONE', #3881, 27.23074878911993579 ) ;
#755 = CARTESIAN_POINT ( 'NONE',  ( 0.000000000000000000, 0.000000000000000000, 2.286000000000000032 ) ) ;
#756 = CARTESIAN_POINT ( 'NONE',  ( 61.12797730151740438, -3.095724199259894949, 0.8383492450537458618 ) ) ;
#757 = AXIS2_PLACEMENT_3D ( 'NONE', #4628, #7114, #2689 ) ;
#758 = ADVANCED_FACE ( 'NONE', ( #4721 ), #1625, .T. ) ;
#759 = ORIENTED_EDGE ( 'NONE', *, *, #338, .F. ) ;
#760 = AXIS2_PLACEMENT_3D ( 'NONE', #6678, #3621, #6756 ) ;
#761 = PLANE ( 'NONE',  #1948 ) ;
#762 = EDGE_LOOP ( 'NONE', ( #8004, #1865, #7291, #259 ) ) ;
#763 = CARTESIAN_POINT ( 'NONE',  ( 51.29406135961241375, 1.868478067631182515, 1.361902506744158359 ) ) ;
#764 = CARTESIAN_POINT ( 'NONE',  ( 2.359182082229886568, 3.105563006354282951, 0.5566026730971319614 ) ) ;
#765 = VECTOR ( 'NONE', #3006, 1000.000000000000000 ) ;
#766 = EDGE_LOOP ( 'NONE', ( #716, #2438, #2614, #163 ) ) ;
#767 = DIRECTION ( 'NONE',  ( 0.000000000000000000, 1.000000000000000000, 0.000000000000000000 ) ) ;
#768 = DIRECTION ( 'NONE',  ( -0.000000000000000000, 0.000000000000000000, 1.000000000000000000 ) ) ;
#769 = AXIS2_PLACEMENT_3D ( 'NONE', #197, #1636, #7704 ) ;
#770 = CARTESIAN_POINT ( 'NONE',  ( 22.58768456747169040, 1.596637958731251139, -3.569252719172790744 ) ) ;
#771 = AXIS2_PLACEMENT_3D ( 'NONE', #2554, #4429, #5606 ) ;
#772 = EDGE_CURVE ( 'NONE', #2524, #3235, #2384, .T. ) ;
#773 = CARTESIAN_POINT ( 'NONE',  ( 40.60217978721517085, -6.349999999999999645, -1.810386072292988313 ) ) ;
#774 = VECTOR ( 'NONE', #7969, 1000.000000000000000 ) ;
#775 = VERTEX_POINT ( 'NONE', #717 ) ;
#776 = CARTESIAN_POINT ( 'NONE',  ( 43.95593864038759335, 1.868478067631183404, 0.06799348359504894801 ) ) ;
#777 = AXIS2_PLACEMENT_3D ( 'NONE', #2042, #4525, #7701 ) ;
#778 = VERTEX_POINT ( 'NONE', #1866 ) ;
#779 = DIRECTION ( 'NONE',  ( 0.9848077530122081313, -0.000000000000000000, 0.1736481776669309696 ) ) ;
#780 = DIRECTION ( 'NONE',  ( -1.000000000000000000, 0.000000000000000000, 1.851507882525184455E-16 ) ) ;
#781 = DIRECTION ( 'NONE',  ( -1.000000000000000000, 0.000000000000000000, 0.000000000000000000 ) ) ;
#782 = VECTOR ( 'NONE', #37, 1000.000000000000000 ) ;
#783 = VECTOR ( 'NONE', #3055, 999.9999999999998863 ) ;
#784 = EDGE_CURVE ( 'NONE', #6649, #5445, #1213, .T. ) ;
#785 = VERTEX_POINT ( 'NONE', #5655 ) ;
#786 = DIRECTION ( 'NONE',  ( -1.000000000000000000, -4.777843668780926162E-17, -5.351184909034637203E-15 ) ) ;
#787 = AXIS2_PLACEMENT_3D ( 'NONE', #4232, #6677, #1125 ) ;
#788 = CARTESIAN_POINT ( 'NONE',  ( 19.54406135961241020, -1.733189655496051529, -4.555719746345368470 ) ) ;
#789 = ORIENTED_EDGE ( 'NONE', *, *, #8056, .T. ) ;
#790 = LINE ( 'NONE', #1446, #7016 ) ;
#791 = DIRECTION ( 'NONE',  ( -0.000000000000000000, 1.000000000000000000, 0.000000000000000000 ) ) ;
#792 = ADVANCED_FACE ( 'NONE', ( #3094 ), #552, .T. ) ;
#793 = ORIENTED_EDGE ( 'NONE', *, *, #7083, .T. ) ;
#794 = CARTESIAN_POINT ( 'NONE',  ( 20.54406135961241020, 0.4999999999999996669, -2.175000000000002931 ) ) ;
#795 = ORIENTED_EDGE ( 'NONE', *, *, #4138, .F. ) ;
#796 = DIRECTION ( 'NONE',  ( -5.909970241544475389E-17, -1.000000000000000000, -1.334402673828313093E-16 ) ) ;
#798 = ORIENTED_EDGE ( 'NONE', *, *, #4891, .F. ) ;
#797 = CARTESIAN_POINT ( 'NONE',  ( 42.95593864038758625, 1.596637958731240037, -0.08951625751220664007 ) ) ;
#799 = LINE ( 'NONE', #1412, #1232 ) ;
#800 = PRODUCT_DEFINITION ( 'UNKNOWN', '', #1317, #6981 ) ;
#801 = CARTESIAN_POINT ( 'NONE',  ( 4.684623523208827578, -3.125000000000000000, -2.545853211699800359E-16 ) ) ;
#802 = VECTOR ( 'NONE', #7458, 1000.000000000000000 ) ;
#803 = CARTESIAN_POINT ( 'NONE',  ( 61.14081791777012143, -3.105563006354284727, 0.5566026730970892178 ) ) ;
#804 = EDGE_CURVE ( 'NONE', #7052, #3183, #5530, .T. ) ;
#805 = ORIENTED_EDGE ( 'NONE', *, *, #6454, .F. ) ;
#806 = ORIENTED_EDGE ( 'NONE', *, *, #6408, .F. ) ;
#807 = VECTOR ( 'NONE', #4106, 1000.000000000000000 ) ;
#808 = CARTESIAN_POINT ( 'NONE',  ( 54.64782021278482915, -6.349999999999999645, -1.364613927707009067 ) ) ;
#809 = CARTESIAN_POINT ( 'NONE',  ( 20.54406135961241375, -1.733189655496051307, -4.732046727053832669 ) ) ;
#810 = ORIENTED_EDGE ( 'NONE', *, *, #30, .F. ) ;
#811 = ADVANCED_FACE ( 'NONE', ( #2441 ), #3785, .T. ) ;
#812 = EDGE_CURVE ( 'NONE', #334, #5508, #4965, .T. ) ;
#813 = DIRECTION ( 'NONE',  ( 1.000000000000000000, 0.000000000000000000, 8.326672684688676518E-17 ) ) ;
#814 = DIRECTION ( 'NONE',  ( 1.103821940798063563E-16, -1.000000000000000000, -1.334402673828312846E-16 ) ) ;
#815 = CARTESIAN_POINT ( 'NONE',  ( 54.30052385745097610, -6.349999999999999645, 0.6050015783174087503 ) ) ;
#816 = ORIENTED_EDGE ( 'NONE', *, *, #2000, .T. ) ;
#817 = DIRECTION ( 'NONE',  ( -0.9848077530122079093, 0.000000000000000000, -0.1736481776669310528 ) ) ;
#818 = CARTESIAN_POINT ( 'NONE',  ( 8.852179787215165518, -6.349999999999999645, -1.364613927707009067 ) ) ;
#819 = ORIENTED_EDGE ( 'NONE', *, *, #4760, .F. ) ;
#820 = ADVANCED_FACE ( 'NONE', ( #6183 ), #4918, .T. ) ;
#821 = DIRECTION ( 'NONE',  ( -0.006060234003882934185, -0.9993908270190957621, 0.03436929492885017201 ) ) ;
#822 = LINE ( 'NONE', #3323, #5177 ) ;
#823 = EDGE_LOOP ( 'NONE', ( #1041, #2533, #7690, #1918 ) ) ;
#824 = CARTESIAN_POINT ( 'NONE',  ( 58.81537647679117242, 1.999999999999997113, 2.230748789119931796 ) ) ;
#825 = DIRECTION ( 'NONE',  ( 0.000000000000000000, 0.000000000000000000, 1.000000000000000000 ) ) ;
#826 = VERTEX_POINT ( 'NONE', #7365 ) ;
#827 = ADVANCED_FACE ( 'NONE', ( #5006 ), #6753, .T. ) ;
#828 = CARTESIAN_POINT ( 'NONE',  ( 11.20593864038758802, -1.999999999999997335, -1.000000000000000000 ) ) ;
#829 = CARTESIAN_POINT ( 'NONE',  ( 2.333318452333498882, -3.125000000000000000, -2.545853211700498501E-16 ) ) ;
#830 = AXIS2_PLACEMENT_3D ( 'NONE', #1766, #2431, #1812 ) ;
#831 = EDGE_LOOP ( 'NONE', ( #3249, #7920, #1064, #4037 ) ) ;
#832 = CARTESIAN_POINT ( 'NONE',  ( 52.29406135961241375, -1.999999999999998224, -5.461999999999999744 ) ) ;
#833 = ORIENTED_EDGE ( 'NONE', *, *, #4111, .F. ) ;
#834 = CARTESIAN_POINT ( 'NONE',  ( 2.333318452333498882, -3.125000000000000000, -2.545853211700498501E-16 ) ) ;
#836 = ORIENTED_EDGE ( 'NONE', *, *, #507, .F. ) ;
#835 = CARTESIAN_POINT ( 'NONE',  ( 42.95593864038758625, 0.4999999999999996669, 2.287000000000009692 ) ) ;
#837 = DIRECTION ( 'NONE',  ( -1.000000000000000000, -1.470185457082887343E-16, 0.000000000000000000 ) ) ;
#838 = CARTESIAN_POINT ( 'NONE',  ( 42.95593864038758625, 1.596637958731240925, -4.732046727053832669 ) ) ;
#839 = CARTESIAN_POINT ( 'NONE',  ( 40.77582796488210448, 3.125000000000000000, -2.795193825305196000 ) ) ;
#840 = ORIENTED_EDGE ( 'NONE', *, *, #4496, .T. ) ;
#841 = CARTESIAN_POINT ( 'NONE',  ( 27.06537647679117597, 0.000000000000000000, 21.82499999999999929 ) ) ;
#842 = CC_DESIGN_PERSON_AND_ORGANIZATION_ASSIGNMENT ( #6533, #5229, ( #800 ) ) ;
#843 = ORIENTED_EDGE ( 'NONE', *, *, #2111, .T. ) ;
#844 = LINE ( 'NONE', #7768, #5973 ) ;
#845 = LINE ( 'NONE', #1381, #6661 ) ;
#846 = ORIENTED_EDGE ( 'NONE', *, *, #4262, .T. ) ;
#847 = CARTESIAN_POINT ( 'NONE',  ( 61.40000000000000568, 8.609464714099175491E-17, -2.286000000000000032 ) ) ;
#848 = DIRECTION ( 'NONE',  ( -0.1736481776669305810, 0.000000000000000000, 0.9848077530122080203 ) ) ;
#849 = CARTESIAN_POINT ( 'NONE',  ( 63.50000000000000000, -6.349999999999999645, -1.000000000000000000 ) ) ;
#850 = ADVANCED_FACE ( 'NONE', ( #1245 ), #6921, .F. ) ;
#851 = CARTESIAN_POINT ( 'NONE',  ( 11.20593864038758980, -1.999999999999997113, -3.029380192621260015 ) ) ;
#852 = CYLINDRICAL_SURFACE ( 'NONE', #6597, 24.00000000000000000 ) ;
#853 = EDGE_CURVE ( 'NONE', #4991, #4065, #676, .T. ) ;
#854 = ORIENTED_EDGE ( 'NONE', *, *, #2831, .F. ) ;
#855 = CARTESIAN_POINT ( 'NONE',  ( 11.20593864038758802, 1.596637958731240481, 1.557046727053834179 ) ) ;
#856 = CALENDAR_DATE ( 2022, 6, 6 ) ;
#857 = PLANE ( 'NONE',  #1531 ) ;
#858 = EDGE_CURVE ( 'NONE', #1610, #3272, #540, .T. ) ;
#859 = VERTEX_POINT ( 'NONE', #1943 ) ;
#860 = DIRECTION ( 'NONE',  ( 0.000000000000000000, 1.334402673828313093E-16, -1.000000000000000000 ) ) ;
#861 = DIRECTION ( 'NONE',  ( 7.883372829330942247E-15, 0.000000000000000000, -1.000000000000000000 ) ) ;
#862 = ORIENTED_EDGE ( 'NONE', *, *, #5300, .T. ) ;
#863 = AXIS2_PLACEMENT_3D ( 'NONE', #7779, #236, #6446 ) ;
#864 = DIRECTION ( 'NONE',  ( -0.000000000000000000, -0.000000000000000000, 1.000000000000000000 ) ) ;
#865 = LINE ( 'NONE', #5237, #6696 ) ;
#866 = ADVANCED_FACE ( 'NONE', ( #5568 ), #1337, .T. ) ;
#867 = ORIENTED_EDGE ( 'NONE', *, *, #3060, .T. ) ;
#868 = CARTESIAN_POINT ( 'NONE',  ( 12.20593864038759158, -1.999999999999997335, -3.205707173329725990 ) ) ;
#869 = CIRCLE ( 'NONE', #1521, 24.16165075494625114 ) ;
#870 = VERTEX_POINT ( 'NONE', #4438 ) ;
#871 = CARTESIAN_POINT ( 'NONE',  ( 20.26965232255003713, 1.999999999999998668, -1.346969163412948811 ) ) ;
#872 = VECTOR ( 'NONE', #4858, 1000.000000000000000 ) ;
#874 = VERTEX_POINT ( 'NONE', #2488 ) ;
#873 = CARTESIAN_POINT ( 'NONE',  ( 61.12382209565580382, -3.092540374737360320, 0.9295220504894418090 ) ) ;
#875 = CARTESIAN_POINT ( 'NONE',  ( 34.08331845233350066, -3.125000000000000000, -3.174999999999995826 ) ) ;
#876 = DIRECTION ( 'NONE',  ( 1.000000000000000000, 0.000000000000000000, 0.000000000000000000 ) ) ;
#877 = VECTOR ( 'NONE', #900, 1000.000000000000227 ) ;
#878 = ORIENTED_EDGE ( 'NONE', *, *, #7165, .F. ) ;
#879 = EDGE_CURVE ( 'NONE', #5868, #1846, #6832, .T. ) ;
#880 = CARTESIAN_POINT ( 'NONE',  ( 43.95593864038759335, -1.999999999999999556, -5.461999999999999744 ) ) ;
#881 = ORIENTED_EDGE ( 'NONE', *, *, #1702, .T. ) ;
#882 = VECTOR ( 'NONE', #7500, 1000.000000000000114 ) ;
#883 = DIRECTION ( 'NONE',  ( 0.000000000000000000, -1.000000000000000000, 0.000000000000000000 ) ) ;
#884 = CARTESIAN_POINT ( 'NONE',  ( 51.29406135961241375, -0.4999999999999996669, -1.955972100311188067 ) ) ;
#885 = EDGE_LOOP ( 'NONE', ( #7177, #3668, #5051, #2930 ) ) ;
#886 = DIRECTION ( 'NONE',  ( -0.9848077530122079093, 0.000000000000000000, -0.1736481776669310528 ) ) ;
#887 = CARTESIAN_POINT ( 'NONE',  ( 34.10918208222989279, 3.105563006354282951, -2.618397326902853983 ) ) ;
#888 = LINE ( 'NONE', #7774, #4606 ) ;
#889 = AXIS2_PLACEMENT_3D ( 'NONE', #5010, #5572, #6187 ) ;
#890 = ORIENTED_EDGE ( 'NONE', *, *, #4805, .T. ) ;
#891 = VERTEX_POINT ( 'NONE', #95 ) ;
#892 = CARTESIAN_POINT ( 'NONE',  ( 40.60217978721517085, 0.4999999999999995559, -1.810386072292988313 ) ) ;
#893 = AXIS2_PLACEMENT_3D ( 'NONE', #4477, #218, #6393 ) ;
#894 = CARTESIAN_POINT ( 'NONE',  ( 9.413193426945490216, -1.999999999999998224, 1.817052527853100896 ) ) ;
#895 = VECTOR ( 'NONE', #319, 1000.000000000000114 ) ;
#896 = ORIENTED_EDGE ( 'NONE', *, *, #3760, .F. ) ;
#897 = CARTESIAN_POINT ( 'NONE',  ( 36.43462352320882047, 1.596637958731240925, -5.460999999999995858 ) ) ;
#898 = VECTOR ( 'NONE', #6284, 1000.000000000000000 ) ;
#899 = EDGE_CURVE ( 'NONE', #775, #1700, #7480, .T. ) ;
#900 = DIRECTION ( 'NONE',  ( 0.000000000000000000, -0.03489949670250423741, -0.9993908270190955401 ) ) ;
#901 = VECTOR ( 'NONE', #3428, 1000.000000000000000 ) ;
#902 = EDGE_CURVE ( 'NONE', #56, #2770, #3904, .T. ) ;
#903 = ORIENTED_EDGE ( 'NONE', *, *, #4397, .T. ) ;
#904 = DIRECTION ( 'NONE',  ( -0.1735423958889129592, -0.03489949670250423741, -0.9842078347376876923 ) ) ;
#905 = VECTOR ( 'NONE', #6655, 1000.000000000000114 ) ;
#906 = EDGE_CURVE ( 'NONE', #2320, #7855, #3945, .T. ) ;
#907 = ADVANCED_FACE ( 'NONE', ( #7639 ), #6430, .T. ) ;
#908 = CARTESIAN_POINT ( 'NONE',  ( 2.670354622970952274, -2.845659002721034447, -1.630242411437261563 ) ) ;
#909 = DIRECTION ( 'NONE',  ( 1.851507882525183222E-16, 0.000000000000000000, -1.000000000000000000 ) ) ;
#910 = ORIENTED_EDGE ( 'NONE', *, *, #2294, .F. ) ;
#911 = AXIS2_PLACEMENT_3D ( 'NONE', #310, #6473, #5139 ) ;
#912 = PLANE ( 'NONE',  #5720 ) ;
#913 = VERTEX_POINT ( 'NONE', #7605 ) ;
#914 = CARTESIAN_POINT ( 'NONE',  ( 36.43462352320882047, -2.000000000000000000, 21.82499999999999929 ) ) ;
#915 = APPROVAL_PERSON_ORGANIZATION ( #5268, #5978, #7102 ) ;
#916 = ORIENTED_EDGE ( 'NONE', *, *, #2481, .F. ) ;
#917 = ORIENTED_EDGE ( 'NONE', *, *, #4298, .F. ) ;
#918 = EDGE_CURVE ( 'NONE', #6017, #2928, #5086, .T. ) ;
#919 = CARTESIAN_POINT ( 'NONE',  ( 43.95593864038759335, 0.4999999999999996669, -1.219027899688808425 ) ) ;
#920 = CARTESIAN_POINT ( 'NONE',  ( 27.06537647679117597, -3.125000000000000000, -3.174999999999997158 ) ) ;
#921 = ORIENTED_EDGE ( 'NONE', *, *, #6891, .F. ) ;
#922 = LINE ( 'NONE', #3424, #1300 ) ;
#923 = ORIENTED_EDGE ( 'NONE', *, *, #3861, .T. ) ;
#925 = ORIENTED_EDGE ( 'NONE', *, *, #7919, .F. ) ;
#924 = DIRECTION ( 'NONE',  ( 0.1736481776669310528, -1.358106471860483123E-16, 0.9848077530122080203 ) ) ;
#926 = CARTESIAN_POINT ( 'NONE',  ( 36.43462352320882047, 0.4999999999999996669, 21.82499999999999929 ) ) ;
#927 = CARTESIAN_POINT ( 'NONE',  ( 52.98949863294298979, 1.999999999999999112, -1.657020764924213685 ) ) ;
#928 = VERTEX_POINT ( 'NONE', #7570 ) ;
#929 = CARTESIAN_POINT ( 'NONE',  ( 33.85000000000000142, 2.435009221443560882E-17, -5.462000000000001521 ) ) ;
#930 = LINE ( 'NONE', #5864, #361 ) ;
#931 = DIRECTION ( 'NONE',  ( 0.000000000000000000, 1.000000000000000000, 0.000000000000000000 ) ) ;
#932 = EDGE_LOOP ( 'NONE', ( #1750, #7448, #2292, #1595, #2796, #4627, #3659, #4712 ) ) ;
#933 = CARTESIAN_POINT ( 'NONE',  ( 58.81537647679117953, -0.4999999999999943934, -25.00000000000000000 ) ) ;
#934 = DIRECTION ( 'NONE',  ( 0.000000000000000000, 1.000000000000000000, 0.000000000000000000 ) ) ;
#935 = VERTEX_POINT ( 'NONE', #2688 ) ;
#936 = CARTESIAN_POINT ( 'NONE',  ( 29.39081791777012498, -3.105563006354284283, -3.731602673097108358 ) ) ;
#937 = LINE ( 'NONE', #3443, #484 ) ;
#938 = VERTEX_POINT ( 'NONE', #5166 ) ;
#939 = CARTESIAN_POINT ( 'NONE',  ( 60.33025035916232781, 2.298627031425549916, 2.147374565254215995 ) ) ;
#940 = CARTESIAN_POINT ( 'NONE',  ( 0.000000000000000000, 0.000000000000000000, 2.286000000000000032 ) ) ;
#941 = EDGE_CURVE ( 'NONE', #1268, #7340, #1096, .T. ) ;
#942 = FACE_OUTER_BOUND ( 'NONE', #3531, .T. ) ;
#943 = CARTESIAN_POINT ( 'NONE',  ( 34.91159817879209015, 2.289025381294705674, -1.050032675659713366 ) ) ;
#944 = ORIENTED_EDGE ( 'NONE', *, *, #1449, .F. ) ;
#945 = DIRECTION ( 'NONE',  ( -1.000000000000000000, -1.161853447161462222E-15, 0.000000000000000000 ) ) ;
#946 = EDGE_CURVE ( 'NONE', #504, #859, #7726, .T. ) ;
#947 = VERTEX_POINT ( 'NONE', #5772 ) ;
#948 = CARTESIAN_POINT ( 'NONE',  ( 27.06537647679117597, 3.125000000000000000, -3.174999999999997158 ) ) ;
#949 = EDGE_CURVE ( 'NONE', #7136, #6747, #7343, .T. ) ;
#951 = VERTEX_POINT ( 'NONE', #6999 ) ;
#950 = DIRECTION ( 'NONE',  ( -0.9848077530122080203, 7.377650244116250014E-16, 0.1736481776669312194 ) ) ;
#952 = ORIENTED_EDGE ( 'NONE', *, *, #2050, .F. ) ;
#953 = EDGE_CURVE ( 'NONE', #2218, #4042, #799, .T. ) ;
#954 = ADVANCED_FACE ( 'NONE', ( #3300 ), #7046, .F. ) ;
#955 = CARTESIAN_POINT ( 'NONE',  ( 28.40186619144336078, -2.000000000000000444, -0.9442512108800652504 ) ) ;
#956 = CARTESIAN_POINT ( 'NONE',  ( 11.20593864038758802, 1.999999999999997780, -1.779645119602723424 ) ) ;
#957 = AXIS2_PLACEMENT_3D ( 'NONE', #3738, #6228, #6272 ) ;
#958 = CARTESIAN_POINT ( 'NONE',  ( 41.17278769902870295, -0.4999999999999985012, -5.046464348691102941 ) ) ;
#959 = ORIENTED_EDGE ( 'NONE', *, *, #4797, .T. ) ;
#960 = ADVANCED_FACE ( 'NONE', ( #6344 ), #5736, .T. ) ;
#962 = ORIENTED_EDGE ( 'NONE', *, *, #1650, .F. ) ;
#961 = CARTESIAN_POINT ( 'NONE',  ( 4.684623523208827578, 3.125000000000000000, 1.391333921542872651E-28 ) ) ;
#963 = DIRECTION ( 'NONE',  ( 0.000000000000000000, 1.000000000000000000, 0.000000000000000000 ) ) ;
#964 = CARTESIAN_POINT ( 'NONE',  ( 51.29406135961241375, -1.999999999999998224, 1.324616196478835439 ) ) ;
#965 = DIRECTION ( 'NONE',  ( 0.000000000000000000, 0.000000000000000000, -1.000000000000000000 ) ) ;
#966 = DIRECTION ( 'NONE',  ( 2.970001569282669714E-29, -1.358106471860483123E-16, 1.000000000000000000 ) ) ;
#967 = DIRECTION ( 'NONE',  ( -0.000000000000000000, -0.000000000000000000, 1.000000000000000000 ) ) ;
#968 = ORIENTED_EDGE ( 'NONE', *, *, #4246, .T. ) ;
#969 =( BOUNDED_CURVE ( )  B_SPLINE_CURVE ( 3, ( #4677, #5744, #809, #7694 ),
 .UNSPECIFIED., .F., .T. ) 
 B_SPLINE_CURVE_WITH_KNOTS ( ( 4, 4 ),
 ( 6.010926187993208103, 6.283185307179586232 ),
 .UNSPECIFIED. ) 
 CURVE ( )  GEOMETRIC_REPRESENTATION_ITEM ( )  RATIONAL_B_SPLINE_CURVE ( ( 1.000000000000000000, 0.9938324475413840009, 0.9938324475413840009, 1.000000000000000000 ) ) 
 REPRESENTATION_ITEM ( '' )  );
#970 = VERTEX_POINT ( 'NONE', #3590 ) ;
#971 = ADVANCED_FACE ( 'NONE', ( #4686 ), #6719, .T. ) ;
#972 = FACE_OUTER_BOUND ( 'NONE', #420, .T. ) ;
#973 = CARTESIAN_POINT ( 'NONE',  ( 12.20593864038758980, 1.596637958731240925, -3.261810723196257644 ) ) ;
#974 = ORIENTED_EDGE ( 'NONE', *, *, #2226, .T. ) ;
#975 = FACE_OUTER_BOUND ( 'NONE', #4398, .T. ) ;
#976 = PERSON_AND_ORGANIZATION ( #1050, #7296 ) ;
#977 = CARTESIAN_POINT ( 'NONE',  ( 34.08331845233350066, 3.125000000000000000, -3.174999999999995826 ) ) ;
#978 = EDGE_CURVE ( 'NONE', #3490, #4154, #2322, .T. ) ;
#979 = ORIENTED_EDGE ( 'NONE', *, *, #5151, .T. ) ;
#980 = LINE ( 'NONE', #824, #7773 ) ;
#981 = LINE ( 'NONE', #3078, #7800 ) ;
#982 = DIRECTION ( 'NONE',  ( 1.000000000000000000, -0.000000000000000000, 0.000000000000000000 ) ) ;
#983 = DIRECTION ( 'NONE',  ( -5.551115123125782086E-17, -0.03489949670250473701, 0.9993908270190955401 ) ) ;
#984 = EDGE_LOOP ( 'NONE', ( #805, #5952, #7560, #2640 ) ) ;
#985 = AXIS2_PLACEMENT_3D ( 'NONE', #521, #1596, #3027 ) ;
#986 = VERTEX_POINT ( 'NONE', #7292 ) ;
#987 = LINE ( 'NONE', #2767, #2266 ) ;
#988 = ORIENTED_EDGE ( 'NONE', *, *, #7724, .T. ) ;
#989 = LINE ( 'NONE', #1616, #2730 ) ;
#990 = PLANE ( 'NONE',  #7408 ) ;
#991 = EDGE_CURVE ( 'NONE', #5369, #6805, #1747, .T. ) ;
#992 = VECTOR ( 'NONE', #7657, 1000.000000000000114 ) ;
#993 = VERTEX_POINT ( 'NONE', #1008 ) ;
#994 = LINE ( 'NONE', #7237, #6117 ) ;
#995 = EDGE_CURVE ( 'NONE', #7075, #7388, #5920, .T. ) ;
#996 = ORIENTED_EDGE ( 'NONE', *, *, #1769, .T. ) ;
#998 = ORIENTED_EDGE ( 'NONE', *, *, #733, .F. ) ;
#997 = CARTESIAN_POINT ( 'NONE',  ( 20.54406135961241020, -1.999999999999999556, -1.395354880397273956 ) ) ;
#999 = CARTESIAN_POINT ( 'NONE',  ( 27.06537647679117597, -3.095724199259894949, -2.336650754946252295 ) ) ;
#1000 = CARTESIAN_POINT ( 'NONE',  ( 34.21905952321589695, -3.019273089085233064, -4.443542295300684231 ) ) ;
#1001 = CARTESIAN_POINT ( 'NONE',  ( 59.63218407883724836, -0.4999999999999963363, -2.286000000000000032 ) ) ;
#1002 = DIRECTION ( 'NONE',  ( 0.9848077530122081313, 0.000000000000000000, -0.1736481776669309696 ) ) ;
#1003 = DIRECTION ( 'NONE',  ( -0.9848077530122080203, 0.000000000000000000, 0.1736481776669310806 ) ) ;
#1004 = CIRCLE ( 'NONE', #6608, 2.100000000000000089 ) ;
#1005 = EDGE_CURVE ( 'NONE', #1537, #3725, #4766, .T. ) ;
#1006 = VERTEX_POINT ( 'NONE', #5378 ) ;
#1007 = VECTOR ( 'NONE', #1518, 1000.000000000000000 ) ;
#1008 = CARTESIAN_POINT ( 'NONE',  ( 2.333318452333499771, 3.125000000000000000, 6.929959465066704231E-29 ) ) ;
#1009 = CARTESIAN_POINT ( 'NONE',  ( 2.372022698482601832, 3.095724199259894505, 0.8383492450537465279 ) ) ;
#1010 = ORIENTED_EDGE ( 'NONE', *, *, #7450, .T. ) ;
#1011 = DIRECTION ( 'NONE',  ( 0.000000000000000000, -1.000000000000000000, 0.000000000000000000 ) ) ;
#1012 = AXIS2_PLACEMENT_3D ( 'NONE', #7262, #1795, #7953 ) ;
#1013 = EDGE_CURVE ( 'NONE', #4963, #874, #404, .T. ) ;
#1014 = PERSON_AND_ORGANIZATION ( #1050, #7296 ) ;
#1015 = VECTOR ( 'NONE', #5850, 1000.000000000000000 ) ;
#1016 = VECTOR ( 'NONE', #6768, 1000.000000000000000 ) ;
#1017 = ORIENTED_EDGE ( 'NONE', *, *, #4496, .F. ) ;
#1018 = FACE_OUTER_BOUND ( 'NONE', #7468, .T. ) ;
#1019 = CONICAL_SURFACE ( 'NONE', #114, 24.16165075494625114, 1.535889741755007032 ) ;
#1020 = DIRECTION ( 'NONE',  ( 0.000000000000000000, 0.000000000000000000, 1.000000000000000000 ) ) ;
#1021 = ORIENTED_EDGE ( 'NONE', *, *, #4510, .F. ) ;
#1022 = VECTOR ( 'NONE', #4967, 1000.000000000000000 ) ;
#1023 = CARTESIAN_POINT ( 'NONE',  ( 3.161305033808128329, -2.289428858272333223, -2.124758187798313713 ) ) ;
#1024 = DIRECTION ( 'NONE',  ( -2.553335745242634272E-32, 1.000000000000000000, 1.379057453301393079E-16 ) ) ;
#1025 = VECTOR ( 'NONE', #6182, 1000.000000000000000 ) ;
#1026 = EDGE_CURVE ( 'NONE', #2318, #1144, #59, .T. ) ;
#1027 = VECTOR ( 'NONE', #4660, 1000.000000000000000 ) ;
#1028 = ORIENTED_EDGE ( 'NONE', *, *, #4750, .F. ) ;
#1029 = PLANE ( 'NONE',  #7212 ) ;
#1030 = AXIS2_PLACEMENT_3D ( 'NONE', #3446, #7260, #1639 ) ;
#1031 = ORIENTED_EDGE ( 'NONE', *, *, #7232, .T. ) ;
#1032 = VECTOR ( 'NONE', #6588, 1000.000000000000000 ) ;
#1033 = DIRECTION ( 'NONE',  ( 0.000000000000000000, 1.000000000000000000, 0.000000000000000000 ) ) ;
#1034 = EDGE_CURVE ( 'NONE', #72, #5093, #7815, .T. ) ;
#1035 = CIRCLE ( 'NONE', #5602, 1.499999999999999778 ) ;
#1036 = ORIENTED_EDGE ( 'NONE', *, *, #5442, .F. ) ;
#1037 = AXIS2_PLACEMENT_3D ( 'NONE', #2817, #6631, #7168 ) ;
#1038 = LINE ( 'NONE', #4632, #4950 ) ;
#1039 = ORIENTED_EDGE ( 'NONE', *, *, #1960, .F. ) ;
#1041 = ORIENTED_EDGE ( 'NONE', *, *, #5291, .F. ) ;
#1040 = CARTESIAN_POINT ( 'NONE',  ( 20.54406135961241020, -0.5000000000000003331, -5.461999999999999744 ) ) ;
#1042 = CARTESIAN_POINT ( 'NONE',  ( 20.54406135961241020, -1.999999999999999556, -5.461999999999999744 ) ) ;
#1043 = CARTESIAN_POINT ( 'NONE',  ( 34.71407600965866180, -2.539715928915412757, -5.137147544309547342 ) ) ;
#1044 = VECTOR ( 'NONE', #1617, 1000.000000000000000 ) ;
#1045 = CARTESIAN_POINT ( 'NONE',  ( 29.37797730151740083, 3.095724199259894505, -2.336650754946250075 ) ) ;
#1046 = DIRECTION ( 'NONE',  ( -0.9848077530122080203, 1.395753495373054849E-16, -0.1736481776669312194 ) ) ;
#1047 = CARTESIAN_POINT ( 'NONE',  ( 42.95593864038758625, 1.999999999999999112, -3.426208104168764645 ) ) ;
#1048 = EDGE_CURVE ( 'NONE', #5369, #7493, #4624, .T. ) ;
#1049 = ORIENTED_EDGE ( 'NONE', *, *, #6205, .T. ) ;
#1050 = PERSON ( 'UNSPECIFIED', 'UNSPECIFIED', 'UNSPECIFIED', ('UNSPECIFIED'), ('UNSPECIFIED'), ('UNSPECIFIED') ) ;
#1051 = ORIENTED_EDGE ( 'NONE', *, *, #7830, .T. ) ;
#1052 = DIRECTION ( 'NONE',  ( 0.000000000000000000, 0.000000000000000000, 1.000000000000000000 ) ) ;
#1053 = ADVANCED_FACE ( 'NONE', ( #5501 ), #4809, .F. ) ;
#1054 = CARTESIAN_POINT ( 'NONE',  ( 60.82964537702903840, -2.845659002721034447, -1.630242411437262229 ) ) ;
#1055 = CARTESIAN_POINT ( 'NONE',  ( 28.40186619144335012, -2.000000000000006661, -2.175000000000001155 ) ) ;
#1056 = ORIENTED_EDGE ( 'NONE', *, *, #6754, .T. ) ;
#1057 = CARTESIAN_POINT ( 'NONE',  ( 8.628868230735498912, 1.596637958731240925, -2.631076698080709431 ) ) ;
#1058 = VECTOR ( 'NONE', #724, 1000.000000000000000 ) ;
#1059 = CARTESIAN_POINT ( 'NONE',  ( 0.000000000000000000, -6.349999999999999645, -1.000000000000000000 ) ) ;
#1060 = VERTEX_POINT ( 'NONE', #2905 ) ;
#1061 = CARTESIAN_POINT ( 'NONE',  ( 11.20593864038758802, -1.999999999999998224, 1.500943177187301636 ) ) ;
#1062 = ADVANCED_FACE ( 'NONE', ( #1092 ), #476, .F. ) ;
#1063 = DIRECTION ( 'NONE',  ( 0.000000000000000000, 1.000000000000000000, 0.000000000000000000 ) ) ;
#1064 = ORIENTED_EDGE ( 'NONE', *, *, #4744, .T. ) ;
#1065 = LINE ( 'NONE', #8028, #3498 ) ;
#1066 = FACE_OUTER_BOUND ( 'NONE', #7948, .T. ) ;
#1067 = B_SPLINE_CURVE_WITH_KNOTS ( 'NONE', 3,
 ( #5617, #22, #6802, #3787, #2530, #6151, #555, #4478, #5009, #720 ),
 .UNSPECIFIED., .F., .F.,
 ( 4, 2, 2, 2, 4 ),
 ( 0.0004576857502781638627, 0.001526995805871962869, 0.001794323319770415887, 0.002061650833668869122, 0.002596305861465766918 ),
 .UNSPECIFIED. ) ;
#1068 = LINE ( 'NONE', #326, #1007 ) ;
#1069 = DIRECTION ( 'NONE',  ( 0.000000000000000000, -0.03436992607709350028, -0.9994091795563292413 ) ) ;
#1070 = ORIENTED_EDGE ( 'NONE', *, *, #43, .F. ) ;
#1071 = DIRECTION ( 'NONE',  ( 0.9848077530122080203, -2.317165925841666822E-17, 0.1736481776669312194 ) ) ;
#1072 = ADVANCED_FACE ( 'NONE', ( #972 ), #7497, .T. ) ;
#1073 = ORIENTED_EDGE ( 'NONE', *, *, #7871, .T. ) ;
#1074 = VERTEX_POINT ( 'NONE', #4237 ) ;
#1075 = FACE_OUTER_BOUND ( 'NONE', #5359, .T. ) ;
#1076 = LINE ( 'NONE', #3575, #7789 ) ;
#1077 = EDGE_LOOP ( 'NONE', ( #6695, #3425, #543, #3444, #6115, #6777, #5202, #178, #3538, #737, #7120, #1346, #1321 ) ) ;
#1078 = LINE ( 'NONE', #7203, #2088 ) ;
#1080 = EDGE_LOOP ( 'NONE', ( #7746, #1010, #2687, #1021 ) ) ;
#1079 = LINE ( 'NONE', #3426, #5604 ) ;
#1081 = EDGE_CURVE ( 'NONE', #3011, #72, #1130, .T. ) ;
#1082 = DIRECTION ( 'NONE',  ( 0.9848077530122079093, -0.000000000000000000, 0.1736481776669310528 ) ) ;
#1083 = CARTESIAN_POINT ( 'NONE',  ( 54.86153749718128836, -1.999999999999997113, -2.576664877242706542 ) ) ;
#1084 = VECTOR ( 'NONE', #1890, 1000.000000000000000 ) ;
#1085 = CARTESIAN_POINT ( 'NONE',  ( 60.15186619144336078, 1.999999999999997113, 2.230748789119931796 ) ) ;
#1086 = CARTESIAN_POINT ( 'NONE',  ( 58.81537647679117953, -0.4999999999999943934, -25.00000000000000000 ) ) ;
#1087 = CARTESIAN_POINT ( 'NONE',  ( 42.95593864038758625, -0.5000000000000003331, -5.461999999999999744 ) ) ;
#1088 = EDGE_LOOP ( 'NONE', ( #5286, #2461, #5874, #2993, #4727, #4622, #923, #881 ) ) ;
#1089 = AXIS2_PLACEMENT_3D ( 'NONE', #5129, #4553, #837 ) ;
#1090 = AXIS2_PLACEMENT_3D ( 'NONE', #2478, #2389, #6093 ) ;
#1091 = EDGE_LOOP ( 'NONE', ( #6456, #722, #5500, #6478 ) ) ;
#1092 = FACE_OUTER_BOUND ( 'NONE', #6436, .T. ) ;
#1093 = CARTESIAN_POINT ( 'NONE',  ( 9.422787699028704722, 0.4999999999999996669, 1.871464348691110446 ) ) ;
#1094 = CARTESIAN_POINT ( 'NONE',  ( 4.684623523208827578, -6.349999999999999645, 1.000000000000000000 ) ) ;
#1095 = ORIENTED_EDGE ( 'NONE', *, *, #3024, .F. ) ;
#1096 = CIRCLE ( 'NONE', #1089, 27.28599999999999781 ) ;
#1097 = LINE ( 'NONE', #7420, #2988 ) ;
#1098 = DIRECTION ( 'NONE',  ( 0.000000000000000000, 0.000000000000000000, 1.000000000000000000 ) ) ;
#1099 = ADVANCED_FACE ( 'NONE', ( #6111 ), #4379, .T. ) ;
#1100 = ADVANCED_FACE ( 'NONE', ( #2203 ), #2250, .F. ) ;
#1101 = CARTESIAN_POINT ( 'NONE',  ( 42.95593864038758625, -1.999999999999999556, -1.395354880397275510 ) ) ;
#1102 = EDGE_CURVE ( 'NONE', #6046, #4353, #3825, .T. ) ;
#1103 = EDGE_LOOP ( 'NONE', ( #5721, #7312, #1604, #3555 ) ) ;
#1104 = EDGE_CURVE ( 'NONE', #6024, #3364, #32, .T. ) ;
#1105 = CARTESIAN_POINT ( 'NONE',  ( 9.422787699028704722, -0.5000000000000003331, 1.871464348691110446 ) ) ;
#1106 = PLANE ( 'NONE',  #5212 ) ;
#1107 = ORIENTED_EDGE ( 'NONE', *, *, #3004, .F. ) ;
#1108 = DIRECTION ( 'NONE',  ( 0.000000000000000000, 1.000000000000000000, 0.000000000000000000 ) ) ;
#1109 = CARTESIAN_POINT ( 'NONE',  ( 40.77582796488210448, -3.125000000000000000, -2.795193825305196000 ) ) ;
#1110 = CARTESIAN_POINT ( 'NONE',  ( 43.95593864038759335, -0.5000000000000003331, -5.461999999999999744 ) ) ;
#1111 = EDGE_CURVE ( 'NONE', #7763, #1532, #714, .T. ) ;
#1112 = ORIENTED_EDGE ( 'NONE', *, *, #3017, .T. ) ;
#1113 = CARTESIAN_POINT ( 'NONE',  ( 34.33445780796262881, 2.921324573982209127, -4.669002433685471409 ) ) ;
#1114 = ORIENTED_EDGE ( 'NONE', *, *, #6127, .F. ) ;
#1115 = LINE ( 'NONE', #1283, #6495 ) ;
#1116 = DIRECTION ( 'NONE',  ( 1.070618063257516008E-31, 1.000000000000000000, -1.887788505861431118E-32 ) ) ;
#1117 = ADVANCED_FACE ( 'NONE', ( #2405 ), #7978, .F. ) ;
#1118 = ORIENTED_EDGE ( 'NONE', *, *, #6036, .T. ) ;
#1119 = LINE ( 'NONE', #2393, #2744 ) ;
#1121 = ORIENTED_EDGE ( 'NONE', *, *, #918, .T. ) ;
#1120 = CARTESIAN_POINT ( 'NONE',  ( 12.20593864038758980, -1.999999999999998668, -5.461999999999999744 ) ) ;
#1122 = LINE ( 'NONE', #6798, #1955 ) ;
#1123 = CARTESIAN_POINT ( 'NONE',  ( 35.00870443967103540, -2.149710746721888999, -5.363950773539381878 ) ) ;
#1124 = FACE_OUTER_BOUND ( 'NONE', #1279, .T. ) ;
#1125 = DIRECTION ( 'NONE',  ( 1.000000000000000000, 1.156482317317871331E-15, -6.216092455583559018E-15 ) ) ;
#1126 = CARTESIAN_POINT ( 'NONE',  ( 11.20593864038758802, 1.596637958731240481, 1.557046727053834179 ) ) ;
#1127 = VECTOR ( 'NONE', #5183, 1000.000000000000000 ) ;
#1128 = EDGE_CURVE ( 'NONE', #4998, #1878, #3898, .T. ) ;
#1129 = ORIENTED_EDGE ( 'NONE', *, *, #5537, .F. ) ;
#1130 = LINE ( 'NONE', #5341, #2164 ) ;
#1131 = DIRECTION ( 'NONE',  ( 0.1736481776669312194, 0.000000000000000000, -0.9848077530122080203 ) ) ;
#1132 = DIRECTION ( 'NONE',  ( -0.000000000000000000, 1.000000000000000000, -0.000000000000000000 ) ) ;
#1133 = VECTOR ( 'NONE', #1396, 999.9999999999998863 ) ;
#1134 = ORIENTED_EDGE ( 'NONE', *, *, #2897, .T. ) ;
#1135 = DIRECTION ( 'NONE',  ( 0.000000000000000000, 0.000000000000000000, 1.000000000000000000 ) ) ;
#1136 = DIRECTION ( 'NONE',  ( 0.9848077530122079093, 0.000000000000000000, 0.1736481776669313304 ) ) ;
#1137 = EDGE_CURVE ( 'NONE', #7866, #928, #287, .T. ) ;
#1138 = VECTOR ( 'NONE', #5303, 1000.000000000000000 ) ;
#1139 = ORIENTED_EDGE ( 'NONE', *, *, #7009, .T. ) ;
#1140 = VERTEX_POINT ( 'NONE', #4325 ) ;
#1141 = CARTESIAN_POINT ( 'NONE',  ( 11.20593864038758802, 1.999999999999997335, 0.2512081041687683758 ) ) ;
#1142 = AXIS2_PLACEMENT_3D ( 'NONE', #371, #7226, #2223 ) ;
#1143 = CARTESIAN_POINT ( 'NONE',  ( 27.06537647679117597, 0.4999999999999995559, 21.82499999999999929 ) ) ;
#1144 = VERTEX_POINT ( 'NONE', #3297 ) ;
#1145 = CC_DESIGN_PERSON_AND_ORGANIZATION_ASSIGNMENT ( #2705, #2790, ( #7436 ) ) ;
#1146 = CARTESIAN_POINT ( 'NONE',  ( 36.43462352320882047, -6.349999999999999645, -4.175000000000001599 ) ) ;
#1147 = LINE ( 'NONE', #5427, #694 ) ;
#1148 = CARTESIAN_POINT ( 'NONE',  ( 54.61065950276410774, -1.596637958731250917, -1.153865068562397900 ) ) ;
#1149 = EDGE_CURVE ( 'NONE', #1405, #2775, #3213, .T. ) ;
#1150 = VECTOR ( 'NONE', #7861, 1000.000000000000000 ) ;
#1151 = VERTEX_POINT ( 'NONE', #6156 ) ;
#1152 = DIRECTION ( 'NONE',  ( 0.000000000000000000, -0.000000000000000000, 1.000000000000000000 ) ) ;
#1153 = VECTOR ( 'NONE', #6465, 1000.000000000000000 ) ;
#1154 = EDGE_LOOP ( 'NONE', ( #1885, #6963, #1134, #6503, #4955 ) ) ;
#1155 = EDGE_CURVE ( 'NONE', #1733, #5146, #6760, .T. ) ;
#1156 = EDGE_CURVE ( 'NONE', #4998, #7749, #5125, .T. ) ;
#1157 = VECTOR ( 'NONE', #1392, 1000.000000000000000 ) ;
#1158 = CARTESIAN_POINT ( 'NONE',  ( 28.40186619144335722, 2.000000000000003553, -5.405748789119927622 ) ) ;
#1159 = DIRECTION ( 'NONE',  ( 1.000000000000000000, -1.084202172485504557E-16, 0.000000000000000000 ) ) ;
#1160 = EDGE_LOOP ( 'NONE', ( #4328, #2788, #81, #2671, #5231 ) ) ;
#1161 = AXIS2_PLACEMENT_3D ( 'NONE', #2034, #2618, #5700 ) ;
#1162 = FACE_OUTER_BOUND ( 'NONE', #2829, .T. ) ;
#1163 = CONICAL_SURFACE ( 'NONE', #5728, 24.16165075494625469, 1.535889741755006810 ) ;
#1165 = ORIENTED_EDGE ( 'NONE', *, *, #6226, .T. ) ;
#1164 = PLANE ( 'NONE',  #4307 ) ;
#1166 = PLANE ( 'NONE',  #7417 ) ;
#1167 = DIRECTION ( 'NONE',  ( 0.000000000000000000, -1.000000000000000000, -1.358106471860483123E-16 ) ) ;
#1168 = EDGE_CURVE ( 'NONE', #7143, #7763, #6996, .T. ) ;
#1169 = PLANE ( 'NONE',  #2738 ) ;
#1170 = DIRECTION ( 'NONE',  ( 1.851507882525183222E-16, 1.334402673828313093E-16, -1.000000000000000000 ) ) ;
#1171 = CARTESIAN_POINT ( 'NONE',  ( 67.40000000000000568, 0.000000000000000000, 2.286000000000000032 ) ) ;
#1172 = VECTOR ( 'NONE', #5678, 1000.000000000000000 ) ;
#1173 = AXIS2_PLACEMENT_3D ( 'NONE', #6506, #2805, #4059 ) ;
#1174 = ORIENTED_EDGE ( 'NONE', *, *, #6265, .F. ) ;
#1175 = ORIENTED_EDGE ( 'NONE', *, *, #4947, .T. ) ;
#1176 = DIRECTION ( 'NONE',  ( 0.000000000000000000, -1.000000000000000000, -2.065146995210484448E-16 ) ) ;
#1177 = VECTOR ( 'NONE', #5334, 1000.000000000000114 ) ;
#1178 = CARTESIAN_POINT ( 'NONE',  ( 60.53576988662501890, -2.539423920662267964, -1.962174878948607537 ) ) ;
#1179 = CARTESIAN_POINT ( 'NONE',  ( 36.43462352320882047, 3.095724199259894505, -2.336650754946250519 ) ) ;
#1180 = AXIS2_PLACEMENT_3D ( 'NONE', #2549, #5063, #780 ) ;
#1181 = ADVANCED_FACE ( 'NONE', ( #176 ), #2447, .T. ) ;
#1182 = ORIENTED_EDGE ( 'NONE', *, *, #3430, .F. ) ;
#1183 = CARTESIAN_POINT ( 'NONE',  ( 59.63218407883723415, -0.5000000000000003331, 2.285999999999999588 ) ) ;
#1184 = LINE ( 'NONE', #567, #7256 ) ;
#1185 = ORIENTED_EDGE ( 'NONE', *, *, #5284, .T. ) ;
#1186 = CARTESIAN_POINT ( 'NONE',  ( 11.48034767744996287, -0.4999999999999997780, -1.828030836587049235 ) ) ;
#1187 = ORIENTED_EDGE ( 'NONE', *, *, #6725, .F. ) ;
#1188 = CARTESIAN_POINT ( 'NONE',  ( 43.23034767744996287, -1.999999999999999556, -1.346969163412949699 ) ) ;
#1189 =( BOUNDED_CURVE ( )  B_SPLINE_CURVE ( 3, ( #1977, #5158, #4619, #1480 ),
 .UNSPECIFIED., .F., .T. ) 
 B_SPLINE_CURVE_WITH_KNOTS ( ( 4, 4 ),
 ( 3.141592653589786899, 3.413851772776171245 ),
 .UNSPECIFIED. ) 
 CURVE ( )  GEOMETRIC_REPRESENTATION_ITEM ( )  RATIONAL_B_SPLINE_CURVE ( ( 1.000000000000000000, 0.9938324475413837789, 0.9938324475413837789, 1.000000000000000000 ) ) 
 REPRESENTATION_ITEM ( '' )  );
#1190 = CYLINDRICAL_SURFACE ( 'NONE', #5466, 26.00000000000000711 ) ;
#1191 = ORIENTED_EDGE ( 'NONE', *, *, #5540, .T. ) ;
#1192 = EDGE_CURVE ( 'NONE', #4708, #5554, #7414, .T. ) ;
#1193 = AXIS2_PLACEMENT_3D ( 'NONE', #3187, #4327, #6884 ) ;
#1194 = LINE ( 'NONE', #3683, #5960 ) ;
#1195 = CARTESIAN_POINT ( 'NONE',  ( 35.09813380855663922, -2.000000000000000444, -5.461999999999999744 ) ) ;
#1196 = DIRECTION ( 'NONE',  ( -1.000000000000000000, 2.195707490284987140E-16, 0.000000000000000000 ) ) ;
#1197 = DIRECTION ( 'NONE',  ( 1.000000000000000000, 1.918203843628199963E-16, 0.000000000000000000 ) ) ;
#1198 = EDGE_LOOP ( 'NONE', ( #1696, #4685, #2202, #3625, #7958, #2178, #6656, #4974, #667, #962, #6869, #618, #2621 ) ) ;
#1199 = CARTESIAN_POINT ( 'NONE',  ( 34.91974964083767219, 2.298627031425550360, -5.322374565254211376 ) ) ;
#1200 = EDGE_LOOP ( 'NONE', ( #6702, #7005, #6562, #1423, #673, #4854, #4445, #3456 ) ) ;
#1201 = CARTESIAN_POINT ( 'NONE',  ( 59.63218407883723415, 0.4999999999999996669, 2.285999999999999588 ) ) ;
#1202 = DIRECTION ( 'NONE',  ( 0.000000000000000000, -1.000000000000000000, 0.000000000000000000 ) ) ;
#1203 = PLANE ( 'NONE',  #6373 ) ;
#1204 = EDGE_CURVE ( 'NONE', #3686, #6741, #2685, .T. ) ;
#1205 = EDGE_CURVE ( 'NONE', #2459, #7857, #5642, .T. ) ;
#1206 = ORIENTED_EDGE ( 'NONE', *, *, #5469, .T. ) ;
#1207 = PLANE ( 'NONE',  #2883 ) ;
#1208 = ORIENTED_EDGE ( 'NONE', *, *, #899, .F. ) ;
#1210 = EDGE_LOOP ( 'NONE', ( #3652, #910, #5729, #6515, #644 ) ) ;
#1209 = FACE_OUTER_BOUND ( 'NONE', #1160, .T. ) ;
#1211 = EDGE_CURVE ( 'NONE', #3734, #1658, #6807, .T. ) ;
#1212 = LINE ( 'NONE', #587, #8060 ) ;
#1213 = LINE ( 'NONE', #1775, #5365 ) ;
#1214 = LINE ( 'NONE', #8010, #1022 ) ;
#1215 = CARTESIAN_POINT ( 'NONE',  ( 20.54406135961241020, 1.999999999999998668, -0.1456198073787398628 ) ) ;
#1216 = EDGE_CURVE ( 'NONE', #6926, #1818, #6427, .T. ) ;
#1217 = DIRECTION ( 'NONE',  ( -0.9848077530122079093, 0.000000000000000000, -0.1736481776669310528 ) ) ;
#1218 = CARTESIAN_POINT ( 'NONE',  ( 51.29406135961241375, -1.999999999999997335, -3.205707173329725101 ) ) ;
#1219 = AXIS2_PLACEMENT_3D ( 'NONE', #6663, #3083, #5555 ) ;
#1220 = ORIENTED_EDGE ( 'NONE', *, *, #7919, .T. ) ;
#1221 = DIRECTION ( 'NONE',  ( -0.000000000000000000, -0.000000000000000000, -1.000000000000000000 ) ) ;
#1222 = CARTESIAN_POINT ( 'NONE',  ( 3.867815921162769843, 0.5000000000000003331, -2.286000000000000032 ) ) ;
#1223 = VECTOR ( 'NONE', #4753, 1000.000000000000000 ) ;
#1224 = EDGE_CURVE ( 'NONE', #3040, #3777, #1494, .T. ) ;
#1225 = ORIENTED_EDGE ( 'NONE', *, *, #2105, .F. ) ;
#1226 = DIRECTION ( 'NONE',  ( -0.000000000000000000, -0.000000000000000000, 1.000000000000000000 ) ) ;
#1227 = EDGE_LOOP ( 'NONE', ( #5611, #2233, #571, #3629 ) ) ;
#1228 = ORIENTED_EDGE ( 'NONE', *, *, #2709, .F. ) ;
#1229 = CARTESIAN_POINT ( 'NONE',  ( 27.88218407883723415, 0.4999999999999996669, -0.8889999999999956826 ) ) ;
#1230 = DIRECTION ( 'NONE',  ( 0.000000000000000000, 0.000000000000000000, -1.000000000000000000 ) ) ;
#1231 = CARTESIAN_POINT ( 'NONE',  ( 43.95593864038759335, 0.5000000000000006661, -4.555719746345365806 ) ) ;
#1232 = VECTOR ( 'NONE', #4475, 1000.000000000000000 ) ;
#1233 = ADVANCED_FACE ( 'NONE', ( #6305 ), #4093, .F. ) ;
#1234 = ORIENTED_EDGE ( 'NONE', *, *, #103, .T. ) ;
#1235 = CARTESIAN_POINT ( 'NONE',  ( 4.684623523208825802, 1.999999999999997113, -25.00000000000000000 ) ) ;
#1236 = EDGE_LOOP ( 'NONE', ( #3056, #7545, #5251, #6189, #6054, #3037, #3486, #6664 ) ) ;
#1237 = CARTESIAN_POINT ( 'NONE',  ( 3.348133808556654323, 2.000000000000004441, -2.230748789119930464 ) ) ;
#1238 = DIRECTION ( 'NONE',  ( -0.9848077530122080203, 0.000000000000000000, -0.1736481776669310806 ) ) ;
#1239 = CARTESIAN_POINT ( 'NONE',  ( 27.06537647679117597, -2.000000000000000000, 21.82499999999999929 ) ) ;
#1240 = ORIENTED_EDGE ( 'NONE', *, *, #409, .T. ) ;
#1241 = CARTESIAN_POINT ( 'NONE',  ( 31.75000000000000000, 2.435009221443560882E-17, -0.8890000000000022329 ) ) ;
#1242 = ORIENTED_EDGE ( 'NONE', *, *, #438, .F. ) ;
#1244 = ORIENTED_EDGE ( 'NONE', *, *, #1081, .T. ) ;
#1243 = DIRECTION ( 'NONE',  ( -0.9848077530122080203, 0.000000000000000000, 0.1736481776669312194 ) ) ;
#1245 = FACE_OUTER_BOUND ( 'NONE', #7004, .T. ) ;
#1246 = ADVANCED_FACE ( 'NONE', ( #5885 ), #4990, .T. ) ;
#1247 = DIRECTION ( 'NONE',  ( 0.9848077530122079093, -0.000000000000000000, 0.1736481776669310528 ) ) ;
#1248 = CYLINDRICAL_SURFACE ( 'NONE', #957, 24.00000000000000000 ) ;
#1249 = CARTESIAN_POINT ( 'NONE',  ( 36.43462352320882047, 3.125000000000000000, -3.174999999999997158 ) ) ;
#1250 = CARTESIAN_POINT ( 'NONE',  ( 12.20593864038758980, -1.596637958731240703, -3.261810723196258088 ) ) ;
#1251 = EDGE_CURVE ( 'NONE', #3431, #6364, #2130, .T. ) ;
#1252 = ORIENTED_EDGE ( 'NONE', *, *, #3503, .T. ) ;
#1253 = VERTEX_POINT ( 'NONE', #2141 ) ;
#1254 = FACE_OUTER_BOUND ( 'NONE', #2889, .T. ) ;
#1255 = CARTESIAN_POINT ( 'NONE',  ( 8.628868230735498912, -0.4999999999999993339, -2.631076698080709875 ) ) ;
#1256 = ORIENTED_EDGE ( 'NONE', *, *, #708, .T. ) ;
#1257 = EDGE_CURVE ( 'NONE', #6618, #2818, #7756, .T. ) ;
#1258 = VECTOR ( 'NONE', #1269, 1000.000000000000000 ) ;
#1259 = EDGE_CURVE ( 'NONE', #7351, #3411, #291, .T. ) ;
#1260 = PLANE ( 'NONE',  #124 ) ;
#1261 = CARTESIAN_POINT ( 'NONE',  ( 29.37797730151740083, 3.095724199259894505, -2.336650754946250075 ) ) ;
#1262 = FACE_OUTER_BOUND ( 'NONE', #7494, .T. ) ;
#1263 = B_SPLINE_CURVE_WITH_KNOTS ( 'NONE', 3,
 ( #7333, #5459, #2323, #1178, #1748, #1054, #3553, #1875, #4238, #3707 ),
 .UNSPECIFIED., .F., .F.,
 ( 4, 2, 2, 2, 4 ),
 ( 0.005238023209203747713, 0.005773758339137566482, 0.006309493469071385252, 0.006845228599005204889, 0.007380963728939023659 ),
 .UNSPECIFIED. ) ;
#1264 = CIRCLE ( 'NONE', #5486, 24.00000000000000355 ) ;
#1265 = EDGE_LOOP ( 'NONE', ( #5946, #6521, #7556, #6609, #5492, #1206, #2221, #7314 ) ) ;
#1266 = CARTESIAN_POINT ( 'NONE',  ( 58.81537647679117953, -6.349999999999999645, -25.00000000000000000 ) ) ;
#1267 = VECTOR ( 'NONE', #2677, 1000.000000000000114 ) ;
#1268 = VERTEX_POINT ( 'NONE', #5203 ) ;
#1269 = DIRECTION ( 'NONE',  ( 1.851507882525183222E-16, 1.334402673828313093E-16, -1.000000000000000000 ) ) ;
#1270 = LINE ( 'NONE', #1793, #782 ) ;
#1271 = VERTEX_POINT ( 'NONE', #5361 ) ;
#1272 = EDGE_CURVE ( 'NONE', #7214, #6767, #7715, .T. ) ;
#1273 = DIRECTION ( 'NONE',  ( 0.000000000000000000, 0.000000000000000000, 1.000000000000000000 ) ) ;
#1274 = DIRECTION ( 'NONE',  ( 0.000000000000000000, 0.000000000000000000, 1.000000000000000000 ) ) ;
#1275 = DIRECTION ( 'NONE',  ( 0.9848077530122079093, 0.000000000000000000, -0.1736481776669313026 ) ) ;
#1276 = VECTOR ( 'NONE', #6571, 1000.000000000000000 ) ;
#1277 = B_SPLINE_CURVE_WITH_KNOTS ( 'NONE', 3,
 ( #7453, #5695, #634, #6229, #3665, #590, #6311, #3141, #1987, #8050, #1907, #678 ),
 .UNSPECIFIED., .F., .F.,
 ( 4, 2, 2, 2, 2, 4 ),
 ( 0.000000000000000000, 0.0002680472927737274523, 0.0005360945855474549045, 0.001072189171094900702, 0.001608283756642346282, 0.002144378342189792296 ),
 .UNSPECIFIED. ) ;
#1278 = VECTOR ( 'NONE', #3468, 1000.000000000000000 ) ;
#1279 = EDGE_LOOP ( 'NONE', ( #3859, #460, #2025, #996 ) ) ;
#1280 = DIRECTION ( 'NONE',  ( 1.851507882525182976E-16, 1.358106471860482877E-16, -1.000000000000000000 ) ) ;
#1281 = ORIENTED_EDGE ( 'NONE', *, *, #7530, .T. ) ;
#1282 = ADVANCED_FACE ( 'NONE', ( #2231 ), #3978, .F. ) ;
#1283 = CARTESIAN_POINT ( 'NONE',  ( 27.06537647679117242, 0.4999999999999995559, -0.8889999999999971259 ) ) ;
#1284 = FACE_OUTER_BOUND ( 'NONE', #5002, .T. ) ;
#1285 = VECTOR ( 'NONE', #6106, 1000.000000000000000 ) ;
#1286 = ORIENTED_EDGE ( 'NONE', *, *, #3588, .F. ) ;
#1287 = VECTOR ( 'NONE', #4308, 1000.000000000000000 ) ;
#1288 = FACE_OUTER_BOUND ( 'NONE', #4312, .T. ) ;
#1289 = EDGE_LOOP ( 'NONE', ( #7608, #7832, #6210, #2894 ) ) ;
#1290 = VECTOR ( 'NONE', #4927, 1000.000000000000000 ) ;
#1292 = VERTEX_POINT ( 'NONE', #3488 ) ;
#1291 = CARTESIAN_POINT ( 'NONE',  ( 43.95593864038759335, 1.999999999999998668, -1.219027899688809313 ) ) ;
#1293 = DIRECTION ( 'NONE',  ( 0.000000000000000000, 0.000000000000000000, 1.000000000000000000 ) ) ;
#1294 = AXIS2_PLACEMENT_3D ( 'NONE', #1239, #6300, #1159 ) ;
#1295 = DIRECTION ( 'NONE',  ( -0.9848077530122079093, 0.000000000000000000, -0.1736481776669310528 ) ) ;
#1296 = CARTESIAN_POINT ( 'NONE',  ( 9.413193426945490216, 1.999999999999997335, 1.817052527853100896 ) ) ;
#1297 = LINE ( 'NONE', #98, #2628 ) ;
#1298 = VECTOR ( 'NONE', #3702, 1000.000000000000000 ) ;
#1299 = AXIS2_PLACEMENT_3D ( 'NONE', #4598, #1624, #6518 ) ;
#1300 = VECTOR ( 'NONE', #4716, 1000.000000000000000 ) ;
#1301 = ORIENTED_EDGE ( 'NONE', *, *, #4648, .T. ) ;
#1302 = CARTESIAN_POINT ( 'NONE',  ( 52.29406135961241375, 1.999999999999997335, 0.2512081041687682648 ) ) ;
#1303 = DIRECTION ( 'NONE',  ( 0.000000000000000000, 1.000000000000000000, 0.000000000000000000 ) ) ;
#1304 = AXIS2_PLACEMENT_3D ( 'NONE', #6985, #7628, #861 ) ;
#1305 = ADVANCED_FACE ( 'NONE', ( #5278 ), #1029, .T. ) ;
#1306 = EDGE_LOOP ( 'NONE', ( #1737, #3125, #806, #2445 ) ) ;
#1307 = EDGE_CURVE ( 'NONE', #3682, #4692, #1612, .T. ) ;
#1308 = LINE ( 'NONE', #4486, #2344 ) ;
#1309 = CARTESIAN_POINT ( 'NONE',  ( 11.20593864038758802, -1.999999999999998224, -5.461999999999999744 ) ) ;
#1310 = AXIS2_PLACEMENT_3D ( 'NONE', #2142, #4710, #3415 ) ;
#1311 = CARTESIAN_POINT ( 'NONE',  ( 42.95593864038758625, -1.999999999999999556, -0.1456198073787398628 ) ) ;
#1312 = VECTOR ( 'NONE', #2157, 1000.000000000000000 ) ;
#1313 = EDGE_CURVE ( 'NONE', #6591, #5822, #5448, .T. ) ;
#1314 = ORIENTED_EDGE ( 'NONE', *, *, #2561, .F. ) ;
#1315 = EDGE_CURVE ( 'NONE', #6926, #891, #2108, .T. ) ;
#1316 = DIRECTION ( 'NONE',  ( 0.9848077530122080203, 0.000000000000000000, -0.1736481776669310806 ) ) ;
#1317 = PRODUCT_DEFINITION_FORMATION_WITH_SPECIFIED_SOURCE ( 'ANY', '', #7436, .NOT_KNOWN. ) ;
#1318 = VERTEX_POINT ( 'NONE', #3454 ) ;
#1319 = LINE ( 'NONE', #3803, #6209 ) ;
#1320 = LINE ( 'NONE', #3804, #3002 ) ;
#1321 = ORIENTED_EDGE ( 'NONE', *, *, #2675, .T. ) ;
#1322 = LINE ( 'NONE', #6326, #661 ) ;
#1323 = CARTESIAN_POINT ( 'NONE',  ( -6.789423587380180771E-29, 8.609464714099180422E-17, 2.285999999999999588 ) ) ;
#1324 = EDGE_CURVE ( 'NONE', #7852, #5414, #987, .T. ) ;
#1325 = ORIENTED_EDGE ( 'NONE', *, *, #7590, .T. ) ;
#1326 = DIRECTION ( 'NONE',  ( -1.655732911197096577E-16, -1.000000000000000000, -1.334402673828313339E-16 ) ) ;
#1327 = VERTEX_POINT ( 'NONE', #6544 ) ;
#1328 = DIRECTION ( 'NONE',  ( -0.9848077530122080203, 0.000000000000000000, -0.1736481776669310806 ) ) ;
#1329 = CARTESIAN_POINT ( 'NONE',  ( 2.372022698482660896, -3.095724199259894949, -0.8383492450537901597 ) ) ;
#1330 = LINE ( 'NONE', #581, #3768 ) ;
#1331 = ADVANCED_FACE ( 'NONE', ( #6504 ), #3414, .T. ) ;
#1332 = ORIENTED_EDGE ( 'NONE', *, *, #1558, .F. ) ;
#1333 = PLANE ( 'NONE',  #7028 ) ;
#1334 = ORIENTED_EDGE ( 'NONE', *, *, #5128, .F. ) ;
#1336 = EDGE_LOOP ( 'NONE', ( #2617, #2, #7960, #1640 ) ) ;
#1335 = DIRECTION ( 'NONE',  ( 1.851507882525183222E-16, 1.334402673828313093E-16, -1.000000000000000000 ) ) ;
#1337 = PLANE ( 'NONE',  #147 ) ;
#1338 = DIRECTION ( 'NONE',  ( 1.851507882525183222E-16, 1.334402673828313093E-16, -1.000000000000000000 ) ) ;
#1339 = FACE_OUTER_BOUND ( 'NONE', #638, .T. ) ;
#1340 = ORIENTED_EDGE ( 'NONE', *, *, #4053, .F. ) ;
#1341 = EDGE_CURVE ( 'NONE', #4371, #2125, #7833, .T. ) ;
#1342 = CARTESIAN_POINT ( 'NONE',  ( 51.29406135961241375, -1.999999999999998224, 1.324616196478835439 ) ) ;
#1343 = VERTEX_POINT ( 'NONE', #4748 ) ;
#1344 = LINE ( 'NONE', #25, #3773 ) ;
#1345 = DIRECTION ( 'NONE',  ( 1.000000000000000000, 0.000000000000000000, 1.851507882525182976E-16 ) ) ;
#1346 = ORIENTED_EDGE ( 'NONE', *, *, #4862, .T. ) ;
#1347 = CARTESIAN_POINT ( 'NONE',  ( 58.81537647679117242, -3.125000000000000000, -2.545853211699800359E-16 ) ) ;
#1348 = LINE ( 'NONE', #5749, #5713 ) ;
#1349 = FACE_OUTER_BOUND ( 'NONE', #831, .T. ) ;
#1350 = VECTOR ( 'NONE', #2065, 1000.000000000000000 ) ;
#1351 = ORIENTED_EDGE ( 'NONE', *, *, #3214, .T. ) ;
#1352 = DIRECTION ( 'NONE',  ( 0.000000000000000000, 0.000000000000000000, 1.000000000000000000 ) ) ;
#1353 = ORIENTED_EDGE ( 'NONE', *, *, #5102, .T. ) ;
#1354 = CARTESIAN_POINT ( 'NONE',  ( 59.63218407883724836, -0.4999999999999965583, -1.000000000000000000 ) ) ;
#1355 = ORIENTED_EDGE ( 'NONE', *, *, #1960, .T. ) ;
#1356 = CARTESIAN_POINT ( 'NONE',  ( 27.06537647679117597, 3.095724199259894949, -4.013349245053742465 ) ) ;
#1357 = EDGE_CURVE ( 'NONE', #2429, #7626, #2608, .T. ) ;
#1358 = DIRECTION ( 'NONE',  ( -0.1736481776669313026, 0.000000000000000000, -0.9848077530122079093 ) ) ;
#1359 = ADVANCED_FACE ( 'NONE', ( #1645 ), #2427, .F. ) ;
#1360 = AXIS2_PLACEMENT_3D ( 'NONE', #2068, #2607, #752 ) ;
#1361 = AXIS2_PLACEMENT_3D ( 'NONE', #3291, #2717, #7035 ) ;
#1362 = ORIENTED_EDGE ( 'NONE', *, *, #3292, .T. ) ;
#1363 = CARTESIAN_POINT ( 'NONE',  ( 58.81537647679117953, -1.999999999999995337, -25.00000000000000000 ) ) ;
#1364 = DIRECTION ( 'NONE',  ( -1.070618063257515132E-31, -1.000000000000000000, 1.887788505861429202E-32 ) ) ;
#1365 = ORIENTED_EDGE ( 'NONE', *, *, #2363, .F. ) ;
#1366 = EDGE_CURVE ( 'NONE', #5160, #334, #1478, .T. ) ;
#1367 = DIRECTION ( 'NONE',  ( 1.000000000000000000, -1.142806669339143347E-16, -1.828490670942629356E-15 ) ) ;
#1368 = CARTESIAN_POINT ( 'NONE',  ( 11.20593864038758802, 1.733189655496051751, -3.085483742487791670 ) ) ;
#1369 = ORIENTED_EDGE ( 'NONE', *, *, #2715, .F. ) ;
#1370 = DIRECTION ( 'NONE',  ( 0.000000000000000000, -0.03489949670250473701, 0.9993908270190955401 ) ) ;
#1371 = ORIENTED_EDGE ( 'NONE', *, *, #6982, .F. ) ;
#1372 = DIRECTION ( 'NONE',  ( -1.000000000000000000, 0.000000000000000000, -0.000000000000000000 ) ) ;
#1373 = ORIENTED_EDGE ( 'NONE', *, *, #995, .F. ) ;
#1374 = DIRECTION ( 'NONE',  ( -1.000000000000000000, 5.519109703990317197E-17, 0.000000000000000000 ) ) ;
#1375 = EDGE_CURVE ( 'NONE', #3732, #4371, #4349, .T. ) ;
#1376 = CYLINDRICAL_SURFACE ( 'NONE', #5065, 3.899999999999999911 ) ;
#1377 = DIRECTION ( 'NONE',  ( -0.9848077530122079093, 0.000000000000000000, -0.1736481776669310251 ) ) ;
#1378 = ORIENTED_EDGE ( 'NONE', *, *, #6237, .F. ) ;
#1379 = ORIENTED_EDGE ( 'NONE', *, *, #5238, .T. ) ;
#1380 = PLANE ( 'NONE',  #1161 ) ;
#1381 = CARTESIAN_POINT ( 'NONE',  ( 27.88218407883724836, 0.4999999999999991673, -4.174999999999999822 ) ) ;
#1382 = ORIENTED_EDGE ( 'NONE', *, *, #5524, .F. ) ;
#1383 = CARTESIAN_POINT ( 'NONE',  ( 52.29406135961241375, 1.596637958731240481, 1.557046727053834179 ) ) ;
#1384 = LINE ( 'NONE', #3711, #7387 ) ;
#1385 = ADVANCED_FACE ( 'NONE', ( #3607 ), #3316, .T. ) ;
#1386 = CARTESIAN_POINT ( 'NONE',  ( 34.12202269848260272, -3.095724199259894949, -4.013349245053742465 ) ) ;
#1387 = EDGE_LOOP ( 'NONE', ( #274, #2807, #91, #1325 ) ) ;
#1388 = FACE_OUTER_BOUND ( 'NONE', #3828, .T. ) ;
#1389 = EDGE_LOOP ( 'NONE', ( #4136, #1051, #5041, #1314 ) ) ;
#1390 = CARTESIAN_POINT ( 'NONE',  ( 42.95593864038758625, -1.596637958731240703, -4.732046727053832669 ) ) ;
#1391 = ORIENTED_EDGE ( 'NONE', *, *, #6882, .F. ) ;
#1392 = DIRECTION ( 'NONE',  ( 1.851507882525183222E-16, 1.334402673828313093E-16, -1.000000000000000000 ) ) ;
#1393 = CARTESIAN_POINT ( 'NONE',  ( 35.09813380855663922, 1.999999999999999556, -0.9442512108800652504 ) ) ;
#1394 = LINE ( 'NONE', #4461, #2580 ) ;
#1395 = VERTEX_POINT ( 'NONE', #6740 ) ;
#1396 = DIRECTION ( 'NONE',  ( 0.9848077530122080203, 3.260394115782490915E-16, 0.1736481776669310806 ) ) ;
#1397 = FACE_OUTER_BOUND ( 'NONE', #185, .T. ) ;
#1398 = VERTEX_POINT ( 'NONE', #7908 ) ;
#1399 = AXIS2_PLACEMENT_3D ( 'NONE', #5722, #323, #2711 ) ;
#1400 = EDGE_CURVE ( 'NONE', #5285, #2011, #3047, .T. ) ;
#1401 = EDGE_CURVE ( 'NONE', #542, #1841, #2343, .T. ) ;
#1402 = CYLINDRICAL_SURFACE ( 'NONE', #3889, 1.500000000000000000 ) ;
#1403 = DIRECTION ( 'NONE',  ( 0.000000000000000000, 0.000000000000000000, 1.000000000000000000 ) ) ;
#1404 = CONICAL_SURFACE ( 'NONE', #4529, 25.00000000000000000, 1.535889741755006366 ) ;
#1405 = VERTEX_POINT ( 'NONE', #458 ) ;
#1406 = DIRECTION ( 'NONE',  ( -0.9848077530122080203, 0.000000000000000000, -0.1736481776669312194 ) ) ;
#1407 = ADVANCED_FACE ( 'NONE', ( #3649 ), #3001, .F. ) ;
#1408 = VERTEX_POINT ( 'NONE', #6828 ) ;
#1409 = CARTESIAN_POINT ( 'NONE',  ( 58.81537647679117242, -1.596637958731250917, 0.7859999999999995879 ) ) ;
#1411 = ORIENTED_EDGE ( 'NONE', *, *, #4426, .T. ) ;
#1410 = DIRECTION ( 'NONE',  ( 0.1736481776669313304, 0.000000000000000000, -0.9848077530122079093 ) ) ;
#1412 = CARTESIAN_POINT ( 'NONE',  ( 27.06537647679117953, 3.095724199259894505, -2.336650754946250519 ) ) ;
#1413 = AXIS2_PLACEMENT_3D ( 'NONE', #2293, #4825, #4250 ) ;
#1414 = CARTESIAN_POINT ( 'NONE',  ( 40.60217978721517085, -2.000000000000000000, -1.810386072292988313 ) ) ;
#1415 = VECTOR ( 'NONE', #7572, 1000.000000000000000 ) ;
#1416 = ORIENTED_EDGE ( 'NONE', *, *, #3655, .T. ) ;
#1417 = VECTOR ( 'NONE', #2454, 1000.000000000000000 ) ;
#1418 = CARTESIAN_POINT ( 'NONE',  ( 31.75000000000000000, 0.000000000000000000, -5.460999999999999410 ) ) ;
#1419 = ORIENTED_EDGE ( 'NONE', *, *, #2237, .F. ) ;
#1420 = EDGE_CURVE ( 'NONE', #6739, #411, #5519, .T. ) ;
#1421 = LINE ( 'NONE', #808, #5204 ) ;
#1422 = VECTOR ( 'NONE', #6310, 1000.000000000000000 ) ;
#1423 = ORIENTED_EDGE ( 'NONE', *, *, #2321, .F. ) ;
#1424 = AXIS2_PLACEMENT_3D ( 'NONE', #6394, #4556, #876 ) ;
#1425 = DIRECTION ( 'NONE',  ( -0.000000000000000000, -0.000000000000000000, -1.000000000000000000 ) ) ;
#1426 = DIRECTION ( 'NONE',  ( -0.9848077530122080203, 0.000000000000000000, -0.1736481776669310806 ) ) ;
#1427 = CIRCLE ( 'NONE', #2476, 24.00000000000000000 ) ;
#1428 = DIRECTION ( 'NONE',  ( 0.1736481776669306087, 0.000000000000000000, 0.9848077530122080203 ) ) ;
#1429 = AXIS2_PLACEMENT_3D ( 'NONE', #1266, #3801, #1352 ) ;
#1430 = ORIENTED_EDGE ( 'NONE', *, *, #2503, .F. ) ;
#1431 = CYLINDRICAL_SURFACE ( 'NONE', #777, 27.28599999999999781 ) ;
#1432 = AXIS2_PLACEMENT_3D ( 'NONE', #926, #5372, #5216 ) ;
#1433 = PLANE ( 'NONE',  #3871 ) ;
#1434 = CIRCLE ( 'NONE', #4035, 24.00000000000000000 ) ;
#1435 = ORIENTED_EDGE ( 'NONE', *, *, #2331, .T. ) ;
#1436 = CARTESIAN_POINT ( 'NONE',  ( 40.77582796488210448, -3.125000000000000000, -2.795193825305196000 ) ) ;
#1437 = CARTESIAN_POINT ( 'NONE',  ( 51.29406135961241375, 1.999999999999998668, -3.205707173329725990 ) ) ;
#1438 = VECTOR ( 'NONE', #4738, 1000.000000000000114 ) ;
#1439 = VECTOR ( 'NONE', #7044, 1000.000000000000000 ) ;
#1440 = EDGE_CURVE ( 'NONE', #2364, #7781, #7073, .T. ) ;
#1441 = ORIENTED_EDGE ( 'NONE', *, *, #4091, .T. ) ;
#1442 = DIRECTION ( 'NONE',  ( 1.000000000000000000, -0.000000000000000000, -2.970001569282669714E-29 ) ) ;
#1443 = AXIS2_PLACEMENT_3D ( 'NONE', #5571, #6923, #3182 ) ;
#1444 = CARTESIAN_POINT ( 'NONE',  ( 52.29406135961242086, -1.868478067631187178, -3.066666502886581380 ) ) ;
#1445 = ORIENTED_EDGE ( 'NONE', *, *, #6853, .F. ) ;
#1446 = CARTESIAN_POINT ( 'NONE',  ( 9.199476142549027458, -6.349999999999999645, 0.6050015783174087503 ) ) ;
#1447 = VERTEX_POINT ( 'NONE', #5481 ) ;
#1448 = CARTESIAN_POINT ( 'NONE',  ( 8.638462502818713418, -2.000000000000000000, -2.576664877242705209 ) ) ;
#1449 = EDGE_CURVE ( 'NONE', #5213, #721, #7389, .T. ) ;
#1450 = ORIENTED_EDGE ( 'NONE', *, *, #3578, .T. ) ;
#1451 = DIRECTION ( 'NONE',  ( 0.000000000000000000, -1.000000000000000000, -2.065146995210484448E-16 ) ) ;
#1453 = ORIENTED_EDGE ( 'NONE', *, *, #662, .T. ) ;
#1452 = DIRECTION ( 'NONE',  ( 1.851507882525183222E-16, 1.334402673828313093E-16, -1.000000000000000000 ) ) ;
#1454 = DIRECTION ( 'NONE',  ( -1.000000000000000000, -3.545982144926683754E-16, 0.000000000000000000 ) ) ;
#1455 = AXIS2_PLACEMENT_3D ( 'NONE', #3429, #5816, #7648 ) ;
#1456 = CARTESIAN_POINT ( 'NONE',  ( 27.06537647679117597, 1.596637958731250473, -2.388999999999997570 ) ) ;
#1457 = EDGE_CURVE ( 'NONE', #3791, #6269, #490, .T. ) ;
#1458 = ORIENTED_EDGE ( 'NONE', *, *, #7435, .F. ) ;
#1459 = VERTEX_POINT ( 'NONE', #2472 ) ;
#1460 = CARTESIAN_POINT ( 'NONE',  ( 36.43462352320882047, 0.000000000000000000, 21.82499999999999929 ) ) ;
#1461 = LINE ( 'NONE', #927, #2508 ) ;
#1462 = EDGE_LOOP ( 'NONE', ( #1903, #6013, #1095, #5081 ) ) ;
#1463 = DIRECTION ( 'NONE',  ( -1.000000000000000000, 0.000000000000000000, -2.224004456380515494E-16 ) ) ;
#1464 = CYLINDRICAL_SURFACE ( 'NONE', #5060, 1.499999999999999778 ) ;
#1465 = EDGE_CURVE ( 'NONE', #6024, #6285, #4953, .T. ) ;
#1466 = DIRECTION ( 'NONE',  ( 0.000000000000000000, 0.000000000000000000, 1.000000000000000000 ) ) ;
#1467 = CARTESIAN_POINT ( 'NONE',  ( 58.81537647679117953, -6.349999999999999645, 1.000000000000000888 ) ) ;
#1468 = CARTESIAN_POINT ( 'NONE',  ( -2.100000000000000089, 3.432704749619359999E-16, -5.461999999999996191 ) ) ;
#1469 = EDGE_LOOP ( 'NONE', ( #6527, #4579, #5387, #598, #3902 ) ) ;
#1470 = DIRECTION ( 'NONE',  ( 0.000000000000000000, -0.000000000000000000, -1.000000000000000000 ) ) ;
#1471 = EDGE_CURVE ( 'NONE', #2942, #1820, #2222, .T. ) ;
#1472 = COORDINATED_UNIVERSAL_TIME_OFFSET ( 6, 0, .BEHIND. ) ;
#1473 = CARTESIAN_POINT ( 'NONE',  ( 19.54406135961241375, -1.733189655496045756, 0.08681072319625976474 ) ) ;
#1474 = ORIENTED_EDGE ( 'NONE', *, *, #2353, .T. ) ;
#1475 = DIRECTION ( 'NONE',  ( 0.000000000000000000, 0.000000000000000000, 1.000000000000000000 ) ) ;
#1476 = VERTEX_POINT ( 'NONE', #3532 ) ;
#1477 = AXIS2_PLACEMENT_3D ( 'NONE', #4604, #2124, #7094 ) ;
#1478 = CIRCLE ( 'NONE', #4735, 26.00000000000000000 ) ;
#1479 = CARTESIAN_POINT ( 'NONE',  ( 59.63218407883723415, -0.5000000000000003331, -5.461999999999999744 ) ) ;
#1480 = CARTESIAN_POINT ( 'NONE',  ( 43.95593864038759335, -1.999999999999998224, 0.03070717332972691671 ) ) ;
#1481 = EDGE_CURVE ( 'NONE', #5888, #2417, #5395, .T. ) ;
#1482 = AXIS2_PLACEMENT_3D ( 'NONE', #495, #2511, #3604 ) ;
#1483 = VERTEX_POINT ( 'NONE', #2515 ) ;
#1484 = DIRECTION ( 'NONE',  ( 0.9848077530122079093, 0.000000000000000000, -0.1736481776669310528 ) ) ;
#1485 = ORIENTED_EDGE ( 'NONE', *, *, #670, .T. ) ;
#1486 = DIRECTION ( 'NONE',  ( 0.000000000000000000, 0.000000000000000000, -1.000000000000000000 ) ) ;
#1488 = EDGE_LOOP ( 'NONE', ( #6123, #5926, #6673, #5634 ) ) ;
#1487 = CARTESIAN_POINT ( 'NONE',  ( 3.258704439671033626, -2.149710746721890775, 2.188950773539384276 ) ) ;
#1489 = CARTESIAN_POINT ( 'NONE',  ( 27.06537647679117953, -6.349999999999999645, -2.174999999999999822 ) ) ;
#1490 = CARTESIAN_POINT ( 'NONE',  ( 9.199476142549027458, -6.349999999999999645, 0.6050015783174087503 ) ) ;
#1491 = ORIENTED_EDGE ( 'NONE', *, *, #1111, .T. ) ;
#1492 = FACE_OUTER_BOUND ( 'NONE', #7936, .T. ) ;
#1493 = ORIENTED_EDGE ( 'NONE', *, *, #3784, .F. ) ;
#1494 =( BOUNDED_CURVE ( )  B_SPLINE_CURVE ( 3, ( #834, #3333, #5688, #92 ),
 .UNSPECIFIED., .F., .T. ) 
 B_SPLINE_CURVE_WITH_KNOTS ( ( 4, 4 ),
 ( 0.6413613025107987031, 0.6538047883472337674 ),
 .UNSPECIFIED. ) 
 CURVE ( )  GEOMETRIC_REPRESENTATION_ITEM ( )  RATIONAL_B_SPLINE_CURVE ( ( 1.000000000000000000, 0.9999870966799773164, 0.9999870966799773164, 1.000000000000000000 ) ) 
 REPRESENTATION_ITEM ( '' )  );
#1495 = DIRECTION ( 'NONE',  ( 0.9848077530122080203, 0.000000000000000000, -0.1736481776669310806 ) ) ;
#1496 = CARTESIAN_POINT ( 'NONE',  ( 43.95593864038759335, 0.5000000000000004441, -3.249881123460299115 ) ) ;
#1497 = EDGE_CURVE ( 'NONE', #322, #5735, #7512, .T. ) ;
#1498 = ORIENTED_EDGE ( 'NONE', *, *, #772, .T. ) ;
#1499 = DIRECTION ( 'NONE',  ( -0.1736481776669306087, 0.000000000000000000, 0.9848077530122080203 ) ) ;
#1500 = LINE ( 'NONE', #7126, #4532 ) ;
#1501 = EDGE_CURVE ( 'NONE', #7737, #94, #341, .T. ) ;
#1502 = ADVANCED_FACE ( 'NONE', ( #6295 ), #2638, .F. ) ;
#1503 = LINE ( 'NONE', #3991, #432 ) ;
#1504 = ORIENTED_EDGE ( 'NONE', *, *, #5567, .T. ) ;
#1505 = EDGE_LOOP ( 'NONE', ( #1754, #4905, #4524, #6911, #1474 ) ) ;
#1506 = DIRECTION ( 'NONE',  ( 0.000000000000000000, 0.000000000000000000, 1.000000000000000000 ) ) ;
#1507 = EDGE_CURVE ( 'NONE', #5664, #3686, #6984, .T. ) ;
#1508 = CARTESIAN_POINT ( 'NONE',  ( 27.06537647679117597, 3.095724199259894505, 21.82499999999999929 ) ) ;
#1509 = EDGE_CURVE ( 'NONE', #2578, #4130, #2309, .T. ) ;
#1510 = VERTEX_POINT ( 'NONE', #6908 ) ;
#1511 = FACE_OUTER_BOUND ( 'NONE', #407, .T. ) ;
#1512 = APPLICATION_PROTOCOL_DEFINITION ( 'international standard', 'config_control_design', 1994, #2642 ) ;
#1513 = ORIENTED_EDGE ( 'NONE', *, *, #3071, .F. ) ;
#1514 = CARTESIAN_POINT ( 'NONE',  ( 58.81537647679117242, 1.596637958731250473, 0.7859999999999995879 ) ) ;
#1515 = EDGE_CURVE ( 'NONE', #3888, #1721, #1931, .T. ) ;
#1516 = FACE_OUTER_BOUND ( 'NONE', #1871, .T. ) ;
#1517 = EDGE_LOOP ( 'NONE', ( #3986, #4342, #331, #5906, #5528, #5771, #5711, #4514 ) ) ;
#1518 = DIRECTION ( 'NONE',  ( 1.851507882525183222E-16, 1.334402673828313093E-16, -1.000000000000000000 ) ) ;
#1519 = DIRECTION ( 'NONE',  ( 0.000000000000000000, -0.03489949670250425129, -0.9993908270190955401 ) ) ;
#1520 = FACE_OUTER_BOUND ( 'NONE', #6887, .T. ) ;
#1521 = AXIS2_PLACEMENT_3D ( 'NONE', #2906, #4812, #1784 ) ;
#1522 = ORIENTED_EDGE ( 'NONE', *, *, #557, .F. ) ;
#1523 = CARTESIAN_POINT ( 'NONE',  ( 52.29406135961241375, -1.596637958731240925, 1.557046727053833957 ) ) ;
#1524 = CIRCLE ( 'NONE', #4526, 22.76925121088006776 ) ;
#1526 = EDGE_LOOP ( 'NONE', ( #6315, #7835, #843, #1668 ) ) ;
#1525 = PLANE ( 'NONE',  #1173 ) ;
#1527 = ADVANCED_FACE ( 'NONE', ( #5641 ), #3813, .T. ) ;
#1528 = EDGE_LOOP ( 'NONE', ( #1666, #1942, #1430, #1491, #7998 ) ) ;
#1529 = CARTESIAN_POINT ( 'NONE',  ( 27.06537647679117597, 0.4999999999999996669, -0.8889999999999974589 ) ) ;
#1530 = PLANE ( 'NONE',  #3899 ) ;
#1531 = AXIS2_PLACEMENT_3D ( 'NONE', #5029, #1358, #7509 ) ;
#1532 = VERTEX_POINT ( 'NONE', #5761 ) ;
#1533 = CARTESIAN_POINT ( 'NONE',  ( 58.81537647679117953, 0.4999999999999995559, 1.000000000000000888 ) ) ;
#1534 = ORIENTED_EDGE ( 'NONE', *, *, #5144, .F. ) ;
#1535 = AXIS2_PLACEMENT_3D ( 'NONE', #1479, #5798, #6457 ) ;
#1537 = VERTEX_POINT ( 'NONE', #4534 ) ;
#1536 = DIRECTION ( 'NONE',  ( 0.9848077530122081313, -0.000000000000000000, 0.1736481776669309696 ) ) ;
#1538 = CARTESIAN_POINT ( 'NONE',  ( 27.06537647679117597, 0.4999999999999996669, 21.82499999999999929 ) ) ;
#1539 = DIRECTION ( 'NONE',  ( 0.000000000000000000, 0.000000000000000000, -1.000000000000000000 ) ) ;
#1540 = ORIENTED_EDGE ( 'NONE', *, *, #5479, .T. ) ;
#1541 = DIRECTION ( 'NONE',  ( -0.000000000000000000, -0.000000000000000000, 1.000000000000000000 ) ) ;
#1542 = CARTESIAN_POINT ( 'NONE',  ( 28.79210000278323989, -2.556236529698766358, -5.152373076014530540 ) ) ;
#1543 = AXIS2_PLACEMENT_3D ( 'NONE', #1087, #2935, #3586 ) ;
#1544 = CC_DESIGN_DATE_AND_TIME_ASSIGNMENT ( #7663, #4732, ( #800 ) ) ;
#1545 = VERTEX_POINT ( 'NONE', #701 ) ;
#1546 =( BOUNDED_CURVE ( )  B_SPLINE_CURVE ( 3, ( #3458, #5928, #336, #1857 ),
 .UNSPECIFIED., .F., .T. ) 
 B_SPLINE_CURVE_WITH_KNOTS ( ( 4, 4 ),
 ( 0.000000000000000000, 0.2722591191863785176 ),
 .UNSPECIFIED. ) 
 CURVE ( )  GEOMETRIC_REPRESENTATION_ITEM ( )  RATIONAL_B_SPLINE_CURVE ( ( 1.000000000000000000, 0.9938324475413840009, 0.9938324475413840009, 1.000000000000000000 ) ) 
 REPRESENTATION_ITEM ( '' )  );
#1547 = EDGE_LOOP ( 'NONE', ( #353, #2171, #5671, #2848 ) ) ;
#1548 = DIRECTION ( 'NONE',  ( 0.000000000000000000, 0.000000000000000000, 1.000000000000000000 ) ) ;
#1549 = AXIS2_PLACEMENT_3D ( 'NONE', #1693, #383, #2846 ) ;
#1550 = EDGE_CURVE ( 'NONE', #2567, #935, #82, .T. ) ;
#1551 = LINE ( 'NONE', #2749, #5553 ) ;
#1552 = AXIS2_PLACEMENT_3D ( 'NONE', #5381, #6723, #7298 ) ;
#1553 = ORIENTED_EDGE ( 'NONE', *, *, #1324, .F. ) ;
#1554 = DIRECTION ( 'NONE',  ( -1.000000000000000000, -0.000000000000000000, -2.970001569282669714E-29 ) ) ;
#1555 = VECTOR ( 'NONE', #2629, 1000.000000000000000 ) ;
#1556 = APPROVAL_ROLE ( '' ) ;
#1557 = CARTESIAN_POINT ( 'NONE',  ( 54.07721230097129705, 0.4999999999999995559, 1.871464348691104451 ) ) ;
#1558 = EDGE_CURVE ( 'NONE', #3393, #2318, #5677, .T. ) ;
#1559 = ADVANCED_FACE ( 'NONE', ( #7475 ), #5154, .F. ) ;
#1560 = AXIS2_PLACEMENT_3D ( 'NONE', #3832, #6277, #7495 ) ;
#1561 = VECTOR ( 'NONE', #7085, 1000.000000000000114 ) ;
#1562 = ORIENTED_EDGE ( 'NONE', *, *, #1272, .T. ) ;
#1563 = ADVANCED_FACE ( 'NONE', ( #3724, #616 ), #4378, .T. ) ;
#1564 = CARTESIAN_POINT ( 'NONE',  ( 4.684623523208827578, -3.125000000000000000, -2.545853211699800359E-16 ) ) ;
#1565 = LINE ( 'NONE', #3562, #6639 ) ;
#1566 = CARTESIAN_POINT ( 'NONE',  ( 2.380228578555448671, -3.089436645026713446, -1.018401240605040892 ) ) ;
#1567 = PLANE ( 'NONE',  #439 ) ;
#1568 = VECTOR ( 'NONE', #950, 999.9999999999998863 ) ;
#1569 = EDGE_CURVE ( 'NONE', #3877, #2032, #7253, .T. ) ;
#1570 = ORIENTED_EDGE ( 'NONE', *, *, #853, .T. ) ;
#1571 = CIRCLE ( 'NONE', #3658, 1.499999999999999556 ) ;
#1572 = LINE ( 'NONE', #2177, #4026 ) ;
#1573 = ORIENTED_EDGE ( 'NONE', *, *, #858, .F. ) ;
#1574 = CARTESIAN_POINT ( 'NONE',  ( 42.95593864038758625, -1.999999999999999556, -1.395354880397274844 ) ) ;
#1575 = LOCAL_TIME ( 13, 59, 32.00000000000000000, #3357 ) ;
#1577 = ORIENTED_EDGE ( 'NONE', *, *, #5249, .T. ) ;
#1576 = DIRECTION ( 'NONE',  ( 0.000000000000000000, 1.334402673828313093E-16, -1.000000000000000000 ) ) ;
#1578 = VERTEX_POINT ( 'NONE', #7557 ) ;
#1579 = PLANE ( 'NONE',  #7268 ) ;
#1580 = DIRECTION ( 'NONE',  ( 1.103821940798063439E-16, 1.000000000000000000, 0.000000000000000000 ) ) ;
#1581 = EDGE_CURVE ( 'NONE', #2426, #5508, #5601, .T. ) ;
#1582 = VERTEX_POINT ( 'NONE', #3847 ) ;
#1583 = DIRECTION ( 'NONE',  ( 0.000000000000000000, -1.000000000000000000, -1.379057453301393079E-16 ) ) ;
#1584 = EDGE_LOOP ( 'NONE', ( #4613, #7169, #5790, #6194 ) ) ;
#1586 = VERTEX_POINT ( 'NONE', #666 ) ;
#1585 = PLANE ( 'NONE',  #7289 ) ;
#1587 = CARTESIAN_POINT ( 'NONE',  ( 4.684623523208825802, 3.125000000000000000, -25.00000000000000000 ) ) ;
#1588 = CARTESIAN_POINT ( 'NONE',  ( 59.63218407883724836, -0.4999999999999970024, 2.287000000000012800 ) ) ;
#1589 = LINE ( 'NONE', #6406, #1312 ) ;
#1590 = DIRECTION ( 'NONE',  ( -0.000000000000000000, -0.000000000000000000, 1.000000000000000000 ) ) ;
#1591 = CARTESIAN_POINT ( 'NONE',  ( 11.20593864038758802, 1.999999999999997335, -5.461999999999999744 ) ) ;
#1592 = ADVANCED_FACE ( 'NONE', ( #6329 ), #738, .F. ) ;
#1593 = AXIS2_PLACEMENT_3D ( 'NONE', #7208, #1739, #2899 ) ;
#1594 = ORIENTED_EDGE ( 'NONE', *, *, #7822, .F. ) ;
#1595 = ORIENTED_EDGE ( 'NONE', *, *, #11, .F. ) ;
#1596 = DIRECTION ( 'NONE',  ( 0.000000000000000000, -1.000000000000000000, -0.000000000000000000 ) ) ;
#1597 = DIRECTION ( 'NONE',  ( 0.1736481776669305810, 0.000000000000000000, 0.9848077530122080203 ) ) ;
#1598 = ORIENTED_EDGE ( 'NONE', *, *, #6540, .F. ) ;
#1599 = CARTESIAN_POINT ( 'NONE',  ( 52.29406135961241375, -1.999999999999997780, -1.779645119602723424 ) ) ;
#1600 = LINE ( 'NONE', #3477, #3367 ) ;
#1601 = ORIENTED_EDGE ( 'NONE', *, *, #6153, .F. ) ;
#1602 = CARTESIAN_POINT ( 'NONE',  ( 60.54210000278325055, 2.556236529698765025, 1.977373076014535158 ) ) ;
#1603 = DIRECTION ( 'NONE',  ( -0.000000000000000000, -0.000000000000000000, 1.000000000000000000 ) ) ;
#1604 = ORIENTED_EDGE ( 'NONE', *, *, #5436, .F. ) ;
#1605 = ADVANCED_FACE ( 'NONE', ( #3404 ), #6492, .T. ) ;
#1606 = CARTESIAN_POINT ( 'NONE',  ( 59.63218407883724836, 0.4999999999999980571, 2.286000000000000032 ) ) ;
#1607 = DIRECTION ( 'NONE',  ( -1.036515599736129978E-30, -0.9993908270190956511, 0.03489949670250425823 ) ) ;
#1608 = EDGE_CURVE ( 'NONE', #1671, #2102, #3479, .T. ) ;
#1609 = VECTOR ( 'NONE', #1217, 1000.000000000000114 ) ;
#1610 = VERTEX_POINT ( 'NONE', #5795 ) ;
#1611 = ORIENTED_EDGE ( 'NONE', *, *, #5719, .F. ) ;
#1612 = LINE ( 'NONE', #871, #5775 ) ;
#1613 = ORIENTED_EDGE ( 'NONE', *, *, #1005, .F. ) ;
#1614 = EDGE_LOOP ( 'NONE', ( #1989, #7805, #1129, #2356 ) ) ;
#1615 = EDGE_CURVE ( 'NONE', #5105, #6218, #3934, .T. ) ;
#1616 = CARTESIAN_POINT ( 'NONE',  ( 3.867815921162763182, -0.4999999999999982792, -1.000000000000000000 ) ) ;
#1617 = DIRECTION ( 'NONE',  ( 0.9848077530122079093, -1.087052405242915289E-16, -0.1736481776669313026 ) ) ;
#1618 = VECTOR ( 'NONE', #7059, 999.9999999999998863 ) ;
#1619 = ORIENTED_EDGE ( 'NONE', *, *, #6162, .F. ) ;
#1620 = CARTESIAN_POINT ( 'NONE',  ( 54.07721230097129705, 1.596637958731240037, 1.871464348691104673 ) ) ;
#1621 = VERTEX_POINT ( 'NONE', #204 ) ;
#1623 = VERTEX_POINT ( 'NONE', #246 ) ;
#1622 = CARTESIAN_POINT ( 'NONE',  ( 43.95593864038759335, -0.4999999999999994449, -4.555719746345367582 ) ) ;
#1624 = DIRECTION ( 'NONE',  ( -0.9848077530122080203, 0.000000000000000000, -0.1736481776669310806 ) ) ;
#1625 = PLANE ( 'NONE',  #4331 ) ;
#1626 = ADVANCED_FACE ( 'NONE', ( #282 ), #5819, .F. ) ;
#1627 = CARTESIAN_POINT ( 'NONE',  ( 51.29406135961241375, 1.999999999999997780, -5.461999999999999744 ) ) ;
#1628 = CARTESIAN_POINT ( 'NONE',  ( 43.95593864038759335, 1.999999999999998668, -5.461999999999999744 ) ) ;
#1629 = LINE ( 'NONE', #6596, #4282 ) ;
#1630 = VERTEX_POINT ( 'NONE', #3325 ) ;
#1631 = ORIENTED_EDGE ( 'NONE', *, *, #7435, .T. ) ;
#1632 = DIRECTION ( 'NONE',  ( 0.000000000000000000, 0.000000000000000000, -1.000000000000000000 ) ) ;
#1633 = CARTESIAN_POINT ( 'NONE',  ( 9.199476142549027458, -6.349999999999999645, 0.6050015783174087503 ) ) ;
#1634 = ADVANCED_FACE ( 'NONE', ( #3971 ), #3445, .F. ) ;
#1635 = VERTEX_POINT ( 'NONE', #2835 ) ;
#1636 = DIRECTION ( 'NONE',  ( 0.006060234003883020054, 0.9993908270190957621, 0.03436929492885066467 ) ) ;
#1637 = ORIENTED_EDGE ( 'NONE', *, *, #1873, .F. ) ;
#1638 = DIRECTION ( 'NONE',  ( 0.000000000000000000, 1.000000000000000000, 0.000000000000000000 ) ) ;
#1639 = DIRECTION ( 'NONE',  ( 1.000000000000000000, 0.000000000000000000, 0.000000000000000000 ) ) ;
#1640 = ORIENTED_EDGE ( 'NONE', *, *, #5959, .F. ) ;
#1641 = CARTESIAN_POINT ( 'NONE',  ( 4.684623523208825802, -0.5000000000000004441, -25.00000000000000000 ) ) ;
#1642 = CARTESIAN_POINT ( 'NONE',  ( 35.09813380855663922, 1.999999999999999556, -0.9442512108800652504 ) ) ;
#1643 = VERTEX_POINT ( 'NONE', #5271 ) ;
#1644 = VERTEX_POINT ( 'NONE', #2219 ) ;
#1645 = FACE_OUTER_BOUND ( 'NONE', #3099, .T. ) ;
#1646 = EDGE_LOOP ( 'NONE', ( #6973, #7654, #4178, #2989 ) ) ;
#1647 = ADVANCED_FACE ( 'NONE', ( #5915 ), #3876, .T. ) ;
#1648 = CARTESIAN_POINT ( 'NONE',  ( 36.43462352320882047, -6.349999999999999645, -2.174999999999999822 ) ) ;
#1649 = LINE ( 'NONE', #6585, #372 ) ;
#1650 = EDGE_CURVE ( 'NONE', #3972, #3136, #394, .T. ) ;
#1651 = VECTOR ( 'NONE', #7334, 1000.000000000000000 ) ;
#1652 = ADVANCED_FACE ( 'NONE', ( #2100 ), #5875, .F. ) ;
#1653 = ORIENTED_EDGE ( 'NONE', *, *, #6351, .F. ) ;
#1654 = AXIS2_PLACEMENT_3D ( 'NONE', #1235, #3886, #786 ) ;
#1655 = DIRECTION ( 'NONE',  ( -0.000000000000000000, -0.000000000000000000, 1.000000000000000000 ) ) ;
#1656 = VERTEX_POINT ( 'NONE', #4049 ) ;
#1658 = VERTEX_POINT ( 'NONE', #6534 ) ;
#1657 = CARTESIAN_POINT ( 'NONE',  ( 58.81537647679117242, 1.999999999999996669, 2.230748789119931352 ) ) ;
#1659 = CARTESIAN_POINT ( 'NONE',  ( 41.17278769902870295, 0.5000000000000005551, -5.046464348691102941 ) ) ;
#1660 = CARTESIAN_POINT ( 'NONE',  ( 34.12202269848260272, -3.095724199259894949, -4.013349245053742465 ) ) ;
#1661 = CARTESIAN_POINT ( 'NONE',  ( 29.07964537702906327, 2.845659002721049102, -1.544757588562757578 ) ) ;
#1662 = DIRECTION ( 'NONE',  ( 0.000000000000000000, 1.000000000000000000, 0.000000000000000000 ) ) ;
#1663 = DIRECTION ( 'NONE',  ( 1.000000000000000000, -0.000000000000000000, -2.970001569282669714E-29 ) ) ;
#1664 = VECTOR ( 'NONE', #2550, 999.9999999999998863 ) ;
#1665 = EDGE_CURVE ( 'NONE', #7868, #3972, #980, .T. ) ;
#1666 = ORIENTED_EDGE ( 'NONE', *, *, #6891, .T. ) ;
#1667 = VECTOR ( 'NONE', #2933, 1000.000000000000000 ) ;
#1668 = ORIENTED_EDGE ( 'NONE', *, *, #6414, .T. ) ;
#1669 = CARTESIAN_POINT ( 'NONE',  ( 36.43462352320882047, -6.349999999999999645, 21.82499999999999929 ) ) ;
#1670 = LINE ( 'NONE', #1094, #1651 ) ;
#1671 = VERTEX_POINT ( 'NONE', #5953 ) ;
#1672 = DIRECTION ( 'NONE',  ( -0.000000000000000000, -1.000000000000000000, -0.000000000000000000 ) ) ;
#1673 = VECTOR ( 'NONE', #7246, 1000.000000000000000 ) ;
#1674 = EDGE_CURVE ( 'NONE', #2125, #3937, #2180, .T. ) ;
#1675 = AXIS2_PLACEMENT_3D ( 'NONE', #4063, #296, #2809 ) ;
#1676 = AXIS2_PLACEMENT_3D ( 'NONE', #4892, #4932, #481 ) ;
#1677 = ORIENTED_EDGE ( 'NONE', *, *, #6002, .F. ) ;
#1678 = DIRECTION ( 'NONE',  ( 0.000000000000000000, 0.000000000000000000, -1.000000000000000000 ) ) ;
#1679 = VECTOR ( 'NONE', #2520, 1000.000000000000114 ) ;
#1680 = CYLINDRICAL_SURFACE ( 'NONE', #1030, 3.900000000000000799 ) ;
#1681 = ORIENTED_EDGE ( 'NONE', *, *, #30, .T. ) ;
#1682 = LINE ( 'NONE', #6129, #2463 ) ;
#1683 = VECTOR ( 'NONE', #7, 1000.000000000000000 ) ;
#1684 = CARTESIAN_POINT ( 'NONE',  ( 2.372022698482601388, -3.095724199259894949, 0.8383492450537458618 ) ) ;
#1685 = PLANE ( 'NONE',  #1745 ) ;
#1686 = CIRCLE ( 'NONE', #6509, 26.00000000000000355 ) ;
#1687 = ADVANCED_FACE ( 'NONE', ( #5353 ), #4580, .F. ) ;
#1688 = ORIENTED_EDGE ( 'NONE', *, *, #3165, .F. ) ;
#1689 = AXIS2_PLACEMENT_3D ( 'NONE', #1143, #6900, #692 ) ;
#1690 = ORIENTED_EDGE ( 'NONE', *, *, #5308, .T. ) ;
#1691 = ORIENTED_EDGE ( 'NONE', *, *, #5218, .T. ) ;
#1692 = AXIS2_PLACEMENT_3D ( 'NONE', #3580, #1536, #7279 ) ;
#1693 = CARTESIAN_POINT ( 'NONE',  ( 42.95593864038758625, 0.4999999999999996669, 2.287000000000009692 ) ) ;
#1694 = FACE_OUTER_BOUND ( 'NONE', #7776, .T. ) ;
#1695 = CIRCLE ( 'NONE', #4568, 1.499999999999999778 ) ;
#1696 = ORIENTED_EDGE ( 'NONE', *, *, #1375, .T. ) ;
#1697 = LOCAL_TIME ( 13, 59, 32.00000000000000000, #241 ) ;
#1698 = LINE ( 'NONE', #7166, #3912 ) ;
#1700 = VERTEX_POINT ( 'NONE', #2134 ) ;
#1699 = DIRECTION ( 'NONE',  ( 0.000000000000000000, -0.000000000000000000, 1.000000000000000000 ) ) ;
#1701 = DIRECTION ( 'NONE',  ( -1.103821940798063439E-16, 1.000000000000000000, 0.000000000000000000 ) ) ;
#1702 = EDGE_CURVE ( 'NONE', #928, #1268, #3038, .T. ) ;
#1703 = DIRECTION ( 'NONE',  ( -1.851507882525184455E-16, 0.000000000000000000, -1.000000000000000000 ) ) ;
#1704 = CARTESIAN_POINT ( 'NONE',  ( 35.61781592116276585, -0.5000000000000003331, -5.461999999999999744 ) ) ;
#1705 = DIRECTION ( 'NONE',  ( 2.553335745242634272E-32, -1.000000000000000000, -1.379057453301393079E-16 ) ) ;
#1706 = EDGE_CURVE ( 'NONE', #6710, #2301, #7303, .T. ) ;
#1707 = ORIENTED_EDGE ( 'NONE', *, *, #3211, .T. ) ;
#1708 = ORIENTED_EDGE ( 'NONE', *, *, #4745, .F. ) ;
#1709 = CARTESIAN_POINT ( 'NONE',  ( 58.81537647679117953, 0.5000000000000029976, -25.00000000000000000 ) ) ;
#1710 = DIRECTION ( 'NONE',  ( -0.9848077530122080203, 0.000000000000000000, -0.1736481776669312194 ) ) ;
#1711 = DIRECTION ( 'NONE',  ( 0.000000000000000000, -1.000000000000000000, 0.000000000000000000 ) ) ;
#1712 = ORIENTED_EDGE ( 'NONE', *, *, #2613, .F. ) ;
#1713 = EDGE_CURVE ( 'NONE', #3296, #6993, #3743, .T. ) ;
#1714 = CARTESIAN_POINT ( 'NONE',  ( 36.43462352320882047, 1.596637958731251139, 21.82499999999999574 ) ) ;
#1715 = VECTOR ( 'NONE', #5217, 1000.000000000000000 ) ;
#1716 = DIRECTION ( 'NONE',  ( 0.000000000000000000, 1.000000000000000000, 1.358106471860483123E-16 ) ) ;
#1717 = DIRECTION ( 'NONE',  ( 0.000000000000000000, 0.000000000000000000, 1.000000000000000000 ) ) ;
#1718 = ORIENTED_EDGE ( 'NONE', *, *, #6408, .T. ) ;
#1719 = FACE_OUTER_BOUND ( 'NONE', #7718, .T. ) ;
#1720 = CARTESIAN_POINT ( 'NONE',  ( 9.413193426945490216, -1.999999999999998224, 1.817052527853100896 ) ) ;
#1721 = VERTEX_POINT ( 'NONE', #2911 ) ;
#1722 = EDGE_CURVE ( 'NONE', #6247, #7999, #2418, .T. ) ;
#1723 = DIRECTION ( 'NONE',  ( -1.851507882525184455E-16, 0.000000000000000000, -1.000000000000000000 ) ) ;
#1724 = CARTESIAN_POINT ( 'NONE',  ( 8.638462502818711641, -1.999999999999997113, -2.576664877242706542 ) ) ;
#1725 = CARTESIAN_POINT ( 'NONE',  ( 4.684623523208825802, -0.4999999999999952260, -25.00000000000000000 ) ) ;
#1726 = DIRECTION ( 'NONE',  ( -0.9848077530122079093, 0.000000000000000000, -0.1736481776669310528 ) ) ;
#1727 = CARTESIAN_POINT ( 'NONE',  ( 54.47417203511789552, -3.125000000000000000, -0.3798061746948028228 ) ) ;
#1728 = ORIENTED_EDGE ( 'NONE', *, *, #978, .T. ) ;
#1729 = ADVANCED_FACE ( 'NONE', ( #1719 ), #5548, .F. ) ;
#1730 = LINE ( 'NONE', #7914, #6362 ) ;
#1731 = LINE ( 'NONE', #5968, #3516 ) ;
#1732 = ADVANCED_BREP_SHAPE_REPRESENTATION ( '228-2500-1110', ( #4787, #525 ), #6133 ) ;
#1733 = VERTEX_POINT ( 'NONE', #5471 ) ;
#1734 = DIRECTION ( 'NONE',  ( -0.1736481776669312194, 0.000000000000000000, -0.9848077530122080203 ) ) ;
#1735 = EDGE_LOOP ( 'NONE', ( #256, #7112, #3003, #19 ) ) ;
#1737 = ORIENTED_EDGE ( 'NONE', *, *, #558, .F. ) ;
#1736 = CARTESIAN_POINT ( 'NONE',  ( 54.87113176926450109, 0.5000000000000027756, -2.631076698080709431 ) ) ;
#1738 = DIRECTION ( 'NONE',  ( -1.000000000000000000, 0.000000000000000000, 0.000000000000000000 ) ) ;
#1739 = DIRECTION ( 'NONE',  ( -1.103821940798063686E-16, 1.000000000000000000, 1.334402673828312846E-16 ) ) ;
#1740 = AXIS2_PLACEMENT_3D ( 'NONE', #1777, #1906, #1868 ) ;
#1741 = CYLINDRICAL_SURFACE ( 'NONE', #2978, 1.500000000000000000 ) ;
#1742 = CARTESIAN_POINT ( 'NONE',  ( 42.26050136705701021, -0.5000000000000003331, -1.517979235075784361 ) ) ;
#1743 = LINE ( 'NONE', #5335, #1673 ) ;
#1744 = ORIENTED_EDGE ( 'NONE', *, *, #4924, .F. ) ;
#1745 = AXIS2_PLACEMENT_3D ( 'NONE', #4172, #6044, #456 ) ;
#1746 = EDGE_LOOP ( 'NONE', ( #4315, #3100, #3606, #5862 ) ) ;
#1747 = LINE ( 'NONE', #7250, #6572 ) ;
#1748 = CARTESIAN_POINT ( 'NONE',  ( 60.63754246078684673, -2.652339685709836914, -1.862240066738440669 ) ) ;
#1749 = LINE ( 'NONE', #6721, #7889 ) ;
#1750 = ORIENTED_EDGE ( 'NONE', *, *, #447, .T. ) ;
#1751 = DIRECTION ( 'NONE',  ( 0.000000000000000000, 0.000000000000000000, -1.000000000000000000 ) ) ;
#1752 = DIRECTION ( 'NONE',  ( -1.000000000000000000, 5.519109703990317197E-17, 0.000000000000000000 ) ) ;
#1753 = EDGE_CURVE ( 'NONE', #5180, #938, #4205, .T. ) ;
#1754 = ORIENTED_EDGE ( 'NONE', *, *, #566, .T. ) ;
#1755 = CARTESIAN_POINT ( 'NONE',  ( 36.43462352320882047, -1.999999999999999112, -4.175000000000001599 ) ) ;
#1756 = DIRECTION ( 'NONE',  ( -1.181994048308896803E-16, 1.000000000000000000, 0.000000000000000000 ) ) ;
#1757 = EDGE_LOOP ( 'NONE', ( #1950, #2152, #496, #7056, #2801 ) ) ;
#1758 = LINE ( 'NONE', #4292, #1150 ) ;
#1759 = DIRECTION ( 'NONE',  ( 1.851507882525184455E-16, 0.000000000000000000, -1.000000000000000000 ) ) ;
#1760 = DIRECTION ( 'NONE',  ( 1.000000000000000000, 0.000000000000000000, -0.000000000000000000 ) ) ;
#1761 = DIRECTION ( 'NONE',  ( 0.9848077530122081313, 0.000000000000000000, -0.1736481776669309696 ) ) ;
#1762 = ORIENTED_EDGE ( 'NONE', *, *, #77, .T. ) ;
#1763 = DIRECTION ( 'NONE',  ( -0.000000000000000000, -0.000000000000000000, 1.000000000000000000 ) ) ;
#1764 = VERTEX_POINT ( 'NONE', #8027 ) ;
#1765 = DIRECTION ( 'NONE',  ( -0.000000000000000000, 1.000000000000000000, 0.000000000000000000 ) ) ;
#1766 = CARTESIAN_POINT ( 'NONE',  ( 36.43462352320882047, -6.349999999999999645, 21.82499999999999929 ) ) ;
#1767 = DIRECTION ( 'NONE',  ( -0.000000000000000000, -0.000000000000000000, 1.000000000000000000 ) ) ;
#1768 = VERTEX_POINT ( 'NONE', #1061 ) ;
#1769 = EDGE_CURVE ( 'NONE', #671, #1578, #572, .T. ) ;
#1770 = DIRECTION ( 'NONE',  ( -0.9848077530122080203, 0.000000000000000000, 0.1736481776669312194 ) ) ;
#1771 = ORIENTED_EDGE ( 'NONE', *, *, #1251, .T. ) ;
#1773 = VERTEX_POINT ( 'NONE', #6075 ) ;
#1772 = CARTESIAN_POINT ( 'NONE',  ( 31.75000000000000000, 4.553088549592051489E-16, -4.175000000000000711 ) ) ;
#1774 = CARTESIAN_POINT ( 'NONE',  ( 36.43462352320882047, 2.000000000000000888, -5.405748789119929398 ) ) ;
#1775 = CARTESIAN_POINT ( 'NONE',  ( 19.54406135961241020, 1.596637958731240481, 0.08681072319625926514 ) ) ;
#1776 = CARTESIAN_POINT ( 'NONE',  ( 36.43462352320882047, 2.000000000000000000, 21.82499999999999929 ) ) ;
#1777 = CARTESIAN_POINT ( 'NONE',  ( 58.81537647679117953, -3.125000000000000000, -25.00000000000000000 ) ) ;
#1778 = CARTESIAN_POINT ( 'NONE',  ( 22.86974985376993175, 3.095724199259894505, -1.969580989044334984 ) ) ;
#1779 = CARTESIAN_POINT ( 'NONE',  ( 11.20593864038758802, 1.596637958731240925, -3.085483742487791670 ) ) ;
#1780 = VERTEX_POINT ( 'NONE', #3639 ) ;
#1781 = ADVANCED_FACE ( 'NONE', ( #6693 ), #533, .T. ) ;
#1782 = VERTEX_POINT ( 'NONE', #7379 ) ;
#1783 = LINE ( 'NONE', #7457, #4804 ) ;
#1784 = DIRECTION ( 'NONE',  ( 0.000000000000000000, 0.000000000000000000, -1.000000000000000000 ) ) ;
#1785 = ORIENTED_EDGE ( 'NONE', *, *, #2009, .T. ) ;
#1786 = CYLINDRICAL_SURFACE ( 'NONE', #374, 1.499999999999999556 ) ;
#1787 = LINE ( 'NONE', #6161, #6219 ) ;
#1788 = ORIENTED_EDGE ( 'NONE', *, *, #3407, .F. ) ;
#1789 = FACE_OUTER_BOUND ( 'NONE', #1968, .T. ) ;
#1790 = ORIENTED_EDGE ( 'NONE', *, *, #1156, .T. ) ;
#1791 = CARTESIAN_POINT ( 'NONE',  ( 9.199476142549027458, -6.349999999999999645, 0.6050015783174087503 ) ) ;
#1792 = CIRCLE ( 'NONE', #3494, 22.76925121088006776 ) ;
#1793 = CARTESIAN_POINT ( 'NONE',  ( 28.40186619144336078, 1.999999999999999556, -5.461999999999999744 ) ) ;
#1794 = ORIENTED_EDGE ( 'NONE', *, *, #4243, .T. ) ;
#1795 = DIRECTION ( 'NONE',  ( 5.519109703990317197E-17, 1.000000000000000000, 0.000000000000000000 ) ) ;
#1796 = LINE ( 'NONE', #4293, #1084 ) ;
#1797 = ADVANCED_FACE ( 'NONE', ( #7949 ), #412, .F. ) ;
#1798 = EDGE_CURVE ( 'NONE', #4183, #5896, #3523, .T. ) ;
#1799 = DIRECTION ( 'NONE',  ( -6.461669324084825028E-18, -0.9993908270190956511, 0.03489949670250424435 ) ) ;
#1800 = DIRECTION ( 'NONE',  ( -0.000000000000000000, -0.000000000000000000, 1.000000000000000000 ) ) ;
#1801 = AXIS2_PLACEMENT_3D ( 'NONE', #4132, #4180, #5967 ) ;
#1802 = CIRCLE ( 'NONE', #3248, 24.00000000000000000 ) ;
#1803 = EDGE_CURVE ( 'NONE', #626, #3772, #7858, .T. ) ;
#1804 = VERTEX_POINT ( 'NONE', #1105 ) ;
#1805 = CARTESIAN_POINT ( 'NONE',  ( 12.20593864038758980, 1.596637958731240037, 1.380719746345368204 ) ) ;
#1806 = AXIS2_PLACEMENT_3D ( 'NONE', #3120, #1851, #3685 ) ;
#1807 = EDGE_LOOP ( 'NONE', ( #4240, #5858, #3522, #1056, #175 ) ) ;
#1808 = AXIS2_PLACEMENT_3D ( 'NONE', #2655, #2187, #3339 ) ;
#1809 = AXIS2_PLACEMENT_3D ( 'NONE', #7137, #1554, #4043 ) ;
#1810 = EDGE_CURVE ( 'NONE', #4317, #6827, #7341, .T. ) ;
#1811 = LINE ( 'NONE', #2518, #7147 ) ;
#1812 = DIRECTION ( 'NONE',  ( 0.000000000000000000, 0.000000000000000000, 1.000000000000000000 ) ) ;
#1813 = DIRECTION ( 'NONE',  ( -1.000000000000000000, 0.000000000000000000, 0.000000000000000000 ) ) ;
#1814 = AXIS2_PLACEMENT_3D ( 'NONE', #5651, #2557, #3452 ) ;
#1815 = VERTEX_POINT ( 'NONE', #1755 ) ;
#1816 = AXIS2_PLACEMENT_3D ( 'NONE', #511, #1701, #7242 ) ;
#1817 = CARTESIAN_POINT ( 'NONE',  ( 42.95593864038758625, 1.999999999999998668, -1.395354880397274844 ) ) ;
#1818 = VERTEX_POINT ( 'NONE', #2990 ) ;
#1819 = VECTOR ( 'NONE', #3395, 1000.000000000000000 ) ;
#1820 = VERTEX_POINT ( 'NONE', #3077 ) ;
#1821 = LINE ( 'NONE', #4841, #4158 ) ;
#1822 = CARTESIAN_POINT ( 'NONE',  ( 54.33768456747169040, -1.596637958731250917, 0.3942527191727924207 ) ) ;
#1823 = EDGE_CURVE ( 'NONE', #6580, #2543, #4737, .T. ) ;
#1824 = CYLINDRICAL_SURFACE ( 'NONE', #5971, 22.71400000000000219 ) ;
#1825 = AXIS2_PLACEMENT_3D ( 'NONE', #1854, #2921, #4341 ) ;
#1826 = DIRECTION ( 'NONE',  ( -0.9848077530122079093, 0.000000000000000000, -0.1736481776669310528 ) ) ;
#1827 = CARTESIAN_POINT ( 'NONE',  ( 54.47417203511789552, 3.125000000000000000, -0.3798061746948026007 ) ) ;
#1828 = VECTOR ( 'NONE', #3524, 1000.000000000000000 ) ;
#1829 = AXIS2_PLACEMENT_3D ( 'NONE', #7400, #674, #628 ) ;
#1830 = ORIENTED_EDGE ( 'NONE', *, *, #3654, .F. ) ;
#1831 = ORIENTED_EDGE ( 'NONE', *, *, #1665, .F. ) ;
#1832 = CARTESIAN_POINT ( 'NONE',  ( 31.75000000000000000, 0.000000000000000000, -5.460999999999999410 ) ) ;
#1833 = CIRCLE ( 'NONE', #3401, 22.71399999999999864 ) ;
#1834 = CARTESIAN_POINT ( 'NONE',  ( 58.81537647679117242, 3.125000000000000000, 1.391333921542872651E-28 ) ) ;
#1835 = LINE ( 'NONE', #6193, #3287 ) ;
#1836 = ORIENTED_EDGE ( 'NONE', *, *, #1850, .F. ) ;
#1837 = CARTESIAN_POINT ( 'NONE',  ( 20.54406135961241020, 2.000000000000000444, -3.426208104168765534 ) ) ;
#1838 = DIRECTION ( 'NONE',  ( 1.851507882525183222E-16, 1.334402673828313093E-16, -1.000000000000000000 ) ) ;
#1839 = ADVANCED_FACE ( 'NONE', ( #1018 ), #3489, .T. ) ;
#1840 = LINE ( 'NONE', #4332, #3622 ) ;
#1841 = VERTEX_POINT ( 'NONE', #4772 ) ;
#1842 = CARTESIAN_POINT ( 'NONE',  ( 2.957899997216755672, 2.556236529698765469, 1.977373076014534714 ) ) ;
#1843 = ORIENTED_EDGE ( 'NONE', *, *, #5663, .T. ) ;
#1844 = CARTESIAN_POINT ( 'NONE',  ( 43.95593864038759335, -1.999999999999999556, -5.461999999999999744 ) ) ;
#1845 = FACE_OUTER_BOUND ( 'NONE', #8070, .T. ) ;
#1846 = VERTEX_POINT ( 'NONE', #2945 ) ;
#1847 = VECTOR ( 'NONE', #1345, 1000.000000000000000 ) ;
#1848 = PLANE ( 'NONE',  #6749 ) ;
#1849 = CARTESIAN_POINT ( 'NONE',  ( 42.95593864038758625, 1.999999999999999112, -4.675943177187301458 ) ) ;
#1850 = EDGE_CURVE ( 'NONE', #4101, #2578, #4780, .T. ) ;
#1851 = DIRECTION ( 'NONE',  ( -1.103821940798063193E-16, -1.000000000000000000, -1.334402673828313339E-16 ) ) ;
#1852 = EDGE_CURVE ( 'NONE', #2311, #7644, #822, .T. ) ;
#1853 = ORIENTED_EDGE ( 'NONE', *, *, #7864, .T. ) ;
#1854 = CARTESIAN_POINT ( 'NONE',  ( 36.43462352320882047, 3.125000000000000000, 21.82499999999999929 ) ) ;
#1855 = EDGE_CURVE ( 'NONE', #7136, #947, #1524, .T. ) ;
#1856 = ORIENTED_EDGE ( 'NONE', *, *, #2768, .F. ) ;
#1857 = CARTESIAN_POINT ( 'NONE',  ( 42.95593864038758625, -1.999999999999998224, -4.675943177187300570 ) ) ;
#1858 = DIRECTION ( 'NONE',  ( -1.851507882525183222E-16, 0.000000000000000000, 1.000000000000000000 ) ) ;
#1859 = DIRECTION ( 'NONE',  ( -1.851507882525182976E-16, -1.358106471860482877E-16, 1.000000000000000000 ) ) ;
#1860 = ORIENTED_EDGE ( 'NONE', *, *, #3903, .F. ) ;
#1861 = PLANE ( 'NONE',  #4683 ) ;
#1862 = EDGE_CURVE ( 'NONE', #6919, #168, #1004, .T. ) ;
#1863 = EDGE_CURVE ( 'NONE', #6788, #3795, #7945, .T. ) ;
#1865 = ORIENTED_EDGE ( 'NONE', *, *, #2256, .F. ) ;
#1864 = CARTESIAN_POINT ( 'NONE',  ( 29.41668154766650645, 3.125000000000000000, -3.174999999999996714 ) ) ;
#1866 = CARTESIAN_POINT ( 'NONE',  ( 54.07721230097129705, 0.4999999999999996669, 1.871464348691110446 ) ) ;
#1867 = DIRECTION ( 'NONE',  ( -0.000000000000000000, -0.000000000000000000, -1.000000000000000000 ) ) ;
#1868 = DIRECTION ( 'NONE',  ( 0.000000000000000000, 0.000000000000000000, 1.000000000000000000 ) ) ;
#1869 = DIRECTION ( 'NONE',  ( -0.000000000000000000, -1.000000000000000000, 0.000000000000000000 ) ) ;
#1870 = LINE ( 'NONE', #3740, #7533 ) ;
#1871 = EDGE_LOOP ( 'NONE', ( #3383, #5288, #4699, #7923, #3205 ) ) ;
#1872 = ORIENTED_EDGE ( 'NONE', *, *, #4992, .F. ) ;
#1873 = EDGE_CURVE ( 'NONE', #4412, #7411, #3201, .T. ) ;
#1874 = AXIS2_PLACEMENT_3D ( 'NONE', #7954, #1759, #4826 ) ;
#1875 = CARTESIAN_POINT ( 'NONE',  ( 61.06762278091967033, -3.050016257337087033, -1.191803532264690046 ) ) ;
#1876 = CARTESIAN_POINT ( 'NONE',  ( 40.63025014623006825, 3.095724199259894505, -1.969580989044334984 ) ) ;
#1877 = AXIS2_PLACEMENT_3D ( 'NONE', #6461, #2804, #4623 ) ;
#1878 = VERTEX_POINT ( 'NONE', #5675 ) ;
#1879 = CARTESIAN_POINT ( 'NONE',  ( 27.06537647679117597, -6.349999999999999645, 21.82499999999999929 ) ) ;
#1880 = CARTESIAN_POINT ( 'NONE',  ( 2.333318452333499771, 3.125000000000000000, 6.929959465066704231E-29 ) ) ;
#1881 = DIRECTION ( 'NONE',  ( -1.000000000000000000, 0.000000000000000000, 0.000000000000000000 ) ) ;
#1882 = AXIS2_PLACEMENT_3D ( 'NONE', #6175, #5560, #6744 ) ;
#1883 = ORIENTED_EDGE ( 'NONE', *, *, #5934, .T. ) ;
#1884 = CARTESIAN_POINT ( 'NONE',  ( 4.684623523208827578, -3.095724199259894949, -0.8383492450537467500 ) ) ;
#1885 = ORIENTED_EDGE ( 'NONE', *, *, #5275, .T. ) ;
#1886 = CARTESIAN_POINT ( 'NONE',  ( 43.95593864038759335, 1.999999999999998668, 0.03070717332972604935 ) ) ;
#1887 = DIRECTION ( 'NONE',  ( 0.9848077530122079093, 0.000000000000000000, -0.1736481776669310528 ) ) ;
#1888 = ORIENTED_EDGE ( 'NONE', *, *, #5308, .F. ) ;
#1889 = LINE ( 'NONE', #5027, #111 ) ;
#1890 = DIRECTION ( 'NONE',  ( -1.000000000000000000, -8.830575526384529209E-16, 0.000000000000000000 ) ) ;
#1891 = DIRECTION ( 'NONE',  ( -0.9848077530122080203, 2.317165925841666822E-17, -0.1736481776669312194 ) ) ;
#1892 = ORIENTED_EDGE ( 'NONE', *, *, #3551, .F. ) ;
#1893 = CARTESIAN_POINT ( 'NONE',  ( 27.18790825623299057, -1.999999999999999112, -4.597697567739182922 ) ) ;
#1894 = ORIENTED_EDGE ( 'NONE', *, *, #4102, .F. ) ;
#1895 = LINE ( 'NONE', #4381, #4148 ) ;
#1896 = CARTESIAN_POINT ( 'NONE',  ( 20.54406135961241020, -0.5000000000000003331, 2.287000000000005251 ) ) ;
#1897 = DIRECTION ( 'NONE',  ( 1.851507882525183222E-16, 1.334402673828313093E-16, -1.000000000000000000 ) ) ;
#1898 = ORIENTED_EDGE ( 'NONE', *, *, #1313, .F. ) ;
#1899 = CARTESIAN_POINT ( 'NONE',  ( 8.852179787215165518, -6.349999999999999645, -1.364613927707009067 ) ) ;
#1900 = EDGE_CURVE ( 'NONE', #4671, #100, #1394, .T. ) ;
#1901 = ORIENTED_EDGE ( 'NONE', *, *, #6337, .F. ) ;
#1903 = ORIENTED_EDGE ( 'NONE', *, *, #1936, .F. ) ;
#1902 = DIRECTION ( 'NONE',  ( -1.000000000000000000, 4.777843668780925546E-17, 0.000000000000000000 ) ) ;
#1904 = DIRECTION ( 'NONE',  ( 6.461669324084827339E-18, 0.9993908270190956511, -0.03489949670250425823 ) ) ;
#1905 = LINE ( 'NONE', #6841, #7024 ) ;
#1906 = DIRECTION ( 'NONE',  ( -0.000000000000000000, -1.000000000000000000, -0.000000000000000000 ) ) ;
#1907 = CARTESIAN_POINT ( 'NONE',  ( 60.24129556032895749, 2.149710746721889443, -2.188950773539385608 ) ) ;
#1908 = FACE_OUTER_BOUND ( 'NONE', #4907, .T. ) ;
#1909 = ADVANCED_FACE ( 'NONE', ( #75 ), #3883, .T. ) ;
#1910 = ORIENTED_EDGE ( 'NONE', *, *, #5781, .T. ) ;
#1911 = EDGE_CURVE ( 'NONE', #5396, #7418, #6604, .T. ) ;
#1912 = ORIENTED_EDGE ( 'NONE', *, *, #3264, .F. ) ;
#1913 = CARTESIAN_POINT ( 'NONE',  ( 22.55052385745096899, 0.4999999999999908962, -3.780001578317405464 ) ) ;
#1914 = FACE_OUTER_BOUND ( 'NONE', #7824, .T. ) ;
#1915 = VERTEX_POINT ( 'NONE', #6980 ) ;
#1916 = FACE_OUTER_BOUND ( 'NONE', #932, .T. ) ;
#1917 = CYLINDRICAL_SURFACE ( 'NONE', #7900, 24.00000000000000000 ) ;
#1918 = ORIENTED_EDGE ( 'NONE', *, *, #2766, .F. ) ;
#1919 = CARTESIAN_POINT ( 'NONE',  ( 8.889340497235894034, 1.596637958731251139, -1.153865068562397678 ) ) ;
#1920 = AXIS2_PLACEMENT_3D ( 'NONE', #4700, #7069, #7187 ) ;
#1921 = ORIENTED_EDGE ( 'NONE', *, *, #3655, .F. ) ;
#1922 = DIRECTION ( 'NONE',  ( -0.000000000000000000, -0.000000000000000000, 1.000000000000000000 ) ) ;
#1923 = DIRECTION ( 'NONE',  ( -0.9848077530122080203, 1.318768997827082402E-16, -0.1736481776669312194 ) ) ;
#1924 = ORIENTED_EDGE ( 'NONE', *, *, #5479, .F. ) ;
#1925 = ADVANCED_FACE ( 'NONE', ( #5064 ), #123, .T. ) ;
#1926 = CARTESIAN_POINT ( 'NONE',  ( 27.06537647679117597, -2.000000000000000444, 21.82499999999999929 ) ) ;
#1927 = FACE_OUTER_BOUND ( 'NONE', #7604, .T. ) ;
#1928 = VECTOR ( 'NONE', #6724, 1000.000000000000114 ) ;
#1929 = AXIS2_PLACEMENT_3D ( 'NONE', #1641, #2950, #6577 ) ;
#1930 = VERTEX_POINT ( 'NONE', #3284 ) ;
#1931 = LINE ( 'NONE', #4988, #1133 ) ;
#1932 = ORIENTED_EDGE ( 'NONE', *, *, #3110, .F. ) ;
#1933 = CARTESIAN_POINT ( 'NONE',  ( 28.88636731957403470, 2.651084560595151629, -5.038491676086431781 ) ) ;
#1934 = CARTESIAN_POINT ( 'NONE',  ( 60.15186619144334657, -2.000000000000004441, 1.000000000000000000 ) ) ;
#1935 = CIRCLE ( 'NONE', #231, 27.23074878911992869 ) ;
#1936 = EDGE_CURVE ( 'NONE', #6605, #6680, #6941, .T. ) ;
#1937 = ORIENTED_EDGE ( 'NONE', *, *, #4087, .F. ) ;
#1938 = VECTOR ( 'NONE', #1765, 1000.000000000000000 ) ;
#1939 = VERTEX_POINT ( 'NONE', #2674 ) ;
#1940 = AXIS2_PLACEMENT_3D ( 'NONE', #7856, #2908, #2287 ) ;
#1942 = ORIENTED_EDGE ( 'NONE', *, *, #978, .F. ) ;
#1941 = CARTESIAN_POINT ( 'NONE',  ( 43.95593864038759335, 1.596637958731240925, -4.555719746345366694 ) ) ;
#1943 = CARTESIAN_POINT ( 'NONE',  ( 40.38846250281871164, 1.999999999999997335, -0.5983351227572919484 ) ) ;
#1944 = AXIS2_PLACEMENT_3D ( 'NONE', #4310, #1859, #3208 ) ;
#1945 = DIRECTION ( 'NONE',  ( -1.000000000000000000, 0.000000000000000000, 0.000000000000000000 ) ) ;
#1946 = LINE ( 'NONE', #1249, #7558 ) ;
#1947 = ORIENTED_EDGE ( 'NONE', *, *, #649, .T. ) ;
#1948 = AXIS2_PLACEMENT_3D ( 'NONE', #145, #3539, #388 ) ;
#1949 = DIRECTION ( 'NONE',  ( 0.1736481776669310528, 1.358106471860483123E-16, -0.9848077530122080203 ) ) ;
#1950 = ORIENTED_EDGE ( 'NONE', *, *, #6943, .T. ) ;
#1951 = EDGE_CURVE ( 'NONE', #1398, #5868, #5150, .T. ) ;
#1952 = CARTESIAN_POINT ( 'NONE',  ( 51.29406135961241375, 0.4999999999999996669, 1.380719746345368204 ) ) ;
#1953 = CYLINDRICAL_SURFACE ( 'NONE', #6922, 3.900000000000000799 ) ;
#1954 = EDGE_CURVE ( 'NONE', #5285, #1006, #2049, .T. ) ;
#1955 = VECTOR ( 'NONE', #5407, 1000.000000000000000 ) ;
#1956 = ORIENTED_EDGE ( 'NONE', *, *, #6641, .F. ) ;
#1957 = CARTESIAN_POINT ( 'NONE',  ( 52.98949863294298979, -0.4999999999999995559, -1.657020764924213685 ) ) ;
#1958 = FACE_OUTER_BOUND ( 'NONE', #2140, .T. ) ;
#1959 = AXIS2_PLACEMENT_3D ( 'NONE', #333, #5243, #1576 ) ;
#1960 = EDGE_CURVE ( 'NONE', #2599, #7052, #2706, .T. ) ;
#1961 = LINE ( 'NONE', #155, #5135 ) ;
#1962 = VECTOR ( 'NONE', #2697, 1000.000000000000000 ) ;
#1963 = ORIENTED_EDGE ( 'NONE', *, *, #2050, .T. ) ;
#1964 = DIRECTION ( 'NONE',  ( 1.000000000000000000, -0.000000000000000000, -2.970001569282669714E-29 ) ) ;
#1965 = ORIENTED_EDGE ( 'NONE', *, *, #5787, .T. ) ;
#1966 = LINE ( 'NONE', #2546, #6726 ) ;
#1967 = EDGE_CURVE ( 'NONE', #1532, #1074, #7116, .T. ) ;
#1968 = EDGE_LOOP ( 'NONE', ( #3462, #7524, #4684, #1208 ) ) ;
#1969 = DIRECTION ( 'NONE',  ( -0.000000000000000000, 1.000000000000000000, -0.000000000000000000 ) ) ;
#1970 = DIRECTION ( 'NONE',  ( 1.000000000000000000, -5.519109703990317197E-17, 0.000000000000000000 ) ) ;
#1971 = ORIENTED_EDGE ( 'NONE', *, *, #4501, .F. ) ;
#1972 = DIRECTION ( 'NONE',  ( 1.000000000000000000, 0.000000000000000000, 1.851507882525183222E-16 ) ) ;
#1973 = ADVANCED_FACE ( 'NONE', ( #3969 ), #857, .F. ) ;
#1974 = DIRECTION ( 'NONE',  ( -1.000000000000000000, 0.000000000000000000, -0.000000000000000000 ) ) ;
#1975 = ORIENTED_EDGE ( 'NONE', *, *, #6785, .F. ) ;
#1976 = CARTESIAN_POINT ( 'NONE',  ( 36.43462352320882047, 1.999999999999996669, 21.82499999999999929 ) ) ;
#1977 = CARTESIAN_POINT ( 'NONE',  ( 43.95593864038759335, -1.596637958731240925, 0.08681072319625883493 ) ) ;
#1978 = PLANE ( 'NONE',  #4153 ) ;
#1979 = LINE ( 'NONE', #1844, #4258 ) ;
#1980 = ORIENTED_EDGE ( 'NONE', *, *, #6666, .T. ) ;
#1981 = DIRECTION ( 'NONE',  ( -0.000000000000000000, -1.000000000000000000, -1.358106471860483123E-16 ) ) ;
#1983 = ORIENTED_EDGE ( 'NONE', *, *, #5930, .F. ) ;
#1982 = LINE ( 'NONE', #177, #7683 ) ;
#1984 = ADVANCED_FACE ( 'NONE', ( #6327, #1927 ), #736, .F. ) ;
#1985 = CARTESIAN_POINT ( 'NONE',  ( 40.63934049723589226, 1.596637958731250473, -2.021134931437601256 ) ) ;
#1986 = CARTESIAN_POINT ( 'NONE',  ( 19.54406135961241020, 1.999999999999998668, -1.219027899688808869 ) ) ;
#1987 = CARTESIAN_POINT ( 'NONE',  ( 60.53592399034133109, 2.539715928915410537, -1.962147544309549740 ) ) ;
#1988 = VERTEX_POINT ( 'NONE', #977 ) ;
#1989 = ORIENTED_EDGE ( 'NONE', *, *, #1550, .F. ) ;
#1990 = EDGE_CURVE ( 'NONE', #7459, #4991, #3557, .T. ) ;
#1991 = CARTESIAN_POINT ( 'NONE',  ( 42.95593864038758625, -1.999999999999999112, -3.426208104168764645 ) ) ;
#1992 = CARTESIAN_POINT ( 'NONE',  ( 59.63218407883723415, 0.4999999999999996669, -5.461999999999999744 ) ) ;
#1993 = ORIENTED_EDGE ( 'NONE', *, *, #2362, .T. ) ;
#1994 = DIRECTION ( 'NONE',  ( 0.000000000000000000, 1.000000000000000000, 0.000000000000000000 ) ) ;
#1995 = DIRECTION ( 'NONE',  ( 0.000000000000000000, -0.03489949670250473701, 0.9993908270190955401 ) ) ;
#1996 = CARTESIAN_POINT ( 'NONE',  ( 42.95593864038759335, -1.733189655496045756, -0.08951625751220596006 ) ) ;
#1997 = AXIS2_PLACEMENT_3D ( 'NONE', #4926, #138, #1176 ) ;
#1998 = VERTEX_POINT ( 'NONE', #7783 ) ;
#1999 = CARTESIAN_POINT ( 'NONE',  ( 27.06537647679117597, -3.095724199259894949, 21.82499999999999929 ) ) ;
#2000 = EDGE_CURVE ( 'NONE', #7493, #7519, #2255, .T. ) ;
#2001 = ORIENTED_EDGE ( 'NONE', *, *, #2226, .F. ) ;
#2002 = LINE ( 'NONE', #2462, #1258 ) ;
#2003 = ORIENTED_EDGE ( 'NONE', *, *, #5787, .F. ) ;
#2004 = CARTESIAN_POINT ( 'NONE',  ( 40.94947614254902390, 2.000000000000000000, -3.780001578317405908 ) ) ;
#2005 = PLANE ( 'NONE',  #3701 ) ;
#2006 = AXIS2_PLACEMENT_3D ( 'NONE', #5616, #2529, #3421 ) ;
#2007 = APPLICATION_PROTOCOL_DEFINITION ( 'international standard', 'config_control_design', 1994, #7360 ) ;
#2008 = CARTESIAN_POINT ( 'NONE',  ( 51.29406135961242086, 1.733189655496051529, -3.261810723196257644 ) ) ;
#2009 = EDGE_CURVE ( 'NONE', #3783, #5872, #4733, .T. ) ;
#2010 = EDGE_CURVE ( 'NONE', #94, #6788, #6652, .T. ) ;
#2011 = VERTEX_POINT ( 'NONE', #4770 ) ;
#2012 = DIRECTION ( 'NONE',  ( 1.851507882525183222E-16, 1.334402673828313093E-16, -1.000000000000000000 ) ) ;
#2013 = CARTESIAN_POINT ( 'NONE',  ( 54.30052385745097610, -6.349999999999999645, 0.6050015783174087503 ) ) ;
#2014 = ORIENTED_EDGE ( 'NONE', *, *, #953, .F. ) ;
#2015 = B_SPLINE_CURVE_WITH_KNOTS ( 'NONE', 3,
 ( #1660, #6060, #393, #4799, #1000, #6556, #7243, #5408, #1043, #2972, #1123, #7282 ),
 .UNSPECIFIED., .F., .F.,
 ( 4, 2, 2, 2, 2, 4 ),
 ( 0.000000000000000000, 0.0002680472927737206760, 0.0005360945855474413520, 0.001072189171094891161, 0.001608283756642341078, 0.002144378342189790995 ),
 .UNSPECIFIED. ) ;
#2016 = DIRECTION ( 'NONE',  ( 1.000000000000000000, 0.000000000000000000, 1.851507882525182976E-16 ) ) ;
#2017 = CARTESIAN_POINT ( 'NONE',  ( 58.81537647679117953, -3.095724199259894949, -25.00000000000000000 ) ) ;
#2018 = ADVANCED_FACE ( 'NONE', ( #2791 ), #7184, .T. ) ;
#2019 = ORIENTED_EDGE ( 'NONE', *, *, #3535, .T. ) ;
#2020 = DIRECTION ( 'NONE',  ( 1.181994048308896803E-16, 1.000000000000000000, 1.334402673828313339E-16 ) ) ;
#2021 = ORIENTED_EDGE ( 'NONE', *, *, #6540, .T. ) ;
#2022 = DIRECTION ( 'NONE',  ( 0.9848077530122079093, -1.164036902788887858E-16, -0.1736481776669313026 ) ) ;
#2023 = AXIS2_PLACEMENT_3D ( 'NONE', #7179, #4728, #4196 ) ;
#2025 = ORIENTED_EDGE ( 'NONE', *, *, #6937, .T. ) ;
#2024 = CARTESIAN_POINT ( 'NONE',  ( 61.10903587644693147, -3.081258825107950905, 1.017059512164393720 ) ) ;
#2026 = CARTESIAN_POINT ( 'NONE',  ( 43.95593864038759335, 1.596637958731241147, -4.555719746345366694 ) ) ;
#2027 =( BOUNDED_CURVE ( )  B_SPLINE_CURVE ( 3, ( #641, #4400, #763, #63 ),
 .UNSPECIFIED., .F., .T. ) 
 B_SPLINE_CURVE_WITH_KNOTS ( ( 4, 4 ),
 ( 3.141592653589786455, 3.413851772776171245 ),
 .UNSPECIFIED. ) 
 CURVE ( )  GEOMETRIC_REPRESENTATION_ITEM ( )  RATIONAL_B_SPLINE_CURVE ( ( 1.000000000000000000, 0.9938324475413837789, 0.9938324475413837789, 1.000000000000000000 ) ) 
 REPRESENTATION_ITEM ( '' )  );
#2028 = FACE_OUTER_BOUND ( 'NONE', #2471, .T. ) ;
#2029 = CARTESIAN_POINT ( 'NONE',  ( 58.81537647679117242, -1.999999999999998224, -2.230748789119931352 ) ) ;
#2030 = CARTESIAN_POINT ( 'NONE',  ( 31.75000000000000000, 0.000000000000000000, -0.8890000000000000124 ) ) ;
#2031 = AXIS2_PLACEMENT_3D ( 'NONE', #2980, #7331, #1052 ) ;
#2032 = VERTEX_POINT ( 'NONE', #7706 ) ;
#2033 = CARTESIAN_POINT ( 'NONE',  ( 19.54406135961241020, -0.4999999999999993339, -4.555719746345365806 ) ) ;
#2034 = CARTESIAN_POINT ( 'NONE',  ( 8.852179787215165518, -6.349999999999999645, -1.364613927707009067 ) ) ;
#2035 = LINE ( 'NONE', #3916, #5876 ) ;
#2036 = VERTEX_POINT ( 'NONE', #7745 ) ;
#2037 = DIRECTION ( 'NONE',  ( 0.000000000000000000, 1.000000000000000000, 0.000000000000000000 ) ) ;
#2038 = CARTESIAN_POINT ( 'NONE',  ( 54.47417203511789552, 3.125000000000000000, -0.3798061746948026007 ) ) ;
#2039 = LINE ( 'NONE', #5019, #5517 ) ;
#2040 = EDGE_CURVE ( 'NONE', #1878, #5213, #7140, .T. ) ;
#2041 = ORIENTED_EDGE ( 'NONE', *, *, #3518, .F. ) ;
#2042 = CARTESIAN_POINT ( 'NONE',  ( 36.43462352320882047, 0.000000000000000000, 21.82499999999999929 ) ) ;
#2043 = AXIS2_PLACEMENT_3D ( 'NONE', #691, #4457, #5712 ) ;
#2044 = DIRECTION ( 'NONE',  ( 1.000000000000000000, 0.000000000000000000, 1.851507882525182976E-16 ) ) ;
#2045 = APPROVAL ( #320, 'UNSPECIFIED' ) ;
#2046 = ORIENTED_EDGE ( 'NONE', *, *, #2588, .F. ) ;
#2047 = CARTESIAN_POINT ( 'NONE',  ( 4.684623523208825802, -1.596637958731250917, -25.00000000000000000 ) ) ;
#2048 =( NAMED_UNIT ( * ) SI_UNIT ( $, .STERADIAN. ) SOLID_ANGLE_UNIT ( ) );
#2049 = LINE ( 'NONE', #4531, #613 ) ;
#2050 = EDGE_CURVE ( 'NONE', #6448, #3823, #937, .T. ) ;
#2051 = CIRCLE ( 'NONE', #6080, 27.28600000000000136 ) ;
#2052 = ORIENTED_EDGE ( 'NONE', *, *, #133, .T. ) ;
#2053 = DIRECTION ( 'NONE',  ( -0.9848077530122080203, 1.950852600144996049E-16, 0.1736481776669312194 ) ) ;
#2054 = CARTESIAN_POINT ( 'NONE',  ( 19.54406135961241020, -1.999999999999997335, -4.499616196478835484 ) ) ;
#2055 = ORIENTED_EDGE ( 'NONE', *, *, #7083, .F. ) ;
#2056 = EDGE_CURVE ( 'NONE', #7359, #5573, #2833, .T. ) ;
#2057 = VECTOR ( 'NONE', #7989, 1000.000000000000000 ) ;
#2058 = DIRECTION ( 'NONE',  ( 0.9848077530122080203, 8.553358126587487914E-17, 0.1736481776669312194 ) ) ;
#2059 = LINE ( 'NONE', #7596, #3193 ) ;
#2060 = EDGE_CURVE ( 'NONE', #4895, #5654, #1600, .T. ) ;
#2061 = VECTOR ( 'NONE', #3483, 1000.000000000000000 ) ;
#2062 = ORIENTED_EDGE ( 'NONE', *, *, #2692, .F. ) ;
#2063 = CARTESIAN_POINT ( 'NONE',  ( 42.95593864038758625, -1.999999999999999112, 2.287000000000009692 ) ) ;
#2064 = ORIENTED_EDGE ( 'NONE', *, *, #4452, .F. ) ;
#2065 = DIRECTION ( 'NONE',  ( 0.000000000000000000, 1.000000000000000000, 0.000000000000000000 ) ) ;
#2067 = ORIENTED_EDGE ( 'NONE', *, *, #1862, .T. ) ;
#2066 = CARTESIAN_POINT ( 'NONE',  ( 2.372022698482601388, -3.095724199259894949, 0.8383492450537458618 ) ) ;
#2068 = CARTESIAN_POINT ( 'NONE',  ( 9.025827964882100929, 3.125000000000000000, -0.3798061746948026007 ) ) ;
#2069 = EDGE_CURVE ( 'NONE', #3471, #108, #1787, .T. ) ;
#2070 = VECTOR ( 'NONE', #398, 999.9999999999998863 ) ;
#2071 = LINE ( 'NONE', #4555, #1415 ) ;
#2072 = CYLINDRICAL_SURFACE ( 'NONE', #1424, 2.100000000000000089 ) ;
#2073 = VECTOR ( 'NONE', #261, 1000.000000000000000 ) ;
#2074 = ORIENTED_EDGE ( 'NONE', *, *, #6641, .T. ) ;
#2075 = CONICAL_SURFACE ( 'NONE', #6623, 25.00000000000000000, 1.535889741755006810 ) ;
#2076 = VERTEX_POINT ( 'NONE', #1222 ) ;
#2077 =( BOUNDED_CURVE ( )  B_SPLINE_CURVE ( 3, ( #7160, #6050, #2925, #7235 ),
 .UNSPECIFIED., .F., .T. ) 
 B_SPLINE_CURVE_WITH_KNOTS ( ( 4, 4 ),
 ( 2.869333534403414543, 3.141592653589800221 ),
 .UNSPECIFIED. ) 
 CURVE ( )  GEOMETRIC_REPRESENTATION_ITEM ( )  RATIONAL_B_SPLINE_CURVE ( ( 1.000000000000000000, 0.9938324475413835568, 0.9938324475413835568, 1.000000000000000000 ) ) 
 REPRESENTATION_ITEM ( '' )  );
#2078 = AXIS2_PLACEMENT_3D ( 'NONE', #5767, #174, #6916 ) ;
#2079 = FACE_OUTER_BOUND ( 'NONE', #7569, .T. ) ;
#2080 = DIRECTION ( 'NONE',  ( 1.000000000000000000, 0.000000000000000000, 0.000000000000000000 ) ) ;
#2081 = EDGE_CURVE ( 'NONE', #2350, #1292, #6072, .T. ) ;
#2082 = AXIS2_PLACEMENT_3D ( 'NONE', #4295, #1761, #4253 ) ;
#2083 = VERTEX_POINT ( 'NONE', #4856 ) ;
#2084 = DIRECTION ( 'NONE',  ( -1.000000000000000000, 0.000000000000000000, 0.000000000000000000 ) ) ;
#2085 = CARTESIAN_POINT ( 'NONE',  ( 34.08331845233350066, 3.125000000000000000, -3.174999999999995826 ) ) ;
#2086 = VECTOR ( 'NONE', #5493, 1000.000000000000000 ) ;
#2087 = DIRECTION ( 'NONE',  ( 1.851507882525183222E-16, 1.334402673828313093E-16, -1.000000000000000000 ) ) ;
#2088 = VECTOR ( 'NONE', #2893, 1000.000000000000114 ) ;
#2089 = LINE ( 'NONE', #2126, #381 ) ;
#2090 = AXIS2_PLACEMENT_3D ( 'NONE', #5916, #1063, #1020 ) ;
#2091 = CARTESIAN_POINT ( 'NONE',  ( 35.09813380855663922, 2.000000000000000888, -4.175000000000001599 ) ) ;
#2092 = EDGE_CURVE ( 'NONE', #3436, #2487, #2986, .T. ) ;
#2093 = ORIENTED_EDGE ( 'NONE', *, *, #6738, .T. ) ;
#2094 = CARTESIAN_POINT ( 'NONE',  ( 42.95593864038758625, -1.999999999999999556, -5.461999999999999744 ) ) ;
#2095 = PERSON_AND_ORGANIZATION ( #1050, #7296 ) ;
#2096 = CARTESIAN_POINT ( 'NONE',  ( 19.54406135961241020, -1.999999999999999556, 0.03070717332972604935 ) ) ;
#2097 = VECTOR ( 'NONE', #3061, 1000.000000000000000 ) ;
#2098 = AXIS2_PLACEMENT_3D ( 'NONE', #8006, #6180, #4915 ) ;
#2099 = ORIENTED_EDGE ( 'NONE', *, *, #1104, .F. ) ;
#2100 = FACE_OUTER_BOUND ( 'NONE', #7610, .T. ) ;
#2101 = PLANE ( 'NONE',  #7554 ) ;
#2102 = VERTEX_POINT ( 'NONE', #5505 ) ;
#2103 = CARTESIAN_POINT ( 'NONE',  ( 31.75000000000000000, 4.553088549592051489E-16, -4.175000000000000711 ) ) ;
#2104 = DIRECTION ( 'NONE',  ( 0.000000000000000000, 0.000000000000000000, 1.000000000000000000 ) ) ;
#2105 = EDGE_CURVE ( 'NONE', #5396, #913, #5702, .T. ) ;
#2106 = ORIENTED_EDGE ( 'NONE', *, *, #4775, .T. ) ;
#2107 = FACE_OUTER_BOUND ( 'NONE', #4340, .T. ) ;
#2108 = LINE ( 'NONE', #1574, #3693 ) ;
#2110 = ORIENTED_EDGE ( 'NONE', *, *, #5238, .F. ) ;
#2109 = CARTESIAN_POINT ( 'NONE',  ( 2.437172926147580743, -3.044840474553113019, 1.186246284442441956 ) ) ;
#2111 = EDGE_CURVE ( 'NONE', #1006, #4288, #3748, .T. ) ;
#2112 = EDGE_CURVE ( 'NONE', #3242, #7186, #4367, .T. ) ;
#2113 = CARTESIAN_POINT ( 'NONE',  ( 54.32859421646586640, -3.095724199259894949, 0.4458066615660576937 ) ) ;
#2114 = AXIS2_PLACEMENT_3D ( 'NONE', #6404, #2779, #2659 ) ;
#2115 = CARTESIAN_POINT ( 'NONE',  ( 61.15371949962639775, -3.115321732520953013, 0.2771493188697774501 ) ) ;
#2116 = EDGE_CURVE ( 'NONE', #1988, #1820, #3033, .T. ) ;
#2117 = EDGE_CURVE ( 'NONE', #5110, #3623, #7520, .T. ) ;
#2118 = VERTEX_POINT ( 'NONE', #8023 ) ;
#2119 = CARTESIAN_POINT ( 'NONE',  ( 12.18295476770618180, -1.999999999999998224, 0.07893380033520328021 ) ) ;
#2120 = DIRECTION ( 'NONE',  ( 0.9848077530122079093, 0.000000000000000000, -0.1736481776669310528 ) ) ;
#2121 = ORIENTED_EDGE ( 'NONE', *, *, #6078, .T. ) ;
#2122 = PLANE ( 'NONE',  #7049 ) ;
#2123 = FACE_OUTER_BOUND ( 'NONE', #7020, .T. ) ;
#2124 = DIRECTION ( 'NONE',  ( -1.920740328501953454E-16, 1.000000000000000000, 1.334402673828312600E-16 ) ) ;
#2125 = VERTEX_POINT ( 'NONE', #2414 ) ;
#2126 = CARTESIAN_POINT ( 'NONE',  ( 54.61974985376993175, -3.095724199259894949, -1.205419010955663728 ) ) ;
#2127 = FACE_OUTER_BOUND ( 'NONE', #7195, .T. ) ;
#2128 = ORIENTED_EDGE ( 'NONE', *, *, #4297, .F. ) ;
#2129 = CARTESIAN_POINT ( 'NONE',  ( 20.54406135961241020, 1.596637958731240481, -0.08951625751220664007 ) ) ;
#2130 = CIRCLE ( 'NONE', #4476, 24.00000000000000000 ) ;
#2131 = CALENDAR_DATE ( 2022, 6, 6 ) ;
#2132 = EDGE_CURVE ( 'NONE', #2150, #2567, #2328, .T. ) ;
#2133 = ORIENTED_EDGE ( 'NONE', *, *, #3851, .T. ) ;
#2134 = CARTESIAN_POINT ( 'NONE',  ( 36.43462352320882047, -3.125000000000000000, -3.174999999999997158 ) ) ;
#2135 = CARTESIAN_POINT ( 'NONE',  ( 36.43462352320882047, -6.349999999999999645, -2.174999999999999822 ) ) ;
#2136 = VECTOR ( 'NONE', #648, 1000.000000000000000 ) ;
#2137 = CARTESIAN_POINT ( 'NONE',  ( 11.20593864038758802, 1.596637958731240037, 1.557046727053834179 ) ) ;
#2138 = CARTESIAN_POINT ( 'NONE',  ( 52.29406135961241375, 1.596637958731240037, 1.557046727053834179 ) ) ;
#2139 = VECTOR ( 'NONE', #4540, 1000.000000000000000 ) ;
#2140 = EDGE_LOOP ( 'NONE', ( #4139, #2336, #7803, #6312 ) ) ;
#2141 = CARTESIAN_POINT ( 'NONE',  ( 11.20593864038758802, 1.596637958731240925, -3.085483742487791670 ) ) ;
#2143 = ORIENTED_EDGE ( 'NONE', *, *, #3191, .F. ) ;
#2142 = CARTESIAN_POINT ( 'NONE',  ( 36.43462352320882047, -1.596637958731250917, -3.960999999999997634 ) ) ;
#2144 = ORIENTED_EDGE ( 'NONE', *, *, #3973, .F. ) ;
#2145 = LINE ( 'NONE', #7079, #3514 ) ;
#2146 = DIRECTION ( 'NONE',  ( 0.9848077530122080203, -8.137350439786101799E-17, 0.1736481776669312194 ) ) ;
#2147 = ADVANCED_FACE ( 'NONE', ( #2502 ), #4978, .F. ) ;
#2148 = ORIENTED_EDGE ( 'NONE', *, *, #7082, .F. ) ;
#2149 = LINE ( 'NONE', #6628, #2217 ) ;
#2150 = VERTEX_POINT ( 'NONE', #6771 ) ;
#2152 = ORIENTED_EDGE ( 'NONE', *, *, #5179, .F. ) ;
#2151 = DIRECTION ( 'NONE',  ( 0.000000000000000000, 1.000000000000000000, 0.000000000000000000 ) ) ;
#2153 = FACE_OUTER_BOUND ( 'NONE', #4875, .T. ) ;
#2154 = CARTESIAN_POINT ( 'NONE',  ( 42.95593864038758625, 1.999999999999998224, -0.1456198073787392244 ) ) ;
#2155 = VERTEX_POINT ( 'NONE', #6198 ) ;
#2156 = EDGE_CURVE ( 'NONE', #5938, #4453, #7422, .T. ) ;
#2157 = DIRECTION ( 'NONE',  ( -1.000000000000000000, 2.216238840579179565E-16, -2.966991680970090583E-29 ) ) ;
#2158 = AXIS2_PLACEMENT_3D ( 'NONE', #1709, #4851, #441 ) ;
#2159 = DIRECTION ( 'NONE',  ( 8.026777363551956199E-15, -1.274091645008247059E-16, 1.000000000000000000 ) ) ;
#2160 = CARTESIAN_POINT ( 'NONE',  ( 27.88218407883724836, 0.4999999999999991673, -4.174999999999999822 ) ) ;
#2161 = EDGE_CURVE ( 'NONE', #5554, #2191, #1184, .T. ) ;
#2162 = ORIENTED_EDGE ( 'NONE', *, *, #4797, .F. ) ;
#2163 = ORIENTED_EDGE ( 'NONE', *, *, #3317, .F. ) ;
#2164 = VECTOR ( 'NONE', #3626, 1000.000000000000000 ) ;
#2165 = DIRECTION ( 'NONE',  ( 0.000000000000000000, 0.000000000000000000, -1.000000000000000000 ) ) ;
#2166 = FACE_OUTER_BOUND ( 'NONE', #4268, .T. ) ;
#2167 = ORIENTED_EDGE ( 'NONE', *, *, #338, .T. ) ;
#2168 = EDGE_CURVE ( 'NONE', #3364, #5541, #1840, .T. ) ;
#2169 = LINE ( 'NONE', #3400, #6372 ) ;
#2170 = APPROVAL_DATE_TIME ( #6570, #4444 ) ;
#2171 = ORIENTED_EDGE ( 'NONE', *, *, #2561, .T. ) ;
#2172 = CARTESIAN_POINT ( 'NONE',  ( 61.06717976364615197, 3.049668403589958388, 1.193044598294885406 ) ) ;
#2173 = FACE_OUTER_BOUND ( 'NONE', #2890, .T. ) ;
#2174 = ORIENTED_EDGE ( 'NONE', *, *, #7000, .F. ) ;
#2175 = LINE ( 'NONE', #7263, #2061 ) ;
#2176 = CARTESIAN_POINT ( 'NONE',  ( 42.95593864038758625, -1.596637958731240925, -0.08951625751220729232 ) ) ;
#2177 = CARTESIAN_POINT ( 'NONE',  ( 9.413193426945490216, -1.999999999999998224, 1.817052527853100896 ) ) ;
#2178 = ORIENTED_EDGE ( 'NONE', *, *, #5003, .T. ) ;
#2179 = CARTESIAN_POINT ( 'NONE',  ( 36.43462352320882047, -6.349999999999999645, -4.175000000000001599 ) ) ;
#2180 = CIRCLE ( 'NONE', #4264, 3.900000000000000799 ) ;
#2182 = VERTEX_POINT ( 'NONE', #3108 ) ;
#2181 = FACE_OUTER_BOUND ( 'NONE', #5345, .T. ) ;
#2183 = ORIENTED_EDGE ( 'NONE', *, *, #679, .F. ) ;
#2184 = EDGE_CURVE ( 'NONE', #2182, #1537, #5182, .T. ) ;
#2185 = DIRECTION ( 'NONE',  ( 1.851507882525184455E-16, 0.000000000000000000, -1.000000000000000000 ) ) ;
#2186 = DIRECTION ( 'NONE',  ( 1.851507882525184455E-16, 0.000000000000000000, -1.000000000000000000 ) ) ;
#2187 = DIRECTION ( 'NONE',  ( 1.000000000000000000, 0.000000000000000000, 1.851507882525182976E-16 ) ) ;
#2188 = AXIS2_PLACEMENT_3D ( 'NONE', #2214, #5230, #5348 ) ;
#2189 = EDGE_LOOP ( 'NONE', ( #3091, #3600, #3730, #3692 ) ) ;
#2190 = CARTESIAN_POINT ( 'NONE',  ( 11.20593864038758802, -1.999999999999998224, 0.2512081041687685978 ) ) ;
#2191 = VERTEX_POINT ( 'NONE', #8065 ) ;
#2192 = AXIS2_PLACEMENT_3D ( 'NONE', #4231, #6021, #5941 ) ;
#2194 = ORIENTED_EDGE ( 'NONE', *, *, #2503, .T. ) ;
#2193 = CARTESIAN_POINT ( 'NONE',  ( 4.684623523208825802, -6.349999999999999645, -25.00000000000000000 ) ) ;
#2195 = DIRECTION ( 'NONE',  ( 0.000000000000000000, -1.000000000000000000, 0.000000000000000000 ) ) ;
#2196 = CARTESIAN_POINT ( 'NONE',  ( 51.29406135961241375, -1.999999999999998668, -5.461999999999999744 ) ) ;
#2197 = FACE_OUTER_BOUND ( 'NONE', #1488, .T. ) ;
#2198 = CARTESIAN_POINT ( 'NONE',  ( 63.50000000000000000, 8.609464714099180422E-17, 2.285999999999999588 ) ) ;
#2199 = DIRECTION ( 'NONE',  ( 0.1736481776669305532, 0.000000000000000000, -0.9848077530122080203 ) ) ;
#2200 = VECTOR ( 'NONE', #7367, 1000.000000000000000 ) ;
#2201 = ORIENTED_EDGE ( 'NONE', *, *, #1216, .F. ) ;
#2202 = ORIENTED_EDGE ( 'NONE', *, *, #4594, .F. ) ;
#2203 = FACE_OUTER_BOUND ( 'NONE', #2189, .T. ) ;
#2204 = CYLINDRICAL_SURFACE ( 'NONE', #5599, 27.28599999999999781 ) ;
#2205 = VECTOR ( 'NONE', #3774, 1000.000000000000000 ) ;
#2206 = FACE_OUTER_BOUND ( 'NONE', #2354, .T. ) ;
#2207 = CIRCLE ( 'NONE', #2869, 24.16165075494625469 ) ;
#2208 = ADVANCED_FACE ( 'NONE', ( #7462, #1262 ), #7896, .F. ) ;
#2209 = VERTEX_POINT ( 'NONE', #4202 ) ;
#2210 = EDGE_CURVE ( 'NONE', #3279, #1635, #4523, .T. ) ;
#2211 = DIRECTION ( 'NONE',  ( -0.9848077530122080203, -1.395753495373055588E-16, 0.1736481776669312194 ) ) ;
#2212 = VECTOR ( 'NONE', #1813, 1000.000000000000000 ) ;
#2213 = DATE_AND_TIME ( #856, #2351 ) ;
#2214 = CARTESIAN_POINT ( 'NONE',  ( 58.81537647679117242, 1.596637958731240481, 2.286000000000000032 ) ) ;
#2215 = VECTOR ( 'NONE', #6059, 1000.000000000000000 ) ;
#2216 = EDGE_CURVE ( 'NONE', #4823, #4793, #3595, .T. ) ;
#2217 = VECTOR ( 'NONE', #2238, 1000.000000000000000 ) ;
#2218 = VERTEX_POINT ( 'NONE', #5785 ) ;
#2219 = CARTESIAN_POINT ( 'NONE',  ( 22.89782021278483271, 0.4999999999999995559, -1.810386072292989423 ) ) ;
#2220 = LINE ( 'NONE', #5307, #4688 ) ;
#2221 = ORIENTED_EDGE ( 'NONE', *, *, #5648, .T. ) ;
#2222 = CIRCLE ( 'NONE', #1825, 25.00000000000000000 ) ;
#2223 = DIRECTION ( 'NONE',  ( -1.851507882525183222E-16, 0.000000000000000000, 1.000000000000000000 ) ) ;
#2224 = CARTESIAN_POINT ( 'NONE',  ( 8.852179787215165518, -1.999999999999999112, -1.364613927707009067 ) ) ;
#2225 = VECTOR ( 'NONE', #2969, 1000.000000000000114 ) ;
#2226 = EDGE_CURVE ( 'NONE', #970, #5093, #2317, .T. ) ;
#2227 = VERTEX_POINT ( 'NONE', #6971 ) ;
#2228 = VECTOR ( 'NONE', #397, 1000.000000000000000 ) ;
#2229 = CARTESIAN_POINT ( 'NONE',  ( 19.54406135961241020, 1.596637958731240481, 0.08681072319625926514 ) ) ;
#2230 = ORIENTED_EDGE ( 'NONE', *, *, #6935, .F. ) ;
#2231 = FACE_OUTER_BOUND ( 'NONE', #3306, .T. ) ;
#2233 = ORIENTED_EDGE ( 'NONE', *, *, #3146, .T. ) ;
#2232 = DIRECTION ( 'NONE',  ( -2.358327139162379357E-17, 1.000000000000000000, 1.337473782904259637E-16 ) ) ;
#2234 = EDGE_LOOP ( 'NONE', ( #3614, #4715, #7775, #1225 ) ) ;
#2235 = FACE_OUTER_BOUND ( 'NONE', #4338, .T. ) ;
#2236 = ORIENTED_EDGE ( 'NONE', *, *, #410, .F. ) ;
#2237 = EDGE_CURVE ( 'NONE', #1721, #4353, #191, .T. ) ;
#2238 = DIRECTION ( 'NONE',  ( 1.000000000000000000, 0.000000000000000000, 1.851507882525182976E-16 ) ) ;
#2239 = ORIENTED_EDGE ( 'NONE', *, *, #5409, .F. ) ;
#2241 = ORIENTED_EDGE ( 'NONE', *, *, #346, .T. ) ;
#2240 = CARTESIAN_POINT ( 'NONE',  ( 4.684623523208825802, -3.095724199259894949, -25.00000000000000000 ) ) ;
#2242 = CARTESIAN_POINT ( 'NONE',  ( 3.348133808556641444, -1.999999999999997780, 1.000000000000000000 ) ) ;
#2243 = DIRECTION ( 'NONE',  ( 1.851507882525183222E-16, 1.334402673828313093E-16, -1.000000000000000000 ) ) ;
#2244 = CARTESIAN_POINT ( 'NONE',  ( 28.88754246078685028, 2.652339685709850681, -1.312759933261570700 ) ) ;
#2245 = CARTESIAN_POINT ( 'NONE',  ( 42.95593864038759335, 1.733189655496044423, -0.08951625751220591842 ) ) ;
#2246 = LINE ( 'NONE', #1779, #6880 ) ;
#2247 = CIRCLE ( 'NONE', #3806, 25.00000000000000000 ) ;
#2248 = ORIENTED_EDGE ( 'NONE', *, *, #5432, .F. ) ;
#2249 = ORIENTED_EDGE ( 'NONE', *, *, #7328, .F. ) ;
#2250 = PLANE ( 'NONE',  #4630 ) ;
#2251 = LINE ( 'NONE', #2324, #2965 ) ;
#2252 = ORIENTED_EDGE ( 'NONE', *, *, #2112, .T. ) ;
#2253 = PLANE ( 'NONE',  #2330 ) ;
#2254 = PERSON_AND_ORGANIZATION_ROLE ( 'classification_officer' ) ;
#2255 = LINE ( 'NONE', #7222, #1276 ) ;
#2256 = EDGE_CURVE ( 'NONE', #785, #5654, #2039, .T. ) ;
#2257 = ORIENTED_EDGE ( 'NONE', *, *, #7328, .T. ) ;
#2258 = DIRECTION ( 'NONE',  ( -1.036515599736128927E-30, 0.9993908270190956511, 0.03489949670250421659 ) ) ;
#2259 = FACE_OUTER_BOUND ( 'NONE', #2739, .T. ) ;
#2260 = ADVANCED_FACE ( 'NONE', ( #4522 ), #5055, .F. ) ;
#2261 = CARTESIAN_POINT ( 'NONE',  ( 51.29406135961241375, -1.999999999999998668, -5.461999999999999744 ) ) ;
#2262 = CARTESIAN_POINT ( 'NONE',  ( 20.54406135961241020, 1.596637958731241147, -4.732046727053832669 ) ) ;
#2263 = ORIENTED_EDGE ( 'NONE', *, *, #5398, .F. ) ;
#2264 = ORIENTED_EDGE ( 'NONE', *, *, #4297, .T. ) ;
#2265 = DIRECTION ( 'NONE',  ( 0.000000000000000000, -0.000000000000000000, -1.000000000000000000 ) ) ;
#2266 = VECTOR ( 'NONE', #5242, 999.9999999999998863 ) ;
#2267 = ORIENTED_EDGE ( 'NONE', *, *, #3064, .T. ) ;
#2268 = EDGE_CURVE ( 'NONE', #7459, #970, #6826, .T. ) ;
#2269 = CARTESIAN_POINT ( 'NONE',  ( 43.95593864038759335, -1.999999999999998224, 0.03070717332972691671 ) ) ;
#2270 = LINE ( 'NONE', #2963, #1223 ) ;
#2271 = DIRECTION ( 'NONE',  ( 1.000000000000000000, -0.000000000000000000, -2.970001569282669714E-29 ) ) ;
#2272 = VECTOR ( 'NONE', #6842, 1000.000000000000000 ) ;
#2273 = ORIENTED_EDGE ( 'NONE', *, *, #6987, .F. ) ;
#2274 = LINE ( 'NONE', #2814, #4299 ) ;
#2275 = ORIENTED_EDGE ( 'NONE', *, *, #6090, .T. ) ;
#2277 = ORIENTED_EDGE ( 'NONE', *, *, #7830, .F. ) ;
#2276 = LINE ( 'NONE', #4103, #7933 ) ;
#2278 = CARTESIAN_POINT ( 'NONE',  ( 19.54406135961241020, 1.999999999999999112, -3.249881123460299559 ) ) ;
#2279 = CARTESIAN_POINT ( 'NONE',  ( 51.29406135961241375, -1.733189655496045312, 1.380719746345368870 ) ) ;
#2280 = DIRECTION ( 'NONE',  ( -1.000000000000000000, 0.000000000000000000, 2.224004456380519438E-16 ) ) ;
#2281 = FACE_OUTER_BOUND ( 'NONE', #1757, .T. ) ;
#2282 = LINE ( 'NONE', #3507, #7784 ) ;
#2283 = ORIENTED_EDGE ( 'NONE', *, *, #1449, .T. ) ;
#2284 = ORIENTED_EDGE ( 'NONE', *, *, #3024, .T. ) ;
#2285 = CARTESIAN_POINT ( 'NONE',  ( 19.54406135961241020, 0.4999999999999996669, 2.287000000000005251 ) ) ;
#2286 = ORIENTED_EDGE ( 'NONE', *, *, #7191, .T. ) ;
#2287 = DIRECTION ( 'NONE',  ( 0.000000000000000000, 0.000000000000000000, 1.000000000000000000 ) ) ;
#2288 = EDGE_CURVE ( 'NONE', #3066, #5847, #2397, .T. ) ;
#2289 = ORIENTED_EDGE ( 'NONE', *, *, #3932, .F. ) ;
#2290 = CARTESIAN_POINT ( 'NONE',  ( 9.422787699028704722, -1.596637958731240925, 1.871464348691104229 ) ) ;
#2291 = FACE_OUTER_BOUND ( 'NONE', #183, .T. ) ;
#2292 = ORIENTED_EDGE ( 'NONE', *, *, #7502, .T. ) ;
#2293 = CARTESIAN_POINT ( 'NONE',  ( 63.50000000000000000, 8.609464714099180422E-17, 1.000000000000000000 ) ) ;
#2294 = EDGE_CURVE ( 'NONE', #2494, #5949, #5750, .T. ) ;
#2295 = CARTESIAN_POINT ( 'NONE',  ( 3.348133808556661428, -2.000000000000005329, -1.000000000000000000 ) ) ;
#2296 = CARTESIAN_POINT ( 'NONE',  ( 20.54406135961241020, 1.999999999999999112, 2.287000000000006139 ) ) ;
#2297 = EDGE_CURVE ( 'NONE', #7429, #4266, #1961, .T. ) ;
#2298 = ORIENTED_EDGE ( 'NONE', *, *, #3956, .F. ) ;
#2299 = CARTESIAN_POINT ( 'NONE',  ( 12.20593864038758980, -0.5000000000000003331, -5.461999999999999744 ) ) ;
#2300 = ADVANCED_FACE ( 'NONE', ( #1349 ), #3922, .F. ) ;
#2301 = VERTEX_POINT ( 'NONE', #3837 ) ;
#2302 = CLOSED_SHELL ( 'NONE', ( #4174, #4597, #426, #6586, #3326, #6468, #3827, #359, #6396, #827, #811, #4935, #1781, #1331, #866, #4012, #5639, #6447, #2521, #122, #2512, #820, #1233, #1652, #1527, #4192, #2811, #2555, #4791, #1563, #6689, #1626, #7135, #1246, #7200, #277, #5077, #454, #5198, #7571, #1385, #2866, #5827, #7410, #4957, #7019, #907, #4740, #5248, #7860, #3949, #1072, #3950, #4705, #2458, #1647, #7481, #3905, #8032, #2372, #5849, #3753, #2208, #5746, #6445, #1181, #1053, #6386, #4844, #709, #6845, #751, #1605, #6992, #347, #1839, #7050, #4870, #5094, #2759, #2670, #5357, #6033, #7974, #698, #3644, #7221, #5351, #3359, #4447, #4150, #6481, #2641, #6742, #4946, #2406, #3123, #7131, #5319, #1099, #3063, #2419, #2409, #6085, #1984, #5644, #62, #1925, #7540, #850, #7957, #4896, #6707, #5883, #3353, #2598, #520, #5773, #1592, #2664, #1973, #2879, #4817, #5383, #1100, #6248, #4404, #3650, #4052, #3079, #4828, #5894, #3241, #6835, #3705, #3418, #5638, #792, #7752, #2815, #4734, #4376, #5556, #2633, #6018, #5931, #1062, #6489, #3336, #2666, #1729, #201, #2260, #5628, #7440, #7934, #267, #954, #5656, #1117, #7734, #2439, #2760, #3741, #5208, #7234, #7975, #2304, #1407, #7609, #7946, #3558, #1797, #6734, #6837, #2147, #5543, #403, #2840, #5534, #5812, #179, #3997, #1305, #2936, #382, #7806, #3669, #2868, #7492, #5970, #6146, #2018, #2566, #3960, #6816, #4894, #4611, #3695, #4047, #758, #2714, #1559, #1687, #7287, #5420, #99, #4951, #4405, #960, #6942, #2413, #1282, #1359, #2961, #7441, #5800, #4548, #112, #7778, #6293, #1909, #4062, #7652, #2918, #4004, #3792, #2300, #5226, #3343, #7527, #6690, #7994, #971, #5389, #6053, #2653, #1634, #5023, #158, #2812, #6701, #6558, #1502, #6789, #6795 ) ) ;
#2303 = ORIENTED_EDGE ( 'NONE', *, *, #1048, .F. ) ;
#2304 = ADVANCED_FACE ( 'NONE', ( #6409 ), #31, .F. ) ;
#2305 = LINE ( 'NONE', #5399, #5717 ) ;
#2306 = FACE_OUTER_BOUND ( 'NONE', #5250, .T. ) ;
#2307 = CIRCLE ( 'NONE', #4002, 24.16165075494625114 ) ;
#2308 = ORIENTED_EDGE ( 'NONE', *, *, #6423, .F. ) ;
#2309 = CIRCLE ( 'NONE', #7127, 22.76925121088006776 ) ;
#2311 = VERTEX_POINT ( 'NONE', #3313 ) ;
#2310 = DIRECTION ( 'NONE',  ( 0.000000000000000000, 1.000000000000000000, 0.000000000000000000 ) ) ;
#2312 = PLANE ( 'NONE',  #4557 ) ;
#2313 = FACE_OUTER_BOUND ( 'NONE', #3381, .T. ) ;
#2314 = DIRECTION ( 'NONE',  ( -1.000000000000000000, 1.103821940798063070E-16, 1.851507882525184455E-16 ) ) ;
#2315 = DIRECTION ( 'NONE',  ( 0.9848077530122080203, -1.950852600144996296E-16, -0.1736481776669310806 ) ) ;
#2316 = LINE ( 'NONE', #4883, #1285 ) ;
#2317 = CIRCLE ( 'NONE', #2976, 3.899999999999999911 ) ;
#2318 = VERTEX_POINT ( 'NONE', #2699 ) ;
#2319 = AXIS2_PLACEMENT_3D ( 'NONE', #470, #2973, #5449 ) ;
#2320 = VERTEX_POINT ( 'NONE', #729 ) ;
#2321 = EDGE_CURVE ( 'NONE', #5996, #2524, #5178, .T. ) ;
#2322 = LINE ( 'NONE', #6025, #7736 ) ;
#2323 = CARTESIAN_POINT ( 'NONE',  ( 60.33869496619185924, -2.289428858272332779, -2.124758187798314157 ) ) ;
#2324 = CARTESIAN_POINT ( 'NONE',  ( 54.47417203511789552, 3.125000000000000000, -0.3798061746948026007 ) ) ;
#2325 = ORIENTED_EDGE ( 'NONE', *, *, #7185, .T. ) ;
#2326 = DIRECTION ( 'NONE',  ( 8.830575526384529209E-16, -1.000000000000000000, -1.334402673828311367E-16 ) ) ;
#2327 = VECTOR ( 'NONE', #4680, 1000.000000000000000 ) ;
#2328 = LINE ( 'NONE', #4893, #1928 ) ;
#2329 = CIRCLE ( 'NONE', #3634, 26.00000000000000711 ) ;
#2330 = AXIS2_PLACEMENT_3D ( 'NONE', #2094, #5228, #4609 ) ;
#2331 = EDGE_CURVE ( 'NONE', #5687, #38, #4567, .T. ) ;
#2332 = ORIENTED_EDGE ( 'NONE', *, *, #6717, .F. ) ;
#2333 = DIRECTION ( 'NONE',  ( -0.9848077530122079093, 0.000000000000000000, -0.1736481776669313304 ) ) ;
#2334 = AXIS2_PLACEMENT_3D ( 'NONE', #6994, #7565, #5123 ) ;
#2335 = CARTESIAN_POINT ( 'NONE',  ( 27.06537647679117953, -0.5000000000000003331, -2.175000000000001599 ) ) ;
#2336 = ORIENTED_EDGE ( 'NONE', *, *, #4521, .T. ) ;
#2337 = CARTESIAN_POINT ( 'NONE',  ( 27.06537647679117597, -1.596637958731250917, -2.388999999999997570 ) ) ;
#2338 = CIRCLE ( 'NONE', #2082, 1.500000000000000000 ) ;
#2339 = DIRECTION ( 'NONE',  ( 0.000000000000000000, -0.03489949670250423741, -0.9993908270190955401 ) ) ;
#2340 = PLANE ( 'NONE',  #5007 ) ;
#2341 = AXIS2_PLACEMENT_3D ( 'NONE', #5171, #1495, #392 ) ;
#2342 = VERTEX_POINT ( 'NONE', #7544 ) ;
#2343 = LINE ( 'NONE', #3687, #2922 ) ;
#2344 = VECTOR ( 'NONE', #8062, 1000.000000000000000 ) ;
#2345 = ORIENTED_EDGE ( 'NONE', *, *, #2682, .T. ) ;
#2346 = VECTOR ( 'NONE', #2929, 999.9999999999998863 ) ;
#2347 = CARTESIAN_POINT ( 'NONE',  ( 36.43462352320882047, -1.999999999999997335, -2.174999999999999822 ) ) ;
#2348 = EDGE_CURVE ( 'NONE', #778, #4284, #4451, .T. ) ;
#2349 = AXIS2_PLACEMENT_3D ( 'NONE', #7057, #3388, #2821 ) ;
#2350 = VERTEX_POINT ( 'NONE', #3230 ) ;
#2351 = LOCAL_TIME ( 13, 59, 32.00000000000000000, #2832 ) ;
#2352 = CARTESIAN_POINT ( 'NONE',  ( 19.54406135961241020, -1.999999999999997335, -4.499616196478835484 ) ) ;
#2353 = EDGE_CURVE ( 'NONE', #1818, #2841, #2954, .T. ) ;
#2354 = EDGE_LOOP ( 'NONE', ( #653, #3897, #6283, #6507, #4542, #4831, #486, #6070 ) ) ;
#2356 = ORIENTED_EDGE ( 'NONE', *, *, #4368, .T. ) ;
#2355 = DIRECTION ( 'NONE',  ( -0.000000000000000000, -0.000000000000000000, -1.000000000000000000 ) ) ;
#2357 = DIRECTION ( 'NONE',  ( -0.1735423958889129592, 0.03489949670250421659, -0.9842078347376876923 ) ) ;
#2358 = DIRECTION ( 'NONE',  ( 0.006060234003882929849, -0.9993908270190957621, -0.03436929492885015119 ) ) ;
#2359 = PLANE ( 'NONE',  #4134 ) ;
#2360 = CARTESIAN_POINT ( 'NONE',  ( 12.20593864038758980, 1.596637958731240925, -3.261810723196257644 ) ) ;
#2361 = DIRECTION ( 'NONE',  ( 0.000000000000000000, -1.000000000000000000, 0.000000000000000000 ) ) ;
#2362 = EDGE_CURVE ( 'NONE', #3998, #4702, #113, .T. ) ;
#2363 = EDGE_CURVE ( 'NONE', #5423, #6017, #568, .T. ) ;
#2364 = VERTEX_POINT ( 'NONE', #5820 ) ;
#2365 = ORIENTED_EDGE ( 'NONE', *, *, #6226, .F. ) ;
#2366 = CIRCLE ( 'NONE', #1193, 3.900000000000019007 ) ;
#2367 = DIRECTION ( 'NONE',  ( -1.000000000000000000, -1.103821940798063439E-16, -1.851507882525184455E-16 ) ) ;
#2368 = PLANE ( 'NONE',  #637 ) ;
#2369 = DIRECTION ( 'NONE',  ( -0.9848077530122079093, 0.000000000000000000, -0.1736481776669310528 ) ) ;
#2370 = ORIENTED_EDGE ( 'NONE', *, *, #7796, .T. ) ;
#2371 = DIRECTION ( 'NONE',  ( 1.000000000000000000, 0.000000000000000000, 1.851507882525182976E-16 ) ) ;
#2372 = ADVANCED_FACE ( 'NONE', ( #312 ), #271, .T. ) ;
#2373 = CIRCLE ( 'NONE', #1593, 27.23074878911993224 ) ;
#2374 = DIRECTION ( 'NONE',  ( 1.000000000000000000, -5.004010026856173789E-17, -6.271692566993070771E-15 ) ) ;
#2375 = LINE ( 'NONE', #5842, #7412 ) ;
#2376 = ORIENTED_EDGE ( 'NONE', *, *, #6064, .T. ) ;
#2377 = DIRECTION ( 'NONE',  ( -0.1735423958889129592, -0.03489949670250473701, 0.9842078347376876923 ) ) ;
#2378 = DIRECTION ( 'NONE',  ( 1.000000000000000000, -1.920740328501952961E-16, 0.000000000000000000 ) ) ;
#2379 = ORIENTED_EDGE ( 'NONE', *, *, #2268, .T. ) ;
#2380 = CARTESIAN_POINT ( 'NONE',  ( 58.81537647679117242, 0.5000000000000000000, -2.285999999999999588 ) ) ;
#2381 = CARTESIAN_POINT ( 'NONE',  ( 8.880250146230070030, -3.095724199259894949, -1.205419010955663728 ) ) ;
#2382 = CARTESIAN_POINT ( 'NONE',  ( 43.95593864038759335, 1.596637958731240481, 0.08681072319625926514 ) ) ;
#2383 = EDGE_CURVE ( 'NONE', #7613, #2960, #1503, .T. ) ;
#2384 =( BOUNDED_CURVE ( )  B_SPLINE_CURVE ( 3, ( #2562, #6148, #3177, #6875 ),
 .UNSPECIFIED., .F., .T. ) 
 B_SPLINE_CURVE_WITH_KNOTS ( ( 4, 4 ),
 ( 6.010926187993207215, 6.283185307179586232 ),
 .UNSPECIFIED. ) 
 CURVE ( )  GEOMETRIC_REPRESENTATION_ITEM ( )  RATIONAL_B_SPLINE_CURVE ( ( 1.000000000000000000, 0.9938324475413838899, 0.9938324475413838899, 1.000000000000000000 ) ) 
 REPRESENTATION_ITEM ( '' )  );
#2385 = ORIENTED_EDGE ( 'NONE', *, *, #5249, .F. ) ;
#2386 = CARTESIAN_POINT ( 'NONE',  ( 34.12202269848260272, 3.095724199259894949, -4.013349245053740688 ) ) ;
#2387 = VERTEX_POINT ( 'NONE', #230 ) ;
#2388 = CARTESIAN_POINT ( 'NONE',  ( 19.54406135961241020, -0.5000000000000003331, -1.219027899688808647 ) ) ;
#2389 = DIRECTION ( 'NONE',  ( 0.000000000000000000, -1.000000000000000000, 0.000000000000000000 ) ) ;
#2390 = CARTESIAN_POINT ( 'NONE',  ( 11.20593864038758802, 0.4999999999999996669, 0.2512081041687684868 ) ) ;
#2391 = EDGE_CURVE ( 'NONE', #970, #1060, #3959, .T. ) ;
#2392 = ORIENTED_EDGE ( 'NONE', *, *, #11, .T. ) ;
#2393 = CARTESIAN_POINT ( 'NONE',  ( 22.32721230097129705, 1.596637958731240925, -5.046464348691102941 ) ) ;
#2394 = VERTEX_POINT ( 'NONE', #2783 ) ;
#2395 = CARTESIAN_POINT ( 'NONE',  ( 9.413193426945491993, 1.999999999999997335, 1.817052527853101118 ) ) ;
#2396 = DIRECTION ( 'NONE',  ( 0.000000000000000000, 0.03489949670250473007, -0.9993908270190955401 ) ) ;
#2397 = CIRCLE ( 'NONE', #7338, 1.499999999999999556 ) ;
#2398 = LINE ( 'NONE', #4356, #2272 ) ;
#2399 = PLANE ( 'NONE',  #3143 ) ;
#2400 = CARTESIAN_POINT ( 'NONE',  ( 12.20593864038758980, 1.999999999999997780, 0.07488112346030248445 ) ) ;
#2401 = EDGE_CURVE ( 'NONE', #7045, #6126, #888, .T. ) ;
#2402 = ORIENTED_EDGE ( 'NONE', *, *, #6498, .F. ) ;
#2403 = AXIS2_PLACEMENT_3D ( 'NONE', #4124, #5958, #6615 ) ;
#2404 = ORIENTED_EDGE ( 'NONE', *, *, #2168, .T. ) ;
#2405 = FACE_OUTER_BOUND ( 'NONE', #4890, .T. ) ;
#2406 = ADVANCED_FACE ( 'NONE', ( #5867 ), #2919, .T. ) ;
#2407 = DIRECTION ( 'NONE',  ( 0.000000000000000000, 0.000000000000000000, 1.000000000000000000 ) ) ;
#2408 = CARTESIAN_POINT ( 'NONE',  ( 3.867815921162768955, -0.5000000000000003331, 2.285999999999999588 ) ) ;
#2409 = ADVANCED_FACE ( 'NONE', ( #5258 ), #7597, .T. ) ;
#2410 = VERTEX_POINT ( 'NONE', #2160 ) ;
#2411 = FACE_OUTER_BOUND ( 'NONE', #6191, .T. ) ;
#2412 = EDGE_CURVE ( 'NONE', #2301, #2150, #3434, .T. ) ;
#2413 = ADVANCED_FACE ( 'NONE', ( #5903 ), #6442, .T. ) ;
#2414 = CARTESIAN_POINT ( 'NONE',  ( 67.40000000000000568, 0.000000000000000000, -2.286000000000000032 ) ) ;
#2415 = ORIENTED_EDGE ( 'NONE', *, *, #5619, .F. ) ;
#2416 = CARTESIAN_POINT ( 'NONE',  ( 58.81537647679117242, 3.125000000000000000, 1.391333921542872651E-28 ) ) ;
#2417 = VERTEX_POINT ( 'NONE', #6042 ) ;
#2418 = LINE ( 'NONE', #5509, #2057 ) ;
#2419 = ADVANCED_FACE ( 'NONE', ( #4373 ), #5594, .T. ) ;
#2420 = CARTESIAN_POINT ( 'NONE',  ( 52.29406135961241375, -1.999999999999998224, 0.2512081041687683758 ) ) ;
#2421 = EDGE_LOOP ( 'NONE', ( #2325, #1334, #6939, #6065 ) ) ;
#2422 = FACE_OUTER_BOUND ( 'NONE', #4500, .T. ) ;
#2423 = CYLINDRICAL_SURFACE ( 'NONE', #3961, 22.71400000000000219 ) ;
#2424 = DIRECTION ( 'NONE',  ( 1.851507882525183222E-16, 1.334402673828313093E-16, -1.000000000000000000 ) ) ;
#2425 = CARTESIAN_POINT ( 'NONE',  ( 54.08680657305450978, 1.999999999999997335, 1.817052527853101118 ) ) ;
#2426 = VERTEX_POINT ( 'NONE', #5 ) ;
#2427 = PLANE ( 'NONE',  #435 ) ;
#2428 = EDGE_CURVE ( 'NONE', #2560, #4434, #1796, .T. ) ;
#2429 = VERTEX_POINT ( 'NONE', #7307 ) ;
#2430 = PLANE ( 'NONE',  #7656 ) ;
#2431 = DIRECTION ( 'NONE',  ( 0.000000000000000000, 1.000000000000000000, 0.000000000000000000 ) ) ;
#2432 = CARTESIAN_POINT ( 'NONE',  ( 26.68389647674473508, 0.4999999999999993339, -4.508826692420518256 ) ) ;
#2433 = ORIENTED_EDGE ( 'NONE', *, *, #3060, .F. ) ;
#2434 = FACE_OUTER_BOUND ( 'NONE', #1646, .T. ) ;
#2435 = AXIS2_PLACEMENT_3D ( 'NONE', #4527, #195, #4040 ) ;
#2436 = VERTEX_POINT ( 'NONE', #3119 ) ;
#2438 = ORIENTED_EDGE ( 'NONE', *, *, #7257, .T. ) ;
#2437 = DIRECTION ( 'NONE',  ( -1.851507882525184455E-16, 0.000000000000000000, -1.000000000000000000 ) ) ;
#2439 = ADVANCED_FACE ( 'NONE', ( #1066 ), #6168, .T. ) ;
#2440 = DIRECTION ( 'NONE',  ( -0.9848077530122080203, 0.000000000000000000, -0.1736481776669312194 ) ) ;
#2441 = FACE_OUTER_BOUND ( 'NONE', #885, .T. ) ;
#2442 = LINE ( 'NONE', #4355, #242 ) ;
#2443 = PLANE ( 'NONE',  #5861 ) ;
#2444 = DIRECTION ( 'NONE',  ( 0.9848077530122080203, 1.223329535901940552E-16, 0.1736481776669310806 ) ) ;
#2445 = ORIENTED_EDGE ( 'NONE', *, *, #2362, .F. ) ;
#2446 = EDGE_LOOP ( 'NONE', ( #2656, #651, #7153, #1728 ) ) ;
#2447 = CYLINDRICAL_SURFACE ( 'NONE', #6820, 1.500000000000000222 ) ;
#2448 = EDGE_CURVE ( 'NONE', #6324, #951, #8029, .T. ) ;
#2449 = LINE ( 'NONE', #1834, #6766 ) ;
#2450 = CARTESIAN_POINT ( 'NONE',  ( 29.35903587644691370, -3.081258825107951349, -2.157940487835605659 ) ) ;
#2451 = VECTOR ( 'NONE', #2053, 999.9999999999998863 ) ;
#2452 = ORIENTED_EDGE ( 'NONE', *, *, #3377, .F. ) ;
#2453 = LINE ( 'NONE', #3750, #6910 ) ;
#2454 = DIRECTION ( 'NONE',  ( 0.000000000000000000, -1.000000000000000000, -1.379057453301393079E-16 ) ) ;
#2455 = DIRECTION ( 'NONE',  ( 1.000000000000000000, 0.000000000000000000, 1.851507882525182976E-16 ) ) ;
#2456 = VECTOR ( 'NONE', #6281, 1000.000000000000000 ) ;
#2457 = EDGE_CURVE ( 'NONE', #7797, #665, #6780, .T. ) ;
#2458 = ADVANCED_FACE ( 'NONE', ( #4985 ), #2423, .F. ) ;
#2459 = VERTEX_POINT ( 'NONE', #6698 ) ;
#2460 = LINE ( 'NONE', #1186, #4290 ) ;
#2461 = ORIENTED_EDGE ( 'NONE', *, *, #4458, .T. ) ;
#2462 = CARTESIAN_POINT ( 'NONE',  ( 27.88218407883724836, 0.4999999999999982792, 2.287000000000007027 ) ) ;
#2463 = VECTOR ( 'NONE', #536, 1000.000000000000000 ) ;
#2464 = ORIENTED_EDGE ( 'NONE', *, *, #3252, .T. ) ;
#2465 = CARTESIAN_POINT ( 'NONE',  ( 4.684623523208825802, 0.4999999999999996669, -25.00000000000000000 ) ) ;
#2466 = CARTESIAN_POINT ( 'NONE',  ( 11.20593864038758802, -1.999999999999997780, -1.779645119602723424 ) ) ;
#2467 = CARTESIAN_POINT ( 'NONE',  ( 58.81537647679117953, 1.596637958731250473, -25.00000000000000000 ) ) ;
#2468 = VECTOR ( 'NONE', #6380, 999.9999999999998863 ) ;
#2469 = EDGE_CURVE ( 'NONE', #5160, #3236, #573, .T. ) ;
#2470 = CIRCLE ( 'NONE', #6241, 24.00000000000000000 ) ;
#2471 = EDGE_LOOP ( 'NONE', ( #5296, #7198, #6424, #700 ) ) ;
#2472 = CARTESIAN_POINT ( 'NONE',  ( 11.20593864038758980, -0.4999999999999993339, -3.085483742487790781 ) ) ;
#2473 = VECTOR ( 'NONE', #1295, 1000.000000000000114 ) ;
#2474 = ORIENTED_EDGE ( 'NONE', *, *, #7332, .F. ) ;
#2475 = VECTOR ( 'NONE', #2729, 1000.000000000000114 ) ;
#2476 = AXIS2_PLACEMENT_3D ( 'NONE', #4143, #3617, #7364 ) ;
#2477 = CARTESIAN_POINT ( 'NONE',  ( 20.54406135961241020, -0.4999999999999992784, -5.460999999999997634 ) ) ;
#2478 = CARTESIAN_POINT ( 'NONE',  ( 36.43462352320882047, 1.596637958731250473, 21.82499999999999929 ) ) ;
#2479 = CARTESIAN_POINT ( 'NONE',  ( 43.95593864038759335, -1.999999999999999112, -3.249881123460298671 ) ) ;
#2480 = CONICAL_SURFACE ( 'NONE', #2334, 25.83834924505374886, 1.535889741755006810 ) ;
#2481 = EDGE_CURVE ( 'NONE', #6046, #5923, #4339, .T. ) ;
#2482 = VERTEX_POINT ( 'NONE', #6130 ) ;
#2483 = CIRCLE ( 'NONE', #1304, 27.28599999999999781 ) ;
#2484 = LINE ( 'NONE', #3013, #2876 ) ;
#2485 = VECTOR ( 'NONE', #2849, 1000.000000000000114 ) ;
#2487 = VERTEX_POINT ( 'NONE', #7348 ) ;
#2486 = DIRECTION ( 'NONE',  ( -5.519109703990317197E-17, -1.000000000000000000, -0.000000000000000000 ) ) ;
#2488 = CARTESIAN_POINT ( 'NONE',  ( 27.06537647679117953, 1.999999999999999556, -2.175000000000001599 ) ) ;
#2489 = CARTESIAN_POINT ( 'NONE',  ( 54.86153749718128836, -1.999999999999997780, -2.576664877242706542 ) ) ;
#2490 = CARTESIAN_POINT ( 'NONE',  ( 51.29406135961241375, -0.4999999999999993339, -3.261810723196256756 ) ) ;
#2491 = LINE ( 'NONE', #5618, #2597 ) ;
#2492 = VECTOR ( 'NONE', #7428, 1000.000000000000000 ) ;
#2493 = AXIS2_PLACEMENT_3D ( 'NONE', #7111, #4016, #7156 ) ;
#2494 = VERTEX_POINT ( 'NONE', #2466 ) ;
#2495 = VERTEX_POINT ( 'NONE', #3042 ) ;
#2496 = VECTOR ( 'NONE', #727, 999.9999999999998863 ) ;
#2497 = DIRECTION ( 'NONE',  ( 0.000000000000000000, 0.000000000000000000, -1.000000000000000000 ) ) ;
#2498 = FACE_OUTER_BOUND ( 'NONE', #206, .T. ) ;
#2499 = ORIENTED_EDGE ( 'NONE', *, *, #5994, .F. ) ;
#2500 = DIRECTION ( 'NONE',  ( 1.577256018512544287E-32, -1.000000000000000000, -1.334402673828313093E-16 ) ) ;
#2501 = CARTESIAN_POINT ( 'NONE',  ( 27.06537647679117597, 1.999999999999999556, -0.9442512108800666937 ) ) ;
#2502 = FACE_OUTER_BOUND ( 'NONE', #2676, .T. ) ;
#2503 = EDGE_CURVE ( 'NONE', #7763, #3490, #1147, .T. ) ;
#2504 = ORIENTED_EDGE ( 'NONE', *, *, #3818, .T. ) ;
#2505 = DIRECTION ( 'NONE',  ( 0.000000000000000000, 0.000000000000000000, -1.000000000000000000 ) ) ;
#2506 = EDGE_LOOP ( 'NONE', ( #7723, #7474, #3512, #8007 ) ) ;
#2507 = VERTEX_POINT ( 'NONE', #3601 ) ;
#2508 = VECTOR ( 'NONE', #5137, 999.9999999999998863 ) ;
#2509 = DIRECTION ( 'NONE',  ( -0.9848077530122079093, -0.000000000000000000, 0.1736481776669310528 ) ) ;
#2510 = DIRECTION ( 'NONE',  ( -1.000000000000000000, 0.000000000000000000, -1.851507882525182976E-16 ) ) ;
#2511 = DIRECTION ( 'NONE',  ( -1.181994048308897543E-16, 1.000000000000000000, 1.334402673828312846E-16 ) ) ;
#2512 = ADVANCED_FACE ( 'NONE', ( #5513 ), #7903, .T. ) ;
#2513 = EDGE_CURVE ( 'NONE', #5098, #7797, #5260, .T. ) ;
#2514 = ORIENTED_EDGE ( 'NONE', *, *, #2742, .F. ) ;
#2515 = CARTESIAN_POINT ( 'NONE',  ( 43.95593864038759335, -1.596637958731240925, 0.08681072319625883493 ) ) ;
#2516 = ORIENTED_EDGE ( 'NONE', *, *, #8020, .F. ) ;
#2517 = EDGE_CURVE ( 'NONE', #5949, #6817, #3081, .T. ) ;
#2518 = CARTESIAN_POINT ( 'NONE',  ( 27.06537647679117597, 1.999999999999999556, -0.9442512108800661386 ) ) ;
#2519 = CYLINDRICAL_SURFACE ( 'NONE', #1882, 24.00000000000000355 ) ;
#2520 = DIRECTION ( 'NONE',  ( -5.551115123125782086E-17, -0.03489949670250423741, -0.9993908270190955401 ) ) ;
#2521 = ADVANCED_FACE ( 'NONE', ( #6079 ), #4863, .T. ) ;
#2522 = VERTEX_POINT ( 'NONE', #4945 ) ;
#2523 = DIRECTION ( 'NONE',  ( 1.000000000000000000, 0.000000000000000000, 1.851507882525183222E-16 ) ) ;
#2524 = VERTEX_POINT ( 'NONE', #1849 ) ;
#2526 = ORIENTED_EDGE ( 'NONE', *, *, #2069, .T. ) ;
#2525 = DIRECTION ( 'NONE',  ( 0.000000000000000000, -1.000000000000000000, 0.000000000000000000 ) ) ;
#2527 = DIRECTION ( 'NONE',  ( -1.000000000000000000, -0.000000000000000000, -2.970001569282669714E-29 ) ) ;
#2528 = FACE_OUTER_BOUND ( 'NONE', #3478, .T. ) ;
#2529 = DIRECTION ( 'NONE',  ( 0.000000000000000000, 1.000000000000000000, 0.000000000000000000 ) ) ;
#2530 = CARTESIAN_POINT ( 'NONE',  ( 34.42260651363341850, -2.840903703221144383, -1.547652965882320597 ) ) ;
#2531 = DIRECTION ( 'NONE',  ( -0.1736481776669313026, 0.000000000000000000, -0.9848077530122079093 ) ) ;
#2532 = ORIENTED_EDGE ( 'NONE', *, *, #3377, .T. ) ;
#2533 = ORIENTED_EDGE ( 'NONE', *, *, #5498, .T. ) ;
#2534 = AXIS2_PLACEMENT_3D ( 'NONE', #7128, #931, #4682 ) ;
#2535 = CARTESIAN_POINT ( 'NONE',  ( 11.20593864038758802, 0.4999999999999996669, 2.287000000000003475 ) ) ;
#2536 = CARTESIAN_POINT ( 'NONE',  ( 58.81537647679117242, 2.000000000000004441, -2.230748789119928244 ) ) ;
#2537 = AXIS2_PLACEMENT_3D ( 'NONE', #7867, #3570, #4906 ) ;
#2538 = ORIENTED_EDGE ( 'NONE', *, *, #1650, .T. ) ;
#2539 = DIRECTION ( 'NONE',  ( -0.9848077530122080203, -3.260394115782490422E-16, -0.1736481776669312194 ) ) ;
#2540 = CARTESIAN_POINT ( 'NONE',  ( 2.359182082229882571, 3.105563006354285172, -0.5566026730970832226 ) ) ;
#2541 = CARTESIAN_POINT ( 'NONE',  ( 54.07721230097129705, -0.5000000000000004441, 1.871464348691104451 ) ) ;
#2542 = CIRCLE ( 'NONE', #6309, 22.71399999999999508 ) ;
#2543 = VERTEX_POINT ( 'NONE', #3720 ) ;
#2544 = CARTESIAN_POINT ( 'NONE',  ( 2.380304152311440546, 3.089378738490767162, 1.020059466835279149 ) ) ;
#2545 = VERTEX_POINT ( 'NONE', #6207 ) ;
#2546 = CARTESIAN_POINT ( 'NONE',  ( 4.684623523208827578, -6.349999999999999645, 1.000000000000000000 ) ) ;
#2547 = ORIENTED_EDGE ( 'NONE', *, *, #4426, .F. ) ;
#2548 = DIRECTION ( 'NONE',  ( 1.000000000000000000, 0.000000000000000000, 2.970001569282669714E-29 ) ) ;
#2549 = CARTESIAN_POINT ( 'NONE',  ( 36.43462352320882047, -6.349999999999999645, -4.175000000000001599 ) ) ;
#2550 = DIRECTION ( 'NONE',  ( -0.9848077530122080203, -1.223329535901940306E-16, -0.1736481776669312194 ) ) ;
#2551 = ORIENTED_EDGE ( 'NONE', *, *, #7625, .F. ) ;
#2552 = EDGE_LOOP ( 'NONE', ( #5754, #6526, #4771, #2904, #3918, #2724, #1435, #4255 ) ) ;
#2553 = LINE ( 'NONE', #1201, #2859 ) ;
#2554 = CARTESIAN_POINT ( 'NONE',  ( 35.09813380855663922, 2.000000000000000000, 2.287000000000008804 ) ) ;
#2555 = ADVANCED_FACE ( 'NONE', ( #611 ), #2005, .F. ) ;
#2556 = ORIENTED_EDGE ( 'NONE', *, *, #6246, .T. ) ;
#2557 = DIRECTION ( 'NONE',  ( 1.000000000000000000, 0.000000000000000000, 0.000000000000000000 ) ) ;
#2558 = ORIENTED_EDGE ( 'NONE', *, *, #1307, .F. ) ;
#2560 = VERTEX_POINT ( 'NONE', #7452 ) ;
#2559 = CARTESIAN_POINT ( 'NONE',  ( 61.12797730151740438, -3.095724199259894949, 0.8383492450537458618 ) ) ;
#2561 = EDGE_CURVE ( 'NONE', #5872, #6739, #4482, .T. ) ;
#2562 = CARTESIAN_POINT ( 'NONE',  ( 42.95593864038758625, 1.999999999999999112, -4.675943177187301458 ) ) ;
#2563 = EDGE_CURVE ( 'NONE', #1841, #5743, #2398, .T. ) ;
#2564 = CARTESIAN_POINT ( 'NONE',  ( 52.29406135961241375, -1.999999999999997335, -3.029380192621260015 ) ) ;
#2565 = CARTESIAN_POINT ( 'NONE',  ( 34.12202269848260272, 3.095724199259894949, -4.013349245053740688 ) ) ;
#2566 = ADVANCED_FACE ( 'NONE', ( #3181 ), #1248, .F. ) ;
#2567 = VERTEX_POINT ( 'NONE', #1296 ) ;
#2568 = DIRECTION ( 'NONE',  ( 1.000000000000000000, 0.000000000000000000, 0.000000000000000000 ) ) ;
#2569 = ORIENTED_EDGE ( 'NONE', *, *, #5959, .T. ) ;
#2570 = CARTESIAN_POINT ( 'NONE',  ( 8.638462502818713418, 2.000000000000000000, -2.576664877242703433 ) ) ;
#2571 = DIRECTION ( 'NONE',  ( 1.000000000000000000, 0.000000000000000000, 1.851507882525182976E-16 ) ) ;
#2572 = ORIENTED_EDGE ( 'NONE', *, *, #1251, .F. ) ;
#2573 = AXIS2_PLACEMENT_3D ( 'NONE', #5108, #7466, #7586 ) ;
#2574 = CARTESIAN_POINT ( 'NONE',  ( 4.684623523208825802, -1.596637958731250917, -25.00000000000000000 ) ) ;
#2575 = DIRECTION ( 'NONE',  ( 0.000000000000000000, 0.000000000000000000, 1.000000000000000000 ) ) ;
#2576 = DIRECTION ( 'NONE',  ( 1.851507882525183222E-16, 1.334402673828313093E-16, -1.000000000000000000 ) ) ;
#2577 = EDGE_CURVE ( 'NONE', #5124, #7359, #7985, .T. ) ;
#2578 = VERTEX_POINT ( 'NONE', #2029 ) ;
#2579 = LINE ( 'NONE', #5058, #7036 ) ;
#2580 = VECTOR ( 'NONE', #5828, 999.9999999999998863 ) ;
#2581 = EDGE_LOOP ( 'NONE', ( #2914, #232, #3054, #3453 ) ) ;
#2582 = DIRECTION ( 'NONE',  ( 1.000000000000000000, 0.000000000000000000, 1.851507882525182976E-16 ) ) ;
#2583 = ORIENTED_EDGE ( 'NONE', *, *, #4530, .F. ) ;
#2584 = CARTESIAN_POINT ( 'NONE',  ( 0.000000000000000000, 0.000000000000000000, -2.286000000000000032 ) ) ;
#2585 = DIRECTION ( 'NONE',  ( -1.000000000000000000, 1.142806669339143347E-16, 0.000000000000000000 ) ) ;
#2586 = DIRECTION ( 'NONE',  ( 0.000000000000000000, 0.000000000000000000, -1.000000000000000000 ) ) ;
#2587 = AXIS2_PLACEMENT_3D ( 'NONE', #4283, #6030, #1098 ) ;
#2588 = EDGE_CURVE ( 'NONE', #2758, #7781, #4512, .T. ) ;
#2589 = VECTOR ( 'NONE', #7173, 1000.000000000000000 ) ;
#2590 = ORIENTED_EDGE ( 'NONE', *, *, #3747, .T. ) ;
#2591 = DIRECTION ( 'NONE',  ( -1.000000000000000000, 0.000000000000000000, -1.851507882525182976E-16 ) ) ;
#2592 = DIRECTION ( 'NONE',  ( 1.851507882525184455E-16, 0.000000000000000000, -1.000000000000000000 ) ) ;
#2593 = VERTEX_POINT ( 'NONE', #5366 ) ;
#2594 = CARTESIAN_POINT ( 'NONE',  ( 27.06537647679117242, -3.095724199259894949, -4.013349245053744241 ) ) ;
#2595 = LINE ( 'NONE', #6422, #2139 ) ;
#2596 = CARTESIAN_POINT ( 'NONE',  ( 51.29406135961241375, 0.4999999999999996669, -5.461999999999999744 ) ) ;
#2597 = VECTOR ( 'NONE', #3142, 1000.000000000000000 ) ;
#2598 = ADVANCED_FACE ( 'NONE', ( #4220 ), #5400, .F. ) ;
#2599 = VERTEX_POINT ( 'NONE', #6051 ) ;
#2600 = CIRCLE ( 'NONE', #7538, 24.00000000000000000 ) ;
#2601 = CARTESIAN_POINT ( 'NONE',  ( 58.81537647679117242, 3.125000000000000000, 1.391333921542872651E-28 ) ) ;
#2602 = ORIENTED_EDGE ( 'NONE', *, *, #630, .F. ) ;
#2603 = CARTESIAN_POINT ( 'NONE',  ( 58.81537647679117242, 1.596637958731240481, 2.286000000000000032 ) ) ;
#2604 = CIRCLE ( 'NONE', #5581, 2.099999999999997868 ) ;
#2606 = ORIENTED_EDGE ( 'NONE', *, *, #3955, .T. ) ;
#2605 = PLANE ( 'NONE',  #7555 ) ;
#2607 = DIRECTION ( 'NONE',  ( -0.006060234003882935920, 0.9993908270190957621, -0.03436929492885018589 ) ) ;
#2608 =( BOUNDED_CURVE ( )  B_SPLINE_CURVE ( 3, ( #4128, #6620, #7313, #7267 ),
 .UNSPECIFIED., .F., .T. ) 
 B_SPLINE_CURVE_WITH_KNOTS ( ( 4, 4 ),
 ( 2.487787865242547358, 2.500231351078994635 ),
 .UNSPECIFIED. ) 
 CURVE ( )  GEOMETRIC_REPRESENTATION_ITEM ( )  RATIONAL_B_SPLINE_CURVE ( ( 1.000000000000000000, 0.9999870966799773164, 0.9999870966799773164, 1.000000000000000000 ) ) 
 REPRESENTATION_ITEM ( '' )  );
#2609 = VECTOR ( 'NONE', #1226, 1000.000000000000000 ) ;
#2610 = DIRECTION ( 'NONE',  ( 0.9848077530122079093, 0.000000000000000000, -0.1736481776669310528 ) ) ;
#2611 = LINE ( 'NONE', #3376, #522 ) ;
#2612 = VECTOR ( 'NONE', #4070, 1000.000000000000114 ) ;
#2613 = EDGE_CURVE ( 'NONE', #7613, #2083, #4098, .T. ) ;
#2614 = ORIENTED_EDGE ( 'NONE', *, *, #2081, .T. ) ;
#2615 = AXIS2_PLACEMENT_3D ( 'NONE', #5297, #7777, #4687 ) ;
#2616 = DIRECTION ( 'NONE',  ( -1.000000000000000000, 5.004010026856173789E-17, -6.271692566993070771E-15 ) ) ;
#2617 = ORIENTED_EDGE ( 'NONE', *, *, #3010, .F. ) ;
#2618 = DIRECTION ( 'NONE',  ( -0.1736481776669312194, 0.000000000000000000, -0.9848077530122080203 ) ) ;
#2619 = CARTESIAN_POINT ( 'NONE',  ( 28.58674029251120885, -2.286851900232855783, -1.048729945574814471 ) ) ;
#2620 = AXIS2_PLACEMENT_3D ( 'NONE', #4365, #1221, #6931 ) ;
#2621 = ORIENTED_EDGE ( 'NONE', *, *, #501, .T. ) ;
#2622 = EDGE_CURVE ( 'NONE', #2227, #4304, #2270, .T. ) ;
#2623 = EDGE_CURVE ( 'NONE', #2426, #6100, #4666, .T. ) ;
#2624 = CARTESIAN_POINT ( 'NONE',  ( 9.422787699028704722, -0.5000000000000004441, 1.871464348691104451 ) ) ;
#2625 = DIRECTION ( 'NONE',  ( 1.000000000000000000, 4.777843668780925546E-17, 0.000000000000000000 ) ) ;
#2626 = VECTOR ( 'NONE', #2525, 1000.000000000000000 ) ;
#2627 = DIRECTION ( 'NONE',  ( -1.181994048308897050E-16, -1.000000000000000000, -1.334402673828313339E-16 ) ) ;
#2628 = VECTOR ( 'NONE', #1170, 1000.000000000000000 ) ;
#2629 = DIRECTION ( 'NONE',  ( 0.000000000000000000, 1.000000000000000000, 0.000000000000000000 ) ) ;
#2630 = ORIENTED_EDGE ( 'NONE', *, *, #2391, .T. ) ;
#2631 = CYLINDRICAL_SURFACE ( 'NONE', #2573, 2.099999999999997868 ) ;
#2632 = ORIENTED_EDGE ( 'NONE', *, *, #3407, .T. ) ;
#2633 = ADVANCED_FACE ( 'NONE', ( #3050 ), #7517, .F. ) ;
#2634 = FACE_OUTER_BOUND ( 'NONE', #7695, .T. ) ;
#2635 = DIRECTION ( 'NONE',  ( -1.103821940798063439E-16, -1.000000000000000000, -0.000000000000000000 ) ) ;
#2636 = CARTESIAN_POINT ( 'NONE',  ( 36.43462352320882047, 1.999999999999997335, 21.82499999999999574 ) ) ;
#2637 = ORIENTED_EDGE ( 'NONE', *, *, #2823, .T. ) ;
#2638 = PLANE ( 'NONE',  #4912 ) ;
#2639 = DIRECTION ( 'NONE',  ( -0.000000000000000000, 1.000000000000000000, 0.000000000000000000 ) ) ;
#2640 = ORIENTED_EDGE ( 'NONE', *, *, #1471, .F. ) ;
#2641 = ADVANCED_FACE ( 'NONE', ( #3007 ), #5522, .T. ) ;
#2642 = APPLICATION_CONTEXT ( 'configuration controlled 3d designs of mechanical parts and assemblies' ) ;
#2643 = PLANE ( 'NONE',  #7397 ) ;
#2644 = CARTESIAN_POINT ( 'NONE',  ( 58.81537647679117953, -0.4999999999999970024, -1.000000000000000888 ) ) ;
#2645 = AXIS2_PLACEMENT_3D ( 'NONE', #5940, #3020, #2396 ) ;
#2646 = ORIENTED_EDGE ( 'NONE', *, *, #906, .T. ) ;
#2647 = CARTESIAN_POINT ( 'NONE',  ( 8.852179787215165518, -6.349999999999999645, -1.364613927707009067 ) ) ;
#2648 = EDGE_LOOP ( 'NONE', ( #2239, #4746, #3571, #1947 ) ) ;
#2649 = DIRECTION ( 'NONE',  ( 0.000000000000000000, -1.000000000000000000, -1.379057453301393079E-16 ) ) ;
#2651 = ORIENTED_EDGE ( 'NONE', *, *, #2105, .T. ) ;
#2650 = CARTESIAN_POINT ( 'NONE',  ( 2.578471475158637727, -2.927549233475416290, 1.497074048355185871 ) ) ;
#2652 = DIRECTION ( 'NONE',  ( 0.000000000000000000, 0.000000000000000000, 1.000000000000000000 ) ) ;
#2653 = ADVANCED_FACE ( 'NONE', ( #5484 ), #4909, .F. ) ;
#2654 = DIRECTION ( 'NONE',  ( -1.000000000000000000, 0.000000000000000000, 0.000000000000000000 ) ) ;
#2655 = CARTESIAN_POINT ( 'NONE',  ( 27.06537647679117597, 1.596637958731250473, -2.388999999999997570 ) ) ;
#2656 = ORIENTED_EDGE ( 'NONE', *, *, #6725, .T. ) ;
#2657 = ORIENTED_EDGE ( 'NONE', *, *, #3222, .F. ) ;
#2658 = CARTESIAN_POINT ( 'NONE',  ( 54.64782021278482915, -2.000000000000000000, -1.364613927707009067 ) ) ;
#2659 = DIRECTION ( 'NONE',  ( -1.000000000000000000, 0.000000000000000000, 0.000000000000000000 ) ) ;
#2660 = ORIENTED_EDGE ( 'NONE', *, *, #3439, .T. ) ;
#2661 = DIRECTION ( 'NONE',  ( 0.1736481776669313304, 0.000000000000000000, -0.9848077530122079093 ) ) ;
#2662 = LINE ( 'NONE', #3751, #7906 ) ;
#2663 = DIRECTION ( 'NONE',  ( -2.358327139162379357E-17, -1.000000000000000000, -1.337473782904259637E-16 ) ) ;
#2664 = ADVANCED_FACE ( 'NONE', ( #6913 ), #7962, .F. ) ;
#2665 = ORIENTED_EDGE ( 'NONE', *, *, #7051, .T. ) ;
#2666 = ADVANCED_FACE ( 'NONE', ( #4309 ), #2519, .F. ) ;
#2667 = CARTESIAN_POINT ( 'NONE',  ( 12.20593864038758980, 0.4999999999999996669, 2.287000000000004363 ) ) ;
#2668 = VECTOR ( 'NONE', #419, 1000.000000000000000 ) ;
#2669 = FACE_OUTER_BOUND ( 'NONE', #3374, .T. ) ;
#2670 = ADVANCED_FACE ( 'NONE', ( #8038 ), #3450, .T. ) ;
#2671 = ORIENTED_EDGE ( 'NONE', *, *, #6320, .F. ) ;
#2672 = AXIS2_PLACEMENT_3D ( 'NONE', #849, #3349, #5223 ) ;
#2673 = FACE_OUTER_BOUND ( 'NONE', #3790, .T. ) ;
#2674 = CARTESIAN_POINT ( 'NONE',  ( 36.43462352320882047, -1.999999999999999112, -5.405748789119930287 ) ) ;
#2675 = EDGE_CURVE ( 'NONE', #2076, #1060, #3576, .T. ) ;
#2676 = EDGE_LOOP ( 'NONE', ( #4236, #1619, #2896, #7277 ) ) ;
#2677 = DIRECTION ( 'NONE',  ( 0.9848077530122079093, 0.000000000000000000, -0.1736481776669310528 ) ) ;
#2678 = DIRECTION ( 'NONE',  ( -1.000000000000000000, 1.070618063257515132E-31, -1.851507882525183222E-16 ) ) ;
#2679 = EDGE_LOOP ( 'NONE', ( #173, #3472, #1577, #7223 ) ) ;
#2680 = DIRECTION ( 'NONE',  ( -1.851507882525184455E-16, 0.000000000000000000, -1.000000000000000000 ) ) ;
#2681 = DIRECTION ( 'NONE',  ( 0.000000000000000000, 1.334402673828312846E-16, -1.000000000000000000 ) ) ;
#2682 = EDGE_CURVE ( 'NONE', #3176, #3471, #7478, .T. ) ;
#2683 = ORIENTED_EDGE ( 'NONE', *, *, #4725, .T. ) ;
#2684 = VERTEX_POINT ( 'NONE', #4382 ) ;
#2685 = LINE ( 'NONE', #7636, #1350 ) ;
#2687 = ORIENTED_EDGE ( 'NONE', *, *, #5390, .F. ) ;
#2686 = CARTESIAN_POINT ( 'NONE',  ( 63.50000000000000000, -6.349999999999999645, 1.000000000000000000 ) ) ;
#2688 = CARTESIAN_POINT ( 'NONE',  ( 4.684623523208827578, 1.999999999999996669, 2.230748789119931352 ) ) ;
#2689 = DIRECTION ( 'NONE',  ( 1.000000000000000000, -1.907267619999421925E-16, 0.000000000000000000 ) ) ;
#2690 = CARTESIAN_POINT ( 'NONE',  ( 61.16668154766650645, -3.125000000000000000, -2.545853211700498501E-16 ) ) ;
#2691 = ORIENTED_EDGE ( 'NONE', *, *, #5567, .F. ) ;
#2692 = EDGE_CURVE ( 'NONE', #7032, #7125, #132, .T. ) ;
#2693 = ORIENTED_EDGE ( 'NONE', *, *, #812, .T. ) ;
#2694 = LINE ( 'NONE', #5136, #4681 ) ;
#2695 = DIRECTION ( 'NONE',  ( -1.000000000000000000, 0.000000000000000000, -1.851507882525182976E-16 ) ) ;
#2696 = ORIENTED_EDGE ( 'NONE', *, *, #5821, .F. ) ;
#2697 = DIRECTION ( 'NONE',  ( 1.851507882525183222E-16, 1.334402673828313093E-16, -1.000000000000000000 ) ) ;
#2698 = CARTESIAN_POINT ( 'NONE',  ( 4.684623523208827578, 1.596637958731251139, -0.7859999999999995879 ) ) ;
#2699 = CARTESIAN_POINT ( 'NONE',  ( 22.72417203511789907, 3.125000000000000000, -2.795193825305196000 ) ) ;
#2700 = LINE ( 'NONE', #275, #1819 ) ;
#2701 = DIRECTION ( 'NONE',  ( 1.000000000000000000, 1.577256018512544287E-32, 0.000000000000000000 ) ) ;
#2702 = EDGE_LOOP ( 'NONE', ( #3332, #3151, #693, #4860, #564, #3372, #144, #3688 ) ) ;
#2703 = DIRECTION ( 'NONE',  ( -0.000000000000000000, 1.000000000000000000, -0.000000000000000000 ) ) ;
#2704 = EDGE_CURVE ( 'NONE', #3783, #2036, #5074, .T. ) ;
#2705 = PERSON_AND_ORGANIZATION ( #1050, #7296 ) ;
#2706 = LINE ( 'NONE', #5189, #88 ) ;
#2707 = AXIS2_PLACEMENT_3D ( 'NONE', #7372, #4278, #6765 ) ;
#2708 = EDGE_CURVE ( 'NONE', #4101, #411, #4874, .T. ) ;
#2709 = EDGE_CURVE ( 'NONE', #1483, #3403, #1189, .T. ) ;
#2710 = ORIENTED_EDGE ( 'NONE', *, *, #2297, .F. ) ;
#2711 = DIRECTION ( 'NONE',  ( -0.000000000000000000, 0.000000000000000000, 1.000000000000000000 ) ) ;
#2712 = CARTESIAN_POINT ( 'NONE',  ( 52.29406135961242086, -1.733189655496051307, -3.085483742487792114 ) ) ;
#2713 = AXIS2_PLACEMENT_3D ( 'NONE', #5465, #5582, #1881 ) ;
#2714 = ADVANCED_FACE ( 'NONE', ( #7632 ), #5196, .F. ) ;
#2715 = EDGE_CURVE ( 'NONE', #2301, #380, #2059, .T. ) ;
#2716 = CARTESIAN_POINT ( 'NONE',  ( 8.880250146230071806, 3.095724199259894949, -1.205419010955662618 ) ) ;
#2717 = DIRECTION ( 'NONE',  ( 0.000000000000000000, 0.000000000000000000, -1.000000000000000000 ) ) ;
#2718 = CIRCLE ( 'NONE', #5569, 22.71400000000000219 ) ;
#2719 = ORIENTED_EDGE ( 'NONE', *, *, #3319, .F. ) ;
#2720 = LINE ( 'NONE', #5037, #5067 ) ;
#2721 = ORIENTED_EDGE ( 'NONE', *, *, #4347, .T. ) ;
#2722 = DIRECTION ( 'NONE',  ( 0.000000000000000000, 0.03489949670250425129, 0.9993908270190955401 ) ) ;
#2724 = ORIENTED_EDGE ( 'NONE', *, *, #6790, .T. ) ;
#2723 = CARTESIAN_POINT ( 'NONE',  ( 54.30052385745097610, -6.349999999999999645, 0.6050015783174087503 ) ) ;
#2725 = CARTESIAN_POINT ( 'NONE',  ( 52.29406135961241375, 1.999999999999997335, -5.461999999999999744 ) ) ;
#2726 = VECTOR ( 'NONE', #1663, 1000.000000000000000 ) ;
#2727 = EDGE_CURVE ( 'NONE', #7519, #5923, #2595, .T. ) ;
#2728 = DIRECTION ( 'NONE',  ( -0.000000000000000000, -0.03489949670250423741, -0.9993908270190955401 ) ) ;
#2729 = DIRECTION ( 'NONE',  ( -0.1735423958889129314, 0.03489949670250425129, 0.9842078347376876923 ) ) ;
#2730 = VECTOR ( 'NONE', #4219, 1000.000000000000000 ) ;
#2731 = ORIENTED_EDGE ( 'NONE', *, *, #1313, .T. ) ;
#2732 = AXIS2_PLACEMENT_3D ( 'NONE', #4170, #6658, #6041 ) ;
#2733 = CARTESIAN_POINT ( 'NONE',  ( 40.77582796488210448, 3.125000000000000000, -2.795193825305196000 ) ) ;
#2734 = EDGE_LOOP ( 'NONE', ( #846, #2241, #6328, #5413, #6010, #609, #1493, #1540 ) ) ;
#2735 = VECTOR ( 'NONE', #1370, 1000.000000000000000 ) ;
#2736 = LINE ( 'NONE', #4720, #4949 ) ;
#2737 = DIRECTION ( 'NONE',  ( 0.9848077530122081313, 0.000000000000000000, -0.1736481776669309696 ) ) ;
#2738 = AXIS2_PLACEMENT_3D ( 'NONE', #3180, #6150, #6271 ) ;
#2739 = EDGE_LOOP ( 'NONE', ( #5690, #5363, #6530, #6179 ) ) ;
#2740 = CARTESIAN_POINT ( 'NONE',  ( 20.54406135961241020, 1.596637958731240925, -4.732046727053832669 ) ) ;
#2741 = CARTESIAN_POINT ( 'NONE',  ( 34.12202269848260272, 3.095724199259894505, -2.336650754946249187 ) ) ;
#2742 = EDGE_CURVE ( 'NONE', #7583, #3040, #4881, .T. ) ;
#2743 = CARTESIAN_POINT ( 'NONE',  ( -3.899999999999999911, 0.000000000000000000, 2.286000000000000032 ) ) ;
#2744 = VECTOR ( 'NONE', #3613, 1000.000000000000000 ) ;
#2745 = ORIENTED_EDGE ( 'NONE', *, *, #6341, .F. ) ;
#2746 = ORIENTED_EDGE ( 'NONE', *, *, #346, .F. ) ;
#2747 = CARTESIAN_POINT ( 'NONE',  ( 20.54406135961241020, -0.5000000000000003331, -0.08951625751220729232 ) ) ;
#2748 = VECTOR ( 'NONE', #4229, 1000.000000000000114 ) ;
#2749 = CARTESIAN_POINT ( 'NONE',  ( 11.20593864038758802, 0.5000000000000001110, -1.000000000000000000 ) ) ;
#2750 = VERTEX_POINT ( 'NONE', #4467 ) ;
#2751 = LINE ( 'NONE', #2129, #4541 ) ;
#2752 = EDGE_CURVE ( 'NONE', #1582, #1253, #7591, .T. ) ;
#2753 = DIRECTION ( 'NONE',  ( 1.000000000000000000, 0.000000000000000000, 0.000000000000000000 ) ) ;
#2754 = AXIS2_PLACEMENT_3D ( 'NONE', #5792, #5636, #4418 ) ;
#2755 = VERTEX_POINT ( 'NONE', #2138 ) ;
#2756 = DIRECTION ( 'NONE',  ( -3.154512037025088574E-32, 1.000000000000000000, 1.334402673828313093E-16 ) ) ;
#2757 = LINE ( 'NONE', #6419, #3521 ) ;
#2758 = VERTEX_POINT ( 'NONE', #5727 ) ;
#2759 = ADVANCED_FACE ( 'NONE', ( #3329 ), #2800, .F. ) ;
#2760 = ADVANCED_FACE ( 'NONE', ( #3853 ), #6991, .F. ) ;
#2761 = DIRECTION ( 'NONE',  ( 0.000000000000000000, -1.334402673828312846E-16, 1.000000000000000000 ) ) ;
#2762 = CARTESIAN_POINT ( 'NONE',  ( 36.43462352320882047, 3.125000000000000000, 21.82499999999999929 ) ) ;
#2763 = VECTOR ( 'NONE', #7055, 1000.000000000000000 ) ;
#2764 = ORIENTED_EDGE ( 'NONE', *, *, #1497, .F. ) ;
#2765 = CARTESIAN_POINT ( 'NONE',  ( 3.163259707488796035, 2.286851900232852675, -2.126270054425184242 ) ) ;
#2766 = EDGE_CURVE ( 'NONE', #421, #38, #3247, .T. ) ;
#2767 = CARTESIAN_POINT ( 'NONE',  ( 8.628868230735498912, 0.5000000000000026645, -2.631076698080709431 ) ) ;
#2768 = EDGE_CURVE ( 'NONE', #7437, #2545, #865, .T. ) ;
#2770 = VERTEX_POINT ( 'NONE', #2644 ) ;
#2769 = PLANE ( 'NONE',  #1959 ) ;
#2771 = CARTESIAN_POINT ( 'NONE',  ( 54.07721230097129705, -1.596637958731240925, 1.871464348691104229 ) ) ;
#2772 = AXIS2_PLACEMENT_3D ( 'NONE', #4561, #2737, #3309 ) ;
#2773 = PLANE ( 'NONE',  #5219 ) ;
#2774 = CARTESIAN_POINT ( 'NONE',  ( 36.43462352320882047, -6.349999999999999645, -2.174999999999999822 ) ) ;
#2775 = VERTEX_POINT ( 'NONE', #6381 ) ;
#2776 = EDGE_CURVE ( 'NONE', #6109, #4266, #2542, .T. ) ;
#2777 = EDGE_LOOP ( 'NONE', ( #5480, #2806, #5227, #268 ) ) ;
#2778 = FACE_OUTER_BOUND ( 'NONE', #4784, .T. ) ;
#2779 = DIRECTION ( 'NONE',  ( 0.000000000000000000, 0.000000000000000000, -1.000000000000000000 ) ) ;
#2780 = VERTEX_POINT ( 'NONE', #5121 ) ;
#2781 = CARTESIAN_POINT ( 'NONE',  ( 54.61065950276410774, 1.596637958731251139, -1.153865068562397678 ) ) ;
#2782 = DIRECTION ( 'NONE',  ( 0.9848077530122081313, -0.000000000000000000, 0.1736481776669309696 ) ) ;
#2783 = CARTESIAN_POINT ( 'NONE',  ( 11.20593864038758802, -0.5000000000000004441, 1.557046727053832180 ) ) ;
#2784 = ORIENTED_EDGE ( 'NONE', *, *, #2948, .T. ) ;
#2785 = ORIENTED_EDGE ( 'NONE', *, *, #7686, .T. ) ;
#2786 = CARTESIAN_POINT ( 'NONE',  ( 20.54406135961241020, -1.596637958731240925, -0.08951625751220729232 ) ) ;
#2787 = DIRECTION ( 'NONE',  ( 1.851507882525183222E-16, 1.334402673828313093E-16, -1.000000000000000000 ) ) ;
#2788 = ORIENTED_EDGE ( 'NONE', *, *, #7640, .T. ) ;
#2789 = CARTESIAN_POINT ( 'NONE',  ( 29.41668154766650289, -3.125000000000000000, -3.174999999999996714 ) ) ;
#2790 = PERSON_AND_ORGANIZATION_ROLE ( 'design_owner' ) ;
#2791 = FACE_OUTER_BOUND ( 'NONE', #4399, .T. ) ;
#2792 = EDGE_CURVE ( 'NONE', #6930, #7999, #4203, .T. ) ;
#2793 = ORIENTED_EDGE ( 'NONE', *, *, #7780, .F. ) ;
#2794 = CARTESIAN_POINT ( 'NONE',  ( 59.63218407883724126, 0.4999999999999992784, 2.287000000000012800 ) ) ;
#2795 = CARTESIAN_POINT ( 'NONE',  ( 51.29406135961241375, 1.999999999999998668, -1.955972100311189399 ) ) ;
#2796 = ORIENTED_EDGE ( 'NONE', *, *, #2401, .F. ) ;
#2797 = CARTESIAN_POINT ( 'NONE',  ( 2.578256024964828530, -2.927738713692543904, -1.496743108161007640 ) ) ;
#2798 = CARTESIAN_POINT ( 'NONE',  ( 34.42054981553017967, 2.845473776509224173, -1.544495936151323079 ) ) ;
#2799 = AXIS2_PLACEMENT_3D ( 'NONE', #4880, #7449, #3259 ) ;
#2800 = CONICAL_SURFACE ( 'NONE', #4221, 25.00000000000000355, 1.535889741755006366 ) ;
#2801 = ORIENTED_EDGE ( 'NONE', *, *, #2752, .T. ) ;
#2802 = CARTESIAN_POINT ( 'NONE',  ( 29.41668154766650289, -3.125000000000000000, -3.174999999999996714 ) ) ;
#2803 = VERTEX_POINT ( 'NONE', #2224 ) ;
#2804 = DIRECTION ( 'NONE',  ( 1.477492560386117738E-16, 1.000000000000000000, 1.334402673828313093E-16 ) ) ;
#2806 = ORIENTED_EDGE ( 'NONE', *, *, #5346, .T. ) ;
#2805 = DIRECTION ( 'NONE',  ( 1.000000000000000000, 0.000000000000000000, 1.851507882525183222E-16 ) ) ;
#2807 = ORIENTED_EDGE ( 'NONE', *, *, #3234, .F. ) ;
#2808 = VECTOR ( 'NONE', #6763, 1000.000000000000000 ) ;
#2809 = DIRECTION ( 'NONE',  ( 0.000000000000000000, 1.274091645008246812E-16, -1.000000000000000000 ) ) ;
#2810 = PLANE ( 'NONE',  #7025 ) ;
#2811 = ADVANCED_FACE ( 'NONE', ( #7149 ), #3566, .F. ) ;
#2812 = ADVANCED_FACE ( 'NONE', ( #5355 ), #3409, .T. ) ;
#2813 = EDGE_LOOP ( 'NONE', ( #3569, #5724, #5768, #2923 ) ) ;
#2814 = CARTESIAN_POINT ( 'NONE',  ( 43.93295476770617825, 0.5000000000000006661, -3.253933800335199855 ) ) ;
#2815 = ADVANCED_FACE ( 'NONE', ( #327 ), #5392, .F. ) ;
#2816 = ORIENTED_EDGE ( 'NONE', *, *, #1102, .F. ) ;
#2818 = VERTEX_POINT ( 'NONE', #2917 ) ;
#2817 = CARTESIAN_POINT ( 'NONE',  ( 58.81537647679117953, -3.095724199259894949, -25.00000000000000000 ) ) ;
#2819 = DIRECTION ( 'NONE',  ( 0.1736481776669312194, 0.000000000000000000, -0.9848077530122080203 ) ) ;
#2820 = LINE ( 'NONE', #5290, #7311 ) ;
#2821 = DIRECTION ( 'NONE',  ( 0.000000000000000000, -1.000000000000000000, -2.065146995210484448E-16 ) ) ;
#2822 = CARTESIAN_POINT ( 'NONE',  ( 40.63934049723589226, -1.596637958731250917, -2.021134931437601256 ) ) ;
#2823 = EDGE_CURVE ( 'NONE', #3756, #3471, #3449, .T. ) ;
#2824 = CARTESIAN_POINT ( 'NONE',  ( 4.684623523208825802, 0.000000000000000000, -25.00000000000000000 ) ) ;
#2825 = VERTEX_POINT ( 'NONE', #5880 ) ;
#2826 = ORIENTED_EDGE ( 'NONE', *, *, #5719, .T. ) ;
#2827 = FACE_OUTER_BOUND ( 'NONE', #1735, .T. ) ;
#2828 = LINE ( 'NONE', #894, #3482 ) ;
#2829 = EDGE_LOOP ( 'NONE', ( #1244, #3000, #7511, #4730 ) ) ;
#2830 = CARTESIAN_POINT ( 'NONE',  ( 3.867815921162768955, 0.4999999999999996669, -5.461999999999999744 ) ) ;
#2831 = EDGE_CURVE ( 'NONE', #3236, #5888, #7829, .T. ) ;
#2832 = COORDINATED_UNIVERSAL_TIME_OFFSET ( 6, 0, .BEHIND. ) ;
#2833 = LINE ( 'NONE', #4694, #1138 ) ;
#2834 = ORIENTED_EDGE ( 'NONE', *, *, #3784, .T. ) ;
#2835 = CARTESIAN_POINT ( 'NONE',  ( 34.12202269848260272, -3.095724199259894949, -4.013349245053742465 ) ) ;
#2836 = DIRECTION ( 'NONE',  ( -1.103821940798063193E-16, -1.000000000000000000, -1.334402673828313339E-16 ) ) ;
#2837 = ORIENTED_EDGE ( 'NONE', *, *, #601, .F. ) ;
#2838 = DIRECTION ( 'NONE',  ( 2.553335745242634272E-32, -1.000000000000000000, -1.379057453301393079E-16 ) ) ;
#2839 = FACE_OUTER_BOUND ( 'NONE', #6775, .T. ) ;
#2840 = ADVANCED_FACE ( 'NONE', ( #5274 ), #4089, .F. ) ;
#2841 = VERTEX_POINT ( 'NONE', #2176 ) ;
#2842 = DIRECTION ( 'NONE',  ( 1.103821940798063439E-16, -1.000000000000000000, 0.000000000000000000 ) ) ;
#2843 = VECTOR ( 'NONE', #6654, 1000.000000000000000 ) ;
#2845 = ORIENTED_EDGE ( 'NONE', *, *, #7662, .T. ) ;
#2844 = CARTESIAN_POINT ( 'NONE',  ( 43.95593864038759335, -1.999999999999998224, -4.499616196478833707 ) ) ;
#2846 = DIRECTION ( 'NONE',  ( 1.000000000000000000, 1.920740328501953454E-16, 0.000000000000000000 ) ) ;
#2847 = CIRCLE ( 'NONE', #1929, 26.00000000000000355 ) ;
#2848 = ORIENTED_EDGE ( 'NONE', *, *, #2708, .F. ) ;
#2849 = DIRECTION ( 'NONE',  ( -0.9848077530122079093, 0.000000000000000000, -0.1736481776669310528 ) ) ;
#2850 = ORIENTED_EDGE ( 'NONE', *, *, #7299, .T. ) ;
#2851 = VECTOR ( 'NONE', #5333, 1000.000000000000000 ) ;
#2853 = ORIENTED_EDGE ( 'NONE', *, *, #7700, .T. ) ;
#2852 = PLANE ( 'NONE',  #6906 ) ;
#2854 = LINE ( 'NONE', #5330, #901 ) ;
#2855 = CARTESIAN_POINT ( 'NONE',  ( 28.40186619144336078, -2.000000000000000000, 2.287000000000007027 ) ) ;
#2856 = CARTESIAN_POINT ( 'NONE',  ( 28.78576988662502956, 2.539423920662281731, -1.212825121051400279 ) ) ;
#2857 = CARTESIAN_POINT ( 'NONE',  ( 8.889340497235894034, -1.596637958731250917, -1.153865068562397900 ) ) ;
#2858 = LINE ( 'NONE', #311, #2327 ) ;
#2859 = VECTOR ( 'NONE', #5521, 1000.000000000000000 ) ;
#2860 = EDGE_CURVE ( 'NONE', #1144, #2218, #4659, .T. ) ;
#2861 = CIRCLE ( 'NONE', #1012, 27.23074878911993224 ) ;
#2862 = ORIENTED_EDGE ( 'NONE', *, *, #1457, .F. ) ;
#2863 = ORIENTED_EDGE ( 'NONE', *, *, #2958, .F. ) ;
#2864 = CARTESIAN_POINT ( 'NONE',  ( 28.40186619144336078, 1.999999999999999556, -2.175000000000001155 ) ) ;
#2865 = VECTOR ( 'NONE', #1275, 1000.000000000000000 ) ;
#2866 = ADVANCED_FACE ( 'NONE', ( #6006 ), #1567, .T. ) ;
#2867 = DIRECTION ( 'NONE',  ( 0.000000000000000000, 0.000000000000000000, -1.000000000000000000 ) ) ;
#2868 = ADVANCED_FACE ( 'NONE', ( #2839 ), #373, .T. ) ;
#2869 = AXIS2_PLACEMENT_3D ( 'NONE', #7002, #3908, #219 ) ;
#2870 = AXIS2_PLACEMENT_3D ( 'NONE', #6026, #3591, #6808 ) ;
#2871 = ORIENTED_EDGE ( 'NONE', *, *, #5697, .F. ) ;
#2872 =( BOUNDED_CURVE ( )  B_SPLINE_CURVE ( 3, ( #2740, #3989, #4601, #4638 ),
 .UNSPECIFIED., .F., .T. ) 
 B_SPLINE_CURVE_WITH_KNOTS ( ( 4, 4 ),
 ( 0.000000000000000000, 0.2722591191863802385 ),
 .UNSPECIFIED. ) 
 CURVE ( )  GEOMETRIC_REPRESENTATION_ITEM ( )  RATIONAL_B_SPLINE_CURVE ( ( 1.000000000000000000, 0.9938324475413838899, 0.9938324475413838899, 1.000000000000000000 ) ) 
 REPRESENTATION_ITEM ( '' )  );
#2873 = LINE ( 'NONE', #6569, #500 ) ;
#2874 = VECTOR ( 'NONE', #5731, 1000.000000000000000 ) ;
#2875 = VECTOR ( 'NONE', #682, 1000.000000000000227 ) ;
#2876 = VECTOR ( 'NONE', #8043, 1000.000000000000000 ) ;
#2877 = EDGE_LOOP ( 'NONE', ( #4674, #305 ) ) ;
#2878 = DIRECTION ( 'NONE',  ( -1.000000000000000000, 0.000000000000000000, 0.000000000000000000 ) ) ;
#2879 = ADVANCED_FACE ( 'NONE', ( #4010 ), #1685, .F. ) ;
#2880 = CARTESIAN_POINT ( 'NONE',  ( 8.852179787215165518, -0.4999999999999995559, -1.364613927707009067 ) ) ;
#2881 = CARTESIAN_POINT ( 'NONE',  ( 11.20593864038758802, 1.868478067631182515, 1.538229487452624111 ) ) ;
#2882 = DIRECTION ( 'NONE',  ( -0.9848077530122080203, 0.000000000000000000, 0.1736481776669312194 ) ) ;
#2883 = AXIS2_PLACEMENT_3D ( 'NONE', #625, #2523, #3694 ) ;
#2884 = EDGE_LOOP ( 'NONE', ( #5506, #1637, #7851, #7090, #560, #7649, #2074, #793 ) ) ;
#2885 = VECTOR ( 'NONE', #471, 1000.000000000000000 ) ;
#2886 = ORIENTED_EDGE ( 'NONE', *, *, #6943, .F. ) ;
#2887 = DIRECTION ( 'NONE',  ( -0.000000000000000000, -1.000000000000000000, 0.000000000000000000 ) ) ;
#2888 = AXIS2_PLACEMENT_3D ( 'NONE', #1926, #2635, #2585 ) ;
#2889 = EDGE_LOOP ( 'NONE', ( #6273, #1107, #3977, #5962 ) ) ;
#2890 = EDGE_LOOP ( 'NONE', ( #1965, #7550, #5974, #6325, #4114 ) ) ;
#2891 = CYLINDRICAL_SURFACE ( 'NONE', #6107, 24.00000000000000355 ) ;
#2892 = CARTESIAN_POINT ( 'NONE',  ( 52.29406135961241375, -1.596637958731240925, 1.557046727053833957 ) ) ;
#2893 = DIRECTION ( 'NONE',  ( -0.9848077530122079093, 0.000000000000000000, -0.1736481776669310528 ) ) ;
#2894 = ORIENTED_EDGE ( 'NONE', *, *, #697, .F. ) ;
#2896 = ORIENTED_EDGE ( 'NONE', *, *, #1852, .F. ) ;
#2895 = DIRECTION ( 'NONE',  ( 1.000000000000000000, -1.181994048308896803E-16, 0.000000000000000000 ) ) ;
#2897 = EDGE_CURVE ( 'NONE', #6680, #535, #2951, .T. ) ;
#2898 = CARTESIAN_POINT ( 'NONE',  ( 34.12202269848260272, 3.095724199259894949, -4.013349245053740688 ) ) ;
#2899 = DIRECTION ( 'NONE',  ( 7.899368199051131222E-15, 1.274091645008246812E-16, -1.000000000000000000 ) ) ;
#2900 = AXIS2_PLACEMENT_3D ( 'NONE', #6470, #5254, #3345 ) ;
#2901 = CARTESIAN_POINT ( 'NONE',  ( 28.40186619144336078, 1.999999999999999556, -0.9442512108800652504 ) ) ;
#2902 = CARTESIAN_POINT ( 'NONE',  ( 12.20593864038759158, 1.999999999999999112, -3.205707173329725101 ) ) ;
#2903 = LINE ( 'NONE', #1047, #8040 ) ;
#2904 = ORIENTED_EDGE ( 'NONE', *, *, #5683, .F. ) ;
#2905 = CARTESIAN_POINT ( 'NONE',  ( -3.899999999999999911, 0.000000000000000000, -2.286000000000000032 ) ) ;
#2906 = CARTESIAN_POINT ( 'NONE',  ( 36.43462352320882047, 3.095724199259894505, 21.82499999999999929 ) ) ;
#2907 = ORIENTED_EDGE ( 'NONE', *, *, #2682, .F. ) ;
#2908 = DIRECTION ( 'NONE',  ( 1.000000000000000000, -0.000000000000000000, -2.970001569282669714E-29 ) ) ;
#2909 = DIRECTION ( 'NONE',  ( -1.000000000000000000, 0.000000000000000000, -0.000000000000000000 ) ) ;
#2910 = EDGE_LOOP ( 'NONE', ( #6564, #1485, #5482, #303 ) ) ;
#2911 = CARTESIAN_POINT ( 'NONE',  ( 54.87113176926450109, -0.4999999999999987232, -2.631076698080707210 ) ) ;
#2912 =( BOUNDED_CURVE ( )  B_SPLINE_CURVE ( 3, ( #6354, #7008, #226, #7089 ),
 .UNSPECIFIED., .F., .T. ) 
 B_SPLINE_CURVE_WITH_KNOTS ( ( 4, 4 ),
 ( 5.629380518832353353, 5.641824004668787751 ),
 .UNSPECIFIED. ) 
 CURVE ( )  GEOMETRIC_REPRESENTATION_ITEM ( )  RATIONAL_B_SPLINE_CURVE ( ( 1.000000000000000000, 0.9999870966799773164, 0.9999870966799773164, 1.000000000000000000 ) ) 
 REPRESENTATION_ITEM ( '' )  );
#2913 = CARTESIAN_POINT ( 'NONE',  ( 52.29406135961241375, 1.868478067631187844, -3.066666502886580048 ) ) ;
#2914 = ORIENTED_EDGE ( 'NONE', *, *, #7630, .F. ) ;
#2915 = DIRECTION ( 'NONE',  ( -1.000000000000000000, 0.000000000000000000, 0.000000000000000000 ) ) ;
#2916 = LINE ( 'NONE', #3527, #4409 ) ;
#2917 = CARTESIAN_POINT ( 'NONE',  ( 60.15186619144336078, -1.999999999999997780, 2.230748789119931796 ) ) ;
#2918 = ADVANCED_FACE ( 'NONE', ( #5919 ), #2340, .F. ) ;
#2919 = TOROIDAL_SURFACE ( 'NONE', #2534, 24.21400000000000219, 1.500000000000000000 ) ;
#2920 = VERTEX_POINT ( 'NONE', #6538 ) ;
#2921 = DIRECTION ( 'NONE',  ( -0.000000000000000000, 1.000000000000000000, -0.000000000000000000 ) ) ;
#2922 = VECTOR ( 'NONE', #1071, 999.9999999999998863 ) ;
#2923 = ORIENTED_EDGE ( 'NONE', *, *, #4197, .F. ) ;
#2924 = ORIENTED_EDGE ( 'NONE', *, *, #6684, .T. ) ;
#2925 = CARTESIAN_POINT ( 'NONE',  ( 20.54406135961241020, 1.733189655496044423, -0.08951625751220590455 ) ) ;
#2926 = CARTESIAN_POINT ( 'NONE',  ( 29.39081791777012498, 3.105563006354284727, -3.731602673097092371 ) ) ;
#2927 = VECTOR ( 'NONE', #983, 1000.000000000000114 ) ;
#2928 = VERTEX_POINT ( 'NONE', #4704 ) ;
#2930 = ORIENTED_EDGE ( 'NONE', *, *, #703, .T. ) ;
#2929 = DIRECTION ( 'NONE',  ( -0.9848077530122080203, 0.000000000000000000, -0.1736481776669310806 ) ) ;
#2931 = CARTESIAN_POINT ( 'NONE',  ( 27.06537647679117953, 2.000000000000000000, -4.175000000000001599 ) ) ;
#2932 = CARTESIAN_POINT ( 'NONE',  ( 51.29406135961241375, 1.596637958731240037, 1.380719746345368204 ) ) ;
#2933 = DIRECTION ( 'NONE',  ( 0.000000000000000000, 1.000000000000000000, 0.000000000000000000 ) ) ;
#2934 = DIRECTION ( 'NONE',  ( -0.9848077530122079093, 0.000000000000000000, -0.1736481776669313304 ) ) ;
#2935 = DIRECTION ( 'NONE',  ( 0.000000000000000000, 1.000000000000000000, 0.000000000000000000 ) ) ;
#2936 = ADVANCED_FACE ( 'NONE', ( #6082 ), #539, .F. ) ;
#2937 = ORIENTED_EDGE ( 'NONE', *, *, #5117, .T. ) ;
#2938 = VERTEX_POINT ( 'NONE', #1231 ) ;
#2939 = DIRECTION ( 'NONE',  ( 0.000000000000000000, 1.000000000000000000, 0.000000000000000000 ) ) ;
#2940 = DIRECTION ( 'NONE',  ( -0.1736481776669310528, 1.358106471860483123E-16, -0.9848077530122080203 ) ) ;
#2941 = CARTESIAN_POINT ( 'NONE',  ( 27.06537647679117953, 0.4999999999999987232, -4.175000000000001599 ) ) ;
#2942 = VERTEX_POINT ( 'NONE', #6783 ) ;
#2943 = DIRECTION ( 'NONE',  ( 0.000000000000000000, 0.000000000000000000, 1.000000000000000000 ) ) ;
#2944 = ORIENTED_EDGE ( 'NONE', *, *, #1375, .F. ) ;
#2945 = CARTESIAN_POINT ( 'NONE',  ( 36.43462352320882047, -0.5000000000000073275, -4.175000000000001599 ) ) ;
#2946 = DIRECTION ( 'NONE',  ( -6.461669324084916702E-18, 0.9993908270190956511, 0.03489949670250474395 ) ) ;
#2947 = VERTEX_POINT ( 'NONE', #7384 ) ;
#2948 = EDGE_CURVE ( 'NONE', #3490, #1476, #2997, .T. ) ;
#2949 = DIRECTION ( 'NONE',  ( 1.000000000000000000, -5.909970241544475389E-17, -2.970804206166023925E-29 ) ) ;
#2950 = DIRECTION ( 'NONE',  ( 0.000000000000000000, -1.000000000000000000, -0.000000000000000000 ) ) ;
#2951 = LINE ( 'NONE', #5429, #4489 ) ;
#2952 = EDGE_CURVE ( 'NONE', #4462, #4895, #4948, .T. ) ;
#2953 = EDGE_CURVE ( 'NONE', #3340, #778, #4865, .T. ) ;
#2954 =( BOUNDED_CURVE ( )  B_SPLINE_CURVE ( 3, ( #1311, #3798, #1996, #686 ),
 .UNSPECIFIED., .F., .T. ) 
 B_SPLINE_CURVE_WITH_KNOTS ( ( 4, 4 ),
 ( 2.869333534403413655, 3.141592653589799777 ),
 .UNSPECIFIED. ) 
 CURVE ( )  GEOMETRIC_REPRESENTATION_ITEM ( )  RATIONAL_B_SPLINE_CURVE ( ( 1.000000000000000000, 0.9938324475413835568, 0.9938324475413835568, 1.000000000000000000 ) ) 
 REPRESENTATION_ITEM ( '' )  );
#2955 = ORIENTED_EDGE ( 'NONE', *, *, #5755, .T. ) ;
#2956 = CARTESIAN_POINT ( 'NONE',  ( 27.06537647679117597, 0.4999999999999961142, 21.82499999999999929 ) ) ;
#2957 = ORIENTED_EDGE ( 'NONE', *, *, #5835, .F. ) ;
#2958 = EDGE_CURVE ( 'NONE', #986, #6463, #7997, .T. ) ;
#2959 = VECTOR ( 'NONE', #2582, 1000.000000000000000 ) ;
#2960 = VERTEX_POINT ( 'NONE', #7433 ) ;
#2961 = ADVANCED_FACE ( 'NONE', ( #7472 ), #612, .F. ) ;
#2962 = CARTESIAN_POINT ( 'NONE',  ( 52.29406135961241375, -1.999999999999998224, -5.461999999999999744 ) ) ;
#2963 = CARTESIAN_POINT ( 'NONE',  ( 12.20593864038758980, -1.999999999999998224, 2.287000000000003475 ) ) ;
#2964 = CYLINDRICAL_SURFACE ( 'NONE', #2991, 2.100000000000000089 ) ;
#2965 = VECTOR ( 'NONE', #2369, 1000.000000000000114 ) ;
#2966 = ORIENTED_EDGE ( 'NONE', *, *, #7342, .F. ) ;
#2967 = AXIS2_PLACEMENT_3D ( 'NONE', #4463, #7627, #79 ) ;
#2968 = LINE ( 'NONE', #3660, #6514 ) ;
#2970 = EDGE_LOOP ( 'NONE', ( #6159, #3299, #2284, #4586 ) ) ;
#2969 = DIRECTION ( 'NONE',  ( -0.9848077530122079093, -0.000000000000000000, 0.1736481776669310528 ) ) ;
#2971 = LINE ( 'NONE', #6633, #5587 ) ;
#2972 = CARTESIAN_POINT ( 'NONE',  ( 34.91325970748879115, -2.286851900232852230, -5.301270054425180511 ) ) ;
#2973 = DIRECTION ( 'NONE',  ( 0.000000000000000000, 1.000000000000000000, 0.000000000000000000 ) ) ;
#2974 = DIRECTION ( 'NONE',  ( 0.000000000000000000, 0.000000000000000000, 1.000000000000000000 ) ) ;
#2975 = DIRECTION ( 'NONE',  ( 0.000000000000000000, 0.000000000000000000, 1.000000000000000000 ) ) ;
#2976 = AXIS2_PLACEMENT_3D ( 'NONE', #5667, #5103, #4408 ) ;
#2977 = ORIENTED_EDGE ( 'NONE', *, *, #4744, .F. ) ;
#2978 = AXIS2_PLACEMENT_3D ( 'NONE', #7846, #5981, #4072 ) ;
#2979 = ORIENTED_EDGE ( 'NONE', *, *, #2448, .F. ) ;
#2980 = CARTESIAN_POINT ( 'NONE',  ( 4.684623523208825802, -3.095724199259894949, -25.00000000000000000 ) ) ;
#2981 = CARTESIAN_POINT ( 'NONE',  ( 52.29406135961241375, -1.596637958731240481, -3.085483742487791670 ) ) ;
#2982 = LINE ( 'NONE', #2408, #6213 ) ;
#2983 = ORIENTED_EDGE ( 'NONE', *, *, #3845, .F. ) ;
#2984 = FACE_OUTER_BOUND ( 'NONE', #7907, .T. ) ;
#2985 = VECTOR ( 'NONE', #6844, 1000.000000000000000 ) ;
#2986 = LINE ( 'NONE', #3073, #6870 ) ;
#2987 = AXIS2_PLACEMENT_3D ( 'NONE', #141, #3338, #3301 ) ;
#2988 = VECTOR ( 'NONE', #4160, 1000.000000000000000 ) ;
#2989 = ORIENTED_EDGE ( 'NONE', *, *, #5588, .F. ) ;
#2990 = CARTESIAN_POINT ( 'NONE',  ( 42.95593864038758625, -1.999999999999999556, -0.1456198073787398628 ) ) ;
#2991 = AXIS2_PLACEMENT_3D ( 'NONE', #7915, #337, #3493 ) ;
#2992 = CARTESIAN_POINT ( 'NONE',  ( 52.29406135961241375, 1.868478067631182071, 1.538229487452624111 ) ) ;
#2993 = ORIENTED_EDGE ( 'NONE', *, *, #1951, .T. ) ;
#2994 = EDGE_CURVE ( 'NONE', #6218, #4813, #3386, .T. ) ;
#2995 = DIRECTION ( 'NONE',  ( 0.000000000000000000, 0.000000000000000000, 1.000000000000000000 ) ) ;
#2996 = DIRECTION ( 'NONE',  ( -0.9848077530122080203, 2.317165925841664973E-17, -0.1736481776669310806 ) ) ;
#2997 = LINE ( 'NONE', #7309, #6040 ) ;
#2998 = VECTOR ( 'NONE', #5622, 1000.000000000000000 ) ;
#2999 = VECTOR ( 'NONE', #5143, 1000.000000000000000 ) ;
#3000 = ORIENTED_EDGE ( 'NONE', *, *, #6274, .T. ) ;
#3001 = PLANE ( 'NONE',  #4999 ) ;
#3002 = VECTOR ( 'NONE', #3197, 1000.000000000000000 ) ;
#3003 = ORIENTED_EDGE ( 'NONE', *, *, #3263, .F. ) ;
#3004 = EDGE_CURVE ( 'NONE', #2780, #7699, #6208, .T. ) ;
#3005 = VECTOR ( 'NONE', #6462, 1000.000000000000000 ) ;
#3006 = DIRECTION ( 'NONE',  ( 1.000000000000000000, -1.477492560386118231E-16, 2.363988096617789170E-16 ) ) ;
#3007 = FACE_OUTER_BOUND ( 'NONE', #5119, .T. ) ;
#3008 = DIRECTION ( 'NONE',  ( 0.000000000000000000, 1.000000000000000000, 0.000000000000000000 ) ) ;
#3009 = AXIS2_PLACEMENT_3D ( 'NONE', #5175, #7650, #1463 ) ;
#3010 = EDGE_CURVE ( 'NONE', #4793, #7814, #5841, .T. ) ;
#3011 = VERTEX_POINT ( 'NONE', #6823 ) ;
#3012 = CIRCLE ( 'NONE', #3402, 26.00000000000000355 ) ;
#3013 = CARTESIAN_POINT ( 'NONE',  ( 27.06537647679117953, -6.349999999999999645, -2.174999999999999822 ) ) ;
#3014 = ORIENTED_EDGE ( 'NONE', *, *, #7724, .F. ) ;
#3016 = EDGE_LOOP ( 'NONE', ( #1980, #3111, #1175, #7668 ) ) ;
#3015 = LINE ( 'NONE', #3175, #3398 ) ;
#3017 = EDGE_CURVE ( 'NONE', #444, #1644, #7350, .T. ) ;
#3018 = CARTESIAN_POINT ( 'NONE',  ( 59.63218407883723415, -0.5000000000000003331, 1.000000000000000000 ) ) ;
#3019 = PRODUCT_DEFINITION_SHAPE ( 'NONE', 'NONE',  #800 ) ;
#3020 = DIRECTION ( 'NONE',  ( -1.036515599736144166E-30, -0.9993908270190956511, -0.03489949670250473701 ) ) ;
#3021 = LINE ( 'NONE', #7881, #3755 ) ;
#3022 = CARTESIAN_POINT ( 'NONE',  ( 54.32859421646586640, 3.095724199259894505, 0.4458066615660583598 ) ) ;
#3023 = DIRECTION ( 'NONE',  ( -0.000000000000000000, -0.000000000000000000, 1.000000000000000000 ) ) ;
#3024 = EDGE_CURVE ( 'NONE', #535, #1998, #40, .T. ) ;
#3025 = ORIENTED_EDGE ( 'NONE', *, *, #6583, .T. ) ;
#3026 = ORIENTED_EDGE ( 'NONE', *, *, #5691, .T. ) ;
#3027 = DIRECTION ( 'NONE',  ( 0.000000000000000000, 0.000000000000000000, -1.000000000000000000 ) ) ;
#3028 = FACE_OUTER_BOUND ( 'NONE', #1306, .T. ) ;
#3029 = CARTESIAN_POINT ( 'NONE',  ( 9.199476142549027458, 1.999999999999996669, 0.6050015783174087503 ) ) ;
#3030 = VERTEX_POINT ( 'NONE', #5552 ) ;
#3031 = FACE_OUTER_BOUND ( 'NONE', #1547, .T. ) ;
#3032 = AXIS2_PLACEMENT_3D ( 'NONE', #6634, #2358, #469 ) ;
#3033 = LINE ( 'NONE', #4933, #7133 ) ;
#3034 = EDGE_CURVE ( 'NONE', #7699, #1483, #4375, .T. ) ;
#3035 = ORIENTED_EDGE ( 'NONE', *, *, #6090, .F. ) ;
#3036 = CARTESIAN_POINT ( 'NONE',  ( 12.20593864038758980, -1.868478067631187178, -3.242993483595047355 ) ) ;
#3037 = ORIENTED_EDGE ( 'NONE', *, *, #406, .F. ) ;
#3038 = LINE ( 'NONE', #6001, #872 ) ;
#3039 = CARTESIAN_POINT ( 'NONE',  ( 52.29406135961241375, 1.596637958731240037, 1.557046727053834179 ) ) ;
#3040 = VERTEX_POINT ( 'NONE', #4904 ) ;
#3041 = CARTESIAN_POINT ( 'NONE',  ( 58.81537647679117242, 1.596637958731251139, -0.7859999999999995879 ) ) ;
#3042 = CARTESIAN_POINT ( 'NONE',  ( 54.30052385745097610, -1.999999999999996669, 0.6050015783174087503 ) ) ;
#3043 = CARTESIAN_POINT ( 'NONE',  ( 54.08680657305450978, -1.999999999999998224, 1.817052527853100896 ) ) ;
#3044 = DIRECTION ( 'NONE',  ( -0.9848077530122079093, -0.000000000000000000, 0.1736481776669313026 ) ) ;
#3045 = EDGE_CURVE ( 'NONE', #3296, #2825, #6255, .T. ) ;
#3046 = ORIENTED_EDGE ( 'NONE', *, *, #7816, .F. ) ;
#3047 = LINE ( 'NONE', #4301, #169 ) ;
#3048 = VERTEX_POINT ( 'NONE', #3164 ) ;
#3049 = CARTESIAN_POINT ( 'NONE',  ( 28.58674029251120174, 2.286851900232854451, -5.301270054425179623 ) ) ;
#3050 = FACE_OUTER_BOUND ( 'NONE', #6360, .T. ) ;
#3051 = LINE ( 'NONE', #4260, #2212 ) ;
#3052 = ORIENTED_EDGE ( 'NONE', *, *, #753, .T. ) ;
#3053 = CARTESIAN_POINT ( 'NONE',  ( 41.16319342694549022, 1.999999999999998224, -4.992052527853100052 ) ) ;
#3054 = ORIENTED_EDGE ( 'NONE', *, *, #5598, .T. ) ;
#3056 = ORIENTED_EDGE ( 'NONE', *, *, #531, .T. ) ;
#3055 = DIRECTION ( 'NONE',  ( -0.9848077530122080203, -1.659843374447772174E-16, -0.1736481776669310806 ) ) ;
#3057 = LINE ( 'NONE', #5529, #7026 ) ;
#3058 = DIRECTION ( 'NONE',  ( 0.000000000000000000, 1.000000000000000000, 0.000000000000000000 ) ) ;
#3059 = AXIS2_PLACEMENT_3D ( 'NONE', #5282, #2186, #7873 ) ;
#3060 = EDGE_CURVE ( 'NONE', #1621, #6324, #2338, .T. ) ;
#3061 = DIRECTION ( 'NONE',  ( -2.358327139162379357E-17, -1.000000000000000000, -1.337473782904259637E-16 ) ) ;
#3062 = CARTESIAN_POINT ( 'NONE',  ( 4.684623523208827578, 3.095724199259894949, -0.8383492450537456397 ) ) ;
#3063 = ADVANCED_FACE ( 'NONE', ( #574 ), #4810, .T. ) ;
#3064 = EDGE_CURVE ( 'NONE', #4130, #3184, #3786, .T. ) ;
#3065 = EDGE_LOOP ( 'NONE', ( #7912, #3076, #4820, #3581 ) ) ;
#3066 = VERTEX_POINT ( 'NONE', #5531 ) ;
#3067 = CARTESIAN_POINT ( 'NONE',  ( 61.14081791777012143, 3.105563006354285616, -0.5566026730970732306 ) ) ;
#3068 = DIRECTION ( 'NONE',  ( -0.9848077530122079093, 0.000000000000000000, 0.1736481776669310251 ) ) ;
#3069 = CARTESIAN_POINT ( 'NONE',  ( 29.07877273811455154, -2.844852613263038510, -1.543537922535861417 ) ) ;
#3070 = ORIENTED_EDGE ( 'NONE', *, *, #4603, .T. ) ;
#3071 = EDGE_CURVE ( 'NONE', #5376, #5454, #2442, .T. ) ;
#3072 = DIRECTION ( 'NONE',  ( -1.000000000000000000, 0.000000000000000000, -1.851507882525183222E-16 ) ) ;
#3073 = CARTESIAN_POINT ( 'NONE',  ( 50.34719892190086199, 0.4999999999999996669, -0.09207627132763220035 ) ) ;
#3074 = ORIENTED_EDGE ( 'NONE', *, *, #2953, .T. ) ;
#3075 = DIRECTION ( 'NONE',  ( 1.000000000000000000, 1.577256018512147982E-32, 2.970001569282669714E-29 ) ) ;
#3076 = ORIENTED_EDGE ( 'NONE', *, *, #630, .T. ) ;
#3077 = CARTESIAN_POINT ( 'NONE',  ( 36.43462352320882047, 3.125000000000000000, -3.174999999999997158 ) ) ;
#3078 = CARTESIAN_POINT ( 'NONE',  ( 8.628868230735498912, -1.596637958731240703, -2.631076698080709875 ) ) ;
#3079 = ADVANCED_FACE ( 'NONE', ( #2528 ), #1169, .F. ) ;
#3080 = DIRECTION ( 'NONE',  ( 1.000000000000000000, -0.000000000000000000, -0.000000000000000000 ) ) ;
#3081 = LINE ( 'NONE', #492, #172 ) ;
#3082 = ORIENTED_EDGE ( 'NONE', *, *, #654, .F. ) ;
#3083 = DIRECTION ( 'NONE',  ( -0.000000000000000000, -0.000000000000000000, -1.000000000000000000 ) ) ;
#3084 = ORIENTED_EDGE ( 'NONE', *, *, #3307, .F. ) ;
#3085 = CARTESIAN_POINT ( 'NONE',  ( 8.852179787215165518, 2.000000000000000000, -1.364613927707009067 ) ) ;
#3086 = CARTESIAN_POINT ( 'NONE',  ( 54.33768456747169040, -1.596637958731250917, 0.3942527191727924207 ) ) ;
#3087 = DIRECTION ( 'NONE',  ( 0.9848077530122079093, 0.000000000000000000, -0.1736481776669310528 ) ) ;
#3088 = EDGE_LOOP ( 'NONE', ( #340, #1118, #5122, #7592 ) ) ;
#3089 = DIRECTION ( 'NONE',  ( 1.000000000000000000, 0.000000000000000000, 0.000000000000000000 ) ) ;
#3090 = VECTOR ( 'NONE', #276, 1000.000000000000000 ) ;
#3091 = ORIENTED_EDGE ( 'NONE', *, *, #5835, .T. ) ;
#3093 = ORIENTED_EDGE ( 'NONE', *, *, #7743, .T. ) ;
#3092 = LINE ( 'NONE', #549, #2626 ) ;
#3094 = FACE_OUTER_BOUND ( 'NONE', #3016, .T. ) ;
#3095 = DIRECTION ( 'NONE',  ( 0.000000000000000000, 0.000000000000000000, -1.000000000000000000 ) ) ;
#3096 = CARTESIAN_POINT ( 'NONE',  ( 58.81537647679117953, 2.000000000000003553, -1.000000000000000888 ) ) ;
#3097 = VECTOR ( 'NONE', #1711, 1000.000000000000000 ) ;
#3098 = AXIS2_PLACEMENT_3D ( 'NONE', #2636, #5716, #7589 ) ;
#3099 = EDGE_LOOP ( 'NONE', ( #5673, #2637, #2907, #137, #5676 ) ) ;
#3100 = ORIENTED_EDGE ( 'NONE', *, *, #949, .T. ) ;
#3101 = LINE ( 'NONE', #477, #1290 ) ;
#3102 = DIRECTION ( 'NONE',  ( 0.000000000000000000, 0.000000000000000000, 1.000000000000000000 ) ) ;
#3103 = VECTOR ( 'NONE', #162, 1000.000000000000000 ) ;
#3104 = EDGE_CURVE ( 'NONE', #7143, #4095, #1214, .T. ) ;
#3105 = EDGE_LOOP ( 'NONE', ( #4215, #216, #6579, #4979 ) ) ;
#3106 = DIRECTION ( 'NONE',  ( 1.851507882525183222E-16, 1.334402673828313093E-16, -1.000000000000000000 ) ) ;
#3107 = CARTESIAN_POINT ( 'NONE',  ( 27.06537647679117597, 3.095724199259894949, -4.013349245053742465 ) ) ;
#3108 = CARTESIAN_POINT ( 'NONE',  ( 33.85000000000000142, 2.435009221443555335E-17, -5.460999999999994969 ) ) ;
#3109 = VECTOR ( 'NONE', #513, 1000.000000000000000 ) ;
#3110 = EDGE_CURVE ( 'NONE', #2780, #626, #633, .T. ) ;
#3111 = ORIENTED_EDGE ( 'NONE', *, *, #7113, .T. ) ;
#3112 = EDGE_CURVE ( 'NONE', #3597, #5554, #4934, .T. ) ;
#3113 = CARTESIAN_POINT ( 'NONE',  ( 2.542414466835021702, 2.957769699857466961, 1.421661921126749384 ) ) ;
#3114 = ORIENTED_EDGE ( 'NONE', *, *, #5672, .T. ) ;
#3115 = AXIS2_PLACEMENT_3D ( 'NONE', #2822, #2782, #848 ) ;
#3116 = FACE_OUTER_BOUND ( 'NONE', #3769, .T. ) ;
#3117 = ORIENTED_EDGE ( 'NONE', *, *, #4620, .F. ) ;
#3118 = DIRECTION ( 'NONE',  ( 1.851507882525183222E-16, 1.334402673828313093E-16, -1.000000000000000000 ) ) ;
#3119 = CARTESIAN_POINT ( 'NONE',  ( 34.12202269848260272, -3.095724199259894949, -2.336650754946253183 ) ) ;
#3120 = CARTESIAN_POINT ( 'NONE',  ( 28.40186619144336078, -2.000000000000000000, 2.287000000000007027 ) ) ;
#3121 = VECTOR ( 'NONE', #619, 999.9999999999998863 ) ;
#3122 = AXIS2_PLACEMENT_3D ( 'NONE', #6206, #5512, #2915 ) ;
#3123 = ADVANCED_FACE ( 'NONE', ( #6801 ), #1824, .F. ) ;
#3124 = VECTOR ( 'NONE', #5080, 1000.000000000000000 ) ;
#3125 = ORIENTED_EDGE ( 'NONE', *, *, #991, .F. ) ;
#3126 = DIRECTION ( 'NONE',  ( -0.1736481776669305532, 0.000000000000000000, 0.9848077530122080203 ) ) ;
#3127 = CIRCLE ( 'NONE', #7665, 24.00000000000000711 ) ;
#3128 = ORIENTED_EDGE ( 'NONE', *, *, #3169, .F. ) ;
#3129 = AXIS2_PLACEMENT_3D ( 'NONE', #6438, #963, #7729 ) ;
#3130 = FACE_OUTER_BOUND ( 'NONE', #1528, .T. ) ;
#3131 = PLANE ( 'NONE',  #1944 ) ;
#3132 = VECTOR ( 'NONE', #302, 1000.000000000000000 ) ;
#3133 = ORIENTED_EDGE ( 'NONE', *, *, #6885, .F. ) ;
#3134 = VECTOR ( 'NONE', #1603, 1000.000000000000000 ) ;
#3135 = CARTESIAN_POINT ( 'NONE',  ( 22.72417203511789907, 3.125000000000000000, -2.795193825305196000 ) ) ;
#3136 = VERTEX_POINT ( 'NONE', #5008 ) ;
#3137 = AXIS2_PLACEMENT_3D ( 'NONE', #2240, #5328, #5444 ) ;
#3139 = ORIENTED_EDGE ( 'NONE', *, *, #1900, .T. ) ;
#3138 = DIRECTION ( 'NONE',  ( -1.000000000000000000, 0.000000000000000000, 2.224004456380519438E-16 ) ) ;
#3140 = DIRECTION ( 'NONE',  ( 1.000000000000000000, 0.000000000000000000, 1.851507882525182976E-16 ) ) ;
#3141 = CARTESIAN_POINT ( 'NONE',  ( 60.63636731957403470, 2.651084560595148965, -1.863491676086436399 ) ) ;
#3142 = DIRECTION ( 'NONE',  ( 1.851507882525183222E-16, 1.334402673828313093E-16, -1.000000000000000000 ) ) ;
#3143 = AXIS2_PLACEMENT_3D ( 'NONE', #3547, #434, #7245 ) ;
#3144 = AXIS2_PLACEMENT_3D ( 'NONE', #509, #6750, #6796 ) ;
#3145 = ORIENTED_EDGE ( 'NONE', *, *, #5866, .T. ) ;
#3146 = EDGE_CURVE ( 'NONE', #4056, #5012, #4321, .T. ) ;
#3147 = ORIENTED_EDGE ( 'NONE', *, *, #5499, .T. ) ;
#3148 = DIRECTION ( 'NONE',  ( -0.000000000000000000, -0.000000000000000000, 1.000000000000000000 ) ) ;
#3149 = CARTESIAN_POINT ( 'NONE',  ( 54.61974985376993175, -3.095724199259894949, -1.205419010955663728 ) ) ;
#3150 = CC_DESIGN_APPROVAL ( #5978, ( #800 ) ) ;
#3151 = ORIENTED_EDGE ( 'NONE', *, *, #5409, .T. ) ;
#3152 = LINE ( 'NONE', #1383, #7938 ) ;
#3153 = CARTESIAN_POINT ( 'NONE',  ( 54.86153749718128836, 1.999999999999998224, -2.576664877242706098 ) ) ;
#3154 = DIRECTION ( 'NONE',  ( 0.000000000000000000, 0.000000000000000000, 1.000000000000000000 ) ) ;
#3155 = ORIENTED_EDGE ( 'NONE', *, *, #725, .F. ) ;
#3156 = DIRECTION ( 'NONE',  ( 0.000000000000000000, 0.000000000000000000, -1.000000000000000000 ) ) ;
#3157 = ORIENTED_EDGE ( 'NONE', *, *, #7622, .F. ) ;
#3158 = CARTESIAN_POINT ( 'NONE',  ( 52.29406135961241375, 1.733189655496043757, 1.557046727053835067 ) ) ;
#3159 = ORIENTED_EDGE ( 'NONE', *, *, #995, .T. ) ;
#3160 = AXIS2_PLACEMENT_3D ( 'NONE', #596, #5662, #3102 ) ;
#3161 = CARTESIAN_POINT ( 'NONE',  ( 43.95593864038759335, 1.999999999999999112, 2.287000000000010580 ) ) ;
#3162 = EDGE_CURVE ( 'NONE', #5847, #4653, #3895, .T. ) ;
#3163 = CARTESIAN_POINT ( 'NONE',  ( 43.95593864038759335, -1.999999999999999556, -5.461999999999999744 ) ) ;
#3164 = CARTESIAN_POINT ( 'NONE',  ( 35.61781592116276585, 0.4999999999999996669, -0.8889999999999956826 ) ) ;
#3165 = EDGE_CURVE ( 'NONE', #4371, #4869, #370, .T. ) ;
#3166 = EDGE_LOOP ( 'NONE', ( #6307, #3417, #2167, #4224 ) ) ;
#3167 = DIRECTION ( 'NONE',  ( 1.851507882525183222E-16, 0.000000000000000000, -1.000000000000000000 ) ) ;
#3168 = ORIENTED_EDGE ( 'NONE', *, *, #6464, .F. ) ;
#3169 = EDGE_CURVE ( 'NONE', #3403, #7233, #1905, .T. ) ;
#3170 = CARTESIAN_POINT ( 'NONE',  ( 29.37382209565579316, 3.092540374737359876, -4.104522050489440410 ) ) ;
#3171 = FACE_OUTER_BOUND ( 'NONE', #1200, .T. ) ;
#3172 = ORIENTED_EDGE ( 'NONE', *, *, #3838, .F. ) ;
#3173 = PLANE ( 'NONE',  #1814 ) ;
#3174 = ORIENTED_EDGE ( 'NONE', *, *, #6374, .T. ) ;
#3176 = VERTEX_POINT ( 'NONE', #677 ) ;
#3175 = CARTESIAN_POINT ( 'NONE',  ( 4.684623523208827578, 3.125000000000000000, 1.391333921542872651E-28 ) ) ;
#3177 = CARTESIAN_POINT ( 'NONE',  ( 42.95593864038758625, 1.733189655496051751, -4.732046727053831781 ) ) ;
#3178 =( BOUNDED_CURVE ( )  B_SPLINE_CURVE ( 3, ( #5266, #936, #7220, #2789 ),
 .UNSPECIFIED., .F., .T. ) 
 B_SPLINE_CURVE_WITH_KNOTS ( ( 4, 4 ),
 ( 2.487787865242560681, 2.500231351078994635 ),
 .UNSPECIFIED. ) 
 CURVE ( )  GEOMETRIC_REPRESENTATION_ITEM ( )  RATIONAL_B_SPLINE_CURVE ( ( 1.000000000000000000, 0.9999870966799773164, 0.9999870966799773164, 1.000000000000000000 ) ) 
 REPRESENTATION_ITEM ( '' )  );
#3179 = EDGE_CURVE ( 'NONE', #1939, #2155, #5658, .T. ) ;
#3180 = CARTESIAN_POINT ( 'NONE',  ( 20.54406135961241020, 0.4999999999999996669, -5.461999999999999744 ) ) ;
#3181 = FACE_OUTER_BOUND ( 'NONE', #1103, .T. ) ;
#3182 = DIRECTION ( 'NONE',  ( -1.000000000000000000, 0.000000000000000000, 0.000000000000000000 ) ) ;
#3183 = VERTEX_POINT ( 'NONE', #58 ) ;
#3184 = VERTEX_POINT ( 'NONE', #2564 ) ;
#3185 = AXIS2_PLACEMENT_3D ( 'NONE', #537, #3643, #3564 ) ;
#3186 = DIRECTION ( 'NONE',  ( 0.000000000000000000, -1.000000000000000000, 0.000000000000000000 ) ) ;
#3187 = CARTESIAN_POINT ( 'NONE',  ( 6.084054901977070646E-16, 5.245793657609754141E-16, -1.000000000000000000 ) ) ;
#3188 = ORIENTED_EDGE ( 'NONE', *, *, #2092, .T. ) ;
#3189 = PLANE ( 'NONE',  #4441 ) ;
#3190 = FACE_OUTER_BOUND ( 'NONE', #6861, .T. ) ;
#3191 = EDGE_CURVE ( 'NONE', #5664, #951, #4439, .T. ) ;
#3192 = DIRECTION ( 'NONE',  ( 1.000000000000000000, 1.920740328501953700E-16, -1.851507882525184455E-16 ) ) ;
#3193 = VECTOR ( 'NONE', #7674, 1000.000000000000000 ) ;
#3194 = ORIENTED_EDGE ( 'NONE', *, *, #7850, .T. ) ;
#3195 = DIRECTION ( 'NONE',  ( -0.1736481776669305810, 0.000000000000000000, -0.9848077530122080203 ) ) ;
#3196 = ORIENTED_EDGE ( 'NONE', *, *, #1702, .F. ) ;
#3197 = DIRECTION ( 'NONE',  ( -1.000000000000000000, -5.519109703990317197E-17, 0.000000000000000000 ) ) ;
#3198 = VERTEX_POINT ( 'NONE', #719 ) ;
#3199 = CARTESIAN_POINT ( 'NONE',  ( 35.61781592116275164, -0.5000000000000014433, 2.287000000000008804 ) ) ;
#3200 = DIRECTION ( 'NONE',  ( -1.000000000000000000, 1.920740328501953700E-16, -2.363988096617789170E-16 ) ) ;
#3201 = LINE ( 'NONE', #4495, #3103 ) ;
#3202 = ORIENTED_EDGE ( 'NONE', *, *, #2363, .T. ) ;
#3203 = DIRECTION ( 'NONE',  ( 0.000000000000000000, 0.000000000000000000, 1.000000000000000000 ) ) ;
#3204 = FACE_OUTER_BOUND ( 'NONE', #8054, .T. ) ;
#3205 = ORIENTED_EDGE ( 'NONE', *, *, #6162, .T. ) ;
#3206 = DIRECTION ( 'NONE',  ( 0.000000000000000000, 1.000000000000000000, 0.000000000000000000 ) ) ;
#3207 = CARTESIAN_POINT ( 'NONE',  ( 34.13022621324405037, 3.089438457388527404, -2.156650658646741547 ) ) ;
#3208 = DIRECTION ( 'NONE',  ( 1.000000000000000000, 0.000000000000000000, 1.851507882525182976E-16 ) ) ;
#3209 = CARTESIAN_POINT ( 'NONE',  ( 42.95593864038758625, 0.4999999999999996669, -5.461999999999999744 ) ) ;
#3210 = FACE_OUTER_BOUND ( 'NONE', #1389, .T. ) ;
#3211 = EDGE_CURVE ( 'NONE', #6741, #3176, #2145, .T. ) ;
#3212 = EDGE_LOOP ( 'NONE', ( #5881, #8036, #3993, #833, #690, #7573, #41, #1831 ) ) ;
#3213 = LINE ( 'NONE', #2603, #4225 ) ;
#3214 = EDGE_CURVE ( 'NONE', #5107, #4635, #3127, .T. ) ;
#3216 = ORIENTED_EDGE ( 'NONE', *, *, #3535, .F. ) ;
#3215 = FACE_OUTER_BOUND ( 'NONE', #4104, .T. ) ;
#3217 = DIRECTION ( 'NONE',  ( -1.000000000000000000, -1.459502924499717299E-16, 0.000000000000000000 ) ) ;
#3218 = CARTESIAN_POINT ( 'NONE',  ( 4.684623523208825802, 0.5000000000000029976, -25.00000000000000000 ) ) ;
#3219 = CARTESIAN_POINT ( 'NONE',  ( 31.75000000000000000, 0.000000000000000000, -0.8890000000000000124 ) ) ;
#3220 = ORIENTED_EDGE ( 'NONE', *, *, #1149, .F. ) ;
#3221 = ORIENTED_EDGE ( 'NONE', *, *, #5549, .T. ) ;
#3222 = EDGE_CURVE ( 'NONE', #4850, #5110, #6886, .T. ) ;
#3223 =( BOUNDED_CURVE ( )  B_SPLINE_CURVE ( 3, ( #4006, #6377, #205, #3848 ),
 .UNSPECIFIED., .F., .T. ) 
 B_SPLINE_CURVE_WITH_KNOTS ( ( 4, 4 ),
 ( 2.869333534403414543, 3.141592653589799777 ),
 .UNSPECIFIED. ) 
 CURVE ( )  GEOMETRIC_REPRESENTATION_ITEM ( )  RATIONAL_B_SPLINE_CURVE ( ( 1.000000000000000000, 0.9938324475413837789, 0.9938324475413837789, 1.000000000000000000 ) ) 
 REPRESENTATION_ITEM ( '' )  );
#3224 = DIRECTION ( 'NONE',  ( 1.000000000000000000, -1.655732911197096577E-16, 0.000000000000000000 ) ) ;
#3225 = DIRECTION ( 'NONE',  ( 1.000000000000000000, 0.000000000000000000, 0.000000000000000000 ) ) ;
#3226 = ORIENTED_EDGE ( 'NONE', *, *, #200, .F. ) ;
#3227 = VECTOR ( 'NONE', #7564, 1000.000000000000000 ) ;
#3228 = PLANE ( 'NONE',  #3651 ) ;
#3229 = CARTESIAN_POINT ( 'NONE',  ( 4.684623523208827578, -0.5000000000000003331, 2.285999999999999588 ) ) ;
#3230 = CARTESIAN_POINT ( 'NONE',  ( 60.15186619144336078, 1.999999999999997113, 1.000000000000000000 ) ) ;
#3231 = ORIENTED_EDGE ( 'NONE', *, *, #328, .T. ) ;
#3232 = LINE ( 'NONE', #4938, #898 ) ;
#3233 = VECTOR ( 'NONE', #904, 1000.000000000000114 ) ;
#3234 = EDGE_CURVE ( 'NONE', #5362, #281, #2071, .T. ) ;
#3235 = VERTEX_POINT ( 'NONE', #838 ) ;
#3236 = VERTEX_POINT ( 'NONE', #5808 ) ;
#3237 = DIRECTION ( 'NONE',  ( 1.000000000000000000, 0.000000000000000000, 0.000000000000000000 ) ) ;
#3238 = DIRECTION ( 'NONE',  ( 0.000000000000000000, 1.000000000000000000, 0.000000000000000000 ) ) ;
#3239 = CARTESIAN_POINT ( 'NONE',  ( 51.29406135961242086, 1.868478067631187178, -3.242993483595046467 ) ) ;
#3240 = VECTOR ( 'NONE', #2996, 999.9999999999998863 ) ;
#3241 = ADVANCED_FACE ( 'NONE', ( #5774 ), #5131, .F. ) ;
#3242 = VERTEX_POINT ( 'NONE', #6960 ) ;
#3243 = CARTESIAN_POINT ( 'NONE',  ( 3.393650122606100439, -0.4999999999999982792, -0.4021278728388970602 ) ) ;
#3244 = CARTESIAN_POINT ( 'NONE',  ( 52.29406135961241375, -1.596637958731240481, -3.085483742487791670 ) ) ;
#3245 = VERTEX_POINT ( 'NONE', #3946 ) ;
#3246 = CARTESIAN_POINT ( 'NONE',  ( 28.40186619144336078, 1.999999999999999556, -5.461999999999999744 ) ) ;
#3247 = LINE ( 'NONE', #3891, #4610 ) ;
#3248 = AXIS2_PLACEMENT_3D ( 'NONE', #3719, #4210, #6697 ) ;
#3249 = ORIENTED_EDGE ( 'NONE', *, *, #7865, .T. ) ;
#3250 = VECTOR ( 'NONE', #5889, 1000.000000000000114 ) ;
#3251 = CARTESIAN_POINT ( 'NONE',  ( 54.47417203511789552, -3.125000000000000000, -0.3798061746948028228 ) ) ;
#3252 = EDGE_CURVE ( 'NONE', #4987, #4671, #2600, .T. ) ;
#3253 = ORIENTED_EDGE ( 'NONE', *, *, #4458, .F. ) ;
#3254 = CARTESIAN_POINT ( 'NONE',  ( 58.81537647679117953, 0.5000000000000028866, -25.00000000000000000 ) ) ;
#3255 = VECTOR ( 'NONE', #6668, 1000.000000000000000 ) ;
#3256 = CIRCLE ( 'NONE', #237, 26.00000000000000355 ) ;
#3258 = ORIENTED_EDGE ( 'NONE', *, *, #1155, .T. ) ;
#3257 = LINE ( 'NONE', #835, #387 ) ;
#3259 = DIRECTION ( 'NONE',  ( 0.000000000000000000, 0.000000000000000000, -1.000000000000000000 ) ) ;
#3260 = VECTOR ( 'NONE', #3855, 1000.000000000000000 ) ;
#3261 = DIRECTION ( 'NONE',  ( -0.9848077530122079093, 1.087052405242915289E-16, -0.1736481776669313304 ) ) ;
#3262 = CARTESIAN_POINT ( 'NONE',  ( 51.29406135961241375, -1.596637958731240925, 1.380719746345367982 ) ) ;
#3263 = EDGE_CURVE ( 'NONE', #2102, #7852, #4279, .T. ) ;
#3264 = EDGE_CURVE ( 'NONE', #1623, #3682, #6510, .T. ) ;
#3265 = CIRCLE ( 'NONE', #7547, 24.16165075494625469 ) ;
#3266 = ORIENTED_EDGE ( 'NONE', *, *, #4578, .F. ) ;
#3267 = CIRCLE ( 'NONE', #6382, 25.83834924505374531 ) ;
#3268 = ORIENTED_EDGE ( 'NONE', *, *, #4117, .F. ) ;
#3269 = DIRECTION ( 'NONE',  ( -0.000000000000000000, -0.000000000000000000, 1.000000000000000000 ) ) ;
#3270 = DIRECTION ( 'NONE',  ( 0.000000000000000000, 1.000000000000000000, 1.379057453301393079E-16 ) ) ;
#3271 = CIRCLE ( 'NONE', #2090, 24.00000000000000355 ) ;
#3272 = VERTEX_POINT ( 'NONE', #2113 ) ;
#3273 = CARTESIAN_POINT ( 'NONE',  ( 51.29406135961241375, -1.999999999999998668, 0.07488112346030248445 ) ) ;
#3274 = CARTESIAN_POINT ( 'NONE',  ( 19.54406135961241020, 1.596637958731240925, -4.555719746345366694 ) ) ;
#3275 = CIRCLE ( 'NONE', #3137, 25.83834924505374886 ) ;
#3276 = EDGE_CURVE ( 'NONE', #1483, #2841, #6431, .T. ) ;
#3277 = CARTESIAN_POINT ( 'NONE',  ( 54.87113176926450109, 1.596637958731240925, -2.631076698080709431 ) ) ;
#3278 = VECTOR ( 'NONE', #1541, 1000.000000000000000 ) ;
#3279 = VERTEX_POINT ( 'NONE', #875 ) ;
#3280 = CARTESIAN_POINT ( 'NONE',  ( 9.422787699028704722, 0.4999999999999995559, 1.871464348691104451 ) ) ;
#3281 = CARTESIAN_POINT ( 'NONE',  ( 43.95593864038759335, 1.733189655496044423, 0.08681072319625980638 ) ) ;
#3282 = ORIENTED_EDGE ( 'NONE', *, *, #2768, .T. ) ;
#3283 = FACE_OUTER_BOUND ( 'NONE', #1614, .T. ) ;
#3284 = CARTESIAN_POINT ( 'NONE',  ( 4.684623523208827578, -3.095724199259894949, 0.8383492450537458618 ) ) ;
#3285 = VERTEX_POINT ( 'NONE', #7606 ) ;
#3286 = DIRECTION ( 'NONE',  ( 0.9848077530122080203, -8.553358126587481751E-17, -0.1736481776669312194 ) ) ;
#3287 = VECTOR ( 'NONE', #2571, 1000.000000000000000 ) ;
#3288 = CARTESIAN_POINT ( 'NONE',  ( 4.684623523208825802, 3.095724199259894949, -25.00000000000000000 ) ) ;
#3289 = VERTEX_POINT ( 'NONE', #1529 ) ;
#3290 = LINE ( 'NONE', #5195, #3508 ) ;
#3291 = CARTESIAN_POINT ( 'NONE',  ( 63.50000000000000000, -6.349999999999999645, 1.000000000000000000 ) ) ;
#3292 = EDGE_CURVE ( 'NONE', #7455, #3597, #7047, .T. ) ;
#3293 = CIRCLE ( 'NONE', #5756, 1.499999999999999778 ) ;
#3294 = ORIENTED_EDGE ( 'NONE', *, *, #7067, .F. ) ;
#3295 = LINE ( 'NONE', #7521, #3124 ) ;
#3296 = VERTEX_POINT ( 'NONE', #6345 ) ;
#3297 = CARTESIAN_POINT ( 'NONE',  ( 27.06537647679117597, 3.125000000000000000, -3.174999999999997158 ) ) ;
#3299 = ORIENTED_EDGE ( 'NONE', *, *, #4848, .F. ) ;
#3298 = CARTESIAN_POINT ( 'NONE',  ( 60.53592399034134530, -2.539715928915414977, 1.962147544309547964 ) ) ;
#3300 = FACE_OUTER_BOUND ( 'NONE', #3212, .T. ) ;
#3301 = DIRECTION ( 'NONE',  ( 1.000000000000000000, -7.809178907150810737E-16, 0.000000000000000000 ) ) ;
#3302 = DIRECTION ( 'NONE',  ( 1.000000000000000000, 0.000000000000000000, 8.326672684688676518E-17 ) ) ;
#3303 = EDGE_CURVE ( 'NONE', #1930, #7437, #7001, .T. ) ;
#3304 = ORIENTED_EDGE ( 'NONE', *, *, #2040, .T. ) ;
#3305 = VECTOR ( 'NONE', #2012, 1000.000000000000000 ) ;
#3306 = EDGE_LOOP ( 'NONE', ( #4092, #510, #355, #5235, #5857, #1707, #2345, #2526 ) ) ;
#3307 = EDGE_CURVE ( 'NONE', #1545, #5698, #4592, .T. ) ;
#3308 = DIRECTION ( 'NONE',  ( 0.000000000000000000, 0.000000000000000000, -1.000000000000000000 ) ) ;
#3309 = DIRECTION ( 'NONE',  ( 0.1736481776669305810, 0.000000000000000000, 0.9848077530122080203 ) ) ;
#3310 = ORIENTED_EDGE ( 'NONE', *, *, #4193, .T. ) ;
#3311 = DIRECTION ( 'NONE',  ( -0.000000000000000000, -1.000000000000000000, -1.358106471860483123E-16 ) ) ;
#3312 = LINE ( 'NONE', #190, #4794 ) ;
#3313 = CARTESIAN_POINT ( 'NONE',  ( 51.29406135961241375, 1.999999999999997780, 0.07488112346030248445 ) ) ;
#3314 = VECTOR ( 'NONE', #4276, 1000.000000000000000 ) ;
#3315 = LINE ( 'NONE', #1467, #5337 ) ;
#3316 = TOROIDAL_SURFACE ( 'NONE', #2537, 24.21399999999999864, 1.500000000000000000 ) ;
#3317 = EDGE_CURVE ( 'NONE', #6993, #711, #4019, .T. ) ;
#3318 = DIRECTION ( 'NONE',  ( 0.9848077530122079093, 0.000000000000000000, -0.1736481776669310528 ) ) ;
#3319 = EDGE_CURVE ( 'NONE', #5110, #1582, #181, .T. ) ;
#3320 = ORIENTED_EDGE ( 'NONE', *, *, #6290, .T. ) ;
#3321 = DIRECTION ( 'NONE',  ( -0.000000000000000000, -0.000000000000000000, 1.000000000000000000 ) ) ;
#3322 = PLANE ( 'NONE',  #1180 ) ;
#3323 = CARTESIAN_POINT ( 'NONE',  ( 43.23034767744996287, 1.999999999999998668, -1.346969163412949699 ) ) ;
#3324 = EDGE_LOOP ( 'NONE', ( #6839, #7269, #8026, #6857 ) ) ;
#3325 = CARTESIAN_POINT ( 'NONE',  ( 43.95593864038759335, 1.999999999999998668, 0.03070717332972604935 ) ) ;
#3326 = ADVANCED_FACE ( 'NONE', ( #5087 ), #1376, .T. ) ;
#3327 = CARTESIAN_POINT ( 'NONE',  ( 58.81537647679117953, 3.095724199259894505, -25.00000000000000000 ) ) ;
#3328 = PLANE ( 'NONE',  #1535 ) ;
#3329 = FACE_OUTER_BOUND ( 'NONE', #7539, .T. ) ;
#3330 = ORIENTED_EDGE ( 'NONE', *, *, #1357, .T. ) ;
#3331 = DIRECTION ( 'NONE',  ( 5.519109703990317197E-17, -1.000000000000000000, 0.000000000000000000 ) ) ;
#3332 = ORIENTED_EDGE ( 'NONE', *, *, #3559, .T. ) ;
#3333 = CARTESIAN_POINT ( 'NONE',  ( 2.346280500373610689, -3.115321732520952569, 0.2771493188697946586 ) ) ;
#3335 = ORIENTED_EDGE ( 'NONE', *, *, #1803, .F. ) ;
#3334 = CARTESIAN_POINT ( 'NONE',  ( 61.06282707385243214, -3.044840474553113019, 1.186246284442441068 ) ) ;
#3336 = ADVANCED_FACE ( 'NONE', ( #2028 ), #3907, .F. ) ;
#3337 = DIRECTION ( 'NONE',  ( -1.000000000000000000, -1.920740328501953700E-16, -1.181994048308894585E-16 ) ) ;
#3338 = DIRECTION ( 'NONE',  ( 7.726753585586454307E-16, 1.000000000000000000, 1.334402673828314572E-16 ) ) ;
#3339 = DIRECTION ( 'NONE',  ( 0.000000000000000000, 0.000000000000000000, -1.000000000000000000 ) ) ;
#3340 = VERTEX_POINT ( 'NONE', #6624 ) ;
#3341 = DIRECTION ( 'NONE',  ( -0.000000000000000000, -1.000000000000000000, 0.000000000000000000 ) ) ;
#3342 = ORIENTED_EDGE ( 'NONE', *, *, #5684, .T. ) ;
#3343 = ADVANCED_FACE ( 'NONE', ( #2235 ), #3419, .F. ) ;
#3344 = CARTESIAN_POINT ( 'NONE',  ( 4.684623523208827578, 3.095724199259894505, 0.8383492450537465279 ) ) ;
#3345 = DIRECTION ( 'NONE',  ( 0.000000000000000000, 0.000000000000000000, 1.000000000000000000 ) ) ;
#3346 = ORIENTED_EDGE ( 'NONE', *, *, #1048, .T. ) ;
#3347 = LINE ( 'NONE', #929, #3278 ) ;
#3348 = LINE ( 'NONE', #2038, #3761 ) ;
#3349 = DIRECTION ( 'NONE',  ( 0.000000000000000000, 0.000000000000000000, -1.000000000000000000 ) ) ;
#3350 = ORIENTED_EDGE ( 'NONE', *, *, #7067, .T. ) ;
#3351 = DIRECTION ( 'NONE',  ( 0.000000000000000000, 1.000000000000000000, 0.000000000000000000 ) ) ;
#3352 = EDGE_CURVE ( 'NONE', #1343, #6710, #2305, .T. ) ;
#3353 = ADVANCED_FACE ( 'NONE', ( #4832 ), #2891, .F. ) ;
#3354 = DIRECTION ( 'NONE',  ( 0.000000000000000000, 0.000000000000000000, 1.000000000000000000 ) ) ;
#3355 = ORIENTED_EDGE ( 'NONE', *, *, #7971, .F. ) ;
#3356 = DIRECTION ( 'NONE',  ( -0.000000000000000000, 1.000000000000000000, 1.379057453301393079E-16 ) ) ;
#3357 = COORDINATED_UNIVERSAL_TIME_OFFSET ( 6, 0, .BEHIND. ) ;
#3358 = CARTESIAN_POINT ( 'NONE',  ( 36.43462352320882047, -2.000000000000000444, 21.82499999999999929 ) ) ;
#3359 = ADVANCED_FACE ( 'NONE', ( #1075 ), #3573, .T. ) ;
#3360 = VECTOR ( 'NONE', #4239, 1000.000000000000000 ) ;
#3361 = EDGE_CURVE ( 'NONE', #3285, #2387, #989, .T. ) ;
#3362 = AXIS2_PLACEMENT_3D ( 'NONE', #1564, #2258, #6453 ) ;
#3363 = EDGE_CURVE ( 'NONE', #7737, #3235, #7799, .T. ) ;
#3364 = VERTEX_POINT ( 'NONE', #3492 ) ;
#3365 = DIRECTION ( 'NONE',  ( 1.000000000000000000, -0.000000000000000000, -2.970001569282669714E-29 ) ) ;
#3366 = LINE ( 'NONE', #3936, #7033 ) ;
#3367 = VECTOR ( 'NONE', #6813, 1000.000000000000114 ) ;
#3368 = CARTESIAN_POINT ( 'NONE',  ( 19.54406135961241020, 1.999999999999998668, -1.219027899688808869 ) ) ;
#3369 = CARTESIAN_POINT ( 'NONE',  ( 58.81537647679117242, -3.095724199259894949, 0.8383492450537458618 ) ) ;
#3370 = EDGE_CURVE ( 'NONE', #2118, #4183, #624, .T. ) ;
#3371 = DIRECTION ( 'NONE',  ( 1.036515599736129978E-30, -0.9993908270190956511, 0.03489949670250425823 ) ) ;
#3372 = ORIENTED_EDGE ( 'NONE', *, *, #4570, .F. ) ;
#3374 = EDGE_LOOP ( 'NONE', ( #6642, #6622, #6810, #6573 ) ) ;
#3373 = CARTESIAN_POINT ( 'NONE',  ( 18.59719892190086199, 0.5000000000000004441, -3.082923728672364305 ) ) ;
#3375 = CIRCLE ( 'NONE', #622, 25.00000000000000000 ) ;
#3376 = CARTESIAN_POINT ( 'NONE',  ( 54.08680657305450978, 1.999999999999997335, 1.817052527853101118 ) ) ;
#3377 = EDGE_CURVE ( 'NONE', #2803, #2494, #4713, .T. ) ;
#3378 = ORIENTED_EDGE ( 'NONE', *, *, #3457, .F. ) ;
#3379 = VECTOR ( 'NONE', #6484, 1000.000000000000000 ) ;
#3380 = DIRECTION ( 'NONE',  ( 0.9848077530122079093, 0.000000000000000000, 0.1736481776669310251 ) ) ;
#3381 = EDGE_LOOP ( 'NONE', ( #5215, #4796, #4649, #2148 ) ) ;
#3382 = AXIS2_PLACEMENT_3D ( 'NONE', #136, #2020, #6267 ) ;
#3383 = ORIENTED_EDGE ( 'NONE', *, *, #90, .T. ) ;
#3384 = CARTESIAN_POINT ( 'NONE',  ( 54.87113176926450109, -1.596637958731240703, -2.631076698080709875 ) ) ;
#3385 = CARTESIAN_POINT ( 'NONE',  ( 58.81537647679117242, 3.095724199259894949, -0.8383492450537456397 ) ) ;
#3386 = CIRCLE ( 'NONE', #8052, 25.00000000000000000 ) ;
#3387 = EDGE_LOOP ( 'NONE', ( #6452, #2275, #4508, #1458 ) ) ;
#3388 = DIRECTION ( 'NONE',  ( 2.970001569282669714E-29, 1.358106471860483123E-16, -1.000000000000000000 ) ) ;
#3389 = CARTESIAN_POINT ( 'NONE',  ( 29.31717976364614486, -3.049668403589958388, -4.368044598294884118 ) ) ;
#3390 = CONICAL_SURFACE ( 'NONE', #6896, 25.83834924505374175, 1.535889741755006588 ) ;
#3391 = CARTESIAN_POINT ( 'NONE',  ( 52.29406135961241375, 0.4999999999999996669, -1.779645119602723424 ) ) ;
#3392 = AXIS2_PLACEMENT_3D ( 'NONE', #1919, #1316, #3195 ) ;
#3393 = VERTEX_POINT ( 'NONE', #7272 ) ;
#3394 = EDGE_LOOP ( 'NONE', ( #7465, #196, #1785, #463 ) ) ;
#3395 = DIRECTION ( 'NONE',  ( -1.000000000000000000, -0.000000000000000000, -2.970001569282669714E-29 ) ) ;
#3396 = VECTOR ( 'NONE', #2539, 999.9999999999998863 ) ;
#3397 = PLANE ( 'NONE',  #4394 ) ;
#3398 = VECTOR ( 'NONE', #6268, 1000.000000000000000 ) ;
#3399 = ORIENTED_EDGE ( 'NONE', *, *, #6717, .T. ) ;
#3400 = CARTESIAN_POINT ( 'NONE',  ( 11.48034767744996287, 1.999999999999998668, -1.828030836587049235 ) ) ;
#3401 = AXIS2_PLACEMENT_3D ( 'NONE', #1086, #3620, #6105 ) ;
#3402 = AXIS2_PLACEMENT_3D ( 'NONE', #7022, #1969, #4460 ) ;
#3403 = VERTEX_POINT ( 'NONE', #2269 ) ;
#3404 = FACE_OUTER_BOUND ( 'NONE', #6145, .T. ) ;
#3405 = DIRECTION ( 'NONE',  ( 0.000000000000000000, 1.334402673828312846E-16, -1.000000000000000000 ) ) ;
#3406 = ORIENTED_EDGE ( 'NONE', *, *, #5693, .F. ) ;
#3407 = EDGE_CURVE ( 'NONE', #4453, #1395, #2077, .T. ) ;
#3408 = CARTESIAN_POINT ( 'NONE',  ( 11.20593864038758802, 1.999999999999997335, 1.500943177187301414 ) ) ;
#3409 = PLANE ( 'NONE',  #6437 ) ;
#3410 = EDGE_CURVE ( 'NONE', #1447, #5362, #6012, .T. ) ;
#3411 = VERTEX_POINT ( 'NONE', #7315 ) ;
#3412 = CARTESIAN_POINT ( 'NONE',  ( 42.95593864038758625, -1.999999999999999112, 2.287000000000009692 ) ) ;
#3413 = ORIENTED_EDGE ( 'NONE', *, *, #3956, .T. ) ;
#3414 = PLANE ( 'NONE',  #6825 ) ;
#3416 = ORIENTED_EDGE ( 'NONE', *, *, #1608, .T. ) ;
#3415 = DIRECTION ( 'NONE',  ( 0.000000000000000000, 0.000000000000000000, 1.000000000000000000 ) ) ;
#3417 = ORIENTED_EDGE ( 'NONE', *, *, #946, .F. ) ;
#3418 = ADVANCED_FACE ( 'NONE', ( #461 ), #1579, .F. ) ;
#3419 = PLANE ( 'NONE',  #1549 ) ;
#3420 = CIRCLE ( 'NONE', #6149, 1.499999999999999778 ) ;
#3421 = DIRECTION ( 'NONE',  ( 8.006416042969877077E-15, 0.000000000000000000, -1.000000000000000000 ) ) ;
#3422 = PLANE ( 'NONE',  #3530 ) ;
#3423 = ORIENTED_EDGE ( 'NONE', *, *, #2457, .T. ) ;
#3424 = CARTESIAN_POINT ( 'NONE',  ( 36.43462352320882047, -6.349999999999999645, -4.175000000000001599 ) ) ;
#3425 = ORIENTED_EDGE ( 'NONE', *, *, #2268, .F. ) ;
#3427 = ORIENTED_EDGE ( 'NONE', *, *, #1706, .F. ) ;
#3426 = CARTESIAN_POINT ( 'NONE',  ( 54.87113176926450109, 0.5000000000000002220, -2.631076698080709431 ) ) ;
#3428 = DIRECTION ( 'NONE',  ( 1.851507882525183222E-16, 1.334402673828313093E-16, -1.000000000000000000 ) ) ;
#3429 = CARTESIAN_POINT ( 'NONE',  ( 36.43462352320882047, 1.596637958731250473, -2.388999999999997570 ) ) ;
#3430 = EDGE_CURVE ( 'NONE', #3272, #6739, #1730, .T. ) ;
#3431 = VERTEX_POINT ( 'NONE', #2347 ) ;
#3432 = DIRECTION ( 'NONE',  ( 0.9848077530122081313, -0.000000000000000000, 0.1736481776669309696 ) ) ;
#3433 = CARTESIAN_POINT ( 'NONE',  ( 29.37797730151740083, -3.095724199259894949, -4.013349245053744241 ) ) ;
#3434 = LINE ( 'NONE', #1591, #6301 ) ;
#3435 = EDGE_LOOP ( 'NONE', ( #7270, #4415, #4030, #6204 ) ) ;
#3436 = VERTEX_POINT ( 'NONE', #919 ) ;
#3437 = DIRECTION ( 'NONE',  ( 2.553335745242634272E-32, -1.000000000000000000, -1.379057453301393079E-16 ) ) ;
#3438 = CYLINDRICAL_SURFACE ( 'NONE', #6989, 1.500000000000000000 ) ;
#3439 = EDGE_CURVE ( 'NONE', #3411, #6324, #6621, .T. ) ;
#3440 = ORIENTED_EDGE ( 'NONE', *, *, #6002, .T. ) ;
#3441 =( BOUNDED_CURVE ( )  B_SPLINE_CURVE ( 3, ( #1886, #776, #3281, #5753 ),
 .UNSPECIFIED., .F., .T. ) 
 B_SPLINE_CURVE_WITH_KNOTS ( ( 4, 4 ),
 ( 2.869333534403414543, 3.141592653589800221 ),
 .UNSPECIFIED. ) 
 CURVE ( )  GEOMETRIC_REPRESENTATION_ITEM ( )  RATIONAL_B_SPLINE_CURVE ( ( 1.000000000000000000, 0.9938324475413835568, 0.9938324475413835568, 1.000000000000000000 ) ) 
 REPRESENTATION_ITEM ( '' )  );
#3442 = CARTESIAN_POINT ( 'NONE',  ( 8.628868230735498912, -1.596637958731240703, -2.631076698080709875 ) ) ;
#3443 = CARTESIAN_POINT ( 'NONE',  ( 54.61974985376992464, 3.095724199259894949, -1.205419010955662618 ) ) ;
#3444 = ORIENTED_EDGE ( 'NONE', *, *, #1713, .F. ) ;
#3445 = PLANE ( 'NONE',  #6865 ) ;
#3446 = CARTESIAN_POINT ( 'NONE',  ( 63.50000000000000000, 0.000000000000000000, 2.286000000000000032 ) ) ;
#3447 = EDGE_CURVE ( 'NONE', #87, #7369, #1546, .T. ) ;
#3448 = CARTESIAN_POINT ( 'NONE',  ( 2.372022698482660896, -3.095724199259894949, -0.8383492450537901597 ) ) ;
#3449 = LINE ( 'NONE', #2262, #699 ) ;
#3450 = TOROIDAL_SURFACE ( 'NONE', #1090, 24.21399999999999864, 1.500000000000000000 ) ;
#3451 = VERTEX_POINT ( 'NONE', #955 ) ;
#3452 = DIRECTION ( 'NONE',  ( 0.000000000000000000, 0.000000000000000000, -1.000000000000000000 ) ) ;
#3453 = ORIENTED_EDGE ( 'NONE', *, *, #4655, .T. ) ;
#3454 = CARTESIAN_POINT ( 'NONE',  ( 59.63218407883723415, -0.5000000000000003331, 1.000000000000000000 ) ) ;
#3456 = ORIENTED_EDGE ( 'NONE', *, *, #4117, .T. ) ;
#3455 = CARTESIAN_POINT ( 'NONE',  ( 35.09813380855663922, -2.000000000000000444, -2.175000000000000266 ) ) ;
#3457 = EDGE_CURVE ( 'NONE', #1405, #3732, #2553, .T. ) ;
#3458 = CARTESIAN_POINT ( 'NONE',  ( 42.95593864038758625, -1.596637958731240703, -4.732046727053832669 ) ) ;
#3459 = PLANE ( 'NONE',  #5608 ) ;
#3460 = EDGE_CURVE ( 'NONE', #3823, #913, #5452, .T. ) ;
#3461 = EDGE_CURVE ( 'NONE', #6126, #7455, #6174, .T. ) ;
#3462 = ORIENTED_EDGE ( 'NONE', *, *, #4603, .F. ) ;
#3463 = ORIENTED_EDGE ( 'NONE', *, *, #4620, .T. ) ;
#3465 = ORIENTED_EDGE ( 'NONE', *, *, #5951, .T. ) ;
#3464 = CARTESIAN_POINT ( 'NONE',  ( 54.07721230097129705, -0.5000000000000004441, 1.871464348691104451 ) ) ;
#3466 = LINE ( 'NONE', #3384, #2612 ) ;
#3467 = LINE ( 'NONE', #3544, #6800 ) ;
#3468 = DIRECTION ( 'NONE',  ( 2.553335745242634272E-32, -1.000000000000000000, -1.379057453301393079E-16 ) ) ;
#3469 = CARTESIAN_POINT ( 'NONE',  ( 34.09628050037360936, 3.115321732520951681, -2.897850681130163863 ) ) ;
#3470 = EDGE_CURVE ( 'NONE', #6580, #5105, #6743, .T. ) ;
#3471 = VERTEX_POINT ( 'NONE', #544 ) ;
#3472 = ORIENTED_EDGE ( 'NONE', *, *, #7091, .F. ) ;
#3473 = DIRECTION ( 'NONE',  ( 0.000000000000000000, 0.000000000000000000, 1.000000000000000000 ) ) ;
#3474 = LINE ( 'NONE', #7940, #6602 ) ;
#3475 = ORIENTED_EDGE ( 'NONE', *, *, #5498, .F. ) ;
#3476 = DIRECTION ( 'NONE',  ( 0.000000000000000000, -1.000000000000000000, 0.000000000000000000 ) ) ;
#3477 = CARTESIAN_POINT ( 'NONE',  ( 8.638462502818713418, 1.999999999999998224, -2.576664877242706098 ) ) ;
#3478 = EDGE_LOOP ( 'NONE', ( #5679, #6541, #4717, #8067, #5831, #3549, #3673, #1690 ) ) ;
#3479 = LINE ( 'NONE', #5192, #5696 ) ;
#3480 = DIRECTION ( 'NONE',  ( -8.326672684688672821E-17, 0.03489949670250425129, 0.9993908270190955401 ) ) ;
#3481 = ORIENTED_EDGE ( 'NONE', *, *, #812, .F. ) ;
#3482 = VECTOR ( 'NONE', #3318, 1000.000000000000114 ) ;
#3483 = DIRECTION ( 'NONE',  ( -0.000000000000000000, -0.000000000000000000, 1.000000000000000000 ) ) ;
#3484 = DIRECTION ( 'NONE',  ( 0.006060234003882934185, -0.9993908270190957621, 0.03436929492885017201 ) ) ;
#3485 = EDGE_CURVE ( 'NONE', #6275, #7749, #3689, .T. ) ;
#3486 = ORIENTED_EDGE ( 'NONE', *, *, #7584, .F. ) ;
#3487 = ORIENTED_EDGE ( 'NONE', *, *, #1862, .F. ) ;
#3488 = CARTESIAN_POINT ( 'NONE',  ( 58.81537647679117953, 1.999999999999997113, 1.000000000000000000 ) ) ;
#3489 = TOROIDAL_SURFACE ( 'NONE', #479, 25.78600000000000136, 1.500000000000000000 ) ;
#3490 = VERTEX_POINT ( 'NONE', #2388 ) ;
#3491 = ORIENTED_EDGE ( 'NONE', *, *, #670, .F. ) ;
#3492 = CARTESIAN_POINT ( 'NONE',  ( 65.60000000000000853, -1.710811806799518984E-16, -2.286000000000000032 ) ) ;
#3493 = DIRECTION ( 'NONE',  ( 1.000000000000000000, 0.000000000000000000, 0.000000000000000000 ) ) ;
#3494 = AXIS2_PLACEMENT_3D ( 'NONE', #6949, #5836, #1367 ) ;
#3495 = EDGE_CURVE ( 'NONE', #3289, #4552, #1115, .T. ) ;
#3496 = VERTEX_POINT ( 'NONE', #3085 ) ;
#3497 = ORIENTED_EDGE ( 'NONE', *, *, #5708, .F. ) ;
#3498 = VECTOR ( 'NONE', #4944, 1000.000000000000114 ) ;
#3500 = EDGE_LOOP ( 'NONE', ( #3231, #2021, #7266, #7084 ) ) ;
#3499 = LINE ( 'NONE', #5287, #2225 ) ;
#3501 = PLANE ( 'NONE',  #5072 ) ;
#3502 = CARTESIAN_POINT ( 'NONE',  ( 9.162315432528309600, 1.596637958731250473, 0.3942527191727924207 ) ) ;
#3503 = EDGE_CURVE ( 'NONE', #4099, #2920, #4343, .T. ) ;
#3504 = EDGE_CURVE ( 'NONE', #1782, #4708, #6092, .T. ) ;
#3505 = LINE ( 'NONE', #7244, #1278 ) ;
#3506 = LINE ( 'NONE', #5450, #6395 ) ;
#3507 = CARTESIAN_POINT ( 'NONE',  ( 9.422787699028704722, -0.5000000000000004441, 1.871464348691104451 ) ) ;
#3508 = VECTOR ( 'NONE', #2058, 999.9999999999998863 ) ;
#3509 = TOROIDAL_SURFACE ( 'NONE', #4023, 24.21400000000000219, 1.500000000000000000 ) ;
#3510 = EDGE_CURVE ( 'NONE', #1671, #7866, #6830, .T. ) ;
#3511 = ORIENTED_EDGE ( 'NONE', *, *, #7299, .F. ) ;
#3512 = ORIENTED_EDGE ( 'NONE', *, *, #3981, .F. ) ;
#3513 = CARTESIAN_POINT ( 'NONE',  ( 3.867815921162768955, -0.5000000000000003331, -5.461999999999999744 ) ) ;
#3514 = VECTOR ( 'NONE', #3982, 999.9999999999998863 ) ;
#3515 = DIRECTION ( 'NONE',  ( 0.000000000000000000, 0.03489949670250421659, -0.9993908270190955401 ) ) ;
#3516 = VECTOR ( 'NONE', #4133, 1000.000000000000000 ) ;
#3517 = ORIENTED_EDGE ( 'NONE', *, *, #2727, .T. ) ;
#3518 = EDGE_CURVE ( 'NONE', #2684, #6100, #7986, .T. ) ;
#3519 = DIRECTION ( 'NONE',  ( 0.000000000000000000, 0.000000000000000000, -1.000000000000000000 ) ) ;
#3520 = APPROVAL_ROLE ( '' ) ;
#3521 = VECTOR ( 'NONE', #1364, 1000.000000000000000 ) ;
#3522 = ORIENTED_EDGE ( 'NONE', *, *, #4645, .F. ) ;
#3523 = LINE ( 'NONE', #450, #214 ) ;
#3524 = DIRECTION ( 'NONE',  ( 0.000000000000000000, 1.000000000000000000, 0.000000000000000000 ) ) ;
#3525 = ORIENTED_EDGE ( 'NONE', *, *, #2412, .T. ) ;
#3526 = CIRCLE ( 'NONE', #2349, 2.100000000000000089 ) ;
#3527 = CARTESIAN_POINT ( 'NONE',  ( 42.95593864038758625, 1.596637958731241147, -4.732046727053832669 ) ) ;
#3528 = CARTESIAN_POINT ( 'NONE',  ( 34.61258128937479484, 2.652203931026287265, -1.312636450006343880 ) ) ;
#3529 = VECTOR ( 'NONE', #4663, 999.9999999999998863 ) ;
#3530 = AXIS2_PLACEMENT_3D ( 'NONE', #3863, #7720, #5851 ) ;
#3531 = EDGE_LOOP ( 'NONE', ( #2547, #6874, #1240, #4642 ) ) ;
#3532 = CARTESIAN_POINT ( 'NONE',  ( 12.20593864038758980, -0.5000000000000003331, 0.07488112346030251221 ) ) ;
#3533 = ORIENTED_EDGE ( 'NONE', *, *, #5597, .F. ) ;
#3534 = VERTEX_POINT ( 'NONE', #1237 ) ;
#3535 = EDGE_CURVE ( 'NONE', #5059, #5032, #3726, .T. ) ;
#3536 = CARTESIAN_POINT ( 'NONE',  ( 58.81537647679117953, 3.125000000000000000, -25.00000000000000000 ) ) ;
#3537 = LINE ( 'NONE', #956, #4549 ) ;
#3538 = ORIENTED_EDGE ( 'NONE', *, *, #6859, .T. ) ;
#3539 = DIRECTION ( 'NONE',  ( -1.000000000000000000, 0.000000000000000000, -1.851507882525183222E-16 ) ) ;
#3540 = ORIENTED_EDGE ( 'NONE', *, *, #3169, .T. ) ;
#3542 = ORIENTED_EDGE ( 'NONE', *, *, #4989, .F. ) ;
#3541 = CYLINDRICAL_SURFACE ( 'NONE', #3781, 26.00000000000000355 ) ;
#3543 = LINE ( 'NONE', #2278, #2215 ) ;
#3544 = CARTESIAN_POINT ( 'NONE',  ( 58.81537647679117242, -0.4999999999999976130, -2.286000000000000032 ) ) ;
#3545 = CIRCLE ( 'NONE', #2114, 3.900000000000021672 ) ;
#3546 = CARTESIAN_POINT ( 'NONE',  ( 4.684623523208825802, 3.125000000000000000, -25.00000000000000000 ) ) ;
#3547 = CARTESIAN_POINT ( 'NONE',  ( 11.20593864038758802, 1.999999999999997780, 2.287000000000004363 ) ) ;
#3548 = CARTESIAN_POINT ( 'NONE',  ( 54.07721230097129705, -0.5000000000000004441, 1.871464348691104451 ) ) ;
#3549 = ORIENTED_EDGE ( 'NONE', *, *, #3609, .T. ) ;
#3550 = EDGE_LOOP ( 'NONE', ( #3843, #5869, #329, #3084 ) ) ;
#3551 = EDGE_CURVE ( 'NONE', #1773, #1815, #6137, .T. ) ;
#3552 = DIRECTION ( 'NONE',  ( 1.000000000000000000, 0.000000000000000000, 0.000000000000000000 ) ) ;
#3553 = CARTESIAN_POINT ( 'NONE',  ( 60.92174397503517724, -2.927738713692543904, -1.496743108161007640 ) ) ;
#3554 = DIRECTION ( 'NONE',  ( 0.000000000000000000, 1.000000000000000000, 0.000000000000000000 ) ) ;
#3555 = ORIENTED_EDGE ( 'NONE', *, *, #6781, .F. ) ;
#3556 = CARTESIAN_POINT ( 'NONE',  ( 40.63025014623007536, -3.095724199259894949, -1.969580989044335873 ) ) ;
#3557 = LINE ( 'NONE', #280, #7897 ) ;
#3558 = ADVANCED_FACE ( 'NONE', ( #3130 ), #2430, .F. ) ;
#3559 = EDGE_CURVE ( 'NONE', #7202, #4121, #1811, .T. ) ;
#3560 = EDGE_LOOP ( 'NONE', ( #6727, #4131, #2014, #4970 ) ) ;
#3561 = CARTESIAN_POINT ( 'NONE',  ( 9.025827964882100929, -3.125000000000000000, -0.3798061746948028228 ) ) ;
#3562 = CARTESIAN_POINT ( 'NONE',  ( 12.20593864038758980, 1.596637958731240925, -3.261810723196257644 ) ) ;
#3563 = ORIENTED_EDGE ( 'NONE', *, *, #3485, .T. ) ;
#3564 = DIRECTION ( 'NONE',  ( 0.000000000000000000, 0.000000000000000000, 1.000000000000000000 ) ) ;
#3565 = LINE ( 'NONE', #4703, #7138 ) ;
#3566 = PLANE ( 'NONE',  #7728 ) ;
#3567 = EDGE_CURVE ( 'NONE', #5180, #6463, #1895, .T. ) ;
#3568 = VECTOR ( 'NONE', #5294, 1000.000000000000000 ) ;
#3569 = ORIENTED_EDGE ( 'NONE', *, *, #3851, .F. ) ;
#3570 = DIRECTION ( 'NONE',  ( -0.000000000000000000, -1.000000000000000000, 0.000000000000000000 ) ) ;
#3571 = ORIENTED_EDGE ( 'NONE', *, *, #194, .F. ) ;
#3572 = ORIENTED_EDGE ( 'NONE', *, *, #4538, .T. ) ;
#3573 = PLANE ( 'NONE',  #1801 ) ;
#3574 = CARTESIAN_POINT ( 'NONE',  ( 27.06537647679117953, -6.349999999999999645, -4.175000000000001599 ) ) ;
#3575 = CARTESIAN_POINT ( 'NONE',  ( 54.08680657305450978, 1.999999999999997335, 1.817052527853101118 ) ) ;
#3576 = CIRCLE ( 'NONE', #5911, 3.899999999999999911 ) ;
#3577 = ORIENTED_EDGE ( 'NONE', *, *, #1509, .T. ) ;
#3578 = EDGE_CURVE ( 'NONE', #3846, #4471, #668, .T. ) ;
#3579 = DIRECTION ( 'NONE',  ( 0.9848077530122079093, 0.000000000000000000, -0.1736481776669310528 ) ) ;
#3581 = ORIENTED_EDGE ( 'NONE', *, *, #3910, .F. ) ;
#3580 = CARTESIAN_POINT ( 'NONE',  ( 40.91231543252830960, 1.596637958731251139, -3.569252719172790744 ) ) ;
#3582 = CARTESIAN_POINT ( 'NONE',  ( 19.54406135961241020, 1.596637958731240037, 0.08681072319625926514 ) ) ;
#3583 = DIRECTION ( 'NONE',  ( -1.000000000000000000, -3.545982144926683754E-16, 2.965185747982543329E-29 ) ) ;
#3584 = DIRECTION ( 'NONE',  ( 0.000000000000000000, 0.000000000000000000, -1.000000000000000000 ) ) ;
#3585 = LINE ( 'NONE', #6062, #2885 ) ;
#3586 = DIRECTION ( 'NONE',  ( 0.000000000000000000, -0.000000000000000000, 1.000000000000000000 ) ) ;
#3587 = ORIENTED_EDGE ( 'NONE', *, *, #548, .F. ) ;
#3588 = EDGE_CURVE ( 'NONE', #2938, #7737, #4539, .T. ) ;
#3589 = ORIENTED_EDGE ( 'NONE', *, *, #202, .F. ) ;
#3590 = CARTESIAN_POINT ( 'NONE',  ( -3.899999999999999911, 0.000000000000000000, 2.286000000000000032 ) ) ;
#3591 = DIRECTION ( 'NONE',  ( -1.851507882525184455E-16, 0.000000000000000000, -1.000000000000000000 ) ) ;
#3592 = DIRECTION ( 'NONE',  ( -0.000000000000000000, -1.000000000000000000, 0.000000000000000000 ) ) ;
#3593 = ORIENTED_EDGE ( 'NONE', *, *, #3510, .F. ) ;
#3594 = CARTESIAN_POINT ( 'NONE',  ( 42.95593864038758625, -0.5000000000000003331, 2.287000000000009692 ) ) ;
#3595 = LINE ( 'NONE', #6892, #4783 ) ;
#3596 = EDGE_CURVE ( 'NONE', #4631, #4182, #2329, .T. ) ;
#3597 = VERTEX_POINT ( 'NONE', #742 ) ;
#3598 = CARTESIAN_POINT ( 'NONE',  ( 27.06537647679117953, 1.596637958731251139, -3.960999999999996746 ) ) ;
#3599 = CARTESIAN_POINT ( 'NONE',  ( 9.025827964882100929, -3.125000000000000000, -0.3798061746948028228 ) ) ;
#3600 = ORIENTED_EDGE ( 'NONE', *, *, #1713, .T. ) ;
#3601 = CARTESIAN_POINT ( 'NONE',  ( 36.43462352320882758, -0.5000000000000003331, -0.8889999999999974589 ) ) ;
#3602 = EDGE_CURVE ( 'NONE', #3734, #4515, #207, .T. ) ;
#3603 = LINE ( 'NONE', #494, #3240 ) ;
#3604 = DIRECTION ( 'NONE',  ( 0.000000000000000000, -1.334402673828312846E-16, 1.000000000000000000 ) ) ;
#3605 = EDGE_CURVE ( 'NONE', #2083, #6741, #4537, .T. ) ;
#3606 = ORIENTED_EDGE ( 'NONE', *, *, #301, .F. ) ;
#3607 = FACE_OUTER_BOUND ( 'NONE', #1289, .T. ) ;
#3608 = ORIENTED_EDGE ( 'NONE', *, *, #662, .F. ) ;
#3609 = EDGE_CURVE ( 'NONE', #444, #2342, #7673, .T. ) ;
#3610 = DIRECTION ( 'NONE',  ( 0.000000000000000000, 0.000000000000000000, -1.000000000000000000 ) ) ;
#3611 = ORIENTED_EDGE ( 'NONE', *, *, #2577, .F. ) ;
#3612 = AXIS2_PLACEMENT_3D ( 'NONE', #6451, #2586, #6416 ) ;
#3613 = DIRECTION ( 'NONE',  ( 2.358327139162379357E-17, 1.000000000000000000, 1.337473782904259637E-16 ) ) ;
#3614 = ORIENTED_EDGE ( 'NONE', *, *, #7327, .F. ) ;
#3616 = ORIENTED_EDGE ( 'NONE', *, *, #5584, .F. ) ;
#3615 = CARTESIAN_POINT ( 'NONE',  ( 12.20593864038759158, -1.733189655496045090, 1.380719746345368870 ) ) ;
#3617 = DIRECTION ( 'NONE',  ( -7.726753585586454307E-16, -1.000000000000000000, -1.334402673828314572E-16 ) ) ;
#3618 = CARTESIAN_POINT ( 'NONE',  ( 51.29406135961241375, -1.596637958731240925, 1.380719746345367982 ) ) ;
#3619 = DIRECTION ( 'NONE',  ( -1.577256018512544561E-32, 1.000000000000000000, 1.334402673828313093E-16 ) ) ;
#3620 = DIRECTION ( 'NONE',  ( -3.545982144926683754E-16, 1.000000000000000000, 1.334402673828312107E-16 ) ) ;
#3621 = DIRECTION ( 'NONE',  ( 1.000000000000000000, 0.000000000000000000, -0.000000000000000000 ) ) ;
#3622 = VECTOR ( 'NONE', #2943, 1000.000000000000000 ) ;
#3623 = VERTEX_POINT ( 'NONE', #2716 ) ;
#3624 = AXIS2_PLACEMENT_3D ( 'NONE', #2261, #982, #4742 ) ;
#3625 = ORIENTED_EDGE ( 'NONE', *, *, #2727, .F. ) ;
#3626 = DIRECTION ( 'NONE',  ( -1.000000000000000000, 0.000000000000000000, 0.000000000000000000 ) ) ;
#3627 = DIRECTION ( 'NONE',  ( 0.000000000000000000, 1.000000000000000000, 0.000000000000000000 ) ) ;
#3628 = DIRECTION ( 'NONE',  ( -3.560232890665586541E-15, 0.000000000000000000, 1.000000000000000000 ) ) ;
#3629 = ORIENTED_EDGE ( 'NONE', *, *, #313, .T. ) ;
#3630 = FACE_OUTER_BOUND ( 'NONE', #7635, .T. ) ;
#3631 = AXIS2_PLACEMENT_3D ( 'NONE', #3041, #3080, #491 ) ;
#3632 = EDGE_CURVE ( 'NONE', #2410, #2426, #6757, .T. ) ;
#3633 = DIRECTION ( 'NONE',  ( 0.9848077530122081313, 0.000000000000000000, -0.1736481776669309696 ) ) ;
#3634 = AXIS2_PLACEMENT_3D ( 'NONE', #1976, #6421, #2761 ) ;
#3635 = ORIENTED_EDGE ( 'NONE', *, *, #7672, .T. ) ;
#3636 = CARTESIAN_POINT ( 'NONE',  ( 2.863632680425970634, 2.651084560595150297, -1.863491676086436399 ) ) ;
#3637 = VECTOR ( 'NONE', #3321, 1000.000000000000000 ) ;
#3638 = ORIENTED_EDGE ( 'NONE', *, *, #300, .T. ) ;
#3639 = CARTESIAN_POINT ( 'NONE',  ( 4.684623523208827578, -2.000000000000005329, -2.230748789119930464 ) ) ;
#3640 = CIRCLE ( 'NONE', #4672, 1.500000000000000222 ) ;
#3641 = ORIENTED_EDGE ( 'NONE', *, *, #6567, .F. ) ;
#3642 = CARTESIAN_POINT ( 'NONE',  ( 19.54406135961241020, -0.4999999999999995559, -3.249881123460299559 ) ) ;
#3643 = DIRECTION ( 'NONE',  ( 0.000000000000000000, 1.000000000000000000, 0.000000000000000000 ) ) ;
#3644 = ADVANCED_FACE ( 'NONE', ( #7631 ), #1402, .T. ) ;
#3645 = LINE ( 'NONE', #6782, #354 ) ;
#3646 = CONICAL_SURFACE ( 'NONE', #6505, 25.83834924505374175, 1.535889741755006588 ) ;
#3647 = AXIS2_PLACEMENT_3D ( 'NONE', #1899, #1734, #1770 ) ;
#3648 = EDGE_LOOP ( 'NONE', ( #2746, #1174, #5900, #1570 ) ) ;
#3649 = FACE_OUTER_BOUND ( 'NONE', #2446, .T. ) ;
#3650 = ADVANCED_FACE ( 'NONE', ( #4583 ), #2643, .F. ) ;
#3651 = AXIS2_PLACEMENT_3D ( 'NONE', #3835, #7579, #5052 ) ;
#3652 = ORIENTED_EDGE ( 'NONE', *, *, #7141, .T. ) ;
#3653 = AXIS2_PLACEMENT_3D ( 'NONE', #5895, #924, #304 ) ;
#3654 = EDGE_CURVE ( 'NONE', #7855, #6322, #705, .T. ) ;
#3655 = EDGE_CURVE ( 'NONE', #1343, #380, #790, .T. ) ;
#3656 = DIRECTION ( 'NONE',  ( 0.000000000000000000, 1.000000000000000000, 1.379057453301393079E-16 ) ) ;
#3657 = DIRECTION ( 'NONE',  ( -1.103821940798063439E-16, -1.000000000000000000, 0.000000000000000000 ) ) ;
#3658 = AXIS2_PLACEMENT_3D ( 'NONE', #5748, #813, #7771 ) ;
#3659 = ORIENTED_EDGE ( 'NONE', *, *, #3504, .F. ) ;
#3660 = CARTESIAN_POINT ( 'NONE',  ( 54.07721230097129705, 0.4999999999999995559, 1.871464348691104451 ) ) ;
#3661 = EDGE_CURVE ( 'NONE', #1327, #5133, #3290, .T. ) ;
#3663 = ORIENTED_EDGE ( 'NONE', *, *, #5936, .F. ) ;
#3662 = CARTESIAN_POINT ( 'NONE',  ( 2.372022698482660896, -3.095724199259894949, -0.8383492450537901597 ) ) ;
#3664 = DIRECTION ( 'NONE',  ( -0.9848077530122080203, 0.000000000000000000, -0.1736481776669312194 ) ) ;
#3665 = CARTESIAN_POINT ( 'NONE',  ( 61.03094047678412437, 3.019273089085231732, -1.268542295300687295 ) ) ;
#3666 = DIRECTION ( 'NONE',  ( 0.000000000000000000, 1.000000000000000000, 0.000000000000000000 ) ) ;
#3667 = VERTEX_POINT ( 'NONE', #5120 ) ;
#3668 = ORIENTED_EDGE ( 'NONE', *, *, #7823, .F. ) ;
#3669 = ADVANCED_FACE ( 'NONE', ( #5680 ), #131, .F. ) ;
#3670 = DIRECTION ( 'NONE',  ( 0.000000000000000000, -1.000000000000000000, -0.000000000000000000 ) ) ;
#3671 = LINE ( 'NONE', #5576, #5845 ) ;
#3672 = LINE ( 'NONE', #3794, #5751 ) ;
#3673 = ORIENTED_EDGE ( 'NONE', *, *, #6184, .T. ) ;
#3674 = PLANE ( 'NONE',  #7271 ) ;
#3675 = AXIS2_PLACEMENT_3D ( 'NONE', #1822, #631, #5042 ) ;
#3676 = DIRECTION ( 'NONE',  ( 5.519109703990317197E-17, 1.000000000000000000, 0.000000000000000000 ) ) ;
#3677 = ORIENTED_EDGE ( 'NONE', *, *, #654, .T. ) ;
#3678 = CARTESIAN_POINT ( 'NONE',  ( 3.348133808556642332, 1.999999999999997113, 2.230748789119931796 ) ) ;
#3679 = EDGE_CURVE ( 'NONE', #1635, #1656, #83, .T. ) ;
#3680 = ORIENTED_EDGE ( 'NONE', *, *, #991, .T. ) ;
#3681 = DIRECTION ( 'NONE',  ( 0.9848077530122079093, 1.164036902788887858E-16, 0.1736481776669313304 ) ) ;
#3682 = VERTEX_POINT ( 'NONE', #3368 ) ;
#3683 = CARTESIAN_POINT ( 'NONE',  ( 4.684623523208827578, -6.349999999999999645, -1.000000000000000000 ) ) ;
#3684 = DIRECTION ( 'NONE',  ( 1.000000000000000000, 0.000000000000000000, 1.851507882525182976E-16 ) ) ;
#3685 = DIRECTION ( 'NONE',  ( 0.000000000000000000, 1.334402673828313339E-16, -1.000000000000000000 ) ) ;
#3686 = VERTEX_POINT ( 'NONE', #5073 ) ;
#3687 = CARTESIAN_POINT ( 'NONE',  ( 52.01965232255004423, 0.5000000000000002220, -1.828030836587048347 ) ) ;
#3688 = ORIENTED_EDGE ( 'NONE', *, *, #5793, .T. ) ;
#3689 = LINE ( 'NONE', #579, #3767 ) ;
#3690 = CARTESIAN_POINT ( 'NONE',  ( 9.422787699028704722, -0.5000000000000004441, 1.871464348691104451 ) ) ;
#3691 =( BOUNDED_CURVE ( )  B_SPLINE_CURVE ( 3, ( #868, #3036, #255, #6073 ),
 .UNSPECIFIED., .F., .T. ) 
 B_SPLINE_CURVE_WITH_KNOTS ( ( 4, 4 ),
 ( 6.010926187993208103, 6.283185307179586232 ),
 .UNSPECIFIED. ) 
 CURVE ( )  GEOMETRIC_REPRESENTATION_ITEM ( )  RATIONAL_B_SPLINE_CURVE ( ( 1.000000000000000000, 0.9938324475413840009, 0.9938324475413840009, 1.000000000000000000 ) ) 
 REPRESENTATION_ITEM ( '' )  );
#3692 = ORIENTED_EDGE ( 'NONE', *, *, #51, .T. ) ;
#3693 = VECTOR ( 'NONE', #378, 1000.000000000000000 ) ;
#3694 = DIRECTION ( 'NONE',  ( 1.851507882525183222E-16, 0.000000000000000000, -1.000000000000000000 ) ) ;
#3695 = ADVANCED_FACE ( 'NONE', ( #170 ), #3938, .T. ) ;
#3696 = ORIENTED_EDGE ( 'NONE', *, *, #1111, .F. ) ;
#3698 = EDGE_LOOP ( 'NONE', ( #3194, #3641, #1718, #3346, #816, #3517, #916, #5547 ) ) ;
#3697 = LINE ( 'NONE', #4387, #4164 ) ;
#3699 = LINE ( 'NONE', #430, #2086 ) ;
#3700 = CARTESIAN_POINT ( 'NONE',  ( 27.06537647679117953, -6.349999999999999645, -4.175000000000001599 ) ) ;
#3701 = AXIS2_PLACEMENT_3D ( 'NONE', #3930, #658, #554 ) ;
#3702 = DIRECTION ( 'NONE',  ( 0.000000000000000000, 1.000000000000000000, 0.000000000000000000 ) ) ;
#3703 = DIRECTION ( 'NONE',  ( -1.000000000000000000, 2.216238840579179565E-16, 0.000000000000000000 ) ) ;
#3704 = DIRECTION ( 'NONE',  ( -0.006060234003883020054, 0.9993908270190957621, 0.03436929492885066467 ) ) ;
#3705 = ADVANCED_FACE ( 'NONE', ( #5157 ), #3328, .F. ) ;
#3706 = VECTOR ( 'NONE', #6958, 1000.000000000000000 ) ;
#3707 = CARTESIAN_POINT ( 'NONE',  ( 61.12797730151734044, -3.095724199259894949, -0.8383492450537901597 ) ) ;
#3708 = CARTESIAN_POINT ( 'NONE',  ( 28.88636731957403470, -2.651084560595152961, -1.311508323913562757 ) ) ;
#3709 = ORIENTED_EDGE ( 'NONE', *, *, #1550, .T. ) ;
#3710 = CARTESIAN_POINT ( 'NONE',  ( 42.95593864038758625, 0.4999999999999996669, -5.461999999999999744 ) ) ;
#3711 = CARTESIAN_POINT ( 'NONE',  ( 54.08680657305450978, -1.999999999999998224, 1.817052527853100896 ) ) ;
#3712 = CARTESIAN_POINT ( 'NONE',  ( 52.29406135961241375, 1.999999999999997335, 1.000000000000000000 ) ) ;
#3713 = B_SPLINE_CURVE_WITH_KNOTS ( 'NONE', 3,
 ( #2901, #4761, #348, #2856, #2244, #1661, #4145, #6713, #4722, #1045 ),
 .UNSPECIFIED., .F., .F.,
 ( 4, 2, 2, 2, 4 ),
 ( 0.005238023209203752049, 0.005773758339137583830, 0.006309493469071415610, 0.006845228599005247390, 0.007380963728939079170 ),
 .UNSPECIFIED. ) ;
#3714 = ORIENTED_EDGE ( 'NONE', *, *, #3460, .F. ) ;
#3715 = LINE ( 'NONE', #4455, #5455 ) ;
#3716 = ORIENTED_EDGE ( 'NONE', *, *, #4346, .T. ) ;
#3717 = DIRECTION ( 'NONE',  ( 1.851507882525183222E-16, 1.334402673828313093E-16, -1.000000000000000000 ) ) ;
#3718 = ORIENTED_EDGE ( 'NONE', *, *, #3470, .F. ) ;
#3719 = CARTESIAN_POINT ( 'NONE',  ( 27.06537647679117597, 2.000000000000000000, 21.82499999999999929 ) ) ;
#3720 = CARTESIAN_POINT ( 'NONE',  ( 9.025827964882100929, -3.125000000000000000, -0.3798061746948028228 ) ) ;
#3721 = EDGE_CURVE ( 'NONE', #859, #6247, #1792, .T. ) ;
#3722 = DIRECTION ( 'NONE',  ( 0.000000000000000000, 0.000000000000000000, -1.000000000000000000 ) ) ;
#3723 = ORIENTED_EDGE ( 'NONE', *, *, #5469, .F. ) ;
#3724 = FACE_OUTER_BOUND ( 'NONE', #264, .T. ) ;
#3725 = VERTEX_POINT ( 'NONE', #5236 ) ;
#3726 = LINE ( 'NONE', #5605, #3121 ) ;
#3727 = DIRECTION ( 'NONE',  ( 0.000000000000000000, 0.000000000000000000, 1.000000000000000000 ) ) ;
#3728 = DIRECTION ( 'NONE',  ( 0.9848077530122079093, 0.000000000000000000, -0.1736481776669310528 ) ) ;
#3729 = EDGE_CURVE ( 'NONE', #322, #1459, #1068, .T. ) ;
#3730 = ORIENTED_EDGE ( 'NONE', *, *, #3317, .T. ) ;
#3731 = FACE_OUTER_BOUND ( 'NONE', #5714, .T. ) ;
#3732 = VERTEX_POINT ( 'NONE', #1606 ) ;
#3734 = VERTEX_POINT ( 'NONE', #2295 ) ;
#3733 = DIRECTION ( 'NONE',  ( -1.000000000000000000, 0.000000000000000000, -1.851507882525184455E-16 ) ) ;
#3735 = CARTESIAN_POINT ( 'NONE',  ( 4.684623523208827578, 1.596637958731240481, 2.286000000000000032 ) ) ;
#3736 =( BOUNDED_CURVE ( )  B_SPLINE_CURVE ( 3, ( #6439, #764, #5780, #266 ),
 .UNSPECIFIED., .F., .T. ) 
 B_SPLINE_CURVE_WITH_KNOTS ( ( 4, 4 ),
 ( 5.629380518832352465, 5.641824004668786863 ),
 .UNSPECIFIED. ) 
 CURVE ( )  GEOMETRIC_REPRESENTATION_ITEM ( )  RATIONAL_B_SPLINE_CURVE ( ( 1.000000000000000000, 0.9999870966799773164, 0.9999870966799773164, 1.000000000000000000 ) ) 
 REPRESENTATION_ITEM ( '' )  );
#3737 = DIRECTION ( 'NONE',  ( -1.000000000000000000, 1.084202172485504434E-16, 0.000000000000000000 ) ) ;
#3738 = CARTESIAN_POINT ( 'NONE',  ( 4.684623523208825802, -6.349999999999999645, -25.00000000000000000 ) ) ;
#3739 = DIRECTION ( 'NONE',  ( 8.326672684688672821E-17, 0.03489949670250425129, 0.9993908270190955401 ) ) ;
#3740 = CARTESIAN_POINT ( 'NONE',  ( 27.06537647679117597, -3.125000000000000000, -3.174999999999997158 ) ) ;
#3741 = ADVANCED_FACE ( 'NONE', ( #5309 ), #415, .F. ) ;
#3742 = CIRCLE ( 'NONE', #211, 22.71399999999999508 ) ;
#3743 = CIRCLE ( 'NONE', #6347, 3.900000000000012346 ) ;
#3744 = ORIENTED_EDGE ( 'NONE', *, *, #3447, .F. ) ;
#3745 = PLANE ( 'NONE',  #379 ) ;
#3746 = DIRECTION ( 'NONE',  ( 0.9848077530122080203, 2.317165925841669287E-17, -0.1736481776669310806 ) ) ;
#3747 = EDGE_CURVE ( 'NONE', #1537, #2182, #7646, .T. ) ;
#3748 = CIRCLE ( 'NONE', #5824, 26.00000000000000355 ) ;
#3749 = ORIENTED_EDGE ( 'NONE', *, *, #6754, .F. ) ;
#3750 = CARTESIAN_POINT ( 'NONE',  ( 52.29406135961241375, -1.999999999999998224, -5.461999999999999744 ) ) ;
#3751 = CARTESIAN_POINT ( 'NONE',  ( 35.09813380855663922, 2.000000000000000000, 2.287000000000008804 ) ) ;
#3752 = EDGE_CURVE ( 'NONE', #3235, #5814, #2916, .T. ) ;
#3753 = ADVANCED_FACE ( 'NONE', ( #285, #5879 ), #5354, .F. ) ;
#3754 = DIRECTION ( 'NONE',  ( 1.000000000000000000, 0.000000000000000000, 0.000000000000000000 ) ) ;
#3755 = VECTOR ( 'NONE', #2314, 1000.000000000000000 ) ;
#3756 = VERTEX_POINT ( 'NONE', #6043 ) ;
#3757 = CARTESIAN_POINT ( 'NONE',  ( 4.684623523208827578, 0.5000000000000004441, -2.285999999999999588 ) ) ;
#3758 = ORIENTED_EDGE ( 'NONE', *, *, #6806, .T. ) ;
#3759 = FACE_OUTER_BOUND ( 'NONE', #5220, .T. ) ;
#3760 = EDGE_CURVE ( 'NONE', #4348, #6223, #2175, .T. ) ;
#3761 = VECTOR ( 'NONE', #5784, 1000.000000000000114 ) ;
#3762 = CARTESIAN_POINT ( 'NONE',  ( 4.684623523208825802, 1.999999999999996669, -25.00000000000000000 ) ) ;
#3763 = ORIENTED_EDGE ( 'NONE', *, *, #2117, .F. ) ;
#3764 = LINE ( 'NONE', #1436, #627 ) ;
#3765 = DIRECTION ( 'NONE',  ( 1.000000000000000000, 0.000000000000000000, 0.000000000000000000 ) ) ;
#3766 = CARTESIAN_POINT ( 'NONE',  ( 12.20593864038758980, 1.999999999999998224, 2.287000000000004363 ) ) ;
#3767 = VECTOR ( 'NONE', #3656, 1000.000000000000000 ) ;
#3768 = VECTOR ( 'NONE', #1767, 1000.000000000000000 ) ;
#3769 = EDGE_LOOP ( 'NONE', ( #6120, #7413, #2263, #2924, #4595, #4829, #1762, #789 ) ) ;
#3770 = CARTESIAN_POINT ( 'NONE',  ( 20.54406135961241020, 2.000000000000000000, -4.174999999999998934 ) ) ;
#3771 = AXIS2_PLACEMENT_3D ( 'NONE', #6700, #6132, #1197 ) ;
#3772 = VERTEX_POINT ( 'NONE', #7788 ) ;
#3773 = VECTOR ( 'NONE', #6883, 1000.000000000000000 ) ;
#3774 = DIRECTION ( 'NONE',  ( 1.000000000000000000, 0.000000000000000000, 1.851507882525184455E-16 ) ) ;
#3775 = LINE ( 'NONE', #6264, #5199 ) ;
#3776 = CIRCLE ( 'NONE', #7549, 24.00000000000000000 ) ;
#3777 = VERTEX_POINT ( 'NONE', #1684 ) ;
#3778 = AXIS2_PLACEMENT_3D ( 'NONE', #6003, #2836, #3405 ) ;
#3779 = CARTESIAN_POINT ( 'NONE',  ( 12.20593864038758980, -1.596637958731240925, 1.380719746345367982 ) ) ;
#3780 = ORIENTED_EDGE ( 'NONE', *, *, #300, .F. ) ;
#3781 = AXIS2_PLACEMENT_3D ( 'NONE', #2193, #2151, #4027 ) ;
#3783 = VERTEX_POINT ( 'NONE', #4171 ) ;
#3782 = FACE_OUTER_BOUND ( 'NONE', #5426, .T. ) ;
#3784 = EDGE_CURVE ( 'NONE', #6477, #5585, #3565, .T. ) ;
#3785 = CYLINDRICAL_SURFACE ( 'NONE', #4843, 1.499999999999999556 ) ;
#3786 = LINE ( 'NONE', #2489, #2473 ) ;
#3787 = CARTESIAN_POINT ( 'NONE',  ( 34.46903544648367301, -2.796683945335387111, -1.485934619468907814 ) ) ;
#3788 = CIRCLE ( 'NONE', #3009, 3.900000000000011013 ) ;
#3789 = SECURITY_CLASSIFICATION ( '', '', #7065 ) ;
#3790 = EDGE_LOOP ( 'NONE', ( #1182, #6786, #3070, #4247 ) ) ;
#3791 = VERTEX_POINT ( 'NONE', #4088 ) ;
#3792 = ADVANCED_FACE ( 'NONE', ( #6537 ), #4658, .F. ) ;
#3793 = DIRECTION ( 'NONE',  ( 0.000000000000000000, -0.000000000000000000, 1.000000000000000000 ) ) ;
#3794 = CARTESIAN_POINT ( 'NONE',  ( 20.54406135961241020, 1.596637958731241147, -4.732046727053832669 ) ) ;
#3795 = VERTEX_POINT ( 'NONE', #7828 ) ;
#3796 = FACE_OUTER_BOUND ( 'NONE', #5817, .T. ) ;
#3797 = DIRECTION ( 'NONE',  ( -5.519109703990317197E-17, 1.000000000000000000, -0.000000000000000000 ) ) ;
#3798 = CARTESIAN_POINT ( 'NONE',  ( 42.95593864038759335, -1.868478067631184958, -0.1083334971134170405 ) ) ;
#3799 = EDGE_CURVE ( 'NONE', #5585, #3011, #2847, .T. ) ;
#3800 = ORIENTED_EDGE ( 'NONE', *, *, #6920, .F. ) ;
#3801 = DIRECTION ( 'NONE',  ( 0.000000000000000000, 1.000000000000000000, 0.000000000000000000 ) ) ;
#3802 = ORIENTED_EDGE ( 'NONE', *, *, #3457, .T. ) ;
#3803 = CARTESIAN_POINT ( 'NONE',  ( 35.61781592116275164, -0.5000000000000005551, -4.175000000000001599 ) ) ;
#3804 = CARTESIAN_POINT ( 'NONE',  ( 11.20593864038758802, 1.999999999999997335, 1.000000000000000000 ) ) ;
#3805 = VERTEX_POINT ( 'NONE', #5273 ) ;
#3806 = AXIS2_PLACEMENT_3D ( 'NONE', #1587, #7171, #4230 ) ;
#3807 = DIRECTION ( 'NONE',  ( -1.000000000000000000, 0.000000000000000000, -2.224004456380515494E-16 ) ) ;
#3808 = DIRECTION ( 'NONE',  ( 0.000000000000000000, 0.000000000000000000, 1.000000000000000000 ) ) ;
#3809 = CARTESIAN_POINT ( 'NONE',  ( 51.29406135961241375, 1.596637958731240925, -3.261810723196257644 ) ) ;
#3810 = EDGE_CURVE ( 'NONE', #2758, #2150, #4261, .T. ) ;
#3811 = EDGE_CURVE ( 'NONE', #938, #3340, #7750, .T. ) ;
#3812 = ORIENTED_EDGE ( 'NONE', *, *, #5442, .T. ) ;
#3813 = CYLINDRICAL_SURFACE ( 'NONE', #741, 1.500000000000000000 ) ;
#3814 = ORIENTED_EDGE ( 'NONE', *, *, #7377, .F. ) ;
#3815 = DIRECTION ( 'NONE',  ( -1.000000000000000000, 0.000000000000000000, 2.224004456380519438E-16 ) ) ;
#3816 = CARTESIAN_POINT ( 'NONE',  ( 27.06537647679117597, -0.5000000000000003331, 21.82499999999999929 ) ) ;
#3817 = DIRECTION ( 'NONE',  ( -1.000000000000000000, 7.726753585586454307E-16, 0.000000000000000000 ) ) ;
#3818 = EDGE_CURVE ( 'NONE', #1658, #7583, #299, .T. ) ;
#3819 = ORIENTED_EDGE ( 'NONE', *, *, #77, .F. ) ;
#3820 = DIRECTION ( 'NONE',  ( -1.070618063257515132E-31, -1.000000000000000000, -1.887788505861429202E-32 ) ) ;
#3821 = ORIENTED_EDGE ( 'NONE', *, *, #4741, .F. ) ;
#3823 = VERTEX_POINT ( 'NONE', #4054 ) ;
#3822 = LINE ( 'NONE', #7684, #4566 ) ;
#3824 = CARTESIAN_POINT ( 'NONE',  ( 36.43462352320882047, -0.5000000000000038858, 21.82499999999999929 ) ) ;
#3825 = CIRCLE ( 'NONE', #7209, 22.71400000000000574 ) ;
#3826 = CARTESIAN_POINT ( 'NONE',  ( 12.20593864038758980, -1.999999999999998668, 0.07488112346030248445 ) ) ;
#3827 = ADVANCED_FACE ( 'NONE', ( #942 ), #5918, .T. ) ;
#3828 = EDGE_LOOP ( 'NONE', ( #1365, #3046, #593, #6491 ) ) ;
#3829 = DIRECTION ( 'NONE',  ( 0.000000000000000000, 0.000000000000000000, -1.000000000000000000 ) ) ;
#3830 = ORIENTED_EDGE ( 'NONE', *, *, #45, .F. ) ;
#3831 = VECTOR ( 'NONE', #5627, 1000.000000000000000 ) ;
#3832 = CARTESIAN_POINT ( 'NONE',  ( 27.06537647679117597, -0.5000000000000038858, 21.82499999999999929 ) ) ;
#3833 = LINE ( 'NONE', #6317, #1058 ) ;
#3834 = VERTEX_POINT ( 'NONE', #538 ) ;
#3835 = CARTESIAN_POINT ( 'NONE',  ( 9.199476142549027458, -6.349999999999999645, 0.6050015783174087503 ) ) ;
#3836 = CARTESIAN_POINT ( 'NONE',  ( 19.54406135961241020, 1.868478067631188733, -4.536902506744154628 ) ) ;
#3837 = CARTESIAN_POINT ( 'NONE',  ( 11.20593864038758802, 1.999999999999997335, 0.2512081041687683758 ) ) ;
#3838 = EDGE_CURVE ( 'NONE', #775, #3877, #4827, .T. ) ;
#3839 = VECTOR ( 'NONE', #4872, 1000.000000000000000 ) ;
#3840 = EDGE_LOOP ( 'NONE', ( #253, #5434, #4925, #2532, #7977, #4364, #3970, #7691 ) ) ;
#3841 = DIRECTION ( 'NONE',  ( 0.9848077530122079093, 0.000000000000000000, -0.1736481776669310528 ) ) ;
#3842 = ORIENTED_EDGE ( 'NONE', *, *, #3361, .T. ) ;
#3843 = ORIENTED_EDGE ( 'NONE', *, *, #7679, .T. ) ;
#3844 = CARTESIAN_POINT ( 'NONE',  ( 19.54406135961241020, -1.596637958731240925, 0.08681072319625883493 ) ) ;
#3845 = EDGE_CURVE ( 'NONE', #2543, #3856, #3645, .T. ) ;
#3846 = VERTEX_POINT ( 'NONE', #7996 ) ;
#3847 = CARTESIAN_POINT ( 'NONE',  ( 11.20593864038758980, 1.999999999999999556, -3.029380192621258683 ) ) ;
#3848 = CARTESIAN_POINT ( 'NONE',  ( 11.20593864038758802, -1.596637958731240925, 1.557046727053833957 ) ) ;
#3849 = ORIENTED_EDGE ( 'NONE', *, *, #3923, .T. ) ;
#3850 = EDGE_CURVE ( 'NONE', #5872, #7626, #5476, .T. ) ;
#3851 = EDGE_CURVE ( 'NONE', #7032, #8047, #2718, .T. ) ;
#3852 = DIRECTION ( 'NONE',  ( 1.000000000000000000, 1.159013037837969033E-15, 0.000000000000000000 ) ) ;
#3853 = FACE_OUTER_BOUND ( 'NONE', #766, .T. ) ;
#3854 = ORIENTED_EDGE ( 'NONE', *, *, #6034, .F. ) ;
#3855 = DIRECTION ( 'NONE',  ( 0.000000000000000000, 1.000000000000000000, 0.000000000000000000 ) ) ;
#3856 = VERTEX_POINT ( 'NONE', #2381 ) ;
#3857 = CARTESIAN_POINT ( 'NONE',  ( 36.43462352320882047, -6.349999999999999645, -2.174999999999999822 ) ) ;
#3859 = ORIENTED_EDGE ( 'NONE', *, *, #507, .T. ) ;
#3858 = CARTESIAN_POINT ( 'NONE',  ( 2.390964123553082299, -3.081258825107950461, 1.017059512164394164 ) ) ;
#3860 = DIRECTION ( 'NONE',  ( 0.9848077530122081313, -0.000000000000000000, 0.1736481776669309696 ) ) ;
#3861 = EDGE_CURVE ( 'NONE', #4235, #928, #5514, .T. ) ;
#3862 = CARTESIAN_POINT ( 'NONE',  ( 3.867815921162768955, 0.4999999999999996669, 1.000000000000000000 ) ) ;
#3863 = CARTESIAN_POINT ( 'NONE',  ( 27.06537647679117597, -3.125000000000000000, -3.174999999999997158 ) ) ;
#3864 = VERTEX_POINT ( 'NONE', #6735 ) ;
#3865 = DIRECTION ( 'NONE',  ( -1.000000000000000000, 0.000000000000000000, 0.000000000000000000 ) ) ;
#3866 = EDGE_LOOP ( 'NONE', ( #260, #4360, #3951, #4736 ) ) ;
#3867 = DIRECTION ( 'NONE',  ( -0.000000000000000000, -0.000000000000000000, 1.000000000000000000 ) ) ;
#3868 = CARTESIAN_POINT ( 'NONE',  ( 4.684623523208827578, 2.000000000000003553, -2.230748789119930464 ) ) ;
#3869 = EDGE_CURVE ( 'NONE', #947, #1818, #4294, .T. ) ;
#3870 = EDGE_LOOP ( 'NONE', ( #4600, #2590 ) ) ;
#3871 = AXIS2_PLACEMENT_3D ( 'NONE', #818, #7099, #5825 ) ;
#3872 = DIRECTION ( 'NONE',  ( 0.000000000000000000, -1.000000000000000000, -1.379057453301393079E-16 ) ) ;
#3873 = CARTESIAN_POINT ( 'NONE',  ( 11.20593864038758980, 0.5000000000000004441, -3.085483742487791670 ) ) ;
#3874 = DIRECTION ( 'NONE',  ( 0.000000000000000000, 0.000000000000000000, -1.000000000000000000 ) ) ;
#3875 = DIRECTION ( 'NONE',  ( -1.000000000000000000, -3.523657060577889411E-16, 0.000000000000000000 ) ) ;
#3876 = TOROIDAL_SURFACE ( 'NONE', #1920, 24.21400000000000219, 1.499999999999999778 ) ;
#3877 = VERTEX_POINT ( 'NONE', #4903 ) ;
#3878 = EDGE_CURVE ( 'NONE', #4280, #2938, #3603, .T. ) ;
#3879 = ORIENTED_EDGE ( 'NONE', *, *, #7821, .T. ) ;
#3880 = LINE ( 'NONE', #7551, #5453 ) ;
#3881 = AXIS2_PLACEMENT_3D ( 'NONE', #29, #3797, #2625 ) ;
#3882 = LINE ( 'NONE', #161, #5740 ) ;
#3883 = PLANE ( 'NONE',  #3612 ) ;
#3884 = CIRCLE ( 'NONE', #3631, 1.499999999999999778 ) ;
#3885 = ORIENTED_EDGE ( 'NONE', *, *, #5128, .T. ) ;
#3886 = DIRECTION ( 'NONE',  ( 5.519109703990317197E-17, -1.000000000000000000, -0.000000000000000000 ) ) ;
#3887 = CARTESIAN_POINT ( 'NONE',  ( 3.867815921162768955, -0.5000000000000003331, -5.461999999999999744 ) ) ;
#3888 = VERTEX_POINT ( 'NONE', #7383 ) ;
#3889 = AXIS2_PLACEMENT_3D ( 'NONE', #3890, #1328, #7710 ) ;
#3890 = CARTESIAN_POINT ( 'NONE',  ( 54.61065950276410774, -1.596637958731250917, -1.153865068562397900 ) ) ;
#3891 = CARTESIAN_POINT ( 'NONE',  ( 40.37886823073549891, 1.596637958731240481, -0.5439233019192888374 ) ) ;
#3892 = VECTOR ( 'NONE', #3920, 1000.000000000000000 ) ;
#3893 = EDGE_CURVE ( 'NONE', #2545, #1780, #224, .T. ) ;
#3894 = ORIENTED_EDGE ( 'NONE', *, *, #6320, .T. ) ;
#3895 = CIRCLE ( 'NONE', #636, 25.83834924505374175 ) ;
#3896 = CARTESIAN_POINT ( 'NONE',  ( 54.64782021278482915, -0.5000000000000029976, -1.364613927707009067 ) ) ;
#3897 = ORIENTED_EDGE ( 'NONE', *, *, #6853, .T. ) ;
#3898 = LINE ( 'NONE', #7370, #5130 ) ;
#3899 = AXIS2_PLACEMENT_3D ( 'NONE', #920, #4020, #4513 ) ;
#3900 = AXIS2_PLACEMENT_3D ( 'NONE', #1714, #1011, #3519 ) ;
#3902 = ORIENTED_EDGE ( 'NONE', *, *, #679, .T. ) ;
#3901 = CARTESIAN_POINT ( 'NONE',  ( 54.87113176926450109, -1.596637958731240703, -2.631076698080709875 ) ) ;
#3903 = EDGE_CURVE ( 'NONE', #411, #4130, #7526, .T. ) ;
#3904 = LINE ( 'NONE', #180, #5142 ) ;
#3905 = ADVANCED_FACE ( 'NONE', ( #4678 ), #1404, .T. ) ;
#3906 = CIRCLE ( 'NONE', #7273, 22.76925121088007131 ) ;
#3907 = PLANE ( 'NONE',  #7909 ) ;
#3908 = DIRECTION ( 'NONE',  ( 0.000000000000000000, 1.000000000000000000, 0.000000000000000000 ) ) ;
#3909 = VECTOR ( 'NONE', #4879, 1000.000000000000114 ) ;
#3910 = EDGE_CURVE ( 'NONE', #4459, #870, #433, .T. ) ;
#3911 = EDGE_LOOP ( 'NONE', ( #7373, #35, #7587, #467 ) ) ;
#3912 = VECTOR ( 'NONE', #6551, 1000.000000000000000 ) ;
#3913 = PLANE ( 'NONE',  #7798 ) ;
#3914 = ORIENTED_EDGE ( 'NONE', *, *, #2210, .T. ) ;
#3915 = CARTESIAN_POINT ( 'NONE',  ( 22.86974985376992819, -3.095724199259894949, -1.969580989044335873 ) ) ;
#3916 = CARTESIAN_POINT ( 'NONE',  ( 58.81537647679117242, -1.999999999999997780, 2.230748789119931352 ) ) ;
#3917 = AXIS2_PLACEMENT_3D ( 'NONE', #7344, #4248, #2378 ) ;
#3918 = ORIENTED_EDGE ( 'NONE', *, *, #6103, .F. ) ;
#3919 = FACE_OUTER_BOUND ( 'NONE', #2679, .T. ) ;
#3920 = DIRECTION ( 'NONE',  ( 1.851507882525183222E-16, 1.334402673828313093E-16, -1.000000000000000000 ) ) ;
#3921 = AXIS2_PLACEMENT_3D ( 'NONE', #4352, #6838, #1243 ) ;
#3922 = PLANE ( 'NONE',  #6170 ) ;
#3923 = EDGE_CURVE ( 'NONE', #56, #3937, #7324, .T. ) ;
#3924 = VECTOR ( 'NONE', #3106, 1000.000000000000000 ) ;
#3925 = CARTESIAN_POINT ( 'NONE',  ( 42.95593864038758625, 1.596637958731241147, -4.732046727053832669 ) ) ;
#3926 = TOROIDAL_SURFACE ( 'NONE', #7941, 25.78600000000000136, 1.500000000000000000 ) ;
#3927 = CARTESIAN_POINT ( 'NONE',  ( 20.54406135961241020, -1.999999999999999112, -3.426208104168765534 ) ) ;
#3928 = ORIENTED_EDGE ( 'NONE', *, *, #6032, .T. ) ;
#3929 = CARTESIAN_POINT ( 'NONE',  ( 31.75000000000000000, 2.435009221443560882E-17, -0.8890000000000022329 ) ) ;
#3930 = CARTESIAN_POINT ( 'NONE',  ( 4.684623523208827578, 3.125000000000000000, 1.391333921542872651E-28 ) ) ;
#3931 = DIRECTION ( 'NONE',  ( 1.103821940798063439E-16, -1.000000000000000000, 0.000000000000000000 ) ) ;
#3932 = EDGE_CURVE ( 'NONE', #2311, #6975, #6636, .T. ) ;
#3933 = ORIENTED_EDGE ( 'NONE', *, *, #1034, .T. ) ;
#3934 = LINE ( 'NONE', #5306, #3233 ) ;
#3935 = CIRCLE ( 'NONE', #1455, 1.499999999999999778 ) ;
#3936 = CARTESIAN_POINT ( 'NONE',  ( 60.15186619144335367, -1.999999999999999112, 2.287000000000012800 ) ) ;
#3937 = VERTEX_POINT ( 'NONE', #1001 ) ;
#3938 = PLANE ( 'NONE',  #6485 ) ;
#3939 = EDGE_LOOP ( 'NONE', ( #4013, #6375, #7305, #6077 ) ) ;
#3940 = DIRECTION ( 'NONE',  ( 0.000000000000000000, 1.334402673828312846E-16, -1.000000000000000000 ) ) ;
#3941 = EDGE_LOOP ( 'NONE', ( #7362, #5592 ) ) ;
#3942 = CARTESIAN_POINT ( 'NONE',  ( 3.348133808556660984, -2.000000000000005773, 2.287000000000001698 ) ) ;
#3944 = ORIENTED_EDGE ( 'NONE', *, *, #6290, .F. ) ;
#3943 = LINE ( 'NONE', #5205, #5344 ) ;
#3945 = LINE ( 'NONE', #2026, #3706 ) ;
#3946 = CARTESIAN_POINT ( 'NONE',  ( 60.15186619144335367, -2.000000000000000000, -1.000000000000000000 ) ) ;
#3947 = CARTESIAN_POINT ( 'NONE',  ( 9.422787699028704722, 1.596637958731240037, 1.871464348691104673 ) ) ;
#3948 = CARTESIAN_POINT ( 'NONE',  ( 54.61974985376992464, 3.095724199259894949, -1.205419010955662618 ) ) ;
#3949 = ADVANCED_FACE ( 'NONE', ( #4107 ), #1741, .T. ) ;
#3950 = ADVANCED_FACE ( 'NONE', ( #5410 ), #5707, .F. ) ;
#3951 = ORIENTED_EDGE ( 'NONE', *, *, #5499, .F. ) ;
#3952 = CARTESIAN_POINT ( 'NONE',  ( 34.10918208222989279, 3.105563006354284727, -3.731602673097098588 ) ) ;
#3953 = CARTESIAN_POINT ( 'NONE',  ( 42.95593864038758625, 1.596637958731240481, -0.08951625751220664007 ) ) ;
#3954 = EDGE_LOOP ( 'NONE', ( #6288, #4369, #5165, #3718 ) ) ;
#3955 = EDGE_CURVE ( 'NONE', #126, #4823, #4789, .T. ) ;
#3956 = EDGE_CURVE ( 'NONE', #3795, #4280, #3505, .T. ) ;
#3957 = LINE ( 'NONE', #6441, #128 ) ;
#3958 = CARTESIAN_POINT ( 'NONE',  ( 29.07739348636659571, -2.840903703221142163, -4.802347034117676827 ) ) ;
#3959 = LINE ( 'NONE', #2743, #3568 ) ;
#3960 = ADVANCED_FACE ( 'NONE', ( #2197 ), #6559, .T. ) ;
#3961 = AXIS2_PLACEMENT_3D ( 'NONE', #453, #4211, #2995 ) ;
#3962 = DIRECTION ( 'NONE',  ( 0.000000000000000000, 0.000000000000000000, -1.000000000000000000 ) ) ;
#3963 = VECTOR ( 'NONE', #7076, 1000.000000000000000 ) ;
#3964 = LINE ( 'NONE', #3996, #7884 ) ;
#3965 = ORIENTED_EDGE ( 'NONE', *, *, #3064, .F. ) ;
#3966 = EDGE_CURVE ( 'NONE', #2803, #5735, #7283, .T. ) ;
#3967 = FACE_OUTER_BOUND ( 'NONE', #604, .T. ) ;
#3968 = AXIS2_PLACEMENT_3D ( 'NONE', #2017, #7072, #1403 ) ;
#3969 = FACE_OUTER_BOUND ( 'NONE', #5884, .T. ) ;
#3970 = ORIENTED_EDGE ( 'NONE', *, *, #6909, .T. ) ;
#3971 = FACE_OUTER_BOUND ( 'NONE', #3698, .T. ) ;
#3972 = VERTEX_POINT ( 'NONE', #1085 ) ;
#3973 = EDGE_CURVE ( 'NONE', #7202, #4042, #3713, .T. ) ;
#3974 = DIRECTION ( 'NONE',  ( 8.152844887332515410E-32, 1.000000000000000000, 1.379057453301393326E-16 ) ) ;
#3975 = CARTESIAN_POINT ( 'NONE',  ( 2.359182082229909216, -3.105563006354265632, -0.5566026730976469938 ) ) ;
#3976 = EDGE_LOOP ( 'NONE', ( #3282, #4110, #2983, #5732 ) ) ;
#3977 = ORIENTED_EDGE ( 'NONE', *, *, #6868, .F. ) ;
#3978 = PLANE ( 'NONE',  #1877 ) ;
#3980 = ORIENTED_EDGE ( 'NONE', *, *, #1257, .F. ) ;
#3979 = DIRECTION ( 'NONE',  ( 1.000000000000000000, 0.000000000000000000, 1.851507882525182976E-16 ) ) ;
#3981 = EDGE_CURVE ( 'NONE', #4182, #126, #3021, .T. ) ;
#3982 = DIRECTION ( 'NONE',  ( -0.9848077530122080203, 1.223329535901939813E-16, 0.1736481776669312194 ) ) ;
#3983 = DIRECTION ( 'NONE',  ( 0.000000000000000000, 1.000000000000000000, 0.000000000000000000 ) ) ;
#3984 = ORIENTED_EDGE ( 'NONE', *, *, #1674, .F. ) ;
#3985 = CC_DESIGN_PERSON_AND_ORGANIZATION_ASSIGNMENT ( #362, #2254, ( #3789 ) ) ;
#3986 = ORIENTED_EDGE ( 'NONE', *, *, #3179, .T. ) ;
#3987 = CARTESIAN_POINT ( 'NONE',  ( 51.29406135961242086, -1.733189655496051529, -3.261810723196257644 ) ) ;
#3988 = ORIENTED_EDGE ( 'NONE', *, *, #1481, .F. ) ;
#3989 = CARTESIAN_POINT ( 'NONE',  ( 20.54406135961241020, 1.733189655496052417, -4.732046727053831781 ) ) ;
#3990 = LINE ( 'NONE', #6474, #6232 ) ;
#3991 = CARTESIAN_POINT ( 'NONE',  ( 28.40186619144336078, -1.999999999999999112, -4.174999999999999822 ) ) ;
#3992 = ORIENTED_EDGE ( 'NONE', *, *, #4545, .T. ) ;
#3993 = ORIENTED_EDGE ( 'NONE', *, *, #3567, .F. ) ;
#3994 = CARTESIAN_POINT ( 'NONE',  ( 4.684623523208827578, 0.5000000000000008882, -2.285999999999999588 ) ) ;
#3995 = VECTOR ( 'NONE', #3717, 1000.000000000000000 ) ;
#3996 = CARTESIAN_POINT ( 'NONE',  ( 12.20593864038758980, 0.4999999999999996669, -1.955972100311189399 ) ) ;
#3997 = ADVANCED_FACE ( 'NONE', ( #4189 ), #7210, .T. ) ;
#3998 = VERTEX_POINT ( 'NONE', #7929 ) ;
#3999 =( BOUNDED_CURVE ( )  B_SPLINE_CURVE ( 3, ( #2802, #6542, #5276, #485 ),
 .UNSPECIFIED., .F., .T. ) 
 B_SPLINE_CURVE_WITH_KNOTS ( ( 4, 4 ),
 ( 0.6413613025107989252, 0.6538047883472332122 ),
 .UNSPECIFIED. ) 
 CURVE ( )  GEOMETRIC_REPRESENTATION_ITEM ( )  RATIONAL_B_SPLINE_CURVE ( ( 1.000000000000000000, 0.9999870966799773164, 0.9999870966799773164, 1.000000000000000000 ) ) 
 REPRESENTATION_ITEM ( '' )  );
#4000 = DIRECTION ( 'NONE',  ( 0.000000000000000000, -1.000000000000000000, -1.379057453301393079E-16 ) ) ;
#4001 = PERSON_AND_ORGANIZATION_ROLE ( 'design_supplier' ) ;
#4002 = AXIS2_PLACEMENT_3D ( 'NONE', #4853, #1132, #2867 ) ;
#4003 = VECTOR ( 'NONE', #6166, 1000.000000000000114 ) ;
#4004 = ADVANCED_FACE ( 'NONE', ( #1124 ), #2359, .F. ) ;
#4005 = ORIENTED_EDGE ( 'NONE', *, *, #5540, .F. ) ;
#4006 = CARTESIAN_POINT ( 'NONE',  ( 11.20593864038758802, -1.999999999999998224, 1.500943177187301636 ) ) ;
#4007 = EDGE_LOOP ( 'NONE', ( #550, #4179, #5047, #2693 ) ) ;
#4008 = VECTOR ( 'NONE', #68, 1000.000000000000000 ) ;
#4009 = CARTESIAN_POINT ( 'NONE',  ( 2.862457539213158153, -2.652339685709836914, -1.862240066738440003 ) ) ;
#4010 = FACE_OUTER_BOUND ( 'NONE', #7167, .T. ) ;
#4011 = VECTOR ( 'NONE', #2016, 1000.000000000000000 ) ;
#4012 = ADVANCED_FACE ( 'NONE', ( #685 ), #8063, .T. ) ;
#4013 = ORIENTED_EDGE ( 'NONE', *, *, #3661, .F. ) ;
#4014 = EDGE_LOOP ( 'NONE', ( #795, #5811, #6948, #6954, #6692, #5620, #5384, #6411, #238, #5397, #3542, #1901, #7280, #4665, #1049, #3168, #7078, #7731, #5945, #1242, #4127, #819 ) ) ;
#4015 = CARTESIAN_POINT ( 'NONE',  ( 52.29406135961241375, -1.868478067631183848, 1.538229487452623889 ) ) ;
#4017 = ORIENTED_EDGE ( 'NONE', *, *, #6454, .T. ) ;
#4016 = DIRECTION ( 'NONE',  ( 0.9848077530122081313, 0.000000000000000000, -0.1736481776669309696 ) ) ;
#4018 = AXIS2_PLACEMENT_3D ( 'NONE', #350, #1426, #2199 ) ;
#4019 = LINE ( 'NONE', #3862, #2073 ) ;
#4020 = DIRECTION ( 'NONE',  ( -6.461669324084825028E-18, -0.9993908270190956511, 0.03489949670250424435 ) ) ;
#4021 = VECTOR ( 'NONE', #7687, 1000.000000000000114 ) ;
#4022 = ORIENTED_EDGE ( 'NONE', *, *, #6337, .T. ) ;
#4023 = AXIS2_PLACEMENT_3D ( 'NONE', #2047, #4372, #6253 ) ;
#4024 = EDGE_CURVE ( 'NONE', #7418, #2524, #7580, .T. ) ;
#4025 = ORIENTED_EDGE ( 'NONE', *, *, #8000, .F. ) ;
#4026 = VECTOR ( 'NONE', #1484, 1000.000000000000114 ) ;
#4028 = ORIENTED_EDGE ( 'NONE', *, *, #3363, .F. ) ;
#4027 = DIRECTION ( 'NONE',  ( 0.000000000000000000, 0.000000000000000000, 1.000000000000000000 ) ) ;
#4029 = LINE ( 'NONE', #5860, #6139 ) ;
#4030 = ORIENTED_EDGE ( 'NONE', *, *, #7869, .F. ) ;
#4031 = CARTESIAN_POINT ( 'NONE',  ( 42.95593864038758625, 2.000000000000000000, -3.426208104168765090 ) ) ;
#4032 = DIRECTION ( 'NONE',  ( 0.000000000000000000, 0.000000000000000000, 1.000000000000000000 ) ) ;
#4033 = AXIS2_PLACEMENT_3D ( 'NONE', #1460, #2195, #4105 ) ;
#4034 = DIRECTION ( 'NONE',  ( 0.000000000000000000, 1.000000000000000000, 0.000000000000000000 ) ) ;
#4035 = AXIS2_PLACEMENT_3D ( 'NONE', #933, #5870, #3875 ) ;
#4036 = ORIENTED_EDGE ( 'NONE', *, *, #2709, .T. ) ;
#4037 = ORIENTED_EDGE ( 'NONE', *, *, #4698, .T. ) ;
#4038 = CARTESIAN_POINT ( 'NONE',  ( 36.43462352320882047, -2.000000000000000000, -0.9442512108800666937 ) ) ;
#4039 = TOROIDAL_SURFACE ( 'NONE', #4818, 25.78600000000000136, 1.500000000000000000 ) ;
#4040 = DIRECTION ( 'NONE',  ( 1.000000000000000000, 1.159013037837969033E-15, 0.000000000000000000 ) ) ;
#4041 = VECTOR ( 'NONE', #4141, 1000.000000000000114 ) ;
#4042 = VERTEX_POINT ( 'NONE', #1261 ) ;
#4043 = DIRECTION ( 'NONE',  ( 0.000000000000000000, 0.000000000000000000, 1.000000000000000000 ) ) ;
#4044 = CALENDAR_DATE ( 2022, 6, 6 ) ;
#4045 = DIRECTION ( 'NONE',  ( 0.9848077530122080203, 0.000000000000000000, 0.1736481776669310806 ) ) ;
#4046 = AXIS2_PLACEMENT_3D ( 'NONE', #7847, #1662, #2974 ) ;
#4047 = ADVANCED_FACE ( 'NONE', ( #3190 ), #6319, .T. ) ;
#4048 = VERTEX_POINT ( 'NONE', #4487 ) ;
#4049 = CARTESIAN_POINT ( 'NONE',  ( 36.43462352320882758, -3.095724199259894949, -4.013349245053744241 ) ) ;
#4050 =( BOUNDED_CURVE ( )  B_SPLINE_CURVE ( 3, ( #2898, #3952, #7207, #5289 ),
 .UNSPECIFIED., .F., .T. ) 
 B_SPLINE_CURVE_WITH_KNOTS ( ( 4, 4 ),
 ( 2.487787865242560681, 2.500231351078995079 ),
 .UNSPECIFIED. ) 
 CURVE ( )  GEOMETRIC_REPRESENTATION_ITEM ( )  RATIONAL_B_SPLINE_CURVE ( ( 1.000000000000000000, 0.9999870966799773164, 0.9999870966799773164, 1.000000000000000000 ) ) 
 REPRESENTATION_ITEM ( '' )  );
#4051 = DIRECTION ( 'NONE',  ( -1.000000000000000000, 0.000000000000000000, -0.000000000000000000 ) ) ;
#4052 = ADVANCED_FACE ( 'NONE', ( #5580 ), #4330, .F. ) ;
#4053 = EDGE_CURVE ( 'NONE', #5822, #1610, #1384, .T. ) ;
#4054 = CARTESIAN_POINT ( 'NONE',  ( 40.92140578353413360, 3.095724199259894949, -3.620806661566056128 ) ) ;
#4055 = DIRECTION ( 'NONE',  ( -0.1736481776669312194, 0.000000000000000000, -0.9848077530122080203 ) ) ;
#4056 = VERTEX_POINT ( 'NONE', #110 ) ;
#4057 = CARTESIAN_POINT ( 'NONE',  ( 2.437172926147580743, 3.044840474553113019, -1.186246284442441512 ) ) ;
#4058 = CARTESIAN_POINT ( 'NONE',  ( 60.15186619144336078, -1.999999999999997780, -5.461999999999999744 ) ) ;
#4060 = ORIENTED_EDGE ( 'NONE', *, *, #1357, .F. ) ;
#4059 = DIRECTION ( 'NONE',  ( 1.851507882525183222E-16, 0.000000000000000000, -1.000000000000000000 ) ) ;
#4061 = EDGE_LOOP ( 'NONE', ( #1185, #7758, #5270, #702, #6420, #6056, #4388, #968 ) ) ;
#4062 = ADVANCED_FACE ( 'NONE', ( #1958 ), #1917, .F. ) ;
#4063 = CARTESIAN_POINT ( 'NONE',  ( 27.06537647679117597, -2.000000000000002665, 21.82499999999999929 ) ) ;
#4064 = VECTOR ( 'NONE', #1167, 1000.000000000000000 ) ;
#4065 = VERTEX_POINT ( 'NONE', #3229 ) ;
#4066 = CARTESIAN_POINT ( 'NONE',  ( 12.20593864038758980, 1.596637958731240481, 1.380719746345368204 ) ) ;
#4067 = ORIENTED_EDGE ( 'NONE', *, *, #7722, .F. ) ;
#4069 = ORIENTED_EDGE ( 'NONE', *, *, #2288, .F. ) ;
#4068 = PLANE ( 'NONE',  #3653 ) ;
#4070 = DIRECTION ( 'NONE',  ( -0.9848077530122079093, 0.000000000000000000, -0.1736481776669310528 ) ) ;
#4071 = DIRECTION ( 'NONE',  ( 0.000000000000000000, 0.000000000000000000, 1.000000000000000000 ) ) ;
#4072 = DIRECTION ( 'NONE',  ( -0.1736481776669305532, 0.000000000000000000, -0.9848077530122080203 ) ) ;
#4073 = FACE_BOUND ( 'NONE', #5609, .T. ) ;
#4074 = CARTESIAN_POINT ( 'NONE',  ( 19.54406135961241020, -0.5000000000000003331, 0.08681072319625862677 ) ) ;
#4075 = DIRECTION ( 'NONE',  ( -0.000000000000000000, -0.000000000000000000, 1.000000000000000000 ) ) ;
#4076 = ORIENTED_EDGE ( 'NONE', *, *, #4053, .T. ) ;
#4077 = ORIENTED_EDGE ( 'NONE', *, *, #5516, .T. ) ;
#4078 = CARTESIAN_POINT ( 'NONE',  ( 58.81537647679117242, -3.125000000000000000, -2.545853211699800359E-16 ) ) ;
#4079 = LINE ( 'NONE', #6566, #992 ) ;
#4080 = ORIENTED_EDGE ( 'NONE', *, *, #6909, .F. ) ;
#4081 = LINE ( 'NONE', #1599, #4670 ) ;
#4082 = PERSON_AND_ORGANIZATION ( #1050, #7296 ) ;
#4083 = ORIENTED_EDGE ( 'NONE', *, *, #3752, .T. ) ;
#4084 = CARTESIAN_POINT ( 'NONE',  ( 60.91554219203737830, 2.921324573982206907, 1.494002433685480025 ) ) ;
#4085 = DIRECTION ( 'NONE',  ( -0.000000000000000000, -0.000000000000000000, -1.000000000000000000 ) ) ;
#4086 = AXIS2_PLACEMENT_3D ( 'NONE', #6822, #4902, #6732 ) ;
#4087 = EDGE_CURVE ( 'NONE', #1610, #7902, #754, .T. ) ;
#4088 = CARTESIAN_POINT ( 'NONE',  ( 35.09813380855663922, 2.000000000000000888, -5.405748789119925846 ) ) ;
#4089 = PLANE ( 'NONE',  #6959 ) ;
#4090 = EDGE_LOOP ( 'NONE', ( #465, #2651, #3714, #7594 ) ) ;
#4091 = EDGE_CURVE ( 'NONE', #4653, #2684, #4450, .T. ) ;
#4092 = ORIENTED_EDGE ( 'NONE', *, *, #5101, .T. ) ;
#4093 = PLANE ( 'NONE',  #424 ) ;
#4094 = EDGE_CURVE ( 'NONE', #1476, #2947, #6812, .T. ) ;
#4095 = VERTEX_POINT ( 'NONE', #5100 ) ;
#4096 = EDGE_CURVE ( 'NONE', #7378, #1768, #5018, .T. ) ;
#4097 = DIRECTION ( 'NONE',  ( -1.000000000000000000, 0.000000000000000000, 0.000000000000000000 ) ) ;
#4098 = LINE ( 'NONE', #3574, #4739 ) ;
#4099 = VERTEX_POINT ( 'NONE', #3873 ) ;
#4100 = LINE ( 'NONE', #4137, #1032 ) ;
#4101 = VERTEX_POINT ( 'NONE', #7543 ) ;
#4102 = EDGE_CURVE ( 'NONE', #5654, #2599, #5147, .T. ) ;
#4104 = EDGE_LOOP ( 'NONE', ( #7841, #70, #6643, #5305 ) ) ;
#4103 = CARTESIAN_POINT ( 'NONE',  ( 12.20593864038758980, 1.596637958731240481, 1.380719746345368204 ) ) ;
#4105 = DIRECTION ( 'NONE',  ( 0.000000000000000000, 0.000000000000000000, -1.000000000000000000 ) ) ;
#4106 = DIRECTION ( 'NONE',  ( 1.000000000000000000, 0.000000000000000000, 1.851507882525182976E-16 ) ) ;
#4107 = FACE_OUTER_BOUND ( 'NONE', #4839, .T. ) ;
#4108 = DIRECTION ( 'NONE',  ( 0.9848077530122080203, 0.000000000000000000, -0.1736481776669310806 ) ) ;
#4109 = LINE ( 'NONE', #556, #2200 ) ;
#4110 = ORIENTED_EDGE ( 'NONE', *, *, #6423, .T. ) ;
#4111 = EDGE_CURVE ( 'NONE', #1510, #5180, #1348, .T. ) ;
#4112 = DIRECTION ( 'NONE',  ( -0.9848077530122080203, 0.000000000000000000, -0.1736481776669312194 ) ) ;
#4113 = DIRECTION ( 'NONE',  ( 0.000000000000000000, -1.000000000000000000, -0.000000000000000000 ) ) ;
#4114 = ORIENTED_EDGE ( 'NONE', *, *, #3567, .T. ) ;
#4115 = CARTESIAN_POINT ( 'NONE',  ( 58.81537647679117953, -0.5000000000000004441, -25.00000000000000000 ) ) ;
#4116 = SHAPE_DEFINITION_REPRESENTATION ( #3019, #1732 ) ;
#4117 = EDGE_CURVE ( 'NONE', #126, #3791, #2662, .T. ) ;
#4118 = ORIENTED_EDGE ( 'NONE', *, *, #2792, .T. ) ;
#4119 = CARTESIAN_POINT ( 'NONE',  ( 52.29406135961241375, 1.999999999999997335, 0.2512081041687683758 ) ) ;
#4120 = LINE ( 'NONE', #6612, #905 ) ;
#4121 = VERTEX_POINT ( 'NONE', #2501 ) ;
#4122 = AXIS2_PLACEMENT_3D ( 'NONE', #7817, #3554, #7891 ) ;
#4123 = DIRECTION ( 'NONE',  ( -1.851507882525182976E-16, -1.358106471860482877E-16, 1.000000000000000000 ) ) ;
#4124 = CARTESIAN_POINT ( 'NONE',  ( 35.09813380855663922, -2.000000000000000444, -5.461999999999999744 ) ) ;
#4125 = VECTOR ( 'NONE', #7553, 999.9999999999998863 ) ;
#4126 = ORIENTED_EDGE ( 'NONE', *, *, #2156, .F. ) ;
#4127 = ORIENTED_EDGE ( 'NONE', *, *, #6898, .F. ) ;
#4128 = CARTESIAN_POINT ( 'NONE',  ( 61.12797730151734044, -3.095724199259894949, -0.8383492450537901597 ) ) ;
#4129 = VECTOR ( 'NONE', #4242, 1000.000000000000114 ) ;
#4130 = VERTEX_POINT ( 'NONE', #6240 ) ;
#4131 = ORIENTED_EDGE ( 'NONE', *, *, #3973, .T. ) ;
#4132 = CARTESIAN_POINT ( 'NONE',  ( 54.47417203511789552, 3.125000000000000000, -0.3798061746948026007 ) ) ;
#4133 = DIRECTION ( 'NONE',  ( 1.000000000000000000, 0.000000000000000000, 2.970001569282669714E-29 ) ) ;
#4134 = AXIS2_PLACEMENT_3D ( 'NONE', #4845, #3619, #6104 ) ;
#4135 = EDGE_CURVE ( 'NONE', #993, #870, #4574, .T. ) ;
#4136 = ORIENTED_EDGE ( 'NONE', *, *, #2009, .F. ) ;
#4137 = CARTESIAN_POINT ( 'NONE',  ( 51.29406135961241375, 0.4999999999999996669, -5.461999999999999744 ) ) ;
#4138 = EDGE_CURVE ( 'NONE', #7351, #7096, #5853, .T. ) ;
#4139 = ORIENTED_EDGE ( 'NONE', *, *, #6215, .F. ) ;
#4140 = VECTOR ( 'NONE', #2361, 1000.000000000000000 ) ;
#4142 = VERTEX_POINT ( 'NONE', #5902 ) ;
#4141 = DIRECTION ( 'NONE',  ( -0.000000000000000000, 0.03489949670250425129, 0.9993908270190955401 ) ) ;
#4143 = CARTESIAN_POINT ( 'NONE',  ( 4.684623523208825802, 2.000000000000005329, -25.00000000000000000 ) ) ;
#4144 = CARTESIAN_POINT ( 'NONE',  ( 27.06537647679117597, -1.596637958731250917, -2.388999999999997570 ) ) ;
#4145 = CARTESIAN_POINT ( 'NONE',  ( 29.17174397503519501, 2.927738713692559003, -1.678256891839017273 ) ) ;
#4146 = LINE ( 'NONE', #349, #7172 ) ;
#4147 = CARTESIAN_POINT ( 'NONE',  ( 51.29406135961241375, -0.5000000000000003331, 0.07488112346030248445 ) ) ;
#4148 = VECTOR ( 'NONE', #6866, 1000.000000000000000 ) ;
#4149 = EDGE_CURVE ( 'NONE', #3245, #56, #6616, .T. ) ;
#4150 = ADVANCED_FACE ( 'NONE', ( #2123 ), #7058, .T. ) ;
#4151 = VECTOR ( 'NONE', #4281, 1000.000000000000000 ) ;
#4152 = EDGE_LOOP ( 'NONE', ( #6829, #896, #8061, #1453, #1256 ) ) ;
#4153 = AXIS2_PLACEMENT_3D ( 'NONE', #2596, #4468, #5075 ) ;
#4154 = VERTEX_POINT ( 'NONE', #4074 ) ;
#4155 = DIRECTION ( 'NONE',  ( -0.000000000000000000, -0.000000000000000000, 1.000000000000000000 ) ) ;
#4156 = VECTOR ( 'NONE', #5637, 1000.000000000000000 ) ;
#4157 = DIRECTION ( 'NONE',  ( -0.9848077530122079093, 0.000000000000000000, 0.1736481776669313026 ) ) ;
#4158 = VECTOR ( 'NONE', #7878, 1000.000000000000000 ) ;
#4159 = ORIENTED_EDGE ( 'NONE', *, *, #1026, .F. ) ;
#4160 = DIRECTION ( 'NONE',  ( -1.000000000000000000, 0.000000000000000000, 2.970001569282669714E-29 ) ) ;
#4161 = AXIS2_PLACEMENT_3D ( 'NONE', #7534, #1949, #3380 ) ;
#4162 = EDGE_CURVE ( 'NONE', #542, #2938, #229, .T. ) ;
#4163 = AXIS2_PLACEMENT_3D ( 'NONE', #6203, #1756, #4899 ) ;
#4164 = VECTOR ( 'NONE', #7967, 1000.000000000000000 ) ;
#4165 = ORIENTED_EDGE ( 'NONE', *, *, #5054, .F. ) ;
#4166 = DIRECTION ( 'NONE',  ( 0.000000000000000000, -1.000000000000000000, 0.000000000000000000 ) ) ;
#4167 = LINE ( 'NONE', #1720, #1438 ) ;
#4168 = EDGE_LOOP ( 'NONE', ( #7755, #2230, #7638, #5071 ) ) ;
#4169 = AXIS2_PLACEMENT_3D ( 'NONE', #4322, #1869, #4357 ) ;
#4170 = CARTESIAN_POINT ( 'NONE',  ( 63.50000000000000000, 8.609464714099180422E-17, -5.461999999999996191 ) ) ;
#4171 = CARTESIAN_POINT ( 'NONE',  ( 58.81537647679117242, -3.095724199259894949, 0.8383492450537458618 ) ) ;
#4172 = CARTESIAN_POINT ( 'NONE',  ( 11.20593864038758802, 1.999999999999997335, -5.461999999999999744 ) ) ;
#4173 = VECTOR ( 'NONE', #2510, 1000.000000000000000 ) ;
#4174 = ADVANCED_FACE ( 'NONE', ( #6561 ), #7651, .F. ) ;
#4175 = ORIENTED_EDGE ( 'NONE', *, *, #4320, .F. ) ;
#4176 = DIRECTION ( 'NONE',  ( 1.000000000000000000, -1.918203843628200209E-16, 0.000000000000000000 ) ) ;
#4177 = AXIS2_PLACEMENT_3D ( 'NONE', #4494, #821, #6903 ) ;
#4178 = ORIENTED_EDGE ( 'NONE', *, *, #5934, .F. ) ;
#4179 = ORIENTED_EDGE ( 'NONE', *, *, #3632, .F. ) ;
#4180 = DIRECTION ( 'NONE',  ( 0.006060234003882935920, 0.9993908270190957621, -0.03436929492885018589 ) ) ;
#4181 = DIRECTION ( 'NONE',  ( 3.154512037025088574E-32, -1.000000000000000000, -1.334402673828313093E-16 ) ) ;
#4182 = VERTEX_POINT ( 'NONE', #7093 ) ;
#4183 = VERTEX_POINT ( 'NONE', #7772 ) ;
#4185 = ORIENTED_EDGE ( 'NONE', *, *, #220, .F. ) ;
#4184 = DIRECTION ( 'NONE',  ( 0.9848077530122079093, 0.000000000000000000, -0.1736481776669310528 ) ) ;
#4186 = LINE ( 'NONE', #2395, #3909 ) ;
#4187 = DIRECTION ( 'NONE',  ( 1.000000000000000000, -0.000000000000000000, -2.970001569282669714E-29 ) ) ;
#4188 = VECTOR ( 'NONE', #3746, 999.9999999999998863 ) ;
#4189 = FACE_OUTER_BOUND ( 'NONE', #6600, .T. ) ;
#4190 = DIRECTION ( 'NONE',  ( -0.000000000000000000, -0.000000000000000000, 1.000000000000000000 ) ) ;
#4191 = CARTESIAN_POINT ( 'NONE',  ( 54.87113176926450109, 0.5000000000000002220, -2.631076698080707210 ) ) ;
#4192 = ADVANCED_FACE ( 'NONE', ( #7733 ), #1464, .T. ) ;
#4193 = EDGE_CURVE ( 'NONE', #7455, #577, #1500, .T. ) ;
#4194 = EDGE_LOOP ( 'NONE', ( #6850, #6901, #4208, #5520 ) ) ;
#4195 = ORIENTED_EDGE ( 'NONE', *, *, #4087, .T. ) ;
#4196 = DIRECTION ( 'NONE',  ( 0.000000000000000000, 0.000000000000000000, -1.000000000000000000 ) ) ;
#4197 = EDGE_CURVE ( 'NONE', #8047, #2920, #3990, .T. ) ;
#4198 = LINE ( 'NONE', #6157, #6250 ) ;
#4199 = DIRECTION ( 'NONE',  ( 6.461669324084820406E-18, -0.9993908270190956511, -0.03489949670250422353 ) ) ;
#4200 = ORIENTED_EDGE ( 'NONE', *, *, #3752, .F. ) ;
#4201 = CARTESIAN_POINT ( 'NONE',  ( 4.684623523208827578, 2.000000000000003553, -2.230748789119928688 ) ) ;
#4202 = CARTESIAN_POINT ( 'NONE',  ( 27.88218407883724836, 0.4999999999999981681, -2.175000000000001599 ) ) ;
#4203 = B_SPLINE_CURVE_WITH_KNOTS ( 'NONE', 3,
 ( #5765, #3207, #171, #84, #2798, #3528, #7790, #943, #286, #1642 ),
 .UNSPECIFIED., .F., .F.,
 ( 4, 2, 2, 2, 4 ),
 ( 0.002700141663340565722, 0.003234890173549025659, 0.003769638683757486463, 0.004304387193965947267, 0.004839135704174407637 ),
 .UNSPECIFIED. ) ;
#4204 = ORIENTED_EDGE ( 'NONE', *, *, #7510, .F. ) ;
#4205 = LINE ( 'NONE', #4119, #2843 ) ;
#4206 = EDGE_CURVE ( 'NONE', #1988, #6930, #7330, .T. ) ;
#4207 = CARTESIAN_POINT ( 'NONE',  ( 20.54406135961241020, -1.999999999999998668, -3.426208104168765534 ) ) ;
#4208 = ORIENTED_EDGE ( 'NONE', *, *, #1936, .T. ) ;
#4209 = AXIS2_PLACEMENT_3D ( 'NONE', #5163, #3670, #747 ) ;
#4210 = DIRECTION ( 'NONE',  ( -1.103821940798063439E-16, 1.000000000000000000, 0.000000000000000000 ) ) ;
#4211 = DIRECTION ( 'NONE',  ( 0.000000000000000000, 1.000000000000000000, 0.000000000000000000 ) ) ;
#4212 = CARTESIAN_POINT ( 'NONE',  ( 35.61781592116275164, -0.5000000000000014433, 2.287000000000008804 ) ) ;
#4213 = CARTESIAN_POINT ( 'NONE',  ( 27.06537647679117597, -3.125000000000000000, 21.82499999999999929 ) ) ;
#4214 = AXIS2_PLACEMENT_3D ( 'NONE', #6932, #3154, #3754 ) ;
#4215 = ORIENTED_EDGE ( 'NONE', *, *, #4337, .F. ) ;
#4216 = CARTESIAN_POINT ( 'NONE',  ( 12.20593864038759158, 1.868478067631183404, 1.361902506744158137 ) ) ;
#4217 = EDGE_CURVE ( 'NONE', #732, #3888, #2858, .T. ) ;
#4218 = ORIENTED_EDGE ( 'NONE', *, *, #369, .F. ) ;
#4219 = DIRECTION ( 'NONE',  ( -1.000000000000000000, 2.216238840579179565E-16, 0.000000000000000000 ) ) ;
#4220 = FACE_OUTER_BOUND ( 'NONE', #3550, .T. ) ;
#4221 = AXIS2_PLACEMENT_3D ( 'NONE', #2762, #6299, #2104 ) ;
#4222 = ORIENTED_EDGE ( 'NONE', *, *, #166, .F. ) ;
#4223 = DIRECTION ( 'NONE',  ( 0.000000000000000000, 0.000000000000000000, 1.000000000000000000 ) ) ;
#4224 = ORIENTED_EDGE ( 'NONE', *, *, #597, .T. ) ;
#4225 = VECTOR ( 'NONE', #1981, 1000.000000000000000 ) ;
#4227 = ORIENTED_EDGE ( 'NONE', *, *, #5432, .T. ) ;
#4226 = CARTESIAN_POINT ( 'NONE',  ( 12.20593864038758980, -1.999999999999998224, 1.324616196478834773 ) ) ;
#4228 = EDGE_CURVE ( 'NONE', #3864, #2083, #930, .T. ) ;
#4229 = DIRECTION ( 'NONE',  ( 0.1735423958889129592, -0.03489949670250473701, 0.9842078347376876923 ) ) ;
#4230 = DIRECTION ( 'NONE',  ( 0.000000000000000000, 0.000000000000000000, 1.000000000000000000 ) ) ;
#4231 = CARTESIAN_POINT ( 'NONE',  ( 8.852179787215165518, -6.349999999999999645, -1.364613927707009067 ) ) ;
#4232 = CARTESIAN_POINT ( 'NONE',  ( 4.684623523208825802, -2.000000000000002665, -25.00000000000000000 ) ) ;
#4233 = LINE ( 'NONE', #7213, #2726 ) ;
#4234 = VECTOR ( 'NONE', #7888, 1000.000000000000000 ) ;
#4235 = VERTEX_POINT ( 'NONE', #4565 ) ;
#4236 = ORIENTED_EDGE ( 'NONE', *, *, #6363, .T. ) ;
#4237 = CARTESIAN_POINT ( 'NONE',  ( 19.54406135961241020, -1.596637958731240925, 0.08681072319625883493 ) ) ;
#4238 = CARTESIAN_POINT ( 'NONE',  ( 61.11977142144454689, -3.089436645026713446, -1.018401240605041558 ) ) ;
#4239 = DIRECTION ( 'NONE',  ( 1.851507882525183222E-16, 1.334402673828313093E-16, -1.000000000000000000 ) ) ;
#4240 = ORIENTED_EDGE ( 'NONE', *, *, #3588, .T. ) ;
#4241 = DIRECTION ( 'NONE',  ( 1.000000000000000000, 0.000000000000000000, 1.851507882525183222E-16 ) ) ;
#4242 = DIRECTION ( 'NONE',  ( -0.9848077530122079093, -0.000000000000000000, 0.1736481776669310528 ) ) ;
#4243 = EDGE_CURVE ( 'NONE', #947, #4914, #5443, .T. ) ;
#4244 = EDGE_CURVE ( 'NONE', #6448, #4183, #3348, .T. ) ;
#4245 = DIRECTION ( 'NONE',  ( -0.000000000000000000, -0.03489949670250425129, -0.9993908270190955401 ) ) ;
#4246 = EDGE_CURVE ( 'NONE', #3066, #2750, #1935, .T. ) ;
#4247 = ORIENTED_EDGE ( 'NONE', *, *, #6195, .F. ) ;
#4248 = DIRECTION ( 'NONE',  ( -1.920740328501952961E-16, -1.000000000000000000, -1.334402673828313093E-16 ) ) ;
#4249 = EDGE_LOOP ( 'NONE', ( #6343, #836, #4431, #2162, #6181, #1114, #203, #5435, #2886, #5016, #2249, #4370, #1039, #5603, #5440, #1553, #315, #7482, #5921, #6879 ) ) ;
#4250 = DIRECTION ( 'NONE',  ( -1.000000000000000000, 0.000000000000000000, 0.000000000000000000 ) ) ;
#4251 = DIRECTION ( 'NONE',  ( 0.000000000000000000, 0.000000000000000000, -1.000000000000000000 ) ) ;
#4252 = CARTESIAN_POINT ( 'NONE',  ( 58.81537647679117242, -3.125000000000000000, -2.545853211699800359E-16 ) ) ;
#4253 = DIRECTION ( 'NONE',  ( 0.1736481776669305532, 0.000000000000000000, 0.9848077530122080203 ) ) ;
#4254 = EDGE_CURVE ( 'NONE', #5012, #3242, #3312, .T. ) ;
#4255 = ORIENTED_EDGE ( 'NONE', *, *, #401, .T. ) ;
#4256 = DIRECTION ( 'NONE',  ( -1.000000000000000000, 0.000000000000000000, -1.851507882525183222E-16 ) ) ;
#4257 = ORIENTED_EDGE ( 'NONE', *, *, #1104, .T. ) ;
#4258 = VECTOR ( 'NONE', #1922, 1000.000000000000000 ) ;
#4259 = CARTESIAN_POINT ( 'NONE',  ( 28.78592399034134175, 2.539715928915413645, -5.137147544309545566 ) ) ;
#4260 = CARTESIAN_POINT ( 'NONE',  ( 59.63218407883723415, -0.5000000000000003331, 2.285999999999999588 ) ) ;
#4261 =( BOUNDED_CURVE ( )  B_SPLINE_CURVE ( 3, ( #2137, #5957, #2881, #3408 ),
 .UNSPECIFIED., .F., .T. ) 
 B_SPLINE_CURVE_WITH_KNOTS ( ( 4, 4 ),
 ( 3.141592653589786455, 3.413851772776171245 ),
 .UNSPECIFIED. ) 
 CURVE ( )  GEOMETRIC_REPRESENTATION_ITEM ( )  RATIONAL_B_SPLINE_CURVE ( ( 1.000000000000000000, 0.9938324475413837789, 0.9938324475413837789, 1.000000000000000000 ) ) 
 REPRESENTATION_ITEM ( '' )  );
#4262 = EDGE_CURVE ( 'NONE', #2394, #1804, #2282, .T. ) ;
#4263 = VERTEX_POINT ( 'NONE', #6023 ) ;
#4264 = AXIS2_PLACEMENT_3D ( 'NONE', #4614, #366, #2878 ) ;
#4265 = CARTESIAN_POINT ( 'NONE',  ( 8.880250146230070030, -3.095724199259894949, -1.205419010955663728 ) ) ;
#4266 = VERTEX_POINT ( 'NONE', #4763 ) ;
#4268 = EDGE_LOOP ( 'NONE', ( #854, #4505, #104, #3533 ) ) ;
#4267 = CARTESIAN_POINT ( 'NONE',  ( 19.54406135961241375, 1.868478067631183182, 0.06799348359504883699 ) ) ;
#4269 = CARTESIAN_POINT ( 'NONE',  ( 20.54406135961241020, 0.5000000000000006661, -4.732046727053831781 ) ) ;
#4270 = DIRECTION ( 'NONE',  ( 0.000000000000000000, 1.000000000000000000, 0.000000000000000000 ) ) ;
#4271 = CARTESIAN_POINT ( 'NONE',  ( 22.72417203511789907, -3.125000000000000000, -2.795193825305196000 ) ) ;
#4272 = DIRECTION ( 'NONE',  ( 0.000000000000000000, 1.000000000000000000, 1.379057453301393079E-16 ) ) ;
#4273 = EDGE_CURVE ( 'NONE', #1998, #7855, #2316, .T. ) ;
#4274 = AXIS2_PLACEMENT_3D ( 'NONE', #1148, #7810, #7770 ) ;
#4275 = ORIENTED_EDGE ( 'NONE', *, *, #7865, .F. ) ;
#4276 = DIRECTION ( 'NONE',  ( -0.000000000000000000, -0.000000000000000000, 1.000000000000000000 ) ) ;
#4277 = CARTESIAN_POINT ( 'NONE',  ( 4.684623523208827578, 0.4999999999999996669, 2.285999999999999588 ) ) ;
#4278 = DIRECTION ( 'NONE',  ( -1.000000000000000000, 0.000000000000000000, -1.851507882525183222E-16 ) ) ;
#4279 = CIRCLE ( 'NONE', #757, 27.28599999999999426 ) ;
#4280 = VERTEX_POINT ( 'NONE', #5412 ) ;
#4281 = DIRECTION ( 'NONE',  ( 1.851507882525183222E-16, 1.334402673828313093E-16, -1.000000000000000000 ) ) ;
#4282 = VECTOR ( 'NONE', #3023, 1000.000000000000000 ) ;
#4283 = CARTESIAN_POINT ( 'NONE',  ( 36.43462352320882047, 1.596637958731251139, -3.960999999999996746 ) ) ;
#4284 = VERTEX_POINT ( 'NONE', #5497 ) ;
#4285 = VECTOR ( 'NONE', #3983, 1000.000000000000000 ) ;
#4286 = CARTESIAN_POINT ( 'NONE',  ( 36.43462352320882047, -3.095724199259894949, 21.82499999999999929 ) ) ;
#4287 = AXIS2_PLACEMENT_3D ( 'NONE', #1057, #2940, #3068 ) ;
#4288 = VERTEX_POINT ( 'NONE', #6715 ) ;
#4289 = DIRECTION ( 'NONE',  ( 1.851507882525183222E-16, 1.334402673828313093E-16, -1.000000000000000000 ) ) ;
#4290 = VECTOR ( 'NONE', #6815, 999.9999999999998863 ) ;
#4291 = VERTEX_POINT ( 'NONE', #436 ) ;
#4292 = CARTESIAN_POINT ( 'NONE',  ( 58.81537647679117953, -6.349999999999999645, -1.000000000000000888 ) ) ;
#4293 = CARTESIAN_POINT ( 'NONE',  ( 52.29406135961241375, 1.999999999999998224, -1.000000000000000000 ) ) ;
#4294 = LINE ( 'NONE', #3043, #4919 ) ;
#4295 = CARTESIAN_POINT ( 'NONE',  ( 22.58768456747169040, -1.596637958731250917, -3.569252719172791188 ) ) ;
#4296 = CIRCLE ( 'NONE', #6114, 22.71399999999999864 ) ;
#4297 = EDGE_CURVE ( 'NONE', #1395, #2342, #472, .T. ) ;
#4298 = EDGE_CURVE ( 'NONE', #4969, #3888, #1743, .T. ) ;
#4299 = VECTOR ( 'NONE', #7764, 999.9999999999998863 ) ;
#4300 = ORIENTED_EDGE ( 'NONE', *, *, #7880, .F. ) ;
#4301 = CARTESIAN_POINT ( 'NONE',  ( 3.348133808556642332, -1.999999999999997780, -5.461999999999999744 ) ) ;
#4302 = VECTOR ( 'NONE', #497, 1000.000000000000000 ) ;
#4303 = CIRCLE ( 'NONE', #1689, 24.00000000000000000 ) ;
#4304 = VERTEX_POINT ( 'NONE', #7812 ) ;
#4305 = EDGE_CURVE ( 'NONE', #1459, #1408, #2246, .T. ) ;
#4306 = EDGE_CURVE ( 'NONE', #7463, #7535, #4109, .T. ) ;
#4307 = AXIS2_PLACEMENT_3D ( 'NONE', #1120, #7925, #6144 ) ;
#4308 = DIRECTION ( 'NONE',  ( 1.000000000000000000, 1.103821940798063932E-16, -1.851507882525184455E-16 ) ) ;
#4309 = FACE_OUTER_BOUND ( 'NONE', #6171, .T. ) ;
#4310 = CARTESIAN_POINT ( 'NONE',  ( 27.06537647679117242, 1.596637958731240481, -0.8889999999999970148 ) ) ;
#4311 = VECTOR ( 'NONE', #5044, 1000.000000000000000 ) ;
#4312 = EDGE_LOOP ( 'NONE', ( #2862, #3268, #2606, #862, #49, #3819, #7831, #6847, #2041, #1598, #7157, #2144, #5699, #3035, #979, #2745, #227, #1070, #4806, #6552, #7981, #7680 ) ) ;
#4313 = APPROVAL_PERSON_ORGANIZATION ( #1014, #4444, #3520 ) ;
#4314 = DIRECTION ( 'NONE',  ( 7.726753585586454307E-16, 1.000000000000000000, 1.334402673828314572E-16 ) ) ;
#4315 = ORIENTED_EDGE ( 'NONE', *, *, #1855, .F. ) ;
#4317 = VERTEX_POINT ( 'NONE', #6638 ) ;
#4316 = CARTESIAN_POINT ( 'NONE',  ( 19.54406135961241375, 1.733189655496044423, 0.08681072319625977862 ) ) ;
#4318 = LINE ( 'NONE', #4798, #2748 ) ;
#4319 = CARTESIAN_POINT ( 'NONE',  ( 31.75000000000000000, 2.435009221443560882E-17, -5.462000000000001521 ) ) ;
#4320 = EDGE_CURVE ( 'NONE', #4317, #2394, #7285, .T. ) ;
#4321 = LINE ( 'NONE', #7489, #1298 ) ;
#4322 = CARTESIAN_POINT ( 'NONE',  ( 27.06537647679117597, -3.095724199259894949, 21.82499999999999929 ) ) ;
#4323 = PLANE ( 'NONE',  #889 ) ;
#4324 = ORIENTED_EDGE ( 'NONE', *, *, #6567, .T. ) ;
#4325 = CARTESIAN_POINT ( 'NONE',  ( 43.95593864038759335, -1.999999999999998224, -4.499616196478833707 ) ) ;
#4326 = CARTESIAN_POINT ( 'NONE',  ( 4.684623523208827578, 0.5000000000000065503, -1.000000000000000000 ) ) ;
#4327 = DIRECTION ( 'NONE',  ( 0.000000000000000000, 0.000000000000000000, -1.000000000000000000 ) ) ;
#4328 = ORIENTED_EDGE ( 'NONE', *, *, #7310, .T. ) ;
#4329 = DIRECTION ( 'NONE',  ( 1.851507882525183222E-16, 1.334402673828313093E-16, -1.000000000000000000 ) ) ;
#4330 = PLANE ( 'NONE',  #6225 ) ;
#4331 = AXIS2_PLACEMENT_3D ( 'NONE', #7845, #4759, #6799 ) ;
#4332 = CARTESIAN_POINT ( 'NONE',  ( 65.60000000000000853, -1.710811806799523915E-16, -5.461999999999996191 ) ) ;
#4333 = ORIENTED_EDGE ( 'NONE', *, *, #1569, .T. ) ;
#4334 = DIRECTION ( 'NONE',  ( 1.000000000000000000, -0.000000000000000000, -0.000000000000000000 ) ) ;
#4335 = ORIENTED_EDGE ( 'NONE', *, *, #7037, .F. ) ;
#4336 = DIRECTION ( 'NONE',  ( 5.519109703990317197E-17, -1.000000000000000000, -0.000000000000000000 ) ) ;
#4337 = EDGE_CURVE ( 'NONE', #529, #2118, #7973, .T. ) ;
#4338 = EDGE_LOOP ( 'NONE', ( #3202, #1121, #7216, #5068, #4774, #5575, #3635, #429 ) ) ;
#4339 = LINE ( 'NONE', #2380, #5905 ) ;
#4340 = EDGE_LOOP ( 'NONE', ( #5085, #2289, #1382, #5338, #2283 ) ) ;
#4341 = DIRECTION ( 'NONE',  ( 0.000000000000000000, 0.000000000000000000, -1.000000000000000000 ) ) ;
#4342 = ORIENTED_EDGE ( 'NONE', *, *, #4696, .F. ) ;
#4343 = LINE ( 'NONE', #5483, #235 ) ;
#4344 = CARTESIAN_POINT ( 'NONE',  ( 0.000000000000000000, 0.000000000000000000, -2.286000000000000032 ) ) ;
#4345 = PLANE ( 'NONE',  #771 ) ;
#4346 = EDGE_CURVE ( 'NONE', #4101, #2429, #4233, .T. ) ;
#4347 = EDGE_CURVE ( 'NONE', #4692, #7463, #5375, .T. ) ;
#4348 = VERTEX_POINT ( 'NONE', #4147 ) ;
#4349 = CIRCLE ( 'NONE', #1219, 3.900000000000000799 ) ;
#4350 = DIRECTION ( 'NONE',  ( 0.000000000000000000, 0.000000000000000000, -1.000000000000000000 ) ) ;
#4351 = ORIENTED_EDGE ( 'NONE', *, *, #7964, .T. ) ;
#4353 = VERTEX_POINT ( 'NONE', #4191 ) ;
#4352 = CARTESIAN_POINT ( 'NONE',  ( 8.852179787215165518, -6.349999999999999645, -1.364613927707009067 ) ) ;
#4354 = DIRECTION ( 'NONE',  ( -0.000000000000000000, 1.000000000000000000, 1.379057453301393079E-16 ) ) ;
#4355 = CARTESIAN_POINT ( 'NONE',  ( 27.06537647679117597, -3.095724199259894949, -2.336650754946252295 ) ) ;
#4356 = CARTESIAN_POINT ( 'NONE',  ( 51.29406135961241375, 1.999999999999998224, -1.955972100311188511 ) ) ;
#4357 = DIRECTION ( 'NONE',  ( 0.000000000000000000, 0.000000000000000000, -1.000000000000000000 ) ) ;
#4358 = DIRECTION ( 'NONE',  ( 5.551115123125782086E-17, 0.03489949670250421659, -0.9993908270190955401 ) ) ;
#4359 = EDGE_CURVE ( 'NONE', #335, #3451, #1629, .T. ) ;
#4360 = ORIENTED_EDGE ( 'NONE', *, *, #5537, .T. ) ;
#4361 = ORIENTED_EDGE ( 'NONE', *, *, #5489, .F. ) ;
#4362 = CARTESIAN_POINT ( 'NONE',  ( 27.88218407883724836, 0.4999999999999993339, -5.460999999999995858 ) ) ;
#4363 = LINE ( 'NONE', #1255, #4188 ) ;
#4364 = ORIENTED_EDGE ( 'NONE', *, *, #2517, .T. ) ;
#4365 = CARTESIAN_POINT ( 'NONE',  ( 63.50000000000000000, 8.609464714099180422E-17, 2.285999999999999588 ) ) ;
#4366 = CARTESIAN_POINT ( 'NONE',  ( 2.346280500373609801, 3.115321732520953457, -0.2771493188697837229 ) ) ;
#4367 = LINE ( 'NONE', #602, #4402 ) ;
#4368 = EDGE_CURVE ( 'NONE', #5362, #935, #6490, .T. ) ;
#4369 = ORIENTED_EDGE ( 'NONE', *, *, #4510, .T. ) ;
#4370 = ORIENTED_EDGE ( 'NONE', *, *, #804, .F. ) ;
#4371 = VERTEX_POINT ( 'NONE', #1171 ) ;
#4372 = DIRECTION ( 'NONE',  ( 0.000000000000000000, 1.000000000000000000, 0.000000000000000000 ) ) ;
#4373 = FACE_OUTER_BOUND ( 'NONE', #139, .T. ) ;
#4374 = CARTESIAN_POINT ( 'NONE',  ( 0.000000000000000000, 0.000000000000000000, 0.000000000000000000 ) ) ;
#4375 = LINE ( 'NONE', #2382, #4543 ) ;
#4376 = ADVANCED_FACE ( 'NONE', ( #7883 ), #5451, .F. ) ;
#4377 = ORIENTED_EDGE ( 'NONE', *, *, #2040, .F. ) ;
#4378 = PLANE ( 'NONE',  #351 ) ;
#4379 = CONICAL_SURFACE ( 'NONE', #985, 25.00000000000000000, 1.535889741755006366 ) ;
#4380 = ORIENTED_EDGE ( 'NONE', *, *, #784, .F. ) ;
#4381 = CARTESIAN_POINT ( 'NONE',  ( 52.29406135961241375, 1.999999999999997335, -5.461999999999999744 ) ) ;
#4382 = CARTESIAN_POINT ( 'NONE',  ( 29.37797730151740083, 3.095724199259894949, -4.013349245053742465 ) ) ;
#4383 = DIRECTION ( 'NONE',  ( 1.000000000000000000, 5.004010026856172557E-17, 0.000000000000000000 ) ) ;
#4384 = EDGE_LOOP ( 'NONE', ( #2853, #5854, #7229, #2955 ) ) ;
#4385 = FACE_OUTER_BOUND ( 'NONE', #7910, .T. ) ;
#4386 = ORIENTED_EDGE ( 'NONE', *, *, #6140, .T. ) ;
#4388 = ORIENTED_EDGE ( 'NONE', *, *, #6962, .T. ) ;
#4387 = CARTESIAN_POINT ( 'NONE',  ( 51.29406135961241375, 1.596637958731240481, 1.380719746345368204 ) ) ;
#4389 = CARTESIAN_POINT ( 'NONE',  ( 58.81537647679117953, -6.349999999999999645, -25.00000000000000000 ) ) ;
#4390 = EDGE_CURVE ( 'NONE', #7437, #2543, #3375, .T. ) ;
#4391 = CARTESIAN_POINT ( 'NONE',  ( 27.06537647679117953, -2.000000000000000000, -5.405748789119929398 ) ) ;
#4392 = DIRECTION ( 'NONE',  ( 0.000000000000000000, 0.000000000000000000, 1.000000000000000000 ) ) ;
#4393 = CARTESIAN_POINT ( 'NONE',  ( 58.81537647679117242, -0.4999999999999967804, -2.286000000000000032 ) ) ;
#4394 = AXIS2_PLACEMENT_3D ( 'NONE', #5871, #5263, #7740 ) ;
#4395 = AXIS2_PLACEMENT_3D ( 'NONE', #1791, #487, #6776 ) ;
#4396 = EDGE_CURVE ( 'NONE', #6223, #7699, #5983, .T. ) ;
#4397 = EDGE_CURVE ( 'NONE', #5241, #5996, #2903, .T. ) ;
#4398 = EDGE_LOOP ( 'NONE', ( #2019, #3944, #4410, #4025, #2163, #6238, #6066, #3992 ) ) ;
#4399 = EDGE_LOOP ( 'NONE', ( #4546, #2236, #6173, #4165 ) ) ;
#4400 = CARTESIAN_POINT ( 'NONE',  ( 51.29406135961241375, 1.733189655496043979, 1.380719746345368870 ) ) ;
#4401 = CARTESIAN_POINT ( 'NONE',  ( 29.17152852484136716, -2.927549233475418955, -1.677925951644813507 ) ) ;
#4402 = VECTOR ( 'NONE', #5544, 1000.000000000000000 ) ;
#4403 = ORIENTED_EDGE ( 'NONE', *, *, #6009, .F. ) ;
#4404 = ADVANCED_FACE ( 'NONE', ( #4847 ), #7849, .F. ) ;
#4405 = ADVANCED_FACE ( 'NONE', ( #5533 ), #4323, .F. ) ;
#4406 = LINE ( 'NONE', #5625, #6384 ) ;
#4407 = CARTESIAN_POINT ( 'NONE',  ( 12.20593864038758980, -0.5000000000000003331, -5.461999999999999744 ) ) ;
#4408 = DIRECTION ( 'NONE',  ( 1.000000000000000000, 0.000000000000000000, 0.000000000000000000 ) ) ;
#4409 = VECTOR ( 'NONE', #2838, 1000.000000000000000 ) ;
#4410 = ORIENTED_EDGE ( 'NONE', *, *, #3352, .F. ) ;
#4411 = LINE ( 'NONE', #731, #5583 ) ;
#4412 = VERTEX_POINT ( 'NONE', #6803 ) ;
#4413 = AXIS2_PLACEMENT_3D ( 'NONE', #7326, #2531, #6230 ) ;
#4414 = FACE_OUTER_BOUND ( 'NONE', #1080, .T. ) ;
#4415 = ORIENTED_EDGE ( 'NONE', *, *, #7590, .F. ) ;
#4416 = EDGE_CURVE ( 'NONE', #1782, #3048, #7491, .T. ) ;
#4417 = FACE_OUTER_BOUND ( 'NONE', #1088, .T. ) ;
#4418 = DIRECTION ( 'NONE',  ( 0.000000000000000000, -1.000000000000000000, -2.065146995210484448E-16 ) ) ;
#4419 = VECTOR ( 'NONE', #2728, 1000.000000000000227 ) ;
#4420 = CIRCLE ( 'NONE', #7658, 3.900000000000011013 ) ;
#4421 = VECTOR ( 'NONE', #6953, 1000.000000000000000 ) ;
#4422 = ORIENTED_EDGE ( 'NONE', *, *, #150, .F. ) ;
#4423 = DIRECTION ( 'NONE',  ( -1.000000000000000000, 1.714210004008715021E-16, 0.000000000000000000 ) ) ;
#4424 = ORIENTED_EDGE ( 'NONE', *, *, #7191, .F. ) ;
#4425 = VECTOR ( 'NONE', #3224, 1000.000000000000000 ) ;
#4426 = EDGE_CURVE ( 'NONE', #2436, #6747, #8012, .T. ) ;
#4427 = CARTESIAN_POINT ( 'NONE',  ( 54.87113176926450109, -0.4999999999999993339, -2.631076698080709875 ) ) ;
#4428 = DIRECTION ( 'NONE',  ( -1.000000000000000000, 0.000000000000000000, -1.851507882525183222E-16 ) ) ;
#4429 = DIRECTION ( 'NONE',  ( 1.103821940798063316E-16, 1.000000000000000000, 1.334402673828313339E-16 ) ) ;
#4430 = VECTOR ( 'NONE', #157, 999.9999999999998863 ) ;
#4431 = ORIENTED_EDGE ( 'NONE', *, *, #5645, .F. ) ;
#4432 = AXIS2_PLACEMENT_3D ( 'NONE', #7827, #2946, #4773 ) ;
#4433 = FACE_OUTER_BOUND ( 'NONE', #6426, .T. ) ;
#4434 = VERTEX_POINT ( 'NONE', #3096 ) ;
#4435 = CIRCLE ( 'NONE', #2493, 1.499999999999999778 ) ;
#4437 = ORIENTED_EDGE ( 'NONE', *, *, #7091, .T. ) ;
#4436 = FACE_OUTER_BOUND ( 'NONE', #7258, .T. ) ;
#4438 = CARTESIAN_POINT ( 'NONE',  ( 2.372022698482600056, 3.095724199259894949, -0.8383492450537456397 ) ) ;
#4439 = LINE ( 'NONE', #5043, #6625 ) ;
#4440 = LINE ( 'NONE', #7490, #2097 ) ;
#4441 = AXIS2_PLACEMENT_3D ( 'NONE', #6239, #2500, #5665 ) ;
#4442 = VECTOR ( 'NONE', #3200, 1000.000000000000000 ) ;
#4443 = ORIENTED_EDGE ( 'NONE', *, *, #1224, .T. ) ;
#4444 = APPROVAL ( #7139, 'UNSPECIFIED' ) ;
#4445 = ORIENTED_EDGE ( 'NONE', *, *, #3981, .T. ) ;
#4446 = CARTESIAN_POINT ( 'NONE',  ( 28.40186619144336078, -2.000000000000000444, -0.9442512108800652504 ) ) ;
#4447 = ADVANCED_FACE ( 'NONE', ( #1908 ), #4968, .T. ) ;
#4448 = ORIENTED_EDGE ( 'NONE', *, *, #200, .T. ) ;
#4449 = CARTESIAN_POINT ( 'NONE',  ( 51.29406135961241375, 1.999999999999998224, 2.287000000000011468 ) ) ;
#4450 = LINE ( 'NONE', #3107, #5954 ) ;
#4451 = LINE ( 'NONE', #6242, #3831 ) ;
#4452 = EDGE_CURVE ( 'NONE', #4813, #1643, #1870, .T. ) ;
#4453 = VERTEX_POINT ( 'NONE', #1215 ) ;
#4454 = EDGE_CURVE ( 'NONE', #3864, #7866, #2491, .T. ) ;
#4455 = CARTESIAN_POINT ( 'NONE',  ( 8.638462502818713418, 1.999999999999998224, -2.576664877242706098 ) ) ;
#4456 = ORIENTED_EDGE ( 'NONE', *, *, #6258, .T. ) ;
#4457 = DIRECTION ( 'NONE',  ( 1.851507882525184455E-16, 0.000000000000000000, -1.000000000000000000 ) ) ;
#4458 = EDGE_CURVE ( 'NONE', #7340, #6547, #591, .T. ) ;
#4459 = VERTEX_POINT ( 'NONE', #3062 ) ;
#4460 = DIRECTION ( 'NONE',  ( 0.000000000000000000, 0.000000000000000000, -1.000000000000000000 ) ) ;
#4461 = CARTESIAN_POINT ( 'NONE',  ( 10.51050136705700844, 0.5000000000000002220, -1.657020764924213685 ) ) ;
#4462 = VERTEX_POINT ( 'NONE', #7454 ) ;
#4463 = CARTESIAN_POINT ( 'NONE',  ( 51.29406135961241375, -0.5000000000000003331, 2.287000000000011468 ) ) ;
#4464 = DIRECTION ( 'NONE',  ( 1.851507882525183222E-16, 1.334402673828313093E-16, -1.000000000000000000 ) ) ;
#4465 = VERTEX_POINT ( 'NONE', #4393 ) ;
#4466 = DIRECTION ( 'NONE',  ( -1.000000000000000000, 0.000000000000000000, 1.851507882525184455E-16 ) ) ;
#4467 = CARTESIAN_POINT ( 'NONE',  ( 27.06537647679117953, 2.000000000000000888, -5.405748789119929398 ) ) ;
#4468 = DIRECTION ( 'NONE',  ( 0.000000000000000000, -1.000000000000000000, -0.000000000000000000 ) ) ;
#4469 = VERTEX_POINT ( 'NONE', #1250 ) ;
#4470 = CARTESIAN_POINT ( 'NONE',  ( 43.95593864038759335, 0.4999999999999996669, -3.249881123460298671 ) ) ;
#4471 = VERTEX_POINT ( 'NONE', #4901 ) ;
#4472 = CARTESIAN_POINT ( 'NONE',  ( 42.95593864038758625, -1.999999999999999556, -5.461999999999999744 ) ) ;
#4474 = EDGE_LOOP ( 'NONE', ( #6517, #2837, #6459, #5030 ) ) ;
#4473 = CARTESIAN_POINT ( 'NONE',  ( 51.31704523229382175, -1.999999999999998224, 0.07893380033520328021 ) ) ;
#4475 = DIRECTION ( 'NONE',  ( 1.000000000000000000, 0.000000000000000000, 1.851507882525182976E-16 ) ) ;
#4476 = AXIS2_PLACEMENT_3D ( 'NONE', #914, #2842, #4589 ) ;
#4477 = CARTESIAN_POINT ( 'NONE',  ( 36.43462352320882047, -6.349999999999999645, -2.174999999999999822 ) ) ;
#4478 = CARTESIAN_POINT ( 'NONE',  ( 34.18282023635385514, -3.049668403589960164, -1.981955401705112862 ) ) ;
#4479 = ORIENTED_EDGE ( 'NONE', *, *, #7037, .T. ) ;
#4480 = EDGE_CURVE ( 'NONE', #519, #529, #3884, .T. ) ;
#4481 = EDGE_LOOP ( 'NONE', ( #2194, #2784, #3894, #7727 ) ) ;
#4482 = CIRCLE ( 'NONE', #1740, 25.00000000000000000 ) ;
#4483 = CARTESIAN_POINT ( 'NONE',  ( 43.95593864038759335, -1.999999999999999112, -3.249881123460298671 ) ) ;
#4484 = DIRECTION ( 'NONE',  ( -0.000000000000000000, -0.000000000000000000, 1.000000000000000000 ) ) ;
#4485 = ORIENTED_EDGE ( 'NONE', *, *, #5332, .T. ) ;
#4486 = CARTESIAN_POINT ( 'NONE',  ( 28.86036165688216215, 1.999999999999999556, -2.861743002479768094 ) ) ;
#4487 = CARTESIAN_POINT ( 'NONE',  ( 60.15186619144333946, 2.000000000000003997, -2.230748789119929576 ) ) ;
#4488 = CARTESIAN_POINT ( 'NONE',  ( 34.10918208222989279, -3.105563006354284283, -3.731602673097112355 ) ) ;
#4489 = VECTOR ( 'NONE', #7905, 1000.000000000000000 ) ;
#4490 = ORIENTED_EDGE ( 'NONE', *, *, #946, .T. ) ;
#4491 = LINE ( 'NONE', #3280, #4430 ) ;
#4492 = ORIENTED_EDGE ( 'NONE', *, *, #3162, .F. ) ;
#4493 = ORIENTED_EDGE ( 'NONE', *, *, #1769, .F. ) ;
#4494 = CARTESIAN_POINT ( 'NONE',  ( 54.47417203511789552, -3.125000000000000000, -0.3798061746948028228 ) ) ;
#4495 = CARTESIAN_POINT ( 'NONE',  ( 52.29406135961241375, -0.5000000000000003331, -5.461999999999999744 ) ) ;
#4496 = EDGE_CURVE ( 'NONE', #826, #5107, #7306, .T. ) ;
#4497 = ORIENTED_EDGE ( 'NONE', *, *, #663, .F. ) ;
#4498 = CARTESIAN_POINT ( 'NONE',  ( 43.95593864038759335, 1.733189655496051751, -4.555719746345367582 ) ) ;
#4499 = DIRECTION ( 'NONE',  ( 0.1736481776669313304, 0.000000000000000000, -0.9848077530122079093 ) ) ;
#4500 = EDGE_LOOP ( 'NONE', ( #3355, #2404, #1983, #7445 ) ) ;
#4501 = EDGE_CURVE ( 'NONE', #10, #5562, #2861, .T. ) ;
#4502 = DIRECTION ( 'NONE',  ( 1.477492560386117738E-16, 1.000000000000000000, 1.334402673828313093E-16 ) ) ;
#4503 = ORIENTED_EDGE ( 'NONE', *, *, #7700, .F. ) ;
#4504 = DIRECTION ( 'NONE',  ( -0.000000000000000000, -0.000000000000000000, 1.000000000000000000 ) ) ;
#4505 = ORIENTED_EDGE ( 'NONE', *, *, #2469, .F. ) ;
#4506 = DIRECTION ( 'NONE',  ( 0.000000000000000000, 0.000000000000000000, 1.000000000000000000 ) ) ;
#4508 = ORIENTED_EDGE ( 'NONE', *, *, #1013, .T. ) ;
#4507 = CARTESIAN_POINT ( 'NONE',  ( 60.82877273811454444, -2.844852613263036734, 1.631462077464138405 ) ) ;
#4509 = DIRECTION ( 'NONE',  ( 1.000000000000000000, -0.000000000000000000, -8.326672684688676518E-17 ) ) ;
#4510 = EDGE_CURVE ( 'NONE', #2543, #6218, #1065, .T. ) ;
#4511 = DIRECTION ( 'NONE',  ( -1.577256018512544287E-32, 1.000000000000000000, 1.334402673828313093E-16 ) ) ;
#4512 = LINE ( 'NONE', #3947, #6563 ) ;
#4513 = DIRECTION ( 'NONE',  ( 0.000000000000000000, -0.03489949670250423741, -0.9993908270190955401 ) ) ;
#4514 = ORIENTED_EDGE ( 'NONE', *, *, #733, .T. ) ;
#4515 = VERTEX_POINT ( 'NONE', #6167 ) ;
#4516 = LINE ( 'NONE', #6403, #6379 ) ;
#4517 = LINE ( 'NONE', #3953, #5233 ) ;
#4518 = ORIENTED_EDGE ( 'NONE', *, *, #4217, .F. ) ;
#4519 = CARTESIAN_POINT ( 'NONE',  ( 54.32859421646586640, -3.095724199259894949, 0.4458066615660576937 ) ) ;
#4520 = CARTESIAN_POINT ( 'NONE',  ( 43.95593864038759335, 0.4999999999999996669, 2.287000000000009692 ) ) ;
#4521 = EDGE_CURVE ( 'NONE', #4515, #3285, #1194, .T. ) ;
#4522 = FACE_OUTER_BOUND ( 'NONE', #5972, .T. ) ;
#4523 =( BOUNDED_CURVE ( )  B_SPLINE_CURVE ( 3, ( #483, #7501, #4488, #1386 ),
 .UNSPECIFIED., .F., .T. ) 
 B_SPLINE_CURVE_WITH_KNOTS ( ( 4, 4 ),
 ( 3.782953956100591597, 3.795397441937025995 ),
 .UNSPECIFIED. ) 
 CURVE ( )  GEOMETRIC_REPRESENTATION_ITEM ( )  RATIONAL_B_SPLINE_CURVE ( ( 1.000000000000000000, 0.9999870966799773164, 0.9999870966799773164, 1.000000000000000000 ) ) 
 REPRESENTATION_ITEM ( '' )  );
#4524 = ORIENTED_EDGE ( 'NONE', *, *, #1315, .F. ) ;
#4525 = DIRECTION ( 'NONE',  ( 0.000000000000000000, -1.000000000000000000, 0.000000000000000000 ) ) ;
#4526 = AXIS2_PLACEMENT_3D ( 'NONE', #3358, #3931, #696 ) ;
#4527 = CARTESIAN_POINT ( 'NONE',  ( 11.20593864038758802, -1.999999999999997780, 2.287000000000003475 ) ) ;
#4528 = ORIENTED_EDGE ( 'NONE', *, *, #3276, .T. ) ;
#4529 = AXIS2_PLACEMENT_3D ( 'NONE', #3546, #4800, #3584 ) ;
#4530 = EDGE_CURVE ( 'NONE', #4635, #2770, #1758, .T. ) ;
#4531 = CARTESIAN_POINT ( 'NONE',  ( 11.20593864038758802, -1.999999999999998224, 1.000000000000000000 ) ) ;
#4532 = VECTOR ( 'NONE', #1590, 1000.000000000000000 ) ;
#4533 = EDGE_LOOP ( 'NONE', ( #5703, #5629, #7767, #2201, #2385, #2572, #1975, #3423 ) ) ;
#4534 = CARTESIAN_POINT ( 'NONE',  ( 29.65000000000000213, 2.815259200353793824E-16, -5.460999999999994969 ) ) ;
#4535 = LINE ( 'NONE', #5723, #1172 ) ;
#4536 = ORIENTED_EDGE ( 'NONE', *, *, #4675, .T. ) ;
#4537 = CIRCLE ( 'NONE', #107, 26.00000000000000355 ) ;
#4538 = EDGE_CURVE ( 'NONE', #6618, #1318, #5318, .T. ) ;
#4539 = LINE ( 'NONE', #7561, #5834 ) ;
#4540 = DIRECTION ( 'NONE',  ( 1.851507882525183222E-16, 1.334402673828313093E-16, -1.000000000000000000 ) ) ;
#4541 = VECTOR ( 'NONE', #4000, 1000.000000000000000 ) ;
#4542 = ORIENTED_EDGE ( 'NONE', *, *, #2111, .F. ) ;
#4543 = VECTOR ( 'NONE', #8030, 1000.000000000000000 ) ;
#4544 = DIRECTION ( 'NONE',  ( 0.1736481776669312194, 0.000000000000000000, -0.9848077530122080203 ) ) ;
#4545 = EDGE_CURVE ( 'NONE', #4991, #5059, #5190, .T. ) ;
#4546 = ORIENTED_EDGE ( 'NONE', *, *, #103, .F. ) ;
#4547 = CARTESIAN_POINT ( 'NONE',  ( -6.789423587380180771E-29, 8.609464714099180422E-17, -2.286000000000000032 ) ) ;
#4548 = ADVANCED_FACE ( 'NONE', ( #7431 ), #1848, .T. ) ;
#4549 = VECTOR ( 'NONE', #1116, 1000.000000000000000 ) ;
#4550 = VECTOR ( 'NONE', #1738, 1000.000000000000000 ) ;
#4552 = VERTEX_POINT ( 'NONE', #1229 ) ;
#4551 = CARTESIAN_POINT ( 'NONE',  ( 2.964076009658665356, -2.539715928915413201, 1.962147544309549296 ) ) ;
#4553 = DIRECTION ( 'NONE',  ( 1.477492560386118231E-16, -1.000000000000000000, -1.334402673828312600E-16 ) ) ;
#4554 = AXIS2_PLACEMENT_3D ( 'NONE', #8039, #3657, #6138 ) ;
#4555 = CARTESIAN_POINT ( 'NONE',  ( 4.684623523208827578, 3.095724199259894505, 0.8383492450537465279 ) ) ;
#4556 = DIRECTION ( 'NONE',  ( -0.000000000000000000, -0.000000000000000000, 1.000000000000000000 ) ) ;
#4557 = AXIS2_PLACEMENT_3D ( 'NONE', #7281, #2678, #4616 ) ;
#4558 = VECTOR ( 'NONE', #1583, 1000.000000000000000 ) ;
#4559 = ORIENTED_EDGE ( 'NONE', *, *, #8056, .F. ) ;
#4560 = CYLINDRICAL_SURFACE ( 'NONE', #1299, 1.499999999999999778 ) ;
#4561 = CARTESIAN_POINT ( 'NONE',  ( 22.86065950276410774, 1.596637958731250473, -2.021134931437601256 ) ) ;
#4562 = VECTOR ( 'NONE', #886, 1000.000000000000114 ) ;
#4563 = VERTEX_POINT ( 'NONE', #3642 ) ;
#4564 = FACE_OUTER_BOUND ( 'NONE', #1469, .T. ) ;
#4565 = CARTESIAN_POINT ( 'NONE',  ( 35.61781592116275164, -0.5000000000000005551, -4.174999999999999822 ) ) ;
#4566 = VECTOR ( 'NONE', #3979, 1000.000000000000000 ) ;
#4567 = LINE ( 'NONE', #2541, #1618 ) ;
#4568 = AXIS2_PLACEMENT_3D ( 'NONE', #1456, #3302, #6511 ) ;
#4569 = EDGE_LOOP ( 'NONE', ( #146, #4961, #3014, #4118 ) ) ;
#4570 = EDGE_CURVE ( 'NONE', #874, #5377, #1802, .T. ) ;
#4571 = LINE ( 'NONE', #773, #7924 ) ;
#4572 = DIRECTION ( 'NONE',  ( 0.000000000000000000, -1.000000000000000000, 0.000000000000000000 ) ) ;
#4573 = ORIENTED_EDGE ( 'NONE', *, *, #7823, .T. ) ;
#4574 =( BOUNDED_CURVE ( )  B_SPLINE_CURVE ( 3, ( #1880, #4366, #2540, #646 ),
 .UNSPECIFIED., .F., .T. ) 
 B_SPLINE_CURVE_WITH_KNOTS ( ( 4, 4 ),
 ( 3.782953956100592041, 3.795397441937025995 ),
 .UNSPECIFIED. ) 
 CURVE ( )  GEOMETRIC_REPRESENTATION_ITEM ( )  RATIONAL_B_SPLINE_CURVE ( ( 1.000000000000000000, 0.9999870966799773164, 0.9999870966799773164, 1.000000000000000000 ) ) 
 REPRESENTATION_ITEM ( '' )  );
#4575 = CARTESIAN_POINT ( 'NONE',  ( 36.43462352320882047, 0.5000000000000013323, -4.175000000000001599 ) ) ;
#4576 = MECHANICAL_CONTEXT ( 'NONE', #7360, 'mechanical' ) ;
#4577 = DIRECTION ( 'NONE',  ( 1.000000000000000000, 0.000000000000000000, 0.000000000000000000 ) ) ;
#4578 = EDGE_CURVE ( 'NONE', #671, #2227, #1682, .T. ) ;
#4579 = ORIENTED_EDGE ( 'NONE', *, *, #2481, .T. ) ;
#4580 = PLANE ( 'NONE',  #606 ) ;
#4581 = CARTESIAN_POINT ( 'NONE',  ( 36.43462352320882047, 2.000000000000003553, -2.174999999999999822 ) ) ;
#4582 = ORIENTED_EDGE ( 'NONE', *, *, #7911, .F. ) ;
#4583 = FACE_OUTER_BOUND ( 'NONE', #2702, .T. ) ;
#4584 = CARTESIAN_POINT ( 'NONE',  ( 2.346280500373622679, -3.115321732520944575, -0.2771493188700569488 ) ) ;
#4585 = CC_DESIGN_PERSON_AND_ORGANIZATION_ASSIGNMENT ( #2095, #4001, ( #1317 ) ) ;
#4586 = ORIENTED_EDGE ( 'NONE', *, *, #4273, .T. ) ;
#4587 = CARTESIAN_POINT ( 'NONE',  ( 22.55052385745096899, -0.5000000000000004441, -3.780001578317405464 ) ) ;
#4588 = ORIENTED_EDGE ( 'NONE', *, *, #2428, .T. ) ;
#4589 = DIRECTION ( 'NONE',  ( 1.000000000000000000, 1.084202172485504434E-16, 0.000000000000000000 ) ) ;
#4591 = EDGE_LOOP ( 'NONE', ( #4204, #7335 ) ) ;
#4590 = CARTESIAN_POINT ( 'NONE',  ( 54.30052385745097610, -6.349999999999999645, 0.6050015783174087503 ) ) ;
#4592 = LINE ( 'NONE', #1489, #1015 ) ;
#4593 = DIRECTION ( 'NONE',  ( 1.000000000000000000, 0.000000000000000000, 0.000000000000000000 ) ) ;
#4594 = EDGE_CURVE ( 'NONE', #5923, #2125, #5574, .T. ) ;
#4595 = ORIENTED_EDGE ( 'NONE', *, *, #1366, .T. ) ;
#4596 = ORIENTED_EDGE ( 'NONE', *, *, #1005, .T. ) ;
#4597 = ADVANCED_FACE ( 'NONE', ( #2422 ), #4776, .F. ) ;
#4598 = CARTESIAN_POINT ( 'NONE',  ( 54.61065950276410774, 1.596637958731251139, -1.153865068562397678 ) ) ;
#4599 = PLANE ( 'NONE',  #4971 ) ;
#4600 = ORIENTED_EDGE ( 'NONE', *, *, #2184, .T. ) ;
#4601 = CARTESIAN_POINT ( 'NONE',  ( 20.54406135961241020, 1.868478067631188733, -4.713229487452620603 ) ) ;
#4602 = DIRECTION ( 'NONE',  ( 1.000000000000000000, 0.000000000000000000, 0.000000000000000000 ) ) ;
#4603 = EDGE_CURVE ( 'NONE', #4914, #775, #3764, .T. ) ;
#4604 = CARTESIAN_POINT ( 'NONE',  ( 36.43462352320882047, 0.4999999999999957812, 21.82499999999999929 ) ) ;
#4605 = EDGE_LOOP ( 'NONE', ( #5600, #5173, #6933, #7759 ) ) ;
#4606 = VECTOR ( 'NONE', #6524, 1000.000000000000000 ) ;
#4607 = CARTESIAN_POINT ( 'NONE',  ( 19.54406135961241020, 1.999999999999998224, 0.03070717332972648303 ) ) ;
#4608 = ORIENTED_EDGE ( 'NONE', *, *, #5284, .F. ) ;
#4609 = DIRECTION ( 'NONE',  ( 0.000000000000000000, 0.000000000000000000, -1.000000000000000000 ) ) ;
#4610 = VECTOR ( 'NONE', #6458, 1000.000000000000000 ) ;
#4611 = ADVANCED_FACE ( 'NONE', ( #4417 ), #6902, .F. ) ;
#4612 = CALENDAR_DATE ( 2022, 6, 6 ) ;
#4613 = ORIENTED_EDGE ( 'NONE', *, *, #6770, .F. ) ;
#4614 = CARTESIAN_POINT ( 'NONE',  ( 63.50000000000000000, 0.000000000000000000, -2.286000000000000032 ) ) ;
#4615 =( BOUNDED_CURVE ( )  B_SPLINE_CURVE ( 3, ( #5416, #7890, #595, #7371 ),
 .UNSPECIFIED., .F., .T. ) 
 B_SPLINE_CURVE_WITH_KNOTS ( ( 4, 4 ),
 ( 5.629380518832353353, 5.641824004668787751 ),
 .UNSPECIFIED. ) 
 CURVE ( )  GEOMETRIC_REPRESENTATION_ITEM ( )  RATIONAL_B_SPLINE_CURVE ( ( 1.000000000000000000, 0.9999870966799773164, 0.9999870966799773164, 1.000000000000000000 ) ) 
 REPRESENTATION_ITEM ( '' )  );
#4616 = DIRECTION ( 'NONE',  ( -1.851507882525183222E-16, 0.000000000000000000, 1.000000000000000000 ) ) ;
#4617 = ORIENTED_EDGE ( 'NONE', *, *, #2766, .T. ) ;
#4618 = DIRECTION ( 'NONE',  ( -0.000000000000000000, -0.000000000000000000, 1.000000000000000000 ) ) ;
#4619 = CARTESIAN_POINT ( 'NONE',  ( 43.95593864038760046, -1.868478067631183182, 0.06799348359504887862 ) ) ;
#4620 = EDGE_CURVE ( 'NONE', #1060, #7894, #5838, .T. ) ;
#4621 = ORIENTED_EDGE ( 'NONE', *, *, #1990, .F. ) ;
#4622 = ORIENTED_EDGE ( 'NONE', *, *, #53, .T. ) ;
#4623 = DIRECTION ( 'NONE',  ( -1.000000000000000000, 1.477492560386117738E-16, 0.000000000000000000 ) ) ;
#4624 = CIRCLE ( 'NONE', #2158, 24.00000000000000000 ) ;
#4626 = EDGE_LOOP ( 'NONE', ( #4361, #4022, #1411, #6266 ) ) ;
#4625 = CARTESIAN_POINT ( 'NONE',  ( 2.889638343117849395, 2.000000000000004885, -0.3132569975202335599 ) ) ;
#4627 = ORIENTED_EDGE ( 'NONE', *, *, #7095, .F. ) ;
#4628 = CARTESIAN_POINT ( 'NONE',  ( 27.06537647679117597, 0.4999999999999957812, 21.82499999999999929 ) ) ;
#4629 = FACE_OUTER_BOUND ( 'NONE', #3560, .T. ) ;
#4630 = AXIS2_PLACEMENT_3D ( 'NONE', #7217, #1632, #1372 ) ;
#4631 = VERTEX_POINT ( 'NONE', #2004 ) ;
#4632 = CARTESIAN_POINT ( 'NONE',  ( 2.100000000000000089, 8.609464714099180422E-17, -5.461999999999996191 ) ) ;
#4633 = ORIENTED_EDGE ( 'NONE', *, *, #7230, .F. ) ;
#4635 = VERTEX_POINT ( 'NONE', #6940 ) ;
#4634 = LINE ( 'NONE', #466, #5855 ) ;
#4636 = DIRECTION ( 'NONE',  ( 1.000000000000000000, 0.000000000000000000, 1.851507882525182976E-16 ) ) ;
#4637 = ORIENTED_EDGE ( 'NONE', *, *, #6583, .F. ) ;
#4638 = CARTESIAN_POINT ( 'NONE',  ( 20.54406135961241020, 2.000000000000000000, -4.675943177187299682 ) ) ;
#4639 = CARTESIAN_POINT ( 'NONE',  ( 29.16554219203737830, -2.921324573982207351, -4.669002433685477627 ) ) ;
#4640 = EDGE_CURVE ( 'NONE', #335, #1764, #4420, .T. ) ;
#4641 = DIRECTION ( 'NONE',  ( 0.000000000000000000, 1.000000000000000000, 0.000000000000000000 ) ) ;
#4642 = ORIENTED_EDGE ( 'NONE', *, *, #6733, .F. ) ;
#4643 = ORIENTED_EDGE ( 'NONE', *, *, #3850, .F. ) ;
#4644 = DIRECTION ( 'NONE',  ( 0.000000000000000000, 1.000000000000000000, 0.000000000000000000 ) ) ;
#4645 = EDGE_CURVE ( 'NONE', #3667, #94, #6289, .T. ) ;
#4646 = VECTOR ( 'NONE', #2787, 1000.000000000000000 ) ;
#4647 = DIRECTION ( 'NONE',  ( 1.000000000000000000, -1.655732911197096577E-16, 0.000000000000000000 ) ) ;
#4648 = EDGE_CURVE ( 'NONE', #2825, #935, #5112, .T. ) ;
#4649 = ORIENTED_EDGE ( 'NONE', *, *, #3838, .T. ) ;
#4650 = CYLINDRICAL_SURFACE ( 'NONE', #1809, 1.500000000000000222 ) ;
#4651 = DATE_AND_TIME ( #4044, #5865 ) ;
#4652 = VECTOR ( 'NONE', #6945, 1000.000000000000000 ) ;
#4653 = VERTEX_POINT ( 'NONE', #1356 ) ;
#4654 = CARTESIAN_POINT ( 'NONE',  ( 61.11969584768854702, 3.089378738490766718, 1.020059466835279594 ) ) ;
#4655 = EDGE_CURVE ( 'NONE', #5896, #986, #4939, .T. ) ;
#4656 = LINE ( 'NONE', #6694, #5342 ) ;
#4657 = VECTOR ( 'NONE', #4045, 999.9999999999998863 ) ;
#4658 = PLANE ( 'NONE',  #1142 ) ;
#4659 = LINE ( 'NONE', #4743, #2927 ) ;
#4660 = DIRECTION ( 'NONE',  ( 1.851507882525183222E-16, 1.334402673828313093E-16, -1.000000000000000000 ) ) ;
#4661 = ORIENTED_EDGE ( 'NONE', *, *, #1850, .T. ) ;
#4662 = DIRECTION ( 'NONE',  ( 1.036515599736129278E-30, 0.9993908270190956511, -0.03489949670250423741 ) ) ;
#4664 = ORIENTED_EDGE ( 'NONE', *, *, #493, .T. ) ;
#4663 = DIRECTION ( 'NONE',  ( 0.9848077530122080203, 2.317165925841671444E-17, -0.1736481776669312194 ) ) ;
#4665 = ORIENTED_EDGE ( 'NONE', *, *, #2513, .F. ) ;
#4666 = LINE ( 'NONE', #5034, #5778 ) ;
#4667 = DIRECTION ( 'NONE',  ( 0.000000000000000000, 1.334402673828313093E-16, -1.000000000000000000 ) ) ;
#4668 = VECTOR ( 'NONE', #864, 1000.000000000000000 ) ;
#4669 = ORIENTED_EDGE ( 'NONE', *, *, #1341, .F. ) ;
#4670 = VECTOR ( 'NONE', #5873, 1000.000000000000000 ) ;
#4671 = VERTEX_POINT ( 'NONE', #735 ) ;
#4672 = AXIS2_PLACEMENT_3D ( 'NONE', #5546, #4334, #4980 ) ;
#4674 = ORIENTED_EDGE ( 'NONE', *, *, #5930, .T. ) ;
#4673 = CARTESIAN_POINT ( 'NONE',  ( 19.54406135961241020, -1.999999999999999556, -5.461999999999999744 ) ) ;
#4675 = EDGE_CURVE ( 'NONE', #3725, #5578, #2604, .T. ) ;
#4676 = CARTESIAN_POINT ( 'NONE',  ( 51.29406135961242086, -1.868478067631186956, -3.242993483595046467 ) ) ;
#4677 = CARTESIAN_POINT ( 'NONE',  ( 20.54406135961241020, -1.999999999999997335, -4.675943177187300570 ) ) ;
#4678 = FACE_OUTER_BOUND ( 'NONE', #3866, .T. ) ;
#4679 = CARTESIAN_POINT ( 'NONE',  ( 3.348133808556653435, 2.000000000000003997, 2.287000000000002586 ) ) ;
#4680 = DIRECTION ( 'NONE',  ( 1.851507882525183222E-16, 1.334402673828313093E-16, -1.000000000000000000 ) ) ;
#4681 = VECTOR ( 'NONE', #3148, 1000.000000000000000 ) ;
#4682 = DIRECTION ( 'NONE',  ( 0.000000000000000000, 0.000000000000000000, 1.000000000000000000 ) ) ;
#4683 = AXIS2_PLACEMENT_3D ( 'NONE', #6748, #4314, #4836 ) ;
#4684 = ORIENTED_EDGE ( 'NONE', *, *, #6733, .T. ) ;
#4685 = ORIENTED_EDGE ( 'NONE', *, *, #1341, .T. ) ;
#4686 = FACE_OUTER_BOUND ( 'NONE', #1336, .T. ) ;
#4687 = DIRECTION ( 'NONE',  ( 0.000000000000000000, 1.336517602782165892E-16, -1.000000000000000000 ) ) ;
#4688 = VECTOR ( 'NONE', #7786, 1000.000000000000000 ) ;
#4689 = EDGE_CURVE ( 'NONE', #1841, #4280, #7621, .T. ) ;
#4690 = DIRECTION ( 'NONE',  ( 0.000000000000000000, 0.000000000000000000, -1.000000000000000000 ) ) ;
#4691 = AXIS2_PLACEMENT_3D ( 'NONE', #2686, #6918, #5084 ) ;
#4692 = VERTEX_POINT ( 'NONE', #4 ) ;
#4693 = DIRECTION ( 'NONE',  ( 0.9848077530122079093, 0.000000000000000000, -0.1736481776669310528 ) ) ;
#4694 = CARTESIAN_POINT ( 'NONE',  ( 59.63218407883723415, 0.4999999999999996669, 1.000000000000000000 ) ) ;
#4695 = VECTOR ( 'NONE', #2934, 1000.000000000000000 ) ;
#4696 = EDGE_CURVE ( 'NONE', #1773, #2155, #3880, .T. ) ;
#4697 = CIRCLE ( 'NONE', #2754, 2.100000000000000089 ) ;
#4698 = EDGE_CURVE ( 'NONE', #1151, #7456, #1889, .T. ) ;
#4699 = ORIENTED_EDGE ( 'NONE', *, *, #5691, .F. ) ;
#4700 = CARTESIAN_POINT ( 'NONE',  ( 4.684623523208825802, 1.596637958731251139, -25.00000000000000000 ) ) ;
#4701 = CYLINDRICAL_SURFACE ( 'NONE', #7162, 3.899999999999999911 ) ;
#4702 = VERTEX_POINT ( 'NONE', #121 ) ;
#4703 = CARTESIAN_POINT ( 'NONE',  ( 5.066103523255280017, -0.5000000000000003331, 1.333826692420519100 ) ) ;
#4704 = CARTESIAN_POINT ( 'NONE',  ( 35.61781592116275164, 0.4999999999999993339, -5.460999999999994081 ) ) ;
#4705 = ADVANCED_FACE ( 'NONE', ( #2634 ), #3509, .T. ) ;
#4706 = ORIENTED_EDGE ( 'NONE', *, *, #5986, .T. ) ;
#4707 = CARTESIAN_POINT ( 'NONE',  ( 4.684623523208827578, -1.596637958731250917, 0.7859999999999995879 ) ) ;
#4708 = VERTEX_POINT ( 'NONE', #5757 ) ;
#4709 = CARTESIAN_POINT ( 'NONE',  ( 67.40000000000000568, 0.000000000000000000, 2.286000000000000032 ) ) ;
#4711 = ORIENTED_EDGE ( 'NONE', *, *, #5985, .F. ) ;
#4710 = DIRECTION ( 'NONE',  ( 1.000000000000000000, -0.000000000000000000, -8.326672684688676518E-17 ) ) ;
#4712 = ORIENTED_EDGE ( 'NONE', *, *, #4416, .T. ) ;
#4713 = LINE ( 'NONE', #4752, #5194 ) ;
#4714 = AXIS2_PLACEMENT_3D ( 'NONE', #4319, #6224, #7403 ) ;
#4715 = ORIENTED_EDGE ( 'NONE', *, *, #1457, .T. ) ;
#4716 = DIRECTION ( 'NONE',  ( 0.000000000000000000, 1.000000000000000000, 0.000000000000000000 ) ) ;
#4717 = ORIENTED_EDGE ( 'NONE', *, *, #6737, .F. ) ;
#4719 = ORIENTED_EDGE ( 'NONE', *, *, #7780, .T. ) ;
#4718 = FACE_OUTER_BOUND ( 'NONE', #6058, .T. ) ;
#4720 = CARTESIAN_POINT ( 'NONE',  ( 34.63963834311783785, -2.000000000000000444, -2.861743002479768538 ) ) ;
#4721 = FACE_OUTER_BOUND ( 'NONE', #3939, .T. ) ;
#4722 = CARTESIAN_POINT ( 'NONE',  ( 29.36977142144456465, 3.089436645026720996, -2.156598759395001785 ) ) ;
#4723 = CARTESIAN_POINT ( 'NONE',  ( 42.95593864038759335, 1.868478067631183182, -0.1083334971134168739 ) ) ;
#4724 = CARTESIAN_POINT ( 'NONE',  ( 58.81537647679117242, 3.125000000000000000, 1.391333921542872651E-28 ) ) ;
#4725 = EDGE_CURVE ( 'NONE', #732, #826, #4081, .T. ) ;
#4726 = ORIENTED_EDGE ( 'NONE', *, *, #1665, .T. ) ;
#4727 = ORIENTED_EDGE ( 'NONE', *, *, #879, .T. ) ;
#4728 = DIRECTION ( 'NONE',  ( -0.000000000000000000, -1.000000000000000000, 0.000000000000000000 ) ) ;
#4729 = PLANE ( 'NONE',  #603 ) ;
#4730 = ORIENTED_EDGE ( 'NONE', *, *, #321, .T. ) ;
#4731 = LINE ( 'NONE', #5910, #895 ) ;
#4732 = DATE_TIME_ROLE ( 'creation_date' ) ;
#4733 = LINE ( 'NONE', #6487, #877 ) ;
#4734 = ADVANCED_FACE ( 'NONE', ( #6413 ), #2253, .F. ) ;
#4735 = AXIS2_PLACEMENT_3D ( 'NONE', #2956, #4868, #4176 ) ;
#4736 = ORIENTED_EDGE ( 'NONE', *, *, #687, .F. ) ;
#4737 = LINE ( 'NONE', #3561, #7003 ) ;
#4738 = DIRECTION ( 'NONE',  ( 0.9848077530122079093, 0.000000000000000000, -0.1736481776669310528 ) ) ;
#4739 = VECTOR ( 'NONE', #7761, 1000.000000000000000 ) ;
#4740 = ADVANCED_FACE ( 'NONE', ( #1511 ), #239, .T. ) ;
#4741 = EDGE_CURVE ( 'NONE', #785, #4462, #2169, .T. ) ;
#4742 = DIRECTION ( 'NONE',  ( 0.000000000000000000, 0.000000000000000000, -1.000000000000000000 ) ) ;
#4743 = CARTESIAN_POINT ( 'NONE',  ( 27.06537647679117597, 3.125000000000000000, -3.174999999999997158 ) ) ;
#4744 = EDGE_CURVE ( 'NONE', #2227, #1151, #5950, .T. ) ;
#4745 = EDGE_CURVE ( 'NONE', #3877, #1656, #6890, .T. ) ;
#4746 = ORIENTED_EDGE ( 'NONE', *, *, #6397, .F. ) ;
#4747 = EDGE_LOOP ( 'NONE', ( #5840, #1534, #1912, #3885, #117 ) ) ;
#4748 = CARTESIAN_POINT ( 'NONE',  ( 9.199476142549027458, 0.4999999999999995559, 0.6050015783174087503 ) ) ;
#4749 = EDGE_LOOP ( 'NONE', ( #2657, #3174, #6440, #3763 ) ) ;
#4750 = EDGE_CURVE ( 'NONE', #7186, #7075, #2751, .T. ) ;
#4751 = EDGE_CURVE ( 'NONE', #1268, #6017, #5186, .T. ) ;
#4752 = CARTESIAN_POINT ( 'NONE',  ( 10.51050136705700844, -1.999999999999998224, -1.657020764924213685 ) ) ;
#4753 = DIRECTION ( 'NONE',  ( 1.851507882525183222E-16, 1.334402673828313093E-16, -1.000000000000000000 ) ) ;
#4754 = CARTESIAN_POINT ( 'NONE',  ( 28.40186619144336078, -1.999999999999999112, -5.405748789119929398 ) ) ;
#4755 = ORIENTED_EDGE ( 'NONE', *, *, #5013, .F. ) ;
#4757 = ORIENTED_EDGE ( 'NONE', *, *, #409, .F. ) ;
#4756 = DIRECTION ( 'NONE',  ( 0.000000000000000000, -1.000000000000000000, -1.379057453301393079E-16 ) ) ;
#4758 = CARTESIAN_POINT ( 'NONE',  ( 54.86153749718128125, 2.000000000000000888, -2.576664877242702989 ) ) ;
#4759 = DIRECTION ( 'NONE',  ( 0.1736481776669312194, 0.000000000000000000, -0.9848077530122080203 ) ) ;
#4760 = EDGE_CURVE ( 'NONE', #7096, #6015, #3178, .T. ) ;
#4761 = CARTESIAN_POINT ( 'NONE',  ( 28.49109673763140194, 2.149377904224196723, -0.9859562995582951128 ) ) ;
#4762 = CARTESIAN_POINT ( 'NONE',  ( 42.95593864038758625, 0.4999999999999996669, -1.395354880397274844 ) ) ;
#4763 = CARTESIAN_POINT ( 'NONE',  ( 23.12113176926450109, -0.5000000000000004441, -0.5439233019192890595 ) ) ;
#4764 = ORIENTED_EDGE ( 'NONE', *, *, #548, .T. ) ;
#4765 = ORIENTED_EDGE ( 'NONE', *, *, #3605, .F. ) ;
#4766 = LINE ( 'NONE', #7937, #5152 ) ;
#4767 = DIRECTION ( 'NONE',  ( -0.1736481776669313026, 0.000000000000000000, -0.9848077530122079093 ) ) ;
#4768 = ORIENTED_EDGE ( 'NONE', *, *, #7152, .F. ) ;
#4769 = CARTESIAN_POINT ( 'NONE',  ( 3.867815921162768955, 0.4999999999999996669, 2.287000000000002586 ) ) ;
#4770 = CARTESIAN_POINT ( 'NONE',  ( 3.348133808556642332, -1.999999999999997780, 2.230748789119931796 ) ) ;
#4771 = ORIENTED_EDGE ( 'NONE', *, *, #7530, .F. ) ;
#4772 = CARTESIAN_POINT ( 'NONE',  ( 51.29406135961241375, 0.4999999999999995559, -1.955972100311188511 ) ) ;
#4773 = DIRECTION ( 'NONE',  ( 0.000000000000000000, -0.03489949670250473701, 0.9993908270190955401 ) ) ;
#4774 = ORIENTED_EDGE ( 'NONE', *, *, #3010, .T. ) ;
#4775 = EDGE_CURVE ( 'NONE', #6136, #4453, #7742, .T. ) ;
#4776 = CYLINDRICAL_SURFACE ( 'NONE', #2732, 2.099999999999997868 ) ;
#4777 = AXIS2_PLACEMENT_3D ( 'NONE', #6809, #5577, #5539 ) ;
#4778 = DIRECTION ( 'NONE',  ( 0.000000000000000000, -1.000000000000000000, -1.358106471860483123E-16 ) ) ;
#4779 = CARTESIAN_POINT ( 'NONE',  ( 9.025827964882100929, -3.125000000000000000, -0.3798061746948028228 ) ) ;
#4780 = CIRCLE ( 'NONE', #8031, 1.500000000000000000 ) ;
#4781 = ORIENTED_EDGE ( 'NONE', *, *, #6084, .F. ) ;
#4782 = CARTESIAN_POINT ( 'NONE',  ( 12.20593864038758980, 1.999999999999997780, 1.324616196478835661 ) ) ;
#4783 = VECTOR ( 'NONE', #3192, 1000.000000000000000 ) ;
#4784 = EDGE_LOOP ( 'NONE', ( #6543, #607, #3427, #3320, #5545 ) ) ;
#4785 = EDGE_CURVE ( 'NONE', #5032, #2758, #5791, .T. ) ;
#4786 = VERTEX_POINT ( 'NONE', #279 ) ;
#4787 = MANIFOLD_SOLID_BREP ( '228-2500-1110', #2302 ) ;
#4788 = DIRECTION ( 'NONE',  ( 0.000000000000000000, 0.000000000000000000, 1.000000000000000000 ) ) ;
#4789 = CIRCLE ( 'NONE', #6352, 3.900000000000004352 ) ;
#4790 = EDGE_CURVE ( 'NONE', #1318, #4869, #2873, .T. ) ;
#4791 = ADVANCED_FACE ( 'NONE', ( #5301 ), #4650, .T. ) ;
#4792 = ORIENTED_EDGE ( 'NONE', *, *, #906, .F. ) ;
#4793 = VERTEX_POINT ( 'NONE', #4575 ) ;
#4794 = VECTOR ( 'NONE', #5176, 1000.000000000000000 ) ;
#4796 = ORIENTED_EDGE ( 'NONE', *, *, #6195, .T. ) ;
#4795 = CARTESIAN_POINT ( 'NONE',  ( 58.81537647679117242, -1.999999999999997335, 2.230748789119931352 ) ) ;
#4797 = EDGE_CURVE ( 'NONE', #1408, #4469, #6531, .T. ) ;
#4798 = CARTESIAN_POINT ( 'NONE',  ( 9.025827964882100929, 3.125000000000000000, -0.3798061746948026007 ) ) ;
#4799 = CARTESIAN_POINT ( 'NONE',  ( 34.18717292614758207, -3.044840474553112575, -4.361246284442438004 ) ) ;
#4800 = DIRECTION ( 'NONE',  ( -0.000000000000000000, -1.000000000000000000, -0.000000000000000000 ) ) ;
#4801 = DIRECTION ( 'NONE',  ( 0.1736481776669305810, 0.000000000000000000, 0.9848077530122080203 ) ) ;
#4802 = DIRECTION ( 'NONE',  ( 0.000000000000000000, -1.000000000000000000, -1.379057453301393079E-16 ) ) ;
#4803 = VECTOR ( 'NONE', #422, 1000.000000000000000 ) ;
#4804 = VECTOR ( 'NONE', #3627, 1000.000000000000000 ) ;
#4805 = EDGE_CURVE ( 'NONE', #1700, #1656, #4731, .T. ) ;
#4806 = ORIENTED_EDGE ( 'NONE', *, *, #6987, .T. ) ;
#4807 = CIRCLE ( 'NONE', #1294, 23.99999999999999645 ) ;
#4808 = ORIENTED_EDGE ( 'NONE', *, *, #4993, .T. ) ;
#4809 = PLANE ( 'NONE',  #578 ) ;
#4810 = TOROIDAL_SURFACE ( 'NONE', #6894, 25.78600000000000136, 1.500000000000000000 ) ;
#4811 = DIRECTION ( 'NONE',  ( 1.000000000000000000, 0.000000000000000000, 1.851507882525182976E-16 ) ) ;
#4812 = DIRECTION ( 'NONE',  ( -0.000000000000000000, 1.000000000000000000, -0.000000000000000000 ) ) ;
#4813 = VERTEX_POINT ( 'NONE', #7064 ) ;
#4814 = DIRECTION ( 'NONE',  ( -1.000000000000000000, -8.854317741964953206E-16, 0.000000000000000000 ) ) ;
#4815 = TOROIDAL_SURFACE ( 'NONE', #7421, 24.21400000000000219, 1.499999999999999778 ) ;
#4816 = DIRECTION ( 'NONE',  ( 2.970001569282669714E-29, 1.358106471860483123E-16, -1.000000000000000000 ) ) ;
#4817 = ADVANCED_FACE ( 'NONE', ( #975 ), #5347, .F. ) ;
#4818 = AXIS2_PLACEMENT_3D ( 'NONE', #2574, #767, #7460 ) ;
#4819 = CIRCLE ( 'NONE', #517, 3.900000000000004352 ) ;
#4820 = ORIENTED_EDGE ( 'NONE', *, *, #6859, .F. ) ;
#4821 = CARTESIAN_POINT ( 'NONE',  ( 12.20593864038758980, -0.5000000000000003331, 2.287000000000004363 ) ) ;
#4822 = LINE ( 'NONE', #7748, #5730 ) ;
#4823 = VERTEX_POINT ( 'NONE', #7819 ) ;
#4824 = CIRCLE ( 'NONE', #5473, 1.499999999999999556 ) ;
#4825 = DIRECTION ( 'NONE',  ( 0.000000000000000000, 0.000000000000000000, -1.000000000000000000 ) ) ;
#4826 = DIRECTION ( 'NONE',  ( -1.000000000000000000, 0.000000000000000000, -2.224004456380515494E-16 ) ) ;
#4827 = LINE ( 'NONE', #1109, #6095 ) ;
#4828 = ADVANCED_FACE ( 'NONE', ( #3967 ), #6029, .F. ) ;
#4829 = ORIENTED_EDGE ( 'NONE', *, *, #541, .T. ) ;
#4830 = CARTESIAN_POINT ( 'NONE',  ( 20.54406135961241020, -1.999999999999999112, 2.287000000000005251 ) ) ;
#4831 = ORIENTED_EDGE ( 'NONE', *, *, #1954, .F. ) ;
#4832 = FACE_OUTER_BOUND ( 'NONE', #4605, .T. ) ;
#4833 = DIRECTION ( 'NONE',  ( -1.000000000000000000, 1.103821940798063439E-16, 0.000000000000000000 ) ) ;
#4834 =( BOUNDED_CURVE ( )  B_SPLINE_CURVE ( 3, ( #6444, #5788, #5752, #851 ),
 .UNSPECIFIED., .F., .T. ) 
 B_SPLINE_CURVE_WITH_KNOTS ( ( 4, 4 ),
 ( 0.000000000000000000, 0.2722591191863773519 ),
 .UNSPECIFIED. ) 
 CURVE ( )  GEOMETRIC_REPRESENTATION_ITEM ( )  RATIONAL_B_SPLINE_CURVE ( ( 1.000000000000000000, 0.9938324475413840009, 0.9938324475413840009, 1.000000000000000000 ) ) 
 REPRESENTATION_ITEM ( '' )  );
#4835 = ORIENTED_EDGE ( 'NONE', *, *, #5516, .F. ) ;
#4836 = DIRECTION ( 'NONE',  ( -1.000000000000000000, 7.726753585586454307E-16, 0.000000000000000000 ) ) ;
#4837 = ORIENTED_EDGE ( 'NONE', *, *, #4785, .F. ) ;
#4839 = EDGE_LOOP ( 'NONE', ( #6221, #5185, #6718, #1445, #4719, #52, #3589, #7029, #1373, #4185, #5317, #3226 ) ) ;
#4838 = CARTESIAN_POINT ( 'NONE',  ( 29.39081791777012143, 3.105563006354283395, -2.618397326902865085 ) ) ;
#4840 = B_SPLINE_CURVE_WITH_KNOTS ( 'NONE', 3,
 ( #2559, #873, #2024, #3334, #5653, #6956, #4507, #5805, #3298, #55, #5164, #6306 ),
 .UNSPECIFIED., .F., .F.,
 ( 4, 2, 2, 2, 2, 4 ),
 ( 9.757819552369539906E-19, 0.0002680472927737276691, 0.0005360945855474543624, 0.001072189171094899401, 0.001608283756642344547, 0.002144378342189789260 ),
 .UNSPECIFIED. ) ;
#4841 = CARTESIAN_POINT ( 'NONE',  ( 36.43462352320882758, 1.596637958731240481, -0.8889999999999970148 ) ) ;
#4842 = DIRECTION ( 'NONE',  ( 0.000000000000000000, 0.000000000000000000, 1.000000000000000000 ) ) ;
#4843 = AXIS2_PLACEMENT_3D ( 'NONE', #7525, #3140, #6270 ) ;
#4844 = ADVANCED_FACE ( 'NONE', ( #5463 ), #445, .T. ) ;
#4845 = CARTESIAN_POINT ( 'NONE',  ( 12.20593864038758980, -0.5000000000000003331, 2.287000000000004363 ) ) ;
#4846 = LINE ( 'NONE', #1628, #2228 ) ;
#4847 = FACE_OUTER_BOUND ( 'NONE', #7813, .T. ) ;
#4848 = EDGE_CURVE ( 'NONE', #535, #6322, #6606, .T. ) ;
#4849 = ORIENTED_EDGE ( 'NONE', *, *, #294, .F. ) ;
#4850 = VERTEX_POINT ( 'NONE', #4201 ) ;
#4851 = DIRECTION ( 'NONE',  ( 5.909970241544475389E-17, 1.000000000000000000, 1.334402673828313093E-16 ) ) ;
#4852 = CARTESIAN_POINT ( 'NONE',  ( 54.64782021278482915, -6.349999999999999645, -1.364613927707009067 ) ) ;
#4853 = CARTESIAN_POINT ( 'NONE',  ( 36.43462352320882047, -3.095724199259894949, 21.82499999999999929 ) ) ;
#4854 = ORIENTED_EDGE ( 'NONE', *, *, #3596, .T. ) ;
#4855 = CARTESIAN_POINT ( 'NONE',  ( 58.81537647679117953, -3.125000000000000000, -25.00000000000000000 ) ) ;
#4856 = CARTESIAN_POINT ( 'NONE',  ( 27.06537647679117953, -0.5000000000000004441, -4.175000000000001599 ) ) ;
#4857 = ORIENTED_EDGE ( 'NONE', *, *, #7095, .T. ) ;
#4858 = DIRECTION ( 'NONE',  ( 1.000000000000000000, 1.477492560386118231E-16, 1.181994048308894585E-16 ) ) ;
#4859 = DIRECTION ( 'NONE',  ( 0.000000000000000000, 1.000000000000000000, 0.000000000000000000 ) ) ;
#4860 = ORIENTED_EDGE ( 'NONE', *, *, #4775, .F. ) ;
#4861 = VECTOR ( 'NONE', #2022, 1000.000000000000000 ) ;
#4862 = EDGE_CURVE ( 'NONE', #6632, #2076, #7943, .T. ) ;
#4863 = CYLINDRICAL_SURFACE ( 'NONE', #4866, 1.500000000000000000 ) ;
#4864 = DIRECTION ( 'NONE',  ( 0.9848077530122079093, -0.000000000000000000, 0.1736481776669310528 ) ) ;
#4865 = LINE ( 'NONE', #4986, #5322 ) ;
#4866 = AXIS2_PLACEMENT_3D ( 'NONE', #5551, #3684, #4251 ) ;
#4867 = ORIENTED_EDGE ( 'NONE', *, *, #7686, .F. ) ;
#4868 = DIRECTION ( 'NONE',  ( -1.920740328501952961E-16, -1.000000000000000000, -1.334402673828313093E-16 ) ) ;
#4869 = VERTEX_POINT ( 'NONE', #1183 ) ;
#4870 = ADVANCED_FACE ( 'NONE', ( #6687 ), #6108, .T. ) ;
#4871 = CARTESIAN_POINT ( 'NONE',  ( 28.49129556032897526, 2.149710746721892995, -5.363950773539381878 ) ) ;
#4872 = DIRECTION ( 'NONE',  ( 1.851507882525183222E-16, 1.334402673828313093E-16, -1.000000000000000000 ) ) ;
#4873 = LINE ( 'NONE', #2432, #7151 ) ;
#4874 = CIRCLE ( 'NONE', #3968, 24.16165075494625469 ) ;
#4875 = EDGE_LOOP ( 'NONE', ( #3814, #2569, #2696, #5660 ) ) ;
#4876 = CARTESIAN_POINT ( 'NONE',  ( 52.29406135961241375, -0.5000000000000003331, 1.557046727053833290 ) ) ;
#4878 = ORIENTED_EDGE ( 'NONE', *, *, #1465, .T. ) ;
#4877 = CARTESIAN_POINT ( 'NONE',  ( 36.43462352320882047, 0.4999999999999996669, -0.8889999999999974589 ) ) ;
#4879 = DIRECTION ( 'NONE',  ( -0.9848077530122079093, -0.000000000000000000, 0.1736481776669310528 ) ) ;
#4880 = CARTESIAN_POINT ( 'NONE',  ( 36.43462352320882047, -3.125000000000000000, 21.82499999999999929 ) ) ;
#4881 =( BOUNDED_CURVE ( )  B_SPLINE_CURVE ( 3, ( #1329, #3975, #4584, #829 ),
 .UNSPECIFIED., .F., .T. ) 
 B_SPLINE_CURVE_WITH_KNOTS ( ( 4, 4 ),
 ( 2.487787865242547802, 2.500231351078994635 ),
 .UNSPECIFIED. ) 
 CURVE ( )  GEOMETRIC_REPRESENTATION_ITEM ( )  RATIONAL_B_SPLINE_CURVE ( ( 1.000000000000000000, 0.9999870966799773164, 0.9999870966799773164, 1.000000000000000000 ) ) 
 REPRESENTATION_ITEM ( '' )  );
#4882 = CARTESIAN_POINT ( 'NONE',  ( 12.20593864038758802, 1.868478067631187844, -3.242993483595046467 ) ) ;
#4883 = CARTESIAN_POINT ( 'NONE',  ( 43.95593864038759335, -0.5000000000000003331, 2.287000000000009692 ) ) ;
#4884 = ORIENTED_EDGE ( 'NONE', *, *, #3264, .T. ) ;
#4885 = ORIENTED_EDGE ( 'NONE', *, *, #6868, .T. ) ;
#4886 = CARTESIAN_POINT ( 'NONE',  ( 19.54406135961241020, -1.999999999999999556, -5.461999999999999744 ) ) ;
#4887 = CARTESIAN_POINT ( 'NONE',  ( 28.40186619144336078, 1.999999999999999556, -2.175000000000001155 ) ) ;
#4888 = PLANE ( 'NONE',  #2707 ) ;
#4889 = EDGE_CURVE ( 'NONE', #4048, #519, #1097, .T. ) ;
#4890 = EDGE_LOOP ( 'NONE', ( #3074, #1191, #3802, #7507, #7725, #3611, #3616, #5277 ) ) ;
#4891 = EDGE_CURVE ( 'NONE', #2755, #3340, #6116, .T. ) ;
#4892 = CARTESIAN_POINT ( 'NONE',  ( 20.54406135961241020, -1.999999999999999556, -5.461999999999999744 ) ) ;
#4893 = CARTESIAN_POINT ( 'NONE',  ( 9.413193426945491993, 1.999999999999997335, 1.817052527853101118 ) ) ;
#4894 = ADVANCED_FACE ( 'NONE', ( #527 ), #3674, .F. ) ;
#4895 = VERTEX_POINT ( 'NONE', #7983 ) ;
#4896 = ADVANCED_FACE ( 'NONE', ( #2411 ), #6071, .F. ) ;
#4897 = VERTEX_POINT ( 'NONE', #7895 ) ;
#4898 = DIRECTION ( 'NONE',  ( 0.000000000000000000, 0.000000000000000000, -1.000000000000000000 ) ) ;
#4899 = DIRECTION ( 'NONE',  ( -1.000000000000000000, -1.181994048308896803E-16, 0.000000000000000000 ) ) ;
#4900 = ORIENTED_EDGE ( 'NONE', *, *, #2752, .F. ) ;
#4901 = CARTESIAN_POINT ( 'NONE',  ( 52.29406135961241375, 1.596637958731240925, -3.085483742487791670 ) ) ;
#4902 = DIRECTION ( 'NONE',  ( 0.000000000000000000, 1.000000000000000000, 0.000000000000000000 ) ) ;
#4903 = CARTESIAN_POINT ( 'NONE',  ( 40.92140578353413360, -3.095724199259894949, -3.620806661566057016 ) ) ;
#4904 = CARTESIAN_POINT ( 'NONE',  ( 2.333318452333498882, -3.125000000000000000, -2.545853211700498501E-16 ) ) ;
#4905 = ORIENTED_EDGE ( 'NONE', *, *, #6790, .F. ) ;
#4906 = DIRECTION ( 'NONE',  ( 0.000000000000000000, 0.000000000000000000, -1.000000000000000000 ) ) ;
#4907 = EDGE_LOOP ( 'NONE', ( #156, #3638, #1031, #7163 ) ) ;
#4908 = DIRECTION ( 'NONE',  ( 0.000000000000000000, 0.000000000000000000, -1.000000000000000000 ) ) ;
#4909 = PLANE ( 'NONE',  #5388 ) ;
#4910 = CARTESIAN_POINT ( 'NONE',  ( 3.867815921162763182, 0.4999999999999993339, -1.000000000000000000 ) ) ;
#4911 = ORIENTED_EDGE ( 'NONE', *, *, #879, .F. ) ;
#4912 = AXIS2_PLACEMENT_3D ( 'NONE', #5031, #1972, #3167 ) ;
#4913 = FACE_OUTER_BOUND ( 'NONE', #6028, .T. ) ;
#4914 = VERTEX_POINT ( 'NONE', #3556 ) ;
#4916 = ORIENTED_EDGE ( 'NONE', *, *, #7893, .F. ) ;
#4915 = DIRECTION ( 'NONE',  ( 0.000000000000000000, 0.000000000000000000, -1.000000000000000000 ) ) ;
#4917 = LINE ( 'NONE', #7402, #7666 ) ;
#4918 = CYLINDRICAL_SURFACE ( 'NONE', #5495, 1.500000000000000222 ) ;
#4919 = VECTOR ( 'NONE', #4864, 1000.000000000000114 ) ;
#4920 = CARTESIAN_POINT ( 'NONE',  ( 58.81537647679117953, 0.000000000000000000, -25.00000000000000000 ) ) ;
#4921 = LINE ( 'NONE', #3826, #5999 ) ;
#4922 = CARTESIAN_POINT ( 'NONE',  ( 35.61781592116276585, 0.4999999999999996669, -5.461999999999999744 ) ) ;
#4923 = AXIS2_PLACEMENT_3D ( 'NONE', #7615, #967, #4602 ) ;
#4924 = EDGE_CURVE ( 'NONE', #4434, #6805, #2470, .T. ) ;
#4925 = ORIENTED_EDGE ( 'NONE', *, *, #6215, .T. ) ;
#4926 = CARTESIAN_POINT ( 'NONE',  ( 63.50000000000000000, 8.609464714099180422E-17, -2.286000000000000032 ) ) ;
#4927 = DIRECTION ( 'NONE',  ( 0.000000000000000000, 1.000000000000000000, 1.358106471860483123E-16 ) ) ;
#4928 = LINE ( 'NONE', #5701, #1847 ) ;
#4929 = AXIS2_PLACEMENT_3D ( 'NONE', #3536, #7760, #5281 ) ;
#4930 = ORIENTED_EDGE ( 'NONE', *, *, #5747, .T. ) ;
#4931 = FACE_OUTER_BOUND ( 'NONE', #7178, .T. ) ;
#4932 = DIRECTION ( 'NONE',  ( -1.000000000000000000, 0.000000000000000000, 0.000000000000000000 ) ) ;
#4933 = CARTESIAN_POINT ( 'NONE',  ( 27.06537647679117597, 3.125000000000000000, -3.174999999999997158 ) ) ;
#4934 = CIRCLE ( 'NONE', #7407, 24.00000000000000000 ) ;
#4935 = ADVANCED_FACE ( 'NONE', ( #2984 ), #1786, .T. ) ;
#4936 = ORIENTED_EDGE ( 'NONE', *, *, #1400, .F. ) ;
#4937 = CIRCLE ( 'NONE', #6758, 3.900000000000000799 ) ;
#4938 = CARTESIAN_POINT ( 'NONE',  ( 11.20593864038758802, 1.596637958731240925, -3.085483742487791670 ) ) ;
#4939 = CIRCLE ( 'NONE', #7018, 1.499999999999999778 ) ;
#4940 = ORIENTED_EDGE ( 'NONE', *, *, #2237, .T. ) ;
#4941 = PLANE ( 'NONE',  #473 ) ;
#4942 = CIRCLE ( 'NONE', #503, 1.500000000000000222 ) ;
#4943 = ORIENTED_EDGE ( 'NONE', *, *, #4578, .T. ) ;
#4944 = DIRECTION ( 'NONE',  ( 0.9848077530122079093, 0.000000000000000000, -0.1736481776669310528 ) ) ;
#4945 = CARTESIAN_POINT ( 'NONE',  ( 4.684623523208827578, 1.999999999999994893, 1.000000000000000000 ) ) ;
#4946 = ADVANCED_FACE ( 'NONE', ( #3031 ), #2075, .F. ) ;
#4947 = EDGE_CURVE ( 'NONE', #4263, #4786, #3256, .T. ) ;
#4948 = LINE ( 'NONE', #3766, #4156 ) ;
#4949 = VECTOR ( 'NONE', #344, 1000.000000000000000 ) ;
#4950 = VECTOR ( 'NONE', #1655, 1000.000000000000000 ) ;
#4951 = ADVANCED_FACE ( 'NONE', ( #3630 ), #5997, .F. ) ;
#4952 = ORIENTED_EDGE ( 'NONE', *, *, #5985, .T. ) ;
#4953 = LINE ( 'NONE', #7438, #4302 ) ;
#4954 = AXIS2_PLACEMENT_3D ( 'NONE', #3887, #2639, #6330 ) ;
#4955 = ORIENTED_EDGE ( 'NONE', *, *, #248, .T. ) ;
#4956 = CIRCLE ( 'NONE', #7801, 2.099999999999997868 ) ;
#4957 = ADVANCED_FACE ( 'NONE', ( #6651 ), #408, .T. ) ;
#4958 = CARTESIAN_POINT ( 'NONE',  ( 29.07877273811454799, 2.844852613263038510, -4.806462077464133564 ) ) ;
#4959 = CARTESIAN_POINT ( 'NONE',  ( 8.628868230735498912, 1.596637958731240925, -2.631076698080709431 ) ) ;
#4960 = VECTOR ( 'NONE', #4190, 1000.000000000000000 ) ;
#4961 = ORIENTED_EDGE ( 'NONE', *, *, #597, .F. ) ;
#4962 = DIRECTION ( 'NONE',  ( -1.000000000000000000, 0.000000000000000000, -0.000000000000000000 ) ) ;
#4963 = VERTEX_POINT ( 'NONE', #4887 ) ;
#4964 = ORIENTED_EDGE ( 'NONE', *, *, #3461, .F. ) ;
#4965 = LINE ( 'NONE', #3700, #6927 ) ;
#4966 = EDGE_CURVE ( 'NONE', #2960, #3864, #5324, .T. ) ;
#4967 = DIRECTION ( 'NONE',  ( -0.000000000000000000, -0.000000000000000000, 1.000000000000000000 ) ) ;
#4968 = PLANE ( 'NONE',  #6366 ) ;
#4969 = VERTEX_POINT ( 'NONE', #2981 ) ;
#4970 = ORIENTED_EDGE ( 'NONE', *, *, #6397, .T. ) ;
#4971 = AXIS2_PLACEMENT_3D ( 'NONE', #7124, #2080, #1539 ) ;
#4972 = DIRECTION ( 'NONE',  ( 1.000000000000000000, -0.000000000000000000, -2.970001569282669714E-29 ) ) ;
#4973 = CARTESIAN_POINT ( 'NONE',  ( 51.29406135961241375, -1.596637958731240481, -3.261810723196257644 ) ) ;
#4974 = ORIENTED_EDGE ( 'NONE', *, *, #1155, .F. ) ;
#4975 = LINE ( 'NONE', #599, #3924 ) ;
#4976 = CARTESIAN_POINT ( 'NONE',  ( 28.40186619144336078, -1.999999999999999112, -5.405748789119929398 ) ) ;
#4977 = EDGE_CURVE ( 'NONE', #7045, #3597, #1783, .T. ) ;
#4978 = PLANE ( 'NONE',  #6480 ) ;
#4979 = ORIENTED_EDGE ( 'NONE', *, *, #3370, .F. ) ;
#4980 = DIRECTION ( 'NONE',  ( 0.000000000000000000, 0.000000000000000000, 1.000000000000000000 ) ) ;
#4981 = ORIENTED_EDGE ( 'NONE', *, *, #4273, .F. ) ;
#4982 = LINE ( 'NONE', #5591, #6256 ) ;
#4983 = ORIENTED_EDGE ( 'NONE', *, *, #5781, .F. ) ;
#4984 = DIRECTION ( 'NONE',  ( -1.477492560386118231E-16, 1.000000000000000000, 1.334402673828312600E-16 ) ) ;
#4985 = FACE_OUTER_BOUND ( 'NONE', #2813, .T. ) ;
#4986 = CARTESIAN_POINT ( 'NONE',  ( 54.07721230097129705, 0.4999999999999995559, 1.871464348691104451 ) ) ;
#4987 = VERTEX_POINT ( 'NONE', #4326 ) ;
#4988 = CARTESIAN_POINT ( 'NONE',  ( 54.87113176926450109, -0.4999999999999985012, -2.631076698080709431 ) ) ;
#4989 = EDGE_CURVE ( 'NONE', #2436, #3279, #4615, .T. ) ;
#4990 = TOROIDAL_SURFACE ( 'NONE', #6946, 25.78600000000000136, 1.500000000000000000 ) ;
#4991 = VERTEX_POINT ( 'NONE', #4277 ) ;
#4992 = EDGE_CURVE ( 'NONE', #4465, #6046, #3101, .T. ) ;
#4993 = EDGE_CURVE ( 'NONE', #7038, #2429, #1263, .T. ) ;
#4994 = CARTESIAN_POINT ( 'NONE',  ( 9.171405783534130052, -3.095724199259894949, 0.4458066615660576937 ) ) ;
#4995 = DIRECTION ( 'NONE',  ( 1.000000000000000000, 0.000000000000000000, 0.000000000000000000 ) ) ;
#4996 = PLANE ( 'NONE',  #4554 ) ;
#4997 = VECTOR ( 'NONE', #2576, 1000.000000000000000 ) ;
#4998 = VERTEX_POINT ( 'NONE', #6720 ) ;
#4999 = AXIS2_PLACEMENT_3D ( 'NONE', #2299, #6047, #1152 ) ;
#5000 = DIRECTION ( 'NONE',  ( 0.1735423958889129592, -0.03489949670250473701, 0.9842078347376876923 ) ) ;
#5001 = EDGE_CURVE ( 'NONE', #6269, #913, #7939, .T. ) ;
#5002 = EDGE_LOOP ( 'NONE', ( #6165, #5669, #6613, #3093, #7321, #7859, #5462, #3475 ) ) ;
#5003 = EDGE_CURVE ( 'NONE', #2560, #4048, #3671, .T. ) ;
#5005 = ORIENTED_EDGE ( 'NONE', *, *, #4347, .F. ) ;
#5004 = CARTESIAN_POINT ( 'NONE',  ( 58.81537647679117953, 1.999999999999997113, -25.00000000000000000 ) ) ;
#5006 = FACE_OUTER_BOUND ( 'NONE', #6367, .T. ) ;
#5007 = AXIS2_PLACEMENT_3D ( 'NONE', #7107, #6496, #909 ) ;
#5008 = CARTESIAN_POINT ( 'NONE',  ( 61.12797730151740438, 3.095724199259894505, 0.8383492450537465279 ) ) ;
#5009 = CARTESIAN_POINT ( 'NONE',  ( 34.13030415231143877, -3.089378738490768495, -2.154940533164719341 ) ) ;
#5010 = CARTESIAN_POINT ( 'NONE',  ( 52.29406135961241375, -0.5000000000000003331, 2.287000000000011468 ) ) ;
#5011 = ORIENTED_EDGE ( 'NONE', *, *, #7598, .F. ) ;
#5012 = VERTEX_POINT ( 'NONE', #442 ) ;
#5013 = EDGE_CURVE ( 'NONE', #529, #6448, #3265, .T. ) ;
#5014 = CARTESIAN_POINT ( 'NONE',  ( 19.54406135961241020, 0.4999999999999996669, -5.461999999999999744 ) ) ;
#5015 = FACE_OUTER_BOUND ( 'NONE', #4747, .T. ) ;
#5016 = ORIENTED_EDGE ( 'NONE', *, *, #7353, .T. ) ;
#5017 = DIRECTION ( 'NONE',  ( 0.000000000000000000, 0.000000000000000000, 1.000000000000000000 ) ) ;
#5018 = LINE ( 'NONE', #1309, #7006 ) ;
#5019 = CARTESIAN_POINT ( 'NONE',  ( 19.54406135961241020, 1.999999999999999112, 2.287000000000005251 ) ) ;
#5020 = ORIENTED_EDGE ( 'NONE', *, *, #2348, .F. ) ;
#5021 = VECTOR ( 'NONE', #2367, 1000.000000000000000 ) ;
#5022 = FACE_OUTER_BOUND ( 'NONE', #5535, .T. ) ;
#5023 = ADVANCED_FACE ( 'NONE', ( #3028 ), #2368, .T. ) ;
#5024 = ORIENTED_EDGE ( 'NONE', *, *, #3729, .F. ) ;
#5025 = CARTESIAN_POINT ( 'NONE',  ( 27.06537647679117597, -6.349999999999999645, 21.82499999999999929 ) ) ;
#5026 = EDGE_LOOP ( 'NONE', ( #7368, #5153, #7818, #7578 ) ) ;
#5027 = CARTESIAN_POINT ( 'NONE',  ( 19.54406135961241020, -1.999999999999999112, 2.287000000000005251 ) ) ;
#5028 = CARTESIAN_POINT ( 'NONE',  ( 27.06537647679117242, -0.5000000000000004441, -0.8889999999999973479 ) ) ;
#5029 = CARTESIAN_POINT ( 'NONE',  ( 9.199476142549027458, -6.349999999999999645, 0.6050015783174087503 ) ) ;
#5030 = ORIENTED_EDGE ( 'NONE', *, *, #6488, .T. ) ;
#5031 = CARTESIAN_POINT ( 'NONE',  ( 51.29406135961241375, 1.999999999999998224, 2.287000000000011468 ) ) ;
#5032 = VERTEX_POINT ( 'NONE', #6112 ) ;
#5033 = CARTESIAN_POINT ( 'NONE',  ( 52.29406135961241375, 1.596637958731240925, -3.085483742487791226 ) ) ;
#5034 = CARTESIAN_POINT ( 'NONE',  ( 28.40186619144335722, 2.000000000000002665, 2.287000000000007915 ) ) ;
#5035 = CARTESIAN_POINT ( 'NONE',  ( 43.95593864038759335, 0.4999999999999996669, 2.287000000000009692 ) ) ;
#5036 = CARTESIAN_POINT ( 'NONE',  ( 11.20593864038758802, -0.5000000000000003331, -1.779645119602723424 ) ) ;
#5037 = CARTESIAN_POINT ( 'NONE',  ( 42.95593864038758625, -0.5000000000000003331, -5.461999999999999744 ) ) ;
#5038 = VECTOR ( 'NONE', #5685, 1000.000000000000000 ) ;
#5039 = EDGE_LOOP ( 'NONE', ( #6924, #1391, #1073, #7219, #6858 ) ) ;
#5041 = ORIENTED_EDGE ( 'NONE', *, *, #3430, .T. ) ;
#5040 = CARTESIAN_POINT ( 'NONE',  ( 2.671227261885458670, -2.844852613263035401, 1.631462077464138405 ) ) ;
#5042 = DIRECTION ( 'NONE',  ( -0.1736481776669305810, 0.000000000000000000, 0.9848077530122080203 ) ) ;
#5043 = CARTESIAN_POINT ( 'NONE',  ( 20.54406135961241020, -1.999999999999999112, 2.287000000000005251 ) ) ;
#5044 = DIRECTION ( 'NONE',  ( -0.000000000000000000, -0.000000000000000000, 1.000000000000000000 ) ) ;
#5045 = AXIS2_PLACEMENT_3D ( 'NONE', #6574, #7104, #5232 ) ;
#5046 = ORIENTED_EDGE ( 'NONE', *, *, #6078, .F. ) ;
#5047 = ORIENTED_EDGE ( 'NONE', *, *, #541, .F. ) ;
#5048 = FACE_OUTER_BOUND ( 'NONE', #2648, .T. ) ;
#5049 = CARTESIAN_POINT ( 'NONE',  ( 20.54406135961241020, 0.4999999999999995559, -1.395354880397273956 ) ) ;
#5050 = AXIS2_PLACEMENT_3D ( 'NONE', #6118, #3633, #528 ) ;
#5051 = ORIENTED_EDGE ( 'NONE', *, *, #3679, .F. ) ;
#5052 = DIRECTION ( 'NONE',  ( -0.9848077530122079093, 0.000000000000000000, 0.1736481776669313026 ) ) ;
#5053 = DIRECTION ( 'NONE',  ( -0.000000000000000000, -0.000000000000000000, 1.000000000000000000 ) ) ;
#5054 = EDGE_CURVE ( 'NONE', #4987, #7741, #4198, .T. ) ;
#5055 = PLANE ( 'NONE',  #5649 ) ;
#5056 = AXIS2_PLACEMENT_3D ( 'NONE', #7955, #1760, #7349 ) ;
#5057 = ORIENTED_EDGE ( 'NONE', *, *, #804, .T. ) ;
#5058 = CARTESIAN_POINT ( 'NONE',  ( 58.81537647679117242, -1.999999999999998224, -2.230748789119931796 ) ) ;
#5059 = VERTEX_POINT ( 'NONE', #1093 ) ;
#5060 = AXIS2_PLACEMENT_3D ( 'NONE', #2698, #6407, #4032 ) ;
#5061 = ORIENTED_EDGE ( 'NONE', *, *, #21, .T. ) ;
#5062 = CARTESIAN_POINT ( 'NONE',  ( 54.33768456747169040, 1.596637958731250473, 0.3942527191727924207 ) ) ;
#5063 = DIRECTION ( 'NONE',  ( -1.851507882525184455E-16, 0.000000000000000000, -1.000000000000000000 ) ) ;
#5064 = FACE_OUTER_BOUND ( 'NONE', #4014, .T. ) ;
#5065 = AXIS2_PLACEMENT_3D ( 'NONE', #755, #5737, #2654 ) ;
#5066 = AXIS2_PLACEMENT_3D ( 'NONE', #2830, #3476, #1470 ) ;
#5067 = VECTOR ( 'NONE', #4504, 1000.000000000000000 ) ;
#5068 = ORIENTED_EDGE ( 'NONE', *, *, #2216, .T. ) ;
#5069 = CARTESIAN_POINT ( 'NONE',  ( 40.91231543252830960, -1.596637958731250917, -3.569252719172791188 ) ) ;
#5070 = DIRECTION ( 'NONE',  ( 0.000000000000000000, 1.000000000000000000, 0.000000000000000000 ) ) ;
#5071 = ORIENTED_EDGE ( 'NONE', *, *, #4521, .F. ) ;
#5072 = AXIS2_PLACEMENT_3D ( 'NONE', #5979, #5253, #5815 ) ;
#5073 = CARTESIAN_POINT ( 'NONE',  ( 22.55052385745096899, -1.999999999999999112, -3.780001578317405464 ) ) ;
#5074 = LINE ( 'NONE', #3369, #306 ) ;
#5075 = DIRECTION ( 'NONE',  ( 0.000000000000000000, 0.000000000000000000, -1.000000000000000000 ) ) ;
#5076 = CIRCLE ( 'NONE', #2615, 22.71400000000000574 ) ;
#5077 = ADVANCED_FACE ( 'NONE', ( #562 ), #3646, .T. ) ;
#5078 = ORIENTED_EDGE ( 'NONE', *, *, #7971, .T. ) ;
#5079 = AXIS2_PLACEMENT_3D ( 'NONE', #1879, #7419, #5017 ) ;
#5080 = DIRECTION ( 'NONE',  ( 1.000000000000000000, 0.000000000000000000, 1.851507882525182976E-16 ) ) ;
#5081 = ORIENTED_EDGE ( 'NONE', *, *, #2897, .F. ) ;
#5082 = DIRECTION ( 'NONE',  ( 1.000000000000000000, 0.000000000000000000, 0.000000000000000000 ) ) ;
#5083 = VECTOR ( 'NONE', #583, 1000.000000000000000 ) ;
#5085 = ORIENTED_EDGE ( 'NONE', *, *, #5109, .T. ) ;
#5084 = DIRECTION ( 'NONE',  ( -1.000000000000000000, 0.000000000000000000, -0.000000000000000000 ) ) ;
#5086 = LINE ( 'NONE', #6392, #6045 ) ;
#5087 = FACE_OUTER_BOUND ( 'NONE', #7898, .T. ) ;
#5088 = DIRECTION ( 'NONE',  ( 0.000000000000000000, -1.000000000000000000, 0.000000000000000000 ) ) ;
#5089 = CIRCLE ( 'NONE', #6128, 1.499999999999999778 ) ;
#5090 = CC_DESIGN_APPROVAL ( #4444, ( #1317 ) ) ;
#5091 = ORIENTED_EDGE ( 'NONE', *, *, #4480, .F. ) ;
#5092 = DIRECTION ( 'NONE',  ( -1.000000000000000000, 0.000000000000000000, 0.000000000000000000 ) ) ;
#5093 = VERTEX_POINT ( 'NONE', #5502 ) ;
#5094 = ADVANCED_FACE ( 'NONE', ( #7979 ), #3390, .T. ) ;
#5095 = DIRECTION ( 'NONE',  ( 0.000000000000000000, 1.000000000000000000, 0.000000000000000000 ) ) ;
#5096 = LINE ( 'NONE', #1992, #5104 ) ;
#5097 = EDGE_CURVE ( 'NONE', #2118, #1733, #2449, .T. ) ;
#5098 = VERTEX_POINT ( 'NONE', #6646 ) ;
#5099 = LINE ( 'NONE', #6280, #5349 ) ;
#5100 = CARTESIAN_POINT ( 'NONE',  ( 12.20593864038758980, -1.999999999999998224, 1.324616196478834773 ) ) ;
#5101 = EDGE_CURVE ( 'NONE', #108, #1671, #7793, .T. ) ;
#5102 = EDGE_CURVE ( 'NONE', #5872, #4101, #5661, .T. ) ;
#5103 = DIRECTION ( 'NONE',  ( 0.000000000000000000, 0.000000000000000000, 1.000000000000000000 ) ) ;
#5104 = VECTOR ( 'NONE', #4484, 1000.000000000000000 ) ;
#5105 = VERTEX_POINT ( 'NONE', #3915 ) ;
#5106 = CARTESIAN_POINT ( 'NONE',  ( 29.37797730151740083, -3.095724199259894949, -4.013349245053744241 ) ) ;
#5107 = VERTEX_POINT ( 'NONE', #2658 ) ;
#5108 = CARTESIAN_POINT ( 'NONE',  ( 63.50000000000000000, 8.609464714099180422E-17, -5.461999999999996191 ) ) ;
#5109 = EDGE_CURVE ( 'NONE', #721, #6975, #2027, .T. ) ;
#5110 = VERTEX_POINT ( 'NONE', #2570 ) ;
#5111 = VECTOR ( 'NONE', #6593, 1000.000000000000114 ) ;
#5112 = LINE ( 'NONE', #5635, #5197 ) ;
#5113 = FACE_OUTER_BOUND ( 'NONE', #2506, .T. ) ;
#5114 = DIRECTION ( 'NONE',  ( -0.9848077530122079093, 1.164036902788887858E-16, -0.1736481776669313304 ) ) ;
#5115 = VERTEX_POINT ( 'NONE', #4362 ) ;
#5116 = CARTESIAN_POINT ( 'NONE',  ( 43.95593864038759335, 1.999999999999998224, -4.499616196478835484 ) ) ;
#5117 = EDGE_CURVE ( 'NONE', #1998, #6605, #7647, .T. ) ;
#5118 = PLANE ( 'NONE',  #7423 ) ;
#5119 = EDGE_LOOP ( 'NONE', ( #7498, #3128, #1228, #4528, #675, #7354, #1794, #3854, #1573, #1340, #1898, #3114 ) ) ;
#5120 = CARTESIAN_POINT ( 'NONE',  ( 43.95593864038759335, 1.999999999999999556, -3.249881123460299115 ) ) ;
#5121 = CARTESIAN_POINT ( 'NONE',  ( 43.95593864038759335, -0.5000000000000003331, -1.219027899688808425 ) ) ;
#5122 = ORIENTED_EDGE ( 'NONE', *, *, #7332, .T. ) ;
#5123 = DIRECTION ( 'NONE',  ( 0.000000000000000000, 0.000000000000000000, 1.000000000000000000 ) ) ;
#5124 = VERTEX_POINT ( 'NONE', #6848 ) ;
#5125 = LINE ( 'NONE', #7602, #1609 ) ;
#5127 = ORIENTED_EDGE ( 'NONE', *, *, #6666, .F. ) ;
#5126 = CARTESIAN_POINT ( 'NONE',  ( 2.469059523215881846, -3.019273089085232620, 1.268542295300686407 ) ) ;
#5128 = EDGE_CURVE ( 'NONE', #1623, #6649, #186, .T. ) ;
#5129 = CARTESIAN_POINT ( 'NONE',  ( 36.43462352320882047, -0.5000000000000038858, 21.82499999999999929 ) ) ;
#5130 = VECTOR ( 'NONE', #2649, 1000.000000000000000 ) ;
#5131 = PLANE ( 'NONE',  #893 ) ;
#5132 = CARTESIAN_POINT ( 'NONE',  ( 52.29406135961241375, 1.999999999999997335, 1.500943177187301636 ) ) ;
#5133 = VERTEX_POINT ( 'NONE', #1991 ) ;
#5134 = ORIENTED_EDGE ( 'NONE', *, *, #7880, .T. ) ;
#5135 = VECTOR ( 'NONE', #2663, 1000.000000000000000 ) ;
#5136 = CARTESIAN_POINT ( 'NONE',  ( 27.88218407883723415, 0.4999999999999996669, -5.461999999999999744 ) ) ;
#5137 = DIRECTION ( 'NONE',  ( -0.9848077530122080203, -8.464702649359177506E-16, -0.1736481776669312194 ) ) ;
#5138 = ORIENTED_EDGE ( 'NONE', *, *, #4102, .T. ) ;
#5139 = DIRECTION ( 'NONE',  ( 0.000000000000000000, 0.000000000000000000, -1.000000000000000000 ) ) ;
#5140 = DIRECTION ( 'NONE',  ( -6.461669324084916702E-18, 0.9993908270190956511, 0.03489949670250474395 ) ) ;
#5141 = DIRECTION ( 'NONE',  ( 0.000000000000000000, 1.334402673828313339E-16, -1.000000000000000000 ) ) ;
#5142 = VECTOR ( 'NONE', #1454, 1000.000000000000000 ) ;
#5143 = DIRECTION ( 'NONE',  ( 1.851507882525183222E-16, 1.334402673828313093E-16, -1.000000000000000000 ) ) ;
#5144 = EDGE_CURVE ( 'NONE', #3682, #159, #4516, .T. ) ;
#5145 = CARTESIAN_POINT ( 'NONE',  ( 27.06537647679117597, -1.596637958731250917, -2.388999999999997570 ) ) ;
#5146 = VERTEX_POINT ( 'NONE', #6928 ) ;
#5147 =( BOUNDED_CURVE ( )  B_SPLINE_CURVE ( 3, ( #600, #3836, #6357, #3274 ),
 .UNSPECIFIED., .F., .T. ) 
 B_SPLINE_CURVE_WITH_KNOTS ( ( 4, 4 ),
 ( 6.010926187993206327, 6.283185307179586232 ),
 .UNSPECIFIED. ) 
 CURVE ( )  GEOMETRIC_REPRESENTATION_ITEM ( )  RATIONAL_B_SPLINE_CURVE ( ( 1.000000000000000000, 0.9938324475413838899, 0.9938324475413838899, 1.000000000000000000 ) ) 
 REPRESENTATION_ITEM ( '' )  );
#5148 = DIRECTION ( 'NONE',  ( 1.851507882525183222E-16, 1.334402673828313093E-16, -1.000000000000000000 ) ) ;
#5149 =( NAMED_UNIT ( * ) PLANE_ANGLE_UNIT ( ) SI_UNIT ( $, .RADIAN. ) );
#5150 = LINE ( 'NONE', #7623, #1664 ) ;
#5151 = EDGE_CURVE ( 'NONE', #2209, #4552, #2694, .T. ) ;
#5152 = VECTOR ( 'NONE', #4155, 1000.000000000000000 ) ;
#5153 = ORIENTED_EDGE ( 'NONE', *, *, #4530, .T. ) ;
#5154 = PLANE ( 'NONE',  #2967 ) ;
#5155 = CARTESIAN_POINT ( 'NONE',  ( 65.60000000000000853, -1.710811806799518491E-16, 2.285999999999999588 ) ) ;
#5156 = ORIENTED_EDGE ( 'NONE', *, *, #1259, .F. ) ;
#5157 = FACE_OUTER_BOUND ( 'NONE', #2884, .T. ) ;
#5158 = CARTESIAN_POINT ( 'NONE',  ( 43.95593864038760046, -1.733189655496044868, 0.08681072319625972311 ) ) ;
#5159 = EDGE_CURVE ( 'NONE', #2495, #4786, #1344, .T. ) ;
#5160 = VERTEX_POINT ( 'NONE', #1913 ) ;
#5161 = FACE_OUTER_BOUND ( 'NONE', #1517, .T. ) ;
#5162 = ORIENTED_EDGE ( 'NONE', *, *, #3162, .T. ) ;
#5163 = CARTESIAN_POINT ( 'NONE',  ( 59.63218407883723415, 0.4999999999999996669, -5.461999999999999744 ) ) ;
#5165 = ORIENTED_EDGE ( 'NONE', *, *, #1615, .F. ) ;
#5164 = CARTESIAN_POINT ( 'NONE',  ( 60.24129556032896460, -2.149710746721891663, 2.188950773539384276 ) ) ;
#5166 = CARTESIAN_POINT ( 'NONE',  ( 52.29406135961241375, 0.4999999999999995559, 0.2512081041687683758 ) ) ;
#5167 = CARTESIAN_POINT ( 'NONE',  ( 60.10634987739390311, 0.4999999999999995559, -0.4021278728388961721 ) ) ;
#5168 = ORIENTED_EDGE ( 'NONE', *, *, #4390, .T. ) ;
#5169 = DIRECTION ( 'NONE',  ( 0.000000000000000000, 0.000000000000000000, -1.000000000000000000 ) ) ;
#5170 = ORIENTED_EDGE ( 'NONE', *, *, #5109, .F. ) ;
#5171 = CARTESIAN_POINT ( 'NONE',  ( 9.162315432528309600, 1.596637958731250473, 0.3942527191727924207 ) ) ;
#5172 = CARTESIAN_POINT ( 'NONE',  ( 43.95593864038759335, -1.999999999999999556, -1.219027899688809757 ) ) ;
#5173 = ORIENTED_EDGE ( 'NONE', *, *, #3307, .T. ) ;
#5174 = AXIS2_PLACEMENT_3D ( 'NONE', #5417, #3592, #7854 ) ;
#5175 = CARTESIAN_POINT ( 'NONE',  ( 31.75000000000000000, -4.068487126012679770E-16, -2.175000000000000711 ) ) ;
#5176 = DIRECTION ( 'NONE',  ( -0.9848077530122079093, -0.000000000000000000, 0.1736481776669313026 ) ) ;
#5177 = VECTOR ( 'NONE', #5114, 1000.000000000000000 ) ;
#5178 = LINE ( 'NONE', #7653, #4997 ) ;
#5179 = EDGE_CURVE ( 'NONE', #100, #4099, #7536, .T. ) ;
#5180 = VERTEX_POINT ( 'NONE', #1302 ) ;
#5181 = FACE_OUTER_BOUND ( 'NONE', #6576, .T. ) ;
#5182 = CIRCLE ( 'NONE', #2713, 2.099999999999997868 ) ;
#5183 = DIRECTION ( 'NONE',  ( 0.000000000000000000, -1.000000000000000000, 0.000000000000000000 ) ) ;
#5184 = PRODUCT_RELATED_PRODUCT_CATEGORY ( 'detail', '', ( #7436 ) ) ;
#5185 = ORIENTED_EDGE ( 'NONE', *, *, #1810, .F. ) ;
#5186 = LINE ( 'NONE', #897, #3379 ) ;
#5187 = AXIS2_PLACEMENT_3D ( 'NONE', #396, #6594, #965 ) ;
#5188 = APPROVAL_DATE_TIME ( #7744, #5978 ) ;
#5189 = CARTESIAN_POINT ( 'NONE',  ( 19.54406135961241020, 1.596637958731241147, -4.555719746345367582 ) ) ;
#5190 = CIRCLE ( 'NONE', #7394, 27.28599999999999781 ) ;
#5191 = ORIENTED_EDGE ( 'NONE', *, *, #3878, .F. ) ;
#5192 = CARTESIAN_POINT ( 'NONE',  ( 27.06537647679117953, 1.596637958731240925, -5.460999999999995858 ) ) ;
#5193 = PLANE ( 'NONE',  #4954 ) ;
#5194 = VECTOR ( 'NONE', #7201, 999.9999999999998863 ) ;
#5195 = CARTESIAN_POINT ( 'NONE',  ( 43.93295476770617825, -1.999999999999998224, -3.253933800335199855 ) ) ;
#5196 = PLANE ( 'NONE',  #7346 ) ;
#5197 = VECTOR ( 'NONE', #2548, 1000.000000000000000 ) ;
#5198 = ADVANCED_FACE ( 'NONE', ( #5048 ), #243, .T. ) ;
#5199 = VECTOR ( 'NONE', #7479, 1000.000000000000000 ) ;
#5200 = AXIS2_PLACEMENT_3D ( 'NONE', #8049, #1867, #1945 ) ;
#5201 = PLANE ( 'NONE',  #5327 ) ;
#5202 = ORIENTED_EDGE ( 'NONE', *, *, #594, .T. ) ;
#5203 = CARTESIAN_POINT ( 'NONE',  ( 36.43462352320882758, -0.5000000000000002220, -5.460999999999994081 ) ) ;
#5204 = VECTOR ( 'NONE', #5095, 1000.000000000000000 ) ;
#5206 = EDGE_LOOP ( 'NONE', ( #1910, #5340, #640, #1416 ) ) ;
#5205 = CARTESIAN_POINT ( 'NONE',  ( 51.29406135961241375, -1.999999999999998224, 2.287000000000011468 ) ) ;
#5207 = DIRECTION ( 'NONE',  ( 5.519109703990317197E-17, 1.000000000000000000, 0.000000000000000000 ) ) ;
#5208 = ADVANCED_FACE ( 'NONE', ( #1254 ), #3745, .F. ) ;
#5209 = AXIS2_PLACEMENT_3D ( 'NONE', #7398, #7966, #6097 ) ;
#5210 = CARTESIAN_POINT ( 'NONE',  ( 58.81537647679117953, -1.999999999999995781, -25.00000000000000000 ) ) ;
#5211 = DIRECTION ( 'NONE',  ( 0.000000000000000000, 0.000000000000000000, 1.000000000000000000 ) ) ;
#5212 = AXIS2_PLACEMENT_3D ( 'NONE', #3599, #6076, #488 ) ;
#5213 = VERTEX_POINT ( 'NONE', #1952 ) ;
#5214 = CIRCLE ( 'NONE', #7675, 27.23074878911993579 ) ;
#5215 = ORIENTED_EDGE ( 'NONE', *, *, #1420, .F. ) ;
#5216 = DIRECTION ( 'NONE',  ( 0.000000000000000000, 0.000000000000000000, -1.000000000000000000 ) ) ;
#5217 = DIRECTION ( 'NONE',  ( -1.000000000000000000, -0.000000000000000000, -2.970001569282669714E-29 ) ) ;
#5218 = EDGE_CURVE ( 'NONE', #4635, #3245, #6316, .T. ) ;
#5219 = AXIS2_PLACEMENT_3D ( 'NONE', #5247, #7080, #5809 ) ;
#5220 = EDGE_LOOP ( 'NONE', ( #3577, #2267, #3663, #840, #1351, #1691, #3221, #4335 ) ) ;
#5221 = LINE ( 'NONE', #152, #8066 ) ;
#5222 = CARTESIAN_POINT ( 'NONE',  ( 29.36969584768856478, -3.089378738490768939, -4.195059466835277640 ) ) ;
#5223 = DIRECTION ( 'NONE',  ( -1.000000000000000000, 0.000000000000000000, -0.000000000000000000 ) ) ;
#5224 = LINE ( 'NONE', #2667, #2999 ) ;
#5225 = CARTESIAN_POINT ( 'NONE',  ( 22.32721230097129705, -0.4999999999999993339, -5.046464348691103829 ) ) ;
#5226 = ADVANCED_FACE ( 'NONE', ( #105 ), #1380, .T. ) ;
#5227 = ORIENTED_EDGE ( 'NONE', *, *, #2116, .T. ) ;
#5228 = DIRECTION ( 'NONE',  ( 1.000000000000000000, -0.000000000000000000, 0.000000000000000000 ) ) ;
#5229 = PERSON_AND_ORGANIZATION_ROLE ( 'creator' ) ;
#5230 = DIRECTION ( 'NONE',  ( -2.970001569282669714E-29, 1.358106471860483123E-16, -1.000000000000000000 ) ) ;
#5231 = ORIENTED_EDGE ( 'NONE', *, *, #4094, .T. ) ;
#5232 = DIRECTION ( 'NONE',  ( 0.000000000000000000, 0.000000000000000000, -1.000000000000000000 ) ) ;
#5233 = VECTOR ( 'NONE', #3270, 1000.000000000000000 ) ;
#5234 = DIRECTION ( 'NONE',  ( 0.000000000000000000, 0.000000000000000000, 1.000000000000000000 ) ) ;
#5235 = ORIENTED_EDGE ( 'NONE', *, *, #4228, .T. ) ;
#5236 = CARTESIAN_POINT ( 'NONE',  ( 29.65000000000000213, 2.815259200353792837E-16, -0.8890000000000022329 ) ) ;
#5237 = CARTESIAN_POINT ( 'NONE',  ( 4.684623523208827578, -3.125000000000000000, -2.545853211699800359E-16 ) ) ;
#5238 = EDGE_CURVE ( 'NONE', #5107, #6797, #1421, .T. ) ;
#5239 = ORIENTED_EDGE ( 'NONE', *, *, #7541, .F. ) ;
#5240 = LINE ( 'NONE', #3412, #1027 ) ;
#5241 = VERTEX_POINT ( 'NONE', #7575 ) ;
#5242 = DIRECTION ( 'NONE',  ( -0.9848077530122080203, 1.659843374447771681E-16, 0.1736481776669310806 ) ) ;
#5244 = EDGE_LOOP ( 'NONE', ( #7522, #1165, #2183, #402, #6704, #2665, #6793, #5472 ) ) ;
#5243 = DIRECTION ( 'NONE',  ( 1.577256018512544561E-32, -1.000000000000000000, -1.334402673828313093E-16 ) ) ;
#5245 = ORIENTED_EDGE ( 'NONE', *, *, #1501, .F. ) ;
#5246 = CARTESIAN_POINT ( 'NONE',  ( 8.638462502818713418, 2.000000000000000444, -2.576664877242705654 ) ) ;
#5247 = CARTESIAN_POINT ( 'NONE',  ( 58.81537647679117242, -3.125000000000000000, -2.545853211699800359E-16 ) ) ;
#5248 = ADVANCED_FACE ( 'NONE', ( #6966 ), #5779, .T. ) ;
#5249 = EDGE_CURVE ( 'NONE', #6364, #6926, #2736, .T. ) ;
#5250 = EDGE_LOOP ( 'NONE', ( #7484, #2273, #681, #6350, #8041, #3310, #3025, #6339 ) ) ;
#5251 = ORIENTED_EDGE ( 'NONE', *, *, #5944, .T. ) ;
#5252 = ORIENTED_EDGE ( 'NONE', *, *, #3110, .T. ) ;
#5253 = DIRECTION ( 'NONE',  ( 1.000000000000000000, 0.000000000000000000, 0.000000000000000000 ) ) ;
#5254 = DIRECTION ( 'NONE',  ( 1.000000000000000000, 0.000000000000000000, 8.326672684688676518E-17 ) ) ;
#5255 = ORIENTED_EDGE ( 'NONE', *, *, #1257, .T. ) ;
#5256 = DIRECTION ( 'NONE',  ( -1.000000000000000000, -8.830575526384529209E-16, 0.000000000000000000 ) ) ;
#5257 = CARTESIAN_POINT ( 'NONE',  ( 27.06537647679117597, 1.999999999999997335, 21.82499999999999574 ) ) ;
#5258 = FACE_OUTER_BOUND ( 'NONE', #5557, .T. ) ;
#5259 = ORIENTED_EDGE ( 'NONE', *, *, #2060, .F. ) ;
#5260 = CIRCLE ( 'NONE', #1874, 3.900000000000011013 ) ;
#5261 = ORIENTED_EDGE ( 'NONE', *, *, #1863, .T. ) ;
#5262 = DIRECTION ( 'NONE',  ( 0.000000000000000000, 0.000000000000000000, 1.000000000000000000 ) ) ;
#5263 = DIRECTION ( 'NONE',  ( -5.519109703990317197E-17, -1.000000000000000000, 0.000000000000000000 ) ) ;
#5264 = EDGE_LOOP ( 'NONE', ( #569, #6086, #988, #2516 ) ) ;
#5265 = AXIS2_PLACEMENT_3D ( 'NONE', #1985, #3860, #5807 ) ;
#5266 = CARTESIAN_POINT ( 'NONE',  ( 29.37797730151740083, -3.095724199259894949, -4.013349245053744241 ) ) ;
#5267 = VECTOR ( 'NONE', #7863, 999.9999999999998863 ) ;
#5268 = PERSON_AND_ORGANIZATION ( #1050, #7296 ) ;
#5269 = DIRECTION ( 'NONE',  ( 0.000000000000000000, 0.000000000000000000, -1.000000000000000000 ) ) ;
#5270 = ORIENTED_EDGE ( 'NONE', *, *, #1581, .T. ) ;
#5271 = CARTESIAN_POINT ( 'NONE',  ( 27.06537647679117242, -3.095724199259894949, -4.013349245053744241 ) ) ;
#5272 = DIRECTION ( 'NONE',  ( -0.9848077530122079093, 0.000000000000000000, -0.1736481776669313304 ) ) ;
#5273 = CARTESIAN_POINT ( 'NONE',  ( 58.81537647679117953, -1.999999999999998224, 1.000000000000000888 ) ) ;
#5274 = FACE_OUTER_BOUND ( 'NONE', #4061, .T. ) ;
#5275 = EDGE_CURVE ( 'NONE', #475, #437, #400, .T. ) ;
#5276 = CARTESIAN_POINT ( 'NONE',  ( 29.39081791777012143, -3.105563006354283395, -2.618397326902866862 ) ) ;
#5277 = ORIENTED_EDGE ( 'NONE', *, *, #3811, .T. ) ;
#5278 = FACE_OUTER_BOUND ( 'NONE', #4007, .T. ) ;
#5280 = ORIENTED_EDGE ( 'NONE', *, *, #6962, .F. ) ;
#5279 = FACE_OUTER_BOUND ( 'NONE', #1210, .T. ) ;
#5281 = DIRECTION ( 'NONE',  ( 0.000000000000000000, 0.000000000000000000, 1.000000000000000000 ) ) ;
#5282 = CARTESIAN_POINT ( 'NONE',  ( 36.43462352320882047, -6.349999999999999645, -2.174999999999999822 ) ) ;
#5283 = CARTESIAN_POINT ( 'NONE',  ( 54.07721230097129705, 1.596637958731240481, 1.871464348691104673 ) ) ;
#5284 = EDGE_CURVE ( 'NONE', #2750, #6100, #844, .T. ) ;
#5285 = VERTEX_POINT ( 'NONE', #2242 ) ;
#5286 = ORIENTED_EDGE ( 'NONE', *, *, #941, .T. ) ;
#5288 = ORIENTED_EDGE ( 'NONE', *, *, #1128, .T. ) ;
#5287 = CARTESIAN_POINT ( 'NONE',  ( 8.638462502818711641, -1.999999999999997113, -2.576664877242706542 ) ) ;
#5289 = CARTESIAN_POINT ( 'NONE',  ( 34.08331845233350066, 3.125000000000000000, -3.174999999999995826 ) ) ;
#5290 = CARTESIAN_POINT ( 'NONE',  ( 9.422787699028704722, 1.596637958731240037, 1.871464348691104673 ) ) ;
#5291 = EDGE_CURVE ( 'NONE', #7601, #421, #6627, .T. ) ;
#5292 = PLANE ( 'NONE',  #6645 ) ;
#5293 = CARTESIAN_POINT ( 'NONE',  ( 29.20758553316498052, -2.957769699857466961, -4.596661921126748318 ) ) ;
#5294 = DIRECTION ( 'NONE',  ( -0.000000000000000000, -0.000000000000000000, -1.000000000000000000 ) ) ;
#5295 = ORIENTED_EDGE ( 'NONE', *, *, #649, .F. ) ;
#5296 = ORIENTED_EDGE ( 'NONE', *, *, #2161, .T. ) ;
#5297 = CARTESIAN_POINT ( 'NONE',  ( 4.684623523208825802, 0.5000000000000033307, -25.00000000000000000 ) ) ;
#5298 = DIRECTION ( 'NONE',  ( 0.000000000000000000, 0.000000000000000000, -1.000000000000000000 ) ) ;
#5299 = ORIENTED_EDGE ( 'NONE', *, *, #3679, .T. ) ;
#5300 = EDGE_CURVE ( 'NONE', #4823, #2928, #2854, .T. ) ;
#5301 = FACE_OUTER_BOUND ( 'NONE', #5470, .T. ) ;
#5302 = DATE_TIME_ROLE ( 'classification_date' ) ;
#5303 = DIRECTION ( 'NONE',  ( 1.000000000000000000, 0.000000000000000000, 0.000000000000000000 ) ) ;
#5304 = VECTOR ( 'NONE', #3286, 999.9999999999998863 ) ;
#5305 = ORIENTED_EDGE ( 'NONE', *, *, #1753, .T. ) ;
#5306 = CARTESIAN_POINT ( 'NONE',  ( 22.72417203511789907, -3.125000000000000000, -2.795193825305196000 ) ) ;
#5307 = CARTESIAN_POINT ( 'NONE',  ( 58.81537647679117242, 3.095724199259894949, -0.8383492450537456397 ) ) ;
#5308 = EDGE_CURVE ( 'NONE', #7429, #3289, #4296, .T. ) ;
#5309 = FACE_OUTER_BOUND ( 'NONE', #4152, .T. ) ;
#5310 = CARTESIAN_POINT ( 'NONE',  ( 19.56704523229382175, 1.999999999999999556, -3.253933800335199855 ) ) ;
#5311 = AXIS2_PLACEMENT_3D ( 'NONE', #5764, #7071, #250 ) ;
#5312 = CARTESIAN_POINT ( 'NONE',  ( 2.390964123553082299, 3.081258825107950905, -1.017059512164393942 ) ) ;
#5313 = DIRECTION ( 'NONE',  ( 6.461669324084827339E-18, 0.9993908270190956511, -0.03489949670250425823 ) ) ;
#5314 = VECTOR ( 'NONE', #3261, 1000.000000000000000 ) ;
#5316 = ORIENTED_EDGE ( 'NONE', *, *, #2010, .F. ) ;
#5315 = CARTESIAN_POINT ( 'NONE',  ( 43.95593864038759335, -1.868478067631187400, -4.536902506744154628 ) ) ;
#5317 = ORIENTED_EDGE ( 'NONE', *, *, #1967, .F. ) ;
#5318 = CIRCLE ( 'NONE', #1413, 3.900000000000014566 ) ;
#5319 = ADVANCED_FACE ( 'NONE', ( #6555 ), #5984, .F. ) ;
#5320 = DIRECTION ( 'NONE',  ( 0.9848077530122079093, 0.000000000000000000, -0.1736481776669313026 ) ) ;
#5321 = CARTESIAN_POINT ( 'NONE',  ( 58.81537647679117953, -6.349999999999999645, -1.000000000000000888 ) ) ;
#5322 = VECTOR ( 'NONE', #5515, 999.9999999999998863 ) ;
#5323 = VECTOR ( 'NONE', #2146, 999.9999999999998863 ) ;
#5324 = CIRCLE ( 'NONE', #2870, 3.900000000000004352 ) ;
#5325 = LINE ( 'NONE', #7840, #244 ) ;
#5326 = EDGE_LOOP ( 'NONE', ( #5011, #3440, #4755, #5091 ) ) ;
#5327 = AXIS2_PLACEMENT_3D ( 'NONE', #672, #4544, #1406 ) ;
#5329 = ORIENTED_EDGE ( 'NONE', *, *, #1224, .F. ) ;
#5328 = DIRECTION ( 'NONE',  ( 0.000000000000000000, 1.000000000000000000, 0.000000000000000000 ) ) ;
#5330 = CARTESIAN_POINT ( 'NONE',  ( 35.61781592116275164, 0.4999999999999982792, 2.287000000000008804 ) ) ;
#5331 = PLANE ( 'NONE',  #3032 ) ;
#5332 = EDGE_CURVE ( 'NONE', #2320, #87, #3466, .T. ) ;
#5333 = DIRECTION ( 'NONE',  ( 1.851507882525183222E-16, 1.334402673828313093E-16, -1.000000000000000000 ) ) ;
#5334 = DIRECTION ( 'NONE',  ( -0.9848077530122079093, 0.000000000000000000, -0.1736481776669310528 ) ) ;
#5335 = CARTESIAN_POINT ( 'NONE',  ( 52.29406135961241375, 1.596637958731240925, -3.085483742487791226 ) ) ;
#5336 = CIRCLE ( 'NONE', #1816, 22.76925121088007131 ) ;
#5337 = VECTOR ( 'NONE', #4644, 1000.000000000000000 ) ;
#5338 = ORIENTED_EDGE ( 'NONE', *, *, #7386, .T. ) ;
#5339 = EDGE_CURVE ( 'NONE', #4563, #7214, #7123, .T. ) ;
#5340 = ORIENTED_EDGE ( 'NONE', *, *, #51, .F. ) ;
#5341 = CARTESIAN_POINT ( 'NONE',  ( 3.867815921162768955, -0.5000000000000003331, 1.000000000000000000 ) ) ;
#5342 = VECTOR ( 'NONE', #7901, 1000.000000000000000 ) ;
#5343 = CARTESIAN_POINT ( 'NONE',  ( 20.54406135961241020, -1.999999999999999556, -1.395354880397273956 ) ) ;
#5344 = VECTOR ( 'NONE', #1335, 1000.000000000000000 ) ;
#5345 = EDGE_LOOP ( 'NONE', ( #5057, #4424, #3879, #489 ) ) ;
#5346 = EDGE_CURVE ( 'NONE', #6269, #1988, #4050, .T. ) ;
#5347 = PLANE ( 'NONE',  #5066 ) ;
#5348 = DIRECTION ( 'NONE',  ( 0.000000000000000000, 1.000000000000000000, 1.358106471860483123E-16 ) ) ;
#5349 = VECTOR ( 'NONE', #1994, 1000.000000000000000 ) ;
#5350 = CC_DESIGN_SECURITY_CLASSIFICATION ( #3789, ( #1317 ) ) ;
#5351 = ADVANCED_FACE ( 'NONE', ( #2079 ), #4560, .T. ) ;
#5352 = ORIENTED_EDGE ( 'NONE', *, *, #3211, .F. ) ;
#5353 = FACE_OUTER_BOUND ( 'NONE', #2970, .T. ) ;
#5354 = PLANE ( 'NONE',  #6359 ) ;
#5355 = FACE_OUTER_BOUND ( 'NONE', #4474, .T. ) ;
#5356 =( BOUNDED_CURVE ( )  B_SPLINE_CURVE ( 3, ( #7380, #2992, #3158, #3039 ),
 .UNSPECIFIED., .F., .T. ) 
 B_SPLINE_CURVE_WITH_KNOTS ( ( 4, 4 ),
 ( 2.869333534403415431, 3.141592653589800221 ),
 .UNSPECIFIED. ) 
 CURVE ( )  GEOMETRIC_REPRESENTATION_ITEM ( )  RATIONAL_B_SPLINE_CURVE ( ( 1.000000000000000000, 0.9938324475413837789, 0.9938324475413837789, 1.000000000000000000 ) ) 
 REPRESENTATION_ITEM ( '' )  );
#5357 = ADVANCED_FACE ( 'NONE', ( #7054 ), #5859, .F. ) ;
#5358 = CIRCLE ( 'NONE', #2900, 1.499999999999999556 ) ;
#5359 = EDGE_LOOP ( 'NONE', ( #7053, #1963, #4017, #3780 ) ) ;
#5360 = EDGE_LOOP ( 'NONE', ( #7357, #4588, #480, #6387, #6751, #3812, #7249, #5709 ) ) ;
#5361 = CARTESIAN_POINT ( 'NONE',  ( 3.348133808556653435, 2.000000000000004441, -1.000000000000000000 ) ) ;
#5362 = VERTEX_POINT ( 'NONE', #3344 ) ;
#5363 = ORIENTED_EDGE ( 'NONE', *, *, #7624, .T. ) ;
#5364 = CARTESIAN_POINT ( 'NONE',  ( 54.87113176926450109, 1.596637958731240925, -2.631076698080709431 ) ) ;
#5365 = VECTOR ( 'NONE', #4354, 1000.000000000000000 ) ;
#5366 = CARTESIAN_POINT ( 'NONE',  ( 29.41668154766650645, 3.125000000000000000, -3.174999999999996714 ) ) ;
#5367 = EDGE_CURVE ( 'NONE', #4288, #7378, #7170, .T. ) ;
#5368 = CARTESIAN_POINT ( 'NONE',  ( 36.43462352320882047, -2.000000000000002665, 21.82499999999999929 ) ) ;
#5369 = VERTEX_POINT ( 'NONE', #6592 ) ;
#5371 = ORIENTED_EDGE ( 'NONE', *, *, #4745, .T. ) ;
#5370 = FACE_OUTER_BOUND ( 'NONE', #1236, .T. ) ;
#5372 = DIRECTION ( 'NONE',  ( -0.000000000000000000, -1.000000000000000000, -0.000000000000000000 ) ) ;
#5373 = DIRECTION ( 'NONE',  ( 0.9848077530122081313, 0.000000000000000000, -0.1736481776669309696 ) ) ;
#5374 = CARTESIAN_POINT ( 'NONE',  ( 4.684623523208827578, 3.095724199259894949, -0.8383492450537456397 ) ) ;
#5375 = LINE ( 'NONE', #2400, #4140 ) ;
#5376 = VERTEX_POINT ( 'NONE', #999 ) ;
#5377 = VERTEX_POINT ( 'NONE', #5897 ) ;
#5378 = CARTESIAN_POINT ( 'NONE',  ( 4.684623523208827578, -2.000000000000000000, 1.000000000000000000 ) ) ;
#5379 = PLANE ( 'NONE',  #6472 ) ;
#5380 = EDGE_LOOP ( 'NONE', ( #5843, #2646, #4981, #2937, #7753 ) ) ;
#5381 = CARTESIAN_POINT ( 'NONE',  ( 9.199476142549027458, -6.349999999999999645, 0.6050015783174087503 ) ) ;
#5382 = VECTOR ( 'NONE', #7432, 1000.000000000000000 ) ;
#5383 = ADVANCED_FACE ( 'NONE', ( #2778 ), #3501, .F. ) ;
#5384 = ORIENTED_EDGE ( 'NONE', *, *, #7541, .T. ) ;
#5385 = DIRECTION ( 'NONE',  ( 0.1736481776669313304, 0.000000000000000000, -0.9848077530122079093 ) ) ;
#5386 = CARTESIAN_POINT ( 'NONE',  ( 52.29406135961241375, 1.999999999999998668, -3.029380192621259127 ) ) ;
#5387 = ORIENTED_EDGE ( 'NONE', *, *, #4594, .T. ) ;
#5388 = AXIS2_PLACEMENT_3D ( 'NONE', #620, #4428, #1858 ) ;
#5389 = ADVANCED_FACE ( 'NONE', ( #2153 ), #307, .T. ) ;
#5390 = EDGE_CURVE ( 'NONE', #6218, #1621, #6147, .T. ) ;
#5391 = CARTESIAN_POINT ( 'NONE',  ( 31.75000000000000000, 2.435009221443560882E-17, -5.460999999999994969 ) ) ;
#5392 = PLANE ( 'NONE',  #2403 ) ;
#5393 = EDGE_CURVE ( 'NONE', #4142, #785, #3543, .T. ) ;
#5394 = ORIENTED_EDGE ( 'NONE', *, *, #4993, .F. ) ;
#5395 = LINE ( 'NONE', #9, #3305 ) ;
#5396 = VERTEX_POINT ( 'NONE', #1774 ) ;
#5397 = ORIENTED_EDGE ( 'NONE', *, *, #2210, .F. ) ;
#5398 = EDGE_CURVE ( 'NONE', #7199, #5414, #6674, .T. ) ;
#5399 = CARTESIAN_POINT ( 'NONE',  ( 5.066103523255280017, 0.4999999999999996669, 1.333826692420519100 ) ) ;
#5400 = PLANE ( 'NONE',  #3059 ) ;
#5401 = CARTESIAN_POINT ( 'NONE',  ( 29.37797730151740083, 3.095724199259894949, -4.013349245053742465 ) ) ;
#5402 =( BOUNDED_CURVE ( )  B_SPLINE_CURVE ( 3, ( #739, #1444, #2712, #3244 ),
 .UNSPECIFIED., .F., .T. ) 
 B_SPLINE_CURVE_WITH_KNOTS ( ( 4, 4 ),
 ( 6.010926187993208103, 6.283185307179586232 ),
 .UNSPECIFIED. ) 
 CURVE ( )  GEOMETRIC_REPRESENTATION_ITEM ( )  RATIONAL_B_SPLINE_CURVE ( ( 1.000000000000000000, 0.9938324475413840009, 0.9938324475413840009, 1.000000000000000000 ) ) 
 REPRESENTATION_ITEM ( '' )  );
#5403 = VERTEX_POINT ( 'NONE', #4758 ) ;
#5404 = DIRECTION ( 'NONE',  ( -0.9848077530122079093, 0.000000000000000000, -0.1736481776669313304 ) ) ;
#5406 = ORIENTED_EDGE ( 'NONE', *, *, #352, .F. ) ;
#5405 = DIRECTION ( 'NONE',  ( -0.9848077530122080203, 8.137350439786099334E-17, -0.1736481776669310806 ) ) ;
#5407 = DIRECTION ( 'NONE',  ( -0.000000000000000000, -0.000000000000000000, 1.000000000000000000 ) ) ;
#5408 = CARTESIAN_POINT ( 'NONE',  ( 34.61363268042597952, -2.651084560595150741, -5.038491676086432669 ) ) ;
#5409 = EDGE_CURVE ( 'NONE', #4121, #5938, #5336, .T. ) ;
#5410 = FACE_OUTER_BOUND ( 'NONE', #3976, .T. ) ;
#5411 = CARTESIAN_POINT ( 'NONE',  ( 27.06537647679117242, -0.5000000000000003331, -0.8889999999999974589 ) ) ;
#5412 = CARTESIAN_POINT ( 'NONE',  ( 51.29406135961241375, 0.5000000000000004441, -3.261810723196256756 ) ) ;
#5413 = ORIENTED_EDGE ( 'NONE', *, *, #1034, .F. ) ;
#5414 = VERTEX_POINT ( 'NONE', #4269 ) ;
#5415 = DIRECTION ( 'NONE',  ( -1.036515599736129278E-30, 0.9993908270190956511, -0.03489949670250423741 ) ) ;
#5416 = CARTESIAN_POINT ( 'NONE',  ( 34.12202269848260272, -3.095724199259894949, -2.336650754946253183 ) ) ;
#5417 = CARTESIAN_POINT ( 'NONE',  ( 27.06537647679117597, 1.596637958731251139, 21.82499999999999574 ) ) ;
#5418 = ORIENTED_EDGE ( 'NONE', *, *, #5936, .T. ) ;
#5419 = CARTESIAN_POINT ( 'NONE',  ( 52.29406135961241375, 1.596637958731240481, 1.557046727053834179 ) ) ;
#5420 = ADVANCED_FACE ( 'NONE', ( #6711 ), #1166, .T. ) ;
#5421 = DIRECTION ( 'NONE',  ( 1.181994048308896803E-16, 1.000000000000000000, 0.000000000000000000 ) ) ;
#5422 = AXIS2_PLACEMENT_3D ( 'NONE', #1508, #6482, #4690 ) ;
#5423 = VERTEX_POINT ( 'NONE', #1659 ) ;
#5424 = CARTESIAN_POINT ( 'NONE',  ( 58.81537647679117242, -1.596637958731250917, -0.7860000000000000320 ) ) ;
#5425 = DIRECTION ( 'NONE',  ( 8.152844887332521979E-32, 1.000000000000000000, 1.379057453301392586E-16 ) ) ;
#5426 = EDGE_LOOP ( 'NONE', ( #2452, #7275, #2764, #6039 ) ) ;
#5427 = CARTESIAN_POINT ( 'NONE',  ( 19.54406135961241020, -1.999999999999999556, -1.219027899688808869 ) ) ;
#5428 = CARTESIAN_POINT ( 'NONE',  ( 52.29406135961241375, 0.4999999999999996669, -5.461999999999999744 ) ) ;
#5429 = CARTESIAN_POINT ( 'NONE',  ( 51.29406135961241375, -0.5000000000000003331, -1.955972100311188511 ) ) ;
#5430 = ORIENTED_EDGE ( 'NONE', *, *, #1128, .F. ) ;
#5431 = DIRECTION ( 'NONE',  ( -1.851507882525183222E-16, 0.000000000000000000, 1.000000000000000000 ) ) ;
#5432 = EDGE_CURVE ( 'NONE', #159, #2364, #4186, .T. ) ;
#5433 = AXIS2_PLACEMENT_3D ( 'NONE', #1059, #5269, #2909 ) ;
#5434 = ORIENTED_EDGE ( 'NONE', *, *, #3602, .T. ) ;
#5435 = ORIENTED_EDGE ( 'NONE', *, *, #3503, .F. ) ;
#5436 = EDGE_CURVE ( 'NONE', #3496, #7741, #1427, .T. ) ;
#5437 = DIRECTION ( 'NONE',  ( 0.000000000000000000, 0.000000000000000000, 1.000000000000000000 ) ) ;
#5438 = CARTESIAN_POINT ( 'NONE',  ( 9.171405783534130052, -3.095724199259894949, 0.4458066615660576937 ) ) ;
#5439 = AXIS2_PLACEMENT_3D ( 'NONE', #5391, #4123, #6659 ) ;
#5440 = ORIENTED_EDGE ( 'NONE', *, *, #417, .F. ) ;
#5441 = LINE ( 'NONE', #4265, #119 ) ;
#5442 = EDGE_CURVE ( 'NONE', #3198, #5403, #3057, .T. ) ;
#5443 = CIRCLE ( 'NONE', #3115, 1.499999999999999778 ) ;
#5445 = VERTEX_POINT ( 'NONE', #3582 ) ;
#5444 = DIRECTION ( 'NONE',  ( 0.000000000000000000, 0.000000000000000000, 1.000000000000000000 ) ) ;
#5446 = CARTESIAN_POINT ( 'NONE',  ( 29.37797730151740083, -3.095724199259894949, -2.336650754946254072 ) ) ;
#5447 = CARTESIAN_POINT ( 'NONE',  ( 4.684623523208827578, 0.4999999999999995559, 1.000000000000000000 ) ) ;
#5448 =( BOUNDED_CURVE ( )  B_SPLINE_CURVE ( 3, ( #1523, #7154, #4015, #5844 ),
 .UNSPECIFIED., .F., .T. ) 
 B_SPLINE_CURVE_WITH_KNOTS ( ( 4, 4 ),
 ( 3.141592653589786899, 3.413851772776171689 ),
 .UNSPECIFIED. ) 
 CURVE ( )  GEOMETRIC_REPRESENTATION_ITEM ( )  RATIONAL_B_SPLINE_CURVE ( ( 1.000000000000000000, 0.9938324475413837789, 0.9938324475413837789, 1.000000000000000000 ) ) 
 REPRESENTATION_ITEM ( '' )  );
#5449 = DIRECTION ( 'NONE',  ( 0.000000000000000000, 0.000000000000000000, 1.000000000000000000 ) ) ;
#5450 = CARTESIAN_POINT ( 'NONE',  ( 44.90280107809913801, 1.999999999999999556, -3.082923728672364305 ) ) ;
#5451 = PLANE ( 'NONE',  #1543 ) ;
#5452 = CIRCLE ( 'NONE', #5964, 25.83834924505374175 ) ;
#5453 = VECTOR ( 'NONE', #5148, 1000.000000000000000 ) ;
#5454 = VERTEX_POINT ( 'NONE', #5446 ) ;
#5455 = VECTOR ( 'NONE', #3841, 1000.000000000000114 ) ;
#5456 = ORIENTED_EDGE ( 'NONE', *, *, #7864, .F. ) ;
#5457 = EDGE_CURVE ( 'NONE', #1318, #4263, #468, .T. ) ;
#5458 = CARTESIAN_POINT ( 'NONE',  ( 20.54406135961241020, -1.999999999999998224, -0.1456198073787392244 ) ) ;
#5459 = CARTESIAN_POINT ( 'NONE',  ( 60.24109673763138773, -2.149377904224192282, -2.189043700441704043 ) ) ;
#5460 = CARTESIAN_POINT ( 'NONE',  ( 4.684623523208825802, -0.5000000000000003331, -25.00000000000000000 ) ) ;
#5461 = VECTOR ( 'NONE', #5939, 1000.000000000000000 ) ;
#5462 = ORIENTED_EDGE ( 'NONE', *, *, #8018, .F. ) ;
#5463 = FACE_OUTER_BOUND ( 'NONE', #223, .T. ) ;
#5464 = CIRCLE ( 'NONE', #5987, 3.900000000000014566 ) ;
#5465 = CARTESIAN_POINT ( 'NONE',  ( 31.75000000000000000, 2.435009221443560882E-17, -5.460999999999994969 ) ) ;
#5466 = AXIS2_PLACEMENT_3D ( 'NONE', #5025, #4859, #7991 ) ;
#5467 = CARTESIAN_POINT ( 'NONE',  ( 2.469059523215881846, 3.019273089085232176, -1.268542295300685963 ) ) ;
#5468 = CIRCLE ( 'NONE', #1829, 2.100000000000000089 ) ;
#5469 = EDGE_CURVE ( 'NONE', #7935, #7388, #8008, .T. ) ;
#5470 = EDGE_LOOP ( 'NONE', ( #2174, #1301, #7839, #6546 ) ) ;
#5471 = CARTESIAN_POINT ( 'NONE',  ( 61.16668154766650645, 3.125000000000000000, 6.929959465066704231E-29 ) ) ;
#5472 = ORIENTED_EDGE ( 'NONE', *, *, #4217, .T. ) ;
#5473 = AXIS2_PLACEMENT_3D ( 'NONE', #2781, #3432, #1499 ) ;
#5474 = CARTESIAN_POINT ( 'NONE',  ( 60.61036165688216215, -1.999999999999998668, -0.3132569975202313950 ) ) ;
#5475 = DIRECTION ( 'NONE',  ( -0.9848077530122079093, -0.000000000000000000, 0.1736481776669310528 ) ) ;
#5476 = LINE ( 'NONE', #4252, #96 ) ;
#5477 = CARTESIAN_POINT ( 'NONE',  ( 21.23949863294299334, 0.4999999999999996669, -1.517979235075783473 ) ) ;
#5478 = APPROVAL_PERSON_ORGANIZATION ( #976, #2045, #1556 ) ;
#5479 = EDGE_CURVE ( 'NONE', #6477, #2394, #2971, .T. ) ;
#5480 = ORIENTED_EDGE ( 'NONE', *, *, #5001, .F. ) ;
#5481 = CARTESIAN_POINT ( 'NONE',  ( 4.684623523208827578, 3.125000000000000000, 1.391333921542872651E-28 ) ) ;
#5482 = ORIENTED_EDGE ( 'NONE', *, *, #557, .T. ) ;
#5483 = CARTESIAN_POINT ( 'NONE',  ( 8.628868230735498912, 0.5000000000000004441, -2.631076698080709431 ) ) ;
#5484 = FACE_OUTER_BOUND ( 'NONE', #6936, .T. ) ;
#5485 = CARTESIAN_POINT ( 'NONE',  ( 42.95593864038758625, -0.4999999999999992784, -4.732046727053832669 ) ) ;
#5486 = AXIS2_PLACEMENT_3D ( 'NONE', #7496, #683, #7537 ) ;
#5487 = ORIENTED_EDGE ( 'NONE', *, *, #2952, .F. ) ;
#5488 = LINE ( 'NONE', #6142, #5083 ) ;
#5489 = EDGE_CURVE ( 'NONE', #665, #7136, #3699, .T. ) ;
#5490 = EDGE_CURVE ( 'NONE', #2350, #3972, #4917, .T. ) ;
#5492 = ORIENTED_EDGE ( 'NONE', *, *, #6548, .F. ) ;
#5491 = LINE ( 'NONE', #1736, #783 ) ;
#5493 = DIRECTION ( 'NONE',  ( 1.000000000000000000, 0.000000000000000000, 1.851507882525182976E-16 ) ) ;
#5494 = CYLINDRICAL_SURFACE ( 'NONE', #7826, 1.499999999999999778 ) ;
#5495 = AXIS2_PLACEMENT_3D ( 'NONE', #20, #2527, #5692 ) ;
#5496 = CARTESIAN_POINT ( 'NONE',  ( 28.40186619144335722, 2.000000000000003553, -5.405748789119927622 ) ) ;
#5497 = CARTESIAN_POINT ( 'NONE',  ( 54.07721230097129705, -0.5000000000000003331, 1.871464348691110446 ) ) ;
#5498 = EDGE_CURVE ( 'NONE', #7601, #2507, #1821, .T. ) ;
#5499 = EDGE_CURVE ( 'NONE', #3393, #78, #4318, .T. ) ;
#5500 = ORIENTED_EDGE ( 'NONE', *, *, #3893, .F. ) ;
#5501 = FACE_OUTER_BOUND ( 'NONE', #3394, .T. ) ;
#5502 = CARTESIAN_POINT ( 'NONE',  ( 3.867815921162756077, -0.4999999999999987232, 2.286000000000000032 ) ) ;
#5503 = ORIENTED_EDGE ( 'NONE', *, *, #1863, .F. ) ;
#5504 = CARTESIAN_POINT ( 'NONE',  ( 52.29406135961241375, -1.999999999999997780, 2.287000000000011468 ) ) ;
#5505 = CARTESIAN_POINT ( 'NONE',  ( 27.06537647679117953, 0.4999999999999994449, -5.460999999999995858 ) ) ;
#5506 = ORIENTED_EDGE ( 'NONE', *, *, #7893, .T. ) ;
#5507 = CARTESIAN_POINT ( 'NONE',  ( 2.578471475158637727, 2.927549233475417179, -1.497074048355184983 ) ) ;
#5508 = VERTEX_POINT ( 'NONE', #2931 ) ;
#5509 = CARTESIAN_POINT ( 'NONE',  ( 27.06537647679117597, 2.000000000000000444, -0.9442512108800663606 ) ) ;
#5510 = LINE ( 'NONE', #7506, #643 ) ;
#5511 = ORIENTED_EDGE ( 'NONE', *, *, #4689, .F. ) ;
#5512 = DIRECTION ( 'NONE',  ( -0.000000000000000000, -0.000000000000000000, -1.000000000000000000 ) ) ;
#5513 = FACE_OUTER_BOUND ( 'NONE', #4626, .T. ) ;
#5514 = LINE ( 'NONE', #4212, #8033 ) ;
#5515 = DIRECTION ( 'NONE',  ( 0.9848077530122080203, 0.000000000000000000, 0.1736481776669310806 ) ) ;
#5516 = EDGE_CURVE ( 'NONE', #4692, #2364, #1122, .T. ) ;
#5517 = VECTOR ( 'NONE', #2087, 1000.000000000000000 ) ;
#5518 = ORIENTED_EDGE ( 'NONE', *, *, #1852, .T. ) ;
#5519 = LINE ( 'NONE', #1727, #6169 ) ;
#5520 = ORIENTED_EDGE ( 'NONE', *, *, #7692, .T. ) ;
#5521 = DIRECTION ( 'NONE',  ( 1.000000000000000000, -0.000000000000000000, -0.000000000000000000 ) ) ;
#5522 = CYLINDRICAL_SURFACE ( 'NONE', #6433, 1.500000000000000000 ) ;
#5523 = CARTESIAN_POINT ( 'NONE',  ( 3.348133808556653435, 2.000000000000004441, -1.000000000000000000 ) ) ;
#5524 = EDGE_CURVE ( 'NONE', #2487, #2311, #1212, .T. ) ;
#5525 = EDGE_LOOP ( 'NONE', ( #1504, #499, #5826, #6772, #1562 ) ) ;
#5526 = CARTESIAN_POINT ( 'NONE',  ( 0.000000000000000000, -6.349999999999999645, 1.000000000000000000 ) ) ;
#5528 = ORIENTED_EDGE ( 'NONE', *, *, #3661, .T. ) ;
#5527 = LINE ( 'NONE', #5612, #7426 ) ;
#5529 = CARTESIAN_POINT ( 'NONE',  ( 54.86153749718128836, 2.000000000000000888, -2.576664877242705654 ) ) ;
#5530 = LINE ( 'NONE', #5614, #6412 ) ;
#5531 = CARTESIAN_POINT ( 'NONE',  ( 22.33680657305450978, 1.999999999999998224, -4.992052527853100052 ) ) ;
#5532 = CARTESIAN_POINT ( 'NONE',  ( 42.95593864038758625, 0.4999999999999995559, -0.08951625751220679272 ) ) ;
#5533 = FACE_OUTER_BOUND ( 'NONE', #5244, .T. ) ;
#5534 = ADVANCED_FACE ( 'NONE', ( #3204 ), #2312, .F. ) ;
#5535 = EDGE_LOOP ( 'NONE', ( #4900, #2719, #7714, #3399, #4069, #5280, #6383, #8025, #1894, #5259, #1601, #6513 ) ) ;
#5536 = DIRECTION ( 'NONE',  ( 1.851507882525183222E-16, 1.334402673828313093E-16, -1.000000000000000000 ) ) ;
#5537 = EDGE_CURVE ( 'NONE', #5362, #78, #5991, .T. ) ;
#5538 = CARTESIAN_POINT ( 'NONE',  ( 36.43462352320882047, 3.095724199259894949, 21.82499999999999929 ) ) ;
#5539 = DIRECTION ( 'NONE',  ( -0.9848077530122079093, 0.000000000000000000, -0.1736481776669313304 ) ) ;
#5540 = EDGE_CURVE ( 'NONE', #778, #1405, #2483, .T. ) ;
#5541 = VERTEX_POINT ( 'NONE', #5155 ) ;
#5542 = DIRECTION ( 'NONE',  ( -1.851507882525183222E-16, 0.000000000000000000, 1.000000000000000000 ) ) ;
#5543 = ADVANCED_FACE ( 'NONE', ( #1516 ), #7670, .F. ) ;
#5544 = DIRECTION ( 'NONE',  ( -0.000000000000000000, -0.000000000000000000, 1.000000000000000000 ) ) ;
#5545 = ORIENTED_EDGE ( 'NONE', *, *, #4785, .T. ) ;
#5546 = CARTESIAN_POINT ( 'NONE',  ( 58.81537647679117242, 1.596637958731250473, 0.7859999999999995879 ) ) ;
#5547 = ORIENTED_EDGE ( 'NONE', *, *, #1102, .T. ) ;
#5548 = PLANE ( 'NONE',  #6083 ) ;
#5549 = EDGE_CURVE ( 'NONE', #3245, #7038, #3366, .T. ) ;
#5550 = DIRECTION ( 'NONE',  ( 0.9848077530122080203, -1.862295200448541464E-16, 0.1736481776669312194 ) ) ;
#5551 = CARTESIAN_POINT ( 'NONE',  ( 27.06537647679117597, 1.596637958731250473, -2.388999999999997570 ) ) ;
#5552 = CARTESIAN_POINT ( 'NONE',  ( 58.81537647679117242, 3.095724199259894505, 0.8383492450537465279 ) ) ;
#5553 = VECTOR ( 'NONE', #2701, 1000.000000000000000 ) ;
#5554 = VERTEX_POINT ( 'NONE', #4581 ) ;
#5555 = DIRECTION ( 'NONE',  ( -1.000000000000000000, 0.000000000000000000, 0.000000000000000000 ) ) ;
#5556 = ADVANCED_FACE ( 'NONE', ( #1397 ), #2101, .F. ) ;
#5557 = EDGE_LOOP ( 'NONE', ( #1937, #6233, #2277, #1522 ) ) ;
#5558 = CONICAL_SURFACE ( 'NONE', #4122, 25.00000000000000355, 1.535889741755006588 ) ;
#5559 = CARTESIAN_POINT ( 'NONE',  ( 42.95593864038758625, 1.999999999999998668, -1.395354880397274844 ) ) ;
#5560 = DIRECTION ( 'NONE',  ( 0.000000000000000000, 1.000000000000000000, 0.000000000000000000 ) ) ;
#5561 = LINE ( 'NONE', #5523, #8055 ) ;
#5562 = VERTEX_POINT ( 'NONE', #7070 ) ;
#5563 = AXIS2_PLACEMENT_3D ( 'NONE', #1514, #1442, #1475 ) ;
#5564 = LINE ( 'NONE', #3135, #6648 ) ;
#5566 = ORIENTED_EDGE ( 'NONE', *, *, #4655, .F. ) ;
#5565 = CARTESIAN_POINT ( 'NONE',  ( 29.37797730151740083, 3.095724199259894505, -2.336650754946250075 ) ) ;
#5567 = EDGE_CURVE ( 'NONE', #6767, #7456, #7886, .T. ) ;
#5568 = FACE_OUTER_BOUND ( 'NONE', #3500, .T. ) ;
#5569 = AXIS2_PLACEMENT_3D ( 'NONE', #1725, #7308, #1196 ) ;
#5570 = DIRECTION ( 'NONE',  ( 1.000000000000000000, 0.000000000000000000, 1.851507882525182976E-16 ) ) ;
#5571 = CARTESIAN_POINT ( 'NONE',  ( -6.789423587380180771E-29, 8.609464714099180422E-17, 1.000000000000000000 ) ) ;
#5572 = DIRECTION ( 'NONE',  ( -3.545982144926683754E-16, 1.000000000000000000, 1.334402673828312107E-16 ) ) ;
#5573 = VERTEX_POINT ( 'NONE', #7105 ) ;
#5574 = CIRCLE ( 'NONE', #3122, 3.900000000000000799 ) ;
#5575 = ORIENTED_EDGE ( 'NONE', *, *, #7377, .T. ) ;
#5576 = CARTESIAN_POINT ( 'NONE',  ( 60.15186619144333946, 2.000000000000003553, 2.287000000000013689 ) ) ;
#5577 = DIRECTION ( 'NONE',  ( 0.1736481776669313304, 0.000000000000000000, -0.9848077530122079093 ) ) ;
#5578 = VERTEX_POINT ( 'NONE', #5833 ) ;
#5579 = LINE ( 'NONE', #2624, #2496 ) ;
#5580 = FACE_OUTER_BOUND ( 'NONE', #365, .T. ) ;
#5581 = AXIS2_PLACEMENT_3D ( 'NONE', #3929, #7469, #3237 ) ;
#5582 = DIRECTION ( 'NONE',  ( -1.851507882525182976E-16, -1.358106471860482877E-16, 1.000000000000000000 ) ) ;
#5583 = VECTOR ( 'NONE', #5670, 1000.000000000000000 ) ;
#5584 = EDGE_CURVE ( 'NONE', #938, #5124, #4535, .T. ) ;
#5585 = VERTEX_POINT ( 'NONE', #80 ) ;
#5586 = CARTESIAN_POINT ( 'NONE',  ( 2.719035446483666352, 2.796683945335384891, 1.689065380531089122 ) ) ;
#5587 = VECTOR ( 'NONE', #6019, 1000.000000000000000 ) ;
#5588 = EDGE_CURVE ( 'NONE', #4459, #3623, #385, .T. ) ;
#5589 = ORIENTED_EDGE ( 'NONE', *, *, #1205, .T. ) ;
#5590 = VECTOR ( 'NONE', #116, 1000.000000000000000 ) ;
#5591 = CARTESIAN_POINT ( 'NONE',  ( 22.72417203511789907, 3.125000000000000000, -2.795193825305196000 ) ) ;
#5592 = ORIENTED_EDGE ( 'NONE', *, *, #6036, .F. ) ;
#5593 = DIRECTION ( 'NONE',  ( -0.1736481776669305810, 0.000000000000000000, 0.9848077530122080203 ) ) ;
#5594 = CYLINDRICAL_SURFACE ( 'NONE', #3185, 27.28600000000000136 ) ;
#5595 = DIRECTION ( 'NONE',  ( -0.000000000000000000, -1.000000000000000000, 0.000000000000000000 ) ) ;
#5596 = AXIS2_PLACEMENT_3D ( 'NONE', #7189, #4051, #7225 ) ;
#5597 = EDGE_CURVE ( 'NONE', #5888, #7199, #2757, .T. ) ;
#5598 = EDGE_CURVE ( 'NONE', #3030, #5896, #7932, .T. ) ;
#5599 = AXIS2_PLACEMENT_3D ( 'NONE', #841, #3341, #5169 ) ;
#5600 = ORIENTED_EDGE ( 'NONE', *, *, #6650, .T. ) ;
#5601 = LINE ( 'NONE', #3770, #4652 ) ;
#5602 = AXIS2_PLACEMENT_3D ( 'NONE', #2857, #1002, #4801 ) ;
#5603 = ORIENTED_EDGE ( 'NONE', *, *, #6617, .T. ) ;
#5604 = VECTOR ( 'NONE', #5405, 999.9999999999998863 ) ;
#5605 = CARTESIAN_POINT ( 'NONE',  ( 9.422787699028704722, 0.4999999999999995559, 1.871464348691104451 ) ) ;
#5606 = DIRECTION ( 'NONE',  ( 0.000000000000000000, -1.334402673828313339E-16, 1.000000000000000000 ) ) ;
#5607 = EDGE_CURVE ( 'NONE', #1768, #4317, #3223, .T. ) ;
#5608 = AXIS2_PLACEMENT_3D ( 'NONE', #7963, #4181, #4667 ) ;
#5609 = EDGE_LOOP ( 'NONE', ( #4257, #5078 ) ) ;
#5610 = CARTESIAN_POINT ( 'NONE',  ( 4.684623523208825802, 3.095724199259894949, -25.00000000000000000 ) ) ;
#5611 = ORIENTED_EDGE ( 'NONE', *, *, #6548, .T. ) ;
#5613 = ORIENTED_EDGE ( 'NONE', *, *, #6188, .F. ) ;
#5612 = CARTESIAN_POINT ( 'NONE',  ( 20.54406135961241020, -0.5000000000000003331, -2.175000000000002931 ) ) ;
#5614 = CARTESIAN_POINT ( 'NONE',  ( 8.628868230735498912, 0.5000000000000004441, -2.631076698080709431 ) ) ;
#5615 = CARTESIAN_POINT ( 'NONE',  ( 43.95593864038759335, -1.999999999999999556, -1.219027899688809757 ) ) ;
#5616 = CARTESIAN_POINT ( 'NONE',  ( 58.81537647679117953, 0.4999999999999995559, -25.00000000000000000 ) ) ;
#5617 = CARTESIAN_POINT ( 'NONE',  ( 35.09813380855663922, -2.000000000000000444, -0.9442512108800652504 ) ) ;
#5618 = CARTESIAN_POINT ( 'NONE',  ( 27.88218407883724836, -0.5000000000000014433, 2.287000000000007027 ) ) ;
#5619 = EDGE_CURVE ( 'NONE', #3184, #4969, #5402, .T. ) ;
#5620 = ORIENTED_EDGE ( 'NONE', *, *, #3861, .F. ) ;
#5621 = CONICAL_SURFACE ( 'NONE', #3160, 25.00000000000000355, 1.535889741755006366 ) ;
#5622 = DIRECTION ( 'NONE',  ( 1.851507882525183222E-16, 1.334402673828313093E-16, -1.000000000000000000 ) ) ;
#5623 = DIRECTION ( 'NONE',  ( 0.000000000000000000, -0.000000000000000000, -1.000000000000000000 ) ) ;
#5624 = ORIENTED_EDGE ( 'NONE', *, *, #5367, .T. ) ;
#5625 = CARTESIAN_POINT ( 'NONE',  ( 9.025827964882100929, 3.125000000000000000, -0.3798061746948026007 ) ) ;
#5626 = DIRECTION ( 'NONE',  ( -0.9848077530122079093, 5.435262026214576443E-17, -0.1736481776669313304 ) ) ;
#5627 = DIRECTION ( 'NONE',  ( 2.358327139162379357E-17, -1.000000000000000000, -1.337473782904259637E-16 ) ) ;
#5628 = ADVANCED_FACE ( 'NONE', ( #129 ), #5193, .F. ) ;
#5629 = ORIENTED_EDGE ( 'NONE', *, *, #1855, .T. ) ;
#5630 = CYLINDRICAL_SURFACE ( 'NONE', #1429, 24.00000000000000000 ) ;
#5631 = ORIENTED_EDGE ( 'NONE', *, *, #4570, .T. ) ;
#5632 = CARTESIAN_POINT ( 'NONE',  ( 40.37886823073549891, -0.5000000000000004441, -0.5439233019192890595 ) ) ;
#5633 = LINE ( 'NONE', #2420, #2492 ) ;
#5634 = ORIENTED_EDGE ( 'NONE', *, *, #6539, .F. ) ;
#5635 = CARTESIAN_POINT ( 'NONE',  ( 4.684623523208827578, 1.999999999999997113, 2.230748789119931796 ) ) ;
#5636 = DIRECTION ( 'NONE',  ( 2.970001569282669714E-29, -1.358106471860483123E-16, 1.000000000000000000 ) ) ;
#5637 = DIRECTION ( 'NONE',  ( 1.851507882525183222E-16, 1.334402673828313093E-16, -1.000000000000000000 ) ) ;
#5638 = ADVANCED_FACE ( 'NONE', ( #7593 ), #5118, .F. ) ;
#5639 = ADVANCED_FACE ( 'NONE', ( #2259 ), #7304, .T. ) ;
#5640 = ORIENTED_EDGE ( 'NONE', *, *, #6332, .T. ) ;
#5641 = FACE_OUTER_BOUND ( 'NONE', #1091, .T. ) ;
#5642 = CIRCLE ( 'NONE', #5899, 2.100000000000000089 ) ;
#5643 = ORIENTED_EDGE ( 'NONE', *, *, #1873, .T. ) ;
#5644 = ADVANCED_FACE ( 'NONE', ( #2291 ), #1680, .T. ) ;
#5645 = EDGE_CURVE ( 'NONE', #4469, #1578, #1565, .T. ) ;
#5646 = CARTESIAN_POINT ( 'NONE',  ( 29.35903587644692436, 3.081258825107950905, -4.192059512164390433 ) ) ;
#5647 = CARTESIAN_POINT ( 'NONE',  ( 42.95593864038758625, -0.5000000000000003331, 2.287000000000009692 ) ) ;
#5648 = EDGE_CURVE ( 'NONE', #7388, #4291, #4167, .T. ) ;
#5649 = AXIS2_PLACEMENT_3D ( 'NONE', #5706, #7013, #3874 ) ;
#5650 = ORIENTED_EDGE ( 'NONE', *, *, #4337, .T. ) ;
#5651 = CARTESIAN_POINT ( 'NONE',  ( 51.29406135961241375, 1.999999999999997780, -5.461999999999999744 ) ) ;
#5652 = ORIENTED_EDGE ( 'NONE', *, *, #7816, .T. ) ;
#5654 = VERTEX_POINT ( 'NONE', #7145 ) ;
#5653 = CARTESIAN_POINT ( 'NONE',  ( 61.03094047678413858, -3.019273089085232620, 1.268542295300687295 ) ) ;
#5655 = CARTESIAN_POINT ( 'NONE',  ( 19.54406135961241020, 2.000000000000000000, -3.249881123460299559 ) ) ;
#5656 = ADVANCED_FACE ( 'NONE', ( #2173 ), #5955, .F. ) ;
#5657 = VECTOR ( 'NONE', #5681, 1000.000000000000000 ) ;
#5658 = LINE ( 'NONE', #4391, #7274 ) ;
#5659 = LINE ( 'NONE', #6186, #4311 ) ;
#5660 = ORIENTED_EDGE ( 'NONE', *, *, #4397, .F. ) ;
#5661 = LINE ( 'NONE', #6353, #2875 ) ;
#5662 = DIRECTION ( 'NONE',  ( 0.000000000000000000, 1.000000000000000000, -0.000000000000000000 ) ) ;
#5663 = EDGE_CURVE ( 'NONE', #7463, #1623, #4656, .T. ) ;
#5664 = VERTEX_POINT ( 'NONE', #4207 ) ;
#5665 = DIRECTION ( 'NONE',  ( 0.000000000000000000, 1.334402673828313093E-16, -1.000000000000000000 ) ) ;
#5666 = CARTESIAN_POINT ( 'NONE',  ( 27.06537647679117597, 3.125000000000000000, -3.174999999999997158 ) ) ;
#5667 = CARTESIAN_POINT ( 'NONE',  ( 0.000000000000000000, 0.000000000000000000, 2.286000000000000032 ) ) ;
#5668 =( BOUNDED_CURVE ( )  B_SPLINE_CURVE ( 3, ( #5565, #4838, #7361, #1864 ),
 .UNSPECIFIED., .F., .T. ) 
 B_SPLINE_CURVE_WITH_KNOTS ( ( 4, 4 ),
 ( 5.629380518832353353, 5.641824004668787751 ),
 .UNSPECIFIED. ) 
 CURVE ( )  GEOMETRIC_REPRESENTATION_ITEM ( )  RATIONAL_B_SPLINE_CURVE ( ( 1.000000000000000000, 0.9999870966799773164, 0.9999870966799773164, 1.000000000000000000 ) ) 
 REPRESENTATION_ITEM ( '' )  );
#5669 = ORIENTED_EDGE ( 'NONE', *, *, #6341, .T. ) ;
#5670 = DIRECTION ( 'NONE',  ( 0.000000000000000000, 1.000000000000000000, 0.000000000000000000 ) ) ;
#5671 = ORIENTED_EDGE ( 'NONE', *, *, #1420, .T. ) ;
#5672 = EDGE_CURVE ( 'NONE', #6591, #6405, #4120, .T. ) ;
#5673 = ORIENTED_EDGE ( 'NONE', *, *, #663, .T. ) ;
#5674 = LINE ( 'NONE', #5028, #4173 ) ;
#5675 = CARTESIAN_POINT ( 'NONE',  ( 43.95593864038759335, 0.4999999999999996669, 0.08681072319625948719 ) ) ;
#5676 = ORIENTED_EDGE ( 'NONE', *, *, #3191, .T. ) ;
#5677 = LINE ( 'NONE', #164, #1267 ) ;
#5678 = DIRECTION ( 'NONE',  ( 0.9848077530122079093, 0.000000000000000000, 0.1736481776669313304 ) ) ;
#5679 = ORIENTED_EDGE ( 'NONE', *, *, #3495, .T. ) ;
#5680 = FACE_OUTER_BOUND ( 'NONE', #6685, .T. ) ;
#5681 = DIRECTION ( 'NONE',  ( -0.000000000000000000, 1.000000000000000000, 1.358106471860483123E-16 ) ) ;
#5682 = FACE_OUTER_BOUND ( 'NONE', #1265, .T. ) ;
#5683 = EDGE_CURVE ( 'NONE', #6671, #377, #3271, .T. ) ;
#5684 = EDGE_CURVE ( 'NONE', #3686, #7613, #7286, .T. ) ;
#5685 = DIRECTION ( 'NONE',  ( 0.000000000000000000, 1.000000000000000000, 0.000000000000000000 ) ) ;
#5686 = LINE ( 'NONE', #2601, #2735 ) ;
#5687 = VERTEX_POINT ( 'NONE', #367 ) ;
#5688 = CARTESIAN_POINT ( 'NONE',  ( 2.359182082229885236, -3.105563006354283839, 0.5566026730971129766 ) ) ;
#5690 = ORIENTED_EDGE ( 'NONE', *, *, #953, .T. ) ;
#5689 = CARTESIAN_POINT ( 'NONE',  ( 3.348133808556642332, -1.999999999999997780, 2.230748789119931796 ) ) ;
#5691 = EDGE_CURVE ( 'NONE', #3436, #1878, #324, .T. ) ;
#5692 = DIRECTION ( 'NONE',  ( 0.000000000000000000, 0.000000000000000000, 1.000000000000000000 ) ) ;
#5693 = EDGE_CURVE ( 'NONE', #7378, #6477, #5877, .T. ) ;
#5694 = CARTESIAN_POINT ( 'NONE',  ( 34.63963834311783785, 1.999999999999999556, -2.861743002479768538 ) ) ;
#5695 = CARTESIAN_POINT ( 'NONE',  ( 61.12382209565578961, 3.092540374737359876, -0.9295220504894428082 ) ) ;
#5696 = VECTOR ( 'NONE', #7747, 1000.000000000000000 ) ;
#5697 = EDGE_CURVE ( 'NONE', #4471, #3198, #5969, .T. ) ;
#5698 = VERTEX_POINT ( 'NONE', #2335 ) ;
#5699 = ORIENTED_EDGE ( 'NONE', *, *, #5793, .F. ) ;
#5700 = DIRECTION ( 'NONE',  ( -0.9848077530122080203, 0.000000000000000000, 0.1736481776669312194 ) ) ;
#5701 = CARTESIAN_POINT ( 'NONE',  ( 27.06537647679117597, -3.125000000000000000, -3.174999999999997158 ) ) ;
#5702 = CIRCLE ( 'NONE', #2587, 1.499999999999999556 ) ;
#5703 = ORIENTED_EDGE ( 'NONE', *, *, #5489, .T. ) ;
#5704 = CARTESIAN_POINT ( 'NONE',  ( 11.20593864038758980, -1.999999999999997113, -3.029380192621260015 ) ) ;
#5705 = CARTESIAN_POINT ( 'NONE',  ( 36.43462352320882047, -6.349999999999999645, 21.82499999999999929 ) ) ;
#5706 = CARTESIAN_POINT ( 'NONE',  ( 11.20593864038758802, -1.999999999999998224, -5.461999999999999744 ) ) ;
#5707 = CONICAL_SURFACE ( 'NONE', #5187, 25.00000000000000000, 1.535889741755006810 ) ;
#5708 = EDGE_CURVE ( 'NONE', #4653, #1144, #4822, .T. ) ;
#5709 = ORIENTED_EDGE ( 'NONE', *, *, #4889, .F. ) ;
#5710 = LINE ( 'NONE', #1884, #5590 ) ;
#5711 = ORIENTED_EDGE ( 'NONE', *, *, #352, .T. ) ;
#5712 = DIRECTION ( 'NONE',  ( -1.000000000000000000, 0.000000000000000000, -2.224004456380515494E-16 ) ) ;
#5713 = VECTOR ( 'NONE', #5626, 1000.000000000000000 ) ;
#5714 = EDGE_LOOP ( 'NONE', ( #5352, #7951, #7926, #4222 ) ) ;
#5715 = DIRECTION ( 'NONE',  ( 1.851507882525183222E-16, 1.334402673828313093E-16, -1.000000000000000000 ) ) ;
#5716 = DIRECTION ( 'NONE',  ( -1.103821940798063316E-16, -1.000000000000000000, -1.334402673828313339E-16 ) ) ;
#5717 = VECTOR ( 'NONE', #5320, 1000.000000000000000 ) ;
#5718 = AXIS2_PLACEMENT_3D ( 'NONE', #7101, #2703, #7183 ) ;
#5719 = EDGE_CURVE ( 'NONE', #529, #5146, #2220, .T. ) ;
#5720 = AXIS2_PLACEMENT_3D ( 'NONE', #2416, #3371, #4245 ) ;
#5721 = ORIENTED_EDGE ( 'NONE', *, *, #3252, .F. ) ;
#5722 = CARTESIAN_POINT ( 'NONE',  ( 12.20593864038758980, 1.999999999999997780, -5.461999999999999744 ) ) ;
#5723 = CARTESIAN_POINT ( 'NONE',  ( 58.43389647674472087, 0.4999999999999996669, 1.333826692420519100 ) ) ;
#5724 = ORIENTED_EDGE ( 'NONE', *, *, #2692, .T. ) ;
#5725 = VECTOR ( 'NONE', #265, 1000.000000000000000 ) ;
#5726 = CARTESIAN_POINT ( 'NONE',  ( 20.54406135961241020, 0.4999999999999996669, -5.461999999999999744 ) ) ;
#5727 = CARTESIAN_POINT ( 'NONE',  ( 11.20593864038758802, 1.596637958731240037, 1.557046727053834179 ) ) ;
#5728 = AXIS2_PLACEMENT_3D ( 'NONE', #5610, #7446, #4223 ) ;
#5729 = ORIENTED_EDGE ( 'NONE', *, *, #6, .T. ) ;
#5730 = VECTOR ( 'NONE', #3480, 1000.000000000000114 ) ;
#5731 = DIRECTION ( 'NONE',  ( 1.000000000000000000, 1.103821940798063439E-16, 1.851507882525184455E-16 ) ) ;
#5732 = ORIENTED_EDGE ( 'NONE', *, *, #4390, .F. ) ;
#5733 = CARTESIAN_POINT ( 'NONE',  ( 61.15371949962639775, 3.115321732520953901, -0.2771493188697656262 ) ) ;
#5735 = VERTEX_POINT ( 'NONE', #2880 ) ;
#5734 = CARTESIAN_POINT ( 'NONE',  ( 27.06537647679117242, 1.596637958731240481, -0.8889999999999970148 ) ) ;
#5736 = PLANE ( 'NONE',  #54 ) ;
#5737 = DIRECTION ( 'NONE',  ( -0.000000000000000000, -0.000000000000000000, -1.000000000000000000 ) ) ;
#5738 = FACE_OUTER_BOUND ( 'NONE', #3088, .T. ) ;
#5739 = TOROIDAL_SURFACE ( 'NONE', #911, 24.21399999999999864, 1.500000000000000000 ) ;
#5740 = VECTOR ( 'NONE', #3238, 1000.000000000000000 ) ;
#5741 = ORIENTED_EDGE ( 'NONE', *, *, #2577, .T. ) ;
#5742 = PLANE ( 'NONE',  #4161 ) ;
#5743 = VERTEX_POINT ( 'NONE', #2795 ) ;
#5744 = CARTESIAN_POINT ( 'NONE',  ( 20.54406135961241375, -1.868478067631187178, -4.713229487452621491 ) ) ;
#5745 = ORIENTED_EDGE ( 'NONE', *, *, #7060, .F. ) ;
#5746 = ADVANCED_FACE ( 'NONE', ( #6536 ), #4701, .T. ) ;
#5747 = EDGE_CURVE ( 'NONE', #6767, #3756, #981, .T. ) ;
#5748 = CARTESIAN_POINT ( 'NONE',  ( 27.06537647679117953, 1.596637958731251139, -3.960999999999996746 ) ) ;
#5749 = CARTESIAN_POINT ( 'NONE',  ( 51.31704523229382175, 1.999999999999997335, 0.07893380033520328021 ) ) ;
#5750 = LINE ( 'NONE', #7581, #2136 ) ;
#5751 = VECTOR ( 'NONE', #8059, 1000.000000000000000 ) ;
#5752 = CARTESIAN_POINT ( 'NONE',  ( 11.20593864038758980, -1.868478067631185846, -3.066666502886581380 ) ) ;
#5753 = CARTESIAN_POINT ( 'NONE',  ( 43.95593864038759335, 1.596637958731240037, 0.08681072319625905698 ) ) ;
#5754 = ORIENTED_EDGE ( 'NONE', *, *, #8018, .T. ) ;
#5755 = EDGE_CURVE ( 'NONE', #4412, #1915, #5633, .T. ) ;
#5756 = AXIS2_PLACEMENT_3D ( 'NONE', #3502, #5373, #6020 ) ;
#5757 = CARTESIAN_POINT ( 'NONE',  ( 36.43462352320882047, 0.4999999999999995559, -2.174999999999999822 ) ) ;
#5758 = DIRECTION ( 'NONE',  ( 0.000000000000000000, 1.000000000000000000, 0.000000000000000000 ) ) ;
#5759 = CARTESIAN_POINT ( 'NONE',  ( 52.01965232255004423, -1.999999999999997780, -1.828030836587048347 ) ) ;
#5760 = EDGE_LOOP ( 'NONE', ( #6231, #3487 ) ) ;
#5761 = CARTESIAN_POINT ( 'NONE',  ( 19.54406135961241020, -1.999999999999999556, 0.03070717332972604935 ) ) ;
#5762 = CARTESIAN_POINT ( 'NONE',  ( 19.54406135961241020, -1.596637958731240703, -4.555719746345368470 ) ) ;
#5763 = ORIENTED_EDGE ( 'NONE', *, *, #1471, .T. ) ;
#5764 = CARTESIAN_POINT ( 'NONE',  ( 19.54406135961241020, 1.999999999999999112, 2.287000000000005251 ) ) ;
#5765 = CARTESIAN_POINT ( 'NONE',  ( 34.12202269848260272, 3.095724199259894505, -2.336650754946249187 ) ) ;
#5766 = LINE ( 'NONE', #5036, #5038 ) ;
#5767 = CARTESIAN_POINT ( 'NONE',  ( 4.684623523208825802, -0.4999999999999952260, -25.00000000000000000 ) ) ;
#5768 = ORIENTED_EDGE ( 'NONE', *, *, #7192, .F. ) ;
#5769 = CARTESIAN_POINT ( 'NONE',  ( 20.26965232255003713, -1.999999999999999556, -1.346969163412948811 ) ) ;
#5771 = ORIENTED_EDGE ( 'NONE', *, *, #6882, .T. ) ;
#5770 = PLANE ( 'NONE',  #4691 ) ;
#5772 = CARTESIAN_POINT ( 'NONE',  ( 40.38846250281871164, -1.999999999999998224, -0.5983351227572923925 ) ) ;
#5773 = ADVANCED_FACE ( 'NONE', ( #1845 ), #656, .F. ) ;
#5774 = FACE_OUTER_BOUND ( 'NONE', #3387, .T. ) ;
#5775 = VECTOR ( 'NONE', #257, 1000.000000000000000 ) ;
#5776 = ORIENTED_EDGE ( 'NONE', *, *, #4228, .F. ) ;
#5777 = ORIENTED_EDGE ( 'NONE', *, *, #6401, .F. ) ;
#5778 = VECTOR ( 'NONE', #580, 1000.000000000000000 ) ;
#5779 = CYLINDRICAL_SURFACE ( 'NONE', #2341, 1.500000000000000000 ) ;
#5780 = CARTESIAN_POINT ( 'NONE',  ( 2.346280500373613354, 3.115321732520951237, 0.2771493188698317400 ) ) ;
#5781 = EDGE_CURVE ( 'NONE', #380, #2522, #249, .T. ) ;
#5782 = ORIENTED_EDGE ( 'NONE', *, *, #6184, .F. ) ;
#5783 = DIRECTION ( 'NONE',  ( 1.851507882525183222E-16, 1.334402673828313093E-16, -1.000000000000000000 ) ) ;
#5784 = DIRECTION ( 'NONE',  ( -0.1735423958889129314, 0.03489949670250425129, 0.9842078347376876923 ) ) ;
#5785 = CARTESIAN_POINT ( 'NONE',  ( 27.06537647679117953, 3.095724199259894505, -2.336650754946250519 ) ) ;
#5786 = EDGE_CURVE ( 'NONE', #5847, #2318, #4982, .T. ) ;
#5787 = EDGE_CURVE ( 'NONE', #6463, #2755, #5356, .T. ) ;
#5788 = CARTESIAN_POINT ( 'NONE',  ( 11.20593864038758980, -1.733189655496050863, -3.085483742487792558 ) ) ;
#5789 = DIRECTION ( 'NONE',  ( 0.9848077530122081313, 0.000000000000000000, -0.1736481776669309696 ) ) ;
#5790 = ORIENTED_EDGE ( 'NONE', *, *, #1798, .T. ) ;
#5791 = LINE ( 'NONE', #855, #6497 ) ;
#5792 = CARTESIAN_POINT ( 'NONE',  ( 63.50000000000000000, 8.609464714099180422E-17, -2.286000000000000032 ) ) ;
#5793 = EDGE_CURVE ( 'NONE', #4963, #7202, #1270, .T. ) ;
#5794 = ORIENTED_EDGE ( 'NONE', *, *, #2132, .T. ) ;
#5795 = CARTESIAN_POINT ( 'NONE',  ( 54.08680657305450978, -1.999999999999998224, 1.817052527853100896 ) ) ;
#5796 = DIRECTION ( 'NONE',  ( -0.000000000000000000, 0.000000000000000000, 1.000000000000000000 ) ) ;
#5797 = ORIENTED_EDGE ( 'NONE', *, *, #313, .F. ) ;
#5798 = DIRECTION ( 'NONE',  ( 0.000000000000000000, 1.000000000000000000, 0.000000000000000000 ) ) ;
#5799 = CARTESIAN_POINT ( 'NONE',  ( 4.684623523208827578, 1.596637958731240925, -2.285999999999999588 ) ) ;
#5800 = ADVANCED_FACE ( 'NONE', ( #7950 ), #1190, .T. ) ;
#5801 = VERTEX_POINT ( 'NONE', #608 ) ;
#5802 = DIRECTION ( 'NONE',  ( 1.000000000000000000, 5.519109703990317197E-17, 0.000000000000000000 ) ) ;
#5803 = ORIENTED_EDGE ( 'NONE', *, *, #6351, .T. ) ;
#5804 = CARTESIAN_POINT ( 'NONE',  ( 27.06537647679117597, -1.596637958731250917, 21.82499999999999929 ) ) ;
#5806 = ORIENTED_EDGE ( 'NONE', *, *, #4648, .F. ) ;
#5805 = CARTESIAN_POINT ( 'NONE',  ( 60.63636731957401338, -2.651084560595149409, 1.863491676086436399 ) ) ;
#5807 = DIRECTION ( 'NONE',  ( -0.1736481776669305810, 0.000000000000000000, 0.9848077530122080203 ) ) ;
#5808 = CARTESIAN_POINT ( 'NONE',  ( 22.55052385745096899, 1.999999999999993117, -3.780001578317405464 ) ) ;
#5809 = DIRECTION ( 'NONE',  ( 0.000000000000000000, -0.03489949670250420966, 0.9993908270190955401 ) ) ;
#5810 = CIRCLE ( 'NONE', #5422, 24.16165075494625114 ) ;
#5811 = ORIENTED_EDGE ( 'NONE', *, *, #753, .F. ) ;
#5812 = ADVANCED_FACE ( 'NONE', ( #3116 ), #7467, .F. ) ;
#5813 = CARTESIAN_POINT ( 'NONE',  ( 28.40186619144336078, 1.999999999999999556, -0.9442512108800652504 ) ) ;
#5814 = VERTEX_POINT ( 'NONE', #6729 ) ;
#5815 = DIRECTION ( 'NONE',  ( 0.000000000000000000, 0.000000000000000000, -1.000000000000000000 ) ) ;
#5816 = DIRECTION ( 'NONE',  ( 1.000000000000000000, -0.000000000000000000, -8.326672684688676518E-17 ) ) ;
#5817 = EDGE_LOOP ( 'NONE', ( #1971, #7345, #7041, #2793 ) ) ;
#5818 = DIRECTION ( 'NONE',  ( -1.000000000000000000, 0.000000000000000000, 0.000000000000000000 ) ) ;
#5819 = CONICAL_SURFACE ( 'NONE', #5045, 24.16165075494625114, 1.535889741755007032 ) ;
#5820 = CARTESIAN_POINT ( 'NONE',  ( 12.20593864038758980, 1.999999999999997780, 1.324616196478835661 ) ) ;
#5821 = EDGE_CURVE ( 'NONE', #5996, #4631, #5510, .T. ) ;
#5822 = VERTEX_POINT ( 'NONE', #6125 ) ;
#5823 = DIRECTION ( 'NONE',  ( -0.000000000000000000, -1.000000000000000000, 0.000000000000000000 ) ) ;
#5824 = AXIS2_PLACEMENT_3D ( 'NONE', #7984, #3676, #2374 ) ;
#5825 = DIRECTION ( 'NONE',  ( -0.9848077530122080203, 0.000000000000000000, 0.1736481776669312194 ) ) ;
#5826 = ORIENTED_EDGE ( 'NONE', *, *, #6091, .T. ) ;
#5827 = ADVANCED_FACE ( 'NONE', ( #4414 ), #1106, .T. ) ;
#5828 = DIRECTION ( 'NONE',  ( 0.9848077530122080203, 2.317165925841671444E-17, -0.1736481776669312194 ) ) ;
#5829 = EDGE_CURVE ( 'NONE', #1644, #3834, #4303, .T. ) ;
#5830 = AXIS2_PLACEMENT_3D ( 'NONE', #7175, #7697, #5818 ) ;
#5831 = ORIENTED_EDGE ( 'NONE', *, *, #3017, .F. ) ;
#5832 = CARTESIAN_POINT ( 'NONE',  ( 43.95593864038759335, -0.5000000000000003331, 2.287000000000009692 ) ) ;
#5833 = CARTESIAN_POINT ( 'NONE',  ( 33.85000000000000142, 2.435009221443560882E-17, -0.8890000000000022329 ) ) ;
#5834 = VECTOR ( 'NONE', #3974, 1000.000000000000000 ) ;
#5835 = EDGE_CURVE ( 'NONE', #2522, #3296, #1320, .T. ) ;
#5836 = DIRECTION ( 'NONE',  ( 1.103821940798063439E-16, 1.000000000000000000, 0.000000000000000000 ) ) ;
#5837 = CARTESIAN_POINT ( 'NONE',  ( 51.29406135961241375, -1.999999999999998224, 2.287000000000011468 ) ) ;
#5838 = CIRCLE ( 'NONE', #5966, 3.899999999999999911 ) ;
#5839 = CIRCLE ( 'NONE', #2078, 24.00000000000000000 ) ;
#5840 = ORIENTED_EDGE ( 'NONE', *, *, #7582, .T. ) ;
#5841 = CIRCLE ( 'NONE', #3771, 26.00000000000000355 ) ;
#5842 = CARTESIAN_POINT ( 'NONE',  ( 50.34719892190086199, -0.5000000000000003331, -0.09207627132763220035 ) ) ;
#5843 = ORIENTED_EDGE ( 'NONE', *, *, #7822, .T. ) ;
#5844 = CARTESIAN_POINT ( 'NONE',  ( 52.29406135961241375, -1.999999999999998224, 1.500943177187301858 ) ) ;
#5845 = VECTOR ( 'NONE', #6682, 1000.000000000000000 ) ;
#5847 = VERTEX_POINT ( 'NONE', #6287 ) ;
#5846 = LINE ( 'NONE', #4625, #1568 ) ;
#5848 = AXIS2_PLACEMENT_3D ( 'NONE', #6964, #6400, #2616 ) ;
#5849 = ADVANCED_FACE ( 'NONE', ( #3796 ), #4039, .T. ) ;
#5850 = DIRECTION ( 'NONE',  ( 0.000000000000000000, 1.000000000000000000, 0.000000000000000000 ) ) ;
#5851 = DIRECTION ( 'NONE',  ( 0.000000000000000000, 0.03489949670250421659, -0.9993908270190955401 ) ) ;
#5852 = AXIS2_PLACEMENT_3D ( 'NONE', #3288, #5070, #6947 ) ;
#5853 = B_SPLINE_CURVE_WITH_KNOTS ( 'NONE', 3,
 ( #4976, #7012, #1542, #5943, #3958, #4639, #5293, #3389, #5222, #3433 ),
 .UNSPECIFIED., .F., .F.,
 ( 4, 2, 2, 2, 4 ),
 ( 0.0004576857502781629412, 0.001526995805871961785, 0.001794323319770413068, 0.002061650833668864351, 0.002596305861465762581 ),
 .UNSPECIFIED. ) ;
#5854 = ORIENTED_EDGE ( 'NONE', *, *, #5159, .T. ) ;
#5855 = VECTOR ( 'NONE', #2310, 1000.000000000000000 ) ;
#5856 = CARTESIAN_POINT ( 'NONE',  ( 63.50000000000000000, 8.609464714099180422E-17, 1.000000000000000000 ) ) ;
#5857 = ORIENTED_EDGE ( 'NONE', *, *, #3605, .T. ) ;
#5858 = ORIENTED_EDGE ( 'NONE', *, *, #1501, .T. ) ;
#5859 = CYLINDRICAL_SURFACE ( 'NONE', #4033, 22.71399999999999864 ) ;
#5860 = CARTESIAN_POINT ( 'NONE',  ( 27.06537647679117242, -0.5000000000000004441, -0.8889999999999973479 ) ) ;
#5861 = AXIS2_PLACEMENT_3D ( 'NONE', #7529, #6843, #3703 ) ;
#5862 = ORIENTED_EDGE ( 'NONE', *, *, #4243, .F. ) ;
#5863 = CARTESIAN_POINT ( 'NONE',  ( 58.81537647679117242, 0.5000000000000000000, -2.285999999999999588 ) ) ;
#5864 = CARTESIAN_POINT ( 'NONE',  ( 20.54406135961241020, -0.4999999999999994449, -4.174999999999998934 ) ) ;
#5865 = LOCAL_TIME ( 13, 59, 32.00000000000000000, #1472 ) ;
#5866 = EDGE_CURVE ( 'NONE', #5377, #6136, #1308, .T. ) ;
#5867 = FACE_OUTER_BOUND ( 'NONE', #6977, .T. ) ;
#5868 = VERTEX_POINT ( 'NONE', #28 ) ;
#5869 = ORIENTED_EDGE ( 'NONE', *, *, #4640, .T. ) ;
#5870 = DIRECTION ( 'NONE',  ( 3.545982144926683754E-16, -1.000000000000000000, -1.334402673828312107E-16 ) ) ;
#5871 = CARTESIAN_POINT ( 'NONE',  ( 11.20593864038758802, -1.999999999999998224, -5.461999999999999744 ) ) ;
#5872 = VERTEX_POINT ( 'NONE', #1347 ) ;
#5873 = DIRECTION ( 'NONE',  ( 0.000000000000000000, -1.000000000000000000, 0.000000000000000000 ) ) ;
#5874 = ORIENTED_EDGE ( 'NONE', *, *, #6598, .F. ) ;
#5875 = PLANE ( 'NONE',  #3362 ) ;
#5876 = VECTOR ( 'NONE', #187, 1000.000000000000000 ) ;
#5877 = LINE ( 'NONE', #283, #1828 ) ;
#5878 = EDGE_CURVE ( 'NONE', #6797, #732, #66, .T. ) ;
#5879 = FACE_OUTER_BOUND ( 'NONE', #6568, .T. ) ;
#5880 = CARTESIAN_POINT ( 'NONE',  ( 3.348133808556642332, 1.999999999999997113, 2.230748789119931796 ) ) ;
#5881 = ORIENTED_EDGE ( 'NONE', *, *, #7630, .T. ) ;
#5882 = CARTESIAN_POINT ( 'NONE',  ( 3.258704439671033626, 2.149710746721890775, -2.188950773539384276 ) ) ;
#5883 = ADVANCED_FACE ( 'NONE', ( #8021 ), #3228, .F. ) ;
#5884 = EDGE_LOOP ( 'NONE', ( #1843, #4884, #6730, #2721 ) ) ;
#5885 = FACE_OUTER_BOUND ( 'NONE', #6965, .T. ) ;
#5887 = ORIENTED_EDGE ( 'NONE', *, *, #5549, .F. ) ;
#5886 = CARTESIAN_POINT ( 'NONE',  ( 43.95593864038759335, -1.596637958731240703, -4.555719746345367582 ) ) ;
#5888 = VERTEX_POINT ( 'NONE', #1837 ) ;
#5889 = DIRECTION ( 'NONE',  ( -0.9848077530122079093, 0.000000000000000000, -0.1736481776669310528 ) ) ;
#5890 = CARTESIAN_POINT ( 'NONE',  ( 11.20593864038758802, -0.5000000000000002220, 0.2512081041687683758 ) ) ;
#5891 = ORIENTED_EDGE ( 'NONE', *, *, #2168, .F. ) ;
#5892 = CARTESIAN_POINT ( 'NONE',  ( 42.95593864038758625, -1.999999999999998224, -4.675943177187300570 ) ) ;
#5893 = EDGE_LOOP ( 'NONE', ( #3413, #5511, #6589, #6907, #5261 ) ) ;
#5894 = ADVANCED_FACE ( 'NONE', ( #7542 ), #684, .F. ) ;
#5896 = VERTEX_POINT ( 'NONE', #6969 ) ;
#5895 = CARTESIAN_POINT ( 'NONE',  ( 9.422787699028704722, 1.596637958731240481, 1.871464348691104673 ) ) ;
#5897 = CARTESIAN_POINT ( 'NONE',  ( 22.89782021278483271, 1.999999999999996669, -1.810386072292989423 ) ) ;
#5898 = DIRECTION ( 'NONE',  ( 1.000000000000000000, -1.920740328501952714E-16, -1.851507882525184455E-16 ) ) ;
#5899 = AXIS2_PLACEMENT_3D ( 'NONE', #4547, #7042, #1451 ) ;
#5900 = ORIENTED_EDGE ( 'NONE', *, *, #4545, .F. ) ;
#5901 = CARTESIAN_POINT ( 'NONE',  ( 29.41668154766650289, -3.125000000000000000, -3.174999999999996714 ) ) ;
#5902 = CARTESIAN_POINT ( 'NONE',  ( 19.54406135961241020, 0.5000000000000004441, -3.249881123460299559 ) ) ;
#5903 = FACE_OUTER_BOUND ( 'NONE', #5026, .T. ) ;
#5904 = EDGE_LOOP ( 'NONE', ( #4448, #3696, #6915, #318 ) ) ;
#5905 = VECTOR ( 'NONE', #2949, 1000.000000000000000 ) ;
#5906 = ORIENTED_EDGE ( 'NONE', *, *, #7342, .T. ) ;
#5907 = DIRECTION ( 'NONE',  ( -0.000000000000000000, -1.000000000000000000, -0.000000000000000000 ) ) ;
#5908 = LINE ( 'NONE', #3927, #1127 ) ;
#5909 = ORIENTED_EDGE ( 'NONE', *, *, #220, .T. ) ;
#5910 = CARTESIAN_POINT ( 'NONE',  ( 36.43462352320882047, -3.125000000000000000, -3.174999999999997158 ) ) ;
#5911 = AXIS2_PLACEMENT_3D ( 'NONE', #4344, #3727, #4995 ) ;
#5912 = DIRECTION ( 'NONE',  ( -0.9848077530122079093, 0.000000000000000000, -0.1736481776669310528 ) ) ;
#5913 = EDGE_CURVE ( 'NONE', #5743, #6788, #6851, .T. ) ;
#5914 = EDGE_LOOP ( 'NONE', ( #944, #4377, #5430, #1790, #7870, #6944, #4617, #7513, #7063, #7122, #6550, #586, #6917, #7146, #4711, #4916, #5020, #657, #798, #2850 ) ) ;
#5915 = FACE_OUTER_BOUND ( 'NONE', #4749, .T. ) ;
#5916 = CARTESIAN_POINT ( 'NONE',  ( 36.43462352320882047, -0.5000000000000004441, 21.82499999999999929 ) ) ;
#5917 = ORIENTED_EDGE ( 'NONE', *, *, #2448, .T. ) ;
#5918 = PLANE ( 'NONE',  #614 ) ;
#5919 = FACE_OUTER_BOUND ( 'NONE', #5525, .T. ) ;
#5920 =( BOUNDED_CURVE ( )  B_SPLINE_CURVE ( 3, ( #6067, #356, #6601, #5458 ),
 .UNSPECIFIED., .F., .T. ) 
 B_SPLINE_CURVE_WITH_KNOTS ( ( 4, 4 ),
 ( 3.141592653589786899, 3.413851772776171689 ),
 .UNSPECIFIED. ) 
 CURVE ( )  GEOMETRIC_REPRESENTATION_ITEM ( )  RATIONAL_B_SPLINE_CURVE ( ( 1.000000000000000000, 0.9938324475413837789, 0.9938324475413837789, 1.000000000000000000 ) ) 
 REPRESENTATION_ITEM ( '' )  );
#5921 = ORIENTED_EDGE ( 'NONE', *, *, #2823, .F. ) ;
#5922 = CARTESIAN_POINT ( 'NONE',  ( 2.671227261885457782, 2.844852613263037178, -1.631462077464138405 ) ) ;
#5923 = VERTEX_POINT ( 'NONE', #7499 ) ;
#5924 = CARTESIAN_POINT ( 'NONE',  ( 4.684623523208827578, -3.125000000000000000, -2.545853211699800359E-16 ) ) ;
#5926 = ORIENTED_EDGE ( 'NONE', *, *, #6781, .T. ) ;
#5925 = LINE ( 'NONE', #292, #7043 ) ;
#5927 = ORIENTED_EDGE ( 'NONE', *, *, #4862, .F. ) ;
#5928 = CARTESIAN_POINT ( 'NONE',  ( 42.95593864038758625, -1.733189655496051529, -4.732046727053832669 ) ) ;
#5929 = LINE ( 'NONE', #384, #3255 ) ;
#5930 = EDGE_CURVE ( 'NONE', #6285, #5541, #6119, .T. ) ;
#5931 = ADVANCED_FACE ( 'NONE', ( #1916 ), #1260, .F. ) ;
#5932 = EDGE_LOOP ( 'NONE', ( #1017, #6294, #7427, #2110 ) ) ;
#5933 = DIRECTION ( 'NONE',  ( 1.103821940798063686E-16, -1.000000000000000000, -1.334402673828312846E-16 ) ) ;
#5934 = EDGE_CURVE ( 'NONE', #3623, #3393, #4406, .T. ) ;
#5935 = ORIENTED_EDGE ( 'NONE', *, *, #1706, .T. ) ;
#5936 = EDGE_CURVE ( 'NONE', #826, #3184, #4975, .T. ) ;
#5938 = VERTEX_POINT ( 'NONE', #645 ) ;
#5937 = LINE ( 'NONE', #390, #6257 ) ;
#5939 = DIRECTION ( 'NONE',  ( 1.851507882525183222E-16, 1.334402673828313093E-16, -1.000000000000000000 ) ) ;
#5940 = CARTESIAN_POINT ( 'NONE',  ( 58.81537647679117242, 3.125000000000000000, 1.391333921542872651E-28 ) ) ;
#5941 = DIRECTION ( 'NONE',  ( -0.9848077530122080203, 0.000000000000000000, 0.1736481776669312194 ) ) ;
#5942 = LINE ( 'NONE', #1742, #4695 ) ;
#5943 = CARTESIAN_POINT ( 'NONE',  ( 29.03096455351633409, -2.796683945335384891, -4.864065380531084948 ) ) ;
#5944 = EDGE_CURVE ( 'NONE', #4266, #7186, #5579, .T. ) ;
#5945 = ORIENTED_EDGE ( 'NONE', *, *, #4359, .T. ) ;
#5946 = ORIENTED_EDGE ( 'NONE', *, *, #718, .T. ) ;
#5947 = DIRECTION ( 'NONE',  ( 0.000000000000000000, 1.000000000000000000, 0.000000000000000000 ) ) ;
#5948 = FACE_OUTER_BOUND ( 'NONE', #6007, .T. ) ;
#5949 = VERTEX_POINT ( 'NONE', #5704 ) ;
#5950 = LINE ( 'NONE', #7782, #8045 ) ;
#5951 = EDGE_CURVE ( 'NONE', #1915, #5822, #2453, .T. ) ;
#5952 = ORIENTED_EDGE ( 'NONE', *, *, #3460, .T. ) ;
#5953 = CARTESIAN_POINT ( 'NONE',  ( 27.06537647679117953, -0.5000000000000002220, -5.460999999999995858 ) ) ;
#5954 = VECTOR ( 'NONE', #153, 1000.000000000000000 ) ;
#5955 = PLANE ( 'NONE',  #5596 ) ;
#5956 = ORIENTED_EDGE ( 'NONE', *, *, #1204, .T. ) ;
#5957 = CARTESIAN_POINT ( 'NONE',  ( 11.20593864038758802, 1.733189655496043979, 1.557046727053835067 ) ) ;
#5958 = DIRECTION ( 'NONE',  ( 1.103821940798063439E-16, -1.000000000000000000, 0.000000000000000000 ) ) ;
#5959 = EDGE_CURVE ( 'NONE', #7814, #4631, #5099, .T. ) ;
#5960 = VECTOR ( 'NONE', #7347, 1000.000000000000000 ) ;
#5961 = ORIENTED_EDGE ( 'NONE', *, *, #154, .F. ) ;
#5962 = ORIENTED_EDGE ( 'NONE', *, *, #3760, .T. ) ;
#5963 = DIRECTION ( 'NONE',  ( -1.851507882525184455E-16, 0.000000000000000000, -1.000000000000000000 ) ) ;
#5964 = AXIS2_PLACEMENT_3D ( 'NONE', #6791, #6263, #3610 ) ;
#5965 = EDGE_LOOP ( 'NONE', ( #3330, #4643, #1353, #3716 ) ) ;
#5966 = AXIS2_PLACEMENT_3D ( 'NONE', #2584, #1273, #160 ) ;
#5967 = DIRECTION ( 'NONE',  ( 0.000000000000000000, 0.03436992607709351416, 0.9994091795563292413 ) ) ;
#5968 = CARTESIAN_POINT ( 'NONE',  ( 4.684623523208828466, -2.000000000000004885, -2.230748789119930464 ) ) ;
#5969 =( BOUNDED_CURVE ( )  B_SPLINE_CURVE ( 3, ( #413, #451, #2913, #5386 ),
 .UNSPECIFIED., .F., .T. ) 
 B_SPLINE_CURVE_WITH_KNOTS ( ( 4, 4 ),
 ( 0.000000000000000000, 0.2722591191863793503 ),
 .UNSPECIFIED. ) 
 CURVE ( )  GEOMETRIC_REPRESENTATION_ITEM ( )  RATIONAL_B_SPLINE_CURVE ( ( 1.000000000000000000, 0.9938324475413838899, 0.9938324475413838899, 1.000000000000000000 ) ) 
 REPRESENTATION_ITEM ( '' )  );
#5970 = ADVANCED_FACE ( 'NONE', ( #4931 ), #3189, .F. ) ;
#5971 = AXIS2_PLACEMENT_3D ( 'NONE', #4920, #7451, #553 ) ;
#5972 = EDGE_LOOP ( 'NONE', ( #6716, #1924, #3406, #8013, #592 ) ) ;
#5973 = VECTOR ( 'NONE', #4636, 1000.000000000000000 ) ;
#5974 = ORIENTED_EDGE ( 'NONE', *, *, #3811, .F. ) ;
#5975 = VECTOR ( 'NONE', #1897, 1000.000000000000000 ) ;
#5977 = ORIENTED_EDGE ( 'NONE', *, *, #4138, .T. ) ;
#5976 = DIRECTION ( 'NONE',  ( -1.181994048308896803E-16, -1.000000000000000000, 0.000000000000000000 ) ) ;
#5978 = APPROVAL ( #6450, 'UNSPECIFIED' ) ;
#5979 = CARTESIAN_POINT ( 'NONE',  ( 11.20593864038758802, 1.999999999999997335, -5.461999999999999744 ) ) ;
#5980 = CARTESIAN_POINT ( 'NONE',  ( 58.81537647679117242, 1.596637958731251139, -0.7859999999999995879 ) ) ;
#5981 = DIRECTION ( 'NONE',  ( 0.9848077530122080203, 0.000000000000000000, -0.1736481776669310806 ) ) ;
#5982 = FACE_OUTER_BOUND ( 'NONE', #5206, .T. ) ;
#5983 = LINE ( 'NONE', #3548, #2070 ) ;
#5984 = CONICAL_SURFACE ( 'NONE', #3129, 24.16165075494625469, 1.535889741755006810 ) ;
#5985 = EDGE_CURVE ( 'NONE', #7411, #6591, #3152, .T. ) ;
#5986 = EDGE_CURVE ( 'NONE', #3772, #4348, #6356, .T. ) ;
#5987 = AXIS2_PLACEMENT_3D ( 'NONE', #5856, #3829, #5092 ) ;
#5988 = ORIENTED_EDGE ( 'NONE', *, *, #7192, .T. ) ;
#5989 = ORIENTED_EDGE ( 'NONE', *, *, #3439, .F. ) ;
#5990 = DIRECTION ( 'NONE',  ( 0.1736481776669312194, 0.000000000000000000, -0.9848077530122080203 ) ) ;
#5991 = CIRCLE ( 'NONE', #6905, 25.83834924505374886 ) ;
#5992 = EDGE_CURVE ( 'NONE', #6605, #1140, #5221, .T. ) ;
#5993 = FACE_OUTER_BOUND ( 'NONE', #6872, .T. ) ;
#5994 = EDGE_CURVE ( 'NONE', #2182, #5578, #3347, .T. ) ;
#5995 = VECTOR ( 'NONE', #7077, 1000.000000000000000 ) ;
#5996 = VERTEX_POINT ( 'NONE', #4031 ) ;
#5997 = PLANE ( 'NONE',  #7791 ) ;
#5998 = DIRECTION ( 'NONE',  ( 0.9848077530122079093, -0.000000000000000000, 0.1736481776669310528 ) ) ;
#5999 = VECTOR ( 'NONE', #5088, 1000.000000000000000 ) ;
#6000 = EDGE_LOOP ( 'NONE', ( #6619, #2660, #5917, #2143, #7204, #3342, #6846, #3052 ) ) ;
#6001 = CARTESIAN_POINT ( 'NONE',  ( 35.61781592116275164, -0.5000000000000003331, -5.460999999999994081 ) ) ;
#6002 = EDGE_CURVE ( 'NONE', #5403, #6448, #4824, .T. ) ;
#6003 = CARTESIAN_POINT ( 'NONE',  ( 27.06537647679117597, -2.000000000000002665, 21.82499999999999929 ) ) ;
#6004 = ORIENTED_EDGE ( 'NONE', *, *, #2742, .T. ) ;
#6005 = CARTESIAN_POINT ( 'NONE',  ( 2.964230113374977105, -2.539423920662267964, -1.962174878948606649 ) ) ;
#6006 = FACE_OUTER_BOUND ( 'NONE', #3954, .T. ) ;
#6007 = EDGE_LOOP ( 'NONE', ( #2834, #582, #5624, #7254 ) ) ;
#6008 = CARTESIAN_POINT ( 'NONE',  ( 34.13030415231143877, 3.089378738490768495, -4.195059466835275863 ) ) ;
#6009 = EDGE_CURVE ( 'NONE', #7032, #7894, #1589, .T. ) ;
#6010 = ORIENTED_EDGE ( 'NONE', *, *, #1081, .F. ) ;
#6011 = ORIENTED_EDGE ( 'NONE', *, *, #7310, .F. ) ;
#6012 = LINE ( 'NONE', #6667, #4803 ) ;
#6013 = ORIENTED_EDGE ( 'NONE', *, *, #5117, .F. ) ;
#6014 = CARTESIAN_POINT ( 'NONE',  ( 20.54406135961241020, -1.999999999999998224, -0.1456198073787392244 ) ) ;
#6015 = VERTEX_POINT ( 'NONE', #5901 ) ;
#6017 = VERTEX_POINT ( 'NONE', #7696 ) ;
#6016 = CARTESIAN_POINT ( 'NONE',  ( 9.171405783534131828, 3.095724199259894505, 0.4458066615660583598 ) ) ;
#6018 = ADVANCED_FACE ( 'NONE', ( #3919 ), #2122, .F. ) ;
#6019 = DIRECTION ( 'NONE',  ( -0.000000000000000000, -0.000000000000000000, 1.000000000000000000 ) ) ;
#6020 = DIRECTION ( 'NONE',  ( 0.1736481776669305810, 0.000000000000000000, 0.9848077530122080203 ) ) ;
#6021 = DIRECTION ( 'NONE',  ( -0.1736481776669312194, 0.000000000000000000, -0.9848077530122080203 ) ) ;
#6022 = CARTESIAN_POINT ( 'NONE',  ( 42.95593864038758625, 1.999999999999998224, -0.1456198073787392244 ) ) ;
#6023 = CARTESIAN_POINT ( 'NONE',  ( 58.81537647679117953, -0.5000000000000003331, 1.000000000000000000 ) ) ;
#6024 = VERTEX_POINT ( 'NONE', #847 ) ;
#6025 = CARTESIAN_POINT ( 'NONE',  ( 19.54406135961241020, -0.5000000000000003331, -5.461999999999999744 ) ) ;
#6026 = CARTESIAN_POINT ( 'NONE',  ( 31.75000000000000000, 4.553088549592051489E-16, -4.175000000000000711 ) ) ;
#6027 = CARTESIAN_POINT ( 'NONE',  ( 54.86153749718128836, -1.999999999999997113, -2.576664877242706542 ) ) ;
#6028 = EDGE_LOOP ( 'NONE', ( #7765, #6466, #3830, #2370, #7965, #7976, #2376, #2602 ) ) ;
#6029 = PLANE ( 'NONE',  #1552 ) ;
#6030 = DIRECTION ( 'NONE',  ( 1.000000000000000000, -0.000000000000000000, -8.326672684688676518E-17 ) ) ;
#6031 = AXIS2_PLACEMENT_3D ( 'NONE', #2824, #4641, #1466 ) ;
#6032 = EDGE_CURVE ( 'NONE', #5801, #2417, #2872, .T. ) ;
#6033 = ADVANCED_FACE ( 'NONE', ( #7092 ), #5739, .T. ) ;
#6034 = EDGE_CURVE ( 'NONE', #3272, #4914, #7614, .T. ) ;
#6035 = EDGE_LOOP ( 'NONE', ( #7236, #6296, #5162, #5046 ) ) ;
#6036 = EDGE_CURVE ( 'NONE', #7857, #2459, #3526, .T. ) ;
#6037 = DIRECTION ( 'NONE',  ( 0.000000000000000000, 0.000000000000000000, -1.000000000000000000 ) ) ;
#6038 = CARTESIAN_POINT ( 'NONE',  ( 43.95593864038759335, 0.4999999999999996669, -5.461999999999999744 ) ) ;
#6039 = ORIENTED_EDGE ( 'NONE', *, *, #6, .F. ) ;
#6040 = VECTOR ( 'NONE', #3044, 1000.000000000000000 ) ;
#6041 = DIRECTION ( 'NONE',  ( -1.000000000000000000, 0.000000000000000000, 0.000000000000000000 ) ) ;
#6042 = CARTESIAN_POINT ( 'NONE',  ( 20.54406135961241020, 2.000000000000000000, -4.675943177187299682 ) ) ;
#6043 = CARTESIAN_POINT ( 'NONE',  ( 20.54406135961241375, -1.596637958731240703, -4.732046727053833557 ) ) ;
#6044 = DIRECTION ( 'NONE',  ( -5.519109703990317197E-17, 1.000000000000000000, 0.000000000000000000 ) ) ;
#6045 = VECTOR ( 'NONE', #3337, 1000.000000000000000 ) ;
#6046 = VERTEX_POINT ( 'NONE', #5863 ) ;
#6047 = DIRECTION ( 'NONE',  ( -0.000000000000000000, 1.000000000000000000, 0.000000000000000000 ) ) ;
#6048 = ORIENTED_EDGE ( 'NONE', *, *, #7141, .F. ) ;
#6049 = ORIENTED_EDGE ( 'NONE', *, *, #4889, .T. ) ;
#6050 = CARTESIAN_POINT ( 'NONE',  ( 20.54406135961241020, 1.868478067631183404, -0.1083334971134167768 ) ) ;
#6051 = CARTESIAN_POINT ( 'NONE',  ( 19.54406135961241020, 1.596637958731240925, -4.555719746345366694 ) ) ;
#6052 = DIRECTION ( 'NONE',  ( -0.9848077530122079093, 0.000000000000000000, -0.1736481776669310528 ) ) ;
#6053 = ADVANCED_FACE ( 'NONE', ( #6522 ), #5292, .F. ) ;
#6054 = ORIENTED_EDGE ( 'NONE', *, *, #4254, .F. ) ;
#6055 = CYLINDRICAL_SURFACE ( 'NONE', #6122, 3.899999999999997247 ) ;
#6056 = ORIENTED_EDGE ( 'NONE', *, *, #1481, .T. ) ;
#6058 = EDGE_LOOP ( 'NONE', ( #6011, #1187, #921, #5909, #1028, #6998, #2710, #5782, #2128, #3082, #4380, #726, #4300, #2046, #4837, #3216, #399, #151, #4175, #740 ) ) ;
#6057 = CARTESIAN_POINT ( 'NONE',  ( -2.100000000000000089, 3.432704749619359506E-16, -2.286000000000000032 ) ) ;
#6059 = DIRECTION ( 'NONE',  ( 0.000000000000000000, 1.000000000000000000, 0.000000000000000000 ) ) ;
#6060 = CARTESIAN_POINT ( 'NONE',  ( 34.12617790434422460, -3.092540374737360320, -4.104522050489439522 ) ) ;
#6061 = CARTESIAN_POINT ( 'NONE',  ( 31.75000000000000000, 4.553088549592051489E-16, -4.175000000000000711 ) ) ;
#6062 = CARTESIAN_POINT ( 'NONE',  ( 43.95593864038759335, 1.999999999999998668, -1.219027899688809757 ) ) ;
#6063 = CARTESIAN_POINT ( 'NONE',  ( 4.684623523208825802, -3.125000000000000000, -25.00000000000000000 ) ) ;
#6064 = EDGE_CURVE ( 'NONE', #1271, #3534, #7732, .T. ) ;
#6065 = ORIENTED_EDGE ( 'NONE', *, *, #4306, .T. ) ;
#6066 = ORIENTED_EDGE ( 'NONE', *, *, #1990, .T. ) ;
#6067 = CARTESIAN_POINT ( 'NONE',  ( 20.54406135961241020, -1.596637958731240925, -0.08951625751220729232 ) ) ;
#6068 = DIRECTION ( 'NONE',  ( -0.000000000000000000, -1.000000000000000000, 0.000000000000000000 ) ) ;
#6069 = LINE ( 'NONE', #5343, #3097 ) ;
#6070 = ORIENTED_EDGE ( 'NONE', *, *, #482, .F. ) ;
#6071 = PLANE ( 'NONE',  #1676 ) ;
#6072 = LINE ( 'NONE', #3712, #7643 ) ;
#6073 = CARTESIAN_POINT ( 'NONE',  ( 12.20593864038758980, -1.596637958731240703, -3.261810723196258088 ) ) ;
#6074 = ORIENTED_EDGE ( 'NONE', *, *, #5393, .F. ) ;
#6075 = CARTESIAN_POINT ( 'NONE',  ( 35.09813380855664633, -1.999999999999999112, -4.175000000000001599 ) ) ;
#6076 = DIRECTION ( 'NONE',  ( -0.006060234003882929849, -0.9993908270190957621, -0.03436929492885015119 ) ) ;
#6077 = ORIENTED_EDGE ( 'NONE', *, *, #7871, .F. ) ;
#6078 = EDGE_CURVE ( 'NONE', #2750, #4653, #1571, .T. ) ;
#6079 = FACE_OUTER_BOUND ( 'NONE', #4569, .T. ) ;
#6080 = AXIS2_PLACEMENT_3D ( 'NONE', #5460, #4113, #3628 ) ;
#6081 = DIRECTION ( 'NONE',  ( 0.1735423958889129592, 0.03489949670250421659, -0.9842078347376876923 ) ) ;
#6082 = FACE_OUTER_BOUND ( 'NONE', #762, .T. ) ;
#6083 = AXIS2_PLACEMENT_3D ( 'NONE', #6124, #5385, #2333 ) ;
#6084 = EDGE_CURVE ( 'NONE', #5541, #6285, #395, .T. ) ;
#6085 = ADVANCED_FACE ( 'NONE', ( #4073, #4564 ), #7174, .F. ) ;
#6086 = ORIENTED_EDGE ( 'NONE', *, *, #4206, .T. ) ;
#6087 = CARTESIAN_POINT ( 'NONE',  ( 34.18282023635385514, 3.049668403589960608, -4.368044598294879677 ) ) ;
#6088 = VECTOR ( 'NONE', #5998, 1000.000000000000114 ) ;
#6089 = ORIENTED_EDGE ( 'NONE', *, *, #1026, .T. ) ;
#6090 = EDGE_CURVE ( 'NONE', #2209, #4963, #3788, .T. ) ;
#6091 = EDGE_CURVE ( 'NONE', #1151, #4563, #3957, .T. ) ;
#6092 = LINE ( 'NONE', #6705, #2205 ) ;
#6093 = DIRECTION ( 'NONE',  ( 0.000000000000000000, 0.000000000000000000, -1.000000000000000000 ) ) ;
#6094 = CARTESIAN_POINT ( 'NONE',  ( 29.40371949962639775, 3.115321732520954345, -3.452149318869768724 ) ) ;
#6095 = VECTOR ( 'NONE', #6081, 1000.000000000000114 ) ;
#6096 = ORIENTED_EDGE ( 'NONE', *, *, #3112, .T. ) ;
#6097 = DIRECTION ( 'NONE',  ( -0.1736481776669305532, 0.000000000000000000, -0.9848077530122080203 ) ) ;
#6098 = VECTOR ( 'NONE', #635, 1000.000000000000000 ) ;
#6100 = VERTEX_POINT ( 'NONE', #5496 ) ;
#6099 = CARTESIAN_POINT ( 'NONE',  ( 12.20593864038759158, -1.868478067631183848, 1.361902506744158137 ) ) ;
#6101 = CARTESIAN_POINT ( 'NONE',  ( 54.64782021278482915, -6.349999999999999645, -1.364613927707009067 ) ) ;
#6102 = DIRECTION ( 'NONE',  ( 1.000000000000000000, 0.000000000000000000, 8.326672684688676518E-17 ) ) ;
#6103 = EDGE_CURVE ( 'NONE', #891, #6671, #5942, .T. ) ;
#6104 = DIRECTION ( 'NONE',  ( 0.000000000000000000, -1.334402673828313093E-16, 1.000000000000000000 ) ) ;
#6105 = DIRECTION ( 'NONE',  ( -1.000000000000000000, -3.532225093067154018E-16, 0.000000000000000000 ) ) ;
#6106 = DIRECTION ( 'NONE',  ( 1.851507882525183222E-16, 1.334402673828313093E-16, -1.000000000000000000 ) ) ;
#6107 = AXIS2_PLACEMENT_3D ( 'NONE', #7872, #1033, #4788 ) ;
#6108 = TOROIDAL_SURFACE ( 'NONE', #3900, 25.78599999999999781, 1.499999999999999778 ) ;
#6109 = VERTEX_POINT ( 'NONE', #5411 ) ;
#6110 = VECTOR ( 'NONE', #3075, 1000.000000000000000 ) ;
#6111 = FACE_OUTER_BOUND ( 'NONE', #1584, .T. ) ;
#6112 = CARTESIAN_POINT ( 'NONE',  ( 11.20593864038758802, 0.4999999999999996669, 1.557046727053834179 ) ) ;
#6113 = DIRECTION ( 'NONE',  ( -1.000000000000000000, -0.000000000000000000, -0.000000000000000000 ) ) ;
#6114 = AXIS2_PLACEMENT_3D ( 'NONE', #1538, #883, #7693 ) ;
#6115 = ORIENTED_EDGE ( 'NONE', *, *, #3045, .T. ) ;
#6116 = LINE ( 'NONE', #5419, #1417 ) ;
#6117 = VECTOR ( 'NONE', #5404, 1000.000000000000000 ) ;
#6118 = CARTESIAN_POINT ( 'NONE',  ( 8.889340497235894034, 1.596637958731251139, -1.153865068562397678 ) ) ;
#6119 = CIRCLE ( 'NONE', #2620, 2.099999999999997868 ) ;
#6120 = ORIENTED_EDGE ( 'NONE', *, *, #3263, .T. ) ;
#6121 = CARTESIAN_POINT ( 'NONE',  ( 3.348133808556654323, 2.000000000000004441, -2.230748789119930464 ) ) ;
#6122 = AXIS2_PLACEMENT_3D ( 'NONE', #7922, #2355, #18 ) ;
#6123 = ORIENTED_EDGE ( 'NONE', *, *, #1900, .F. ) ;
#6124 = CARTESIAN_POINT ( 'NONE',  ( 54.30052385745097610, -6.349999999999999645, 0.6050015783174087503 ) ) ;
#6125 = CARTESIAN_POINT ( 'NONE',  ( 52.29406135961241375, -1.999999999999998224, 1.500943177187301858 ) ) ;
#6126 = VERTEX_POINT ( 'NONE', #4762 ) ;
#6127 = EDGE_CURVE ( 'NONE', #8047, #1459, #7930, .T. ) ;
#6128 = AXIS2_PLACEMENT_3D ( 'NONE', #6346, #6961, #142 ) ;
#6129 = CARTESIAN_POINT ( 'NONE',  ( 12.20593864038758980, -1.999999999999998224, -1.955972100311189399 ) ) ;
#6130 = CARTESIAN_POINT ( 'NONE',  ( 27.06537647679117597, -2.000000000000000444, -0.9442512108800666937 ) ) ;
#6131 = CARTESIAN_POINT ( 'NONE',  ( 27.06537647679117597, -3.125000000000000000, -3.174999999999997158 ) ) ;
#6132 = DIRECTION ( 'NONE',  ( 1.920740328501953454E-16, -1.000000000000000000, -1.334402673828312600E-16 ) ) ;
#6133 =( GEOMETRIC_REPRESENTATION_CONTEXT ( 3 ) GLOBAL_UNCERTAINTY_ASSIGNED_CONTEXT ( ( #6824 ) ) GLOBAL_UNIT_ASSIGNED_CONTEXT ( ( #659, #5149, #2048 ) ) REPRESENTATION_CONTEXT ( 'NONE', 'WORKASPACE' ) );
#6134 = ORIENTED_EDGE ( 'NONE', *, *, #899, .T. ) ;
#6135 = DIRECTION ( 'NONE',  ( 0.1735423958889129592, 0.03489949670250421659, -0.9842078347376876923 ) ) ;
#6136 = VERTEX_POINT ( 'NONE', #7882 ) ;
#6137 = LINE ( 'NONE', #8001, #1287 ) ;
#6138 = DIRECTION ( 'NONE',  ( 1.000000000000000000, -1.103821940798063439E-16, 0.000000000000000000 ) ) ;
#6139 = VECTOR ( 'NONE', #2695, 1000.000000000000000 ) ;
#6140 = EDGE_CURVE ( 'NONE', #7749, #577, #6243, .T. ) ;
#6141 = ORIENTED_EDGE ( 'NONE', *, *, #1137, .F. ) ;
#6142 = CARTESIAN_POINT ( 'NONE',  ( 42.95593864038758625, -0.5000000000000003331, -2.174999999999998490 ) ) ;
#6143 = ORIENTED_EDGE ( 'NONE', *, *, #1149, .T. ) ;
#6145 = EDGE_LOOP ( 'NONE', ( #1139, #4726, #2538, #2402 ) ) ;
#6144 = DIRECTION ( 'NONE',  ( 0.000000000000000000, 0.000000000000000000, 1.000000000000000000 ) ) ;
#6146 = ADVANCED_FACE ( 'NONE', ( #2281 ), #2399, .F. ) ;
#6147 = LINE ( 'NONE', #551, #8053 ) ;
#6148 = CARTESIAN_POINT ( 'NONE',  ( 42.95593864038758625, 1.868478067631187844, -4.713229487452620603 ) ) ;
#6149 = AXIS2_PLACEMENT_3D ( 'NONE', #4144, #6102, #4071 ) ;
#6150 = DIRECTION ( 'NONE',  ( 0.000000000000000000, -1.000000000000000000, 0.000000000000000000 ) ) ;
#6151 = CARTESIAN_POINT ( 'NONE',  ( 34.33445780796263591, -2.921324573982209127, -1.680997566314520686 ) ) ;
#6152 = CARTESIAN_POINT ( 'NONE',  ( 20.54406135961241020, 1.596637958731240481, -0.08951625751220664007 ) ) ;
#6153 = EDGE_CURVE ( 'NONE', #245, #4895, #710, .T. ) ;
#6154 = ORIENTED_EDGE ( 'NONE', *, *, #5144, .T. ) ;
#6155 = ORIENTED_EDGE ( 'NONE', *, *, #1440, .F. ) ;
#6156 = CARTESIAN_POINT ( 'NONE',  ( 19.54406135961241020, -1.999999999999998224, -3.249881123460299115 ) ) ;
#6157 = CARTESIAN_POINT ( 'NONE',  ( 4.684623523208827578, -6.349999999999999645, -1.000000000000000000 ) ) ;
#6158 = DIRECTION ( 'NONE',  ( 0.000000000000000000, 0.000000000000000000, 1.000000000000000000 ) ) ;
#6159 = ORIENTED_EDGE ( 'NONE', *, *, #3654, .T. ) ;
#6160 = DIRECTION ( 'NONE',  ( 0.000000000000000000, 0.000000000000000000, -1.000000000000000000 ) ) ;
#6161 = CARTESIAN_POINT ( 'NONE',  ( 8.628868230735498912, -0.4999999999999976130, -2.631076698080709875 ) ) ;
#6162 = EDGE_CURVE ( 'NONE', #7644, #1630, #4846, .T. ) ;
#6163 = ORIENTED_EDGE ( 'NONE', *, *, #2563, .F. ) ;
#6164 = CARTESIAN_POINT ( 'NONE',  ( 51.29406135961241375, 1.999999999999997335, 1.324616196478835661 ) ) ;
#6165 = ORIENTED_EDGE ( 'NONE', *, *, #447, .F. ) ;
#6166 = DIRECTION ( 'NONE',  ( 0.9848077530122079093, 0.000000000000000000, -0.1736481776669310528 ) ) ;
#6167 = CARTESIAN_POINT ( 'NONE',  ( 4.684623523208827578, -1.999999999999974909, -1.000000000000000000 ) ) ;
#6168 = CYLINDRICAL_SURFACE ( 'NONE', #4086, 26.00000000000000355 ) ;
#6169 = VECTOR ( 'NONE', #6135, 1000.000000000000114 ) ;
#6170 = AXIS2_PLACEMENT_3D ( 'NONE', #6358, #2627, #5141 ) ;
#6171 = EDGE_LOOP ( 'NONE', ( #6096, #7401, #4857, #325 ) ) ;
#6172 = CARTESIAN_POINT ( 'NONE',  ( 34.46903544648367301, 2.796683945335386223, -4.864065380531083171 ) ) ;
#6173 = ORIENTED_EDGE ( 'NONE', *, *, #6657, .F. ) ;
#6174 = LINE ( 'NONE', #5559, #1938 ) ;
#6175 = CARTESIAN_POINT ( 'NONE',  ( 36.43462352320882047, -6.349999999999999645, 21.82499999999999929 ) ) ;
#6176 = DIRECTION ( 'NONE',  ( -0.9848077530122080203, 0.000000000000000000, 0.1736481776669310806 ) ) ;
#6177 = EDGE_LOOP ( 'NONE', ( #5776, #7887, #120, #459 ) ) ;
#6178 = CARTESIAN_POINT ( 'NONE',  ( 3.867815921162768955, 0.4999999999999996669, 2.285999999999999588 ) ) ;
#6179 = ORIENTED_EDGE ( 'NONE', *, *, #2860, .T. ) ;
#6181 = ORIENTED_EDGE ( 'NONE', *, *, #4305, .F. ) ;
#6180 = DIRECTION ( 'NONE',  ( -0.000000000000000000, -1.000000000000000000, 0.000000000000000000 ) ) ;
#6182 = DIRECTION ( 'NONE',  ( -0.000000000000000000, -0.000000000000000000, 1.000000000000000000 ) ) ;
#6183 = FACE_OUTER_BOUND ( 'NONE', #6443, .T. ) ;
#6184 = EDGE_CURVE ( 'NONE', #2342, #7429, #4146, .T. ) ;
#6185 = CARTESIAN_POINT ( 'NONE',  ( 27.06537647679117597, 3.095724199259894949, 21.82499999999999929 ) ) ;
#6186 = CARTESIAN_POINT ( 'NONE',  ( 11.20593864038758802, 0.4999999999999996669, -5.461999999999999744 ) ) ;
#6187 = DIRECTION ( 'NONE',  ( -1.000000000000000000, -3.545982144926683754E-16, 0.000000000000000000 ) ) ;
#6188 = EDGE_CURVE ( 'NONE', #3856, #6817, #1035, .T. ) ;
#6189 = ORIENTED_EDGE ( 'NONE', *, *, #2112, .F. ) ;
#6190 =( BOUNDED_CURVE ( )  B_SPLINE_CURVE ( 3, ( #6873, #3615, #6099, #4226 ),
 .UNSPECIFIED., .F., .T. ) 
 B_SPLINE_CURVE_WITH_KNOTS ( ( 4, 4 ),
 ( 3.141592653589786899, 3.413851772776171689 ),
 .UNSPECIFIED. ) 
 CURVE ( )  GEOMETRIC_REPRESENTATION_ITEM ( )  RATIONAL_B_SPLINE_CURVE ( ( 1.000000000000000000, 0.9938324475413837789, 0.9938324475413837789, 1.000000000000000000 ) ) 
 REPRESENTATION_ITEM ( '' )  );
#6191 = EDGE_LOOP ( 'NONE', ( #7381, #3159, #3723, #5797, #2252 ) ) ;
#6192 = DIRECTION ( 'NONE',  ( 0.000000000000000000, 1.000000000000000000, 0.000000000000000000 ) ) ;
#6193 = CARTESIAN_POINT ( 'NONE',  ( 27.06537647679117242, 0.4999999999999995559, -0.8889999999999971259 ) ) ;
#6194 = ORIENTED_EDGE ( 'NONE', *, *, #5598, .F. ) ;
#6195 = EDGE_CURVE ( 'NONE', #6739, #775, #7366, .T. ) ;
#6196 = DIRECTION ( 'NONE',  ( 0.000000000000000000, 0.000000000000000000, -1.000000000000000000 ) ) ;
#6197 = DIRECTION ( 'NONE',  ( 0.000000000000000000, 1.000000000000000000, 0.000000000000000000 ) ) ;
#6198 = CARTESIAN_POINT ( 'NONE',  ( 35.09813380855664633, -1.999999999999999556, -5.405748789119928510 ) ) ;
#6199 = ORIENTED_EDGE ( 'NONE', *, *, #3303, .F. ) ;
#6200 = DIRECTION ( 'NONE',  ( 0.000000000000000000, -1.000000000000000000, 0.000000000000000000 ) ) ;
#6201 = EDGE_LOOP ( 'NONE', ( #526, #2977, #3266, #7585 ) ) ;
#6202 = CARTESIAN_POINT ( 'NONE',  ( 3.867815921162756077, -0.4999999999999987232, 1.000000000000000000 ) ) ;
#6203 = CARTESIAN_POINT ( 'NONE',  ( 19.54406135961241020, 1.999999999999998668, -5.461999999999999744 ) ) ;
#6204 = ORIENTED_EDGE ( 'NONE', *, *, #3910, .T. ) ;
#6205 = EDGE_CURVE ( 'NONE', #5098, #4897, #7284, .T. ) ;
#6206 = CARTESIAN_POINT ( 'NONE',  ( 63.50000000000000000, 0.000000000000000000, -2.286000000000000032 ) ) ;
#6207 = CARTESIAN_POINT ( 'NONE',  ( 4.684623523208827578, -3.095724199259894949, -0.8383492450537467500 ) ) ;
#6208 = LINE ( 'NONE', #1110, #1683 ) ;
#6209 = VECTOR ( 'NONE', #6286, 1000.000000000000000 ) ;
#6210 = ORIENTED_EDGE ( 'NONE', *, *, #6333, .T. ) ;
#6211 = CARTESIAN_POINT ( 'NONE',  ( 43.95593864038759335, 1.596637958731240925, -4.555719746345366694 ) ) ;
#6212 = VERTEX_POINT ( 'NONE', #1778 ) ;
#6213 = VECTOR ( 'NONE', #6113, 1000.000000000000000 ) ;
#6214 = AXIS2_PLACEMENT_3D ( 'NONE', #199, #6369, #781 ) ;
#6215 = EDGE_CURVE ( 'NONE', #4515, #2803, #6261, .T. ) ;
#6216 = DIRECTION ( 'NONE',  ( -0.9848077530122080203, -2.317165925841669287E-17, 0.1736481776669310806 ) ) ;
#6217 = LINE ( 'NONE', #14, #1679 ) ;
#6218 = VERTEX_POINT ( 'NONE', #4271 ) ;
#6219 = VECTOR ( 'NONE', #7944, 999.9999999999998863 ) ;
#6220 = FACE_OUTER_BOUND ( 'NONE', #263, .T. ) ;
#6221 = ORIENTED_EDGE ( 'NONE', *, *, #7640, .F. ) ;
#6223 = VERTEX_POINT ( 'NONE', #6637 ) ;
#6222 = FACE_OUTER_BOUND ( 'NONE', #368, .T. ) ;
#6224 = DIRECTION ( 'NONE',  ( -0.000000000000000000, -0.000000000000000000, 1.000000000000000000 ) ) ;
#6225 = AXIS2_PLACEMENT_3D ( 'NONE', #6970, #6852, #768 ) ;
#6226 = EDGE_CURVE ( 'NONE', #1721, #4465, #1833, .T. ) ;
#6227 = DIRECTION ( 'NONE',  ( 0.000000000000000000, 1.000000000000000000, 0.000000000000000000 ) ) ;
#6228 = DIRECTION ( 'NONE',  ( 0.000000000000000000, 1.000000000000000000, 0.000000000000000000 ) ) ;
#6229 = CARTESIAN_POINT ( 'NONE',  ( 61.06282707385243214, 3.044840474553113463, -1.186246284442441512 ) ) ;
#6230 = DIRECTION ( 'NONE',  ( -0.9848077530122079093, 0.000000000000000000, 0.1736481776669313026 ) ) ;
#6231 = ORIENTED_EDGE ( 'NONE', *, *, #7577, .F. ) ;
#6232 = VECTOR ( 'NONE', #6523, 1000.000000000000000 ) ;
#6233 = ORIENTED_EDGE ( 'NONE', *, *, #858, .T. ) ;
#6234 = CARTESIAN_POINT ( 'NONE',  ( 51.29406135961241375, -0.5000000000000003331, -5.461999999999999744 ) ) ;
#6235 = LINE ( 'NONE', #64, #802 ) ;
#6236 = VECTOR ( 'NONE', #2610, 1000.000000000000114 ) ;
#6237 = EDGE_CURVE ( 'NONE', #5743, #3667, #3506, .T. ) ;
#6238 = ORIENTED_EDGE ( 'NONE', *, *, #6635, .T. ) ;
#6239 = CARTESIAN_POINT ( 'NONE',  ( 11.20593864038758802, 0.4999999999999996669, 2.287000000000003475 ) ) ;
#6240 = CARTESIAN_POINT ( 'NONE',  ( 54.86153749718128125, -1.999999999999997335, -2.576664877242705654 ) ) ;
#6241 = AXIS2_PLACEMENT_3D ( 'NONE', #7374, #2326, #4814 ) ;
#6242 = CARTESIAN_POINT ( 'NONE',  ( 54.07721230097129705, 1.596637958731240481, 1.871464348691104673 ) ) ;
#6243 =( BOUNDED_CURVE ( )  B_SPLINE_CURVE ( 3, ( #7211, #2245, #4723, #6022 ),
 .UNSPECIFIED., .F., .T. ) 
 B_SPLINE_CURVE_WITH_KNOTS ( ( 4, 4 ),
 ( 3.141592653589786455, 3.413851772776171689 ),
 .UNSPECIFIED. ) 
 CURVE ( )  GEOMETRIC_REPRESENTATION_ITEM ( )  RATIONAL_B_SPLINE_CURVE ( ( 1.000000000000000000, 0.9938324475413837789, 0.9938324475413837789, 1.000000000000000000 ) ) 
 REPRESENTATION_ITEM ( '' )  );
#6244 = CIRCLE ( 'NONE', #375, 26.00000000000001066 ) ;
#6245 = VECTOR ( 'NONE', #1800, 1000.000000000000000 ) ;
#6246 = EDGE_CURVE ( 'NONE', #7644, #3436, #3585, .T. ) ;
#6247 = VERTEX_POINT ( 'NONE', #7811 ) ;
#6248 = ADVANCED_FACE ( 'NONE', ( #5982 ), #6755, .T. ) ;
#6249 = FACE_OUTER_BOUND ( 'NONE', #688, .T. ) ;
#6250 = VECTOR ( 'NONE', #6192, 1000.000000000000000 ) ;
#6251 = CARTESIAN_POINT ( 'NONE',  ( 60.15186619144335367, -1.999999999999999112, 2.287000000000012800 ) ) ;
#6252 = EDGE_LOOP ( 'NONE', ( #290, #744, #4493, #4943, #750 ) ) ;
#6253 = DIRECTION ( 'NONE',  ( 0.000000000000000000, 0.000000000000000000, 1.000000000000000000 ) ) ;
#6254 = LINE ( 'NONE', #695, #4442 ) ;
#6255 = LINE ( 'NONE', #660, #6245 ) ;
#6256 = VECTOR ( 'NONE', #534, 1000.000000000000114 ) ;
#6257 = VECTOR ( 'NONE', #6590, 1000.000000000000114 ) ;
#6258 = EDGE_CURVE ( 'NONE', #5896, #504, #514, .T. ) ;
#6259 = EDGE_LOOP ( 'NONE', ( #7738, #6089, #3497, #4492 ) ) ;
#6260 = DIRECTION ( 'NONE',  ( 0.9848077530122081313, -0.000000000000000000, 0.1736481776669309696 ) ) ;
#6261 = CIRCLE ( 'NONE', #787, 24.00000000000000000 ) ;
#6262 = EDGE_LOOP ( 'NONE', ( #3540, #3608, #3335, #5061 ) ) ;
#6263 = DIRECTION ( 'NONE',  ( -0.000000000000000000, 1.000000000000000000, -0.000000000000000000 ) ) ;
#6264 = CARTESIAN_POINT ( 'NONE',  ( 27.88218407883723415, -0.5000000000000003331, -5.461999999999999744 ) ) ;
#6265 = EDGE_CURVE ( 'NONE', #5059, #1804, #4440, .T. ) ;
#6266 = ORIENTED_EDGE ( 'NONE', *, *, #949, .F. ) ;
#6267 = DIRECTION ( 'NONE',  ( 0.000000000000000000, -1.334402673828313339E-16, 1.000000000000000000 ) ) ;
#6269 = VERTEX_POINT ( 'NONE', #2565 ) ;
#6268 = DIRECTION ( 'NONE',  ( -1.000000000000000000, -0.000000000000000000, -2.970001569282669714E-29 ) ) ;
#6270 = DIRECTION ( 'NONE',  ( 0.000000000000000000, 0.000000000000000000, -1.000000000000000000 ) ) ;
#6271 = DIRECTION ( 'NONE',  ( 0.000000000000000000, -0.000000000000000000, -1.000000000000000000 ) ) ;
#6272 = DIRECTION ( 'NONE',  ( 0.000000000000000000, 0.000000000000000000, 1.000000000000000000 ) ) ;
#6273 = ORIENTED_EDGE ( 'NONE', *, *, #4396, .T. ) ;
#6274 = EDGE_CURVE ( 'NONE', #72, #5285, #7677, .T. ) ;
#6275 = VERTEX_POINT ( 'NONE', #5532 ) ;
#6276 = CIRCLE ( 'NONE', #2772, 1.499999999999999778 ) ;
#6277 = DIRECTION ( 'NONE',  ( -1.477492560386117738E-16, -1.000000000000000000, -1.334402673828313093E-16 ) ) ;
#6278 = CARTESIAN_POINT ( 'NONE',  ( 29.37382209565578961, -3.092540374737359876, -2.245477949510557458 ) ) ;
#6279 = ORIENTED_EDGE ( 'NONE', *, *, #3903, .T. ) ;
#6280 = CARTESIAN_POINT ( 'NONE',  ( 40.94947614254902390, -6.349999999999999645, -3.780001578317405908 ) ) ;
#6281 = DIRECTION ( 'NONE',  ( -0.000000000000000000, -0.000000000000000000, 1.000000000000000000 ) ) ;
#6282 = DIRECTION ( 'NONE',  ( -0.9848077530122079093, 0.000000000000000000, -0.1736481776669313304 ) ) ;
#6283 = ORIENTED_EDGE ( 'NONE', *, *, #4096, .F. ) ;
#6284 = DIRECTION ( 'NONE',  ( -8.152844887332526358E-32, -1.000000000000000000, -1.379057453301392586E-16 ) ) ;
#6285 = VERTEX_POINT ( 'NONE', #8011 ) ;
#6286 = DIRECTION ( 'NONE',  ( -1.000000000000000000, -1.477492560386118724E-16, 1.851507882525184455E-16 ) ) ;
#6287 = CARTESIAN_POINT ( 'NONE',  ( 22.57859421646586995, 3.095724199259894949, -3.620806661566056128 ) ) ;
#6288 = ORIENTED_EDGE ( 'NONE', *, *, #1823, .T. ) ;
#6289 = LINE ( 'NONE', #3161, #364 ) ;
#6290 = EDGE_CURVE ( 'NONE', #6710, #5032, #5659, .T. ) ;
#6291 = CARTESIAN_POINT ( 'NONE',  ( 8.628868230735498912, -0.4999999999999991673, -2.631076698080707210 ) ) ;
#6292 = DIRECTION ( 'NONE',  ( 1.000000000000000000, -0.000000000000000000, -0.000000000000000000 ) ) ;
#6293 = ADVANCED_FACE ( 'NONE', ( #1339 ), #2443, .F. ) ;
#6294 = ORIENTED_EDGE ( 'NONE', *, *, #4725, .F. ) ;
#6295 = FACE_OUTER_BOUND ( 'NONE', #5893, .T. ) ;
#6296 = ORIENTED_EDGE ( 'NONE', *, *, #2288, .T. ) ;
#6297 = EDGE_CURVE ( 'NONE', #913, #1820, #1946, .T. ) ;
#6298 = DIRECTION ( 'NONE',  ( -1.000000000000000000, -1.103821940798063439E-16, 0.000000000000000000 ) ) ;
#6299 = DIRECTION ( 'NONE',  ( 0.000000000000000000, 1.000000000000000000, 0.000000000000000000 ) ) ;
#6300 = DIRECTION ( 'NONE',  ( -1.103821940798063439E-16, -1.000000000000000000, -0.000000000000000000 ) ) ;
#6301 = VECTOR ( 'NONE', #4075, 1000.000000000000000 ) ;
#6302 = CARTESIAN_POINT ( 'NONE',  ( 4.684623523208827578, -1.999999999999997335, 2.230748789119931352 ) ) ;
#6303 = FACE_OUTER_BOUND ( 'NONE', #3911, .T. ) ;
#6304 = ORIENTED_EDGE ( 'NONE', *, *, #4977, .F. ) ;
#6305 = FACE_OUTER_BOUND ( 'NONE', #130, .T. ) ;
#6307 = ORIENTED_EDGE ( 'NONE', *, *, #3721, .F. ) ;
#6306 = CARTESIAN_POINT ( 'NONE',  ( 60.15186619144336078, -1.999999999999997780, 2.230748789119931796 ) ) ;
#6308 = DIRECTION ( 'NONE',  ( -1.477492560386118231E-16, 1.000000000000000000, 1.334402673828312600E-16 ) ) ;
#6309 = AXIS2_PLACEMENT_3D ( 'NONE', #3816, #791, #706 ) ;
#6310 = DIRECTION ( 'NONE',  ( 0.000000000000000000, -1.000000000000000000, 0.000000000000000000 ) ) ;
#6311 = CARTESIAN_POINT ( 'NONE',  ( 60.82877273811453733, 2.844852613263036734, -1.631462077464138405 ) ) ;
#6312 = ORIENTED_EDGE ( 'NONE', *, *, #3966, .F. ) ;
#6313 = VECTOR ( 'NONE', #561, 1000.000000000000000 ) ;
#6314 = AXIS2_PLACEMENT_3D ( 'NONE', #1669, #2939, #3473 ) ;
#6315 = ORIENTED_EDGE ( 'NONE', *, *, #3799, .T. ) ;
#6316 = LINE ( 'NONE', #723, #4425 ) ;
#6317 = CARTESIAN_POINT ( 'NONE',  ( 52.29406135961241375, -1.999999999999998224, 1.000000000000000000 ) ) ;
#6318 = EDGE_LOOP ( 'NONE', ( #2415, #3965, #1860, #7068, #4333, #5406, #3744, #6582, #1594, #3155, #6952, #6355 ) ) ;
#6319 = CYLINDRICAL_SURFACE ( 'NONE', #6876, 26.00000000000000711 ) ;
#6320 = EDGE_CURVE ( 'NONE', #1476, #7143, #4921, .T. ) ;
#6321 = DIRECTION ( 'NONE',  ( 0.1736481776669313304, 0.000000000000000000, -0.9848077530122079093 ) ) ;
#6322 = VERTEX_POINT ( 'NONE', #2490 ) ;
#6323 = CARTESIAN_POINT ( 'NONE',  ( 6.084054901977070646E-16, 5.245793657609754141E-16, -1.000000000000000000 ) ) ;
#6324 = VERTEX_POINT ( 'NONE', #7405 ) ;
#6325 = ORIENTED_EDGE ( 'NONE', *, *, #1753, .F. ) ;
#6326 = CARTESIAN_POINT ( 'NONE',  ( 36.43462352320882047, 3.125000000000000000, -3.174999999999997158 ) ) ;
#6327 = FACE_BOUND ( 'NONE', #2877, .T. ) ;
#6328 = ORIENTED_EDGE ( 'NONE', *, *, #369, .T. ) ;
#6329 = FACE_OUTER_BOUND ( 'NONE', #7424, .T. ) ;
#6330 = DIRECTION ( 'NONE',  ( 0.000000000000000000, -0.000000000000000000, 1.000000000000000000 ) ) ;
#6331 = ORIENTED_EDGE ( 'NONE', *, *, #1558, .T. ) ;
#6332 = EDGE_CURVE ( 'NONE', #5146, #4048, #1277, .T. ) ;
#6333 = EDGE_CURVE ( 'NONE', #5105, #5376, #7430, .T. ) ;
#6334 = CARTESIAN_POINT ( 'NONE',  ( 36.43462352320882047, -6.349999999999999645, -4.175000000000001599 ) ) ;
#6335 = EDGE_LOOP ( 'NONE', ( #2816, #1872, #2365, #4940 ) ) ;
#6336 = LINE ( 'NONE', #745, #2874 ) ;
#6337 = EDGE_CURVE ( 'NONE', #665, #2436, #1067, .T. ) ;
#6338 = CIRCLE ( 'NONE', #2043, 3.900000000000011013 ) ;
#6339 = ORIENTED_EDGE ( 'NONE', *, *, #3721, .T. ) ;
#6340 = DIRECTION ( 'NONE',  ( 1.000000000000000000, -0.000000000000000000, -2.970001569282669714E-29 ) ) ;
#6341 = EDGE_CURVE ( 'NONE', #3048, #4552, #650, .T. ) ;
#6343 = ORIENTED_EDGE ( 'NONE', *, *, #1272, .F. ) ;
#6342 = LINE ( 'NONE', #2723, #3005 ) ;
#6344 = FACE_OUTER_BOUND ( 'NONE', #5932, .T. ) ;
#6345 = CARTESIAN_POINT ( 'NONE',  ( 3.348133808556653435, 2.000000000000003553, 1.000000000000000000 ) ) ;
#6346 = CARTESIAN_POINT ( 'NONE',  ( 4.684623523208827578, 1.596637958731251139, -0.7859999999999995879 ) ) ;
#6347 = AXIS2_PLACEMENT_3D ( 'NONE', #7899, #1678, #7224 ) ;
#6348 = ORIENTED_EDGE ( 'NONE', *, *, #6935, .T. ) ;
#6349 = FACE_OUTER_BOUND ( 'NONE', #5380, .T. ) ;
#6350 = ORIENTED_EDGE ( 'NONE', *, *, #3112, .F. ) ;
#6351 = EDGE_CURVE ( 'NONE', #2387, #7894, #1297, .T. ) ;
#6352 = AXIS2_PLACEMENT_3D ( 'NONE', #6061, #1703, #2280 ) ;
#6353 = CARTESIAN_POINT ( 'NONE',  ( 58.81537647679117242, -3.125000000000000000, -2.545853211699800359E-16 ) ) ;
#6354 = CARTESIAN_POINT ( 'NONE',  ( 61.12797730151740438, 3.095724199259894505, 0.8383492450537465279 ) ) ;
#6355 = ORIENTED_EDGE ( 'NONE', *, *, #7662, .F. ) ;
#6356 = LINE ( 'NONE', #3273, #3 ) ;
#6357 = CARTESIAN_POINT ( 'NONE',  ( 19.54406135961241020, 1.733189655496052195, -4.555719746345366694 ) ) ;
#6358 = CARTESIAN_POINT ( 'NONE',  ( 19.54406135961241020, -1.999999999999999112, 2.287000000000005251 ) ) ;
#6359 = AXIS2_PLACEMENT_3D ( 'NONE', #7862, #7193, #4778 ) ;
#6360 = EDGE_LOOP ( 'NONE', ( #7206, #278, #1771, #4437 ) ) ;
#6361 = LINE ( 'NONE', #193, #508 ) ;
#6362 = VECTOR ( 'NONE', #6584, 1000.000000000000114 ) ;
#6363 = EDGE_CURVE ( 'NONE', #6975, #1630, #2611, .T. ) ;
#6364 = VERTEX_POINT ( 'NONE', #1414 ) ;
#6365 = CARTESIAN_POINT ( 'NONE',  ( 43.95593864038759335, 1.999999999999998224, -4.499616196478835484 ) ) ;
#6366 = AXIS2_PLACEMENT_3D ( 'NONE', #1827, #3704, #8051 ) ;
#6367 = EDGE_LOOP ( 'NONE', ( #5156, #5977, #6836, #4764 ) ) ;
#6368 = CARTESIAN_POINT ( 'NONE',  ( 31.75000000000000000, -4.068487126012679770E-16, -2.175000000000000711 ) ) ;
#6369 = DIRECTION ( 'NONE',  ( -0.000000000000000000, -0.000000000000000000, -1.000000000000000000 ) ) ;
#6370 = VECTOR ( 'NONE', #1726, 1000.000000000000114 ) ;
#6371 = VECTOR ( 'NONE', #3008, 1000.000000000000000 ) ;
#6372 = VECTOR ( 'NONE', #2211, 999.9999999999998863 ) ;
#6373 = AXIS2_PLACEMENT_3D ( 'NONE', #5035, #621, #6914 ) ;
#6374 = EDGE_CURVE ( 'NONE', #4850, #4459, #5089, .T. ) ;
#6375 = ORIENTED_EDGE ( 'NONE', *, *, #6988, .T. ) ;
#6376 = DIRECTION ( 'NONE',  ( -1.000000000000000000, -0.000000000000000000, -2.970001569282669714E-29 ) ) ;
#6377 = CARTESIAN_POINT ( 'NONE',  ( 11.20593864038758802, -1.868478067631184070, 1.538229487452624111 ) ) ;
#6378 = ORIENTED_EDGE ( 'NONE', *, *, #3518, .T. ) ;
#6379 = VECTOR ( 'NONE', #3867, 1000.000000000000000 ) ;
#6380 = DIRECTION ( 'NONE',  ( 0.9848077530122080203, -2.317165925841664973E-17, 0.1736481776669310806 ) ) ;
#6381 = CARTESIAN_POINT ( 'NONE',  ( 58.81537647679117242, -0.5000000000000003331, 2.285999999999999588 ) ) ;
#6382 = AXIS2_PLACEMENT_3D ( 'NONE', #1999, #5823, #3962 ) ;
#6383 = ORIENTED_EDGE ( 'NONE', *, *, #6032, .F. ) ;
#6384 = VECTOR ( 'NONE', #6888, 1000.000000000000114 ) ;
#6385 = LINE ( 'NONE', #4470, #632 ) ;
#6386 = ADVANCED_FACE ( 'NONE', ( #7607 ), #2773, .F. ) ;
#6387 = ORIENTED_EDGE ( 'NONE', *, *, #558, .T. ) ;
#6388 = DIRECTION ( 'NONE',  ( 0.000000000000000000, 1.336517602782165892E-16, -1.000000000000000000 ) ) ;
#6389 = VECTOR ( 'NONE', #7603, 1000.000000000000114 ) ;
#6391 = ORIENTED_EDGE ( 'NONE', *, *, #6972, .T. ) ;
#6390 = LINE ( 'NONE', #5734, #5995 ) ;
#6392 = CARTESIAN_POINT ( 'NONE',  ( 42.95593864038758625, 0.5000000000000007772, -5.460999999999993193 ) ) ;
#6393 = DIRECTION ( 'NONE',  ( -1.000000000000000000, 0.000000000000000000, -1.851507882525184455E-16 ) ) ;
#6394 = CARTESIAN_POINT ( 'NONE',  ( -6.789423587380180771E-29, 8.609464714099180422E-17, -5.461999999999996191 ) ) ;
#6395 = VECTOR ( 'NONE', #1046, 999.9999999999998863 ) ;
#6396 = ADVANCED_FACE ( 'NONE', ( #7688 ), #3422, .T. ) ;
#6397 = EDGE_CURVE ( 'NONE', #2218, #4121, #1695, .T. ) ;
#6398 = LOCAL_TIME ( 13, 59, 32.00000000000000000, #6486 ) ;
#6399 = EDGE_LOOP ( 'NONE', ( #3980, #7659, #5127, #4503, #3465, #4076, #4195, #3491 ) ) ;
#6400 = DIRECTION ( 'NONE',  ( -5.519109703990317197E-17, -1.000000000000000000, -0.000000000000000000 ) ) ;
#6401 = EDGE_CURVE ( 'NONE', #7626, #2036, #664, .T. ) ;
#6402 = ORIENTED_EDGE ( 'NONE', *, *, #7316, .T. ) ;
#6403 = CARTESIAN_POINT ( 'NONE',  ( 19.54406135961241020, 1.999999999999998668, -5.461999999999999744 ) ) ;
#6404 = CARTESIAN_POINT ( 'NONE',  ( 63.50000000000000000, 5.245793657609755127E-16, -1.000000000000000000 ) ) ;
#6405 = VERTEX_POINT ( 'NONE', #3262 ) ;
#6406 = CARTESIAN_POINT ( 'NONE',  ( 4.684623523208826690, -0.4999999999999980571, -2.286000000000000032 ) ) ;
#6407 = DIRECTION ( 'NONE',  ( -1.000000000000000000, -0.000000000000000000, -2.970001569282669714E-29 ) ) ;
#6408 = EDGE_CURVE ( 'NONE', #4702, #5369, #262, .T. ) ;
#6409 = FACE_OUTER_BOUND ( 'NONE', #7190, .T. ) ;
#6410 = CARTESIAN_POINT ( 'NONE',  ( 2.100000000000000089, 8.609464714099180422E-17, 2.285999999999999588 ) ) ;
#6411 = ORIENTED_EDGE ( 'NONE', *, *, #4696, .T. ) ;
#6412 = VECTOR ( 'NONE', #8009, 999.9999999999998863 ) ;
#6413 = FACE_OUTER_BOUND ( 'NONE', #1505, .T. ) ;
#6414 = EDGE_CURVE ( 'NONE', #4288, #5585, #7642, .T. ) ;
#6415 = FACE_OUTER_BOUND ( 'NONE', #6262, .T. ) ;
#6416 = DIRECTION ( 'NONE',  ( -1.000000000000000000, 0.000000000000000000, -0.000000000000000000 ) ) ;
#6417 = ORIENTED_EDGE ( 'NONE', *, *, #3004, .T. ) ;
#6418 = CARTESIAN_POINT ( 'NONE',  ( 60.78096455351634120, 2.796683945335385335, 1.689065380531089566 ) ) ;
#6419 = CARTESIAN_POINT ( 'NONE',  ( 20.54406135961241020, 0.4999999999999996669, -3.426208104168765534 ) ) ;
#6420 = ORIENTED_EDGE ( 'NONE', *, *, #2831, .T. ) ;
#6421 = DIRECTION ( 'NONE',  ( 1.103821940798063316E-16, 1.000000000000000000, 1.334402673828313339E-16 ) ) ;
#6422 = CARTESIAN_POINT ( 'NONE',  ( 59.63218407883724126, 0.4999999999999992784, 2.287000000000012800 ) ) ;
#6423 = EDGE_CURVE ( 'NONE', #2545, #3856, #2207, .T. ) ;
#6424 = ORIENTED_EDGE ( 'NONE', *, *, #3504, .T. ) ;
#6425 = FACE_OUTER_BOUND ( 'NONE', #6399, .T. ) ;
#6426 = EDGE_LOOP ( 'NONE', ( #3749, #1378, #6163, #7885 ) ) ;
#6427 = LINE ( 'NONE', #4472, #2808 ) ;
#6429 = ORIENTED_EDGE ( 'NONE', *, *, #7316, .F. ) ;
#6428 = CARTESIAN_POINT ( 'NONE',  ( 43.95593864038759335, -0.5000000000000003331, 0.08681072319625862677 ) ) ;
#6430 = PLANE ( 'NONE',  #1360 ) ;
#6431 = LINE ( 'NONE', #2771, #4021 ) ;
#6432 = LINE ( 'NONE', #839, #2475 ) ;
#6433 = AXIS2_PLACEMENT_3D ( 'NONE', #3086, #1238, #8002 ) ;
#6434 = VECTOR ( 'NONE', #2265, 1000.000000000000000 ) ;
#6435 = ORIENTED_EDGE ( 'NONE', *, *, #704, .T. ) ;
#6436 = EDGE_LOOP ( 'NONE', ( #4386, #7297, #4964, #2392, #3563 ) ) ;
#6437 = AXIS2_PLACEMENT_3D ( 'NONE', #7227, #7194, #6660 ) ;
#6438 = CARTESIAN_POINT ( 'NONE',  ( 58.81537647679117953, 3.095724199259894949, -25.00000000000000000 ) ) ;
#6439 = CARTESIAN_POINT ( 'NONE',  ( 2.372022698482601832, 3.095724199259894505, 0.8383492450537465279 ) ) ;
#6440 = ORIENTED_EDGE ( 'NONE', *, *, #5588, .T. ) ;
#6441 = CARTESIAN_POINT ( 'NONE',  ( 19.54406135961241020, -0.5000000000000003331, -3.249881123460299559 ) ) ;
#6442 = PLANE ( 'NONE',  #2672 ) ;
#6443 = EDGE_LOOP ( 'NONE', ( #3800, #7248, #4867, #3294 ) ) ;
#6444 = CARTESIAN_POINT ( 'NONE',  ( 11.20593864038758802, -1.596637958731240481, -3.085483742487792114 ) ) ;
#6445 = ADVANCED_FACE ( 'NONE', ( #5738 ), #2072, .F. ) ;
#6446 = DIRECTION ( 'NONE',  ( 0.000000000000000000, -1.334402673828312846E-16, 1.000000000000000000 ) ) ;
#6447 = ADVANCED_FACE ( 'NONE', ( #4629 ), #7048, .T. ) ;
#6448 = VERTEX_POINT ( 'NONE', #3948 ) ;
#6449 = CARTESIAN_POINT ( 'NONE',  ( 20.54406135961241020, 1.999999999999998668, -5.461999999999999744 ) ) ;
#6450 = APPROVAL_STATUS ( 'not_yet_approved' ) ;
#6451 = CARTESIAN_POINT ( 'NONE',  ( 0.000000000000000000, -6.349999999999999645, -1.000000000000000000 ) ) ;
#6452 = ORIENTED_EDGE ( 'NONE', *, *, #6737, .T. ) ;
#6453 = DIRECTION ( 'NONE',  ( 0.000000000000000000, -0.03489949670250420966, 0.9993908270190955401 ) ) ;
#6454 = EDGE_CURVE ( 'NONE', #3823, #2942, #6432, .T. ) ;
#6455 = DIRECTION ( 'NONE',  ( -1.000000000000000000, 0.000000000000000000, -1.851507882525184455E-16 ) ) ;
#6456 = ORIENTED_EDGE ( 'NONE', *, *, #3818, .F. ) ;
#6457 = DIRECTION ( 'NONE',  ( 0.000000000000000000, -0.000000000000000000, 1.000000000000000000 ) ) ;
#6458 = DIRECTION ( 'NONE',  ( 2.358327139162379357E-17, -1.000000000000000000, -1.337473782904259637E-16 ) ) ;
#6459 = ORIENTED_EDGE ( 'NONE', *, *, #2000, .F. ) ;
#6460 = ORIENTED_EDGE ( 'NONE', *, *, #1211, .T. ) ;
#6461 = CARTESIAN_POINT ( 'NONE',  ( 20.54406135961241020, -0.5000000000000003331, 2.287000000000005251 ) ) ;
#6463 = VERTEX_POINT ( 'NONE', #5132 ) ;
#6462 = DIRECTION ( 'NONE',  ( 0.000000000000000000, 1.000000000000000000, 0.000000000000000000 ) ) ;
#6464 = EDGE_CURVE ( 'NONE', #309, #4897, #4937, .T. ) ;
#6465 = DIRECTION ( 'NONE',  ( 0.000000000000000000, 1.000000000000000000, 0.000000000000000000 ) ) ;
#6466 = ORIENTED_EDGE ( 'NONE', *, *, #3319, .T. ) ;
#6467 = ORIENTED_EDGE ( 'NONE', *, *, #5390, .T. ) ;
#6468 = ADVANCED_FACE ( 'NONE', ( #7115 ), #1530, .T. ) ;
#6469 = CARTESIAN_POINT ( 'NONE',  ( 51.29406135961241375, -1.999999999999997335, -3.205707173329725101 ) ) ;
#6470 = CARTESIAN_POINT ( 'NONE',  ( 27.06537647679117953, -1.596637958731250917, -3.960999999999997634 ) ) ;
#6471 = ORIENTED_EDGE ( 'NONE', *, *, #1366, .F. ) ;
#6472 = AXIS2_PLACEMENT_3D ( 'NONE', #1633, #4767, #4157 ) ;
#6473 = DIRECTION ( 'NONE',  ( 0.000000000000000000, -1.000000000000000000, 0.000000000000000000 ) ) ;
#6474 = CARTESIAN_POINT ( 'NONE',  ( 8.628868230735498912, 1.596637958731240925, -2.631076698080709431 ) ) ;
#6475 = VECTOR ( 'NONE', #1638, 1000.000000000000000 ) ;
#6476 = DIRECTION ( 'NONE',  ( 1.000000000000000000, -1.103821940798062946E-16, -1.851507882525184455E-16 ) ) ;
#6477 = VERTEX_POINT ( 'NONE', #5890 ) ;
#6478 = ORIENTED_EDGE ( 'NONE', *, *, #6951, .T. ) ;
#6479 = CARTESIAN_POINT ( 'NONE',  ( 58.81537647679117953, 1.596637958731251139, -25.00000000000000000 ) ) ;
#6480 = AXIS2_PLACEMENT_3D ( 'NONE', #7375, #5421, #446 ) ;
#6481 = ADVANCED_FACE ( 'NONE', ( #297 ), #2810, .T. ) ;
#6482 = DIRECTION ( 'NONE',  ( -0.000000000000000000, -1.000000000000000000, 0.000000000000000000 ) ) ;
#6483 = ORIENTED_EDGE ( 'NONE', *, *, #7682, .F. ) ;
#6484 = DIRECTION ( 'NONE',  ( 9.244463733058734832E-33, 1.000000000000000000, 1.358106471860482877E-16 ) ) ;
#6485 = AXIS2_PLACEMENT_3D ( 'NONE', #6334, #2680, #4466 ) ;
#6486 = COORDINATED_UNIVERSAL_TIME_OFFSET ( 6, 0, .BEHIND. ) ;
#6487 = CARTESIAN_POINT ( 'NONE',  ( 58.81537647679117242, -3.125000000000000000, -2.545853211699800359E-16 ) ) ;
#6488 = EDGE_CURVE ( 'NONE', #7493, #4434, #423, .T. ) ;
#6489 = ADVANCED_FACE ( 'NONE', ( #2306 ), #990, .F. ) ;
#6490 = CIRCLE ( 'NONE', #760, 1.500000000000000222 ) ;
#6491 = ORIENTED_EDGE ( 'NONE', *, *, #4751, .T. ) ;
#6492 = CYLINDRICAL_SURFACE ( 'NONE', #5563, 1.500000000000000222 ) ;
#6493 = CARTESIAN_POINT ( 'NONE',  ( 43.95593864038759335, 1.999999999999998668, -5.461999999999999744 ) ) ;
#6494 = ORIENTED_EDGE ( 'NONE', *, *, #5994, .T. ) ;
#6495 = VECTOR ( 'NONE', #7516, 1000.000000000000000 ) ;
#6496 = DIRECTION ( 'NONE',  ( 1.000000000000000000, 0.000000000000000000, 1.851507882525183222E-16 ) ) ;
#6497 = VECTOR ( 'NONE', #3356, 1000.000000000000000 ) ;
#6498 = EDGE_CURVE ( 'NONE', #3030, #3136, #1649, .T. ) ;
#6499 =( BOUNDED_CURVE ( )  B_SPLINE_CURVE ( 3, ( #964, #431, #2279, #3618 ),
 .UNSPECIFIED., .F., .T. ) 
 B_SPLINE_CURVE_WITH_KNOTS ( ( 4, 4 ),
 ( 2.869333534403414543, 3.141592653589799777 ),
 .UNSPECIFIED. ) 
 CURVE ( )  GEOMETRIC_REPRESENTATION_ITEM ( )  RATIONAL_B_SPLINE_CURVE ( ( 1.000000000000000000, 0.9938324475413837789, 0.9938324475413837789, 1.000000000000000000 ) ) 
 REPRESENTATION_ITEM ( '' )  );
#6500 = VECTOR ( 'NONE', #3087, 1000.000000000000114 ) ;
#6501 = ORIENTED_EDGE ( 'NONE', *, *, #7239, .T. ) ;
#6502 = DIRECTION ( 'NONE',  ( 0.000000000000000000, 1.000000000000000000, 1.379057453301393079E-16 ) ) ;
#6503 = ORIENTED_EDGE ( 'NONE', *, *, #4848, .T. ) ;
#6504 = FACE_OUTER_BOUND ( 'NONE', #2777, .T. ) ;
#6505 = AXIS2_PLACEMENT_3D ( 'NONE', #8058, #6068, #7415 ) ;
#6507 = ORIENTED_EDGE ( 'NONE', *, *, #5367, .F. ) ;
#6506 = CARTESIAN_POINT ( 'NONE',  ( 11.20593864038758802, -0.5000000000000003331, 2.287000000000003475 ) ) ;
#6508 = ORIENTED_EDGE ( 'NONE', *, *, #2256, .T. ) ;
#6509 = AXIS2_PLACEMENT_3D ( 'NONE', #5368, #5933, #7118 ) ;
#6510 = LINE ( 'NONE', #1986, #1153 ) ;
#6511 = DIRECTION ( 'NONE',  ( 0.000000000000000000, 0.000000000000000000, 1.000000000000000000 ) ) ;
#6512 = AXIS2_PLACEMENT_3D ( 'NONE', #3327, #7031, #5234 ) ;
#6513 = ORIENTED_EDGE ( 'NONE', *, *, #7353, .F. ) ;
#6514 = VECTOR ( 'NONE', #6834, 999.9999999999998863 ) ;
#6515 = ORIENTED_EDGE ( 'NONE', *, *, #3729, .T. ) ;
#6517 = ORIENTED_EDGE ( 'NONE', *, *, #2428, .F. ) ;
#6516 = FACE_OUTER_BOUND ( 'NONE', #5904, .T. ) ;
#6518 = DIRECTION ( 'NONE',  ( 0.1736481776669305810, 0.000000000000000000, -0.9848077530122080203 ) ) ;
#6519 = CARTESIAN_POINT ( 'NONE',  ( 58.81537647679117242, -1.596637958731250917, 0.7859999999999995879 ) ) ;
#6520 = AXIS2_PLACEMENT_3D ( 'NONE', #2198, #1425, #2084 ) ;
#6521 = ORIENTED_EDGE ( 'NONE', *, *, #4359, .F. ) ;
#6522 = FACE_OUTER_BOUND ( 'NONE', #5360, .T. ) ;
#6523 = DIRECTION ( 'NONE',  ( 2.358327139162379357E-17, 1.000000000000000000, 1.337473782904259637E-16 ) ) ;
#6524 = DIRECTION ( 'NONE',  ( 0.9848077530122079093, 0.000000000000000000, 0.1736481776669313304 ) ) ;
#6525 = EDGE_CURVE ( 'NONE', #1658, #1780, #1731, .T. ) ;
#6526 = ORIENTED_EDGE ( 'NONE', *, *, #6205, .F. ) ;
#6527 = ORIENTED_EDGE ( 'NONE', *, *, #4992, .T. ) ;
#6528 = CARTESIAN_POINT ( 'NONE',  ( 12.20593864038758980, -1.999999999999998668, 0.07488112346030248445 ) ) ;
#6529 = CARTESIAN_POINT ( 'NONE',  ( 52.29406135961241375, 1.999999999999997780, 2.287000000000011468 ) ) ;
#6530 = ORIENTED_EDGE ( 'NONE', *, *, #328, .F. ) ;
#6531 = LINE ( 'NONE', #3442, #7913 ) ;
#6532 = CIRCLE ( 'NONE', #7444, 1.500000000000000222 ) ;
#6533 = PERSON_AND_ORGANIZATION ( #1050, #7296 ) ;
#6534 = CARTESIAN_POINT ( 'NONE',  ( 3.348133808556661872, -2.000000000000005329, -2.230748789119929576 ) ) ;
#6535 = AXIS2_PLACEMENT_3D ( 'NONE', #57, #6840, #588 ) ;
#6536 = FACE_OUTER_BOUND ( 'NONE', #1077, .T. ) ;
#6537 = FACE_OUTER_BOUND ( 'NONE', #6252, .T. ) ;
#6538 = CARTESIAN_POINT ( 'NONE',  ( 8.628868230735498912, 0.5000000000000003331, -2.631076698080707210 ) ) ;
#6539 = EDGE_CURVE ( 'NONE', #100, #1586, #3537, .T. ) ;
#6540 = EDGE_CURVE ( 'NONE', #2593, #2684, #134, .T. ) ;
#6541 = ORIENTED_EDGE ( 'NONE', *, *, #5151, .F. ) ;
#6542 = CARTESIAN_POINT ( 'NONE',  ( 29.40371949962639420, -3.115321732520951237, -2.897850681130164752 ) ) ;
#6543 = ORIENTED_EDGE ( 'NONE', *, *, #3810, .T. ) ;
#6544 = CARTESIAN_POINT ( 'NONE',  ( 40.94947614254902390, -1.999999999999998224, -3.780001578317405908 ) ) ;
#6546 = ORIENTED_EDGE ( 'NONE', *, *, #3234, .T. ) ;
#6545 = CARTESIAN_POINT ( 'NONE',  ( 19.54406135961241020, -1.999999999999999556, -1.219027899688808869 ) ) ;
#6547 = VERTEX_POINT ( 'NONE', #5485 ) ;
#6548 = EDGE_CURVE ( 'NONE', #7935, #4056, #7874, .T. ) ;
#6549 = CARTESIAN_POINT ( 'NONE',  ( 28.86036165688216215, -2.000000000000000444, -2.861743002479768094 ) ) ;
#6550 = ORIENTED_EDGE ( 'NONE', *, *, #3034, .F. ) ;
#6551 = DIRECTION ( 'NONE',  ( -2.553335745242634272E-32, 1.000000000000000000, 1.379057453301393079E-16 ) ) ;
#6552 = ORIENTED_EDGE ( 'NONE', *, *, #2792, .F. ) ;
#6554 = ORIENTED_EDGE ( 'NONE', *, *, #2860, .F. ) ;
#6553 = LINE ( 'NONE', #428, #6774 ) ;
#6555 = FACE_OUTER_BOUND ( 'NONE', #3105, .T. ) ;
#6556 = CARTESIAN_POINT ( 'NONE',  ( 34.32847147515862929, -2.927549233475418067, -4.672074048355180587 ) ) ;
#6557 = VECTOR ( 'NONE', #5536, 1000.000000000000000 ) ;
#6558 = ADVANCED_FACE ( 'NONE', ( #1694 ), #3459, .F. ) ;
#6559 = PLANE ( 'NONE',  #2192 ) ;
#6560 = CARTESIAN_POINT ( 'NONE',  ( 58.81537647679117242, 1.596637958731240925, -2.285999999999999588 ) ) ;
#6561 = FACE_OUTER_BOUND ( 'NONE', #457, .T. ) ;
#6562 = ORIENTED_EDGE ( 'NONE', *, *, #4024, .T. ) ;
#6563 = VECTOR ( 'NONE', #7837, 1000.000000000000114 ) ;
#6564 = ORIENTED_EDGE ( 'NONE', *, *, #7682, .T. ) ;
#6565 = DIRECTION ( 'NONE',  ( -0.000000000000000000, -0.000000000000000000, 1.000000000000000000 ) ) ;
#6566 = CARTESIAN_POINT ( 'NONE',  ( 9.422787699028704722, -1.596637958731240925, 1.871464348691104229 ) ) ;
#6567 = EDGE_CURVE ( 'NONE', #4702, #3846, #5929, .T. ) ;
#6568 = EDGE_LOOP ( 'NONE', ( #2062, #7968, #3117, #7532, #60 ) ) ;
#6569 = CARTESIAN_POINT ( 'NONE',  ( 59.63218407883723415, -0.5000000000000003331, -5.461999999999999744 ) ) ;
#6570 = DATE_AND_TIME ( #2131, #1575 ) ;
#6571 = DIRECTION ( 'NONE',  ( 1.000000000000000000, -5.909970241544475389E-17, 0.000000000000000000 ) ) ;
#6572 = VECTOR ( 'NONE', #5947, 1000.000000000000000 ) ;
#6573 = ORIENTED_EDGE ( 'NONE', *, *, #438, .T. ) ;
#6574 = CARTESIAN_POINT ( 'NONE',  ( 27.06537647679117597, -3.095724199259894949, 21.82499999999999929 ) ) ;
#6575 = DIRECTION ( 'NONE',  ( -1.000000000000000000, 0.000000000000000000, 0.000000000000000000 ) ) ;
#6576 = EDGE_LOOP ( 'NONE', ( #6467, #6669, #2064, #7317 ) ) ;
#6577 = DIRECTION ( 'NONE',  ( -8.873777780958280624E-15, 0.000000000000000000, 1.000000000000000000 ) ) ;
#6578 = CARTESIAN_POINT ( 'NONE',  ( 4.684623523208827578, 3.125000000000000000, 1.391333921542872651E-28 ) ) ;
#6579 = ORIENTED_EDGE ( 'NONE', *, *, #4244, .T. ) ;
#6580 = VERTEX_POINT ( 'NONE', #5438 ) ;
#6581 = CARTESIAN_POINT ( 'NONE',  ( 27.06537647679117953, -1.999999999999999112, -5.405748789119929398 ) ) ;
#6582 = ORIENTED_EDGE ( 'NONE', *, *, #5332, .F. ) ;
#6583 = EDGE_CURVE ( 'NONE', #577, #859, #1076, .T. ) ;
#6584 = DIRECTION ( 'NONE',  ( 0.1735423958889129592, -0.03489949670250423741, -0.9842078347376876923 ) ) ;
#6585 = CARTESIAN_POINT ( 'NONE',  ( 58.81537647679117242, 3.095724199259894505, 0.8383492450537465279 ) ) ;
#6586 = ADVANCED_FACE ( 'NONE', ( #462 ), #2964, .F. ) ;
#6587 = ORIENTED_EDGE ( 'NONE', *, *, #5524, .T. ) ;
#6588 = DIRECTION ( 'NONE',  ( -0.000000000000000000, -0.000000000000000000, 1.000000000000000000 ) ) ;
#6589 = ORIENTED_EDGE ( 'NONE', *, *, #2563, .T. ) ;
#6591 = VERTEX_POINT ( 'NONE', #2892 ) ;
#6590 = DIRECTION ( 'NONE',  ( 5.551115123125782086E-17, -0.03489949670250423741, -0.9993908270190955401 ) ) ;
#6592 = CARTESIAN_POINT ( 'NONE',  ( 54.64782021278482915, 0.5000000000000065503, -1.364613927707009067 ) ) ;
#6593 = DIRECTION ( 'NONE',  ( -0.9848077530122079093, 0.000000000000000000, -0.1736481776669310528 ) ) ;
#6594 = DIRECTION ( 'NONE',  ( -0.000000000000000000, -1.000000000000000000, -0.000000000000000000 ) ) ;
#6595 = DIRECTION ( 'NONE',  ( 0.000000000000000000, 1.000000000000000000, 0.000000000000000000 ) ) ;
#6596 = CARTESIAN_POINT ( 'NONE',  ( 28.40186619144336078, -2.000000000000000444, -5.461999999999999744 ) ) ;
#6597 = AXIS2_PLACEMENT_3D ( 'NONE', #7017, #934, #3354 ) ;
#6598 = EDGE_CURVE ( 'NONE', #1398, #6547, #7518, .T. ) ;
#6599 = ORIENTED_EDGE ( 'NONE', *, *, #4790, .F. ) ;
#6600 = EDGE_LOOP ( 'NONE', ( #4422, #3481, #6471, #7795 ) ) ;
#6601 = CARTESIAN_POINT ( 'NONE',  ( 20.54406135961241375, -1.868478067631183848, -0.1083334971134169433 ) ) ;
#6602 = VECTOR ( 'NONE', #6647, 1000.000000000000000 ) ;
#6603 = FACE_OUTER_BOUND ( 'NONE', #6629, .T. ) ;
#6604 = CIRCLE ( 'NONE', #3098, 27.23074878911992869 ) ;
#6605 = VERTEX_POINT ( 'NONE', #2479 ) ;
#6606 = LINE ( 'NONE', #8022, #4151 ) ;
#6607 = CARTESIAN_POINT ( 'NONE',  ( 54.86153749718128836, 1.999999999999998224, -2.576664877242706098 ) ) ;
#6608 = AXIS2_PLACEMENT_3D ( 'NONE', #1323, #6904, #4577 ) ;
#6609 = ORIENTED_EDGE ( 'NONE', *, *, #6650, .F. ) ;
#6610 = DIRECTION ( 'NONE',  ( -0.1735423958889129592, -0.03489949670250423741, -0.9842078347376876923 ) ) ;
#6611 = VECTOR ( 'NONE', #4618, 1000.000000000000000 ) ;
#6612 = CARTESIAN_POINT ( 'NONE',  ( 54.07721230097129705, -1.596637958731240925, 1.871464348691104229 ) ) ;
#6613 = ORIENTED_EDGE ( 'NONE', *, *, #3495, .F. ) ;
#6614 = CARTESIAN_POINT ( 'NONE',  ( 3.258903262368605613, -2.149377904224190061, -2.189043700441704932 ) ) ;
#6615 = DIRECTION ( 'NONE',  ( 1.000000000000000000, 1.103821940798063439E-16, 0.000000000000000000 ) ) ;
#6616 = CIRCLE ( 'NONE', #5830, 3.900000000000007461 ) ;
#6617 = EDGE_CURVE ( 'NONE', #2599, #5801, #6745, .T. ) ;
#6618 = VERTEX_POINT ( 'NONE', #1934 ) ;
#6619 = ORIENTED_EDGE ( 'NONE', *, *, #1259, .T. ) ;
#6620 = CARTESIAN_POINT ( 'NONE',  ( 61.14081791777009300, -3.105563006354265188, -0.5566026730976645354 ) ) ;
#6621 = CIRCLE ( 'NONE', #1675, 27.23074878911993224 ) ;
#6622 = ORIENTED_EDGE ( 'NONE', *, *, #697, .T. ) ;
#6623 = AXIS2_PLACEMENT_3D ( 'NONE', #4855, #7336, #1751 ) ;
#6624 = CARTESIAN_POINT ( 'NONE',  ( 52.29406135961241375, 0.4999999999999995559, 1.557046727053832180 ) ) ;
#6625 = VECTOR ( 'NONE', #1338, 1000.000000000000000 ) ;
#6626 = ORIENTED_EDGE ( 'NONE', *, *, #6488, .F. ) ;
#6627 = CIRCLE ( 'NONE', #1432, 22.71399999999999864 ) ;
#6628 = CARTESIAN_POINT ( 'NONE',  ( 27.06537647679117953, 2.000000000000001776, -5.405748789119927622 ) ) ;
#6629 = EDGE_LOOP ( 'NONE', ( #3172, #6134, #890, #1708 ) ) ;
#6630 = VECTOR ( 'NONE', #3437, 1000.000000000000000 ) ;
#6632 = VERTEX_POINT ( 'NONE', #4910 ) ;
#6631 = DIRECTION ( 'NONE',  ( -0.000000000000000000, -1.000000000000000000, -0.000000000000000000 ) ) ;
#6633 = CARTESIAN_POINT ( 'NONE',  ( 11.20593864038758802, -0.5000000000000003331, -5.461999999999999744 ) ) ;
#6634 = CARTESIAN_POINT ( 'NONE',  ( 54.47417203511789552, -3.125000000000000000, -0.3798061746948028228 ) ) ;
#6635 = EDGE_CURVE ( 'NONE', #6993, #7459, #1330, .T. ) ;
#6636 = LINE ( 'NONE', #1627, #3109 ) ;
#6637 = CARTESIAN_POINT ( 'NONE',  ( 51.29406135961241375, -0.5000000000000004441, 1.380719746345366206 ) ) ;
#6638 = CARTESIAN_POINT ( 'NONE',  ( 11.20593864038758802, -1.596637958731240925, 1.557046727053833957 ) ) ;
#6639 = VECTOR ( 'NONE', #5425, 1000.000000000000000 ) ;
#6640 = CIRCLE ( 'NONE', #639, 3.900000000000000799 ) ;
#6641 = EDGE_CURVE ( 'NONE', #4869, #2775, #3051, .T. ) ;
#6642 = ORIENTED_EDGE ( 'NONE', *, *, #718, .F. ) ;
#6643 = ORIENTED_EDGE ( 'NONE', *, *, #4111, .T. ) ;
#6644 = DIRECTION ( 'NONE',  ( 0.000000000000000000, 0.000000000000000000, -1.000000000000000000 ) ) ;
#6645 = AXIS2_PLACEMENT_3D ( 'NONE', #269, #7011, #5256 ) ;
#6646 = CARTESIAN_POINT ( 'NONE',  ( 35.61781592116275164, -0.4999999999999988343, -2.174999999999999822 ) ) ;
#6647 = DIRECTION ( 'NONE',  ( 2.553335745242634272E-32, -1.000000000000000000, -1.379057453301393079E-16 ) ) ;
#6648 = VECTOR ( 'NONE', #5000, 1000.000000000000114 ) ;
#6649 = VERTEX_POINT ( 'NONE', #47 ) ;
#6650 = EDGE_CURVE ( 'NONE', #4056, #1545, #4807, .T. ) ;
#6651 = FACE_OUTER_BOUND ( 'NONE', #4249, .T. ) ;
#6652 = LINE ( 'NONE', #6607, #6088 ) ;
#6653 = ORIENTED_EDGE ( 'NONE', *, *, #4805, .F. ) ;
#6654 = DIRECTION ( 'NONE',  ( 0.000000000000000000, -1.000000000000000000, 0.000000000000000000 ) ) ;
#6655 = DIRECTION ( 'NONE',  ( -0.9848077530122079093, 0.000000000000000000, -0.1736481776669310528 ) ) ;
#6656 = ORIENTED_EDGE ( 'NONE', *, *, #6332, .F. ) ;
#6657 = EDGE_CURVE ( 'NONE', #7741, #1271, #5561, .T. ) ;
#6658 = DIRECTION ( 'NONE',  ( 0.000000000000000000, 0.000000000000000000, 1.000000000000000000 ) ) ;
#6659 = DIRECTION ( 'NONE',  ( -1.000000000000000000, 0.000000000000000000, 0.000000000000000000 ) ) ;
#6660 = DIRECTION ( 'NONE',  ( -1.000000000000000000, 0.000000000000000000, -0.000000000000000000 ) ) ;
#6661 = VECTOR ( 'NONE', #5898, 1000.000000000000000 ) ;
#6662 = ORIENTED_EDGE ( 'NONE', *, *, #90, .F. ) ;
#6663 = CARTESIAN_POINT ( 'NONE',  ( 63.50000000000000000, 0.000000000000000000, 2.286000000000000032 ) ) ;
#6664 = ORIENTED_EDGE ( 'NONE', *, *, #6686, .T. ) ;
#6665 = ORIENTED_EDGE ( 'NONE', *, *, #5398, .T. ) ;
#6666 = EDGE_CURVE ( 'NONE', #2495, #3805, #6244, .T. ) ;
#6667 = CARTESIAN_POINT ( 'NONE',  ( 4.684623523208827578, 3.125000000000000000, 1.391333921542872651E-28 ) ) ;
#6668 = DIRECTION ( 'NONE',  ( 1.851507882525183222E-16, 1.334402673828313093E-16, -1.000000000000000000 ) ) ;
#6669 = ORIENTED_EDGE ( 'NONE', *, *, #7152, .T. ) ;
#6670 = LINE ( 'NONE', #1620, #2485 ) ;
#6671 = VERTEX_POINT ( 'NONE', #6867 ) ;
#6673 = ORIENTED_EDGE ( 'NONE', *, *, #7796, .F. ) ;
#6672 = LINE ( 'NONE', #3464, #2346 ) ;
#6674 = LINE ( 'NONE', #7322, #774 ) ;
#6675 = LINE ( 'NONE', #1083, #5111 ) ;
#6676 = CARTESIAN_POINT ( 'NONE',  ( 8.852179787215165518, -6.349999999999999645, -1.364613927707009067 ) ) ;
#6677 = DIRECTION ( 'NONE',  ( -1.159013037837969033E-15, 1.000000000000000000, 1.334402673828310874E-16 ) ) ;
#6678 = CARTESIAN_POINT ( 'NONE',  ( 4.684623523208827578, 1.596637958731250473, 0.7859999999999995879 ) ) ;
#6679 = ORIENTED_EDGE ( 'NONE', *, *, #6140, .F. ) ;
#6680 = VERTEX_POINT ( 'NONE', #707 ) ;
#6681 = DIRECTION ( 'NONE',  ( 0.000000000000000000, 0.03489949670250423047, 0.9993908270190955401 ) ) ;
#6682 = DIRECTION ( 'NONE',  ( 1.851507882525183222E-16, 1.334402673828313093E-16, -1.000000000000000000 ) ) ;
#6683 = DIRECTION ( 'NONE',  ( 1.000000000000000000, 0.000000000000000000, 1.851507882525182976E-16 ) ) ;
#6684 = EDGE_CURVE ( 'NONE', #7199, #5160, #4873, .T. ) ;
#6685 = EDGE_LOOP ( 'NONE', ( #1355, #4849, #358, #6508, #5138 ) ) ;
#6686 = EDGE_CURVE ( 'NONE', #1764, #309, #3775, .T. ) ;
#6687 = FACE_OUTER_BOUND ( 'NONE', #4090, .T. ) ;
#6688 = AXIS2_PLACEMENT_3D ( 'NONE', #815, #6321, #6282 ) ;
#6689 = ADVANCED_FACE ( 'NONE', ( #1284, #7356 ), #3131, .T. ) ;
#6690 = ADVANCED_FACE ( 'NONE', ( #3171 ), #4345, .F. ) ;
#6691 = CARTESIAN_POINT ( 'NONE',  ( 2.372022698482600056, 3.095724199259894949, -0.8383492450537456397 ) ) ;
#6692 = ORIENTED_EDGE ( 'NONE', *, *, #1137, .T. ) ;
#6693 = FACE_OUTER_BOUND ( 'NONE', #2234, .T. ) ;
#6694 = CARTESIAN_POINT ( 'NONE',  ( 13.15280107809913446, 0.4999999999999996669, -0.09207627132763220035 ) ) ;
#6695 = ORIENTED_EDGE ( 'NONE', *, *, #2391, .F. ) ;
#6696 = VECTOR ( 'NONE', #7711, 1000.000000000000227 ) ;
#6697 = DIRECTION ( 'NONE',  ( -1.000000000000000000, -1.084202172485504434E-16, 0.000000000000000000 ) ) ;
#6698 = CARTESIAN_POINT ( 'NONE',  ( 2.100000000000000089, 8.609464714099175491E-17, -2.286000000000000032 ) ) ;
#6699 = DIRECTION ( 'NONE',  ( 1.000000000000000000, -0.000000000000000000, -2.970001569282669714E-29 ) ) ;
#6700 = CARTESIAN_POINT ( 'NONE',  ( 36.43462352320882047, 0.4999999999999961142, 21.82499999999999929 ) ) ;
#6701 = ADVANCED_FACE ( 'NONE', ( #6792 ), #1203, .F. ) ;
#6702 = ORIENTED_EDGE ( 'NONE', *, *, #7327, .T. ) ;
#6703 = CARTESIAN_POINT ( 'NONE',  ( 35.09813380855663922, 2.000000000000000888, -5.405748789119925846 ) ) ;
#6704 = ORIENTED_EDGE ( 'NONE', *, *, #902, .T. ) ;
#6705 = CARTESIAN_POINT ( 'NONE',  ( 42.95593864038758625, 0.4999999999999996669, -2.174999999999998490 ) ) ;
#6706 = EDGE_LOOP ( 'NONE', ( #3304, #376, #575, #3026 ) ) ;
#6707 = ADVANCED_FACE ( 'NONE', ( #5682 ), #4996, .F. ) ;
#6708 = PLANE ( 'NONE',  #7667 ) ;
#6710 = VERTEX_POINT ( 'NONE', #2390 ) ;
#6709 = CARTESIAN_POINT ( 'NONE',  ( 19.54406135961241020, 1.596637958731240037, 0.08681072319625926514 ) ) ;
#6711 = FACE_OUTER_BOUND ( 'NONE', #1462, .T. ) ;
#6712 = FACE_OUTER_BOUND ( 'NONE', #3324, .T. ) ;
#6713 = CARTESIAN_POINT ( 'NONE',  ( 29.31762278091969165, 3.050016257337097247, -1.983196467735346191 ) ) ;
#6714 = CARTESIAN_POINT ( 'NONE',  ( 54.47417203511789552, -3.125000000000000000, -0.3798061746948028228 ) ) ;
#6715 = CARTESIAN_POINT ( 'NONE',  ( 9.199476142549027458, -1.999999999999998224, 0.6050015783174087503 ) ) ;
#6716 = ORIENTED_EDGE ( 'NONE', *, *, #4320, .T. ) ;
#6717 = EDGE_CURVE ( 'NONE', #3623, #5847, #545, .T. ) ;
#6718 = ORIENTED_EDGE ( 'NONE', *, *, #5607, .F. ) ;
#6719 = CYLINDRICAL_SURFACE ( 'NONE', #6314, 26.00000000000000711 ) ;
#6720 = CARTESIAN_POINT ( 'NONE',  ( 43.95593864038759335, 1.596637958731240037, 0.08681072319625905698 ) ) ;
#6721 = CARTESIAN_POINT ( 'NONE',  ( 27.06537647679117597, 3.125000000000000000, -3.174999999999997158 ) ) ;
#6722 = ORIENTED_EDGE ( 'NONE', *, *, #4306, .F. ) ;
#6723 = DIRECTION ( 'NONE',  ( -0.1736481776669313026, 0.000000000000000000, -0.9848077530122079093 ) ) ;
#6724 = DIRECTION ( 'NONE',  ( -0.9848077530122079093, -0.000000000000000000, 0.1736481776669310528 ) ) ;
#6725 = EDGE_CURVE ( 'NONE', #4154, #2947, #8003, .T. ) ;
#6726 = VECTOR ( 'NONE', #6818, 1000.000000000000000 ) ;
#6727 = ORIENTED_EDGE ( 'NONE', *, *, #3559, .F. ) ;
#6728 = DIRECTION ( 'NONE',  ( 1.000000000000000000, 0.000000000000000000, 1.851507882525182976E-16 ) ) ;
#6729 = CARTESIAN_POINT ( 'NONE',  ( 42.95593864038758625, 0.5000000000000006661, -4.732046727053832669 ) ) ;
#6730 = ORIENTED_EDGE ( 'NONE', *, *, #1307, .T. ) ;
#6731 = DIRECTION ( 'NONE',  ( -0.000000000000000000, 1.000000000000000000, -0.000000000000000000 ) ) ;
#6732 = DIRECTION ( 'NONE',  ( 0.000000000000000000, 0.000000000000000000, 1.000000000000000000 ) ) ;
#6733 = EDGE_CURVE ( 'NONE', #6747, #1700, #6217, .T. ) ;
#6734 = ADVANCED_FACE ( 'NONE', ( #85 ), #1978, .F. ) ;
#6735 = CARTESIAN_POINT ( 'NONE',  ( 27.88218407883725192, -0.5000000000000001110, -4.174999999999999822 ) ) ;
#6736 = AXIS2_PLACEMENT_3D ( 'NONE', #5069, #6260, #3126 ) ;
#6737 = EDGE_CURVE ( 'NONE', #3834, #2209, #7563, .T. ) ;
#6738 = EDGE_CURVE ( 'NONE', #1643, #7096, #3295, .T. ) ;
#6739 = VERTEX_POINT ( 'NONE', #3251 ) ;
#6740 = CARTESIAN_POINT ( 'NONE',  ( 20.54406135961241020, 1.596637958731240037, -0.08951625751220664007 ) ) ;
#6741 = VERTEX_POINT ( 'NONE', #4587 ) ;
#6742 = ADVANCED_FACE ( 'NONE', ( #3210 ), #2480, .T. ) ;
#6743 = LINE ( 'NONE', #4994, #498 ) ;
#6744 = DIRECTION ( 'NONE',  ( 0.000000000000000000, 0.000000000000000000, 1.000000000000000000 ) ) ;
#6745 = LINE ( 'NONE', #4959, #6500 ) ;
#6746 = AXIS2_PLACEMENT_3D ( 'NONE', #5666, #5140, #1995 ) ;
#6747 = VERTEX_POINT ( 'NONE', #7600 ) ;
#6748 = CARTESIAN_POINT ( 'NONE',  ( 3.348133808556653435, 2.000000000000003997, 2.287000000000002586 ) ) ;
#6749 = AXIS2_PLACEMENT_3D ( 'NONE', #1146, #1723, #6821 ) ;
#6751 = ORIENTED_EDGE ( 'NONE', *, *, #154, .T. ) ;
#6750 = DIRECTION ( 'NONE',  ( -8.830575526384529209E-16, 1.000000000000000000, 1.334402673828311367E-16 ) ) ;
#6752 = DIRECTION ( 'NONE',  ( 0.1736481776669312194, 0.000000000000000000, -0.9848077530122080203 ) ) ;
#6753 = CYLINDRICAL_SURFACE ( 'NONE', #6535, 1.499999999999999556 ) ;
#6754 = EDGE_CURVE ( 'NONE', #3667, #542, #6385, .T. ) ;
#6755 = CYLINDRICAL_SURFACE ( 'NONE', #4046, 26.00000000000000355 ) ;
#6756 = DIRECTION ( 'NONE',  ( 0.000000000000000000, 0.000000000000000000, 1.000000000000000000 ) ) ;
#6757 = CIRCLE ( 'NONE', #7787, 3.900000000000004352 ) ;
#6758 = AXIS2_PLACEMENT_3D ( 'NONE', #2030, #5211, #4593 ) ;
#6759 = ORIENTED_EDGE ( 'NONE', *, *, #1615, .T. ) ;
#6760 =( BOUNDED_CURVE ( )  B_SPLINE_CURVE ( 3, ( #7567, #5733, #3067, #6955 ),
 .UNSPECIFIED., .F., .T. ) 
 B_SPLINE_CURVE_WITH_KNOTS ( ( 4, 4 ),
 ( 3.782953956100591597, 3.795397441937025995 ),
 .UNSPECIFIED. ) 
 CURVE ( )  GEOMETRIC_REPRESENTATION_ITEM ( )  RATIONAL_B_SPLINE_CURVE ( ( 1.000000000000000000, 0.9999870966799773164, 0.9999870966799773164, 1.000000000000000000 ) ) 
 REPRESENTATION_ITEM ( '' )  );
#6761 = VECTOR ( 'NONE', #6502, 1000.000000000000000 ) ;
#6762 = ORIENTED_EDGE ( 'NONE', *, *, #7288, .T. ) ;
#6763 = DIRECTION ( 'NONE',  ( -0.000000000000000000, -0.000000000000000000, 1.000000000000000000 ) ) ;
#6764 = CARTESIAN_POINT ( 'NONE',  ( 58.81537647679117953, 3.095724199259894949, -25.00000000000000000 ) ) ;
#6765 = DIRECTION ( 'NONE',  ( -1.851507882525183222E-16, 0.000000000000000000, 1.000000000000000000 ) ) ;
#6766 = VECTOR ( 'NONE', #4972, 1000.000000000000000 ) ;
#6767 = VERTEX_POINT ( 'NONE', #89 ) ;
#6768 = DIRECTION ( 'NONE',  ( 1.851507882525183222E-16, 1.334402673828313093E-16, -1.000000000000000000 ) ) ;
#6769 = AXIS2_PLACEMENT_3D ( 'NONE', #316, #6974, #1548 ) ;
#6770 = EDGE_CURVE ( 'NONE', #2118, #3030, #5686, .T. ) ;
#6771 = CARTESIAN_POINT ( 'NONE',  ( 11.20593864038758802, 1.999999999999997335, 1.500943177187301414 ) ) ;
#6772 = ORIENTED_EDGE ( 'NONE', *, *, #5339, .T. ) ;
#6773 = DIRECTION ( 'NONE',  ( -1.000000000000000000, 0.000000000000000000, 0.000000000000000000 ) ) ;
#6774 = VECTOR ( 'NONE', #7876, 1000.000000000000000 ) ;
#6775 = EDGE_LOOP ( 'NONE', ( #3821, #6074, #713, #6968 ) ) ;
#6776 = DIRECTION ( 'NONE',  ( -0.9848077530122079093, 0.000000000000000000, 0.1736481776669313026 ) ) ;
#6777 = ORIENTED_EDGE ( 'NONE', *, *, #7000, .T. ) ;
#6778 = VECTOR ( 'NONE', #1826, 1000.000000000000114 ) ;
#6779 = DIRECTION ( 'NONE',  ( 0.000000000000000000, 0.000000000000000000, -1.000000000000000000 ) ) ;
#6780 = LINE ( 'NONE', #1195, #7721 ) ;
#6781 = EDGE_CURVE ( 'NONE', #4671, #3496, #712, .T. ) ;
#6782 = CARTESIAN_POINT ( 'NONE',  ( 9.025827964882100929, -3.125000000000000000, -0.3798061746948028228 ) ) ;
#6783 = CARTESIAN_POINT ( 'NONE',  ( 40.77582796488210448, 3.125000000000000000, -2.795193825305196000 ) ) ;
#6784 = CIRCLE ( 'NONE', #2888, 22.76925121088006776 ) ;
#6785 = EDGE_CURVE ( 'NONE', #7797, #3431, #6336, .T. ) ;
#6786 = ORIENTED_EDGE ( 'NONE', *, *, #6034, .T. ) ;
#6787 = CARTESIAN_POINT ( 'NONE',  ( 12.20593864038759158, 1.733189655496044423, 1.380719746345369092 ) ) ;
#6788 = VERTEX_POINT ( 'NONE', #50 ) ;
#6789 = ADVANCED_FACE ( 'NONE', ( #6303 ), #210, .F. ) ;
#6790 = EDGE_CURVE ( 'NONE', #891, #5687, #2720, .T. ) ;
#6791 = CARTESIAN_POINT ( 'NONE',  ( 36.43462352320882047, 3.095724199259894949, 21.82499999999999929 ) ) ;
#6792 = FACE_OUTER_BOUND ( 'NONE', #1807, .T. ) ;
#6793 = ORIENTED_EDGE ( 'NONE', *, *, #5878, .T. ) ;
#6794 = CARTESIAN_POINT ( 'NONE',  ( 59.63218407883724126, 0.4999999999999996669, -1.000000000000000000 ) ) ;
#6795 = ADVANCED_FACE ( 'NONE', ( #4433 ), #5201, .T. ) ;
#6797 = VERTEX_POINT ( 'NONE', #3896 ) ;
#6796 = DIRECTION ( 'NONE',  ( 1.000000000000000000, 8.761517798266765335E-16, -2.316088183193997289E-14 ) ) ;
#6798 = CARTESIAN_POINT ( 'NONE',  ( 12.20593864038758980, 1.999999999999997780, -5.461999999999999744 ) ) ;
#6799 = DIRECTION ( 'NONE',  ( -0.9848077530122080203, 0.000000000000000000, -0.1736481776669312194 ) ) ;
#6800 = VECTOR ( 'NONE', #3583, 1000.000000000000000 ) ;
#6801 = FACE_OUTER_BOUND ( 'NONE', #6335, .T. ) ;
#6802 = CARTESIAN_POINT ( 'NONE',  ( 34.70789999721675656, -2.556236529698768134, -1.197626923985461111 ) ) ;
#6803 = CARTESIAN_POINT ( 'NONE',  ( 52.29406135961241375, -0.5000000000000003331, 0.2512081041687685978 ) ) ;
#6804 = ORIENTED_EDGE ( 'NONE', *, *, #918, .F. ) ;
#6805 = VERTEX_POINT ( 'NONE', #7678 ) ;
#6806 = EDGE_CURVE ( 'NONE', #5735, #3285, #5839, .T. ) ;
#6807 = LINE ( 'NONE', #3942, #6557 ) ;
#6808 = DIRECTION ( 'NONE',  ( -1.000000000000000000, 0.000000000000000000, 2.224004456380519438E-16 ) ) ;
#6809 = CARTESIAN_POINT ( 'NONE',  ( 54.30052385745097610, -6.349999999999999645, 0.6050015783174087503 ) ) ;
#6810 = ORIENTED_EDGE ( 'NONE', *, *, #3071, .T. ) ;
#6811 = DIRECTION ( 'NONE',  ( 0.000000000000000000, -1.000000000000000000, -0.000000000000000000 ) ) ;
#6812 = LINE ( 'NONE', #4407, #2456 ) ;
#6813 = DIRECTION ( 'NONE',  ( 0.9848077530122079093, 0.000000000000000000, -0.1736481776669310528 ) ) ;
#6814 = VERTEX_POINT ( 'NONE', #7040 ) ;
#6815 = DIRECTION ( 'NONE',  ( -0.9848077530122080203, -2.317165925841671444E-17, 0.1736481776669312194 ) ) ;
#6816 = ADVANCED_FACE ( 'NONE', ( #5161 ), #7633, .F. ) ;
#6817 = VERTEX_POINT ( 'NONE', #1448 ) ;
#6818 = DIRECTION ( 'NONE',  ( 0.000000000000000000, 1.000000000000000000, 0.000000000000000000 ) ) ;
#6819 = ORIENTED_EDGE ( 'NONE', *, *, #4298, .T. ) ;
#6820 = AXIS2_PLACEMENT_3D ( 'NONE', #1409, #6340, #4506 ) ;
#6821 = DIRECTION ( 'NONE',  ( -1.000000000000000000, 0.000000000000000000, 1.851507882525184455E-16 ) ) ;
#6822 = CARTESIAN_POINT ( 'NONE',  ( 58.81537647679117953, -6.349999999999999645, -25.00000000000000000 ) ) ;
#6823 = CARTESIAN_POINT ( 'NONE',  ( 4.684623523208827578, -0.5000000000000004441, 1.000000000000000000 ) ) ;
#6824 = UNCERTAINTY_MEASURE_WITH_UNIT (LENGTH_MEASURE( 1.000000000000000082E-05 ), #659, 'distance_accuracy_value', 'NONE');
#6825 = AXIS2_PLACEMENT_3D ( 'NONE', #948, #5313, #2722 ) ;
#6826 = CIRCLE ( 'NONE', #4214, 3.899999999999999911 ) ;
#6827 = VERTEX_POINT ( 'NONE', #3779 ) ;
#6828 = CARTESIAN_POINT ( 'NONE',  ( 11.20593864038758802, -1.596637958731240481, -3.085483742487792114 ) ) ;
#6829 = ORIENTED_EDGE ( 'NONE', *, *, #7617, .T. ) ;
#6830 = LINE ( 'NONE', #2477, #765 ) ;
#6831 = CARTESIAN_POINT ( 'NONE',  ( 8.880250146230071806, 3.095724199259894949, -1.205419010955662618 ) ) ;
#6832 = CIRCLE ( 'NONE', #48, 26.00000000000000355 ) ;
#6833 = LINE ( 'NONE', #3209, #3227 ) ;
#6834 = DIRECTION ( 'NONE',  ( 0.9848077530122080203, 0.000000000000000000, 0.1736481776669310806 ) ) ;
#6835 = ADVANCED_FACE ( 'NONE', ( #6425 ), #1333, .F. ) ;
#6836 = ORIENTED_EDGE ( 'NONE', *, *, #6738, .F. ) ;
#6837 = ADVANCED_FACE ( 'NONE', ( #2107 ), #3173, .F. ) ;
#6839 = ORIENTED_EDGE ( 'NONE', *, *, #617, .T. ) ;
#6838 = DIRECTION ( 'NONE',  ( -0.1736481776669312194, 0.000000000000000000, -0.9848077530122080203 ) ) ;
#6840 = DIRECTION ( 'NONE',  ( 1.000000000000000000, 0.000000000000000000, 1.851507882525182976E-16 ) ) ;
#6841 = CARTESIAN_POINT ( 'NONE',  ( 54.08680657305450978, -1.999999999999998224, 1.817052527853100896 ) ) ;
#6842 = DIRECTION ( 'NONE',  ( -0.000000000000000000, 1.000000000000000000, 0.000000000000000000 ) ) ;
#6843 = DIRECTION ( 'NONE',  ( 2.216238840579179565E-16, 1.000000000000000000, 1.334402673828313586E-16 ) ) ;
#6844 = DIRECTION ( 'NONE',  ( 1.000000000000000000, 0.000000000000000000, 1.851507882525182976E-16 ) ) ;
#6845 = ADVANCED_FACE ( 'NONE', ( #1520 ), #912, .F. ) ;
#6846 = ORIENTED_EDGE ( 'NONE', *, *, #2383, .T. ) ;
#6847 = ORIENTED_EDGE ( 'NONE', *, *, #2623, .T. ) ;
#6848 = CARTESIAN_POINT ( 'NONE',  ( 54.30052385745097610, 0.4999999999999995559, 0.6050015783174087503 ) ) ;
#6849 = CARTESIAN_POINT ( 'NONE',  ( 29.37797730151740083, -3.095724199259894949, -2.336650754946254072 ) ) ;
#6850 = ORIENTED_EDGE ( 'NONE', *, *, #725, .T. ) ;
#6851 = LINE ( 'NONE', #4449, #516 ) ;
#6852 = DIRECTION ( 'NONE',  ( -1.000000000000000000, 0.000000000000000000, -0.000000000000000000 ) ) ;
#6853 = EDGE_CURVE ( 'NONE', #5562, #1768, #1572, .T. ) ;
#6854 = DIRECTION ( 'NONE',  ( -1.000000000000000000, 1.103821940798063439E-16, -1.851507882525184455E-16 ) ) ;
#6855 = ORIENTED_EDGE ( 'NONE', *, *, #3747, .F. ) ;
#6856 = CARTESIAN_POINT ( 'NONE',  ( 34.12202269848260272, 3.095724199259894505, -2.336650754946249187 ) ) ;
#6857 = ORIENTED_EDGE ( 'NONE', *, *, #6498, .T. ) ;
#6858 = ORIENTED_EDGE ( 'NONE', *, *, #7060, .T. ) ;
#6859 = EDGE_CURVE ( 'NONE', #870, #3534, #74, .T. ) ;
#6860 = DIRECTION ( 'NONE',  ( 5.551115123125782086E-17, -0.03489949670250473701, 0.9993908270190955401 ) ) ;
#6861 = EDGE_LOOP ( 'NONE', ( #2966, #1853, #4911, #7548 ) ) ;
#6862 = CARTESIAN_POINT ( 'NONE',  ( 27.06537647679117953, 1.596637958731240925, -5.460999999999995858 ) ) ;
#6863 = ORIENTED_EDGE ( 'NONE', *, *, #2715, .T. ) ;
#6864 = CIRCLE ( 'NONE', #7251, 1.499999999999999778 ) ;
#6865 = AXIS2_PLACEMENT_3D ( 'NONE', #2794, #7785, #860 ) ;
#6866 = DIRECTION ( 'NONE',  ( -0.000000000000000000, -0.000000000000000000, 1.000000000000000000 ) ) ;
#6867 = CARTESIAN_POINT ( 'NONE',  ( 40.60217978721517085, -0.5000000000000004441, -1.810386072292988313 ) ) ;
#6868 = EDGE_CURVE ( 'NONE', #4348, #2780, #2375, .T. ) ;
#6869 = ORIENTED_EDGE ( 'NONE', *, *, #5490, .F. ) ;
#6870 = VECTOR ( 'NONE', #1136, 1000.000000000000000 ) ;
#6871 = DIRECTION ( 'NONE',  ( 0.9848077530122079093, 0.000000000000000000, -0.1736481776669310528 ) ) ;
#6872 = EDGE_LOOP ( 'NONE', ( #2257, #115, #5487, #284, #2286 ) ) ;
#6874 = ORIENTED_EDGE ( 'NONE', *, *, #4989, .T. ) ;
#6873 = CARTESIAN_POINT ( 'NONE',  ( 12.20593864038758980, -1.596637958731240925, 1.380719746345367982 ) ) ;
#6875 = CARTESIAN_POINT ( 'NONE',  ( 42.95593864038758625, 1.596637958731240925, -4.732046727053832669 ) ) ;
#6876 = AXIS2_PLACEMENT_3D ( 'NONE', #5705, #6197, #2575 ) ;
#6877 = DIRECTION ( 'NONE',  ( -1.000000000000000000, -0.000000000000000000, -1.851507882525182976E-16 ) ) ;
#6878 = DIRECTION ( 'NONE',  ( 1.000000000000000000, 0.000000000000000000, 0.000000000000000000 ) ) ;
#6879 = ORIENTED_EDGE ( 'NONE', *, *, #5747, .F. ) ;
#6880 = VECTOR ( 'NONE', #1705, 1000.000000000000000 ) ;
#6881 = ORIENTED_EDGE ( 'NONE', *, *, #3578, .F. ) ;
#6882 = EDGE_CURVE ( 'NONE', #5133, #7369, #5240, .T. ) ;
#6883 = DIRECTION ( 'NONE',  ( 0.000000000000000000, 1.000000000000000000, 0.000000000000000000 ) ) ;
#6884 = DIRECTION ( 'NONE',  ( -1.000000000000000000, 0.000000000000000000, 0.000000000000000000 ) ) ;
#6885 = EDGE_CURVE ( 'NONE', #4304, #4469, #3691, .T. ) ;
#6886 = CIRCLE ( 'NONE', #2987, 22.76925121088007486 ) ;
#6887 = EDGE_LOOP ( 'NONE', ( #3258, #1611, #5650, #8057 ) ) ;
#6888 = DIRECTION ( 'NONE',  ( 0.1735423958889129314, 0.03489949670250425129, 0.9842078347376876923 ) ) ;
#6889 = DIRECTION ( 'NONE',  ( 0.000000000000000000, 1.000000000000000000, 0.000000000000000000 ) ) ;
#6890 = CIRCLE ( 'NONE', #5718, 25.83834924505374531 ) ;
#6891 = EDGE_CURVE ( 'NONE', #1074, #4154, #7713, .T. ) ;
#6892 = CARTESIAN_POINT ( 'NONE',  ( 42.95593864038758625, 0.5000000000000005551, -4.175000000000002487 ) ) ;
#6893 = AXIS2_PLACEMENT_3D ( 'NONE', #2063, #7074, #3940 ) ;
#6894 = AXIS2_PLACEMENT_3D ( 'NONE', #2467, #6227, #7404 ) ;
#6895 = CYLINDRICAL_SURFACE ( 'NONE', #3392, 1.499999999999999778 ) ;
#6896 = AXIS2_PLACEMENT_3D ( 'NONE', #5538, #8016, #2497 ) ;
#6897 = ORIENTED_EDGE ( 'NONE', *, *, #7531, .T. ) ;
#6898 = EDGE_CURVE ( 'NONE', #6015, #5454, #3999, .T. ) ;
#6899 = CONICAL_SURFACE ( 'NONE', #6769, 25.00000000000000355, 1.535889741755006588 ) ;
#6900 = DIRECTION ( 'NONE',  ( 0.000000000000000000, -1.000000000000000000, 0.000000000000000000 ) ) ;
#6901 = ORIENTED_EDGE ( 'NONE', *, *, #5992, .F. ) ;
#6902 = PLANE ( 'NONE',  #7150 ) ;
#6903 = DIRECTION ( 'NONE',  ( -0.000000000000000000, -0.03436992607709350028, -0.9994091795563292413 ) ) ;
#6904 = DIRECTION ( 'NONE',  ( 0.000000000000000000, 0.000000000000000000, 1.000000000000000000 ) ) ;
#6905 = AXIS2_PLACEMENT_3D ( 'NONE', #7559, #247, #825 ) ;
#6906 = AXIS2_PLACEMENT_3D ( 'NONE', #4673, #5976, #2895 ) ;
#6907 = ORIENTED_EDGE ( 'NONE', *, *, #5913, .T. ) ;
#6908 = CARTESIAN_POINT ( 'NONE',  ( 54.30052385745097610, 1.999999999999998224, 0.6050015783174087503 ) ) ;
#6909 = EDGE_CURVE ( 'NONE', #6817, #1780, #3906, .T. ) ;
#6910 = VECTOR ( 'NONE', #109, 1000.000000000000000 ) ;
#6911 = ORIENTED_EDGE ( 'NONE', *, *, #1216, .T. ) ;
#6912 = DIRECTION ( 'NONE',  ( -1.103821940798063439E-16, 1.000000000000000000, 0.000000000000000000 ) ) ;
#6913 = FACE_OUTER_BOUND ( 'NONE', #2421, .T. ) ;
#6914 = DIRECTION ( 'NONE',  ( -1.851507882525183222E-16, 0.000000000000000000, 1.000000000000000000 ) ) ;
#6915 = ORIENTED_EDGE ( 'NONE', *, *, #1168, .F. ) ;
#6916 = DIRECTION ( 'NONE',  ( -1.000000000000000000, 2.213579435491238302E-16, -1.156482317317871449E-14 ) ) ;
#6917 = ORIENTED_EDGE ( 'NONE', *, *, #7617, .F. ) ;
#6919 = VERTEX_POINT ( 'NONE', #330 ) ;
#6918 = DIRECTION ( 'NONE',  ( 0.000000000000000000, 0.000000000000000000, -1.000000000000000000 ) ) ;
#6920 = EDGE_CURVE ( 'NONE', #10, #1930, #4942, .T. ) ;
#6921 = CYLINDRICAL_SURFACE ( 'NONE', #4714, 2.099999999999997868 ) ;
#6922 = AXIS2_PLACEMENT_3D ( 'NONE', #7576, #5623, #3225 ) ;
#6923 = DIRECTION ( 'NONE',  ( 0.000000000000000000, 0.000000000000000000, -1.000000000000000000 ) ) ;
#6924 = ORIENTED_EDGE ( 'NONE', *, *, #3447, .T. ) ;
#6925 = LINE ( 'NONE', #2733, #1561 ) ;
#6926 = VERTEX_POINT ( 'NONE', #1101 ) ;
#6927 = VECTOR ( 'NONE', #4270, 1000.000000000000000 ) ;
#6928 = CARTESIAN_POINT ( 'NONE',  ( 61.12797730151740438, 3.095724199259894949, -0.8383492450537456397 ) ) ;
#6929 = CARTESIAN_POINT ( 'NONE',  ( 36.43462352320882047, -0.5000000000000003331, 21.82499999999999929 ) ) ;
#6930 = VERTEX_POINT ( 'NONE', #6856 ) ;
#6931 = DIRECTION ( 'NONE',  ( -1.000000000000000000, 0.000000000000000000, 0.000000000000000000 ) ) ;
#6932 = CARTESIAN_POINT ( 'NONE',  ( 0.000000000000000000, 0.000000000000000000, 2.286000000000000032 ) ) ;
#6933 = ORIENTED_EDGE ( 'NONE', *, *, #406, .T. ) ;
#6934 = CARTESIAN_POINT ( 'NONE',  ( 60.15186619144335367, -1.999999999999998668, -2.230748789119931796 ) ) ;
#6935 = EDGE_CURVE ( 'NONE', #2387, #3734, #7916, .T. ) ;
#6936 = EDGE_LOOP ( 'NONE', ( #1450, #518, #5961, #1993, #4324 ) ) ;
#6937 = EDGE_CURVE ( 'NONE', #4563, #671, #2460, .T. ) ;
#6938 = CARTESIAN_POINT ( 'NONE',  ( 27.06537647679117597, -3.125000000000000000, -3.174999999999997158 ) ) ;
#6939 = ORIENTED_EDGE ( 'NONE', *, *, #5663, .F. ) ;
#6940 = CARTESIAN_POINT ( 'NONE',  ( 58.81537647679117953, -1.999999999999998224, -1.000000000000000888 ) ) ;
#6941 = LINE ( 'NONE', #5759, #4125 ) ;
#6942 = ADVANCED_FACE ( 'NONE', ( #6249 ), #5630, .F. ) ;
#6943 = EDGE_CURVE ( 'NONE', #1253, #4099, #3232, .T. ) ;
#6944 = ORIENTED_EDGE ( 'NONE', *, *, #7502, .F. ) ;
#6945 = DIRECTION ( 'NONE',  ( -1.000000000000000000, -1.103821940798063809E-16, 1.851507882525184455E-16 ) ) ;
#6946 = AXIS2_PLACEMENT_3D ( 'NONE', #5804, #2887, #1486 ) ;
#6947 = DIRECTION ( 'NONE',  ( 0.000000000000000000, 0.000000000000000000, 1.000000000000000000 ) ) ;
#6948 = ORIENTED_EDGE ( 'NONE', *, *, #4966, .T. ) ;
#6949 = CARTESIAN_POINT ( 'NONE',  ( 36.43462352320882047, 1.999999999999999556, 21.82499999999999929 ) ) ;
#6950 = CARTESIAN_POINT ( 'NONE',  ( 11.20593864038758980, 1.999999999999999556, -3.029380192621258683 ) ) ;
#6951 = EDGE_CURVE ( 'NONE', #2545, #7583, #5710, .T. ) ;
#6952 = ORIENTED_EDGE ( 'NONE', *, *, #5275, .F. ) ;
#6953 = DIRECTION ( 'NONE',  ( 1.000000000000000000, 0.000000000000000000, 1.851507882525184455E-16 ) ) ;
#6954 = ORIENTED_EDGE ( 'NONE', *, *, #4454, .T. ) ;
#6955 = CARTESIAN_POINT ( 'NONE',  ( 61.12797730151740438, 3.095724199259894949, -0.8383492450537456397 ) ) ;
#6957 = EDGE_LOOP ( 'NONE', ( #5891, #2099, #4878, #4781 ) ) ;
#6956 = CARTESIAN_POINT ( 'NONE',  ( 60.92152852484135650, -2.927549233475417179, 1.497074048355185871 ) ) ;
#6958 = DIRECTION ( 'NONE',  ( -2.553335745242634272E-32, 1.000000000000000000, 1.379057453301393079E-16 ) ) ;
#6959 = AXIS2_PLACEMENT_3D ( 'NONE', #2296, #416, #7751 ) ;
#6960 = CARTESIAN_POINT ( 'NONE',  ( 20.54406135961241020, -0.5000000000000003331, -1.395354880397273956 ) ) ;
#6961 = DIRECTION ( 'NONE',  ( 1.000000000000000000, 0.000000000000000000, -0.000000000000000000 ) ) ;
#6962 = EDGE_CURVE ( 'NONE', #2417, #3066, #3715, .T. ) ;
#6963 = ORIENTED_EDGE ( 'NONE', *, *, #7692, .F. ) ;
#6964 = CARTESIAN_POINT ( 'NONE',  ( 58.81537647679117953, 1.999999999999996669, -25.00000000000000000 ) ) ;
#6965 = EDGE_LOOP ( 'NONE', ( #5989, #3587, #4768, #867 ) ) ;
#6966 = FACE_OUTER_BOUND ( 'NONE', #7942, .T. ) ;
#6967 = PLANE ( 'NONE',  #4777 ) ;
#6968 = ORIENTED_EDGE ( 'NONE', *, *, #143, .F. ) ;
#6969 = CARTESIAN_POINT ( 'NONE',  ( 54.32859421646586640, 3.095724199259894505, 0.4458066615660583598 ) ) ;
#6970 = CARTESIAN_POINT ( 'NONE',  ( 20.54406135961241020, 1.999999999999998668, -5.461999999999999744 ) ) ;
#6971 = CARTESIAN_POINT ( 'NONE',  ( 12.20593864038758980, -1.999999999999997780, -1.955972100311188955 ) ) ;
#6972 = EDGE_CURVE ( 'NONE', #1644, #5377, #652, .T. ) ;
#6973 = ORIENTED_EDGE ( 'NONE', *, *, #7869, .T. ) ;
#6974 = DIRECTION ( 'NONE',  ( 0.000000000000000000, 1.000000000000000000, -0.000000000000000000 ) ) ;
#6975 = VERTEX_POINT ( 'NONE', #6164 ) ;
#6976 = CARTESIAN_POINT ( 'NONE',  ( 9.171405783534131828, 3.095724199259894505, 0.4458066615660583598 ) ) ;
#6977 = EDGE_LOOP ( 'NONE', ( #7476, #1836, #212, #6279 ) ) ;
#6978 = CARTESIAN_POINT ( 'NONE',  ( 51.29406135961241375, 0.4999999999999996669, 2.287000000000011468 ) ) ;
#6979 = DIRECTION ( 'NONE',  ( 1.181994048308896803E-16, -1.000000000000000000, 0.000000000000000000 ) ) ;
#6980 = CARTESIAN_POINT ( 'NONE',  ( 52.29406135961241375, -1.999999999999998224, 0.2512081041687683758 ) ) ;
#6981 = DESIGN_CONTEXT ( 'detailed design', #2642, 'design' ) ;
#6982 = EDGE_CURVE ( 'NONE', #2076, #7125, #605, .T. ) ;
#6983 = ORIENTED_EDGE ( 'NONE', *, *, #7622, .T. ) ;
#6984 = LINE ( 'NONE', #1893, #5304 ) ;
#6985 = CARTESIAN_POINT ( 'NONE',  ( 58.81537647679117953, 0.4999999999999996669, -25.00000000000000000 ) ) ;
#6986 = ORIENTED_EDGE ( 'NONE', *, *, #3165, .T. ) ;
#6987 = EDGE_CURVE ( 'NONE', #2191, #7999, #7376, .T. ) ;
#6988 = EDGE_CURVE ( 'NONE', #1327, #5868, #4411, .T. ) ;
#6989 = AXIS2_PLACEMENT_3D ( 'NONE', #5145, #2044, #5298 ) ;
#6990 = DIRECTION ( 'NONE',  ( -1.851507882525184455E-16, 0.000000000000000000, -1.000000000000000000 ) ) ;
#6991 = PLANE ( 'NONE',  #1361 ) ;
#6992 = ADVANCED_FACE ( 'NONE', ( #1789 ), #1019, .F. ) ;
#6993 = VERTEX_POINT ( 'NONE', #7464 ) ;
#6994 = CARTESIAN_POINT ( 'NONE',  ( 58.81537647679117953, -3.095724199259894949, -25.00000000000000000 ) ) ;
#6995 = ORIENTED_EDGE ( 'NONE', *, *, #1515, .F. ) ;
#6996 = LINE ( 'NONE', #5769, #4861 ) ;
#6998 = ORIENTED_EDGE ( 'NONE', *, *, #5944, .F. ) ;
#6997 = CARTESIAN_POINT ( 'NONE',  ( 3.163259707488796035, -2.286851900232852675, 2.126270054425184242 ) ) ;
#6999 = CARTESIAN_POINT ( 'NONE',  ( 20.54406135961241020, -1.999999999999997335, -4.675943177187300570 ) ) ;
#7000 = EDGE_CURVE ( 'NONE', #2825, #281, #7097, .T. ) ;
#7001 = LINE ( 'NONE', #801, #4419 ) ;
#7002 = CARTESIAN_POINT ( 'NONE',  ( 4.684623523208825802, -3.095724199259894949, -25.00000000000000000 ) ) ;
#7003 = VECTOR ( 'NONE', #6610, 1000.000000000000114 ) ;
#7004 = EDGE_LOOP ( 'NONE', ( #1613, #8, #6494, #7486 ) ) ;
#7005 = ORIENTED_EDGE ( 'NONE', *, *, #1911, .T. ) ;
#7006 = VECTOR ( 'NONE', #5053, 1000.000000000000000 ) ;
#7007 = DIRECTION ( 'NONE',  ( 0.000000000000000000, 1.000000000000000000, 0.000000000000000000 ) ) ;
#7008 = CARTESIAN_POINT ( 'NONE',  ( 61.14081791777012143, 3.105563006354285172, 0.5566026730970768943 ) ) ;
#7009 = EDGE_CURVE ( 'NONE', #3030, #7868, #3640, .T. ) ;
#7010 = ORIENTED_EDGE ( 'NONE', *, *, #4538, .F. ) ;
#7011 = DIRECTION ( 'NONE',  ( -8.830575526384529209E-16, 1.000000000000000000, 1.334402673828311367E-16 ) ) ;
#7012 = CARTESIAN_POINT ( 'NONE',  ( 28.58025035916232426, -2.298627031425549916, -5.322374565254214929 ) ) ;
#7013 = DIRECTION ( 'NONE',  ( 1.000000000000000000, -0.000000000000000000, 0.000000000000000000 ) ) ;
#7014 = VECTOR ( 'NONE', #4272, 1000.000000000000000 ) ;
#7015 = CARTESIAN_POINT ( 'NONE',  ( 36.43462352320882047, 0.4999999999999995559, 21.82499999999999929 ) ) ;
#7016 = VECTOR ( 'NONE', #3206, 1000.000000000000000 ) ;
#7017 = CARTESIAN_POINT ( 'NONE',  ( 58.81537647679117953, -6.349999999999999645, -25.00000000000000000 ) ) ;
#7018 = AXIS2_PLACEMENT_3D ( 'NONE', #5062, #779, #5593 ) ;
#7019 = ADVANCED_FACE ( 'NONE', ( #5022 ), #6895, .T. ) ;
#7020 = EDGE_LOOP ( 'NONE', ( #5170, #3511, #2003, #2863, #5566, #4456, #4490, #4637, #6679, #680, #6662, #188 ) ) ;
#7021 = DIRECTION ( 'NONE',  ( 0.1735423958889129592, -0.03489949670250423741, -0.9842078347376876923 ) ) ;
#7022 = CARTESIAN_POINT ( 'NONE',  ( 4.684623523208825802, 0.4999999999999995559, -25.00000000000000000 ) ) ;
#7023 = DIRECTION ( 'NONE',  ( 0.000000000000000000, 0.000000000000000000, 1.000000000000000000 ) ) ;
#7024 = VECTOR ( 'NONE', #1247, 1000.000000000000114 ) ;
#7025 = AXIS2_PLACEMENT_3D ( 'NONE', #5283, #7762, #1377 ) ;
#7026 = VECTOR ( 'NONE', #1082, 1000.000000000000114 ) ;
#7027 =( BOUNDED_CURVE ( )  B_SPLINE_CURVE ( 3, ( #6709, #4316, #4267, #7485 ),
 .UNSPECIFIED., .F., .T. ) 
 B_SPLINE_CURVE_WITH_KNOTS ( ( 4, 4 ),
 ( 3.141592653589786455, 3.413851772776171689 ),
 .UNSPECIFIED. ) 
 CURVE ( )  GEOMETRIC_REPRESENTATION_ITEM ( )  RATIONAL_B_SPLINE_CURVE ( ( 1.000000000000000000, 0.9938324475413837789, 0.9938324475413837789, 1.000000000000000000 ) ) 
 REPRESENTATION_ITEM ( '' )  );
#7028 = AXIS2_PLACEMENT_3D ( 'NONE', #832, #3331, #5802 ) ;
#7029 = ORIENTED_EDGE ( 'NONE', *, *, #5648, .F. ) ;
#7030 = CARTESIAN_POINT ( 'NONE',  ( 60.82739348636659571, 2.840903703221141718, 1.627347034117679669 ) ) ;
#7031 = DIRECTION ( 'NONE',  ( -0.000000000000000000, -1.000000000000000000, -0.000000000000000000 ) ) ;
#7032 = VERTEX_POINT ( 'NONE', #7546 ) ;
#7033 = VECTOR ( 'NONE', #4464, 1000.000000000000000 ) ;
#7034 = CARTESIAN_POINT ( 'NONE',  ( 27.06537647679117597, -0.5000000000000038858, 21.82499999999999929 ) ) ;
#7035 = DIRECTION ( 'NONE',  ( -1.000000000000000000, 0.000000000000000000, -0.000000000000000000 ) ) ;
#7036 = VECTOR ( 'NONE', #1964, 1000.000000000000000 ) ;
#7037 = EDGE_CURVE ( 'NONE', #2578, #7038, #2579, .T. ) ;
#7038 = VERTEX_POINT ( 'NONE', #6934 ) ;
#7039 = AXIS2_PLACEMENT_3D ( 'NONE', #3762, #4336, #1 ) ;
#7040 = CARTESIAN_POINT ( 'NONE',  ( 12.20593864038758980, 0.5000000000000003331, -1.955972100311189399 ) ) ;
#7041 = ORIENTED_EDGE ( 'NONE', *, *, #7911, .T. ) ;
#7042 = DIRECTION ( 'NONE',  ( 2.970001569282669714E-29, 1.358106471860483123E-16, -1.000000000000000000 ) ) ;
#7043 = VECTOR ( 'NONE', #2232, 1000.000000000000000 ) ;
#7045 = VERTEX_POINT ( 'NONE', #892 ) ;
#7044 = DIRECTION ( 'NONE',  ( 0.9848077530122079093, 5.435262026214576443E-17, 0.1736481776669313304 ) ) ;
#7046 = PLANE ( 'NONE',  #448 ) ;
#7047 = LINE ( 'NONE', #5694, #5314 ) ;
#7048 = CYLINDRICAL_SURFACE ( 'NONE', #1808, 1.500000000000000000 ) ;
#7049 = AXIS2_PLACEMENT_3D ( 'NONE', #228, #2661, #189 ) ;
#7050 = ADVANCED_FACE ( 'NONE', ( #1388 ), #1431, .T. ) ;
#7051 = EDGE_CURVE ( 'NONE', #2770, #6797, #1434, .T. ) ;
#7052 = VERTEX_POINT ( 'NONE', #7655 ) ;
#7053 = ORIENTED_EDGE ( 'NONE', *, *, #4244, .F. ) ;
#7054 = FACE_OUTER_BOUND ( 'NONE', #823, .T. ) ;
#7055 = DIRECTION ( 'NONE',  ( -0.000000000000000000, -0.000000000000000000, 1.000000000000000000 ) ) ;
#7056 = ORIENTED_EDGE ( 'NONE', *, *, #45, .T. ) ;
#7057 = CARTESIAN_POINT ( 'NONE',  ( -6.789423587380180771E-29, 8.609464714099180422E-17, -2.286000000000000032 ) ) ;
#7058 = CYLINDRICAL_SURFACE ( 'NONE', #4018, 1.500000000000000000 ) ;
#7059 = DIRECTION ( 'NONE',  ( -0.9848077530122080203, 0.000000000000000000, -0.1736481776669310806 ) ) ;
#7060 = EDGE_CURVE ( 'NONE', #6547, #87, #7098, .T. ) ;
#7061 = DIRECTION ( 'NONE',  ( -0.000000000000000000, -1.000000000000000000, -0.000000000000000000 ) ) ;
#7062 = LINE ( 'NONE', #6529, #4646 ) ;
#7063 = ORIENTED_EDGE ( 'NONE', *, *, #566, .F. ) ;
#7064 = CARTESIAN_POINT ( 'NONE',  ( 27.06537647679117597, -3.125000000000000000, -3.174999999999997158 ) ) ;
#7065 = SECURITY_CLASSIFICATION_LEVEL ( 'unclassified' ) ;
#7066 = CARTESIAN_POINT ( 'NONE',  ( 19.54406135961241375, -1.868478067631184958, 0.06799348359504867045 ) ) ;
#7067 = EDGE_CURVE ( 'NONE', #1930, #3777, #2700, .T. ) ;
#7068 = ORIENTED_EDGE ( 'NONE', *, *, #7082, .T. ) ;
#7069 = DIRECTION ( 'NONE',  ( 0.000000000000000000, 1.000000000000000000, 0.000000000000000000 ) ) ;
#7070 = CARTESIAN_POINT ( 'NONE',  ( 9.413193426945490216, -1.999999999999998224, 1.817052527853100896 ) ) ;
#7071 = DIRECTION ( 'NONE',  ( 1.000000000000000000, 0.000000000000000000, 1.851507882525183222E-16 ) ) ;
#7072 = DIRECTION ( 'NONE',  ( -0.000000000000000000, -1.000000000000000000, -0.000000000000000000 ) ) ;
#7073 =( BOUNDED_CURVE ( )  B_SPLINE_CURVE ( 3, ( #4782, #4216, #6787, #1805 ),
 .UNSPECIFIED., .F., .T. ) 
 B_SPLINE_CURVE_WITH_KNOTS ( ( 4, 4 ),
 ( 2.869333534403414543, 3.141592653589800221 ),
 .UNSPECIFIED. ) 
 CURVE ( )  GEOMETRIC_REPRESENTATION_ITEM ( )  RATIONAL_B_SPLINE_CURVE ( ( 1.000000000000000000, 0.9938324475413835568, 0.9938324475413835568, 1.000000000000000000 ) ) 
 REPRESENTATION_ITEM ( '' )  );
#7074 = DIRECTION ( 'NONE',  ( 1.103821940798063686E-16, -1.000000000000000000, -1.334402673828312846E-16 ) ) ;
#7075 = VERTEX_POINT ( 'NONE', #2786 ) ;
#7076 = DIRECTION ( 'NONE',  ( 2.553335745242634272E-32, -1.000000000000000000, -1.379057453301393079E-16 ) ) ;
#7078 = ORIENTED_EDGE ( 'NONE', *, *, #6686, .F. ) ;
#7077 = DIRECTION ( 'NONE',  ( 9.244463733058734832E-33, -1.000000000000000000, -1.358106471860482877E-16 ) ) ;
#7079 = CARTESIAN_POINT ( 'NONE',  ( 19.56704523229382175, -0.4999999999999994449, -3.253933800335200743 ) ) ;
#7080 = DIRECTION ( 'NONE',  ( 1.036515599736128927E-30, 0.9993908270190956511, 0.03489949670250421659 ) ) ;
#7081 = AXIS2_PLACEMENT_3D ( 'NONE', #7176, #4034, #7735 ) ;
#7082 = EDGE_CURVE ( 'NONE', #411, #3877, #2089, .T. ) ;
#7083 = EDGE_CURVE ( 'NONE', #2775, #4284, #7159, .T. ) ;
#7084 = ORIENTED_EDGE ( 'NONE', *, *, #5708, .T. ) ;
#7085 = DIRECTION ( 'NONE',  ( -0.1735423958889129592, -0.03489949670250473701, 0.9842078347376876923 ) ) ;
#7086 = ORIENTED_EDGE ( 'NONE', *, *, #2348, .T. ) ;
#7087 = AXIS2_PLACEMENT_3D ( 'NONE', #13, #1202, #7392 ) ;
#7088 = CARTESIAN_POINT ( 'NONE',  ( 51.29406135961241375, -1.596637958731240481, -3.261810723196257644 ) ) ;
#7089 = CARTESIAN_POINT ( 'NONE',  ( 61.16668154766650645, 3.125000000000000000, 6.929959465066704231E-29 ) ) ;
#7090 = ORIENTED_EDGE ( 'NONE', *, *, #4947, .F. ) ;
#7091 = EDGE_CURVE ( 'NONE', #6364, #6671, #4571, .T. ) ;
#7092 = FACE_OUTER_BOUND ( 'NONE', #1746, .T. ) ;
#7093 = CARTESIAN_POINT ( 'NONE',  ( 36.43462352320882047, 1.999999999999993117, -4.175000000000001599 ) ) ;
#7094 = DIRECTION ( 'NONE',  ( 1.000000000000000000, 1.907267619999422171E-16, 0.000000000000000000 ) ) ;
#7095 = EDGE_CURVE ( 'NONE', #4708, #7045, #3776, .T. ) ;
#7096 = VERTEX_POINT ( 'NONE', #5106 ) ;
#7097 = B_SPLINE_CURVE_WITH_KNOTS ( 'NONE', 3,
 ( #3678, #34, #1842, #5586, #570, #69, #3113, #8068, #2544, #689 ),
 .UNSPECIFIED., .F., .F.,
 ( 4, 2, 2, 2, 4 ),
 ( 0.0004576857502781616401, 0.001526995805871961352, 0.001794323319770411334, 0.002061650833668861316, 0.002596305861465761713 ),
 .UNSPECIFIED. ) ;
#7098 = LINE ( 'NONE', #3925, #6630 ) ;
#7099 = DIRECTION ( 'NONE',  ( -0.1736481776669312194, 0.000000000000000000, -0.9848077530122080203 ) ) ;
#7100 = ORIENTED_EDGE ( 'NONE', *, *, #7672, .F. ) ;
#7101 = CARTESIAN_POINT ( 'NONE',  ( 36.43462352320882047, -3.095724199259894949, 21.82499999999999929 ) ) ;
#7102 = APPROVAL_ROLE ( '' ) ;
#7103 = ORIENTED_EDGE ( 'NONE', *, *, #6188, .T. ) ;
#7104 = DIRECTION ( 'NONE',  ( -0.000000000000000000, -1.000000000000000000, 0.000000000000000000 ) ) ;
#7105 = CARTESIAN_POINT ( 'NONE',  ( 59.63218407883724836, 0.4999999999999980571, 1.000000000000000000 ) ) ;
#7106 = CARTESIAN_POINT ( 'NONE',  ( 3.348133808556661872, -2.000000000000005329, -2.230748789119929576 ) ) ;
#7107 = CARTESIAN_POINT ( 'NONE',  ( 19.54406135961241020, -0.5000000000000003331, 2.287000000000005251 ) ) ;
#7108 = ORIENTED_EDGE ( 'NONE', *, *, #4751, .F. ) ;
#7109 = ORIENTED_EDGE ( 'NONE', *, *, #6127, .T. ) ;
#7110 = CARTESIAN_POINT ( 'NONE',  ( 19.54406135961241020, 1.596637958731241147, -4.555719746345367582 ) ) ;
#7112 = ORIENTED_EDGE ( 'NONE', *, *, #7487, .T. ) ;
#7111 = CARTESIAN_POINT ( 'NONE',  ( 9.162315432528309600, -1.596637958731250917, 0.3942527191727924207 ) ) ;
#7113 = EDGE_CURVE ( 'NONE', #3805, #4263, #3315, .T. ) ;
#7114 = DIRECTION ( 'NONE',  ( 1.920740328501952961E-16, 1.000000000000000000, 1.334402673828313093E-16 ) ) ;
#7115 = FACE_OUTER_BOUND ( 'NONE', #44, .T. ) ;
#7116 =( BOUNDED_CURVE ( )  B_SPLINE_CURVE ( 3, ( #2096, #7066, #1473, #3844 ),
 .UNSPECIFIED., .F., .T. ) 
 B_SPLINE_CURVE_WITH_KNOTS ( ( 4, 4 ),
 ( 2.869333534403413655, 3.141592653589799777 ),
 .UNSPECIFIED. ) 
 CURVE ( )  GEOMETRIC_REPRESENTATION_ITEM ( )  RATIONAL_B_SPLINE_CURVE ( ( 1.000000000000000000, 0.9938324475413835568, 0.9938324475413835568, 1.000000000000000000 ) ) 
 REPRESENTATION_ITEM ( '' )  );
#7117 = ORIENTED_EDGE ( 'NONE', *, *, #4760, .T. ) ;
#7118 = DIRECTION ( 'NONE',  ( 0.000000000000000000, 1.334402673828312846E-16, -1.000000000000000000 ) ) ;
#7119 = CC_DESIGN_DATE_AND_TIME_ASSIGNMENT ( #4651, #5302, ( #3789 ) ) ;
#7120 = ORIENTED_EDGE ( 'NONE', *, *, #410, .T. ) ;
#7122 = ORIENTED_EDGE ( 'NONE', *, *, #3276, .F. ) ;
#7121 = LINE ( 'NONE', #961, #4041 ) ;
#7123 = LINE ( 'NONE', #7807, #5461 ) ;
#7124 = CARTESIAN_POINT ( 'NONE',  ( 19.54406135961241020, 1.999999999999998668, -5.461999999999999744 ) ) ;
#7125 = VERTEX_POINT ( 'NONE', #3994 ) ;
#7126 = CARTESIAN_POINT ( 'NONE',  ( 42.95593864038758625, 1.999999999999998668, -5.461999999999999744 ) ) ;
#7127 = AXIS2_PLACEMENT_3D ( 'NONE', #1363, #1326, #4423 ) ;
#7128 = CARTESIAN_POINT ( 'NONE',  ( 58.81537647679117953, -1.596637958731250917, -25.00000000000000000 ) ) ;
#7129 = ORIENTED_EDGE ( 'NONE', *, *, #7232, .F. ) ;
#7130 = EDGE_LOOP ( 'NONE', ( #5640, #6049, #414, #2826 ) ) ;
#7131 = ADVANCED_FACE ( 'NONE', ( #7132 ), #4815, .T. ) ;
#7132 = FACE_OUTER_BOUND ( 'NONE', #5326, .T. ) ;
#7133 = VECTOR ( 'NONE', #2455, 1000.000000000000000 ) ;
#7134 = CARTESIAN_POINT ( 'NONE',  ( 11.20593864038758802, 0.4999999999999995559, -1.779645119602723424 ) ) ;
#7135 = ADVANCED_FACE ( 'NONE', ( #5181 ), #6899, .T. ) ;
#7136 = VERTEX_POINT ( 'NONE', #4038 ) ;
#7137 = CARTESIAN_POINT ( 'NONE',  ( 4.684623523208827578, 1.596637958731250473, 0.7859999999999995879 ) ) ;
#7138 = VECTOR ( 'NONE', #455, 1000.000000000000000 ) ;
#7139 = APPROVAL_STATUS ( 'not_yet_approved' ) ;
#7140 = LINE ( 'NONE', #1557, #4657 ) ;
#7141 = EDGE_CURVE ( 'NONE', #1408, #5949, #4834, .T. ) ;
#7142 = VECTOR ( 'NONE', #2444, 999.9999999999998863 ) ;
#7143 = VERTEX_POINT ( 'NONE', #6528 ) ;
#7144 = CARTESIAN_POINT ( 'NONE',  ( 60.15186619144336078, 1.999999999999997113, 2.230748789119931796 ) ) ;
#7145 = CARTESIAN_POINT ( 'NONE',  ( 19.54406135961241020, 2.000000000000000000, -4.499616196478833707 ) ) ;
#7146 = ORIENTED_EDGE ( 'NONE', *, *, #5672, .F. ) ;
#7147 = VECTOR ( 'NONE', #7477, 1000.000000000000000 ) ;
#7148 = CARTESIAN_POINT ( 'NONE',  ( 2.432377219080334108, -3.050016257337087477, -1.191803532264690713 ) ) ;
#7149 = FACE_OUTER_BOUND ( 'NONE', #3435, .T. ) ;
#7150 = AXIS2_PLACEMENT_3D ( 'NONE', #3199, #4984, #73 ) ;
#7151 = VECTOR ( 'NONE', #7393, 999.9999999999998863 ) ;
#7152 = EDGE_CURVE ( 'NONE', #1621, #1643, #3267, .T. ) ;
#7153 = ORIENTED_EDGE ( 'NONE', *, *, #2948, .F. ) ;
#7154 = CARTESIAN_POINT ( 'NONE',  ( 52.29406135961241375, -1.733189655496045090, 1.557046727053835067 ) ) ;
#7155 = AXIS2_PLACEMENT_3D ( 'NONE', #225, #2819, #2440 ) ;
#7157 = ORIENTED_EDGE ( 'NONE', *, *, #7624, .F. ) ;
#7156 = DIRECTION ( 'NONE',  ( 0.1736481776669305810, 0.000000000000000000, 0.9848077530122080203 ) ) ;
#7158 = EDGE_LOOP ( 'NONE', ( #1883, #6331, #135, #2332 ) ) ;
#7159 = CIRCLE ( 'NONE', #7278, 27.28600000000000136 ) ;
#7160 = CARTESIAN_POINT ( 'NONE',  ( 20.54406135961241020, 1.999999999999998668, -0.1456198073787398628 ) ) ;
#7161 = CARTESIAN_POINT ( 'NONE',  ( 35.09813380855663922, 1.999999999999999556, -5.461999999999999744 ) ) ;
#7162 = AXIS2_PLACEMENT_3D ( 'NONE', #940, #4085, #6575 ) ;
#7163 = ORIENTED_EDGE ( 'NONE', *, *, #6258, .F. ) ;
#7164 = CIRCLE ( 'NONE', #1037, 25.83834924505374886 ) ;
#7165 = EDGE_CURVE ( 'NONE', #7437, #3040, #6361, .T. ) ;
#7166 = CARTESIAN_POINT ( 'NONE',  ( 12.20593864038758980, 1.596637958731240925, -3.261810723196257644 ) ) ;
#7167 = EDGE_LOOP ( 'NONE', ( #734, #2957, #4983, #1369, #3525, #5794, #3709, #5806 ) ) ;
#7169 = ORIENTED_EDGE ( 'NONE', *, *, #3370, .T. ) ;
#7168 = DIRECTION ( 'NONE',  ( 0.000000000000000000, 0.000000000000000000, 1.000000000000000000 ) ) ;
#7170 = LINE ( 'NONE', #2119, #5725 ) ;
#7171 = DIRECTION ( 'NONE',  ( 0.000000000000000000, 1.000000000000000000, 0.000000000000000000 ) ) ;
#7172 = VECTOR ( 'NONE', #4108, 999.9999999999998863 ) ;
#7173 = DIRECTION ( 'NONE',  ( -1.000000000000000000, -0.000000000000000000, -2.970001569282669714E-29 ) ) ;
#7174 = PLANE ( 'NONE',  #7809 ) ;
#7175 = CARTESIAN_POINT ( 'NONE',  ( 63.50000000000000000, 5.245793657609755127E-16, -1.000000000000000000 ) ) ;
#7176 = CARTESIAN_POINT ( 'NONE',  ( 58.81537647679117953, -1.596637958731250917, -25.00000000000000000 ) ) ;
#7177 = ORIENTED_EDGE ( 'NONE', *, *, #3179, .F. ) ;
#7178 = EDGE_LOOP ( 'NONE', ( #1252, #5988, #1371, #5927, #1234, #2464, #3139, #7290 ) ) ;
#7179 = CARTESIAN_POINT ( 'NONE',  ( 27.06537647679117597, 3.125000000000000000, 21.82499999999999929 ) ) ;
#7180 = CARTESIAN_POINT ( 'NONE',  ( 20.54406135961241020, 0.5000000000000004441, -3.426208104168765090 ) ) ;
#7181 = CARTESIAN_POINT ( 'NONE',  ( 22.86065950276410774, -1.596637958731250917, -2.021134931437601256 ) ) ;
#7182 = ORIENTED_EDGE ( 'NONE', *, *, #3363, .T. ) ;
#7183 = DIRECTION ( 'NONE',  ( 0.000000000000000000, 0.000000000000000000, -1.000000000000000000 ) ) ;
#7184 = PLANE ( 'NONE',  #5433 ) ;
#7185 = EDGE_CURVE ( 'NONE', #7535, #6649, #4491, .T. ) ;
#7186 = VERTEX_POINT ( 'NONE', #2747 ) ;
#7187 = DIRECTION ( 'NONE',  ( 0.000000000000000000, 0.000000000000000000, 1.000000000000000000 ) ) ;
#7188 = VECTOR ( 'NONE', #2243, 1000.000000000000000 ) ;
#7189 = CARTESIAN_POINT ( 'NONE',  ( 52.29406135961241375, 1.999999999999997335, -5.461999999999999744 ) ) ;
#7190 = EDGE_LOOP ( 'NONE', ( #15, #4706, #4885, #5252 ) ) ;
#7191 = EDGE_CURVE ( 'NONE', #6814, #3183, #5224, .T. ) ;
#7192 = EDGE_CURVE ( 'NONE', #2920, #7125, #5076, .T. ) ;
#7193 = DIRECTION ( 'NONE',  ( -2.970001569282669714E-29, -1.358106471860483123E-16, 1.000000000000000000 ) ) ;
#7194 = DIRECTION ( 'NONE',  ( 0.000000000000000000, 0.000000000000000000, -1.000000000000000000 ) ) ;
#7195 = EDGE_LOOP ( 'NONE', ( #1744, #6626, #2303, #3680 ) ) ;
#7196 = ORIENTED_EDGE ( 'NONE', *, *, #194, .T. ) ;
#7197 = DIRECTION ( 'NONE',  ( -0.000000000000000000, -0.000000000000000000, 1.000000000000000000 ) ) ;
#7198 = ORIENTED_EDGE ( 'NONE', *, *, #43, .T. ) ;
#7199 = VERTEX_POINT ( 'NONE', #7180 ) ;
#7200 = ADVANCED_FACE ( 'NONE', ( #2827 ), #2204, .T. ) ;
#7201 = DIRECTION ( 'NONE',  ( 0.9848077530122080203, 1.164576684763480260E-15, -0.1736481776669312194 ) ) ;
#7202 = VERTEX_POINT ( 'NONE', #5813 ) ;
#7203 = CARTESIAN_POINT ( 'NONE',  ( 54.87113176926450109, 1.596637958731240925, -2.631076698080709431 ) ) ;
#7204 = ORIENTED_EDGE ( 'NONE', *, *, #1507, .T. ) ;
#7206 = ORIENTED_EDGE ( 'NONE', *, *, #5683, .T. ) ;
#7205 = CARTESIAN_POINT ( 'NONE',  ( 22.32721230097129705, 0.5000000000000003331, -5.046464348691102941 ) ) ;
#7207 = CARTESIAN_POINT ( 'NONE',  ( 34.09628050037360936, 3.115321732520953013, -3.452149318869790484 ) ) ;
#7208 = CARTESIAN_POINT ( 'NONE',  ( 36.43462352320882047, -2.000000000000002665, 21.82499999999999929 ) ) ;
#7209 = AXIS2_PLACEMENT_3D ( 'NONE', #3254, #796, #6388 ) ;
#7210 = CYLINDRICAL_SURFACE ( 'NONE', #2319, 26.00000000000000711 ) ;
#7211 = CARTESIAN_POINT ( 'NONE',  ( 42.95593864038758625, 1.596637958731240037, -0.08951625751220664007 ) ) ;
#7212 = AXIS2_PLACEMENT_3D ( 'NONE', #2179, #5963, #213 ) ;
#7213 = CARTESIAN_POINT ( 'NONE',  ( 58.81537647679117242, -3.095724199259894949, -0.8383492450537467500 ) ) ;
#7214 = VERTEX_POINT ( 'NONE', #2033 ) ;
#7215 = VECTOR ( 'NONE', #2509, 1000.000000000000114 ) ;
#7216 = ORIENTED_EDGE ( 'NONE', *, *, #5300, .F. ) ;
#7217 = CARTESIAN_POINT ( 'NONE',  ( 0.000000000000000000, -6.349999999999999645, 1.000000000000000000 ) ) ;
#7218 = LINE ( 'NONE', #2285, #3360 ) ;
#7219 = ORIENTED_EDGE ( 'NONE', *, *, #6598, .T. ) ;
#7220 = CARTESIAN_POINT ( 'NONE',  ( 29.40371949962639420, -3.115321732520952569, -3.452149318869809136 ) ) ;
#7221 = ADVANCED_FACE ( 'NONE', ( #1492 ), #5742, .T. ) ;
#7222 = CARTESIAN_POINT ( 'NONE',  ( 59.63218407883724126, 0.4999999999999996669, -1.000000000000000000 ) ) ;
#7223 = ORIENTED_EDGE ( 'NONE', *, *, #1315, .T. ) ;
#7224 = DIRECTION ( 'NONE',  ( -1.000000000000000000, 0.000000000000000000, 0.000000000000000000 ) ) ;
#7225 = DIRECTION ( 'NONE',  ( -0.000000000000000000, 0.000000000000000000, 1.000000000000000000 ) ) ;
#7226 = DIRECTION ( 'NONE',  ( -1.000000000000000000, 1.070618063257515570E-31, -1.851507882525183222E-16 ) ) ;
#7227 = CARTESIAN_POINT ( 'NONE',  ( 63.50000000000000000, -6.349999999999999645, -1.000000000000000000 ) ) ;
#7228 = AXIS2_PLACEMENT_3D ( 'NONE', #7853, #3552, #6644 ) ;
#7229 = ORIENTED_EDGE ( 'NONE', *, *, #7395, .T. ) ;
#7230 = EDGE_CURVE ( 'NONE', #2928, #5115, #6640, .T. ) ;
#7231 = ORIENTED_EDGE ( 'NONE', *, *, #7450, .F. ) ;
#7232 = EDGE_CURVE ( 'NONE', #2942, #504, #6925, .T. ) ;
#7233 = VERTEX_POINT ( 'NONE', #1342 ) ;
#7234 = ADVANCED_FACE ( 'NONE', ( #102 ), #3913, .F. ) ;
#7235 = CARTESIAN_POINT ( 'NONE',  ( 20.54406135961241020, 1.596637958731240037, -0.08951625751220664007 ) ) ;
#7236 = ORIENTED_EDGE ( 'NONE', *, *, #4246, .F. ) ;
#7237 = CARTESIAN_POINT ( 'NONE',  ( 58.43389647674472087, -0.5000000000000003331, 1.333826692420519100 ) ) ;
#7238 = ORIENTED_EDGE ( 'NONE', *, *, #1401, .T. ) ;
#7239 = EDGE_CURVE ( 'NONE', #1292, #1510, #8064, .T. ) ;
#7241 = ORIENTED_EDGE ( 'NONE', *, *, #3810, .F. ) ;
#7240 = CARTESIAN_POINT ( 'NONE',  ( 3.867815921162763626, -0.4999999999999980571, -2.286000000000000032 ) ) ;
#7242 = DIRECTION ( 'NONE',  ( 1.000000000000000000, 1.142806669339143101E-16, 0.000000000000000000 ) ) ;
#7243 = CARTESIAN_POINT ( 'NONE',  ( 34.42122726188546267, -2.844852613263037622, -4.806462077464135341 ) ) ;
#7244 = CARTESIAN_POINT ( 'NONE',  ( 51.29406135961241375, 1.596637958731240925, -3.261810723196257200 ) ) ;
#7245 = DIRECTION ( 'NONE',  ( 1.851507882525183222E-16, 0.000000000000000000, -1.000000000000000000 ) ) ;
#7246 = DIRECTION ( 'NONE',  ( -2.553335745242634272E-32, 1.000000000000000000, 1.379057453301393079E-16 ) ) ;
#7247 = CIRCLE ( 'NONE', #863, 26.00000000000000711 ) ;
#7248 = ORIENTED_EDGE ( 'NONE', *, *, #482, .T. ) ;
#7249 = ORIENTED_EDGE ( 'NONE', *, *, #7598, .T. ) ;
#7250 = CARTESIAN_POINT ( 'NONE',  ( 54.64782021278482915, -6.349999999999999645, -1.364613927707009067 ) ) ;
#7251 = AXIS2_PLACEMENT_3D ( 'NONE', #7181, #5789, #1597 ) ;
#7252 = CARTESIAN_POINT ( 'NONE',  ( 27.88218407883723415, -0.5000000000000003331, -0.8889999999999956826 ) ) ;
#7253 = CIRCLE ( 'NONE', #6736, 1.500000000000000000 ) ;
#7254 = ORIENTED_EDGE ( 'NONE', *, *, #5693, .T. ) ;
#7255 = DIRECTION ( 'NONE',  ( 1.851507882525183222E-16, 0.000000000000000000, -1.000000000000000000 ) ) ;
#7256 = VECTOR ( 'NONE', #6854, 1000.000000000000000 ) ;
#7257 = EDGE_CURVE ( 'NONE', #5573, #2350, #5464, .T. ) ;
#7258 = EDGE_LOOP ( 'NONE', ( #4664, #3572, #7620, #7574 ) ) ;
#7259 = CARTESIAN_POINT ( 'NONE',  ( 36.43462352320882047, -1.596637958731250917, 21.82499999999999929 ) ) ;
#7260 = DIRECTION ( 'NONE',  ( 0.000000000000000000, -0.000000000000000000, -1.000000000000000000 ) ) ;
#7261 = ORIENTED_EDGE ( 'NONE', *, *, #2517, .F. ) ;
#7262 = CARTESIAN_POINT ( 'NONE',  ( 4.684623523208825802, -1.999999999999997780, -25.00000000000000000 ) ) ;
#7263 = CARTESIAN_POINT ( 'NONE',  ( 51.29406135961241375, -0.5000000000000003331, -5.461999999999999744 ) ) ;
#7264 = CARTESIAN_POINT ( 'NONE',  ( 8.852179787215165518, -6.349999999999999645, -1.364613927707009067 ) ) ;
#7265 = VECTOR ( 'NONE', #4802, 1000.000000000000000 ) ;
#7266 = ORIENTED_EDGE ( 'NONE', *, *, #4091, .F. ) ;
#7267 = CARTESIAN_POINT ( 'NONE',  ( 61.16668154766650645, -3.125000000000000000, -2.545853211700498501E-16 ) ) ;
#7268 = AXIS2_PLACEMENT_3D ( 'NONE', #2962, #4097, #5437 ) ;
#7269 = ORIENTED_EDGE ( 'NONE', *, *, #5097, .F. ) ;
#7270 = ORIENTED_EDGE ( 'NONE', *, *, #4135, .F. ) ;
#7271 = AXIS2_PLACEMENT_3D ( 'NONE', #3594, #4241, #7255 ) ;
#7272 = CARTESIAN_POINT ( 'NONE',  ( 9.025827964882100929, 3.125000000000000000, -0.3798061746948026007 ) ) ;
#7273 = AXIS2_PLACEMENT_3D ( 'NONE', #289, #7754, #945 ) ;
#7274 = VECTOR ( 'NONE', #6877, 1000.000000000000000 ) ;
#7275 = ORIENTED_EDGE ( 'NONE', *, *, #3966, .T. ) ;
#7276 = VECTOR ( 'NONE', #3269, 1000.000000000000000 ) ;
#7277 = ORIENTED_EDGE ( 'NONE', *, *, #3932, .T. ) ;
#7278 = AXIS2_PLACEMENT_3D ( 'NONE', #7739, #5907, #5262 ) ;
#7280 = ORIENTED_EDGE ( 'NONE', *, *, #2457, .F. ) ;
#7279 = DIRECTION ( 'NONE',  ( -0.1736481776669306087, 0.000000000000000000, 0.9848077530122080203 ) ) ;
#7281 = CARTESIAN_POINT ( 'NONE',  ( 20.54406135961241020, 0.4999999999999996669, 2.287000000000005251 ) ) ;
#7282 = CARTESIAN_POINT ( 'NONE',  ( 35.09813380855664633, -1.999999999999999556, -5.405748789119928510 ) ) ;
#7283 = LINE ( 'NONE', #6676, #1667 ) ;
#7284 = LINE ( 'NONE', #1704, #4960 ) ;
#7285 = LINE ( 'NONE', #1126, #7014 ) ;
#7286 = CIRCLE ( 'NONE', #3778, 26.00000000000000355 ) ;
#7287 = ADVANCED_FACE ( 'NONE', ( #6349 ), #761, .F. ) ;
#7288 = EDGE_CURVE ( 'NONE', #3431, #377, #7802, .T. ) ;
#7289 = AXIS2_PLACEMENT_3D ( 'NONE', #1040, #7842, #1699 ) ;
#7290 = ORIENTED_EDGE ( 'NONE', *, *, #5179, .T. ) ;
#7291 = ORIENTED_EDGE ( 'NONE', *, *, #4741, .T. ) ;
#7292 = CARTESIAN_POINT ( 'NONE',  ( 54.08680657305450978, 1.999999999999997335, 1.817052527853100896 ) ) ;
#7293 = AXIS2_PLACEMENT_3D ( 'NONE', #3219, #4392, #6878 ) ;
#7294 = DIRECTION ( 'NONE',  ( -0.000000000000000000, -1.000000000000000000, -0.000000000000000000 ) ) ;
#7295 = DIRECTION ( 'NONE',  ( -0.9848077530122079093, 0.000000000000000000, -0.1736481776669310528 ) ) ;
#7296 = ORGANIZATION ( 'UNSPECIFIED', 'UNSPECIFIED', '' ) ;
#7297 = ORIENTED_EDGE ( 'NONE', *, *, #4193, .F. ) ;
#7298 = DIRECTION ( 'NONE',  ( -0.9848077530122079093, 0.000000000000000000, 0.1736481776669313026 ) ) ;
#7299 = EDGE_CURVE ( 'NONE', #2755, #721, #6670, .T. ) ;
#7300 = CARTESIAN_POINT ( 'NONE',  ( 4.684623523208827578, 1.596637958731240481, 2.286000000000000032 ) ) ;
#7301 = DIRECTION ( 'NONE',  ( 1.000000000000000000, 0.000000000000000000, -0.000000000000000000 ) ) ;
#7302 = EDGE_LOOP ( 'NONE', ( #6759, #615, #925, #17 ) ) ;
#7303 = LINE ( 'NONE', #1141, #6475 ) ;
#7304 = PLANE ( 'NONE',  #4432 ) ;
#7305 = ORIENTED_EDGE ( 'NONE', *, *, #1951, .F. ) ;
#7306 = LINE ( 'NONE', #5474, #101 ) ;
#7307 = CARTESIAN_POINT ( 'NONE',  ( 61.12797730151734044, -3.095724199259894949, -0.8383492450537901597 ) ) ;
#7308 = DIRECTION ( 'NONE',  ( 2.216238840579179565E-16, 1.000000000000000000, 1.334402673828313586E-16 ) ) ;
#7309 = CARTESIAN_POINT ( 'NONE',  ( 13.15280107809913446, -0.5000000000000003331, -0.09207627132763220035 ) ) ;
#7310 = EDGE_CURVE ( 'NONE', #2947, #6827, #7875, .T. ) ;
#7311 = VECTOR ( 'NONE', #2120, 1000.000000000000114 ) ;
#7312 = ORIENTED_EDGE ( 'NONE', *, *, #5054, .T. ) ;
#7313 = CARTESIAN_POINT ( 'NONE',  ( 61.15371949962638354, -3.115321732520944131, -0.2771493188700668853 ) ) ;
#7314 = ORIENTED_EDGE ( 'NONE', *, *, #7982, .T. ) ;
#7315 = CARTESIAN_POINT ( 'NONE',  ( 27.06537647679117953, -1.999999999999999112, -5.405748789119930287 ) ) ;
#7316 = EDGE_CURVE ( 'NONE', #4471, #3795, #1078, .T. ) ;
#7317 = ORIENTED_EDGE ( 'NONE', *, *, #2994, .F. ) ;
#7318 = CARTESIAN_POINT ( 'NONE',  ( 4.684623523208827578, -3.125000000000000000, -2.545853211699800359E-16 ) ) ;
#7319 = ORIENTED_EDGE ( 'NONE', *, *, #2513, .T. ) ;
#7321 = ORIENTED_EDGE ( 'NONE', *, *, #531, .F. ) ;
#7320 = CYLINDRICAL_SURFACE ( 'NONE', #2098, 22.71399999999999864 ) ;
#7322 = CARTESIAN_POINT ( 'NONE',  ( 20.54406135961241020, 0.4999999999999996669, 2.287000000000005251 ) ) ;
#7323 = CARTESIAN_POINT ( 'NONE',  ( 52.29406135961241375, -0.4999999999999997780, -1.779645119602723424 ) ) ;
#7324 = LINE ( 'NONE', #1588, #2851 ) ;
#7325 = CARTESIAN_POINT ( 'NONE',  ( 12.20593864038758802, 1.733189655496051973, -3.261810723196257200 ) ) ;
#7326 = CARTESIAN_POINT ( 'NONE',  ( 9.199476142549027458, -6.349999999999999645, 0.6050015783174087503 ) ) ;
#7327 = EDGE_CURVE ( 'NONE', #3791, #5396, #2149, .T. ) ;
#7328 = EDGE_CURVE ( 'NONE', #3183, #245, #1698, .T. ) ;
#7329 = ORIENTED_EDGE ( 'NONE', *, *, #6951, .F. ) ;
#7330 =( BOUNDED_CURVE ( )  B_SPLINE_CURVE ( 3, ( #2085, #3469, #887, #2741 ),
 .UNSPECIFIED., .F., .T. ) 
 B_SPLINE_CURVE_WITH_KNOTS ( ( 4, 4 ),
 ( 0.6413613025107988141, 0.6538047883472333233 ),
 .UNSPECIFIED. ) 
 CURVE ( )  GEOMETRIC_REPRESENTATION_ITEM ( )  RATIONAL_B_SPLINE_CURVE ( ( 1.000000000000000000, 0.9999870966799773164, 0.9999870966799773164, 1.000000000000000000 ) ) 
 REPRESENTATION_ITEM ( '' )  );
#7331 = DIRECTION ( 'NONE',  ( 0.000000000000000000, 1.000000000000000000, 0.000000000000000000 ) ) ;
#7332 = EDGE_CURVE ( 'NONE', #2459, #168, #1038, .T. ) ;
#7333 = CARTESIAN_POINT ( 'NONE',  ( 60.15186619144335367, -1.999999999999998668, -2.230748789119931796 ) ) ;
#7334 = DIRECTION ( 'NONE',  ( 0.000000000000000000, 1.000000000000000000, 0.000000000000000000 ) ) ;
#7335 = ORIENTED_EDGE ( 'NONE', *, *, #4675, .F. ) ;
#7336 = DIRECTION ( 'NONE',  ( 0.000000000000000000, -1.000000000000000000, -0.000000000000000000 ) ) ;
#7337 = CARTESIAN_POINT ( 'NONE',  ( 9.413193426945491993, 1.999999999999997335, 1.817052527853101118 ) ) ;
#7338 = AXIS2_PLACEMENT_3D ( 'NONE', #770, #7616, #1428 ) ;
#7339 = CARTESIAN_POINT ( 'NONE',  ( 2.376177904344213943, 3.092540374737360320, -0.9295220504894425861 ) ) ;
#7340 = VERTEX_POINT ( 'NONE', #958 ) ;
#7341 = LINE ( 'NONE', #2290, #4003 ) ;
#7342 = EDGE_CURVE ( 'NONE', #1815, #1327, #1686, .T. ) ;
#7343 = CIRCLE ( 'NONE', #7990, 1.499999999999999778 ) ;
#7344 = CARTESIAN_POINT ( 'NONE',  ( 27.88218407883724836, 0.4999999999999982792, 2.287000000000007027 ) ) ;
#7345 = ORIENTED_EDGE ( 'NONE', *, *, #6920, .T. ) ;
#7346 = AXIS2_PLACEMENT_3D ( 'NONE', #5837, #743, #2681 ) ;
#7347 = DIRECTION ( 'NONE',  ( 0.000000000000000000, 1.000000000000000000, 0.000000000000000000 ) ) ;
#7348 = CARTESIAN_POINT ( 'NONE',  ( 51.29406135961241375, 0.4999999999999996669, 0.07488112346030267874 ) ) ;
#7349 = DIRECTION ( 'NONE',  ( 0.000000000000000000, 0.000000000000000000, 1.000000000000000000 ) ) ;
#7350 = LINE ( 'NONE', #5477, #2865 ) ;
#7351 = VERTEX_POINT ( 'NONE', #4754 ) ;
#7352 = CARTESIAN_POINT ( 'NONE',  ( 51.29406135961241375, 1.596637958731240481, 1.380719746345368204 ) ) ;
#7353 = EDGE_CURVE ( 'NONE', #1253, #245, #5325, .T. ) ;
#7354 = ORIENTED_EDGE ( 'NONE', *, *, #3869, .F. ) ;
#7355 = DIRECTION ( 'NONE',  ( 0.9848077530122079093, 0.000000000000000000, -0.1736481776669310528 ) ) ;
#7356 = FACE_BOUND ( 'NONE', #4591, .T. ) ;
#7357 = ORIENTED_EDGE ( 'NONE', *, *, #5003, .F. ) ;
#7358 = PLANE ( 'NONE',  #3647 ) ;
#7359 = VERTEX_POINT ( 'NONE', #1533 ) ;
#7360 = APPLICATION_CONTEXT ( 'configuration controlled 3d designs of mechanical parts and assemblies' ) ;
#7362 = ORIENTED_EDGE ( 'NONE', *, *, #1205, .F. ) ;
#7361 = CARTESIAN_POINT ( 'NONE',  ( 29.40371949962639420, 3.115321732520951681, -2.897850681130166528 ) ) ;
#7363 = EDGE_CURVE ( 'NONE', #4793, #4182, #922, .T. ) ;
#7364 = DIRECTION ( 'NONE',  ( -1.000000000000000000, 7.770115569479448772E-16, -1.156482317317871449E-14 ) ) ;
#7365 = CARTESIAN_POINT ( 'NONE',  ( 52.29406135961241375, -1.999999999999997780, -1.779645119602723424 ) ) ;
#7366 = LINE ( 'NONE', #6714, #1177 ) ;
#7367 = DIRECTION ( 'NONE',  ( -0.000000000000000000, -0.000000000000000000, 1.000000000000000000 ) ) ;
#7368 = ORIENTED_EDGE ( 'NONE', *, *, #5218, .F. ) ;
#7369 = VERTEX_POINT ( 'NONE', #5892 ) ;
#7370 = CARTESIAN_POINT ( 'NONE',  ( 43.95593864038759335, 1.596637958731240481, 0.08681072319625926514 ) ) ;
#7371 = CARTESIAN_POINT ( 'NONE',  ( 34.08331845233350066, -3.125000000000000000, -3.174999999999995826 ) ) ;
#7372 = CARTESIAN_POINT ( 'NONE',  ( 12.20593864038758980, 0.4999999999999996669, 2.287000000000004363 ) ) ;
#7373 = ORIENTED_EDGE ( 'NONE', *, *, #2010, .T. ) ;
#7374 = CARTESIAN_POINT ( 'NONE',  ( 58.81537647679117953, 2.000000000000007105, -25.00000000000000000 ) ) ;
#7375 = CARTESIAN_POINT ( 'NONE',  ( 43.95593864038759335, 1.999999999999998668, -5.461999999999999744 ) ) ;
#7376 = LINE ( 'NONE', #7504, #2609 ) ;
#7377 = EDGE_CURVE ( 'NONE', #7814, #5241, #2274, .T. ) ;
#7378 = VERTEX_POINT ( 'NONE', #2190 ) ;
#7379 = CARTESIAN_POINT ( 'NONE',  ( 35.61781592116276585, 0.4999999999999996669, -2.174999999999999822 ) ) ;
#7380 = CARTESIAN_POINT ( 'NONE',  ( 52.29406135961241375, 1.999999999999997335, 1.500943177187301636 ) ) ;
#7381 = ORIENTED_EDGE ( 'NONE', *, *, #4750, .T. ) ;
#7382 = DIRECTION ( 'NONE',  ( 1.000000000000000000, 0.000000000000000000, 1.851507882525182976E-16 ) ) ;
#7383 = CARTESIAN_POINT ( 'NONE',  ( 52.29406135961241375, -0.4999999999999994449, -3.085483742487790781 ) ) ;
#7384 = CARTESIAN_POINT ( 'NONE',  ( 12.20593864038758980, -0.5000000000000003331, 1.380719746345368204 ) ) ;
#7385 = VECTOR ( 'NONE', #4289, 1000.000000000000000 ) ;
#7386 = EDGE_CURVE ( 'NONE', #2487, #5213, #4100, .T. ) ;
#7387 = VECTOR ( 'NONE', #7461, 1000.000000000000114 ) ;
#7388 = VERTEX_POINT ( 'NONE', #6014 ) ;
#7389 = LINE ( 'NONE', #7352, #2668 ) ;
#7390 = ORIENTED_EDGE ( 'NONE', *, *, #4689, .T. ) ;
#7391 = DIRECTION ( 'NONE',  ( 1.000000000000000000, -0.000000000000000000, 0.000000000000000000 ) ) ;
#7392 = DIRECTION ( 'NONE',  ( 0.000000000000000000, -0.000000000000000000, -1.000000000000000000 ) ) ;
#7393 = DIRECTION ( 'NONE',  ( 0.9848077530122080203, -1.659843374447771434E-16, -0.1736481776669312194 ) ) ;
#7394 = AXIS2_PLACEMENT_3D ( 'NONE', #2465, #6731, #6779 ) ;
#7395 = EDGE_CURVE ( 'NONE', #4786, #4412, #994, .T. ) ;
#7396 = ORIENTED_EDGE ( 'NONE', *, *, #1440, .T. ) ;
#7397 = AXIS2_PLACEMENT_3D ( 'NONE', #3246, #6912, #6298 ) ;
#7398 = CARTESIAN_POINT ( 'NONE',  ( 8.889340497235894034, -1.596637958731250917, -1.153865068562397900 ) ) ;
#7399 = VECTOR ( 'NONE', #515, 1000.000000000000114 ) ;
#7401 = ORIENTED_EDGE ( 'NONE', *, *, #1192, .F. ) ;
#7400 = CARTESIAN_POINT ( 'NONE',  ( -6.789423587380180771E-29, 8.609464714099180422E-17, 2.285999999999999588 ) ) ;
#7402 = CARTESIAN_POINT ( 'NONE',  ( 60.15186619144336078, 1.999999999999997113, -5.461999999999999744 ) ) ;
#7403 = DIRECTION ( 'NONE',  ( 1.000000000000000000, 0.000000000000000000, 0.000000000000000000 ) ) ;
#7404 = DIRECTION ( 'NONE',  ( 0.000000000000000000, 0.000000000000000000, 1.000000000000000000 ) ) ;
#7405 = CARTESIAN_POINT ( 'NONE',  ( 22.33680657305450978, -1.999999999999997113, -4.992052527853100052 ) ) ;
#7406 = CARTESIAN_POINT ( 'NONE',  ( 27.06537647679117597, -3.095724199259894949, -2.336650754946252295 ) ) ;
#7407 = AXIS2_PLACEMENT_3D ( 'NONE', #1776, #7528, #3737 ) ;
#7408 = AXIS2_PLACEMENT_3D ( 'NONE', #7161, #1580, #4833 ) ;
#7409 = VECTOR ( 'NONE', #4811, 1000.000000000000000 ) ;
#7410 = ADVANCED_FACE ( 'NONE', ( #4385 ), #547, .T. ) ;
#7411 = VERTEX_POINT ( 'NONE', #4876 ) ;
#7412 = VECTOR ( 'NONE', #530, 1000.000000000000000 ) ;
#7413 = ORIENTED_EDGE ( 'NONE', *, *, #1324, .T. ) ;
#7414 = LINE ( 'NONE', #3857, #6313 ) ;
#7415 = DIRECTION ( 'NONE',  ( 0.000000000000000000, 0.000000000000000000, -1.000000000000000000 ) ) ;
#7416 = CARTESIAN_POINT ( 'NONE',  ( 28.49129556032897170, -2.149710746721892995, -0.9860492264606125490 ) ) ;
#7417 = AXIS2_PLACEMENT_3D ( 'NONE', #6101, #6752, #3664 ) ;
#7418 = VERTEX_POINT ( 'NONE', #3053 ) ;
#7419 = DIRECTION ( 'NONE',  ( 0.000000000000000000, 1.000000000000000000, 0.000000000000000000 ) ) ;
#7420 = CARTESIAN_POINT ( 'NONE',  ( 58.81537647679117242, 2.000000000000003997, -2.230748789119930020 ) ) ;
#7421 = AXIS2_PLACEMENT_3D ( 'NONE', #6479, #3351, #1506 ) ;
#7422 = LINE ( 'NONE', #7337, #4129 ) ;
#7423 = AXIS2_PLACEMENT_3D ( 'NONE', #2013, #4499, #5272 ) ;
#7424 = EDGE_LOOP ( 'NONE', ( #7396, #5134, #6722, #5005, #4077 ) ) ;
#7425 = CARTESIAN_POINT ( 'NONE',  ( 22.89782021278483271, -6.349999999999999645, -1.810386072292989423 ) ) ;
#7426 = VECTOR ( 'NONE', #3733, 1000.000000000000000 ) ;
#7427 = ORIENTED_EDGE ( 'NONE', *, *, #5878, .F. ) ;
#7428 = DIRECTION ( 'NONE',  ( 0.000000000000000000, -1.000000000000000000, 0.000000000000000000 ) ) ;
#7429 = VERTEX_POINT ( 'NONE', #506 ) ;
#7430 = CIRCLE ( 'NONE', #4169, 24.16165075494625114 ) ;
#7431 = FACE_OUTER_BOUND ( 'NONE', #6177, .T. ) ;
#7432 = DIRECTION ( 'NONE',  ( 0.000000000000000000, 1.000000000000000000, 0.000000000000000000 ) ) ;
#7433 = CARTESIAN_POINT ( 'NONE',  ( 28.40186619144336078, -1.999999999999999112, -4.174999999999999822 ) ) ;
#7434 = AXIS2_PLACEMENT_3D ( 'NONE', #3163, #6979, #7508 ) ;
#7435 = EDGE_CURVE ( 'NONE', #3834, #874, #2484, .T. ) ;
#7436 = PRODUCT ( '228-2500-1110', '228-2500-1110', '', ( #4576 ) ) ;
#7437 = VERTEX_POINT ( 'NONE', #7318 ) ;
#7438 = CARTESIAN_POINT ( 'NONE',  ( 61.40000000000000568, 8.609464714099180422E-17, -5.461999999999996191 ) ) ;
#7439 = ORIENTED_EDGE ( 'NONE', *, *, #853, .F. ) ;
#7440 = ADVANCED_FACE ( 'NONE', ( #1162 ), #6708, .F. ) ;
#7441 = ADVANCED_FACE ( 'NONE', ( #3731 ), #7358, .T. ) ;
#7442 = CARTESIAN_POINT ( 'NONE',  ( 29.28094047678411727, 3.019273089085232176, -4.443542295300681566 ) ) ;
#7443 = CARTESIAN_POINT ( 'NONE',  ( 58.81537647679117953, -1.999999999999998224, -25.00000000000000000 ) ) ;
#7444 = AXIS2_PLACEMENT_3D ( 'NONE', #6519, #149, #7730 ) ;
#7445 = ORIENTED_EDGE ( 'NONE', *, *, #1465, .F. ) ;
#7446 = DIRECTION ( 'NONE',  ( 0.000000000000000000, 1.000000000000000000, 0.000000000000000000 ) ) ;
#7448 = ORIENTED_EDGE ( 'NONE', *, *, #5291, .T. ) ;
#7447 = PLANE ( 'NONE',  #3921 ) ;
#7449 = DIRECTION ( 'NONE',  ( -0.000000000000000000, 1.000000000000000000, -0.000000000000000000 ) ) ;
#7450 = EDGE_CURVE ( 'NONE', #3856, #1621, #5441, .T. ) ;
#7451 = DIRECTION ( 'NONE',  ( 0.000000000000000000, 1.000000000000000000, 0.000000000000000000 ) ) ;
#7452 = CARTESIAN_POINT ( 'NONE',  ( 60.15186619144333946, 2.000000000000003553, -1.000000000000000000 ) ) ;
#7453 = CARTESIAN_POINT ( 'NONE',  ( 61.12797730151740438, 3.095724199259894949, -0.8383492450537456397 ) ) ;
#7454 = CARTESIAN_POINT ( 'NONE',  ( 12.20593864038758980, 1.999999999999999556, -1.955972100311189399 ) ) ;
#7455 = VERTEX_POINT ( 'NONE', #1817 ) ;
#7456 = VERTEX_POINT ( 'NONE', #2352 ) ;
#7457 = CARTESIAN_POINT ( 'NONE',  ( 40.60217978721517085, -6.349999999999999645, -1.810386072292988313 ) ) ;
#7458 = DIRECTION ( 'NONE',  ( -1.000000000000000000, -0.000000000000000000, -2.970001569282669714E-29 ) ) ;
#7459 = VERTEX_POINT ( 'NONE', #6178 ) ;
#7460 = DIRECTION ( 'NONE',  ( 0.000000000000000000, 0.000000000000000000, 1.000000000000000000 ) ) ;
#7461 = DIRECTION ( 'NONE',  ( 0.9848077530122079093, -0.000000000000000000, 0.1736481776669310528 ) ) ;
#7462 = FACE_BOUND ( 'NONE', #5760, .T. ) ;
#7463 = VERTEX_POINT ( 'NONE', #8005 ) ;
#7464 = CARTESIAN_POINT ( 'NONE',  ( 3.867815921162768955, 0.4999999999999996669, 1.000000000000000000 ) ) ;
#7465 = ORIENTED_EDGE ( 'NONE', *, *, #6401, .T. ) ;
#7466 = DIRECTION ( 'NONE',  ( 0.000000000000000000, 0.000000000000000000, 1.000000000000000000 ) ) ;
#7467 = PLANE ( 'NONE',  #3917 ) ;
#7468 = EDGE_LOOP ( 'NONE', ( #998, #273, #5371, #4573 ) ) ;
#7469 = DIRECTION ( 'NONE',  ( 0.000000000000000000, 0.000000000000000000, 1.000000000000000000 ) ) ;
#7470 = CARTESIAN_POINT ( 'NONE',  ( 22.55052385745096899, -6.349999999999999645, -3.780001578317405464 ) ) ;
#7471 = VECTOR ( 'NONE', #7698, 1000.000000000000000 ) ;
#7472 = FACE_OUTER_BOUND ( 'NONE', #6000, .T. ) ;
#7473 = VECTOR ( 'NONE', #7681, 1000.000000000000000 ) ;
#7474 = ORIENTED_EDGE ( 'NONE', *, *, #3955, .F. ) ;
#7475 = FACE_OUTER_BOUND ( 'NONE', #1154, .T. ) ;
#7476 = ORIENTED_EDGE ( 'NONE', *, *, #1509, .F. ) ;
#7477 = DIRECTION ( 'NONE',  ( -1.000000000000000000, -0.000000000000000000, -1.851507882525182976E-16 ) ) ;
#7478 = LINE ( 'NONE', #1896, #3839 ) ;
#7479 = DIRECTION ( 'NONE',  ( -0.000000000000000000, -0.000000000000000000, 1.000000000000000000 ) ) ;
#7480 = CIRCLE ( 'NONE', #2799, 25.00000000000000000 ) ;
#7481 = ADVANCED_FACE ( 'NONE', ( #2434 ), #1163, .F. ) ;
#7482 = ORIENTED_EDGE ( 'NONE', *, *, #2069, .F. ) ;
#7483 = CARTESIAN_POINT ( 'NONE',  ( 12.20593864038758980, 0.4999999999999995559, 1.380719746345368204 ) ) ;
#7484 = ORIENTED_EDGE ( 'NONE', *, *, #1722, .T. ) ;
#7486 = ORIENTED_EDGE ( 'NONE', *, *, #7510, .T. ) ;
#7485 = CARTESIAN_POINT ( 'NONE',  ( 19.54406135961241020, 1.999999999999998224, 0.03070717332972648303 ) ) ;
#7487 = EDGE_CURVE ( 'NONE', #108, #7852, #1119, .T. ) ;
#7488 = CARTESIAN_POINT ( 'NONE',  ( 27.06537647679117597, 3.125000000000000000, -3.174999999999997158 ) ) ;
#7489 = CARTESIAN_POINT ( 'NONE',  ( 22.89782021278483271, -6.349999999999999645, -1.810386072292989423 ) ) ;
#7490 = CARTESIAN_POINT ( 'NONE',  ( 9.422787699028704722, 1.596637958731240481, 1.871464348691104673 ) ) ;
#7491 = LINE ( 'NONE', #4922, #6098 ) ;
#7492 = ADVANCED_FACE ( 'NONE', ( #4913 ), #1861, .F. ) ;
#7493 = VERTEX_POINT ( 'NONE', #464 ) ;
#7494 = EDGE_LOOP ( 'NONE', ( #2379, #974, #4218, #7439, #4621 ) ) ;
#7495 = DIRECTION ( 'NONE',  ( -1.000000000000000000, 1.470185457082887343E-16, 1.780116445332793271E-15 ) ) ;
#7496 = CARTESIAN_POINT ( 'NONE',  ( 27.06537647679117597, -0.5000000000000004441, 21.82499999999999929 ) ) ;
#7497 = CONICAL_SURFACE ( 'NONE', #2031, 25.83834924505374886, 1.535889741755006810 ) ;
#7498 = ORIENTED_EDGE ( 'NONE', *, *, #708, .F. ) ;
#7499 = CARTESIAN_POINT ( 'NONE',  ( 59.63218407883724126, 0.4999999999999998890, -2.286000000000000032 ) ) ;
#7500 = DIRECTION ( 'NONE',  ( 0.9848077530122079093, -0.000000000000000000, 0.1736481776669310528 ) ) ;
#7501 = CARTESIAN_POINT ( 'NONE',  ( 34.09628050037360936, -3.115321732520952569, -3.452149318869805139 ) ) ;
#7502 = EDGE_CURVE ( 'NONE', #421, #6275, #2968, .T. ) ;
#7503 = EDGE_LOOP ( 'NONE', ( #7599, #4036, #623, #1932, #6417 ) ) ;
#7504 = CARTESIAN_POINT ( 'NONE',  ( 35.09813380855663922, 1.999999999999999556, -5.461999999999999744 ) ) ;
#7505 = ORIENTED_EDGE ( 'NONE', *, *, #2297, .T. ) ;
#7506 = CARTESIAN_POINT ( 'NONE',  ( 36.31209174376701299, 2.000000000000000888, -4.597697567739182034 ) ) ;
#7507 = ORIENTED_EDGE ( 'NONE', *, *, #501, .F. ) ;
#7508 = DIRECTION ( 'NONE',  ( 1.000000000000000000, 1.181994048308896803E-16, 0.000000000000000000 ) ) ;
#7509 = DIRECTION ( 'NONE',  ( -0.9848077530122079093, 0.000000000000000000, 0.1736481776669313026 ) ) ;
#7510 = EDGE_CURVE ( 'NONE', #5578, #3725, #4956, .T. ) ;
#7511 = ORIENTED_EDGE ( 'NONE', *, *, #1954, .T. ) ;
#7512 = LINE ( 'NONE', #3243, #2451 ) ;
#7513 = ORIENTED_EDGE ( 'NONE', *, *, #2331, .F. ) ;
#7514 = VECTOR ( 'NONE', #7295, 1000.000000000000114 ) ;
#7515 = VECTOR ( 'NONE', #3681, 1000.000000000000000 ) ;
#7516 = DIRECTION ( 'NONE',  ( 1.000000000000000000, 0.000000000000000000, 1.851507882525182976E-16 ) ) ;
#7517 = CYLINDRICAL_SURFACE ( 'NONE', #830, 24.00000000000000355 ) ;
#7518 = LINE ( 'NONE', #5647, #5975 ) ;
#7519 = VERTEX_POINT ( 'NONE', #6794 ) ;
#7520 = CIRCLE ( 'NONE', #5050, 1.499999999999999556 ) ;
#7521 = CARTESIAN_POINT ( 'NONE',  ( 27.06537647679117242, -3.095724199259894949, -4.013349245053744241 ) ) ;
#7522 = ORIENTED_EDGE ( 'NONE', *, *, #1515, .T. ) ;
#7524 = ORIENTED_EDGE ( 'NONE', *, *, #301, .T. ) ;
#7523 = DIRECTION ( 'NONE',  ( -0.9848077530122079093, 0.000000000000000000, -0.1736481776669313304 ) ) ;
#7525 = CARTESIAN_POINT ( 'NONE',  ( 27.06537647679117953, -1.596637958731250917, -3.960999999999997634 ) ) ;
#7526 = CIRCLE ( 'NONE', #4274, 1.499999999999999778 ) ;
#7527 = ADVANCED_FACE ( 'NONE', ( #6220 ), #1207, .F. ) ;
#7528 = DIRECTION ( 'NONE',  ( 1.103821940798063439E-16, 1.000000000000000000, 0.000000000000000000 ) ) ;
#7529 = CARTESIAN_POINT ( 'NONE',  ( 3.867815921162763182, -0.4999999999999987232, 2.287000000000002586 ) ) ;
#7530 = EDGE_CURVE ( 'NONE', #377, #5098, #5488, .T. ) ;
#7531 = EDGE_CURVE ( 'NONE', #2318, #6212, #5564, .T. ) ;
#7532 = ORIENTED_EDGE ( 'NONE', *, *, #2675, .F. ) ;
#7533 = VECTOR ( 'NONE', #4358, 1000.000000000000114 ) ;
#7534 = CARTESIAN_POINT ( 'NONE',  ( 54.87113176926450109, 1.596637958731240925, -2.631076698080709431 ) ) ;
#7535 = VERTEX_POINT ( 'NONE', #7483 ) ;
#7536 = LINE ( 'NONE', #2535, #2998 ) ;
#7537 = DIRECTION ( 'NONE',  ( 0.000000000000000000, 0.000000000000000000, 1.000000000000000000 ) ) ;
#7538 = AXIS2_PLACEMENT_3D ( 'NONE', #3218, #4511, #7641 ) ;
#7539 = EDGE_LOOP ( 'NONE', ( #7129, #5763, #8019, #759 ) ) ;
#7540 = ADVANCED_FACE ( 'NONE', ( #1288 ), #6055, .T. ) ;
#7541 = EDGE_CURVE ( 'NONE', #4235, #1773, #4819, .T. ) ;
#7542 = FACE_OUTER_BOUND ( 'NONE', #7685, .T. ) ;
#7543 = CARTESIAN_POINT ( 'NONE',  ( 58.81537647679117242, -3.095724199259894949, -0.8383492450537467500 ) ) ;
#7544 = CARTESIAN_POINT ( 'NONE',  ( 20.54406135961241020, 0.4999999999999995559, -0.08951625751220643190 ) ) ;
#7545 = ORIENTED_EDGE ( 'NONE', *, *, #2776, .T. ) ;
#7546 = CARTESIAN_POINT ( 'NONE',  ( 4.684623523208827578, -0.4999999999999980571, -2.286000000000000032 ) ) ;
#7547 = AXIS2_PLACEMENT_3D ( 'NONE', #6764, #7294, #2407 ) ;
#7548 = ORIENTED_EDGE ( 'NONE', *, *, #6988, .F. ) ;
#7549 = AXIS2_PLACEMENT_3D ( 'NONE', #7015, #7061, #2165 ) ;
#7550 = ORIENTED_EDGE ( 'NONE', *, *, #4891, .T. ) ;
#7551 = CARTESIAN_POINT ( 'NONE',  ( 35.09813380855664633, -2.000000000000000444, 2.287000000000007915 ) ) ;
#7552 = PLANE ( 'NONE',  #7434 ) ;
#7553 = DIRECTION ( 'NONE',  ( 0.9848077530122080203, 9.323203102047214843E-17, 0.1736481776669312194 ) ) ;
#7554 = AXIS2_PLACEMENT_3D ( 'NONE', #2135, #2592, #6455 ) ;
#7555 = AXIS2_PLACEMENT_3D ( 'NONE', #4590, #1410, #7523 ) ;
#7556 = ORIENTED_EDGE ( 'NONE', *, *, #7679, .F. ) ;
#7557 = CARTESIAN_POINT ( 'NONE',  ( 12.20593864038759158, -0.4999999999999995559, -3.261810723196258532 ) ) ;
#7558 = VECTOR ( 'NONE', #3739, 1000.000000000000114 ) ;
#7559 = CARTESIAN_POINT ( 'NONE',  ( 4.684623523208825802, 3.095724199259894505, -25.00000000000000000 ) ) ;
#7560 = ORIENTED_EDGE ( 'NONE', *, *, #6297, .T. ) ;
#7561 = CARTESIAN_POINT ( 'NONE',  ( 43.95593864038759335, 1.596637958731241147, -4.555719746345366694 ) ) ;
#7562 = DIRECTION ( 'NONE',  ( 1.000000000000000000, -0.000000000000000000, -2.970001569282669714E-29 ) ) ;
#7563 = LINE ( 'NONE', #794, #4421 ) ;
#7564 = DIRECTION ( 'NONE',  ( -0.000000000000000000, -0.000000000000000000, 1.000000000000000000 ) ) ;
#7565 = DIRECTION ( 'NONE',  ( 0.000000000000000000, 1.000000000000000000, 0.000000000000000000 ) ) ;
#7566 = EDGE_LOOP ( 'NONE', ( #1892, #5239, #440, #5456 ) ) ;
#7567 = CARTESIAN_POINT ( 'NONE',  ( 61.16668154766650645, 3.125000000000000000, 6.929959465066704231E-29 ) ) ;
#7569 = EDGE_LOOP ( 'NONE', ( #5245, #7182, #339, #7709, #449, #952, #1677, #1036, #2871, #6402, #5503, #5316 ) ) ;
#7568 = LINE ( 'NONE', #3901, #6389 ) ;
#7570 = CARTESIAN_POINT ( 'NONE',  ( 35.61781592116275164, -0.5000000000000003331, -5.460999999999994081 ) ) ;
#7571 = ADVANCED_FACE ( 'NONE', ( #6222 ), #7320, .F. ) ;
#7572 = DIRECTION ( 'NONE',  ( -1.000000000000000000, -0.000000000000000000, -2.970001569282669714E-29 ) ) ;
#7573 = ORIENTED_EDGE ( 'NONE', *, *, #2081, .F. ) ;
#7574 = ORIENTED_EDGE ( 'NONE', *, *, #7113, .F. ) ;
#7575 = CARTESIAN_POINT ( 'NONE',  ( 42.95593864038758625, 0.4999999999999995559, -3.426208104168764645 ) ) ;
#7576 = CARTESIAN_POINT ( 'NONE',  ( 63.50000000000000000, 0.000000000000000000, 2.286000000000000032 ) ) ;
#7577 = EDGE_CURVE ( 'NONE', #168, #6919, #5468, .T. ) ;
#7578 = ORIENTED_EDGE ( 'NONE', *, *, #4149, .F. ) ;
#7579 = DIRECTION ( 'NONE',  ( -0.1736481776669313026, 0.000000000000000000, -0.9848077530122079093 ) ) ;
#7580 = LINE ( 'NONE', #3153, #882 ) ;
#7581 = CARTESIAN_POINT ( 'NONE',  ( 11.20593864038758802, -1.999999999999997780, 2.287000000000003475 ) ) ;
#7582 = EDGE_CURVE ( 'NONE', #5445, #159, #7027, .T. ) ;
#7583 = VERTEX_POINT ( 'NONE', #3662 ) ;
#7584 = EDGE_CURVE ( 'NONE', #1764, #5698, #5527, .T. ) ;
#7585 = ORIENTED_EDGE ( 'NONE', *, *, #6937, .F. ) ;
#7586 = DIRECTION ( 'NONE',  ( -1.000000000000000000, 0.000000000000000000, 0.000000000000000000 ) ) ;
#7587 = ORIENTED_EDGE ( 'NONE', *, *, #6237, .T. ) ;
#7588 = CARTESIAN_POINT ( 'NONE',  ( 4.684623523208825802, 1.596637958731250473, -25.00000000000000000 ) ) ;
#7589 = DIRECTION ( 'NONE',  ( 0.000000000000000000, -1.274091645008247059E-16, 1.000000000000000000 ) ) ;
#7590 = EDGE_CURVE ( 'NONE', #1447, #993, #3015, .T. ) ;
#7591 =( BOUNDED_CURVE ( )  B_SPLINE_CURVE ( 3, ( #6950, #208, #1368, #251 ),
 .UNSPECIFIED., .F., .T. ) 
 B_SPLINE_CURVE_WITH_KNOTS ( ( 4, 4 ),
 ( 6.010926187993207215, 6.283185307179586232 ),
 .UNSPECIFIED. ) 
 CURVE ( )  GEOMETRIC_REPRESENTATION_ITEM ( )  RATIONAL_B_SPLINE_CURVE ( ( 1.000000000000000000, 0.9938324475413838899, 0.9938324475413838899, 1.000000000000000000 ) ) 
 REPRESENTATION_ITEM ( '' )  );
#7592 = ORIENTED_EDGE ( 'NONE', *, *, #7577, .T. ) ;
#7593 = FACE_OUTER_BOUND ( 'NONE', #4384, .T. ) ;
#7594 = ORIENTED_EDGE ( 'NONE', *, *, #7918, .F. ) ;
#7595 = DIRECTION ( 'NONE',  ( -1.000000000000000000, 1.459502924499717299E-16, 0.000000000000000000 ) ) ;
#7596 = CARTESIAN_POINT ( 'NONE',  ( 12.18295476770618180, 1.999999999999997335, 0.07893380033520328021 ) ) ;
#7597 = TOROIDAL_SURFACE ( 'NONE', #7081, 25.78600000000000136, 1.500000000000000000 ) ;
#7598 = EDGE_CURVE ( 'NONE', #5403, #519, #125, .T. ) ;
#7599 = ORIENTED_EDGE ( 'NONE', *, *, #3034, .T. ) ;
#7600 = CARTESIAN_POINT ( 'NONE',  ( 36.43462352320882047, -3.095724199259894949, -2.336650754946252295 ) ) ;
#7601 = VERTEX_POINT ( 'NONE', #4877 ) ;
#7602 = CARTESIAN_POINT ( 'NONE',  ( 54.07721230097129705, 1.596637958731240037, 1.871464348691104673 ) ) ;
#7604 = EDGE_LOOP ( 'NONE', ( #2944, #3378, #6143, #1956, #1688 ) ) ;
#7603 = DIRECTION ( 'NONE',  ( -0.9848077530122079093, 0.000000000000000000, -0.1736481776669310528 ) ) ;
#7605 = CARTESIAN_POINT ( 'NONE',  ( 36.43462352320882047, 3.095724199259894949, -4.013349245053742465 ) ) ;
#7606 = CARTESIAN_POINT ( 'NONE',  ( 4.684623523208827578, -0.4999999999999900080, -1.000000000000000000 ) ) ;
#7607 = FACE_OUTER_BOUND ( 'NONE', #5965, .T. ) ;
#7608 = ORIENTED_EDGE ( 'NONE', *, *, #7982, .F. ) ;
#7609 = ADVANCED_FACE ( 'NONE', ( #1209 ), #1164, .F. ) ;
#7610 = EDGE_LOOP ( 'NONE', ( #2514, #7329, #1856, #288 ) ) ;
#7611 = CARTESIAN_POINT ( 'NONE',  ( 27.06537647679117597, 1.596637958731250473, 21.82499999999999929 ) ) ;
#7612 = CARTESIAN_POINT ( 'NONE',  ( 35.09813380855663922, -2.000000000000000444, -0.9442512108800652504 ) ) ;
#7613 = VERTEX_POINT ( 'NONE', #585 ) ;
#7614 = LINE ( 'NONE', #4519, #4562 ) ;
#7615 = CARTESIAN_POINT ( 'NONE',  ( 31.75000000000000000, 2.435009221443560882E-17, -5.462000000000001521 ) ) ;
#7616 = DIRECTION ( 'NONE',  ( 0.9848077530122081313, 0.000000000000000000, -0.1736481776669309696 ) ) ;
#7617 = EDGE_CURVE ( 'NONE', #6405, #6223, #3697, .T. ) ;
#7618 = DIRECTION ( 'NONE',  ( 0.000000000000000000, 1.000000000000000000, 0.000000000000000000 ) ) ;
#7619 = FACE_OUTER_BOUND ( 'NONE', #3840, .T. ) ;
#7620 = ORIENTED_EDGE ( 'NONE', *, *, #5457, .T. ) ;
#7621 = LINE ( 'NONE', #6978, #1157 ) ;
#7622 = EDGE_CURVE ( 'NONE', #6136, #444, #3092, .T. ) ;
#7623 = CARTESIAN_POINT ( 'NONE',  ( 36.81610352325526492, -0.5000000000000003331, -4.508826692420517368 ) ) ;
#7624 = EDGE_CURVE ( 'NONE', #4042, #2593, #5668, .T. ) ;
#7625 = EDGE_CURVE ( 'NONE', #5814, #5423, #5491, .T. ) ;
#7626 = VERTEX_POINT ( 'NONE', #8046 ) ;
#7627 = DIRECTION ( 'NONE',  ( 1.000000000000000000, 0.000000000000000000, 1.851507882525183222E-16 ) ) ;
#7628 = DIRECTION ( 'NONE',  ( 0.000000000000000000, 1.000000000000000000, 0.000000000000000000 ) ) ;
#7629 = ORIENTED_EDGE ( 'NONE', *, *, #6785, .T. ) ;
#7630 = EDGE_CURVE ( 'NONE', #7868, #986, #5214, .T. ) ;
#7631 = FACE_OUTER_BOUND ( 'NONE', #6318, .T. ) ;
#7632 = FACE_OUTER_BOUND ( 'NONE', #4194, .T. ) ;
#7633 = PLANE ( 'NONE',  #6893 ) ;
#7634 = TOROIDAL_SURFACE ( 'NONE', #5174, 25.78599999999999781, 1.499999999999999778 ) ;
#7635 = EDGE_LOOP ( 'NONE', ( #7988, #6819, #4518, #2683, #5418 ) ) ;
#7636 = CARTESIAN_POINT ( 'NONE',  ( 22.55052385745096899, -6.349999999999999645, -3.780001578317405464 ) ) ;
#7638 = ORIENTED_EDGE ( 'NONE', *, *, #3361, .F. ) ;
#7637 = DIRECTION ( 'NONE',  ( 1.000000000000000000, -1.103821940798063439E-16, 1.851507882525184455E-16 ) ) ;
#7639 = FACE_OUTER_BOUND ( 'NONE', #7158, .T. ) ;
#7640 = EDGE_CURVE ( 'NONE', #6827, #4095, #6190, .T. ) ;
#7641 = DIRECTION ( 'NONE',  ( 0.000000000000000000, 1.355252715606880543E-16, -1.000000000000000000 ) ) ;
#7642 = LINE ( 'NONE', #1490, #4285 ) ;
#7643 = VECTOR ( 'NONE', #1752, 1000.000000000000000 ) ;
#7644 = VERTEX_POINT ( 'NONE', #1291 ) ;
#7645 = ORIENTED_EDGE ( 'NONE', *, *, #2132, .F. ) ;
#7646 = CIRCLE ( 'NONE', #5439, 2.099999999999997868 ) ;
#7647 = LINE ( 'NONE', #4483, #7921 ) ;
#7648 = DIRECTION ( 'NONE',  ( 0.000000000000000000, 0.000000000000000000, 1.000000000000000000 ) ) ;
#7649 = ORIENTED_EDGE ( 'NONE', *, *, #4790, .T. ) ;
#7650 = DIRECTION ( 'NONE',  ( 1.851507882525184455E-16, 0.000000000000000000, -1.000000000000000000 ) ) ;
#7651 = CYLINDRICAL_SURFACE ( 'NONE', #4923, 2.099999999999997868 ) ;
#7652 = ADVANCED_FACE ( 'NONE', ( #3782 ), #7447, .T. ) ;
#7653 = CARTESIAN_POINT ( 'NONE',  ( 42.95593864038758625, 1.999999999999999112, 2.287000000000009692 ) ) ;
#7654 = ORIENTED_EDGE ( 'NONE', *, *, #687, .T. ) ;
#7655 = CARTESIAN_POINT ( 'NONE',  ( 19.54406135961241020, 0.5000000000000005551, -4.555719746345367582 ) ) ;
#7656 = AXIS2_PLACEMENT_3D ( 'NONE', #12, #7391, #4908 ) ;
#7657 = DIRECTION ( 'NONE',  ( 0.9848077530122079093, 0.000000000000000000, -0.1736481776669310528 ) ) ;
#7658 = AXIS2_PLACEMENT_3D ( 'NONE', #6368, #610, #3807 ) ;
#7659 = ORIENTED_EDGE ( 'NONE', *, *, #493, .F. ) ;
#7660 = DIRECTION ( 'NONE',  ( -0.000000000000000000, -0.000000000000000000, 1.000000000000000000 ) ) ;
#7661 = VECTOR ( 'NONE', #3728, 1000.000000000000114 ) ;
#7662 = EDGE_CURVE ( 'NONE', #4969, #475, #7568, .T. ) ;
#7663 = DATE_AND_TIME ( #198, #1697 ) ;
#7664 = DIRECTION ( 'NONE',  ( 2.553335745242634272E-32, -1.000000000000000000, -1.379057453301393079E-16 ) ) ;
#7665 = AXIS2_PLACEMENT_3D ( 'NONE', #5210, #7719, #97 ) ;
#7666 = VECTOR ( 'NONE', #7927, 1000.000000000000000 ) ;
#7667 = AXIS2_PLACEMENT_3D ( 'NONE', #5526, #4350, #4962 ) ;
#7668 = ORIENTED_EDGE ( 'NONE', *, *, #5159, .F. ) ;
#7669 = CARTESIAN_POINT ( 'NONE',  ( 60.95758553316498762, 2.957769699857467849, 1.421661921126749162 ) ) ;
#7670 = PLANE ( 'NONE',  #7671 ) ;
#7671 = AXIS2_PLACEMENT_3D ( 'NONE', #6493, #1974, #5796 ) ;
#7672 = EDGE_CURVE ( 'NONE', #5241, #5814, #3257, .T. ) ;
#7673 = LINE ( 'NONE', #5726, #4668 ) ;
#7674 = DIRECTION ( 'NONE',  ( -0.9848077530122079093, -5.435262026214576443E-17, 0.1736481776669313026 ) ) ;
#7675 = AXIS2_PLACEMENT_3D ( 'NONE', #5004, #2486, #1902 ) ;
#7676 = ORIENTED_EDGE ( 'NONE', *, *, #7051, .F. ) ;
#7677 = CIRCLE ( 'NONE', #1443, 3.900000000000012790 ) ;
#7678 = CARTESIAN_POINT ( 'NONE',  ( 54.64782021278482915, 1.999999999999986233, -1.364613927707009067 ) ) ;
#7679 = EDGE_CURVE ( 'NONE', #1545, #335, #1982, .T. ) ;
#7680 = ORIENTED_EDGE ( 'NONE', *, *, #5346, .F. ) ;
#7681 = DIRECTION ( 'NONE',  ( -1.000000000000000000, -0.000000000000000000, -1.851507882525182976E-16 ) ) ;
#7682 = EDGE_CURVE ( 'NONE', #2036, #2818, #4840, .T. ) ;
#7683 = VECTOR ( 'NONE', #7637, 1000.000000000000000 ) ;
#7685 = EDGE_LOOP ( 'NONE', ( #425, #1631, #5631, #24 ) ) ;
#7684 = CARTESIAN_POINT ( 'NONE',  ( 27.06537647679117953, 3.095724199259894505, -2.336650754946250519 ) ) ;
#7686 = EDGE_CURVE ( 'NONE', #3777, #2011, #7952, .T. ) ;
#7687 = DIRECTION ( 'NONE',  ( -0.9848077530122079093, 0.000000000000000000, -0.1736481776669310528 ) ) ;
#7688 = FACE_OUTER_BOUND ( 'NONE', #61, .T. ) ;
#7689 = CC_DESIGN_APPROVAL ( #2045, ( #3789 ) ) ;
#7690 = ORIENTED_EDGE ( 'NONE', *, *, #401, .F. ) ;
#7691 = ORIENTED_EDGE ( 'NONE', *, *, #6525, .F. ) ;
#7692 = EDGE_CURVE ( 'NONE', #6680, #437, #3943, .T. ) ;
#7693 = DIRECTION ( 'NONE',  ( 0.000000000000000000, 0.000000000000000000, -1.000000000000000000 ) ) ;
#7694 = CARTESIAN_POINT ( 'NONE',  ( 20.54406135961241375, -1.596637958731240703, -4.732046727053833557 ) ) ;
#7695 = EDGE_LOOP ( 'NONE', ( #4080, #5613, #2308, #546 ) ) ;
#7696 = CARTESIAN_POINT ( 'NONE',  ( 36.43462352320882758, 0.4999999999999994449, -5.460999999999994081 ) ) ;
#7697 = DIRECTION ( 'NONE',  ( 0.000000000000000000, 0.000000000000000000, -1.000000000000000000 ) ) ;
#7698 = DIRECTION ( 'NONE',  ( 0.000000000000000000, -1.000000000000000000, 0.000000000000000000 ) ) ;
#7699 = VERTEX_POINT ( 'NONE', #6428 ) ;
#7700 = EDGE_CURVE ( 'NONE', #1915, #2495, #215, .T. ) ;
#7701 = DIRECTION ( 'NONE',  ( 0.000000000000000000, 0.000000000000000000, -1.000000000000000000 ) ) ;
#7702 = PLANE ( 'NONE',  #2435 ) ;
#7703 = ORIENTED_EDGE ( 'NONE', *, *, #3609, .F. ) ;
#7704 = DIRECTION ( 'NONE',  ( 0.000000000000000000, -0.03436992607709399294, 0.9994091795563292413 ) ) ;
#7705 = APPROVAL_DATE_TIME ( #2213, #2045 ) ;
#7706 = CARTESIAN_POINT ( 'NONE',  ( 41.16319342694549022, -1.999999999999997113, -4.992052527853100052 ) ) ;
#7707 = ORIENTED_EDGE ( 'NONE', *, *, #3352, .T. ) ;
#7708 = DIRECTION ( 'NONE',  ( 0.000000000000000000, -1.334402673828313093E-16, 1.000000000000000000 ) ) ;
#7709 = ORIENTED_EDGE ( 'NONE', *, *, #4024, .F. ) ;
#7710 = DIRECTION ( 'NONE',  ( 0.1736481776669305532, 0.000000000000000000, -0.9848077530122080203 ) ) ;
#7711 = DIRECTION ( 'NONE',  ( 0.000000000000000000, 0.03489949670250421659, -0.9993908270190955401 ) ) ;
#7712 = ORIENTED_EDGE ( 'NONE', *, *, #6274, .F. ) ;
#7713 = LINE ( 'NONE', #2229, #6761 ) ;
#7714 = ORIENTED_EDGE ( 'NONE', *, *, #2117, .T. ) ;
#7715 = LINE ( 'NONE', #7110, #3963 ) ;
#7717 = ORIENTED_EDGE ( 'NONE', *, *, #3878, .T. ) ;
#7716 = LINE ( 'NONE', #3373, #3529 ) ;
#7718 = EDGE_LOOP ( 'NONE', ( #1362, #6304, #233, #532 ) ) ;
#7719 = DIRECTION ( 'NONE',  ( 1.655732911197096577E-16, 1.000000000000000000, 1.334402673828313339E-16 ) ) ;
#7720 = DIRECTION ( 'NONE',  ( 6.461669324084820406E-18, -0.9993908270190956511, -0.03489949670250422353 ) ) ;
#7721 = VECTOR ( 'NONE', #7995, 1000.000000000000000 ) ;
#7722 = EDGE_CURVE ( 'NONE', #5124, #1510, #6342, .T. ) ;
#7723 = ORIENTED_EDGE ( 'NONE', *, *, #2216, .F. ) ;
#7724 = EDGE_CURVE ( 'NONE', #6930, #389, #3822, .T. ) ;
#7725 = ORIENTED_EDGE ( 'NONE', *, *, #2056, .F. ) ;
#7726 = CIRCLE ( 'NONE', #5265, 1.499999999999999778 ) ;
#7727 = ORIENTED_EDGE ( 'NONE', *, *, #1168, .T. ) ;
#7728 = AXIS2_PLACEMENT_3D ( 'NONE', #6578, #1607, #1519 ) ;
#7729 = DIRECTION ( 'NONE',  ( 0.000000000000000000, 0.000000000000000000, 1.000000000000000000 ) ) ;
#7730 = DIRECTION ( 'NONE',  ( 0.000000000000000000, 0.000000000000000000, 1.000000000000000000 ) ) ;
#7731 = ORIENTED_EDGE ( 'NONE', *, *, #4640, .F. ) ;
#7732 = LINE ( 'NONE', #4679, #1962 ) ;
#7733 = FACE_OUTER_BOUND ( 'NONE', #3065, .T. ) ;
#7734 = ADVANCED_FACE ( 'NONE', ( #3215 ), #2605, .F. ) ;
#7735 = DIRECTION ( 'NONE',  ( 0.000000000000000000, 0.000000000000000000, 1.000000000000000000 ) ) ;
#7736 = VECTOR ( 'NONE', #6565, 1000.000000000000000 ) ;
#7737 = VERTEX_POINT ( 'NONE', #1941 ) ;
#7738 = ORIENTED_EDGE ( 'NONE', *, *, #5786, .T. ) ;
#7739 = CARTESIAN_POINT ( 'NONE',  ( 58.81537647679117953, -0.5000000000000003331, -25.00000000000000000 ) ) ;
#7740 = DIRECTION ( 'NONE',  ( 1.000000000000000000, -5.519109703990317197E-17, 0.000000000000000000 ) ) ;
#7741 = VERTEX_POINT ( 'NONE', #749 ) ;
#7742 = LINE ( 'NONE', #6449, #3637 ) ;
#7743 = EDGE_CURVE ( 'NONE', #3289, #6109, #6390, .T. ) ;
#7744 = DATE_AND_TIME ( #4612, #6398 ) ;
#7745 = CARTESIAN_POINT ( 'NONE',  ( 61.12797730151740438, -3.095724199259894949, 0.8383492450537458618 ) ) ;
#7746 = ORIENTED_EDGE ( 'NONE', *, *, #3845, .T. ) ;
#7747 = DIRECTION ( 'NONE',  ( -9.244463733058734832E-33, 1.000000000000000000, 1.358106471860482877E-16 ) ) ;
#7748 = CARTESIAN_POINT ( 'NONE',  ( 27.06537647679117597, 3.125000000000000000, -3.174999999999997158 ) ) ;
#7749 = VERTEX_POINT ( 'NONE', #797 ) ;
#7750 = LINE ( 'NONE', #5428, #6611 ) ;
#7751 = DIRECTION ( 'NONE',  ( 0.000000000000000000, -1.334402673828312846E-16, 1.000000000000000000 ) ) ;
#7752 = ADVANCED_FACE ( 'NONE', ( #4436 ), #5770, .F. ) ;
#7753 = ORIENTED_EDGE ( 'NONE', *, *, #5992, .T. ) ;
#7754 = DIRECTION ( 'NONE',  ( 1.159013037837969033E-15, -1.000000000000000000, -1.334402673828310874E-16 ) ) ;
#7755 = ORIENTED_EDGE ( 'NONE', *, *, #3602, .F. ) ;
#7756 = LINE ( 'NONE', #4058, #7848 ) ;
#7758 = ORIENTED_EDGE ( 'NONE', *, *, #2623, .F. ) ;
#7757 = CARTESIAN_POINT ( 'NONE',  ( 12.20593864038758980, 1.596637958731240037, 1.380719746345368204 ) ) ;
#7759 = ORIENTED_EDGE ( 'NONE', *, *, #3146, .F. ) ;
#7760 = DIRECTION ( 'NONE',  ( -0.000000000000000000, -1.000000000000000000, -0.000000000000000000 ) ) ;
#7761 = DIRECTION ( 'NONE',  ( 0.000000000000000000, 1.000000000000000000, 0.000000000000000000 ) ) ;
#7762 = DIRECTION ( 'NONE',  ( -0.1736481776669310528, -1.358106471860483123E-16, 0.9848077530122080203 ) ) ;
#7763 = VERTEX_POINT ( 'NONE', #6545 ) ;
#7764 = DIRECTION ( 'NONE',  ( 0.9848077530122080203, 1.659843374447772174E-16, 0.1736481776669312194 ) ) ;
#7765 = ORIENTED_EDGE ( 'NONE', *, *, #3222, .T. ) ;
#7767 = ORIENTED_EDGE ( 'NONE', *, *, #3869, .T. ) ;
#7766 = CARTESIAN_POINT ( 'NONE',  ( 27.88218407883724836, -0.5000000000000003331, -5.460999999999995858 ) ) ;
#7768 = CARTESIAN_POINT ( 'NONE',  ( 27.06537647679117953, 2.000000000000000888, -5.405748789119927622 ) ) ;
#7769 = LINE ( 'NONE', #2196, #2763 ) ;
#7770 = DIRECTION ( 'NONE',  ( -0.1736481776669305810, 0.000000000000000000, 0.9848077530122080203 ) ) ;
#7771 = DIRECTION ( 'NONE',  ( 0.000000000000000000, 0.000000000000000000, 1.000000000000000000 ) ) ;
#7772 = CARTESIAN_POINT ( 'NONE',  ( 54.47417203511789552, 3.125000000000000000, -0.3798061746948026007 ) ) ;
#7773 = VECTOR ( 'NONE', #3365, 1000.000000000000000 ) ;
#7774 = CARTESIAN_POINT ( 'NONE',  ( 42.26050136705701021, 0.4999999999999996669, -1.517979235075784361 ) ) ;
#7775 = ORIENTED_EDGE ( 'NONE', *, *, #5001, .T. ) ;
#7776 = EDGE_LOOP ( 'NONE', ( #7717, #295, #7238, #7390 ) ) ;
#7777 = DIRECTION ( 'NONE',  ( 1.577256018512544287E-32, -1.000000000000000000, -1.334402673828313093E-16 ) ) ;
#7778 = ADVANCED_FACE ( 'NONE', ( #5279 ), #1525, .F. ) ;
#7779 = CARTESIAN_POINT ( 'NONE',  ( 27.06537647679117597, 1.999999999999996669, 21.82499999999999929 ) ) ;
#7780 = EDGE_CURVE ( 'NONE', #5562, #6580, #4435, .T. ) ;
#7781 = VERTEX_POINT ( 'NONE', #7757 ) ;
#7782 = CARTESIAN_POINT ( 'NONE',  ( 18.59719892190086199, -1.999999999999998224, -3.082923728672364305 ) ) ;
#7783 = CARTESIAN_POINT ( 'NONE',  ( 43.95593864038759335, -0.4999999999999995559, -3.249881123460298671 ) ) ;
#7784 = VECTOR ( 'NONE', #1003, 999.9999999999998863 ) ;
#7785 = DIRECTION ( 'NONE',  ( -5.909970241544475389E-17, -1.000000000000000000, -1.334402673828313093E-16 ) ) ;
#7786 = DIRECTION ( 'NONE',  ( 1.000000000000000000, -0.000000000000000000, -2.970001569282669714E-29 ) ) ;
#7787 = AXIS2_PLACEMENT_3D ( 'NONE', #2103, #6990, #3815 ) ;
#7788 = CARTESIAN_POINT ( 'NONE',  ( 51.29406135961241375, -1.999999999999998668, 0.07488112346030248445 ) ) ;
#7790 = CARTESIAN_POINT ( 'NONE',  ( 34.71452973771648942, 2.539075358186016818, -1.212545331649371505 ) ) ;
#7789 = VECTOR ( 'NONE', #6052, 1000.000000000000114 ) ;
#7791 = AXIS2_PLACEMENT_3D ( 'NONE', #5504, #3072, #5542 ) ;
#7792 = AXIS2_PLACEMENT_3D ( 'NONE', #6323, #2505, #6773 ) ;
#7793 = CIRCLE ( 'NONE', #1560, 27.28599999999999781 ) ;
#7795 = ORIENTED_EDGE ( 'NONE', *, *, #2469, .T. ) ;
#7794 = CARTESIAN_POINT ( 'NONE',  ( 43.95593864038759335, -1.733189655496051529, -4.555719746345367582 ) ) ;
#7796 = EDGE_CURVE ( 'NONE', #1586, #3496, #5846, .T. ) ;
#7797 = VERTEX_POINT ( 'NONE', #3455 ) ;
#7798 = AXIS2_PLACEMENT_3D ( 'NONE', #880, #3865, #184 ) ;
#7799 = LINE ( 'NONE', #5364, #3250 ) ;
#7800 = VECTOR ( 'NONE', #1887, 1000.000000000000114 ) ;
#7801 = AXIS2_PLACEMENT_3D ( 'NONE', #1241, #16, #3089 ) ;
#7802 = LINE ( 'NONE', #2774, #3132 ) ;
#7803 = ORIENTED_EDGE ( 'NONE', *, *, #6806, .F. ) ;
#7805 = ORIENTED_EDGE ( 'NONE', *, *, #704, .F. ) ;
#7804 = LINE ( 'NONE', #6016, #252 ) ;
#7806 = ADVANCED_FACE ( 'NONE', ( #2181 ), #2769, .F. ) ;
#7807 = CARTESIAN_POINT ( 'NONE',  ( 19.54406135961241020, -0.5000000000000003331, 2.287000000000005251 ) ) ;
#7808 = LINE ( 'NONE', #7928, #807 ) ;
#7809 = AXIS2_PLACEMENT_3D ( 'NONE', #6560, #966, #3311 ) ;
#7810 = DIRECTION ( 'NONE',  ( 0.9848077530122081313, -0.000000000000000000, 0.1736481776669309696 ) ) ;
#7811 = CARTESIAN_POINT ( 'NONE',  ( 36.43462352320882047, 1.999999999999999556, -0.9442512108800664716 ) ) ;
#7812 = CARTESIAN_POINT ( 'NONE',  ( 12.20593864038759158, -1.999999999999997335, -3.205707173329725990 ) ) ;
#7813 = EDGE_LOOP ( 'NONE', ( #6863, #1921, #7707, #5935 ) ) ;
#7814 = VERTEX_POINT ( 'NONE', #258 ) ;
#7815 = LINE ( 'NONE', #3513, #4234 ) ;
#7816 = EDGE_CURVE ( 'NONE', #7340, #5423, #5925, .T. ) ;
#7817 = CARTESIAN_POINT ( 'NONE',  ( 36.43462352320882047, -3.125000000000000000, 21.82499999999999929 ) ) ;
#7818 = ORIENTED_EDGE ( 'NONE', *, *, #902, .F. ) ;
#7819 = CARTESIAN_POINT ( 'NONE',  ( 35.61781592116274453, 0.4999999999999981681, -4.175000000000001599 ) ) ;
#7820 = PERSON_AND_ORGANIZATION_ROLE ( 'creator' ) ;
#7821 = EDGE_CURVE ( 'NONE', #6814, #4142, #7716, .T. ) ;
#7822 = EDGE_CURVE ( 'NONE', #1140, #2320, #76, .T. ) ;
#7823 = EDGE_CURVE ( 'NONE', #1656, #1939, #8069, .T. ) ;
#7824 = EDGE_LOOP ( 'NONE', ( #2556, #3188, #6587, #5518 ) ) ;
#7825 = CARTESIAN_POINT ( 'NONE',  ( 61.12797730151740438, 3.095724199259894505, 0.8383492450537465279 ) ) ;
#7826 = AXIS2_PLACEMENT_3D ( 'NONE', #5980, #4187, #4842 ) ;
#7827 = CARTESIAN_POINT ( 'NONE',  ( 27.06537647679117597, 3.125000000000000000, -3.174999999999997158 ) ) ;
#7828 = CARTESIAN_POINT ( 'NONE',  ( 51.29406135961241375, 1.596637958731240925, -3.261810723196257644 ) ) ;
#7829 = LINE ( 'NONE', #5310, #5267 ) ;
#7830 = EDGE_CURVE ( 'NONE', #3783, #3272, #7164, .T. ) ;
#7831 = ORIENTED_EDGE ( 'NONE', *, *, #3632, .T. ) ;
#7832 = ORIENTED_EDGE ( 'NONE', *, *, #202, .T. ) ;
#7833 = LINE ( 'NONE', #4709, #6434 ) ;
#7834 = ORIENTED_EDGE ( 'NONE', *, *, #417, .T. ) ;
#7835 = ORIENTED_EDGE ( 'NONE', *, *, #321, .F. ) ;
#7836 = DIRECTION ( 'NONE',  ( -1.000000000000000000, 0.000000000000000000, -1.851507882525184455E-16 ) ) ;
#7837 = DIRECTION ( 'NONE',  ( 0.9848077530122079093, 0.000000000000000000, -0.1736481776669310528 ) ) ;
#7838 = CARTESIAN_POINT ( 'NONE',  ( 29.41668154766650645, 3.125000000000000000, -3.174999999999996714 ) ) ;
#7839 = ORIENTED_EDGE ( 'NONE', *, *, #4368, .F. ) ;
#7840 = CARTESIAN_POINT ( 'NONE',  ( 8.628868230735498912, 1.596637958731240925, -2.631076698080709431 ) ) ;
#7841 = ORIENTED_EDGE ( 'NONE', *, *, #5584, .T. ) ;
#7843 = ORIENTED_EDGE ( 'NONE', *, *, #5951, .F. ) ;
#7842 = DIRECTION ( 'NONE',  ( -0.000000000000000000, 1.000000000000000000, 0.000000000000000000 ) ) ;
#7844 = DIRECTION ( 'NONE',  ( -0.000000000000000000, 1.000000000000000000, 0.000000000000000000 ) ) ;
#7845 = CARTESIAN_POINT ( 'NONE',  ( 54.64782021278482915, -6.349999999999999645, -1.364613927707009067 ) ) ;
#7846 = CARTESIAN_POINT ( 'NONE',  ( 9.162315432528309600, -1.596637958731250917, 0.3942527191727924207 ) ) ;
#7847 = CARTESIAN_POINT ( 'NONE',  ( 4.684623523208825802, -6.349999999999999645, -25.00000000000000000 ) ) ;
#7848 = VECTOR ( 'NONE', #7197, 1000.000000000000000 ) ;
#7849 = PLANE ( 'NONE',  #4413 ) ;
#7850 = EDGE_CURVE ( 'NONE', #4353, #3846, #1079, .T. ) ;
#7851 = ORIENTED_EDGE ( 'NONE', *, *, #7395, .F. ) ;
#7852 = VERTEX_POINT ( 'NONE', #7205 ) ;
#7853 = CARTESIAN_POINT ( 'NONE',  ( 42.95593864038758625, 1.999999999999998668, -5.461999999999999744 ) ) ;
#7854 = DIRECTION ( 'NONE',  ( 0.000000000000000000, 0.000000000000000000, -1.000000000000000000 ) ) ;
#7855 = VERTEX_POINT ( 'NONE', #1622 ) ;
#7856 = CARTESIAN_POINT ( 'NONE',  ( 58.81537647679117242, -1.596637958731250917, -0.7860000000000000320 ) ) ;
#7857 = VERTEX_POINT ( 'NONE', #6057 ) ;
#7858 = LINE ( 'NONE', #1188, #7515 ) ;
#7859 = ORIENTED_EDGE ( 'NONE', *, *, #6464, .T. ) ;
#7860 = ADVANCED_FACE ( 'NONE', ( #4718 ), #4068, .T. ) ;
#7861 = DIRECTION ( 'NONE',  ( 0.000000000000000000, 1.000000000000000000, 0.000000000000000000 ) ) ;
#7862 = CARTESIAN_POINT ( 'NONE',  ( 4.684623523208827578, 1.596637958731240925, -2.285999999999999588 ) ) ;
#7863 = DIRECTION ( 'NONE',  ( -0.9848077530122080203, -1.318768997827082649E-16, 0.1736481776669312194 ) ) ;
#7864 = EDGE_CURVE ( 'NONE', #1815, #1846, #4634, .T. ) ;
#7865 = EDGE_CURVE ( 'NONE', #7456, #4304, #3499, .T. ) ;
#7866 = VERTEX_POINT ( 'NONE', #7766 ) ;
#7867 = CARTESIAN_POINT ( 'NONE',  ( 27.06537647679117597, -1.596637958731250917, 21.82499999999999929 ) ) ;
#7868 = VERTEX_POINT ( 'NONE', #1657 ) ;
#7869 = EDGE_CURVE ( 'NONE', #4459, #1447, #7121, .T. ) ;
#7870 = ORIENTED_EDGE ( 'NONE', *, *, #3485, .F. ) ;
#7871 = EDGE_CURVE ( 'NONE', #5133, #1398, #6553, .T. ) ;
#7872 = CARTESIAN_POINT ( 'NONE',  ( 27.06537647679117597, -6.349999999999999645, 21.82499999999999929 ) ) ;
#7873 = DIRECTION ( 'NONE',  ( -1.000000000000000000, 0.000000000000000000, -1.851507882525184455E-16 ) ) ;
#7874 = LINE ( 'NONE', #6549, #1044 ) ;
#7875 = LINE ( 'NONE', #4066, #4558 ) ;
#7877 = ORIENTED_EDGE ( 'NONE', *, *, #7531, .F. ) ;
#7876 = DIRECTION ( 'NONE',  ( -0.000000000000000000, 1.000000000000000000, 0.000000000000000000 ) ) ;
#7878 = DIRECTION ( 'NONE',  ( -9.244463733058734832E-33, -1.000000000000000000, -1.358106471860482877E-16 ) ) ;
#7879 = CARTESIAN_POINT ( 'NONE',  ( 12.20593864038758980, -0.4999999999999991673, -1.955972100311189399 ) ) ;
#7880 = EDGE_CURVE ( 'NONE', #7781, #7535, #2276, .T. ) ;
#7881 = CARTESIAN_POINT ( 'NONE',  ( 35.09813380855663922, 2.000000000000000888, -4.175000000000001599 ) ) ;
#7882 = CARTESIAN_POINT ( 'NONE',  ( 20.54406135961241020, 1.999999999999998668, -1.395354880397275066 ) ) ;
#7883 = FACE_OUTER_BOUND ( 'NONE', #2552, .T. ) ;
#7884 = VECTOR ( 'NONE', #4572, 1000.000000000000000 ) ;
#7885 = ORIENTED_EDGE ( 'NONE', *, *, #1401, .F. ) ;
#7886 =( BOUNDED_CURVE ( )  B_SPLINE_CURVE ( 3, ( #5762, #788, #167, #2054 ),
 .UNSPECIFIED., .F., .T. ) 
 B_SPLINE_CURVE_WITH_KNOTS ( ( 4, 4 ),
 ( 0.000000000000000000, 0.2722591191863785176 ),
 .UNSPECIFIED. ) 
 CURVE ( )  GEOMETRIC_REPRESENTATION_ITEM ( )  RATIONAL_B_SPLINE_CURVE ( ( 1.000000000000000000, 0.9938324475413840009, 0.9938324475413840009, 1.000000000000000000 ) ) 
 REPRESENTATION_ITEM ( '' )  );
#7887 = ORIENTED_EDGE ( 'NONE', *, *, #4966, .F. ) ;
#7888 = DIRECTION ( 'NONE',  ( -0.000000000000000000, -0.000000000000000000, 1.000000000000000000 ) ) ;
#7889 = VECTOR ( 'NONE', #6683, 1000.000000000000000 ) ;
#7890 = CARTESIAN_POINT ( 'NONE',  ( 34.10918208222989279, -3.105563006354283395, -2.618397326902869082 ) ) ;
#7891 = DIRECTION ( 'NONE',  ( 0.000000000000000000, 0.000000000000000000, 1.000000000000000000 ) ) ;
#7892 = AXIS2_PLACEMENT_3D ( 'NONE', #3598, #6728, #4898 ) ;
#7893 = EDGE_CURVE ( 'NONE', #4284, #7411, #6672, .T. ) ;
#7894 = VERTEX_POINT ( 'NONE', #7240 ) ;
#7895 = CARTESIAN_POINT ( 'NONE',  ( 35.61781592116276585, -0.5000000000000003331, -0.8889999999999956826 ) ) ;
#7896 = PLANE ( 'NONE',  #221 ) ;
#7897 = VECTOR ( 'NONE', #2753, 1000.000000000000000 ) ;
#7898 = EDGE_LOOP ( 'NONE', ( #2001, #2630, #3463, #1653, #6348, #6460, #2504, #6004, #4443, #2785, #4936, #7712, #3933 ) ) ;
#7899 = CARTESIAN_POINT ( 'NONE',  ( -6.789423587380180771E-29, 8.609464714099180422E-17, 1.000000000000000000 ) ) ;
#7900 = AXIS2_PLACEMENT_3D ( 'NONE', #67, #6889, #728 ) ;
#7901 = DIRECTION ( 'NONE',  ( 0.9848077530122079093, 0.000000000000000000, -0.1736481776669313026 ) ) ;
#7902 = VERTEX_POINT ( 'NONE', #4795 ) ;
#7903 = CYLINDRICAL_SURFACE ( 'NONE', #298, 1.500000000000000000 ) ;
#7904 = DIRECTION ( 'NONE',  ( -0.1735423958889129592, 0.03489949670250421659, -0.9842078347376876923 ) ) ;
#7905 = DIRECTION ( 'NONE',  ( -0.000000000000000000, 1.000000000000000000, 0.000000000000000000 ) ) ;
#7906 = VECTOR ( 'NONE', #1838, 1000.000000000000000 ) ;
#7907 = EDGE_LOOP ( 'NONE', ( #4608, #2121, #1441, #6378 ) ) ;
#7908 = CARTESIAN_POINT ( 'NONE',  ( 42.95593864038758625, -0.4999999999999995559, -3.426208104168764645 ) ) ;
#7909 = AXIS2_PLACEMENT_3D ( 'NONE', #1648, #2185, #7836 ) ;
#7910 = EDGE_LOOP ( 'NONE', ( #2691, #4930, #4497, #2979, #2433, #7231, #7103, #7261, #6048, #959, #3133, #4275 ) ) ;
#7911 = EDGE_CURVE ( 'NONE', #1930, #6580, #3275, .T. ) ;
#7912 = ORIENTED_EDGE ( 'NONE', *, *, #6374, .F. ) ;
#7913 = VECTOR ( 'NONE', #4693, 1000.000000000000114 ) ;
#7914 = CARTESIAN_POINT ( 'NONE',  ( 54.47417203511789552, -3.125000000000000000, -0.3798061746948028228 ) ) ;
#7915 = CARTESIAN_POINT ( 'NONE',  ( -6.789423587380180771E-29, 8.609464714099180422E-17, -5.461999999999996191 ) ) ;
#7916 = CIRCLE ( 'NONE', #7792, 3.900000000000019895 ) ;
#7917 = VECTOR ( 'NONE', #1891, 999.9999999999998863 ) ;
#7918 = EDGE_CURVE ( 'NONE', #7418, #3823, #647, .T. ) ;
#7919 = EDGE_CURVE ( 'NONE', #5376, #4813, #5937, .T. ) ;
#7920 = ORIENTED_EDGE ( 'NONE', *, *, #2622, .F. ) ;
#7921 = VECTOR ( 'NONE', #3186, 1000.000000000000000 ) ;
#7922 = CARTESIAN_POINT ( 'NONE',  ( 31.75000000000000000, 0.000000000000000000, -0.8890000000000000124 ) ) ;
#7923 = ORIENTED_EDGE ( 'NONE', *, *, #6246, .F. ) ;
#7924 = VECTOR ( 'NONE', #7618, 1000.000000000000000 ) ;
#7926 = ORIENTED_EDGE ( 'NONE', *, *, #1507, .F. ) ;
#7925 = DIRECTION ( 'NONE',  ( -1.000000000000000000, 0.000000000000000000, 0.000000000000000000 ) ) ;
#7927 = DIRECTION ( 'NONE',  ( -0.000000000000000000, -0.000000000000000000, 1.000000000000000000 ) ) ;
#7928 = CARTESIAN_POINT ( 'NONE',  ( 27.06537647679117597, -2.000000000000000444, -0.9442512108800661386 ) ) ;
#7929 = CARTESIAN_POINT ( 'NONE',  ( 52.29406135961241375, 1.999999999999999112, -1.779645119602723424 ) ) ;
#7930 = LINE ( 'NONE', #7972, #254 ) ;
#7931 = DIRECTION ( 'NONE',  ( -0.000000000000000000, 1.000000000000000000, 0.000000000000000000 ) ) ;
#7932 = CIRCLE ( 'NONE', #6512, 25.83834924505374886 ) ;
#7933 = VECTOR ( 'NONE', #4756, 1000.000000000000000 ) ;
#7934 = ADVANCED_FACE ( 'NONE', ( #342 ), #3541, .T. ) ;
#7935 = VERTEX_POINT ( 'NONE', #997 ) ;
#7936 = EDGE_LOOP ( 'NONE', ( #1286, #5191, #2298, #6429, #6881, #559, #1419, #6995, #917, #2845, #730, #1830, #4792, #4485, #5745, #3253, #5652, #2551, #4200, #4028 ) ) ;
#7937 = CARTESIAN_POINT ( 'NONE',  ( 29.65000000000000213, 2.815259200353793824E-16, -5.462000000000001521 ) ) ;
#7938 = VECTOR ( 'NONE', #3872, 1000.000000000000000 ) ;
#7939 = LINE ( 'NONE', #523, #7409 ) ;
#7940 = CARTESIAN_POINT ( 'NONE',  ( 51.29406135961241375, 1.596637958731240925, -3.261810723196257200 ) ) ;
#7941 = AXIS2_PLACEMENT_3D ( 'NONE', #7588, #5758, #3808 ) ;
#7942 = EDGE_LOOP ( 'NONE', ( #4126, #5295, #8044, #6435, #7645, #7241, #293, #6155, #2248, #314, #3677, #1788 ) ) ;
#7943 = LINE ( 'NONE', #4769, #1016 ) ;
#7944 = DIRECTION ( 'NONE',  ( 0.9848077530122080203, -1.223329535901940059E-16, -0.1736481776669310806 ) ) ;
#7945 =( BOUNDED_CURVE ( )  B_SPLINE_CURVE ( 3, ( #1437, #3239, #2008, #3809 ),
 .UNSPECIFIED., .F., .T. ) 
 B_SPLINE_CURVE_WITH_KNOTS ( ( 4, 4 ),
 ( 6.010926187993208103, 6.283185307179586232 ),
 .UNSPECIFIED. ) 
 CURVE ( )  GEOMETRIC_REPRESENTATION_ITEM ( )  RATIONAL_B_SPLINE_CURVE ( ( 1.000000000000000000, 0.9938324475413840009, 0.9938324475413840009, 1.000000000000000000 ) ) 
 REPRESENTATION_ITEM ( '' )  );
#7946 = ADVANCED_FACE ( 'NONE', ( #6516 ), #2852, .F. ) ;
#7947 = CARTESIAN_POINT ( 'NONE',  ( 2.964076009658665356, 2.539715928915413201, -1.962147544309549296 ) ) ;
#7948 = EDGE_LOOP ( 'NONE', ( #5741, #452, #6501, #4067 ) ) ;
#7949 = FACE_OUTER_BOUND ( 'NONE', #4481, .T. ) ;
#7950 = FACE_OUTER_BOUND ( 'NONE', #629, .T. ) ;
#7951 = ORIENTED_EDGE ( 'NONE', *, *, #1204, .F. ) ;
#7952 = B_SPLINE_CURVE_WITH_KNOTS ( 'NONE', 3,
 ( #2066, #715, #3858, #2109, #5126, #2650, #5040, #93, #4551, #6997, #1487, #5689 ),
 .UNSPECIFIED., .F., .F.,
 ( 4, 2, 2, 2, 2, 4 ),
 ( 9.757819552369539906E-19, 0.0002680472927737249586, 0.0005360945855474489414, 0.001072189171094896365, 0.001608283756642343680, 0.002144378342189790562 ),
 .UNSPECIFIED. ) ;
#7953 = DIRECTION ( 'NONE',  ( 1.000000000000000000, -4.777843668780926162E-17, 0.000000000000000000 ) ) ;
#7954 = CARTESIAN_POINT ( 'NONE',  ( 31.75000000000000000, -4.068487126012679770E-16, -2.175000000000000711 ) ) ;
#7955 = CARTESIAN_POINT ( 'NONE',  ( 4.684623523208827578, -1.596637958731250917, -0.7860000000000000320 ) ) ;
#7956 = CARTESIAN_POINT ( 'NONE',  ( 44.90280107809913801, -0.4999999999999995559, -3.082923728672363417 ) ) ;
#7957 = ADVANCED_FACE ( 'NONE', ( #5370 ), #1585, .F. ) ;
#7958 = ORIENTED_EDGE ( 'NONE', *, *, #601, .T. ) ;
#7959 = CARTESIAN_POINT ( 'NONE',  ( 34.70789999721675656, 2.556236529698767690, -5.152373076014528763 ) ) ;
#7960 = ORIENTED_EDGE ( 'NONE', *, *, #3596, .F. ) ;
#7961 = CARTESIAN_POINT ( 'NONE',  ( 29.17152852484136716, 2.927549233475418511, -4.672074048355179698 ) ) ;
#7962 = PLANE ( 'NONE',  #7087 ) ;
#7963 = CARTESIAN_POINT ( 'NONE',  ( 51.29406135961241375, 0.4999999999999996669, 2.287000000000011468 ) ) ;
#7964 = EDGE_CURVE ( 'NONE', #78, #6212, #7804, .T. ) ;
#7965 = ORIENTED_EDGE ( 'NONE', *, *, #5436, .T. ) ;
#7966 = DIRECTION ( 'NONE',  ( 0.9848077530122080203, 0.000000000000000000, -0.1736481776669310806 ) ) ;
#7968 = ORIENTED_EDGE ( 'NONE', *, *, #6009, .T. ) ;
#7967 = DIRECTION ( 'NONE',  ( 0.000000000000000000, 1.000000000000000000, 1.379057453301393079E-16 ) ) ;
#7969 = DIRECTION ( 'NONE',  ( 1.851507882525183222E-16, 1.334402673828313093E-16, -1.000000000000000000 ) ) ;
#7970 = PLANE ( 'NONE',  #2645 ) ;
#7971 = EDGE_CURVE ( 'NONE', #3364, #6024, #4697, .T. ) ;
#7972 = CARTESIAN_POINT ( 'NONE',  ( 8.628868230735498912, -0.4999999999999985012, -2.631076698080709431 ) ) ;
#7973 = LINE ( 'NONE', #4724, #7399 ) ;
#7974 = ADVANCED_FACE ( 'NONE', ( #2673 ), #39, .T. ) ;
#7975 = ADVANCED_FACE ( 'NONE', ( #6415 ), #7552, .F. ) ;
#7976 = ORIENTED_EDGE ( 'NONE', *, *, #6657, .T. ) ;
#7977 = ORIENTED_EDGE ( 'NONE', *, *, #2294, .T. ) ;
#7978 = PLANE ( 'NONE',  #4209 ) ;
#7979 = FACE_OUTER_BOUND ( 'NONE', #984, .T. ) ;
#7980 = CARTESIAN_POINT ( 'NONE',  ( 27.06537647679117597, -3.125000000000000000, -3.174999999999997158 ) ) ;
#7981 = ORIENTED_EDGE ( 'NONE', *, *, #4206, .F. ) ;
#7982 = EDGE_CURVE ( 'NONE', #4291, #2482, #6784, .T. ) ;
#7983 = CARTESIAN_POINT ( 'NONE',  ( 12.20593864038759158, 1.999999999999999112, -3.205707173329725101 ) ) ;
#7984 = CARTESIAN_POINT ( 'NONE',  ( 4.684623523208825802, -1.999999999999998224, -25.00000000000000000 ) ) ;
#7985 = CIRCLE ( 'NONE', #2006, 26.00000000000000355 ) ;
#7986 = B_SPLINE_CURVE_WITH_KNOTS ( 'NONE', 3,
 ( #502, #3170, #5646, #8037, #7442, #7961, #4958, #1933, #4259, #3049, #4871, #1158 ),
 .UNSPECIFIED., .F., .F.,
 ( 4, 2, 2, 2, 2, 4 ),
 ( 0.000000000000000000, 0.0002680472927737230612, 0.0005360945855474461225, 0.001072189171094892679, 0.001608283756642339126, 0.002144378342189785791 ),
 .UNSPECIFIED. ) ;
#7987 = EDGE_LOOP ( 'NONE', ( #2093, #7117, #810, #391 ) ) ;
#7988 = ORIENTED_EDGE ( 'NONE', *, *, #5619, .T. ) ;
#7989 = DIRECTION ( 'NONE',  ( -1.000000000000000000, -0.000000000000000000, -1.851507882525182976E-16 ) ) ;
#7990 = AXIS2_PLACEMENT_3D ( 'NONE', #217, #4509, #2652 ) ;
#7991 = DIRECTION ( 'NONE',  ( 0.000000000000000000, 0.000000000000000000, 1.000000000000000000 ) ) ;
#7992 = ORIENTED_EDGE ( 'NONE', *, *, #7743, .F. ) ;
#7993 = AXIS2_PLACEMENT_3D ( 'NONE', #7264, #4055, #2882 ) ;
#7994 = ADVANCED_FACE ( 'NONE', ( #5113 ), #3322, .T. ) ;
#7995 = DIRECTION ( 'NONE',  ( -0.000000000000000000, -0.000000000000000000, 1.000000000000000000 ) ) ;
#7996 = CARTESIAN_POINT ( 'NONE',  ( 52.29406135961241375, 0.5000000000000004441, -3.085483742487790781 ) ) ;
#7997 = LINE ( 'NONE', #2425, #6370 ) ;
#7998 = ORIENTED_EDGE ( 'NONE', *, *, #1967, .T. ) ;
#7999 = VERTEX_POINT ( 'NONE', #1393 ) ;
#8000 = EDGE_CURVE ( 'NONE', #711, #1343, #3012, .T. ) ;
#8001 = CARTESIAN_POINT ( 'NONE',  ( 42.95593864038758625, -1.999999999999998224, -4.175000000000002487 ) ) ;
#8002 = DIRECTION ( 'NONE',  ( 0.1736481776669305532, 0.000000000000000000, -0.9848077530122080203 ) ) ;
#8003 = LINE ( 'NONE', #3690, #240 ) ;
#8004 = ORIENTED_EDGE ( 'NONE', *, *, #2060, .T. ) ;
#8005 = CARTESIAN_POINT ( 'NONE',  ( 12.20593864038758980, 0.4999999999999995559, 0.07488112346030248445 ) ) ;
#8007 = ORIENTED_EDGE ( 'NONE', *, *, #7363, .F. ) ;
#8006 = CARTESIAN_POINT ( 'NONE',  ( 27.06537647679117597, 0.000000000000000000, 21.82499999999999929 ) ) ;
#8008 = LINE ( 'NONE', #1042, #1025 ) ;
#8009 = DIRECTION ( 'NONE',  ( -0.9848077530122080203, -2.317165925841669287E-17, 0.1736481776669310806 ) ) ;
#8010 = CARTESIAN_POINT ( 'NONE',  ( 12.20593864038758980, -1.999999999999998668, -5.461999999999999744 ) ) ;
#8011 = CARTESIAN_POINT ( 'NONE',  ( 61.40000000000000568, 8.609464714099180422E-17, 2.285999999999999588 ) ) ;
#8012 = LINE ( 'NONE', #7406, #2985 ) ;
#8013 = ORIENTED_EDGE ( 'NONE', *, *, #4096, .T. ) ;
#8014 = ORIENTED_EDGE ( 'NONE', *, *, #5597, .T. ) ;
#8015 = DIRECTION ( 'NONE',  ( 0.000000000000000000, 0.000000000000000000, 1.000000000000000000 ) ) ;
#8016 = DIRECTION ( 'NONE',  ( 0.000000000000000000, -1.000000000000000000, 0.000000000000000000 ) ) ;
#8017 = CARTESIAN_POINT ( 'NONE',  ( 29.31282707385241793, -3.044840474553112575, -1.988753715557557866 ) ) ;
#8018 = EDGE_CURVE ( 'NONE', #2507, #4897, #5674, .T. ) ;
#8019 = ORIENTED_EDGE ( 'NONE', *, *, #8020, .T. ) ;
#8020 = EDGE_CURVE ( 'NONE', #1820, #389, #1322, .T. ) ;
#8021 = FACE_OUTER_BOUND ( 'NONE', #1227, .T. ) ;
#8022 = CARTESIAN_POINT ( 'NONE',  ( 51.29406135961241375, -0.5000000000000003331, 2.287000000000011468 ) ) ;
#8023 = CARTESIAN_POINT ( 'NONE',  ( 58.81537647679117242, 3.125000000000000000, 1.391333921542872651E-28 ) ) ;
#8024 = EDGE_CURVE ( 'NONE', #7359, #1292, #3882, .T. ) ;
#8025 = ORIENTED_EDGE ( 'NONE', *, *, #6617, .F. ) ;
#8026 = ORIENTED_EDGE ( 'NONE', *, *, #6770, .T. ) ;
#8027 = CARTESIAN_POINT ( 'NONE',  ( 27.88218407883723415, -0.5000000000000003331, -2.175000000000001599 ) ) ;
#8028 = CARTESIAN_POINT ( 'NONE',  ( 9.025827964882100929, -3.125000000000000000, -0.3798061746948028228 ) ) ;
#8029 = LINE ( 'NONE', #1724, #7215 ) ;
#8030 = DIRECTION ( 'NONE',  ( 0.000000000000000000, -1.000000000000000000, -1.379057453301393079E-16 ) ) ;
#8031 = AXIS2_PLACEMENT_3D ( 'NONE', #5424, #6292, #7023 ) ;
#8032 = ADVANCED_FACE ( 'NONE', ( #3283 ), #3926, .T. ) ;
#8033 = VECTOR ( 'NONE', #2424, 1000.000000000000000 ) ;
#8034 = EDGE_LOOP ( 'NONE', ( #4952, #2731, #7843, #584, #5643 ) ) ;
#8035 = CARTESIAN_POINT ( 'NONE',  ( 34.29241446683501948, 2.957769699857468293, -4.596661921126742101 ) ) ;
#8036 = ORIENTED_EDGE ( 'NONE', *, *, #2958, .T. ) ;
#8037 = CARTESIAN_POINT ( 'NONE',  ( 29.31282707385242148, 3.044840474553113463, -4.361246284442436227 ) ) ;
#8038 = FACE_OUTER_BOUND ( 'NONE', #3166, .T. ) ;
#8039 = CARTESIAN_POINT ( 'NONE',  ( 28.40186619144336078, -2.000000000000000444, -5.461999999999999744 ) ) ;
#8040 = VECTOR ( 'NONE', #7931, 1000.000000000000000 ) ;
#8041 = ORIENTED_EDGE ( 'NONE', *, *, #3292, .F. ) ;
#8042 = VECTOR ( 'NONE', #3852, 1000.000000000000000 ) ;
#8043 = DIRECTION ( 'NONE',  ( 0.000000000000000000, 1.000000000000000000, 0.000000000000000000 ) ) ;
#8044 = ORIENTED_EDGE ( 'NONE', *, *, #7964, .F. ) ;
#8045 = VECTOR ( 'NONE', #360, 999.9999999999998863 ) ;
#8047 = VERTEX_POINT ( 'NONE', #6291 ) ;
#8046 = CARTESIAN_POINT ( 'NONE',  ( 61.16668154766650645, -3.125000000000000000, -2.545853211700498501E-16 ) ) ;
#8048 = DIRECTION ( 'NONE',  ( 0.000000000000000000, 0.03489949670250425129, 0.9993908270190955401 ) ) ;
#8049 = CARTESIAN_POINT ( 'NONE',  ( 63.50000000000000000, 0.000000000000000000, 2.286000000000000032 ) ) ;
#8050 = CARTESIAN_POINT ( 'NONE',  ( 60.33674029251119464, 2.286851900232850898, -2.126270054425184686 ) ) ;
#8051 = DIRECTION ( 'NONE',  ( 0.000000000000000000, -0.03436992607709399294, 0.9994091795563292413 ) ) ;
#8052 = AXIS2_PLACEMENT_3D ( 'NONE', #4213, #5595, #3722 ) ;
#8053 = VECTOR ( 'NONE', #2357, 1000.000000000000114 ) ;
#8054 = EDGE_LOOP ( 'NONE', ( #7834, #3928, #3988, #8014, #6665 ) ) ;
#8055 = VECTOR ( 'NONE', #3817, 1000.000000000000000 ) ;
#8056 = EDGE_CURVE ( 'NONE', #5115, #2102, #6254, .T. ) ;
#8057 = ORIENTED_EDGE ( 'NONE', *, *, #5097, .T. ) ;
#8058 = CARTESIAN_POINT ( 'NONE',  ( 27.06537647679117597, 3.095724199259894949, 21.82499999999999929 ) ) ;
#8059 = DIRECTION ( 'NONE',  ( 8.152844887332517600E-32, 1.000000000000000000, 1.379057453301392586E-16 ) ) ;
#8060 = VECTOR ( 'NONE', #7844, 1000.000000000000000 ) ;
#8061 = ORIENTED_EDGE ( 'NONE', *, *, #5986, .F. ) ;
#8062 = DIRECTION ( 'NONE',  ( -0.9848077530122079093, -1.087052405242915289E-16, 0.1736481776669313026 ) ) ;
#8063 = PLANE ( 'NONE',  #6746 ) ;
#8064 = CIRCLE ( 'NONE', #5848, 26.00000000000000355 ) ;
#8065 = CARTESIAN_POINT ( 'NONE',  ( 35.09813380855665343, 2.000000000000005773, -2.175000000000000266 ) ) ;
#8066 = VECTOR ( 'NONE', #5783, 1000.000000000000000 ) ;
#8067 = ORIENTED_EDGE ( 'NONE', *, *, #5829, .F. ) ;
#8068 = CARTESIAN_POINT ( 'NONE',  ( 2.432820236353855581, 3.049668403589958388, 1.193044598294886294 ) ) ;
#8069 = CIRCLE ( 'NONE', #1310, 1.499999999999999556 ) ;
#8070 = EDGE_LOOP ( 'NONE', ( #4227, #4835, #2558, #6154 ) ) ;
#8071 = CARTESIAN_POINT ( 'NONE',  ( 11.20593864038758802, 1.999999999999997780, 2.287000000000004363 ) ) ;
ENDSEC;
END-ISO-10303-21;
