ISO-10303-21;
HEADER;
FILE_DESCRIPTION (( 'STEP AP203' ),
    '1' );
FILE_NAME ('228-2500-421.step',
    '2022-06-07T14:06:29',
    ( '' ),
    ( '' ),
    'SwSTEP 2.0',
    'SolidWorks 2019',
    '' );
FILE_SCHEMA (( 'CONFIG_CONTROL_DESIGN' ));
ENDSEC;

DATA;
#1 = DIRECTION ( 'NONE',  ( 1.000000000000000000, 0.000000000000000000, 0.000000000000000000 ) ) ;
#2 = DIRECTION ( 'NONE',  ( -0.000000000000000000, -0.000000000000000000, -1.000000000000000000 ) ) ;
#3 = PRODUCT ( '228-2500-421', '228-2500-421', '', ( #2107 ) ) ;
#4 = DIRECTION ( 'NONE',  ( 1.000000000000000000, 0.000000000000000000, 0.000000000000000000 ) ) ;
#5 = ORIENTED_EDGE ( 'NONE', *, *, #2228, .T. ) ;
#6 = DIRECTION ( 'NONE',  ( 0.000000000000000000, 0.000000000000000000, 1.000000000000000000 ) ) ;
#7 = CARTESIAN_POINT ( 'NONE',  ( 0.000000000000000000, 0.000000000000000000, -12.70000000000000107 ) ) ;
#8 = ADVANCED_FACE ( 'NONE', ( #2261 ), #1906, .F. ) ;
#9 = LINE ( 'NONE', #2230, #1178 ) ;
#10 = ORIENTED_EDGE ( 'NONE', *, *, #1689, .T. ) ;
#11 = DIRECTION ( 'NONE',  ( 0.01745240643727662133, 0.9998476951563912696, 0.000000000000000000 ) ) ;
#12 = DIRECTION ( 'NONE',  ( 1.000000000000000000, 0.000000000000000000, 0.000000000000000000 ) ) ;
#13 = COORDINATED_UNIVERSAL_TIME_OFFSET ( 6, 0, .BEHIND. ) ;
#14 = ORIENTED_EDGE ( 'NONE', *, *, #662, .T. ) ;
#15 = CARTESIAN_POINT ( 'NONE',  ( -0.5000000000000022204, 5.643441823652880274, 5.856643253485336764 ) ) ;
#16 = VECTOR ( 'NONE', #625, 1000.000000000000000 ) ;
#17 = DIRECTION ( 'NONE',  ( -1.000000000000000000, -6.856614529552600275E-16, -0.000000000000000000 ) ) ;
#18 = CARTESIAN_POINT ( 'NONE',  ( -4.138111961791065774, 5.012587095670429704, 0.2999999999999947153 ) ) ;
#19 = CARTESIAN_POINT ( 'NONE',  ( 0.000000000000000000, 0.000000000000000000, -0.5000000000000000000 ) ) ;
#20 = ORIENTED_EDGE ( 'NONE', *, *, #1908, .T. ) ;
#21 = FACE_OUTER_BOUND ( 'NONE', #1825, .T. ) ;
#22 = AXIS2_PLACEMENT_3D ( 'NONE', #672, #1222, #318 ) ;
#23 = AXIS2_PLACEMENT_3D ( 'NONE', #32, #2086, #1156 ) ;
#24 = ORIENTED_EDGE ( 'NONE', *, *, #1579, .T. ) ;
#25 = CARTESIAN_POINT ( 'NONE',  ( 0.4999999999999995559, 4.806116049931954848, 6.041594592169079903 ) ) ;
#26 = EDGE_CURVE ( 'NONE', #354, #1281, #2285, .T. ) ;
#27 = EDGE_CURVE ( 'NONE', #1360, #1237, #799, .T. ) ;
#28 = LOCAL_TIME ( 9, 6, 29.00000000000000000, #2268 ) ;
#29 = CIRCLE ( 'NONE', #1406, 6.500000000000000888 ) ;
#30 = PERSON_AND_ORGANIZATION ( #74, #1762 ) ;
#31 = VERTEX_POINT ( 'NONE', #76 ) ;
#32 = CARTESIAN_POINT ( 'NONE',  ( 0.000000000000000000, 0.000000000000000000, 7.238999999999998991 ) ) ;
#33 = CARTESIAN_POINT ( 'NONE',  ( 0.000000000000000000, 0.000000000000000000, 11.55000000000000071 ) ) ;
#34 = FACE_OUTER_BOUND ( 'NONE', #2085, .T. ) ;
#35 = CARTESIAN_POINT ( 'NONE',  ( -3.726601669774037173, 1.737069781672663238, 6.201138945952378023 ) ) ;
#36 = EDGE_LOOP ( 'NONE', ( #2188, #893, #454, #2280 ) ) ;
#37 = PLANE ( 'NONE',  #1800 ) ;
#38 = ORIENTED_EDGE ( 'NONE', *, *, #377, .F. ) ;
#39 = PLANE ( 'NONE',  #1137 ) ;
#40 = CARTESIAN_POINT ( 'NONE',  ( 0.000000000000000000, 0.000000000000000000, 0.5000000000000000000 ) ) ;
#41 = ORIENTED_EDGE ( 'NONE', *, *, #828, .F. ) ;
#42 = CARTESIAN_POINT ( 'NONE',  ( 0.000000000000000000, 0.000000000000000000, 0.5000000000000000000 ) ) ;
#43 = ADVANCED_FACE ( 'NONE', ( #885 ), #575, .T. ) ;
#44 = LINE ( 'NONE', #1586, #1481 ) ;
#45 = DIRECTION ( 'NONE',  ( 0.000000000000000000, 0.000000000000000000, -1.000000000000000000 ) ) ;
#46 = EDGE_CURVE ( 'NONE', #1637, #839, #1554, .T. ) ;
#47 = DIRECTION ( 'NONE',  ( 0.9848077530122085754, 1.206041662501898114E-16, -0.1736481776669273336 ) ) ;
#48 = CARTESIAN_POINT ( 'NONE',  ( 1.587499999999998579, -1.587499999999998579, -11.81099999999999994 ) ) ;
#49 = ORIENTED_EDGE ( 'NONE', *, *, #645, .T. ) ;
#50 = FACE_BOUND ( 'NONE', #2206, .T. ) ;
#51 = DIRECTION ( 'NONE',  ( -0.000000000000000000, -0.000000000000000000, -1.000000000000000000 ) ) ;
#52 = ORIENTED_EDGE ( 'NONE', *, *, #1196, .F. ) ;
#53 = CARTESIAN_POINT ( 'NONE',  ( -3.000000000000000444, 0.000000000000000000, 48.04676041556469102 ) ) ;
#54 = PLANE ( 'NONE',  #688 ) ;
#55 = EDGE_CURVE ( 'NONE', #907, #468, #1867, .T. ) ;
#56 = PLANE ( 'NONE',  #458 ) ;
#57 = CC_DESIGN_DATE_AND_TIME_ASSIGNMENT ( #1927, #992, ( #466 ) ) ;
#58 = EDGE_CURVE ( 'NONE', #2226, #2160, #2177, .T. ) ;
#59 = VECTOR ( 'NONE', #17, 1000.000000000000000 ) ;
#60 = ORIENTED_EDGE ( 'NONE', *, *, #435, .F. ) ;
#61 = DIRECTION ( 'NONE',  ( 0.000000000000000000, 0.000000000000000000, -1.000000000000000000 ) ) ;
#62 = VERTEX_POINT ( 'NONE', #1074 ) ;
#63 = CARTESIAN_POINT ( 'NONE',  ( 3.968626966596883410, -0.5000000000000177636, -11.55000000000000071 ) ) ;
#64 = APPROVAL_DATE_TIME ( #621, #1808 ) ;
#65 = ORIENTED_EDGE ( 'NONE', *, *, #1627, .T. ) ;
#66 = AXIS2_PLACEMENT_3D ( 'NONE', #1550, #1353, #2320 ) ;
#67 = CARTESIAN_POINT ( 'NONE',  ( 0.5000000000000009992, -3.968626966596886074, -11.55000000000000071 ) ) ;
#68 = DIRECTION ( 'NONE',  ( 1.000000000000000000, 0.000000000000000000, -0.000000000000000000 ) ) ;
#69 = AXIS2_PLACEMENT_3D ( 'NONE', #40, #387, #1377 ) ;
#70 = AXIS2_PLACEMENT_3D ( 'NONE', #179, #1693, #2067 ) ;
#71 = CARTESIAN_POINT ( 'NONE',  ( -3.968626966596887851, -0.4999999999999838463, -11.55000000000000071 ) ) ;
#72 = ORIENTED_EDGE ( 'NONE', *, *, #377, .T. ) ;
#73 = CIRCLE ( 'NONE', #66, 5.050000000000001599 ) ;
#74 = PERSON ( 'UNSPECIFIED', 'UNSPECIFIED', 'UNSPECIFIED', ('UNSPECIFIED'), ('UNSPECIFIED'), ('UNSPECIFIED') ) ;
#75 = EDGE_CURVE ( 'NONE', #761, #2388, #178, .T. ) ;
#76 = CARTESIAN_POINT ( 'NONE',  ( -4.924787101874793294, 4.242224888099131341, -0.5000000000000000000 ) ) ;
#77 = DIRECTION ( 'NONE',  ( 1.000000000000000000, 0.000000000000000000, 0.000000000000000000 ) ) ;
#78 = ORIENTED_EDGE ( 'NONE', *, *, #1269, .T. ) ;
#79 = CARTESIAN_POINT ( 'NONE',  ( -6.480740698407862155, -0.4999999999999761302, 500000.0000000000582 ) ) ;
#80 = DATE_AND_TIME ( #456, #1405 ) ;
#81 = ORIENTED_EDGE ( 'NONE', *, *, #544, .T. ) ;
#82 = DIRECTION ( 'NONE',  ( -0.000000000000000000, -0.000000000000000000, -1.000000000000000000 ) ) ;
#83 = DIRECTION ( 'NONE',  ( 0.000000000000000000, 0.000000000000000000, 1.000000000000000000 ) ) ;
#84 = CARTESIAN_POINT ( 'NONE',  ( 0.000000000000000000, 0.000000000000000000, 11.55000000000000071 ) ) ;
#85 = ORIENTED_EDGE ( 'NONE', *, *, #888, .T. ) ;
#86 = EDGE_CURVE ( 'NONE', #1958, #2226, #1624, .T. ) ;
#87 = CARTESIAN_POINT ( 'NONE',  ( -0.5000000000000004441, -6.480740698407859490, 500000.0000000000582 ) ) ;
#88 = EDGE_LOOP ( 'NONE', ( #1590, #640, #1509, #780 ) ) ;
#89 = CARTESIAN_POINT ( 'NONE',  ( 1.587499999999998579, 1.587500000000000355, -7.239000000000000767 ) ) ;
#90 = EDGE_CURVE ( 'NONE', #1786, #783, #2316, .T. ) ;
#91 = DATE_TIME_ROLE ( 'classification_date' ) ;
#92 = EDGE_LOOP ( 'NONE', ( #183, #1967 ) ) ;
#93 = DIRECTION ( 'NONE',  ( 1.000000000000000000, 0.000000000000000000, 0.000000000000000000 ) ) ;
#94 = CARTESIAN_POINT ( 'NONE',  ( 4.049383165383384942, -0.07068224607097323142, 7.238999999999998991 ) ) ;
#95 = DIRECTION ( 'NONE',  ( -0.000000000000000000, -0.000000000000000000, -1.000000000000000000 ) ) ;
#96 = ORIENTED_EDGE ( 'NONE', *, *, #570, .F. ) ;
#97 = EDGE_LOOP ( 'NONE', ( #1581, #747, #727, #2353 ) ) ;
#98 = CONICAL_SURFACE ( 'NONE', #2222, 0.2999999999999994893, 0.7853981633974492782 ) ;
#99 = DIRECTION ( 'NONE',  ( 0.000000000000000000, 0.000000000000000000, -1.000000000000000000 ) ) ;
#100 = ORIENTED_EDGE ( 'NONE', *, *, #690, .T. ) ;
#101 = EDGE_LOOP ( 'NONE', ( #41, #1069, #2278, #1324 ) ) ;
#102 = CARTESIAN_POINT ( 'NONE',  ( 0.000000000000000000, 0.000000000000000000, 12.54999999999999893 ) ) ;
#103 = EDGE_CURVE ( 'NONE', #1085, #1287, #1869, .T. ) ;
#104 = CARTESIAN_POINT ( 'NONE',  ( -0.5000000000000004441, -3.968626966596886074, -11.55000000000000071 ) ) ;
#105 = CARTESIAN_POINT ( 'NONE',  ( 0.000000000000000000, 0.000000000000000000, -11.55000000000000071 ) ) ;
#106 = AXIS2_PLACEMENT_3D ( 'NONE', #1181, #1582, #434 ) ;
#107 = ORIENTED_EDGE ( 'NONE', *, *, #1013, .T. ) ;
#108 = VECTOR ( 'NONE', #1651, 1000.000000000000114 ) ;
#109 = AXIS2_PLACEMENT_3D ( 'NONE', #1046, #670, #833 ) ;
#110 = ORIENTED_EDGE ( 'NONE', *, *, #1954, .T. ) ;
#111 = AXIS2_PLACEMENT_3D ( 'NONE', #1483, #1319, #578 ) ;
#112 = DIRECTION ( 'NONE',  ( 0.000000000000000000, -0.000000000000000000, 1.000000000000000000 ) ) ;
#113 = CYLINDRICAL_SURFACE ( 'NONE', #1451, 5.050000000000001599 ) ;
#114 = ORIENTED_EDGE ( 'NONE', *, *, #166, .F. ) ;
#115 = ORIENTED_EDGE ( 'NONE', *, *, #2390, .T. ) ;
#116 = CARTESIAN_POINT ( 'NONE',  ( 0.000000000000000000, 0.000000000000000000, 12.55100000000000016 ) ) ;
#117 = LINE ( 'NONE', #2168, #929 ) ;
#118 = FACE_OUTER_BOUND ( 'NONE', #2037, .T. ) ;
#119 = EDGE_CURVE ( 'NONE', #1077, #1743, #2063, .T. ) ;
#120 = DIRECTION ( 'NONE',  ( 1.000000000000000000, 0.000000000000000000, 0.000000000000000000 ) ) ;
#121 = VERTEX_POINT ( 'NONE', #321 ) ;
#122 = ADVANCED_FACE ( 'NONE', ( #2030, #915 ), #540, .F. ) ;
#123 = ORIENTED_EDGE ( 'NONE', *, *, #435, .T. ) ;
#124 = LINE ( 'NONE', #137, #854 ) ;
#125 = DIRECTION ( 'NONE',  ( 1.000000000000000000, 0.000000000000000000, 0.000000000000000000 ) ) ;
#126 = ORIENTED_EDGE ( 'NONE', *, *, #274, .F. ) ;
#127 = DATE_AND_TIME ( #2155, #2307 ) ;
#128 = VERTEX_POINT ( 'NONE', #332 ) ;
#129 = CARTESIAN_POINT ( 'NONE',  ( -4.200323781142703439, 8.576699839306902717, 10.91147031045236915 ) ) ;
#130 = CARTESIAN_POINT ( 'NONE',  ( 4.000000000000000000, 0.000000000000000000, -24.01370849898475868 ) ) ;
#131 = DIRECTION ( 'NONE',  ( -1.000000000000000000, 0.000000000000000000, 0.000000000000000000 ) ) ;
#132 = CARTESIAN_POINT ( 'NONE',  ( 3.968626966596883410, -0.5000000000000177636, 500000.0000000000582 ) ) ;
#133 = ORIENTED_EDGE ( 'NONE', *, *, #1979, .F. ) ;
#134 = EDGE_CURVE ( 'NONE', #1972, #1204, #373, .T. ) ;
#135 = ORIENTED_EDGE ( 'NONE', *, *, #1809, .F. ) ;
#136 = EDGE_CURVE ( 'NONE', #1415, #1544, #873, .T. ) ;
#137 = CARTESIAN_POINT ( 'NONE',  ( 3.968626966596883410, -0.5000000000000177636, 500000.0000000000582 ) ) ;
#138 = DIRECTION ( 'NONE',  ( -0.000000000000000000, -0.000000000000000000, 1.000000000000000000 ) ) ;
#139 = AXIS2_PLACEMENT_3D ( 'NONE', #1206, #1170, #235 ) ;
#140 = EDGE_LOOP ( 'NONE', ( #766, #2362, #539, #900 ) ) ;
#141 = ORIENTED_EDGE ( 'NONE', *, *, #1134, .F. ) ;
#142 = CARTESIAN_POINT ( 'NONE',  ( 4.103544145677683552, 3.032198236874882546, 5.998645312954751674 ) ) ;
#143 = LINE ( 'NONE', #1817, #2410 ) ;
#144 = CARTESIAN_POINT ( 'NONE',  ( 3.978898437011833433, 1.799329955645323498, 6.144502281795295673 ) ) ;
#145 = ORIENTED_EDGE ( 'NONE', *, *, #841, .T. ) ;
#146 = CARTESIAN_POINT ( 'NONE',  ( 0.000000000000000000, 0.000000000000000000, 10.55000000000000071 ) ) ;
#147 = ORIENTED_EDGE ( 'NONE', *, *, #1343, .T. ) ;
#148 = VECTOR ( 'NONE', #1623, 1000.000000000000000 ) ;
#149 = VECTOR ( 'NONE', #2060, 1000.000000000000000 ) ;
#150 = CIRCLE ( 'NONE', #382, 0.3000000000000003775 ) ;
#151 = DIRECTION ( 'NONE',  ( 0.000000000000000000, 0.000000000000000000, -1.000000000000000000 ) ) ;
#152 = EDGE_CURVE ( 'NONE', #680, #1910, #2374, .T. ) ;
#153 = CARTESIAN_POINT ( 'NONE',  ( -4.684678054460936103, 4.520966815021600915, -0.2550628049572966072 ) ) ;
#154 = AXIS2_PLACEMENT_3D ( 'NONE', #531, #877, #312 ) ;
#155 = ORIENTED_EDGE ( 'NONE', *, *, #245, .F. ) ;
#156 = ORIENTED_EDGE ( 'NONE', *, *, #55, .F. ) ;
#157 = ADVANCED_FACE ( 'NONE', ( #686 ), #700, .T. ) ;
#158 = DIRECTION ( 'NONE',  ( 0.000000000000000000, 0.000000000000000000, 1.000000000000000000 ) ) ;
#159 = CARTESIAN_POINT ( 'NONE',  ( 6.480740698407864819, 0.4999999999999744094, -11.55000000000000071 ) ) ;
#160 = CARTESIAN_POINT ( 'NONE',  ( 4.061089836212772752, 1.901601327548537945, 6.118469758095412381 ) ) ;
#161 = EDGE_LOOP ( 'NONE', ( #1348, #674 ) ) ;
#162 = DIRECTION ( 'NONE',  ( -0.000000000000000000, -0.000000000000000000, 1.000000000000000000 ) ) ;
#163 = ORIENTED_EDGE ( 'NONE', *, *, #1834, .F. ) ;
#164 = CARTESIAN_POINT ( 'NONE',  ( 0.000000000000000000, 0.000000000000000000, 11.55000000000000071 ) ) ;
#165 = CARTESIAN_POINT ( 'NONE',  ( -9.549999999999998934, 0.000000000000000000, -11.55000000000000071 ) ) ;
#166 = EDGE_CURVE ( 'NONE', #128, #907, #2201, .T. ) ;
#167 = CARTESIAN_POINT ( 'NONE',  ( 0.000000000000000000, 0.000000000000000000, 6.474153413881856167 ) ) ;
#168 = DIRECTION ( 'NONE',  ( 0.000000000000000000, 0.000000000000000000, -1.000000000000000000 ) ) ;
#169 = EDGE_CURVE ( 'NONE', #1788, #340, #2136, .T. ) ;
#170 = EDGE_CURVE ( 'NONE', #1673, #1536, #1594, .T. ) ;
#171 = LINE ( 'NONE', #922, #1055 ) ;
#172 = ORIENTED_EDGE ( 'NONE', *, *, #809, .T. ) ;
#173 = FACE_OUTER_BOUND ( 'NONE', #2213, .T. ) ;
#174 = VERTEX_POINT ( 'NONE', #1146 ) ;
#175 = AXIS2_PLACEMENT_3D ( 'NONE', #2366, #1230, #1083 ) ;
#176 = DIRECTION ( 'NONE',  ( 0.000000000000000000, 0.000000000000000000, -1.000000000000000000 ) ) ;
#177 = CARTESIAN_POINT ( 'NONE',  ( 3.572966731768128401, 1.798980643209376673, 0.2822765596417442513 ) ) ;
#178 = CIRCLE ( 'NONE', #1283, 5.050000000000001599 ) ;
#179 = CARTESIAN_POINT ( 'NONE',  ( 0.000000000000000000, 0.000000000000000000, -10.55000000000000426 ) ) ;
#180 = CARTESIAN_POINT ( 'NONE',  ( 4.885984021388498633, 2.019197895882514082, -0.5000000000000000000 ) ) ;
#181 = AXIS2_PLACEMENT_3D ( 'NONE', #390, #796, #845 ) ;
#182 = DIRECTION ( 'NONE',  ( 0.000000000000000000, 0.000000000000000000, 1.000000000000000000 ) ) ;
#183 = ORIENTED_EDGE ( 'NONE', *, *, #762, .F. ) ;
#184 = CARTESIAN_POINT ( 'NONE',  ( 0.000000000000000000, 0.000000000000000000, 10.55000000000000071 ) ) ;
#185 = ADVANCED_FACE ( 'NONE', ( #2250 ), #574, .T. ) ;
#186 = DIRECTION ( 'NONE',  ( -0.000000000000000000, -0.000000000000000000, -1.000000000000000000 ) ) ;
#187 = VECTOR ( 'NONE', #998, 1000.000000000000000 ) ;
#188 = AXIS2_PLACEMENT_3D ( 'NONE', #1896, #1322, #1473 ) ;
#189 = CARTESIAN_POINT ( 'NONE',  ( 3.522001448108333044, 1.896181900431179956, 0.3000000000000085931 ) ) ;
#190 = VECTOR ( 'NONE', #1863, 1000.000000000000000 ) ;
#191 = VECTOR ( 'NONE', #1472, 1000.000000000000000 ) ;
#192 = CARTESIAN_POINT ( 'NONE',  ( 4.138111961791063997, 5.012587095670429704, 0.3000000000000085931 ) ) ;
#193 = DIRECTION ( 'NONE',  ( 3.021127232932778512E-15, 1.000000000000000000, 0.000000000000000000 ) ) ;
#194 = CIRCLE ( 'NONE', #978, 3.000000000000000444 ) ;
#195 = CARTESIAN_POINT ( 'NONE',  ( -0.5000000000000004441, -6.480740698407859490, -11.55000000000000071 ) ) ;
#196 = ORIENTED_EDGE ( 'NONE', *, *, #1110, .F. ) ;
#197 = CARTESIAN_POINT ( 'NONE',  ( 1.587499999999998579, -1.587499999999998579, -11.81099999999999994 ) ) ;
#198 = FACE_OUTER_BOUND ( 'NONE', #1164, .T. ) ;
#199 = ADVANCED_FACE ( 'NONE', ( #173 ), #1307, .F. ) ;
#200 = EDGE_CURVE ( 'NONE', #354, #227, #964, .T. ) ;
#201 = CYLINDRICAL_SURFACE ( 'NONE', #1882, 4.000000000000000000 ) ;
#202 = ORIENTED_EDGE ( 'NONE', *, *, #1926, .F. ) ;
#203 = CARTESIAN_POINT ( 'NONE',  ( 0.000000000000000000, 0.000000000000000000, 48.04676041556469102 ) ) ;
#204 = DIRECTION ( 'NONE',  ( 0.000000000000000000, 0.000000000000000000, 1.000000000000000000 ) ) ;
#205 = PERSON_AND_ORGANIZATION ( #74, #1762 ) ;
#206 = ORIENTED_EDGE ( 'NONE', *, *, #1761, .F. ) ;
#207 = CARTESIAN_POINT ( 'NONE',  ( 7.500000000000000000, 0.000000000000000000, -10.55000000000000071 ) ) ;
#208 = PLANE ( 'NONE',  #2179 ) ;
#209 = DIRECTION ( 'NONE',  ( -0.01745240643727688501, 0.9998476951563912696, -0.000000000000000000 ) ) ;
#210 = EDGE_CURVE ( 'NONE', #480, #680, #554, .T. ) ;
#211 = ORIENTED_EDGE ( 'NONE', *, *, #257, .T. ) ;
#212 = DIRECTION ( 'NONE',  ( 0.000000000000000000, 0.000000000000000000, -1.000000000000000000 ) ) ;
#213 = ORIENTED_EDGE ( 'NONE', *, *, #1852, .F. ) ;
#214 = CARTESIAN_POINT ( 'NONE',  ( 0.000000000000000000, 0.000000000000000000, 6.474153413881856167 ) ) ;
#215 = PERSON_AND_ORGANIZATION ( #74, #1762 ) ;
#216 = ORIENTED_EDGE ( 'NONE', *, *, #1503, .T. ) ;
#217 = CARTESIAN_POINT ( 'NONE',  ( 0.000000000000000000, 0.000000000000000000, 11.55000000000000071 ) ) ;
#218 = VECTOR ( 'NONE', #1086, 1000.000000000000000 ) ;
#219 = DIRECTION ( 'NONE',  ( -0.000000000000000000, -0.000000000000000000, 1.000000000000000000 ) ) ;
#220 = CARTESIAN_POINT ( 'NONE',  ( 0.000000000000000000, 0.000000000000000000, 5.671568562210282494 ) ) ;
#221 = CARTESIAN_POINT ( 'NONE',  ( -3.795008112264601330, 1.731490986505002549, 6.187821902530276752 ) ) ;
#222 = CARTESIAN_POINT ( 'NONE',  ( -1.587499999999998579, 1.587499999999998579, -11.81099999999999994 ) ) ;
#223 = EDGE_CURVE ( 'NONE', #801, #1000, #1004, .T. ) ;
#224 = PLANE ( 'NONE',  #2384 ) ;
#225 = AXIS2_PLACEMENT_3D ( 'NONE', #1342, #1708, #176 ) ;
#226 = AXIS2_PLACEMENT_3D ( 'NONE', #1364, #2109, #1706 ) ;
#227 = VERTEX_POINT ( 'NONE', #1492 ) ;
#228 = DIRECTION ( 'NONE',  ( -0.000000000000000000, -0.000000000000000000, -1.000000000000000000 ) ) ;
#229 = ADVANCED_FACE ( 'NONE', ( #1675 ), #98, .F. ) ;
#230 = CIRCLE ( 'NONE', #2234, 12.55000000000000071 ) ;
#231 = CARTESIAN_POINT ( 'NONE',  ( 0.000000000000000000, 0.000000000000000000, 48.04676041556469102 ) ) ;
#232 = ORIENTED_EDGE ( 'NONE', *, *, #827, .F. ) ;
#233 = DIRECTION ( 'NONE',  ( 0.01745240643727662133, -0.9998476951563912696, 0.000000000000000000 ) ) ;
#234 = AXIS2_PLACEMENT_3D ( 'NONE', #1273, #2164, #2399 ) ;
#235 = DIRECTION ( 'NONE',  ( -1.000000000000000000, 0.000000000000000000, 0.000000000000000000 ) ) ;
#236 = DIRECTION ( 'NONE',  ( -0.000000000000000000, -0.000000000000000000, -1.000000000000000000 ) ) ;
#237 = ORIENTED_EDGE ( 'NONE', *, *, #2295, .T. ) ;
#238 = DIRECTION ( 'NONE',  ( 0.000000000000000000, 0.000000000000000000, -1.000000000000000000 ) ) ;
#239 = ADVANCED_FACE ( 'NONE', ( #1126 ), #208, .F. ) ;
#240 = ORIENTED_EDGE ( 'NONE', *, *, #1716, .F. ) ;
#241 = FACE_OUTER_BOUND ( 'NONE', #968, .T. ) ;
#242 = PERSON_AND_ORGANIZATION_ROLE ( 'design_owner' ) ;
#243 = ORIENTED_EDGE ( 'NONE', *, *, #1386, .F. ) ;
#244 = CARTESIAN_POINT ( 'NONE',  ( 4.421823350123367469, 4.778370818257853259, 0.01224418461870396650 ) ) ;
#245 = EDGE_CURVE ( 'NONE', #388, #555, #806, .T. ) ;
#246 = PLANE ( 'NONE',  #1829 ) ;
#247 = CARTESIAN_POINT ( 'NONE',  ( 0.000000000000000000, 0.000000000000000000, -0.5000000000000000000 ) ) ;
#248 = VERTEX_POINT ( 'NONE', #959 ) ;
#249 = DIRECTION ( 'NONE',  ( 0.01745240643727662133, 0.9998476951563912696, 0.000000000000000000 ) ) ;
#250 = ORIENTED_EDGE ( 'NONE', *, *, #1255, .F. ) ;
#251 = FACE_OUTER_BOUND ( 'NONE', #2154, .T. ) ;
#252 = CYLINDRICAL_SURFACE ( 'NONE', #1490, 3.000000000000000444 ) ;
#253 = EDGE_LOOP ( 'NONE', ( #1523, #1167, #910, #511, #1075, #1459, #202, #2333 ) ) ;
#254 = LINE ( 'NONE', #482, #1060 ) ;
#255 = CARTESIAN_POINT ( 'NONE',  ( 5.120652581667480163, 4.003613010502160563, 12.55100000000000016 ) ) ;
#256 = CARTESIAN_POINT ( 'NONE',  ( -0.5000000000000004441, -5.025186563700894560, -500000.0000000000582 ) ) ;
#257 = EDGE_CURVE ( 'NONE', #850, #1360, #588, .T. ) ;
#258 = AXIS2_PLACEMENT_3D ( 'NONE', #1636, #528, #2225 ) ;
#259 = DIRECTION ( 'NONE',  ( -1.000000000000000000, 0.000000000000000000, 0.000000000000000000 ) ) ;
#260 = CARTESIAN_POINT ( 'NONE',  ( -4.120848135297747739, 4.023543138267743124, 5.843095722207186427 ) ) ;
#261 = ORIENTED_EDGE ( 'NONE', *, *, #103, .T. ) ;
#262 = DIRECTION ( 'NONE',  ( -0.000000000000000000, -0.000000000000000000, -1.000000000000000000 ) ) ;
#263 = ORIENTED_EDGE ( 'NONE', *, *, #1089, .T. ) ;
#264 = CIRCLE ( 'NONE', #576, 5.050000000000001599 ) ;
#265 = DIRECTION ( 'NONE',  ( 1.000000000000000000, 0.000000000000000000, 0.000000000000000000 ) ) ;
#266 = DIRECTION ( 'NONE',  ( -0.000000000000000000, -0.000000000000000000, -1.000000000000000000 ) ) ;
#267 = CONICAL_SURFACE ( 'NONE', #815, 10.54999999999999005, 0.7853981633974457255 ) ;
#268 = AXIS2_PLACEMENT_3D ( 'NONE', #384, #1729, #2050 ) ;
#269 = CARTESIAN_POINT ( 'NONE',  ( 0.000000000000000000, 0.000000000000000000, -0.5000000000000000000 ) ) ;
#270 = CIRCLE ( 'NONE', #154, 3.000000000000000444 ) ;
#271 = ORIENTED_EDGE ( 'NONE', *, *, #1372, .F. ) ;
#272 = EDGE_CURVE ( 'NONE', #1204, #360, #769, .T. ) ;
#273 = ORIENTED_EDGE ( 'NONE', *, *, #961, .T. ) ;
#274 = EDGE_CURVE ( 'NONE', #1560, #541, #1525, .T. ) ;
#275 = CARTESIAN_POINT ( 'NONE',  ( 4.086105865263375492, 2.033159821032335390, 12.55100000000000016 ) ) ;
#276 = ORIENTED_EDGE ( 'NONE', *, *, #103, .F. ) ;
#277 = DIRECTION ( 'NONE',  ( -0.000000000000000000, -0.000000000000000000, -1.000000000000000000 ) ) ;
#278 = ORIENTED_EDGE ( 'NONE', *, *, #750, .F. ) ;
#279 = DIRECTION ( 'NONE',  ( -1.000000000000000000, -0.000000000000000000, -0.000000000000000000 ) ) ;
#280 = DIRECTION ( 'NONE',  ( -1.000000000000000000, 0.000000000000000000, 0.000000000000000000 ) ) ;
#281 = CARTESIAN_POINT ( 'NONE',  ( 0.000000000000000000, 0.000000000000000000, -0.5000000000000000000 ) ) ;
#282 = ORIENTED_EDGE ( 'NONE', *, *, #1269, .F. ) ;
#283 = B_SPLINE_CURVE_WITH_KNOTS ( 'NONE', 3,
 ( #2235, #142, #881, #1238 ),
 .UNSPECIFIED., .F., .F.,
 ( 4, 4 ),
 ( 2.009018957400865384E-07, 0.003010833211643563871 ),
 .UNSPECIFIED. ) ;
#284 = ORIENTED_EDGE ( 'NONE', *, *, #2407, .F. ) ;
#285 = CC_DESIGN_PERSON_AND_ORGANIZATION_ASSIGNMENT ( #1154, #842, ( #1368 ) ) ;
#286 = EDGE_CURVE ( 'NONE', #1281, #2371, #2415, .T. ) ;
#287 = CARTESIAN_POINT ( 'NONE',  ( 7.500000000000000000, 0.000000000000000000, 10.55000000000000071 ) ) ;
#288 = ORIENTED_EDGE ( 'NONE', *, *, #2211, .F. ) ;
#289 = ORIENTED_EDGE ( 'NONE', *, *, #2161, .T. ) ;
#290 = LINE ( 'NONE', #53, #741 ) ;
#291 = CARTESIAN_POINT ( 'NONE',  ( 0.5000000000000024425, -6.480740698407860378, -0.5000000000000000000 ) ) ;
#292 = VECTOR ( 'NONE', #1421, 1000.000000000000000 ) ;
#293 = CARTESIAN_POINT ( 'NONE',  ( -3.689543767695393051, 1.547563211688524287, 0.1031831307889863325 ) ) ;
#294 = VERTEX_POINT ( 'NONE', #1327 ) ;
#295 = VERTEX_POINT ( 'NONE', #786 ) ;
#296 = CYLINDRICAL_SURFACE ( 'NONE', #2272, 2.500000000000000000 ) ;
#297 = ORIENTED_EDGE ( 'NONE', *, *, #740, .F. ) ;
#298 = ADVANCED_FACE ( 'NONE', ( #198 ), #1341, .T. ) ;
#299 = ORIENTED_EDGE ( 'NONE', *, *, #1862, .F. ) ;
#300 = CARTESIAN_POINT ( 'NONE',  ( -6.480740698407862155, -0.4999999999999761302, -11.55000000000000071 ) ) ;
#301 = CARTESIAN_POINT ( 'NONE',  ( -6.480740698407855938, 0.5000000000000256462, -11.55000000000000071 ) ) ;
#302 = EDGE_CURVE ( 'NONE', #529, #1265, #1634, .T. ) ;
#303 = AXIS2_PLACEMENT_3D ( 'NONE', #164, #917, #1262 ) ;
#304 = CARTESIAN_POINT ( 'NONE',  ( -3.617005944217128732, 1.708729134102231484, 0.2319911228853952512 ) ) ;
#305 = AXIS2_PLACEMENT_3D ( 'NONE', #1875, #562, #4 ) ;
#306 = CIRCLE ( 'NONE', #1403, 7.500000000000000000 ) ;
#307 = DIRECTION ( 'NONE',  ( 0.000000000000000000, 0.000000000000000000, -1.000000000000000000 ) ) ;
#308 = ORIENTED_EDGE ( 'NONE', *, *, #2195, .F. ) ;
#309 = CIRCLE ( 'NONE', #1874, 4.000000000000000000 ) ;
#310 = ORIENTED_EDGE ( 'NONE', *, *, #888, .F. ) ;
#311 = CIRCLE ( 'NONE', #863, 6.500000000000000888 ) ;
#312 = DIRECTION ( 'NONE',  ( 1.000000000000000000, 0.000000000000000000, 0.000000000000000000 ) ) ;
#313 = DIRECTION ( 'NONE',  ( 0.000000000000000000, 0.000000000000000000, 1.000000000000000000 ) ) ;
#314 = ORIENTED_EDGE ( 'NONE', *, *, #134, .F. ) ;
#315 = EDGE_LOOP ( 'NONE', ( #2240, #2096, #1978, #1219 ) ) ;
#316 = CARTESIAN_POINT ( 'NONE',  ( 6.480740698407864819, 0.4999999999999744094, -0.4999999999881765689 ) ) ;
#317 = DIRECTION ( 'NONE',  ( 1.000000000000000000, 0.000000000000000000, 0.000000000000000000 ) ) ;
#318 = DIRECTION ( 'NONE',  ( -1.000000000000000000, 0.000000000000000000, 0.000000000000000000 ) ) ;
#319 = CC_DESIGN_PERSON_AND_ORGANIZATION_ASSIGNMENT ( #1619, #2001, ( #699 ) ) ;
#320 = EDGE_CURVE ( 'NONE', #1042, #1701, #1709, .T. ) ;
#321 = CARTESIAN_POINT ( 'NONE',  ( 3.968626966596888739, 0.4999999999999825695, -11.55000000000000071 ) ) ;
#322 = EDGE_LOOP ( 'NONE', ( #894, #2346, #2165, #297 ) ) ;
#323 = VERTEX_POINT ( 'NONE', #2077 ) ;
#324 = FACE_BOUND ( 'NONE', #477, .T. ) ;
#325 = LINE ( 'NONE', #878, #822 ) ;
#326 = ORIENTED_EDGE ( 'NONE', *, *, #349, .T. ) ;
#327 = EDGE_LOOP ( 'NONE', ( #791, #440, #237, #1592 ) ) ;
#328 = CARTESIAN_POINT ( 'NONE',  ( 0.000000000000000000, 0.000000000000000000, 11.55000000000000071 ) ) ;
#329 = CARTESIAN_POINT ( 'NONE',  ( -9.549999999999998934, 1.230770033143089541E-15, 11.55000000000000071 ) ) ;
#330 = DIRECTION ( 'NONE',  ( -0.000000000000000000, -0.000000000000000000, -1.000000000000000000 ) ) ;
#331 = ORIENTED_EDGE ( 'NONE', *, *, #1968, .T. ) ;
#332 = CARTESIAN_POINT ( 'NONE',  ( 0.4999999999999995559, 6.480740698407861267, 5.671568562210282494 ) ) ;
#333 = ORIENTED_EDGE ( 'NONE', *, *, #1939, .F. ) ;
#334 = EDGE_CURVE ( 'NONE', #1560, #31, #1749, .T. ) ;
#335 = VECTOR ( 'NONE', #1267, 1000.000000000000000 ) ;
#336 = EDGE_CURVE ( 'NONE', #62, #1665, #1548, .T. ) ;
#337 = CARTESIAN_POINT ( 'NONE',  ( 0.5000000000000007772, -3.968626966596885186, -0.4999999999881765689 ) ) ;
#338 = CARTESIAN_POINT ( 'NONE',  ( -3.887242673417961480, 0.9430505808059183037, -0.5000000000000000000 ) ) ;
#339 = VERTEX_POINT ( 'NONE', #429 ) ;
#340 = VERTEX_POINT ( 'NONE', #94 ) ;
#341 = CARTESIAN_POINT ( 'NONE',  ( -0.5000000000000004441, -6.480740698407859490, -11.55000000000000071 ) ) ;
#342 = DIRECTION ( 'NONE',  ( -0.000000000000000000, -0.000000000000000000, 1.000000000000000000 ) ) ;
#343 = CARTESIAN_POINT ( 'NONE',  ( -12.55000000000000071, 0.000000000000000000, -11.44045125257775553 ) ) ;
#344 = VERTEX_POINT ( 'NONE', #635 ) ;
#345 = DIRECTION ( 'NONE',  ( 0.000000000000000000, 0.000000000000000000, -1.000000000000000000 ) ) ;
#346 = ORIENTED_EDGE ( 'NONE', *, *, #2358, .T. ) ;
#347 = AXIS2_PLACEMENT_3D ( 'NONE', #430, #402, #589 ) ;
#348 = CONICAL_SURFACE ( 'NONE', #1721, 10.54999999999999005, 0.7853981633974457255 ) ;
#349 = EDGE_CURVE ( 'NONE', #1631, #1654, #2145, .T. ) ;
#350 = DIRECTION ( 'NONE',  ( 0.000000000000000000, 0.000000000000000000, 1.000000000000000000 ) ) ;
#351 = DIRECTION ( 'NONE',  ( 0.000000000000000000, 0.000000000000000000, 1.000000000000000000 ) ) ;
#352 = EDGE_CURVE ( 'NONE', #869, #340, #730, .T. ) ;
#353 = VECTOR ( 'NONE', #1374, 1000.000000000000000 ) ;
#354 = VERTEX_POINT ( 'NONE', #2123 ) ;
#355 = DIRECTION ( 'NONE',  ( -0.000000000000000000, -0.000000000000000000, 1.000000000000000000 ) ) ;
#356 = DIRECTION ( 'NONE',  ( -0.000000000000000000, -0.000000000000000000, -1.000000000000000000 ) ) ;
#357 = DIRECTION ( 'NONE',  ( 0.000000000000000000, 0.000000000000000000, 1.000000000000000000 ) ) ;
#358 = EDGE_LOOP ( 'NONE', ( #2376, #314, #957, #24 ) ) ;
#359 = CARTESIAN_POINT ( 'NONE',  ( 0.000000000000000000, 0.000000000000000000, -11.44045125257775553 ) ) ;
#360 = VERTEX_POINT ( 'NONE', #1950 ) ;
#361 = DIRECTION ( 'NONE',  ( 1.000000000000000000, 0.000000000000000000, 0.000000000000000000 ) ) ;
#362 = DIRECTION ( 'NONE',  ( 1.000000000000000000, 0.000000000000000000, 0.000000000000000000 ) ) ;
#363 = ADVANCED_FACE ( 'NONE', ( #1026 ), #54, .T. ) ;
#364 = LINE ( 'NONE', #954, #1690 ) ;
#365 = DIRECTION ( 'NONE',  ( 0.000000000000000000, 0.000000000000000000, 1.000000000000000000 ) ) ;
#366 = LINE ( 'NONE', #1672, #1837 ) ;
#367 = ORIENTED_EDGE ( 'NONE', *, *, #2059, .F. ) ;
#368 = DIRECTION ( 'NONE',  ( 1.000000000000000000, -3.452716837637464142E-15, 0.000000000000000000 ) ) ;
#369 = CARTESIAN_POINT ( 'NONE',  ( 3.000000000000000444, 3.673940397442060361E-16, 48.04676041556469102 ) ) ;
#370 = DIRECTION ( 'NONE',  ( 1.000000000000000000, 0.000000000000000000, 0.000000000000000000 ) ) ;
#371 = ADVANCED_FACE ( 'NONE', ( #1772 ), #1221, .T. ) ;
#372 = DIRECTION ( 'NONE',  ( 1.000000000000000000, 0.000000000000000000, -0.000000000000000000 ) ) ;
#373 = CIRCLE ( 'NONE', #1903, 12.55000000000000071 ) ;
#374 = CYLINDRICAL_SURFACE ( 'NONE', #1101, 12.55000000000000071 ) ;
#375 = ORIENTED_EDGE ( 'NONE', *, *, #1414, .F. ) ;
#376 = DIRECTION ( 'NONE',  ( -1.000000000000000000, 0.000000000000000000, 0.000000000000000000 ) ) ;
#377 = EDGE_CURVE ( 'NONE', #2210, #1224, #1394, .T. ) ;
#378 = DIRECTION ( 'NONE',  ( -3.452716837637464142E-15, -1.000000000000000000, 0.000000000000000000 ) ) ;
#379 = VECTOR ( 'NONE', #2134, 1000.000000000000000 ) ;
#380 = VECTOR ( 'NONE', #831, 1000.000000000000227 ) ;
#381 = DIRECTION ( 'NONE',  ( 0.000000000000000000, -0.000000000000000000, 1.000000000000000000 ) ) ;
#382 = AXIS2_PLACEMENT_3D ( 'NONE', #2413, #1070, #1057 ) ;
#383 = AXIS2_PLACEMENT_3D ( 'NONE', #2411, #112, #1246 ) ;
#384 = CARTESIAN_POINT ( 'NONE',  ( 3.786151556716458533, 2.038395542963518547, -0.5000000000000000000 ) ) ;
#385 = DIRECTION ( 'NONE',  ( 0.000000000000000000, 0.000000000000000000, -1.000000000000000000 ) ) ;
#386 = AXIS2_PLACEMENT_3D ( 'NONE', #1807, #2331, #1257 ) ;
#387 = DIRECTION ( 'NONE',  ( 0.000000000000000000, 0.000000000000000000, 1.000000000000000000 ) ) ;
#388 = VERTEX_POINT ( 'NONE', #2329 ) ;
#389 = PLANE ( 'NONE',  #543 ) ;
#390 = CARTESIAN_POINT ( 'NONE',  ( 0.000000000000000000, 0.000000000000000000, -0.5000000000000000000 ) ) ;
#391 = ADVANCED_FACE ( 'NONE', ( #447, #611 ), #1365, .T. ) ;
#392 = ADVANCED_FACE ( 'NONE', ( #1965 ), #2306, .F. ) ;
#393 = DIRECTION ( 'NONE',  ( 1.000000000000000000, 0.000000000000000000, 0.000000000000000000 ) ) ;
#394 = EDGE_LOOP ( 'NONE', ( #493, #1034, #1815, #114 ) ) ;
#395 = DIRECTION ( 'NONE',  ( 0.000000000000000000, 0.000000000000000000, 1.000000000000000000 ) ) ;
#396 = ORIENTED_EDGE ( 'NONE', *, *, #58, .T. ) ;
#397 = FACE_OUTER_BOUND ( 'NONE', #101, .T. ) ;
#398 = PERSON_AND_ORGANIZATION_ROLE ( 'creator' ) ;
#399 = VERTEX_POINT ( 'NONE', #986 ) ;
#400 = DIRECTION ( 'NONE',  ( 0.000000000000000000, 0.000000000000000000, 1.000000000000000000 ) ) ;
#401 = DIRECTION ( 'NONE',  ( -1.000000000000000000, 0.000000000000000000, 0.000000000000000000 ) ) ;
#402 = DIRECTION ( 'NONE',  ( -0.000000000000000000, -0.000000000000000000, -1.000000000000000000 ) ) ;
#403 = EDGE_CURVE ( 'NONE', #1814, #399, #44, .T. ) ;
#404 = LINE ( 'NONE', #369, #1021 ) ;
#405 = ORIENTED_EDGE ( 'NONE', *, *, #846, .F. ) ;
#406 = ADVANCED_FACE ( 'NONE', ( #599 ), #246, .T. ) ;
#407 = FACE_OUTER_BOUND ( 'NONE', #475, .T. ) ;
#408 = ORIENTED_EDGE ( 'NONE', *, *, #134, .T. ) ;
#409 = LINE ( 'NONE', #1385, #577 ) ;
#410 = APPROVAL_ROLE ( '' ) ;
#411 = ORIENTED_EDGE ( 'NONE', *, *, #334, .F. ) ;
#412 = FACE_OUTER_BOUND ( 'NONE', #830, .T. ) ;
#413 = VECTOR ( 'NONE', #1915, 1000.000000000000000 ) ;
#414 = CARTESIAN_POINT ( 'NONE',  ( -0.5000000000000022204, 3.968626966596886962, -11.55000000000000071 ) ) ;
#415 = FACE_OUTER_BOUND ( 'NONE', #1573, .T. ) ;
#416 = EDGE_CURVE ( 'NONE', #2019, #1382, #1009, .T. ) ;
#417 = ORIENTED_EDGE ( 'NONE', *, *, #1040, .F. ) ;
#418 = EDGE_CURVE ( 'NONE', #2276, #649, #1352, .T. ) ;
#419 = DIRECTION ( 'NONE',  ( -0.000000000000000000, -0.000000000000000000, -1.000000000000000000 ) ) ;
#420 = VECTOR ( 'NONE', #2247, 1000.000000000000000 ) ;
#421 = VECTOR ( 'NONE', #767, 1000.000000000000000 ) ;
#422 = ORIENTED_EDGE ( 'NONE', *, *, #527, .T. ) ;
#423 = FACE_OUTER_BOUND ( 'NONE', #1150, .T. ) ;
#424 =( GEOMETRIC_REPRESENTATION_CONTEXT ( 3 ) GLOBAL_UNCERTAINTY_ASSIGNED_CONTEXT ( ( #556 ) ) GLOBAL_UNIT_ASSIGNED_CONTEXT ( ( #596, #983, #793 ) ) REPRESENTATION_CONTEXT ( 'NONE', 'WORKASPACE' ) );
#425 = AXIS2_PLACEMENT_3D ( 'NONE', #1804, #1082, #1095 ) ;
#426 = ORIENTED_EDGE ( 'NONE', *, *, #476, .F. ) ;
#427 = CARTESIAN_POINT ( 'NONE',  ( -4.885984021388487086, 2.019197895882514526, -0.5000000000000000000 ) ) ;
#428 = VECTOR ( 'NONE', #209, 1000.000000000000227 ) ;
#429 = CARTESIAN_POINT ( 'NONE',  ( -12.55000000000000071, 0.000000000000000000, 11.44045125257775553 ) ) ;
#430 = CARTESIAN_POINT ( 'NONE',  ( 0.000000000000000000, 0.000000000000000000, 5.339026568245877513 ) ) ;
#431 = ORIENTED_EDGE ( 'NONE', *, *, #2370, .T. ) ;
#432 = LINE ( 'NONE', #1404, #1062 ) ;
#433 = ORIENTED_EDGE ( 'NONE', *, *, #1090, .F. ) ;
#434 = DIRECTION ( 'NONE',  ( 1.000000000000000000, 0.000000000000000000, 0.000000000000000000 ) ) ;
#435 = EDGE_CURVE ( 'NONE', #2160, #451, #1575, .T. ) ;
#436 = EDGE_LOOP ( 'NONE', ( #216, #1336, #1413, #2045 ) ) ;
#437 = DIRECTION ( 'NONE',  ( 1.028492179432888365E-15, 1.000000000000000000, 0.000000000000000000 ) ) ;
#438 = CARTESIAN_POINT ( 'NONE',  ( 0.000000000000000000, 0.000000000000000000, -24.01370849898475868 ) ) ;
#439 = CARTESIAN_POINT ( 'NONE',  ( -4.086105865263376380, 2.033159821032335390, 0.2999999999999947153 ) ) ;
#440 = ORIENTED_EDGE ( 'NONE', *, *, #170, .T. ) ;
#441 = CARTESIAN_POINT ( 'NONE',  ( 3.968626966596883410, -0.5000000000000177636, -11.55000000000000071 ) ) ;
#442 = ORIENTED_EDGE ( 'NONE', *, *, #1955, .T. ) ;
#443 = DIRECTION ( 'NONE',  ( -0.000000000000000000, -0.000000000000000000, -1.000000000000000000 ) ) ;
#444 = VERTEX_POINT ( 'NONE', #1745 ) ;
#445 = FACE_OUTER_BOUND ( 'NONE', #436, .T. ) ;
#446 = ADVANCED_FACE ( 'NONE', ( #807 ), #1562, .T. ) ;
#447 = FACE_OUTER_BOUND ( 'NONE', #1236, .T. ) ;
#448 = DIRECTION ( 'NONE',  ( -1.000000000000000000, 0.000000000000000000, 0.000000000000000000 ) ) ;
#449 = EDGE_CURVE ( 'NONE', #444, #1814, #117, .T. ) ;
#450 = AXIS2_PLACEMENT_3D ( 'NONE', #132, #1103, #1466 ) ;
#451 = VERTEX_POINT ( 'NONE', #483 ) ;
#452 = EDGE_LOOP ( 'NONE', ( #820, #1392, #65, #2061 ) ) ;
#453 = DIRECTION ( 'NONE',  ( 0.000000000000000000, -1.000000000000000000, 0.000000000000000000 ) ) ;
#454 = ORIENTED_EDGE ( 'NONE', *, *, #875, .F. ) ;
#455 = CARTESIAN_POINT ( 'NONE',  ( 0.000000000000000000, 0.000000000000000000, 11.55000000000000071 ) ) ;
#456 = CALENDAR_DATE ( 2022, 7, 6 ) ;
#457 = ORIENTED_EDGE ( 'NONE', *, *, #75, .T. ) ;
#458 = AXIS2_PLACEMENT_3D ( 'NONE', #256, #2089, #960 ) ;
#459 = AXIS2_PLACEMENT_3D ( 'NONE', #967, #1192, #781 ) ;
#460 = CARTESIAN_POINT ( 'NONE',  ( 3.786151556716458533, 2.038395542963518547, 0.3000000000000085931 ) ) ;
#461 = DIRECTION ( 'NONE',  ( 1.000000000000000000, 6.905433675274930454E-16, 0.000000000000000000 ) ) ;
#462 = VECTOR ( 'NONE', #965, 1000.000000000000000 ) ;
#463 = PLANE ( 'NONE',  #2382 ) ;
#464 = AXIS2_PLACEMENT_3D ( 'NONE', #1441, #1235, #1980 ) ;
#465 = VERTEX_POINT ( 'NONE', #515 ) ;
#466 = PRODUCT_DEFINITION ( 'UNKNOWN', '', #1368, #1438 ) ;
#467 = EDGE_CURVE ( 'NONE', #1932, #1455, #1843, .T. ) ;
#468 = VERTEX_POINT ( 'NONE', #159 ) ;
#469 = CARTESIAN_POINT ( 'NONE',  ( 4.141533386482485035, 5.208600384964405805, 6.666791808495294624 ) ) ;
#470 = ORIENTED_EDGE ( 'NONE', *, *, #2147, .F. ) ;
#471 = ORIENTED_EDGE ( 'NONE', *, *, #908, .F. ) ;
#472 = CARTESIAN_POINT ( 'NONE',  ( 0.000000000000000000, 0.000000000000000000, 11.55000000000000959 ) ) ;
#473 = DIRECTION ( 'NONE',  ( 0.000000000000000000, 0.000000000000000000, 1.000000000000000000 ) ) ;
#474 = LINE ( 'NONE', #1072, #148 ) ;
#475 = EDGE_LOOP ( 'NONE', ( #1144, #1657, #271 ) ) ;
#476 = EDGE_CURVE ( 'NONE', #399, #865, #2199, .T. ) ;
#477 = EDGE_LOOP ( 'NONE', ( #1288, #1584, #2029, #1728, #155, #172, #1053, #1064, #2349, #156, #734, #396, #123, #1600, #505, #879, #78, #664 ) ) ;
#478 = DIRECTION ( 'NONE',  ( 0.000000000000000000, 0.000000000000000000, -1.000000000000000000 ) ) ;
#479 = EDGE_CURVE ( 'NONE', #1068, #853, #2055, .T. ) ;
#480 = VERTEX_POINT ( 'NONE', #1793 ) ;
#481 = ORIENTED_EDGE ( 'NONE', *, *, #665, .T. ) ;
#482 = CARTESIAN_POINT ( 'NONE',  ( 0.9550000000000009592, 1.587500000000000355, -7.239000000000000767 ) ) ;
#483 = CARTESIAN_POINT ( 'NONE',  ( -0.5000000000000021094, 6.480740698407860378, -11.55000000000000071 ) ) ;
#484 = FACE_OUTER_BOUND ( 'NONE', #1458, .T. ) ;
#485 = DIRECTION ( 'NONE',  ( 1.000000000000000000, 0.000000000000000000, 0.000000000000000000 ) ) ;
#486 = ORIENTED_EDGE ( 'NONE', *, *, #1836, .T. ) ;
#487 = VECTOR ( 'NONE', #162, 1000.000000000000000 ) ;
#488 = ORIENTED_EDGE ( 'NONE', *, *, #1160, .F. ) ;
#489 = AXIS2_PLACEMENT_3D ( 'NONE', #146, #1889, #2087 ) ;
#490 = EDGE_CURVE ( 'NONE', #1000, #535, #1239, .T. ) ;
#491 = DIRECTION ( 'NONE',  ( 0.000000000000000000, 0.000000000000000000, -1.000000000000000000 ) ) ;
#492 = CARTESIAN_POINT ( 'NONE',  ( 1.587499999999998579, 0.9549999999999992939, -11.81099999999999994 ) ) ;
#493 = ORIENTED_EDGE ( 'NONE', *, *, #798, .F. ) ;
#494 = EDGE_CURVE ( 'NONE', #1224, #2210, #1589, .T. ) ;
#495 = EDGE_CURVE ( 'NONE', #1114, #465, #1785, .T. ) ;
#496 = PERSON_AND_ORGANIZATION ( #74, #1762 ) ;
#497 = ORIENTED_EDGE ( 'NONE', *, *, #1225, .T. ) ;
#498 = CARTESIAN_POINT ( 'NONE',  ( 9.549999999999997158, 0.000000000000000000, 11.55000000000000959 ) ) ;
#499 = CARTESIAN_POINT ( 'NONE',  ( -4.049999999999949196, 0.000000000000000000, 7.238999999999998991 ) ) ;
#500 = CIRCLE ( 'NONE', #1872, 6.500000000000000888 ) ;
#501 = VECTOR ( 'NONE', #2427, 1000.000000000000000 ) ;
#502 = CARTESIAN_POINT ( 'NONE',  ( -5.120652581667479275, 4.003613010502162339, 11.55000000000000071 ) ) ;
#503 = AXIS2_PLACEMENT_3D ( 'NONE', #1909, #1120, #763 ) ;
#504 = DIRECTION ( 'NONE',  ( -0.000000000000000000, -0.000000000000000000, -1.000000000000000000 ) ) ;
#505 = ORIENTED_EDGE ( 'NONE', *, *, #785, .T. ) ;
#506 = AXIS2_PLACEMENT_3D ( 'NONE', #460, #2305, #1024 ) ;
#507 = ORIENTED_EDGE ( 'NONE', *, *, #467, .T. ) ;
#508 = AXIS2_PLACEMENT_3D ( 'NONE', #548, #1891, #362 ) ;
#509 = CARTESIAN_POINT ( 'NONE',  ( -10.54999999999999005, 0.000000000000000000, -12.55000000000000071 ) ) ;
#510 = DIRECTION ( 'NONE',  ( 1.000000000000000000, -1.028492179432888365E-15, 0.000000000000000000 ) ) ;
#511 = ORIENTED_EDGE ( 'NONE', *, *, #2295, .F. ) ;
#512 = VERTEX_POINT ( 'NONE', #291 ) ;
#513 = DIRECTION ( 'NONE',  ( -1.000000000000000000, 3.452716837637463748E-15, -0.000000000000000000 ) ) ;
#514 = EDGE_CURVE ( 'NONE', #2338, #1116, #2365, .T. ) ;
#515 = CARTESIAN_POINT ( 'NONE',  ( -4.049383165383384942, -0.07068224607097102485, 11.55000000000000071 ) ) ;
#516 = CARTESIAN_POINT ( 'NONE',  ( -4.086105865263376380, 2.033159821032335390, 0.2999999999999947153 ) ) ;
#517 = DIRECTION ( 'NONE',  ( 1.000000000000000000, 0.000000000000000000, 0.000000000000000000 ) ) ;
#518 = ORIENTED_EDGE ( 'NONE', *, *, #1044, .T. ) ;
#519 = FACE_OUTER_BOUND ( 'NONE', #627, .T. ) ;
#520 = FACE_OUTER_BOUND ( 'NONE', #1571, .T. ) ;
#521 = ORIENTED_EDGE ( 'NONE', *, *, #26, .F. ) ;
#522 = ORIENTED_EDGE ( 'NONE', *, *, #1043, .T. ) ;
#523 = LINE ( 'NONE', #300, #977 ) ;
#524 = CARTESIAN_POINT ( 'NONE',  ( 1.587499999999998579, -1.587499999999998579, -7.239000000000000767 ) ) ;
#525 = DIRECTION ( 'NONE',  ( -1.000000000000000000, 3.797988521401212884E-15, 0.000000000000000000 ) ) ;
#526 = VERTEX_POINT ( 'NONE', #499 ) ;
#527 = EDGE_CURVE ( 'NONE', #344, #2160, #1433, .T. ) ;
#528 = DIRECTION ( 'NONE',  ( 0.000000000000000000, 0.000000000000000000, 1.000000000000000000 ) ) ;
#529 = VERTEX_POINT ( 'NONE', #329 ) ;
#530 = EDGE_CURVE ( 'NONE', #1038, #555, #143, .T. ) ;
#531 = CARTESIAN_POINT ( 'NONE',  ( 0.000000000000000000, 0.000000000000000000, -7.239000000000000767 ) ) ;
#532 = DIRECTION ( 'NONE',  ( -1.000000000000000000, 0.000000000000000000, 0.000000000000000000 ) ) ;
#533 = AXIS2_PLACEMENT_3D ( 'NONE', #2419, #378, #368 ) ;
#534 = EDGE_LOOP ( 'NONE', ( #346, #457, #1542, #1685 ) ) ;
#535 = VERTEX_POINT ( 'NONE', #1059 ) ;
#536 = CYLINDRICAL_SURFACE ( 'NONE', #1138, 6.500000000000000888 ) ;
#537 = CARTESIAN_POINT ( 'NONE',  ( 4.049383165383384942, -0.07068224607097323142, 7.238999999999998991 ) ) ;
#538 = DIRECTION ( 'NONE',  ( 0.000000000000000000, 0.000000000000000000, -1.000000000000000000 ) ) ;
#539 = ORIENTED_EDGE ( 'NONE', *, *, #1043, .F. ) ;
#540 = PLANE ( 'NONE',  #1513 ) ;
#541 = VERTEX_POINT ( 'NONE', #301 ) ;
#542 = AXIS2_PLACEMENT_3D ( 'NONE', #1616, #704, #1812 ) ;
#543 = AXIS2_PLACEMENT_3D ( 'NONE', #42, #400, #958 ) ;
#544 = EDGE_CURVE ( 'NONE', #480, #2173, #1309, .T. ) ;
#545 = AXIS2_PLACEMENT_3D ( 'NONE', #956, #2072, #571 ) ;
#546 = VECTOR ( 'NONE', #1648, 1000.000000000000000 ) ;
#547 = CARTESIAN_POINT ( 'NONE',  ( -12.55000000000000071, 1.536931732929928003E-15, 11.44045125257775553 ) ) ;
#548 = CARTESIAN_POINT ( 'NONE',  ( 0.000000000000000000, 0.000000000000000000, -12.54999999999999893 ) ) ;
#549 = VECTOR ( 'NONE', #1359, 1000.000000000000000 ) ;
#550 = CARTESIAN_POINT ( 'NONE',  ( 4.138111961791063997, 5.012587095670429704, 5.671568562210282494 ) ) ;
#551 = CARTESIAN_POINT ( 'NONE',  ( -6.500000000000000888, 0.000000000000000000, 12.55100000000000016 ) ) ;
#552 = LINE ( 'NONE', #1695, #108 ) ;
#553 = ORIENTED_EDGE ( 'NONE', *, *, #90, .F. ) ;
#554 = LINE ( 'NONE', #1296, #1088 ) ;
#555 = VERTEX_POINT ( 'NONE', #658 ) ;
#556 = UNCERTAINTY_MEASURE_WITH_UNIT (LENGTH_MEASURE( 1.000000000000000082E-05 ), #596, 'distance_accuracy_value', 'NONE');
#557 = B_SPLINE_CURVE_WITH_KNOTS ( 'NONE', 3,
 ( #1703, #1312, #946, #1873 ),
 .UNSPECIFIED., .F., .F.,
 ( 4, 4 ),
 ( 0.000000000000000000, 0.002364010552968001840 ),
 .UNSPECIFIED. ) ;
#558 = ADVANCED_FACE ( 'NONE', ( #1450 ), #684, .T. ) ;
#559 = CARTESIAN_POINT ( 'NONE',  ( 3.887242673417965033, 0.9430505808059048700, -0.5000000000000000000 ) ) ;
#560 = CARTESIAN_POINT ( 'NONE',  ( 0.000000000000000000, 0.000000000000000000, 7.238999999999998991 ) ) ;
#561 = CARTESIAN_POINT ( 'NONE',  ( 0.000000000000000000, 0.000000000000000000, 12.55100000000000016 ) ) ;
#562 = DIRECTION ( 'NONE',  ( 0.000000000000000000, 0.000000000000000000, 1.000000000000000000 ) ) ;
#563 = ORIENTED_EDGE ( 'NONE', *, *, #152, .F. ) ;
#564 = DIRECTION ( 'NONE',  ( 0.7069990853988254997, 0.01234071493982200063, 0.7071067811865462405 ) ) ;
#565 = DIRECTION ( 'NONE',  ( 1.000000000000000000, 0.000000000000000000, 0.000000000000000000 ) ) ;
#566 = DIRECTION ( 'NONE',  ( 1.000000000000000000, -4.143260205164956498E-15, 0.000000000000000000 ) ) ;
#567 = VECTOR ( 'NONE', #266, 1000.000000000000000 ) ;
#568 = CARTESIAN_POINT ( 'NONE',  ( -1.587499999999998579, 1.587499999999998579, -11.81099999999999994 ) ) ;
#569 = DIRECTION ( 'NONE',  ( 1.000000000000000000, 0.000000000000000000, -0.000000000000000000 ) ) ;
#570 = EDGE_CURVE ( 'NONE', #801, #1444, #1411, .T. ) ;
#571 = DIRECTION ( 'NONE',  ( -1.000000000000000000, 0.000000000000000000, -0.000000000000000000 ) ) ;
#572 = VERTEX_POINT ( 'NONE', #104 ) ;
#573 = LINE ( 'NONE', #2291, #1603 ) ;
#574 = PLANE ( 'NONE',  #533 ) ;
#575 = CONICAL_SURFACE ( 'NONE', #2294, 12.55000000000000071, 1.396263401595466913 ) ;
#576 = AXIS2_PLACEMENT_3D ( 'NONE', #84, #95, #2183 ) ;
#577 = VECTOR ( 'NONE', #2301, 1000.000000000000000 ) ;
#578 = DIRECTION ( 'NONE',  ( 1.000000000000000000, 0.000000000000000000, 0.000000000000000000 ) ) ;
#579 = ORIENTED_EDGE ( 'NONE', *, *, #1400, .T. ) ;
#580 = CONICAL_SURFACE ( 'NONE', #503, 7.500000000000000000, 1.352630170295608281 ) ;
#581 = VECTOR ( 'NONE', #419, 1000.000000000000000 ) ;
#582 = DIRECTION ( 'NONE',  ( -1.000000000000000000, 0.000000000000000000, 0.000000000000000000 ) ) ;
#583 = DIRECTION ( 'NONE',  ( -1.000000000000000000, 0.000000000000000000, 0.000000000000000000 ) ) ;
#584 = APPROVAL_STATUS ( 'not_yet_approved' ) ;
#585 = ORIENTED_EDGE ( 'NONE', *, *, #1429, .F. ) ;
#586 = CARTESIAN_POINT ( 'NONE',  ( 1.587499999999998579, -1.587499999999998579, -11.81099999999999994 ) ) ;
#587 = ADVANCED_FACE ( 'NONE', ( #882, #1633 ), #2378, .T. ) ;
#588 = LINE ( 'NONE', #1707, #59 ) ;
#589 = DIRECTION ( 'NONE',  ( -1.000000000000000000, 0.000000000000000000, 0.000000000000000000 ) ) ;
#590 = ADVANCED_FACE ( 'NONE', ( #1610 ), #2393, .T. ) ;
#591 = DIRECTION ( 'NONE',  ( 0.000000000000000000, 0.000000000000000000, 1.000000000000000000 ) ) ;
#592 = ORIENTED_EDGE ( 'NONE', *, *, #2311, .F. ) ;
#593 = CARTESIAN_POINT ( 'NONE',  ( 4.200323781142703439, 8.576699839306902717, 10.91147031045236915 ) ) ;
#594 = ORIENTED_EDGE ( 'NONE', *, *, #467, .F. ) ;
#595 = CYLINDRICAL_SURFACE ( 'NONE', #459, 6.500000000000000888 ) ;
#596 =( LENGTH_UNIT ( ) NAMED_UNIT ( * ) SI_UNIT ( .MILLI., .METRE. ) );
#597 = ORIENTED_EDGE ( 'NONE', *, *, #1031, .F. ) ;
#598 = CARTESIAN_POINT ( 'NONE',  ( -0.5000000000000018874, 3.968626966596884298, 6.225805218817624720 ) ) ;
#599 = FACE_OUTER_BOUND ( 'NONE', #1039, .T. ) ;
#600 = EDGE_CURVE ( 'NONE', #360, #339, #759, .T. ) ;
#601 = CARTESIAN_POINT ( 'NONE',  ( -5.049230860539777765, -0.08813465250824829844, 0.5000000000000000000 ) ) ;
#602 = EDGE_CURVE ( 'NONE', #1375, #128, #2135, .T. ) ;
#603 = ADVANCED_FACE ( 'NONE', ( #931 ), #1671, .T. ) ;
#604 = CARTESIAN_POINT ( 'NONE',  ( 7.499999999999895195, 9.184850993605019755E-16, -10.55000000000000426 ) ) ;
#605 = DIRECTION ( 'NONE',  ( 1.000000000000000000, 6.856614529552606191E-16, 0.000000000000000000 ) ) ;
#606 = ORIENTED_EDGE ( 'NONE', *, *, #544, .F. ) ;
#607 = CARTESIAN_POINT ( 'NONE',  ( 2.500000000000000000, 0.000000000000000000, -11.81099999999999994 ) ) ;
#608 = DIRECTION ( 'NONE',  ( 1.000000000000000000, 0.000000000000000000, 0.000000000000000000 ) ) ;
#609 = EDGE_LOOP ( 'NONE', ( #1387, #2417, #1696, #880 ) ) ;
#610 = DIRECTION ( 'NONE',  ( 1.000000000000000000, -3.452716837637464142E-15, 0.000000000000000000 ) ) ;
#611 = FACE_BOUND ( 'NONE', #1774, .T. ) ;
#612 = DIRECTION ( 'NONE',  ( -1.000000000000000000, 0.000000000000000000, 0.000000000000000000 ) ) ;
#613 = ADVANCED_FACE ( 'NONE', ( #1694 ), #1121, .T. ) ;
#614 = EDGE_LOOP ( 'NONE', ( #1606, #832, #405, #1567 ) ) ;
#615 = PLANE ( 'NONE',  #1139 ) ;
#616 = APPROVAL_PERSON_ORGANIZATION ( #30, #1808, #1559 ) ;
#617 = CIRCLE ( 'NONE', #1952, 10.54999999999999361 ) ;
#618 = ORIENTED_EDGE ( 'NONE', *, *, #1549, .T. ) ;
#619 = LINE ( 'NONE', #79, #2264 ) ;
#620 = VECTOR ( 'NONE', #1816, 1000.000000000000000 ) ;
#621 = DATE_AND_TIME ( #1193, #1646 ) ;
#622 = ORIENTED_EDGE ( 'NONE', *, *, #602, .F. ) ;
#623 = CARTESIAN_POINT ( 'NONE',  ( 4.924787101874804840, 4.242224888099118019, -0.5000000000000000000 ) ) ;
#624 = AXIS2_PLACEMENT_3D ( 'NONE', #1001, #838, #1591 ) ;
#625 = DIRECTION ( 'NONE',  ( -0.000000000000000000, 1.000000000000000000, -0.000000000000000000 ) ) ;
#626 = CARTESIAN_POINT ( 'NONE',  ( -0.5000000000000004441, -5.025186563700896336, 0.5000000000000000000 ) ) ;
#627 = EDGE_LOOP ( 'NONE', ( #1054, #1104, #326, #2401, #411, #1109, #2002 ) ) ;
#628 = EDGE_CURVE ( 'NONE', #1958, #2166, #1759, .T. ) ;
#629 = CARTESIAN_POINT ( 'NONE',  ( 4.123492444544935687, 4.175035513579096857, 6.848523483274520984 ) ) ;
#630 = ORIENTED_EDGE ( 'NONE', *, *, #416, .T. ) ;
#631 = CARTESIAN_POINT ( 'NONE',  ( 6.480740698407864819, 0.4999999999999744094, -11.55000000000000071 ) ) ;
#632 = EDGE_CURVE ( 'NONE', #1201, #121, #1290, .T. ) ;
#633 = ORIENTED_EDGE ( 'NONE', *, *, #1747, .F. ) ;
#634 = CARTESIAN_POINT ( 'NONE',  ( 0.000000000000000000, 0.000000000000000000, -12.70000000000000107 ) ) ;
#635 = CARTESIAN_POINT ( 'NONE',  ( -0.5000000000000018874, 3.968626966596884298, 6.225805218817624720 ) ) ;
#636 = DIRECTION ( 'NONE',  ( 0.7069990853988231683, 0.01234071493982203706, -0.7071067811865486830 ) ) ;
#637 = ORIENTED_EDGE ( 'NONE', *, *, #1397, .F. ) ;
#638 = ORIENTED_EDGE ( 'NONE', *, *, #272, .T. ) ;
#639 = CARTESIAN_POINT ( 'NONE',  ( 4.050616928577825959, 4.959907946613251063E-16, 7.238863230227051915 ) ) ;
#640 = ORIENTED_EDGE ( 'NONE', *, *, #257, .F. ) ;
#641 = DIRECTION ( 'NONE',  ( -1.000000000000000000, 0.000000000000000000, 0.000000000000000000 ) ) ;
#642 = APPROVAL_DATE_TIME ( #80, #1190 ) ;
#643 = ORIENTED_EDGE ( 'NONE', *, *, #995, .T. ) ;
#644 = DIRECTION ( 'NONE',  ( -0.000000000000000000, -0.000000000000000000, 1.000000000000000000 ) ) ;
#645 = EDGE_CURVE ( 'NONE', #783, #825, #697, .T. ) ;
#646 = DIRECTION ( 'NONE',  ( 0.000000000000000000, 0.000000000000000000, 1.000000000000000000 ) ) ;
#647 = DIRECTION ( 'NONE',  ( -1.000000000000000000, 0.000000000000000000, 0.000000000000000000 ) ) ;
#648 = VECTOR ( 'NONE', #1036, 1000.000000000000114 ) ;
#649 = VERTEX_POINT ( 'NONE', #180 ) ;
#650 = ORIENTED_EDGE ( 'NONE', *, *, #1689, .F. ) ;
#651 = LINE ( 'NONE', #275, #581 ) ;
#652 = ORIENTED_EDGE ( 'NONE', *, *, #2407, .T. ) ;
#653 = COORDINATED_UNIVERSAL_TIME_OFFSET ( 6, 0, .BEHIND. ) ;
#654 = ORIENTED_EDGE ( 'NONE', *, *, #1250, .T. ) ;
#655 = CONICAL_SURFACE ( 'NONE', #542, 0.3000000000000003775, 0.7853981633974490562 ) ;
#656 = CIRCLE ( 'NONE', #2424, 10.54999999999999005 ) ;
#657 = DIRECTION ( 'NONE',  ( -1.000000000000000000, 0.000000000000000000, 0.000000000000000000 ) ) ;
#658 = CARTESIAN_POINT ( 'NONE',  ( 0.5000000000000026645, -6.480740698407860378, -11.55000000000000071 ) ) ;
#659 = VECTOR ( 'NONE', #1664, 1000.000000000000114 ) ;
#660 = VECTOR ( 'NONE', #945, 1000.000000000000000 ) ;
#661 = DIRECTION ( 'NONE',  ( -0.000000000000000000, -0.000000000000000000, 1.000000000000000000 ) ) ;
#662 = EDGE_CURVE ( 'NONE', #1493, #1297, #1337, .T. ) ;
#663 = VECTOR ( 'NONE', #2260, 1000.000000000000000 ) ;
#664 = ORIENTED_EDGE ( 'NONE', *, *, #1223, .T. ) ;
#665 = EDGE_CURVE ( 'NONE', #340, #1114, #2083, .T. ) ;
#666 = ORIENTED_EDGE ( 'NONE', *, *, #2271, .T. ) ;
#667 = CARTESIAN_POINT ( 'NONE',  ( 3.887242673417965033, 0.9430505808059048700, -0.5000000000000000000 ) ) ;
#668 = ORIENTED_EDGE ( 'NONE', *, *, #1476, .T. ) ;
#669 = ORIENTED_EDGE ( 'NONE', *, *, #1761, .T. ) ;
#670 = DIRECTION ( 'NONE',  ( -0.9998476951563913806, -0.01745240643727688501, 0.000000000000000000 ) ) ;
#671 = CARTESIAN_POINT ( 'NONE',  ( 0.000000000000000000, 0.000000000000000000, 11.44045125257775553 ) ) ;
#672 = CARTESIAN_POINT ( 'NONE',  ( 0.000000000000000000, 0.000000000000000000, -0.5000000000000000000 ) ) ;
#673 = CARTESIAN_POINT ( 'NONE',  ( -1.587499999999998579, 1.587499999999998579, -11.81099999999999994 ) ) ;
#674 = ORIENTED_EDGE ( 'NONE', *, *, #46, .T. ) ;
#675 = ADVANCED_FACE ( 'NONE', ( #397 ), #1153, .T. ) ;
#676 = ORIENTED_EDGE ( 'NONE', *, *, #2116, .T. ) ;
#677 = ADVANCED_FACE ( 'NONE', ( #2255, #1485 ), #2246, .F. ) ;
#678 = CARTESIAN_POINT ( 'NONE',  ( -3.522001448108333044, 1.896181900431179068, 6.225805218817624720 ) ) ;
#679 = CARTESIAN_POINT ( 'NONE',  ( -2.500000000000000000, 3.061616997868383141E-16, -12.70100000000000229 ) ) ;
#680 = VERTEX_POINT ( 'NONE', #764 ) ;
#681 = ORIENTED_EDGE ( 'NONE', *, *, #665, .F. ) ;
#682 = CARTESIAN_POINT ( 'NONE',  ( -4.186743122652780258, 7.798664435498448455, 10.78721020775642891 ) ) ;
#683 = CARTESIAN_POINT ( 'NONE',  ( 0.000000000000000000, 0.000000000000000000, 11.44045125257775553 ) ) ;
#684 = CONICAL_SURFACE ( 'NONE', #1943, 12.55000000000000071, 1.396263401595466913 ) ;
#685 = CARTESIAN_POINT ( 'NONE',  ( -3.636036203414510837, 1.667681625621897146, 0.2011167870042611661 ) ) ;
#686 = FACE_OUTER_BOUND ( 'NONE', #2151, .T. ) ;
#687 = ORIENTED_EDGE ( 'NONE', *, *, #920, .F. ) ;
#688 = AXIS2_PLACEMENT_3D ( 'NONE', #1930, #461, #2292 ) ;
#689 = FACE_OUTER_BOUND ( 'NONE', #1464, .T. ) ;
#690 = EDGE_CURVE ( 'NONE', #2256, #1068, #2236, .T. ) ;
#691 = PLANE ( 'NONE',  #1802 ) ;
#692 = ORIENTED_EDGE ( 'NONE', *, *, #1147, .T. ) ;
#693 = VERTEX_POINT ( 'NONE', #2221 ) ;
#694 = CARTESIAN_POINT ( 'NONE',  ( -1.587499999999998579, 1.587499999999998579, -7.239000000000000767 ) ) ;
#695 = DIRECTION ( 'NONE',  ( -0.000000000000000000, -0.000000000000000000, -1.000000000000000000 ) ) ;
#696 = AXIS2_PLACEMENT_3D ( 'NONE', #1722, #787, #2309 ) ;
#697 = CIRCLE ( 'NONE', #1917, 7.500000000000000000 ) ;
#698 = LINE ( 'NONE', #1587, #1211 ) ;
#699 = SECURITY_CLASSIFICATION ( '', '', #1769 ) ;
#700 = PLANE ( 'NONE',  #450 ) ;
#701 = EDGE_LOOP ( 'NONE', ( #1546, #926, #980, #585 ) ) ;
#702 = CIRCLE ( 'NONE', #944, 7.500000000000000000 ) ;
#703 = CONICAL_SURFACE ( 'NONE', #2344, 8.000000000000000000, 1.352630170295608503 ) ;
#704 = DIRECTION ( 'NONE',  ( 0.000000000000000000, 0.000000000000000000, -1.000000000000000000 ) ) ;
#705 = CARTESIAN_POINT ( 'NONE',  ( -7.500000000000000000, 9.184850993605147944E-16, 10.55000000000000071 ) ) ;
#706 = ORIENTED_EDGE ( 'NONE', *, *, #1503, .F. ) ;
#707 = ADVANCED_FACE ( 'NONE', ( #2414 ), #1565, .T. ) ;
#708 = ORIENTED_EDGE ( 'NONE', *, *, #166, .T. ) ;
#709 = LINE ( 'NONE', #1266, #1878 ) ;
#710 = DIRECTION ( 'NONE',  ( 0.000000000000000000, 0.000000000000000000, 1.000000000000000000 ) ) ;
#711 = ADVANCED_FACE ( 'NONE', ( #754 ), #1661, .F. ) ;
#712 = LINE ( 'NONE', #1463, #420 ) ;
#713 = ORIENTED_EDGE ( 'NONE', *, *, #982, .T. ) ;
#714 = CARTESIAN_POINT ( 'NONE',  ( 4.049794516186182136, -0.04711597436194400051, 7.238999999999987445 ) ) ;
#715 = VERTEX_POINT ( 'NONE', #732 ) ;
#716 = DIRECTION ( 'NONE',  ( 0.000000000000000000, 0.000000000000000000, 1.000000000000000000 ) ) ;
#717 = CARTESIAN_POINT ( 'NONE',  ( -4.138111961791065774, 5.012587095670429704, 0.2999999999999947153 ) ) ;
#718 = ORIENTED_EDGE ( 'NONE', *, *, #1866, .F. ) ;
#719 = ORIENTED_EDGE ( 'NONE', *, *, #2163, .F. ) ;
#720 = CARTESIAN_POINT ( 'NONE',  ( 12.55000000000000071, 1.536931732929928397E-15, -12.54999999999999893 ) ) ;
#721 = DIRECTION ( 'NONE',  ( -1.000000000000000000, 1.776356839400250465E-15, 0.000000000000000000 ) ) ;
#722 = CARTESIAN_POINT ( 'NONE',  ( 0.000000000000000000, 0.000000000000000000, -12.55000000000000071 ) ) ;
#723 = ORIENTED_EDGE ( 'NONE', *, *, #2163, .T. ) ;
#724 = APPROVAL ( #1742, 'UNSPECIFIED' ) ;
#725 = EDGE_CURVE ( 'NONE', #1439, #2205, #557, .T. ) ;
#726 = CARTESIAN_POINT ( 'NONE',  ( 0.000000000000000000, 0.000000000000000000, 11.55000000000000071 ) ) ;
#727 = ORIENTED_EDGE ( 'NONE', *, *, #662, .F. ) ;
#728 = CARTESIAN_POINT ( 'NONE',  ( -3.000000000000000444, 0.000000000000000000, -7.239000000000000767 ) ) ;
#729 = CARTESIAN_POINT ( 'NONE',  ( -5.120652581667479275, 4.003613010502162339, 0.5000000000000000000 ) ) ;
#730 = CIRCLE ( 'NONE', #1162, 4.049999999999999822 ) ;
#731 = DIRECTION ( 'NONE',  ( 0.000000000000000000, 0.000000000000000000, -1.000000000000000000 ) ) ;
#732 = CARTESIAN_POINT ( 'NONE',  ( 9.549999999999998934, 1.230770033143089343E-15, -11.55000000000000071 ) ) ;
#733 = LINE ( 'NONE', #1684, #149 ) ;
#734 = ORIENTED_EDGE ( 'NONE', *, *, #1552, .T. ) ;
#735 = DIRECTION ( 'NONE',  ( 0.000000000000000000, 0.000000000000000000, 1.000000000000000000 ) ) ;
#736 = ORIENTED_EDGE ( 'NONE', *, *, #1926, .T. ) ;
#737 = ADVANCED_FACE ( 'NONE', ( #2266 ), #2051, .T. ) ;
#738 = VECTOR ( 'NONE', #1278, 1000.000000000000000 ) ;
#739 = VECTOR ( 'NONE', #1340, 1000.000000000000000 ) ;
#740 = EDGE_CURVE ( 'NONE', #2019, #1493, #1393, .T. ) ;
#741 = VECTOR ( 'NONE', #82, 1000.000000000000000 ) ;
#742 = DIRECTION ( 'NONE',  ( 1.000000000000000000, 0.000000000000000000, 0.000000000000000000 ) ) ;
#743 = CIRCLE ( 'NONE', #1764, 4.000000000000000000 ) ;
#744 = CARTESIAN_POINT ( 'NONE',  ( -4.049794493462260725, -0.04711727621165837099, 7.238999999999998991 ) ) ;
#745 = DIRECTION ( 'NONE',  ( -0.000000000000000000, -0.000000000000000000, 1.000000000000000000 ) ) ;
#746 = LINE ( 'NONE', #1084, #2150 ) ;
#747 = ORIENTED_EDGE ( 'NONE', *, *, #2088, .F. ) ;
#748 = CARTESIAN_POINT ( 'NONE',  ( 0.000000000000000000, 0.000000000000000000, -12.55000000000000071 ) ) ;
#749 = DIRECTION ( 'NONE',  ( 0.000000000000000000, 0.000000000000000000, -1.000000000000000000 ) ) ;
#750 = EDGE_CURVE ( 'NONE', #1910, #1116, #619, .T. ) ;
#751 = CARTESIAN_POINT ( 'NONE',  ( -10.54999999999999005, 0.000000000000000000, -12.55000000000000071 ) ) ;
#752 = ADVANCED_FACE ( 'NONE', ( #981, #241, #50 ), #1545, .T. ) ;
#753 = DIRECTION ( 'NONE',  ( 1.000000000000000000, 0.000000000000000000, 0.000000000000000000 ) ) ;
#754 = FACE_OUTER_BOUND ( 'NONE', #1618, .T. ) ;
#755 = DIRECTION ( 'NONE',  ( -0.000000000000000000, -0.000000000000000000, -1.000000000000000000 ) ) ;
#756 = ORIENTED_EDGE ( 'NONE', *, *, #2311, .T. ) ;
#757 = DIRECTION ( 'NONE',  ( 1.000000000000000000, 0.000000000000000000, 0.000000000000000000 ) ) ;
#758 = DIRECTION ( 'NONE',  ( -0.000000000000000000, -0.000000000000000000, -1.000000000000000000 ) ) ;
#759 = CIRCLE ( 'NONE', #2214, 12.55000000000000071 ) ;
#760 = CARTESIAN_POINT ( 'NONE',  ( 3.720207092099522050, 1.471934781670913850, 0.03064658523120565581 ) ) ;
#761 = VERTEX_POINT ( 'NONE', #2119 ) ;
#762 = EDGE_CURVE ( 'NONE', #1743, #1077, #2187, .T. ) ;
#763 = DIRECTION ( 'NONE',  ( -1.000000000000000000, 0.000000000000000000, 0.000000000000000000 ) ) ;
#764 = CARTESIAN_POINT ( 'NONE',  ( -0.5000000000000003331, -6.480740698407860378, -0.5000000000000000000 ) ) ;
#765 = ADVANCED_FACE ( 'NONE', ( #2288 ), #595, .F. ) ;
#766 = ORIENTED_EDGE ( 'NONE', *, *, #2227, .T. ) ;
#767 = DIRECTION ( 'NONE',  ( -0.000000000000000000, -0.000000000000000000, 1.000000000000000000 ) ) ;
#768 = CLOSED_SHELL ( 'NONE', ( #392, #1357, #43, #1076, #2343, #707, #1355, #298, #862, #2149, #2433, #1639, #371, #1971, #2075, #765, #2047, #2241, #1735, #2418, #711, #613, #603, #752, #1890, #1321, #122, #391, #8, #1645, #1612, #1461, #1805, #1821, #1425, #677, #239, #1445, #1662, #737, #2298, #1700, #590, #587, #2175, #1310, #924, #2312, #558, #1984, #779, #1907, #1299, #1012, #1712, #1123, #951, #939, #199, #1107, #1566, #1942, #2033, #446, #892, #363, #2326, #185, #406, #2049, #157, #675, #2004, #1904, #1326, #229 ) ) ;
#769 = LINE ( 'NONE', #1502, #1242 ) ;
#770 = FACE_OUTER_BOUND ( 'NONE', #36, .T. ) ;
#771 = CIRCLE ( 'NONE', #22, 4.000000000000000000 ) ;
#772 = VECTOR ( 'NONE', #564, 1000.000000000000114 ) ;
#773 = CARTESIAN_POINT ( 'NONE',  ( -3.000000000000000444, 0.000000000000000000, 7.238999999999995438 ) ) ;
#774 = ORIENTED_EDGE ( 'NONE', *, *, #90, .T. ) ;
#775 = AXIS2_PLACEMENT_3D ( 'NONE', #1488, #1305, #525 ) ;
#776 = AXIS2_PLACEMENT_3D ( 'NONE', #328, #158, #2025 ) ;
#777 = VECTOR ( 'NONE', #2323, 1000.000000000000000 ) ;
#778 = CARTESIAN_POINT ( 'NONE',  ( -4.049383165383384942, -0.07068224607097102485, 7.238999999999998991 ) ) ;
#779 = ADVANCED_FACE ( 'NONE', ( #251 ), #39, .T. ) ;
#780 = ORIENTED_EDGE ( 'NONE', *, *, #1090, .T. ) ;
#781 = DIRECTION ( 'NONE',  ( 1.000000000000000000, 0.000000000000000000, 0.000000000000000000 ) ) ;
#782 = PLANE ( 'NONE',  #545 ) ;
#783 = VERTEX_POINT ( 'NONE', #1715 ) ;
#784 = LINE ( 'NONE', #427, #772 ) ;
#785 = EDGE_CURVE ( 'NONE', #541, #323, #2315, .T. ) ;
#786 = CARTESIAN_POINT ( 'NONE',  ( -5.120652581667479275, 4.003613010502162339, 0.5000000000000000000 ) ) ;
#787 = DIRECTION ( 'NONE',  ( 0.000000000000000000, 0.000000000000000000, 1.000000000000000000 ) ) ;
#788 = CARTESIAN_POINT ( 'NONE',  ( -3.605788387123814331, 1.789774283802391119, 6.220210977304526878 ) ) ;
#789 = DIRECTION ( 'NONE',  ( 3.428307264776302602E-16, -1.000000000000000000, 0.000000000000000000 ) ) ;
#790 = CARTESIAN_POINT ( 'NONE',  ( -4.159551265023354816, 6.240843955238956298, 10.55000000000000071 ) ) ;
#791 = ORIENTED_EDGE ( 'NONE', *, *, #1881, .F. ) ;
#792 = CARTESIAN_POINT ( 'NONE',  ( 1.587499999999998579, 1.587500000000000355, -11.81099999999999994 ) ) ;
#793 =( NAMED_UNIT ( * ) SI_UNIT ( $, .STERADIAN. ) SOLID_ANGLE_UNIT ( ) );
#794 = ORIENTED_EDGE ( 'NONE', *, *, #1282, .T. ) ;
#795 = DIRECTION ( 'NONE',  ( -0.9848077530122085754, 0.000000000000000000, -0.1736481776669273336 ) ) ;
#796 = DIRECTION ( 'NONE',  ( 0.000000000000000000, 0.000000000000000000, -1.000000000000000000 ) ) ;
#797 = FACE_OUTER_BOUND ( 'NONE', #394, .T. ) ;
#798 = EDGE_CURVE ( 'NONE', #1958, #128, #1902, .T. ) ;
#799 = LINE ( 'NONE', #673, #487 ) ;
#800 = CARTESIAN_POINT ( 'NONE',  ( 0.4999999999999995559, 6.480740698407862155, -11.55000000000000071 ) ) ;
#801 = VERTEX_POINT ( 'NONE', #2279 ) ;
#802 = CARTESIAN_POINT ( 'NONE',  ( 0.4999999999999995559, 5.643442147572303114, 5.856643181886904692 ) ) ;
#803 = AXIS2_PLACEMENT_3D ( 'NONE', #2396, #1014, #2380 ) ;
#804 = EDGE_LOOP ( 'NONE', ( #2128, #948, #1892, #232 ) ) ;
#805 = DIRECTION ( 'NONE',  ( -0.000000000000000000, -0.000000000000000000, -1.000000000000000000 ) ) ;
#806 = CIRCLE ( 'NONE', #1128, 6.500000000000000888 ) ;
#807 = FACE_OUTER_BOUND ( 'NONE', #1350, .T. ) ;
#808 = PLANE ( 'NONE',  #897 ) ;
#809 = EDGE_CURVE ( 'NONE', #388, #1601, #1202, .T. ) ;
#810 = ORIENTED_EDGE ( 'NONE', *, *, #1480, .T. ) ;
#811 = EDGE_CURVE ( 'NONE', #121, #468, #2106, .T. ) ;
#812 = VECTOR ( 'NONE', #1638, 1000.000000000000000 ) ;
#813 = AXIS2_PLACEMENT_3D ( 'NONE', #1885, #443, #641 ) ;
#814 = CARTESIAN_POINT ( 'NONE',  ( 12.55000000000000071, 1.536931732929928397E-15, 48.04676041556469102 ) ) ;
#815 = AXIS2_PLACEMENT_3D ( 'NONE', #722, #947, #1864 ) ;
#816 = VECTOR ( 'NONE', #1195, 1000.000000000000000 ) ;
#817 = ORIENTED_EDGE ( 'NONE', *, *, #479, .T. ) ;
#818 = CARTESIAN_POINT ( 'NONE',  ( 0.4999999999999995559, 6.480740698407861267, 5.671568562210282494 ) ) ;
#819 = PERSON_AND_ORGANIZATION ( #74, #1762 ) ;
#820 = ORIENTED_EDGE ( 'NONE', *, *, #352, .T. ) ;
#821 = DIRECTION ( 'NONE',  ( 0.000000000000000000, 0.000000000000000000, 1.000000000000000000 ) ) ;
#822 = VECTOR ( 'NONE', #138, 1000.000000000000000 ) ;
#823 = DIRECTION ( 'NONE',  ( 0.000000000000000000, 0.000000000000000000, -1.000000000000000000 ) ) ;
#824 = PLANE ( 'NONE',  #1402 ) ;
#825 = VERTEX_POINT ( 'NONE', #1947 ) ;
#826 = DIRECTION ( 'NONE',  ( -0.000000000000000000, -0.000000000000000000, -1.000000000000000000 ) ) ;
#827 = EDGE_CURVE ( 'NONE', #693, #1371, #1642, .T. ) ;
#828 = EDGE_CURVE ( 'NONE', #1279, #1201, #409, .T. ) ;
#829 = CARTESIAN_POINT ( 'NONE',  ( -4.103544145677685329, 3.032198236874883435, 5.998645312954750786 ) ) ;
#830 = EDGE_LOOP ( 'NONE', ( #1667, #849, #110, #310 ) ) ;
#831 = DIRECTION ( 'NONE',  ( -0.01745240643727710705, -0.9998476951563912696, 0.000000000000000000 ) ) ;
#832 = ORIENTED_EDGE ( 'NONE', *, *, #1255, .T. ) ;
#833 = DIRECTION ( 'NONE',  ( 0.01745240643727688154, -0.9998476951563912696, 0.000000000000000000 ) ) ;
#834 = DIRECTION ( 'NONE',  ( 1.000000000000000000, 0.000000000000000000, -0.000000000000000000 ) ) ;
#835 = CARTESIAN_POINT ( 'NONE',  ( -0.5000000000000019984, 3.968626966596885186, -11.55000000000000071 ) ) ;
#836 = EDGE_LOOP ( 'NONE', ( #1245, #1390, #1471, #2352 ) ) ;
#837 = ORIENTED_EDGE ( 'NONE', *, *, #1495, .T. ) ;
#838 = DIRECTION ( 'NONE',  ( -0.000000000000000000, -0.000000000000000000, 1.000000000000000000 ) ) ;
#839 = VERTEX_POINT ( 'NONE', #607 ) ;
#840 = CARTESIAN_POINT ( 'NONE',  ( -4.049383165383384942, -0.07068224607097102485, 7.238999999999998991 ) ) ;
#841 = EDGE_CURVE ( 'NONE', #1375, #294, #1165, .T. ) ;
#842 = PERSON_AND_ORGANIZATION_ROLE ( 'design_supplier' ) ;
#843 = ORIENTED_EDGE ( 'NONE', *, *, #628, .T. ) ;
#844 = DIRECTION ( 'NONE',  ( 0.000000000000000000, 0.000000000000000000, 1.000000000000000000 ) ) ;
#845 = DIRECTION ( 'NONE',  ( -1.000000000000000000, 0.000000000000000000, 0.000000000000000000 ) ) ;
#846 = EDGE_CURVE ( 'NONE', #1796, #174, #617, .T. ) ;
#847 = LINE ( 'NONE', #1599, #1641 ) ;
#848 = AXIS2_PLACEMENT_3D ( 'NONE', #2282, #186, #1135 ) ;
#849 = ORIENTED_EDGE ( 'NONE', *, *, #2252, .T. ) ;
#850 = VERTEX_POINT ( 'NONE', #792 ) ;
#851 = LINE ( 'NONE', #1179, #777 ) ;
#852 = ORIENTED_EDGE ( 'NONE', *, *, #2389, .F. ) ;
#853 = VERTEX_POINT ( 'NONE', #1376 ) ;
#854 = VECTOR ( 'NONE', #1272, 1000.000000000000000 ) ;
#855 = VECTOR ( 'NONE', #2270, 1000.000000000000000 ) ;
#856 = CARTESIAN_POINT ( 'NONE',  ( 4.049383165383384942, -0.07068224607097323142, 11.55000000000000071 ) ) ;
#857 = EDGE_CURVE ( 'NONE', #480, #572, #1361, .T. ) ;
#858 = DIRECTION ( 'NONE',  ( 1.000000000000000000, 0.000000000000000000, -0.000000000000000000 ) ) ;
#859 = AXIS2_PLACEMENT_3D ( 'NONE', #2052, #755, #1474 ) ;
#860 = AXIS2_PLACEMENT_3D ( 'NONE', #1792, #1396, #265 ) ;
#861 = CARTESIAN_POINT ( 'NONE',  ( -3.548694017372143072, 1.846602655117485225, 0.2999999999999966582 ) ) ;
#862 = ADVANCED_FACE ( 'NONE', ( #423 ), #1593, .T. ) ;
#863 = AXIS2_PLACEMENT_3D ( 'NONE', #2011, #478, #532 ) ;
#864 = ORIENTED_EDGE ( 'NONE', *, *, #1465, .T. ) ;
#865 = VERTEX_POINT ( 'NONE', #89 ) ;
#866 = DIRECTION ( 'NONE',  ( 0.000000000000000000, 0.000000000000000000, -1.000000000000000000 ) ) ;
#867 = CARTESIAN_POINT ( 'NONE',  ( 0.000000000000000000, 0.000000000000000000, 12.55100000000000016 ) ) ;
#868 = ORIENTED_EDGE ( 'NONE', *, *, #334, .T. ) ;
#869 = VERTEX_POINT ( 'NONE', #840 ) ;
#870 = DIRECTION ( 'NONE',  ( -1.000000000000000000, 0.000000000000000000, 0.000000000000000000 ) ) ;
#871 = DIRECTION ( 'NONE',  ( 1.000000000000000000, 0.000000000000000000, 0.000000000000000000 ) ) ;
#872 = CARTESIAN_POINT ( 'NONE',  ( 3.794434844109543459, 1.731397129318626771, 6.187946234998490169 ) ) ;
#873 = LINE ( 'NONE', #1280, #1555 ) ;
#874 = ORIENTED_EDGE ( 'NONE', *, *, #320, .F. ) ;
#875 = EDGE_CURVE ( 'NONE', #1042, #2359, #784, .T. ) ;
#876 = ORIENTED_EDGE ( 'NONE', *, *, #1730, .F. ) ;
#877 = DIRECTION ( 'NONE',  ( -0.000000000000000000, -0.000000000000000000, -1.000000000000000000 ) ) ;
#878 = CARTESIAN_POINT ( 'NONE',  ( -4.049383165383384942, -0.07068224607097102485, 7.238999999999998991 ) ) ;
#879 = ORIENTED_EDGE ( 'NONE', *, *, #1851, .T. ) ;
#880 = ORIENTED_EDGE ( 'NONE', *, *, #961, .F. ) ;
#881 = CARTESIAN_POINT ( 'NONE',  ( 4.120848135297745962, 4.023543138267742236, 5.843095722207186427 ) ) ;
#882 = FACE_BOUND ( 'NONE', #92, .T. ) ;
#883 = VECTOR ( 'NONE', #710, 1000.000000000000000 ) ;
#884 = CARTESIAN_POINT ( 'NONE',  ( 2.500000000000000000, 0.000000000000000000, -12.70000000000000107 ) ) ;
#885 = FACE_OUTER_BOUND ( 'NONE', #253, .T. ) ;
#886 = ORIENTED_EDGE ( 'NONE', *, *, #645, .F. ) ;
#887 = AXIS2_PLACEMENT_3D ( 'NONE', #1944, #345, #259 ) ;
#888 = EDGE_CURVE ( 'NONE', #1595, #1820, #656, .T. ) ;
#889 = ORIENTED_EDGE ( 'NONE', *, *, #1674, .T. ) ;
#890 = DIRECTION ( 'NONE',  ( 0.000000000000000000, 0.000000000000000000, 1.000000000000000000 ) ) ;
#891 = CARTESIAN_POINT ( 'NONE',  ( -4.138111961791065774, 5.012587095670429704, 5.671568562210282494 ) ) ;
#892 = ADVANCED_FACE ( 'NONE', ( #2062 ), #1510, .T. ) ;
#893 = ORIENTED_EDGE ( 'NONE', *, *, #2116, .F. ) ;
#894 = ORIENTED_EDGE ( 'NONE', *, *, #982, .F. ) ;
#895 = CARTESIAN_POINT ( 'NONE',  ( 3.522001448108333044, 1.896181900431179956, 0.3000000000000085931 ) ) ;
#896 = CARTESIAN_POINT ( 'NONE',  ( 0.000000000000000000, 0.000000000000000000, 7.238999999999998991 ) ) ;
#897 = AXIS2_PLACEMENT_3D ( 'NONE', #247, #45, #2124 ) ;
#898 = VECTOR ( 'NONE', #1020, 1000.000000000000000 ) ;
#899 = LINE ( 'NONE', #1508, #2070 ) ;
#900 = ORIENTED_EDGE ( 'NONE', *, *, #27, .T. ) ;
#901 = VECTOR ( 'NONE', #2402, 1000.000000000000114 ) ;
#902 = CARTESIAN_POINT ( 'NONE',  ( 4.050616928577825959, 4.959907946613251063E-16, 7.238863230227051915 ) ) ;
#903 = ORIENTED_EDGE ( 'NONE', *, *, #1597, .F. ) ;
#904 = CIRCLE ( 'NONE', #1258, 4.049999999999949196 ) ;
#905 = FACE_OUTER_BOUND ( 'NONE', #1948, .T. ) ;
#906 = CARTESIAN_POINT ( 'NONE',  ( -3.968626966596883410, 0.5000000000000160982, -0.5000000000000000000 ) ) ;
#907 = VERTEX_POINT ( 'NONE', #2281 ) ;
#908 = EDGE_CURVE ( 'NONE', #340, #248, #1487, .T. ) ;
#909 = EDGE_CURVE ( 'NONE', #1767, #344, #1678, .T. ) ;
#910 = ORIENTED_EDGE ( 'NONE', *, *, #600, .F. ) ;
#911 = CARTESIAN_POINT ( 'NONE',  ( 12.55000000000000071, 1.536931732929928397E-15, -11.44045125257775553 ) ) ;
#912 = CARTESIAN_POINT ( 'NONE',  ( 0.000000000000000000, 0.000000000000000000, -11.55000000000000071 ) ) ;
#913 = CARTESIAN_POINT ( 'NONE',  ( 4.200323781142703439, 8.576699839306902717, 11.55000000000000071 ) ) ;
#914 = ORIENTED_EDGE ( 'NONE', *, *, #1302, .F. ) ;
#915 = FACE_OUTER_BOUND ( 'NONE', #161, .T. ) ;
#916 = ORIENTED_EDGE ( 'NONE', *, *, #2265, .F. ) ;
#917 = DIRECTION ( 'NONE',  ( 0.000000000000000000, 0.000000000000000000, 1.000000000000000000 ) ) ;
#918 = CARTESIAN_POINT ( 'NONE',  ( 0.000000000000000000, 0.000000000000000000, -24.01370849898475868 ) ) ;
#919 = LINE ( 'NONE', #341, #191 ) ;
#920 = EDGE_CURVE ( 'NONE', #853, #1731, #1899, .T. ) ;
#921 = CARTESIAN_POINT ( 'NONE',  ( 0.000000000000000000, 0.000000000000000000, 5.671568562210282494 ) ) ;
#922 = CARTESIAN_POINT ( 'NONE',  ( 4.086105865263374604, 2.033159821032335834, 0.3000000000000085931 ) ) ;
#923 = ORIENTED_EDGE ( 'NONE', *, *, #58, .F. ) ;
#924 = ADVANCED_FACE ( 'NONE', ( #412 ), #348, .F. ) ;
#925 = DIRECTION ( 'NONE',  ( -1.000000000000000000, 0.000000000000000000, 0.000000000000000000 ) ) ;
#926 = ORIENTED_EDGE ( 'NONE', *, *, #750, .T. ) ;
#927 = VECTOR ( 'NONE', #47, 1000.000000000000114 ) ;
#928 = DIRECTION ( 'NONE',  ( -1.000000000000000000, 0.000000000000000000, 0.000000000000000000 ) ) ;
#929 = VECTOR ( 'NONE', #1622, 1000.000000000000000 ) ;
#930 = FACE_OUTER_BOUND ( 'NONE', #2180, .T. ) ;
#931 = FACE_OUTER_BOUND ( 'NONE', #836, .T. ) ;
#932 = CARTESIAN_POINT ( 'NONE',  ( -5.120652581667479275, 4.003613010502162339, 12.55100000000000016 ) ) ;
#933 = ORIENTED_EDGE ( 'NONE', *, *, #449, .T. ) ;
#934 = EDGE_CURVE ( 'NONE', #1339, #1673, #306, .T. ) ;
#935 = DIRECTION ( 'NONE',  ( 1.000000000000000000, 0.000000000000000000, 0.000000000000000000 ) ) ;
#936 = MANIFOLD_SOLID_BREP ( '228-2500-421', #768 ) ;
#937 = DIRECTION ( 'NONE',  ( 0.9998476951563913806, -0.01745240643727677746, 0.000000000000000000 ) ) ;
#938 = VECTOR ( 'NONE', #1966, 1000.000000000000000 ) ;
#939 = ADVANCED_FACE ( 'NONE', ( #1133 ), #1501, .F. ) ;
#940 = APPROVAL_PERSON_ORGANIZATION ( #496, #1190, #1218 ) ;
#941 = CIRCLE ( 'NONE', #860, 6.500000000000000888 ) ;
#942 = CIRCLE ( 'NONE', #1957, 3.999999999999999112 ) ;
#943 = CARTESIAN_POINT ( 'NONE',  ( 0.000000000000000000, 0.000000000000000000, -11.55000000000000071 ) ) ;
#944 = AXIS2_PLACEMENT_3D ( 'NONE', #1997, #313, #1263 ) ;
#945 = DIRECTION ( 'NONE',  ( -0.000000000000000000, -0.000000000000000000, 1.000000000000000000 ) ) ;
#946 = CARTESIAN_POINT ( 'NONE',  ( 4.173155088650089439, 7.020206488846521431, 10.66568144945200025 ) ) ;
#947 = DIRECTION ( 'NONE',  ( -0.000000000000000000, -0.000000000000000000, -1.000000000000000000 ) ) ;
#948 = ORIENTED_EDGE ( 'NONE', *, *, #1658, .T. ) ;
#949 = FACE_OUTER_BOUND ( 'NONE', #2397, .T. ) ;
#950 = DIRECTION ( 'NONE',  ( 1.000000000000000000, 0.000000000000000000, 0.000000000000000000 ) ) ;
#951 = ADVANCED_FACE ( 'NONE', ( #985 ), #389, .T. ) ;
#952 = DIRECTION ( 'NONE',  ( 1.000000000000000000, 0.000000000000000000, 0.000000000000000000 ) ) ;
#953 = ORIENTED_EDGE ( 'NONE', *, *, #1627, .F. ) ;
#954 = CARTESIAN_POINT ( 'NONE',  ( -3.968626966596887851, -0.4999999999999838463, 500000.0000000000582 ) ) ;
#955 = DIRECTION ( 'NONE',  ( -0.000000000000000000, -0.000000000000000000, -1.000000000000000000 ) ) ;
#956 = CARTESIAN_POINT ( 'NONE',  ( 0.000000000000000000, 0.000000000000000000, -0.5000000000000000000 ) ) ;
#957 = ORIENTED_EDGE ( 'NONE', *, *, #1747, .T. ) ;
#958 = DIRECTION ( 'NONE',  ( 1.000000000000000000, 0.000000000000000000, -0.000000000000000000 ) ) ;
#959 = CARTESIAN_POINT ( 'NONE',  ( 4.049999999999949196, 7.072335265075933704E-16, 7.238999999999998991 ) ) ;
#960 = DIRECTION ( 'NONE',  ( 0.000000000000000000, 0.000000000000000000, 1.000000000000000000 ) ) ;
#961 = EDGE_CURVE ( 'NONE', #227, #2371, #1734, .T. ) ;
#962 = CARTESIAN_POINT ( 'NONE',  ( 3.616151228456230715, 1.710518317323240334, 0.2331423880540300364 ) ) ;
#963 = ORIENTED_EDGE ( 'NONE', *, *, #418, .T. ) ;
#964 = CIRCLE ( 'NONE', #1985, 7.500000000000000000 ) ;
#965 = DIRECTION ( 'NONE',  ( 0.7071067811865456854, 8.659560562354910671E-17, -0.7071067811865493491 ) ) ;
#966 = ORIENTED_EDGE ( 'NONE', *, *, #418, .F. ) ;
#967 = CARTESIAN_POINT ( 'NONE',  ( 0.000000000000000000, 0.000000000000000000, -12.70100000000000051 ) ) ;
#968 = EDGE_LOOP ( 'NONE', ( #115, #1577, #2108, #668, #1517, #1419 ) ) ;
#969 = CARTESIAN_POINT ( 'NONE',  ( -0.5000000000000022204, 4.806111620471724244, 6.041595566454788901 ) ) ;
#970 = CARTESIAN_POINT ( 'NONE',  ( -6.480740698407855938, 0.5000000000000256462, 500000.0000000000582 ) ) ;
#971 = LINE ( 'NONE', #1389, #379 ) ;
#972 = CONICAL_SURFACE ( 'NONE', #1136, 7.499999999999895195, 1.396263401595466691 ) ;
#973 = CIRCLE ( 'NONE', #1292, 6.500000000000000888 ) ;
#974 = CARTESIAN_POINT ( 'NONE',  ( -4.061394685282190053, 1.902084656559825504, 6.118363366592429742 ) ) ;
#975 = DIRECTION ( 'NONE',  ( -1.000000000000000000, -3.428307264776302602E-16, 0.000000000000000000 ) ) ;
#976 = CC_DESIGN_APPROVAL ( #1190, ( #699 ) ) ;
#977 = VECTOR ( 'NONE', #513, 1000.000000000000000 ) ;
#978 = AXIS2_PLACEMENT_3D ( 'NONE', #2079, #2066, #742 ) ;
#979 = CARTESIAN_POINT ( 'NONE',  ( -7.500000000000000000, 9.184850993605147944E-16, -10.55000000000000071 ) ) ;
#980 = ORIENTED_EDGE ( 'NONE', *, *, #1223, .F. ) ;
#981 = FACE_BOUND ( 'NONE', #322, .T. ) ;
#982 = EDGE_CURVE ( 'NONE', #62, #2019, #973, .T. ) ;
#983 =( NAMED_UNIT ( * ) PLANE_ANGLE_UNIT ( ) SI_UNIT ( $, .RADIAN. ) );
#984 = ORIENTED_EDGE ( 'NONE', *, *, #286, .T. ) ;
#985 = FACE_OUTER_BOUND ( 'NONE', #1630, .T. ) ;
#986 = CARTESIAN_POINT ( 'NONE',  ( 1.587499999999998579, -1.587499999999998579, -7.239000000000000767 ) ) ;
#987 = CARTESIAN_POINT ( 'NONE',  ( 6.480740698407864819, 0.4999999999999744094, 500000.0000000000582 ) ) ;
#988 = ORIENTED_EDGE ( 'NONE', *, *, #1177, .T. ) ;
#989 = LINE ( 'NONE', #800, #2152 ) ;
#990 = ORIENTED_EDGE ( 'NONE', *, *, #2020, .F. ) ;
#991 = DIRECTION ( 'NONE',  ( 0.000000000000000000, 0.000000000000000000, 1.000000000000000000 ) ) ;
#992 = DATE_TIME_ROLE ( 'creation_date' ) ;
#993 = EDGE_LOOP ( 'NONE', ( #1754, #718, #966, #284 ) ) ;
#994 = DIRECTION ( 'NONE',  ( -0.000000000000000000, -0.000000000000000000, -1.000000000000000000 ) ) ;
#995 = EDGE_CURVE ( 'NONE', #1910, #2173, #573, .T. ) ;
#996 = CARTESIAN_POINT ( 'NONE',  ( 4.086105865263374604, 2.033159821032335390, 0.3000000000000085931 ) ) ;
#997 = AXIS2_PLACEMENT_3D ( 'NONE', #1828, #2026, #1254 ) ;
#998 = DIRECTION ( 'NONE',  ( 0.000000000000000000, 1.000000000000000000, -0.000000000000000000 ) ) ;
#999 = EDGE_CURVE ( 'NONE', #2210, #839, #2074, .T. ) ;
#1000 = VERTEX_POINT ( 'NONE', #1315 ) ;
#1001 = CARTESIAN_POINT ( 'NONE',  ( 0.000000000000000000, 0.000000000000000000, 11.44045125257775553 ) ) ;
#1002 = VERTEX_POINT ( 'NONE', #197 ) ;
#1003 = DIRECTION ( 'NONE',  ( -1.000000000000000000, 0.000000000000000000, -0.000000000000000000 ) ) ;
#1004 = CIRCLE ( 'NONE', #1318, 4.000000000000000000 ) ;
#1005 = APPLICATION_PROTOCOL_DEFINITION ( 'international standard', 'config_control_design', 1994, #1519 ) ;
#1006 = ORIENTED_EDGE ( 'NONE', *, *, #2330, .T. ) ;
#1007 = DIRECTION ( 'NONE',  ( -0.9762960071199339174, 0.000000000000000000, -0.2164396139380999895 ) ) ;
#1008 = VECTOR ( 'NONE', #307, 1000.000000000000000 ) ;
#1009 = LINE ( 'NONE', #255, #2138 ) ;
#1010 = FACE_OUTER_BOUND ( 'NONE', #1711, .T. ) ;
#1011 = ORIENTED_EDGE ( 'NONE', *, *, #169, .F. ) ;
#1012 = ADVANCED_FACE ( 'NONE', ( #949 ), #1697, .T. ) ;
#1013 = EDGE_CURVE ( 'NONE', #354, #1536, #1145, .T. ) ;
#1014 = DIRECTION ( 'NONE',  ( 0.000000000000000000, 0.000000000000000000, -1.000000000000000000 ) ) ;
#1015 = VECTOR ( 'NONE', #2367, 1000.000000000000114 ) ;
#1016 = AXIS2_PLACEMENT_3D ( 'NONE', #1854, #365, #372 ) ;
#1017 = CARTESIAN_POINT ( 'NONE',  ( -4.086105865263376380, 2.033159821032335834, 6.100771760672474286 ) ) ;
#1018 = AXIS2_PLACEMENT_3D ( 'NONE', #1220, #1035, #93 ) ;
#1019 = ORIENTED_EDGE ( 'NONE', *, *, #494, .T. ) ;
#1020 = DIRECTION ( 'NONE',  ( 0.000000000000000000, 0.000000000000000000, -1.000000000000000000 ) ) ;
#1021 = VECTOR ( 'NONE', #2091, 1000.000000000000000 ) ;
#1022 = ORIENTED_EDGE ( 'NONE', *, *, #1058, .T. ) ;
#1023 = APPLICATION_CONTEXT ( 'configuration controlled 3d designs of mechanical parts and assemblies' ) ;
#1024 = DIRECTION ( 'NONE',  ( -1.000000000000000000, 0.000000000000000000, 0.000000000000000000 ) ) ;
#1025 = B_SPLINE_CURVE_WITH_KNOTS ( 'NONE', 3,
 ( #1842, #2207, #682, #129 ),
 .UNSPECIFIED., .F., .F.,
 ( 4, 4 ),
 ( 1.081005568942475845E-16, 0.002364010552968110693 ),
 .UNSPECIFIED. ) ;
#1026 = FACE_OUTER_BOUND ( 'NONE', #1051, .T. ) ;
#1027 = CARTESIAN_POINT ( 'NONE',  ( 4.200323781142703439, 8.576699839306902717, 11.55000000000000071 ) ) ;
#1028 = EDGE_CURVE ( 'NONE', #444, #1002, #1524, .T. ) ;
#1029 = EDGE_LOOP ( 'NONE', ( #488, #597, #431, #1500 ) ) ;
#1030 = LINE ( 'NONE', #2299, #2000 ) ;
#1031 = EDGE_CURVE ( 'NONE', #1002, #850, #1755, .T. ) ;
#1032 = ORIENTED_EDGE ( 'NONE', *, *, #725, .T. ) ;
#1033 = CARTESIAN_POINT ( 'NONE',  ( 0.000000000000000000, 0.000000000000000000, 48.04676041556469102 ) ) ;
#1034 = ORIENTED_EDGE ( 'NONE', *, *, #86, .T. ) ;
#1035 = DIRECTION ( 'NONE',  ( 0.000000000000000000, 0.000000000000000000, 1.000000000000000000 ) ) ;
#1036 = DIRECTION ( 'NONE',  ( 0.7069990853988254997, -0.01234071493982216890, -0.7071067811865462405 ) ) ;
#1037 = CARTESIAN_POINT ( 'NONE',  ( -3.804946737970461346, 1.244402379457036245, -0.1915337690460806874 ) ) ;
#1038 = VERTEX_POINT ( 'NONE', #67 ) ;
#1039 = EDGE_LOOP ( 'NONE', ( #1363, #864, #60, #2314 ) ) ;
#1040 = EDGE_CURVE ( 'NONE', #295, #1068, #941, .T. ) ;
#1041 = LINE ( 'NONE', #87, #1959 ) ;
#1042 = VERTEX_POINT ( 'NONE', #1964 ) ;
#1043 = EDGE_CURVE ( 'NONE', #1360, #444, #2339, .T. ) ;
#1044 = EDGE_CURVE ( 'NONE', #1204, #1972, #230, .T. ) ;
#1045 = ORIENTED_EDGE ( 'NONE', *, *, #136, .T. ) ;
#1046 = CARTESIAN_POINT ( 'NONE',  ( -5.120652581667479275, 4.003613010502162339, 12.55100000000000016 ) ) ;
#1047 = CARTESIAN_POINT ( 'NONE',  ( -3.522001448108333932, 1.896181900431179512, 12.55100000000000016 ) ) ;
#1048 = CARTESIAN_POINT ( 'NONE',  ( 3.553911201764142547, 1.836912165518628237, 6.225805218817623832 ) ) ;
#1049 = ORIENTED_EDGE ( 'NONE', *, *, #1234, .F. ) ;
#1050 = B_SPLINE_CURVE_WITH_KNOTS ( 'NONE', 3,
 ( #2169, #1048, #1061, #2159, #872, #2416, #144, #160, #2042, #1845 ),
 .UNSPECIFIED., .F., .F.,
 ( 4, 2, 2, 2, 4 ),
 ( 4.164359365301980138E-07, 0.0001995057609199270786, 0.0003985950859033239656, 0.0005976844108867196328, 0.0007967737358701152458 ),
 .UNSPECIFIED. ) ;
#1051 = EDGE_LOOP ( 'NONE', ( #2406, #1608, #1430, #2297 ) ) ;
#1052 = LINE ( 'NONE', #679, #1105 ) ;
#1053 = ORIENTED_EDGE ( 'NONE', *, *, #1862, .T. ) ;
#1054 = ORIENTED_EDGE ( 'NONE', *, *, #1465, .F. ) ;
#1055 = VECTOR ( 'NONE', #1936, 1000.000000000000227 ) ;
#1056 = VECTOR ( 'NONE', #437, 1000.000000000000000 ) ;
#1057 = DIRECTION ( 'NONE',  ( -1.000000000000000000, 0.000000000000000000, 0.000000000000000000 ) ) ;
#1058 = EDGE_CURVE ( 'NONE', #1000, #801, #1687, .T. ) ;
#1059 = CARTESIAN_POINT ( 'NONE',  ( -4.000000000000000000, 4.898587196589412829E-16, -11.55000000000000071 ) ) ;
#1060 = VECTOR ( 'NONE', #279, 1000.000000000000000 ) ;
#1061 = CARTESIAN_POINT ( 'NONE',  ( 3.604929162087643135, 1.790230133953918612, 6.220338134627783511 ) ) ;
#1062 = VECTOR ( 'NONE', #1970, 1000.000000000000000 ) ;
#1063 = DIRECTION ( 'NONE',  ( 1.000000000000000000, 0.000000000000000000, -0.000000000000000000 ) ) ;
#1064 = ORIENTED_EDGE ( 'NONE', *, *, #1979, .T. ) ;
#1065 = VERTEX_POINT ( 'NONE', #1574 ) ;
#1066 = LINE ( 'NONE', #1078, #1217 ) ;
#1067 = FACE_OUTER_BOUND ( 'NONE', #1029, .T. ) ;
#1068 = VERTEX_POINT ( 'NONE', #1561 ) ;
#1069 = ORIENTED_EDGE ( 'NONE', *, *, #2017, .T. ) ;
#1070 = DIRECTION ( 'NONE',  ( 0.000000000000000000, 0.000000000000000000, -1.000000000000000000 ) ) ;
#1071 = CARTESIAN_POINT ( 'NONE',  ( 0.000000000000000000, 0.000000000000000000, -12.70000000000000107 ) ) ;
#1072 = CARTESIAN_POINT ( 'NONE',  ( -4.086105865263376380, 2.033159821032335390, 12.55100000000000016 ) ) ;
#1073 = EDGE_CURVE ( 'NONE', #1932, #344, #942, .T. ) ;
#1074 = CARTESIAN_POINT ( 'NONE',  ( 0.5000000000000005551, -6.480740698407860378, 11.55000000000000071 ) ) ;
#1075 = ORIENTED_EDGE ( 'NONE', *, *, #2132, .T. ) ;
#1076 = ADVANCED_FACE ( 'NONE', ( #1205 ), #2038, .F. ) ;
#1077 = VERTEX_POINT ( 'NONE', #1420 ) ;
#1078 = CARTESIAN_POINT ( 'NONE',  ( 4.937990117916188915, 4.998625170520608840, -0.5000000000000000000 ) ) ;
#1079 = CARTESIAN_POINT ( 'NONE',  ( -4.138111961791065774, 5.012587095670429704, 0.2999999999999947153 ) ) ;
#1080 = ORIENTED_EDGE ( 'NONE', *, *, #1343, .F. ) ;
#1081 = ORIENTED_EDGE ( 'NONE', *, *, #1044, .F. ) ;
#1082 = DIRECTION ( 'NONE',  ( 0.000000000000000000, -0.000000000000000000, 1.000000000000000000 ) ) ;
#1083 = DIRECTION ( 'NONE',  ( -1.000000000000000000, 0.000000000000000000, 0.000000000000000000 ) ) ;
#1084 = CARTESIAN_POINT ( 'NONE',  ( -0.5000000000000004441, -5.025186563700894560, -500000.0000000000582 ) ) ;
#1085 = VERTEX_POINT ( 'NONE', #1410 ) ;
#1086 = DIRECTION ( 'NONE',  ( 0.000000000000000000, 0.000000000000000000, -1.000000000000000000 ) ) ;
#1087 = EDGE_LOOP ( 'NONE', ( #1080, #2363, #107, #2073 ) ) ;
#1088 = VECTOR ( 'NONE', #1115, 1000.000000000000000 ) ;
#1089 = EDGE_CURVE ( 'NONE', #1625, #294, #2347, .T. ) ;
#1090 = EDGE_CURVE ( 'NONE', #865, #1237, #254, .T. ) ;
#1091 = CARTESIAN_POINT ( 'NONE',  ( 0.4999999999999993339, 3.968626966596885186, 6.225805218817624720 ) ) ;
#1092 = DIRECTION ( 'NONE',  ( 1.028492179432888365E-15, 1.000000000000000000, 0.000000000000000000 ) ) ;
#1093 = ORIENTED_EDGE ( 'NONE', *, *, #2102, .F. ) ;
#1094 = EDGE_LOOP ( 'NONE', ( #1188, #1384, #2008, #2321 ) ) ;
#1095 = DIRECTION ( 'NONE',  ( 1.000000000000000000, 0.000000000000000000, 0.000000000000000000 ) ) ;
#1096 = DIRECTION ( 'NONE',  ( -0.000000000000000000, 0.000000000000000000, -1.000000000000000000 ) ) ;
#1097 = AXIS2_PLACEMENT_3D ( 'NONE', #2100, #1757, #1366 ) ;
#1098 = VECTOR ( 'NONE', #1216, 1000.000000000000000 ) ;
#1099 = CARTESIAN_POINT ( 'NONE',  ( -5.049230860539778654, -0.08813465250824829844, 11.55000000000000071 ) ) ;
#1100 = ORIENTED_EDGE ( 'NONE', *, *, #1851, .F. ) ;
#1101 = AXIS2_PLACEMENT_3D ( 'NONE', #2394, #330, #1124 ) ;
#1102 = AXIS2_PLACEMENT_3D ( 'NONE', #2354, #994, #2131 ) ;
#1103 = DIRECTION ( 'NONE',  ( -4.143260205164956498E-15, -1.000000000000000000, 0.000000000000000000 ) ) ;
#1104 = ORIENTED_EDGE ( 'NONE', *, *, #2120, .T. ) ;
#1105 = VECTOR ( 'NONE', #1640, 1000.000000000000000 ) ;
#1106 = CARTESIAN_POINT ( 'NONE',  ( 0.000000000000000000, 0.000000000000000000, 5.339026568245877513 ) ) ;
#1107 = ADVANCED_FACE ( 'NONE', ( #445 ), #1229, .F. ) ;
#1108 = DIRECTION ( 'NONE',  ( -0.9998476951563913806, -0.01745240643727677746, 0.000000000000000000 ) ) ;
#1109 = ORIENTED_EDGE ( 'NONE', *, *, #274, .T. ) ;
#1110 = EDGE_CURVE ( 'NONE', #2276, #1232, #1176, .T. ) ;
#1111 = DIRECTION ( 'NONE',  ( -1.000000000000000000, 0.000000000000000000, 0.000000000000000000 ) ) ;
#1112 = DIRECTION ( 'NONE',  ( -1.000000000000000000, 3.021127232932778512E-15, 0.000000000000000000 ) ) ;
#1113 = LINE ( 'NONE', #1268, #1956 ) ;
#1114 = VERTEX_POINT ( 'NONE', #856 ) ;
#1115 = DIRECTION ( 'NONE',  ( 0.000000000000000000, -1.000000000000000000, 0.000000000000000000 ) ) ;
#1116 = VERTEX_POINT ( 'NONE', #1771 ) ;
#1117 = FACE_OUTER_BOUND ( 'NONE', #1898, .T. ) ;
#1118 = CARTESIAN_POINT ( 'NONE',  ( 10.54999999999999361, 0.000000000000000000, 12.55000000000000071 ) ) ;
#1119 = EDGE_CURVE ( 'NONE', #1743, #1928, #290, .T. ) ;
#1120 = DIRECTION ( 'NONE',  ( -0.000000000000000000, -0.000000000000000000, -1.000000000000000000 ) ) ;
#1121 = CYLINDRICAL_SURFACE ( 'NONE', #188, 5.050000000000001599 ) ;
#1122 = PRODUCT_RELATED_PRODUCT_CATEGORY ( 'detail', '', ( #3 ) ) ;
#1123 = ADVANCED_FACE ( 'NONE', ( #1974 ), #1609, .T. ) ;
#1124 = DIRECTION ( 'NONE',  ( -1.000000000000000000, 0.000000000000000000, 0.000000000000000000 ) ) ;
#1125 = ORIENTED_EDGE ( 'NONE', *, *, #1148, .F. ) ;
#1126 = FACE_OUTER_BOUND ( 'NONE', #1557, .T. ) ;
#1127 = DIRECTION ( 'NONE',  ( 0.000000000000000000, 0.000000000000000000, -1.000000000000000000 ) ) ;
#1128 = AXIS2_PLACEMENT_3D ( 'NONE', #1157, #749, #401 ) ;
#1129 = DIRECTION ( 'NONE',  ( 0.000000000000000000, 0.000000000000000000, 1.000000000000000000 ) ) ;
#1130 = DIRECTION ( 'NONE',  ( -1.000000000000000000, 0.000000000000000000, 0.000000000000000000 ) ) ;
#1131 = FACE_OUTER_BOUND ( 'NONE', #1210, .T. ) ;
#1132 = ORIENTED_EDGE ( 'NONE', *, *, #1954, .F. ) ;
#1133 = FACE_OUTER_BOUND ( 'NONE', #1924, .T. ) ;
#1134 = EDGE_CURVE ( 'NONE', #526, #1786, #1585, .T. ) ;
#1135 = DIRECTION ( 'NONE',  ( -1.000000000000000000, 0.000000000000000000, 0.000000000000000000 ) ) ;
#1136 = AXIS2_PLACEMENT_3D ( 'NONE', #1528, #1859, #612 ) ;
#1137 = AXIS2_PLACEMENT_3D ( 'NONE', #2325, #1535, #1003 ) ;
#1138 = AXIS2_PLACEMENT_3D ( 'NONE', #116, #1289, #870 ) ;
#1139 = AXIS2_PLACEMENT_3D ( 'NONE', #48, #1739, #605 ) ;
#1140 = CYLINDRICAL_SURFACE ( 'NONE', #1726, 6.500000000000000888 ) ;
#1141 = CARTESIAN_POINT ( 'NONE',  ( 0.000000000000000000, 0.000000000000000000, 7.238999999999998991 ) ) ;
#1142 = CARTESIAN_POINT ( 'NONE',  ( 0.000000000000000000, 0.000000000000000000, 6.474153413881856167 ) ) ;
#1143 = CALENDAR_DATE ( 2022, 7, 6 ) ;
#1144 = ORIENTED_EDGE ( 'NONE', *, *, #1370, .F. ) ;
#1145 = LINE ( 'NONE', #207, #421 ) ;
#1146 = CARTESIAN_POINT ( 'NONE',  ( -10.54999999999999361, 1.292002373100456917E-15, 12.55000000000000071 ) ) ;
#1147 = EDGE_CURVE ( 'NONE', #1620, #715, #1605, .T. ) ;
#1148 = EDGE_CURVE ( 'NONE', #2202, #1415, #2071, .T. ) ;
#1149 = FACE_OUTER_BOUND ( 'NONE', #2248, .T. ) ;
#1150 = EDGE_LOOP ( 'NONE', ( #1081, #638, #2143, #633 ) ) ;
#1151 = LINE ( 'NONE', #1702, #1214 ) ;
#1152 = ORIENTED_EDGE ( 'NONE', *, *, #479, .F. ) ;
#1153 = PLANE ( 'NONE',  #2068 ) ;
#1154 = PERSON_AND_ORGANIZATION ( #74, #1762 ) ;
#1155 = ORIENTED_EDGE ( 'NONE', *, *, #2147, .T. ) ;
#1156 = DIRECTION ( 'NONE',  ( 1.000000000000000000, 0.000000000000000000, 0.000000000000000000 ) ) ;
#1157 = CARTESIAN_POINT ( 'NONE',  ( 0.000000000000000000, 0.000000000000000000, -11.55000000000000071 ) ) ;
#1158 = DIRECTION ( 'NONE',  ( -0.01745240643727662133, 0.9998476951563912696, 0.000000000000000000 ) ) ;
#1159 = CARTESIAN_POINT ( 'NONE',  ( 4.050616928577825959, 4.959907946613251063E-16, 7.238863230227051915 ) ) ;
#1160 = EDGE_CURVE ( 'NONE', #850, #865, #1596, .T. ) ;
#1161 = ORIENTED_EDGE ( 'NONE', *, *, #828, .T. ) ;
#1162 = AXIS2_PLACEMENT_3D ( 'NONE', #1736, #1380, #1186 ) ;
#1163 = FACE_BOUND ( 'NONE', #2327, .T. ) ;
#1164 = EDGE_LOOP ( 'NONE', ( #1356, #147, #2197, #2409, #49, #2303, #2381, #2238 ) ) ;
#1165 = LINE ( 'NONE', #2129, #1683 ) ;
#1166 = FACE_OUTER_BOUND ( 'NONE', #804, .T. ) ;
#1167 = ORIENTED_EDGE ( 'NONE', *, *, #1881, .T. ) ;
#1168 = DIRECTION ( 'NONE',  ( -0.000000000000000000, -0.000000000000000000, -1.000000000000000000 ) ) ;
#1169 = B_SPLINE_CURVE_WITH_KNOTS ( 'NONE', 3,
 ( #1945, #260, #829, #1017 ),
 .UNSPECIFIED., .F., .F.,
 ( 4, 4 ),
 ( 2.029321917368572922E-07, 0.003010835241939560300 ),
 .UNSPECIFIED. ) ;
#1170 = DIRECTION ( 'NONE',  ( 0.000000000000000000, 0.000000000000000000, -1.000000000000000000 ) ) ;
#1171 = CARTESIAN_POINT ( 'NONE',  ( 5.120652581667480163, 4.003613010502160563, 11.55000000000000071 ) ) ;
#1172 = VECTOR ( 'NONE', #151, 1000.000000000000000 ) ;
#1173 = VECTOR ( 'NONE', #6, 1000.000000000000000 ) ;
#1174 = ORIENTED_EDGE ( 'NONE', *, *, #1119, .T. ) ;
#1175 = CC_DESIGN_APPROVAL ( #724, ( #466 ) ) ;
#1176 = CIRCLE ( 'NONE', #506, 0.2999999999999994893 ) ;
#1177 = EDGE_CURVE ( 'NONE', #1455, #2359, #150, .T. ) ;
#1178 = VECTOR ( 'NONE', #566, 1000.000000000000000 ) ;
#1179 = CARTESIAN_POINT ( 'NONE',  ( 0.5000000000000004441, -5.025186563700894560, 0.4999999999881765689 ) ) ;
#1180 = ORIENTED_EDGE ( 'NONE', *, *, #1196, .T. ) ;
#1181 = CARTESIAN_POINT ( 'NONE',  ( 0.000000000000000000, 0.000000000000000000, 7.238999999999995438 ) ) ;
#1182 = EDGE_CURVE ( 'NONE', #2338, #572, #919, .T. ) ;
#1183 = CALENDAR_DATE ( 2022, 7, 6 ) ;
#1184 = VERTEX_POINT ( 'NONE', #2364 ) ;
#1185 = CARTESIAN_POINT ( 'NONE',  ( -0.5000000000000022204, 6.480740698407860378, 5.671568562206630304 ) ) ;
#1186 = DIRECTION ( 'NONE',  ( 1.000000000000000000, 0.000000000000000000, 0.000000000000000000 ) ) ;
#1187 = DIRECTION ( 'NONE',  ( -0.01745240643727710705, -0.9998476951563912696, 0.000000000000000000 ) ) ;
#1188 = ORIENTED_EDGE ( 'NONE', *, *, #494, .F. ) ;
#1189 = PLANE ( 'NONE',  #2193 ) ;
#1190 = APPROVAL ( #1203, 'UNSPECIFIED' ) ;
#1191 = ORIENTED_EDGE ( 'NONE', *, *, #1177, .F. ) ;
#1192 = DIRECTION ( 'NONE',  ( 0.000000000000000000, 0.000000000000000000, 1.000000000000000000 ) ) ;
#1193 = CALENDAR_DATE ( 2022, 7, 6 ) ;
#1194 = ORIENTED_EDGE ( 'NONE', *, *, #1147, .F. ) ;
#1195 = DIRECTION ( 'NONE',  ( 3.428307264776302602E-16, -1.000000000000000000, 0.000000000000000000 ) ) ;
#1196 = EDGE_CURVE ( 'NONE', #2371, #1085, #1670, .T. ) ;
#1197 = DIRECTION ( 'NONE',  ( 1.000000000000000000, 0.000000000000000000, 0.000000000000000000 ) ) ;
#1198 = LINE ( 'NONE', #18, #1442 ) ;
#1199 = ORIENTED_EDGE ( 'NONE', *, *, #1809, .T. ) ;
#1200 = DIRECTION ( 'NONE',  ( 0.000000000000000000, 0.000000000000000000, 1.000000000000000000 ) ) ;
#1201 = VERTEX_POINT ( 'NONE', #1449 ) ;
#1202 = LINE ( 'NONE', #63, #2345 ) ;
#1203 = APPROVAL_STATUS ( 'not_yet_approved' ) ;
#1204 = VERTEX_POINT ( 'NONE', #2392 ) ;
#1205 = FACE_OUTER_BOUND ( 'NONE', #614, .T. ) ;
#1206 = CARTESIAN_POINT ( 'NONE',  ( 0.000000000000000000, 0.000000000000000000, 12.55100000000000016 ) ) ;
#1207 = CARTESIAN_POINT ( 'NONE',  ( -3.850461449014262350, 1.094662326763846449, -0.3456496207385881814 ) ) ;
#1208 = EDGE_CURVE ( 'NONE', #2371, #1281, #1920, .T. ) ;
#1209 = EDGE_CURVE ( 'NONE', #1339, #1544, #1025, .T. ) ;
#1210 = EDGE_LOOP ( 'NONE', ( #1260, #1478, #1233, #126 ) ) ;
#1211 = VECTOR ( 'NONE', #1611, 1000.000000000000000 ) ;
#1212 = AXIS2_PLACEMENT_3D ( 'NONE', #561, #168, #1304 ) ;
#1213 = FACE_OUTER_BOUND ( 'NONE', #1858, .T. ) ;
#1214 = VECTOR ( 'NONE', #212, 1000.000000000000000 ) ;
#1215 = ORIENTED_EDGE ( 'NONE', *, *, #169, .T. ) ;
#1216 = DIRECTION ( 'NONE',  ( 1.000000000000000000, -3.797988521401212884E-15, -0.000000000000000000 ) ) ;
#1217 = VECTOR ( 'NONE', #1440, 1000.000000000000114 ) ;
#1218 = APPROVAL_ROLE ( '' ) ;
#1219 = ORIENTED_EDGE ( 'NONE', *, *, #1119, .F. ) ;
#1220 = CARTESIAN_POINT ( 'NONE',  ( 0.000000000000000000, 0.000000000000000000, 11.55000000000000959 ) ) ;
#1221 = CYLINDRICAL_SURFACE ( 'NONE', #2334, 4.000000000000000000 ) ;
#1222 = DIRECTION ( 'NONE',  ( 0.000000000000000000, 0.000000000000000000, -1.000000000000000000 ) ) ;
#1223 = EDGE_CURVE ( 'NONE', #2092, #1116, #523, .T. ) ;
#1224 = VERTEX_POINT ( 'NONE', #1432 ) ;
#1225 = EDGE_CURVE ( 'NONE', #1265, #1796, #1253, .T. ) ;
#1226 = CARTESIAN_POINT ( 'NONE',  ( -4.200323781142703439, 8.576699839306902717, 10.91147031045236915 ) ) ;
#1227 = ORIENTED_EDGE ( 'NONE', *, *, #1505, .F. ) ;
#1228 = EDGE_LOOP ( 'NONE', ( #1194, #2300 ) ) ;
#1229 = CYLINDRICAL_SURFACE ( 'NONE', #1102, 0.2999999999999994893 ) ;
#1230 = DIRECTION ( 'NONE',  ( 0.000000000000000000, 0.000000000000000000, -1.000000000000000000 ) ) ;
#1231 = DIRECTION ( 'NONE',  ( 1.000000000000000000, 0.000000000000000000, 0.000000000000000000 ) ) ;
#1232 = VERTEX_POINT ( 'NONE', #895 ) ;
#1233 = ORIENTED_EDGE ( 'NONE', *, *, #785, .F. ) ;
#1234 = EDGE_CURVE ( 'NONE', #1265, #2202, #2425, .T. ) ;
#1235 = DIRECTION ( 'NONE',  ( 0.000000000000000000, 0.000000000000000000, 1.000000000000000000 ) ) ;
#1236 = EDGE_LOOP ( 'NONE', ( #1992, #2217 ) ) ;
#1237 = VERTEX_POINT ( 'NONE', #694 ) ;
#1238 = CARTESIAN_POINT ( 'NONE',  ( 4.138111961791063997, 5.012587095670429704, 5.671568562210282494 ) ) ;
#1239 = LINE ( 'NONE', #2158, #335 ) ;
#1240 = AXIS2_PLACEMENT_3D ( 'NONE', #1243, #1991, #1763 ) ;
#1241 = CYLINDRICAL_SURFACE ( 'NONE', #386, 12.55000000000000071 ) ;
#1242 = VECTOR ( 'NONE', #758, 1000.000000000000000 ) ;
#1243 = CARTESIAN_POINT ( 'NONE',  ( 0.000000000000000000, 0.000000000000000000, -11.55000000000000071 ) ) ;
#1244 = ORIENTED_EDGE ( 'NONE', *, *, #2271, .F. ) ;
#1245 = ORIENTED_EDGE ( 'NONE', *, *, #1505, .T. ) ;
#1246 = DIRECTION ( 'NONE',  ( 1.000000000000000000, 0.000000000000000000, 0.000000000000000000 ) ) ;
#1247 = DIRECTION ( 'NONE',  ( -1.000000000000000000, 0.000000000000000000, 0.000000000000000000 ) ) ;
#1248 = VECTOR ( 'NONE', #1187, 1000.000000000000114 ) ;
#1249 = ORIENTED_EDGE ( 'NONE', *, *, #632, .T. ) ;
#1250 = EDGE_CURVE ( 'NONE', #1643, #1560, #709, .T. ) ;
#1251 = ORIENTED_EDGE ( 'NONE', *, *, #119, .T. ) ;
#1252 = AXIS2_PLACEMENT_3D ( 'NONE', #2040, #2, #583 ) ;
#1253 = LINE ( 'NONE', #498, #1529 ) ;
#1254 = DIRECTION ( 'NONE',  ( 1.000000000000000000, 0.000000000000000000, 0.000000000000000000 ) ) ;
#1255 = EDGE_CURVE ( 'NONE', #529, #174, #2014, .T. ) ;
#1256 = CONICAL_SURFACE ( 'NONE', #70, 7.499999999999895195, 1.396263401595466691 ) ;
#1257 = DIRECTION ( 'NONE',  ( -1.000000000000000000, 0.000000000000000000, 0.000000000000000000 ) ) ;
#1258 = AXIS2_PLACEMENT_3D ( 'NONE', #2176, #351, #125 ) ;
#1259 = DIRECTION ( 'NONE',  ( 0.000000000000000000, 0.000000000000000000, -1.000000000000000000 ) ) ;
#1260 = ORIENTED_EDGE ( 'NONE', *, *, #1250, .F. ) ;
#1261 = ORIENTED_EDGE ( 'NONE', *, *, #1836, .F. ) ;
#1262 = DIRECTION ( 'NONE',  ( 1.000000000000000000, 0.000000000000000000, 0.000000000000000000 ) ) ;
#1263 = DIRECTION ( 'NONE',  ( 1.000000000000000000, 0.000000000000000000, 0.000000000000000000 ) ) ;
#1264 = ORIENTED_EDGE ( 'NONE', *, *, #46, .F. ) ;
#1265 = VERTEX_POINT ( 'NONE', #1660 ) ;
#1266 = CARTESIAN_POINT ( 'NONE',  ( -3.968626966596883410, 0.5000000000000160982, -0.4999999999881765689 ) ) ;
#1267 = DIRECTION ( 'NONE',  ( 0.000000000000000000, 0.000000000000000000, 1.000000000000000000 ) ) ;
#1268 = CARTESIAN_POINT ( 'NONE',  ( -3.968626966596883410, 0.5000000000000160982, 500000.0000000000582 ) ) ;
#1269 = EDGE_CURVE ( 'NONE', #535, #2092, #1491, .T. ) ;
#1270 = DIRECTION ( 'NONE',  ( 0.000000000000000000, 0.000000000000000000, 1.000000000000000000 ) ) ;
#1271 = EDGE_LOOP ( 'NONE', ( #1784, #810, #276, #52 ) ) ;
#1272 = DIRECTION ( 'NONE',  ( 0.000000000000000000, 0.000000000000000000, -1.000000000000000000 ) ) ;
#1273 = CARTESIAN_POINT ( 'NONE',  ( -1.587499999999998579, 1.587499999999998579, -11.81099999999999994 ) ) ;
#1274 = ORIENTED_EDGE ( 'NONE', *, *, #1148, .T. ) ;
#1275 = EDGE_LOOP ( 'NONE', ( #1401, #1659 ) ) ;
#1276 = DIRECTION ( 'NONE',  ( 1.000000000000000000, 0.000000000000000000, 0.000000000000000000 ) ) ;
#1277 = CARTESIAN_POINT ( 'NONE',  ( 0.000000000000000000, 0.000000000000000000, 0.5000000000000000000 ) ) ;
#1278 = DIRECTION ( 'NONE',  ( 0.000000000000000000, 0.000000000000000000, -1.000000000000000000 ) ) ;
#1279 = VERTEX_POINT ( 'NONE', #316 ) ;
#1280 = CARTESIAN_POINT ( 'NONE',  ( -4.200323781142703439, 8.576699839306902717, 12.55099999999999838 ) ) ;
#1281 = VERTEX_POINT ( 'NONE', #911 ) ;
#1282 = EDGE_CURVE ( 'NONE', #1839, #1375, #283, .T. ) ;
#1283 = AXIS2_PLACEMENT_3D ( 'NONE', #726, #504, #517 ) ;
#1284 = EDGE_CURVE ( 'NONE', #465, #1415, #1632, .T. ) ;
#1285 = DIRECTION ( 'NONE',  ( 1.000000000000000000, 0.000000000000000000, 0.000000000000000000 ) ) ;
#1286 = CARTESIAN_POINT ( 'NONE',  ( -4.200323781142703439, 8.576699839306902717, 7.238999999999998991 ) ) ;
#1287 = VERTEX_POINT ( 'NONE', #720 ) ;
#1288 = ORIENTED_EDGE ( 'NONE', *, *, #514, .F. ) ;
#1289 = DIRECTION ( 'NONE',  ( 0.000000000000000000, 0.000000000000000000, -1.000000000000000000 ) ) ;
#1290 = LINE ( 'NONE', #2404, #190 ) ;
#1291 = AXIS2_PLACEMENT_3D ( 'NONE', #2360, #866, #361 ) ;
#1292 = AXIS2_PLACEMENT_3D ( 'NONE', #217, #1547, #757 ) ;
#1293 = CARTESIAN_POINT ( 'NONE',  ( 0.000000000000000000, 0.000000000000000000, -12.55000000000000071 ) ) ;
#1294 = EDGE_LOOP ( 'NONE', ( #1887, #85 ) ) ;
#1295 = AXIS2_PLACEMENT_3D ( 'NONE', #2328, #644, #2144 ) ;
#1296 = CARTESIAN_POINT ( 'NONE',  ( -0.5000000000000004441, -6.480740698407859490, -0.4999999999881765689 ) ) ;
#1297 = VERTEX_POINT ( 'NONE', #1988 ) ;
#1298 = CIRCLE ( 'NONE', #624, 12.55000000000000071 ) ;
#1299 = ADVANCED_FACE ( 'NONE', ( #2220 ), #536, .F. ) ;
#1300 = DIRECTION ( 'NONE',  ( -0.9848077530122086864, 1.206041662501898361E-16, 0.1736481776669271393 ) ) ;
#1301 = CARTESIAN_POINT ( 'NONE',  ( 0.000000000000000000, 0.000000000000000000, -11.55000000000000071 ) ) ;
#1302 = EDGE_CURVE ( 'NONE', #572, #1038, #309, .T. ) ;
#1303 = DIRECTION ( 'NONE',  ( -1.000000000000000000, 0.000000000000000000, 0.000000000000000000 ) ) ;
#1304 = DIRECTION ( 'NONE',  ( -1.000000000000000000, 0.000000000000000000, 0.000000000000000000 ) ) ;
#1305 = DIRECTION ( 'NONE',  ( 3.797988521401212884E-15, 1.000000000000000000, 0.000000000000000000 ) ) ;
#1306 = ORIENTED_EDGE ( 'NONE', *, *, #2284, .F. ) ;
#1307 = CYLINDRICAL_SURFACE ( 'NONE', #848, 0.3000000000000003775 ) ;
#1308 = CARTESIAN_POINT ( 'NONE',  ( 4.086105865263375492, 2.033159821032335390, 6.100771760672474286 ) ) ;
#1309 = CIRCLE ( 'NONE', #175, 4.000000000000000000 ) ;
#1310 = ADVANCED_FACE ( 'NONE', ( #1853 ), #1568, .T. ) ;
#1311 = FACE_OUTER_BOUND ( 'NONE', #993, .T. ) ;
#1312 = CARTESIAN_POINT ( 'NONE',  ( 4.186743122652780258, 7.798664435498448455, 10.78721020775642891 ) ) ;
#1313 = FACE_OUTER_BOUND ( 'NONE', #1953, .T. ) ;
#1314 = ORIENTED_EDGE ( 'NONE', *, *, #1794, .F. ) ;
#1315 = CARTESIAN_POINT ( 'NONE',  ( -4.000000000000000000, 4.898587196589414801E-16, -12.70000000000000107 ) ) ;
#1316 = DIRECTION ( 'NONE',  ( 1.000000000000000000, 0.000000000000000000, 0.000000000000000000 ) ) ;
#1317 = VECTOR ( 'NONE', #2005, 1000.000000000000000 ) ;
#1318 = AXIS2_PLACEMENT_3D ( 'NONE', #7, #1857, #1316 ) ;
#1319 = DIRECTION ( 'NONE',  ( 0.000000000000000000, 0.000000000000000000, 1.000000000000000000 ) ) ;
#1320 = CARTESIAN_POINT ( 'NONE',  ( -4.200323781142703439, 8.576699839306902717, 11.55000000000000071 ) ) ;
#1321 = ADVANCED_FACE ( 'NONE', ( #21, #1163 ), #224, .F. ) ;
#1322 = DIRECTION ( 'NONE',  ( 0.000000000000000000, 0.000000000000000000, -1.000000000000000000 ) ) ;
#1323 = APPROVAL_DATE_TIME ( #1886, #724 ) ;
#1324 = ORIENTED_EDGE ( 'NONE', *, *, #632, .F. ) ;
#1325 = DIRECTION ( 'NONE',  ( 0.01745240643727710705, 0.9998476951563912696, 0.000000000000000000 ) ) ;
#1326 = ADVANCED_FACE ( 'NONE', ( #1311 ), #37, .T. ) ;
#1327 = CARTESIAN_POINT ( 'NONE',  ( 4.138111961791063997, 5.012587095670429704, 0.3000000000000085931 ) ) ;
#1328 = AXIS2_PLACEMENT_3D ( 'NONE', #1795, #2146, #131 ) ;
#1329 = VECTOR ( 'NONE', #1349, 1000.000000000000000 ) ;
#1330 = CC_DESIGN_SECURITY_CLASSIFICATION ( #699, ( #1368 ) ) ;
#1331 = AXIS2_PLACEMENT_3D ( 'NONE', #1141, #395, #753 ) ;
#1332 = CIRCLE ( 'NONE', #508, 12.55000000000000071 ) ;
#1333 = CYLINDRICAL_SURFACE ( 'NONE', #111, 2.500000000000000000 ) ;
#1334 = ORIENTED_EDGE ( 'NONE', *, *, #152, .T. ) ;
#1335 = DIRECTION ( 'NONE',  ( 1.000000000000000000, 0.000000000000000000, -0.000000000000000000 ) ) ;
#1336 = ORIENTED_EDGE ( 'NONE', *, *, #1110, .T. ) ;
#1337 = LINE ( 'NONE', #1682, #1443 ) ;
#1338 = DIRECTION ( 'NONE',  ( -1.000000000000000000, 0.000000000000000000, 0.000000000000000000 ) ) ;
#1339 = VERTEX_POINT ( 'NONE', #790 ) ;
#1340 = DIRECTION ( 'NONE',  ( 1.000000000000000000, 6.856614529552606191E-16, -0.000000000000000000 ) ) ;
#1341 = CYLINDRICAL_SURFACE ( 'NONE', #1358, 7.500000000000000000 ) ;
#1342 = CARTESIAN_POINT ( 'NONE',  ( 0.4999999999999995559, 6.480740698407862155, 500000.0000000000582 ) ) ;
#1343 = EDGE_CURVE ( 'NONE', #227, #1673, #1533, .T. ) ;
#1344 = FACE_OUTER_BOUND ( 'NONE', #2317, .T. ) ;
#1345 = VECTOR ( 'NONE', #695, 1000.000000000000000 ) ;
#1346 = ORIENTED_EDGE ( 'NONE', *, *, #999, .T. ) ;
#1347 = CARTESIAN_POINT ( 'NONE',  ( 4.000000000000000000, 0.000000000000000000, -11.55000000000000071 ) ) ;
#1348 = ORIENTED_EDGE ( 'NONE', *, *, #1583, .T. ) ;
#1349 = DIRECTION ( 'NONE',  ( 1.000000000000000000, -3.021127232932778512E-15, -0.000000000000000000 ) ) ;
#1350 = EDGE_LOOP ( 'NONE', ( #1227, #1913, #2224, #2094 ) ) ;
#1351 = DIRECTION ( 'NONE',  ( 1.000000000000000000, 0.000000000000000000, 0.000000000000000000 ) ) ;
#1352 = LINE ( 'NONE', #996, #648 ) ;
#1353 = DIRECTION ( 'NONE',  ( -0.000000000000000000, -0.000000000000000000, -1.000000000000000000 ) ) ;
#1354 = AXIS2_PLACEMENT_3D ( 'NONE', #912, #1989, #1806 ) ;
#1355 = ADVANCED_FACE ( 'NONE', ( #407 ), #580, .T. ) ;
#1356 = ORIENTED_EDGE ( 'NONE', *, *, #200, .T. ) ;
#1357 = ADVANCED_FACE ( 'NONE', ( #1884 ), #1256, .T. ) ;
#1358 = AXIS2_PLACEMENT_3D ( 'NONE', #1900, #219, #1719 ) ;
#1359 = DIRECTION ( 'NONE',  ( -0.000000000000000000, -0.000000000000000000, -1.000000000000000000 ) ) ;
#1360 = VERTEX_POINT ( 'NONE', #568 ) ;
#1361 = LINE ( 'NONE', #1768, #898 ) ;
#1362 = PERSON_AND_ORGANIZATION ( #74, #1762 ) ;
#1363 = ORIENTED_EDGE ( 'NONE', *, *, #909, .F. ) ;
#1364 = CARTESIAN_POINT ( 'NONE',  ( -0.5000000000000004441, -6.480740698407859490, 500000.0000000000582 ) ) ;
#1365 = PLANE ( 'NONE',  #2258 ) ;
#1366 = DIRECTION ( 'NONE',  ( 1.000000000000000000, 0.000000000000000000, 0.000000000000000000 ) ) ;
#1367 = CIRCLE ( 'NONE', #303, 6.500000000000000888 ) ;
#1368 = PRODUCT_DEFINITION_FORMATION_WITH_SPECIFIED_SOURCE ( 'ANY', '', #3, .NOT_KNOWN. ) ;
#1369 = AXIS2_PLACEMENT_3D ( 'NONE', #1741, #2095, #1558 ) ;
#1370 = EDGE_CURVE ( 'NONE', #526, #869, #1448, .T. ) ;
#1371 = VERTEX_POINT ( 'NONE', #2426 ) ;
#1372 = EDGE_CURVE ( 'NONE', #869, #1786, #1725, .T. ) ;
#1373 = AXIS2_PLACEMENT_3D ( 'NONE', #1960, #61, #2313 ) ;
#1374 = DIRECTION ( 'NONE',  ( -0.000000000000000000, -0.000000000000000000, -1.000000000000000000 ) ) ;
#1375 = VERTEX_POINT ( 'NONE', #550 ) ;
#1376 = CARTESIAN_POINT ( 'NONE',  ( -0.5000000000000025535, -6.480740698407858602, 0.4999999999881765689 ) ) ;
#1377 = DIRECTION ( 'NONE',  ( 1.000000000000000000, 0.000000000000000000, 0.000000000000000000 ) ) ;
#1378 = ORIENTED_EDGE ( 'NONE', *, *, #2211, .T. ) ;
#1379 = CARTESIAN_POINT ( 'NONE',  ( -7.500000000000000000, 0.000000000000000000, 6.474153413881856167 ) ) ;
#1380 = DIRECTION ( 'NONE',  ( 0.000000000000000000, 0.000000000000000000, 1.000000000000000000 ) ) ;
#1381 = LINE ( 'NONE', #502, #1015 ) ;
#1382 = VERTEX_POINT ( 'NONE', #2081 ) ;
#1383 = CARTESIAN_POINT ( 'NONE',  ( -5.120652581667479275, 4.003613010502162339, 11.55000000000000071 ) ) ;
#1384 = ORIENTED_EDGE ( 'NONE', *, *, #1691, .T. ) ;
#1385 = CARTESIAN_POINT ( 'NONE',  ( 6.480740698407864819, 0.4999999999999744094, -0.4999999999881765689 ) ) ;
#1386 = EDGE_CURVE ( 'NONE', #1626, #649, #2267, .T. ) ;
#1387 = ORIENTED_EDGE ( 'NONE', *, *, #200, .F. ) ;
#1388 = CARTESIAN_POINT ( 'NONE',  ( -4.138111961791065774, 5.012587095670429704, 12.55100000000000016 ) ) ;
#1389 = CARTESIAN_POINT ( 'NONE',  ( 0.5000000000000004441, -5.025186563700894560, -500000.0000000000582 ) ) ;
#1390 = ORIENTED_EDGE ( 'NONE', *, *, #2421, .T. ) ;
#1391 = CARTESIAN_POINT ( 'NONE',  ( 4.069033527459739119, 1.055086243314327543, 7.234780368550895346 ) ) ;
#1392 = ORIENTED_EDGE ( 'NONE', *, *, #908, .T. ) ;
#1393 = LINE ( 'NONE', #1925, #380 ) ;
#1394 = CIRCLE ( 'NONE', #2101, 2.500000000000000000 ) ;
#1395 = ORIENTED_EDGE ( 'NONE', *, *, #690, .F. ) ;
#1396 = DIRECTION ( 'NONE',  ( 0.000000000000000000, 0.000000000000000000, 1.000000000000000000 ) ) ;
#1397 = EDGE_CURVE ( 'NONE', #2391, #388, #1151, .T. ) ;
#1398 = DIRECTION ( 'NONE',  ( 1.000000000000000000, -6.856614529552601261E-16, -0.000000000000000000 ) ) ;
#1399 = DIRECTION ( 'NONE',  ( 0.000000000000000000, 0.000000000000000000, -1.000000000000000000 ) ) ;
#1400 = EDGE_CURVE ( 'NONE', #715, #1595, #1680, .T. ) ;
#1401 = ORIENTED_EDGE ( 'NONE', *, *, #846, .T. ) ;
#1402 = AXIS2_PLACEMENT_3D ( 'NONE', #439, #636, #1540 ) ;
#1403 = AXIS2_PLACEMENT_3D ( 'NONE', #184, #1718, #935 ) ;
#1404 = CARTESIAN_POINT ( 'NONE',  ( 0.5000000000000009992, -3.968626966596886074, 500000.0000000000582 ) ) ;
#1405 = LOCAL_TIME ( 9, 6, 29.00000000000000000, #653 ) ;
#1406 = AXIS2_PLACEMENT_3D ( 'NONE', #1713, #1543, #1 ) ;
#1407 = ORIENTED_EDGE ( 'NONE', *, *, #1476, .F. ) ;
#1408 = AXIS2_PLACEMENT_3D ( 'NONE', #560, #2057, #370 ) ;
#1409 = ORIENTED_EDGE ( 'NONE', *, *, #841, .F. ) ;
#1410 = CARTESIAN_POINT ( 'NONE',  ( -12.55000000000000071, 0.000000000000000000, -12.54999999999999893 ) ) ;
#1411 = LINE ( 'NONE', #130, #883 ) ;
#1412 = CARTESIAN_POINT ( 'NONE',  ( -6.500000000000000888, 0.000000000000000000, 11.55000000000000071 ) ) ;
#1413 = ORIENTED_EDGE ( 'NONE', *, *, #1495, .F. ) ;
#1414 = EDGE_CURVE ( 'NONE', #1588, #2256, #29, .T. ) ;
#1415 = VERTEX_POINT ( 'NONE', #1320 ) ;
#1416 = AXIS2_PLACEMENT_3D ( 'NONE', #921, #2069, #721 ) ;
#1417 = CARTESIAN_POINT ( 'NONE',  ( 0.000000000000000000, 0.000000000000000000, -12.70100000000000229 ) ) ;
#1418 = EDGE_LOOP ( 'NONE', ( #1801, #100, #417, #2324 ) ) ;
#1419 = ORIENTED_EDGE ( 'NONE', *, *, #1234, .T. ) ;
#1420 = CARTESIAN_POINT ( 'NONE',  ( 3.000000000000000444, 3.673940397442060361E-16, 7.238999999999995438 ) ) ;
#1421 = DIRECTION ( 'NONE',  ( 1.028492179432890140E-15, 1.000000000000000000, 0.000000000000000000 ) ) ;
#1422 = CARTESIAN_POINT ( 'NONE',  ( -3.968626966596887851, -0.4999999999999838463, -0.5000000000000000000 ) ) ;
#1423 = CARTESIAN_POINT ( 'NONE',  ( -4.159551265023354816, 6.240843955238956298, 6.474153413881856167 ) ) ;
#1424 = EDGE_LOOP ( 'NONE', ( #1155, #2290, #1314, #308 ) ) ;
#1425 = ADVANCED_FACE ( 'NONE', ( #930 ), #2093, .F. ) ;
#1426 = ORIENTED_EDGE ( 'NONE', *, *, #1538, .F. ) ;
#1427 = LINE ( 'NONE', #547, #1530 ) ;
#1428 = PLANE ( 'NONE',  #464 ) ;
#1429 = EDGE_CURVE ( 'NONE', #2173, #2092, #364, .T. ) ;
#1430 = ORIENTED_EDGE ( 'NONE', *, *, #530, .F. ) ;
#1431 = ORIENTED_EDGE ( 'NONE', *, *, #909, .T. ) ;
#1432 = CARTESIAN_POINT ( 'NONE',  ( -2.500000000000000000, 3.061616997868383141E-16, -12.70000000000000107 ) ) ;
#1433 = LINE ( 'NONE', #2015, #1317 ) ;
#1434 = CARTESIAN_POINT ( 'NONE',  ( 4.159551265023354816, 6.240843955238956298, 10.55000000000000071 ) ) ;
#1435 = VECTOR ( 'NONE', #1879, 1000.000000000000000 ) ;
#1436 = CARTESIAN_POINT ( 'NONE',  ( -4.123466697171988216, 4.173560447570954679, 6.848792007561827155 ) ) ;
#1437 = EDGE_LOOP ( 'NONE', ( #1306, #471, #1011 ) ) ;
#1438 = DESIGN_CONTEXT ( 'detailed design', #1519, 'design' ) ;
#1439 = VERTEX_POINT ( 'NONE', #593 ) ;
#1440 = DIRECTION ( 'NONE',  ( 0.01745240643727662480, 0.9998476951563912696, 0.000000000000000000 ) ) ;
#1441 = CARTESIAN_POINT ( 'NONE',  ( 0.000000000000000000, 0.000000000000000000, 12.55000000000000071 ) ) ;
#1442 = VECTOR ( 'NONE', #1158, 1000.000000000000227 ) ;
#1443 = VECTOR ( 'NONE', #1520, 1000.000000000000000 ) ;
#1444 = VERTEX_POINT ( 'NONE', #1347 ) ;
#1445 = ADVANCED_FACE ( 'NONE', ( #1497 ), #2245, .F. ) ;
#1446 = ORIENTED_EDGE ( 'NONE', *, *, #2120, .F. ) ;
#1447 = AXIS2_PLACEMENT_3D ( 'NONE', #2302, #2289, #608 ) ;
#1448 = CIRCLE ( 'NONE', #1331, 4.049999999999949196 ) ;
#1449 = CARTESIAN_POINT ( 'NONE',  ( 3.968626966596888739, 0.4999999999999825695, -0.4999999999881765689 ) ) ;
#1450 = FACE_OUTER_BOUND ( 'NONE', #327, .T. ) ;
#1451 = AXIS2_PLACEMENT_3D ( 'NONE', #867, #1617, #1247 ) ;
#1452 = CYLINDRICAL_SURFACE ( 'NONE', #1328, 9.549999999999997158 ) ;
#1453 = AXIS2_PLACEMENT_3D ( 'NONE', #220, #1563, #448 ) ;
#1454 = DIRECTION ( 'NONE',  ( -0.000000000000000000, -0.000000000000000000, 1.000000000000000000 ) ) ;
#1455 = VERTEX_POINT ( 'NONE', #2104 ) ;
#1456 = CARTESIAN_POINT ( 'NONE',  ( 0.5000000000000004441, -6.480740698407858602, -500000.0000000000582 ) ) ;
#1457 = DIRECTION ( 'NONE',  ( 1.000000000000000000, 0.000000000000000000, 0.000000000000000000 ) ) ;
#1458 = EDGE_LOOP ( 'NONE', ( #1045, #736, #592, #1274 ) ) ;
#1459 = ORIENTED_EDGE ( 'NONE', *, *, #725, .F. ) ;
#1460 = DIRECTION ( 'NONE',  ( -1.000000000000000000, 3.797988521401212884E-15, 0.000000000000000000 ) ) ;
#1461 = ADVANCED_FACE ( 'NONE', ( #2139 ), #615, .F. ) ;
#1462 = CARTESIAN_POINT ( 'NONE',  ( 0.000000000000000000, 0.000000000000000000, -10.55000000000000071 ) ) ;
#1463 = CARTESIAN_POINT ( 'NONE',  ( 4.200323781142703439, 8.576699839306902717, 12.55099999999999838 ) ) ;
#1464 = EDGE_LOOP ( 'NONE', ( #1431, #2115, #213, #903, #1446 ) ) ;
#1465 = EDGE_CURVE ( 'NONE', #1767, #451, #1030, .T. ) ;
#1466 = DIRECTION ( 'NONE',  ( 1.000000000000000000, -4.143260205164956498E-15, 0.000000000000000000 ) ) ;
#1467 = ORIENTED_EDGE ( 'NONE', *, *, #210, .T. ) ;
#1468 = DIRECTION ( 'NONE',  ( 1.000000000000000000, 0.000000000000000000, 0.000000000000000000 ) ) ;
#1469 = CARTESIAN_POINT ( 'NONE',  ( -2.500000000000000000, 3.061616997868383141E-16, -11.81099999999999994 ) ) ;
#1470 = ORIENTED_EDGE ( 'NONE', *, *, #628, .F. ) ;
#1471 = ORIENTED_EDGE ( 'NONE', *, *, #2020, .T. ) ;
#1472 = DIRECTION ( 'NONE',  ( 0.000000000000000000, 1.000000000000000000, 0.000000000000000000 ) ) ;
#1473 = DIRECTION ( 'NONE',  ( -1.000000000000000000, 0.000000000000000000, 0.000000000000000000 ) ) ;
#1474 = DIRECTION ( 'NONE',  ( 1.000000000000000000, 0.000000000000000000, 0.000000000000000000 ) ) ;
#1475 = ORIENTED_EDGE ( 'NONE', *, *, #920, .T. ) ;
#1476 = EDGE_CURVE ( 'NONE', #1415, #529, #2387, .T. ) ;
#1477 = CARTESIAN_POINT ( 'NONE',  ( 0.4999999999999995559, 3.968626966596886962, 500000.0000000000582 ) ) ;
#1478 = ORIENTED_EDGE ( 'NONE', *, *, #2389, .T. ) ;
#1479 = CC_DESIGN_PERSON_AND_ORGANIZATION_ASSIGNMENT ( #205, #1753, ( #466 ) ) ;
#1480 = EDGE_CURVE ( 'NONE', #1281, #1287, #1556, .T. ) ;
#1481 = VECTOR ( 'NONE', #1398, 1000.000000000000000 ) ;
#1482 = LINE ( 'NONE', #1835, #1172 ) ;
#1483 = CARTESIAN_POINT ( 'NONE',  ( 0.000000000000000000, 0.000000000000000000, -12.70100000000000229 ) ) ;
#1484 = CARTESIAN_POINT ( 'NONE',  ( 0.000000000000000000, 0.000000000000000000, -11.44045125257775553 ) ) ;
#1485 = FACE_OUTER_BOUND ( 'NONE', #1778, .T. ) ;
#1486 = CIRCLE ( 'NONE', #859, 5.050000000000001599 ) ;
#1487 = CIRCLE ( 'NONE', #23, 4.049999999999949196 ) ;
#1488 = CARTESIAN_POINT ( 'NONE',  ( -3.968626966596883410, 0.5000000000000160982, 500000.0000000000582 ) ) ;
#1489 = ORIENTED_EDGE ( 'NONE', *, *, #416, .F. ) ;
#1490 = AXIS2_PLACEMENT_3D ( 'NONE', #231, #51, #1338 ) ;
#1491 = CIRCLE ( 'NONE', #425, 4.000000000000000000 ) ;
#1492 = CARTESIAN_POINT ( 'NONE',  ( -7.500000000000000000, 9.184850993605147944E-16, -10.55000000000000071 ) ) ;
#1493 = VERTEX_POINT ( 'NONE', #2153 ) ;
#1494 = CIRCLE ( 'NONE', #1373, 2.500000000000000000 ) ;
#1495 = EDGE_CURVE ( 'NONE', #2166, #1232, #1580, .T. ) ;
#1496 = LINE ( 'NONE', #729, #428 ) ;
#1497 = FACE_OUTER_BOUND ( 'NONE', #1748, .T. ) ;
#1498 = CARTESIAN_POINT ( 'NONE',  ( 6.480740698407864819, 0.4999999999999744094, 500000.0000000000582 ) ) ;
#1499 = CARTESIAN_POINT ( 'NONE',  ( 4.086105865263375492, 2.033159821032335390, 0.3000000000000085931 ) ) ;
#1500 = ORIENTED_EDGE ( 'NONE', *, *, #476, .T. ) ;
#1501 = PLANE ( 'NONE',  #2112 ) ;
#1502 = CARTESIAN_POINT ( 'NONE',  ( 12.55000000000000071, 1.536931732929928397E-15, 48.04676041556469102 ) ) ;
#1503 = EDGE_CURVE ( 'NONE', #1839, #2276, #651, .T. ) ;
#1504 = DIRECTION ( 'NONE',  ( 0.000000000000000000, 0.000000000000000000, 1.000000000000000000 ) ) ;
#1505 = EDGE_CURVE ( 'NONE', #2053, #1184, #851, .T. ) ;
#1506 = CARTESIAN_POINT ( 'NONE',  ( 0.000000000000000000, 0.000000000000000000, -12.70000000000000107 ) ) ;
#1507 = DIRECTION ( 'NONE',  ( 1.000000000000000000, -3.552713678800500929E-15, 0.000000000000000000 ) ) ;
#1508 = CARTESIAN_POINT ( 'NONE',  ( 1.587499999999998579, -1.587499999999998579, -11.81099999999999994 ) ) ;
#1509 = ORIENTED_EDGE ( 'NONE', *, *, #1160, .T. ) ;
#1510 = PLANE ( 'NONE',  #226 ) ;
#1511 = DIRECTION ( 'NONE',  ( 0.000000000000000000, 0.000000000000000000, 1.000000000000000000 ) ) ;
#1512 = AXIS2_PLACEMENT_3D ( 'NONE', #1462, #342, #2355 ) ;
#1513 = AXIS2_PLACEMENT_3D ( 'NONE', #1819, #1270, #1063 ) ;
#1514 = CARTESIAN_POINT ( 'NONE',  ( -4.086105865263376380, 2.033159821032335834, 6.100771760672474286 ) ) ;
#1515 = B_SPLINE_CURVE_WITH_KNOTS ( 'NONE', 3,
 ( #2200, #1207, #1037, #1951, #293, #685, #304, #1990, #861, #1783 ),
 .UNSPECIFIED., .F., .F.,
 ( 4, 2, 2, 2, 4 ),
 ( 0.000000000000000000, 0.0006578931941248294902, 0.0009868397911872439643, 0.001151313089718451364, 0.001315786388249658764 ),
 .UNSPECIFIED. ) ;
#1516 =( BOUNDED_CURVE ( )  B_SPLINE_CURVE ( 3, ( #1079, #1629, #153, #2035 ),
 .UNSPECIFIED., .F., .F. ) 
 B_SPLINE_CURVE_WITH_KNOTS ( ( 4, 4 ),
 ( 2.243466771909579105, 2.413062579874206026 ),
 .UNSPECIFIED. ) 
 CURVE ( )  GEOMETRIC_REPRESENTATION_ITEM ( )  RATIONAL_B_SPLINE_CURVE ( ( 1.000000000000000000, 0.9976045410920710843, 0.9976045410920710843, 1.000000000000000000 ) ) 
 REPRESENTATION_ITEM ( '' )  );
#1517 = ORIENTED_EDGE ( 'NONE', *, *, #302, .T. ) ;
#1518 = CARTESIAN_POINT ( 'NONE',  ( -4.050205747822849922, -0.02355652967589156460, 7.238954386805811048 ) ) ;
#1519 = APPLICATION_CONTEXT ( 'configuration controlled 3d designs of mechanical parts and assemblies' ) ;
#1520 = DIRECTION ( 'NONE',  ( 0.000000000000000000, 0.000000000000000000, -1.000000000000000000 ) ) ;
#1521 = EDGE_CURVE ( 'NONE', #1371, #1038, #432, .T. ) ;
#1522 = EDGE_CURVE ( 'NONE', #783, #1339, #1933, .T. ) ;
#1523 = ORIENTED_EDGE ( 'NONE', *, *, #934, .T. ) ;
#1524 = LINE ( 'NONE', #586, #739 ) ;
#1525 = LINE ( 'NONE', #970, #1435 ) ;
#1526 = AXIS2_PLACEMENT_3D ( 'NONE', #105, #661, #1231 ) ;
#1527 = AXIS2_PLACEMENT_3D ( 'NONE', #2058, #204, #569 ) ;
#1528 = CARTESIAN_POINT ( 'NONE',  ( 0.000000000000000000, 0.000000000000000000, -10.55000000000000426 ) ) ;
#1529 = VECTOR ( 'NONE', #2198, 1000.000000000000000 ) ;
#1530 = VECTOR ( 'NONE', #1300, 1000.000000000000000 ) ;
#1531 = CARTESIAN_POINT ( 'NONE',  ( -4.086105865263376380, 2.033159821032335834, 6.100771760672474286 ) ) ;
#1532 = ORIENTED_EDGE ( 'NONE', *, *, #2227, .F. ) ;
#1533 = LINE ( 'NONE', #979, #660 ) ;
#1534 = EDGE_LOOP ( 'NONE', ( #953, #2395, #1426, #886, #553, #141 ) ) ;
#1535 = DIRECTION ( 'NONE',  ( 0.000000000000000000, 0.000000000000000000, -1.000000000000000000 ) ) ;
#1536 = VERTEX_POINT ( 'NONE', #287 ) ;
#1537 = CARTESIAN_POINT ( 'NONE',  ( -0.5000000000000025535, -6.480740698407858602, -500000.0000000000582 ) ) ;
#1538 = EDGE_CURVE ( 'NONE', #825, #1788, #2126, .T. ) ;
#1539 = CARTESIAN_POINT ( 'NONE',  ( -3.786151556716458533, 2.038395542963518547, -0.5000000000000000000 ) ) ;
#1540 = DIRECTION ( 'NONE',  ( 0.01745240643727662133, -0.9998476951563912696, 0.000000000000000000 ) ) ;
#1541 = CARTESIAN_POINT ( 'NONE',  ( -3.921832716973330690, 1.762969567241320146, 6.159330491681624942 ) ) ;
#1542 = ORIENTED_EDGE ( 'NONE', *, *, #2195, .T. ) ;
#1543 = DIRECTION ( 'NONE',  ( 0.000000000000000000, 0.000000000000000000, 1.000000000000000000 ) ) ;
#1544 = VERTEX_POINT ( 'NONE', #1226 ) ;
#1545 = PLANE ( 'NONE',  #1838 ) ;
#1546 = ORIENTED_EDGE ( 'NONE', *, *, #995, .F. ) ;
#1547 = DIRECTION ( 'NONE',  ( 0.000000000000000000, 0.000000000000000000, 1.000000000000000000 ) ) ;
#1548 = LINE ( 'NONE', #2110, #16 ) ;
#1549 = EDGE_CURVE ( 'NONE', #680, #2338, #1041, .T. ) ;
#1550 = CARTESIAN_POINT ( 'NONE',  ( 0.000000000000000000, 0.000000000000000000, 0.5000000000000000000 ) ) ;
#1551 = CC_DESIGN_DATE_AND_TIME_ASSIGNMENT ( #127, #91, ( #699 ) ) ;
#1552 = EDGE_CURVE ( 'NONE', #907, #2226, #989, .T. ) ;
#1553 = ORIENTED_EDGE ( 'NONE', *, *, #809, .F. ) ;
#1554 = CIRCLE ( 'NONE', #1981, 2.500000000000000000 ) ;
#1555 = VECTOR ( 'NONE', #2184, 1000.000000000000000 ) ;
#1556 = LINE ( 'NONE', #814, #549 ) ;
#1557 = EDGE_LOOP ( 'NONE', ( #756, #1032, #331, #2031, #1215, #481, #1613 ) ) ;
#1558 = DIRECTION ( 'NONE',  ( -1.000000000000000000, 0.000000000000000000, 0.000000000000000000 ) ) ;
#1559 = APPROVAL_ROLE ( '' ) ;
#1560 = VERTEX_POINT ( 'NONE', #1570 ) ;
#1561 = CARTESIAN_POINT ( 'NONE',  ( -6.500000000000000888, 0.000000000000000000, 0.5000000000000000000 ) ) ;
#1562 = PLANE ( 'NONE',  #2027 ) ;
#1563 = DIRECTION ( 'NONE',  ( 0.000000000000000000, 0.000000000000000000, 1.000000000000000000 ) ) ;
#1564 = CONICAL_SURFACE ( 'NONE', #347, 8.000000000000000000, 1.352630170295608503 ) ;
#1565 = CONICAL_SURFACE ( 'NONE', #2383, 7.500000000000000000, 1.352630170295608281 ) ;
#1566 = ADVANCED_FACE ( 'NONE', ( #1213 ), #1189, .F. ) ;
#1567 = ORIENTED_EDGE ( 'NONE', *, *, #1225, .F. ) ;
#1568 = CONICAL_SURFACE ( 'NONE', #1724, 7.500000000000000000, 1.352630170295608281 ) ;
#1569 = CIRCLE ( 'NONE', #2041, 6.500000000000000888 ) ;
#1570 = CARTESIAN_POINT ( 'NONE',  ( -6.480740698407858602, 0.5000000000000255351, -0.5000000000000000000 ) ) ;
#1571 = EDGE_LOOP ( 'NONE', ( #408, #518 ) ) ;
#1572 = DIRECTION ( 'NONE',  ( -1.000000000000000000, 4.143260205164956498E-15, -0.000000000000000000 ) ) ;
#1573 = EDGE_LOOP ( 'NONE', ( #2269, #622, #1840, #916, #1470 ) ) ;
#1574 = CARTESIAN_POINT ( 'NONE',  ( 3.000000000000000444, 3.673940397442060361E-16, -7.239000000000000767 ) ) ;
#1575 = LINE ( 'NONE', #414, #413 ) ;
#1576 = CARTESIAN_POINT ( 'NONE',  ( 0.000000000000000000, 0.000000000000000000, 12.55000000000000071 ) ) ;
#1577 = ORIENTED_EDGE ( 'NONE', *, *, #495, .T. ) ;
#1578 = CARTESIAN_POINT ( 'NONE',  ( -4.068980395923790461, 1.052042339658361580, 7.234792147528836814 ) ) ;
#1579 = EDGE_CURVE ( 'NONE', #339, #360, #1298, .T. ) ;
#1580 = LINE ( 'NONE', #1766, #353 ) ;
#1581 = ORIENTED_EDGE ( 'NONE', *, *, #2090, .F. ) ;
#1582 = DIRECTION ( 'NONE',  ( 0.000000000000000000, 0.000000000000000000, 1.000000000000000000 ) ) ;
#1583 = EDGE_CURVE ( 'NONE', #839, #1637, #1494, .T. ) ;
#1584 = ORIENTED_EDGE ( 'NONE', *, *, #1182, .T. ) ;
#1585 = LINE ( 'NONE', #1379, #1841 ) ;
#1586 = CARTESIAN_POINT ( 'NONE',  ( -0.9549999999999975175, -1.587499999999998579, -7.239000000000000767 ) ) ;
#1587 = CARTESIAN_POINT ( 'NONE',  ( -1.587499999999998579, 1.587499999999998579, -7.239000000000000767 ) ) ;
#1588 = VERTEX_POINT ( 'NONE', #1383 ) ;
#1589 = CIRCLE ( 'NONE', #1897, 2.500000000000000000 ) ;
#1590 = ORIENTED_EDGE ( 'NONE', *, *, #27, .F. ) ;
#1591 = DIRECTION ( 'NONE',  ( 1.000000000000000000, 0.000000000000000000, 0.000000000000000000 ) ) ;
#1592 = ORIENTED_EDGE ( 'NONE', *, *, #1579, .F. ) ;
#1593 = CYLINDRICAL_SURFACE ( 'NONE', #2148, 12.55000000000000071 ) ;
#1594 = CIRCLE ( 'NONE', #489, 7.500000000000000000 ) ;
#1595 = VERTEX_POINT ( 'NONE', #2127 ) ;
#1596 = LINE ( 'NONE', #1621, #546 ) ;
#1597 = EDGE_CURVE ( 'NONE', #1631, #1751, #1169, .T. ) ;
#1598 = DIRECTION ( 'NONE',  ( 0.000000000000000000, 0.000000000000000000, 1.000000000000000000 ) ) ;
#1599 = CARTESIAN_POINT ( 'NONE',  ( 0.5000000000000025535, -6.480740698407858602, 500000.0000000000582 ) ) ;
#1600 = ORIENTED_EDGE ( 'NONE', *, *, #1776, .F. ) ;
#1601 = VERTEX_POINT ( 'NONE', #441 ) ;
#1602 = VECTOR ( 'NONE', #2274, 1000.000000000000000 ) ;
#1603 = VECTOR ( 'NONE', #610, 1000.000000000000000 ) ;
#1604 = DIRECTION ( 'NONE',  ( 0.01745240643727677399, -0.9998476951563912696, 0.000000000000000000 ) ) ;
#1605 = CIRCLE ( 'NONE', #1295, 9.549999999999998934 ) ;
#1606 = ORIENTED_EDGE ( 'NONE', *, *, #302, .F. ) ;
#1607 = VECTOR ( 'NONE', #2286, 1000.000000000000000 ) ;
#1608 = ORIENTED_EDGE ( 'NONE', *, *, #2244, .T. ) ;
#1609 = PLANE ( 'NONE',  #109 ) ;
#1610 = FACE_OUTER_BOUND ( 'NONE', #1087, .T. ) ;
#1611 = DIRECTION ( 'NONE',  ( 3.428307264776302602E-16, -1.000000000000000000, 0.000000000000000000 ) ) ;
#1612 = ADVANCED_FACE ( 'NONE', ( #1067 ), #691, .F. ) ;
#1613 = ORIENTED_EDGE ( 'NONE', *, *, #2390, .F. ) ;
#1614 = EDGE_CURVE ( 'NONE', #1654, #31, #1516, .T. ) ;
#1615 = ORIENTED_EDGE ( 'NONE', *, *, #320, .T. ) ;
#1616 = CARTESIAN_POINT ( 'NONE',  ( -3.786151556716458533, 2.038395542963518547, 0.2999999999999947153 ) ) ;
#1617 = DIRECTION ( 'NONE',  ( 0.000000000000000000, 0.000000000000000000, -1.000000000000000000 ) ) ;
#1618 = EDGE_LOOP ( 'NONE', ( #20, #713, #630, #1895 ) ) ;
#1619 = PERSON_AND_ORGANIZATION ( #74, #1762 ) ;
#1620 = VERTEX_POINT ( 'NONE', #165 ) ;
#1621 = CARTESIAN_POINT ( 'NONE',  ( 1.587499999999998579, 1.587500000000000355, -11.81099999999999994 ) ) ;
#1622 = DIRECTION ( 'NONE',  ( -0.000000000000000000, -0.000000000000000000, 1.000000000000000000 ) ) ;
#1623 = DIRECTION ( 'NONE',  ( -0.000000000000000000, -0.000000000000000000, -1.000000000000000000 ) ) ;
#1624 = LINE ( 'NONE', #1477, #1008 ) ;
#1625 = VERTEX_POINT ( 'NONE', #1656 ) ;
#1626 = VERTEX_POINT ( 'NONE', #667 ) ;
#1627 = EDGE_CURVE ( 'NONE', #248, #526, #904, .T. ) ;
#1628 = CARTESIAN_POINT ( 'NONE',  ( -3.553917269856861516, 1.836900894537009110, 6.225805218817624720 ) ) ;
#1629 = CARTESIAN_POINT ( 'NONE',  ( -4.421823350123365692, 4.778370818257853259, 0.01224418461869984480 ) ) ;
#1630 = EDGE_LOOP ( 'NONE', ( #1934, #1006, #1977, #1922, #817 ) ) ;
#1631 = VERTEX_POINT ( 'NONE', #891 ) ;
#1632 = LINE ( 'NONE', #1827, #901 ) ;
#1633 = FACE_OUTER_BOUND ( 'NONE', #452, .T. ) ;
#1634 = CIRCLE ( 'NONE', #1677, 9.549999999999998934 ) ;
#1635 = CARTESIAN_POINT ( 'NONE',  ( 0.4999999999999994449, 3.968626966596886074, -11.55000000000000071 ) ) ;
#1636 = CARTESIAN_POINT ( 'NONE',  ( 0.000000000000000000, 0.000000000000000000, 7.238999999999995438 ) ) ;
#1637 = VERTEX_POINT ( 'NONE', #1469 ) ;
#1638 = DIRECTION ( 'NONE',  ( -0.7071067811865456854, 0.000000000000000000, -0.7071067811865493491 ) ) ;
#1639 = ADVANCED_FACE ( 'NONE', ( #2361 ), #296, .F. ) ;
#1640 = DIRECTION ( 'NONE',  ( 0.000000000000000000, 0.000000000000000000, 1.000000000000000000 ) ) ;
#1641 = VECTOR ( 'NONE', #2342, 1000.000000000000000 ) ;
#1642 = CIRCLE ( 'NONE', #1369, 4.000000000000000000 ) ;
#1643 = VERTEX_POINT ( 'NONE', #906 ) ;
#1644 = ORIENTED_EDGE ( 'NONE', *, *, #1549, .F. ) ;
#1645 = ADVANCED_FACE ( 'NONE', ( #2022 ), #1850, .F. ) ;
#1646 = LOCAL_TIME ( 9, 6, 29.00000000000000000, #2084 ) ;
#1647 = VECTOR ( 'NONE', #2377, 1000.000000000000000 ) ;
#1648 = DIRECTION ( 'NONE',  ( -0.000000000000000000, -0.000000000000000000, 1.000000000000000000 ) ) ;
#1649 = DIRECTION ( 'NONE',  ( 0.000000000000000000, 0.000000000000000000, 1.000000000000000000 ) ) ;
#1650 = VECTOR ( 'NONE', #2192, 1000.000000000000114 ) ;
#1651 = DIRECTION ( 'NONE',  ( 0.9762960071199339174, 1.195617780139768645E-16, -0.2164396139380999895 ) ) ;
#1652 = EDGE_LOOP ( 'NONE', ( #522, #1961, #2024, #211 ) ) ;
#1653 = CARTESIAN_POINT ( 'NONE',  ( 4.050205770524479831, -0.02355522910036836684, 7.238954381772980895 ) ) ;
#1654 = VERTEX_POINT ( 'NONE', #717 ) ;
#1655 = CYLINDRICAL_SURFACE ( 'NONE', #1681, 6.500000000000000888 ) ;
#1656 = CARTESIAN_POINT ( 'NONE',  ( 4.924787101874804840, 4.242224888099118019, -0.5000000000000000000 ) ) ;
#1657 = ORIENTED_EDGE ( 'NONE', *, *, #1134, .T. ) ;
#1658 = EDGE_CURVE ( 'NONE', #2391, #512, #311, .T. ) ;
#1659 = ORIENTED_EDGE ( 'NONE', *, *, #2059, .T. ) ;
#1660 = CARTESIAN_POINT ( 'NONE',  ( 9.549999999999998934, 0.000000000000000000, 11.55000000000000071 ) ) ;
#1661 = CYLINDRICAL_SURFACE ( 'NONE', #1212, 6.500000000000000888 ) ;
#1662 = ADVANCED_FACE ( 'NONE', ( #2216 ), #2373, .F. ) ;
#1663 = PRODUCT_DEFINITION_SHAPE ( 'NONE', 'NONE',  #466 ) ;
#1664 = DIRECTION ( 'NONE',  ( -0.01745240643727677399, -0.9998476951563912696, 0.000000000000000000 ) ) ;
#1665 = VERTEX_POINT ( 'NONE', #2351 ) ;
#1666 = CARTESIAN_POINT ( 'NONE',  ( 0.000000000000000000, 0.000000000000000000, -11.81099999999999994 ) ) ;
#1667 = ORIENTED_EDGE ( 'NONE', *, *, #1400, .F. ) ;
#1668 = CARTESIAN_POINT ( 'NONE',  ( 0.000000000000000000, 0.000000000000000000, -12.70100000000000051 ) ) ;
#1669 = FACE_OUTER_BOUND ( 'NONE', #2118, .T. ) ;
#1670 = LINE ( 'NONE', #2181, #620 ) ;
#1671 = PLANE ( 'NONE',  #1527 ) ;
#1672 = CARTESIAN_POINT ( 'NONE',  ( -0.5000000000000004441, -5.025186563700894560, 11.55000000000000071 ) ) ;
#1673 = VERTEX_POINT ( 'NONE', #705 ) ;
#1674 = EDGE_CURVE ( 'NONE', #31, #1042, #1824, .T. ) ;
#1675 = FACE_OUTER_BOUND ( 'NONE', #1797, .T. ) ;
#1676 = ORIENTED_EDGE ( 'NONE', *, *, #75, .F. ) ;
#1677 = AXIS2_PLACEMENT_3D ( 'NONE', #33, #1511, #950 ) ;
#1678 = B_SPLINE_CURVE_WITH_KNOTS ( 'NONE', 3,
 ( #1185, #15, #969, #598 ),
 .UNSPECIFIED., .F., .F.,
 ( 4, 4 ),
 ( 0.002611567330484971389, 0.005184094960864636323 ),
 .UNSPECIFIED. ) ;
#1679 = CARTESIAN_POINT ( 'NONE',  ( 3.635591021044074722, 1.668659249071488215, 0.2018742422873934239 ) ) ;
#1680 = LINE ( 'NONE', #1871, #462 ) ;
#1681 = AXIS2_PLACEMENT_3D ( 'NONE', #2398, #716, #1468 ) ;
#1682 = CARTESIAN_POINT ( 'NONE',  ( 5.049230860539778654, -0.08813465250825060215, 12.55100000000000016 ) ) ;
#1683 = VECTOR ( 'NONE', #262, 1000.000000000000000 ) ;
#1684 = CARTESIAN_POINT ( 'NONE',  ( 12.55000000000000071, 0.000000000000000000, 11.44045125257775553 ) ) ;
#1685 = ORIENTED_EDGE ( 'NONE', *, *, #2330, .F. ) ;
#1686 = CARTESIAN_POINT ( 'NONE',  ( -7.499999999999895195, 0.000000000000000000, -10.55000000000000426 ) ) ;
#1687 = CIRCLE ( 'NONE', #2114, 4.000000000000000000 ) ;
#1688 = DIRECTION ( 'NONE',  ( -1.000000000000000000, 0.000000000000000000, 0.000000000000000000 ) ) ;
#1689 = EDGE_CURVE ( 'NONE', #869, #465, #325, .T. ) ;
#1690 = VECTOR ( 'NONE', #2277, 1000.000000000000000 ) ;
#1691 = EDGE_CURVE ( 'NONE', #1224, #1637, #1052, .T. ) ;
#1692 = CARTESIAN_POINT ( 'NONE',  ( 0.000000000000000000, 0.000000000000000000, -12.70100000000000051 ) ) ;
#1693 = DIRECTION ( 'NONE',  ( 0.000000000000000000, 0.000000000000000000, -1.000000000000000000 ) ) ;
#1694 = FACE_OUTER_BOUND ( 'NONE', #97, .T. ) ;
#1695 = CARTESIAN_POINT ( 'NONE',  ( 7.500000000000000000, 9.184850993605147944E-16, 6.474153413881856167 ) ) ;
#1696 = ORIENTED_EDGE ( 'NONE', *, *, #1208, .F. ) ;
#1697 = PLANE ( 'NONE',  #2232 ) ;
#1698 = DIRECTION ( 'NONE',  ( 0.000000000000000000, 0.000000000000000000, -1.000000000000000000 ) ) ;
#1699 = DIRECTION ( 'NONE',  ( 0.000000000000000000, 0.000000000000000000, -1.000000000000000000 ) ) ;
#1700 = ADVANCED_FACE ( 'NONE', ( #2386, #520 ), #1428, .T. ) ;
#1701 = VERTEX_POINT ( 'NONE', #338 ) ;
#1702 = CARTESIAN_POINT ( 'NONE',  ( 6.480740698407857714, -0.5000000000000281997, 500000.0000000000582 ) ) ;
#1703 = CARTESIAN_POINT ( 'NONE',  ( 4.200323781142703439, 8.576699839306902717, 10.91147031045236915 ) ) ;
#1704 = APPLICATION_PROTOCOL_DEFINITION ( 'international standard', 'config_control_design', 1994, #1023 ) ;
#1705 = ORIENTED_EDGE ( 'NONE', *, *, #1691, .F. ) ;
#1706 = DIRECTION ( 'NONE',  ( 0.000000000000000000, 0.000000000000000000, 1.000000000000000000 ) ) ;
#1707 = CARTESIAN_POINT ( 'NONE',  ( -1.587499999999998579, 1.587499999999998579, -11.81099999999999994 ) ) ;
#1708 = DIRECTION ( 'NONE',  ( 1.000000000000000000, 0.000000000000000000, 0.000000000000000000 ) ) ;
#1709 = CIRCLE ( 'NONE', #2296, 1.099999999999996314 ) ;
#1710 = CARTESIAN_POINT ( 'NONE',  ( -4.084937124936122821, 1.966202732527577490, 6.107616431998497575 ) ) ;
#1711 = EDGE_LOOP ( 'NONE', ( #521, #240, #273, #1856 ) ) ;
#1712 = ADVANCED_FACE ( 'NONE', ( #1799 ), #113, .T. ) ;
#1713 = CARTESIAN_POINT ( 'NONE',  ( 0.000000000000000000, 0.000000000000000000, 11.55000000000000071 ) ) ;
#1714 = ORIENTED_EDGE ( 'NONE', *, *, #490, .T. ) ;
#1715 = CARTESIAN_POINT ( 'NONE',  ( -4.159551265023354816, 6.240843955238956298, 6.474153413881856167 ) ) ;
#1716 = EDGE_CURVE ( 'NONE', #227, #354, #702, .T. ) ;
#1717 = ORIENTED_EDGE ( 'NONE', *, *, #223, .T. ) ;
#1718 = DIRECTION ( 'NONE',  ( 0.000000000000000000, 0.000000000000000000, 1.000000000000000000 ) ) ;
#1719 = DIRECTION ( 'NONE',  ( 1.000000000000000000, 0.000000000000000000, 0.000000000000000000 ) ) ;
#1720 = CIRCLE ( 'NONE', #2186, 10.54999999999999361 ) ;
#1721 = AXIS2_PLACEMENT_3D ( 'NONE', #2249, #1168, #376 ) ;
#1722 = CARTESIAN_POINT ( 'NONE',  ( 0.000000000000000000, 0.000000000000000000, 10.55000000000000071 ) ) ;
#1723 = ADVANCED_BREP_SHAPE_REPRESENTATION ( '228-2500-421', ( #936, #1447 ), #424 ) ;
#1724 = AXIS2_PLACEMENT_3D ( 'NONE', #167, #2253, #582 ) ;
#1725 = B_SPLINE_CURVE_WITH_KNOTS ( 'NONE', 3,
 ( #778, #744, #1518, #2262 ),
 .UNSPECIFIED., .F., .F.,
 ( 4, 4 ),
 ( 1.124859753953710850E-18, 7.040444575421763438E-05 ),
 .UNSPECIFIED. ) ;
#1726 = AXIS2_PLACEMENT_3D ( 'NONE', #1692, #1504, #1870 ) ;
#1727 = CARTESIAN_POINT ( 'NONE',  ( -3.978964258706137791, 1.799308321376393849, 6.144491226453261845 ) ) ;
#1728 = ORIENTED_EDGE ( 'NONE', *, *, #530, .T. ) ;
#1729 = DIRECTION ( 'NONE',  ( -0.000000000000000000, -0.000000000000000000, 1.000000000000000000 ) ) ;
#1730 = EDGE_CURVE ( 'NONE', #1077, #1065, #404, .T. ) ;
#1731 = VERTEX_POINT ( 'NONE', #1905 ) ;
#1732 = DIRECTION ( 'NONE',  ( 1.000000000000000000, 0.000000000000000000, 0.000000000000000000 ) ) ;
#1733 = ORIENTED_EDGE ( 'NONE', *, *, #1939, .T. ) ;
#1734 = LINE ( 'NONE', #1686, #2036 ) ;
#1735 = ADVANCED_FACE ( 'NONE', ( #1149 ), #1140, .F. ) ;
#1736 = CARTESIAN_POINT ( 'NONE',  ( 0.000000000000000000, 0.000000000000000000, 7.238999999999998991 ) ) ;
#1737 = DIRECTION ( 'NONE',  ( 1.000000000000000000, 0.000000000000000000, 0.000000000000000000 ) ) ;
#1738 = ORIENTED_EDGE ( 'NONE', *, *, #602, .T. ) ;
#1739 = DIRECTION ( 'NONE',  ( 6.856614529552606191E-16, -1.000000000000000000, 0.000000000000000000 ) ) ;
#1740 = ORIENTED_EDGE ( 'NONE', *, *, #1429, .T. ) ;
#1741 = CARTESIAN_POINT ( 'NONE',  ( 0.000000000000000000, 0.000000000000000000, -0.5000000000000000000 ) ) ;
#1742 = APPROVAL_STATUS ( 'not_yet_approved' ) ;
#1743 = VERTEX_POINT ( 'NONE', #773 ) ;
#1744 = CARTESIAN_POINT ( 'NONE',  ( 4.684678054460945873, 4.520966815021592922, -0.2550628049572975509 ) ) ;
#1745 = CARTESIAN_POINT ( 'NONE',  ( -1.587499999999998579, -1.587499999999998579, -11.81099999999999994 ) ) ;
#1746 = LINE ( 'NONE', #2113, #1248 ) ;
#1747 = EDGE_CURVE ( 'NONE', #1972, #339, #2412, .T. ) ;
#1748 = EDGE_LOOP ( 'NONE', ( #2125, #681, #1831, #10 ) ) ;
#1749 = CIRCLE ( 'NONE', #181, 6.500000000000000888 ) ;
#1750 = DIRECTION ( 'NONE',  ( 0.9998476951563913806, -0.01745240643727662480, 0.000000000000000000 ) ) ;
#1751 = VERTEX_POINT ( 'NONE', #1531 ) ;
#1752 = CARTESIAN_POINT ( 'NONE',  ( -3.968626966596883410, 0.5000000000000160982, -11.55000000000000071 ) ) ;
#1753 = PERSON_AND_ORGANIZATION_ROLE ( 'creator' ) ;
#1754 = ORIENTED_EDGE ( 'NONE', *, *, #1089, .F. ) ;
#1755 = LINE ( 'NONE', #1781, #1056 ) ;
#1756 = CARTESIAN_POINT ( 'NONE',  ( 0.5000000000000004441, -5.025186563700894560, -500000.0000000000582 ) ) ;
#1757 = DIRECTION ( 'NONE',  ( 0.000000000000000000, -0.000000000000000000, 1.000000000000000000 ) ) ;
#1758 = CIRCLE ( 'NONE', #696, 7.500000000000000000 ) ;
#1759 = CIRCLE ( 'NONE', #1252, 3.999999999999999112 ) ;
#1760 = ORIENTED_EDGE ( 'NONE', *, *, #490, .F. ) ;
#1761 = EDGE_CURVE ( 'NONE', #1287, #1085, #1332, .T. ) ;
#1762 = ORGANIZATION ( 'UNSPECIFIED', 'UNSPECIFIED', '' ) ;
#1763 = DIRECTION ( 'NONE',  ( -1.000000000000000000, 0.000000000000000000, 0.000000000000000000 ) ) ;
#1764 = AXIS2_PLACEMENT_3D ( 'NONE', #943, #381, #393 ) ;
#1765 = VECTOR ( 'NONE', #2203, 1000.000000000000000 ) ;
#1766 = CARTESIAN_POINT ( 'NONE',  ( 3.522001448108333044, 1.896181900431179956, 12.55100000000000016 ) ) ;
#1767 = VERTEX_POINT ( 'NONE', #2056 ) ;
#1768 = CARTESIAN_POINT ( 'NONE',  ( -0.5000000000000004441, -3.968626966596886074, 500000.0000000000582 ) ) ;
#1769 = SECURITY_CLASSIFICATION_LEVEL ( 'unclassified' ) ;
#1770 = ORIENTED_EDGE ( 'NONE', *, *, #245, .T. ) ;
#1771 = CARTESIAN_POINT ( 'NONE',  ( -6.480740698407862155, -0.4999999999999761302, -11.55000000000000071 ) ) ;
#1772 = FACE_OUTER_BOUND ( 'NONE', #2162, .T. ) ;
#1773 = DIRECTION ( 'NONE',  ( -1.000000000000000000, 0.000000000000000000, -0.000000000000000000 ) ) ;
#1774 = EDGE_LOOP ( 'NONE', ( #1999, #1532, #433, #426 ) ) ;
#1775 = ORIENTED_EDGE ( 'NONE', *, *, #1182, .F. ) ;
#1776 = EDGE_CURVE ( 'NONE', #541, #451, #1569, .T. ) ;
#1777 = CARTESIAN_POINT ( 'NONE',  ( 4.087246502812476479, 2.098506902455115508, 7.134403590788993554 ) ) ;
#1778 = EDGE_LOOP ( 'NONE', ( #261, #669 ) ) ;
#1779 = DIRECTION ( 'NONE',  ( -1.000000000000000000, 0.000000000000000000, 0.000000000000000000 ) ) ;
#1780 = ORIENTED_EDGE ( 'NONE', *, *, #875, .T. ) ;
#1781 = CARTESIAN_POINT ( 'NONE',  ( 1.587499999999998579, 0.9549999999999992939, -11.81099999999999994 ) ) ;
#1782 = CARTESIAN_POINT ( 'NONE',  ( 0.000000000000000000, 0.000000000000000000, -12.70000000000000107 ) ) ;
#1783 = CARTESIAN_POINT ( 'NONE',  ( -3.522001448108333932, 1.896181900431179512, 0.2999999999999947153 ) ) ;
#1784 = ORIENTED_EDGE ( 'NONE', *, *, #1208, .T. ) ;
#1785 = CIRCLE ( 'NONE', #997, 4.049999999999999822 ) ;
#1786 = VERTEX_POINT ( 'NONE', #2275 ) ;
#1787 = CARTESIAN_POINT ( 'NONE',  ( 4.138111961791063997, 5.012587095670429704, 12.55100000000000016 ) ) ;
#1788 = VERTEX_POINT ( 'NONE', #1159 ) ;
#1789 = EDGE_CURVE ( 'NONE', #1065, #1928, #194, .T. ) ;
#1790 = AXIS2_PLACEMENT_3D ( 'NONE', #359, #1698, #2273 ) ;
#1791 = ORIENTED_EDGE ( 'NONE', *, *, #514, .T. ) ;
#1792 = CARTESIAN_POINT ( 'NONE',  ( 0.000000000000000000, 0.000000000000000000, 0.5000000000000000000 ) ) ;
#1793 = CARTESIAN_POINT ( 'NONE',  ( -0.5000000000000004441, -3.968626966596886074, -0.5000000000000000000 ) ) ;
#1794 = EDGE_CURVE ( 'NONE', #2023, #295, #1496, .T. ) ;
#1795 = CARTESIAN_POINT ( 'NONE',  ( 0.000000000000000000, 0.000000000000000000, 12.55099999999999838 ) ) ;
#1796 = VERTEX_POINT ( 'NONE', #1118 ) ;
#1797 = EDGE_LOOP ( 'NONE', ( #963, #243, #1261, #196 ) ) ;
#1798 = CONICAL_SURFACE ( 'NONE', #305, 9.549999999999997158, 0.7853981633974509435 ) ;
#1799 = FACE_OUTER_BOUND ( 'NONE', #534, .T. ) ;
#1800 = AXIS2_PLACEMENT_3D ( 'NONE', #192, #1894, #11 ) ;
#1801 = ORIENTED_EDGE ( 'NONE', *, *, #1414, .T. ) ;
#1802 = AXIS2_PLACEMENT_3D ( 'NONE', #492, #510, #1092 ) ;
#1803 = EDGE_LOOP ( 'NONE', ( #1937, #2140, #1775, #1644 ) ) ;
#1804 = CARTESIAN_POINT ( 'NONE',  ( 0.000000000000000000, 0.000000000000000000, -11.55000000000000071 ) ) ;
#1805 = ADVANCED_FACE ( 'NONE', ( #1669 ), #201, .T. ) ;
#1806 = DIRECTION ( 'NONE',  ( -1.000000000000000000, 0.000000000000000000, 0.000000000000000000 ) ) ;
#1807 = CARTESIAN_POINT ( 'NONE',  ( 0.000000000000000000, 0.000000000000000000, 48.04676041556469102 ) ) ;
#1808 = APPROVAL ( #584, 'UNSPECIFIED' ) ;
#1809 = EDGE_CURVE ( 'NONE', #1643, #1701, #2350, .T. ) ;
#1810 = DIRECTION ( 'NONE',  ( 0.000000000000000000, 0.000000000000000000, 1.000000000000000000 ) ) ;
#1811 = ORIENTED_EDGE ( 'NONE', *, *, #1521, .T. ) ;
#1812 = DIRECTION ( 'NONE',  ( -1.000000000000000000, 0.000000000000000000, 0.000000000000000000 ) ) ;
#1813 = CARTESIAN_POINT ( 'NONE',  ( -4.885984021388487086, 2.019197895882514526, -0.5000000000000000000 ) ) ;
#1814 = VERTEX_POINT ( 'NONE', #2434 ) ;
#1815 = ORIENTED_EDGE ( 'NONE', *, *, #1552, .F. ) ;
#1816 = DIRECTION ( 'NONE',  ( -0.000000000000000000, -0.000000000000000000, -1.000000000000000000 ) ) ;
#1817 = CARTESIAN_POINT ( 'NONE',  ( 0.5000000000000007772, -3.968626966596885186, -11.55000000000000071 ) ) ;
#1818 = CARTESIAN_POINT ( 'NONE',  ( -5.049230860539777765, -0.08813465250824829844, 12.55100000000000016 ) ) ;
#1819 = CARTESIAN_POINT ( 'NONE',  ( 0.000000000000000000, 0.000000000000000000, -11.81099999999999994 ) ) ;
#1820 = VERTEX_POINT ( 'NONE', #751 ) ;
#1821 = ADVANCED_FACE ( 'NONE', ( #1344 ), #1333, .F. ) ;
#1822 = ORIENTED_EDGE ( 'NONE', *, *, #1028, .F. ) ;
#1823 = CARTESIAN_POINT ( 'NONE',  ( 0.000000000000000000, 0.000000000000000000, 10.91147031045236915 ) ) ;
#1824 = LINE ( 'NONE', #1813, #1650 ) ;
#1825 = EDGE_LOOP ( 'NONE', ( #1717, #1022 ) ) ;
#1826 = ORIENTED_EDGE ( 'NONE', *, *, #136, .F. ) ;
#1827 = CARTESIAN_POINT ( 'NONE',  ( -4.200323781142703439, 8.576699839306902717, 11.55000000000000071 ) ) ;
#1828 = CARTESIAN_POINT ( 'NONE',  ( 0.000000000000000000, 0.000000000000000000, 11.55000000000000071 ) ) ;
#1829 = AXIS2_PLACEMENT_3D ( 'NONE', #1940, #280, #2098 ) ;
#1830 = LINE ( 'NONE', #913, #659 ) ;
#1831 = ORIENTED_EDGE ( 'NONE', *, *, #352, .F. ) ;
#1832 = CARTESIAN_POINT ( 'NONE',  ( 0.000000000000000000, 0.000000000000000000, 11.44045125257775553 ) ) ;
#1833 = ORIENTED_EDGE ( 'NONE', *, *, #570, .T. ) ;
#1834 = EDGE_CURVE ( 'NONE', #693, #2391, #9, .T. ) ;
#1835 = CARTESIAN_POINT ( 'NONE',  ( 4.159551265023354816, 6.240843955238956298, -10.55000000000000071 ) ) ;
#1836 = EDGE_CURVE ( 'NONE', #1232, #1626, #2218, .T. ) ;
#1837 = VECTOR ( 'NONE', #2237, 1000.000000000000000 ) ;
#1838 = AXIS2_PLACEMENT_3D ( 'NONE', #455, #991, #1935 ) ;
#1839 = VERTEX_POINT ( 'NONE', #1308 ) ;
#1840 = ORIENTED_EDGE ( 'NONE', *, *, #1282, .F. ) ;
#1841 = VECTOR ( 'NONE', #1007, 1000.000000000000114 ) ;
#1842 = CARTESIAN_POINT ( 'NONE',  ( -4.159551265023354816, 6.240843955238956298, 10.55000000000000071 ) ) ;
#1843 = LINE ( 'NONE', #1047, #1345 ) ;
#1844 = AXIS2_PLACEMENT_3D ( 'NONE', #2335, #1200, #77 ) ;
#1845 = CARTESIAN_POINT ( 'NONE',  ( 4.086105865263375492, 2.033159821032335390, 6.100771760672474286 ) ) ;
#1846 = ORIENTED_EDGE ( 'NONE', *, *, #1522, .T. ) ;
#1847 = CARTESIAN_POINT ( 'NONE',  ( -4.050616928577825959, -6.697095113776836564E-20, 7.238863230227051915 ) ) ;
#1848 = ORIENTED_EDGE ( 'NONE', *, *, #349, .F. ) ;
#1849 = DIRECTION ( 'NONE',  ( -0.000000000000000000, -0.000000000000000000, -1.000000000000000000 ) ) ;
#1850 = PLANE ( 'NONE',  #234 ) ;
#1851 = EDGE_CURVE ( 'NONE', #323, #535, #743, .T. ) ;
#1852 = EDGE_CURVE ( 'NONE', #1751, #1932, #2099, .T. ) ;
#1853 = FACE_OUTER_BOUND ( 'NONE', #1437, .T. ) ;
#1854 = CARTESIAN_POINT ( 'NONE',  ( 0.000000000000000000, 0.000000000000000000, -12.55000000000000071 ) ) ;
#1855 = DIRECTION ( 'NONE',  ( 1.000000000000000000, 0.000000000000000000, 0.000000000000000000 ) ) ;
#1856 = ORIENTED_EDGE ( 'NONE', *, *, #286, .F. ) ;
#1857 = DIRECTION ( 'NONE',  ( -0.000000000000000000, -0.000000000000000000, -1.000000000000000000 ) ) ;
#1858 = EDGE_LOOP ( 'NONE', ( #145, #652, #706, #794 ) ) ;
#1859 = DIRECTION ( 'NONE',  ( 0.000000000000000000, 0.000000000000000000, -1.000000000000000000 ) ) ;
#1860 = CARTESIAN_POINT ( 'NONE',  ( 3.548494208195215549, 1.846973784179693823, 0.3000000000000086486 ) ) ;
#1861 = DIRECTION ( 'NONE',  ( -0.000000000000000000, -0.000000000000000000, -1.000000000000000000 ) ) ;
#1862 = EDGE_CURVE ( 'NONE', #1601, #1444, #2196, .T. ) ;
#1863 = DIRECTION ( 'NONE',  ( 0.000000000000000000, 0.000000000000000000, -1.000000000000000000 ) ) ;
#1864 = DIRECTION ( 'NONE',  ( -1.000000000000000000, 0.000000000000000000, 0.000000000000000000 ) ) ;
#1865 = EDGE_LOOP ( 'NONE', ( #250, #1407, #1125, #1049, #497, #367 ) ) ;
#1866 = EDGE_CURVE ( 'NONE', #649, #1625, #1066, .T. ) ;
#1867 = CIRCLE ( 'NONE', #803, 6.500000000000000888 ) ;
#1868 = DIRECTION ( 'NONE',  ( 0.000000000000000000, 0.000000000000000000, -1.000000000000000000 ) ) ;
#1869 = CIRCLE ( 'NONE', #2065, 12.55000000000000071 ) ;
#1870 = DIRECTION ( 'NONE',  ( 1.000000000000000000, 0.000000000000000000, 0.000000000000000000 ) ) ;
#1871 = CARTESIAN_POINT ( 'NONE',  ( 10.54999999999999005, 1.292002373100456326E-15, -12.55000000000000071 ) ) ;
#1872 = AXIS2_PLACEMENT_3D ( 'NONE', #281, #1399, #647 ) ;
#1873 = CARTESIAN_POINT ( 'NONE',  ( 4.159551265023354816, 6.240843955238956298, 10.55000000000000071 ) ) ;
#1874 = AXIS2_PLACEMENT_3D ( 'NONE', #2039, #355, #1111 ) ;
#1875 = CARTESIAN_POINT ( 'NONE',  ( 0.000000000000000000, 0.000000000000000000, 11.55000000000000959 ) ) ;
#1876 = ORIENTED_EDGE ( 'NONE', *, *, #2161, .F. ) ;
#1877 = DIRECTION ( 'NONE',  ( -0.9998476951563913806, -0.01745240643727662480, 0.000000000000000000 ) ) ;
#1878 = VECTOR ( 'NONE', #1460, 1000.000000000000000 ) ;
#1879 = DIRECTION ( 'NONE',  ( 0.000000000000000000, 0.000000000000000000, -1.000000000000000000 ) ) ;
#1880 = EDGE_CURVE ( 'NONE', #1928, #1065, #270, .T. ) ;
#1881 = EDGE_CURVE ( 'NONE', #1673, #339, #1427, .T. ) ;
#1882 = AXIS2_PLACEMENT_3D ( 'NONE', #918, #591, #952 ) ;
#1883 = CARTESIAN_POINT ( 'NONE',  ( 3.689462504304517498, 1.547788576183302123, 0.1034450314066987786 ) ) ;
#1884 = FACE_OUTER_BOUND ( 'NONE', #609, .T. ) ;
#1885 = CARTESIAN_POINT ( 'NONE',  ( 0.000000000000000000, 0.000000000000000000, 48.04676041556469102 ) ) ;
#1886 = DATE_AND_TIME ( #1143, #2233 ) ;
#1887 = ORIENTED_EDGE ( 'NONE', *, *, #2403, .T. ) ;
#1888 = CARTESIAN_POINT ( 'NONE',  ( 5.120652581667480163, 4.003613010502160563, 12.55100000000000016 ) ) ;
#1889 = DIRECTION ( 'NONE',  ( 0.000000000000000000, 0.000000000000000000, 1.000000000000000000 ) ) ;
#1890 = ADVANCED_FACE ( 'NONE', ( #2046, #324 ), #1996, .T. ) ;
#1891 = DIRECTION ( 'NONE',  ( -0.000000000000000000, -0.000000000000000000, -1.000000000000000000 ) ) ;
#1892 = ORIENTED_EDGE ( 'NONE', *, *, #1893, .T. ) ;
#1893 = EDGE_CURVE ( 'NONE', #512, #1371, #2010, .T. ) ;
#1894 = DIRECTION ( 'NONE',  ( -0.7069990853988231683, 0.01234071493982203706, -0.7071067811865486830 ) ) ;
#1895 = ORIENTED_EDGE ( 'NONE', *, *, #2421, .F. ) ;
#1896 = CARTESIAN_POINT ( 'NONE',  ( 0.000000000000000000, 0.000000000000000000, 12.55100000000000016 ) ) ;
#1897 = AXIS2_PLACEMENT_3D ( 'NONE', #1071, #473, #871 ) ;
#1898 = EDGE_LOOP ( 'NONE', ( #2375, #874, #1780, #1191 ) ) ;
#1899 = LINE ( 'NONE', #1537, #1173 ) ;
#1900 = CARTESIAN_POINT ( 'NONE',  ( 0.000000000000000000, 0.000000000000000000, -10.55000000000000071 ) ) ;
#1901 = CARTESIAN_POINT ( 'NONE',  ( -0.5000000000000004441, -5.025186563700894560, 0.4999999999881765689 ) ) ;
#1902 = B_SPLINE_CURVE_WITH_KNOTS ( 'NONE', 3,
 ( #1962, #25, #802, #818 ),
 .UNSPECIFIED., .F., .F.,
 ( 4, 4 ),
 ( 0.004066910612145884299, 0.006636244007797378539 ),
 .UNSPECIFIED. ) ;
#1903 = AXIS2_PLACEMENT_3D ( 'NONE', #2368, #1810, #120 ) ;
#1904 = ADVANCED_FACE ( 'NONE', ( #1117 ), #655, .F. ) ;
#1905 = CARTESIAN_POINT ( 'NONE',  ( -0.5000000000000003331, -6.480740698407860378, 11.55000000000000071 ) ) ;
#1906 = PLANE ( 'NONE',  #2142 ) ;
#1907 = ADVANCED_FACE ( 'NONE', ( #519 ), #2372, .F. ) ;
#1908 = EDGE_CURVE ( 'NONE', #1184, #62, #2385, .T. ) ;
#1909 = CARTESIAN_POINT ( 'NONE',  ( 0.000000000000000000, 0.000000000000000000, 6.474153413881856167 ) ) ;
#1910 = VERTEX_POINT ( 'NONE', #2034 ) ;
#1911 = CARTESIAN_POINT ( 'NONE',  ( 0.000000000000000000, 0.000000000000000000, 12.55000000000000071 ) ) ;
#1912 = FACE_OUTER_BOUND ( 'NONE', #315, .T. ) ;
#1913 = ORIENTED_EDGE ( 'NONE', *, *, #2090, .T. ) ;
#1914 = CARTESIAN_POINT ( 'NONE',  ( -4.086105865263376380, 2.033159821032335390, 12.55100000000000016 ) ) ;
#1915 = DIRECTION ( 'NONE',  ( 0.000000000000000000, 1.000000000000000000, 0.000000000000000000 ) ) ;
#1916 = CIRCLE ( 'NONE', #2231, 9.549999999999997158 ) ;
#1917 = AXIS2_PLACEMENT_3D ( 'NONE', #1142, #356, #1507 ) ;
#1918 = PLANE ( 'NONE',  #225 ) ;
#1919 = APPROVAL_PERSON_ORGANIZATION ( #215, #724, #410 ) ;
#1920 = CIRCLE ( 'NONE', #1998, 12.55000000000000071 ) ;
#1921 = AXIS2_PLACEMENT_3D ( 'NONE', #19, #1699, #2242 ) ;
#1922 = ORIENTED_EDGE ( 'NONE', *, *, #1040, .T. ) ;
#1923 = CARTESIAN_POINT ( 'NONE',  ( -4.159551265023354816, 6.240843955238956298, -10.55000000000000071 ) ) ;
#1924 = EDGE_LOOP ( 'NONE', ( #723, #676, #1848, #2009 ) ) ;
#1925 = CARTESIAN_POINT ( 'NONE',  ( 5.120652581667480163, 4.003613010502160563, 11.55000000000000071 ) ) ;
#1926 = EDGE_CURVE ( 'NONE', #1544, #1439, #1916, .T. ) ;
#1927 = DATE_AND_TIME ( #1183, #28 ) ;
#1928 = VERTEX_POINT ( 'NONE', #728 ) ;
#1929 = DIRECTION ( 'NONE',  ( 1.000000000000000000, 0.000000000000000000, 0.000000000000000000 ) ) ;
#1930 = CARTESIAN_POINT ( 'NONE',  ( 0.5000000000000007772, -3.968626966596885186, 500000.0000000000582 ) ) ;
#1931 = CARTESIAN_POINT ( 'NONE',  ( 0.5000000000000004441, -5.025186563700896336, 0.5000000000000000000 ) ) ;
#1932 = VERTEX_POINT ( 'NONE', #678 ) ;
#1933 = LINE ( 'NONE', #1923, #1607 ) ;
#1934 = ORIENTED_EDGE ( 'NONE', *, *, #2102, .T. ) ;
#1935 = DIRECTION ( 'NONE',  ( 1.000000000000000000, 0.000000000000000000, -0.000000000000000000 ) ) ;
#1936 = DIRECTION ( 'NONE',  ( -0.01745240643727662133, -0.9998476951563912696, 0.000000000000000000 ) ) ;
#1937 = ORIENTED_EDGE ( 'NONE', *, *, #210, .F. ) ;
#1938 = DIRECTION ( 'NONE',  ( -0.000000000000000000, -0.000000000000000000, -1.000000000000000000 ) ) ;
#1939 = EDGE_CURVE ( 'NONE', #693, #1601, #124, .T. ) ;
#1940 = CARTESIAN_POINT ( 'NONE',  ( -0.5000000000000022204, 3.968626966596886962, 500000.0000000000582 ) ) ;
#1941 = LINE ( 'NONE', #987, #1602 ) ;
#1942 = ADVANCED_FACE ( 'NONE', ( #689 ), #703, .F. ) ;
#1943 = AXIS2_PLACEMENT_3D ( 'NONE', #683, #2182, #317 ) ;
#1944 = CARTESIAN_POINT ( 'NONE',  ( 0.000000000000000000, 0.000000000000000000, -0.5000000000000000000 ) ) ;
#1945 = CARTESIAN_POINT ( 'NONE',  ( -4.138111961791065774, 5.012587095670429704, 5.671568562210282494 ) ) ;
#1946 = ORIENTED_EDGE ( 'NONE', *, *, #1073, .T. ) ;
#1947 = CARTESIAN_POINT ( 'NONE',  ( 4.159551265023354816, 6.240843955238956298, 6.474153413881856167 ) ) ;
#1948 = EDGE_LOOP ( 'NONE', ( #2156, #288, #263, #1409, #1738, #708, #2080 ) ) ;
#1949 = CARTESIAN_POINT ( 'NONE',  ( 0.000000000000000000, 0.000000000000000000, 6.225805218817624720 ) ) ;
#1950 = CARTESIAN_POINT ( 'NONE',  ( 12.55000000000000071, 1.536931732929928397E-15, 11.44045125257775553 ) ) ;
#1951 = CARTESIAN_POINT ( 'NONE',  ( -3.720282620414500308, 1.471746059766909198, 0.03046757789546128761 ) ) ;
#1952 = AXIS2_PLACEMENT_3D ( 'NONE', #1911, #228, #1732 ) ;
#1953 = EDGE_LOOP ( 'NONE', ( #692, #579, #2105, #1132 ) ) ;
#1954 = EDGE_CURVE ( 'NONE', #1620, #1820, #2191, .T. ) ;
#1955 = EDGE_CURVE ( 'NONE', #2256, #1731, #1367, .T. ) ;
#1956 = VECTOR ( 'NONE', #538, 1000.000000000000000 ) ;
#1957 = AXIS2_PLACEMENT_3D ( 'NONE', #1949, #1938, #657 ) ;
#1958 = VERTEX_POINT ( 'NONE', #1091 ) ;
#1959 = VECTOR ( 'NONE', #238, 1000.000000000000000 ) ;
#1960 = CARTESIAN_POINT ( 'NONE',  ( 0.000000000000000000, 0.000000000000000000, -11.81099999999999994 ) ) ;
#1961 = ORIENTED_EDGE ( 'NONE', *, *, #1028, .T. ) ;
#1962 = CARTESIAN_POINT ( 'NONE',  ( 0.4999999999999993339, 3.968626966596885186, 6.225805218817624720 ) ) ;
#1963 = ORIENTED_EDGE ( 'NONE', *, *, #403, .T. ) ;
#1964 = CARTESIAN_POINT ( 'NONE',  ( -4.885984021388487086, 2.019197895882514526, -0.5000000000000000000 ) ) ;
#1965 = FACE_OUTER_BOUND ( 'NONE', #1418, .T. ) ;
#1966 = DIRECTION ( 'NONE',  ( 0.000000000000000000, 0.000000000000000000, -1.000000000000000000 ) ) ;
#1967 = ORIENTED_EDGE ( 'NONE', *, *, #119, .F. ) ;
#1968 = EDGE_CURVE ( 'NONE', #2205, #825, #1482, .T. ) ;
#1969 = ORIENTED_EDGE ( 'NONE', *, *, #86, .F. ) ;
#1970 = DIRECTION ( 'NONE',  ( 0.000000000000000000, 0.000000000000000000, -1.000000000000000000 ) ) ;
#1971 = ADVANCED_FACE ( 'NONE', ( #905 ), #1655, .F. ) ;
#1972 = VERTEX_POINT ( 'NONE', #2215 ) ;
#1973 = ORIENTED_EDGE ( 'NONE', *, *, #1058, .F. ) ;
#1974 = FACE_OUTER_BOUND ( 'NONE', #1424, .T. ) ;
#1975 = DIRECTION ( 'NONE',  ( 1.000000000000000000, 0.000000000000000000, 0.000000000000000000 ) ) ;
#1976 = FACE_OUTER_BOUND ( 'NONE', #1271, .T. ) ;
#1977 = ORIENTED_EDGE ( 'NONE', *, *, #1794, .T. ) ;
#1978 = ORIENTED_EDGE ( 'NONE', *, *, #1789, .T. ) ;
#1979 = EDGE_CURVE ( 'NONE', #1444, #121, #2078, .T. ) ;
#1980 = DIRECTION ( 'NONE',  ( 1.000000000000000000, 0.000000000000000000, -0.000000000000000000 ) ) ;
#1981 = AXIS2_PLACEMENT_3D ( 'NONE', #1666, #1259, #2212 ) ;
#1982 = ORIENTED_EDGE ( 'NONE', *, *, #2244, .F. ) ;
#1983 = CC_DESIGN_PERSON_AND_ORGANIZATION_ASSIGNMENT ( #1362, #242, ( #3 ) ) ;
#1984 = ADVANCED_FACE ( 'NONE', ( #1010 ), #972, .T. ) ;
#1985 = AXIS2_PLACEMENT_3D ( 'NONE', #2259, #735, #565 ) ;
#1986 = SHAPE_DEFINITION_REPRESENTATION ( #1663, #1723 ) ;
#1987 = EDGE_LOOP ( 'NONE', ( #2185, #984, #1180, #206 ) ) ;
#1988 = CARTESIAN_POINT ( 'NONE',  ( 5.049230860539778654, -0.08813465250825060215, 0.5000000000000000000 ) ) ;
#1989 = DIRECTION ( 'NONE',  ( 0.000000000000000000, 0.000000000000000000, -1.000000000000000000 ) ) ;
#1990 = CARTESIAN_POINT ( 'NONE',  ( -3.573278996197588597, 1.798378288782691348, 0.2820953545439507937 ) ) ;
#1991 = DIRECTION ( 'NONE',  ( -0.000000000000000000, -0.000000000000000000, 1.000000000000000000 ) ) ;
#1992 = ORIENTED_EDGE ( 'NONE', *, *, #1880, .F. ) ;
#1993 = CIRCLE ( 'NONE', #1453, 6.500000000000000888 ) ;
#1994 = ORIENTED_EDGE ( 'NONE', *, *, #857, .F. ) ;
#1995 = CC_DESIGN_APPROVAL ( #1808, ( #1368 ) ) ;
#1996 = PLANE ( 'NONE',  #1291 ) ;
#1997 = CARTESIAN_POINT ( 'NONE',  ( 0.000000000000000000, 0.000000000000000000, -10.55000000000000071 ) ) ;
#1998 = AXIS2_PLACEMENT_3D ( 'NONE', #1484, #731, #1276 ) ;
#1999 = ORIENTED_EDGE ( 'NONE', *, *, #403, .F. ) ;
#2000 = VECTOR ( 'NONE', #99, 1000.000000000000000 ) ;
#2001 = PERSON_AND_ORGANIZATION_ROLE ( 'classification_officer' ) ;
#2002 = ORIENTED_EDGE ( 'NONE', *, *, #1776, .T. ) ;
#2003 = CARTESIAN_POINT ( 'NONE',  ( -9.549999999999997158, 1.169537693185722164E-15, 11.55000000000000959 ) ) ;
#2004 = ADVANCED_FACE ( 'NONE', ( #770 ), #824, .T. ) ;
#2005 = DIRECTION ( 'NONE',  ( 0.000000000000000000, 0.000000000000000000, -1.000000000000000000 ) ) ;
#2006 = LINE ( 'NONE', #1818, #938 ) ;
#2007 = DIRECTION ( 'NONE',  ( 1.000000000000000000, 0.000000000000000000, 0.000000000000000000 ) ) ;
#2008 = ORIENTED_EDGE ( 'NONE', *, *, #1583, .F. ) ;
#2009 = ORIENTED_EDGE ( 'NONE', *, *, #1597, .T. ) ;
#2010 = LINE ( 'NONE', #337, #1765 ) ;
#2011 = CARTESIAN_POINT ( 'NONE',  ( 0.000000000000000000, 0.000000000000000000, -0.5000000000000000000 ) ) ;
#2012 = EDGE_LOOP ( 'NONE', ( #1846, #2336, #1826, #2130, #650, #2178, #774 ) ) ;
#2013 = ORIENTED_EDGE ( 'NONE', *, *, #2358, .F. ) ;
#2014 = LINE ( 'NONE', #2003, #1647 ) ;
#2015 = CARTESIAN_POINT ( 'NONE',  ( -0.5000000000000022204, 3.968626966596886962, 500000.0000000000582 ) ) ;
#2016 = FACE_OUTER_BOUND ( 'NONE', #358, .T. ) ;
#2017 = EDGE_CURVE ( 'NONE', #1279, #468, #1941, .T. ) ;
#2018 = CARTESIAN_POINT ( 'NONE',  ( 0.4999999999999995559, 6.480740698407860378, 500000.0000000000582 ) ) ;
#2019 = VERTEX_POINT ( 'NONE', #1171 ) ;
#2020 = EDGE_CURVE ( 'NONE', #1382, #1297, #1746, .T. ) ;
#2021 = DIRECTION ( 'NONE',  ( -1.000000000000000000, 0.000000000000000000, 0.000000000000000000 ) ) ;
#2022 = FACE_OUTER_BOUND ( 'NONE', #88, .T. ) ;
#2023 = VERTEX_POINT ( 'NONE', #601 ) ;
#2024 = ORIENTED_EDGE ( 'NONE', *, *, #1031, .T. ) ;
#2025 = DIRECTION ( 'NONE',  ( 1.000000000000000000, 0.000000000000000000, 0.000000000000000000 ) ) ;
#2026 = DIRECTION ( 'NONE',  ( -0.000000000000000000, -0.000000000000000000, -1.000000000000000000 ) ) ;
#2027 = AXIS2_PLACEMENT_3D ( 'NONE', #1756, #68, #1096 ) ;
#2028 = DIRECTION ( 'NONE',  ( -0.000000000000000000, -0.000000000000000000, 1.000000000000000000 ) ) ;
#2029 = ORIENTED_EDGE ( 'NONE', *, *, #1302, .T. ) ;
#2030 = FACE_BOUND ( 'NONE', #1652, .T. ) ;
#2031 = ORIENTED_EDGE ( 'NONE', *, *, #1538, .T. ) ;
#2032 = CC_DESIGN_PERSON_AND_ORGANIZATION_ASSIGNMENT ( #819, #398, ( #1368 ) ) ;
#2033 = ADVANCED_FACE ( 'NONE', ( #34 ), #56, .T. ) ;
#2034 = CARTESIAN_POINT ( 'NONE',  ( -6.480740698407862155, -0.4999999999999760747, -0.5000000000000000000 ) ) ;
#2035 = CARTESIAN_POINT ( 'NONE',  ( -4.924787101874793294, 4.242224888099131341, -0.5000000000000000000 ) ) ;
#2036 = VECTOR ( 'NONE', #795, 1000.000000000000114 ) ;
#2037 = EDGE_LOOP ( 'NONE', ( #643, #606, #1467, #1334 ) ) ;
#2038 = CONICAL_SURFACE ( 'NONE', #2190, 9.549999999999997158, 0.7853981633974509435 ) ;
#2039 = CARTESIAN_POINT ( 'NONE',  ( 0.000000000000000000, 0.000000000000000000, -11.55000000000000071 ) ) ;
#2040 = CARTESIAN_POINT ( 'NONE',  ( 0.000000000000000000, 0.000000000000000000, 6.225805218817624720 ) ) ;
#2041 = AXIS2_PLACEMENT_3D ( 'NONE', #1301, #1127, #928 ) ;
#2042 = CARTESIAN_POINT ( 'NONE',  ( 4.084937251718782747, 1.966209995901404328, 6.107615689501954215 ) ) ;
#2043 = ORIENTED_EDGE ( 'NONE', *, *, #2370, .F. ) ;
#2044 = DIRECTION ( 'NONE',  ( -0.000000000000000000, -0.000000000000000000, 1.000000000000000000 ) ) ;
#2045 = ORIENTED_EDGE ( 'NONE', *, *, #2265, .T. ) ;
#2046 = FACE_OUTER_BOUND ( 'NONE', #1228, .T. ) ;
#2047 = ADVANCED_FACE ( 'NONE', ( #415 ), #1564, .F. ) ;
#2048 = CARTESIAN_POINT ( 'NONE',  ( -12.55000000000000071, 0.000000000000000000, 48.04676041556469102 ) ) ;
#2049 = ADVANCED_FACE ( 'NONE', ( #797 ), #1918, .T. ) ;
#2050 = DIRECTION ( 'NONE',  ( -1.000000000000000000, 7.885106708985416064E-16, 0.000000000000000000 ) ) ;
#2051 = CYLINDRICAL_SURFACE ( 'NONE', #813, 12.55000000000000071 ) ;
#2052 = CARTESIAN_POINT ( 'NONE',  ( 0.000000000000000000, 0.000000000000000000, 0.5000000000000000000 ) ) ;
#2053 = VERTEX_POINT ( 'NONE', #1931 ) ;
#2054 = CARTESIAN_POINT ( 'NONE',  ( 3.786151556716458533, 2.038395542963518547, 0.3000000000000085931 ) ) ;
#2055 = CIRCLE ( 'NONE', #2172, 6.500000000000000888 ) ;
#2056 = CARTESIAN_POINT ( 'NONE',  ( -0.5000000000000022204, 6.480740698407860378, 5.671568562206630304 ) ) ;
#2057 = DIRECTION ( 'NONE',  ( -0.000000000000000000, -0.000000000000000000, 1.000000000000000000 ) ) ;
#2058 = CARTESIAN_POINT ( 'NONE',  ( 0.000000000000000000, 0.000000000000000000, 0.5000000000000000000 ) ) ;
#2059 = EDGE_CURVE ( 'NONE', #174, #1796, #1720, .T. ) ;
#2060 = DIRECTION ( 'NONE',  ( 0.9848077530122086864, 0.000000000000000000, 0.1736481776669271393 ) ) ;
#2061 = ORIENTED_EDGE ( 'NONE', *, *, #1370, .T. ) ;
#2062 = FACE_OUTER_BOUND ( 'NONE', #1803, .T. ) ;
#2063 = CIRCLE ( 'NONE', #258, 3.000000000000000444 ) ;
#2064 = CARTESIAN_POINT ( 'NONE',  ( 4.049383165383384942, -0.07068224607097323142, 7.238999999999998991 ) ) ;
#2065 = AXIS2_PLACEMENT_3D ( 'NONE', #2170, #826, #485 ) ;
#2066 = DIRECTION ( 'NONE',  ( -0.000000000000000000, -0.000000000000000000, -1.000000000000000000 ) ) ;
#2067 = DIRECTION ( 'NONE',  ( -1.000000000000000000, 0.000000000000000000, 0.000000000000000000 ) ) ;
#2068 = AXIS2_PLACEMENT_3D ( 'NONE', #1498, #193, #1112 ) ;
#2069 = DIRECTION ( 'NONE',  ( 0.000000000000000000, 0.000000000000000000, 1.000000000000000000 ) ) ;
#2070 = VECTOR ( 'NONE', #2028, 1000.000000000000000 ) ;
#2071 = CIRCLE ( 'NONE', #1018, 9.549999999999997158 ) ;
#2072 = DIRECTION ( 'NONE',  ( 0.000000000000000000, 0.000000000000000000, -1.000000000000000000 ) ) ;
#2073 = ORIENTED_EDGE ( 'NONE', *, *, #170, .F. ) ;
#2074 = LINE ( 'NONE', #2431, #855 ) ;
#2075 = ADVANCED_FACE ( 'NONE', ( #2283 ), #808, .T. ) ;
#2076 = AXIS2_PLACEMENT_3D ( 'NONE', #1286, #1108, #1604 ) ;
#2077 = CARTESIAN_POINT ( 'NONE',  ( -3.968626966596883410, 0.5000000000000160982, -11.55000000000000071 ) ) ;
#2078 = CIRCLE ( 'NONE', #1097, 4.000000000000000000 ) ;
#2079 = CARTESIAN_POINT ( 'NONE',  ( 0.000000000000000000, 0.000000000000000000, -7.239000000000000767 ) ) ;
#2080 = ORIENTED_EDGE ( 'NONE', *, *, #55, .T. ) ;
#2081 = CARTESIAN_POINT ( 'NONE',  ( 5.120652581667480163, 4.003613010502160563, 0.5000000000000000000 ) ) ;
#2082 = ORIENTED_EDGE ( 'NONE', *, *, #1397, .T. ) ;
#2083 = LINE ( 'NONE', #537, #501 ) ;
#2084 = COORDINATED_UNIVERSAL_TIME_OFFSET ( 6, 0, .BEHIND. ) ;
#2085 = EDGE_LOOP ( 'NONE', ( #1093, #1475, #1244, #2013 ) ) ;
#2086 = DIRECTION ( 'NONE',  ( 0.000000000000000000, 0.000000000000000000, 1.000000000000000000 ) ) ;
#2087 = DIRECTION ( 'NONE',  ( 1.000000000000000000, 0.000000000000000000, 0.000000000000000000 ) ) ;
#2088 = EDGE_CURVE ( 'NONE', #1297, #2053, #73, .T. ) ;
#2089 = DIRECTION ( 'NONE',  ( -1.000000000000000000, 0.000000000000000000, 0.000000000000000000 ) ) ;
#2090 = EDGE_CURVE ( 'NONE', #2053, #1665, #971, .T. ) ;
#2091 = DIRECTION ( 'NONE',  ( -0.000000000000000000, -0.000000000000000000, -1.000000000000000000 ) ) ;
#2092 = VERTEX_POINT ( 'NONE', #71 ) ;
#2093 = CYLINDRICAL_SURFACE ( 'NONE', #2428, 3.000000000000000444 ) ;
#2094 = ORIENTED_EDGE ( 'NONE', *, *, #1908, .F. ) ;
#2095 = DIRECTION ( 'NONE',  ( 0.000000000000000000, 0.000000000000000000, -1.000000000000000000 ) ) ;
#2096 = ORIENTED_EDGE ( 'NONE', *, *, #1730, .T. ) ;
#2097 = DIRECTION ( 'NONE',  ( 0.000000000000000000, 0.000000000000000000, 1.000000000000000000 ) ) ;
#2098 = DIRECTION ( 'NONE',  ( 0.000000000000000000, 0.000000000000000000, 1.000000000000000000 ) ) ;
#2099 = B_SPLINE_CURVE_WITH_KNOTS ( 'NONE', 3,
 ( #1514, #1710, #974, #1727, #1541, #221, #35, #788, #1628, #2229 ),
 .UNSPECIFIED., .F., .F.,
 ( 4, 2, 2, 2, 4 ),
 ( 1.981750148649110969E-07, 0.0001992503998365208987, 0.0003983026246581769189, 0.0005973548494798328577, 0.0007964070743014888508 ),
 .UNSPECIFIED. ) ;
#2100 = CARTESIAN_POINT ( 'NONE',  ( 0.000000000000000000, 0.000000000000000000, -11.55000000000000071 ) ) ;
#2101 = AXIS2_PLACEMENT_3D ( 'NONE', #1782, #1598, #1197 ) ;
#2102 = EDGE_CURVE ( 'NONE', #853, #2137, #2293, .T. ) ;
#2103 = ORIENTED_EDGE ( 'NONE', *, *, #1880, .T. ) ;
#2104 = CARTESIAN_POINT ( 'NONE',  ( -3.522001448108333932, 1.896181900431179512, 0.2999999999999947153 ) ) ;
#2105 = ORIENTED_EDGE ( 'NONE', *, *, #2403, .F. ) ;
#2106 = LINE ( 'NONE', #631, #1329 ) ;
#2107 = MECHANICAL_CONTEXT ( 'NONE', #1023, 'mechanical' ) ;
#2108 = ORIENTED_EDGE ( 'NONE', *, *, #1284, .T. ) ;
#2109 = DIRECTION ( 'NONE',  ( -1.000000000000000000, 0.000000000000000000, 0.000000000000000000 ) ) ;
#2110 = CARTESIAN_POINT ( 'NONE',  ( 0.5000000000000004441, -5.025186563700894560, 11.55000000000000071 ) ) ;
#2111 = CIRCLE ( 'NONE', #69, 6.500000000000000888 ) ;
#2112 = AXIS2_PLACEMENT_3D ( 'NONE', #1914, #1877, #233 ) ;
#2113 = CARTESIAN_POINT ( 'NONE',  ( 5.120652581667480163, 4.003613010502160563, 0.5000000000000000000 ) ) ;
#2114 = AXIS2_PLACEMENT_3D ( 'NONE', #634, #805, #1929 ) ;
#2115 = ORIENTED_EDGE ( 'NONE', *, *, #1073, .F. ) ;
#2116 = EDGE_CURVE ( 'NONE', #2359, #1654, #1198, .T. ) ;
#2117 = CARTESIAN_POINT ( 'NONE',  ( 4.159551265023354816, 6.240843955238956298, 6.474153413881856167 ) ) ;
#2118 = EDGE_LOOP ( 'NONE', ( #1760, #2121, #1833, #299, #333, #2194, #1811, #914, #1994, #81, #1740, #282 ) ) ;
#2119 = CARTESIAN_POINT ( 'NONE',  ( -0.5000000000000005551, -5.025186563700896336, 11.55000000000000071 ) ) ;
#2120 = EDGE_CURVE ( 'NONE', #1767, #1631, #1993, .T. ) ;
#2121 = ORIENTED_EDGE ( 'NONE', *, *, #223, .F. ) ;
#2122 = CARTESIAN_POINT ( 'NONE',  ( -1.587499999999998579, 1.587499999999998579, -11.81099999999999994 ) ) ;
#2123 = CARTESIAN_POINT ( 'NONE',  ( 7.500000000000000000, 0.000000000000000000, -10.55000000000000071 ) ) ;
#2124 = DIRECTION ( 'NONE',  ( -1.000000000000000000, 0.000000000000000000, -0.000000000000000000 ) ) ;
#2125 = ORIENTED_EDGE ( 'NONE', *, *, #495, .F. ) ;
#2126 = B_SPLINE_CURVE_WITH_KNOTS ( 'NONE', 3,
 ( #2117, #469, #629, #1777, #1391, #639 ),
 .UNSPECIFIED., .F., .F.,
 ( 4, 2, 4 ),
 ( 0.000000000000000000, 0.003144229279636696298, 0.006288458559273394331 ),
 .UNSPECIFIED. ) ;
#2127 = CARTESIAN_POINT ( 'NONE',  ( 10.54999999999999005, 1.292002373100456326E-15, -12.55000000000000071 ) ) ;
#2128 = ORIENTED_EDGE ( 'NONE', *, *, #1834, .T. ) ;
#2129 = CARTESIAN_POINT ( 'NONE',  ( 4.138111961791063997, 5.012587095670429704, 12.55100000000000016 ) ) ;
#2130 = ORIENTED_EDGE ( 'NONE', *, *, #1284, .F. ) ;
#2131 = DIRECTION ( 'NONE',  ( -1.000000000000000000, 0.000000000000000000, 0.000000000000000000 ) ) ;
#2132 = EDGE_CURVE ( 'NONE', #1536, #2205, #1758, .T. ) ;
#2133 = DIRECTION ( 'NONE',  ( 1.000000000000000000, 0.000000000000000000, 0.000000000000000000 ) ) ;
#2134 = DIRECTION ( 'NONE',  ( 0.000000000000000000, 0.000000000000000000, 1.000000000000000000 ) ) ;
#2135 = CIRCLE ( 'NONE', #1416, 6.500000000000000888 ) ;
#2136 = B_SPLINE_CURVE_WITH_KNOTS ( 'NONE', 3,
 ( #902, #1653, #714, #2064 ),
 .UNSPECIFIED., .F., .F.,
 ( 4, 4 ),
 ( 0.006288458559273394331, 0.006358654755551412276 ),
 .UNSPECIFIED. ) ;
#2137 = VERTEX_POINT ( 'NONE', #626 ) ;
#2138 = VECTOR ( 'NONE', #823, 1000.000000000000000 ) ;
#2139 = FACE_OUTER_BOUND ( 'NONE', #2310, .T. ) ;
#2140 = ORIENTED_EDGE ( 'NONE', *, *, #857, .T. ) ;
#2141 = DIRECTION ( 'NONE',  ( 0.000000000000000000, 0.000000000000000000, -1.000000000000000000 ) ) ;
#2142 = AXIS2_PLACEMENT_3D ( 'NONE', #222, #975, #789 ) ;
#2143 = ORIENTED_EDGE ( 'NONE', *, *, #600, .T. ) ;
#2144 = DIRECTION ( 'NONE',  ( 1.000000000000000000, 0.000000000000000000, 0.000000000000000000 ) ) ;
#2145 = LINE ( 'NONE', #1388, #567 ) ;
#2146 = DIRECTION ( 'NONE',  ( 0.000000000000000000, 0.000000000000000000, -1.000000000000000000 ) ) ;
#2147 = EDGE_CURVE ( 'NONE', #2388, #1588, #1381, .T. ) ;
#2148 = AXIS2_PLACEMENT_3D ( 'NONE', #1033, #277, #1779 ) ;
#2149 = ADVANCED_FACE ( 'NONE', ( #1976 ), #1241, .T. ) ;
#2150 = VECTOR ( 'NONE', #182, 1000.000000000000000 ) ;
#2151 = EDGE_LOOP ( 'NONE', ( #163, #1733, #1553, #637 ) ) ;
#2152 = VECTOR ( 'NONE', #453, 1000.000000000000000 ) ;
#2153 = CARTESIAN_POINT ( 'NONE',  ( 5.049230860539778654, -0.08813465250825060215, 11.55000000000000071 ) ) ;
#2154 = EDGE_LOOP ( 'NONE', ( #889, #1615, #135, #654, #868 ) ) ;
#2155 = CALENDAR_DATE ( 2022, 7, 6 ) ;
#2156 = ORIENTED_EDGE ( 'NONE', *, *, #2017, .F. ) ;
#2157 = DIRECTION ( 'NONE',  ( 1.000000000000000000, 0.000000000000000000, 0.000000000000000000 ) ) ;
#2158 = CARTESIAN_POINT ( 'NONE',  ( -4.000000000000000000, 4.898587196589412829E-16, -24.01370849898475868 ) ) ;
#2159 = CARTESIAN_POINT ( 'NONE',  ( 3.726848857151352501, 1.736881337049112517, 6.201108364689553731 ) ) ;
#2160 = VERTEX_POINT ( 'NONE', #835 ) ;
#2161 = EDGE_CURVE ( 'NONE', #1626, #1201, #771, .T. ) ;
#2162 = EDGE_LOOP ( 'NONE', ( #1973, #1714, #1100, #852, #1199, #5, #594, #1946, #422, #923, #1969, #843, #837, #486, #289, #1249, #133, #96 ) ) ;
#2163 = EDGE_CURVE ( 'NONE', #1751, #2359, #474, .T. ) ;
#2164 = DIRECTION ( 'NONE',  ( -6.856614529552600275E-16, 1.000000000000000000, 0.000000000000000000 ) ) ;
#2165 = ORIENTED_EDGE ( 'NONE', *, *, #2243, .F. ) ;
#2166 = VERTEX_POINT ( 'NONE', #2379 ) ;
#2167 = CARTESIAN_POINT ( 'NONE',  ( 4.138111961791063997, 5.012587095670429704, 0.3000000000000085931 ) ) ;
#2168 = CARTESIAN_POINT ( 'NONE',  ( -1.587499999999998579, -1.587499999999998579, -11.81099999999999994 ) ) ;
#2169 = CARTESIAN_POINT ( 'NONE',  ( 3.522001448108334376, 1.896181900431180178, 6.225805218817623832 ) ) ;
#2170 = CARTESIAN_POINT ( 'NONE',  ( 0.000000000000000000, 0.000000000000000000, -12.54999999999999893 ) ) ;
#2171 = ORIENTED_EDGE ( 'NONE', *, *, #1955, .F. ) ;
#2172 = AXIS2_PLACEMENT_3D ( 'NONE', #1277, #2208, #1975 ) ;
#2173 = VERTEX_POINT ( 'NONE', #1422 ) ;
#2174 = DIRECTION ( 'NONE',  ( 1.000000000000000000, -3.552713678800500140E-15, 0.000000000000000000 ) ) ;
#2175 = ADVANCED_FACE ( 'NONE', ( #484 ), #1452, .F. ) ;
#2176 = CARTESIAN_POINT ( 'NONE',  ( 0.000000000000000000, 0.000000000000000000, 7.238999999999998991 ) ) ;
#2177 = CIRCLE ( 'NONE', #1240, 4.000000000000001776 ) ;
#2178 = ORIENTED_EDGE ( 'NONE', *, *, #1372, .T. ) ;
#2179 = AXIS2_PLACEMENT_3D ( 'NONE', #2239, #937, #2432 ) ;
#2180 = EDGE_LOOP ( 'NONE', ( #876, #1251, #1174, #2103 ) ) ;
#2181 = CARTESIAN_POINT ( 'NONE',  ( -12.55000000000000071, 0.000000000000000000, 48.04676041556469102 ) ) ;
#2182 = DIRECTION ( 'NONE',  ( -0.000000000000000000, -0.000000000000000000, 1.000000000000000000 ) ) ;
#2183 = DIRECTION ( 'NONE',  ( 1.000000000000000000, 0.000000000000000000, 0.000000000000000000 ) ) ;
#2184 = DIRECTION ( 'NONE',  ( 0.000000000000000000, 0.000000000000000000, -1.000000000000000000 ) ) ;
#2185 = ORIENTED_EDGE ( 'NONE', *, *, #1480, .F. ) ;
#2186 = AXIS2_PLACEMENT_3D ( 'NONE', #1576, #236, #1737 ) ;
#2187 = CIRCLE ( 'NONE', #106, 3.000000000000000444 ) ;
#2188 = ORIENTED_EDGE ( 'NONE', *, *, #1614, .F. ) ;
#2189 = CIRCLE ( 'NONE', #2348, 10.54999999999999005 ) ;
#2190 = AXIS2_PLACEMENT_3D ( 'NONE', #472, #844, #2318 ) ;
#2191 = LINE ( 'NONE', #509, #812 ) ;
#2192 = DIRECTION ( 'NONE',  ( 0.01745240643727662480, -0.9998476951563912696, 0.000000000000000000 ) ) ;
#2193 = AXIS2_PLACEMENT_3D ( 'NONE', #1787, #1750, #249 ) ;
#2194 = ORIENTED_EDGE ( 'NONE', *, *, #827, .T. ) ;
#2195 = EDGE_CURVE ( 'NONE', #2388, #2023, #2006, .T. ) ;
#2196 = CIRCLE ( 'NONE', #383, 4.000000000000000000 ) ;
#2197 = ORIENTED_EDGE ( 'NONE', *, *, #934, .F. ) ;
#2198 = DIRECTION ( 'NONE',  ( 0.7071067811865493491, 0.000000000000000000, 0.7071067811865456854 ) ) ;
#2199 = LINE ( 'NONE', #524, #292 ) ;
#2200 = CARTESIAN_POINT ( 'NONE',  ( -3.887242673417961480, 0.9430505808059183037, -0.5000000000000000000 ) ) ;
#2201 = LINE ( 'NONE', #2018, #218 ) ;
#2202 = VERTEX_POINT ( 'NONE', #1027 ) ;
#2203 = DIRECTION ( 'NONE',  ( -6.905433675274930454E-16, 1.000000000000000000, 0.000000000000000000 ) ) ;
#2204 = DIRECTION ( 'NONE',  ( 0.000000000000000000, 0.000000000000000000, 1.000000000000000000 ) ) ;
#2205 = VERTEX_POINT ( 'NONE', #1434 ) ;
#2206 = EDGE_LOOP ( 'NONE', ( #666, #2171, #375, #470, #1676 ) ) ;
#2207 = CARTESIAN_POINT ( 'NONE',  ( -4.173155088650019273, 7.020206488846524984, 10.66568144945199315 ) ) ;
#2208 = DIRECTION ( 'NONE',  ( 0.000000000000000000, 0.000000000000000000, 1.000000000000000000 ) ) ;
#2209 = PLANE ( 'NONE',  #775 ) ;
#2210 = VERTEX_POINT ( 'NONE', #884 ) ;
#2211 = EDGE_CURVE ( 'NONE', #1625, #1279, #500, .T. ) ;
#2212 = DIRECTION ( 'NONE',  ( -1.000000000000000000, 0.000000000000000000, 0.000000000000000000 ) ) ;
#2213 = EDGE_LOOP ( 'NONE', ( #507, #988, #719, #2219 ) ) ;
#2214 = AXIS2_PLACEMENT_3D ( 'NONE', #671, #745, #12 ) ;
#2215 = CARTESIAN_POINT ( 'NONE',  ( -12.55000000000000071, 0.000000000000000000, 12.54999999999999893 ) ) ;
#2216 = FACE_OUTER_BOUND ( 'NONE', #2012, .T. ) ;
#2217 = ORIENTED_EDGE ( 'NONE', *, *, #1789, .F. ) ;
#2218 = B_SPLINE_CURVE_WITH_KNOTS ( 'NONE', 3,
 ( #189, #1860, #177, #962, #1679, #1883, #760, #2423, #2251, #559 ),
 .UNSPECIFIED., .F., .F.,
 ( 4, 2, 2, 2, 4 ),
 ( 0.000000000000000000, 0.0001656969895888832302, 0.0003313939791777664604, 0.0006627879583555329208, 0.001325575916711066492 ),
 .UNSPECIFIED. ) ;
#2219 = ORIENTED_EDGE ( 'NONE', *, *, #1852, .T. ) ;
#2220 = FACE_OUTER_BOUND ( 'NONE', #2400, .T. ) ;
#2221 = CARTESIAN_POINT ( 'NONE',  ( 3.968626966596883410, -0.5000000000000177636, -0.4999999999881765689 ) ) ;
#2222 = AXIS2_PLACEMENT_3D ( 'NONE', #2054, #1868, #1688 ) ;
#2223 = LINE ( 'NONE', #932, #738 ) ;
#2224 = ORIENTED_EDGE ( 'NONE', *, *, #336, .F. ) ;
#2225 = DIRECTION ( 'NONE',  ( 1.000000000000000000, 0.000000000000000000, 0.000000000000000000 ) ) ;
#2226 = VERTEX_POINT ( 'NONE', #1635 ) ;
#2227 = EDGE_CURVE ( 'NONE', #1237, #1814, #698, .T. ) ;
#2228 = EDGE_CURVE ( 'NONE', #1701, #1455, #1515, .T. ) ;
#2229 = CARTESIAN_POINT ( 'NONE',  ( -3.522001448108333044, 1.896181900431179068, 6.225805218817624720 ) ) ;
#2230 = CARTESIAN_POINT ( 'NONE',  ( 3.968626966596883410, -0.5000000000000177636, -0.4999999999881765689 ) ) ;
#2231 = AXIS2_PLACEMENT_3D ( 'NONE', #1823, #491, #2174 ) ;
#2232 = AXIS2_PLACEMENT_3D ( 'NONE', #1888, #2257, #1325 ) ;
#2233 = LOCAL_TIME ( 9, 6, 29.00000000000000000, #13 ) ;
#2234 = AXIS2_PLACEMENT_3D ( 'NONE', #102, #821, #2157 ) ;
#2235 = CARTESIAN_POINT ( 'NONE',  ( 4.086105865263375492, 2.033159821032335390, 6.100771760672474286 ) ) ;
#2236 = LINE ( 'NONE', #551, #2308 ) ;
#2237 = DIRECTION ( 'NONE',  ( 0.000000000000000000, -1.000000000000000000, 0.000000000000000000 ) ) ;
#2238 = ORIENTED_EDGE ( 'NONE', *, *, #1013, .F. ) ;
#2239 = CARTESIAN_POINT ( 'NONE',  ( 4.200323781142703439, 8.576699839306902717, 7.238999999999998991 ) ) ;
#2240 = ORIENTED_EDGE ( 'NONE', *, *, #762, .T. ) ;
#2241 = ADVANCED_FACE ( 'NONE', ( #118 ), #463, .T. ) ;
#2242 = DIRECTION ( 'NONE',  ( -1.000000000000000000, 0.000000000000000000, 0.000000000000000000 ) ) ;
#2243 = EDGE_CURVE ( 'NONE', #1493, #1665, #264, .T. ) ;
#2244 = EDGE_CURVE ( 'NONE', #512, #555, #847, .T. ) ;
#2245 = CYLINDRICAL_SURFACE ( 'NONE', #1408, 4.049999999999999822 ) ;
#2246 = PLANE ( 'NONE',  #1016 ) ;
#2247 = DIRECTION ( 'NONE',  ( 0.000000000000000000, 0.000000000000000000, -1.000000000000000000 ) ) ;
#2248 = EDGE_LOOP ( 'NONE', ( #278, #563, #618, #1791 ) ) ;
#2249 = CARTESIAN_POINT ( 'NONE',  ( 0.000000000000000000, 0.000000000000000000, -12.55000000000000071 ) ) ;
#2250 = FACE_OUTER_BOUND ( 'NONE', #701, .T. ) ;
#2251 = CARTESIAN_POINT ( 'NONE',  ( 3.850433958825398406, 1.094775640977772690, -0.3455342596774331199 ) ) ;
#2252 = EDGE_CURVE ( 'NONE', #715, #1620, #2263, .T. ) ;
#2253 = DIRECTION ( 'NONE',  ( -0.000000000000000000, -0.000000000000000000, -1.000000000000000000 ) ) ;
#2254 = AXIS2_PLACEMENT_3D ( 'NONE', #896, #1649, #858 ) ;
#2255 = FACE_BOUND ( 'NONE', #1294, .T. ) ;
#2256 = VERTEX_POINT ( 'NONE', #1412 ) ;
#2257 = DIRECTION ( 'NONE',  ( 0.9998476951563913806, -0.01745240643727711052, 0.000000000000000000 ) ) ;
#2258 = AXIS2_PLACEMENT_3D ( 'NONE', #2319, #646, #834 ) ;
#2259 = CARTESIAN_POINT ( 'NONE',  ( 0.000000000000000000, 0.000000000000000000, -10.55000000000000071 ) ) ;
#2260 = DIRECTION ( 'NONE',  ( -0.000000000000000000, -0.000000000000000000, -1.000000000000000000 ) ) ;
#2261 = FACE_OUTER_BOUND ( 'NONE', #140, .T. ) ;
#2262 = CARTESIAN_POINT ( 'NONE',  ( -4.050616928577825959, -6.697095113776836564E-20, 7.238863230227051915 ) ) ;
#2263 = CIRCLE ( 'NONE', #1526, 9.549999999999998934 ) ;
#2264 = VECTOR ( 'NONE', #2141, 1000.000000000000000 ) ;
#2265 = EDGE_CURVE ( 'NONE', #2166, #1839, #1050, .T. ) ;
#2266 = FACE_OUTER_BOUND ( 'NONE', #1987, .T. ) ;
#2267 = CIRCLE ( 'NONE', #268, 1.100000000000009859 ) ;
#2268 = COORDINATED_UNIVERSAL_TIME_OFFSET ( 6, 0, .BEHIND. ) ;
#2269 = ORIENTED_EDGE ( 'NONE', *, *, #798, .T. ) ;
#2270 = DIRECTION ( 'NONE',  ( 0.000000000000000000, 0.000000000000000000, 1.000000000000000000 ) ) ;
#2271 = EDGE_CURVE ( 'NONE', #761, #1731, #366, .T. ) ;
#2272 = AXIS2_PLACEMENT_3D ( 'NONE', #1417, #2204, #1457 ) ;
#2273 = DIRECTION ( 'NONE',  ( 1.000000000000000000, 0.000000000000000000, 0.000000000000000000 ) ) ;
#2274 = DIRECTION ( 'NONE',  ( 0.000000000000000000, 0.000000000000000000, -1.000000000000000000 ) ) ;
#2275 = CARTESIAN_POINT ( 'NONE',  ( -4.050616928577825959, -6.697095113776836564E-20, 7.238863230227051915 ) ) ;
#2276 = VERTEX_POINT ( 'NONE', #1499 ) ;
#2277 = DIRECTION ( 'NONE',  ( 0.000000000000000000, 0.000000000000000000, -1.000000000000000000 ) ) ;
#2278 = ORIENTED_EDGE ( 'NONE', *, *, #811, .F. ) ;
#2279 = CARTESIAN_POINT ( 'NONE',  ( 4.000000000000000000, 0.000000000000000000, -12.70000000000000107 ) ) ;
#2280 = ORIENTED_EDGE ( 'NONE', *, *, #1674, .F. ) ;
#2281 = CARTESIAN_POINT ( 'NONE',  ( 0.4999999999999995559, 6.480740698407860378, -11.55000000000000071 ) ) ;
#2282 = CARTESIAN_POINT ( 'NONE',  ( -3.786151556716458533, 2.038395542963518547, 12.55100000000000016 ) ) ;
#2283 = FACE_OUTER_BOUND ( 'NONE', #2357, .T. ) ;
#2284 = EDGE_CURVE ( 'NONE', #248, #1788, #552, .T. ) ;
#2285 = LINE ( 'NONE', #604, #927 ) ;
#2286 = DIRECTION ( 'NONE',  ( -0.000000000000000000, -0.000000000000000000, 1.000000000000000000 ) ) ;
#2287 = ORIENTED_EDGE ( 'NONE', *, *, #1866, .T. ) ;
#2288 = FACE_OUTER_BOUND ( 'NONE', #2420, .T. ) ;
#2289 = DIRECTION ( 'NONE',  ( 0.000000000000000000, 0.000000000000000000, 1.000000000000000000 ) ) ;
#2290 = ORIENTED_EDGE ( 'NONE', *, *, #2340, .T. ) ;
#2291 = CARTESIAN_POINT ( 'NONE',  ( -6.480740698407862155, -0.4999999999999761302, -0.4999999999881765689 ) ) ;
#2292 = DIRECTION ( 'NONE',  ( -6.905433675274930454E-16, 1.000000000000000000, 0.000000000000000000 ) ) ;
#2293 = LINE ( 'NONE', #1901, #187 ) ;
#2294 = AXIS2_PLACEMENT_3D ( 'NONE', #1832, #1454, #2007 ) ;
#2295 = EDGE_CURVE ( 'NONE', #1536, #360, #733, .T. ) ;
#2296 = AXIS2_PLACEMENT_3D ( 'NONE', #1539, #2044, #925 ) ;
#2297 = ORIENTED_EDGE ( 'NONE', *, *, #1521, .F. ) ;
#2298 = ADVANCED_FACE ( 'NONE', ( #2016 ), #374, .T. ) ;
#2299 = CARTESIAN_POINT ( 'NONE',  ( -0.5000000000000022204, 6.480740698407860378, 500000.0000000000582 ) ) ;
#2300 = ORIENTED_EDGE ( 'NONE', *, *, #2252, .F. ) ;
#2301 = DIRECTION ( 'NONE',  ( -1.000000000000000000, 3.021127232932778512E-15, 0.000000000000000000 ) ) ;
#2302 = CARTESIAN_POINT ( 'NONE',  ( 0.000000000000000000, 0.000000000000000000, 0.000000000000000000 ) ) ;
#2303 = ORIENTED_EDGE ( 'NONE', *, *, #1968, .F. ) ;
#2304 = VECTOR ( 'NONE', #350, 1000.000000000000000 ) ;
#2305 = DIRECTION ( 'NONE',  ( 0.000000000000000000, 0.000000000000000000, -1.000000000000000000 ) ) ;
#2306 = CYLINDRICAL_SURFACE ( 'NONE', #139, 6.500000000000000888 ) ;
#2307 = LOCAL_TIME ( 9, 6, 29.00000000000000000, #2337 ) ;
#2308 = VECTOR ( 'NONE', #385, 1000.000000000000000 ) ;
#2309 = DIRECTION ( 'NONE',  ( 1.000000000000000000, 0.000000000000000000, 0.000000000000000000 ) ) ;
#2310 = EDGE_LOOP ( 'NONE', ( #2043, #1822, #933, #1963 ) ) ;
#2311 = EDGE_CURVE ( 'NONE', #2202, #1439, #712, .T. ) ;
#2312 = ADVANCED_FACE ( 'NONE', ( #2429 ), #1798, .F. ) ;
#2313 = DIRECTION ( 'NONE',  ( -1.000000000000000000, 0.000000000000000000, 0.000000000000000000 ) ) ;
#2314 = ORIENTED_EDGE ( 'NONE', *, *, #527, .F. ) ;
#2315 = LINE ( 'NONE', #1752, #1098 ) ;
#2316 = B_SPLINE_CURVE_WITH_KNOTS ( 'NONE', 3,
 ( #1847, #1578, #2408, #1436, #2322, #1423 ),
 .UNSPECIFIED., .F., .F.,
 ( 4, 2, 4 ),
 ( 7.040444575421763438E-05, 0.003214690079194527320, 0.006358975712634839378 ),
 .UNSPECIFIED. ) ;
#2317 = EDGE_LOOP ( 'NONE', ( #1705, #38, #1346, #1264 ) ) ;
#2318 = DIRECTION ( 'NONE',  ( 1.000000000000000000, 0.000000000000000000, 0.000000000000000000 ) ) ;
#2319 = CARTESIAN_POINT ( 'NONE',  ( 0.000000000000000000, 0.000000000000000000, -7.239000000000000767 ) ) ;
#2320 = DIRECTION ( 'NONE',  ( 1.000000000000000000, 0.000000000000000000, 0.000000000000000000 ) ) ;
#2321 = ORIENTED_EDGE ( 'NONE', *, *, #999, .F. ) ;
#2322 = CARTESIAN_POINT ( 'NONE',  ( -4.141533814383981493, 5.208624899424886046, 6.666787233580566685 ) ) ;
#2323 = DIRECTION ( 'NONE',  ( 0.000000000000000000, -1.000000000000000000, 0.000000000000000000 ) ) ;
#2324 = ORIENTED_EDGE ( 'NONE', *, *, #2340, .F. ) ;
#2325 = CARTESIAN_POINT ( 'NONE',  ( 0.000000000000000000, 0.000000000000000000, -0.5000000000000000000 ) ) ;
#2326 = ADVANCED_FACE ( 'NONE', ( #1131 ), #2209, .T. ) ;
#2327 = EDGE_LOOP ( 'NONE', ( #72, #1019 ) ) ;
#2328 = CARTESIAN_POINT ( 'NONE',  ( 0.000000000000000000, 0.000000000000000000, -11.55000000000000071 ) ) ;
#2329 = CARTESIAN_POINT ( 'NONE',  ( 6.480740698407857714, -0.5000000000000281997, -11.55000000000000071 ) ) ;
#2330 = EDGE_CURVE ( 'NONE', #2137, #2023, #1486, .T. ) ;
#2331 = DIRECTION ( 'NONE',  ( -0.000000000000000000, -0.000000000000000000, -1.000000000000000000 ) ) ;
#2332 = ORIENTED_EDGE ( 'NONE', *, *, #1386, .T. ) ;
#2333 = ORIENTED_EDGE ( 'NONE', *, *, #1209, .F. ) ;
#2334 = AXIS2_PLACEMENT_3D ( 'NONE', #438, #83, #2133 ) ;
#2335 = CARTESIAN_POINT ( 'NONE',  ( 0.000000000000000000, 0.000000000000000000, 11.55000000000000071 ) ) ;
#2336 = ORIENTED_EDGE ( 'NONE', *, *, #1209, .T. ) ;
#2337 = COORDINATED_UNIVERSAL_TIME_OFFSET ( 6, 0, .BEHIND. ) ;
#2338 = VERTEX_POINT ( 'NONE', #195 ) ;
#2339 = LINE ( 'NONE', #2122, #816 ) ;
#2340 = EDGE_CURVE ( 'NONE', #1588, #295, #2223, .T. ) ;
#2341 = DIRECTION ( 'NONE',  ( 6.905433675274929468E-16, -1.000000000000000000, 0.000000000000000000 ) ) ;
#2342 = DIRECTION ( 'NONE',  ( 0.000000000000000000, 0.000000000000000000, -1.000000000000000000 ) ) ;
#2343 = ADVANCED_FACE ( 'NONE', ( #1313 ), #267, .F. ) ;
#2344 = AXIS2_PLACEMENT_3D ( 'NONE', #1106, #1849, #2021 ) ;
#2345 = VECTOR ( 'NONE', #1572, 1000.000000000000000 ) ;
#2346 = ORIENTED_EDGE ( 'NONE', *, *, #336, .T. ) ;
#2347 =( BOUNDED_CURVE ( )  B_SPLINE_CURVE ( 3, ( #623, #1744, #244, #2167 ),
 .UNSPECIFIED., .F., .F. ) 
 B_SPLINE_CURVE_WITH_KNOTS ( ( 4, 4 ),
 ( 3.870122727305377541, 4.039718535270008459 ),
 .UNSPECIFIED. ) 
 CURVE ( )  GEOMETRIC_REPRESENTATION_ITEM ( )  RATIONAL_B_SPLINE_CURVE ( ( 1.000000000000000000, 0.9976045410920708623, 0.9976045410920708623, 1.000000000000000000 ) ) 
 REPRESENTATION_ITEM ( '' )  );
#2348 = AXIS2_PLACEMENT_3D ( 'NONE', #1293, #357, #1855 ) ;
#2349 = ORIENTED_EDGE ( 'NONE', *, *, #811, .T. ) ;
#2350 = CIRCLE ( 'NONE', #1921, 4.000000000000000000 ) ;
#2351 = CARTESIAN_POINT ( 'NONE',  ( 0.5000000000000005551, -5.025186563700896336, 11.55000000000000071 ) ) ;
#2352 = ORIENTED_EDGE ( 'NONE', *, *, #2088, .T. ) ;
#2353 = ORIENTED_EDGE ( 'NONE', *, *, #2243, .T. ) ;
#2354 = CARTESIAN_POINT ( 'NONE',  ( 3.786151556716458533, 2.038395542963518547, 12.55100000000000016 ) ) ;
#2355 = DIRECTION ( 'NONE',  ( 1.000000000000000000, 0.000000000000000000, 0.000000000000000000 ) ) ;
#2356 = DIRECTION ( 'NONE',  ( 0.000000000000000000, 0.000000000000000000, -1.000000000000000000 ) ) ;
#2357 = EDGE_LOOP ( 'NONE', ( #1876, #2332, #2287, #1378, #1161 ) ) ;
#2358 = EDGE_CURVE ( 'NONE', #2137, #761, #746, .T. ) ;
#2359 = VERTEX_POINT ( 'NONE', #516 ) ;
#2360 = CARTESIAN_POINT ( 'NONE',  ( 0.000000000000000000, 0.000000000000000000, -11.55000000000000071 ) ) ;
#2361 = FACE_OUTER_BOUND ( 'NONE', #1094, .T. ) ;
#2362 = ORIENTED_EDGE ( 'NONE', *, *, #449, .F. ) ;
#2363 = ORIENTED_EDGE ( 'NONE', *, *, #1716, .T. ) ;
#2364 = CARTESIAN_POINT ( 'NONE',  ( 0.5000000000000005551, -6.480740698407860378, 0.5000000000000000000 ) ) ;
#2365 = CIRCLE ( 'NONE', #1354, 6.500000000000000888 ) ;
#2366 = CARTESIAN_POINT ( 'NONE',  ( 0.000000000000000000, 0.000000000000000000, -0.5000000000000000000 ) ) ;
#2367 = DIRECTION ( 'NONE',  ( -0.01745240643727688154, 0.9998476951563912696, 0.000000000000000000 ) ) ;
#2368 = CARTESIAN_POINT ( 'NONE',  ( 0.000000000000000000, 0.000000000000000000, 12.54999999999999893 ) ) ;
#2369 = ORIENTED_EDGE ( 'NONE', *, *, #1658, .F. ) ;
#2370 = EDGE_CURVE ( 'NONE', #1002, #399, #899, .T. ) ;
#2371 = VERTEX_POINT ( 'NONE', #343 ) ;
#2372 = CYLINDRICAL_SURFACE ( 'NONE', #2422, 6.500000000000000888 ) ;
#2373 = PLANE ( 'NONE',  #2076 ) ;
#2374 = CIRCLE ( 'NONE', #887, 6.500000000000000888 ) ;
#2375 = ORIENTED_EDGE ( 'NONE', *, *, #2228, .F. ) ;
#2376 = ORIENTED_EDGE ( 'NONE', *, *, #272, .F. ) ;
#2377 = DIRECTION ( 'NONE',  ( -0.7071067811865493491, 8.659560562354955045E-17, 0.7071067811865456854 ) ) ;
#2378 = PLANE ( 'NONE',  #2254 ) ;
#2379 = CARTESIAN_POINT ( 'NONE',  ( 3.522001448108334376, 1.896181900431180178, 6.225805218817623832 ) ) ;
#2380 = DIRECTION ( 'NONE',  ( -1.000000000000000000, 0.000000000000000000, 0.000000000000000000 ) ) ;
#2381 = ORIENTED_EDGE ( 'NONE', *, *, #2132, .F. ) ;
#2382 = AXIS2_PLACEMENT_3D ( 'NONE', #269, #2356, #1773 ) ;
#2383 = AXIS2_PLACEMENT_3D ( 'NONE', #214, #955, #1130 ) ;
#2384 = AXIS2_PLACEMENT_3D ( 'NONE', #1506, #1129, #1335 ) ;
#2385 = LINE ( 'NONE', #1456, #2304 ) ;
#2386 = FACE_BOUND ( 'NONE', #1275, .T. ) ;
#2387 = CIRCLE ( 'NONE', #1844, 9.549999999999998934 ) ;
#2388 = VERTEX_POINT ( 'NONE', #1099 ) ;
#2389 = EDGE_CURVE ( 'NONE', #1643, #323, #1113, .T. ) ;
#2390 = EDGE_CURVE ( 'NONE', #2202, #1114, #1830, .T. ) ;
#2391 = VERTEX_POINT ( 'NONE', #2405 ) ;
#2392 = CARTESIAN_POINT ( 'NONE',  ( 12.55000000000000071, 1.536931732929928397E-15, 12.54999999999999893 ) ) ;
#2393 = CYLINDRICAL_SURFACE ( 'NONE', #1512, 7.500000000000000000 ) ;
#2394 = CARTESIAN_POINT ( 'NONE',  ( 0.000000000000000000, 0.000000000000000000, 48.04676041556469102 ) ) ;
#2395 = ORIENTED_EDGE ( 'NONE', *, *, #2284, .T. ) ;
#2396 = CARTESIAN_POINT ( 'NONE',  ( 0.000000000000000000, 0.000000000000000000, -11.55000000000000071 ) ) ;
#2397 = EDGE_LOOP ( 'NONE', ( #2430, #14, #990, #1489 ) ) ;
#2398 = CARTESIAN_POINT ( 'NONE',  ( 0.000000000000000000, 0.000000000000000000, -12.70100000000000051 ) ) ;
#2399 = DIRECTION ( 'NONE',  ( -1.000000000000000000, -6.856614529552600275E-16, 0.000000000000000000 ) ) ;
#2400 = EDGE_LOOP ( 'NONE', ( #1395, #442, #687, #1152 ) ) ;
#2401 = ORIENTED_EDGE ( 'NONE', *, *, #1614, .T. ) ;
#2402 = DIRECTION ( 'NONE',  ( -0.01745240643727677399, 0.9998476951563912696, 0.000000000000000000 ) ) ;
#2403 = EDGE_CURVE ( 'NONE', #1820, #1595, #2189, .T. ) ;
#2404 = CARTESIAN_POINT ( 'NONE',  ( 3.968626966596888739, 0.4999999999999825695, 500000.0000000000582 ) ) ;
#2405 = CARTESIAN_POINT ( 'NONE',  ( 6.480740698407857714, -0.5000000000000281997, -0.4999999999881765689 ) ) ;
#2406 = ORIENTED_EDGE ( 'NONE', *, *, #1893, .F. ) ;
#2407 = EDGE_CURVE ( 'NONE', #294, #2276, #171, .T. ) ;
#2408 = CARTESIAN_POINT ( 'NONE',  ( -4.087188827637968203, 2.095202693920326542, 7.134792888732274463 ) ) ;
#2409 = ORIENTED_EDGE ( 'NONE', *, *, #1522, .F. ) ;
#2410 = VECTOR ( 'NONE', #2341, 1000.000000000000000 ) ;
#2411 = CARTESIAN_POINT ( 'NONE',  ( 0.000000000000000000, 0.000000000000000000, -11.55000000000000071 ) ) ;
#2412 = LINE ( 'NONE', #2048, #663 ) ;
#2413 = CARTESIAN_POINT ( 'NONE',  ( -3.786151556716458533, 2.038395542963518547, 0.2999999999999947153 ) ) ;
#2414 = FACE_OUTER_BOUND ( 'NONE', #1534, .T. ) ;
#2415 = CIRCLE ( 'NONE', #1790, 12.55000000000000071 ) ;
#2416 = CARTESIAN_POINT ( 'NONE',  ( 3.921990006451292921, 1.762960333877690910, 6.159299595186353393 ) ) ;
#2417 = ORIENTED_EDGE ( 'NONE', *, *, #26, .T. ) ;
#2418 = ADVANCED_FACE ( 'NONE', ( #1166 ), #782, .T. ) ;
#2419 = CARTESIAN_POINT ( 'NONE',  ( -6.480740698407862155, -0.4999999999999761302, 500000.0000000000582 ) ) ;
#2420 = EDGE_LOOP ( 'NONE', ( #2082, #1770, #1982, #2369 ) ) ;
#2421 = EDGE_CURVE ( 'NONE', #1184, #1382, #2111, .T. ) ;
#2422 = AXIS2_PLACEMENT_3D ( 'NONE', #1668, #890, #1285 ) ;
#2423 = CARTESIAN_POINT ( 'NONE',  ( 3.804843374039307502, 1.244708053091134081, -0.1912247425726038841 ) ) ;
#2424 = AXIS2_PLACEMENT_3D ( 'NONE', #748, #2097, #1351 ) ;
#2425 = CIRCLE ( 'NONE', #776, 9.549999999999998934 ) ;
#2426 = CARTESIAN_POINT ( 'NONE',  ( 0.5000000000000009992, -3.968626966596886074, -0.5000000000000000000 ) ) ;
#2427 = DIRECTION ( 'NONE',  ( -0.000000000000000000, -0.000000000000000000, 1.000000000000000000 ) ) ;
#2428 = AXIS2_PLACEMENT_3D ( 'NONE', #203, #1861, #1303 ) ;
#2429 = FACE_OUTER_BOUND ( 'NONE', #1865, .T. ) ;
#2430 = ORIENTED_EDGE ( 'NONE', *, *, #740, .T. ) ;
#2431 = CARTESIAN_POINT ( 'NONE',  ( 2.500000000000000000, 0.000000000000000000, -12.70100000000000229 ) ) ;
#2432 = DIRECTION ( 'NONE',  ( 0.01745240643727677399, 0.9998476951563912696, 0.000000000000000000 ) ) ;
#2433 = ADVANCED_FACE ( 'NONE', ( #1912 ), #252, .F. ) ;
#2434 = CARTESIAN_POINT ( 'NONE',  ( -1.587499999999998579, -1.587499999999998579, -7.239000000000000767 ) ) ;
ENDSEC;
END-ISO-10303-21;
