ISO-10303-21;
HEADER;
FILE_DESCRIPTION (( 'STEP AP203' ),
    '1' );
FILE_NAME ('228-2500-136.step',
    '2022-06-06T19:08:02',
    ( '' ),
    ( '' ),
    'SwSTEP 2.0',
    'SolidWorks 2021',
    '' );
FILE_SCHEMA (( 'CONFIG_CONTROL_DESIGN' ));
ENDSEC;

DATA;
#1 = DIRECTION ( 'NONE',  ( -0.000000000000000000, 1.000000000000000000, -0.000000000000000000 ) ) ;
#2 = EDGE_CURVE ( 'NONE', #3959, #2168, #2563, .T. ) ;
#3 = ORIENTED_EDGE ( 'NONE', *, *, #4195, .T. ) ;
#4 = CARTESIAN_POINT ( 'NONE',  ( -5.200000000000000178, -4.174999999999998934, -101.3795551986130192 ) ) ;
#5 = CYLINDRICAL_SURFACE ( 'NONE', #18, 5.199999999999996625 ) ;
#6 = ORIENTED_EDGE ( 'NONE', *, *, #973, .T. ) ;
#7 = DIRECTION ( 'NONE',  ( 0.000000000000000000, 0.000000000000000000, -1.000000000000000000 ) ) ;
#8 = ORIENTED_EDGE ( 'NONE', *, *, #2564, .F. ) ;
#9 = DIRECTION ( 'NONE',  ( 0.000000000000000000, 1.000000000000000000, 0.000000000000000000 ) ) ;
#10 = EDGE_CURVE ( 'NONE', #2999, #1748, #2542, .T. ) ;
#11 = DIRECTION ( 'NONE',  ( 0.000000000000000000, 0.000000000000000000, 1.000000000000000000 ) ) ;
#12 = ORIENTED_EDGE ( 'NONE', *, *, #2223, .F. ) ;
#13 = CARTESIAN_POINT ( 'NONE',  ( 0.7206315775864680084, -3.174999999999999822, 5.138999999999997570 ) ) ;
#14 = VERTEX_POINT ( 'NONE', #2974 ) ;
#15 = CARTESIAN_POINT ( 'NONE',  ( -0.7206315775864664541, 1.972483239316684234, 5.138999999999997570 ) ) ;
#16 = CARTESIAN_POINT ( 'NONE',  ( 12.69999999999999929, -2.175000000000001599, -9.524999999999998579 ) ) ;
#17 = ORIENTED_EDGE ( 'NONE', *, *, #946, .F. ) ;
#18 = AXIS2_PLACEMENT_3D ( 'NONE', #1772, #4024, #726 ) ;
#19 = CYLINDRICAL_SURFACE ( 'NONE', #3423, 2.100000000000000977 ) ;
#20 = DESIGN_CONTEXT ( 'detailed design', #4466, 'design' ) ;
#21 = EDGE_CURVE ( 'NONE', #1359, #1465, #4043, .T. ) ;
#22 = LINE ( 'NONE', #1882, #104 ) ;
#23 = CIRCLE ( 'NONE', #3969, 3.175000000000000266 ) ;
#24 = LINE ( 'NONE', #2862, #2605 ) ;
#25 = ORIENTED_EDGE ( 'NONE', *, *, #1484, .T. ) ;
#26 = DIRECTION ( 'NONE',  ( -0.000000000000000000, 1.000000000000000000, -0.000000000000000000 ) ) ;
#27 = VECTOR ( 'NONE', #4037, 1000.000000000000000 ) ;
#28 = EDGE_CURVE ( 'NONE', #179, #4173, #3655, .T. ) ;
#29 = AXIS2_PLACEMENT_3D ( 'NONE', #4467, #2212, #4058 ) ;
#30 = PLANE ( 'NONE',  #3979 ) ;
#31 = VERTEX_POINT ( 'NONE', #1859 ) ;
#32 = PLANE ( 'NONE',  #4610 ) ;
#33 = ORIENTED_EDGE ( 'NONE', *, *, #1366, .F. ) ;
#34 = VERTEX_POINT ( 'NONE', #3359 ) ;
#35 = VECTOR ( 'NONE', #3218, 1000.000000000000000 ) ;
#36 = DIRECTION ( 'NONE',  ( 0.000000000000000000, 0.000000000000000000, 1.000000000000000000 ) ) ;
#37 = CARTESIAN_POINT ( 'NONE',  ( -2.630594115711841125E-16, -4.174999999999999822, -25.39999999999999858 ) ) ;
#38 = VERTEX_POINT ( 'NONE', #746 ) ;
#39 = ADVANCED_FACE ( 'NONE', ( #2586 ), #1237, .T. ) ;
#40 = CARTESIAN_POINT ( 'NONE',  ( 4.804415587728428250, -6.199999999999997513, -30.59999999999994102 ) ) ;
#41 = ORIENTED_EDGE ( 'NONE', *, *, #292, .F. ) ;
#42 = DIRECTION ( 'NONE',  ( 0.000000000000000000, -0.000000000000000000, 1.000000000000000000 ) ) ;
#43 = DIRECTION ( 'NONE',  ( 0.7071067811865474617, 0.000000000000000000, -0.7071067811865474617 ) ) ;
#44 =( NAMED_UNIT ( * ) PLANE_ANGLE_UNIT ( ) SI_UNIT ( $, .RADIAN. ) );
#45 = ORIENTED_EDGE ( 'NONE', *, *, #3418, .T. ) ;
#46 = CARTESIAN_POINT ( 'NONE',  ( 12.30000000000000071, 2.061552812808830293, 5.438999999999999169 ) ) ;
#47 = B_SPLINE_CURVE_WITH_KNOTS ( 'NONE', 3,
 ( #3830, #559, #2318, #194, #3803, #1670, #3854, #168, #4164, #2662 ),
 .UNSPECIFIED., .F., .F.,
 ( 4, 2, 2, 2, 4 ),
 ( 0.000000000000000000, 0.0003704147845104410470, 0.0007408295690208820941, 0.001111244353531323087, 0.001481659138041764188 ),
 .UNSPECIFIED. ) ;
#48 = DIRECTION ( 'NONE',  ( 0.000000000000000000, 1.000000000000000000, 0.000000000000000000 ) ) ;
#49 = FACE_OUTER_BOUND ( 'NONE', #3165, .T. ) ;
#50 = ORIENTED_EDGE ( 'NONE', *, *, #4228, .T. ) ;
#51 = LINE ( 'NONE', #4499, #4330 ) ;
#52 = EDGE_CURVE ( 'NONE', #1675, #4173, #1885, .T. ) ;
#53 = DIRECTION ( 'NONE',  ( 0.000000000000000000, 0.000000000000000000, 1.000000000000000000 ) ) ;
#54 = AXIS2_PLACEMENT_3D ( 'NONE', #644, #2116, #3598 ) ;
#55 = ORIENTED_EDGE ( 'NONE', *, *, #1656, .F. ) ;
#56 = VERTEX_POINT ( 'NONE', #4023 ) ;
#57 = ORIENTED_EDGE ( 'NONE', *, *, #2429, .T. ) ;
#58 = CIRCLE ( 'NONE', #1681, 5.199999999999998401 ) ;
#59 = CARTESIAN_POINT ( 'NONE',  ( 16.35441558772843251, -45.00940607636245261, -19.04999999999993676 ) ) ;
#60 = ORIENTED_EDGE ( 'NONE', *, *, #3997, .T. ) ;
#61 = EDGE_CURVE ( 'NONE', #3444, #2199, #51, .T. ) ;
#62 = AXIS2_PLACEMENT_3D ( 'NONE', #1105, #2579, #4014 ) ;
#63 = EDGE_CURVE ( 'NONE', #810, #1600, #1320, .T. ) ;
#64 = CARTESIAN_POINT ( 'NONE',  ( 6.350000000000002309, -0.8890000000000000124, -6.349999999999997868 ) ) ;
#65 = VECTOR ( 'NONE', #95, 1000.000000000000000 ) ;
#66 = ORIENTED_EDGE ( 'NONE', *, *, #802, .T. ) ;
#67 = CARTESIAN_POINT ( 'NONE',  ( 13.09999999999999964, -2.264950330581225746, 5.523072258617638397 ) ) ;
#68 = DIRECTION ( 'NONE',  ( 0.000000000000000000, 0.000000000000000000, 1.000000000000000000 ) ) ;
#69 = DIRECTION ( 'NONE',  ( 0.000000000000000000, 0.000000000000000000, 1.000000000000000000 ) ) ;
#70 = ORIENTED_EDGE ( 'NONE', *, *, #4437, .T. ) ;
#71 = CARTESIAN_POINT ( 'NONE',  ( 18.89999999999995950, -0.1999999999999996503, -17.91862915010150559 ) ) ;
#72 = EDGE_CURVE ( 'NONE', #1266, #1400, #2033, .T. ) ;
#73 = AXIS2_PLACEMENT_3D ( 'NONE', #1127, #734, #2598 ) ;
#74 = DIRECTION ( 'NONE',  ( 6.067067617147291105E-32, -4.336808689942017736E-16, 1.000000000000000000 ) ) ;
#75 = DIRECTION ( 'NONE',  ( 0.000000000000000000, 1.000000000000000000, 0.000000000000000000 ) ) ;
#76 = FACE_OUTER_BOUND ( 'NONE', #3180, .T. ) ;
#77 = DIRECTION ( 'NONE',  ( 0.000000000000000000, 0.000000000000000000, -1.000000000000000000 ) ) ;
#78 = FACE_OUTER_BOUND ( 'NONE', #1722, .T. ) ;
#79 = ORIENTED_EDGE ( 'NONE', *, *, #3640, .T. ) ;
#80 = PLANE ( 'NONE',  #1824 ) ;
#81 = ORIENTED_EDGE ( 'NONE', *, *, #3814, .F. ) ;
#82 = ORIENTED_EDGE ( 'NONE', *, *, #857, .T. ) ;
#83 = DIRECTION ( 'NONE',  ( 0.000000000000000000, 0.000000000000000000, 1.000000000000000000 ) ) ;
#84 = ORIENTED_EDGE ( 'NONE', *, *, #4751, .T. ) ;
#85 = ADVANCED_FACE ( 'NONE', ( #700 ), #2952, .F. ) ;
#86 = PLANE ( 'NONE',  #3708 ) ;
#87 = ORIENTED_EDGE ( 'NONE', *, *, #2078, .T. ) ;
#88 = DIRECTION ( 'NONE',  ( 0.000000000000000000, 0.000000000000000000, 1.000000000000000000 ) ) ;
#89 = CYLINDRICAL_SURFACE ( 'NONE', #4763, 3.175000000000000711 ) ;
#90 = MECHANICAL_CONTEXT ( 'NONE', #850, 'mechanical' ) ;
#91 = VERTEX_POINT ( 'NONE', #361 ) ;
#92 =( BOUNDED_CURVE ( )  B_SPLINE_CURVE ( 3, ( #1425, #3302, #2897, #4059 ),
 .UNSPECIFIED., .F., .F. ) 
 B_SPLINE_CURVE_WITH_KNOTS ( ( 4, 4 ),
 ( 4.362112093716119077, 4.472917508490047211 ),
 .UNSPECIFIED. ) 
 CURVE ( )  GEOMETRIC_REPRESENTATION_ITEM ( )  RATIONAL_B_SPLINE_CURVE ( ( 1.000000000000000000, 0.9989771083553060649, 0.9989771083553060649, 1.000000000000000000 ) ) 
 REPRESENTATION_ITEM ( '' )  );
#93 = CARTESIAN_POINT ( 'NONE',  ( 6.350000000000000533, -2.175000000000000711, -15.87499999999999645 ) ) ;
#94 = CARTESIAN_POINT ( 'NONE',  ( 0.000000000000000000, 0.000000000000000000, 5.620762745781209269 ) ) ;
#95 = DIRECTION ( 'NONE',  ( -0.000000000000000000, -0.000000000000000000, 1.000000000000000000 ) ) ;
#96 = FACE_OUTER_BOUND ( 'NONE', #4169, .T. ) ;
#97 = EDGE_CURVE ( 'NONE', #4295, #3886, #1139, .T. ) ;
#98 = DIRECTION ( 'NONE',  ( -0.000000000000000000, 1.000000000000000000, -0.000000000000000000 ) ) ;
#99 = AXIS2_PLACEMENT_3D ( 'NONE', #3938, #595, #940 ) ;
#100 = EDGE_LOOP ( 'NONE', ( #1863, #2068, #4363, #1084 ) ) ;
#101 = CARTESIAN_POINT ( 'NONE',  ( 0.7206315775864680084, 1.972483239316684234, 5.138999999999997570 ) ) ;
#102 = ORIENTED_EDGE ( 'NONE', *, *, #1572, .T. ) ;
#103 = ORIENTED_EDGE ( 'NONE', *, *, #615, .T. ) ;
#104 = VECTOR ( 'NONE', #840, 1000.000000000000000 ) ;
#105 = DIRECTION ( 'NONE',  ( 0.7071067811865479058, 0.000000000000000000, -0.7071067811865471286 ) ) ;
#106 = EDGE_CURVE ( 'NONE', #4647, #311, #1837, .T. ) ;
#107 = ORIENTED_EDGE ( 'NONE', *, *, #4064, .T. ) ;
#108 = VECTOR ( 'NONE', #3460, 1000.000000000000000 ) ;
#109 = LINE ( 'NONE', #4435, #2157 ) ;
#110 = EDGE_CURVE ( 'NONE', #4509, #2246, #1165, .T. ) ;
#111 = ORIENTED_EDGE ( 'NONE', *, *, #2170, .T. ) ;
#112 = LINE ( 'NONE', #2728, #4203 ) ;
#113 = DIRECTION ( 'NONE',  ( 0.000000000000000000, 0.000000000000000000, 1.000000000000000000 ) ) ;
#114 = EDGE_LOOP ( 'NONE', ( #2973, #204, #2651, #2750, #3950, #764, #2983, #1243, #4366, #658, #306, #2128 ) ) ;
#115 = CARTESIAN_POINT ( 'NONE',  ( 13.27348631124368872, -2.021666578221207988, 3.457121909598170895 ) ) ;
#116 = DIRECTION ( 'NONE',  ( 0.000000000000000000, 0.000000000000000000, 1.000000000000000000 ) ) ;
#117 = LINE ( 'NONE', #4446, #987 ) ;
#118 = LINE ( 'NONE', #2269, #1539 ) ;
#119 = CARTESIAN_POINT ( 'NONE',  ( 12.30000000000000071, -2.243459280444427772, 5.588199955838118349 ) ) ;
#120 = EDGE_CURVE ( 'NONE', #4650, #4391, #4423, .T. ) ;
#121 = ORIENTED_EDGE ( 'NONE', *, *, #1676, .F. ) ;
#122 = DIRECTION ( 'NONE',  ( 1.000000000000000000, 0.000000000000000000, 0.000000000000000000 ) ) ;
#123 = DIRECTION ( 'NONE',  ( -1.000000000000000000, 0.000000000000000000, 0.000000000000000000 ) ) ;
#124 = DIRECTION ( 'NONE',  ( 1.398970545142586541E-16, -1.000000000000000000, 0.000000000000000000 ) ) ;
#125 = VERTEX_POINT ( 'NONE', #1505 ) ;
#126 = EDGE_LOOP ( 'NONE', ( #1504, #1163, #2768, #3015 ) ) ;
#127 = TOROIDAL_SURFACE ( 'NONE', #739, 1.554966049364602254, 0.7500000000000000000 ) ;
#128 = CARTESIAN_POINT ( 'NONE',  ( 10.60012705463137550, 0.000000000000000000, 6.138999999999998458 ) ) ;
#129 = EDGE_CURVE ( 'NONE', #984, #4379, #151, .T. ) ;
#130 = ORIENTED_EDGE ( 'NONE', *, *, #2330, .F. ) ;
#131 = ORIENTED_EDGE ( 'NONE', *, *, #1986, .T. ) ;
#132 = CIRCLE ( 'NONE', #1985, 2.100000000000000977 ) ;
#133 = FACE_OUTER_BOUND ( 'NONE', #1936, .T. ) ;
#134 = VECTOR ( 'NONE', #4734, 1000.000000000000000 ) ;
#135 = EDGE_LOOP ( 'NONE', ( #3195, #2233, #4200, #2957 ) ) ;
#136 = DIRECTION ( 'NONE',  ( 1.482669637587014767E-16, 0.000000000000000000, 1.000000000000000000 ) ) ;
#137 = CARTESIAN_POINT ( 'NONE',  ( 1.257659471581006682E-16, -5.460999999999999410, -28.57499999999999929 ) ) ;
#138 = AXIS2_PLACEMENT_3D ( 'NONE', #649, #284, #2629 ) ;
#139 = ORIENTED_EDGE ( 'NONE', *, *, #1592, .T. ) ;
#140 = DIRECTION ( 'NONE',  ( 0.000000000000000000, 0.000000000000000000, 1.000000000000000000 ) ) ;
#141 = AXIS2_PLACEMENT_3D ( 'NONE', #2715, #4100, #846 ) ;
#142 = LINE ( 'NONE', #4615, #4045 ) ;
#143 = EDGE_CURVE ( 'NONE', #2819, #2774, #433, .T. ) ;
#144 = DIRECTION ( 'NONE',  ( -0.000000000000000000, -1.000000000000000000, -0.000000000000000000 ) ) ;
#145 = CARTESIAN_POINT ( 'NONE',  ( -6.226320535179879527E-14, -45.00940607636245261, -30.59999999999993392 ) ) ;
#146 = DIRECTION ( 'NONE',  ( 0.000000000000000000, -1.000000000000000000, 0.000000000000000000 ) ) ;
#147 = EDGE_LOOP ( 'NONE', ( #593, #3977, #1858, #3239 ) ) ;
#148 = CARTESIAN_POINT ( 'NONE',  ( 16.35441558772843251, -0.1999999999999996503, -19.04999999999993676 ) ) ;
#149 = DIRECTION ( 'NONE',  ( 0.000000000000000000, 0.000000000000000000, -1.000000000000000000 ) ) ;
#150 = CARTESIAN_POINT ( 'NONE',  ( -2.630594115711841125E-16, -4.174999999999999822, -9.524999999999998579 ) ) ;
#151 = CIRCLE ( 'NONE', #2858, 3.174999999999999822 ) ;
#152 = ORIENTED_EDGE ( 'NONE', *, *, #2117, .T. ) ;
#153 = AXIS2_PLACEMENT_3D ( 'NONE', #1121, #3439, #1982 ) ;
#154 = CARTESIAN_POINT ( 'NONE',  ( 13.09999999999999964, 2.264950330581225746, 5.523072258617638397 ) ) ;
#155 = ORIENTED_EDGE ( 'NONE', *, *, #342, .T. ) ;
#156 = ORIENTED_EDGE ( 'NONE', *, *, #2749, .T. ) ;
#157 = ADVANCED_FACE ( 'NONE', ( #410 ), #1553, .T. ) ;
#158 = CARTESIAN_POINT ( 'NONE',  ( 12.21281998814761494, -2.042738830444500220, 2.470636393497686267 ) ) ;
#159 = ORIENTED_EDGE ( 'NONE', *, *, #2591, .T. ) ;
#160 = FACE_BOUND ( 'NONE', #4165, .T. ) ;
#161 = DIRECTION ( 'NONE',  ( 0.7071067811865474617, 0.7071067811865475727, 0.000000000000000000 ) ) ;
#162 = DATE_TIME_ROLE ( 'creation_date' ) ;
#163 = CARTESIAN_POINT ( 'NONE',  ( 16.35441558772843251, -6.199999999999997513, -19.04999999999993676 ) ) ;
#164 = EDGE_CURVE ( 'NONE', #4086, #300, #926, .T. ) ;
#165 = CARTESIAN_POINT ( 'NONE',  ( 0.4000000000000001887, -2.264950330581225746, 5.523072258617638397 ) ) ;
#166 = DIRECTION ( 'NONE',  ( -1.000000000000000000, 1.036687336241119720E-16, -0.000000000000000000 ) ) ;
#167 = DIRECTION ( 'NONE',  ( 0.7071067811865464625, -8.451223556522521954E-17, -0.7071067811865486830 ) ) ;
#168 = CARTESIAN_POINT ( 'NONE',  ( 0.4282819678817722520, 2.057911970479199049, 2.353224001008316524 ) ) ;
#169 = EDGE_CURVE ( 'NONE', #904, #4070, #508, .T. ) ;
#170 = ORIENTED_EDGE ( 'NONE', *, *, #4773, .T. ) ;
#171 = CARTESIAN_POINT ( 'NONE',  ( -2.630594115711841125E-16, -0.8890000000000000124, -25.39999999999999858 ) ) ;
#172 = EDGE_CURVE ( 'NONE', #1435, #2495, #2512, .T. ) ;
#173 = DIRECTION ( 'NONE',  ( -0.000000000000000000, -1.000000000000000000, -0.000000000000000000 ) ) ;
#174 = CARTESIAN_POINT ( 'NONE',  ( 12.30000000000000071, -3.174999999999998934, 5.139000000000001123 ) ) ;
#175 = VERTEX_POINT ( 'NONE', #1188 ) ;
#176 = VECTOR ( 'NONE', #3120, 1000.000000000000000 ) ;
#177 = VECTOR ( 'NONE', #819, 1000.000000000000000 ) ;
#178 = DIRECTION ( 'NONE',  ( 0.000000000000000000, 0.000000000000000000, 1.000000000000000000 ) ) ;
#179 = VERTEX_POINT ( 'NONE', #1646 ) ;
#180 = EDGE_LOOP ( 'NONE', ( #1678, #1144 ) ) ;
#181 = AXIS2_PLACEMENT_3D ( 'NONE', #3183, #4654, #983 ) ;
#182 = CARTESIAN_POINT ( 'NONE',  ( 12.27171803211823153, -2.057911970479199493, 2.353224001008315192 ) ) ;
#183 = CARTESIAN_POINT ( 'NONE',  ( 6.349999999999997868, 6.349999999999999645, -2.000000000000001776 ) ) ;
#184 = AXIS2_PLACEMENT_3D ( 'NONE', #2554, #1733, #2873 ) ;
#185 = ORIENTED_EDGE ( 'NONE', *, *, #3874, .F. ) ;
#186 = ADVANCED_FACE ( 'NONE', ( #1599 ), #3877, .F. ) ;
#187 = CARTESIAN_POINT ( 'NONE',  ( 13.19809734904587195, -3.174999999999998934, 2.595422128626172054 ) ) ;
#188 = EDGE_CURVE ( 'NONE', #4256, #2987, #2686, .T. ) ;
#189 = DIRECTION ( 'NONE',  ( 1.209468558947973047E-16, 1.000000000000000000, 0.000000000000000000 ) ) ;
#190 = EDGE_CURVE ( 'NONE', #964, #4574, #2230, .T. ) ;
#191 = DIRECTION ( 'NONE',  ( 0.000000000000000000, 0.000000000000000000, 1.000000000000000000 ) ) ;
#192 = DIRECTION ( 'NONE',  ( -0.000000000000000000, -0.000000000000000000, -1.000000000000000000 ) ) ;
#193 = CARTESIAN_POINT ( 'NONE',  ( 12.30000000000000071, 2.182283254615324797, 5.773529692572009431 ) ) ;
#194 = CARTESIAN_POINT ( 'NONE',  ( -0.2470917478819843194, 2.087439085565598429, 2.187221323398956585 ) ) ;
#195 = ORIENTED_EDGE ( 'NONE', *, *, #2393, .F. ) ;
#196 = CARTESIAN_POINT ( 'NONE',  ( -2.630594115711841125E-16, -2.174999999999999822, -12.69999999999999929 ) ) ;
#197 = CARTESIAN_POINT ( 'NONE',  ( 17.89999999999999858, -45.00940607636245261, -1.999999999999998224 ) ) ;
#198 = CARTESIAN_POINT ( 'NONE',  ( 5.218629150101505410, -0.1999999999999996503, -31.59999999999995524 ) ) ;
#199 = ORIENTED_EDGE ( 'NONE', *, *, #4425, .T. ) ;
#200 = ORIENTED_EDGE ( 'NONE', *, *, #1809, .T. ) ;
#201 = EDGE_CURVE ( 'NONE', #2016, #4359, #47, .T. ) ;
#202 = B_SPLINE_CURVE_WITH_KNOTS ( 'NONE', 3,
 ( #3917, #2003, #2047, #505, #1711, #3121 ),
 .UNSPECIFIED., .F., .F.,
 ( 4, 2, 4 ),
 ( 0.000000000000000000, 0.0004757001404452627490, 0.0009514002808905259317 ),
 .UNSPECIFIED. ) ;
#203 = DIRECTION ( 'NONE',  ( -1.000000000000000000, 0.000000000000000000, 0.000000000000000000 ) ) ;
#204 = ORIENTED_EDGE ( 'NONE', *, *, #2293, .T. ) ;
#205 = ORIENTED_EDGE ( 'NONE', *, *, #3277, .F. ) ;
#206 = EDGE_CURVE ( 'NONE', #3154, #4465, #930, .T. ) ;
#207 = DIRECTION ( 'NONE',  ( 0.000000000000000000, 0.000000000000000000, 1.000000000000000000 ) ) ;
#208 = DIRECTION ( 'NONE',  ( 1.000000000000000000, 0.000000000000000000, 0.000000000000000000 ) ) ;
#209 = ORIENTED_EDGE ( 'NONE', *, *, #634, .T. ) ;
#210 = AXIS2_PLACEMENT_3D ( 'NONE', #2351, #3391, #3783 ) ;
#211 = EDGE_CURVE ( 'NONE', #2569, #2567, #3477, .T. ) ;
#212 = PLANE ( 'NONE',  #1603 ) ;
#213 = PERSON_AND_ORGANIZATION ( #376, #2453 ) ;
#214 = VECTOR ( 'NONE', #1288, 1000.000000000000000 ) ;
#215 = PRODUCT_DEFINITION_FORMATION_WITH_SPECIFIED_SOURCE ( 'ANY', '', #1800, .NOT_KNOWN. ) ;
#216 = DIRECTION ( 'NONE',  ( -0.000000000000000000, 0.000000000000000000, -1.000000000000000000 ) ) ;
#217 = CARTESIAN_POINT ( 'NONE',  ( 6.350000000000000533, -0.8890000000000000124, -22.22499999999999787 ) ) ;
#218 = CIRCLE ( 'NONE', #4321, 3.175000000000000711 ) ;
#219 = DIRECTION ( 'NONE',  ( 0.000000000000000000, -0.000000000000000000, 1.000000000000000000 ) ) ;
#220 = DIRECTION ( 'NONE',  ( -0.000000000000000000, 1.000000000000000000, -0.000000000000000000 ) ) ;
#221 = EDGE_CURVE ( 'NONE', #2356, #2999, #2412, .T. ) ;
#222 = VERTEX_POINT ( 'NONE', #1979 ) ;
#223 = CARTESIAN_POINT ( 'NONE',  ( 17.89999999999999858, -45.00940607636245261, -17.50441558772836714 ) ) ;
#224 = AXIS2_PLACEMENT_3D ( 'NONE', #948, #2417, #3853 ) ;
#225 = LINE ( 'NONE', #4242, #2493 ) ;
#226 = DIRECTION ( 'NONE',  ( -0.000000000000000000, -0.000000000000000000, -1.000000000000000000 ) ) ;
#227 = ORIENTED_EDGE ( 'NONE', *, *, #3573, .F. ) ;
#228 = ORIENTED_EDGE ( 'NONE', *, *, #2017, .F. ) ;
#229 = LINE ( 'NONE', #1701, #3837 ) ;
#230 = VECTOR ( 'NONE', #2207, 999.9999999999998863 ) ;
#231 = EDGE_LOOP ( 'NONE', ( #2331, #2251, #3363, #915 ) ) ;
#232 = EDGE_CURVE ( 'NONE', #1198, #3216, #3465, .T. ) ;
#233 = ORIENTED_EDGE ( 'NONE', *, *, #10, .F. ) ;
#234 = VECTOR ( 'NONE', #122, 1000.000000000000000 ) ;
#235 = CARTESIAN_POINT ( 'NONE',  ( 12.94709174788198069, -2.087439085565598429, 2.187221323398957473 ) ) ;
#236 = FACE_OUTER_BOUND ( 'NONE', #4748, .T. ) ;
#237 = EDGE_CURVE ( 'NONE', #4343, #2946, #1922, .T. ) ;
#238 = ORIENTED_EDGE ( 'NONE', *, *, #4503, .T. ) ;
#239 = DIRECTION ( 'NONE',  ( 0.000000000000000000, 0.000000000000000000, 1.000000000000000000 ) ) ;
#240 = DATE_AND_TIME ( #3454, #2917 ) ;
#241 = LINE ( 'NONE', #4260, #2111 ) ;
#242 = CARTESIAN_POINT ( 'NONE',  ( 6.349999999999999645, -45.00940607636245261, -29.05441558772836785 ) ) ;
#243 = CARTESIAN_POINT ( 'NONE',  ( 12.69999999999999929, -0.8890000000000000124, -12.69999999999999929 ) ) ;
#244 = CARTESIAN_POINT ( 'NONE',  ( 18.89999999999999858, -6.200000000000000178, -20.18137084989848873 ) ) ;
#245 = ORIENTED_EDGE ( 'NONE', *, *, #2164, .T. ) ;
#246 = CARTESIAN_POINT ( 'NONE',  ( 17.76862915010146438, -6.200000000000000178, -19.04999999999999716 ) ) ;
#247 = CARTESIAN_POINT ( 'NONE',  ( -5.200000000000000178, -45.00940607636245261, -17.50441558772836714 ) ) ;
#248 = CARTESIAN_POINT ( 'NONE',  ( 6.350000000000000533, -0.8890000000000000124, -15.87499999999999645 ) ) ;
#249 = ORIENTED_EDGE ( 'NONE', *, *, #169, .F. ) ;
#250 = DIRECTION ( 'NONE',  ( 0.000000000000000000, 0.000000000000000000, -1.000000000000000000 ) ) ;
#251 = ORIENTED_EDGE ( 'NONE', *, *, #2985, .F. ) ;
#252 = EDGE_LOOP ( 'NONE', ( #4229, #1171, #2339, #2079 ) ) ;
#253 = CIRCLE ( 'NONE', #2255, 3.175000000000000711 ) ;
#254 = CARTESIAN_POINT ( 'NONE',  ( 17.89999999999999858, -0.1999999999999996503, -25.39999999999999858 ) ) ;
#255 = CARTESIAN_POINT ( 'NONE',  ( 15.87500000000000000, 0.000000000000000000, 0.000000000000000000 ) ) ;
#256 = VECTOR ( 'NONE', #2573, 1000.000000000000000 ) ;
#257 = ORIENTED_EDGE ( 'NONE', *, *, #334, .T. ) ;
#258 = AXIS2_PLACEMENT_3D ( 'NONE', #2113, #3869, #3137 ) ;
#259 = DIRECTION ( 'NONE',  ( 1.000000000000000000, 0.000000000000000000, 0.000000000000000000 ) ) ;
#260 = EDGE_CURVE ( 'NONE', #2819, #3922, #4238, .T. ) ;
#261 = DIRECTION ( 'NONE',  ( 0.000000000000000000, 0.000000000000000000, 1.000000000000000000 ) ) ;
#262 = LINE ( 'NONE', #2920, #1910 ) ;
#263 = CIRCLE ( 'NONE', #2964, 5.199999999999971756 ) ;
#264 = PLANE ( 'NONE',  #2300 ) ;
#265 = EDGE_LOOP ( 'NONE', ( #2856, #1051, #4605, #2720 ) ) ;
#266 = DIRECTION ( 'NONE',  ( 0.000000000000000000, 0.000000000000000000, 1.000000000000000000 ) ) ;
#267 = CARTESIAN_POINT ( 'NONE',  ( 17.89999999999999858, -4.175000000000005151, -1.999999999999998224 ) ) ;
#268 = DIRECTION ( 'NONE',  ( -0.000000000000000000, 1.000000000000000000, -0.000000000000000000 ) ) ;
#269 = CARTESIAN_POINT ( 'NONE',  ( 6.349999999999999645, -6.199999999999997513, -29.05441558772836785 ) ) ;
#270 = ADVANCED_FACE ( 'NONE', ( #817 ), #2291, .T. ) ;
#271 = ORIENTED_EDGE ( 'NONE', *, *, #3874, .T. ) ;
#272 = ORIENTED_EDGE ( 'NONE', *, *, #2056, .T. ) ;
#273 = CARTESIAN_POINT ( 'NONE',  ( -0.3999999999999999667, 2.264950330581225302, 5.523072258617638397 ) ) ;
#274 = ADVANCED_FACE ( 'NONE', ( #96 ), #1576, .T. ) ;
#275 = ORIENTED_EDGE ( 'NONE', *, *, #1282, .T. ) ;
#276 = VERTEX_POINT ( 'NONE', #244 ) ;
#277 = VECTOR ( 'NONE', #3543, 1000.000000000000227 ) ;
#278 = CARTESIAN_POINT ( 'NONE',  ( 0.4980973490458738828, -3.174999999999999822, 2.595422128626172054 ) ) ;
#279 = EDGE_CURVE ( 'NONE', #1966, #4557, #839, .T. ) ;
#280 = DIRECTION ( 'NONE',  ( 0.000000000000000000, 1.000000000000000000, 0.000000000000000000 ) ) ;
#281 = ORIENTED_EDGE ( 'NONE', *, *, #4284, .T. ) ;
#282 = AXIS2_PLACEMENT_3D ( 'NONE', #728, #2200, #986 ) ;
#283 = FACE_OUTER_BOUND ( 'NONE', #3613, .T. ) ;
#284 = DIRECTION ( 'NONE',  ( -8.115498896123205041E-15, 0.000000000000000000, 1.000000000000000000 ) ) ;
#285 = EDGE_CURVE ( 'NONE', #1854, #4250, #1317, .T. ) ;
#286 = DIRECTION ( 'NONE',  ( -0.000000000000000000, -0.000000000000000000, -1.000000000000000000 ) ) ;
#287 = VECTOR ( 'NONE', #656, 1000.000000000000000 ) ;
#288 = VERTEX_POINT ( 'NONE', #3920 ) ;
#289 = CARTESIAN_POINT ( 'NONE',  ( 12.69999999999999929, -2.175000000000001599, -25.39999999999999858 ) ) ;
#290 = APPROVAL_PERSON_ORGANIZATION ( #1709, #3522, #3186 ) ;
#291 = DIRECTION ( 'NONE',  ( 0.000000000000000000, 0.000000000000000000, 1.000000000000000000 ) ) ;
#292 = EDGE_CURVE ( 'NONE', #749, #2211, #4370, .T. ) ;
#293 = VECTOR ( 'NONE', #43, 1000.000000000000114 ) ;
#294 = CARTESIAN_POINT ( 'NONE',  ( 13.10000000000000142, 1.502637486114517751, 6.138999999999998458 ) ) ;
#295 = DIRECTION ( 'NONE',  ( -1.036687336241119596E-16, -1.000000000000000000, -0.000000000000000000 ) ) ;
#296 = ORIENTED_EDGE ( 'NONE', *, *, #401, .T. ) ;
#297 = ORIENTED_EDGE ( 'NONE', *, *, #3087, .T. ) ;
#298 = VECTOR ( 'NONE', #1907, 1000.000000000000114 ) ;
#299 = FACE_OUTER_BOUND ( 'NONE', #2191, .T. ) ;
#300 = VERTEX_POINT ( 'NONE', #4264 ) ;
#301 = AXIS2_PLACEMENT_3D ( 'NONE', #1028, #663, #1728 ) ;
#302 = ORIENTED_EDGE ( 'NONE', *, *, #1538, .F. ) ;
#303 = PLANE ( 'NONE',  #3779 ) ;
#304 = AXIS2_PLACEMENT_3D ( 'NONE', #64, #3321, #3422 ) ;
#305 = DIRECTION ( 'NONE',  ( -1.195183497228115281E-16, -1.000000000000000000, 0.000000000000000000 ) ) ;
#306 = ORIENTED_EDGE ( 'NONE', *, *, #3029, .F. ) ;
#307 = EDGE_CURVE ( 'NONE', #3815, #1318, #606, .T. ) ;
#308 = CARTESIAN_POINT ( 'NONE',  ( 2.978334981051645070, 6.200000000000000178, -31.59999999999997655 ) ) ;
#309 = DIRECTION ( 'NONE',  ( 1.036687336241119596E-16, 1.000000000000000000, 0.000000000000000000 ) ) ;
#310 = LINE ( 'NONE', #4685, #4233 ) ;
#311 = VERTEX_POINT ( 'NONE', #3902 ) ;
#312 = DIRECTION ( 'NONE',  ( 1.209468558947973047E-16, 1.000000000000000000, 0.000000000000000000 ) ) ;
#313 = ADVANCED_FACE ( 'NONE', ( #583 ), #2050, .F. ) ;
#314 = CARTESIAN_POINT ( 'NONE',  ( 12.69999999999999929, -2.175000000000001599, -28.57499999999999929 ) ) ;
#315 = CARTESIAN_POINT ( 'NONE',  ( -0.3999999999999999667, 2.243459280444428217, 5.588199955838119237 ) ) ;
#316 = ORIENTED_EDGE ( 'NONE', *, *, #859, .F. ) ;
#317 = ORIENTED_EDGE ( 'NONE', *, *, #1846, .T. ) ;
#318 = EDGE_CURVE ( 'NONE', #2767, #4343, #3171, .T. ) ;
#319 = CARTESIAN_POINT ( 'NONE',  ( 12.69999999999999929, -6.201024999999999565, -10.59999999999999787 ) ) ;
#320 = ORIENTED_EDGE ( 'NONE', *, *, #4209, .F. ) ;
#321 = ORIENTED_EDGE ( 'NONE', *, *, #2330, .T. ) ;
#322 = LINE ( 'NONE', #4700, #1071 ) ;
#323 = CARTESIAN_POINT ( 'NONE',  ( -6.226320535179879527E-14, -0.1999999999999996503, -31.59999999999994102 ) ) ;
#324 = ORIENTED_EDGE ( 'NONE', *, *, #786, .F. ) ;
#325 = ADVANCED_FACE ( 'NONE', ( #2441, #970 ), #1923, .T. ) ;
#326 = VECTOR ( 'NONE', #3561, 1000.000000000000000 ) ;
#327 = EDGE_CURVE ( 'NONE', #1747, #2504, #1871, .T. ) ;
#328 = CARTESIAN_POINT ( 'NONE',  ( 17.89999999999999858, -45.00940607636245261, -20.59558441227150993 ) ) ;
#329 = CARTESIAN_POINT ( 'NONE',  ( 0.000000000000000000, 0.000000000000000000, 5.438999999999999169 ) ) ;
#330 = DIRECTION ( 'NONE',  ( 0.000000000000000000, 0.000000000000000000, -1.000000000000000000 ) ) ;
#331 = CIRCLE ( 'NONE', #1493, 2.100000000000000977 ) ;
#332 = EDGE_LOOP ( 'NONE', ( #3667, #1630 ) ) ;
#333 = CARTESIAN_POINT ( 'NONE',  ( -2.299999999999999822, 0.000000000000000000, 5.523072258617638397 ) ) ;
#334 = EDGE_CURVE ( 'NONE', #3940, #3559, #1516, .T. ) ;
#335 = AXIS2_PLACEMENT_3D ( 'NONE', #1803, #4745, #1443 ) ;
#336 = CARTESIAN_POINT ( 'NONE',  ( 0.000000000000000000, 0.000000000000000000, 5.620762745781209269 ) ) ;
#337 = DIRECTION ( 'NONE',  ( -1.000000000000000000, -0.000000000000000000, -0.000000000000000000 ) ) ;
#338 = ORIENTED_EDGE ( 'NONE', *, *, #999, .T. ) ;
#339 = CARTESIAN_POINT ( 'NONE',  ( 12.69999999999999929, -5.460999999999999410, -10.59999999999999787 ) ) ;
#340 = ORIENTED_EDGE ( 'NONE', *, *, #3191, .F. ) ;
#341 = CARTESIAN_POINT ( 'NONE',  ( -6.199999999999999289, -6.200000000000000178, -2.000000000000000000 ) ) ;
#342 = EDGE_CURVE ( 'NONE', #890, #3914, #109, .T. ) ;
#343 = VERTEX_POINT ( 'NONE', #2256 ) ;
#344 = DIRECTION ( 'NONE',  ( 1.000000000000000000, 0.000000000000000000, 0.000000000000000000 ) ) ;
#345 = LINE ( 'NONE', #2524, #1079 ) ;
#346 = CARTESIAN_POINT ( 'NONE',  ( -3.654415587728433223, -6.199999999999997513, -19.04999999999993676 ) ) ;
#347 = ORIENTED_EDGE ( 'NONE', *, *, #1561, .T. ) ;
#348 = ADVANCED_FACE ( 'NONE', ( #1563 ), #3693, .T. ) ;
#349 = EDGE_CURVE ( 'NONE', #2168, #1609, #422, .T. ) ;
#350 = EDGE_CURVE ( 'NONE', #861, #4403, #3764, .T. ) ;
#351 = ORIENTED_EDGE ( 'NONE', *, *, #3855, .F. ) ;
#352 = CARTESIAN_POINT ( 'NONE',  ( 12.30000000000000071, -1.820969194338324160, 6.090132639966193473 ) ) ;
#353 = CARTESIAN_POINT ( 'NONE',  ( -6.200000000000001066, -4.174999999999998934, -101.3795551986130192 ) ) ;
#354 = CARTESIAN_POINT ( 'NONE',  ( 6.350000000000002309, -5.460999999999999410, -6.349999999999997868 ) ) ;
#355 = ORIENTED_EDGE ( 'NONE', *, *, #2591, .F. ) ;
#356 = CARTESIAN_POINT ( 'NONE',  ( 12.69999999999999929, -4.174999999999999822, -9.524999999999998579 ) ) ;
#357 = CARTESIAN_POINT ( 'NONE',  ( 13.09999999999999964, -2.061552812808830293, 5.438999999999999169 ) ) ;
#358 = CARTESIAN_POINT ( 'NONE',  ( 6.350000000000002309, -6.201024999999999565, -4.249999999999998224 ) ) ;
#359 = AXIS2_PLACEMENT_3D ( 'NONE', #174, #3221, #3516 ) ;
#360 = ORIENTED_EDGE ( 'NONE', *, *, #2869, .F. ) ;
#361 = CARTESIAN_POINT ( 'NONE',  ( 17.89999999999999858, -4.175000000000005151, -17.50441558772836714 ) ) ;
#362 = ADVANCED_FACE ( 'NONE', ( #4511 ), #374, .T. ) ;
#363 = CIRCLE ( 'NONE', #2603, 3.175000000000000711 ) ;
#364 = AXIS2_PLACEMENT_3D ( 'NONE', #581, #3899, #2048 ) ;
#365 = CARTESIAN_POINT ( 'NONE',  ( 6.349999999999999645, -2.175000000000003375, -29.05441558772836785 ) ) ;
#366 = VERTEX_POINT ( 'NONE', #4126 ) ;
#367 = CARTESIAN_POINT ( 'NONE',  ( -5.200000000000000178, -45.00940607636245261, -17.50441558772836714 ) ) ;
#368 = ORIENTED_EDGE ( 'NONE', *, *, #809, .T. ) ;
#369 = CIRCLE ( 'NONE', #1684, 3.175000000000001155 ) ;
#370 = CARTESIAN_POINT ( 'NONE',  ( -46.09198539317075927, -4.174999999999994493, -61.48756980544245465 ) ) ;
#371 = CARTESIAN_POINT ( 'NONE',  ( -5.200000000000062350, -45.00940607636245261, -25.39999999999999858 ) ) ;
#372 = VECTOR ( 'NONE', #2218, 1000.000000000000000 ) ;
#373 = ORIENTED_EDGE ( 'NONE', *, *, #3936, .F. ) ;
#374 = CYLINDRICAL_SURFACE ( 'NONE', #4171, 6.199999999999972644 ) ;
#375 = ADVANCED_FACE ( 'NONE', ( #1152 ), #3348, .T. ) ;
#376 = PERSON ( 'UNSPECIFIED', 'UNSPECIFIED', 'UNSPECIFIED', ('UNSPECIFIED'), ('UNSPECIFIED'), ('UNSPECIFIED') ) ;
#377 = VERTEX_POINT ( 'NONE', #3399 ) ;
#378 = VECTOR ( 'NONE', #396, 1000.000000000000000 ) ;
#379 = DIRECTION ( 'NONE',  ( 0.000000000000000000, 1.000000000000000000, 0.000000000000000000 ) ) ;
#380 = CARTESIAN_POINT ( 'NONE',  ( 3.174999999999999822, 0.000000000000000000, 0.000000000000000000 ) ) ;
#381 = CARTESIAN_POINT ( 'NONE',  ( 12.69999999999999929, -4.174999999999999822, -25.39999999999999858 ) ) ;
#382 = ORIENTED_EDGE ( 'NONE', *, *, #2056, .F. ) ;
#383 = AXIS2_PLACEMENT_3D ( 'NONE', #4731, #1500, #1763 ) ;
#384 = LINE ( 'NONE', #2607, #372 ) ;
#385 = DIRECTION ( 'NONE',  ( 0.000000000000000000, 0.000000000000000000, 1.000000000000000000 ) ) ;
#386 = DIRECTION ( 'NONE',  ( -0.000000000000000000, -0.000000000000000000, 1.000000000000000000 ) ) ;
#387 = ORIENTED_EDGE ( 'NONE', *, *, #889, .T. ) ;
#388 = CARTESIAN_POINT ( 'NONE',  ( 12.20190265095412840, -2.040073290564207831, 2.595422128626172054 ) ) ;
#389 = CARTESIAN_POINT ( 'NONE',  ( -2.630594115710311721E-16, -6.199999999999997513, -25.39999999999999858 ) ) ;
#390 = EDGE_LOOP ( 'NONE', ( #1022, #3400, #2550, #3259 ) ) ;
#391 = FACE_OUTER_BOUND ( 'NONE', #3251, .T. ) ;
#392 = ORIENTED_EDGE ( 'NONE', *, *, #4297, .F. ) ;
#393 = CARTESIAN_POINT ( 'NONE',  ( 12.69999999999999929, -0.8890000000000000124, -15.87500000000000000 ) ) ;
#394 = CARTESIAN_POINT ( 'NONE',  ( -3.174999999999999822, 0.000000000000000000, 0.000000000000000000 ) ) ;
#395 = ORIENTED_EDGE ( 'NONE', *, *, #2437, .T. ) ;
#396 = DIRECTION ( 'NONE',  ( -1.299846859515565038E-14, -0.000000000000000000, -1.000000000000000000 ) ) ;
#397 = ADVANCED_FACE ( 'NONE', ( #2235 ), #3088, .T. ) ;
#398 = ORIENTED_EDGE ( 'NONE', *, *, #2406, .F. ) ;
#399 = CARTESIAN_POINT ( 'NONE',  ( 13.09999999999999964, 2.232710535457612888, 5.620762745781209269 ) ) ;
#400 = CARTESIAN_POINT ( 'NONE',  ( 6.350000000000000533, -6.201024999999999565, -19.04999999999999716 ) ) ;
#401 = EDGE_CURVE ( 'NONE', #1024, #4633, #3370, .T. ) ;
#402 = CARTESIAN_POINT ( 'NONE',  ( 0.4000000000000000777, 2.182266827280789911, 5.773579458367406048 ) ) ;
#403 = ORIENTED_EDGE ( 'NONE', *, *, #2564, .T. ) ;
#404 = CIRCLE ( 'NONE', #1027, 2.099999999999999645 ) ;
#405 = CARTESIAN_POINT ( 'NONE',  ( -0.5734863112436872079, -2.021666578221208432, 3.457121909598156240 ) ) ;
#406 = CYLINDRICAL_SURFACE ( 'NONE', #1421, 3.175000000000000711 ) ;
#407 = AXIS2_PLACEMENT_3D ( 'NONE', #2089, #3596, #574 ) ;
#408 = CARTESIAN_POINT ( 'NONE',  ( -2.630594115711841125E-16, -5.460999999999999410, -25.39999999999999858 ) ) ;
#409 = EDGE_LOOP ( 'NONE', ( #185, #170, #821, #251 ) ) ;
#410 = FACE_OUTER_BOUND ( 'NONE', #3991, .T. ) ;
#411 = EDGE_CURVE ( 'NONE', #91, #2199, #1586, .T. ) ;
#412 = AXIS2_PLACEMENT_3D ( 'NONE', #2756, #2785, #2391 ) ;
#413 = CARTESIAN_POINT ( 'NONE',  ( -0.1233449203368002373, -2.100009524403047223, 2.138959997505216926 ) ) ;
#414 = ADVANCED_FACE ( 'NONE', ( #805 ), #86, .T. ) ;
#415 = VERTEX_POINT ( 'NONE', #40 ) ;
#416 = LINE ( 'NONE', #3051, #1053 ) ;
#417 = ORIENTED_EDGE ( 'NONE', *, *, #2017, .T. ) ;
#418 = ORIENTED_EDGE ( 'NONE', *, *, #4293, .F. ) ;
#419 = DIRECTION ( 'NONE',  ( 0.000000000000000000, 0.000000000000000000, 1.000000000000000000 ) ) ;
#420 = VERTEX_POINT ( 'NONE', #4463 ) ;
#421 = EDGE_CURVE ( 'NONE', #2504, #4600, #780, .T. ) ;
#422 = LINE ( 'NONE', #2306, #2932 ) ;
#423 = VERTEX_POINT ( 'NONE', #445 ) ;
#424 = DIRECTION ( 'NONE',  ( -0.000000000000000000, 1.000000000000000000, -0.000000000000000000 ) ) ;
#425 = DIRECTION ( 'NONE',  ( -0.000000000000000000, 1.000000000000000000, -0.000000000000000000 ) ) ;
#426 = CARTESIAN_POINT ( 'NONE',  ( 0.4000000000000001332, 2.081805041010027502, 5.906940355987363667 ) ) ;
#427 = ORIENTED_EDGE ( 'NONE', *, *, #1921, .F. ) ;
#428 = EDGE_CURVE ( 'NONE', #1400, #3794, #1199, .T. ) ;
#429 = DIRECTION ( 'NONE',  ( -0.7071067811865474617, 0.000000000000000000, 0.7071067811865474617 ) ) ;
#430 = DIRECTION ( 'NONE',  ( 1.000000000000000000, 0.000000000000000000, -1.299846859515564880E-14 ) ) ;
#431 = VERTEX_POINT ( 'NONE', #4533 ) ;
#432 = DIRECTION ( 'NONE',  ( -0.000000000000000000, -0.000000000000000000, 1.000000000000000000 ) ) ;
#433 = LINE ( 'NONE', #1908, #2002 ) ;
#434 = EDGE_CURVE ( 'NONE', #1031, #1266, #4487, .T. ) ;
#435 = CARTESIAN_POINT ( 'NONE',  ( 2.268258436585968152, 0.000000000000000000, 5.620762745781209269 ) ) ;
#436 = CIRCLE ( 'NONE', #2680, 3.175000000000000711 ) ;
#437 = ORIENTED_EDGE ( 'NONE', *, *, #4503, .F. ) ;
#438 = CARTESIAN_POINT ( 'NONE',  ( -0.3999999999999999667, -2.061552812808830293, 5.438999999999999169 ) ) ;
#439 = ORIENTED_EDGE ( 'NONE', *, *, #3636, .F. ) ;
#440 = ORIENTED_EDGE ( 'NONE', *, *, #3219, .T. ) ;
#441 = AXIS2_PLACEMENT_3D ( 'NONE', #870, #1954, #3435 ) ;
#442 = DIRECTION ( 'NONE',  ( -1.209468558947973047E-16, -1.000000000000000000, 0.000000000000000000 ) ) ;
#443 = VERTEX_POINT ( 'NONE', #1636 ) ;
#444 = AXIS2_PLACEMENT_3D ( 'NONE', #3671, #4771, #2533 ) ;
#445 = CARTESIAN_POINT ( 'NONE',  ( -6.226320535179879527E-14, -4.174999999999998046, -30.59999999999993392 ) ) ;
#446 = VECTOR ( 'NONE', #1978, 1000.000000000000000 ) ;
#447 = ORIENTED_EDGE ( 'NONE', *, *, #120, .T. ) ;
#448 = ADVANCED_FACE ( 'NONE', ( #133 ), #450, .T. ) ;
#449 = CARTESIAN_POINT ( 'NONE',  ( 12.69999999999999929, -4.174999999999999822, -12.69999999999999929 ) ) ;
#450 = CONICAL_SURFACE ( 'NONE', #4625, 2.100000000000000089, 1.172861257340199304 ) ;
#451 = DIRECTION ( 'NONE',  ( 1.209468558947973047E-16, 1.000000000000000000, 0.000000000000000000 ) ) ;
#452 =( LENGTH_UNIT ( ) NAMED_UNIT ( * ) SI_UNIT ( .MILLI., .METRE. ) );
#453 = EDGE_LOOP ( 'NONE', ( #4196, #1217, #2196, #2217 ) ) ;
#454 = CYLINDRICAL_SURFACE ( 'NONE', #4283, 3.175000000000000711 ) ;
#455 = VECTOR ( 'NONE', #1090, 1000.000000000000000 ) ;
#456 = CARTESIAN_POINT ( 'NONE',  ( 6.350000000000000533, -2.175000000000000711, -22.22499999999999787 ) ) ;
#457 = CYLINDRICAL_SURFACE ( 'NONE', #4756, 2.100000000000000089 ) ;
#458 = CARTESIAN_POINT ( 'NONE',  ( -0.3999999999999999667, 2.232710535457612888, 5.620762745781209269 ) ) ;
#459 = DIRECTION ( 'NONE',  ( -0.000000000000000000, -1.000000000000000000, -0.000000000000000000 ) ) ;
#460 = ADVANCED_FACE ( 'NONE', ( #888 ), #4559, .T. ) ;
#461 = CARTESIAN_POINT ( 'NONE',  ( 0.4286119346557879517, -2.057850353472996385, 2.353605336466520814 ) ) ;
#462 = ORIENTED_EDGE ( 'NONE', *, *, #1126, .T. ) ;
#463 = CARTESIAN_POINT ( 'NONE',  ( 13.10000000000000142, -1.502637486114517751, 6.138999999999998458 ) ) ;
#464 = ORIENTED_EDGE ( 'NONE', *, *, #2815, .T. ) ;
#465 = EDGE_CURVE ( 'NONE', #4761, #1448, #2357, .T. ) ;
#466 = ORIENTED_EDGE ( 'NONE', *, *, #2175, .F. ) ;
#467 = EDGE_CURVE ( 'NONE', #1861, #4552, #4630, .T. ) ;
#468 = FACE_BOUND ( 'NONE', #2163, .T. ) ;
#469 = ORIENTED_EDGE ( 'NONE', *, *, #3855, .T. ) ;
#470 = DIRECTION ( 'NONE',  ( -0.000000000000000000, -0.000000000000000000, -1.000000000000000000 ) ) ;
#471 = VERTEX_POINT ( 'NONE', #1967 ) ;
#472 = DIRECTION ( 'NONE',  ( 0.7071067811865459074, -8.552234196640313601E-17, 0.7071067811865491270 ) ) ;
#473 = DIRECTION ( 'NONE',  ( -1.000000000000000000, 0.000000000000000000, 0.000000000000000000 ) ) ;
#474 = ORIENTED_EDGE ( 'NONE', *, *, #2633, .F. ) ;
#475 = DIRECTION ( 'NONE',  ( 8.115498896123167176E-15, 0.000000000000000000, 1.000000000000000000 ) ) ;
#476 = EDGE_CURVE ( 'NONE', #1326, #4340, #1381, .T. ) ;
#477 = DIRECTION ( 'NONE',  ( -1.000000000000000000, 0.000000000000000000, 0.000000000000000000 ) ) ;
#478 = DIRECTION ( 'NONE',  ( -0.7071067811865472397, 0.000000000000000000, 0.7071067811865479058 ) ) ;
#479 = DIRECTION ( 'NONE',  ( 0.000000000000000000, 0.000000000000000000, 1.000000000000000000 ) ) ;
#480 = DIRECTION ( 'NONE',  ( 0.7071067811865477948, 0.000000000000000000, 0.7071067811865473507 ) ) ;
#481 = CIRCLE ( 'NONE', #567, 2.100000000000000977 ) ;
#482 = EDGE_CURVE ( 'NONE', #4518, #2884, #2696, .T. ) ;
#483 = ORIENTED_EDGE ( 'NONE', *, *, #1057, .T. ) ;
#484 = DIRECTION ( 'NONE',  ( -1.000000000000000000, 0.000000000000000000, -0.000000000000000000 ) ) ;
#485 = CARTESIAN_POINT ( 'NONE',  ( -9.625000000000000000, -3.424999999999994937, -31.59999999999997655 ) ) ;
#486 = AXIS2_PLACEMENT_3D ( 'NONE', #1063, #2560, #4777 ) ;
#487 = ORIENTED_EDGE ( 'NONE', *, *, #201, .F. ) ;
#488 = CARTESIAN_POINT ( 'NONE',  ( -6.200000000000001066, -2.174999999999998934, -30.59999999999993392 ) ) ;
#489 = ORIENTED_EDGE ( 'NONE', *, *, #3568, .F. ) ;
#490 = ORIENTED_EDGE ( 'NONE', *, *, #4601, .T. ) ;
#491 = AXIS2_PLACEMENT_3D ( 'NONE', #1161, #2634, #429 ) ;
#492 = FACE_OUTER_BOUND ( 'NONE', #3247, .T. ) ;
#493 = ORIENTED_EDGE ( 'NONE', *, *, #2090, .T. ) ;
#494 = VECTOR ( 'NONE', #4206, 1000.000000000000000 ) ;
#495 = ORIENTED_EDGE ( 'NONE', *, *, #4297, .T. ) ;
#496 = DIRECTION ( 'NONE',  ( -1.000000000000000000, 0.000000000000000000, -0.000000000000000000 ) ) ;
#497 = EDGE_CURVE ( 'NONE', #4678, #2246, #2776, .T. ) ;
#498 = VERTEX_POINT ( 'NONE', #2799 ) ;
#499 = PLANE ( 'NONE',  #4667 ) ;
#500 = DIRECTION ( 'NONE',  ( 0.000000000000000000, 1.000000000000000000, 0.000000000000000000 ) ) ;
#501 = CALENDAR_DATE ( 2022, 6, 6 ) ;
#502 = VERTEX_POINT ( 'NONE', #2751 ) ;
#503 = FACE_OUTER_BOUND ( 'NONE', #2319, .T. ) ;
#504 = EDGE_CURVE ( 'NONE', #4099, #3638, #4274, .T. ) ;
#505 = CARTESIAN_POINT ( 'NONE',  ( -0.3999999999999998557, 1.821676962433381952, 6.089970303311147859 ) ) ;
#506 = CARTESIAN_POINT ( 'NONE',  ( 11.97936842241353439, 1.972483239316684234, 5.138999999999997570 ) ) ;
#507 = LINE ( 'NONE', #3464, #1312 ) ;
#508 = LINE ( 'NONE', #4189, #1773 ) ;
#509 = CIRCLE ( 'NONE', #1742, 3.175000000000000266 ) ;
#510 = ORIENTED_EDGE ( 'NONE', *, *, #120, .F. ) ;
#511 = DIRECTION ( 'NONE',  ( -0.7071067811865459074, 7.330486454263124359E-17, -0.7071067811865491270 ) ) ;
#512 = CARTESIAN_POINT ( 'NONE',  ( -0.4980973490458723840, 2.040073290564207831, 2.595422128626172054 ) ) ;
#513 = CIRCLE ( 'NONE', #4224, 3.175000000000000711 ) ;
#514 = EDGE_CURVE ( 'NONE', #3206, #1818, #4225, .T. ) ;
#515 = CARTESIAN_POINT ( 'NONE',  ( 13.09999999999999964, -1.821676962433383062, 6.089970303311149635 ) ) ;
#516 = ORIENTED_EDGE ( 'NONE', *, *, #3505, .F. ) ;
#517 = CIRCLE ( 'NONE', #4073, 2.299999999999999822 ) ;
#518 = DIRECTION ( 'NONE',  ( 1.000000000000000000, 0.000000000000000000, -0.000000000000000000 ) ) ;
#519 = ORIENTED_EDGE ( 'NONE', *, *, #706, .T. ) ;
#520 = ORIENTED_EDGE ( 'NONE', *, *, #3608, .F. ) ;
#521 = VECTOR ( 'NONE', #1342, 1000.000000000000000 ) ;
#522 = CARTESIAN_POINT ( 'NONE',  ( 0.4000000000000001887, 0.000000000000000000, 6.138999999999998458 ) ) ;
#523 = ADVANCED_FACE ( 'NONE', ( #3548 ), #2405, .T. ) ;
#524 = VECTOR ( 'NONE', #2167, 1000.000000000000114 ) ;
#525 = AXIS2_PLACEMENT_3D ( 'NONE', #94, #1883, #1136 ) ;
#526 = EDGE_LOOP ( 'NONE', ( #3648, #395, #45, #4177, #3714, #4528 ) ) ;
#527 = FACE_OUTER_BOUND ( 'NONE', #4447, .T. ) ;
#528 = DIRECTION ( 'NONE',  ( 1.000000000000000000, -1.365923996832131363E-16, 0.000000000000000000 ) ) ;
#529 = DATE_AND_TIME ( #501, #4534 ) ;
#530 = EDGE_CURVE ( 'NONE', #222, #3729, #3161, .T. ) ;
#531 = CIRCLE ( 'NONE', #138, 2.100000000000000977 ) ;
#532 = CARTESIAN_POINT ( 'NONE',  ( 18.89999999999999858, -0.1999999999999996503, -2.000000000000000000 ) ) ;
#533 = VECTOR ( 'NONE', #2763, 1000.000000000000000 ) ;
#534 = DIRECTION ( 'NONE',  ( 1.000000000000000000, 0.000000000000000000, -0.000000000000000000 ) ) ;
#535 = DIRECTION ( 'NONE',  ( 0.000000000000000000, 0.000000000000000000, 1.000000000000000000 ) ) ;
#536 = ADVANCED_FACE ( 'NONE', ( #2018 ), #2433, .T. ) ;
#537 = CARTESIAN_POINT ( 'NONE',  ( 12.69999999999999929, -0.8890000000000000124, -12.69999999999999929 ) ) ;
#538 = DIRECTION ( 'NONE',  ( 1.209468558947973047E-16, 1.000000000000000000, 0.000000000000000000 ) ) ;
#539 = ORIENTED_EDGE ( 'NONE', *, *, #1362, .F. ) ;
#540 = CARTESIAN_POINT ( 'NONE',  ( 12.69999999999999929, -5.460999999999999410, -12.69999999999999929 ) ) ;
#541 = CARTESIAN_POINT ( 'NONE',  ( -5.200000000000000178, -45.00940607636245261, -20.59558441227150993 ) ) ;
#542 = CARTESIAN_POINT ( 'NONE',  ( 12.69999999999999929, 0.000000000000000000, 0.8890000000000009006 ) ) ;
#543 = VECTOR ( 'NONE', #1263, 1000.000000000000000 ) ;
#544 = ORIENTED_EDGE ( 'NONE', *, *, #2145, .T. ) ;
#545 = VECTOR ( 'NONE', #4240, 1000.000000000000000 ) ;
#546 = CARTESIAN_POINT ( 'NONE',  ( -5.068629150101461533, -6.200000000000000178, -19.04999999999999361 ) ) ;
#547 = ORIENTED_EDGE ( 'NONE', *, *, #4056, .T. ) ;
#548 = ORIENTED_EDGE ( 'NONE', *, *, #2066, .F. ) ;
#549 = DIRECTION ( 'NONE',  ( 1.195183497228115281E-16, 1.000000000000000000, 0.000000000000000000 ) ) ;
#550 = CARTESIAN_POINT ( 'NONE',  ( -2.630594115711841125E-16, -0.8890000000000000124, -12.69999999999999929 ) ) ;
#551 = ORIENTED_EDGE ( 'NONE', *, *, #3505, .T. ) ;
#552 = DIRECTION ( 'NONE',  ( 1.000000000000000000, 0.000000000000000000, 0.000000000000000000 ) ) ;
#553 = DIRECTION ( 'NONE',  ( 0.000000000000000000, 0.000000000000000000, 1.000000000000000000 ) ) ;
#554 = APPROVAL_STATUS ( 'not_yet_approved' ) ;
#555 = EDGE_CURVE ( 'NONE', #3910, #1078, #1350, .T. ) ;
#556 = FACE_BOUND ( 'NONE', #3706, .T. ) ;
#557 = CARTESIAN_POINT ( 'NONE',  ( -2.630594115710311721E-16, -4.174999999999998046, -25.39999999999999858 ) ) ;
#558 = DIRECTION ( 'NONE',  ( 1.000000000000000000, 0.000000000000000000, 0.000000000000000000 ) ) ;
#559 = CARTESIAN_POINT ( 'NONE',  ( -0.4871798639138819054, 2.042738866564660416, 2.470634702552896744 ) ) ;
#560 = ORIENTED_EDGE ( 'NONE', *, *, #4562, .F. ) ;
#561 = CARTESIAN_POINT ( 'NONE',  ( -5.200000000000000178, -45.00940607636245261, -17.50441558772836714 ) ) ;
#562 = PLANE ( 'NONE',  #2114 ) ;
#563 = ADVANCED_FACE ( 'NONE', ( #2332 ), #3817, .F. ) ;
#564 = DIRECTION ( 'NONE',  ( -0.000000000000000000, -0.000000000000000000, -1.000000000000000000 ) ) ;
#565 = ORIENTED_EDGE ( 'NONE', *, *, #2414, .T. ) ;
#566 = EDGE_CURVE ( 'NONE', #607, #415, #322, .T. ) ;
#567 = AXIS2_PLACEMENT_3D ( 'NONE', #4672, #2350, #1628 ) ;
#568 = ADVANCED_FACE ( 'NONE', ( #3595 ), #303, .T. ) ;
#569 = CARTESIAN_POINT ( 'NONE',  ( 0.000000000000000000, 0.000000000000000000, 5.523072258617638397 ) ) ;
#570 = ORIENTED_EDGE ( 'NONE', *, *, #1816, .F. ) ;
#571 = ORIENTED_EDGE ( 'NONE', *, *, #2548, .F. ) ;
#572 = TOROIDAL_SURFACE ( 'NONE', #4583, 1.554966049364602254, 0.7500000000000000000 ) ;
#573 = DIRECTION ( 'NONE',  ( -0.000000000000000000, 1.000000000000000000, -0.000000000000000000 ) ) ;
#574 = DIRECTION ( 'NONE',  ( -1.000000000000000000, 0.000000000000000000, 0.000000000000000000 ) ) ;
#575 = AXIS2_PLACEMENT_3D ( 'NONE', #4394, #4368, #261 ) ;
#576 = ORIENTED_EDGE ( 'NONE', *, *, #61, .T. ) ;
#577 = DIRECTION ( 'NONE',  ( 0.000000000000000000, 0.000000000000000000, 1.000000000000000000 ) ) ;
#578 = EDGE_CURVE ( 'NONE', #2178, #4359, #2112, .T. ) ;
#579 = APPROVAL_DATE_TIME ( #529, #3522 ) ;
#580 = PLANE ( 'NONE',  #1110 ) ;
#581 = CARTESIAN_POINT ( 'NONE',  ( 12.69999999999999929, -5.460999999999999410, -12.69999999999999929 ) ) ;
#582 = CARTESIAN_POINT ( 'NONE',  ( 0.000000000000000000, 0.000000000000000000, 0.000000000000000000 ) ) ;
#583 = FACE_OUTER_BOUND ( 'NONE', #3223, .T. ) ;
#584 = ORIENTED_EDGE ( 'NONE', *, *, #514, .T. ) ;
#585 = FACE_BOUND ( 'NONE', #3533, .T. ) ;
#586 = DIRECTION ( 'NONE',  ( 0.000000000000000000, -1.000000000000000000, 0.000000000000000000 ) ) ;
#587 = CARTESIAN_POINT ( 'NONE',  ( -2.630594115711841125E-16, -0.8890000000000000124, -12.69999999999999929 ) ) ;
#588 = ORIENTED_EDGE ( 'NONE', *, *, #2261, .F. ) ;
#589 = EDGE_CURVE ( 'NONE', #1631, #4108, #4389, .T. ) ;
#590 = VECTOR ( 'NONE', #1002, 1000.000000000000000 ) ;
#591 = LINE ( 'NONE', #2058, #277 ) ;
#592 = ORIENTED_EDGE ( 'NONE', *, *, #1273, .T. ) ;
#593 = ORIENTED_EDGE ( 'NONE', *, *, #421, .F. ) ;
#594 = CARTESIAN_POINT ( 'NONE',  ( 6.350000000000000533, -0.8890000000000000124, -19.04999999999999716 ) ) ;
#595 = DIRECTION ( 'NONE',  ( -0.000000000000000000, 1.000000000000000000, -0.000000000000000000 ) ) ;
#596 = ORIENTED_EDGE ( 'NONE', *, *, #2769, .F. ) ;
#597 = VECTOR ( 'NONE', #4097, 1000.000000000000114 ) ;
#598 = DIRECTION ( 'NONE',  ( -0.08715574274765176821, 0.000000000000000000, -0.9961946980917461003 ) ) ;
#599 = CIRCLE ( 'NONE', #2214, 2.100000000000000977 ) ;
#600 = AXIS2_PLACEMENT_3D ( 'NONE', #1597, #3046, #4473 ) ;
#601 = LOCAL_TIME ( 14, 8, 2.000000000000000000, #2338 ) ;
#602 = CARTESIAN_POINT ( 'NONE',  ( 12.69999999999999929, -6.201024999999999565, -23.29999999999999716 ) ) ;
#603 = CARTESIAN_POINT ( 'NONE',  ( -2.630594115711841125E-16, -0.8890000000000000124, -28.57499999999999929 ) ) ;
#604 = CIRCLE ( 'NONE', #2067, 3.174999999999999822 ) ;
#605 = CARTESIAN_POINT ( 'NONE',  ( 6.350000000000000533, -5.460999999999999410, -22.22499999999999787 ) ) ;
#606 = LINE ( 'NONE', #626, #2389 ) ;
#607 = VERTEX_POINT ( 'NONE', #4326 ) ;
#608 = DIRECTION ( 'NONE',  ( 0.000000000000000000, 0.000000000000000000, 1.000000000000000000 ) ) ;
#609 = CARTESIAN_POINT ( 'NONE',  ( -5.200000000000000178, -2.174999999999996270, -17.50441558772836714 ) ) ;
#610 = VERTEX_POINT ( 'NONE', #2911 ) ;
#611 = AXIS2_PLACEMENT_3D ( 'NONE', #2040, #1682, #1279 ) ;
#612 = CARTESIAN_POINT ( 'NONE',  ( -2.630594115711841125E-16, -5.460999999999999410, -25.39999999999999858 ) ) ;
#613 = AXIS2_PLACEMENT_3D ( 'NONE', #3048, #4523, #2077 ) ;
#614 = ORIENTED_EDGE ( 'NONE', *, *, #2346, .F. ) ;
#615 = EDGE_CURVE ( 'NONE', #1609, #4454, #1797, .T. ) ;
#616 = EDGE_LOOP ( 'NONE', ( #1873, #2091, #2822, #3074, #1419, #1327, #1534, #1059, #1212, #1226, #3733, #1343, #2477, #3331, #1281 ) ) ;
#617 = CIRCLE ( 'NONE', #3314, 3.175000000000000711 ) ;
#618 = CARTESIAN_POINT ( 'NONE',  ( -0.7206315775864664541, -3.174999999999999822, 5.138999999999997570 ) ) ;
#619 = CARTESIAN_POINT ( 'NONE',  ( 6.505213034913026604E-16, -3.174999999999999822, 2.638999999999998902 ) ) ;
#620 = ORIENTED_EDGE ( 'NONE', *, *, #696, .F. ) ;
#621 = DIRECTION ( 'NONE',  ( -0.000000000000000000, -1.000000000000000000, -0.000000000000000000 ) ) ;
#622 = ADVANCED_FACE ( 'NONE', ( #4679 ), #4741, .T. ) ;
#623 = DIRECTION ( 'NONE',  ( -0.000000000000000000, 1.000000000000000000, -0.000000000000000000 ) ) ;
#624 = DIRECTION ( 'NONE',  ( 1.000000000000000000, 0.000000000000000000, 0.000000000000000000 ) ) ;
#625 = FACE_OUTER_BOUND ( 'NONE', #4067, .T. ) ;
#626 = CARTESIAN_POINT ( 'NONE',  ( -6.200000000000002842, -45.00940607636245261, -25.39999999999999858 ) ) ;
#627 = ORIENTED_EDGE ( 'NONE', *, *, #4293, .T. ) ;
#628 = CARTESIAN_POINT ( 'NONE',  ( 0.000000000000000000, 0.000000000000000000, 5.438999999999999169 ) ) ;
#629 = CARTESIAN_POINT ( 'NONE',  ( 12.69999999999999929, -6.201024999999999565, -14.80000000000000071 ) ) ;
#630 = DIRECTION ( 'NONE',  ( -1.084202172485504434E-16, 0.000000000000000000, -1.000000000000000000 ) ) ;
#631 = CARTESIAN_POINT ( 'NONE',  ( 0.000000000000000000, 0.000000000000000000, 5.620762745781209269 ) ) ;
#632 = ORIENTED_EDGE ( 'NONE', *, *, #4015, .F. ) ;
#633 = ORIENTED_EDGE ( 'NONE', *, *, #670, .T. ) ;
#634 = EDGE_CURVE ( 'NONE', #4313, #1198, #4764, .T. ) ;
#635 = DIRECTION ( 'NONE',  ( -0.000000000000000000, 1.000000000000000000, -0.000000000000000000 ) ) ;
#636 = ORIENTED_EDGE ( 'NONE', *, *, #2699, .T. ) ;
#637 = VERTEX_POINT ( 'NONE', #1398 ) ;
#638 = AXIS2_PLACEMENT_3D ( 'NONE', #2886, #635, #702 ) ;
#639 = LINE ( 'NONE', #3253, #1541 ) ;
#640 = FACE_OUTER_BOUND ( 'NONE', #2252, .T. ) ;
#641 = AXIS2_PLACEMENT_3D ( 'NONE', #2679, #4158, #1160 ) ;
#642 = ORIENTED_EDGE ( 'NONE', *, *, #2682, .F. ) ;
#643 = CIRCLE ( 'NONE', #4420, 3.175000000000000711 ) ;
#644 = CARTESIAN_POINT ( 'NONE',  ( 12.69999999999999929, -0.8890000000000000124, -25.39999999999999858 ) ) ;
#645 = CIRCLE ( 'NONE', #3972, 3.175000000000000711 ) ;
#646 = EDGE_CURVE ( 'NONE', #3393, #1481, #1458, .T. ) ;
#647 = VECTOR ( 'NONE', #3987, 1000.000000000000000 ) ;
#648 = CARTESIAN_POINT ( 'NONE',  ( 12.69999999999999929, -2.174999999999996270, -25.39999999999999858 ) ) ;
#649 = CARTESIAN_POINT ( 'NONE',  ( 12.69999999999999929, 0.000000000000000000, 5.139000000000004675 ) ) ;
#650 = VECTOR ( 'NONE', #4292, 1000.000000000000000 ) ;
#651 = LINE ( 'NONE', #1852, #1061 ) ;
#652 = ORIENTED_EDGE ( 'NONE', *, *, #307, .T. ) ;
#653 = DIRECTION ( 'NONE',  ( 0.000000000000000000, 0.000000000000000000, 1.000000000000000000 ) ) ;
#654 = LINE ( 'NONE', #2124, #3194 ) ;
#655 = CARTESIAN_POINT ( 'NONE',  ( 12.30000000000000071, 2.254205848354697839, 5.555636450100674750 ) ) ;
#656 = DIRECTION ( 'NONE',  ( -0.000000000000000000, 1.000000000000000000, -0.000000000000000000 ) ) ;
#657 = ORIENTED_EDGE ( 'NONE', *, *, #1752, .T. ) ;
#658 = ORIENTED_EDGE ( 'NONE', *, *, #188, .F. ) ;
#659 = DIRECTION ( 'NONE',  ( -0.7071067811865486830, 0.000000000000000000, 0.7071067811865464625 ) ) ;
#660 = EDGE_CURVE ( 'NONE', #2211, #4525, #1236, .T. ) ;
#661 = ORIENTED_EDGE ( 'NONE', *, *, #3780, .F. ) ;
#662 = ORIENTED_EDGE ( 'NONE', *, *, #4275, .F. ) ;
#663 = DIRECTION ( 'NONE',  ( -0.000000000000000000, 1.000000000000000000, -0.000000000000000000 ) ) ;
#664 = CARTESIAN_POINT ( 'NONE',  ( 0.5734863112436890953, -2.021666578221207988, 3.457121909598164233 ) ) ;
#665 = EDGE_LOOP ( 'NONE', ( #751, #2013, #2042, #3629 ) ) ;
#666 = AXIS2_PLACEMENT_3D ( 'NONE', #569, #935, #4322 ) ;
#667 = ADVANCED_FACE ( 'NONE', ( #1437 ), #4028, .F. ) ;
#668 = CIRCLE ( 'NONE', #1902, 3.175000000000000711 ) ;
#669 = CARTESIAN_POINT ( 'NONE',  ( -2.630594115711841125E-16, -5.460999999999999410, -25.39999999999999858 ) ) ;
#670 = EDGE_CURVE ( 'NONE', #34, #637, #4364, .T. ) ;
#671 = DIRECTION ( 'NONE',  ( 0.000000000000000000, 1.355252715606880543E-17, 1.000000000000000000 ) ) ;
#672 = CARTESIAN_POINT ( 'NONE',  ( -5.199999999999998401, -0.1999999999999996503, -25.39999999999999858 ) ) ;
#673 = AXIS2_PLACEMENT_3D ( 'NONE', #542, #386, #2220 ) ;
#674 = EDGE_LOOP ( 'NONE', ( #1348, #392, #3588, #1654 ) ) ;
#675 = FACE_OUTER_BOUND ( 'NONE', #3224, .T. ) ;
#676 = DIRECTION ( 'NONE',  ( 1.000000000000000000, 0.000000000000000000, 0.000000000000000000 ) ) ;
#677 = AXIS2_PLACEMENT_3D ( 'NONE', #835, #1567, #473 ) ;
#678 = CARTESIAN_POINT ( 'NONE',  ( 13.09999999999999964, -2.264950330581225746, 5.523072258617638397 ) ) ;
#679 = PLANE ( 'NONE',  #2455 ) ;
#680 = ORIENTED_EDGE ( 'NONE', *, *, #2066, .T. ) ;
#681 = VERTEX_POINT ( 'NONE', #4385 ) ;
#682 = VECTOR ( 'NONE', #705, 1000.000000000000000 ) ;
#683 = LINE ( 'NONE', #319, #3574 ) ;
#684 = ORIENTED_EDGE ( 'NONE', *, *, #4577, .T. ) ;
#685 = ORIENTED_EDGE ( 'NONE', *, *, #1208, .F. ) ;
#686 = EDGE_CURVE ( 'NONE', #1220, #4716, #2478, .T. ) ;
#687 = CARTESIAN_POINT ( 'NONE',  ( -2.630594115711841125E-16, -5.460999999999999410, -25.39999999999999858 ) ) ;
#688 = AXIS2_PLACEMENT_3D ( 'NONE', #3793, #470, #3718 ) ;
#689 = DIRECTION ( 'NONE',  ( -1.299846859515564880E-14, 0.000000000000000000, -1.000000000000000000 ) ) ;
#690 = EDGE_LOOP ( 'NONE', ( #347, #2545 ) ) ;
#691 = EDGE_CURVE ( 'NONE', #4398, #4128, #639, .T. ) ;
#692 = DIRECTION ( 'NONE',  ( 0.000000000000000000, 0.000000000000000000, 1.000000000000000000 ) ) ;
#693 = CARTESIAN_POINT ( 'NONE',  ( -2.630594115711841125E-16, -0.8890000000000000124, -25.39999999999999858 ) ) ;
#694 = ORIENTED_EDGE ( 'NONE', *, *, #3905, .F. ) ;
#695 = DIRECTION ( 'NONE',  ( -0.000000000000000000, -1.000000000000000000, -0.000000000000000000 ) ) ;
#696 = EDGE_CURVE ( 'NONE', #866, #2946, #4719, .T. ) ;
#697 = CARTESIAN_POINT ( 'NONE',  ( 0.3999999999999999667, -3.174999999999999822, 5.139000000000001123 ) ) ;
#698 = DIRECTION ( 'NONE',  ( 0.000000000000000000, 1.000000000000000000, 0.000000000000000000 ) ) ;
#699 = ORIENTED_EDGE ( 'NONE', *, *, #1391, .T. ) ;
#700 = FACE_OUTER_BOUND ( 'NONE', #2762, .T. ) ;
#701 = EDGE_CURVE ( 'NONE', #4301, #4295, #345, .T. ) ;
#702 = DIRECTION ( 'NONE',  ( 0.000000000000000000, 0.000000000000000000, 1.000000000000000000 ) ) ;
#703 = ORIENTED_EDGE ( 'NONE', *, *, #4353, .T. ) ;
#704 = VERTEX_POINT ( 'NONE', #2547 ) ;
#705 = DIRECTION ( 'NONE',  ( -1.000000000000000000, -0.000000000000000000, -0.000000000000000000 ) ) ;
#706 = EDGE_CURVE ( 'NONE', #288, #4628, #3083, .T. ) ;
#707 = CARTESIAN_POINT ( 'NONE',  ( 13.19809734904587195, 2.040073290564206943, 2.595422128626172054 ) ) ;
#708 = LINE ( 'NONE', #323, #256 ) ;
#709 = EDGE_LOOP ( 'NONE', ( #3836, #3431, #156, #1251 ) ) ;
#710 = B_SPLINE_CURVE_WITH_KNOTS ( 'NONE', 3,
 ( #2034, #3562, #4622, #2104 ),
 .UNSPECIFIED., .F., .F.,
 ( 4, 4 ),
 ( 0.003655977453372196047, 0.003758849537120531516 ),
 .UNSPECIFIED. ) ;
#711 = VECTOR ( 'NONE', #3609, 1000.000000000000000 ) ;
#712 = ORIENTED_EDGE ( 'NONE', *, *, #4055, .F. ) ;
#713 = EDGE_CURVE ( 'NONE', #1789, #3027, #3937, .T. ) ;
#714 = LINE ( 'NONE', #2188, #3510 ) ;
#715 = FACE_BOUND ( 'NONE', #727, .T. ) ;
#716 = LINE ( 'NONE', #3672, #3622 ) ;
#717 = VECTOR ( 'NONE', #477, 1000.000000000000000 ) ;
#718 = ORIENTED_EDGE ( 'NONE', *, *, #3656, .T. ) ;
#719 = LINE ( 'NONE', #2582, #1776 ) ;
#720 = VECTOR ( 'NONE', #3945, 1000.000000000000000 ) ;
#721 = LINE ( 'NONE', #2194, #3507 ) ;
#722 = DIRECTION ( 'NONE',  ( 0.000000000000000000, 1.000000000000000000, 0.000000000000000000 ) ) ;
#723 = EDGE_LOOP ( 'NONE', ( #1477, #417, #3544, #1142 ) ) ;
#724 = CARTESIAN_POINT ( 'NONE',  ( 18.89999999999999858, 6.200000000000000178, -2.000000000000000000 ) ) ;
#725 = EDGE_CURVE ( 'NONE', #1326, #2848, #3075, .T. ) ;
#726 = DIRECTION ( 'NONE',  ( 0.000000000000000000, 0.000000000000000000, 1.000000000000000000 ) ) ;
#727 = EDGE_LOOP ( 'NONE', ( #547, #1770 ) ) ;
#728 = CARTESIAN_POINT ( 'NONE',  ( 12.69999999999999929, -5.460999999999999410, -25.39999999999999858 ) ) ;
#729 = ORIENTED_EDGE ( 'NONE', *, *, #3182, .T. ) ;
#730 = EDGE_CURVE ( 'NONE', #1145, #2774, #1462, .T. ) ;
#731 = CARTESIAN_POINT ( 'NONE',  ( -0.7206315775864664541, -1.972483239316685122, 5.138999999999997570 ) ) ;
#732 = CARTESIAN_POINT ( 'NONE',  ( 15.87500000000000000, 0.000000000000000000, 0.8890000000000009006 ) ) ;
#733 = ORIENTED_EDGE ( 'NONE', *, *, #3814, .T. ) ;
#734 = DIRECTION ( 'NONE',  ( -0.000000000000000000, -1.000000000000000000, -0.000000000000000000 ) ) ;
#735 = ORIENTED_EDGE ( 'NONE', *, *, #1208, .T. ) ;
#736 = CARTESIAN_POINT ( 'NONE',  ( 17.89999999999999858, -6.199999999999997513, -17.50441558772836714 ) ) ;
#737 = CARTESIAN_POINT ( 'NONE',  ( 0.4000000000000001887, -2.232710535457612888, 5.620762745781209269 ) ) ;
#738 = CARTESIAN_POINT ( 'NONE',  ( -3.654415587728433223, -6.199999999999997513, -19.04999999999993676 ) ) ;
#739 = AXIS2_PLACEMENT_3D ( 'NONE', #3863, #178, #3108 ) ;
#740 = ORIENTED_EDGE ( 'NONE', *, *, #4495, .F. ) ;
#741 = CARTESIAN_POINT ( 'NONE',  ( 13.19809734904587195, -3.174999999999998934, 2.595422128626172054 ) ) ;
#742 = DIRECTION ( 'NONE',  ( -0.000000000000000000, 1.000000000000000000, -0.000000000000000000 ) ) ;
#743 = CARTESIAN_POINT ( 'NONE',  ( -0.3999999999999999112, -2.081805041010027946, 5.906940355987363667 ) ) ;
#744 = VECTOR ( 'NONE', #953, 1000.000000000000000 ) ;
#745 = VERTEX_POINT ( 'NONE', #393 ) ;
#746 = CARTESIAN_POINT ( 'NONE',  ( 2.978334981051645070, 6.200000000000000178, 0.000000000000000000 ) ) ;
#747 = CIRCLE ( 'NONE', #4690, 2.100000000000000977 ) ;
#748 = DIRECTION ( 'NONE',  ( 1.000000000000000000, 0.000000000000000000, -1.444274288350627250E-15 ) ) ;
#749 = VERTEX_POINT ( 'NONE', #1843 ) ;
#750 = LINE ( 'NONE', #2589, #1297 ) ;
#751 = ORIENTED_EDGE ( 'NONE', *, *, #670, .F. ) ;
#752 = AXIS2_PLACEMENT_3D ( 'NONE', #990, #1055, #1444 ) ;
#753 = CARTESIAN_POINT ( 'NONE',  ( 0.000000000000000000, 0.000000000000000000, 5.438999999999999169 ) ) ;
#754 = LINE ( 'NONE', #1050, #1869 ) ;
#755 = AXIS2_PLACEMENT_3D ( 'NONE', #223, #3514, #653 ) ;
#756 = ORIENTED_EDGE ( 'NONE', *, *, #691, .F. ) ;
#757 = CARTESIAN_POINT ( 'NONE',  ( 12.69999999999999929, -45.00940607636245261, -25.39999999999999858 ) ) ;
#758 = ORIENTED_EDGE ( 'NONE', *, *, #4591, .F. ) ;
#759 = AXIS2_PLACEMENT_3D ( 'NONE', #3410, #4547, #1956 ) ;
#760 = CARTESIAN_POINT ( 'NONE',  ( 16.35441558772843251, -0.1999999999999996503, -19.04999999999993676 ) ) ;
#761 = CYLINDRICAL_SURFACE ( 'NONE', #677, 2.100000000000000089 ) ;
#762 = DIRECTION ( 'NONE',  ( 1.000000000000000000, 0.000000000000000000, 0.000000000000000000 ) ) ;
#763 = ADVANCED_FACE ( 'NONE', ( #3832 ), #4571, .F. ) ;
#764 = ORIENTED_EDGE ( 'NONE', *, *, #1334, .F. ) ;
#765 = VECTOR ( 'NONE', #2593, 999.9999999999998863 ) ;
#766 = CARTESIAN_POINT ( 'NONE',  ( 12.69999999999999929, -0.8890000000000000124, -25.39999999999999858 ) ) ;
#767 = EDGE_CURVE ( 'NONE', #3206, #2643, #3318, .T. ) ;
#768 = DIRECTION ( 'NONE',  ( 0.000000000000000000, 0.000000000000000000, -1.000000000000000000 ) ) ;
#769 = DIRECTION ( 'NONE',  ( 0.000000000000000000, 0.000000000000000000, 1.000000000000000000 ) ) ;
#770 = ORIENTED_EDGE ( 'NONE', *, *, #2909, .F. ) ;
#771 = DIRECTION ( 'NONE',  ( 1.000000000000000000, -1.365923996832131609E-16, 8.195543980992789655E-16 ) ) ;
#772 = PLANE ( 'NONE',  #956 ) ;
#773 = ORIENTED_EDGE ( 'NONE', *, *, #854, .F. ) ;
#774 = EDGE_CURVE ( 'NONE', #415, #4184, #3715, .T. ) ;
#775 = PLANE ( 'NONE',  #3611 ) ;
#776 = EDGE_LOOP ( 'NONE', ( #1702, #1717, #1920, #4429 ) ) ;
#777 = ORIENTED_EDGE ( 'NONE', *, *, #2175, .T. ) ;
#778 = CARTESIAN_POINT ( 'NONE',  ( -2.630594115711841125E-16, -5.460999999999999410, -12.69999999999999929 ) ) ;
#779 = VERTEX_POINT ( 'NONE', #148 ) ;
#780 = LINE ( 'NONE', #3741, #1619 ) ;
#781 = EDGE_CURVE ( 'NONE', #4502, #471, #1697, .T. ) ;
#782 = ORIENTED_EDGE ( 'NONE', *, *, #3219, .F. ) ;
#783 = DIRECTION ( 'NONE',  ( 0.000000000000000000, 0.000000000000000000, -1.000000000000000000 ) ) ;
#784 = CARTESIAN_POINT ( 'NONE',  ( -0.3999999999999999667, 2.061552812808830293, 5.438999999999999169 ) ) ;
#785 = DIRECTION ( 'NONE',  ( 0.000000000000000000, 0.000000000000000000, 1.000000000000000000 ) ) ;
#786 = EDGE_CURVE ( 'NONE', #1296, #3052, #2348, .T. ) ;
#787 = VECTOR ( 'NONE', #305, 1000.000000000000000 ) ;
#788 = ORIENTED_EDGE ( 'NONE', *, *, #3029, .T. ) ;
#789 = AXIS2_PLACEMENT_3D ( 'NONE', #3002, #3440, #1167 ) ;
#790 = DIRECTION ( 'NONE',  ( -1.299846859515564880E-14, 1.347534778312575830E-30, -1.000000000000000000 ) ) ;
#791 = DIRECTION ( 'NONE',  ( -0.000000000000000000, 1.000000000000000000, -0.000000000000000000 ) ) ;
#792 = AXIS2_PLACEMENT_3D ( 'NONE', #2949, #1475, #2927 ) ;
#793 = DIRECTION ( 'NONE',  ( 0.000000000000000000, -0.000000000000000000, 1.000000000000000000 ) ) ;
#794 = VERTEX_POINT ( 'NONE', #2981 ) ;
#795 = CYLINDRICAL_SURFACE ( 'NONE', #3933, 2.100000000000000977 ) ;
#796 = CARTESIAN_POINT ( 'NONE',  ( 12.69999999999999929, 0.000000000000000000, 5.523072258617638397 ) ) ;
#797 = DIRECTION ( 'NONE',  ( -0.7071067811865474617, 8.552234196640332090E-17, 0.7071067811865474617 ) ) ;
#798 = ORIENTED_EDGE ( 'NONE', *, *, #2806, .T. ) ;
#799 = LINE ( 'NONE', #822, #3763 ) ;
#800 = ORIENTED_EDGE ( 'NONE', *, *, #4512, .F. ) ;
#801 = EDGE_LOOP ( 'NONE', ( #4239, #2009, #4061, #2435 ) ) ;
#802 = EDGE_CURVE ( 'NONE', #3882, #2567, #3101, .T. ) ;
#803 = FACE_BOUND ( 'NONE', #4410, .T. ) ;
#804 = VERTEX_POINT ( 'NONE', #1267 ) ;
#805 = FACE_OUTER_BOUND ( 'NONE', #4004, .T. ) ;
#806 = ORIENTED_EDGE ( 'NONE', *, *, #3433, .F. ) ;
#807 = DIRECTION ( 'NONE',  ( -0.000000000000000000, -0.000000000000000000, -1.000000000000000000 ) ) ;
#808 = LINE ( 'NONE', #3698, #2847 ) ;
#809 = EDGE_CURVE ( 'NONE', #1093, #471, #3110, .T. ) ;
#810 = VERTEX_POINT ( 'NONE', #1147 ) ;
#811 = CARTESIAN_POINT ( 'NONE',  ( -6.200000000000002842, -0.1999999999999996503, -25.39999999999999858 ) ) ;
#812 = EDGE_CURVE ( 'NONE', #4301, #4650, #2229, .T. ) ;
#813 = CARTESIAN_POINT ( 'NONE',  ( 6.350000000000002309, -0.8890000000000000124, -6.349999999999997868 ) ) ;
#814 = AXIS2_PLACEMENT_3D ( 'NONE', #778, #1608, #1148 ) ;
#815 = PLANE ( 'NONE',  #3765 ) ;
#816 = CARTESIAN_POINT ( 'NONE',  ( -6.226320535179879527E-14, -0.1999999999999996503, -30.59999999999993392 ) ) ;
#817 = FACE_OUTER_BOUND ( 'NONE', #3315, .T. ) ;
#818 = ADVANCED_FACE ( 'NONE', ( #2959 ), #3554, .T. ) ;
#819 = DIRECTION ( 'NONE',  ( 1.000000000000000000, -1.036687336241119596E-16, -1.444274288350627250E-15 ) ) ;
#820 = CIRCLE ( 'NONE', #3921, 2.268258436585968152 ) ;
#821 = ORIENTED_EDGE ( 'NONE', *, *, #4729, .T. ) ;
#822 = CARTESIAN_POINT ( 'NONE',  ( -5.200000000000000178, -6.199999999999997513, -17.50441558772836714 ) ) ;
#823 = ORIENTED_EDGE ( 'NONE', *, *, #936, .T. ) ;
#824 = ORIENTED_EDGE ( 'NONE', *, *, #4665, .F. ) ;
#825 = DIRECTION ( 'NONE',  ( -0.000000000000000000, 1.000000000000000000, -0.000000000000000000 ) ) ;
#826 = ORIENTED_EDGE ( 'NONE', *, *, #4077, .T. ) ;
#827 = LOCAL_TIME ( 14, 8, 2.000000000000000000, #3846 ) ;
#828 = VECTOR ( 'NONE', #1202, 1000.000000000000000 ) ;
#829 = DIRECTION ( 'NONE',  ( -0.000000000000000000, 1.000000000000000000, -0.000000000000000000 ) ) ;
#830 = VECTOR ( 'NONE', #3170, 1000.000000000000114 ) ;
#831 = ORIENTED_EDGE ( 'NONE', *, *, #3055, .F. ) ;
#832 = LINE ( 'NONE', #1850, #4430 ) ;
#833 = EDGE_CURVE ( 'NONE', #1427, #3444, #2371, .T. ) ;
#834 = AXIS2_PLACEMENT_3D ( 'NONE', #2063, #3181, #4653 ) ;
#835 = CARTESIAN_POINT ( 'NONE',  ( 0.000000000000000000, 0.000000000000000000, 5.438999999999999169 ) ) ;
#836 = FACE_OUTER_BOUND ( 'NONE', #907, .T. ) ;
#837 = ORIENTED_EDGE ( 'NONE', *, *, #4661, .T. ) ;
#838 = LINE ( 'NONE', #1595, #3038 ) ;
#839 = CIRCLE ( 'NONE', #4471, 0.7499999999999997780 ) ;
#840 = DIRECTION ( 'NONE',  ( 0.000000000000000000, 1.000000000000000000, 0.000000000000000000 ) ) ;
#841 = FACE_OUTER_BOUND ( 'NONE', #147, .T. ) ;
#842 = PLANE ( 'NONE',  #2694 ) ;
#843 = CARTESIAN_POINT ( 'NONE',  ( 12.30000000000000071, -2.254205848354697839, 5.555636450100673862 ) ) ;
#844 = AXIS2_PLACEMENT_3D ( 'NONE', #196, #4335, #1360 ) ;
#845 = VERTEX_POINT ( 'NONE', #4549 ) ;
#846 = DIRECTION ( 'NONE',  ( 1.000000000000000000, 0.000000000000000000, 0.000000000000000000 ) ) ;
#847 = EDGE_CURVE ( 'NONE', #4619, #794, #4457, .T. ) ;
#848 = CARTESIAN_POINT ( 'NONE',  ( 0.4871798639138836262, -2.042738866564660416, 2.470634702552897188 ) ) ;
#849 = ORIENTED_EDGE ( 'NONE', *, *, #279, .F. ) ;
#850 = APPLICATION_CONTEXT ( 'configuration controlled 3d designs of mechanical parts and assemblies' ) ;
#851 = CARTESIAN_POINT ( 'NONE',  ( 10.60012705463137550, 0.000000000000000000, 6.138999999999998458 ) ) ;
#852 = ORIENTED_EDGE ( 'NONE', *, *, #2761, .F. ) ;
#853 = VERTEX_POINT ( 'NONE', #1865 ) ;
#854 = EDGE_CURVE ( 'NONE', #1868, #2403, #2224, .T. ) ;
#855 = FACE_OUTER_BOUND ( 'NONE', #265, .T. ) ;
#856 = ORIENTED_EDGE ( 'NONE', *, *, #4773, .F. ) ;
#857 = EDGE_CURVE ( 'NONE', #4086, #300, #4697, .T. ) ;
#858 = EDGE_LOOP ( 'NONE', ( #596, #1663, #1192, #3766 ) ) ;
#859 = EDGE_CURVE ( 'NONE', #908, #2060, #1613, .T. ) ;
#860 = DIRECTION ( 'NONE',  ( -1.195183497228115281E-16, -1.000000000000000000, 0.000000000000000000 ) ) ;
#861 = VERTEX_POINT ( 'NONE', #4191 ) ;
#862 =( BOUNDED_CURVE ( )  B_SPLINE_CURVE ( 3, ( #3044, #405, #1549, #2285 ),
 .UNSPECIFIED., .F., .F. ) 
 B_SPLINE_CURVE_WITH_KNOTS ( ( 4, 4 ),
 ( 1.810267798689539021, 1.921073213463466933 ),
 .UNSPECIFIED. ) 
 CURVE ( )  GEOMETRIC_REPRESENTATION_ITEM ( )  RATIONAL_B_SPLINE_CURVE ( ( 1.000000000000000000, 0.9989771083553060649, 0.9989771083553060649, 1.000000000000000000 ) ) 
 REPRESENTATION_ITEM ( '' )  );
#863 = DIRECTION ( 'NONE',  ( 0.000000000000000000, -0.000000000000000000, 1.000000000000000000 ) ) ;
#864 = CARTESIAN_POINT ( 'NONE',  ( 12.69999999999999929, -0.8890000000000000124, -12.69999999999999929 ) ) ;
#865 = CARTESIAN_POINT ( 'NONE',  ( 0.4000000000000000222, 1.820969194338324160, 6.090132639966192585 ) ) ;
#866 = VERTEX_POINT ( 'NONE', #731 ) ;
#867 = CARTESIAN_POINT ( 'NONE',  ( 0.000000000000000000, 0.000000000000000000, 5.139000000000004675 ) ) ;
#868 = EDGE_CURVE ( 'NONE', #2517, #4398, #2203, .T. ) ;
#869 = CARTESIAN_POINT ( 'NONE',  ( -2.630594115711841125E-16, -0.8890000000000000124, -12.69999999999999929 ) ) ;
#870 = CARTESIAN_POINT ( 'NONE',  ( 6.349999999999999645, -45.00940607636245261, -29.05441558772836785 ) ) ;
#871 = LINE ( 'NONE', #3777, #298 ) ;
#872 = DIRECTION ( 'NONE',  ( 0.000000000000000000, 0.000000000000000000, -1.000000000000000000 ) ) ;
#873 = CIRCLE ( 'NONE', #3503, 2.100000000000000089 ) ;
#874 = ORIENTED_EDGE ( 'NONE', *, *, #725, .F. ) ;
#875 = CARTESIAN_POINT ( 'NONE',  ( 4.804415587728428250, -6.199999999999997513, -30.59999999999994102 ) ) ;
#876 = AXIS2_PLACEMENT_3D ( 'NONE', #4386, #1399, #3621 ) ;
#877 = FACE_OUTER_BOUND ( 'NONE', #1707, .T. ) ;
#878 = VECTOR ( 'NONE', #2752, 1000.000000000000000 ) ;
#879 = DIRECTION ( 'NONE',  ( -1.000000000000000000, -1.398970545142586541E-16, 0.000000000000000000 ) ) ;
#880 = ORIENTED_EDGE ( 'NONE', *, *, #1216, .F. ) ;
#881 = ORIENTED_EDGE ( 'NONE', *, *, #1866, .T. ) ;
#882 = VECTOR ( 'NONE', #3670, 1000.000000000000000 ) ;
#883 = DIRECTION ( 'NONE',  ( 1.000000000000000000, -1.209468558947973047E-16, 0.000000000000000000 ) ) ;
#884 = ORIENTED_EDGE ( 'NONE', *, *, #2102, .F. ) ;
#885 = EDGE_CURVE ( 'NONE', #4717, #2353, #1340, .T. ) ;
#886 = AXIS2_PLACEMENT_3D ( 'NONE', #4106, #783, #2259 ) ;
#887 = EDGE_LOOP ( 'NONE', ( #1614, #3043, #1453, #1230, #3339, #1043, #800, #4581, #373, #4677 ) ) ;
#888 = FACE_OUTER_BOUND ( 'NONE', #1113, .T. ) ;
#889 = EDGE_CURVE ( 'NONE', #1089, #4379, #4291, .T. ) ;
#890 = VERTEX_POINT ( 'NONE', #3879 ) ;
#891 = DIRECTION ( 'NONE',  ( 1.000000000000000000, 0.000000000000000000, 0.000000000000000000 ) ) ;
#892 = DIRECTION ( 'NONE',  ( 1.000000000000000000, -1.365923996832131116E-16, 0.000000000000000000 ) ) ;
#893 = COORDINATED_UNIVERSAL_TIME_OFFSET ( 6, 0, .BEHIND. ) ;
#894 = LINE ( 'NONE', #2364, #3420 ) ;
#895 = CARTESIAN_POINT ( 'NONE',  ( 6.349999999999997868, 6.349999999999999645, 0.000000000000000000 ) ) ;
#896 = FACE_OUTER_BOUND ( 'NONE', #4180, .T. ) ;
#897 = CARTESIAN_POINT ( 'NONE',  ( 12.69999999999999929, -2.175000000000001599, -22.22499999999999787 ) ) ;
#898 = DIRECTION ( 'NONE',  ( -1.299846859515564880E-14, 0.000000000000000000, -1.000000000000000000 ) ) ;
#899 = EDGE_CURVE ( 'NONE', #3305, #4201, #3196, .T. ) ;
#900 = ORIENTED_EDGE ( 'NONE', *, *, #221, .F. ) ;
#901 = DIRECTION ( 'NONE',  ( -0.000000000000000000, -1.000000000000000000, -0.000000000000000000 ) ) ;
#902 = DIRECTION ( 'NONE',  ( 0.000000000000000000, -1.000000000000000000, 0.000000000000000000 ) ) ;
#903 = LINE ( 'NONE', #2374, #744 ) ;
#904 = VERTEX_POINT ( 'NONE', #951 ) ;
#905 = CIRCLE ( 'NONE', #3146, 3.175000000000000711 ) ;
#906 = DIRECTION ( 'NONE',  ( -0.000000000000000000, -0.000000000000000000, -1.000000000000000000 ) ) ;
#907 = EDGE_LOOP ( 'NONE', ( #3612, #2544, #4141, #4032 ) ) ;
#908 = VERTEX_POINT ( 'NONE', #1695 ) ;
#909 = B_SPLINE_CURVE_WITH_KNOTS ( 'NONE', 3,
 ( #357, #2514, #2880, #678 ),
 .UNSPECIFIED., .F., .F.,
 ( 4, 4 ),
 ( 0.007647354141962972064, 0.007869202712918556275 ),
 .UNSPECIFIED. ) ;
#910 = CARTESIAN_POINT ( 'NONE',  ( 12.20190265095412840, -2.040073290564207831, 2.595422128626172054 ) ) ;
#911 = EDGE_CURVE ( 'NONE', #2106, #3914, #3697, .T. ) ;
#912 =( GEOMETRIC_REPRESENTATION_CONTEXT ( 3 ) GLOBAL_UNCERTAINTY_ASSIGNED_CONTEXT ( ( #995 ) ) GLOBAL_UNIT_ASSIGNED_CONTEXT ( ( #452, #44, #1522 ) ) REPRESENTATION_CONTEXT ( 'NONE', 'WORKASPACE' ) );
#913 = LINE ( 'NONE', #255, #1185 ) ;
#914 = CIRCLE ( 'NONE', #1380, 2.100000000000000089 ) ;
#915 = ORIENTED_EDGE ( 'NONE', *, *, #977, .F. ) ;
#916 = DIRECTION ( 'NONE',  ( -0.000000000000000000, 1.000000000000000000, -0.000000000000000000 ) ) ;
#917 = LINE ( 'NONE', #137, #4005 ) ;
#918 = DATE_AND_TIME ( #1687, #1827 ) ;
#919 = AXIS2_PLACEMENT_3D ( 'NONE', #4137, #3019, #4498 ) ;
#920 = B_SPLINE_CURVE_WITH_KNOTS ( 'NONE', 3,
 ( #3016, #4494, #4565, #1929 ),
 .UNSPECIFIED., .F., .F.,
 ( 4, 4 ),
 ( 0.002832913685900423535, 0.002935786532568636018 ),
 .UNSPECIFIED. ) ;
#921 = VECTOR ( 'NONE', #829, 1000.000000000000000 ) ;
#922 = CARTESIAN_POINT ( 'NONE',  ( 12.69999999999999929, -5.460999999999999410, -12.69999999999999929 ) ) ;
#923 = EDGE_CURVE ( 'NONE', #4120, #3065, #2703, .T. ) ;
#924 = LINE ( 'NONE', #242, #1607 ) ;
#925 = LINE ( 'NONE', #2737, #1068 ) ;
#926 = LINE ( 'NONE', #1624, #4392 ) ;
#927 = EDGE_CURVE ( 'NONE', #2246, #4678, #2851, .T. ) ;
#928 = ORIENTED_EDGE ( 'NONE', *, *, #3986, .T. ) ;
#929 = DIRECTION ( 'NONE',  ( 0.000000000000000000, 1.000000000000000000, 0.000000000000000000 ) ) ;
#930 = CIRCLE ( 'NONE', #759, 3.175000000000000711 ) ;
#931 = CARTESIAN_POINT ( 'NONE',  ( 12.70000000000005080, -45.00940607636245261, -30.59999999999996589 ) ) ;
#932 = CARTESIAN_POINT ( 'NONE',  ( -9.300000000000002487, -3.099999999999996980, 0.000000000000000000 ) ) ;
#933 = VERTEX_POINT ( 'NONE', #2099 ) ;
#934 = ORIENTED_EDGE ( 'NONE', *, *, #285, .T. ) ;
#935 = DIRECTION ( 'NONE',  ( -0.000000000000000000, -0.000000000000000000, -1.000000000000000000 ) ) ;
#936 = EDGE_CURVE ( 'NONE', #3891, #31, #617, .T. ) ;
#937 = ORIENTED_EDGE ( 'NONE', *, *, #3675, .F. ) ;
#938 = ORIENTED_EDGE ( 'NONE', *, *, #1015, .F. ) ;
#939 = CARTESIAN_POINT ( 'NONE',  ( 36.23756980544231965, -2.175000000000004263, -58.94198539317065411 ) ) ;
#940 = DIRECTION ( 'NONE',  ( 0.000000000000000000, 0.000000000000000000, 1.000000000000000000 ) ) ;
#941 = EDGE_LOOP ( 'NONE', ( #4646, #954, #257, #205 ) ) ;
#942 = CARTESIAN_POINT ( 'NONE',  ( 12.69999999999999929, 0.000000000000000000, 0.000000000000000000 ) ) ;
#943 = CARTESIAN_POINT ( 'NONE',  ( -2.630594115711841125E-16, -5.460999999999999410, -9.524999999999998579 ) ) ;
#944 = EDGE_CURVE ( 'NONE', #415, #1747, #1672, .T. ) ;
#945 = FACE_OUTER_BOUND ( 'NONE', #2640, .T. ) ;
#946 = EDGE_CURVE ( 'NONE', #704, #4678, #972, .T. ) ;
#947 = LINE ( 'NONE', #3509, #1829 ) ;
#948 = CARTESIAN_POINT ( 'NONE',  ( -2.630594115711841125E-16, -0.8890000000000000124, -25.39999999999999858 ) ) ;
#949 = DIRECTION ( 'NONE',  ( 0.000000000000000000, 1.000000000000000000, 0.000000000000000000 ) ) ;
#950 = ORIENTED_EDGE ( 'NONE', *, *, #421, .T. ) ;
#951 = CARTESIAN_POINT ( 'NONE',  ( 4.804415587728428250, -0.1999999999999996503, -30.59999999999994102 ) ) ;
#952 = CARTESIAN_POINT ( 'NONE',  ( 6.350000000000000533, -5.460999999999999410, -19.04999999999999716 ) ) ;
#953 = DIRECTION ( 'NONE',  ( 0.000000000000000000, 1.000000000000000000, 0.000000000000000000 ) ) ;
#954 = ORIENTED_EDGE ( 'NONE', *, *, #1375, .F. ) ;
#955 = AXIS2_PLACEMENT_3D ( 'NONE', #1798, #1122, #3666 ) ;
#956 = AXIS2_PLACEMENT_3D ( 'NONE', #1860, #2663, #2295 ) ;
#957 = CARTESIAN_POINT ( 'NONE',  ( 15.00000000000000533, 0.000000000000000000, 5.523072258617638397 ) ) ;
#958 = ORIENTED_EDGE ( 'NONE', *, *, #4349, .T. ) ;
#959 = ORIENTED_EDGE ( 'NONE', *, *, #4665, .T. ) ;
#960 = EDGE_CURVE ( 'NONE', #1359, #933, #3904, .T. ) ;
#961 = CARTESIAN_POINT ( 'NONE',  ( -36.08756980544233528, -2.174999999999995381, -71.49198539317069390 ) ) ;
#962 = DIRECTION ( 'NONE',  ( 0.000000000000000000, 0.000000000000000000, 1.000000000000000000 ) ) ;
#963 = CIRCLE ( 'NONE', #3664, 2.268258436585967264 ) ;
#964 = VERTEX_POINT ( 'NONE', #2833 ) ;
#965 = DIRECTION ( 'NONE',  ( 0.7071067811865475727, -0.000000000000000000, 0.7071067811865475727 ) ) ;
#966 = ADVANCED_FACE ( 'NONE', ( #4643, #585 ), #1017, .T. ) ;
#967 = LINE ( 'NONE', #602, #1352 ) ;
#968 = DIRECTION ( 'NONE',  ( -0.000000000000000000, 1.000000000000000000, -0.000000000000000000 ) ) ;
#969 = PLANE ( 'NONE',  #2921 ) ;
#970 = FACE_BOUND ( 'NONE', #3350, .T. ) ;
#971 = ORIENTED_EDGE ( 'NONE', *, *, #467, .T. ) ;
#972 = LINE ( 'NONE', #3149, #4479 ) ;
#973 = EDGE_CURVE ( 'NONE', #3794, #749, #4663, .T. ) ;
#974 = CARTESIAN_POINT ( 'NONE',  ( 6.350000000000002309, -4.174999999999999822, -6.349999999999997868 ) ) ;
#975 = LINE ( 'NONE', #269, #4151 ) ;
#976 = ORIENTED_EDGE ( 'NONE', *, *, #3668, .F. ) ;
#977 = EDGE_CURVE ( 'NONE', #3479, #1220, #3560, .T. ) ;
#978 = AXIS2_PLACEMENT_3D ( 'NONE', #612, #4299, #1367 ) ;
#979 = FACE_OUTER_BOUND ( 'NONE', #2452, .T. ) ;
#980 = ORIENTED_EDGE ( 'NONE', *, *, #3702, .F. ) ;
#981 = ORIENTED_EDGE ( 'NONE', *, *, #10, .T. ) ;
#982 = DIRECTION ( 'NONE',  ( 0.000000000000000000, 0.000000000000000000, 1.000000000000000000 ) ) ;
#983 = DIRECTION ( 'NONE',  ( 0.000000000000000000, 0.000000000000000000, 1.000000000000000000 ) ) ;
#984 = VERTEX_POINT ( 'NONE', #3534 ) ;
#985 = AXIS2_PLACEMENT_3D ( 'NONE', #1638, #1971, #3915 ) ;
#986 = DIRECTION ( 'NONE',  ( 0.000000000000000000, 0.000000000000000000, 1.000000000000000000 ) ) ;
#987 = VECTOR ( 'NONE', #2316, 1000.000000000000000 ) ;
#988 = ADVANCED_FACE ( 'NONE', ( #4314 ), #2030, .T. ) ;
#989 = CARTESIAN_POINT ( 'NONE',  ( -5.883583750239766598E-18, -6.201024999999999565, -27.50000000000000000 ) ) ;
#990 = CARTESIAN_POINT ( 'NONE',  ( 12.69999999999999929, -0.8890000000000000124, -25.39999999999999858 ) ) ;
#991 = VECTOR ( 'NONE', #1179, 1000.000000000000000 ) ;
#992 = CARTESIAN_POINT ( 'NONE',  ( 6.350000000000000533, -5.460999999999999410, -15.87499999999999645 ) ) ;
#993 = CARTESIAN_POINT ( 'NONE',  ( 12.21282013608611372, 2.042738866564660416, 2.470634702552896300 ) ) ;
#994 = EDGE_LOOP ( 'NONE', ( #823, #718 ) ) ;
#995 = UNCERTAINTY_MEASURE_WITH_UNIT (LENGTH_MEASURE( 1.000000000000000082E-05 ), #452, 'distance_accuracy_value', 'NONE');
#996 = CARTESIAN_POINT ( 'NONE',  ( 0.4000000000000001887, 2.061552812808830737, 5.438999999999999169 ) ) ;
#997 = CIRCLE ( 'NONE', #4725, 2.100000000000000977 ) ;
#998 = CARTESIAN_POINT ( 'NONE',  ( 12.69999999999999929, 0.000000000000000000, 0.8890000000000009006 ) ) ;
#999 = EDGE_CURVE ( 'NONE', #276, #4147, #2123, .T. ) ;
#1000 = CARTESIAN_POINT ( 'NONE',  ( 12.69999999999999929, 0.000000000000000000, 5.438999999999999169 ) ) ;
#1001 = EDGE_LOOP ( 'NONE', ( #3113, #3337 ) ) ;
#1002 = DIRECTION ( 'NONE',  ( 0.000000000000000000, 0.000000000000000000, 1.000000000000000000 ) ) ;
#1003 = VECTOR ( 'NONE', #1491, 1000.000000000000000 ) ;
#1004 = ORIENTED_EDGE ( 'NONE', *, *, #169, .T. ) ;
#1005 = ORIENTED_EDGE ( 'NONE', *, *, #2988, .T. ) ;
#1006 = EDGE_CURVE ( 'NONE', #3216, #471, #2812, .T. ) ;
#1007 = AXIS2_PLACEMENT_3D ( 'NONE', #4432, #2740, #4216 ) ;
#1008 = CARTESIAN_POINT ( 'NONE',  ( 17.89999999999999858, -45.00940607636245261, -17.50441558772836714 ) ) ;
#1009 = CARTESIAN_POINT ( 'NONE',  ( 12.69999999999999929, 0.000000000000000000, 5.389000000000001123 ) ) ;
#1010 = ORIENTED_EDGE ( 'NONE', *, *, #3424, .F. ) ;
#1011 = DIRECTION ( 'NONE',  ( 0.000000000000000000, 0.000000000000000000, -1.000000000000000000 ) ) ;
#1012 = DIRECTION ( 'NONE',  ( 1.000000000000000000, 0.000000000000000000, 0.000000000000000000 ) ) ;
#1013 = DIRECTION ( 'NONE',  ( 1.209468558947973047E-16, 1.000000000000000000, 0.000000000000000000 ) ) ;
#1014 = CARTESIAN_POINT ( 'NONE',  ( 17.89999999999999858, -4.175000000000005151, -25.39999999999999858 ) ) ;
#1015 = EDGE_CURVE ( 'NONE', #3524, #3397, #1847, .T. ) ;
#1016 = ORIENTED_EDGE ( 'NONE', *, *, #3518, .T. ) ;
#1017 = PLANE ( 'NONE',  #2613 ) ;
#1018 = DIRECTION ( 'NONE',  ( 0.000000000000000000, 0.000000000000000000, 1.000000000000000000 ) ) ;
#1019 = CARTESIAN_POINT ( 'NONE',  ( 12.69999999999999929, 0.000000000000000000, 5.139000000000004675 ) ) ;
#1020 = DIRECTION ( 'NONE',  ( 0.000000000000000000, 1.000000000000000000, 0.000000000000000000 ) ) ;
#1021 = VERTEX_POINT ( 'NONE', #333 ) ;
#1022 = ORIENTED_EDGE ( 'NONE', *, *, #2164, .F. ) ;
#1023 = DIRECTION ( 'NONE',  ( 1.000000000000000000, 0.000000000000000000, 0.000000000000000000 ) ) ;
#1024 = VERTEX_POINT ( 'NONE', #1832 ) ;
#1025 = EDGE_CURVE ( 'NONE', #1174, #4451, #4083, .T. ) ;
#1026 = ORIENTED_EDGE ( 'NONE', *, *, #4543, .F. ) ;
#1027 = AXIS2_PLACEMENT_3D ( 'NONE', #3103, #3197, #2742 ) ;
#1028 = CARTESIAN_POINT ( 'NONE',  ( -2.630594115711841125E-16, -6.201024999999999565, -25.39999999999999858 ) ) ;
#1029 = DIRECTION ( 'NONE',  ( 1.000000000000000000, 0.000000000000000000, 0.000000000000000000 ) ) ;
#1030 = EDGE_CURVE ( 'NONE', #4178, #1460, #3091, .T. ) ;
#1031 = VERTEX_POINT ( 'NONE', #1855 ) ;
#1032 = VECTOR ( 'NONE', #74, 1000.000000000000000 ) ;
#1033 = CIRCLE ( 'NONE', #4585, 3.175000000000000711 ) ;
#1034 = AXIS2_PLACEMENT_3D ( 'NONE', #1946, #807, #1178 ) ;
#1035 = FACE_OUTER_BOUND ( 'NONE', #4651, .T. ) ;
#1036 = DIRECTION ( 'NONE',  ( 0.000000000000000000, 0.000000000000000000, -1.000000000000000000 ) ) ;
#1037 = CARTESIAN_POINT ( 'NONE',  ( -2.630594115711841125E-16, -4.174999999999999822, -25.39999999999999858 ) ) ;
#1038 = VERTEX_POINT ( 'NONE', #4776 ) ;
#1039 = DIRECTION ( 'NONE',  ( 1.000000000000000000, -1.365923996832131363E-16, 0.000000000000000000 ) ) ;
#1040 = LINE ( 'NONE', #4316, #35 ) ;
#1041 = FACE_OUTER_BOUND ( 'NONE', #3810, .T. ) ;
#1042 = DIRECTION ( 'NONE',  ( -0.7071067811865459074, 0.000000000000000000, -0.7071067811865491270 ) ) ;
#1043 = ORIENTED_EDGE ( 'NONE', *, *, #3406, .T. ) ;
#1044 = ORIENTED_EDGE ( 'NONE', *, *, #4673, .F. ) ;
#1045 = CARTESIAN_POINT ( 'NONE',  ( 17.89999999999999858, -45.00940607636245261, -25.39999999999999858 ) ) ;
#1046 = ORIENTED_EDGE ( 'NONE', *, *, #2232, .F. ) ;
#1047 = EDGE_CURVE ( 'NONE', #3305, #745, #1995, .T. ) ;
#1048 = VERTEX_POINT ( 'NONE', #356 ) ;
#1049 = CARTESIAN_POINT ( 'NONE',  ( 0.4000000000000001887, -2.061552812808830293, 5.438999999999999169 ) ) ;
#1050 = CARTESIAN_POINT ( 'NONE',  ( -6.200000000000001066, -2.174999999999998934, -2.000000000000000000 ) ) ;
#1051 = ORIENTED_EDGE ( 'NONE', *, *, #2834, .F. ) ;
#1052 = EDGE_CURVE ( 'NONE', #1031, #2211, #1474, .T. ) ;
#1053 = VECTOR ( 'NONE', #1937, 1000.000000000000000 ) ;
#1054 = CARTESIAN_POINT ( 'NONE',  ( 6.350000000000002309, -4.174999999999999822, -3.174999999999997602 ) ) ;
#1055 = DIRECTION ( 'NONE',  ( 0.000000000000000000, 1.000000000000000000, 0.000000000000000000 ) ) ;
#1056 = CARTESIAN_POINT ( 'NONE',  ( 12.69999999999999929, -0.8890000000000000124, -28.57499999999999929 ) ) ;
#1057 = EDGE_CURVE ( 'NONE', #4334, #3882, #3245, .T. ) ;
#1058 = VECTOR ( 'NONE', #3152, 1000.000000000000000 ) ;
#1059 = ORIENTED_EDGE ( 'NONE', *, *, #3564, .F. ) ;
#1060 = DIRECTION ( 'NONE',  ( 1.000000000000000000, 0.000000000000000000, 0.000000000000000000 ) ) ;
#1061 = VECTOR ( 'NONE', #1180, 1000.000000000000000 ) ;
#1062 = AXIS2_PLACEMENT_3D ( 'NONE', #1402, #4396, #3627 ) ;
#1063 = CARTESIAN_POINT ( 'NONE',  ( 0.4980973490458738828, -3.174999999999999822, 2.595422128626172054 ) ) ;
#1064 = CARTESIAN_POINT ( 'NONE',  ( -0.4000000000000000222, -2.182266827280790356, 5.773579458367407824 ) ) ;
#1065 = ADVANCED_FACE ( 'NONE', ( #2511 ), #4443, .T. ) ;
#1066 = ORIENTED_EDGE ( 'NONE', *, *, #1126, .F. ) ;
#1067 = EDGE_LOOP ( 'NONE', ( #1349, #684 ) ) ;
#1068 = VECTOR ( 'NONE', #1669, 1000.000000000000000 ) ;
#1069 = CARTESIAN_POINT ( 'NONE',  ( -2.630594115711841125E-16, -0.8890000000000000124, -23.29999999999999716 ) ) ;
#1070 = ORIENTED_EDGE ( 'NONE', *, *, #2127, .F. ) ;
#1071 = VECTOR ( 'NONE', #1370, 1000.000000000000000 ) ;
#1072 = ORIENTED_EDGE ( 'NONE', *, *, #4641, .T. ) ;
#1073 = DIRECTION ( 'NONE',  ( 0.000000000000000000, 1.000000000000000000, 0.000000000000000000 ) ) ;
#1074 = DIRECTION ( 'NONE',  ( -0.000000000000000000, -0.000000000000000000, -1.000000000000000000 ) ) ;
#1075 = EDGE_CURVE ( 'NONE', #1318, #1900, #719, .T. ) ;
#1076 = AXIS2_PLACEMENT_3D ( 'NONE', #4755, #4476, #1454 ) ;
#1077 = CARTESIAN_POINT ( 'NONE',  ( -2.630594115711841125E-16, -4.174999999999999822, -12.69999999999999929 ) ) ;
#1078 = VERTEX_POINT ( 'NONE', #3240 ) ;
#1079 = VECTOR ( 'NONE', #4006, 1000.000000000000000 ) ;
#1080 = VERTEX_POINT ( 'NONE', #4355 ) ;
#1081 = DIRECTION ( 'NONE',  ( -0.000000000000000000, 1.000000000000000000, -0.000000000000000000 ) ) ;
#1082 = CARTESIAN_POINT ( 'NONE',  ( 18.89999999999999858, 1.734723475976807094E-15, -2.000000000000000000 ) ) ;
#1083 = FACE_OUTER_BOUND ( 'NONE', #100, .T. ) ;
#1084 = ORIENTED_EDGE ( 'NONE', *, *, #2024, .F. ) ;
#1085 = LINE ( 'NONE', #2558, #27 ) ;
#1086 = EDGE_CURVE ( 'NONE', #2930, #3397, #384, .T. ) ;
#1087 = DIRECTION ( 'NONE',  ( 0.000000000000000000, 0.000000000000000000, 1.000000000000000000 ) ) ;
#1088 = PLANE ( 'NONE',  #2216 ) ;
#1089 = VERTEX_POINT ( 'NONE', #1428 ) ;
#1090 = DIRECTION ( 'NONE',  ( -1.195183497228115281E-16, -1.000000000000000000, 0.000000000000000000 ) ) ;
#1091 = EDGE_CURVE ( 'NONE', #2978, #1093, #3398, .T. ) ;
#1092 = CARTESIAN_POINT ( 'NONE',  ( 18.90000000000000213, -0.1999999999999996503, -25.39999999999999858 ) ) ;
#1093 = VERTEX_POINT ( 'NONE', #3630 ) ;
#1094 = CARTESIAN_POINT ( 'NONE',  ( -2.630594115711841125E-16, -5.460999999999999410, -10.59999999999999787 ) ) ;
#1095 = ORIENTED_EDGE ( 'NONE', *, *, #237, .T. ) ;
#1096 = CARTESIAN_POINT ( 'NONE',  ( 0.4000000000000001887, 2.264950330581225302, 5.523072258617638397 ) ) ;
#1097 = CARTESIAN_POINT ( 'NONE',  ( 17.89999999999999858, -6.199999999999997513, -17.50441558772836714 ) ) ;
#1098 = ORIENTED_EDGE ( 'NONE', *, *, #859, .T. ) ;
#1099 = VECTOR ( 'NONE', #4710, 1000.000000000000000 ) ;
#1100 = VECTOR ( 'NONE', #1975, 1000.000000000000000 ) ;
#1101 = VECTOR ( 'NONE', #4327, 999.9999999999998863 ) ;
#1102 = VERTEX_POINT ( 'NONE', #4087 ) ;
#1103 = FACE_OUTER_BOUND ( 'NONE', #3426, .T. ) ;
#1104 = AXIS2_PLACEMENT_3D ( 'NONE', #1524, #4542, #4470 ) ;
#1105 = CARTESIAN_POINT ( 'NONE',  ( 12.69999999999999929, -4.174999999999999822, -25.39999999999999858 ) ) ;
#1106 = CARTESIAN_POINT ( 'NONE',  ( 12.69999999999999929, 0.000000000000000000, 5.438999999999999169 ) ) ;
#1107 = AXIS2_PLACEMENT_3D ( 'NONE', #3142, #4637, #2438 ) ;
#1108 = ORIENTED_EDGE ( 'NONE', *, *, #2423, .T. ) ;
#1109 = CARTESIAN_POINT ( 'NONE',  ( 6.350000000000000533, -0.8890000000000000124, -19.04999999999999716 ) ) ;
#1110 = AXIS2_PLACEMENT_3D ( 'NONE', #2734, #3827, #191 ) ;
#1111 = FACE_OUTER_BOUND ( 'NONE', #2205, .T. ) ;
#1112 = PLANE ( 'NONE',  #3071 ) ;
#1113 = EDGE_LOOP ( 'NONE', ( #2910, #2109, #320, #33 ) ) ;
#1114 = CARTESIAN_POINT ( 'NONE',  ( -6.199999999999999289, -6.200000000000000178, -2.000000000000000000 ) ) ;
#1115 = EDGE_CURVE ( 'NONE', #610, #4403, #997, .T. ) ;
#1116 = B_SPLINE_CURVE_WITH_KNOTS ( 'NONE', 3,
 ( #3705, #2195, #315, #3264 ),
 .UNSPECIFIED., .F., .F.,
 ( 4, 4 ),
 ( 0.002832913685900423535, 0.002935786532568635150 ),
 .UNSPECIFIED. ) ;
#1117 = PLANE ( 'NONE',  #3032 ) ;
#1118 = ORIENTED_EDGE ( 'NONE', *, *, #4306, .F. ) ;
#1119 = CARTESIAN_POINT ( 'NONE',  ( 13.42063157758646774, -3.174999999999998934, 5.138999999999997570 ) ) ;
#1120 = VERTEX_POINT ( 'NONE', #2900 ) ;
#1121 = CARTESIAN_POINT ( 'NONE',  ( 12.69999999999999929, -6.201024999999999565, -25.39999999999999858 ) ) ;
#1122 = DIRECTION ( 'NONE',  ( -1.000000000000000000, 0.000000000000000000, 0.000000000000000000 ) ) ;
#1123 = ORIENTED_EDGE ( 'NONE', *, *, #2201, .T. ) ;
#1124 = ADVANCED_BREP_SHAPE_REPRESENTATION ( '228-2500-136', ( #3885, #3849 ), #912 ) ;
#1125 = CONICAL_SURFACE ( 'NONE', #4442, 2.100000000000000089, 1.172861257340199304 ) ;
#1126 = EDGE_CURVE ( 'NONE', #2432, #4541, #3895, .T. ) ;
#1127 = CARTESIAN_POINT ( 'NONE',  ( -2.630594115711841125E-16, -0.8890000000000000124, -12.69999999999999929 ) ) ;
#1128 = ORIENTED_EDGE ( 'NONE', *, *, #589, .T. ) ;
#1129 = LINE ( 'NONE', #760, #1730 ) ;
#1130 = CARTESIAN_POINT ( 'NONE',  ( -5.200000000000000178, -6.199999999999997513, -17.50441558772836714 ) ) ;
#1131 = DIRECTION ( 'NONE',  ( 1.000000000000000000, 0.000000000000000000, 0.000000000000000000 ) ) ;
#1132 = ORIENTED_EDGE ( 'NONE', *, *, #944, .F. ) ;
#1133 = DIRECTION ( 'NONE',  ( -0.000000000000000000, -0.000000000000000000, 1.000000000000000000 ) ) ;
#1134 = VECTOR ( 'NONE', #3199, 1000.000000000000000 ) ;
#1135 = FACE_OUTER_BOUND ( 'NONE', #4319, .T. ) ;
#1136 = DIRECTION ( 'NONE',  ( 1.000000000000000000, 8.881784197001252323E-16, 0.000000000000000000 ) ) ;
#1137 = AXIS2_PLACEMENT_3D ( 'NONE', #2416, #535, #624 ) ;
#1138 = ORIENTED_EDGE ( 'NONE', *, *, #334, .F. ) ;
#1139 = LINE ( 'NONE', #3754, #455 ) ;
#1140 = AXIS2_PLACEMENT_3D ( 'NONE', #1186, #4089, #2684 ) ;
#1141 = DIRECTION ( 'NONE',  ( -0.000000000000000000, -0.000000000000000000, 1.000000000000000000 ) ) ;
#1142 = ORIENTED_EDGE ( 'NONE', *, *, #349, .F. ) ;
#1143 = CARTESIAN_POINT ( 'NONE',  ( 12.30000000000000071, -2.197165962000668493, 5.495012552331536071 ) ) ;
#1144 = ORIENTED_EDGE ( 'NONE', *, *, #1740, .T. ) ;
#1145 = VERTEX_POINT ( 'NONE', #3701 ) ;
#1146 = AXIS2_PLACEMENT_3D ( 'NONE', #3141, #2362, #2781 ) ;
#1147 = CARTESIAN_POINT ( 'NONE',  ( 13.09999999999999964, -2.061552812808830293, 5.438999999999999169 ) ) ;
#1148 = DIRECTION ( 'NONE',  ( 0.000000000000000000, 0.000000000000000000, 1.000000000000000000 ) ) ;
#1149 = VECTOR ( 'NONE', #4266, 1000.000000000000000 ) ;
#1150 = ORIENTED_EDGE ( 'NONE', *, *, #1490, .F. ) ;
#1151 = ADVANCED_FACE ( 'NONE', ( #4749 ), #19, .F. ) ;
#1152 = FACE_OUTER_BOUND ( 'NONE', #665, .T. ) ;
#1153 = ORIENTED_EDGE ( 'NONE', *, *, #3473, .T. ) ;
#1154 = VECTOR ( 'NONE', #2368, 1000.000000000000000 ) ;
#1155 = FACE_BOUND ( 'NONE', #332, .T. ) ;
#1156 = CARTESIAN_POINT ( 'NONE',  ( 12.30000000000000071, -2.061552812808830293, 5.438999999999999169 ) ) ;
#1157 = CARTESIAN_POINT ( 'NONE',  ( 6.350000000000002309, -5.460999999999999410, -9.524999999999998579 ) ) ;
#1158 = ORIENTED_EDGE ( 'NONE', *, *, #2429, .F. ) ;
#1159 = AXIS2_PLACEMENT_3D ( 'NONE', #1109, #2970, #2536 ) ;
#1160 = DIRECTION ( 'NONE',  ( -1.000000000000000000, 0.000000000000000000, 0.000000000000000000 ) ) ;
#1161 = CARTESIAN_POINT ( 'NONE',  ( 6.349999999999994316, 6.201000000000000512, -30.46862915010146367 ) ) ;
#1162 = CARTESIAN_POINT ( 'NONE',  ( -6.007754661964809033E-14, -0.1999999999999996503, -31.59999999999997655 ) ) ;
#1163 = ORIENTED_EDGE ( 'NONE', *, *, #960, .F. ) ;
#1164 = CARTESIAN_POINT ( 'NONE',  ( 12.69999999999999929, -0.8890000000000000124, -27.50000000000000000 ) ) ;
#1165 = LINE ( 'NONE', #1478, #4093 ) ;
#1166 = ADVANCED_FACE ( 'NONE', ( #675 ), #3260, .T. ) ;
#1167 = DIRECTION ( 'NONE',  ( 0.000000000000000000, 0.000000000000000000, 1.000000000000000000 ) ) ;
#1168 = ORIENTED_EDGE ( 'NONE', *, *, #2406, .T. ) ;
#1169 = FACE_OUTER_BOUND ( 'NONE', #4096, .T. ) ;
#1170 = ORIENTED_EDGE ( 'NONE', *, *, #232, .F. ) ;
#1171 = ORIENTED_EDGE ( 'NONE', *, *, #97, .T. ) ;
#1172 = DIRECTION ( 'NONE',  ( -0.000000000000000000, 1.000000000000000000, -0.000000000000000000 ) ) ;
#1173 = EDGE_CURVE ( 'NONE', #4090, #1296, #1085, .T. ) ;
#1174 = VERTEX_POINT ( 'NONE', #2192 ) ;
#1175 = DIRECTION ( 'NONE',  ( -0.000000000000000000, -1.000000000000000000, -0.000000000000000000 ) ) ;
#1176 = ADVANCED_FACE ( 'NONE', ( #3674 ), #2658, .T. ) ;
#1177 = ORIENTED_EDGE ( 'NONE', *, *, #2537, .T. ) ;
#1178 = DIRECTION ( 'NONE',  ( 1.000000000000000000, 0.000000000000000000, 0.000000000000000000 ) ) ;
#1179 = DIRECTION ( 'NONE',  ( -0.000000000000000000, 1.000000000000000000, -0.000000000000000000 ) ) ;
#1180 = DIRECTION ( 'NONE',  ( -0.000000000000000000, 1.000000000000000000, -0.000000000000000000 ) ) ;
#1181 = ORIENTED_EDGE ( 'NONE', *, *, #3568, .T. ) ;
#1182 = AXIS2_PLACEMENT_3D ( 'NONE', #3174, #4644, #3128 ) ;
#1183 = DIRECTION ( 'NONE',  ( 0.7071067811865486830, 0.000000000000000000, 0.7071067811865464625 ) ) ;
#1184 = FACE_OUTER_BOUND ( 'NONE', #1404, .T. ) ;
#1185 = VECTOR ( 'NONE', #4632, 1000.000000000000000 ) ;
#1186 = CARTESIAN_POINT ( 'NONE',  ( -2.630594115711841125E-16, -4.174999999999999822, -12.69999999999999929 ) ) ;
#1187 = DIRECTION ( 'NONE',  ( 0.000000000000000000, 1.000000000000000000, 0.000000000000000000 ) ) ;
#1188 = CARTESIAN_POINT ( 'NONE',  ( 12.69999999999999929, -4.174999999999999822, -28.57499999999999929 ) ) ;
#1189 = AXIS2_PLACEMENT_3D ( 'NONE', #2095, #4724, #4683 ) ;
#1190 = LINE ( 'NONE', #2975, #4579 ) ;
#1191 = EDGE_CURVE ( 'NONE', #2495, #1799, #4424, .T. ) ;
#1192 = ORIENTED_EDGE ( 'NONE', *, *, #2206, .F. ) ;
#1193 = EDGE_CURVE ( 'NONE', #2993, #3861, #838, .T. ) ;
#1194 = CARTESIAN_POINT ( 'NONE',  ( 13.09999999999999964, -2.232710535457612888, 5.620762745781209269 ) ) ;
#1195 = ORIENTED_EDGE ( 'NONE', *, *, #1203, .T. ) ;
#1196 = EDGE_LOOP ( 'NONE', ( #130, #4219, #3736, #1878 ) ) ;
#1197 = CYLINDRICAL_SURFACE ( 'NONE', #2130, 3.175000000000000711 ) ;
#1198 = VERTEX_POINT ( 'NONE', #2243 ) ;
#1199 = LINE ( 'NONE', #4150, #921 ) ;
#1200 = EDGE_LOOP ( 'NONE', ( #4758, #297 ) ) ;
#1201 = PLANE ( 'NONE',  #2349 ) ;
#1202 = DIRECTION ( 'NONE',  ( 0.000000000000000000, 0.000000000000000000, -1.000000000000000000 ) ) ;
#1203 = EDGE_CURVE ( 'NONE', #2774, #2773, #3405, .T. ) ;
#1204 = CARTESIAN_POINT ( 'NONE',  ( 0.4000000000000001887, 1.502637486114518195, 6.138999999999998458 ) ) ;
#1205 = ORIENTED_EDGE ( 'NONE', *, *, #1115, .T. ) ;
#1206 = CARTESIAN_POINT ( 'NONE',  ( 13.34774034125076625, -1.999113491775012408, 4.305849356269934702 ) ) ;
#1207 = CYLINDRICAL_SURFACE ( 'NONE', #3425, 3.175000000000000711 ) ;
#1208 = EDGE_CURVE ( 'NONE', #4656, #2961, #1033, .T. ) ;
#1209 = DIRECTION ( 'NONE',  ( 0.7071067811865479058, 0.000000000000000000, -0.7071067811865471286 ) ) ;
#1210 = LINE ( 'NONE', #2344, #682 ) ;
#1211 = CARTESIAN_POINT ( 'NONE',  ( 12.30000000000000071, -2.264950330581225746, 5.523072258617638397 ) ) ;
#1212 = ORIENTED_EDGE ( 'NONE', *, *, #774, .F. ) ;
#1213 = ADVANCED_FACE ( 'NONE', ( #503 ), #454, .T. ) ;
#1214 = CARTESIAN_POINT ( 'NONE',  ( 0.2470917478819859014, -2.087439085565598429, 2.187221323398956585 ) ) ;
#1215 = CONICAL_SURFACE ( 'NONE', #2209, 2.299999999999999822, 0.3141592653589760364 ) ;
#1216 = EDGE_CURVE ( 'NONE', #2664, #866, #862, .T. ) ;
#1217 = ORIENTED_EDGE ( 'NONE', *, *, #2093, .T. ) ;
#1218 = DIRECTION ( 'NONE',  ( -1.000000000000000000, 0.000000000000000000, 0.000000000000000000 ) ) ;
#1219 = EDGE_LOOP ( 'NONE', ( #3109, #3786, #652, #2134 ) ) ;
#1220 = VERTEX_POINT ( 'NONE', #1235 ) ;
#1221 = AXIS2_PLACEMENT_3D ( 'NONE', #3722, #3377, #2312 ) ;
#1222 = AXIS2_PLACEMENT_3D ( 'NONE', #2096, #968, #3169 ) ;
#1223 = PLANE ( 'NONE',  #4445 ) ;
#1224 = ORIENTED_EDGE ( 'NONE', *, *, #2668, .F. ) ;
#1225 = AXIS2_PLACEMENT_3D ( 'NONE', #3453, #4612, #4207 ) ;
#1226 = ORIENTED_EDGE ( 'NONE', *, *, #566, .F. ) ;
#1227 = EDGE_CURVE ( 'NONE', #4391, #4090, #4109, .T. ) ;
#1228 = CARTESIAN_POINT ( 'NONE',  ( 13.19809734904587195, -2.040073290564207831, 2.595422128626172054 ) ) ;
#1229 = CIRCLE ( 'NONE', #2146, 6.199999999999976197 ) ;
#1230 = ORIENTED_EDGE ( 'NONE', *, *, #3644, .T. ) ;
#1231 = FACE_OUTER_BOUND ( 'NONE', #1887, .T. ) ;
#1232 = CARTESIAN_POINT ( 'NONE',  ( 18.89999999999999858, 1.734723475976807094E-15, -2.000000000000000000 ) ) ;
#1233 = PLANE ( 'NONE',  #3770 ) ;
#1234 = EDGE_LOOP ( 'NONE', ( #3413, #3085 ) ) ;
#1235 = CARTESIAN_POINT ( 'NONE',  ( -5.200000000000000178, -0.1999999999999996503, -17.50441558772836714 ) ) ;
#1236 =( BOUNDED_CURVE ( )  B_SPLINE_CURVE ( 3, ( #707, #1417, #4346, #2824 ),
 .UNSPECIFIED., .F., .F. ) 
 B_SPLINE_CURVE_WITH_KNOTS ( ( 4, 4 ),
 ( 1.810267798689539687, 1.921073213463467599 ),
 .UNSPECIFIED. ) 
 CURVE ( )  GEOMETRIC_REPRESENTATION_ITEM ( )  RATIONAL_B_SPLINE_CURVE ( ( 1.000000000000000000, 0.9989771083553060649, 0.9989771083553060649, 1.000000000000000000 ) ) 
 REPRESENTATION_ITEM ( '' )  );
#1237 = TOROIDAL_SURFACE ( 'NONE', #3167, 1.554966049364602254, 0.7500000000000000000 ) ;
#1238 = CARTESIAN_POINT ( 'NONE',  ( -0.3999999999999999667, 2.129368205736810182, 5.466985055468133403 ) ) ;
#1239 = DIRECTION ( 'NONE',  ( -1.000000000000000000, 0.000000000000000000, 0.000000000000000000 ) ) ;
#1240 = DIRECTION ( 'NONE',  ( 1.000000000000000000, 0.000000000000000000, -1.444274288350627447E-15 ) ) ;
#1241 = DIRECTION ( 'NONE',  ( 1.000000000000000000, 0.000000000000000000, 0.000000000000000000 ) ) ;
#1242 = VECTOR ( 'NONE', #3217, 1000.000000000000000 ) ;
#1243 = ORIENTED_EDGE ( 'NONE', *, *, #1423, .F. ) ;
#1244 = DIRECTION ( 'NONE',  ( -0.000000000000000000, 1.000000000000000000, -0.000000000000000000 ) ) ;
#1245 = EDGE_CURVE ( 'NONE', #3052, #4427, #645, .T. ) ;
#1246 = CARTESIAN_POINT ( 'NONE',  ( -0.4980973490458723840, -2.040073290564207831, 2.595422128626172054 ) ) ;
#1247 = CARTESIAN_POINT ( 'NONE',  ( -0.3999999999999999667, -2.264950330581225746, 5.523072258617638397 ) ) ;
#1248 = ORIENTED_EDGE ( 'NONE', *, *, #4349, .F. ) ;
#1249 = ORIENTED_EDGE ( 'NONE', *, *, #285, .F. ) ;
#1250 = DIRECTION ( 'NONE',  ( -0.000000000000000000, -1.000000000000000000, -0.000000000000000000 ) ) ;
#1251 = ORIENTED_EDGE ( 'NONE', *, *, #2293, .F. ) ;
#1252 = ORIENTED_EDGE ( 'NONE', *, *, #3270, .T. ) ;
#1253 = DIRECTION ( 'NONE',  ( -0.000000000000000000, 1.000000000000000000, -0.000000000000000000 ) ) ;
#1254 = ORIENTED_EDGE ( 'NONE', *, *, #1291, .T. ) ;
#1255 = DIRECTION ( 'NONE',  ( -0.9961946980917461003, 0.000000000000000000, -0.08715574274765176821 ) ) ;
#1256 = DIRECTION ( 'NONE',  ( -0.000000000000000000, -0.000000000000000000, -1.000000000000000000 ) ) ;
#1257 = ORIENTED_EDGE ( 'NONE', *, *, #2893, .F. ) ;
#1258 = LINE ( 'NONE', #71, #4722 ) ;
#1259 = CARTESIAN_POINT ( 'NONE',  ( 18.89999999999999858, 6.200000000000000178, -2.000000000000000000 ) ) ;
#1260 = AXIS2_PLACEMENT_3D ( 'NONE', #2960, #4701, #3688 ) ;
#1261 = DIRECTION ( 'NONE',  ( -0.000000000000000000, -1.000000000000000000, -0.000000000000000000 ) ) ;
#1262 = CARTESIAN_POINT ( 'NONE',  ( 12.30000000000000071, 2.083236664664703586, 5.905597390643911204 ) ) ;
#1263 = DIRECTION ( 'NONE',  ( 1.000000000000000000, 0.000000000000000000, 1.734723475976807094E-15 ) ) ;
#1264 = AXIS2_PLACEMENT_3D ( 'NONE', #3078, #2271, #4550 ) ;
#1265 = B_SPLINE_CURVE_WITH_KNOTS ( 'NONE', 3,
 ( #3781, #848, #461, #1214, #2321, #413, #1960, #4139, #4478, #1246 ),
 .UNSPECIFIED., .F., .F.,
 ( 4, 2, 2, 2, 4 ),
 ( 0.000000000000000000, 0.0003704147845104412639, 0.0007408295690208825278, 0.001111244353531323521, 0.001481659138041764622 ),
 .UNSPECIFIED. ) ;
#1266 = VERTEX_POINT ( 'NONE', #3748 ) ;
#1267 = CARTESIAN_POINT ( 'NONE',  ( 18.89999999999995595, -0.1999999999999996503, -20.18137084989848873 ) ) ;
#1268 = CARTESIAN_POINT ( 'NONE',  ( 6.349999999999997868, 6.349999999999999645, -31.59999999999997655 ) ) ;
#1269 = AXIS2_PLACEMENT_3D ( 'NONE', #697, #4750, #630 ) ;
#1270 = EDGE_CURVE ( 'NONE', #1969, #1296, #4185, .T. ) ;
#1271 = CARTESIAN_POINT ( 'NONE',  ( 0.000000000000000000, 0.000000000000000000, 5.438999999999999169 ) ) ;
#1272 = ORIENTED_EDGE ( 'NONE', *, *, #4315, .T. ) ;
#1273 = EDGE_CURVE ( 'NONE', #1198, #3940, #1655, .T. ) ;
#1274 = AXIS2_PLACEMENT_3D ( 'NONE', #4705, #692, #1012 ) ;
#1275 = CARTESIAN_POINT ( 'NONE',  ( 12.69999999999999929, -0.8890000000000000124, -14.80000000000000071 ) ) ;
#1276 = ORIENTED_EDGE ( 'NONE', *, *, #1091, .T. ) ;
#1277 = VECTOR ( 'NONE', #2907, 1000.000000000000000 ) ;
#1278 = ORIENTED_EDGE ( 'NONE', *, *, #4140, .T. ) ;
#1279 = DIRECTION ( 'NONE',  ( -1.000000000000000000, 0.000000000000000000, 0.000000000000000000 ) ) ;
#1280 = CARTESIAN_POINT ( 'NONE',  ( 12.69999999999999929, -0.8890000000000000124, -12.69999999999999929 ) ) ;
#1281 = ORIENTED_EDGE ( 'NONE', *, *, #4123, .F. ) ;
#1282 = EDGE_CURVE ( 'NONE', #377, #2401, #920, .T. ) ;
#1283 = CARTESIAN_POINT ( 'NONE',  ( 12.69999999999999929, 0.000000000000000000, 0.8890000000000009006 ) ) ;
#1284 = CARTESIAN_POINT ( 'NONE',  ( -2.630594115711841125E-16, -2.174999999999999822, -25.39999999999999858 ) ) ;
#1285 = COORDINATED_UNIVERSAL_TIME_OFFSET ( 6, 0, .BEHIND. ) ;
#1286 = CARTESIAN_POINT ( 'NONE',  ( -5.199999999999998401, -45.00940607636245261, -25.39999999999999858 ) ) ;
#1287 = FACE_OUTER_BOUND ( 'NONE', #887, .T. ) ;
#1288 = DIRECTION ( 'NONE',  ( -0.000000000000000000, 1.000000000000000000, -0.000000000000000000 ) ) ;
#1289 = CARTESIAN_POINT ( 'NONE',  ( 12.30000000000000249, 1.663407726524675834, 6.138999999999999346 ) ) ;
#1290 = CARTESIAN_POINT ( 'NONE',  ( 0.000000000000000000, 0.000000000000000000, 5.139000000000004675 ) ) ;
#1291 = EDGE_CURVE ( 'NONE', #3248, #2087, #2709, .T. ) ;
#1292 = ORIENTED_EDGE ( 'NONE', *, *, #4038, .F. ) ;
#1293 = CARTESIAN_POINT ( 'NONE',  ( 16.35441558772843251, -45.00940607636245261, -19.04999999999993676 ) ) ;
#1294 = DIRECTION ( 'NONE',  ( 1.000000000000000000, 0.000000000000000000, 0.000000000000000000 ) ) ;
#1295 = LINE ( 'NONE', #2766, #2838 ) ;
#1296 = VERTEX_POINT ( 'NONE', #3826 ) ;
#1297 = VECTOR ( 'NONE', #2227, 1000.000000000000000 ) ;
#1298 = DIRECTION ( 'NONE',  ( -1.195183497228115281E-16, -1.000000000000000000, 0.000000000000000000 ) ) ;
#1299 = VERTEX_POINT ( 'NONE', #3773 ) ;
#1300 = EDGE_CURVE ( 'NONE', #2173, #3910, #1258, .T. ) ;
#1301 = EDGE_LOOP ( 'NONE', ( #4010, #2595, #2590, #2521 ) ) ;
#1302 = CIRCLE ( 'NONE', #1140, 3.175000000000000711 ) ;
#1303 = DIRECTION ( 'NONE',  ( 0.000000000000000000, 0.000000000000000000, 1.000000000000000000 ) ) ;
#1304 = AXIS2_PLACEMENT_3D ( 'NONE', #1761, #3989, #2855 ) ;
#1305 = CARTESIAN_POINT ( 'NONE',  ( 6.350000000000000533, -0.8890000000000000124, -16.94999999999999574 ) ) ;
#1306 = ADVANCED_FACE ( 'NONE', ( #4519 ), #2732, .T. ) ;
#1307 = AXIS2_PLACEMENT_3D ( 'NONE', #2706, #4182, #1851 ) ;
#1308 = ORIENTED_EDGE ( 'NONE', *, *, #3034, .T. ) ;
#1309 = CARTESIAN_POINT ( 'NONE',  ( 13.09999999999999964, 2.264950330581225746, 5.523072258617638397 ) ) ;
#1310 = FACE_OUTER_BOUND ( 'NONE', #2160, .T. ) ;
#1311 = PERSON_AND_ORGANIZATION ( #376, #2453 ) ;
#1312 = VECTOR ( 'NONE', #479, 1000.000000000000000 ) ;
#1313 = AXIS2_PLACEMENT_3D ( 'NONE', #594, #1612, #1303 ) ;
#1314 = DIRECTION ( 'NONE',  ( 0.000000000000000000, -0.000000000000000000, 1.000000000000000000 ) ) ;
#1315 = CARTESIAN_POINT ( 'NONE',  ( 6.350000000000002309, -0.8890000000000000124, -9.524999999999998579 ) ) ;
#1316 = DIRECTION ( 'NONE',  ( -9.769962616701372823E-15, 0.000000000000000000, -1.000000000000000000 ) ) ;
#1317 = LINE ( 'NONE', #3193, #4627 ) ;
#1318 = VERTEX_POINT ( 'NONE', #811 ) ;
#1319 = DIRECTION ( 'NONE',  ( 0.000000000000000000, 1.000000000000000000, 0.000000000000000000 ) ) ;
#1320 = CIRCLE ( 'NONE', #2700, 2.100000000000000977 ) ;
#1321 = PLANE ( 'NONE',  #3590 ) ;
#1322 = EDGE_CURVE ( 'NONE', #1038, #1031, #2553, .T. ) ;
#1323 = CARTESIAN_POINT ( 'NONE',  ( 12.69999999999999929, -5.460999999999999410, -28.57499999999999929 ) ) ;
#1324 = EDGE_LOOP ( 'NONE', ( #1457, #1390 ) ) ;
#1325 = DIRECTION ( 'NONE',  ( 0.000000000000000000, 0.000000000000000000, 1.000000000000000000 ) ) ;
#1326 = VERTEX_POINT ( 'NONE', #46 ) ;
#1327 = ORIENTED_EDGE ( 'NONE', *, *, #2031, .F. ) ;
#1328 = CARTESIAN_POINT ( 'NONE',  ( 12.30000000000000071, 2.197165961088449304, 5.495012551953918134 ) ) ;
#1329 = EDGE_CURVE ( 'NONE', #14, #4716, #894, .T. ) ;
#1330 = DIRECTION ( 'NONE',  ( 0.000000000000000000, 0.000000000000000000, 1.000000000000000000 ) ) ;
#1331 = ORIENTED_EDGE ( 'NONE', *, *, #4044, .F. ) ;
#1332 = DIRECTION ( 'NONE',  ( 1.000000000000000000, 0.000000000000000000, 0.000000000000000000 ) ) ;
#1333 = PERSON_AND_ORGANIZATION ( #376, #2453 ) ;
#1334 = EDGE_CURVE ( 'NONE', #3310, #179, #3484, .T. ) ;
#1335 = CARTESIAN_POINT ( 'NONE',  ( 0.4000000000000001887, -2.061552812808830293, 5.438999999999999169 ) ) ;
#1336 = CARTESIAN_POINT ( 'NONE',  ( 0.7206315775864680084, -1.972483239316684234, 5.138999999999997570 ) ) ;
#1337 = CYLINDRICAL_SURFACE ( 'NONE', #4241, 3.174999999999999822 ) ;
#1338 = CARTESIAN_POINT ( 'NONE',  ( 6.350000000000002309, -6.201024999999999565, -6.349999999999997868 ) ) ;
#1339 = ORIENTED_EDGE ( 'NONE', *, *, #3738, .F. ) ;
#1340 = LINE ( 'NONE', #3923, #2471 ) ;
#1341 = DIRECTION ( 'NONE',  ( 0.000000000000000000, 0.000000000000000000, 1.000000000000000000 ) ) ;
#1342 = DIRECTION ( 'NONE',  ( -0.000000000000000000, -1.000000000000000000, -0.000000000000000000 ) ) ;
#1343 = ORIENTED_EDGE ( 'NONE', *, *, #260, .F. ) ;
#1344 = ORIENTED_EDGE ( 'NONE', *, *, #106, .T. ) ;
#1345 = CIRCLE ( 'NONE', #3333, 2.299999999999999822 ) ;
#1346 = VECTOR ( 'NONE', #1502, 1000.000000000000000 ) ;
#1347 = DIRECTION ( 'NONE',  ( 0.000000000000000000, 0.000000000000000000, 1.000000000000000000 ) ) ;
#1348 = ORIENTED_EDGE ( 'NONE', *, *, #3799, .F. ) ;
#1349 = ORIENTED_EDGE ( 'NONE', *, *, #1554, .T. ) ;
#1350 = LINE ( 'NONE', #4179, #3624 ) ;
#1351 = DIRECTION ( 'NONE',  ( 0.7071067811865474617, -7.330486454263141615E-17, 0.7071067811865474617 ) ) ;
#1352 = VECTOR ( 'NONE', #3555, 1000.000000000000000 ) ;
#1353 = ORIENTED_EDGE ( 'NONE', *, *, #3191, .T. ) ;
#1354 = LINE ( 'NONE', #1119, #2599 ) ;
#1355 = FACE_OUTER_BOUND ( 'NONE', #4030, .T. ) ;
#1356 = CARTESIAN_POINT ( 'NONE',  ( 6.350000000000000533, -0.8890000000000000124, -19.04999999999999716 ) ) ;
#1357 = CARTESIAN_POINT ( 'NONE',  ( -0.3999999999999999667, 1.502637486114517751, 6.138999999999998458 ) ) ;
#1358 = CARTESIAN_POINT ( 'NONE',  ( 12.94707237833307367, 2.087434397081524118, 2.187282604411544540 ) ) ;
#1359 = VERTEX_POINT ( 'NONE', #163 ) ;
#1360 = DIRECTION ( 'NONE',  ( 1.000000000000000000, -1.365923996832131609E-16, 0.000000000000000000 ) ) ;
#1361 = DIRECTION ( 'NONE',  ( -0.000000000000000000, 1.000000000000000000, -0.000000000000000000 ) ) ;
#1362 = EDGE_CURVE ( 'NONE', #4451, #4633, #1641, .T. ) ;
#1363 = B_SPLINE_CURVE_WITH_KNOTS ( 'NONE', 3,
 ( #737, #3577, #4684, #1379, #3967, #2854 ),
 .UNSPECIFIED., .F., .F.,
 ( 4, 2, 4 ),
 ( 0.000000000000000000, 0.0004757001404452628575, 0.0009514002808905257149 ),
 .UNSPECIFIED. ) ;
#1364 = CARTESIAN_POINT ( 'NONE',  ( 17.89999999999999858, -6.199999999999997513, -1.999999999999998224 ) ) ;
#1365 = EDGE_LOOP ( 'NONE', ( #2557, #60, #2739, #55, #3252, #1389 ) ) ;
#1366 = EDGE_CURVE ( 'NONE', #1906, #366, #708, .T. ) ;
#1367 = DIRECTION ( 'NONE',  ( 0.000000000000000000, 0.000000000000000000, 1.000000000000000000 ) ) ;
#1368 = VERTEX_POINT ( 'NONE', #1487 ) ;
#1369 = ORIENTED_EDGE ( 'NONE', *, *, #1752, .F. ) ;
#1370 = DIRECTION ( 'NONE',  ( 1.000000000000000000, 0.000000000000000000, -1.444274288350627250E-15 ) ) ;
#1371 = DIRECTION ( 'NONE',  ( -0.000000000000000000, 1.000000000000000000, -0.000000000000000000 ) ) ;
#1372 = ORIENTED_EDGE ( 'NONE', *, *, #3234, .T. ) ;
#1373 = VECTOR ( 'NONE', #4692, 1000.000000000000000 ) ;
#1374 = DIRECTION ( 'NONE',  ( -0.000000000000000000, 1.000000000000000000, -0.000000000000000000 ) ) ;
#1375 = EDGE_CURVE ( 'NONE', #3940, #2178, #2843, .T. ) ;
#1376 = ADVANCED_FACE ( 'NONE', ( #2162 ), #1438, .F. ) ;
#1377 = CIRCLE ( 'NONE', #4317, 3.175000000000000711 ) ;
#1378 = CARTESIAN_POINT ( 'NONE',  ( -5.200000000000000178, -6.199999999999997513, -20.59558441227150993 ) ) ;
#1379 = CARTESIAN_POINT ( 'NONE',  ( 0.4000000000000000222, -1.821676962433383062, 6.089970303311149635 ) ) ;
#1380 = AXIS2_PLACEMENT_3D ( 'NONE', #329, #4746, #1759 ) ;
#1381 = B_SPLINE_CURVE_WITH_KNOTS ( 'NONE', 3,
 ( #4584, #2775, #1328, #3912 ),
 .UNSPECIFIED., .F., .F.,
 ( 4, 4 ),
 ( 0.007647354141962974666, 0.007869202712918558010 ),
 .UNSPECIFIED. ) ;
#1382 = LINE ( 'NONE', #2215, #3459 ) ;
#1383 = VERTEX_POINT ( 'NONE', #4720 ) ;
#1384 = DIRECTION ( 'NONE',  ( -0.000000000000000000, -0.000000000000000000, 1.000000000000000000 ) ) ;
#1385 = AXIS2_PLACEMENT_3D ( 'NONE', #4688, #1384, #4018 ) ;
#1386 = LINE ( 'NONE', #4356, #4417 ) ;
#1387 = PLANE ( 'NONE',  #1872 ) ;
#1388 = FACE_OUTER_BOUND ( 'NONE', #3563, .T. ) ;
#1389 = ORIENTED_EDGE ( 'NONE', *, *, #1806, .F. ) ;
#1390 = ORIENTED_EDGE ( 'NONE', *, *, #1470, .T. ) ;
#1391 = EDGE_CURVE ( 'NONE', #56, #420, #2138, .T. ) ;
#1392 = FACE_OUTER_BOUND ( 'NONE', #4017, .T. ) ;
#1393 = AXIS2_PLACEMENT_3D ( 'NONE', #796, #2197, #4448 ) ;
#1394 = VERTEX_POINT ( 'NONE', #732 ) ;
#1395 = ORIENTED_EDGE ( 'NONE', *, *, #2641, .F. ) ;
#1396 = ADVANCED_FACE ( 'NONE', ( #1779 ), #4053, .T. ) ;
#1397 = AXIS2_PLACEMENT_3D ( 'NONE', #687, #1820, #982 ) ;
#1398 = CARTESIAN_POINT ( 'NONE',  ( 18.89999999999997371, -0.1999999999999996503, -25.39999999999999858 ) ) ;
#1399 = DIRECTION ( 'NONE',  ( 8.115498896123167176E-15, 0.000000000000000000, 1.000000000000000000 ) ) ;
#1400 = VERTEX_POINT ( 'NONE', #2892 ) ;
#1401 = DIRECTION ( 'NONE',  ( 1.209468558947973047E-16, 1.000000000000000000, 0.000000000000000000 ) ) ;
#1402 = CARTESIAN_POINT ( 'NONE',  ( 7.895584412271571928, -45.00940607636245261, -30.59999999999994102 ) ) ;
#1403 = CYLINDRICAL_SURFACE ( 'NONE', #4460, 3.175000000000000711 ) ;
#1404 = EDGE_LOOP ( 'NONE', ( #3772, #387, #2600, #694 ) ) ;
#1405 = DIRECTION ( 'NONE',  ( -0.000000000000000000, 1.000000000000000000, -0.000000000000000000 ) ) ;
#1406 = CARTESIAN_POINT ( 'NONE',  ( 12.69999999999999929, -4.174999999999999822, -12.69999999999999929 ) ) ;
#1407 = CARTESIAN_POINT ( 'NONE',  ( -6.199999999999956657, -6.200000000000000178, -17.91862915010150203 ) ) ;
#1408 = FACE_OUTER_BOUND ( 'NONE', #3281, .T. ) ;
#1409 = EDGE_LOOP ( 'NONE', ( #2370, #4245, #3390, #3654 ) ) ;
#1410 = EDGE_LOOP ( 'NONE', ( #3086, #773, #881, #2516 ) ) ;
#1411 = B_SPLINE_CURVE_WITH_KNOTS ( 'NONE', 3,
 ( #3338, #1143, #2977, #4428 ),
 .UNSPECIFIED., .F., .F.,
 ( 4, 4 ),
 ( 0.003029541235337107185, 0.003249628748158706927 ),
 .UNSPECIFIED. ) ;
#1412 = DIRECTION ( 'NONE',  ( 0.000000000000000000, 0.000000000000000000, 1.000000000000000000 ) ) ;
#1413 = ORIENTED_EDGE ( 'NONE', *, *, #2170, .F. ) ;
#1414 = EDGE_CURVE ( 'NONE', #4716, #1024, #4365, .T. ) ;
#1415 = ORIENTED_EDGE ( 'NONE', *, *, #3450, .T. ) ;
#1416 = AXIS2_PLACEMENT_3D ( 'NONE', #389, #2614, #2248 ) ;
#1417 = CARTESIAN_POINT ( 'NONE',  ( 13.27348631124368694, 2.021666578221208432, 3.457121909598158016 ) ) ;
#1418 = CARTESIAN_POINT ( 'NONE',  ( 0.6477403412507656277, -1.999113491775012408, 4.305849356269923156 ) ) ;
#1419 = ORIENTED_EDGE ( 'NONE', *, *, #4367, .F. ) ;
#1420 = EDGE_CURVE ( 'NONE', #1780, #377, #1345, .T. ) ;
#1421 = AXIS2_PLACEMENT_3D ( 'NONE', #813, #2683, #2287 ) ;
#1422 = VECTOR ( 'NONE', #1782, 1000.000000000000000 ) ;
#1423 = EDGE_CURVE ( 'NONE', #4767, #1120, #754, .T. ) ;
#1424 = CARTESIAN_POINT ( 'NONE',  ( 12.30000000000000071, 2.061552812808830293, 5.139000000000001123 ) ) ;
#1425 = CARTESIAN_POINT ( 'NONE',  ( -0.7206315775864664541, 1.972483239316684234, 5.138999999999997570 ) ) ;
#1426 = DIRECTION ( 'NONE',  ( 0.000000000000000000, 0.000000000000000000, 1.000000000000000000 ) ) ;
#1427 = VERTEX_POINT ( 'NONE', #2231 ) ;
#1428 = CARTESIAN_POINT ( 'NONE',  ( 6.350000000000002309, -0.8890000000000000124, -3.174999999999997602 ) ) ;
#1429 = DIRECTION ( 'NONE',  ( -0.000000000000000000, 1.000000000000000000, -0.000000000000000000 ) ) ;
#1430 = CARTESIAN_POINT ( 'NONE',  ( 16.35441558772843251, -2.175000000000003375, -19.04999999999993676 ) ) ;
#1431 = ORIENTED_EDGE ( 'NONE', *, *, #857, .F. ) ;
#1432 = ORIENTED_EDGE ( 'NONE', *, *, #686, .T. ) ;
#1433 = EDGE_CURVE ( 'NONE', #4557, #4552, #3576, .T. ) ;
#1434 = DIRECTION ( 'NONE',  ( 0.000000000000000000, 0.000000000000000000, 1.000000000000000000 ) ) ;
#1435 = VERTEX_POINT ( 'NONE', #2871 ) ;
#1436 = ORIENTED_EDGE ( 'NONE', *, *, #3819, .F. ) ;
#1437 = FACE_OUTER_BOUND ( 'NONE', #3870, .T. ) ;
#1438 = PLANE ( 'NONE',  #876 ) ;
#1439 = ADVANCED_FACE ( 'NONE', ( #4742 ), #3501, .T. ) ;
#1440 = ORIENTED_EDGE ( 'NONE', *, *, #2206, .T. ) ;
#1441 = ADVANCED_FACE ( 'NONE', ( #2912 ), #2525, .T. ) ;
#1442 = CIRCLE ( 'NONE', #2450, 3.175000000000000711 ) ;
#1443 = DIRECTION ( 'NONE',  ( 0.000000000000000000, 0.000000000000000000, 1.000000000000000000 ) ) ;
#1444 = DIRECTION ( 'NONE',  ( 0.000000000000000000, 0.000000000000000000, 1.000000000000000000 ) ) ;
#1445 = CARTESIAN_POINT ( 'NONE',  ( 6.350000000000000533, -0.8890000000000000124, -21.14999999999999858 ) ) ;
#1446 = CIRCLE ( 'NONE', #673, 2.100000000000000977 ) ;
#1447 = PRODUCT_RELATED_PRODUCT_CATEGORY ( 'detail', '', ( #1800 ) ) ;
#1448 = VERTEX_POINT ( 'NONE', #3274 ) ;
#1449 = CARTESIAN_POINT ( 'NONE',  ( 12.69999999999999929, -5.460999999999999410, -12.69999999999999929 ) ) ;
#1450 = AXIS2_PLACEMENT_3D ( 'NONE', #353, #309, #4726 ) ;
#1451 = DIRECTION ( 'NONE',  ( 0.7071067811865486830, 0.000000000000000000, -0.7071067811865463515 ) ) ;
#1452 = DIRECTION ( 'NONE',  ( 0.000000000000000000, 0.000000000000000000, 1.000000000000000000 ) ) ;
#1453 = ORIENTED_EDGE ( 'NONE', *, *, #4320, .T. ) ;
#1454 = DIRECTION ( 'NONE',  ( 1.000000000000000000, 0.000000000000000000, -8.115498896123167176E-15 ) ) ;
#1455 = AXIS2_PLACEMENT_3D ( 'NONE', #1037, #4035, #3258 ) ;
#1456 = CARTESIAN_POINT ( 'NONE',  ( 13.09999999999999964, -2.061552812808830293, 5.139000000000001123 ) ) ;
#1457 = ORIENTED_EDGE ( 'NONE', *, *, #3768, .T. ) ;
#1458 = CIRCLE ( 'NONE', #1764, 2.099999999999999645 ) ;
#1459 = CARTESIAN_POINT ( 'NONE',  ( 6.350000000000000533, -5.460999999999999410, -15.87499999999999645 ) ) ;
#1460 = VERTEX_POINT ( 'NONE', #394 ) ;
#1461 = CARTESIAN_POINT ( 'NONE',  ( -6.199999999999999289, -6.200000000000000178, 0.000000000000000000 ) ) ;
#1462 = LINE ( 'NONE', #370, #2234 ) ;
#1463 = VECTOR ( 'NONE', #3311, 1000.000000000000000 ) ;
#1464 = DIRECTION ( 'NONE',  ( -0.000000000000000000, -0.000000000000000000, -1.000000000000000000 ) ) ;
#1465 = VERTEX_POINT ( 'NONE', #1097 ) ;
#1466 = VECTOR ( 'NONE', #1601, 1000.000000000000000 ) ;
#1467 = VECTOR ( 'NONE', #2638, 1000.000000000000000 ) ;
#1468 = ORIENTED_EDGE ( 'NONE', *, *, #1716, .F. ) ;
#1469 = FACE_OUTER_BOUND ( 'NONE', #4505, .T. ) ;
#1470 = EDGE_CURVE ( 'NONE', #1299, #3340, #1949, .T. ) ;
#1471 = PLANE ( 'NONE',  #1062 ) ;
#1472 = CARTESIAN_POINT ( 'NONE',  ( 17.89999999999997016, -6.199999999999997513, -25.39999999999999858 ) ) ;
#1473 = VERTEX_POINT ( 'NONE', #346 ) ;
#1474 = LINE ( 'NONE', #741, #1625 ) ;
#1475 = DIRECTION ( 'NONE',  ( 0.000000000000000000, 1.000000000000000000, 0.000000000000000000 ) ) ;
#1476 = LINE ( 'NONE', #2902, #3692 ) ;
#1477 = ORIENTED_EDGE ( 'NONE', *, *, #2, .F. ) ;
#1478 = CARTESIAN_POINT ( 'NONE',  ( 6.350000000000000533, -6.201024999999999565, -16.94999999999999574 ) ) ;
#1479 = FACE_OUTER_BOUND ( 'NONE', #3821, .T. ) ;
#1480 = EDGE_CURVE ( 'NONE', #4767, #2987, #1844, .T. ) ;
#1481 = VERTEX_POINT ( 'NONE', #2594 ) ;
#1482 = FACE_BOUND ( 'NONE', #1634, .T. ) ;
#1483 = ORIENTED_EDGE ( 'NONE', *, *, #3580, .T. ) ;
#1484 = EDGE_CURVE ( 'NONE', #1080, #4391, #2940, .T. ) ;
#1485 = CARTESIAN_POINT ( 'NONE',  ( 0.4000000000000001887, 2.061552812808830293, 5.438999999999999169 ) ) ;
#1486 = ADVANCED_FACE ( 'NONE', ( #4409 ), #1964, .F. ) ;
#1487 = CARTESIAN_POINT ( 'NONE',  ( -2.630594115711841125E-16, -4.174999999999999822, -22.22499999999999787 ) ) ;
#1488 = ORIENTED_EDGE ( 'NONE', *, *, #2044, .T. ) ;
#1489 = CIRCLE ( 'NONE', #1264, 3.175000000000000711 ) ;
#1490 = EDGE_CURVE ( 'NONE', #3729, #3695, #3789, .T. ) ;
#1491 = DIRECTION ( 'NONE',  ( 0.000000000000000000, -0.000000000000000000, 1.000000000000000000 ) ) ;
#1492 = AXIS2_PLACEMENT_3D ( 'NONE', #371, #4433, #689 ) ;
#1493 = AXIS2_PLACEMENT_3D ( 'NONE', #1019, #2153, #3994 ) ;
#1494 = ORIENTED_EDGE ( 'NONE', *, *, #3997, .F. ) ;
#1495 = PLANE ( 'NONE',  #1577 ) ;
#1496 = DIRECTION ( 'NONE',  ( -0.000000000000000000, 1.000000000000000000, -0.000000000000000000 ) ) ;
#1497 = APPLICATION_PROTOCOL_DEFINITION ( 'international standard', 'config_control_design', 1994, #850 ) ;
#1498 = CIRCLE ( 'NONE', #3360, 2.100000000000000977 ) ;
#1499 = ORIENTED_EDGE ( 'NONE', *, *, #2279, .F. ) ;
#1500 = DIRECTION ( 'NONE',  ( 1.209468558947973047E-16, 1.000000000000000000, 0.000000000000000000 ) ) ;
#1501 = AXIS2_PLACEMENT_3D ( 'NONE', #3906, #1341, #1294 ) ;
#1502 = DIRECTION ( 'NONE',  ( -0.000000000000000000, 1.000000000000000000, 0.000000000000000000 ) ) ;
#1503 = CARTESIAN_POINT ( 'NONE',  ( 4.804415587728428250, -45.00940607636245261, -30.59999999999994102 ) ) ;
#1504 = ORIENTED_EDGE ( 'NONE', *, *, #2310, .F. ) ;
#1505 = CARTESIAN_POINT ( 'NONE',  ( 13.09999999999999964, -2.232710535457612888, 5.620762745781209269 ) ) ;
#1506 = ADVANCED_FACE ( 'NONE', ( #2253 ), #3008, .T. ) ;
#1507 = CARTESIAN_POINT ( 'NONE',  ( -6.226320535179879527E-14, -45.00940607636245261, -30.59999999999993392 ) ) ;
#1508 = ORIENTED_EDGE ( 'NONE', *, *, #2721, .F. ) ;
#1509 = DIRECTION ( 'NONE',  ( -0.000000000000000000, 1.000000000000000000, -0.000000000000000000 ) ) ;
#1510 = VERTEX_POINT ( 'NONE', #3739 ) ;
#1511 = ORIENTED_EDGE ( 'NONE', *, *, #2102, .T. ) ;
#1512 = PRODUCT_DEFINITION ( 'UNKNOWN', '', #215, #20 ) ;
#1513 = DIRECTION ( 'NONE',  ( 0.000000000000000000, 0.000000000000000000, 1.000000000000000000 ) ) ;
#1514 = LINE ( 'NONE', #3417, #3057 ) ;
#1515 = ORIENTED_EDGE ( 'NONE', *, *, #4222, .F. ) ;
#1516 = LINE ( 'NONE', #13, #4249 ) ;
#1517 = AXIS2_PLACEMENT_3D ( 'NONE', #2621, #825, #419 ) ;
#1518 = ORIENTED_EDGE ( 'NONE', *, *, #2844, .F. ) ;
#1519 = ADVANCED_FACE ( 'NONE', ( #855 ), #2328, .T. ) ;
#1520 = CARTESIAN_POINT ( 'NONE',  ( 10.59999999999999787, 0.000000000000000000, 5.438999999999999169 ) ) ;
#1521 = DIRECTION ( 'NONE',  ( 1.000000000000000000, 0.000000000000000000, 0.000000000000000000 ) ) ;
#1522 =( NAMED_UNIT ( * ) SI_UNIT ( $, .STERADIAN. ) SOLID_ANGLE_UNIT ( ) );
#1523 = ORIENTED_EDGE ( 'NONE', *, *, #106, .F. ) ;
#1524 = CARTESIAN_POINT ( 'NONE',  ( 4.804415587728428250, -45.00940607636245261, -30.59999999999994102 ) ) ;
#1525 = VECTOR ( 'NONE', #3414, 1000.000000000000000 ) ;
#1526 = PLANE ( 'NONE',  #491 ) ;
#1527 = DIRECTION ( 'NONE',  ( 0.7071067811865479058, 0.000000000000000000, 0.7071067811865472397 ) ) ;
#1528 = CIRCLE ( 'NONE', #1137, 1.554966049364602254 ) ;
#1529 = ORIENTED_EDGE ( 'NONE', *, *, #2152, .F. ) ;
#1530 = CARTESIAN_POINT ( 'NONE',  ( 12.05225965874923233, -1.999113491775013296, 4.305849356269921380 ) ) ;
#1531 = ADVANCED_FACE ( 'NONE', ( #3761 ), #2695, .T. ) ;
#1532 = CIRCLE ( 'NONE', #2918, 3.175000000000001599 ) ;
#1533 = DIRECTION ( 'NONE',  ( 0.7071067811865475727, -0.7071067811865474617, 0.000000000000000000 ) ) ;
#1534 = ORIENTED_EDGE ( 'NONE', *, *, #847, .F. ) ;
#1535 = CARTESIAN_POINT ( 'NONE',  ( -0.3999999999999999667, -2.129368206736822700, 5.466985055880803301 ) ) ;
#1536 = ORIENTED_EDGE ( 'NONE', *, *, #1322, .T. ) ;
#1537 = ORIENTED_EDGE ( 'NONE', *, *, #3069, .T. ) ;
#1538 = EDGE_CURVE ( 'NONE', #4761, #1383, #4606, .T. ) ;
#1539 = VECTOR ( 'NONE', #1552, 1000.000000000000000 ) ;
#1540 = DIRECTION ( 'NONE',  ( 0.000000000000000000, 0.000000000000000000, 1.000000000000000000 ) ) ;
#1541 = VECTOR ( 'NONE', #3273, 1000.000000000000000 ) ;
#1542 = ORIENTED_EDGE ( 'NONE', *, *, #3897, .F. ) ;
#1543 = AXIS2_PLACEMENT_3D ( 'NONE', #1290, #2759, #2738 ) ;
#1544 = DIRECTION ( 'NONE',  ( 0.7071067811865479058, -7.330486454263145313E-17, -0.7071067811865471286 ) ) ;
#1545 = ORIENTED_EDGE ( 'NONE', *, *, #1052, .F. ) ;
#1546 = CARTESIAN_POINT ( 'NONE',  ( 6.350000000000000533, -4.174999999999999822, -19.04999999999999716 ) ) ;
#1547 = DIRECTION ( 'NONE',  ( -0.7071067811865459074, 0.000000000000000000, 0.7071067811865491270 ) ) ;
#1548 = ORIENTED_EDGE ( 'NONE', *, *, #318, .F. ) ;
#1549 = CARTESIAN_POINT ( 'NONE',  ( -0.6477403412507644065, -1.999113491775013296, 4.305849356269921380 ) ) ;
#1550 = FACE_OUTER_BOUND ( 'NONE', #135, .T. ) ;
#1551 = CARTESIAN_POINT ( 'NONE',  ( 12.69999999999999929, 0.000000000000000000, 5.438999999999999169 ) ) ;
#1552 = DIRECTION ( 'NONE',  ( 0.000000000000000000, -1.000000000000000000, 0.000000000000000000 ) ) ;
#1553 = CYLINDRICAL_SURFACE ( 'NONE', #4703, 3.175000000000000711 ) ;
#1554 = EDGE_CURVE ( 'NONE', #1368, #3742, #513, .T. ) ;
#1555 = CARTESIAN_POINT ( 'NONE',  ( -6.226320535179879527E-14, -45.00940607636245261, -30.59999999999993392 ) ) ;
#1556 = ORIENTED_EDGE ( 'NONE', *, *, #3644, .F. ) ;
#1557 = DIRECTION ( 'NONE',  ( 0.7071067811865474617, 0.000000000000000000, -0.7071067811865474617 ) ) ;
#1558 = ORIENTED_EDGE ( 'NONE', *, *, #3640, .F. ) ;
#1559 = ORIENTED_EDGE ( 'NONE', *, *, #164, .T. ) ;
#1560 = DIRECTION ( 'NONE',  ( 0.000000000000000000, 0.000000000000000000, -1.000000000000000000 ) ) ;
#1561 = EDGE_CURVE ( 'NONE', #3248, #1854, #3841, .T. ) ;
#1562 = ORIENTED_EDGE ( 'NONE', *, *, #3675, .T. ) ;
#1563 = FACE_OUTER_BOUND ( 'NONE', #2488, .T. ) ;
#1564 = ADVANCED_FACE ( 'NONE', ( #492 ), #1223, .F. ) ;
#1565 = EDGE_LOOP ( 'NONE', ( #1556, #3635, #1395, #1339, #1468 ) ) ;
#1566 = FACE_BOUND ( 'NONE', #690, .T. ) ;
#1567 = DIRECTION ( 'NONE',  ( -0.000000000000000000, -0.000000000000000000, -1.000000000000000000 ) ) ;
#1568 = AXIS2_PLACEMENT_3D ( 'NONE', #1077, #2549, #11 ) ;
#1569 = ORIENTED_EDGE ( 'NONE', *, *, #3055, .T. ) ;
#1570 = VECTOR ( 'NONE', #4621, 1000.000000000000000 ) ;
#1571 = DIRECTION ( 'NONE',  ( 0.000000000000000000, 1.000000000000000000, 0.000000000000000000 ) ) ;
#1572 = EDGE_CURVE ( 'NONE', #222, #4536, #3838, .T. ) ;
#1573 = DIRECTION ( 'NONE',  ( -0.08715574274765176821, 0.000000000000000000, 0.9961946980917461003 ) ) ;
#1574 = FACE_OUTER_BOUND ( 'NONE', #3884, .T. ) ;
#1575 = CARTESIAN_POINT ( 'NONE',  ( -3.174999999999999822, 3.888253587292846081E-16, 0.8890000000000009006 ) ) ;
#1576 = PLANE ( 'NONE',  #613 ) ;
#1577 = AXIS2_PLACEMENT_3D ( 'NONE', #2652, #3037, #4129 ) ;
#1578 = FACE_OUTER_BOUND ( 'NONE', #2098, .T. ) ;
#1579 = ORIENTED_EDGE ( 'NONE', *, *, #4344, .F. ) ;
#1580 = ADVANCED_FACE ( 'NONE', ( #2302, #2722, #4101, #1918, #3344, #468, #803 ), #2277, .F. ) ;
#1581 = CARTESIAN_POINT ( 'NONE',  ( 0.6477403412507657388, 1.999113491775012852, 4.305849356269923156 ) ) ;
#1582 = ORIENTED_EDGE ( 'NONE', *, *, #2985, .T. ) ;
#1583 = ORIENTED_EDGE ( 'NONE', *, *, #428, .F. ) ;
#1584 = CARTESIAN_POINT ( 'NONE',  ( 14.80000000000000071, 2.571758278209440971E-16, 5.438999999999999169 ) ) ;
#1585 = ORIENTED_EDGE ( 'NONE', *, *, #1047, .F. ) ;
#1586 = LINE ( 'NONE', #3058, #1003 ) ;
#1587 = ADVANCED_FACE ( 'NONE', ( #3396 ), #1197, .T. ) ;
#1588 = ORIENTED_EDGE ( 'NONE', *, *, #3601, .F. ) ;
#1589 = CARTESIAN_POINT ( 'NONE',  ( -0.7206315775864664541, -3.174999999999999822, 5.138999999999997570 ) ) ;
#1590 = FACE_OUTER_BOUND ( 'NONE', #3056, .T. ) ;
#1591 = PERSON_AND_ORGANIZATION_ROLE ( 'design_owner' ) ;
#1592 = EDGE_CURVE ( 'NONE', #4070, #2643, #1514, .T. ) ;
#1593 = ORIENTED_EDGE ( 'NONE', *, *, #555, .T. ) ;
#1594 = AXIS2_PLACEMENT_3D ( 'NONE', #4602, #4676, #1347 ) ;
#1595 = CARTESIAN_POINT ( 'NONE',  ( 12.69999999999999929, -5.460999999999999410, -22.22499999999999787 ) ) ;
#1596 = CARTESIAN_POINT ( 'NONE',  ( 13.09999999999999964, -2.254205848354697839, 5.555636450100674750 ) ) ;
#1597 = CARTESIAN_POINT ( 'NONE',  ( -6.199999999999999289, -6.200000000000000178, -2.000000000000000000 ) ) ;
#1598 = DIRECTION ( 'NONE',  ( -0.000000000000000000, 1.000000000000000000, -0.000000000000000000 ) ) ;
#1599 = FACE_OUTER_BOUND ( 'NONE', #2841, .T. ) ;
#1600 = VERTEX_POINT ( 'NONE', #1584 ) ;
#1601 = DIRECTION ( 'NONE',  ( -1.195183497228115281E-16, -1.000000000000000000, 0.000000000000000000 ) ) ;
#1602 = DIRECTION ( 'NONE',  ( 1.000000000000000000, 0.000000000000000000, -1.444274288350627250E-15 ) ) ;
#1603 = AXIS2_PLACEMENT_3D ( 'NONE', #187, #1664, #598 ) ;
#1604 = CARTESIAN_POINT ( 'NONE',  ( 12.69999999999999929, -5.460999999999999410, -23.29999999999999716 ) ) ;
#1605 = EDGE_LOOP ( 'NONE', ( #4416, #3446, #3394, #487 ) ) ;
#1606 = ORIENTED_EDGE ( 'NONE', *, *, #327, .F. ) ;
#1607 = VECTOR ( 'NONE', #2439, 1000.000000000000000 ) ;
#1608 = DIRECTION ( 'NONE',  ( -0.000000000000000000, 1.000000000000000000, -0.000000000000000000 ) ) ;
#1609 = VERTEX_POINT ( 'NONE', #3054 ) ;
#1610 = VECTOR ( 'NONE', #1187, 1000.000000000000000 ) ;
#1611 = ORIENTED_EDGE ( 'NONE', *, *, #2505, .F. ) ;
#1612 = DIRECTION ( 'NONE',  ( 0.000000000000000000, 1.000000000000000000, 0.000000000000000000 ) ) ;
#1613 = CIRCLE ( 'NONE', #4174, 3.175000000000000711 ) ;
#1614 = ORIENTED_EDGE ( 'NONE', *, *, #3601, .T. ) ;
#1615 = DIRECTION ( 'NONE',  ( 0.000000000000000000, 0.000000000000000000, 1.000000000000000000 ) ) ;
#1616 = CARTESIAN_POINT ( 'NONE',  ( -6.200000000000000178, -0.1999999999999996503, -2.000000000000000000 ) ) ;
#1617 = EDGE_LOOP ( 'NONE', ( #4730, #1562, #249, #3970 ) ) ;
#1618 = DIRECTION ( 'NONE',  ( -0.000000000000000000, -0.000000000000000000, 1.000000000000000000 ) ) ;
#1619 = VECTOR ( 'NONE', #1544, 1000.000000000000000 ) ;
#1620 = EDGE_CURVE ( 'NONE', #311, #1145, #4529, .T. ) ;
#1621 = CARTESIAN_POINT ( 'NONE',  ( 12.69999999999999929, -5.460999999999999410, -15.87500000000000000 ) ) ;
#1622 = DIRECTION ( 'NONE',  ( -1.036687336241119596E-16, -1.000000000000000000, -0.000000000000000000 ) ) ;
#1623 = CARTESIAN_POINT ( 'NONE',  ( -2.630594115710311721E-16, -45.00940607636245261, -25.39999999999999858 ) ) ;
#1624 = CARTESIAN_POINT ( 'NONE',  ( 12.30000000000000071, 0.000000000000000000, 6.138999999999998458 ) ) ;
#1625 = VECTOR ( 'NONE', #1405, 1000.000000000000000 ) ;
#1626 = ORIENTED_EDGE ( 'NONE', *, *, #3424, .T. ) ;
#1627 = CARTESIAN_POINT ( 'NONE',  ( -6.199999999999999289, 0.000000000000000000, 0.000000000000000000 ) ) ;
#1628 = DIRECTION ( 'NONE',  ( 1.000000000000000000, 0.000000000000000000, -8.260587980841934638E-15 ) ) ;
#1629 = FACE_OUTER_BOUND ( 'NONE', #2159, .T. ) ;
#1630 = ORIENTED_EDGE ( 'NONE', *, *, #1986, .F. ) ;
#1631 = VERTEX_POINT ( 'NONE', #3205 ) ;
#1632 = EDGE_CURVE ( 'NONE', #3886, #502, #2402, .T. ) ;
#1633 = FACE_OUTER_BOUND ( 'NONE', #3597, .T. ) ;
#1634 = EDGE_LOOP ( 'NONE', ( #1537, #1353 ) ) ;
#1635 = EDGE_LOOP ( 'NONE', ( #3177, #1128, #3932, #1257 ) ) ;
#1636 = CARTESIAN_POINT ( 'NONE',  ( -6.200000000000000178, 3.469446951953614189E-15, -2.000000000000000000 ) ) ;
#1637 = ORIENTED_EDGE ( 'NONE', *, *, #1991, .T. ) ;
#1638 = CARTESIAN_POINT ( 'NONE',  ( 12.69999999999999929, -5.460999999999999410, -25.39999999999999858 ) ) ;
#1639 = ADVANCED_FACE ( 'NONE', ( #2772 ), #2014, .T. ) ;
#1640 = CARTESIAN_POINT ( 'NONE',  ( -5.883583750239670302E-18, -5.460999999999999410, -27.50000000000000000 ) ) ;
#1641 = LINE ( 'NONE', #1286, #176 ) ;
#1642 = CYLINDRICAL_SURFACE ( 'NONE', #1107, 3.175000000000000711 ) ;
#1643 = AXIS2_PLACEMENT_3D ( 'NONE', #1952, #4133, #3355 ) ;
#1644 = DIRECTION ( 'NONE',  ( -0.000000000000000000, 1.000000000000000000, -0.000000000000000000 ) ) ;
#1645 = CARTESIAN_POINT ( 'NONE',  ( 0.4000000000000001887, 1.502637486114518195, 6.138999999999998458 ) ) ;
#1646 = CARTESIAN_POINT ( 'NONE',  ( 18.89999999999999858, -0.1999999999999996503, -2.000000000000000000 ) ) ;
#1647 = VECTOR ( 'NONE', #3492, 1000.000000000000000 ) ;
#1648 = ORIENTED_EDGE ( 'NONE', *, *, #4543, .T. ) ;
#1649 = DIRECTION ( 'NONE',  ( 0.000000000000000000, 0.000000000000000000, 1.000000000000000000 ) ) ;
#1650 = FACE_OUTER_BOUND ( 'NONE', #1234, .T. ) ;
#1651 = AXIS2_PLACEMENT_3D ( 'NONE', #2479, #2065, #1729 ) ;
#1652 = ADVANCED_FACE ( 'NONE', ( #979 ), #2672, .T. ) ;
#1653 = PLANE ( 'NONE',  #359 ) ;
#1654 = ORIENTED_EDGE ( 'NONE', *, *, #3599, .T. ) ;
#1655 = CIRCLE ( 'NONE', #3887, 2.100000000000000089 ) ;
#1656 = EDGE_CURVE ( 'NONE', #1078, #4090, #3957, .T. ) ;
#1657 = CIRCLE ( 'NONE', #3974, 3.175000000000000711 ) ;
#1658 = DIRECTION ( 'NONE',  ( 0.000000000000000000, 1.000000000000000000, 0.000000000000000000 ) ) ;
#1659 = ORIENTED_EDGE ( 'NONE', *, *, #3418, .F. ) ;
#1660 = VERTEX_POINT ( 'NONE', #2821 ) ;
#1661 = CARTESIAN_POINT ( 'NONE',  ( 0.000000000000000000, 0.000000000000000000, 5.438999999999999169 ) ) ;
#1662 = DIRECTION ( 'NONE',  ( -0.000000000000000000, -0.000000000000000000, 1.000000000000000000 ) ) ;
#1663 = ORIENTED_EDGE ( 'NONE', *, *, #349, .T. ) ;
#1664 = DIRECTION ( 'NONE',  ( 0.9961946980917461003, 0.000000000000000000, -0.08715574274765176821 ) ) ;
#1665 = LINE ( 'NONE', #4258, #2294 ) ;
#1666 = EDGE_CURVE ( 'NONE', #1021, #1864, #3367, .T. ) ;
#1667 = DIRECTION ( 'NONE',  ( -0.000000000000000000, 0.000000000000000000, 1.000000000000000000 ) ) ;
#1668 = CYLINDRICAL_SURFACE ( 'NONE', #3848, 3.175000000000000711 ) ;
#1669 = DIRECTION ( 'NONE',  ( 0.000000000000000000, 1.000000000000000000, 0.000000000000000000 ) ) ;
#1670 = CARTESIAN_POINT ( 'NONE',  ( 0.1233449203368022079, 2.100009524403048111, 2.138959997505216926 ) ) ;
#1671 = ORIENTED_EDGE ( 'NONE', *, *, #4601, .F. ) ;
#1672 = LINE ( 'NONE', #4597, #1242 ) ;
#1673 = DIRECTION ( 'NONE',  ( 1.000000000000000000, 0.000000000000000000, 0.000000000000000000 ) ) ;
#1674 = DIRECTION ( 'NONE',  ( 1.000000000000000000, -1.365923996832131363E-16, 0.000000000000000000 ) ) ;
#1675 = VERTEX_POINT ( 'NONE', #3496 ) ;
#1676 = EDGE_CURVE ( 'NONE', #431, #4215, #2518, .T. ) ;
#1677 = CIRCLE ( 'NONE', #4686, 5.199999999999996625 ) ;
#1678 = ORIENTED_EDGE ( 'NONE', *, *, #1980, .T. ) ;
#1679 = EDGE_CURVE ( 'NONE', #637, #1906, #3678, .T. ) ;
#1680 = ORIENTED_EDGE ( 'NONE', *, *, #1676, .T. ) ;
#1681 = AXIS2_PLACEMENT_3D ( 'NONE', #557, #1622, #2757 ) ;
#1682 = DIRECTION ( 'NONE',  ( -0.000000000000000000, -0.000000000000000000, 1.000000000000000000 ) ) ;
#1683 = DIRECTION ( 'NONE',  ( 0.000000000000000000, 0.000000000000000000, 1.000000000000000000 ) ) ;
#1684 = AXIS2_PLACEMENT_3D ( 'NONE', #1284, #189, #892 ) ;
#1685 = VERTEX_POINT ( 'NONE', #2085 ) ;
#1686 = CARTESIAN_POINT ( 'NONE',  ( 12.69999999999999929, 0.000000000000000000, 5.438999999999999169 ) ) ;
#1687 = CALENDAR_DATE ( 2022, 6, 6 ) ;
#1688 = VECTOR ( 'NONE', #2097, 1000.000000000000000 ) ;
#1689 = VECTOR ( 'NONE', #3983, 1000.000000000000000 ) ;
#1690 = DIRECTION ( 'NONE',  ( 0.000000000000000000, 0.000000000000000000, 1.000000000000000000 ) ) ;
#1691 = CARTESIAN_POINT ( 'NONE',  ( 12.69999999999999929, -0.8890000000000000124, -22.22499999999999787 ) ) ;
#1692 = CARTESIAN_POINT ( 'NONE',  ( 17.76862915010146438, -0.1999999999999996503, -19.04999999999999716 ) ) ;
#1693 = CARTESIAN_POINT ( 'NONE',  ( 12.45290825211801256, 2.087439085565598429, 2.187221323398955253 ) ) ;
#1694 = EDGE_LOOP ( 'NONE', ( #17, #4713, #4076, #4693 ) ) ;
#1695 = CARTESIAN_POINT ( 'NONE',  ( -2.630594115711841125E-16, -5.460999999999999410, -9.524999999999998579 ) ) ;
#1696 = CARTESIAN_POINT ( 'NONE',  ( 1.257659471581004710E-16, -2.174999999999999822, -9.524999999999998579 ) ) ;
#1697 = CIRCLE ( 'NONE', #3235, 2.100000000000000089 ) ;
#1698 = LINE ( 'NONE', #198, #1373 ) ;
#1699 = ORIENTED_EDGE ( 'NONE', *, *, #1025, .F. ) ;
#1700 = VERTEX_POINT ( 'NONE', #1275 ) ;
#1701 = CARTESIAN_POINT ( 'NONE',  ( 16.35441558772843251, -45.00940607636245261, -19.04999999999993676 ) ) ;
#1702 = ORIENTED_EDGE ( 'NONE', *, *, #2806, .F. ) ;
#1703 = ORIENTED_EDGE ( 'NONE', *, *, #4320, .F. ) ;
#1704 = DIRECTION ( 'NONE',  ( 1.000000000000000000, 0.000000000000000000, 0.000000000000000000 ) ) ;
#1705 = ADVANCED_FACE ( 'NONE', ( #2474 ), #1749, .T. ) ;
#1706 = CYLINDRICAL_SURFACE ( 'NONE', #181, 5.199999999999968203 ) ;
#1707 = EDGE_LOOP ( 'NONE', ( #1529, #3538, #1579, #1836 ) ) ;
#1708 = CARTESIAN_POINT ( 'NONE',  ( 12.69999999999999929, -6.199999999999997513, -25.39999999999999858 ) ) ;
#1709 = PERSON_AND_ORGANIZATION ( #376, #2453 ) ;
#1710 = EDGE_CURVE ( 'NONE', #2999, #1510, #2466, .T. ) ;
#1711 = CARTESIAN_POINT ( 'NONE',  ( -0.4000000000000001332, 1.663407726524676500, 6.139000000000000234 ) ) ;
#1712 = ADVANCED_FACE ( 'NONE', ( #4248 ), #3565, .T. ) ;
#1713 = DIRECTION ( 'NONE',  ( 0.000000000000000000, 0.000000000000000000, -1.000000000000000000 ) ) ;
#1714 = DIRECTION ( 'NONE',  ( 1.000000000000000000, 0.000000000000000000, 0.000000000000000000 ) ) ;
#1715 = CARTESIAN_POINT ( 'NONE',  ( 12.57633097849892323, 2.099990463092004322, 2.139040055015564601 ) ) ;
#1716 = EDGE_CURVE ( 'NONE', #845, #1660, #4227, .T. ) ;
#1717 = ORIENTED_EDGE ( 'NONE', *, *, #3203, .T. ) ;
#1718 = DIRECTION ( 'NONE',  ( -0.7071067811865474617, 0.000000000000000000, 0.7071067811865474617 ) ) ;
#1719 = CARTESIAN_POINT ( 'NONE',  ( 46.24198539317081469, -2.175000000000005596, -48.93756980544245039 ) ) ;
#1720 = AXIS2_PLACEMENT_3D ( 'NONE', #3859, #608, #2053 ) ;
#1721 = DIRECTION ( 'NONE',  ( -0.000000000000000000, -1.000000000000000000, -0.000000000000000000 ) ) ;
#1722 = EDGE_LOOP ( 'NONE', ( #756, #2617, #3700, #4675 ) ) ;
#1723 = AXIS2_PLACEMENT_3D ( 'NONE', #183, #3550, #3570 ) ;
#1724 = DIRECTION ( 'NONE',  ( 1.398970545142586541E-16, -1.000000000000000000, 0.000000000000000000 ) ) ;
#1725 = ADVANCED_FACE ( 'NONE', ( #1633 ), #127, .T. ) ;
#1726 = ORIENTED_EDGE ( 'NONE', *, *, #3010, .F. ) ;
#1727 = ORIENTED_EDGE ( 'NONE', *, *, #342, .F. ) ;
#1728 = DIRECTION ( 'NONE',  ( 0.000000000000000000, 0.000000000000000000, 1.000000000000000000 ) ) ;
#1729 = DIRECTION ( 'NONE',  ( 0.000000000000000000, 0.000000000000000000, 1.000000000000000000 ) ) ;
#1730 = VECTOR ( 'NONE', #2674, 1000.000000000000000 ) ;
#1731 = ORIENTED_EDGE ( 'NONE', *, *, #1047, .T. ) ;
#1732 = DIRECTION ( 'NONE',  ( 0.000000000000000000, 1.000000000000000000, 0.000000000000000000 ) ) ;
#1733 = DIRECTION ( 'NONE',  ( 0.000000000000000000, 0.000000000000000000, 1.000000000000000000 ) ) ;
#1734 = EDGE_CURVE ( 'NONE', #2173, #4147, #4626, .T. ) ;
#1735 = CARTESIAN_POINT ( 'NONE',  ( -6.226320535179879527E-14, -45.00940607636245261, -31.59999999999994102 ) ) ;
#1736 = DIRECTION ( 'NONE',  ( 0.000000000000000000, 0.000000000000000000, 1.000000000000000000 ) ) ;
#1737 = EDGE_LOOP ( 'NONE', ( #958, #1939 ) ) ;
#1738 = CARTESIAN_POINT ( 'NONE',  ( 6.350000000000000533, -0.8890000000000000124, -19.04999999999999716 ) ) ;
#1739 = CARTESIAN_POINT ( 'NONE',  ( 12.69999999999999929, -0.1999999999999996503, -25.39999999999999858 ) ) ;
#1740 = EDGE_CURVE ( 'NONE', #1089, #853, #509, .T. ) ;
#1741 = CARTESIAN_POINT ( 'NONE',  ( 12.30000000000000071, 2.232710535457612888, 5.620762745781209269 ) ) ;
#1742 = AXIS2_PLACEMENT_3D ( 'NONE', #4580, #1658, #1325 ) ;
#1743 = DIRECTION ( 'NONE',  ( 1.209468558947973047E-16, 1.000000000000000000, 0.000000000000000000 ) ) ;
#1744 = ORIENTED_EDGE ( 'NONE', *, *, #2796, .F. ) ;
#1745 = ORIENTED_EDGE ( 'NONE', *, *, #1484, .F. ) ;
#1746 = DIRECTION ( 'NONE',  ( -0.000000000000000000, -0.000000000000000000, -1.000000000000000000 ) ) ;
#1747 = VERTEX_POINT ( 'NONE', #4271 ) ;
#1748 = VERTEX_POINT ( 'NONE', #957 ) ;
#1749 = CONICAL_SURFACE ( 'NONE', #2135, 2.299999999999999822, 0.3141592653589760364 ) ;
#1750 = CIRCLE ( 'NONE', #1905, 2.100000000000000977 ) ;
#1751 = DIRECTION ( 'NONE',  ( -0.000000000000000000, -0.000000000000000000, -1.000000000000000000 ) ) ;
#1752 = EDGE_CURVE ( 'NONE', #1600, #1748, #591, .T. ) ;
#1753 = DIRECTION ( 'NONE',  ( -1.195183497228115281E-16, -1.000000000000000000, 0.000000000000000000 ) ) ;
#1754 = EDGE_LOOP ( 'NONE', ( #1611, #788, #4453, #2883, #447, #1745 ) ) ;
#1755 = VECTOR ( 'NONE', #1261, 1000.000000000000000 ) ;
#1756 = CC_DESIGN_APPROVAL ( #3522, ( #2770 ) ) ;
#1757 = CIRCLE ( 'NONE', #2142, 2.299999999999999822 ) ;
#1758 = DIRECTION ( 'NONE',  ( 0.000000000000000000, 0.000000000000000000, 1.000000000000000000 ) ) ;
#1759 = DIRECTION ( 'NONE',  ( 1.000000000000000000, 0.000000000000000000, 0.000000000000000000 ) ) ;
#1760 = VECTOR ( 'NONE', #1955, 1000.000000000000114 ) ;
#1761 = CARTESIAN_POINT ( 'NONE',  ( 0.000000000000000000, 0.000000000000000000, 5.523072258617638397 ) ) ;
#1762 = ORIENTED_EDGE ( 'NONE', *, *, #927, .F. ) ;
#1763 = DIRECTION ( 'NONE',  ( 1.000000000000000000, -8.340016711426960219E-17, 6.672013369141568175E-16 ) ) ;
#1764 = AXIS2_PLACEMENT_3D ( 'NONE', #2456, #2181, #1778 ) ;
#1765 = EDGE_CURVE ( 'NONE', #3638, #779, #229, .T. ) ;
#1766 = FACE_OUTER_BOUND ( 'NONE', #4112, .T. ) ;
#1767 = DIRECTION ( 'NONE',  ( 1.000000000000000000, -8.881784197001252323E-16, 0.000000000000000000 ) ) ;
#1768 = DIRECTION ( 'NONE',  ( -1.000000000000000000, 1.668003342285401165E-16, 0.000000000000000000 ) ) ;
#1769 = ORIENTED_EDGE ( 'NONE', *, *, #3656, .F. ) ;
#1770 = ORIENTED_EDGE ( 'NONE', *, *, #4699, .T. ) ;
#1771 = B_SPLINE_CURVE_WITH_KNOTS ( 'NONE', 3,
 ( #1810, #655, #1787, #1741 ),
 .UNSPECIFIED., .F., .F.,
 ( 4, 4 ),
 ( 0.002832913685900423535, 0.002935786532568636018 ),
 .UNSPECIFIED. ) ;
#1772 = CARTESIAN_POINT ( 'NONE',  ( -2.630594115710311721E-16, -45.00940607636245261, -25.39999999999999858 ) ) ;
#1773 = VECTOR ( 'NONE', #480, 1000.000000000000000 ) ;
#1774 = ORIENTED_EDGE ( 'NONE', *, *, #2031, .T. ) ;
#1775 = ORIENTED_EDGE ( 'NONE', *, *, #781, .F. ) ;
#1776 = VECTOR ( 'NONE', #3306, 1000.000000000000000 ) ;
#1777 = ADVANCED_FACE ( 'NONE', ( #2198 ), #3312, .T. ) ;
#1778 = DIRECTION ( 'NONE',  ( 0.000000000000000000, 0.000000000000000000, 1.000000000000000000 ) ) ;
#1779 = FACE_OUTER_BOUND ( 'NONE', #2228, .T. ) ;
#1780 = VERTEX_POINT ( 'NONE', #4381 ) ;
#1781 = ADVANCED_FACE ( 'NONE', ( #299 ), #1125, .T. ) ;
#1782 = DIRECTION ( 'NONE',  ( -0.000000000000000000, 1.000000000000000000, -0.000000000000000000 ) ) ;
#1783 = FACE_OUTER_BOUND ( 'NONE', #2913, .T. ) ;
#1784 = DIRECTION ( 'NONE',  ( -0.000000000000000000, -1.000000000000000000, -0.000000000000000000 ) ) ;
#1785 = ORIENTED_EDGE ( 'NONE', *, *, #482, .T. ) ;
#1786 = DIRECTION ( 'NONE',  ( -0.000000000000000000, 1.000000000000000000, -0.000000000000000000 ) ) ;
#1787 = CARTESIAN_POINT ( 'NONE',  ( 12.30000000000000071, 2.243459280444428217, 5.588199955838118349 ) ) ;
#1788 = LINE ( 'NONE', #2539, #134 ) ;
#1789 = VERTEX_POINT ( 'NONE', #1456 ) ;
#1790 = ORIENTED_EDGE ( 'NONE', *, *, #691, .T. ) ;
#1791 = ADVANCED_FACE ( 'NONE', ( #2499 ), #4757, .T. ) ;
#1792 = DIRECTION ( 'NONE',  ( -0.7071067811865475727, 8.451223556522535512E-17, 0.7071067811865475727 ) ) ;
#1793 = ORIENTED_EDGE ( 'NONE', *, *, #767, .F. ) ;
#1794 = ORIENTED_EDGE ( 'NONE', *, *, #1173, .T. ) ;
#1795 = ADVANCED_FACE ( 'NONE', ( #2953 ), #4404, .F. ) ;
#1796 = CIRCLE ( 'NONE', #2881, 2.268258436585967264 ) ;
#1797 = LINE ( 'NONE', #254, #3549 ) ;
#1798 = CARTESIAN_POINT ( 'NONE',  ( 17.89999999999999858, -45.00940607636245261, -17.50441558772836714 ) ) ;
#1799 = VERTEX_POINT ( 'NONE', #3658 ) ;
#1800 = PRODUCT ( '228-2500-136', '228-2500-136', '', ( #90 ) ) ;
#1801 = AXIS2_PLACEMENT_3D ( 'NONE', #2583, #2171, #4401 ) ;
#1802 = CIRCLE ( 'NONE', #3202, 2.100000000000000977 ) ;
#1803 = CARTESIAN_POINT ( 'NONE',  ( 6.350000000000002309, -6.201024999999999565, -6.349999999999997868 ) ) ;
#1804 = LINE ( 'NONE', #1082, #3542 ) ;
#1805 = DIRECTION ( 'NONE',  ( 0.000000000000000000, 0.000000000000000000, 1.000000000000000000 ) ) ;
#1806 = EDGE_CURVE ( 'NONE', #179, #3910, #2176, .T. ) ;
#1807 = ORIENTED_EDGE ( 'NONE', *, *, #781, .T. ) ;
#1808 = CARTESIAN_POINT ( 'NONE',  ( 0.4000000000000000222, 2.254205848354697395, 5.555636450100673862 ) ) ;
#1809 = EDGE_CURVE ( 'NONE', #4536, #3695, #2131, .T. ) ;
#1810 = CARTESIAN_POINT ( 'NONE',  ( 12.30000000000000071, 2.264950330581225746, 5.523072258617638397 ) ) ;
#1811 = CARTESIAN_POINT ( 'NONE',  ( 6.350000000000002309, -5.460999999999999410, -3.174999999999997602 ) ) ;
#1812 = ORIENTED_EDGE ( 'NONE', *, *, #4197, .F. ) ;
#1813 = CARTESIAN_POINT ( 'NONE',  ( 12.12651368875631164, -2.021666578221208432, 3.457121909598156240 ) ) ;
#1814 = CARTESIAN_POINT ( 'NONE',  ( 12.69999999999999929, 0.000000000000000000, 5.620762745781209269 ) ) ;
#1815 = ORIENTED_EDGE ( 'NONE', *, *, #3441, .F. ) ;
#1816 = EDGE_CURVE ( 'NONE', #2627, #1174, #4342, .T. ) ;
#1817 = CARTESIAN_POINT ( 'NONE',  ( 12.69999999999999929, 0.000000000000000000, 0.8890000000000009006 ) ) ;
#1818 = VERTEX_POINT ( 'NONE', #365 ) ;
#1819 = CARTESIAN_POINT ( 'NONE',  ( -6.938893903907228378E-15, 6.200000000000001066, -2.000000000000000000 ) ) ;
#1820 = DIRECTION ( 'NONE',  ( -0.000000000000000000, 1.000000000000000000, -0.000000000000000000 ) ) ;
#1821 = CARTESIAN_POINT ( 'NONE',  ( -5.200000000000000178, -45.00940607636245261, -1.999999999999998224 ) ) ;
#1822 = EDGE_CURVE ( 'NONE', #3490, #2993, #3263, .T. ) ;
#1823 = ORIENTED_EDGE ( 'NONE', *, *, #4315, .F. ) ;
#1824 = AXIS2_PLACEMENT_3D ( 'NONE', #2324, #879, #124 ) ;
#1825 = ORIENTED_EDGE ( 'NONE', *, *, #4411, .T. ) ;
#1826 = DIRECTION ( 'NONE',  ( -0.7071067811865474617, 0.000000000000000000, -0.7071067811865474617 ) ) ;
#1827 = LOCAL_TIME ( 14, 8, 2.000000000000000000, #2803 ) ;
#1828 = CARTESIAN_POINT ( 'NONE',  ( 6.350000000000000533, -5.460999999999999410, -19.04999999999999716 ) ) ;
#1829 = VECTOR ( 'NONE', #192, 1000.000000000000000 ) ;
#1830 = VERTEX_POINT ( 'NONE', #1069 ) ;
#1831 = ADVANCED_FACE ( 'NONE', ( #1479 ), #5, .F. ) ;
#1832 = CARTESIAN_POINT ( 'NONE',  ( -5.200000000000000178, -0.1999999999999996503, -20.59558441227150993 ) ) ;
#1833 = AXIS2_PLACEMENT_3D ( 'NONE', #864, #3872, #553 ) ;
#1834 = CARTESIAN_POINT ( 'NONE',  ( -2.630594115711841125E-16, -5.460999999999999410, -12.69999999999999929 ) ) ;
#1835 = DIRECTION ( 'NONE',  ( 0.7071067811865466846, 0.000000000000000000, 0.7071067811865483499 ) ) ;
#1836 = ORIENTED_EDGE ( 'NONE', *, *, #1480, .F. ) ;
#1837 = LINE ( 'NONE', #4, #2620 ) ;
#1838 = DIRECTION ( 'NONE',  ( -1.000000000000000000, 0.000000000000000000, 0.000000000000000000 ) ) ;
#1839 = ORIENTED_EDGE ( 'NONE', *, *, #2044, .F. ) ;
#1840 = ADVANCED_FACE ( 'NONE', ( #1392 ), #1117, .T. ) ;
#1841 = PLANE ( 'NONE',  #282 ) ;
#1842 = EDGE_LOOP ( 'NONE', ( #588, #2872 ) ) ;
#1843 = CARTESIAN_POINT ( 'NONE',  ( 12.20190265095412840, 2.040073290564207831, 2.595422128626172054 ) ) ;
#1844 = LINE ( 'NONE', #1821, #2491 ) ;
#1845 = ORIENTED_EDGE ( 'NONE', *, *, #3249, .F. ) ;
#1846 = EDGE_CURVE ( 'NONE', #2353, #933, #4361, .T. ) ;
#1847 = CIRCLE ( 'NONE', #1385, 2.100000000000000977 ) ;
#1848 = DIRECTION ( 'NONE',  ( 0.000000000000000000, 1.000000000000000000, 0.000000000000000000 ) ) ;
#1849 = ORIENTED_EDGE ( 'NONE', *, *, #61, .F. ) ;
#1850 = CARTESIAN_POINT ( 'NONE',  ( 12.69999999999999929, -0.8890000000000000124, -28.57499999999999929 ) ) ;
#1851 = DIRECTION ( 'NONE',  ( 1.000000000000000000, 0.000000000000000000, -8.260587980841934638E-15 ) ) ;
#1852 = CARTESIAN_POINT ( 'NONE',  ( 12.69999999999999929, -5.460999999999999410, -9.524999999999998579 ) ) ;
#1853 = ADVANCED_FACE ( 'NONE', ( #4426 ), #2587, .T. ) ;
#1854 = VERTEX_POINT ( 'NONE', #2866 ) ;
#1855 = CARTESIAN_POINT ( 'NONE',  ( 13.19809734904587195, -2.040073290564207831, 2.595422128626172054 ) ) ;
#1856 = CARTESIAN_POINT ( 'NONE',  ( 13.10000000000000142, 0.000000000000000000, 6.138999999999998458 ) ) ;
#1857 = CARTESIAN_POINT ( 'NONE',  ( -0.3999999999999999667, -2.232710535457612888, 5.620762745781209269 ) ) ;
#1858 = ORIENTED_EDGE ( 'NONE', *, *, #3564, .T. ) ;
#1859 = CARTESIAN_POINT ( 'NONE',  ( 1.257659471581007668E-16, -0.8890000000000000124, -22.22499999999999787 ) ) ;
#1860 = CARTESIAN_POINT ( 'NONE',  ( -2.099872945368625121, 0.000000000000000000, 6.138999999999998458 ) ) ;
#1861 = VERTEX_POINT ( 'NONE', #4001 ) ;
#1862 = DIRECTION ( 'NONE',  ( 0.000000000000000000, 0.000000000000000000, 1.000000000000000000 ) ) ;
#1863 = ORIENTED_EDGE ( 'NONE', *, *, #465, .F. ) ;
#1864 = VERTEX_POINT ( 'NONE', #273 ) ;
#1865 = CARTESIAN_POINT ( 'NONE',  ( 6.350000000000002309, -0.8890000000000000124, -9.524999999999998579 ) ) ;
#1866 = EDGE_CURVE ( 'NONE', #1868, #3026, #683, .T. ) ;
#1867 = DIRECTION ( 'NONE',  ( -1.000000000000000000, 0.000000000000000000, 0.000000000000000000 ) ) ;
#1868 = VERTEX_POINT ( 'NONE', #339 ) ;
#1869 = VECTOR ( 'NONE', #3254, 1000.000000000000000 ) ;
#1870 = AXIS2_PLACEMENT_3D ( 'NONE', #3637, #2108, #3591 ) ;
#1871 = LINE ( 'NONE', #1894, #230 ) ;
#1872 = AXIS2_PLACEMENT_3D ( 'NONE', #4337, #1931, #1573 ) ;
#1873 = ORIENTED_EDGE ( 'NONE', *, *, #833, .T. ) ;
#1874 = DIRECTION ( 'NONE',  ( 0.000000000000000000, 0.000000000000000000, 1.000000000000000000 ) ) ;
#1875 = CARTESIAN_POINT ( 'NONE',  ( 12.69999999999999929, -6.201024999999999565, -12.69999999999999929 ) ) ;
#1876 = DIRECTION ( 'NONE',  ( -0.000000000000000000, 1.000000000000000000, -0.000000000000000000 ) ) ;
#1877 = CIRCLE ( 'NONE', #4586, 3.374999999999999556 ) ;
#1878 = ORIENTED_EDGE ( 'NONE', *, *, #2093, .F. ) ;
#1879 = DIRECTION ( 'NONE',  ( 1.000000000000000000, 0.000000000000000000, -8.260587980841937794E-15 ) ) ;
#1880 = EDGE_CURVE ( 'NONE', #1435, #1631, #1796, .T. ) ;
#1881 = VECTOR ( 'NONE', #2792, 1000.000000000000000 ) ;
#1882 = CARTESIAN_POINT ( 'NONE',  ( -5.200000000000000178, -45.00940607636245261, -17.50441558772836714 ) ) ;
#1883 = DIRECTION ( 'NONE',  ( -0.000000000000000000, -0.000000000000000000, -1.000000000000000000 ) ) ;
#1884 = EDGE_LOOP ( 'NONE', ( #1996, #3081, #1488, #281 ) ) ;
#1885 = LINE ( 'NONE', #4068, #1463 ) ;
#1886 = DIRECTION ( 'NONE',  ( -0.000000000000000000, -0.000000000000000000, 1.000000000000000000 ) ) ;
#1887 = EDGE_LOOP ( 'NONE', ( #1044, #3825, #3807, #3384 ) ) ;
#1888 = CARTESIAN_POINT ( 'NONE',  ( 6.350000000000002309, -0.8890000000000000124, -4.249999999999998224 ) ) ;
#1889 = ORIENTED_EDGE ( 'NONE', *, *, #1030, .T. ) ;
#1890 = ORIENTED_EDGE ( 'NONE', *, *, #1765, .F. ) ;
#1891 = DIRECTION ( 'NONE',  ( 0.000000000000000000, 0.000000000000000000, 1.000000000000000000 ) ) ;
#1892 = ORIENTED_EDGE ( 'NONE', *, *, #1270, .T. ) ;
#1893 = ADVANCED_FACE ( 'NONE', ( #3334 ), #772, .T. ) ;
#1894 = CARTESIAN_POINT ( 'NONE',  ( -36.08756980544233528, -4.174999999999995381, -71.49198539317066547 ) ) ;
#1895 = ORIENTED_EDGE ( 'NONE', *, *, #2876, .F. ) ;
#1896 = CARTESIAN_POINT ( 'NONE',  ( 13.10000000000000142, 1.820969194338324382, 6.090132639966193473 ) ) ;
#1897 = EDGE_CURVE ( 'NONE', #4465, #3154, #3652, .T. ) ;
#1898 = CYLINDRICAL_SURFACE ( 'NONE', #3156, 2.100000000000000977 ) ;
#1899 = CARTESIAN_POINT ( 'NONE',  ( 0.4000000000000001887, 2.232710535457612888, 5.620762745781209269 ) ) ;
#1900 = VERTEX_POINT ( 'NONE', #3362 ) ;
#1901 = DIRECTION ( 'NONE',  ( 1.000000000000000000, 0.000000000000000000, 0.000000000000000000 ) ) ;
#1902 = AXIS2_PLACEMENT_3D ( 'NONE', #3212, #1509, #2956 ) ;
#1903 = FACE_OUTER_BOUND ( 'NONE', #1200, .T. ) ;
#1904 = FACE_OUTER_BOUND ( 'NONE', #1196, .T. ) ;
#1905 = AXIS2_PLACEMENT_3D ( 'NONE', #587, #3907, #2472 ) ;
#1906 = VERTEX_POINT ( 'NONE', #4069 ) ;
#1907 = DIRECTION ( 'NONE',  ( -0.3090169943749442316, 0.000000000000000000, -0.9510565162951545304 ) ) ;
#1908 = CARTESIAN_POINT ( 'NONE',  ( -5.200000000000000178, -45.00940607636245261, -20.59558441227150993 ) ) ;
#1909 = EDGE_CURVE ( 'NONE', #3914, #2106, #4501, .T. ) ;
#1910 = VECTOR ( 'NONE', #3237, 1000.000000000000000 ) ;
#1911 = CARTESIAN_POINT ( 'NONE',  ( 36.23756980544231965, -2.175000000000004263, -58.94198539317069674 ) ) ;
#1912 = EDGE_LOOP ( 'NONE', ( #2278, #3717, #4098, #1436 ) ) ;
#1913 = DIRECTION ( 'NONE',  ( 1.000000000000000000, 0.000000000000000000, -0.000000000000000000 ) ) ;
#1914 = ORIENTED_EDGE ( 'NONE', *, *, #3203, .F. ) ;
#1915 = ORIENTED_EDGE ( 'NONE', *, *, #3347, .T. ) ;
#1916 = AXIS2_PLACEMENT_3D ( 'NONE', #1623, #1073, #3436 ) ;
#1917 = EDGE_CURVE ( 'NONE', #2178, #2664, #1265, .T. ) ;
#1918 = FACE_BOUND ( 'NONE', #2723, .T. ) ;
#1919 = VECTOR ( 'NONE', #3523, 1000.000000000000000 ) ;
#1920 = ORIENTED_EDGE ( 'NONE', *, *, #4275, .T. ) ;
#1921 = EDGE_CURVE ( 'NONE', #423, #1747, #3806, .T. ) ;
#1922 = CIRCLE ( 'NONE', #1543, 2.100000000000000089 ) ;
#1923 = PLANE ( 'NONE',  #304 ) ;
#1924 = ORIENTED_EDGE ( 'NONE', *, *, #2279, .T. ) ;
#1925 = CARTESIAN_POINT ( 'NONE',  ( 13.09999999999999964, 2.081805041010027946, 5.906940355987363667 ) ) ;
#1926 = FACE_OUTER_BOUND ( 'NONE', #1410, .T. ) ;
#1927 = LINE ( 'NONE', #3771, #2292 ) ;
#1928 = EDGE_LOOP ( 'NONE', ( #1494, #2496, #1992, #1892 ) ) ;
#1929 = CARTESIAN_POINT ( 'NONE',  ( 0.4000000000000001887, -2.232710535457612888, 5.620762745781209269 ) ) ;
#1930 = ADVANCED_FACE ( 'NONE', ( #1578 ), #4094, .T. ) ;
#1931 = DIRECTION ( 'NONE',  ( -0.9961946980917461003, 0.000000000000000000, -0.08715574274765176821 ) ) ;
#1932 = PLANE ( 'NONE',  #3229 ) ;
#1933 = CARTESIAN_POINT ( 'NONE',  ( 12.30000000000000071, 2.264950330581225746, 5.523072258617638397 ) ) ;
#1934 = DIRECTION ( 'NONE',  ( 0.000000000000000000, 0.000000000000000000, -1.000000000000000000 ) ) ;
#1935 = DIRECTION ( 'NONE',  ( 1.209468558947973047E-16, 1.000000000000000000, 0.000000000000000000 ) ) ;
#1936 = EDGE_LOOP ( 'NONE', ( #1915, #2811, #4347, #474 ) ) ;
#1937 = DIRECTION ( 'NONE',  ( -0.000000000000000000, 1.000000000000000000, -0.000000000000000000 ) ) ;
#1938 = ORIENTED_EDGE ( 'NONE', *, *, #1366, .T. ) ;
#1939 = ORIENTED_EDGE ( 'NONE', *, *, #2024, .T. ) ;
#1940 = ADVANCED_FACE ( 'NONE', ( #78 ), #3412, .F. ) ;
#1941 = DIRECTION ( 'NONE',  ( 0.000000000000000000, 0.000000000000000000, -1.000000000000000000 ) ) ;
#1942 = EDGE_LOOP ( 'NONE', ( #2386, #4698, #2273, #2325 ) ) ;
#1943 = ADVANCED_FACE ( 'NONE', ( #3022 ), #30, .T. ) ;
#1944 = CARTESIAN_POINT ( 'NONE',  ( 7.895584412271571928, -45.00940607636245261, -30.59999999999994102 ) ) ;
#1945 = ORIENTED_EDGE ( 'NONE', *, *, #1822, .F. ) ;
#1946 = CARTESIAN_POINT ( 'NONE',  ( 12.69999999999999929, 0.000000000000000000, 5.620762745781209269 ) ) ;
#1947 = LINE ( 'NONE', #2260, #293 ) ;
#1948 = CARTESIAN_POINT ( 'NONE',  ( 0.000000000000000000, 0.000000000000000000, 0.000000000000000000 ) ) ;
#1949 = CIRCLE ( 'NONE', #1568, 3.175000000000000711 ) ;
#1950 = ORIENTED_EDGE ( 'NONE', *, *, #1984, .F. ) ;
#1951 = AXIS2_PLACEMENT_3D ( 'NONE', #550, #280, #1330 ) ;
#1952 = CARTESIAN_POINT ( 'NONE',  ( 6.350000000000002309, -0.8890000000000000124, -6.349999999999997868 ) ) ;
#1953 = FACE_OUTER_BOUND ( 'NONE', #3581, .T. ) ;
#1954 = DIRECTION ( 'NONE',  ( 0.7071067811865471286, -0.000000000000000000, 0.7071067811865479058 ) ) ;
#1955 = DIRECTION ( 'NONE',  ( 0.7071067811865474617, 0.000000000000000000, -0.7071067811865474617 ) ) ;
#1956 = DIRECTION ( 'NONE',  ( 0.000000000000000000, 0.000000000000000000, 1.000000000000000000 ) ) ;
#1957 = ORIENTED_EDGE ( 'NONE', *, *, #1025, .T. ) ;
#1958 = CARTESIAN_POINT ( 'NONE',  ( 0.4000000000000000222, 2.129368206736822255, 5.466985055880803301 ) ) ;
#1959 = VECTOR ( 'NONE', #2387, 1000.000000000000000 ) ;
#1960 = CARTESIAN_POINT ( 'NONE',  ( -0.2470723783330709133, -2.087434397081524118, 2.187282604411544096 ) ) ;
#1961 = LINE ( 'NONE', #488, #1525 ) ;
#1962 = ORIENTED_EDGE ( 'NONE', *, *, #2208, .F. ) ;
#1963 = ORIENTED_EDGE ( 'NONE', *, *, #946, .T. ) ;
#1964 = CYLINDRICAL_SURFACE ( 'NONE', #2570, 2.100000000000000977 ) ;
#1965 = ORIENTED_EDGE ( 'NONE', *, *, #2746, .T. ) ;
#1966 = VERTEX_POINT ( 'NONE', #435 ) ;
#1967 = CARTESIAN_POINT ( 'NONE',  ( 0.4000000000000001887, 2.061552812808830293, 5.438999999999999169 ) ) ;
#1968 = EDGE_CURVE ( 'NONE', #1460, #4178, #3732, .T. ) ;
#1969 = VERTEX_POINT ( 'NONE', #3731 ) ;
#1970 = VECTOR ( 'NONE', #1298, 1000.000000000000000 ) ;
#1971 = DIRECTION ( 'NONE',  ( -0.000000000000000000, 1.000000000000000000, -0.000000000000000000 ) ) ;
#1972 = CARTESIAN_POINT ( 'NONE',  ( 0.000000000000000000, 0.000000000000000000, 0.8890000000000009006 ) ) ;
#1973 = EDGE_LOOP ( 'NONE', ( #2177, #3327, #2129, #87, #4246, #2585, #2924, #584, #3809, #3740, #1957, #321, #1005, #2623, #3466 ) ) ;
#1974 = AXIS2_PLACEMENT_3D ( 'NONE', #3368, #1250, #1560 ) ;
#1975 = DIRECTION ( 'NONE',  ( -0.000000000000000000, 1.000000000000000000, -0.000000000000000000 ) ) ;
#1976 = CARTESIAN_POINT ( 'NONE',  ( 9.721665018948350223, 6.200000000000000178, -31.59999999999997655 ) ) ;
#1977 = FACE_OUTER_BOUND ( 'NONE', #1617, .T. ) ;
#1978 = DIRECTION ( 'NONE',  ( 0.000000000000000000, 1.000000000000000000, 0.000000000000000000 ) ) ;
#1979 = CARTESIAN_POINT ( 'NONE',  ( 5.218629150101503633, -6.200000000000000178, -31.59999999999995524 ) ) ;
#1980 = EDGE_CURVE ( 'NONE', #853, #1089, #4723, .T. ) ;
#1981 = ORIENTED_EDGE ( 'NONE', *, *, #4131, .T. ) ;
#1982 = DIRECTION ( 'NONE',  ( 0.000000000000000000, 0.000000000000000000, 1.000000000000000000 ) ) ;
#1983 = CARTESIAN_POINT ( 'NONE',  ( 1.257659471581004217E-16, -5.460999999999999410, -15.87500000000000000 ) ) ;
#1984 = EDGE_CURVE ( 'NONE', #1600, #3524, #1190, .T. ) ;
#1985 = AXIS2_PLACEMENT_3D ( 'NONE', #3316, #3713, #1862 ) ;
#1986 = EDGE_CURVE ( 'NONE', #2884, #4518, #873, .T. ) ;
#1987 = FACE_OUTER_BOUND ( 'NONE', #1635, .T. ) ;
#1988 = ORIENTED_EDGE ( 'NONE', *, *, #2497, .T. ) ;
#1989 = VECTOR ( 'NONE', #722, 1000.000000000000000 ) ;
#1990 = CARTESIAN_POINT ( 'NONE',  ( 0.000000000000000000, 0.000000000000000000, 5.523072258617638397 ) ) ;
#1991 = EDGE_CURVE ( 'NONE', #4201, #4642, #1489, .T. ) ;
#1992 = ORIENTED_EDGE ( 'NONE', *, *, #3041, .F. ) ;
#1993 = ORIENTED_EDGE ( 'NONE', *, *, #434, .F. ) ;
#1994 = DIRECTION ( 'NONE',  ( -0.000000000000000000, 1.000000000000000000, 0.000000000000000000 ) ) ;
#1995 = CIRCLE ( 'NONE', #3480, 3.175000000000000711 ) ;
#1996 = ORIENTED_EDGE ( 'NONE', *, *, #3450, .F. ) ;
#1997 = CARTESIAN_POINT ( 'NONE',  ( 12.69999999999999929, -0.8890000000000000124, -10.59999999999999787 ) ) ;
#1998 = DIRECTION ( 'NONE',  ( -1.000000000000000000, 0.000000000000000000, 0.000000000000000000 ) ) ;
#1999 = PERSON_AND_ORGANIZATION ( #376, #2453 ) ;
#2000 = EDGE_CURVE ( 'NONE', #3922, #607, #3114, .T. ) ;
#2001 = DIRECTION ( 'NONE',  ( 1.000000000000000000, -0.000000000000000000, -1.734723475976805517E-15 ) ) ;
#2002 = VECTOR ( 'NONE', #3386, 1000.000000000000000 ) ;
#2003 = CARTESIAN_POINT ( 'NONE',  ( -0.3999999999999999667, 2.182283254615324797, 5.773529692572011207 ) ) ;
#2004 = EDGE_CURVE ( 'NONE', #14, #3479, #4115, .T. ) ;
#2005 = LINE ( 'NONE', #2075, #3536 ) ;
#2006 = CARTESIAN_POINT ( 'NONE',  ( 1.554966049364602254, 0.000000000000000000, 6.138999999999998458 ) ) ;
#2007 = DIRECTION ( 'NONE',  ( 1.000000000000000000, -1.365923996832130870E-16, 0.000000000000000000 ) ) ;
#2008 = VECTOR ( 'NONE', #2891, 1000.000000000000000 ) ;
#2009 = ORIENTED_EDGE ( 'NONE', *, *, #3200, .T. ) ;
#2010 = CARTESIAN_POINT ( 'NONE',  ( 6.350000000000000533, -0.8890000000000000124, -22.22499999999999787 ) ) ;
#2011 = LINE ( 'NONE', #2813, #1647 ) ;
#2012 = CARTESIAN_POINT ( 'NONE',  ( 1.257659471581006682E-16, -0.8890000000000000124, -22.22499999999999787 ) ) ;
#2013 = ORIENTED_EDGE ( 'NONE', *, *, #3209, .T. ) ;
#2014 = CYLINDRICAL_SURFACE ( 'NONE', #3526, 3.175000000000000711 ) ;
#2015 = ORIENTED_EDGE ( 'NONE', *, *, #221, .T. ) ;
#2016 = VERTEX_POINT ( 'NONE', #512 ) ;
#2017 = EDGE_CURVE ( 'NONE', #3959, #4454, #3833, .T. ) ;
#2018 = FACE_OUTER_BOUND ( 'NONE', #4102, .T. ) ;
#2019 = LINE ( 'NONE', #3163, #2340 ) ;
#2020 = ORIENTED_EDGE ( 'NONE', *, *, #504, .F. ) ;
#2021 = DIRECTION ( 'NONE',  ( 0.000000000000000000, 1.000000000000000000, 0.000000000000000000 ) ) ;
#2022 = CARTESIAN_POINT ( 'NONE',  ( -5.883583750239862895E-18, -0.8890000000000000124, -14.80000000000000071 ) ) ;
#2023 = PERSON_AND_ORGANIZATION_ROLE ( 'design_supplier' ) ;
#2024 = EDGE_CURVE ( 'NONE', #1448, #2864, #4116, .T. ) ;
#2025 = LINE ( 'NONE', #1976, #108 ) ;
#2026 = CARTESIAN_POINT ( 'NONE',  ( -2.630594115711840632E-16, -2.174999999999999822, -15.87500000000000000 ) ) ;
#2027 = DIRECTION ( 'NONE',  ( 0.000000000000000000, 0.000000000000000000, 1.000000000000000000 ) ) ;
#2028 = CARTESIAN_POINT ( 'NONE',  ( 12.30000000000000071, -2.232710535457612888, 5.620762745781209269 ) ) ;
#2029 = ORIENTED_EDGE ( 'NONE', *, *, #4411, .F. ) ;
#2030 = PLANE ( 'NONE',  #755 ) ;
#2031 = EDGE_CURVE ( 'NONE', #794, #4623, #2419, .T. ) ;
#2032 = DIRECTION ( 'NONE',  ( -0.000000000000000000, 1.000000000000000000, -0.000000000000000000 ) ) ;
#2033 =( BOUNDED_CURVE ( )  B_SPLINE_CURVE ( 3, ( #388, #1813, #1530, #3286 ),
 .UNSPECIFIED., .F., .F. ) 
 B_SPLINE_CURVE_WITH_KNOTS ( ( 4, 4 ),
 ( 1.810267798689539021, 1.921073213463466933 ),
 .UNSPECIFIED. ) 
 CURVE ( )  GEOMETRIC_REPRESENTATION_ITEM ( )  RATIONAL_B_SPLINE_CURVE ( ( 1.000000000000000000, 0.9989771083553060649, 0.9989771083553060649, 1.000000000000000000 ) ) 
 REPRESENTATION_ITEM ( '' )  );
#2034 = CARTESIAN_POINT ( 'NONE',  ( -0.3999999999999999667, -2.232710535457612888, 5.620762745781209269 ) ) ;
#2035 = EDGE_LOOP ( 'NONE', ( #489, #938 ) ) ;
#2036 = VECTOR ( 'NONE', #424, 1000.000000000000000 ) ;
#2037 = DIRECTION ( 'NONE',  ( -1.000000000000000000, -1.398970545142586541E-16, 0.000000000000000000 ) ) ;
#2038 = ORIENTED_EDGE ( 'NONE', *, *, #3087, .F. ) ;
#2039 = ORIENTED_EDGE ( 'NONE', *, *, #3276, .T. ) ;
#2040 = CARTESIAN_POINT ( 'NONE',  ( 0.000000000000000000, 0.000000000000000000, 0.8890000000000009006 ) ) ;
#2041 = LINE ( 'NONE', #4226, #4658 ) ;
#2042 = ORIENTED_EDGE ( 'NONE', *, *, #4489, .T. ) ;
#2043 = LINE ( 'NONE', #3481, #494 ) ;
#2044 = EDGE_CURVE ( 'NONE', #3891, #3878, #225, .T. ) ;
#2045 = PERSON_AND_ORGANIZATION ( #376, #2453 ) ;
#2046 = B_SPLINE_CURVE_WITH_KNOTS ( 'NONE', 3,
 ( #1204, #4440, #865, #426, #402, #1899 ),
 .UNSPECIFIED., .F., .F.,
 ( 4, 2, 4 ),
 ( 0.000000000000000000, 0.0004757428370953073232, 0.0009514856741906142128 ),
 .UNSPECIFIED. ) ;
#2047 = CARTESIAN_POINT ( 'NONE',  ( -0.4000000000000000222, 2.083236664664702698, 5.905597390643911204 ) ) ;
#2048 = DIRECTION ( 'NONE',  ( 0.000000000000000000, 0.000000000000000000, 1.000000000000000000 ) ) ;
#2049 = FACE_BOUND ( 'NONE', #2381, .T. ) ;
#2050 = CYLINDRICAL_SURFACE ( 'NONE', #3943, 2.099999999999999645 ) ;
#2051 = ORIENTED_EDGE ( 'NONE', *, *, #327, .T. ) ;
#2052 = CARTESIAN_POINT ( 'NONE',  ( 11.97936842241353439, 1.972483239316684234, 5.138999999999997570 ) ) ;
#2053 = DIRECTION ( 'NONE',  ( 1.000000000000000000, 0.000000000000000000, 0.000000000000000000 ) ) ;
#2054 = CARTESIAN_POINT ( 'NONE',  ( 6.350000000000002309, -6.201024999999999565, -8.449999999999997513 ) ) ;
#2055 = EDGE_LOOP ( 'NONE', ( #1703, #152 ) ) ;
#2056 = EDGE_CURVE ( 'NONE', #1326, #2930, #3811, .T. ) ;
#2057 = AXIS2_PLACEMENT_3D ( 'NONE', #4257, #916, #1615 ) ;
#2058 = CARTESIAN_POINT ( 'NONE',  ( 14.80000000000000071, 0.000000000000000000, 5.438999999999999169 ) ) ;
#2059 = EDGE_LOOP ( 'NONE', ( #4575, #4708, #3963, #495 ) ) ;
#2060 = VERTEX_POINT ( 'NONE', #1983 ) ;
#2061 = EDGE_CURVE ( 'NONE', #794, #2443, #2446, .T. ) ;
#2062 = CIRCLE ( 'NONE', #3852, 2.100000000000000089 ) ;
#2063 = CARTESIAN_POINT ( 'NONE',  ( -2.099872945368625121, 0.000000000000000000, 6.138999999999998458 ) ) ;
#2064 = CC_DESIGN_APPROVAL ( #3463, ( #215 ) ) ;
#2065 = DIRECTION ( 'NONE',  ( -0.000000000000000000, 1.000000000000000000, -0.000000000000000000 ) ) ;
#2066 = EDGE_CURVE ( 'NONE', #1481, #3393, #404, .T. ) ;
#2067 = AXIS2_PLACEMENT_3D ( 'NONE', #2990, #451, #4468 ) ;
#2068 = ORIENTED_EDGE ( 'NONE', *, *, #1538, .T. ) ;
#2069 = ADVANCED_FACE ( 'NONE', ( #3925, #1650 ), #1321, .T. ) ;
#2070 = DIRECTION ( 'NONE',  ( 1.000000000000000000, 0.000000000000000000, 0.000000000000000000 ) ) ;
#2071 = SECURITY_CLASSIFICATION_LEVEL ( 'unclassified' ) ;
#2072 = AXIS2_PLACEMENT_3D ( 'NONE', #4188, #432, #344 ) ;
#2073 = VECTOR ( 'NONE', #1994, 1000.000000000000000 ) ;
#2074 = LINE ( 'NONE', #2805, #2962 ) ;
#2075 = CARTESIAN_POINT ( 'NONE',  ( -6.200000000000001066, -4.174999999999998934, -2.000000000000000000 ) ) ;
#2076 = PLANE ( 'NONE',  #3159 ) ;
#2077 = DIRECTION ( 'NONE',  ( 0.7071067811865474617, 0.000000000000000000, 0.7071067811865474617 ) ) ;
#2078 = EDGE_CURVE ( 'NONE', #3638, #3959, #4192, .T. ) ;
#2079 = ORIENTED_EDGE ( 'NONE', *, *, #812, .F. ) ;
#2080 = CARTESIAN_POINT ( 'NONE',  ( 12.20190265095412840, 2.040073290564207831, 2.595422128626172054 ) ) ;
#2081 = LINE ( 'NONE', #197, #1881 ) ;
#2082 = VECTOR ( 'NONE', #2468, 1000.000000000000000 ) ;
#2083 = DIRECTION ( 'NONE',  ( 1.000000000000000000, 0.000000000000000000, 0.000000000000000000 ) ) ;
#2084 = VERTEX_POINT ( 'NONE', #3515 ) ;
#2085 = CARTESIAN_POINT ( 'NONE',  ( -5.200000000000000178, -6.199999999999997513, -17.50441558772836714 ) ) ;
#2086 = ORIENTED_EDGE ( 'NONE', *, *, #4044, .T. ) ;
#2087 = VERTEX_POINT ( 'NONE', #2422 ) ;
#2088 = CARTESIAN_POINT ( 'NONE',  ( 13.09999999999999964, -3.174999999999998934, 5.139000000000001123 ) ) ;
#2089 = CARTESIAN_POINT ( 'NONE',  ( 12.69999999999999929, 0.000000000000000000, 5.523072258617638397 ) ) ;
#2090 = EDGE_CURVE ( 'NONE', #1120, #3310, #2081, .T. ) ;
#2091 = ORIENTED_EDGE ( 'NONE', *, *, #2923, .F. ) ;
#2092 = CARTESIAN_POINT ( 'NONE',  ( 12.69999999999999929, 0.000000000000000000, 0.000000000000000000 ) ) ;
#2093 = EDGE_CURVE ( 'NONE', #2084, #1024, #2372, .T. ) ;
#2094 = CC_DESIGN_PERSON_AND_ORGANIZATION_ASSIGNMENT ( #213, #2363, ( #2770 ) ) ;
#2095 = CARTESIAN_POINT ( 'NONE',  ( -2.630594115711841125E-16, -5.460999999999999410, -12.69999999999999929 ) ) ;
#2096 = CARTESIAN_POINT ( 'NONE',  ( 6.350000000000002309, -5.460999999999999410, -6.349999999999997868 ) ) ;
#2097 = DIRECTION ( 'NONE',  ( 0.000000000000000000, 0.000000000000000000, 1.000000000000000000 ) ) ;
#2098 = EDGE_LOOP ( 'NONE', ( #570, #1483, #2526, #3735 ) ) ;
#2099 = CARTESIAN_POINT ( 'NONE',  ( 16.35441558772843251, -4.174999999999998046, -19.04999999999993676 ) ) ;
#2100 = DIRECTION ( 'NONE',  ( -0.000000000000000000, 1.000000000000000000, -0.000000000000000000 ) ) ;
#2101 = PLANE ( 'NONE',  #3579 ) ;
#2102 = EDGE_CURVE ( 'NONE', #1427, #4647, #2011, .T. ) ;
#2103 = AXIS2_PLACEMENT_3D ( 'NONE', #974, #2032, #4267 ) ;
#2104 = CARTESIAN_POINT ( 'NONE',  ( -0.3999999999999999667, -2.264950330581225746, 5.523072258617638397 ) ) ;
#2105 = VERTEX_POINT ( 'NONE', #3535 ) ;
#2106 = VERTEX_POINT ( 'NONE', #1696 ) ;
#2107 = ADVANCED_FACE ( 'NONE', ( #3469 ), #3880, .T. ) ;
#2108 = DIRECTION ( 'NONE',  ( -0.7071067811865491270, 0.000000000000000000, -0.7071067811865459074 ) ) ;
#2109 = ORIENTED_EDGE ( 'NONE', *, *, #2571, .T. ) ;
#2110 = EDGE_LOOP ( 'NONE', ( #642, #703, #2258, #1046, #2837, #466, #4506, #324, #2697, #3416 ) ) ;
#2111 = VECTOR ( 'NONE', #1690, 1000.000000000000000 ) ;
#2112 = LINE ( 'NONE', #278, #1689 ) ;
#2113 = CARTESIAN_POINT ( 'NONE',  ( 12.69999999999999929, 0.000000000000000000, 5.438999999999999169 ) ) ;
#2114 = AXIS2_PLACEMENT_3D ( 'NONE', #247, #1673, #149 ) ;
#2115 = ORIENTED_EDGE ( 'NONE', *, *, #514, .F. ) ;
#2116 = DIRECTION ( 'NONE',  ( 0.000000000000000000, 1.000000000000000000, 0.000000000000000000 ) ) ;
#2117 = EDGE_CURVE ( 'NONE', #4493, #3438, #4652, .T. ) ;
#2118 = CARTESIAN_POINT ( 'NONE',  ( -5.200000000000000178, -4.174999999999998046, -20.59558441227150993 ) ) ;
#2119 = DIRECTION ( 'NONE',  ( 1.000000000000000000, -1.365923996832130870E-16, 1.092739197465704696E-15 ) ) ;
#2120 = ADVANCED_FACE ( 'NONE', ( #877 ), #562, .T. ) ;
#2121 = CARTESIAN_POINT ( 'NONE',  ( 0.000000000000000000, 0.000000000000000000, 0.8890000000000009006 ) ) ;
#2122 = EDGE_LOOP ( 'NONE', ( #1744, #4323, #1790, #3003 ) ) ;
#2123 = LINE ( 'NONE', #246, #3944 ) ;
#2124 = CARTESIAN_POINT ( 'NONE',  ( 18.90000000000000213, -0.1999999999999996503, -25.39999999999999858 ) ) ;
#2125 = DIRECTION ( 'NONE',  ( -8.115498896123205041E-15, 0.000000000000000000, 1.000000000000000000 ) ) ;
#2126 = CARTESIAN_POINT ( 'NONE',  ( -6.200000000000001066, 6.200000000000000178, -2.000000000000000000 ) ) ;
#2127 = EDGE_CURVE ( 'NONE', #4525, #3027, #481, .T. ) ;
#2128 = ORIENTED_EDGE ( 'NONE', *, *, #4262, .T. ) ;
#2129 = ORIENTED_EDGE ( 'NONE', *, *, #504, .T. ) ;
#2130 = AXIS2_PLACEMENT_3D ( 'NONE', #2669, #2354, #1941 ) ;
#2131 = LINE ( 'NONE', #3615, #1277 ) ;
#2132 = ADVANCED_FACE ( 'NONE', ( #2716 ), #4572, .F. ) ;
#2133 = ORIENTED_EDGE ( 'NONE', *, *, #809, .F. ) ;
#2134 = ORIENTED_EDGE ( 'NONE', *, *, #2449, .F. ) ;
#2135 = AXIS2_PLACEMENT_3D ( 'NONE', #1990, #2747, #3474 ) ;
#2136 = AXIS2_PLACEMENT_3D ( 'NONE', #1708, #3942, #3964 ) ;
#2137 = DIRECTION ( 'NONE',  ( 0.000000000000000000, 1.000000000000000000, 0.000000000000000000 ) ) ;
#2138 = LINE ( 'NONE', #3642, #787 ) ;
#2139 = ORIENTED_EDGE ( 'NONE', *, *, #237, .F. ) ;
#2140 = VECTOR ( 'NONE', #1644, 1000.000000000000000 ) ;
#2141 = CIRCLE ( 'NONE', #3541, 3.174999999999999822 ) ;
#2142 = AXIS2_PLACEMENT_3D ( 'NONE', #3646, #2555, #3988 ) ;
#2143 = CARTESIAN_POINT ( 'NONE',  ( -5.199999999999998401, -4.174999999999998046, -25.39999999999999858 ) ) ;
#2144 = FACE_BOUND ( 'NONE', #1737, .T. ) ;
#2145 = EDGE_CURVE ( 'NONE', #3521, #4204, #1386, .T. ) ;
#2146 = AXIS2_PLACEMENT_3D ( 'NONE', #3919, #4310, #1316 ) ;
#2147 = CARTESIAN_POINT ( 'NONE',  ( -2.630594115711841125E-16, -0.8890000000000000124, -25.39999999999999858 ) ) ;
#2148 = ORIENTED_EDGE ( 'NONE', *, *, #3010, .T. ) ;
#2149 = DIRECTION ( 'NONE',  ( 0.000000000000000000, 0.000000000000000000, 1.000000000000000000 ) ) ;
#2150 = AXIS2_PLACEMENT_3D ( 'NONE', #3449, #1253, #2725 ) ;
#2151 = LINE ( 'NONE', #629, #3896 ) ;
#2152 = EDGE_CURVE ( 'NONE', #3479, #4767, #2490, .T. ) ;
#2153 = DIRECTION ( 'NONE',  ( -8.115498896123205041E-15, 0.000000000000000000, 1.000000000000000000 ) ) ;
#2154 = CARTESIAN_POINT ( 'NONE',  ( -6.199999999999999289, -6.200000000000000178, -2.000000000000000000 ) ) ;
#2155 = ORIENTED_EDGE ( 'NONE', *, *, #4055, .T. ) ;
#2156 = ORIENTED_EDGE ( 'NONE', *, *, #3277, .T. ) ;
#2157 = VECTOR ( 'NONE', #1175, 1000.000000000000000 ) ;
#2158 = DIRECTION ( 'NONE',  ( 1.000000000000000000, 0.000000000000000000, 0.000000000000000000 ) ) ;
#2159 = EDGE_LOOP ( 'NONE', ( #2221, #1807, #2133, #729 ) ) ;
#2160 = EDGE_LOOP ( 'NONE', ( #900, #3100, #3643, #355, #12, #233 ) ) ;
#2161 = DIRECTION ( 'NONE',  ( -0.7071067811865475727, 0.000000000000000000, 0.7071067811865475727 ) ) ;
#2162 = FACE_OUTER_BOUND ( 'NONE', #2908, .T. ) ;
#2163 = EDGE_LOOP ( 'NONE', ( #2877, #3840 ) ) ;
#2164 = EDGE_CURVE ( 'NONE', #4600, #2443, #1040, .T. ) ;
#2165 = CARTESIAN_POINT ( 'NONE',  ( 12.30000000000000071, -2.232710535457612888, 5.620762745781209269 ) ) ;
#2166 = FACE_BOUND ( 'NONE', #1067, .T. ) ;
#2167 = DIRECTION ( 'NONE',  ( 0.7071067811865474617, -0.000000000000000000, 0.7071067811865474617 ) ) ;
#2168 = VERTEX_POINT ( 'NONE', #3952 ) ;
#2169 = DIRECTION ( 'NONE',  ( 0.000000000000000000, 0.000000000000000000, -1.000000000000000000 ) ) ;
#2170 = EDGE_CURVE ( 'NONE', #1048, #4570, #253, .T. ) ;
#2171 = DIRECTION ( 'NONE',  ( 1.209468558947973047E-16, 1.000000000000000000, 0.000000000000000000 ) ) ;
#2172 = DIRECTION ( 'NONE',  ( -1.084202172485504434E-16, 0.000000000000000000, -1.000000000000000000 ) ) ;
#2173 = VERTEX_POINT ( 'NONE', #2513 ) ;
#2174 = CARTESIAN_POINT ( 'NONE',  ( 17.89999999999999858, -2.175000000000002043, -101.3795551986130192 ) ) ;
#2175 = EDGE_CURVE ( 'NONE', #4427, #4178, #2859, .T. ) ;
#2176 = LINE ( 'NONE', #1092, #2566 ) ;
#2177 = ORIENTED_EDGE ( 'NONE', *, *, #1423, .T. ) ;
#2178 = VERTEX_POINT ( 'NONE', #3584 ) ;
#2179 = CARTESIAN_POINT ( 'NONE',  ( 6.350000000000002309, -2.175000000000000711, -3.174999999999997602 ) ) ;
#2180 = VECTOR ( 'NONE', #2385, 1000.000000000000000 ) ;
#2181 = DIRECTION ( 'NONE',  ( 0.000000000000000000, 1.000000000000000000, 0.000000000000000000 ) ) ;
#2182 = CARTESIAN_POINT ( 'NONE',  ( 0.4980973490458738828, -2.040073290564207831, 2.595422128626172054 ) ) ;
#2183 = ORIENTED_EDGE ( 'NONE', *, *, #1806, .T. ) ;
#2184 = CIRCLE ( 'NONE', #1951, 2.100000000000000977 ) ;
#2185 = VECTOR ( 'NONE', #790, 1000.000000000000000 ) ;
#2186 = AXIS2_PLACEMENT_3D ( 'NONE', #922, #4664, #4186 ) ;
#2187 = ORIENTED_EDGE ( 'NONE', *, *, #4390, .T. ) ;
#2188 = CARTESIAN_POINT ( 'NONE',  ( -5.068629150101459757, -0.1999999999999996503, -19.04999999999999361 ) ) ;
#2189 = PLANE ( 'NONE',  #1450 ) ;
#2190 = FACE_OUTER_BOUND ( 'NONE', #3153, .T. ) ;
#2191 = EDGE_LOOP ( 'NONE', ( #2276, #3567, #2326, #571, #2606, #2636 ) ) ;
#2192 = CARTESIAN_POINT ( 'NONE',  ( -6.226320535179879527E-14, -2.175000000000003375, -30.59999999999993392 ) ) ;
#2193 = EDGE_CURVE ( 'NONE', #4744, #1394, #643, .T. ) ;
#2194 = CARTESIAN_POINT ( 'NONE',  ( 2.100000000000000089, 0.000000000000000000, 5.438999999999999169 ) ) ;
#2195 = CARTESIAN_POINT ( 'NONE',  ( -0.3999999999999999667, 2.254205848354697395, 5.555636450100673862 ) ) ;
#2196 = ORIENTED_EDGE ( 'NONE', *, *, #1414, .F. ) ;
#2197 = DIRECTION ( 'NONE',  ( -0.000000000000000000, -0.000000000000000000, -1.000000000000000000 ) ) ;
#2198 = FACE_OUTER_BOUND ( 'NONE', #252, .T. ) ;
#2199 = VERTEX_POINT ( 'NONE', #267 ) ;
#2200 = DIRECTION ( 'NONE',  ( 0.000000000000000000, -1.000000000000000000, 0.000000000000000000 ) ) ;
#2201 = EDGE_CURVE ( 'NONE', #2403, #1700, #2151, .T. ) ;
#2202 = ORIENTED_EDGE ( 'NONE', *, *, #4243, .F. ) ;
#2203 = LINE ( 'NONE', #3687, #3862 ) ;
#2204 = DIRECTION ( 'NONE',  ( -0.7071067811865459074, 0.000000000000000000, -0.7071067811865491270 ) ) ;
#2205 = EDGE_LOOP ( 'NONE', ( #2155, #4714, #1583, #4221 ) ) ;
#2206 = EDGE_CURVE ( 'NONE', #3547, #1609, #3657, .T. ) ;
#2207 = DIRECTION ( 'NONE',  ( 0.7071067811865479058, -7.330486454263144080E-17, 0.7071067811865472397 ) ) ;
#2208 = EDGE_CURVE ( 'NONE', #804, #637, #654, .T. ) ;
#2209 = AXIS2_PLACEMENT_3D ( 'NONE', #2718, #4118, #1218 ) ;
#2210 = ADVANCED_FACE ( 'NONE', ( #1766 ), #572, .T. ) ;
#2211 = VERTEX_POINT ( 'NONE', #4608 ) ;
#2212 = DIRECTION ( 'NONE',  ( -0.000000000000000000, -0.000000000000000000, -1.000000000000000000 ) ) ;
#2213 = LINE ( 'NONE', #1130, #828 ) ;
#2214 = AXIS2_PLACEMENT_3D ( 'NONE', #693, #3647, #1805 ) ;
#2215 = CARTESIAN_POINT ( 'NONE',  ( 12.69999999999999929, -5.460999999999999410, -28.57499999999999929 ) ) ;
#2216 = AXIS2_PLACEMENT_3D ( 'NONE', #2126, #3610, #793 ) ;
#2217 = ORIENTED_EDGE ( 'NONE', *, *, #1329, .F. ) ;
#2218 = DIRECTION ( 'NONE',  ( -0.000000000000000000, -0.000000000000000000, -1.000000000000000000 ) ) ;
#2219 = CARTESIAN_POINT ( 'NONE',  ( 6.349999999999994316, -4.174999999999999822, -29.05441558772836430 ) ) ;
#2220 = DIRECTION ( 'NONE',  ( -1.000000000000000000, 0.000000000000000000, 0.000000000000000000 ) ) ;
#2221 = ORIENTED_EDGE ( 'NONE', *, *, #2483, .F. ) ;
#2222 = DIRECTION ( 'NONE',  ( 0.000000000000000000, 0.000000000000000000, 1.000000000000000000 ) ) ;
#2223 = EDGE_CURVE ( 'NONE', #1748, #2979, #2498, .T. ) ;
#2224 = CIRCLE ( 'NONE', #4704, 2.100000000000000977 ) ;
#2225 = DIRECTION ( 'NONE',  ( 0.7071067811865474617, 0.7071067811865475727, 0.000000000000000000 ) ) ;
#2226 = ORIENTED_EDGE ( 'NONE', *, *, #3069, .F. ) ;
#2227 = DIRECTION ( 'NONE',  ( -0.000000000000000000, 1.000000000000000000, -0.000000000000000000 ) ) ;
#2228 = EDGE_LOOP ( 'NONE', ( #4132, #4459, #4596, #576 ) ) ;
#2229 = LINE ( 'NONE', #2938, #1466 ) ;
#2230 = CIRCLE ( 'NONE', #3784, 1.554966049364602254 ) ;
#2231 = CARTESIAN_POINT ( 'NONE',  ( -5.200000000000000178, -6.199999999999997513, -1.999999999999998224 ) ) ;
#2232 = EDGE_CURVE ( 'NONE', #1460, #1080, #2800, .T. ) ;
#2233 = ORIENTED_EDGE ( 'NONE', *, *, #4243, .T. ) ;
#2234 = VECTOR ( 'NONE', #511, 1000.000000000000000 ) ;
#2235 = FACE_OUTER_BOUND ( 'NONE', #801, .T. ) ;
#2236 = EDGE_CURVE ( 'NONE', #1460, #4328, #2019, .T. ) ;
#2237 = ORIENTED_EDGE ( 'NONE', *, *, #4019, .T. ) ;
#2238 = CARTESIAN_POINT ( 'NONE',  ( 13.10000000000000142, 1.663442899047753887, 6.138999999999997570 ) ) ;
#2239 = CARTESIAN_POINT ( 'NONE',  ( -6.199999999999999289, -6.200000000000000178, 0.000000000000000000 ) ) ;
#2240 = DIRECTION ( 'NONE',  ( 0.000000000000000000, 1.000000000000000000, 0.000000000000000000 ) ) ;
#2241 = EDGE_CURVE ( 'NONE', #3052, #1394, #913, .T. ) ;
#2242 = ORIENTED_EDGE ( 'NONE', *, *, #589, .F. ) ;
#2243 = CARTESIAN_POINT ( 'NONE',  ( 0.3999999999999999667, -2.061552812808830293, 5.139000000000001123 ) ) ;
#2244 = FACE_OUTER_BOUND ( 'NONE', #3835, .T. ) ;
#2245 = DIRECTION ( 'NONE',  ( -8.115498896123205041E-15, 0.000000000000000000, 1.000000000000000000 ) ) ;
#2246 = VERTEX_POINT ( 'NONE', #1305 ) ;
#2247 = CARTESIAN_POINT ( 'NONE',  ( 17.89999999999999858, -6.199999999999997513, -17.50441558772836714 ) ) ;
#2248 = DIRECTION ( 'NONE',  ( 0.000000000000000000, 0.000000000000000000, -1.000000000000000000 ) ) ;
#2249 = ORIENTED_EDGE ( 'NONE', *, *, #4437, .F. ) ;
#2250 = CARTESIAN_POINT ( 'NONE',  ( 17.89999999999999858, -0.1999999999999996503, -1.999999999999998224 ) ) ;
#2251 = ORIENTED_EDGE ( 'NONE', *, *, #1329, .T. ) ;
#2252 = EDGE_LOOP ( 'NONE', ( #1950, #2823, #1153, #3, #1536, #2941, #4382, #1168, #544, #831, #2426, #1181 ) ) ;
#2253 = FACE_OUTER_BOUND ( 'NONE', #4119, .T. ) ;
#2254 = ORIENTED_EDGE ( 'NONE', *, *, #3540, .T. ) ;
#2255 = AXIS2_PLACEMENT_3D ( 'NONE', #1406, #1361, #3973 ) ;
#2256 = CARTESIAN_POINT ( 'NONE',  ( -0.3999999999999999667, -2.264950330581225746, 5.523072258617638397 ) ) ;
#2257 = AXIS2_PLACEMENT_3D ( 'NONE', #3703, #3434, #768 ) ;
#2258 = ORIENTED_EDGE ( 'NONE', *, *, #3495, .F. ) ;
#2259 = DIRECTION ( 'NONE',  ( -1.000000000000000000, 0.000000000000000000, -0.000000000000000000 ) ) ;
#2260 = CARTESIAN_POINT ( 'NONE',  ( 6.349999999999994316, -0.1999999999999996503, -30.46862915010146367 ) ) ;
#2261 = EDGE_CURVE ( 'NONE', #2087, #4250, #2184, .T. ) ;
#2262 = DIRECTION ( 'NONE',  ( 0.7071067811865474617, 0.000000000000000000, -0.7071067811865474617 ) ) ;
#2263 = CIRCLE ( 'NONE', #2820, 2.100000000000000977 ) ;
#2264 = ORIENTED_EDGE ( 'NONE', *, *, #2145, .F. ) ;
#2265 = DIRECTION ( 'NONE',  ( 1.000000000000000000, 0.000000000000000000, 0.000000000000000000 ) ) ;
#2266 = CARTESIAN_POINT ( 'NONE',  ( -0.3999999999999999667, 2.061552812808830293, 5.438999999999999169 ) ) ;
#2267 = DIRECTION ( 'NONE',  ( 0.7071067811865471286, -0.000000000000000000, 0.7071067811865479058 ) ) ;
#2268 = ORIENTED_EDGE ( 'NONE', *, *, #1984, .T. ) ;
#2269 = CARTESIAN_POINT ( 'NONE',  ( -0.3999999999999999667, 0.000000000000000000, 6.138999999999998458 ) ) ;
#2270 = DIRECTION ( 'NONE',  ( -0.000000000000000000, 1.000000000000000000, -0.000000000000000000 ) ) ;
#2271 = DIRECTION ( 'NONE',  ( 1.209468558947973047E-16, 1.000000000000000000, 0.000000000000000000 ) ) ;
#2272 = ADVANCED_FACE ( 'NONE', ( #4255 ), #4276, .T. ) ;
#2273 = ORIENTED_EDGE ( 'NONE', *, *, #211, .T. ) ;
#2274 = DIRECTION ( 'NONE',  ( 1.000000000000000000, 0.000000000000000000, 0.000000000000000000 ) ) ;
#2275 = ORIENTED_EDGE ( 'NONE', *, *, #701, .F. ) ;
#2276 = ORIENTED_EDGE ( 'NONE', *, *, #3406, .F. ) ;
#2277 = PLANE ( 'NONE',  #2442 ) ;
#2278 = ORIENTED_EDGE ( 'NONE', *, *, #2528, .F. ) ;
#2279 = EDGE_CURVE ( 'NONE', #1900, #502, #3231, .T. ) ;
#2280 = CARTESIAN_POINT ( 'NONE',  ( -5.200000000000062350, -0.1999999999999996503, -25.39999999999999858 ) ) ;
#2281 = ORIENTED_EDGE ( 'NONE', *, *, #3929, .F. ) ;
#2282 = CARTESIAN_POINT ( 'NONE',  ( 12.69999999999999929, -0.8890000000000000124, -22.22499999999999787 ) ) ;
#2283 = LINE ( 'NONE', #3769, #3299 ) ;
#2284 = EDGE_LOOP ( 'NONE', ( #3955, #856 ) ) ;
#2285 = CARTESIAN_POINT ( 'NONE',  ( -0.7206315775864664541, -1.972483239316685122, 5.138999999999997570 ) ) ;
#2286 = EDGE_CURVE ( 'NONE', #1818, #2627, #2825, .T. ) ;
#2287 = DIRECTION ( 'NONE',  ( 0.000000000000000000, 0.000000000000000000, -1.000000000000000000 ) ) ;
#2288 = DIRECTION ( 'NONE',  ( 0.000000000000000000, 0.000000000000000000, 1.000000000000000000 ) ) ;
#2289 = AXIS2_PLACEMENT_3D ( 'NONE', #3487, #3556, #4286 ) ;
#2290 = CYLINDRICAL_SURFACE ( 'NONE', #2072, 3.175000000000000711 ) ;
#2291 = CYLINDRICAL_SURFACE ( 'NONE', #3392, 3.175000000000000711 ) ;
#2292 = VECTOR ( 'NONE', #2240, 1000.000000000000000 ) ;
#2293 = EDGE_CURVE ( 'NONE', #2517, #3475, #3816, .T. ) ;
#2294 = VECTOR ( 'NONE', #500, 1000.000000000000000 ) ;
#2295 = DIRECTION ( 'NONE',  ( 1.000000000000000000, 0.000000000000000000, -0.000000000000000000 ) ) ;
#2296 = ORIENTED_EDGE ( 'NONE', *, *, #3373, .F. ) ;
#2297 = CARTESIAN_POINT ( 'NONE',  ( 13.09999999999999964, -1.663407726524675834, 6.138999999999999346 ) ) ;
#2298 = ORIENTED_EDGE ( 'NONE', *, *, #1006, .T. ) ;
#2299 = ORIENTED_EDGE ( 'NONE', *, *, #1620, .T. ) ;
#2300 = AXIS2_PLACEMENT_3D ( 'NONE', #3144, #167, #4288 ) ;
#2301 = CC_DESIGN_PERSON_AND_ORGANIZATION_ASSIGNMENT ( #2604, #1591, ( #1800 ) ) ;
#2302 = FACE_OUTER_BOUND ( 'NONE', #1973, .T. ) ;
#2303 = AXIS2_PLACEMENT_3D ( 'NONE', #4302, #1751, #2870 ) ;
#2304 = ORIENTED_EDGE ( 'NONE', *, *, #4729, .F. ) ;
#2305 = VECTOR ( 'NONE', #4289, 1000.000000000000000 ) ;
#2306 = CARTESIAN_POINT ( 'NONE',  ( 17.89999999999999858, -45.00940607636245261, -25.39999999999999858 ) ) ;
#2307 = ORIENTED_EDGE ( 'NONE', *, *, #3897, .T. ) ;
#2308 = VECTOR ( 'NONE', #901, 1000.000000000000000 ) ;
#2309 = LINE ( 'NONE', #3795, #4732 ) ;
#2310 = EDGE_CURVE ( 'NONE', #933, #91, #2041, .T. ) ;
#2311 = CARTESIAN_POINT ( 'NONE',  ( 12.30000000000000071, 1.502637486114517751, 6.138999999999998458 ) ) ;
#2312 = DIRECTION ( 'NONE',  ( 0.7071067811865474617, 0.000000000000000000, -0.7071067811865474617 ) ) ;
#2313 = ORIENTED_EDGE ( 'NONE', *, *, #476, .F. ) ;
#2314 = CARTESIAN_POINT ( 'NONE',  ( -6.199999999999999289, -6.200000000000000178, 0.000000000000000000 ) ) ;
#2315 = LINE ( 'NONE', #3382, #717 ) ;
#2316 = DIRECTION ( 'NONE',  ( 0.000000000000000000, 1.000000000000000000, 0.000000000000000000 ) ) ;
#2317 = CARTESIAN_POINT ( 'NONE',  ( -6.199999999999999289, -6.200000000000000178, 0.000000000000000000 ) ) ;
#2318 = CARTESIAN_POINT ( 'NONE',  ( -0.4286119346557866194, 2.057850353472996385, 2.353605336466521258 ) ) ;
#2319 = EDGE_LOOP ( 'NONE', ( #2202, #519, #3551, #3404 ) ) ;
#2320 = CARTESIAN_POINT ( 'NONE',  ( 12.30000000000000071, 2.061552812808830293, 5.438999999999999169 ) ) ;
#2321 = CARTESIAN_POINT ( 'NONE',  ( 0.1236690215010813193, -2.099990463092003878, 2.139040055015564601 ) ) ;
#2322 = ORIENTED_EDGE ( 'NONE', *, *, #3249, .T. ) ;
#2323 = ADVANCED_FACE ( 'NONE', ( #2457 ), #4680, .F. ) ;
#2324 = CARTESIAN_POINT ( 'NONE',  ( -6.200000000000001066, 6.200000000000000178, -2.000000000000000000 ) ) ;
#2325 = ORIENTED_EDGE ( 'NONE', *, *, #802, .F. ) ;
#2326 = ORIENTED_EDGE ( 'NONE', *, *, #1666, .T. ) ;
#2327 = EDGE_CURVE ( 'NONE', #1700, #3026, #4121, .T. ) ;
#2328 = PLANE ( 'NONE',  #3448 ) ;
#2329 = ORIENTED_EDGE ( 'NONE', *, *, #2633, .T. ) ;
#2330 = EDGE_CURVE ( 'NONE', #4451, #2084, #3961, .T. ) ;
#2331 = ORIENTED_EDGE ( 'NONE', *, *, #2004, .F. ) ;
#2332 = FACE_OUTER_BOUND ( 'NONE', #3456, .T. ) ;
#2333 = ORIENTED_EDGE ( 'NONE', *, *, #706, .F. ) ;
#2334 = AXIS2_PLACEMENT_3D ( 'NONE', #2689, #98, #53 ) ;
#2335 = ADVANCED_FACE ( 'NONE', ( #640 ), #2778, .T. ) ;
#2336 = FACE_OUTER_BOUND ( 'NONE', #4273, .T. ) ;
#2337 = CARTESIAN_POINT ( 'NONE',  ( -9.300000000000002487, -3.099999999999996980, -2.000000000000000000 ) ) ;
#2338 = COORDINATED_UNIVERSAL_TIME_OFFSET ( 6, 0, .BEHIND. ) ;
#2339 = ORIENTED_EDGE ( 'NONE', *, *, #2423, .F. ) ;
#2340 = VECTOR ( 'NONE', #1662, 1000.000000000000000 ) ;
#2341 = CARTESIAN_POINT ( 'NONE',  ( -2.630594115711841125E-16, -6.201024999999999565, -10.59999999999999787 ) ) ;
#2342 = DIRECTION ( 'NONE',  ( 1.000000000000000000, 0.000000000000000000, 0.000000000000000000 ) ) ;
#2343 = CARTESIAN_POINT ( 'NONE',  ( -5.200000000000062350, -45.00940607636245261, -25.39999999999999858 ) ) ;
#2344 = CARTESIAN_POINT ( 'NONE',  ( -6.200000000000001066, 6.200000000000000178, 0.000000000000000000 ) ) ;
#2345 = DIRECTION ( 'NONE',  ( 0.000000000000000000, 0.000000000000000000, 1.000000000000000000 ) ) ;
#2346 = EDGE_CURVE ( 'NONE', #4628, #288, #2958, .T. ) ;
#2347 = ORIENTED_EDGE ( 'NONE', *, *, #467, .F. ) ;
#2348 = LINE ( 'NONE', #1627, #4399 ) ;
#2349 = AXIS2_PLACEMENT_3D ( 'NONE', #3374, #379, #42 ) ;
#2350 = DIRECTION ( 'NONE',  ( 8.115498896123167176E-15, 0.000000000000000000, 1.000000000000000000 ) ) ;
#2351 = CARTESIAN_POINT ( 'NONE',  ( -3.654415587728433223, -45.00940607636245261, -19.04999999999993676 ) ) ;
#2352 = ORIENTED_EDGE ( 'NONE', *, *, #3949, .T. ) ;
#2353 = VERTEX_POINT ( 'NONE', #2407 ) ;
#2354 = DIRECTION ( 'NONE',  ( -0.000000000000000000, -1.000000000000000000, -0.000000000000000000 ) ) ;
#2355 = ORIENTED_EDGE ( 'NONE', *, *, #2414, .F. ) ;
#2356 = VERTEX_POINT ( 'NONE', #3890 ) ;
#2357 = LINE ( 'NONE', #4607, #3162 ) ;
#2358 = ADVANCED_FACE ( 'NONE', ( #236 ), #1706, .F. ) ;
#2359 = ORIENTED_EDGE ( 'NONE', *, *, #767, .T. ) ;
#2360 = AXIS2_PLACEMENT_3D ( 'NONE', #3288, #2933, #659 ) ;
#2361 = DIRECTION ( 'NONE',  ( -0.000000000000000000, 1.000000000000000000, -0.000000000000000000 ) ) ;
#2362 = DIRECTION ( 'NONE',  ( 0.000000000000000000, 0.000000000000000000, 1.000000000000000000 ) ) ;
#2363 = PERSON_AND_ORGANIZATION_ROLE ( 'classification_officer' ) ;
#2364 = CARTESIAN_POINT ( 'NONE',  ( -3.654415587728433223, -45.00940607636245261, -19.04999999999993676 ) ) ;
#2365 = DIRECTION ( 'NONE',  ( -0.000000000000000000, -0.000000000000000000, -1.000000000000000000 ) ) ;
#2366 = CARTESIAN_POINT ( 'NONE',  ( -5.200000000000062350, -6.199999999999997513, -25.39999999999999858 ) ) ;
#2367 = CARTESIAN_POINT ( 'NONE',  ( 12.30000000000000071, 1.502637486114517751, 6.138999999999998458 ) ) ;
#2368 = DIRECTION ( 'NONE',  ( -0.000000000000000000, 1.000000000000000000, -0.000000000000000000 ) ) ;
#2369 = AXIS2_PLACEMENT_3D ( 'NONE', #1271, #2665, #2274 ) ;
#2370 = ORIENTED_EDGE ( 'NONE', *, *, #2236, .F. ) ;
#2371 = LINE ( 'NONE', #4074, #234 ) ;
#2372 = LINE ( 'NONE', #541, #326 ) ;
#2373 = VECTOR ( 'NONE', #4358, 1000.000000000000000 ) ;
#2374 = CARTESIAN_POINT ( 'NONE',  ( 7.895584412271571928, -45.00940607636245261, -30.59999999999994102 ) ) ;
#2375 = EDGE_LOOP ( 'NONE', ( #1680, #4290 ) ) ;
#2376 = APPROVAL_PERSON_ORGANIZATION ( #4085, #3820, #4183 ) ;
#2377 = AXIS2_PLACEMENT_3D ( 'NONE', #2388, #1256, #1998 ) ;
#2378 = CARTESIAN_POINT ( 'NONE',  ( 13.09999999999999964, 2.129368206736822700, 5.466985055880802413 ) ) ;
#2379 = ORIENTED_EDGE ( 'NONE', *, *, #4123, .T. ) ;
#2380 = AXIS2_PLACEMENT_3D ( 'NONE', #1106, #1426, #3699 ) ;
#2381 = EDGE_LOOP ( 'NONE', ( #740, #3269 ) ) ;
#2382 = DIRECTION ( 'NONE',  ( -0.000000000000000000, 1.000000000000000000, -0.000000000000000000 ) ) ;
#2383 = VECTOR ( 'NONE', #2137, 1000.000000000000000 ) ;
#2384 = EDGE_CURVE ( 'NONE', #3179, #3878, #2731, .T. ) ;
#2385 = DIRECTION ( 'NONE',  ( 1.299846859515564880E-14, -1.572123908031338644E-30, 1.000000000000000000 ) ) ;
#2386 = ORIENTED_EDGE ( 'NONE', *, *, #1057, .F. ) ;
#2387 = DIRECTION ( 'NONE',  ( 0.000000000000000000, 1.000000000000000000, 0.000000000000000000 ) ) ;
#2388 = CARTESIAN_POINT ( 'NONE',  ( 12.69999999999999929, 0.000000000000000000, 5.523072258617638397 ) ) ;
#2389 = VECTOR ( 'NONE', #949, 1000.000000000000000 ) ;
#2390 = ADVANCED_FACE ( 'NONE', ( #1041 ), #2101, .F. ) ;
#2391 = DIRECTION ( 'NONE',  ( -0.000000000000000000, 0.000000000000000000, 1.000000000000000000 ) ) ;
#2392 = PLANE ( 'NONE',  #3926 ) ;
#2393 = EDGE_CURVE ( 'NONE', #810, #2979, #909, .T. ) ;
#2394 = CARTESIAN_POINT ( 'NONE',  ( 12.29999999999999716, 1.821676962433383062, 6.089970303311149635 ) ) ;
#2395 = CARTESIAN_POINT ( 'NONE',  ( 12.69999999999999929, 0.000000000000000000, 6.138999999999998458 ) ) ;
#2396 = ORIENTED_EDGE ( 'NONE', *, *, #786, .T. ) ;
#2397 = DIRECTION ( 'NONE',  ( -1.000000000000000000, -0.000000000000000000, -0.000000000000000000 ) ) ;
#2398 = CARTESIAN_POINT ( 'NONE',  ( 12.69999999999999929, -6.199999999999997513, -25.39999999999999858 ) ) ;
#2399 = FACE_OUTER_BOUND ( 'NONE', #2965, .T. ) ;
#2400 = ORIENTED_EDGE ( 'NONE', *, *, #1917, .T. ) ;
#2401 = VERTEX_POINT ( 'NONE', #4375 ) ;
#2402 = LINE ( 'NONE', #546, #4372 ) ;
#2403 = VERTEX_POINT ( 'NONE', #3308 ) ;
#2404 = ORIENTED_EDGE ( 'NONE', *, *, #3636, .T. ) ;
#2405 = CYLINDRICAL_SURFACE ( 'NONE', #4011, 3.175000000000000711 ) ;
#2406 = EDGE_CURVE ( 'NONE', #1400, #3521, #331, .T. ) ;
#2407 = CARTESIAN_POINT ( 'NONE',  ( 17.89999999999999858, -4.175000000000005151, -20.59558441227150993 ) ) ;
#2408 = ORIENTED_EDGE ( 'NONE', *, *, #3433, .T. ) ;
#2409 = DIRECTION ( 'NONE',  ( -0.000000000000000000, -0.000000000000000000, 1.000000000000000000 ) ) ;
#2410 = LINE ( 'NONE', #2337, #3232 ) ;
#2411 = APPROVAL_DATE_TIME ( #3118, #3820 ) ;
#2412 = B_SPLINE_CURVE_WITH_KNOTS ( 'NONE', 3,
 ( #3125, #4595, #3099, #2713 ),
 .UNSPECIFIED., .F., .F.,
 ( 4, 4 ),
 ( 0.003655977453372196047, 0.003758849537120531516 ),
 .UNSPECIFIED. ) ;
#2413 = ADVANCED_FACE ( 'NONE', ( #3651 ), #3632, .T. ) ;
#2414 = EDGE_CURVE ( 'NONE', #3027, #1510, #3586, .T. ) ;
#2415 = CARTESIAN_POINT ( 'NONE',  ( 4.804415587728428250, -2.175000000000003375, -30.59999999999994102 ) ) ;
#2416 = CARTESIAN_POINT ( 'NONE',  ( 12.69999999999999929, 0.000000000000000000, 6.138999999999998458 ) ) ;
#2417 = DIRECTION ( 'NONE',  ( 0.000000000000000000, 1.000000000000000000, 0.000000000000000000 ) ) ;
#2418 = DIRECTION ( 'NONE',  ( 0.000000000000000000, 0.000000000000000000, -1.000000000000000000 ) ) ;
#2419 = CIRCLE ( 'NONE', #4198, 5.199999999999968203 ) ;
#2420 = ORIENTED_EDGE ( 'NONE', *, *, #2061, .F. ) ;
#2421 = DIRECTION ( 'NONE',  ( 1.000000000000000000, 0.000000000000000000, 0.000000000000000000 ) ) ;
#2422 = CARTESIAN_POINT ( 'NONE',  ( -2.630594115711841125E-16, -0.8890000000000000124, -10.59999999999999787 ) ) ;
#2423 = EDGE_CURVE ( 'NONE', #4650, #3886, #4419, .T. ) ;
#2424 = VECTOR ( 'NONE', #1753, 1000.000000000000000 ) ;
#2425 = CARTESIAN_POINT ( 'NONE',  ( 14.80000000000000071, 2.571758278209440971E-16, 0.8890000000000009006 ) ) ;
#2426 = ORIENTED_EDGE ( 'NONE', *, *, #1086, .T. ) ;
#2427 = ADVANCED_FACE ( 'NONE', ( #2860 ), #4357, .F. ) ;
#2428 = CIRCLE ( 'NONE', #4287, 3.175000000000000711 ) ;
#2429 = EDGE_CURVE ( 'NONE', #1383, #4761, #23, .T. ) ;
#2430 = CARTESIAN_POINT ( 'NONE',  ( 13.09999999999999964, 2.197165962000669381, 5.495012552331536959 ) ) ;
#2431 = VERTEX_POINT ( 'NONE', #294 ) ;
#2432 = VERTEX_POINT ( 'NONE', #314 ) ;
#2433 = PLANE ( 'NONE',  #834 ) ;
#2434 = DIRECTION ( 'NONE',  ( 0.000000000000000000, 1.000000000000000000, 0.000000000000000000 ) ) ;
#2435 = ORIENTED_EDGE ( 'NONE', *, *, #172, .F. ) ;
#2436 = DIRECTION ( 'NONE',  ( 0.7071067811865474617, 0.000000000000000000, -0.7071067811865474617 ) ) ;
#2437 = EDGE_CURVE ( 'NONE', #2978, #1966, #4728, .T. ) ;
#2438 = DIRECTION ( 'NONE',  ( 0.000000000000000000, 0.000000000000000000, -1.000000000000000000 ) ) ;
#2439 = DIRECTION ( 'NONE',  ( 0.000000000000000000, 1.000000000000000000, 0.000000000000000000 ) ) ;
#2440 = CARTESIAN_POINT ( 'NONE',  ( 17.89999999999999858, -0.1999999999999996503, -20.59558441227150993 ) ) ;
#2441 = FACE_OUTER_BOUND ( 'NONE', #180, .T. ) ;
#2442 = AXIS2_PLACEMENT_3D ( 'NONE', #4199, #442, #883 ) ;
#2443 = VERTEX_POINT ( 'NONE', #2901 ) ;
#2444 = DIRECTION ( 'NONE',  ( 0.000000000000000000, -0.000000000000000000, 1.000000000000000000 ) ) ;
#2445 = EDGE_CURVE ( 'NONE', #4340, #4108, #1771, .T. ) ;
#2446 = LINE ( 'NONE', #931, #1570 ) ;
#2447 = DIRECTION ( 'NONE',  ( 0.000000000000000000, 0.000000000000000000, 1.000000000000000000 ) ) ;
#2448 = ORIENTED_EDGE ( 'NONE', *, *, #2649, .F. ) ;
#2449 = EDGE_CURVE ( 'NONE', #3695, #1318, #2885, .T. ) ;
#2450 = AXIS2_PLACEMENT_3D ( 'NONE', #3493, #1743, #1674 ) ;
#2451 = DIRECTION ( 'NONE',  ( -0.7071067811865474617, 0.000000000000000000, -0.7071067811865474617 ) ) ;
#2452 = EDGE_LOOP ( 'NONE', ( #3998, #1825, #632, #1815 ) ) ;
#2453 = ORGANIZATION ( 'UNSPECIFIED', 'UNSPECIFIED', '' ) ;
#2454 = ORIENTED_EDGE ( 'NONE', *, *, #1291, .F. ) ;
#2455 = AXIS2_PLACEMENT_3D ( 'NONE', #4402, #2950, #2172 ) ;
#2456 = CARTESIAN_POINT ( 'NONE',  ( 6.350000000000002309, -0.8890000000000000124, -6.349999999999997868 ) ) ;
#2457 = FACE_OUTER_BOUND ( 'NONE', #1605, .T. ) ;
#2458 = CONICAL_SURFACE ( 'NONE', #2377, 2.299999999999999822, 0.3141592653589760364 ) ;
#2459 = VERTEX_POINT ( 'NONE', #3262 ) ;
#2460 = CARTESIAN_POINT ( 'NONE',  ( 1.257659471581008161E-16, -2.174999999999999822, -22.22499999999999787 ) ) ;
#2461 = AXIS2_PLACEMENT_3D ( 'NONE', #2947, #695, #2169 ) ;
#2462 = CARTESIAN_POINT ( 'NONE',  ( 12.30000000000000071, -1.663442899047753887, 6.138999999999997570 ) ) ;
#2463 = DIRECTION ( 'NONE',  ( 0.000000000000000000, 0.000000000000000000, 1.000000000000000000 ) ) ;
#2464 = DIRECTION ( 'NONE',  ( -0.000000000000000000, 1.000000000000000000, -0.000000000000000000 ) ) ;
#2465 = CARTESIAN_POINT ( 'NONE',  ( 12.27138806534421356, 2.057850353472996385, 2.353605336466520370 ) ) ;
#2466 = B_SPLINE_CURVE_WITH_KNOTS ( 'NONE', 3,
 ( #154, #2430, #2378, #2795 ),
 .UNSPECIFIED., .F., .F.,
 ( 4, 4 ),
 ( 0.003029541235337105450, 0.003249628748158706060 ),
 .UNSPECIFIED. ) ;
#2467 = ORIENTED_EDGE ( 'NONE', *, *, #1710, .F. ) ;
#2468 = DIRECTION ( 'NONE',  ( -0.000000000000000000, -1.000000000000000000, -0.000000000000000000 ) ) ;
#2469 = AXIS2_PLACEMENT_3D ( 'NONE', #757, #1848, #4488 ) ;
#2470 = DIRECTION ( 'NONE',  ( 1.000000000000000000, 0.000000000000000000, 0.000000000000000000 ) ) ;
#2471 = VECTOR ( 'NONE', #2791, 1000.000000000000000 ) ;
#2472 = DIRECTION ( 'NONE',  ( 0.000000000000000000, 0.000000000000000000, 1.000000000000000000 ) ) ;
#2473 = ORIENTED_EDGE ( 'NONE', *, *, #3929, .T. ) ;
#2474 = FACE_OUTER_BOUND ( 'NONE', #526, .T. ) ;
#2475 = EDGE_LOOP ( 'NONE', ( #3060, #4486, #4696, #2936 ) ) ;
#2476 = EDGE_CURVE ( 'NONE', #890, #3379, #4507, .T. ) ;
#2477 = ORIENTED_EDGE ( 'NONE', *, *, #4661, .F. ) ;
#2478 = LINE ( 'NONE', #3960, #3001 ) ;
#2479 = CARTESIAN_POINT ( 'NONE',  ( 12.69999999999999929, -5.460999999999999410, -25.39999999999999858 ) ) ;
#2480 = ORIENTED_EDGE ( 'NONE', *, *, #4064, .F. ) ;
#2481 = PLANE ( 'NONE',  #3222 ) ;
#2482 = ADVANCED_FACE ( 'NONE', ( #4691 ), #4020, .F. ) ;
#2483 = EDGE_CURVE ( 'NONE', #4502, #1780, #721, .T. ) ;
#2484 = CARTESIAN_POINT ( 'NONE',  ( -0.3999999999999999667, -2.061552812808830293, 5.139000000000001123 ) ) ;
#2485 = FACE_BOUND ( 'NONE', #1324, .T. ) ;
#2486 = DIRECTION ( 'NONE',  ( -0.000000000000000000, -0.000000000000000000, 1.000000000000000000 ) ) ;
#2487 = ADVANCED_FACE ( 'NONE', ( #1111 ), #1387, .F. ) ;
#2488 = EDGE_LOOP ( 'NONE', ( #4269, #2552, #155, #2693 ) ) ;
#2489 = DIRECTION ( 'NONE',  ( -0.000000000000000000, 1.000000000000000000, -0.000000000000000000 ) ) ;
#2490 = LINE ( 'NONE', #2879, #1099 ) ;
#2491 = VECTOR ( 'NONE', #4765, 1000.000000000000000 ) ;
#2492 = CARTESIAN_POINT ( 'NONE',  ( 6.350000000000002309, -5.460999999999999410, -6.349999999999997868 ) ) ;
#2493 = VECTOR ( 'NONE', #173, 1000.000000000000000 ) ;
#2494 = DIRECTION ( 'NONE',  ( -0.000000000000000000, 1.000000000000000000, -0.000000000000000000 ) ) ;
#2495 = VERTEX_POINT ( 'NONE', #2997 ) ;
#2496 = ORIENTED_EDGE ( 'NONE', *, *, #52, .F. ) ;
#2497 = EDGE_CURVE ( 'NONE', #2664, #2016, #2609, .T. ) ;
#2498 = CIRCLE ( 'NONE', #407, 2.299999999999999822 ) ;
#2499 = FACE_OUTER_BOUND ( 'NONE', #723, .T. ) ;
#2500 = ORIENTED_EDGE ( 'NONE', *, *, #911, .F. ) ;
#2501 = VECTOR ( 'NONE', #3066, 1000.000000000000000 ) ;
#2502 = ORIENTED_EDGE ( 'NONE', *, *, #3608, .T. ) ;
#2503 = AXIS2_PLACEMENT_3D ( 'NONE', #2853, #2896, #2828 ) ;
#2504 = VERTEX_POINT ( 'NONE', #2219 ) ;
#2505 = EDGE_CURVE ( 'NONE', #443, #1080, #4472, .T. ) ;
#2506 = LINE ( 'NONE', #328, #647 ) ;
#2507 = DIRECTION ( 'NONE',  ( -1.000000000000000000, 0.000000000000000000, -0.000000000000000000 ) ) ;
#2508 = DIRECTION ( 'NONE',  ( 0.000000000000000000, 0.000000000000000000, 1.000000000000000000 ) ) ;
#2509 = CC_DESIGN_DATE_AND_TIME_ASSIGNMENT ( #3553, #162, ( #1512 ) ) ;
#2510 = ORIENTED_EDGE ( 'NONE', *, *, #3676, .F. ) ;
#2511 = FACE_OUTER_BOUND ( 'NONE', #3762, .T. ) ;
#2512 = B_SPLINE_CURVE_WITH_KNOTS ( 'NONE', 3,
 ( #2028, #119, #843, #1211 ),
 .UNSPECIFIED., .F., .F.,
 ( 4, 4 ),
 ( 0.003655977453372196481, 0.003758849537120531950 ),
 .UNSPECIFIED. ) ;
#2513 = CARTESIAN_POINT ( 'NONE',  ( 17.76862915010146438, -0.1999999999999996503, -19.04999999999999716 ) ) ;
#2514 = CARTESIAN_POINT ( 'NONE',  ( 13.09999999999999964, -2.129368205736811070, 5.466985055468133403 ) ) ;
#2515 = FACE_OUTER_BOUND ( 'NONE', #4025, .T. ) ;
#2516 = ORIENTED_EDGE ( 'NONE', *, *, #4495, .T. ) ;
#2517 = VERTEX_POINT ( 'NONE', #3329 ) ;
#2518 = CIRCLE ( 'NONE', #978, 2.100000000000000977 ) ;
#2519 = CARTESIAN_POINT ( 'NONE',  ( 46.24198539317081469, -4.175000000000004263, -48.93756980544245039 ) ) ;
#2520 = ADVANCED_FACE ( 'NONE', ( #1184 ), #406, .T. ) ;
#2521 = ORIENTED_EDGE ( 'NONE', *, *, #4254, .T. ) ;
#2522 = ORIENTED_EDGE ( 'NONE', *, *, #1391, .F. ) ;
#2523 = CIRCLE ( 'NONE', #2136, 6.199999999999976197 ) ;
#2524 = CARTESIAN_POINT ( 'NONE',  ( -6.199999999999954881, -0.1999999999999996503, -17.91862915010150203 ) ) ;
#2525 = PLANE ( 'NONE',  #1492 ) ;
#2526 = ORIENTED_EDGE ( 'NONE', *, *, #4393, .F. ) ;
#2527 = AXIS2_PLACEMENT_3D ( 'NONE', #4752, #295, #1768 ) ;
#2528 = EDGE_CURVE ( 'NONE', #3903, #4574, #3737, .T. ) ;
#2529 = APPROVAL_PERSON_ORGANIZATION ( #2045, #3463, #3894 ) ;
#2530 = VECTOR ( 'NONE', #4589, 1000.000000000000000 ) ;
#2531 = CARTESIAN_POINT ( 'NONE',  ( 17.89999999999999858, -2.175000000000002043, -101.3795551986130192 ) ) ;
#2532 = EDGE_CURVE ( 'NONE', #4178, #4490, #3750, .T. ) ;
#2533 = DIRECTION ( 'NONE',  ( 1.000000000000000000, 0.000000000000000000, 0.000000000000000000 ) ) ;
#2534 = CARTESIAN_POINT ( 'NONE',  ( 12.69999999999999929, -2.175000000000001599, -15.87500000000000000 ) ) ;
#2535 = ORIENTED_EDGE ( 'NONE', *, *, #1897, .T. ) ;
#2536 = DIRECTION ( 'NONE',  ( 0.000000000000000000, 0.000000000000000000, 1.000000000000000000 ) ) ;
#2537 = EDGE_CURVE ( 'NONE', #964, #2431, #3775, .T. ) ;
#2538 = DIRECTION ( 'NONE',  ( 0.000000000000000000, 0.000000000000000000, 1.000000000000000000 ) ) ;
#2539 = CARTESIAN_POINT ( 'NONE',  ( 7.895584412271571928, -0.1999999999999996503, -30.59999999999994102 ) ) ;
#2540 = EDGE_LOOP ( 'NONE', ( #4530, #1963, #4360, #4558 ) ) ;
#2541 = DIRECTION ( 'NONE',  ( 1.000000000000000000, 0.000000000000000000, 0.000000000000000000 ) ) ;
#2542 = CIRCLE ( 'NONE', #1393, 2.299999999999999822 ) ;
#2543 = DIRECTION ( 'NONE',  ( -0.000000000000000000, 1.000000000000000000, -0.000000000000000000 ) ) ;
#2544 = ORIENTED_EDGE ( 'NONE', *, *, #1734, .T. ) ;
#2545 = ORIENTED_EDGE ( 'NONE', *, *, #2844, .T. ) ;
#2546 = LINE ( 'NONE', #4027, #4387 ) ;
#2547 = CARTESIAN_POINT ( 'NONE',  ( 6.350000000000000533, -5.460999999999999410, -21.14999999999999858 ) ) ;
#2548 = EDGE_CURVE ( 'NONE', #4120, #1864, #2743, .T. ) ;
#2549 = DIRECTION ( 'NONE',  ( -0.000000000000000000, 1.000000000000000000, -0.000000000000000000 ) ) ;
#2550 = ORIENTED_EDGE ( 'NONE', *, *, #847, .T. ) ;
#2551 = ADVANCED_FACE ( 'NONE', ( #2244 ), #3045, .T. ) ;
#2552 = ORIENTED_EDGE ( 'NONE', *, *, #2476, .F. ) ;
#2553 =( BOUNDED_CURVE ( )  B_SPLINE_CURVE ( 3, ( #3432, #1206, #115, #4590 ),
 .UNSPECIFIED., .F., .F. ) 
 B_SPLINE_CURVE_WITH_KNOTS ( ( 4, 4 ),
 ( 4.362112093716118189, 4.472917508490046323 ),
 .UNSPECIFIED. ) 
 CURVE ( )  GEOMETRIC_REPRESENTATION_ITEM ( )  RATIONAL_B_SPLINE_CURVE ( ( 1.000000000000000000, 0.9989771083553060649, 0.9989771083553060649, 1.000000000000000000 ) ) 
 REPRESENTATION_ITEM ( '' )  );
#2554 = CARTESIAN_POINT ( 'NONE',  ( 12.69999999999999929, 0.000000000000000000, 5.438999999999999169 ) ) ;
#2555 = DIRECTION ( 'NONE',  ( -0.000000000000000000, -0.000000000000000000, -1.000000000000000000 ) ) ;
#2556 = CARTESIAN_POINT ( 'NONE',  ( 7.895584412271571928, -6.199999999999997513, -30.59999999999994102 ) ) ;
#2557 = ORIENTED_EDGE ( 'NONE', *, *, #28, .T. ) ;
#2558 = CARTESIAN_POINT ( 'NONE',  ( 18.89999999999999858, 6.200000000000000178, 0.000000000000000000 ) ) ;
#2559 = ADVANCED_FACE ( 'NONE', ( #1550 ), #1207, .T. ) ;
#2560 = DIRECTION ( 'NONE',  ( 0.9961946980917461003, 0.000000000000000000, -0.08715574274765176821 ) ) ;
#2561 = CARTESIAN_POINT ( 'NONE',  ( 6.350000000000000533, -5.460999999999999410, -19.04999999999999716 ) ) ;
#2562 = ORIENTED_EDGE ( 'NONE', *, *, #4751, .F. ) ;
#2563 = LINE ( 'NONE', #2174, #1467 ) ;
#2564 = EDGE_CURVE ( 'NONE', #1685, #311, #22, .T. ) ;
#2565 = CARTESIAN_POINT ( 'NONE',  ( -6.199999999999898037, -2.174999999999998934, -30.59999999999991971 ) ) ;
#2566 = VECTOR ( 'NONE', #3682, 1000.000000000000000 ) ;
#2567 = VERTEX_POINT ( 'NONE', #456 ) ;
#2568 = FACE_OUTER_BOUND ( 'NONE', #4042, .T. ) ;
#2569 = VERTEX_POINT ( 'NONE', #93 ) ;
#2570 = AXIS2_PLACEMENT_3D ( 'NONE', #4176, #4122, #1891 ) ;
#2571 = EDGE_CURVE ( 'NONE', #2666, #2724, #2315, .T. ) ;
#2572 = CARTESIAN_POINT ( 'NONE',  ( 7.895584412271571928, -6.199999999999997513, -30.59999999999994102 ) ) ;
#2573 = DIRECTION ( 'NONE',  ( -1.000000000000000000, -0.000000000000000000, -0.000000000000000000 ) ) ;
#2574 = ORIENTED_EDGE ( 'NONE', *, *, #1561, .F. ) ;
#2575 = VECTOR ( 'NONE', #4280, 1000.000000000000000 ) ;
#2576 = ORIENTED_EDGE ( 'NONE', *, *, #4344, .T. ) ;
#2577 = ADVANCED_FACE ( 'NONE', ( #1953 ), #3068, .F. ) ;
#2578 = LINE ( 'NONE', #736, #3042 ) ;
#2579 = DIRECTION ( 'NONE',  ( -0.000000000000000000, 1.000000000000000000, -0.000000000000000000 ) ) ;
#2580 = CYLINDRICAL_SURFACE ( 'NONE', #4003, 3.175000000000000711 ) ;
#2581 = ORIENTED_EDGE ( 'NONE', *, *, #1909, .F. ) ;
#2582 = CARTESIAN_POINT ( 'NONE',  ( -6.200000000000002842, -0.1999999999999996503, -25.39999999999999858 ) ) ;
#2583 = CARTESIAN_POINT ( 'NONE',  ( -2.630594115711841125E-16, -2.174999999999999822, -25.39999999999999858 ) ) ;
#2584 = CARTESIAN_POINT ( 'NONE',  ( 5.218629150101503633, -6.200000000000000178, -31.59999999999995524 ) ) ;
#2585 = ORIENTED_EDGE ( 'NONE', *, *, #2769, .T. ) ;
#2586 = FACE_OUTER_BOUND ( 'NONE', #4124, .T. ) ;
#2587 = PLANE ( 'NONE',  #1870 ) ;
#2588 = ORIENTED_EDGE ( 'NONE', *, *, #190, .T. ) ;
#2589 = CARTESIAN_POINT ( 'NONE',  ( -2.630594115711841125E-16, -6.201024999999999565, -23.29999999999999716 ) ) ;
#2590 = ORIENTED_EDGE ( 'NONE', *, *, #2649, .T. ) ;
#2591 = EDGE_CURVE ( 'NONE', #2979, #125, #3023, .T. ) ;
#2592 = AXIS2_PLACEMENT_3D ( 'NONE', #128, #83, #518 ) ;
#2593 = DIRECTION ( 'NONE',  ( 0.7071067811865479058, 0.000000000000000000, 0.7071067811865472397 ) ) ;
#2594 = CARTESIAN_POINT ( 'NONE',  ( 6.350000000000002309, -0.8890000000000000124, -8.449999999999997513 ) ) ;
#2595 = ORIENTED_EDGE ( 'NONE', *, *, #4228, .F. ) ;
#2596 = ADVANCED_FACE ( 'NONE', ( #1135 ), #1526, .T. ) ;
#2597 = CC_DESIGN_PERSON_AND_ORGANIZATION_ASSIGNMENT ( #1333, #2023, ( #215 ) ) ;
#2598 = DIRECTION ( 'NONE',  ( 0.000000000000000000, 0.000000000000000000, -1.000000000000000000 ) ) ;
#2599 = VECTOR ( 'NONE', #1374, 1000.000000000000000 ) ;
#2600 = ORIENTED_EDGE ( 'NONE', *, *, #4197, .T. ) ;
#2601 = DIRECTION ( 'NONE',  ( -0.000000000000000000, 1.000000000000000000, -0.000000000000000000 ) ) ;
#2602 = LINE ( 'NONE', #3352, #991 ) ;
#2603 = AXIS2_PLACEMENT_3D ( 'NONE', #3064, #1876, #69 ) ;
#2604 = PERSON_AND_ORGANIZATION ( #376, #2453 ) ;
#2605 = VECTOR ( 'NONE', #1020, 1000.000000000000000 ) ;
#2606 = ORIENTED_EDGE ( 'NONE', *, *, #923, .T. ) ;
#2607 = CARTESIAN_POINT ( 'NONE',  ( 10.59999999999999787, 0.000000000000000000, 5.438999999999999169 ) ) ;
#2608 = AXIS2_PLACEMENT_3D ( 'NONE', #3506, #3117, #528 ) ;
#2609 = LINE ( 'NONE', #4088, #3035 ) ;
#2610 = DIRECTION ( 'NONE',  ( 0.000000000000000000, -1.000000000000000000, 0.000000000000000000 ) ) ;
#2611 = ORIENTED_EDGE ( 'NONE', *, *, #3780, .T. ) ;
#2612 = CARTESIAN_POINT ( 'NONE',  ( 6.350000000000002309, -2.175000000000000711, -6.349999999999997868 ) ) ;
#2613 = AXIS2_PLACEMENT_3D ( 'NONE', #4620, #929, #2444 ) ;
#2614 = DIRECTION ( 'NONE',  ( 0.000000000000000000, -1.000000000000000000, 0.000000000000000000 ) ) ;
#2615 = ORIENTED_EDGE ( 'NONE', *, *, #2699, .F. ) ;
#2616 = DIRECTION ( 'NONE',  ( -0.000000000000000000, 0.000000000000000000, 1.000000000000000000 ) ) ;
#2617 = ORIENTED_EDGE ( 'NONE', *, *, #4262, .F. ) ;
#2618 = ORIENTED_EDGE ( 'NONE', *, *, #188, .T. ) ;
#2619 = DIRECTION ( 'NONE',  ( -0.000000000000000000, -0.000000000000000000, -1.000000000000000000 ) ) ;
#2620 = VECTOR ( 'NONE', #77, 1000.000000000000000 ) ;
#2621 = CARTESIAN_POINT ( 'NONE',  ( 6.350000000000002309, -5.460999999999999410, -6.349999999999997868 ) ) ;
#2622 = ADVANCED_FACE ( 'NONE', ( #1903, #2659 ), #4134, .T. ) ;
#2623 = ORIENTED_EDGE ( 'NONE', *, *, #2004, .T. ) ;
#2624 = B_SPLINE_CURVE_WITH_KNOTS ( 'NONE', 3,
 ( #1335, #3528, #3486, #165 ),
 .UNSPECIFIED., .F., .F.,
 ( 4, 4 ),
 ( 0.007647354141962971197, 0.007869202712918554540 ),
 .UNSPECIFIED. ) ;
#2625 = VECTOR ( 'NONE', #9, 1000.000000000000000 ) ;
#2626 = DIRECTION ( 'NONE',  ( -0.000000000000000000, 1.000000000000000000, -0.000000000000000000 ) ) ;
#2627 = VERTEX_POINT ( 'NONE', #2415 ) ;
#2628 = PLANE ( 'NONE',  #886 ) ;
#2629 = DIRECTION ( 'NONE',  ( 1.000000000000000000, 0.000000000000000000, 8.260587980841934638E-15 ) ) ;
#2630 = DIRECTION ( 'NONE',  ( 0.7071067811865475727, -8.451223556522535512E-17, 0.7071067811865475727 ) ) ;
#2631 = EDGE_LOOP ( 'NONE', ( #2867, #2322, #3366, #2899 ) ) ;
#2632 = CARTESIAN_POINT ( 'NONE',  ( 12.69999999999999929, -0.8890000000000000124, -25.39999999999999858 ) ) ;
#2633 = EDGE_CURVE ( 'NONE', #4313, #377, #2624, .T. ) ;
#2634 = DIRECTION ( 'NONE',  ( -0.7071067811865475727, 8.451223556522535512E-17, -0.7071067811865475727 ) ) ;
#2635 = DIRECTION ( 'NONE',  ( -1.299846859515564880E-14, 0.000000000000000000, -1.000000000000000000 ) ) ;
#2636 = ORIENTED_EDGE ( 'NONE', *, *, #4038, .T. ) ;
#2637 = CARTESIAN_POINT ( 'NONE',  ( 9.524999999999998579, 0.000000000000000000, 0.000000000000000000 ) ) ;
#2638 = DIRECTION ( 'NONE',  ( 0.000000000000000000, 0.000000000000000000, -1.000000000000000000 ) ) ;
#2639 = DIRECTION ( 'NONE',  ( -0.000000000000000000, -0.000000000000000000, -1.000000000000000000 ) ) ;
#2640 = EDGE_LOOP ( 'NONE', ( #1158, #302 ) ) ;
#2641 = EDGE_CURVE ( 'NONE', #4388, #4493, #202, .T. ) ;
#2642 = CARTESIAN_POINT ( 'NONE',  ( 12.69999999999999929, -5.460999999999999410, -12.69999999999999929 ) ) ;
#2643 = VERTEX_POINT ( 'NONE', #3898 ) ;
#2644 = EDGE_LOOP ( 'NONE', ( #3513, #3724, #770, #228 ) ) ;
#2645 = CARTESIAN_POINT ( 'NONE',  ( -6.226320535179879527E-14, -0.1999999999999996503, -31.59999999999994102 ) ) ;
#2646 = ORIENTED_EDGE ( 'NONE', *, *, #3668, .T. ) ;
#2647 = VECTOR ( 'NONE', #2764, 1000.000000000000000 ) ;
#2648 = DIRECTION ( 'NONE',  ( 0.000000000000000000, 1.000000000000000000, 0.000000000000000000 ) ) ;
#2649 = EDGE_CURVE ( 'NONE', #745, #4642, #142, .T. ) ;
#2650 = AXIS2_PLACEMENT_3D ( 'NONE', #619, #1371, #962 ) ;
#2651 = ORIENTED_EDGE ( 'NONE', *, *, #4167, .F. ) ;
#2652 = CARTESIAN_POINT ( 'NONE',  ( 22.32499999999999929, -3.424999999999990941, -31.59999999999997655 ) ) ;
#2653 = DIRECTION ( 'NONE',  ( -1.000000000000000000, -0.000000000000000000, -0.000000000000000000 ) ) ;
#2654 = FACE_OUTER_BOUND ( 'NONE', #231, .T. ) ;
#2655 = ADVANCED_FACE ( 'NONE', ( #4211 ), #1642, .T. ) ;
#2656 = TOROIDAL_SURFACE ( 'NONE', #1274, 1.554966049364602254, 0.7500000000000000000 ) ;
#2657 = ORIENTED_EDGE ( 'NONE', *, *, #899, .T. ) ;
#2658 = PLANE ( 'NONE',  #1104 ) ;
#2659 = FACE_BOUND ( 'NONE', #1842, .T. ) ;
#2660 = CARTESIAN_POINT ( 'NONE',  ( 0.000000000000000000, 0.000000000000000000, 5.139000000000004675 ) ) ;
#2661 = DIRECTION ( 'NONE',  ( -0.000000000000000000, -0.000000000000000000, -1.000000000000000000 ) ) ;
#2662 = CARTESIAN_POINT ( 'NONE',  ( 0.4980973490458738828, 2.040073290564206943, 2.595422128626172054 ) ) ;
#2663 = DIRECTION ( 'NONE',  ( 0.000000000000000000, 0.000000000000000000, 1.000000000000000000 ) ) ;
#2664 = VERTEX_POINT ( 'NONE', #4234 ) ;
#2665 = DIRECTION ( 'NONE',  ( 0.000000000000000000, 0.000000000000000000, 1.000000000000000000 ) ) ;
#2666 = VERTEX_POINT ( 'NONE', #2710 ) ;
#2667 = ORIENTED_EDGE ( 'NONE', *, *, #660, .T. ) ;
#2668 = EDGE_CURVE ( 'NONE', #2403, #1868, #4662, .T. ) ;
#2669 = CARTESIAN_POINT ( 'NONE',  ( 12.69999999999999929, -0.8890000000000000124, -25.39999999999999858 ) ) ;
#2670 = ORIENTED_EDGE ( 'NONE', *, *, #1656, .T. ) ;
#2671 = DIRECTION ( 'NONE',  ( 0.000000000000000000, 1.000000000000000000, 0.000000000000000000 ) ) ;
#2672 = CONICAL_SURFACE ( 'NONE', #666, 2.299999999999999822, 0.3141592653589760364 ) ;
#2673 = EDGE_LOOP ( 'NONE', ( #3419, #2226, #1965, #1205 ) ) ;
#2674 = DIRECTION ( 'NONE',  ( -0.7071067811865459074, -0.000000000000000000, 0.7071067811865491270 ) ) ;
#2675 = FACE_OUTER_BOUND ( 'NONE', #3759, .T. ) ;
#2676 = EDGE_CURVE ( 'NONE', #2356, #3903, #963, .T. ) ;
#2677 = CYLINDRICAL_SURFACE ( 'NONE', #3924, 3.174999999999999822 ) ;
#2678 = ORIENTED_EDGE ( 'NONE', *, *, #2668, .T. ) ;
#2679 = CARTESIAN_POINT ( 'NONE',  ( 12.69999999999999929, 0.000000000000000000, 5.523072258617638397 ) ) ;
#2680 = AXIS2_PLACEMENT_3D ( 'NONE', #4634, #2021, #577 ) ;
#2681 = ADVANCED_FACE ( 'NONE', ( #1287 ), #3850, .F. ) ;
#2682 = EDGE_CURVE ( 'NONE', #38, #3685, #1877, .T. ) ;
#2683 = DIRECTION ( 'NONE',  ( -0.000000000000000000, -1.000000000000000000, -0.000000000000000000 ) ) ;
#2684 = DIRECTION ( 'NONE',  ( 0.000000000000000000, 0.000000000000000000, 1.000000000000000000 ) ) ;
#2685 = FACE_OUTER_BOUND ( 'NONE', #2110, .T. ) ;
#2686 = LINE ( 'NONE', #3512, #543 ) ;
#2687 = ORIENTED_EDGE ( 'NONE', *, *, #476, .T. ) ;
#2688 = AXIS2_PLACEMENT_3D ( 'NONE', #4084, #3062, #3325 ) ;
#2689 = CARTESIAN_POINT ( 'NONE',  ( 6.350000000000000533, -5.460999999999999410, -19.04999999999999716 ) ) ;
#2690 = ORIENTED_EDGE ( 'NONE', *, *, #4461, .F. ) ;
#2691 = CARTESIAN_POINT ( 'NONE',  ( 0.000000000000000000, 0.000000000000000000, 5.438999999999999169 ) ) ;
#2692 = VERTEX_POINT ( 'NONE', #1621 ) ;
#2693 = ORIENTED_EDGE ( 'NONE', *, *, #1909, .T. ) ;
#2694 = AXIS2_PLACEMENT_3D ( 'NONE', #2317, #3802, #558 ) ;
#2695 = PLANE ( 'NONE',  #2592 ) ;
#2696 = CIRCLE ( 'NONE', #611, 2.100000000000000089 ) ;
#2697 = ORIENTED_EDGE ( 'NONE', *, *, #1270, .F. ) ;
#2698 = ORIENTED_EDGE ( 'NONE', *, *, #4284, .F. ) ;
#2699 = EDGE_CURVE ( 'NONE', #34, #276, #241, .T. ) ;
#2700 = AXIS2_PLACEMENT_3D ( 'NONE', #3707, #3681, #3730 ) ;
#2701 = CARTESIAN_POINT ( 'NONE',  ( 13.18717986391388131, -2.042738866564660416, 2.470634702552896744 ) ) ;
#2702 = ORIENTED_EDGE ( 'NONE', *, *, #2127, .T. ) ;
#2703 = CIRCLE ( 'NONE', #4775, 2.100000000000000089 ) ;
#2704 = CARTESIAN_POINT ( 'NONE',  ( 13.09999999999999964, 2.061552812808831181, 5.139000000000001123 ) ) ;
#2705 = ADVANCED_FACE ( 'NONE', ( #3168 ), #3096, .T. ) ;
#2706 = CARTESIAN_POINT ( 'NONE',  ( 12.69999999999999929, 0.000000000000000000, 5.139000000000004675 ) ) ;
#2707 = APPROVAL_STATUS ( 'not_yet_approved' ) ;
#2708 = ORIENTED_EDGE ( 'NONE', *, *, #411, .T. ) ;
#2709 = LINE ( 'NONE', #2341, #1100 ) ;
#2710 = CARTESIAN_POINT ( 'NONE',  ( 12.69999999999999929, -6.199999999999997513, -31.59999999999997655 ) ) ;
#2711 = DIRECTION ( 'NONE',  ( -1.000000000000000000, 0.000000000000000000, 0.000000000000000000 ) ) ;
#2712 = CARTESIAN_POINT ( 'NONE',  ( 0.4980973490458738828, 2.040073290564206943, 2.595422128626172054 ) ) ;
#2713 = CARTESIAN_POINT ( 'NONE',  ( 13.09999999999999964, 2.264950330581225746, 5.523072258617638397 ) ) ;
#2714 = ORIENTED_EDGE ( 'NONE', *, *, #1980, .F. ) ;
#2715 = CARTESIAN_POINT ( 'NONE',  ( 12.69999999999999929, 0.000000000000000000, 6.138999999999998458 ) ) ;
#2716 = FACE_OUTER_BOUND ( 'NONE', #709, .T. ) ;
#2717 =( BOUNDED_CURVE ( )  B_SPLINE_CURVE ( 3, ( #4504, #3104, #1581, #101 ),
 .UNSPECIFIED., .F., .T. ) 
 B_SPLINE_CURVE_WITH_KNOTS ( ( 4, 4 ),
 ( 1.810267798689539687, 1.921073213463467599 ),
 .UNSPECIFIED. ) 
 CURVE ( )  GEOMETRIC_REPRESENTATION_ITEM ( )  RATIONAL_B_SPLINE_CURVE ( ( 1.000000000000000000, 0.9989771083553060649, 0.9989771083553060649, 1.000000000000000000 ) ) 
 REPRESENTATION_ITEM ( '' )  );
#2718 = CARTESIAN_POINT ( 'NONE',  ( 12.69999999999999929, 0.000000000000000000, 5.523072258617638397 ) ) ;
#2719 = ORIENTED_EDGE ( 'NONE', *, *, #2815, .F. ) ;
#2720 = ORIENTED_EDGE ( 'NONE', *, *, #960, .T. ) ;
#2721 = EDGE_CURVE ( 'NONE', #4147, #1078, #2074, .T. ) ;
#2722 = FACE_BOUND ( 'NONE', #1001, .T. ) ;
#2723 = EDGE_LOOP ( 'NONE', ( #2698, #4629 ) ) ;
#2724 = VERTEX_POINT ( 'NONE', #4285 ) ;
#2725 = DIRECTION ( 'NONE',  ( 0.000000000000000000, 0.000000000000000000, 1.000000000000000000 ) ) ;
#2726 = EDGE_LOOP ( 'NONE', ( #758, #2268, #4345, #3184, #382, #4354, #826, #6, #3354, #2667, #2702, #565 ) ) ;
#2727 = AXIS2_PLACEMENT_3D ( 'NONE', #485, #1533, #2225 ) ;
#2728 = CARTESIAN_POINT ( 'NONE',  ( -6.200000000000002842, -0.1999999999999996503, -25.39999999999999858 ) ) ;
#2729 = CARTESIAN_POINT ( 'NONE',  ( -6.200000000000001954, -0.1999999999999996503, -17.91862915010150203 ) ) ;
#2730 = ORIENTED_EDGE ( 'NONE', *, *, #3702, .T. ) ;
#2731 = CIRCLE ( 'NONE', #1801, 3.175000000000001155 ) ;
#2732 = CYLINDRICAL_SURFACE ( 'NONE', #1643, 3.175000000000000711 ) ;
#2733 = ADVANCED_FACE ( 'NONE', ( #556, #945 ), #580, .T. ) ;
#2734 = CARTESIAN_POINT ( 'NONE',  ( 6.350000000000002309, -5.460999999999999410, -6.349999999999997868 ) ) ;
#2735 = CARTESIAN_POINT ( 'NONE',  ( 18.89999999999995950, -0.1999999999999996503, -17.91862915010150559 ) ) ;
#2736 = CONICAL_SURFACE ( 'NONE', #184, 2.100000000000000977, 1.172861257340199304 ) ;
#2737 = CARTESIAN_POINT ( 'NONE',  ( 12.70000000000005969, -45.00940607636245261, -31.59999999999994102 ) ) ;
#2738 = DIRECTION ( 'NONE',  ( 1.000000000000000000, 0.000000000000000000, 8.260587980841937794E-15 ) ) ;
#2739 = ORIENTED_EDGE ( 'NONE', *, *, #1173, .F. ) ;
#2740 = DIRECTION ( 'NONE',  ( 0.000000000000000000, 0.000000000000000000, 1.000000000000000000 ) ) ;
#2741 = AXIS2_PLACEMENT_3D ( 'NONE', #4695, #2543, #3980 ) ;
#2742 = DIRECTION ( 'NONE',  ( 0.000000000000000000, 0.000000000000000000, 1.000000000000000000 ) ) ;
#2743 = B_SPLINE_CURVE_WITH_KNOTS ( 'NONE', 3,
 ( #2266, #1238, #4065, #4520 ),
 .UNSPECIFIED., .F., .F.,
 ( 4, 4 ),
 ( 0.007647354141962973799, 0.007869202712918556275 ),
 .UNSPECIFIED. ) ;
#2744 = LINE ( 'NONE', #3808, #2760 ) ;
#2745 = EDGE_LOOP ( 'NONE', ( #316, #1914 ) ) ;
#2746 = EDGE_CURVE ( 'NONE', #3317, #610, #967, .T. ) ;
#2747 = DIRECTION ( 'NONE',  ( -0.000000000000000000, -0.000000000000000000, -1.000000000000000000 ) ) ;
#2748 = ORIENTED_EDGE ( 'NONE', *, *, #4512, .T. ) ;
#2749 = EDGE_CURVE ( 'NONE', #3685, #3475, #2025, .T. ) ;
#2750 = ORIENTED_EDGE ( 'NONE', *, *, #52, .T. ) ;
#2751 = CARTESIAN_POINT ( 'NONE',  ( -6.199999999999953104, -6.200000000000000178, -20.18137084989848518 ) ) ;
#2752 = DIRECTION ( 'NONE',  ( -1.000000000000000000, 0.000000000000000000, -0.000000000000000000 ) ) ;
#2753 = ORIENTED_EDGE ( 'NONE', *, *, #3620, .T. ) ;
#2754 = PLANE ( 'NONE',  #3585 ) ;
#2755 = CARTESIAN_POINT ( 'NONE',  ( -5.068629150101460645, -0.1999999999999996503, -19.04999999999999361 ) ) ;
#2756 = CARTESIAN_POINT ( 'NONE',  ( -0.3999999999999999667, -3.174999999999999822, 6.138999999999998458 ) ) ;
#2757 = DIRECTION ( 'NONE',  ( -1.000000000000000000, 1.668003342285392044E-16, 0.000000000000000000 ) ) ;
#2758 = CARTESIAN_POINT ( 'NONE',  ( 6.350000000000000533, -5.460999999999999410, -16.94999999999999574 ) ) ;
#2759 = DIRECTION ( 'NONE',  ( -8.115498896123205041E-15, 0.000000000000000000, 1.000000000000000000 ) ) ;
#2760 = VECTOR ( 'NONE', #3834, 1000.000000000000000 ) ;
#2761 = EDGE_CURVE ( 'NONE', #4215, #431, #2263, .T. ) ;
#2762 = EDGE_LOOP ( 'NONE', ( #1138, #4609, #3711, #1515 ) ) ;
#2763 = DIRECTION ( 'NONE',  ( 0.000000000000000000, 1.000000000000000000, 0.000000000000000000 ) ) ;
#2764 = DIRECTION ( 'NONE',  ( 0.7071067811865459074, -8.552234196640313601E-17, -0.7071067811865491270 ) ) ;
#2765 = VECTOR ( 'NONE', #2494, 1000.000000000000000 ) ;
#2766 = CARTESIAN_POINT ( 'NONE',  ( 13.09999999999999964, -2.061552812808830293, 5.438999999999999169 ) ) ;
#2767 = VERTEX_POINT ( 'NONE', #2484 ) ;
#2768 = ORIENTED_EDGE ( 'NONE', *, *, #21, .T. ) ;
#2769 = EDGE_CURVE ( 'NONE', #2168, #498, #263, .T. ) ;
#2770 = SECURITY_CLASSIFICATION ( '', '', #2071 ) ;
#2771 = CIRCLE ( 'NONE', #1307, 2.100000000000000977 ) ;
#2772 = FACE_OUTER_BOUND ( 'NONE', #1301, .T. ) ;
#2773 = VERTEX_POINT ( 'NONE', #2143 ) ;
#2774 = VERTEX_POINT ( 'NONE', #2118 ) ;
#2775 = CARTESIAN_POINT ( 'NONE',  ( 12.30000000000000071, 2.129368205736810182, 5.466985055468133403 ) ) ;
#2776 = CIRCLE ( 'NONE', #1313, 2.100000000000000977 ) ;
#2777 = EDGE_CURVE ( 'NONE', #2993, #3490, #2428, .T. ) ;
#2778 = CYLINDRICAL_SURFACE ( 'NONE', #258, 2.100000000000000977 ) ;
#2779 = ORIENTED_EDGE ( 'NONE', *, *, #164, .F. ) ;
#2780 = CARTESIAN_POINT ( 'NONE',  ( -5.200000000000000178, -45.00940607636245261, -17.50441558772836714 ) ) ;
#2781 = DIRECTION ( 'NONE',  ( 1.000000000000000000, 0.000000000000000000, 0.000000000000000000 ) ) ;
#2782 = VECTOR ( 'NONE', #4103, 1000.000000000000000 ) ;
#2783 = CALENDAR_DATE ( 2022, 6, 6 ) ;
#2784 = ADVANCED_FACE ( 'NONE', ( #3236 ), #2736, .T. ) ;
#2785 = DIRECTION ( 'NONE',  ( -1.000000000000000000, 0.000000000000000000, -0.000000000000000000 ) ) ;
#2786 = CYLINDRICAL_SURFACE ( 'NONE', #1222, 3.175000000000000266 ) ;
#2787 = DIRECTION ( 'NONE',  ( -1.000000000000000000, 0.000000000000000000, 0.000000000000000000 ) ) ;
#2788 = CARTESIAN_POINT ( 'NONE',  ( 13.12828196788177415, 2.057911970479199493, 2.353224001008317412 ) ) ;
#2789 = EDGE_CURVE ( 'NONE', #1120, #4099, #4013, .T. ) ;
#2790 = ORIENTED_EDGE ( 'NONE', *, *, #3455, .F. ) ;
#2791 = DIRECTION ( 'NONE',  ( 0.000000000000000000, -0.000000000000000000, 1.000000000000000000 ) ) ;
#2792 = DIRECTION ( 'NONE',  ( 0.000000000000000000, 1.000000000000000000, 0.000000000000000000 ) ) ;
#2793 = LINE ( 'NONE', #932, #3458 ) ;
#2794 = ORIENTED_EDGE ( 'NONE', *, *, #646, .T. ) ;
#2795 = CARTESIAN_POINT ( 'NONE',  ( 13.09999999999999964, 2.061552812808830293, 5.438999999999999169 ) ) ;
#2796 = EDGE_CURVE ( 'NONE', #2517, #38, #3626, .T. ) ;
#2797 = ORIENTED_EDGE ( 'NONE', *, *, #3041, .T. ) ;
#2798 = ORIENTED_EDGE ( 'NONE', *, *, #2905, .T. ) ;
#2799 = CARTESIAN_POINT ( 'NONE',  ( 12.70000000000005080, -2.174999999999996270, -30.59999999999996589 ) ) ;
#2800 = LINE ( 'NONE', #2846, #878 ) ;
#2801 = ORIENTED_EDGE ( 'NONE', *, *, #1490, .T. ) ;
#2802 = DIRECTION ( 'NONE',  ( -0.000000000000000000, -0.000000000000000000, 1.000000000000000000 ) ) ;
#2803 = COORDINATED_UNIVERSAL_TIME_OFFSET ( 6, 0, .BEHIND. ) ;
#2804 = ADVANCED_FACE ( 'NONE', ( #1035 ), #2656, .T. ) ;
#2805 = CARTESIAN_POINT ( 'NONE',  ( 18.89999999999995950, -6.200000000000000178, -17.91862915010150559 ) ) ;
#2806 = EDGE_CURVE ( 'NONE', #2060, #1299, #3966, .T. ) ;
#2807 = CARTESIAN_POINT ( 'NONE',  ( 12.69999999999999929, -4.174999999999999822, -22.22499999999999787 ) ) ;
#2808 = DIRECTION ( 'NONE',  ( -0.000000000000000000, -0.000000000000000000, 1.000000000000000000 ) ) ;
#2809 = CARTESIAN_POINT ( 'NONE',  ( 1.554966049364602254, 0.000000000000000000, 5.389000000000001123 ) ) ;
#2810 = AXIS2_PLACEMENT_3D ( 'NONE', #4733, #3283, #4039 ) ;
#2811 = ORIENTED_EDGE ( 'NONE', *, *, #2483, .T. ) ;
#2812 = LINE ( 'NONE', #996, #3472 ) ;
#2813 = CARTESIAN_POINT ( 'NONE',  ( -5.200000000000000178, -45.00940607636245261, -1.999999999999998224 ) ) ;
#2814 = AXIS2_PLACEMENT_3D ( 'NONE', #3356, #791, #116 ) ;
#2815 = EDGE_CURVE ( 'NONE', #300, #1435, #2906, .T. ) ;
#2816 = CC_DESIGN_PERSON_AND_ORGANIZATION_ASSIGNMENT ( #1311, #4208, ( #1512 ) ) ;
#2817 = DIRECTION ( 'NONE',  ( 1.000000000000000000, 0.000000000000000000, 0.000000000000000000 ) ) ;
#2818 = VERTEX_POINT ( 'NONE', #4033 ) ;
#2819 = VERTEX_POINT ( 'NONE', #1378 ) ;
#2820 = AXIS2_PLACEMENT_3D ( 'NONE', #669, #623, #3256 ) ;
#2821 = CARTESIAN_POINT ( 'NONE',  ( -2.268258436585968152, 0.000000000000000000, 5.620762745781209269 ) ) ;
#2822 = ORIENTED_EDGE ( 'NONE', *, *, #21, .F. ) ;
#2823 = ORIENTED_EDGE ( 'NONE', *, *, #63, .F. ) ;
#2824 = CARTESIAN_POINT ( 'NONE',  ( 13.42063157758646774, 1.972483239316684234, 5.138999999999997570 ) ) ;
#2825 = LINE ( 'NONE', #3210, #1101 ) ;
#2826 = ORIENTED_EDGE ( 'NONE', *, *, #3545, .T. ) ;
#2827 = CARTESIAN_POINT ( 'NONE',  ( -6.200000000000001066, 6.200000000000000178, -2.000000000000000000 ) ) ;
#2828 = DIRECTION ( 'NONE',  ( 0.000000000000000000, 0.000000000000000000, 1.000000000000000000 ) ) ;
#2829 = CARTESIAN_POINT ( 'NONE',  ( -5.068629150101460645, -6.200000000000000178, -19.04999999999999361 ) ) ;
#2830 = DIRECTION ( 'NONE',  ( 0.000000000000000000, 1.000000000000000000, 0.000000000000000000 ) ) ;
#2831 = CARTESIAN_POINT ( 'NONE',  ( 13.19809734904587195, 2.040073290564206943, 2.595422128626172054 ) ) ;
#2832 = ORIENTED_EDGE ( 'NONE', *, *, #944, .T. ) ;
#2833 = CARTESIAN_POINT ( 'NONE',  ( 13.10000000000000142, -1.502637486114517751, 6.138999999999998458 ) ) ;
#2834 = EDGE_CURVE ( 'NONE', #2459, #2353, #2506, .T. ) ;
#2835 = CARTESIAN_POINT ( 'NONE',  ( -6.199999999999999289, 0.000000000000000000, 0.000000000000000000 ) ) ;
#2836 = LINE ( 'NONE', #3175, #1134 ) ;
#2837 = ORIENTED_EDGE ( 'NONE', *, *, #1030, .F. ) ;
#2838 = VECTOR ( 'NONE', #226, 1000.000000000000000 ) ;
#2839 = DIRECTION ( 'NONE',  ( 1.000000000000000000, 0.000000000000000000, 0.000000000000000000 ) ) ;
#2840 = ORIENTED_EDGE ( 'NONE', *, *, #1921, .T. ) ;
#2841 = EDGE_LOOP ( 'NONE', ( #2281, #1849, #3747, #1511 ) ) ;
#2842 = AXIS2_PLACEMENT_3D ( 'NONE', #3383, #2267, #1209 ) ;
#2843 =( BOUNDED_CURVE ( )  B_SPLINE_CURVE ( 3, ( #4075, #1418, #664, #2182 ),
 .UNSPECIFIED., .F., .F. ) 
 B_SPLINE_CURVE_WITH_KNOTS ( ( 4, 4 ),
 ( 4.362112093716119077, 4.472917508490046323 ),
 .UNSPECIFIED. ) 
 CURVE ( )  GEOMETRIC_REPRESENTATION_ITEM ( )  RATIONAL_B_SPLINE_CURVE ( ( 1.000000000000000000, 0.9989771083553060649, 0.9989771083553060649, 1.000000000000000000 ) ) 
 REPRESENTATION_ITEM ( '' )  );
#2844 = EDGE_CURVE ( 'NONE', #1854, #3248, #3430, .T. ) ;
#2845 = DIRECTION ( 'NONE',  ( -0.000000000000000000, 0.000000000000000000, -1.000000000000000000 ) ) ;
#2846 = CARTESIAN_POINT ( 'NONE',  ( -6.199999999999999289, 0.000000000000000000, 0.000000000000000000 ) ) ;
#2847 = VECTOR ( 'NONE', #1547, 1000.000000000000000 ) ;
#2848 = VERTEX_POINT ( 'NONE', #1424 ) ;
#2849 = EDGE_CURVE ( 'NONE', #3322, #1102, #2890, .T. ) ;
#2850 = PLANE ( 'NONE',  #3532 ) ;
#2851 = CIRCLE ( 'NONE', #2861, 2.100000000000000977 ) ;
#2852 = ADVANCED_FACE ( 'NONE', ( #1355 ), #3575, .F. ) ;
#2853 = CARTESIAN_POINT ( 'NONE',  ( 6.350000000000002309, -5.460999999999999410, -6.349999999999997868 ) ) ;
#2854 = CARTESIAN_POINT ( 'NONE',  ( 0.4000000000000001887, -1.502637486114517751, 6.138999999999998458 ) ) ;
#2855 = DIRECTION ( 'NONE',  ( -1.000000000000000000, 0.000000000000000000, 0.000000000000000000 ) ) ;
#2856 = ORIENTED_EDGE ( 'NONE', *, *, #1846, .F. ) ;
#2857 = DIRECTION ( 'NONE',  ( 0.000000000000000000, 0.000000000000000000, 1.000000000000000000 ) ) ;
#2858 = AXIS2_PLACEMENT_3D ( 'NONE', #2612, #4091, #771 ) ;
#2859 = LINE ( 'NONE', #2835, #3119 ) ;
#2860 = FACE_OUTER_BOUND ( 'NONE', #941, .T. ) ;
#2861 = AXIS2_PLACEMENT_3D ( 'NONE', #1738, #1319, #2857 ) ;
#2862 = CARTESIAN_POINT ( 'NONE',  ( 6.349999999999999645, -45.00940607636245261, -29.05441558772836785 ) ) ;
#2863 = ORIENTED_EDGE ( 'NONE', *, *, #2327, .T. ) ;
#2864 = VERTEX_POINT ( 'NONE', #1054 ) ;
#2865 = ADVANCED_FACE ( 'NONE', ( #283 ), #4331, .F. ) ;
#2866 = CARTESIAN_POINT ( 'NONE',  ( -5.883583750239862895E-18, -5.460999999999999410, -14.80000000000000071 ) ) ;
#2867 = ORIENTED_EDGE ( 'NONE', *, *, #4425, .F. ) ;
#2868 = ORIENTED_EDGE ( 'NONE', *, *, #2895, .T. ) ;
#2869 = EDGE_CURVE ( 'NONE', #4295, #1900, #714, .T. ) ;
#2870 = DIRECTION ( 'NONE',  ( 1.000000000000000000, 0.000000000000000000, 0.000000000000000000 ) ) ;
#2871 = CARTESIAN_POINT ( 'NONE',  ( 12.30000000000000071, -2.232710535457612888, 5.620762745781209269 ) ) ;
#2872 = ORIENTED_EDGE ( 'NONE', *, *, #3540, .F. ) ;
#2873 = DIRECTION ( 'NONE',  ( 1.000000000000000000, 0.000000000000000000, 0.000000000000000000 ) ) ;
#2874 = FACE_OUTER_BOUND ( 'NONE', #390, .T. ) ;
#2875 = DIRECTION ( 'NONE',  ( -0.000000000000000000, -1.000000000000000000, -0.000000000000000000 ) ) ;
#2876 = EDGE_CURVE ( 'NONE', #4215, #681, #4308, .T. ) ;
#2877 = ORIENTED_EDGE ( 'NONE', *, *, #4254, .F. ) ;
#2878 = CARTESIAN_POINT ( 'NONE',  ( 0.000000000000000000, 0.000000000000000000, 0.000000000000000000 ) ) ;
#2879 = CARTESIAN_POINT ( 'NONE',  ( -5.200000000000000178, -2.174999999999998934, -101.3795551986130192 ) ) ;
#2880 = CARTESIAN_POINT ( 'NONE',  ( 13.09999999999999964, -2.197165961088450192, 5.495012551953919022 ) ) ;
#2881 = AXIS2_PLACEMENT_3D ( 'NONE', #1814, #1746, #1023 ) ;
#2882 = CARTESIAN_POINT ( 'NONE',  ( -6.226320535179879527E-14, -45.00940607636245261, -30.59999999999993392 ) ) ;
#2883 = ORIENTED_EDGE ( 'NONE', *, *, #812, .T. ) ;
#2884 = VERTEX_POINT ( 'NONE', #4491 ) ;
#2885 = CIRCLE ( 'NONE', #792, 6.199999999999972644 ) ;
#2886 = CARTESIAN_POINT ( 'NONE',  ( 12.69999999999999929, -5.460999999999999410, -25.39999999999999858 ) ) ;
#2887 = ORIENTED_EDGE ( 'NONE', *, *, #4641, .F. ) ;
#2888 = ADVANCED_FACE ( 'NONE', ( #1566, #2966 ), #3323, .T. ) ;
#2889 = ORIENTED_EDGE ( 'NONE', *, *, #1006, .F. ) ;
#2890 = CIRCLE ( 'NONE', #2503, 2.099999999999999645 ) ;
#2891 = DIRECTION ( 'NONE',  ( -0.000000000000000000, 1.000000000000000000, -0.000000000000000000 ) ) ;
#2892 = CARTESIAN_POINT ( 'NONE',  ( 11.97936842241353439, -1.972483239316685122, 5.138999999999997570 ) ) ;
#2893 = EDGE_CURVE ( 'NONE', #1799, #4340, #4051, .T. ) ;
#2894 = ORIENTED_EDGE ( 'NONE', *, *, #1322, .F. ) ;
#2895 = EDGE_CURVE ( 'NONE', #4434, #2105, #1657, .T. ) ;
#2896 = DIRECTION ( 'NONE',  ( -0.000000000000000000, 1.000000000000000000, -0.000000000000000000 ) ) ;
#2897 = CARTESIAN_POINT ( 'NONE',  ( -0.5734863112436878740, 2.021666578221208432, 3.457121909598164233 ) ) ;
#2898 = DIRECTION ( 'NONE',  ( -0.000000000000000000, 1.000000000000000000, -0.000000000000000000 ) ) ;
#2899 = ORIENTED_EDGE ( 'NONE', *, *, #2193, .F. ) ;
#2900 = CARTESIAN_POINT ( 'NONE',  ( 17.89999999999999858, -2.175000000000003375, -1.999999999999998224 ) ) ;
#2901 = CARTESIAN_POINT ( 'NONE',  ( 12.70000000000005080, -4.174999999999998046, -30.59999999999996589 ) ) ;
#2902 = CARTESIAN_POINT ( 'NONE',  ( 4.804415587728428250, -45.00940607636245261, -30.59999999999994102 ) ) ;
#2903 = ORIENTED_EDGE ( 'NONE', *, *, #1433, .F. ) ;
#2904 = ORIENTED_EDGE ( 'NONE', *, *, #3147, .F. ) ;
#2905 = EDGE_CURVE ( 'NONE', #2431, #2356, #3204, .T. ) ;
#2906 = B_SPLINE_CURVE_WITH_KNOTS ( 'NONE', 3,
 ( #3600, #2462, #352, #2919, #3301, #2165 ),
 .UNSPECIFIED., .F., .F.,
 ( 4, 2, 4 ),
 ( 0.000000000000000000, 0.0004757428370953074317, 0.0009514856741906148633 ),
 .UNSPECIFIED. ) ;
#2907 = DIRECTION ( 'NONE',  ( 0.000000000000000000, 1.000000000000000000, 0.000000000000000000 ) ) ;
#2908 = EDGE_LOOP ( 'NONE', ( #2904, #3345, #3517, #1070 ) ) ;
#2909 = EDGE_CURVE ( 'NONE', #4454, #779, #1129, .T. ) ;
#2910 = ORIENTED_EDGE ( 'NONE', *, *, #4489, .F. ) ;
#2911 = CARTESIAN_POINT ( 'NONE',  ( 12.69999999999999929, -0.8890000000000000124, -23.29999999999999716 ) ) ;
#2912 = FACE_OUTER_BOUND ( 'NONE', #2059, .T. ) ;
#2913 = EDGE_LOOP ( 'NONE', ( #1150, #4054, #102, #200 ) ) ;
#2914 = EDGE_CURVE ( 'NONE', #3903, #125, #4125, .T. ) ;
#2915 = VECTOR ( 'NONE', #144, 1000.000000000000000 ) ;
#2916 = ADVANCED_FACE ( 'NONE', ( #3720 ), #1495, .F. ) ;
#2917 = LOCAL_TIME ( 14, 8, 2.000000000000000000, #893 ) ;
#2918 = AXIS2_PLACEMENT_3D ( 'NONE', #4034, #1013, #2119 ) ;
#2919 = CARTESIAN_POINT ( 'NONE',  ( 12.29999999999999716, -2.081805041010028390, 5.906940355987363667 ) ) ;
#2920 = CARTESIAN_POINT ( 'NONE',  ( 12.70000000000005080, -45.00940607636245261, -30.59999999999996589 ) ) ;
#2921 = AXIS2_PLACEMENT_3D ( 'NONE', #537, #3530, #219 ) ;
#2922 = CYLINDRICAL_SURFACE ( 'NONE', #3155, 3.175000000000000266 ) ;
#2923 = EDGE_CURVE ( 'NONE', #1465, #3444, #2578, .T. ) ;
#2924 = ORIENTED_EDGE ( 'NONE', *, *, #3373, .T. ) ;
#2925 = DIRECTION ( 'NONE',  ( -0.000000000000000000, 1.000000000000000000, -0.000000000000000000 ) ) ;
#2926 = VECTOR ( 'NONE', #549, 1000.000000000000000 ) ;
#2927 = DIRECTION ( 'NONE',  ( 0.000000000000000000, 0.000000000000000000, 1.000000000000000000 ) ) ;
#2928 = FACE_OUTER_BOUND ( 'NONE', #4002, .T. ) ;
#2929 = ADVANCED_FACE ( 'NONE', ( #3351, #3696 ), #1201, .T. ) ;
#2930 = VERTEX_POINT ( 'NONE', #1520 ) ;
#2931 = CARTESIAN_POINT ( 'NONE',  ( 0.000000000000000000, 0.000000000000000000, 5.389000000000001123 ) ) ;
#2932 = VECTOR ( 'NONE', #2671, 1000.000000000000000 ) ;
#2933 = DIRECTION ( 'NONE',  ( -0.7071067811865464625, 8.451223556522521954E-17, -0.7071067811865486830 ) ) ;
#2934 = VERTEX_POINT ( 'NONE', #4770 ) ;
#2935 = DIRECTION ( 'NONE',  ( -1.000000000000000000, 0.000000000000000000, 0.000000000000000000 ) ) ;
#2936 = ORIENTED_EDGE ( 'NONE', *, *, #1193, .F. ) ;
#2937 = LINE ( 'NONE', #3409, #65 ) ;
#2938 = CARTESIAN_POINT ( 'NONE',  ( -6.199999999999954881, 6.201000000000002288, -17.91862915010150203 ) ) ;
#2939 = EDGE_CURVE ( 'NONE', #4656, #2432, #832, .T. ) ;
#2940 = LINE ( 'NONE', #3716, #4277 ) ;
#2941 = ORIENTED_EDGE ( 'NONE', *, *, #434, .T. ) ;
#2942 = EDGE_LOOP ( 'NONE', ( #3289, #2588, #3233 ) ) ;
#2943 = CARTESIAN_POINT ( 'NONE',  ( -5.200000000000000178, -0.1999999999999996503, -1.999999999999998224 ) ) ;
#2944 = LINE ( 'NONE', #4414, #2992 ) ;
#2945 = CARTESIAN_POINT ( 'NONE',  ( -5.200000000000000178, -4.174999999999998046, -1.999999999999998224 ) ) ;
#2946 = VERTEX_POINT ( 'NONE', #15 ) ;
#2947 = CARTESIAN_POINT ( 'NONE',  ( -2.630594115711841125E-16, -0.8890000000000000124, -25.39999999999999858 ) ) ;
#2948 = ADVANCED_FACE ( 'NONE', ( #1469, #1155 ), #2628, .F. ) ;
#2949 = CARTESIAN_POINT ( 'NONE',  ( -2.630594115711841125E-16, -0.1999999999999996503, -25.39999999999999858 ) ) ;
#2950 = DIRECTION ( 'NONE',  ( 1.000000000000000000, 0.000000000000000000, -1.084202172485504434E-16 ) ) ;
#2951 = ORIENTED_EDGE ( 'NONE', *, *, #3939, .T. ) ;
#2952 = PLANE ( 'NONE',  #1076 ) ;
#2953 = FACE_OUTER_BOUND ( 'NONE', #3134, .T. ) ;
#2954 = AXIS2_PLACEMENT_3D ( 'NONE', #3756, #1935, #4500 ) ;
#2955 = ORIENTED_EDGE ( 'NONE', *, *, #4298, .T. ) ;
#2956 = DIRECTION ( 'NONE',  ( 0.000000000000000000, 0.000000000000000000, 1.000000000000000000 ) ) ;
#2957 = ORIENTED_EDGE ( 'NONE', *, *, #3298, .F. ) ;
#2958 = CIRCLE ( 'NONE', #99, 3.175000000000000711 ) ;
#2959 = FACE_OUTER_BOUND ( 'NONE', #3669, .T. ) ;
#2960 = CARTESIAN_POINT ( 'NONE',  ( 0.000000000000000000, 0.000000000000000000, 6.138999999999998458 ) ) ;
#2961 = VERTEX_POINT ( 'NONE', #2282 ) ;
#2962 = VECTOR ( 'NONE', #3873, 1000.000000000000114 ) ;
#2963 = DIRECTION ( 'NONE',  ( 1.000000000000000000, 0.000000000000000000, -0.000000000000000000 ) ) ;
#2964 = AXIS2_PLACEMENT_3D ( 'NONE', #648, #1401, #3645 ) ;
#2965 = EDGE_LOOP ( 'NONE', ( #4527, #398, #4026, #4474 ) ) ;
#2966 = FACE_OUTER_BOUND ( 'NONE', #2745, .T. ) ;
#2967 = CARTESIAN_POINT ( 'NONE',  ( -6.200000000000001066, 6.200000000000000178, -2.000000000000000000 ) ) ;
#2968 = FACE_OUTER_BOUND ( 'NONE', #3760, .T. ) ;
#2969 = ORIENTED_EDGE ( 'NONE', *, *, #3270, .F. ) ;
#2970 = DIRECTION ( 'NONE',  ( 0.000000000000000000, 1.000000000000000000, 0.000000000000000000 ) ) ;
#2971 = CARTESIAN_POINT ( 'NONE',  ( 13.09999999999999964, -2.264950330581225746, 5.523072258617638397 ) ) ;
#2972 = PLANE ( 'NONE',  #600 ) ;
#2973 = ORIENTED_EDGE ( 'NONE', *, *, #868, .F. ) ;
#2974 = CARTESIAN_POINT ( 'NONE',  ( -3.654415587728433223, -2.174999999999996270, -19.04999999999993676 ) ) ;
#2975 = CARTESIAN_POINT ( 'NONE',  ( 14.80000000000000071, 2.571758278209441957E-16, 5.438999999999999169 ) ) ;
#2976 = ORIENTED_EDGE ( 'NONE', *, *, #3147, .T. ) ;
#2977 = CARTESIAN_POINT ( 'NONE',  ( 12.30000000000000071, -2.129368206736822700, 5.466985055880803301 ) ) ;
#2978 = VERTEX_POINT ( 'NONE', #3767 ) ;
#2979 = VERTEX_POINT ( 'NONE', #67 ) ;
#2980 = VECTOR ( 'NONE', #4458, 1000.000000000000114 ) ;
#2981 = CARTESIAN_POINT ( 'NONE',  ( 12.70000000000005080, -6.199999999999997513, -30.59999999999994102 ) ) ;
#2982 = CARTESIAN_POINT ( 'NONE',  ( 36.23756980544231965, -4.175000000000003375, -58.94198539317069674 ) ) ;
#2983 = ORIENTED_EDGE ( 'NONE', *, *, #2090, .F. ) ;
#2984 = CIRCLE ( 'NONE', #2057, 2.100000000000000977 ) ;
#2985 = EDGE_CURVE ( 'NONE', #4570, #1048, #3900, .T. ) ;
#2986 = DIRECTION ( 'NONE',  ( 0.000000000000000000, 0.000000000000000000, 1.000000000000000000 ) ) ;
#2987 = VERTEX_POINT ( 'NONE', #2943 ) ;
#2988 = EDGE_CURVE ( 'NONE', #2084, #14, #2309, .T. ) ;
#2989 = DIRECTION ( 'NONE',  ( -0.000000000000000000, -1.000000000000000000, -0.000000000000000000 ) ) ;
#2990 = CARTESIAN_POINT ( 'NONE',  ( 6.350000000000002309, -2.175000000000000711, -6.349999999999997868 ) ) ;
#2991 = CC_DESIGN_SECURITY_CLASSIFICATION ( #2770, ( #215 ) ) ;
#2992 = VECTOR ( 'NONE', #3602, 1000.000000000000000 ) ;
#2993 = VERTEX_POINT ( 'NONE', #4413 ) ;
#2994 = CARTESIAN_POINT ( 'NONE',  ( 12.69999999999999929, 0.000000000000000000, 0.000000000000000000 ) ) ;
#2995 = ADVANCED_FACE ( 'NONE', ( #1103 ), #3893, .T. ) ;
#2996 = AXIS2_PLACEMENT_3D ( 'NONE', #243, #2830, #2027 ) ;
#2997 = CARTESIAN_POINT ( 'NONE',  ( 12.30000000000000071, -2.264950330581225746, 5.523072258617638397 ) ) ;
#2998 = FACE_OUTER_BOUND ( 'NONE', #4754, .T. ) ;
#2999 = VERTEX_POINT ( 'NONE', #1309 ) ;
#3000 = DIRECTION ( 'NONE',  ( 0.000000000000000000, 1.000000000000000000, 0.000000000000000000 ) ) ;
#3001 = VECTOR ( 'NONE', #3665, 1000.000000000000114 ) ;
#3002 = CARTESIAN_POINT ( 'NONE',  ( 6.350000000000002309, -0.8890000000000000124, -6.349999999999997868 ) ) ;
#3003 = ORIENTED_EDGE ( 'NONE', *, *, #4353, .F. ) ;
#3004 = FACE_OUTER_BOUND ( 'NONE', #409, .T. ) ;
#3005 = VECTOR ( 'NONE', #2222, 1000.000000000000000 ) ;
#3006 = ORIENTED_EDGE ( 'NONE', *, *, #2939, .T. ) ;
#3007 = ORIENTED_EDGE ( 'NONE', *, *, #1375, .T. ) ;
#3008 = CYLINDRICAL_SURFACE ( 'NONE', #1974, 3.175000000000000711 ) ;
#3009 = ORIENTED_EDGE ( 'NONE', *, *, #1075, .T. ) ;
#3010 = EDGE_CURVE ( 'NONE', #1473, #1145, #3822, .T. ) ;
#3011 = CARTESIAN_POINT ( 'NONE',  ( -2.630594115711841125E-16, -45.00940607636245261, -25.39999999999999858 ) ) ;
#3012 = ORIENTED_EDGE ( 'NONE', *, *, #2849, .F. ) ;
#3013 = DIRECTION ( 'NONE',  ( 0.000000000000000000, 0.000000000000000000, 1.000000000000000000 ) ) ;
#3014 = DIRECTION ( 'NONE',  ( 0.000000000000000000, 0.000000000000000000, 1.000000000000000000 ) ) ;
#3015 = ORIENTED_EDGE ( 'NONE', *, *, #4759, .T. ) ;
#3016 = CARTESIAN_POINT ( 'NONE',  ( 0.4000000000000001887, -2.264950330581225746, 5.523072258617638397 ) ) ;
#3017 = CARTESIAN_POINT ( 'NONE',  ( 13.09999999999999964, -2.232710535457612888, 5.620762745781209269 ) ) ;
#3018 = CARTESIAN_POINT ( 'NONE',  ( 12.69999999999999929, -45.00940607636245261, -25.39999999999999858 ) ) ;
#3019 = DIRECTION ( 'NONE',  ( -0.000000000000000000, 1.000000000000000000, -0.000000000000000000 ) ) ;
#3020 = CARTESIAN_POINT ( 'NONE',  ( -2.630594115711841125E-16, -0.8890000000000000124, -12.69999999999999929 ) ) ;
#3021 = ADVANCED_FACE ( 'NONE', ( #527, #160 ), #499, .T. ) ;
#3022 = FACE_OUTER_BOUND ( 'NONE', #3752, .T. ) ;
#3023 = B_SPLINE_CURVE_WITH_KNOTS ( 'NONE', 3,
 ( #2971, #1596, #4444, #3017 ),
 .UNSPECIFIED., .F., .F.,
 ( 4, 4 ),
 ( 0.002832913685900423535, 0.002935786532568636018 ),
 .UNSPECIFIED. ) ;
#3024 = ORIENTED_EDGE ( 'NONE', *, *, #350, .T. ) ;
#3025 = CYLINDRICAL_SURFACE ( 'NONE', #3225, 3.175000000000000711 ) ;
#3026 = VERTEX_POINT ( 'NONE', #1997 ) ;
#3027 = VERTEX_POINT ( 'NONE', #2704 ) ;
#3028 = DIRECTION ( 'NONE',  ( -1.000000000000000000, 0.000000000000000000, -0.000000000000000000 ) ) ;
#3029 = EDGE_CURVE ( 'NONE', #443, #4256, #3140, .T. ) ;
#3030 = ORIENTED_EDGE ( 'NONE', *, *, #3936, .T. ) ;
#3031 = VECTOR ( 'NONE', #2001, 1000.000000000000000 ) ;
#3032 = AXIS2_PLACEMENT_3D ( 'NONE', #3250, #1792, #4715 ) ;
#3033 = CARTESIAN_POINT ( 'NONE',  ( 12.69999999999999929, -6.201024999999999565, -27.50000000000000000 ) ) ;
#3034 = EDGE_CURVE ( 'NONE', #4301, #4256, #112, .T. ) ;
#3035 = VECTOR ( 'NONE', #3407, 1000.000000000000000 ) ;
#3036 = ORIENTED_EDGE ( 'NONE', *, *, #4591, .T. ) ;
#3037 = DIRECTION ( 'NONE',  ( -0.7071067811865474617, -0.7071067811865475727, 0.000000000000000000 ) ) ;
#3038 = VECTOR ( 'NONE', #4210, 1000.000000000000000 ) ;
#3039 = CARTESIAN_POINT ( 'NONE',  ( 12.30000000000000071, 2.232710535457612888, 5.620762745781209269 ) ) ;
#3040 = CARTESIAN_POINT ( 'NONE',  ( 0.000000000000000000, 0.000000000000000000, 0.000000000000000000 ) ) ;
#3041 = EDGE_CURVE ( 'NONE', #1969, #1675, #2043, .T. ) ;
#3042 = VECTOR ( 'NONE', #1874, 1000.000000000000000 ) ;
#3043 = ORIENTED_EDGE ( 'NONE', *, *, #2641, .T. ) ;
#3044 = CARTESIAN_POINT ( 'NONE',  ( -0.4980973490458723840, -2.040073290564207831, 2.595422128626172054 ) ) ;
#3045 = PLANE ( 'NONE',  #4040 ) ;
#3046 = DIRECTION ( 'NONE',  ( 0.000000000000000000, -1.000000000000000000, 0.000000000000000000 ) ) ;
#3047 = CARTESIAN_POINT ( 'NONE',  ( 12.69999999999999929, -6.201024999999999565, -25.39999999999999858 ) ) ;
#3048 = CARTESIAN_POINT ( 'NONE',  ( 17.89999999999999858, -45.00940607636245261, -17.50441558772836714 ) ) ;
#3049 = DIRECTION ( 'NONE',  ( 1.444274288350627250E-15, -0.000000000000000000, 1.000000000000000000 ) ) ;
#3050 = EDGE_LOOP ( 'NONE', ( #1794, #2396, #1845, #777, #4194, #3866, #25, #4736 ) ) ;
#3051 = CARTESIAN_POINT ( 'NONE',  ( -2.630594115711841125E-16, -5.460999999999999410, -22.22499999999999787 ) ) ;
#3052 = VERTEX_POINT ( 'NONE', #3452 ) ;
#3053 = EDGE_LOOP ( 'NONE', ( #1523, #884, #2379, #403 ) ) ;
#3054 = CARTESIAN_POINT ( 'NONE',  ( 17.89999999999999858, -0.1999999999999996503, -25.39999999999999858 ) ) ;
#3055 = EDGE_CURVE ( 'NONE', #2930, #4204, #1802, .T. ) ;
#3056 = EDGE_LOOP ( 'NONE', ( #1671, #3571, #209, #592, #3007, #2400, #4774, #2611, #2748, #1292, #2408, #1785 ) ) ;
#3057 = VECTOR ( 'NONE', #105, 1000.000000000000000 ) ;
#3058 = CARTESIAN_POINT ( 'NONE',  ( 17.89999999999999858, -4.175000000000001599, -101.3795551986130192 ) ) ;
#3059 = AXIS2_PLACEMENT_3D ( 'NONE', #3519, #906, #2839 ) ;
#3060 = ORIENTED_EDGE ( 'NONE', *, *, #2777, .T. ) ;
#3061 = DIRECTION ( 'NONE',  ( 0.000000000000000000, 1.000000000000000000, 0.000000000000000000 ) ) ;
#3062 = DIRECTION ( 'NONE',  ( -0.000000000000000000, 1.000000000000000000, -0.000000000000000000 ) ) ;
#3063 = ADVANCED_FACE ( 'NONE', ( #2336 ), #2754, .T. ) ;
#3064 = CARTESIAN_POINT ( 'NONE',  ( 12.69999999999999929, -5.460999999999999410, -12.69999999999999929 ) ) ;
#3065 = VERTEX_POINT ( 'NONE', #4231 ) ;
#3066 = DIRECTION ( 'NONE',  ( 0.7071067811865475727, -0.7071067811865474617, 0.000000000000000000 ) ) ;
#3067 = VECTOR ( 'NONE', #4599, 1000.000000000000000 ) ;
#3068 = CYLINDRICAL_SURFACE ( 'NONE', #2814, 2.100000000000000977 ) ;
#3069 = EDGE_CURVE ( 'NONE', #3317, #861, #1498, .T. ) ;
#3070 = FACE_OUTER_BOUND ( 'NONE', #3680, .T. ) ;
#3071 = AXIS2_PLACEMENT_3D ( 'NONE', #3679, #4041, #1042 ) ;
#3072 = FACE_OUTER_BOUND ( 'NONE', #674, .T. ) ;
#3073 = DIRECTION ( 'NONE',  ( -0.000000000000000000, 0.000000000000000000, 1.000000000000000000 ) ) ;
#3074 = ORIENTED_EDGE ( 'NONE', *, *, #4135, .F. ) ;
#3075 = LINE ( 'NONE', #2320, #3788 ) ;
#3076 = ADVANCED_FACE ( 'NONE', ( #1231 ), #4181, .T. ) ;
#3077 = CIRCLE ( 'NONE', #3694, 3.174999999999999822 ) ;
#3078 = CARTESIAN_POINT ( 'NONE',  ( 12.69999999999999929, -2.175000000000001599, -12.69999999999999929 ) ) ;
#3079 = EDGE_CURVE ( 'NONE', #4509, #704, #2984, .T. ) ;
#3080 = CARTESIAN_POINT ( 'NONE',  ( 6.350000000000002309, -5.460999999999999410, -4.249999999999998224 ) ) ;
#3081 = ORIENTED_EDGE ( 'NONE', *, *, #936, .F. ) ;
#3082 = ORIENTED_EDGE ( 'NONE', *, *, #1710, .T. ) ;
#3083 = CIRCLE ( 'NONE', #1397, 3.175000000000000711 ) ;
#3084 = CARTESIAN_POINT ( 'NONE',  ( 12.30000000000000071, -3.174999999999998934, 6.138999999999998458 ) ) ;
#3085 = ORIENTED_EDGE ( 'NONE', *, *, #1897, .F. ) ;
#3086 = ORIENTED_EDGE ( 'NONE', *, *, #2201, .F. ) ;
#3087 = EDGE_CURVE ( 'NONE', #3379, #890, #436, .T. ) ;
#3088 = CONICAL_SURFACE ( 'NONE', #688, 2.299999999999999822, 0.3141592653589760364 ) ;
#3089 = CARTESIAN_POINT ( 'NONE',  ( -2.630594115711841125E-16, -5.460999999999999410, -12.69999999999999929 ) ) ;
#3090 = ORIENTED_EDGE ( 'NONE', *, *, #2532, .F. ) ;
#3091 = CIRCLE ( 'NONE', #3710, 3.174999999999999822 ) ;
#3092 = CARTESIAN_POINT ( 'NONE',  ( 12.69999999999999929, -0.8890000000000000124, -25.39999999999999858 ) ) ;
#3093 = DIRECTION ( 'NONE',  ( -0.000000000000000000, -0.000000000000000000, 1.000000000000000000 ) ) ;
#3094 = ORIENTED_EDGE ( 'NONE', *, *, #4149, .F. ) ;
#3095 = CARTESIAN_POINT ( 'NONE',  ( 9.450000000000001066, 9.449999999999999289, 0.000000000000000000 ) ) ;
#3096 = PLANE ( 'NONE',  #4510 ) ;
#3097 = LINE ( 'NONE', #4235, #2140 ) ;
#3098 = LINE ( 'NONE', #816, #4009 ) ;
#3099 = CARTESIAN_POINT ( 'NONE',  ( 13.09999999999999964, 2.254205848354697839, 5.555636450100673862 ) ) ;
#3100 = ORIENTED_EDGE ( 'NONE', *, *, #2676, .T. ) ;
#3101 = LINE ( 'NONE', #2010, #2308 ) ;
#3102 = ADVANCED_FACE ( 'NONE', ( #3504 ), #3115, .F. ) ;
#3103 = CARTESIAN_POINT ( 'NONE',  ( 6.350000000000002309, -0.8890000000000000124, -6.349999999999997868 ) ) ;
#3104 = CARTESIAN_POINT ( 'NONE',  ( 0.5734863112436885402, 2.021666578221208432, 3.457121909598158016 ) ) ;
#3105 = ORIENTED_EDGE ( 'NONE', *, *, #2789, .F. ) ;
#3106 = ORIENTED_EDGE ( 'NONE', *, *, #3941, .F. ) ;
#3107 = CC_DESIGN_DATE_AND_TIME_ASSIGNMENT ( #918, #3483, ( #2770 ) ) ;
#3108 = DIRECTION ( 'NONE',  ( 1.000000000000000000, 0.000000000000000000, 0.000000000000000000 ) ) ;
#3109 = ORIENTED_EDGE ( 'NONE', *, *, #1809, .F. ) ;
#3110 = B_SPLINE_CURVE_WITH_KNOTS ( 'NONE', 3,
 ( #1096, #3805, #1958, #1485 ),
 .UNSPECIFIED., .F., .F.,
 ( 4, 4 ),
 ( 0.003029541235337106318, 0.003249628748158706060 ),
 .UNSPECIFIED. ) ;
#3111 = EDGE_LOOP ( 'NONE', ( #2029, #4047, #1588, #4152 ) ) ;
#3112 = CARTESIAN_POINT ( 'NONE',  ( 12.82366902150107890, -2.099990463092004322, 2.139040055015564601 ) ) ;
#3113 = ORIENTED_EDGE ( 'NONE', *, *, #4019, .F. ) ;
#3114 = CIRCLE ( 'NONE', #1416, 5.199999999999996625 ) ;
#3115 = PLANE ( 'NONE',  #4148 ) ;
#3116 = EDGE_CURVE ( 'NONE', #1394, #4744, #3996, .T. ) ;
#3117 = DIRECTION ( 'NONE',  ( 1.209468558947973047E-16, 1.000000000000000000, 0.000000000000000000 ) ) ;
#3118 = DATE_AND_TIME ( #3824, #601 ) ;
#3119 = VECTOR ( 'NONE', #4689, 1000.000000000000000 ) ;
#3120 = DIRECTION ( 'NONE',  ( 0.000000000000000000, 1.000000000000000000, 0.000000000000000000 ) ) ;
#3121 = CARTESIAN_POINT ( 'NONE',  ( -0.3999999999999999667, 1.502637486114517751, 6.138999999999998458 ) ) ;
#3122 = FACE_BOUND ( 'NONE', #3856, .T. ) ;
#3123 = AXIS2_PLACEMENT_3D ( 'NONE', #4438, #3743, #4082 ) ;
#3124 = CARTESIAN_POINT ( 'NONE',  ( 12.30000000000000071, 2.232710535457612888, 5.620762745781209269 ) ) ;
#3125 = CARTESIAN_POINT ( 'NONE',  ( 13.09999999999999964, 2.232710535457612888, 5.620762745781209269 ) ) ;
#3126 = ORIENTED_EDGE ( 'NONE', *, *, #2449, .T. ) ;
#3127 = CARTESIAN_POINT ( 'NONE',  ( 12.12651368875630986, 2.021666578221208432, 3.457121909598164233 ) ) ;
#3128 = DIRECTION ( 'NONE',  ( -0.7071067811865467956, 0.000000000000000000, -0.7071067811865483499 ) ) ;
#3129 = ADVANCED_FACE ( 'NONE', ( #3525 ), #212, .F. ) ;
#3130 = LINE ( 'NONE', #4294, #3067 ) ;
#3131 = ORIENTED_EDGE ( 'NONE', *, *, #854, .T. ) ;
#3132 = ADVANCED_FACE ( 'NONE', ( #3166 ), #3427, .F. ) ;
#3133 = DIRECTION ( 'NONE',  ( -0.000000000000000000, -1.000000000000000000, -0.000000000000000000 ) ) ;
#3134 = EDGE_LOOP ( 'NONE', ( #712, #1993, #3266, #41 ) ) ;
#3135 = ORIENTED_EDGE ( 'NONE', *, *, #4167, .T. ) ;
#3136 = CARTESIAN_POINT ( 'NONE',  ( -6.226320535179879527E-14, -45.00940607636245261, -31.59999999999994102 ) ) ;
#3137 = DIRECTION ( 'NONE',  ( -1.000000000000000000, 0.000000000000000000, 0.000000000000000000 ) ) ;
#3138 = ORIENTED_EDGE ( 'NONE', *, *, #4298, .F. ) ;
#3139 = EDGE_CURVE ( 'NONE', #431, #1830, #750, .T. ) ;
#3140 = LINE ( 'NONE', #4611, #2575 ) ;
#3141 = CARTESIAN_POINT ( 'NONE',  ( 0.000000000000000000, 0.000000000000000000, 6.138999999999998458 ) ) ;
#3142 = CARTESIAN_POINT ( 'NONE',  ( 6.350000000000000533, -0.8890000000000000124, -19.04999999999999716 ) ) ;
#3143 = FACE_OUTER_BOUND ( 'NONE', #3291, .T. ) ;
#3144 = CARTESIAN_POINT ( 'NONE',  ( 18.89999999999995950, 6.200999999999999623, -17.91862915010150559 ) ) ;
#3145 = DIRECTION ( 'NONE',  ( 1.000000000000000000, 0.000000000000000000, 0.000000000000000000 ) ) ;
#3146 = AXIS2_PLACEMENT_3D ( 'NONE', #2092, #3572, #259 ) ;
#3147 = EDGE_CURVE ( 'NONE', #1038, #4525, #1354, .T. ) ;
#3148 = EDGE_LOOP ( 'NONE', ( #1098, #798, #3659, #662 ) ) ;
#3149 = CARTESIAN_POINT ( 'NONE',  ( 6.350000000000000533, -6.201024999999999565, -21.14999999999999858 ) ) ;
#3150 = DIRECTION ( 'NONE',  ( 0.000000000000000000, 0.000000000000000000, -1.000000000000000000 ) ) ;
#3151 = AXIS2_PLACEMENT_3D ( 'NONE', #1000, #4268, #2817 ) ;
#3152 = DIRECTION ( 'NONE',  ( -0.000000000000000000, 1.000000000000000000, -0.000000000000000000 ) ) ;
#3153 = EDGE_LOOP ( 'NONE', ( #351, #2535, #238, #4740 ) ) ;
#3154 = VERTEX_POINT ( 'NONE', #1459 ) ;
#3155 = AXIS2_PLACEMENT_3D ( 'NONE', #354, #4772, #2508 ) ;
#3156 = AXIS2_PLACEMENT_3D ( 'NONE', #400, #425, #68 ) ;
#3157 = CARTESIAN_POINT ( 'NONE',  ( -6.200000000000001066, 6.200000000000000178, -2.000000000000000000 ) ) ;
#3158 = EDGE_LOOP ( 'NONE', ( #4405, #483 ) ) ;
#3159 = AXIS2_PLACEMENT_3D ( 'NONE', #4668, #2787, #1736 ) ;
#3160 = ORIENTED_EDGE ( 'NONE', *, *, #3276, .F. ) ;
#3161 = LINE ( 'NONE', #3868, #2926 ) ;
#3162 = VECTOR ( 'NONE', #2382, 1000.000000000000000 ) ;
#3163 = CARTESIAN_POINT ( 'NONE',  ( -3.174999999999999822, 3.888253587292846081E-16, 0.000000000000000000 ) ) ;
#3164 = ADVANCED_FACE ( 'NONE', ( #2568, #3684 ), #32, .F. ) ;
#3165 = EDGE_LOOP ( 'NONE', ( #2115, #2359, #3211, #937 ) ) ;
#3166 = FACE_OUTER_BOUND ( 'NONE', #114, .T. ) ;
#3167 = AXIS2_PLACEMENT_3D ( 'NONE', #2931, #3332, #2541 ) ;
#3168 = FACE_OUTER_BOUND ( 'NONE', #4412, .T. ) ;
#3169 = DIRECTION ( 'NONE',  ( 0.000000000000000000, 0.000000000000000000, 1.000000000000000000 ) ) ;
#3170 = DIRECTION ( 'NONE',  ( -0.7071067811865474617, 0.000000000000000000, 0.7071067811865474617 ) ) ;
#3171 = LINE ( 'NONE', #4640, #2305 ) ;
#3172 = ORIENTED_EDGE ( 'NONE', *, *, #1620, .F. ) ;
#3173 = CARTESIAN_POINT ( 'NONE',  ( 6.350000000000002309, -0.8890000000000000124, -3.174999999999997602 ) ) ;
#3174 = CARTESIAN_POINT ( 'NONE',  ( 5.218629150101505410, 6.201000000000001400, -31.59999999999995524 ) ) ;
#3175 = CARTESIAN_POINT ( 'NONE',  ( 17.89999999999999858, -0.1999999999999996503, -17.50441558772836714 ) ) ;
#3176 = EDGE_LOOP ( 'NONE', ( #3443, #1593, #1508, #3207 ) ) ;
#3177 = ORIENTED_EDGE ( 'NONE', *, *, #3200, .F. ) ;
#3178 = DIRECTION ( 'NONE',  ( 0.000000000000000000, 1.000000000000000000, 0.000000000000000000 ) ) ;
#3179 = VERTEX_POINT ( 'NONE', #2460 ) ;
#3180 = EDGE_LOOP ( 'NONE', ( #340, #3024, #2352, #3673 ) ) ;
#3181 = DIRECTION ( 'NONE',  ( 0.000000000000000000, 0.000000000000000000, 1.000000000000000000 ) ) ;
#3182 = EDGE_CURVE ( 'NONE', #1093, #1780, #517, .T. ) ;
#3183 = CARTESIAN_POINT ( 'NONE',  ( 12.69999999999999929, -45.00940607636245261, -25.39999999999999858 ) ) ;
#3184 = ORIENTED_EDGE ( 'NONE', *, *, #1086, .F. ) ;
#3185 = FACE_OUTER_BOUND ( 'NONE', #2122, .T. ) ;
#3186 = APPROVAL_ROLE ( '' ) ;
#3187 = ADVANCED_FACE ( 'NONE', ( #1482, #391 ), #1841, .T. ) ;
#3188 = VECTOR ( 'NONE', #797, 1000.000000000000114 ) ;
#3189 = DIRECTION ( 'NONE',  ( -0.000000000000000000, -1.000000000000000000, -0.000000000000000000 ) ) ;
#3190 = CARTESIAN_POINT ( 'NONE',  ( 14.96825843658596611, 0.000000000000000000, 5.620762745781209269 ) ) ;
#3191 = EDGE_CURVE ( 'NONE', #861, #3317, #132, .T. ) ;
#3192 = LINE ( 'NONE', #992, #4766 ) ;
#3193 = CARTESIAN_POINT ( 'NONE',  ( -5.883583750239815132E-18, -6.201024999999999565, -14.80000000000000071 ) ) ;
#3194 = VECTOR ( 'NONE', #3606, 1000.000000000000000 ) ;
#3195 = ORIENTED_EDGE ( 'NONE', *, *, #2346, .T. ) ;
#3196 = LINE ( 'NONE', #3951, #2082 ) ;
#3197 = DIRECTION ( 'NONE',  ( 0.000000000000000000, 1.000000000000000000, 0.000000000000000000 ) ) ;
#3198 = AXIS2_PLACEMENT_3D ( 'NONE', #869, #3508, #1314 ) ;
#3199 = DIRECTION ( 'NONE',  ( 0.000000000000000000, 0.000000000000000000, 1.000000000000000000 ) ) ;
#3200 = EDGE_CURVE ( 'NONE', #1631, #1799, #4452, .T. ) ;
#3201 = ORIENTED_EDGE ( 'NONE', *, *, #2223, .T. ) ;
#3202 = AXIS2_PLACEMENT_3D ( 'NONE', #1686, #4561, #552 ) ;
#3203 = EDGE_CURVE ( 'NONE', #2060, #908, #668, .T. ) ;
#3204 = B_SPLINE_CURVE_WITH_KNOTS ( 'NONE', 3,
 ( #4153, #2238, #1896, #1925, #4514, #399 ),
 .UNSPECIFIED., .F., .F.,
 ( 4, 2, 4 ),
 ( 0.000000000000000000, 0.0004757428370953073775, 0.0009514856741906147549 ),
 .UNSPECIFIED. ) ;
#3205 = CARTESIAN_POINT ( 'NONE',  ( 10.43174156341403247, 0.000000000000000000, 5.620762745781209269 ) ) ;
#3206 = VERTEX_POINT ( 'NONE', #4305 ) ;
#3207 = ORIENTED_EDGE ( 'NONE', *, *, #1734, .F. ) ;
#3208 = CARTESIAN_POINT ( 'NONE',  ( 18.89999999999999858, 6.200000000000000178, -2.000000000000000000 ) ) ;
#3209 = EDGE_CURVE ( 'NONE', #34, #2666, #2523, .T. ) ;
#3210 = CARTESIAN_POINT ( 'NONE',  ( -36.08756980544233528, -2.174999999999995381, -71.49198539317066547 ) ) ;
#3211 = ORIENTED_EDGE ( 'NONE', *, *, #1592, .F. ) ;
#3212 = CARTESIAN_POINT ( 'NONE',  ( -2.630594115711841125E-16, -5.460999999999999410, -12.69999999999999929 ) ) ;
#3213 = CARTESIAN_POINT ( 'NONE',  ( 1.257659471581005203E-16, -5.460999999999999410, -15.87500000000000000 ) ) ;
#3214 = FACE_OUTER_BOUND ( 'NONE', #1912, .T. ) ;
#3215 = DIRECTION ( 'NONE',  ( -0.000000000000000000, 1.000000000000000000, -0.000000000000000000 ) ) ;
#3216 = VERTEX_POINT ( 'NONE', #3290 ) ;
#3217 = DIRECTION ( 'NONE',  ( 0.000000000000000000, 1.000000000000000000, 0.000000000000000000 ) ) ;
#3218 = DIRECTION ( 'NONE',  ( 1.000000000000000000, -1.036687336241119596E-16, 0.000000000000000000 ) ) ;
#3219 = EDGE_CURVE ( 'NONE', #2495, #4204, #1411, .T. ) ;
#3220 = DIRECTION ( 'NONE',  ( 1.000000000000000000, 0.000000000000000000, 8.115498896123205041E-15 ) ) ;
#3221 = DIRECTION ( 'NONE',  ( -8.115498896123205041E-15, 0.000000000000000000, 1.000000000000000000 ) ) ;
#3222 = AXIS2_PLACEMENT_3D ( 'NONE', #2827, #1732, #4682 ) ;
#3223 = EDGE_LOOP ( 'NONE', ( #81, #2826, #680, #520 ) ) ;
#3224 = EDGE_LOOP ( 'NONE', ( #2951, #271, #1413, #2304 ) ) ;
#3225 = AXIS2_PLACEMENT_3D ( 'NONE', #2642, #4674, #2447 ) ;
#3226 = DIRECTION ( 'NONE',  ( -0.7071067811865459074, 7.330486454263124359E-17, 0.7071067811865491270 ) ) ;
#3227 = ORIENTED_EDGE ( 'NONE', *, *, #4718, .T. ) ;
#3228 = ORIENTED_EDGE ( 'NONE', *, *, #2777, .F. ) ;
#3229 = AXIS2_PLACEMENT_3D ( 'NONE', #408, #2610, #2288 ) ;
#3230 = DIRECTION ( 'NONE',  ( 0.000000000000000000, 0.000000000000000000, 1.000000000000000000 ) ) ;
#3231 = LINE ( 'NONE', #3500, #2424 ) ;
#3232 = VECTOR ( 'NONE', #161, 1000.000000000000000 ) ;
#3233 = ORIENTED_EDGE ( 'NONE', *, *, #3819, .T. ) ;
#3234 = EDGE_CURVE ( 'NONE', #4633, #4339, #1677, .T. ) ;
#3235 = AXIS2_PLACEMENT_3D ( 'NONE', #753, #1513, #3467 ) ;
#3236 = FACE_OUTER_BOUND ( 'NONE', #3639, .T. ) ;
#3237 = DIRECTION ( 'NONE',  ( 0.000000000000000000, 1.000000000000000000, 0.000000000000000000 ) ) ;
#3238 = LINE ( 'NONE', #4707, #524 ) ;
#3239 = ORIENTED_EDGE ( 'NONE', *, *, #3485, .T. ) ;
#3240 = CARTESIAN_POINT ( 'NONE',  ( 18.89999999999999858, -6.200000000000000178, -17.91862915010150559 ) ) ;
#3241 = AXIS2_PLACEMENT_3D ( 'NONE', #3437, #538, #2007 ) ;
#3242 = ADVANCED_FACE ( 'NONE', ( #3185 ), #2481, .T. ) ;
#3243 = DIRECTION ( 'NONE',  ( -0.000000000000000000, -0.000000000000000000, 1.000000000000000000 ) ) ;
#3244 = CARTESIAN_POINT ( 'NONE',  ( -0.3999999999999999667, -3.174999999999999822, 5.139000000000001123 ) ) ;
#3245 = CIRCLE ( 'NONE', #1159, 3.175000000000000711 ) ;
#3246 = LINE ( 'NONE', #2584, #3462 ) ;
#3247 = EDGE_LOOP ( 'NONE', ( #3634, #70, #1559, #464, #4721, #440, #2264, #1981, #874, #2687 ) ) ;
#3248 = VERTEX_POINT ( 'NONE', #1094 ) ;
#3249 = EDGE_CURVE ( 'NONE', #4427, #3052, #905, .T. ) ;
#3250 = CARTESIAN_POINT ( 'NONE',  ( -5.068629150101459757, 6.201000000000001400, -19.04999999999999361 ) ) ;
#3251 = EDGE_LOOP ( 'NONE', ( #3228, #1945 ) ) ;
#3252 = ORIENTED_EDGE ( 'NONE', *, *, #555, .F. ) ;
#3253 = CARTESIAN_POINT ( 'NONE',  ( 0.000000000000000000, 6.200000000000000178, -2.000000000000000000 ) ) ;
#3254 = DIRECTION ( 'NONE',  ( 1.000000000000000000, -1.209468558947973047E-16, 0.000000000000000000 ) ) ;
#3255 = ORIENTED_EDGE ( 'NONE', *, *, #3799, .T. ) ;
#3256 = DIRECTION ( 'NONE',  ( 0.000000000000000000, 0.000000000000000000, 1.000000000000000000 ) ) ;
#3257 = FACE_BOUND ( 'NONE', #4702, .T. ) ;
#3258 = DIRECTION ( 'NONE',  ( 0.000000000000000000, 0.000000000000000000, 1.000000000000000000 ) ) ;
#3259 = ORIENTED_EDGE ( 'NONE', *, *, #2061, .T. ) ;
#3260 = CYLINDRICAL_SURFACE ( 'NONE', #3818, 3.175000000000000711 ) ;
#3261 = ADVANCED_FACE ( 'NONE', ( #4760 ), #2850, .T. ) ;
#3262 = CARTESIAN_POINT ( 'NONE',  ( 17.89999999999999858, -6.199999999999997513, -20.59558441227150993 ) ) ;
#3263 = CIRCLE ( 'NONE', #638, 3.175000000000000711 ) ;
#3264 = CARTESIAN_POINT ( 'NONE',  ( -0.3999999999999999667, 2.232710535457612888, 5.620762745781209269 ) ) ;
#3265 = ORIENTED_EDGE ( 'NONE', *, *, #1300, .F. ) ;
#3266 = ORIENTED_EDGE ( 'NONE', *, *, #1052, .T. ) ;
#3267 = AXIS2_PLACEMENT_3D ( 'NONE', #336, #3975, #1767 ) ;
#3268 = DIRECTION ( 'NONE',  ( -0.000000000000000000, 1.000000000000000000, -0.000000000000000000 ) ) ;
#3269 = ORIENTED_EDGE ( 'NONE', *, *, #2327, .F. ) ;
#3270 = EDGE_CURVE ( 'NONE', #2961, #4656, #4230, .T. ) ;
#3271 = EDGE_LOOP ( 'NONE', ( #3804, #1499, #3934, #3865 ) ) ;
#3272 = AXIS2_PLACEMENT_3D ( 'NONE', #942, #2802, #891 ) ;
#3273 = DIRECTION ( 'NONE',  ( 0.000000000000000000, -0.000000000000000000, 1.000000000000000000 ) ) ;
#3274 = CARTESIAN_POINT ( 'NONE',  ( 6.350000000000002309, -4.174999999999999822, -9.524999999999998579 ) ) ;
#3275 = ORIENTED_EDGE ( 'NONE', *, *, #911, .T. ) ;
#3276 = EDGE_CURVE ( 'NONE', #125, #964, #4576, .T. ) ;
#3277 = EDGE_CURVE ( 'NONE', #4359, #3559, #2717, .T. ) ;
#3278 = CARTESIAN_POINT ( 'NONE',  ( 12.69999999999999929, -5.460999999999999410, -25.39999999999999858 ) ) ;
#3279 = FACE_BOUND ( 'NONE', #3295, .T. ) ;
#3280 = FACE_OUTER_BOUND ( 'NONE', #1884, .T. ) ;
#3281 = EDGE_LOOP ( 'NONE', ( #3451, #1726, #837, #3982 ) ) ;
#3282 = CARTESIAN_POINT ( 'NONE',  ( 0.4000000000000001887, 2.264950330581225302, 5.523072258617638397 ) ) ;
#3283 = DIRECTION ( 'NONE',  ( 0.000000000000000000, 1.000000000000000000, 0.000000000000000000 ) ) ;
#3284 = CARTESIAN_POINT ( 'NONE',  ( 9.721665018948350223, 6.200000000000000178, 0.000000000000000000 ) ) ;
#3285 = ORIENTED_EDGE ( 'NONE', *, *, #3864, .T. ) ;
#3286 = CARTESIAN_POINT ( 'NONE',  ( 11.97936842241353439, -1.972483239316685122, 5.138999999999997570 ) ) ;
#3287 = EDGE_CURVE ( 'NONE', #804, #276, #2744, .T. ) ;
#3288 = CARTESIAN_POINT ( 'NONE',  ( -6.199999999999954881, 6.201000000000002288, -17.91862915010150203 ) ) ;
#3289 = ORIENTED_EDGE ( 'NONE', *, *, #2537, .F. ) ;
#3290 = CARTESIAN_POINT ( 'NONE',  ( 0.3999999999999999667, 2.061552812808831181, 5.139000000000001123 ) ) ;
#3291 = EDGE_LOOP ( 'NONE', ( #2790, #3106, #66, #2237 ) ) ;
#3292 = CARTESIAN_POINT ( 'NONE',  ( 17.89999999999999858, -45.00940607636245261, -25.39999999999999858 ) ) ;
#3293 = DIRECTION ( 'NONE',  ( 1.000000000000000000, 0.000000000000000000, -0.000000000000000000 ) ) ;
#3294 = CARTESIAN_POINT ( 'NONE',  ( -3.654415587728433223, -0.1999999999999996503, -19.04999999999993676 ) ) ;
#3295 = EDGE_LOOP ( 'NONE', ( #3320, #2868 ) ) ;
#3296 = CIRCLE ( 'NONE', #4155, 3.175000000000000711 ) ;
#3297 = AXIS2_PLACEMENT_3D ( 'NONE', #1503, #478, #1527 ) ;
#3298 = EDGE_CURVE ( 'NONE', #4628, #1368, #416, .T. ) ;
#3299 = VECTOR ( 'NONE', #3482, 1000.000000000000000 ) ;
#3300 = ORIENTED_EDGE ( 'NONE', *, *, #4393, .T. ) ;
#3301 = CARTESIAN_POINT ( 'NONE',  ( 12.30000000000000249, -2.182266827280790356, 5.773579458367407824 ) ) ;
#3302 = CARTESIAN_POINT ( 'NONE',  ( -0.6477403412507650726, 1.999113491775012852, 4.305849356269930261 ) ) ;
#3303 = CIRCLE ( 'NONE', #1455, 3.175000000000000711 ) ;
#3304 = DIRECTION ( 'NONE',  ( 0.000000000000000000, 0.000000000000000000, 1.000000000000000000 ) ) ;
#3305 = VERTEX_POINT ( 'NONE', #4526 ) ;
#3306 = DIRECTION ( 'NONE',  ( 1.482669637587014767E-16, 0.000000000000000000, 1.000000000000000000 ) ) ;
#3307 = AXIS2_PLACEMENT_3D ( 'NONE', #1008, #2161, #3641 ) ;
#3308 = CARTESIAN_POINT ( 'NONE',  ( 12.69999999999999929, -5.460999999999999410, -14.80000000000000071 ) ) ;
#3309 = CARTESIAN_POINT ( 'NONE',  ( -0.3999999999999999667, -1.502637486114517751, 6.138999999999998458 ) ) ;
#3310 = VERTEX_POINT ( 'NONE', #2250 ) ;
#3311 = DIRECTION ( 'NONE',  ( 0.7071067811865475727, -0.7071067811865474617, 0.000000000000000000 ) ) ;
#3312 = PLANE ( 'NONE',  #2360 ) ;
#3313 = B_SPLINE_CURVE_WITH_KNOTS ( 'NONE', 3,
 ( #3309, #4376, #4066, #743, #1064, #1857 ),
 .UNSPECIFIED., .F., .F.,
 ( 4, 2, 4 ),
 ( 0.000000000000000000, 0.0004757428370953073775, 0.0009514856741906147549 ),
 .UNSPECIFIED. ) ;
#3314 = AXIS2_PLACEMENT_3D ( 'NONE', #171, #3582, #1649 ) ;
#3315 = EDGE_LOOP ( 'NONE', ( #1542, #685, #3006, #462 ) ) ;
#3316 = CARTESIAN_POINT ( 'NONE',  ( 12.69999999999999929, -5.460999999999999410, -25.39999999999999858 ) ) ;
#3317 = VERTEX_POINT ( 'NONE', #1604 ) ;
#3318 = LINE ( 'NONE', #4408, #2625 ) ;
#3319 = CARTESIAN_POINT ( 'NONE',  ( 0.000000000000000000, 0.000000000000000000, 5.523072258617638397 ) ) ;
#3320 = ORIENTED_EDGE ( 'NONE', *, *, #4149, .T. ) ;
#3321 = DIRECTION ( 'NONE',  ( 0.000000000000000000, 1.000000000000000000, 0.000000000000000000 ) ) ;
#3322 = VERTEX_POINT ( 'NONE', #3080 ) ;
#3323 = PLANE ( 'NONE',  #3123 ) ;
#3324 = ADVANCED_FACE ( 'NONE', ( #1987 ), #1215, .T. ) ;
#3325 = DIRECTION ( 'NONE',  ( 0.000000000000000000, 0.000000000000000000, 1.000000000000000000 ) ) ;
#3326 = PLANE ( 'NONE',  #1221 ) ;
#3327 = ORIENTED_EDGE ( 'NONE', *, *, #2789, .T. ) ;
#3328 = DIRECTION ( 'NONE',  ( 0.000000000000000000, 1.000000000000000000, 0.000000000000000000 ) ) ;
#3329 = CARTESIAN_POINT ( 'NONE',  ( 2.978334981051645070, 6.200000000000000178, -2.000000000000001776 ) ) ;
#3330 = LINE ( 'NONE', #3653, #4456 ) ;
#3331 = ORIENTED_EDGE ( 'NONE', *, *, #3343, .F. ) ;
#3332 = DIRECTION ( 'NONE',  ( 0.000000000000000000, 0.000000000000000000, 1.000000000000000000 ) ) ;
#3333 = AXIS2_PLACEMENT_3D ( 'NONE', #3319, #1464, #1867 ) ;
#3334 = FACE_OUTER_BOUND ( 'NONE', #2055, .T. ) ;
#3335 = AXIS2_PLACEMENT_3D ( 'NONE', #4524, #1886, #4449 ) ;
#3336 = ADVANCED_FACE ( 'NONE', ( #1169 ), #775, .T. ) ;
#3337 = ORIENTED_EDGE ( 'NONE', *, *, #211, .F. ) ;
#3338 = CARTESIAN_POINT ( 'NONE',  ( 12.30000000000000071, -2.264950330581225746, 5.523072258617638397 ) ) ;
#3339 = ORIENTED_EDGE ( 'NONE', *, *, #3441, .T. ) ;
#3340 = VERTEX_POINT ( 'NONE', #150 ) ;
#3341 = VECTOR ( 'NONE', #1451, 1000.000000000000114 ) ;
#3342 = DIRECTION ( 'NONE',  ( -0.000000000000000000, 1.000000000000000000, -0.000000000000000000 ) ) ;
#3343 = EDGE_CURVE ( 'NONE', #1685, #1473, #799, .T. ) ;
#3344 = FACE_BOUND ( 'NONE', #3539, .T. ) ;
#3345 = ORIENTED_EDGE ( 'NONE', *, *, #4195, .F. ) ;
#3346 = AXIS2_PLACEMENT_3D ( 'NONE', #449, #3401, #88 ) ;
#3347 = EDGE_CURVE ( 'NONE', #4313, #4502, #4753, .T. ) ;
#3348 = CYLINDRICAL_SURFACE ( 'NONE', #2469, 6.199999999999972644 ) ;
#3349 = AXIS2_PLACEMENT_3D ( 'NONE', #1507, #3389, #748 ) ;
#3350 = EDGE_LOOP ( 'NONE', ( #3958, #548 ) ) ;
#3351 = FACE_OUTER_BOUND ( 'NONE', #3158, .T. ) ;
#3352 = CARTESIAN_POINT ( 'NONE',  ( 12.30000000000000071, -3.174999999999998934, 5.139000000000001123 ) ) ;
#3353 = DIRECTION ( 'NONE',  ( -0.000000000000000000, -0.000000000000000000, 1.000000000000000000 ) ) ;
#3354 = ORIENTED_EDGE ( 'NONE', *, *, #292, .T. ) ;
#3355 = DIRECTION ( 'NONE',  ( 0.000000000000000000, 0.000000000000000000, -1.000000000000000000 ) ) ;
#3356 = CARTESIAN_POINT ( 'NONE',  ( 12.69999999999999929, -6.201024999999999565, -12.69999999999999929 ) ) ;
#3357 = CYLINDRICAL_SURFACE ( 'NONE', #3371, 5.199999999999968203 ) ;
#3358 = ORIENTED_EDGE ( 'NONE', *, *, #2208, .T. ) ;
#3359 = CARTESIAN_POINT ( 'NONE',  ( 18.90000000000000213, -6.199999999999997513, -25.39999999999999858 ) ) ;
#3360 = AXIS2_PLACEMENT_3D ( 'NONE', #3871, #2361, #4537 ) ;
#3361 = ADVANCED_FACE ( 'NONE', ( #1629 ), #4450, .T. ) ;
#3362 = CARTESIAN_POINT ( 'NONE',  ( -6.200000000000001954, -0.1999999999999996503, -20.18137084989848873 ) ) ;
#3363 = ORIENTED_EDGE ( 'NONE', *, *, #686, .F. ) ;
#3364 = CARTESIAN_POINT ( 'NONE',  ( 10.59999999999999787, 0.000000000000000000, 0.8890000000000009006 ) ) ;
#3365 = EDGE_LOOP ( 'NONE', ( #852, #3372, #1648, #4270 ) ) ;
#3366 = ORIENTED_EDGE ( 'NONE', *, *, #2241, .T. ) ;
#3367 = CIRCLE ( 'NONE', #3990, 2.299999999999999822 ) ;
#3368 = CARTESIAN_POINT ( 'NONE',  ( 12.69999999999999929, -0.8890000000000000124, -12.69999999999999929 ) ) ;
#3369 = ORIENTED_EDGE ( 'NONE', *, *, #774, .T. ) ;
#3370 = LINE ( 'NONE', #2280, #378 ) ;
#3371 = AXIS2_PLACEMENT_3D ( 'NONE', #3018, #75, #769 ) ;
#3372 = ORIENTED_EDGE ( 'NONE', *, *, #2876, .T. ) ;
#3373 = EDGE_CURVE ( 'NONE', #498, #3206, #1961, .T. ) ;
#3374 = CARTESIAN_POINT ( 'NONE',  ( 6.350000000000000533, -0.8890000000000000124, -19.04999999999999716 ) ) ;
#3375 = CARTESIAN_POINT ( 'NONE',  ( 17.76862915010146438, -6.200000000000000178, -19.04999999999999716 ) ) ;
#3376 = CONICAL_SURFACE ( 'NONE', #1304, 2.299999999999999822, 0.3141592653589760364 ) ;
#3377 = DIRECTION ( 'NONE',  ( 0.7071067811865475727, -0.000000000000000000, 0.7071067811865475727 ) ) ;
#3378 = AXIS2_PLACEMENT_3D ( 'NONE', #2239, #4538, #1521 ) ;
#3379 = VERTEX_POINT ( 'NONE', #4142 ) ;
#3380 = DIRECTION ( 'NONE',  ( -0.000000000000000000, 1.000000000000000000, -0.000000000000000000 ) ) ;
#3381 = CIRCLE ( 'NONE', #919, 3.175000000000000266 ) ;
#3382 = CARTESIAN_POINT ( 'NONE',  ( -6.226320535179879527E-14, -6.199999999999997513, -31.59999999999994102 ) ) ;
#3383 = CARTESIAN_POINT ( 'NONE',  ( 6.349999999999999645, -45.00940607636245261, -29.05441558772836785 ) ) ;
#3384 = ORIENTED_EDGE ( 'NONE', *, *, #4699, .F. ) ;
#3385 = CARTESIAN_POINT ( 'NONE',  ( 6.349999999999992539, -6.200000000000000178, -30.46862915010146367 ) ) ;
#3386 = DIRECTION ( 'NONE',  ( 0.000000000000000000, 1.000000000000000000, 0.000000000000000000 ) ) ;
#3387 = AXIS2_PLACEMENT_3D ( 'NONE', #3136, #3478, #496 ) ;
#3388 = ADVANCED_FACE ( 'NONE', ( #4170 ), #4193, .T. ) ;
#3389 = DIRECTION ( 'NONE',  ( 1.444274288350627250E-15, -0.000000000000000000, 1.000000000000000000 ) ) ;
#3390 = ORIENTED_EDGE ( 'NONE', *, *, #2532, .T. ) ;
#3391 = DIRECTION ( 'NONE',  ( 0.7071067811865491270, 0.000000000000000000, -0.7071067811865459074 ) ) ;
#3392 = AXIS2_PLACEMENT_3D ( 'NONE', #3778, #459, #1934 ) ;
#3393 = VERTEX_POINT ( 'NONE', #1888 ) ;
#3394 = ORIENTED_EDGE ( 'NONE', *, *, #578, .T. ) ;
#3395 = ADVANCED_FACE ( 'NONE', ( #3758 ), #80, .T. ) ;
#3396 = FACE_OUTER_BOUND ( 'NONE', #3502, .T. ) ;
#3397 = VERTEX_POINT ( 'NONE', #3364 ) ;
#3398 = B_SPLINE_CURVE_WITH_KNOTS ( 'NONE', 3,
 ( #3649, #4063, #1808, #3282 ),
 .UNSPECIFIED., .F., .F.,
 ( 4, 4 ),
 ( 0.003655977453372196047, 0.003758849537120531516 ),
 .UNSPECIFIED. ) ;
#3399 = CARTESIAN_POINT ( 'NONE',  ( 0.4000000000000001887, -2.264950330581225746, 5.523072258617638397 ) ) ;
#3400 = ORIENTED_EDGE ( 'NONE', *, *, #3485, .F. ) ;
#3401 = DIRECTION ( 'NONE',  ( -0.000000000000000000, 1.000000000000000000, -0.000000000000000000 ) ) ;
#3402 = FACE_OUTER_BOUND ( 'NONE', #3050, .T. ) ;
#3403 = CARTESIAN_POINT ( 'NONE',  ( -5.200000000000000178, -2.174999999999996270, -1.999999999999998224 ) ) ;
#3404 = ORIENTED_EDGE ( 'NONE', *, *, #4577, .F. ) ;
#3405 = LINE ( 'NONE', #3798, #2185 ) ;
#3406 = EDGE_CURVE ( 'NONE', #343, #4482, #3953, .T. ) ;
#3407 = DIRECTION ( 'NONE',  ( -0.000000000000000000, 1.000000000000000000, -0.000000000000000000 ) ) ;
#3408 = CARTESIAN_POINT ( 'NONE',  ( 5.218629150101504521, -0.1999999999999996503, -31.59999999999995524 ) ) ;
#3409 = CARTESIAN_POINT ( 'NONE',  ( 9.524999999999998579, 3.888253587292846081E-16, 0.000000000000000000 ) ) ;
#3410 = CARTESIAN_POINT ( 'NONE',  ( 6.350000000000000533, -5.460999999999999410, -19.04999999999999716 ) ) ;
#3411 = ADVANCED_FACE ( 'NONE', ( #3004 ), #3025, .T. ) ;
#3412 = PLANE ( 'NONE',  #2727 ) ;
#3413 = ORIENTED_EDGE ( 'NONE', *, *, #206, .F. ) ;
#3414 = DIRECTION ( 'NONE',  ( -1.000000000000000000, 1.209468558947973047E-16, 0.000000000000000000 ) ) ;
#3415 = ORIENTED_EDGE ( 'NONE', *, *, #3079, .T. ) ;
#3416 = ORIENTED_EDGE ( 'NONE', *, *, #3663, .T. ) ;
#3417 = CARTESIAN_POINT ( 'NONE',  ( 6.349999999999999645, -0.1999999999999996503, -29.05441558772836785 ) ) ;
#3418 = EDGE_CURVE ( 'NONE', #1966, #2401, #820, .T. ) ;
#3419 = ORIENTED_EDGE ( 'NONE', *, *, #350, .F. ) ;
#3420 = VECTOR ( 'NONE', #3847, 1000.000000000000000 ) ;
#3421 = AXIS2_PLACEMENT_3D ( 'NONE', #1739, #4336, #1018 ) ;
#3422 = DIRECTION ( 'NONE',  ( 0.000000000000000000, -0.000000000000000000, 1.000000000000000000 ) ) ;
#3423 = AXIS2_PLACEMENT_3D ( 'NONE', #4709, #1786, #3992 ) ;
#3424 = EDGE_CURVE ( 'NONE', #4541, #2432, #1442, .T. ) ;
#3425 = AXIS2_PLACEMENT_3D ( 'NONE', #3726, #742, #385 ) ;
#3426 = EDGE_LOOP ( 'NONE', ( #4587, #199, #3790, #3981 ) ) ;
#3427 = PLANE ( 'NONE',  #4532 ) ;
#3428 = DIRECTION ( 'NONE',  ( -0.000000000000000000, 1.000000000000000000, -0.000000000000000000 ) ) ;
#3429 = ADVANCED_FACE ( 'NONE', ( #2399 ), #1653, .F. ) ;
#3430 = CIRCLE ( 'NONE', #1189, 2.100000000000000977 ) ;
#3431 = ORIENTED_EDGE ( 'NONE', *, *, #2682, .T. ) ;
#3432 = CARTESIAN_POINT ( 'NONE',  ( 13.42063157758646774, -1.972483239316683346, 5.138999999999997570 ) ) ;
#3433 = EDGE_CURVE ( 'NONE', #3065, #4518, #3130, .T. ) ;
#3434 = DIRECTION ( 'NONE',  ( 0.000000000000000000, -1.000000000000000000, 0.000000000000000000 ) ) ;
#3435 = DIRECTION ( 'NONE',  ( 0.7071067811865479058, 0.000000000000000000, -0.7071067811865471286 ) ) ;
#3436 = DIRECTION ( 'NONE',  ( 0.000000000000000000, 0.000000000000000000, 1.000000000000000000 ) ) ;
#3437 = CARTESIAN_POINT ( 'NONE',  ( 6.350000000000000533, -2.175000000000000711, -19.04999999999999716 ) ) ;
#3438 = VERTEX_POINT ( 'NONE', #3927 ) ;
#3439 = DIRECTION ( 'NONE',  ( -0.000000000000000000, 1.000000000000000000, -0.000000000000000000 ) ) ;
#3440 = DIRECTION ( 'NONE',  ( 0.000000000000000000, 1.000000000000000000, 0.000000000000000000 ) ) ;
#3441 = EDGE_CURVE ( 'NONE', #845, #343, #710, .T. ) ;
#3442 = CARTESIAN_POINT ( 'NONE',  ( 13.10000000000000142, -2.083236664664703586, 5.905597390643911204 ) ) ;
#3443 = ORIENTED_EDGE ( 'NONE', *, *, #1300, .T. ) ;
#3444 = VERTEX_POINT ( 'NONE', #1364 ) ;
#3445 = DIRECTION ( 'NONE',  ( -0.7071067811865459074, 0.000000000000000000, 0.7071067811865491270 ) ) ;
#3446 = ORIENTED_EDGE ( 'NONE', *, *, #1917, .F. ) ;
#3447 = ORIENTED_EDGE ( 'NONE', *, *, #2261, .T. ) ;
#3448 = AXIS2_PLACEMENT_3D ( 'NONE', #59, #3812, #3445 ) ;
#3449 = CARTESIAN_POINT ( 'NONE',  ( -2.630594115711841125E-16, -6.201024999999999565, -12.69999999999999929 ) ) ;
#3450 = EDGE_CURVE ( 'NONE', #31, #3179, #3537, .T. ) ;
#3451 = ORIENTED_EDGE ( 'NONE', *, *, #730, .F. ) ;
#3452 = CARTESIAN_POINT ( 'NONE',  ( 15.87500000000000000, 0.000000000000000000, 0.000000000000000000 ) ) ;
#3453 = CARTESIAN_POINT ( 'NONE',  ( 0.000000000000000000, 0.000000000000000000, 5.139000000000004675 ) ) ;
#3454 = CALENDAR_DATE ( 2022, 6, 6 ) ;
#3455 = EDGE_CURVE ( 'NONE', #4334, #2569, #4218, .T. ) ;
#3456 = EDGE_LOOP ( 'NONE', ( #1518, #934, #2254, #2454 ) ) ;
#3457 = CARTESIAN_POINT ( 'NONE',  ( -2.630594115711841125E-16, -5.460999999999999410, -25.39999999999999858 ) ) ;
#3458 = VECTOR ( 'NONE', #3881, 1000.000000000000000 ) ;
#3459 = VECTOR ( 'NONE', #4747, 1000.000000000000000 ) ;
#3460 = DIRECTION ( 'NONE',  ( 0.000000000000000000, 0.000000000000000000, -1.000000000000000000 ) ) ;
#3461 = PLANE ( 'NONE',  #3297 ) ;
#3462 = VECTOR ( 'NONE', #1835, 1000.000000000000114 ) ;
#3463 = APPROVAL ( #554, 'UNSPECIFIED' ) ;
#3464 = CARTESIAN_POINT ( 'NONE',  ( 17.89999999999999858, -6.199999999999997513, -25.39999999999999858 ) ) ;
#3465 = LINE ( 'NONE', #4138, #1154 ) ;
#3466 = ORIENTED_EDGE ( 'NONE', *, *, #2152, .T. ) ;
#3467 = DIRECTION ( 'NONE',  ( 1.000000000000000000, 0.000000000000000000, 0.000000000000000000 ) ) ;
#3468 = CIRCLE ( 'NONE', #1225, 2.100000000000000089 ) ;
#3469 = FACE_OUTER_BOUND ( 'NONE', #4117, .T. ) ;
#3470 = CARTESIAN_POINT ( 'NONE',  ( -0.3999999999999999667, -2.197165962000668493, 5.495012552331536071 ) ) ;
#3471 = ORIENTED_EDGE ( 'NONE', *, *, #660, .F. ) ;
#3472 = VECTOR ( 'NONE', #4671, 1000.000000000000000 ) ;
#3473 = EDGE_CURVE ( 'NONE', #810, #1789, #1295, .T. ) ;
#3474 = DIRECTION ( 'NONE',  ( -1.000000000000000000, 0.000000000000000000, 0.000000000000000000 ) ) ;
#3475 = VERTEX_POINT ( 'NONE', #4244 ) ;
#3476 = ORIENTED_EDGE ( 'NONE', *, *, #2909, .T. ) ;
#3477 = CIRCLE ( 'NONE', #3241, 3.175000000000001599 ) ;
#3478 = DIRECTION ( 'NONE',  ( 0.000000000000000000, 0.000000000000000000, -1.000000000000000000 ) ) ;
#3479 = VERTEX_POINT ( 'NONE', #609 ) ;
#3480 = AXIS2_PLACEMENT_3D ( 'NONE', #4418, #4374, #2149 ) ;
#3481 = CARTESIAN_POINT ( 'NONE',  ( 12.69999999999999929, 6.200000000000000178, -2.000000000000000000 ) ) ;
#3482 = DIRECTION ( 'NONE',  ( -1.195183497228115281E-16, -1.000000000000000000, 0.000000000000000000 ) ) ;
#3483 = DATE_TIME_ROLE ( 'classification_date' ) ;
#3484 = LINE ( 'NONE', #532, #3031 ) ;
#3485 = EDGE_CURVE ( 'NONE', #4619, #4600, #903, .T. ) ;
#3486 = CARTESIAN_POINT ( 'NONE',  ( 0.4000000000000000222, -2.197165961088449748, 5.495012551953919022 ) ) ;
#3487 = CARTESIAN_POINT ( 'NONE',  ( 6.350000000000002309, -5.460999999999999410, -6.349999999999997868 ) ) ;
#3488 = LINE ( 'NONE', #1692, #830 ) ;
#3489 = DIRECTION ( 'NONE',  ( -0.000000000000000000, -1.000000000000000000, -0.000000000000000000 ) ) ;
#3490 = VERTEX_POINT ( 'NONE', #1323 ) ;
#3491 = CARTESIAN_POINT ( 'NONE',  ( -2.630594115711841125E-16, -5.460999999999999410, -12.69999999999999929 ) ) ;
#3492 = DIRECTION ( 'NONE',  ( 0.000000000000000000, 1.000000000000000000, 0.000000000000000000 ) ) ;
#3493 = CARTESIAN_POINT ( 'NONE',  ( 12.69999999999999929, -2.175000000000001599, -25.39999999999999858 ) ) ;
#3494 = ORIENTED_EDGE ( 'NONE', *, *, #3343, .T. ) ;
#3495 = EDGE_CURVE ( 'NONE', #1080, #4128, #2793, .T. ) ;
#3496 = CARTESIAN_POINT ( 'NONE',  ( 12.69999999999999929, 6.200000000000000178, -2.000000000000000000 ) ) ;
#3497 = ORIENTED_EDGE ( 'NONE', *, *, #1632, .T. ) ;
#3498 = ORIENTED_EDGE ( 'NONE', *, *, #1433, .T. ) ;
#3499 = CARTESIAN_POINT ( 'NONE',  ( 13.12861193465578680, -2.057850353472996385, 2.353605336466521702 ) ) ;
#3500 = CARTESIAN_POINT ( 'NONE',  ( -6.199999999999951328, 6.201000000000002288, -20.18137084989848518 ) ) ;
#3501 = TOROIDAL_SURFACE ( 'NONE', #4578, 1.554966049364602254, 0.7500000000000000000 ) ;
#3502 = EDGE_LOOP ( 'NONE', ( #2969, #2307, #1626, #3683 ) ) ;
#3503 = AXIS2_PLACEMENT_3D ( 'NONE', #4168, #1141, #123 ) ;
#3504 = FACE_OUTER_BOUND ( 'NONE', #4265, .T. ) ;
#3505 = EDGE_CURVE ( 'NONE', #3729, #56, #1698, .T. ) ;
#3506 = CARTESIAN_POINT ( 'NONE',  ( 12.69999999999999929, -2.175000000000001599, -12.69999999999999929 ) ) ;
#3507 = VECTOR ( 'NONE', #3677, 1000.000000000000227 ) ;
#3508 = DIRECTION ( 'NONE',  ( 0.000000000000000000, 1.000000000000000000, 0.000000000000000000 ) ) ;
#3509 = CARTESIAN_POINT ( 'NONE',  ( -0.3999999999999999667, 2.061552812808830737, 5.438999999999999169 ) ) ;
#3510 = VECTOR ( 'NONE', #1826, 1000.000000000000114 ) ;
#3511 = CARTESIAN_POINT ( 'NONE',  ( 2.100000000000000089, 2.571758278209441957E-16, 5.438999999999999169 ) ) ;
#3512 = CARTESIAN_POINT ( 'NONE',  ( -6.200000000000000178, -0.1999999999999996503, -2.000000000000000000 ) ) ;
#3513 = ORIENTED_EDGE ( 'NONE', *, *, #2078, .F. ) ;
#3514 = DIRECTION ( 'NONE',  ( -1.000000000000000000, 0.000000000000000000, 0.000000000000000000 ) ) ;
#3515 = CARTESIAN_POINT ( 'NONE',  ( -5.200000000000000178, -2.174999999999996270, -20.59558441227150993 ) ) ;
#3516 = DIRECTION ( 'NONE',  ( 1.000000000000000000, 0.000000000000000000, 8.115498896123205041E-15 ) ) ;
#3517 = ORIENTED_EDGE ( 'NONE', *, *, #713, .T. ) ;
#3518 = EDGE_CURVE ( 'NONE', #2934, #3310, #2836, .T. ) ;
#3519 = CARTESIAN_POINT ( 'NONE',  ( 0.000000000000000000, 0.000000000000000000, 5.620762745781209269 ) ) ;
#3520 = ORIENTED_EDGE ( 'NONE', *, *, #279, .T. ) ;
#3521 = VERTEX_POINT ( 'NONE', #4318 ) ;
#3522 = APPROVAL ( #4281, 'UNSPECIFIED' ) ;
#3523 = DIRECTION ( 'NONE',  ( -0.7071067811865479058, 8.552234196640338253E-17, 0.7071067811865471286 ) ) ;
#3524 = VERTEX_POINT ( 'NONE', #2425 ) ;
#3525 = FACE_OUTER_BOUND ( 'NONE', #4143, .T. ) ;
#3526 = AXIS2_PLACEMENT_3D ( 'NONE', #3931, #3133, #250 ) ;
#3527 = ADVANCED_FACE ( 'NONE', ( #1388 ), #4000, .T. ) ;
#3528 = CARTESIAN_POINT ( 'NONE',  ( 0.4000000000000000222, -2.129368205736811070, 5.466985055468133403 ) ) ;
#3529 = DIRECTION ( 'NONE',  ( 0.000000000000000000, 0.000000000000000000, 1.000000000000000000 ) ) ;
#3530 = DIRECTION ( 'NONE',  ( 0.000000000000000000, 1.000000000000000000, 0.000000000000000000 ) ) ;
#3531 = DIRECTION ( 'NONE',  ( -0.000000000000000000, 1.000000000000000000, -0.000000000000000000 ) ) ;
#3532 = AXIS2_PLACEMENT_3D ( 'NONE', #367, #4329, #1011 ) ;
#3533 = EDGE_LOOP ( 'NONE', ( #824, #1026 ) ) ;
#3534 = CARTESIAN_POINT ( 'NONE',  ( 6.350000000000002309, -2.175000000000000711, -9.524999999999998579 ) ) ;
#3535 = CARTESIAN_POINT ( 'NONE',  ( 6.350000000000000533, -4.174999999999999822, -15.87499999999999645 ) ) ;
#3536 = VECTOR ( 'NONE', #166, 1000.000000000000000 ) ;
#3537 = LINE ( 'NONE', #2012, #521 ) ;
#3538 = ORIENTED_EDGE ( 'NONE', *, *, #977, .T. ) ;
#3539 = EDGE_LOOP ( 'NONE', ( #1066, #1010 ) ) ;
#3540 = EDGE_CURVE ( 'NONE', #4250, #2087, #1750, .T. ) ;
#3541 = AXIS2_PLACEMENT_3D ( 'NONE', #2121, #2486, #3968 ) ;
#3542 = VECTOR ( 'NONE', #671, 1000.000000000000000 ) ;
#3543 = DIRECTION ( 'NONE',  ( 0.9218631515885042926, 0.000000000000000000, 0.3875155864520939408 ) ) ;
#3544 = ORIENTED_EDGE ( 'NONE', *, *, #615, .F. ) ;
#3545 = EDGE_CURVE ( 'NONE', #1102, #1481, #3954, .T. ) ;
#3546 = CIRCLE ( 'NONE', #224, 2.100000000000000977 ) ;
#3547 = VERTEX_POINT ( 'NONE', #4645 ) ;
#3548 = FACE_OUTER_BOUND ( 'NONE', #776, .T. ) ;
#3549 = VECTOR ( 'NONE', #3230, 1000.000000000000000 ) ;
#3550 = DIRECTION ( 'NONE',  ( -0.000000000000000000, 0.000000000000000000, 1.000000000000000000 ) ) ;
#3551 = ORIENTED_EDGE ( 'NONE', *, *, #3298, .T. ) ;
#3552 = DIRECTION ( 'NONE',  ( -0.000000000000000000, -0.000000000000000000, -1.000000000000000000 ) ) ;
#3553 = DATE_AND_TIME ( #2783, #827 ) ;
#3554 = CONICAL_SURFACE ( 'NONE', #1007, 2.100000000000000977, 1.172861257340199304 ) ;
#3555 = DIRECTION ( 'NONE',  ( -0.000000000000000000, 1.000000000000000000, -0.000000000000000000 ) ) ;
#3556 = DIRECTION ( 'NONE',  ( -0.000000000000000000, 1.000000000000000000, -0.000000000000000000 ) ) ;
#3557 = CARTESIAN_POINT ( 'NONE',  ( 3.174999999999999822, 0.000000000000000000, 0.8890000000000009006 ) ) ;
#3558 = DIRECTION ( 'NONE',  ( 0.000000000000000000, 0.000000000000000000, 1.000000000000000000 ) ) ;
#3559 = VERTEX_POINT ( 'NONE', #3587 ) ;
#3560 = LINE ( 'NONE', #561, #545 ) ;
#3561 = DIRECTION ( 'NONE',  ( 0.000000000000000000, 1.000000000000000000, 0.000000000000000000 ) ) ;
#3562 = CARTESIAN_POINT ( 'NONE',  ( -0.3999999999999999667, -2.243459280444427772, 5.588199955838118349 ) ) ;
#3563 = EDGE_LOOP ( 'NONE', ( #1369, #3036, #2467, #981 ) ) ;
#3564 = EDGE_CURVE ( 'NONE', #4184, #4619, #975, .T. ) ;
#3565 = PLANE ( 'NONE',  #3607 ) ;
#3566 = EDGE_LOOP ( 'NONE', ( #1762, #3593 ) ) ;
#3567 = ORIENTED_EDGE ( 'NONE', *, *, #4015, .T. ) ;
#3568 = EDGE_CURVE ( 'NONE', #3397, #3524, #1446, .T. ) ;
#3569 = DIRECTION ( 'NONE',  ( -0.000000000000000000, 1.000000000000000000, -0.000000000000000000 ) ) ;
#3570 = DIRECTION ( 'NONE',  ( 1.000000000000000000, 0.000000000000000000, 0.000000000000000000 ) ) ;
#3571 = ORIENTED_EDGE ( 'NONE', *, *, #3347, .F. ) ;
#3572 = DIRECTION ( 'NONE',  ( -0.000000000000000000, -0.000000000000000000, 1.000000000000000000 ) ) ;
#3573 = EDGE_CURVE ( 'NONE', #3815, #502, #4338, .T. ) ;
#3574 = VECTOR ( 'NONE', #3268, 1000.000000000000000 ) ;
#3575 = CYLINDRICAL_SURFACE ( 'NONE', #575, 2.100000000000000977 ) ;
#3576 = CIRCLE ( 'NONE', #1260, 1.554966049364602254 ) ;
#3577 = CARTESIAN_POINT ( 'NONE',  ( 0.4000000000000000777, -2.182283254615324797, 5.773529692572009431 ) ) ;
#3578 = CARTESIAN_POINT ( 'NONE',  ( -6.007754271052748004E-14, -6.199999999999997513, -31.59999999999994102 ) ) ;
#3579 = AXIS2_PLACEMENT_3D ( 'NONE', #3244, #2125, #3220 ) ;
#3580 = EDGE_CURVE ( 'NONE', #2627, #904, #1476, .T. ) ;
#3581 = EDGE_LOOP ( 'NONE', ( #1224, #1123, #2863, #4513 ) ) ;
#3582 = DIRECTION ( 'NONE',  ( 0.000000000000000000, 1.000000000000000000, 0.000000000000000000 ) ) ;
#3583 = AXIS2_PLACEMENT_3D ( 'NONE', #289, #312, #1039 ) ;
#3584 = CARTESIAN_POINT ( 'NONE',  ( 0.4980973490458738828, -2.040073290564207831, 2.595422128626172054 ) ) ;
#3585 = AXIS2_PLACEMENT_3D ( 'NONE', #2780, #965, #2436 ) ;
#3586 = LINE ( 'NONE', #4711, #711 ) ;
#3587 = CARTESIAN_POINT ( 'NONE',  ( 0.7206315775864680084, 1.972483239316684234, 5.138999999999997570 ) ) ;
#3588 = ORIENTED_EDGE ( 'NONE', *, *, #2000, .T. ) ;
#3589 = ORIENTED_EDGE ( 'NONE', *, *, #713, .F. ) ;
#3590 = AXIS2_PLACEMENT_3D ( 'NONE', #952, #902, #4598 ) ;
#3591 = DIRECTION ( 'NONE',  ( -0.7071067811865459074, 0.000000000000000000, 0.7071067811865491270 ) ) ;
#3592 = ADVANCED_FACE ( 'NONE', ( #1408 ), #1112, .T. ) ;
#3593 = ORIENTED_EDGE ( 'NONE', *, *, #497, .F. ) ;
#3594 = ORIENTED_EDGE ( 'NONE', *, *, #2721, .T. ) ;
#3595 = FACE_OUTER_BOUND ( 'NONE', #1365, .T. ) ;
#3596 = DIRECTION ( 'NONE',  ( -0.000000000000000000, -0.000000000000000000, -1.000000000000000000 ) ) ;
#3597 = EDGE_LOOP ( 'NONE', ( #1659, #3520, #418, #2480 ) ) ;
#3598 = DIRECTION ( 'NONE',  ( 0.000000000000000000, 0.000000000000000000, 1.000000000000000000 ) ) ;
#3599 = EDGE_CURVE ( 'NONE', #607, #423, #3995, .T. ) ;
#3600 = CARTESIAN_POINT ( 'NONE',  ( 12.30000000000000071, -1.502637486114517751, 6.138999999999998458 ) ) ;
#3601 = EDGE_CURVE ( 'NONE', #1864, #4388, #1116, .T. ) ;
#3602 = DIRECTION ( 'NONE',  ( -0.000000000000000000, 1.000000000000000000, -0.000000000000000000 ) ) ;
#3603 = CARTESIAN_POINT ( 'NONE',  ( 14.25496604936460265, 0.000000000000000000, 6.138999999999998458 ) ) ;
#3604 = ORIENTED_EDGE ( 'NONE', *, *, #2193, .T. ) ;
#3605 = DIRECTION ( 'NONE',  ( 0.000000000000000000, 0.000000000000000000, 1.000000000000000000 ) ) ;
#3606 = DIRECTION ( 'NONE',  ( 1.482669637587014767E-16, -0.000000000000000000, -1.000000000000000000 ) ) ;
#3607 = AXIS2_PLACEMENT_3D ( 'NONE', #3157, #2037, #1724 ) ;
#3608 = EDGE_CURVE ( 'NONE', #3322, #3393, #4712, .T. ) ;
#3609 = DIRECTION ( 'NONE',  ( 0.000000000000000000, 0.000000000000000000, 1.000000000000000000 ) ) ;
#3610 = DIRECTION ( 'NONE',  ( 0.000000000000000000, 1.000000000000000000, 0.000000000000000000 ) ) ;
#3611 = AXIS2_PLACEMENT_3D ( 'NONE', #851, #4551, #1913 ) ;
#3612 = ORIENTED_EDGE ( 'NONE', *, *, #4562, .T. ) ;
#3613 = EDGE_LOOP ( 'NONE', ( #4105, #3012, #2502, #2794 ) ) ;
#3614 = CIRCLE ( 'NONE', #2289, 2.099999999999999645 ) ;
#3615 = CARTESIAN_POINT ( 'NONE',  ( -6.007754661964809033E-14, -45.00940607636245261, -31.59999999999997655 ) ) ;
#3616 = ORIENTED_EDGE ( 'NONE', *, *, #1880, .F. ) ;
#3617 = ORIENTED_EDGE ( 'NONE', *, *, #4222, .T. ) ;
#3618 = AXIS2_PLACEMENT_3D ( 'NONE', #1735, #1036, #2507 ) ;
#3619 = CARTESIAN_POINT ( 'NONE',  ( 18.89999999999997371, -45.00940607636245261, -25.39999999999999858 ) ) ;
#3620 = EDGE_CURVE ( 'NONE', #704, #4509, #747, .T. ) ;
#3621 = DIRECTION ( 'NONE',  ( 1.000000000000000000, 0.000000000000000000, -8.115498896123167176E-15 ) ) ;
#3622 = VECTOR ( 'NONE', #286, 1000.000000000000000 ) ;
#3623 = ORIENTED_EDGE ( 'NONE', *, *, #3116, .T. ) ;
#3624 = VECTOR ( 'NONE', #860, 1000.000000000000000 ) ;
#3625 = VECTOR ( 'NONE', #2270, 1000.000000000000000 ) ;
#3626 = LINE ( 'NONE', #308, #882 ) ;
#3627 = DIRECTION ( 'NONE',  ( 1.000000000000000000, 0.000000000000000000, -0.000000000000000000 ) ) ;
#3628 = CARTESIAN_POINT ( 'NONE',  ( 7.895584412271571928, -4.174999999999998046, -30.59999999999994102 ) ) ;
#3629 = ORIENTED_EDGE ( 'NONE', *, *, #1679, .F. ) ;
#3630 = CARTESIAN_POINT ( 'NONE',  ( 0.4000000000000001887, 2.264950330581225302, 5.523072258617638397 ) ) ;
#3631 = ADVANCED_FACE ( 'NONE', ( #2515 ), #679, .F. ) ;
#3632 = CYLINDRICAL_SURFACE ( 'NONE', #4352, 3.175000000000000711 ) ;
#3633 = DIRECTION ( 'NONE',  ( 0.000000000000000000, 1.000000000000000000, 0.000000000000000000 ) ) ;
#3634 = ORIENTED_EDGE ( 'NONE', *, *, #2445, .T. ) ;
#3635 = ORIENTED_EDGE ( 'NONE', *, *, #2117, .F. ) ;
#3636 = EDGE_CURVE ( 'NONE', #2643, #3547, #1788, .T. ) ;
#3637 = CARTESIAN_POINT ( 'NONE',  ( 16.35441558772843251, -45.00940607636245261, -19.04999999999993676 ) ) ;
#3638 = VERTEX_POINT ( 'NONE', #1430 ) ;
#3639 = EDGE_LOOP ( 'NONE', ( #782, #4383, #4296, #2313, #272, #1569 ) ) ;
#3640 = EDGE_CURVE ( 'NONE', #222, #420, #3246, .T. ) ;
#3641 = DIRECTION ( 'NONE',  ( 0.7071067811865474617, 0.000000000000000000, 0.7071067811865474617 ) ) ;
#3642 = CARTESIAN_POINT ( 'NONE',  ( 6.349999999999994316, 6.201000000000000512, -30.46862915010146367 ) ) ;
#3643 = ORIENTED_EDGE ( 'NONE', *, *, #2914, .T. ) ;
#3644 = EDGE_CURVE ( 'NONE', #3438, #845, #3313, .T. ) ;
#3645 = DIRECTION ( 'NONE',  ( 1.000000000000000000, -8.340016711427002127E-17, 0.000000000000000000 ) ) ;
#3646 = CARTESIAN_POINT ( 'NONE',  ( 0.000000000000000000, 0.000000000000000000, 5.523072258617638397 ) ) ;
#3647 = DIRECTION ( 'NONE',  ( 0.000000000000000000, 1.000000000000000000, 0.000000000000000000 ) ) ;
#3648 = ORIENTED_EDGE ( 'NONE', *, *, #1091, .F. ) ;
#3649 = CARTESIAN_POINT ( 'NONE',  ( 0.4000000000000001887, 2.232710535457612888, 5.620762745781209269 ) ) ;
#3650 = VECTOR ( 'NONE', #2204, 1000.000000000000000 ) ;
#3651 = FACE_OUTER_BOUND ( 'NONE', #3148, .T. ) ;
#3652 = CIRCLE ( 'NONE', #2334, 3.175000000000000711 ) ;
#3653 = CARTESIAN_POINT ( 'NONE',  ( -6.200000000000001066, 6.200000000000000178, 0.000000000000000000 ) ) ;
#3654 = ORIENTED_EDGE ( 'NONE', *, *, #4718, .F. ) ;
#3655 = LINE ( 'NONE', #724, #3625 ) ;
#3656 = EDGE_CURVE ( 'NONE', #31, #3891, #1377, .T. ) ;
#3657 = CIRCLE ( 'NONE', #3421, 5.199999999999968203 ) ;
#3658 = CARTESIAN_POINT ( 'NONE',  ( 10.40000000000000036, 0.000000000000000000, 5.523072258617638397 ) ) ;
#3659 = ORIENTED_EDGE ( 'NONE', *, *, #3768, .F. ) ;
#3660 = VECTOR ( 'NONE', #1901, 1000.000000000000000 ) ;
#3661 = ORIENTED_EDGE ( 'NONE', *, *, #3599, .F. ) ;
#3662 = FACE_OUTER_BOUND ( 'NONE', #2631, .T. ) ;
#3663 = EDGE_CURVE ( 'NONE', #1969, #3685, #3330, .T. ) ;
#3664 = AXIS2_PLACEMENT_3D ( 'NONE', #4566, #2365, #2342 ) ;
#3665 = DIRECTION ( 'NONE',  ( 0.7071067811865474617, 0.000000000000000000, -0.7071067811865474617 ) ) ;
#3666 = DIRECTION ( 'NONE',  ( 0.000000000000000000, 0.000000000000000000, 1.000000000000000000 ) ) ;
#3667 = ORIENTED_EDGE ( 'NONE', *, *, #482, .F. ) ;
#3668 = EDGE_CURVE ( 'NONE', #2443, #4717, #4613, .T. ) ;
#3669 = EDGE_LOOP ( 'NONE', ( #4057, #657, #3201, #195 ) ) ;
#3670 = DIRECTION ( 'NONE',  ( -0.000000000000000000, -0.000000000000000000, 1.000000000000000000 ) ) ;
#3671 = CARTESIAN_POINT ( 'NONE',  ( 12.69999999999999929, 0.000000000000000000, 5.389000000000001123 ) ) ;
#3672 = CARTESIAN_POINT ( 'NONE',  ( 2.100000000000000089, 2.571758278209441957E-16, 5.438999999999999169 ) ) ;
#3673 = ORIENTED_EDGE ( 'NONE', *, *, #2746, .F. ) ;
#3674 = FACE_OUTER_BOUND ( 'NONE', #4362, .T. ) ;
#3675 = EDGE_CURVE ( 'NONE', #1818, #4070, #24, .T. ) ;
#3676 = EDGE_CURVE ( 'NONE', #1383, #2864, #3976, .T. ) ;
#3677 = DIRECTION ( 'NONE',  ( 0.9218631515885042926, 0.000000000000000000, 0.3875155864520939408 ) ) ;
#3678 = CIRCLE ( 'NONE', #1594, 6.199999999999972644 ) ;
#3679 = CARTESIAN_POINT ( 'NONE',  ( -3.654415587728433223, -45.00940607636245261, -19.04999999999993676 ) ) ;
#3680 = EDGE_LOOP ( 'NONE', ( #1775, #490, #131, #806, #4441, #3030, #1095, #2086, #4480, #2156, #3617, #2298 ) ) ;
#3681 = DIRECTION ( 'NONE',  ( 0.000000000000000000, 0.000000000000000000, 1.000000000000000000 ) ) ;
#3682 = DIRECTION ( 'NONE',  ( 1.482669637587014767E-16, -0.000000000000000000, -1.000000000000000000 ) ) ;
#3683 = ORIENTED_EDGE ( 'NONE', *, *, #2939, .F. ) ;
#3684 = FACE_BOUND ( 'NONE', #2035, .T. ) ;
#3685 = VERTEX_POINT ( 'NONE', #3284 ) ;
#3686 = VECTOR ( 'NONE', #1721, 1000.000000000000000 ) ;
#3687 = CARTESIAN_POINT ( 'NONE',  ( -6.200000000000001066, 6.200000000000000178, -2.000000000000000000 ) ) ;
#3688 = DIRECTION ( 'NONE',  ( 1.000000000000000000, 0.000000000000000000, 0.000000000000000000 ) ) ;
#3689 = ADVANCED_FACE ( 'NONE', ( #2928 ), #1088, .T. ) ;
#3690 = ORIENTED_EDGE ( 'NONE', *, *, #2437, .F. ) ;
#3691 = CC_DESIGN_APPROVAL ( #3820, ( #1512 ) ) ;
#3692 = VECTOR ( 'NONE', #3633, 1000.000000000000000 ) ;
#3693 = CYLINDRICAL_SURFACE ( 'NONE', #73, 3.175000000000000711 ) ;
#3694 = AXIS2_PLACEMENT_3D ( 'NONE', #1972, #3093, #4563 ) ;
#3695 = VERTEX_POINT ( 'NONE', #1162 ) ;
#3696 = FACE_BOUND ( 'NONE', #3566, .T. ) ;
#3697 = CIRCLE ( 'NONE', #844, 3.174999999999999822 ) ;
#3698 = CARTESIAN_POINT ( 'NONE',  ( 16.35441558772843251, -6.199999999999997513, -19.04999999999993676 ) ) ;
#3699 = DIRECTION ( 'NONE',  ( 1.000000000000000000, 0.000000000000000000, 0.000000000000000000 ) ) ;
#3700 = ORIENTED_EDGE ( 'NONE', *, *, #2505, .T. ) ;
#3701 = CARTESIAN_POINT ( 'NONE',  ( -3.654415587728433223, -4.174999999999998046, -19.04999999999993676 ) ) ;
#3702 = EDGE_CURVE ( 'NONE', #4099, #2934, #117, .T. ) ;
#3703 = CARTESIAN_POINT ( 'NONE',  ( 14.25496604936460265, 0.000000000000000000, 5.389000000000001123 ) ) ;
#3704 = ADVANCED_FACE ( 'NONE', ( #1904 ), #815, .T. ) ;
#3705 = CARTESIAN_POINT ( 'NONE',  ( -0.3999999999999999667, 2.264950330581225302, 5.523072258617638397 ) ) ;
#3706 = EDGE_LOOP ( 'NONE', ( #4172, #733 ) ) ;
#3707 = CARTESIAN_POINT ( 'NONE',  ( 12.69999999999999929, 0.000000000000000000, 5.438999999999999169 ) ) ;
#3708 = AXIS2_PLACEMENT_3D ( 'NONE', #1944, #2986, #2963 ) ;
#3709 = CARTESIAN_POINT ( 'NONE',  ( -6.199999999999898037, -4.174999999999998934, -30.59999999999991971 ) ) ;
#3710 = AXIS2_PLACEMENT_3D ( 'NONE', #2878, #1133, #1060 ) ;
#3711 = ORIENTED_EDGE ( 'NONE', *, *, #232, .T. ) ;
#3712 = ADVANCED_FACE ( 'NONE', ( #49 ), #3727, .T. ) ;
#3713 = DIRECTION ( 'NONE',  ( -0.000000000000000000, 1.000000000000000000, -0.000000000000000000 ) ) ;
#3714 = ORIENTED_EDGE ( 'NONE', *, *, #1420, .F. ) ;
#3715 = LINE ( 'NONE', #875, #765 ) ;
#3716 = CARTESIAN_POINT ( 'NONE',  ( -6.200000000000001066, 6.200000000000000178, 0.000000000000000000 ) ) ;
#3717 = ORIENTED_EDGE ( 'NONE', *, *, #2676, .F. ) ;
#3718 = DIRECTION ( 'NONE',  ( -1.000000000000000000, 0.000000000000000000, 0.000000000000000000 ) ) ;
#3719 = ORIENTED_EDGE ( 'NONE', *, *, #2384, .T. ) ;
#3720 = FACE_OUTER_BOUND ( 'NONE', #1928, .T. ) ;
#3721 = FACE_OUTER_BOUND ( 'NONE', #1694, .T. ) ;
#3722 = CARTESIAN_POINT ( 'NONE',  ( -5.200000000000000178, -45.00940607636245261, -17.50441558772836714 ) ) ;
#3723 = ADVANCED_FACE ( 'NONE', ( #3776 ), #3751, .T. ) ;
#3724 = ORIENTED_EDGE ( 'NONE', *, *, #1765, .T. ) ;
#3725 = DIRECTION ( 'NONE',  ( 0.000000000000000000, 0.000000000000000000, 1.000000000000000000 ) ) ;
#3726 = CARTESIAN_POINT ( 'NONE',  ( -2.630594115711841125E-16, -5.460999999999999410, -25.39999999999999858 ) ) ;
#3727 = PLANE ( 'NONE',  #2842 ) ;
#3728 = CC_DESIGN_PERSON_AND_ORGANIZATION_ASSIGNMENT ( #1999, #4307, ( #215 ) ) ;
#3729 = VERTEX_POINT ( 'NONE', #3408 ) ;
#3730 = DIRECTION ( 'NONE',  ( 1.000000000000000000, 0.000000000000000000, 0.000000000000000000 ) ) ;
#3731 = CARTESIAN_POINT ( 'NONE',  ( 12.70000000000000462, 6.200000000000000178, 0.000000000000000000 ) ) ;
#3732 = CIRCLE ( 'NONE', #3335, 3.174999999999999822 ) ;
#3733 = ORIENTED_EDGE ( 'NONE', *, *, #2000, .F. ) ;
#3734 = DIRECTION ( 'NONE',  ( 1.000000000000000000, 0.000000000000000000, 0.000000000000000000 ) ) ;
#3735 = ORIENTED_EDGE ( 'NONE', *, *, #4390, .F. ) ;
#3736 = ORIENTED_EDGE ( 'NONE', *, *, #401, .F. ) ;
#3737 = CIRCLE ( 'NONE', #2257, 0.7499999999999997780 ) ;
#3738 = EDGE_CURVE ( 'NONE', #1660, #4388, #4380, .T. ) ;
#3739 = CARTESIAN_POINT ( 'NONE',  ( 13.09999999999999964, 2.061552812808830293, 5.438999999999999169 ) ) ;
#3740 = ORIENTED_EDGE ( 'NONE', *, *, #1816, .T. ) ;
#3741 = CARTESIAN_POINT ( 'NONE',  ( 36.23756980544231965, -4.175000000000003375, -58.94198539317065411 ) ) ;
#3742 = VERTEX_POINT ( 'NONE', #4162 ) ;
#3743 = DIRECTION ( 'NONE',  ( 0.000000000000000000, -1.000000000000000000, 0.000000000000000000 ) ) ;
#3744 = PLANE ( 'NONE',  #3378 ) ;
#3745 = ADVANCED_FACE ( 'NONE', ( #4111 ), #3357, .F. ) ;
#3746 = CARTESIAN_POINT ( 'NONE',  ( 9.524999999999998579, 3.888253587292845095E-16, 0.8890000000000009006 ) ) ;
#3747 = ORIENTED_EDGE ( 'NONE', *, *, #833, .F. ) ;
#3748 = CARTESIAN_POINT ( 'NONE',  ( 12.20190265095412840, -2.040073290564207831, 2.595422128626172054 ) ) ;
#3749 = ADVANCED_FACE ( 'NONE', ( #4497, #1574 ), #1932, .T. ) ;
#3750 = LINE ( 'NONE', #4110, #4282 ) ;
#3751 = CYLINDRICAL_SURFACE ( 'NONE', #4078, 2.100000000000000977 ) ;
#3752 = EDGE_LOOP ( 'NONE', ( #427, #3661, #4407, #2832 ) ) ;
#3753 = CARTESIAN_POINT ( 'NONE',  ( 6.350000000000000533, -0.8890000000000000124, -15.87499999999999645 ) ) ;
#3754 = CARTESIAN_POINT ( 'NONE',  ( -5.068629150101459757, 6.201000000000001400, -19.04999999999999361 ) ) ;
#3755 = ADVANCED_FACE ( 'NONE', ( #1977 ), #3461, .T. ) ;
#3756 = CARTESIAN_POINT ( 'NONE',  ( -2.630594115711841125E-16, -2.174999999999999822, -12.69999999999999929 ) ) ;
#3757 = ORIENTED_EDGE ( 'NONE', *, *, #1227, .F. ) ;
#3758 = FACE_OUTER_BOUND ( 'NONE', #1754, .T. ) ;
#3759 = EDGE_LOOP ( 'NONE', ( #4436, #469, #3094, #437 ) ) ;
#3760 = EDGE_LOOP ( 'NONE', ( #1889, #3911, #3138, #3090 ) ) ;
#3761 = FACE_OUTER_BOUND ( 'NONE', #2942, .T. ) ;
#3762 = EDGE_LOOP ( 'NONE', ( #1769, #1415, #3719, #1839 ) ) ;
#3763 = VECTOR ( 'NONE', #1557, 1000.000000000000114 ) ;
#3764 = LINE ( 'NONE', #3033, #2782 ) ;
#3765 = AXIS2_PLACEMENT_3D ( 'NONE', #2343, #430, #2635 ) ;
#3766 = ORIENTED_EDGE ( 'NONE', *, *, #3986, .F. ) ;
#3767 = CARTESIAN_POINT ( 'NONE',  ( 0.4000000000000001887, 2.232710535457612888, 5.620762745781209269 ) ) ;
#3768 = EDGE_CURVE ( 'NONE', #3340, #1299, #1302, .T. ) ;
#3769 = CARTESIAN_POINT ( 'NONE',  ( 7.481370849898471675, 6.201000000000000512, -31.59999999999994102 ) ) ;
#3770 = AXIS2_PLACEMENT_3D ( 'NONE', #4516, #2630, #2262 ) ;
#3771 = CARTESIAN_POINT ( 'NONE',  ( 17.89999999999999858, -45.00940607636245261, -17.50441558772836714 ) ) ;
#3772 = ORIENTED_EDGE ( 'NONE', *, *, #1740, .F. ) ;
#3773 = CARTESIAN_POINT ( 'NONE',  ( 1.257659471581004217E-16, -4.174999999999999822, -15.87500000000000000 ) ) ;
#3774 = CIRCLE ( 'NONE', #2996, 2.100000000000000977 ) ;
#3775 = LINE ( 'NONE', #1856, #1346 ) ;
#3776 = FACE_OUTER_BOUND ( 'NONE', #2726, .T. ) ;
#3777 = CARTESIAN_POINT ( 'NONE',  ( -2.299999999999999822, 0.000000000000000000, 5.523072258617638397 ) ) ;
#3778 = CARTESIAN_POINT ( 'NONE',  ( 12.69999999999999929, -0.8890000000000000124, -25.39999999999999858 ) ) ;
#3779 = AXIS2_PLACEMENT_3D ( 'NONE', #3208, #3293, #2845 ) ;
#3780 = EDGE_CURVE ( 'NONE', #866, #2767, #2062, .T. ) ;
#3781 = CARTESIAN_POINT ( 'NONE',  ( 0.4980973490458738828, -2.040073290564207831, 2.595422128626172054 ) ) ;
#3782 = ORIENTED_EDGE ( 'NONE', *, *, #3209, .F. ) ;
#3783 = DIRECTION ( 'NONE',  ( -0.7071067811865459074, 0.000000000000000000, -0.7071067811865491270 ) ) ;
#3784 = AXIS2_PLACEMENT_3D ( 'NONE', #2395, #2345, #1241 ) ;
#3785 = EDGE_LOOP ( 'NONE', ( #2581, #2500 ) ) ;
#3786 = ORIENTED_EDGE ( 'NONE', *, *, #4461, .T. ) ;
#3787 = ADVANCED_FACE ( 'NONE', ( #841 ), #4136, .T. ) ;
#3788 = VECTOR ( 'NONE', #2619, 1000.000000000000000 ) ;
#3789 = LINE ( 'NONE', #2645, #4655 ) ;
#3790 = ORIENTED_EDGE ( 'NONE', *, *, #3116, .F. ) ;
#3791 = ADVANCED_FACE ( 'NONE', ( #3828, #2998 ), #2972, .T. ) ;
#3792 = ADVANCED_FACE ( 'NONE', ( #3070 ), #457, .T. ) ;
#3793 = CARTESIAN_POINT ( 'NONE',  ( 12.69999999999999929, 0.000000000000000000, 5.523072258617638397 ) ) ;
#3794 = VERTEX_POINT ( 'NONE', #506 ) ;
#3795 = CARTESIAN_POINT ( 'NONE',  ( -46.09198539317075927, -2.174999999999994049, -61.48756980544245465 ) ) ;
#3796 = CARTESIAN_POINT ( 'NONE',  ( 17.89999999999999858, -2.175000000000003375, -17.50441558772836714 ) ) ;
#3797 = ORIENTED_EDGE ( 'NONE', *, *, #465, .T. ) ;
#3798 = CARTESIAN_POINT ( 'NONE',  ( -5.200000000001050005, -4.174999999999998934, -101.3795551986130334 ) ) ;
#3799 = EDGE_CURVE ( 'NONE', #2773, #423, #58, .T. ) ;
#3800 = DIRECTION ( 'NONE',  ( 0.000000000000000000, -0.000000000000000000, 1.000000000000000000 ) ) ;
#3801 = DIRECTION ( 'NONE',  ( -0.000000000000000000, -0.000000000000000000, -1.000000000000000000 ) ) ;
#3802 = DIRECTION ( 'NONE',  ( -0.000000000000000000, 0.000000000000000000, 1.000000000000000000 ) ) ;
#3803 = CARTESIAN_POINT ( 'NONE',  ( -0.1236690215010796678, 2.099990463092004322, 2.139040055015564601 ) ) ;
#3804 = ORIENTED_EDGE ( 'NONE', *, *, #3573, .T. ) ;
#3805 = CARTESIAN_POINT ( 'NONE',  ( 0.4000000000000000222, 2.197165962000668493, 5.495012552331536959 ) ) ;
#3806 = LINE ( 'NONE', #3709, #177 ) ;
#3807 = ORIENTED_EDGE ( 'NONE', *, *, #1193, .T. ) ;
#3808 = CARTESIAN_POINT ( 'NONE',  ( 18.89999999999995595, 6.200999999999999623, -20.18137084989848873 ) ) ;
#3809 = ORIENTED_EDGE ( 'NONE', *, *, #2286, .T. ) ;
#3810 = EDGE_LOOP ( 'NONE', ( #1548, #661, #4670, #2139 ) ) ;
#3811 = CIRCLE ( 'NONE', #1720, 2.100000000000000977 ) ;
#3812 = DIRECTION ( 'NONE',  ( -0.7071067811865491270, 0.000000000000000000, -0.7071067811865459074 ) ) ;
#3813 = EDGE_LOOP ( 'NONE', ( #3415, #2753 ) ) ;
#3814 = EDGE_CURVE ( 'NONE', #1102, #3322, #3614, .T. ) ;
#3815 = VERTEX_POINT ( 'NONE', #4638 ) ;
#3816 = CIRCLE ( 'NONE', #1723, 3.374999999999999556 ) ;
#3817 = CYLINDRICAL_SURFACE ( 'NONE', #2150, 2.100000000000000977 ) ;
#3818 = AXIS2_PLACEMENT_3D ( 'NONE', #1449, #2925, #4400 ) ;
#3819 = EDGE_CURVE ( 'NONE', #4574, #2431, #1528, .T. ) ;
#3820 = APPROVAL ( #2707, 'UNSPECIFIED' ) ;
#3821 = EDGE_LOOP ( 'NONE', ( #1699, #2187, #4769, #539 ) ) ;
#3822 = LINE ( 'NONE', #3844, #1959 ) ;
#3823 = LINE ( 'NONE', #943, #2530 ) ;
#3824 = CALENDAR_DATE ( 2022, 6, 6 ) ;
#3825 = ORIENTED_EDGE ( 'NONE', *, *, #1822, .T. ) ;
#3826 = CARTESIAN_POINT ( 'NONE',  ( 18.89999999999999858, 1.734723475976807094E-15, 0.000000000000000000 ) ) ;
#3827 = DIRECTION ( 'NONE',  ( 0.000000000000000000, -1.000000000000000000, 0.000000000000000000 ) ) ;
#3828 = FACE_BOUND ( 'NONE', #616, .T. ) ;
#3829 = LINE ( 'NONE', #3385, #1760 ) ;
#3830 = CARTESIAN_POINT ( 'NONE',  ( -0.4980973490458723840, 2.040073290564207831, 2.595422128626172054 ) ) ;
#3831 = ORIENTED_EDGE ( 'NONE', *, *, #3518, .F. ) ;
#3832 = FACE_OUTER_BOUND ( 'NONE', #2673, .T. ) ;
#3833 = LINE ( 'NONE', #4217, #650 ) ;
#3834 = DIRECTION ( 'NONE',  ( -1.195183497228115281E-16, -1.000000000000000000, 0.000000000000000000 ) ) ;
#3835 = EDGE_LOOP ( 'NONE', ( #360, #2275, #1308, #2618, #2576, #1432, #4564, #296, #1372, #3300, #1004, #139, #2404, #1440, #103, #3476, #1072, #1016, #4022, #2183, #3265, #560, #3358, #3999, #1938, #4300, #516, #2801, #3126, #3009 ) ) ;
#3836 = ORIENTED_EDGE ( 'NONE', *, *, #2796, .T. ) ;
#3837 = VECTOR ( 'NONE', #3178, 1000.000000000000000 ) ;
#3838 = LINE ( 'NONE', #4484, #4145 ) ;
#3839 = ORIENTED_EDGE ( 'NONE', *, *, #3139, .T. ) ;
#3840 = ORIENTED_EDGE ( 'NONE', *, *, #1991, .F. ) ;
#3841 = CIRCLE ( 'NONE', #814, 2.100000000000000977 ) ;
#3842 = CARTESIAN_POINT ( 'NONE',  ( 12.57665507966319929, -2.100009524403047223, 2.138959997505217814 ) ) ;
#3843 = ORIENTED_EDGE ( 'NONE', *, *, #4209, .T. ) ;
#3844 = CARTESIAN_POINT ( 'NONE',  ( -3.654415587728433223, -45.00940607636245261, -19.04999999999993676 ) ) ;
#3845 = LINE ( 'NONE', #3292, #1610 ) ;
#3846 = COORDINATED_UNIVERSAL_TIME_OFFSET ( 6, 0, .BEHIND. ) ;
#3847 = DIRECTION ( 'NONE',  ( 0.000000000000000000, 1.000000000000000000, 0.000000000000000000 ) ) ;
#3848 = AXIS2_PLACEMENT_3D ( 'NONE', #3918, #3946, #1713 ) ;
#3849 = AXIS2_PLACEMENT_3D ( 'NONE', #1948, #785, #1131 ) ;
#3850 = PLANE ( 'NONE',  #412 ) ;
#3851 = LINE ( 'NONE', #1691, #1755 ) ;
#3852 = AXIS2_PLACEMENT_3D ( 'NONE', #2660, #2245, #4187 ) ;
#3853 = DIRECTION ( 'NONE',  ( 0.000000000000000000, 0.000000000000000000, 1.000000000000000000 ) ) ;
#3854 = CARTESIAN_POINT ( 'NONE',  ( 0.2470723783330723289, 2.087434397081523674, 2.187282604411544096 ) ) ;
#3855 = EDGE_CURVE ( 'NONE', #4465, #4434, #3097, .T. ) ;
#3856 = EDGE_LOOP ( 'NONE', ( #3131, #2678 ) ) ;
#3857 = DIRECTION ( 'NONE',  ( 1.000000000000000000, 0.000000000000000000, -0.000000000000000000 ) ) ;
#3858 = TOROIDAL_SURFACE ( 'NONE', #444, 1.554966049364602254, 0.7500000000000000000 ) ;
#3859 = CARTESIAN_POINT ( 'NONE',  ( 12.69999999999999929, 0.000000000000000000, 5.438999999999999169 ) ) ;
#3860 = DIRECTION ( 'NONE',  ( 0.7071067811865479058, 0.000000000000000000, -0.7071067811865471286 ) ) ;
#3861 = VERTEX_POINT ( 'NONE', #2807 ) ;
#3862 = VECTOR ( 'NONE', #2397, 1000.000000000000000 ) ;
#3863 = CARTESIAN_POINT ( 'NONE',  ( 0.000000000000000000, 0.000000000000000000, 5.389000000000001123 ) ) ;
#3864 = EDGE_CURVE ( 'NONE', #4184, #2504, #924, .T. ) ;
#3865 = ORIENTED_EDGE ( 'NONE', *, *, #307, .F. ) ;
#3866 = ORIENTED_EDGE ( 'NONE', *, *, #2232, .T. ) ;
#3867 = VECTOR ( 'NONE', #4114, 1000.000000000000114 ) ;
#3868 = CARTESIAN_POINT ( 'NONE',  ( 5.218629150101519620, 6.201000000000001400, -31.59999999999994102 ) ) ;
#3869 = DIRECTION ( 'NONE',  ( -0.000000000000000000, -0.000000000000000000, -1.000000000000000000 ) ) ;
#3870 = EDGE_LOOP ( 'NONE', ( #1895, #121, #3839, #959 ) ) ;
#3871 = CARTESIAN_POINT ( 'NONE',  ( 12.69999999999999929, -5.460999999999999410, -25.39999999999999858 ) ) ;
#3872 = DIRECTION ( 'NONE',  ( 0.000000000000000000, 1.000000000000000000, 0.000000000000000000 ) ) ;
#3873 = DIRECTION ( 'NONE',  ( 0.7071067811865486830, 0.000000000000000000, 0.7071067811865463515 ) ) ;
#3874 = EDGE_CURVE ( 'NONE', #2692, #4570, #4212, .T. ) ;
#3875 = DIRECTION ( 'NONE',  ( 0.000000000000000000, -1.000000000000000000, 0.000000000000000000 ) ) ;
#3876 = CARTESIAN_POINT ( 'NONE',  ( -0.3999999999999999667, -2.061552812808830293, 5.438999999999999169 ) ) ;
#3877 = PLANE ( 'NONE',  #4012 ) ;
#3878 = VERTEX_POINT ( 'NONE', #4616 ) ;
#3879 = CARTESIAN_POINT ( 'NONE',  ( -2.630594115711841125E-16, -0.8890000000000000124, -15.87500000000000000 ) ) ;
#3880 = PLANE ( 'NONE',  #1182 ) ;
#3881 = DIRECTION ( 'NONE',  ( 0.7071067811865474617, 0.7071067811865475727, 0.000000000000000000 ) ) ;
#3882 = VERTEX_POINT ( 'NONE', #217 ) ;
#3883 = CARTESIAN_POINT ( 'NONE',  ( 0.000000000000000000, 0.000000000000000000, 5.523072258617638397 ) ) ;
#3884 = EDGE_LOOP ( 'NONE', ( #614, #2333 ) ) ;
#3885 = MANIFOLD_SOLID_BREP ( '228-2500-136', #4175 ) ;
#3886 = VERTEX_POINT ( 'NONE', #2829 ) ;
#3887 = AXIS2_PLACEMENT_3D ( 'NONE', #867, #475, #1879 ) ;
#3888 = ADVANCED_FACE ( 'NONE', ( #3143 ), #1668, .T. ) ;
#3889 = DIRECTION ( 'NONE',  ( 0.000000000000000000, 0.000000000000000000, 1.000000000000000000 ) ) ;
#3890 = CARTESIAN_POINT ( 'NONE',  ( 13.09999999999999964, 2.232710535457612888, 5.620762745781209269 ) ) ;
#3891 = VERTEX_POINT ( 'NONE', #603 ) ;
#3892 = VECTOR ( 'NONE', #4046, 1000.000000000000000 ) ;
#3893 = CYLINDRICAL_SURFACE ( 'NONE', #3272, 3.175000000000000711 ) ;
#3894 = APPROVAL_ROLE ( '' ) ;
#3895 = CIRCLE ( 'NONE', #3583, 3.175000000000000711 ) ;
#3896 = VECTOR ( 'NONE', #2100, 1000.000000000000000 ) ;
#3897 = EDGE_CURVE ( 'NONE', #2961, #4541, #3851, .T. ) ;
#3898 = CARTESIAN_POINT ( 'NONE',  ( 7.895584412271571928, -0.1999999999999996503, -30.59999999999994102 ) ) ;
#3899 = DIRECTION ( 'NONE',  ( -0.000000000000000000, 1.000000000000000000, -0.000000000000000000 ) ) ;
#3900 = CIRCLE ( 'NONE', #3346, 3.175000000000000711 ) ;
#3901 = FACE_OUTER_BOUND ( 'NONE', #3985, .T. ) ;
#3902 = CARTESIAN_POINT ( 'NONE',  ( -5.200000000000000178, -4.174999999999998046, -17.50441558772836714 ) ) ;
#3903 = VERTEX_POINT ( 'NONE', #3190 ) ;
#3904 = LINE ( 'NONE', #1293, #533 ) ;
#3905 = EDGE_CURVE ( 'NONE', #853, #984, #4666, .T. ) ;
#3906 = CARTESIAN_POINT ( 'NONE',  ( 0.000000000000000000, 0.000000000000000000, 6.138999999999998458 ) ) ;
#3907 = DIRECTION ( 'NONE',  ( 0.000000000000000000, 1.000000000000000000, 0.000000000000000000 ) ) ;
#3908 = ORIENTED_EDGE ( 'NONE', *, *, #2749, .F. ) ;
#3909 = CARTESIAN_POINT ( 'NONE',  ( 17.76862915010146438, 6.200999999999999623, -19.04999999999999716 ) ) ;
#3910 = VERTEX_POINT ( 'NONE', #2735 ) ;
#3911 = ORIENTED_EDGE ( 'NONE', *, *, #2236, .T. ) ;
#3912 = CARTESIAN_POINT ( 'NONE',  ( 12.30000000000000071, 2.264950330581225746, 5.523072258617638397 ) ) ;
#3913 = CARTESIAN_POINT ( 'NONE',  ( -5.200000000001050005, -2.174999999999998934, -101.3795551986130334 ) ) ;
#3914 = VERTEX_POINT ( 'NONE', #2026 ) ;
#3915 = DIRECTION ( 'NONE',  ( 0.000000000000000000, 0.000000000000000000, 1.000000000000000000 ) ) ;
#3916 = ADVANCED_FACE ( 'NONE', ( #896 ), #2786, .T. ) ;
#3917 = CARTESIAN_POINT ( 'NONE',  ( -0.3999999999999999667, 2.232710535457612888, 5.620762745781209269 ) ) ;
#3918 = CARTESIAN_POINT ( 'NONE',  ( 6.350000000000000533, -0.8890000000000000124, -19.04999999999999716 ) ) ;
#3919 = CARTESIAN_POINT ( 'NONE',  ( -2.630594115711841125E-16, -6.199999999999997513, -25.39999999999999858 ) ) ;
#3920 = CARTESIAN_POINT ( 'NONE',  ( 1.257659471581007668E-16, -5.460999999999999410, -28.57499999999999929 ) ) ;
#3921 = AXIS2_PLACEMENT_3D ( 'NONE', #631, #564, #2083 ) ;
#3922 = VERTEX_POINT ( 'NONE', #2366 ) ;
#3923 = CARTESIAN_POINT ( 'NONE',  ( 17.89999999999999858, -4.175000000000001599, -101.3795551986130192 ) ) ;
#3924 = AXIS2_PLACEMENT_3D ( 'NONE', #3040, #3353, #762 ) ;
#3925 = FACE_BOUND ( 'NONE', #3813, .T. ) ;
#3926 = AXIS2_PLACEMENT_3D ( 'NONE', #4593, #3875, #3529 ) ;
#3927 = CARTESIAN_POINT ( 'NONE',  ( -0.3999999999999999667, -1.502637486114517751, 6.138999999999998458 ) ) ;
#3928 = ORIENTED_EDGE ( 'NONE', *, *, #129, .F. ) ;
#3929 = EDGE_CURVE ( 'NONE', #2199, #4647, #2005, .T. ) ;
#3930 = CIRCLE ( 'NONE', #1833, 3.175000000000000711 ) ;
#3931 = CARTESIAN_POINT ( 'NONE',  ( 12.69999999999999929, -0.8890000000000000124, -12.69999999999999929 ) ) ;
#3932 = ORIENTED_EDGE ( 'NONE', *, *, #2445, .F. ) ;
#3933 = AXIS2_PLACEMENT_3D ( 'NONE', #3047, #1598, #4163 ) ;
#3934 = ORIENTED_EDGE ( 'NONE', *, *, #1075, .F. ) ;
#3935 = ADVANCED_FACE ( 'NONE', ( #3122, #4261 ), #2392, .T. ) ;
#3936 = EDGE_CURVE ( 'NONE', #4120, #4343, #947, .T. ) ;
#3937 = LINE ( 'NONE', #2088, #4095 ) ;
#3938 = CARTESIAN_POINT ( 'NONE',  ( -2.630594115711841125E-16, -5.460999999999999410, -25.39999999999999858 ) ) ;
#3939 = EDGE_CURVE ( 'NONE', #2818, #2692, #4535, .T. ) ;
#3940 = VERTEX_POINT ( 'NONE', #1336 ) ;
#3941 = EDGE_CURVE ( 'NONE', #3882, #4334, #218, .T. ) ;
#3942 = DIRECTION ( 'NONE',  ( -0.000000000000000000, 1.000000000000000000, -0.000000000000000000 ) ) ;
#3943 = AXIS2_PLACEMENT_3D ( 'NONE', #1338, #3531, #3558 ) ;
#3944 = VECTOR ( 'NONE', #1718, 1000.000000000000114 ) ;
#3945 = DIRECTION ( 'NONE',  ( 0.000000000000000000, 0.000000000000000000, -1.000000000000000000 ) ) ;
#3946 = DIRECTION ( 'NONE',  ( -0.000000000000000000, -1.000000000000000000, -0.000000000000000000 ) ) ;
#3947 = LINE ( 'NONE', #3876, #1688 ) ;
#3948 = CARTESIAN_POINT ( 'NONE',  ( 13.18718001185238542, 2.042738830444500220, 2.470636393497686267 ) ) ;
#3949 = EDGE_CURVE ( 'NONE', #4403, #610, #4464, .T. ) ;
#3950 = ORIENTED_EDGE ( 'NONE', *, *, #28, .F. ) ;
#3951 = CARTESIAN_POINT ( 'NONE',  ( 12.69999999999999929, -0.8890000000000000124, -9.524999999999998579 ) ) ;
#3952 = CARTESIAN_POINT ( 'NONE',  ( 17.89999999999999858, -2.175000000000003375, -25.39999999999999858 ) ) ;
#3953 = B_SPLINE_CURVE_WITH_KNOTS ( 'NONE', 3,
 ( #1247, #3470, #1535, #438 ),
 .UNSPECIFIED., .F., .F.,
 ( 4, 4 ),
 ( 0.003029541235337105884, 0.003249628748158705192 ),
 .UNSPECIFIED. ) ;
#3954 = LINE ( 'NONE', #2054, #1058 ) ;
#3955 = ORIENTED_EDGE ( 'NONE', *, *, #3939, .F. ) ;
#3956 = ORIENTED_EDGE ( 'NONE', *, *, #190, .F. ) ;
#3957 = LINE ( 'NONE', #4220, #590 ) ;
#3958 = ORIENTED_EDGE ( 'NONE', *, *, #646, .F. ) ;
#3959 = VERTEX_POINT ( 'NONE', #4706 ) ;
#3960 = CARTESIAN_POINT ( 'NONE',  ( -5.200000000000000178, -0.1999999999999996503, -17.50441558772836714 ) ) ;
#3961 = LINE ( 'NONE', #3913, #2180 ) ;
#3962 = ADVANCED_FACE ( 'NONE', ( #2874 ), #1471, .T. ) ;
#3963 = ORIENTED_EDGE ( 'NONE', *, *, #260, .T. ) ;
#3964 = DIRECTION ( 'NONE',  ( 0.000000000000000000, 0.000000000000000000, -1.000000000000000000 ) ) ;
#3965 = VECTOR ( 'NONE', #3226, 1000.000000000000000 ) ;
#3966 = LINE ( 'NONE', #3213, #1422 ) ;
#3967 = CARTESIAN_POINT ( 'NONE',  ( 0.4000000000000001887, -1.663407726524675834, 6.138999999999999346 ) ) ;
#3968 = DIRECTION ( 'NONE',  ( 1.000000000000000000, 0.000000000000000000, 0.000000000000000000 ) ) ;
#3969 = AXIS2_PLACEMENT_3D ( 'NONE', #2492, #268, #2538 ) ;
#3970 = ORIENTED_EDGE ( 'NONE', *, *, #3580, .F. ) ;
#3971 = CARTESIAN_POINT ( 'NONE',  ( 12.05225965874923233, 1.999113491775012852, 4.305849356269930261 ) ) ;
#3972 = AXIS2_PLACEMENT_3D ( 'NONE', #2994, #1618, #2265 ) ;
#3973 = DIRECTION ( 'NONE',  ( 0.000000000000000000, 0.000000000000000000, 1.000000000000000000 ) ) ;
#3974 = AXIS2_PLACEMENT_3D ( 'NONE', #1546, #2601, #3013 ) ;
#3975 = DIRECTION ( 'NONE',  ( -0.000000000000000000, -0.000000000000000000, -1.000000000000000000 ) ) ;
#3976 = LINE ( 'NONE', #1811, #287 ) ;
#3977 = ORIENTED_EDGE ( 'NONE', *, *, #3864, .F. ) ;
#3978 = ORIENTED_EDGE ( 'NONE', *, *, #3473, .F. ) ;
#3979 = AXIS2_PLACEMENT_3D ( 'NONE', #1555, #3049, #1602 ) ;
#3980 = DIRECTION ( 'NONE',  ( 0.000000000000000000, 0.000000000000000000, 1.000000000000000000 ) ) ;
#3981 = ORIENTED_EDGE ( 'NONE', *, *, #2241, .F. ) ;
#3982 = ORIENTED_EDGE ( 'NONE', *, *, #143, .T. ) ;
#3983 = DIRECTION ( 'NONE',  ( -0.000000000000000000, 1.000000000000000000, -0.000000000000000000 ) ) ;
#3984 = DIRECTION ( 'NONE',  ( 1.398970545142586541E-16, -1.000000000000000000, 0.000000000000000000 ) ) ;
#3985 = EDGE_LOOP ( 'NONE', ( #50, #1731 ) ) ;
#3986 = EDGE_CURVE ( 'NONE', #498, #3547, #262, .T. ) ;
#3987 = DIRECTION ( 'NONE',  ( 0.000000000000000000, 1.000000000000000000, 0.000000000000000000 ) ) ;
#3988 = DIRECTION ( 'NONE',  ( -1.000000000000000000, 0.000000000000000000, 0.000000000000000000 ) ) ;
#3989 = DIRECTION ( 'NONE',  ( -0.000000000000000000, -0.000000000000000000, -1.000000000000000000 ) ) ;
#3990 = AXIS2_PLACEMENT_3D ( 'NONE', #3883, #4648, #203 ) ;
#3991 = EDGE_LOOP ( 'NONE', ( #2038, #4157, #3275, #1727 ) ) ;
#3992 = DIRECTION ( 'NONE',  ( 0.000000000000000000, 0.000000000000000000, 1.000000000000000000 ) ) ;
#3993 = DIRECTION ( 'NONE',  ( -0.000000000000000000, -0.000000000000000000, 1.000000000000000000 ) ) ;
#3994 = DIRECTION ( 'NONE',  ( 1.000000000000000000, 0.000000000000000000, 8.260587980841934638E-15 ) ) ;
#3995 = LINE ( 'NONE', #2882, #1989 ) ;
#3996 = CIRCLE ( 'NONE', #4312, 3.175000000000000711 ) ;
#3997 = EDGE_CURVE ( 'NONE', #4173, #1296, #1804, .T. ) ;
#3998 = ORIENTED_EDGE ( 'NONE', *, *, #1716, .T. ) ;
#3999 = ORIENTED_EDGE ( 'NONE', *, *, #1679, .T. ) ;
#4000 = CONICAL_SURFACE ( 'NONE', #3151, 2.100000000000000977, 1.172861257340199304 ) ;
#4001 = CARTESIAN_POINT ( 'NONE',  ( 0.4000000000000001887, -1.502637486114517751, 6.138999999999998458 ) ) ;
#4002 = EDGE_LOOP ( 'NONE', ( #3908, #4548, #2797, #3135 ) ) ;
#4003 = AXIS2_PLACEMENT_3D ( 'NONE', #1828, #2898, #3304 ) ;
#4004 = EDGE_LOOP ( 'NONE', ( #2296, #928, #439, #1793 ) ) ;
#4005 = VECTOR ( 'NONE', #4232, 1000.000000000000000 ) ;
#4006 = DIRECTION ( 'NONE',  ( 0.7071067811865486830, 0.000000000000000000, -0.7071067811865464625 ) ) ;
#4007 = ADVANCED_FACE ( 'NONE', ( #1783 ), #4350, .T. ) ;
#4008 = CARTESIAN_POINT ( 'NONE',  ( 0.000000000000000000, 0.000000000000000000, 5.389000000000001123 ) ) ;
#4009 = VECTOR ( 'NONE', #1240, 1000.000000000000000 ) ;
#4010 = ORIENTED_EDGE ( 'NONE', *, *, #899, .F. ) ;
#4011 = AXIS2_PLACEMENT_3D ( 'NONE', #3089, #573, #207 ) ;
#4012 = AXIS2_PLACEMENT_3D ( 'NONE', #4569, #3073, #3145 ) ;
#4013 = LINE ( 'NONE', #2531, #720 ) ;
#4014 = DIRECTION ( 'NONE',  ( 0.000000000000000000, 0.000000000000000000, 1.000000000000000000 ) ) ;
#4015 = EDGE_CURVE ( 'NONE', #343, #1021, #1757, .T. ) ;
#4016 = DIRECTION ( 'NONE',  ( -0.7071067811865459074, 0.000000000000000000, -0.7071067811865491270 ) ) ;
#4017 = EDGE_LOOP ( 'NONE', ( #4560, #1924, #4694, #4378 ) ) ;
#4018 = DIRECTION ( 'NONE',  ( -1.000000000000000000, 0.000000000000000000, 0.000000000000000000 ) ) ;
#4019 = EDGE_CURVE ( 'NONE', #2567, #2569, #1532, .T. ) ;
#4020 = PLANE ( 'NONE',  #1269 ) ;
#4021 = CARTESIAN_POINT ( 'NONE',  ( -2.630594115711841125E-16, -0.8890000000000000124, -25.39999999999999858 ) ) ;
#4022 = ORIENTED_EDGE ( 'NONE', *, *, #1334, .T. ) ;
#4023 = CARTESIAN_POINT ( 'NONE',  ( 6.349999999999992539, -0.1999999999999996503, -30.46862915010146367 ) ) ;
#4024 = DIRECTION ( 'NONE',  ( 0.000000000000000000, 1.000000000000000000, 0.000000000000000000 ) ) ;
#4025 = EDGE_LOOP ( 'NONE', ( #159, #2039, #1177, #2798, #2015, #3082, #2355, #3589, #3978, #4036 ) ) ;
#4026 = ORIENTED_EDGE ( 'NONE', *, *, #428, .T. ) ;
#4027 = CARTESIAN_POINT ( 'NONE',  ( -5.200000000000000178, -0.1999999999999996503, -17.50441558772836714 ) ) ;
#4028 = CYLINDRICAL_SURFACE ( 'NONE', #301, 2.100000000000000977 ) ;
#4029 = DIRECTION ( 'NONE',  ( 0.000000000000000000, 0.000000000000000000, 1.000000000000000000 ) ) ;
#4030 = EDGE_LOOP ( 'NONE', ( #1249, #2574, #1254, #3447 ) ) ;
#4031 = ADVANCED_FACE ( 'NONE', ( #2144, #3279, #3257, #2485, #715, #2166, #4369 ), #2189, .F. ) ;
#4032 = ORIENTED_EDGE ( 'NONE', *, *, #3287, .F. ) ;
#4033 = CARTESIAN_POINT ( 'NONE',  ( 12.69999999999999929, -5.460999999999999410, -9.524999999999998579 ) ) ;
#4034 = CARTESIAN_POINT ( 'NONE',  ( 6.350000000000000533, -2.175000000000000711, -19.04999999999999716 ) ) ;
#4035 = DIRECTION ( 'NONE',  ( -0.000000000000000000, 1.000000000000000000, -0.000000000000000000 ) ) ;
#4036 = ORIENTED_EDGE ( 'NONE', *, *, #2393, .T. ) ;
#4037 = DIRECTION ( 'NONE',  ( -0.000000000000000000, 1.000000000000000000, -0.000000000000000000 ) ) ;
#4038 = EDGE_CURVE ( 'NONE', #3065, #4482, #914, .T. ) ;
#4039 = DIRECTION ( 'NONE',  ( 0.000000000000000000, 0.000000000000000000, 1.000000000000000000 ) ) ;
#4040 = AXIS2_PLACEMENT_3D ( 'NONE', #4161, #48, #3800 ) ;
#4041 = DIRECTION ( 'NONE',  ( 0.7071067811865491270, 0.000000000000000000, -0.7071067811865459074 ) ) ;
#4042 = EDGE_LOOP ( 'NONE', ( #3623, #3604 ) ) ;
#4043 = LINE ( 'NONE', #2247, #3867 ) ;
#4044 = EDGE_CURVE ( 'NONE', #2946, #2016, #92, .T. ) ;
#4045 = VECTOR ( 'NONE', #3189, 1000.000000000000000 ) ;
#4046 = DIRECTION ( 'NONE',  ( -1.000000000000000000, 1.209468558947973047E-16, 1.444274288350627250E-15 ) ) ;
#4047 = ORIENTED_EDGE ( 'NONE', *, *, #3738, .T. ) ;
#4048 = DIRECTION ( 'NONE',  ( -1.000000000000000000, 0.000000000000000000, -0.000000000000000000 ) ) ;
#4049 = ORIENTED_EDGE ( 'NONE', *, *, #3905, .T. ) ;
#4050 = ADVANCED_FACE ( 'NONE', ( #3214 ), #3858, .T. ) ;
#4051 = CIRCLE ( 'NONE', #29, 2.299999999999999822 ) ;
#4052 = DIRECTION ( 'NONE',  ( 0.000000000000000000, 0.000000000000000000, 1.000000000000000000 ) ) ;
#4053 = PLANE ( 'NONE',  #955 ) ;
#4054 = ORIENTED_EDGE ( 'NONE', *, *, #530, .F. ) ;
#4055 = EDGE_CURVE ( 'NONE', #1266, #749, #2944, .T. ) ;
#4056 = EDGE_CURVE ( 'NONE', #3861, #175, #4462, .T. ) ;
#4057 = ORIENTED_EDGE ( 'NONE', *, *, #63, .T. ) ;
#4058 = DIRECTION ( 'NONE',  ( -1.000000000000000000, 0.000000000000000000, 0.000000000000000000 ) ) ;
#4059 = CARTESIAN_POINT ( 'NONE',  ( -0.4980973490458723840, 2.040073290564207831, 2.595422128626172054 ) ) ;
#4060 = LINE ( 'NONE', #738, #4614 ) ;
#4061 = ORIENTED_EDGE ( 'NONE', *, *, #1191, .F. ) ;
#4062 = AXIS2_PLACEMENT_3D ( 'NONE', #1045, #1838, #1434 ) ;
#4063 = CARTESIAN_POINT ( 'NONE',  ( 0.4000000000000000222, 2.243459280444427772, 5.588199955838118349 ) ) ;
#4064 = EDGE_CURVE ( 'NONE', #2401, #1861, #1363, .T. ) ;
#4065 = CARTESIAN_POINT ( 'NONE',  ( -0.3999999999999999667, 2.197165961088449304, 5.495012551953918134 ) ) ;
#4066 = CARTESIAN_POINT ( 'NONE',  ( -0.4000000000000000222, -1.820969194338324382, 6.090132639966193473 ) ) ;
#4067 = EDGE_LOOP ( 'NONE', ( #4304, #1118, #4223, #4251 ) ) ;
#4068 = CARTESIAN_POINT ( 'NONE',  ( 9.450000000000001066, 9.449999999999999289, -2.000000000000000000 ) ) ;
#4069 = CARTESIAN_POINT ( 'NONE',  ( 12.70000000000005969, -0.1999999999999996503, -31.59999999999994102 ) ) ;
#4070 = VERTEX_POINT ( 'NONE', #4332 ) ;
#4071 = CARTESIAN_POINT ( 'NONE',  ( 0.000000000000000000, 0.000000000000000000, 5.523072258617638397 ) ) ;
#4072 = ORIENTED_EDGE ( 'NONE', *, *, #2571, .F. ) ;
#4073 = AXIS2_PLACEMENT_3D ( 'NONE', #4071, #3552, #2935 ) ;
#4074 = CARTESIAN_POINT ( 'NONE',  ( -6.199999999999999289, -6.200000000000000178, -2.000000000000000000 ) ) ;
#4075 = CARTESIAN_POINT ( 'NONE',  ( 0.7206315775864680084, -1.972483239316684234, 5.138999999999997570 ) ) ;
#4076 = ORIENTED_EDGE ( 'NONE', *, *, #110, .T. ) ;
#4077 = EDGE_CURVE ( 'NONE', #2848, #3794, #531, .T. ) ;
#4078 = AXIS2_PLACEMENT_3D ( 'NONE', #1551, #3801, #2711 ) ;
#4079 = DIRECTION ( 'NONE',  ( 0.000000000000000000, 0.000000000000000000, 1.000000000000000000 ) ) ;
#4080 = AXIS2_PLACEMENT_3D ( 'NONE', #1875, #1496, #113 ) ;
#4081 = EDGE_LOOP ( 'NONE', ( #275, #107, #971, #84, #1276, #368, #2889, #1170, #4144, #2329 ) ) ;
#4082 = DIRECTION ( 'NONE',  ( 0.000000000000000000, 0.000000000000000000, 1.000000000000000000 ) ) ;
#4083 = CIRCLE ( 'NONE', #383, 5.199999999999998401 ) ;
#4084 = CARTESIAN_POINT ( 'NONE',  ( 6.350000000000000533, -4.174999999999999822, -19.04999999999999716 ) ) ;
#4085 = PERSON_AND_ORGANIZATION ( #376, #2453 ) ;
#4086 = VERTEX_POINT ( 'NONE', #2311 ) ;
#4087 = CARTESIAN_POINT ( 'NONE',  ( 6.350000000000002309, -5.460999999999999410, -8.449999999999997513 ) ) ;
#4088 = CARTESIAN_POINT ( 'NONE',  ( -0.4980973490458723840, -3.174999999999999822, 2.595422128626172054 ) ) ;
#4089 = DIRECTION ( 'NONE',  ( -0.000000000000000000, 1.000000000000000000, -0.000000000000000000 ) ) ;
#4090 = VERTEX_POINT ( 'NONE', #4130 ) ;
#4091 = DIRECTION ( 'NONE',  ( 1.209468558947973047E-16, 1.000000000000000000, 0.000000000000000000 ) ) ;
#4092 = ADVANCED_FACE ( 'NONE', ( #2675 ), #89, .T. ) ;
#4093 = VECTOR ( 'NONE', #26, 1000.000000000000000 ) ;
#4094 = PLANE ( 'NONE',  #3349 ) ;
#4095 = VECTOR ( 'NONE', #3569, 1000.000000000000000 ) ;
#4096 = EDGE_LOOP ( 'NONE', ( #2779, #82 ) ) ;
#4097 = DIRECTION ( 'NONE',  ( -0.3090169943749442316, 0.000000000000000000, -0.9510565162951545304 ) ) ;
#4098 = ORIENTED_EDGE ( 'NONE', *, *, #2905, .F. ) ;
#4099 = VERTEX_POINT ( 'NONE', #3796 ) ;
#4100 = DIRECTION ( 'NONE',  ( 0.000000000000000000, 0.000000000000000000, 1.000000000000000000 ) ) ;
#4101 = FACE_BOUND ( 'NONE', #3785, .T. ) ;
#4102 = EDGE_LOOP ( 'NONE', ( #2347, #627, #3498 ) ) ;
#4103 = DIRECTION ( 'NONE',  ( -0.000000000000000000, 1.000000000000000000, -0.000000000000000000 ) ) ;
#4104 = ADVANCED_FACE ( 'NONE', ( #1926 ), #4492, .F. ) ;
#4105 = ORIENTED_EDGE ( 'NONE', *, *, #3545, .F. ) ;
#4106 = CARTESIAN_POINT ( 'NONE',  ( 0.000000000000000000, 0.000000000000000000, 0.8890000000000009006 ) ) ;
#4107 = CARTESIAN_POINT ( 'NONE',  ( 6.350000000000000533, -5.460999999999999410, -19.04999999999999716 ) ) ;
#4108 = VERTEX_POINT ( 'NONE', #3039 ) ;
#4109 = LINE ( 'NONE', #2314, #3660 ) ;
#4110 = CARTESIAN_POINT ( 'NONE',  ( 3.174999999999999822, 0.000000000000000000, 0.000000000000000000 ) ) ;
#4111 = FACE_OUTER_BOUND ( 'NONE', #858, .T. ) ;
#4112 = EDGE_LOOP ( 'NONE', ( #2719, #1431, #2249, #2242, #3616 ) ) ;
#4113 = CYLINDRICAL_SURFACE ( 'NONE', #1916, 5.199999999999996625 ) ;
#4114 = DIRECTION ( 'NONE',  ( 0.7071067811865474617, 0.000000000000000000, 0.7071067811865474617 ) ) ;
#4115 = LINE ( 'NONE', #1911, #3188 ) ;
#4116 = CIRCLE ( 'NONE', #2103, 3.175000000000000266 ) ;
#4117 = EDGE_LOOP ( 'NONE', ( #551, #699, #1558, #4190 ) ) ;
#4118 = DIRECTION ( 'NONE',  ( -0.000000000000000000, -0.000000000000000000, -1.000000000000000000 ) ) ;
#4119 = EDGE_LOOP ( 'NONE', ( #1585, #2657, #1637, #2448 ) ) ;
#4120 = VERTEX_POINT ( 'NONE', #784 ) ;
#4121 = CIRCLE ( 'NONE', #4279, 2.100000000000000977 ) ;
#4122 = DIRECTION ( 'NONE',  ( -0.000000000000000000, 1.000000000000000000, -0.000000000000000000 ) ) ;
#4123 = EDGE_CURVE ( 'NONE', #1427, #1685, #2213, .T. ) ;
#4124 = EDGE_LOOP ( 'NONE', ( #849, #3690, #2562, #2903 ) ) ;
#4125 = CIRCLE ( 'NONE', #1034, 2.268258436585967264 ) ;
#4126 = CARTESIAN_POINT ( 'NONE',  ( 7.481370849898484998, -0.1999999999999996503, -31.59999999999995524 ) ) ;
#4127 = ADVANCED_FACE ( 'NONE', ( #1590 ), #761, .T. ) ;
#4128 = VERTEX_POINT ( 'NONE', #4154 ) ;
#4129 = DIRECTION ( 'NONE',  ( 0.7071067811865475727, -0.7071067811865474617, 0.000000000000000000 ) ) ;
#4130 = CARTESIAN_POINT ( 'NONE',  ( 18.89999999999999858, -6.200000000000000178, 0.000000000000000000 ) ) ;
#4131 = EDGE_CURVE ( 'NONE', #3521, #2848, #2602, .T. ) ;
#4132 = ORIENTED_EDGE ( 'NONE', *, *, #411, .F. ) ;
#4133 = DIRECTION ( 'NONE',  ( -0.000000000000000000, -1.000000000000000000, -0.000000000000000000 ) ) ;
#4134 = PLANE ( 'NONE',  #3198 ) ;
#4135 = EDGE_CURVE ( 'NONE', #2459, #1359, #808, .T. ) ;
#4136 = PLANE ( 'NONE',  #441 ) ;
#4137 = CARTESIAN_POINT ( 'NONE',  ( 6.350000000000002309, -4.174999999999999822, -6.349999999999997868 ) ) ;
#4138 = CARTESIAN_POINT ( 'NONE',  ( 0.3999999999999999667, -3.174999999999999822, 5.139000000000001123 ) ) ;
#4139 = CARTESIAN_POINT ( 'NONE',  ( -0.4282819678817709752, -2.057911970479199937, 2.353224001008317412 ) ) ;
#4140 = EDGE_CURVE ( 'NONE', #56, #366, #1947, .T. ) ;
#4141 = ORIENTED_EDGE ( 'NONE', *, *, #999, .F. ) ;
#4142 = CARTESIAN_POINT ( 'NONE',  ( 1.257659471581004217E-16, -0.8890000000000000124, -9.524999999999998579 ) ) ;
#4143 = EDGE_LOOP ( 'NONE', ( #1545, #2894, #2976, #3471 ) ) ;
#4144 = ORIENTED_EDGE ( 'NONE', *, *, #634, .F. ) ;
#4145 = VECTOR ( 'NONE', #4556, 1000.000000000000000 ) ;
#4146 = DIRECTION ( 'NONE',  ( -1.000000000000000000, -0.000000000000000000, -0.000000000000000000 ) ) ;
#4147 = VERTEX_POINT ( 'NONE', #3375 ) ;
#4148 = AXIS2_PLACEMENT_3D ( 'NONE', #1589, #1255, #4588 ) ;
#4149 = EDGE_CURVE ( 'NONE', #2105, #4434, #4236, .T. ) ;
#4150 = CARTESIAN_POINT ( 'NONE',  ( 11.97936842241353439, -3.174999999999998934, 5.138999999999997570 ) ) ;
#4151 = VECTOR ( 'NONE', #3860, 1000.000000000000000 ) ;
#4152 = ORIENTED_EDGE ( 'NONE', *, *, #1666, .F. ) ;
#4153 = CARTESIAN_POINT ( 'NONE',  ( 13.10000000000000142, 1.502637486114517751, 6.138999999999998458 ) ) ;
#4154 = CARTESIAN_POINT ( 'NONE',  ( -6.938893903907228378E-15, 6.200000000000001066, 0.000000000000000000 ) ) ;
#4155 = AXIS2_PLACEMENT_3D ( 'NONE', #381, #3215, #4397 ) ;
#4156 = VECTOR ( 'NONE', #2653, 1000.000000000000000 ) ;
#4157 = ORIENTED_EDGE ( 'NONE', *, *, #4624, .T. ) ;
#4158 = DIRECTION ( 'NONE',  ( -0.000000000000000000, -0.000000000000000000, -1.000000000000000000 ) ) ;
#4159 = ADVANCED_FACE ( 'NONE', ( #3402 ), #3744, .T. ) ;
#4160 = CIRCLE ( 'NONE', #2380, 2.100000000000000977 ) ;
#4161 = CARTESIAN_POINT ( 'NONE',  ( 12.69999999999999929, -0.1999999999999996503, -25.39999999999999858 ) ) ;
#4162 = CARTESIAN_POINT ( 'NONE',  ( 1.257659471581007668E-16, -4.174999999999999822, -28.57499999999999929 ) ) ;
#4163 = DIRECTION ( 'NONE',  ( 0.000000000000000000, 0.000000000000000000, 1.000000000000000000 ) ) ;
#4164 = CARTESIAN_POINT ( 'NONE',  ( 0.4871800118523835210, 2.042738830444499332, 2.470636393497685823 ) ) ;
#4165 = EDGE_LOOP ( 'NONE', ( #4735, #4373 ) ) ;
#4166 = VECTOR ( 'NONE', #4253, 1000.000000000000114 ) ;
#4167 = EDGE_CURVE ( 'NONE', #1675, #3475, #4515, .T. ) ;
#4168 = CARTESIAN_POINT ( 'NONE',  ( 0.000000000000000000, 0.000000000000000000, 0.8890000000000009006 ) ) ;
#4169 = EDGE_LOOP ( 'NONE', ( #2020, #2730, #2887, #1890 ) ) ;
#4170 = FACE_OUTER_BOUND ( 'NONE', #453, .T. ) ;
#4171 = AXIS2_PLACEMENT_3D ( 'NONE', #3011, #2648, #4079 ) ;
#4172 = ORIENTED_EDGE ( 'NONE', *, *, #2849, .T. ) ;
#4173 = VERTEX_POINT ( 'NONE', #1232 ) ;
#4174 = AXIS2_PLACEMENT_3D ( 'NONE', #3491, #1244, #4052 ) ;
#4175 = CLOSED_SHELL ( 'NONE', ( #3916, #4092, #1166, #2413, #2272, #2559, #2520, #2655, #1506, #157, #1587, #1065, #313, #1151, #2577, #563, #4325, #1486, #2804, #818, #3723, #2995, #397, #1725, #448, #3792, #4739, #1652, #3242, #568, #4159, #3791, #2551, #3395, #1712, #2705, #4007, #460, #1580, #186, #3132, #4431, #3689, #1781, #4631, #1893, #2948, #4455, #4127, #3361, #1705, #536, #2390, #3102, #2323, #2427, #85, #2681, #2482, #39, #1439, #2784, #3324, #3336, #3164, #4395, #2335, #3527, #4259, #1531, #3429, #2487, #1795, #3129, #1376, #1564, #3631, #4050, #2210, #4031, #667, #763, #2852, #4104, #4205, #2865, #966, #4649, #3021, #270, #2622, #348, #4555, #1639, #2929, #3888, #325, #1306, #1396, #622, #1519, #4485, #2358, #3962, #1176, #1943, #4341, #1441, #3592, #3063, #3261, #3787, #3712, #414, #3745, #1791, #1853, #274, #988, #375, #362, #2120, #4768, #3388, #3704, #1831, #1930, #3755, #1213, #3749, #3076, #3187, #523, #2888, #3411, #3935, #4636, #2069, #4604, #2733, #2107, #2596, #4517, #4743, #1777, #1840, #1940, #2916, #2132 ) ) ;
#4176 = CARTESIAN_POINT ( 'NONE',  ( -2.630594115711841125E-16, -6.201024999999999565, -25.39999999999999858 ) ) ;
#4177 = ORIENTED_EDGE ( 'NONE', *, *, #1282, .F. ) ;
#4178 = VERTEX_POINT ( 'NONE', #380 ) ;
#4179 = CARTESIAN_POINT ( 'NONE',  ( 18.89999999999995950, 6.200999999999999623, -17.91862915010150559 ) ) ;
#4180 = EDGE_LOOP ( 'NONE', ( #57, #3797, #1248, #2510 ) ) ;
#4181 = CYLINDRICAL_SURFACE ( 'NONE', #985, 3.175000000000000711 ) ;
#4182 = DIRECTION ( 'NONE',  ( 8.115498896123167176E-15, 0.000000000000000000, 1.000000000000000000 ) ) ;
#4183 = APPROVAL_ROLE ( '' ) ;
#4184 = VERTEX_POINT ( 'NONE', #4439 ) ;
#4185 = LINE ( 'NONE', #3095, #2501 ) ;
#4186 = DIRECTION ( 'NONE',  ( 0.000000000000000000, 0.000000000000000000, 1.000000000000000000 ) ) ;
#4187 = DIRECTION ( 'NONE',  ( 1.000000000000000000, 0.000000000000000000, 8.260587980841937794E-15 ) ) ;
#4188 = CARTESIAN_POINT ( 'NONE',  ( 12.69999999999999929, 0.000000000000000000, 0.000000000000000000 ) ) ;
#4189 = CARTESIAN_POINT ( 'NONE',  ( 4.804415587728428250, -0.1999999999999996503, -30.59999999999994102 ) ) ;
#4190 = ORIENTED_EDGE ( 'NONE', *, *, #530, .T. ) ;
#4191 = CARTESIAN_POINT ( 'NONE',  ( 12.69999999999999929, -5.460999999999999410, -27.50000000000000000 ) ) ;
#4192 = LINE ( 'NONE', #1719, #2647 ) ;
#4193 = PLANE ( 'NONE',  #210 ) ;
#4194 = ORIENTED_EDGE ( 'NONE', *, *, #1968, .F. ) ;
#4195 = EDGE_CURVE ( 'NONE', #1789, #1038, #2771, .T. ) ;
#4196 = ORIENTED_EDGE ( 'NONE', *, *, #2988, .F. ) ;
#4197 = EDGE_CURVE ( 'NONE', #4379, #984, #604, .T. ) ;
#4198 = AXIS2_PLACEMENT_3D ( 'NONE', #2398, #586, #3150 ) ;
#4199 = CARTESIAN_POINT ( 'NONE',  ( -6.200000000000001066, -2.174999999999998934, -101.3795551986130192 ) ) ;
#4200 = ORIENTED_EDGE ( 'NONE', *, *, #1554, .F. ) ;
#4201 = VERTEX_POINT ( 'NONE', #16 ) ;
#4202 = CARTESIAN_POINT ( 'NONE',  ( 12.45292762166693024, -2.087434397081524118, 2.187282604411543652 ) ) ;
#4203 = VECTOR ( 'NONE', #136, 1000.000000000000000 ) ;
#4204 = VERTEX_POINT ( 'NONE', #1156 ) ;
#4205 = ADVANCED_FACE ( 'NONE', ( #3721 ), #1898, .F. ) ;
#4206 = DIRECTION ( 'NONE',  ( -0.000000000000000000, 0.000000000000000000, -1.000000000000000000 ) ) ;
#4207 = DIRECTION ( 'NONE',  ( 1.000000000000000000, 0.000000000000000000, -8.260587980841937794E-15 ) ) ;
#4208 = PERSON_AND_ORGANIZATION_ROLE ( 'creator' ) ;
#4209 = EDGE_CURVE ( 'NONE', #366, #2724, #2283, .T. ) ;
#4210 = DIRECTION ( 'NONE',  ( -0.000000000000000000, 1.000000000000000000, -0.000000000000000000 ) ) ;
#4211 = FACE_OUTER_BOUND ( 'NONE', #1942, .T. ) ;
#4212 = LINE ( 'NONE', #4567, #214 ) ;
#4213 = CARTESIAN_POINT ( 'NONE',  ( -2.100000000000000089, 0.000000000000000000, 0.8890000000000009006 ) ) ;
#4214 = CARTESIAN_POINT ( 'NONE',  ( -5.200000000000062350, -6.199999999999997513, -25.39999999999999858 ) ) ;
#4215 = VERTEX_POINT ( 'NONE', #1640 ) ;
#4216 = DIRECTION ( 'NONE',  ( 1.000000000000000000, 0.000000000000000000, 0.000000000000000000 ) ) ;
#4217 = CARTESIAN_POINT ( 'NONE',  ( 17.89999999999999858, -45.00940607636245261, -20.59558441227150993 ) ) ;
#4218 = LINE ( 'NONE', #248, #3686 ) ;
#4219 = ORIENTED_EDGE ( 'NONE', *, *, #1362, .T. ) ;
#4220 = CARTESIAN_POINT ( 'NONE',  ( 18.89999999999999858, -6.200000000000000178, -2.000000000000000000 ) ) ;
#4221 = ORIENTED_EDGE ( 'NONE', *, *, #72, .F. ) ;
#4222 = EDGE_CURVE ( 'NONE', #3559, #3216, #3468, .T. ) ;
#4223 = ORIENTED_EDGE ( 'NONE', *, *, #4367, .T. ) ;
#4224 = AXIS2_PLACEMENT_3D ( 'NONE', #37, #1172, #1540 ) ;
#4225 = LINE ( 'NONE', #939, #1919 ) ;
#4226 = CARTESIAN_POINT ( 'NONE',  ( -36.08756980544233528, -4.174999999999995381, -71.49198539317069390 ) ) ;
#4227 = CIRCLE ( 'NONE', #3059, 2.268258436585968152 ) ;
#4228 = EDGE_CURVE ( 'NONE', #745, #3305, #3930, .T. ) ;
#4229 = ORIENTED_EDGE ( 'NONE', *, *, #701, .T. ) ;
#4230 = CIRCLE ( 'NONE', #54, 3.175000000000000711 ) ;
#4231 = CARTESIAN_POINT ( 'NONE',  ( -2.100000000000000089, 0.000000000000000000, 5.438999999999999169 ) ) ;
#4232 = DIRECTION ( 'NONE',  ( -0.000000000000000000, 1.000000000000000000, -0.000000000000000000 ) ) ;
#4233 = VECTOR ( 'NONE', #2875, 1000.000000000000000 ) ;
#4234 = CARTESIAN_POINT ( 'NONE',  ( -0.4980973490458723840, -2.040073290564207831, 2.595422128626172054 ) ) ;
#4235 = CARTESIAN_POINT ( 'NONE',  ( 6.350000000000000533, -5.460999999999999410, -22.22499999999999787 ) ) ;
#4236 = CIRCLE ( 'NONE', #2688, 3.175000000000000711 ) ;
#4237 = CARTESIAN_POINT ( 'NONE',  ( 6.350000000000000533, -4.174999999999999822, -22.22499999999999787 ) ) ;
#4238 = LINE ( 'NONE', #4214, #4477 ) ;
#4239 = ORIENTED_EDGE ( 'NONE', *, *, #1880, .T. ) ;
#4240 = DIRECTION ( 'NONE',  ( 0.000000000000000000, 1.000000000000000000, 0.000000000000000000 ) ) ;
#4241 = AXIS2_PLACEMENT_3D ( 'NONE', #582, #2808, #1714 ) ;
#4242 = CARTESIAN_POINT ( 'NONE',  ( -2.630594115711841125E-16, -0.8890000000000000124, -28.57499999999999929 ) ) ;
#4243 = EDGE_CURVE ( 'NONE', #288, #3742, #917, .T. ) ;
#4244 = CARTESIAN_POINT ( 'NONE',  ( 9.721665018948350223, 6.200000000000000178, -1.999999999999998224 ) ) ;
#4245 = ORIENTED_EDGE ( 'NONE', *, *, #1968, .T. ) ;
#4246 = ORIENTED_EDGE ( 'NONE', *, *, #2, .T. ) ;
#4247 = VECTOR ( 'NONE', #1074, 1000.000000000000000 ) ;
#4248 = FACE_OUTER_BOUND ( 'NONE', #3271, .T. ) ;
#4249 = VECTOR ( 'NONE', #2626, 1000.000000000000000 ) ;
#4250 = VERTEX_POINT ( 'NONE', #2022 ) ;
#4251 = ORIENTED_EDGE ( 'NONE', *, *, #2834, .T. ) ;
#4252 = B_SPLINE_CURVE_WITH_KNOTS ( 'NONE', 3,
 ( #3124, #193, #1262, #2394, #1289, #2367 ),
 .UNSPECIFIED., .F., .F.,
 ( 4, 2, 4 ),
 ( 0.000000000000000000, 0.0004757001404452628575, 0.0009514002808905257149 ),
 .UNSPECIFIED. ) ;
#4253 = DIRECTION ( 'NONE',  ( -0.7071067811865474617, 8.552234196640332090E-17, -0.7071067811865474617 ) ) ;
#4254 = EDGE_CURVE ( 'NONE', #4642, #4201, #4540, .T. ) ;
#4255 = FACE_OUTER_BOUND ( 'NONE', #2475, .T. ) ;
#4256 = VERTEX_POINT ( 'NONE', #1616 ) ;
#4257 = CARTESIAN_POINT ( 'NONE',  ( 6.350000000000000533, -5.460999999999999410, -19.04999999999999716 ) ) ;
#4258 = CARTESIAN_POINT ( 'NONE',  ( -5.199999999999998401, -45.00940607636245261, -25.39999999999999858 ) ) ;
#4259 = ADVANCED_FACE ( 'NONE', ( #1310 ), #2458, .T. ) ;
#4260 = CARTESIAN_POINT ( 'NONE',  ( 18.89999999999999858, -6.200000000000000178, -2.000000000000000000 ) ) ;
#4261 = FACE_OUTER_BOUND ( 'NONE', #2284, .T. ) ;
#4262 = EDGE_CURVE ( 'NONE', #443, #4398, #2410, .T. ) ;
#4263 = CARTESIAN_POINT ( 'NONE',  ( 13.42063157758646774, 1.972483239316684234, 5.138999999999997570 ) ) ;
#4264 = CARTESIAN_POINT ( 'NONE',  ( 12.30000000000000071, -1.502637486114517751, 6.138999999999998458 ) ) ;
#4265 = EDGE_LOOP ( 'NONE', ( #1988, #1331, #620, #880 ) ) ;
#4266 = DIRECTION ( 'NONE',  ( -0.000000000000000000, -1.000000000000000000, -0.000000000000000000 ) ) ;
#4267 = DIRECTION ( 'NONE',  ( 0.000000000000000000, 0.000000000000000000, 1.000000000000000000 ) ) ;
#4268 = DIRECTION ( 'NONE',  ( 0.000000000000000000, 0.000000000000000000, 1.000000000000000000 ) ) ;
#4269 = ORIENTED_EDGE ( 'NONE', *, *, #4624, .F. ) ;
#4270 = ORIENTED_EDGE ( 'NONE', *, *, #3139, .F. ) ;
#4271 = CARTESIAN_POINT ( 'NONE',  ( 4.804415587728428250, -4.174999999999998046, -30.59999999999994102 ) ) ;
#4272 = ORIENTED_EDGE ( 'NONE', *, *, #129, .T. ) ;
#4273 = EDGE_LOOP ( 'NONE', ( #3172, #8, #3494, #2148 ) ) ;
#4274 = LINE ( 'NONE', #961, #4166 ) ;
#4275 = EDGE_CURVE ( 'NONE', #908, #3340, #3823, .T. ) ;
#4276 = CYLINDRICAL_SURFACE ( 'NONE', #1651, 3.175000000000000711 ) ;
#4277 = VECTOR ( 'NONE', #3984, 1000.000000000000000 ) ;
#4278 = EDGE_LOOP ( 'NONE', ( #4582, #2714, #4049, #4272 ) ) ;
#4279 = AXIS2_PLACEMENT_3D ( 'NONE', #1280, #2434, #4303 ) ;
#4280 = DIRECTION ( 'NONE',  ( 1.398970545142586541E-16, -1.000000000000000000, 0.000000000000000000 ) ) ;
#4281 = APPROVAL_STATUS ( 'not_yet_approved' ) ;
#4282 = VECTOR ( 'NONE', #4496, 1000.000000000000000 ) ;
#4283 = AXIS2_PLACEMENT_3D ( 'NONE', #3457, #3380, #140 ) ;
#4284 = EDGE_CURVE ( 'NONE', #3878, #3179, #369, .T. ) ;
#4285 = CARTESIAN_POINT ( 'NONE',  ( 7.481370849898484110, -6.199999999999997513, -31.59999999999995524 ) ) ;
#4286 = DIRECTION ( 'NONE',  ( 0.000000000000000000, 0.000000000000000000, 1.000000000000000000 ) ) ;
#4287 = AXIS2_PLACEMENT_3D ( 'NONE', #3278, #1081, #1758 ) ;
#4288 = DIRECTION ( 'NONE',  ( -0.7071067811865486830, 0.000000000000000000, -0.7071067811865464625 ) ) ;
#4289 = DIRECTION ( 'NONE',  ( -0.000000000000000000, 1.000000000000000000, -0.000000000000000000 ) ) ;
#4290 = ORIENTED_EDGE ( 'NONE', *, *, #2761, .T. ) ;
#4291 = LINE ( 'NONE', #3173, #1149 ) ;
#4292 = DIRECTION ( 'NONE',  ( 0.000000000000000000, 1.000000000000000000, 0.000000000000000000 ) ) ;
#4293 = EDGE_CURVE ( 'NONE', #1861, #4557, #4384, .T. ) ;
#4294 = CARTESIAN_POINT ( 'NONE',  ( -2.100000000000000089, 0.000000000000000000, 5.438999999999999169 ) ) ;
#4295 = VERTEX_POINT ( 'NONE', #2755 ) ;
#4296 = ORIENTED_EDGE ( 'NONE', *, *, #2893, .T. ) ;
#4297 = EDGE_CURVE ( 'NONE', #3922, #2773, #1665, .T. ) ;
#4298 = EDGE_CURVE ( 'NONE', #4490, #4328, #3077, .T. ) ;
#4299 = DIRECTION ( 'NONE',  ( -0.000000000000000000, 1.000000000000000000, -0.000000000000000000 ) ) ;
#4300 = ORIENTED_EDGE ( 'NONE', *, *, #4140, .F. ) ;
#4301 = VERTEX_POINT ( 'NONE', #2729 ) ;
#4302 = CARTESIAN_POINT ( 'NONE',  ( 12.69999999999999929, 0.000000000000000000, 5.620762745781209269 ) ) ;
#4303 = DIRECTION ( 'NONE',  ( 0.000000000000000000, 0.000000000000000000, 1.000000000000000000 ) ) ;
#4304 = ORIENTED_EDGE ( 'NONE', *, *, #885, .F. ) ;
#4305 = CARTESIAN_POINT ( 'NONE',  ( 7.895584412271571928, -2.175000000000003375, -30.59999999999994102 ) ) ;
#4306 = EDGE_CURVE ( 'NONE', #4623, #4717, #3845, .T. ) ;
#4307 = PERSON_AND_ORGANIZATION_ROLE ( 'creator' ) ;
#4308 = LINE ( 'NONE', #989, #2036 ) ;
#4309 = DIRECTION ( 'NONE',  ( 0.000000000000000000, 1.000000000000000000, 0.000000000000000000 ) ) ;
#4310 = DIRECTION ( 'NONE',  ( -0.000000000000000000, 1.000000000000000000, -0.000000000000000000 ) ) ;
#4311 = CARTESIAN_POINT ( 'NONE',  ( 12.82334492033679929, 2.100009524403047223, 2.138959997505217370 ) ) ;
#4312 = AXIS2_PLACEMENT_3D ( 'NONE', #1283, #2409, #1332 ) ;
#4313 = VERTEX_POINT ( 'NONE', #4762 ) ;
#4314 = FACE_OUTER_BOUND ( 'NONE', #4687, .T. ) ;
#4315 = EDGE_CURVE ( 'NONE', #420, #2724, #3829, .T. ) ;
#4316 = CARTESIAN_POINT ( 'NONE',  ( -6.200000000000001066, -4.174999999999998934, -30.59999999999993392 ) ) ;
#4317 = AXIS2_PLACEMENT_3D ( 'NONE', #4021, #698, #1452 ) ;
#4318 = CARTESIAN_POINT ( 'NONE',  ( 12.30000000000000071, -2.061552812808830293, 5.139000000000001123 ) ) ;
#4319 = EDGE_LOOP ( 'NONE', ( #1278, #3843, #1823, #2522 ) ) ;
#4320 = EDGE_CURVE ( 'NONE', #4493, #3438, #118, .T. ) ;
#4321 = AXIS2_PLACEMENT_3D ( 'NONE', #1356, #4309, #2463 ) ;
#4322 = DIRECTION ( 'NONE',  ( -1.000000000000000000, 0.000000000000000000, 0.000000000000000000 ) ) ;
#4323 = ORIENTED_EDGE ( 'NONE', *, *, #868, .T. ) ;
#4324 = ORIENTED_EDGE ( 'NONE', *, *, #2914, .F. ) ;
#4325 = ADVANCED_FACE ( 'NONE', ( #76 ), #795, .F. ) ;
#4326 = CARTESIAN_POINT ( 'NONE',  ( -2.630594115710311721E-16, -6.199999999999997513, -30.59999999999999432 ) ) ;
#4327 = DIRECTION ( 'NONE',  ( -0.7071067811865479058, 8.552234196640338253E-17, -0.7071067811865472397 ) ) ;
#4328 = VERTEX_POINT ( 'NONE', #1575 ) ;
#4329 = DIRECTION ( 'NONE',  ( 1.000000000000000000, 0.000000000000000000, 0.000000000000000000 ) ) ;
#4330 = VECTOR ( 'NONE', #3000, 1000.000000000000000 ) ;
#4331 = CYLINDRICAL_SURFACE ( 'NONE', #335, 2.099999999999999645 ) ;
#4332 = CARTESIAN_POINT ( 'NONE',  ( 6.349999999999999645, -0.1999999999999996503, -29.05441558772836785 ) ) ;
#4333 = CARTESIAN_POINT ( 'NONE',  ( -3.654415587728433223, -0.1999999999999996503, -19.04999999999993676 ) ) ;
#4334 = VERTEX_POINT ( 'NONE', #3753 ) ;
#4335 = DIRECTION ( 'NONE',  ( 1.209468558947973047E-16, 1.000000000000000000, 0.000000000000000000 ) ) ;
#4336 = DIRECTION ( 'NONE',  ( -0.000000000000000000, -1.000000000000000000, -0.000000000000000000 ) ) ;
#4337 = CARTESIAN_POINT ( 'NONE',  ( 11.97936842241353439, -3.174999999999998934, 5.138999999999997570 ) ) ;
#4338 = LINE ( 'NONE', #2154, #2373 ) ;
#4339 = VERTEX_POINT ( 'NONE', #4522 ) ;
#4340 = VERTEX_POINT ( 'NONE', #1933 ) ;
#4341 = ADVANCED_FACE ( 'NONE', ( #3072 ), #4113, .F. ) ;
#4342 = LINE ( 'NONE', #2565, #3892 ) ;
#4343 = VERTEX_POINT ( 'NONE', #4475 ) ;
#4344 = EDGE_CURVE ( 'NONE', #2987, #1220, #2546, .T. ) ;
#4345 = ORIENTED_EDGE ( 'NONE', *, *, #1015, .T. ) ;
#4346 = CARTESIAN_POINT ( 'NONE',  ( 13.34774034125076447, 1.999113491775012852, 4.305849356269923156 ) ) ;
#4347 = ORIENTED_EDGE ( 'NONE', *, *, #1420, .T. ) ;
#4348 = AXIS2_PLACEMENT_3D ( 'NONE', #1268, #3243, #2470 ) ;
#4349 = EDGE_CURVE ( 'NONE', #2864, #1448, #3381, .T. ) ;
#4350 = PLANE ( 'NONE',  #3618 ) ;
#4351 = CARTESIAN_POINT ( 'NONE',  ( 12.69999999999999929, -4.174999999999999822, -15.87500000000000000 ) ) ;
#4352 = AXIS2_PLACEMENT_3D ( 'NONE', #1834, #1429, #1087 ) ;
#4353 = EDGE_CURVE ( 'NONE', #38, #4128, #1210, .T. ) ;
#4354 = ORIENTED_EDGE ( 'NONE', *, *, #725, .T. ) ;
#4355 = CARTESIAN_POINT ( 'NONE',  ( -6.200000000000000178, 5.637851296924623057E-15, 0.000000000000000000 ) ) ;
#4356 = CARTESIAN_POINT ( 'NONE',  ( 12.30000000000000071, -2.061552812808830293, 5.438999999999999169 ) ) ;
#4357 = PLANE ( 'NONE',  #486 ) ;
#4358 = DIRECTION ( 'NONE',  ( 0.000000000000000000, 0.000000000000000000, 1.000000000000000000 ) ) ;
#4359 = VERTEX_POINT ( 'NONE', #2712 ) ;
#4360 = ORIENTED_EDGE ( 'NONE', *, *, #497, .T. ) ;
#4361 = LINE ( 'NONE', #2519, #3965 ) ;
#4362 = EDGE_LOOP ( 'NONE', ( #1606, #1132, #3369, #3285 ) ) ;
#4363 = ORIENTED_EDGE ( 'NONE', *, *, #3676, .T. ) ;
#4364 = LINE ( 'NONE', #3619, #2383 ) ;
#4365 = LINE ( 'NONE', #3294, #3650 ) ;
#4366 = ORIENTED_EDGE ( 'NONE', *, *, #1480, .T. ) ;
#4367 = EDGE_CURVE ( 'NONE', #4623, #2459, #507, .T. ) ;
#4368 = DIRECTION ( 'NONE',  ( -0.000000000000000000, 1.000000000000000000, -0.000000000000000000 ) ) ;
#4369 = FACE_OUTER_BOUND ( 'NONE', #4553, .T. ) ;
#4370 = B_SPLINE_CURVE_WITH_KNOTS ( 'NONE', 3,
 ( #4669, #993, #2465, #1693, #1715, #4311, #1358, #2788, #3948, #2831 ),
 .UNSPECIFIED., .F., .F.,
 ( 4, 2, 2, 2, 4 ),
 ( 0.000000000000000000, 0.0003704147845104402339, 0.0007408295690208804678, 0.001111244353531320702, 0.001481659138041760936 ),
 .UNSPECIFIED. ) ;
#4371 = CARTESIAN_POINT ( 'NONE',  ( -6.199999999999999289, -6.200000000000000178, -17.91862915010150559 ) ) ;
#4372 = VECTOR ( 'NONE', #2451, 1000.000000000000114 ) ;
#4373 = ORIENTED_EDGE ( 'NONE', *, *, #3949, .F. ) ;
#4374 = DIRECTION ( 'NONE',  ( 0.000000000000000000, 1.000000000000000000, 0.000000000000000000 ) ) ;
#4375 = CARTESIAN_POINT ( 'NONE',  ( 0.4000000000000001887, -2.232710535457612888, 5.620762745781209269 ) ) ;
#4376 = CARTESIAN_POINT ( 'NONE',  ( -0.3999999999999999667, -1.663442899047753887, 6.138999999999997570 ) ) ;
#4377 = AXIS2_PLACEMENT_3D ( 'NONE', #2691, #4481, #3734 ) ;
#4378 = ORIENTED_EDGE ( 'NONE', *, *, #97, .F. ) ;
#4379 = VERTEX_POINT ( 'NONE', #2179 ) ;
#4380 = CIRCLE ( 'NONE', #525, 2.268258436585968152 ) ;
#4381 = CARTESIAN_POINT ( 'NONE',  ( 2.300000000000003819, 0.000000000000000000, 5.523072258617638397 ) ) ;
#4382 = ORIENTED_EDGE ( 'NONE', *, *, #72, .T. ) ;
#4383 = ORIENTED_EDGE ( 'NONE', *, *, #1191, .T. ) ;
#4384 = CIRCLE ( 'NONE', #1146, 1.554966049364602254 ) ;
#4385 = CARTESIAN_POINT ( 'NONE',  ( -5.883583750239670302E-18, -0.8890000000000000124, -27.50000000000000000 ) ) ;
#4386 = CARTESIAN_POINT ( 'NONE',  ( 13.42063157758646774, -3.174999999999998934, 5.138999999999997570 ) ) ;
#4387 = VECTOR ( 'NONE', #2661, 1000.000000000000000 ) ;
#4388 = VERTEX_POINT ( 'NONE', #458 ) ;
#4389 = CIRCLE ( 'NONE', #2303, 2.268258436585967264 ) ;
#4390 = EDGE_CURVE ( 'NONE', #1174, #4339, #4546, .T. ) ;
#4391 = VERTEX_POINT ( 'NONE', #1461 ) ;
#4392 = VECTOR ( 'NONE', #146, 1000.000000000000000 ) ;
#4393 = EDGE_CURVE ( 'NONE', #4339, #904, #3098, .T. ) ;
#4394 = CARTESIAN_POINT ( 'NONE',  ( -2.630594115711841125E-16, -6.201024999999999565, -12.69999999999999929 ) ) ;
#4395 = ADVANCED_FACE ( 'NONE', ( #3662 ), #2290, .T. ) ;
#4396 = DIRECTION ( 'NONE',  ( 0.000000000000000000, 0.000000000000000000, 1.000000000000000000 ) ) ;
#4397 = DIRECTION ( 'NONE',  ( 0.000000000000000000, 0.000000000000000000, 1.000000000000000000 ) ) ;
#4398 = VERTEX_POINT ( 'NONE', #1819 ) ;
#4399 = VECTOR ( 'NONE', #484, 1000.000000000000000 ) ;
#4400 = DIRECTION ( 'NONE',  ( 0.000000000000000000, 0.000000000000000000, 1.000000000000000000 ) ) ;
#4401 = DIRECTION ( 'NONE',  ( 1.000000000000000000, -1.365923996832131116E-16, 0.000000000000000000 ) ) ;
#4402 = CARTESIAN_POINT ( 'NONE',  ( 13.09999999999999964, -3.174999999999998934, 5.139000000000001123 ) ) ;
#4403 = VERTEX_POINT ( 'NONE', #1164 ) ;
#4404 = CYLINDRICAL_SURFACE ( 'NONE', #2741, 0.5000000000000000000 ) ;
#4405 = ORIENTED_EDGE ( 'NONE', *, *, #3941, .T. ) ;
#4406 = CARTESIAN_POINT ( 'NONE',  ( -2.630594115710311721E-16, -0.1999999999999996503, -25.39999999999999858 ) ) ;
#4407 = ORIENTED_EDGE ( 'NONE', *, *, #566, .T. ) ;
#4408 = CARTESIAN_POINT ( 'NONE',  ( 7.895584412271571928, -45.00940607636245261, -30.59999999999994102 ) ) ;
#4409 = FACE_OUTER_BOUND ( 'NONE', #3365, .T. ) ;
#4410 = EDGE_LOOP ( 'NONE', ( #3928, #1812 ) ) ;
#4411 = EDGE_CURVE ( 'NONE', #1660, #1021, #871, .T. ) ;
#4412 = EDGE_LOOP ( 'NONE', ( #1962, #4531, #2615, #633 ) ) ;
#4413 = CARTESIAN_POINT ( 'NONE',  ( 12.69999999999999929, -5.460999999999999410, -22.22499999999999787 ) ) ;
#4414 = CARTESIAN_POINT ( 'NONE',  ( 12.20190265095412840, -3.174999999999998934, 2.595422128626172054 ) ) ;
#4415 = CARTESIAN_POINT ( 'NONE',  ( -2.630594115711841125E-16, -5.460999999999999410, -22.22499999999999787 ) ) ;
#4416 = ORIENTED_EDGE ( 'NONE', *, *, #2497, .F. ) ;
#4417 = VECTOR ( 'NONE', #291, 1000.000000000000000 ) ;
#4418 = CARTESIAN_POINT ( 'NONE',  ( 12.69999999999999929, -0.8890000000000000124, -12.69999999999999929 ) ) ;
#4419 = LINE ( 'NONE', #1407, #3341 ) ;
#4420 = AXIS2_PLACEMENT_3D ( 'NONE', #998, #3993, #676 ) ;
#4421 = DIRECTION ( 'NONE',  ( 0.000000000000000000, 0.000000000000000000, 1.000000000000000000 ) ) ;
#4422 = ORIENTED_EDGE ( 'NONE', *, *, #2310, .T. ) ;
#4423 = LINE ( 'NONE', #1114, #3005 ) ;
#4424 = CIRCLE ( 'NONE', #641, 2.299999999999999822 ) ;
#4425 = EDGE_CURVE ( 'NONE', #4427, #4744, #2937, .T. ) ;
#4426 = FACE_OUTER_BOUND ( 'NONE', #2644, .T. ) ;
#4427 = VERTEX_POINT ( 'NONE', #2637 ) ;
#4428 = CARTESIAN_POINT ( 'NONE',  ( 12.30000000000000071, -2.061552812808830293, 5.438999999999999169 ) ) ;
#4429 = ORIENTED_EDGE ( 'NONE', *, *, #1470, .F. ) ;
#4430 = VECTOR ( 'NONE', #2989, 1000.000000000000000 ) ;
#4431 = ADVANCED_FACE ( 'NONE', ( #2685 ), #842, .T. ) ;
#4432 = CARTESIAN_POINT ( 'NONE',  ( 12.69999999999999929, 0.000000000000000000, 5.438999999999999169 ) ) ;
#4433 = DIRECTION ( 'NONE',  ( 1.000000000000000000, 0.000000000000000000, -1.299846859515564880E-14 ) ) ;
#4434 = VERTEX_POINT ( 'NONE', #4237 ) ;
#4435 = CARTESIAN_POINT ( 'NONE',  ( -2.630594115711841125E-16, -0.8890000000000000124, -15.87500000000000000 ) ) ;
#4436 = ORIENTED_EDGE ( 'NONE', *, *, #206, .T. ) ;
#4437 = EDGE_CURVE ( 'NONE', #4108, #4086, #4252, .T. ) ;
#4438 = CARTESIAN_POINT ( 'NONE',  ( -2.630594115711841125E-16, -5.460999999999999410, -12.69999999999999929 ) ) ;
#4439 = CARTESIAN_POINT ( 'NONE',  ( 6.349999999999999645, -6.199999999999997513, -29.05441558772836785 ) ) ;
#4440 = CARTESIAN_POINT ( 'NONE',  ( 0.4000000000000002998, 1.663442899047754775, 6.139000000000001123 ) ) ;
#4441 = ORIENTED_EDGE ( 'NONE', *, *, #923, .F. ) ;
#4442 = AXIS2_PLACEMENT_3D ( 'NONE', #4737, #1412, #2158 ) ;
#4443 = CYLINDRICAL_SURFACE ( 'NONE', #2461, 3.175000000000000711 ) ;
#4444 = CARTESIAN_POINT ( 'NONE',  ( 13.09999999999999964, -2.243459280444428217, 5.588199955838118349 ) ) ;
#4445 = AXIS2_PLACEMENT_3D ( 'NONE', #3084, #3028, #4508 ) ;
#4446 = CARTESIAN_POINT ( 'NONE',  ( 17.89999999999999858, -45.00940607636245261, -17.50441558772836714 ) ) ;
#4447 = EDGE_LOOP ( 'NONE', ( #735, #1252 ) ) ;
#4448 = DIRECTION ( 'NONE',  ( -1.000000000000000000, 0.000000000000000000, 0.000000000000000000 ) ) ;
#4449 = DIRECTION ( 'NONE',  ( 1.000000000000000000, 0.000000000000000000, 0.000000000000000000 ) ) ;
#4450 = CONICAL_SURFACE ( 'NONE', #2369, 2.100000000000000089, 1.172861257340199304 ) ;
#4451 = VERTEX_POINT ( 'NONE', #4639 ) ;
#4452 = LINE ( 'NONE', #4659, #597 ) ;
#4453 = ORIENTED_EDGE ( 'NONE', *, *, #3034, .F. ) ;
#4454 = VERTEX_POINT ( 'NONE', #2440 ) ;
#4455 = ADVANCED_FACE ( 'NONE', ( #4594 ), #1337, .T. ) ;
#4456 = VECTOR ( 'NONE', #337, 1000.000000000000000 ) ;
#4457 = LINE ( 'NONE', #2572, #4554 ) ;
#4458 = DIRECTION ( 'NONE',  ( 0.7071067811865474617, -7.330486454263141615E-17, -0.7071067811865474617 ) ) ;
#4459 = ORIENTED_EDGE ( 'NONE', *, *, #4759, .F. ) ;
#4460 = AXIS2_PLACEMENT_3D ( 'NONE', #2147, #1784, #330 ) ;
#4461 = EDGE_CURVE ( 'NONE', #4536, #3815, #1229, .T. ) ;
#4462 = CIRCLE ( 'NONE', #62, 3.175000000000000711 ) ;
#4463 = CARTESIAN_POINT ( 'NONE',  ( 6.349999999999992539, -6.200000000000000178, -30.46862915010146367 ) ) ;
#4464 = CIRCLE ( 'NONE', #752, 2.100000000000000977 ) ;
#4465 = VERTEX_POINT ( 'NONE', #605 ) ;
#4466 = APPLICATION_CONTEXT ( 'configuration controlled 3d designs of mechanical parts and assemblies' ) ;
#4467 = CARTESIAN_POINT ( 'NONE',  ( 12.69999999999999929, 0.000000000000000000, 5.523072258617638397 ) ) ;
#4468 = DIRECTION ( 'NONE',  ( 1.000000000000000000, -1.365923996832131609E-16, 0.000000000000000000 ) ) ;
#4469 = ORIENTED_EDGE ( 'NONE', *, *, #730, .T. ) ;
#4470 = DIRECTION ( 'NONE',  ( 0.7071067811865479058, 0.000000000000000000, 0.7071067811865472397 ) ) ;
#4471 = AXIS2_PLACEMENT_3D ( 'NONE', #2809, #4618, #2418 ) ;
#4472 = LINE ( 'NONE', #4544, #1032 ) ;
#4473 = DIRECTION ( 'NONE',  ( 0.000000000000000000, -0.000000000000000000, -1.000000000000000000 ) ) ;
#4474 = ORIENTED_EDGE ( 'NONE', *, *, #4077, .F. ) ;
#4475 = CARTESIAN_POINT ( 'NONE',  ( -0.3999999999999999667, 2.061552812808830737, 5.139000000000001123 ) ) ;
#4476 = DIRECTION ( 'NONE',  ( 8.115498896123167176E-15, 0.000000000000000000, 1.000000000000000000 ) ) ;
#4477 = VECTOR ( 'NONE', #898, 1000.000000000000000 ) ;
#4478 = CARTESIAN_POINT ( 'NONE',  ( -0.4871800118523818002, -2.042738830444500664, 2.470636393497685823 ) ) ;
#4479 = VECTOR ( 'NONE', #2489, 1000.000000000000000 ) ;
#4480 = ORIENTED_EDGE ( 'NONE', *, *, #201, .T. ) ;
#4481 = DIRECTION ( 'NONE',  ( 0.000000000000000000, 0.000000000000000000, 1.000000000000000000 ) ) ;
#4482 = VERTEX_POINT ( 'NONE', #4568 ) ;
#4483 = ORIENTED_EDGE ( 'NONE', *, *, #4306, .T. ) ;
#4484 = CARTESIAN_POINT ( 'NONE',  ( -6.226320535179879527E-14, -6.199999999999997513, -31.59999999999994102 ) ) ;
#4485 = ADVANCED_FACE ( 'NONE', ( #625 ), #2076, .T. ) ;
#4486 = ORIENTED_EDGE ( 'NONE', *, *, #4673, .T. ) ;
#4487 = B_SPLINE_CURVE_WITH_KNOTS ( 'NONE', 3,
 ( #1228, #2701, #3499, #235, #3112, #3842, #4202, #182, #158, #910 ),
 .UNSPECIFIED., .F., .F.,
 ( 4, 2, 2, 2, 4 ),
 ( 0.000000000000000000, 0.0003704147845104416433, 0.0007408295690208832867, 0.001111244353531324822, 0.001481659138041766573 ),
 .UNSPECIFIED. ) ;
#4488 = DIRECTION ( 'NONE',  ( 0.000000000000000000, 0.000000000000000000, 1.000000000000000000 ) ) ;
#4489 = EDGE_CURVE ( 'NONE', #2666, #1906, #925, .T. ) ;
#4490 = VERTEX_POINT ( 'NONE', #3557 ) ;
#4491 = CARTESIAN_POINT ( 'NONE',  ( 2.100000000000000089, 2.571758278209441957E-16, 0.8890000000000009006 ) ) ;
#4492 = CYLINDRICAL_SURFACE ( 'NONE', #4080, 2.100000000000000977 ) ;
#4493 = VERTEX_POINT ( 'NONE', #1357 ) ;
#4494 = CARTESIAN_POINT ( 'NONE',  ( 0.4000000000000000222, -2.254205848354697395, 5.555636450100674750 ) ) ;
#4495 = EDGE_CURVE ( 'NONE', #3026, #1700, #3774, .T. ) ;
#4496 = DIRECTION ( 'NONE',  ( -0.000000000000000000, -0.000000000000000000, 1.000000000000000000 ) ) ;
#4497 = FACE_BOUND ( 'NONE', #2375, .T. ) ;
#4498 = DIRECTION ( 'NONE',  ( 0.000000000000000000, 0.000000000000000000, 1.000000000000000000 ) ) ;
#4499 = CARTESIAN_POINT ( 'NONE',  ( 17.89999999999999858, -45.00940607636245261, -1.999999999999998224 ) ) ;
#4500 = DIRECTION ( 'NONE',  ( 1.000000000000000000, -1.365923996832131609E-16, 0.000000000000000000 ) ) ;
#4501 = CIRCLE ( 'NONE', #2954, 3.174999999999999822 ) ;
#4502 = VERTEX_POINT ( 'NONE', #3511 ) ;
#4503 = EDGE_CURVE ( 'NONE', #3154, #2105, #3192, .T. ) ;
#4504 = CARTESIAN_POINT ( 'NONE',  ( 0.4980973490458738828, 2.040073290564206943, 2.595422128626172054 ) ) ;
#4505 = EDGE_LOOP ( 'NONE', ( #2955, #3227 ) ) ;
#4506 = ORIENTED_EDGE ( 'NONE', *, *, #1245, .F. ) ;
#4507 = CIRCLE ( 'NONE', #2810, 3.175000000000000711 ) ;
#4508 = DIRECTION ( 'NONE',  ( -0.000000000000000000, 0.000000000000000000, 1.000000000000000000 ) ) ;
#4509 = VERTEX_POINT ( 'NONE', #2758 ) ;
#4510 = AXIS2_PLACEMENT_3D ( 'NONE', #1259, #534, #216 ) ;
#4511 = FACE_OUTER_BOUND ( 'NONE', #1219, .T. ) ;
#4512 = EDGE_CURVE ( 'NONE', #2767, #4482, #3947, .T. ) ;
#4513 = ORIENTED_EDGE ( 'NONE', *, *, #1866, .F. ) ;
#4514 = CARTESIAN_POINT ( 'NONE',  ( 13.09999999999999964, 2.182266827280790356, 5.773579458367407824 ) ) ;
#4515 = LINE ( 'NONE', #2967, #4156 ) ;
#4516 = CARTESIAN_POINT ( 'NONE',  ( 17.76862915010146438, 6.200999999999999623, -19.04999999999999716 ) ) ;
#4517 = ADVANCED_FACE ( 'NONE', ( #4617 ), #264, .T. ) ;
#4518 = VERTEX_POINT ( 'NONE', #4213 ) ;
#4519 = FACE_OUTER_BOUND ( 'NONE', #4278, .T. ) ;
#4520 = CARTESIAN_POINT ( 'NONE',  ( -0.3999999999999999667, 2.264950330581225302, 5.523072258617638397 ) ) ;
#4521 = CARTESIAN_POINT ( 'NONE',  ( 0.000000000000000000, 0.000000000000000000, 5.438999999999999169 ) ) ;
#4522 = CARTESIAN_POINT ( 'NONE',  ( -6.226320535179879527E-14, -0.1999999999999996503, -30.59999999999993392 ) ) ;
#4523 = DIRECTION ( 'NONE',  ( -0.7071067811865475727, 0.000000000000000000, 0.7071067811865475727 ) ) ;
#4524 = CARTESIAN_POINT ( 'NONE',  ( 0.000000000000000000, 0.000000000000000000, 0.000000000000000000 ) ) ;
#4525 = VERTEX_POINT ( 'NONE', #4263 ) ;
#4526 = CARTESIAN_POINT ( 'NONE',  ( 12.69999999999999929, -0.8890000000000000124, -9.524999999999998579 ) ) ;
#4527 = ORIENTED_EDGE ( 'NONE', *, *, #4131, .F. ) ;
#4528 = ORIENTED_EDGE ( 'NONE', *, *, #3182, .F. ) ;
#4529 = LINE ( 'NONE', #2982, #2980 ) ;
#4530 = ORIENTED_EDGE ( 'NONE', *, *, #3620, .F. ) ;
#4531 = ORIENTED_EDGE ( 'NONE', *, *, #3287, .T. ) ;
#4532 = AXIS2_PLACEMENT_3D ( 'NONE', #341, #2616, #2070 ) ;
#4533 = CARTESIAN_POINT ( 'NONE',  ( -2.630594115711841125E-16, -5.460999999999999410, -23.29999999999999716 ) ) ;
#4534 = LOCAL_TIME ( 14, 8, 2.000000000000000000, #1285 ) ;
#4535 = CIRCLE ( 'NONE', #364, 3.175000000000000711 ) ;
#4536 = VERTEX_POINT ( 'NONE', #3578 ) ;
#4537 = DIRECTION ( 'NONE',  ( 0.000000000000000000, 0.000000000000000000, 1.000000000000000000 ) ) ;
#4538 = DIRECTION ( 'NONE',  ( -0.000000000000000000, 0.000000000000000000, 1.000000000000000000 ) ) ;
#4539 = APPLICATION_PROTOCOL_DEFINITION ( 'international standard', 'config_control_design', 1994, #4466 ) ;
#4540 = CIRCLE ( 'NONE', #2608, 3.175000000000000711 ) ;
#4541 = VERTEX_POINT ( 'NONE', #897 ) ;
#4542 = DIRECTION ( 'NONE',  ( -0.7071067811865472397, 0.000000000000000000, 0.7071067811865479058 ) ) ;
#4543 = EDGE_CURVE ( 'NONE', #681, #1830, #3546, .T. ) ;
#4544 = CARTESIAN_POINT ( 'NONE',  ( -6.200000000000000178, 2.602085213965210642E-15, -2.000000000000002665 ) ) ;
#4545 = DIRECTION ( 'NONE',  ( -0.000000000000000000, -0.000000000000000000, -1.000000000000000000 ) ) ;
#4546 = LINE ( 'NONE', #145, #446 ) ;
#4547 = DIRECTION ( 'NONE',  ( -0.000000000000000000, 1.000000000000000000, -0.000000000000000000 ) ) ;
#4548 = ORIENTED_EDGE ( 'NONE', *, *, #3663, .F. ) ;
#4549 = CARTESIAN_POINT ( 'NONE',  ( -0.3999999999999999667, -2.232710535457612888, 5.620762745781209269 ) ) ;
#4550 = DIRECTION ( 'NONE',  ( 1.000000000000000000, -1.365923996832131363E-16, 0.000000000000000000 ) ) ;
#4551 = DIRECTION ( 'NONE',  ( 0.000000000000000000, 0.000000000000000000, 1.000000000000000000 ) ) ;
#4552 = VERTEX_POINT ( 'NONE', #1645 ) ;
#4553 = EDGE_LOOP ( 'NONE', ( #4422, #2708, #2473, #1344, #2299, #4469, #1195, #3255, #2840, #2051, #950, #245, #2646, #4603, #317 ) ) ;
#4554 = VECTOR ( 'NONE', #3857, 1000.000000000000000 ) ;
#4555 = ADVANCED_FACE ( 'NONE', ( #3901, #2049 ), #969, .T. ) ;
#4556 = DIRECTION ( 'NONE',  ( -1.000000000000000000, 0.000000000000000000, 0.000000000000000000 ) ) ;
#4557 = VERTEX_POINT ( 'NONE', #2006 ) ;
#4558 = ORIENTED_EDGE ( 'NONE', *, *, #110, .F. ) ;
#4559 = PLANE ( 'NONE',  #3387 ) ;
#4560 = ORIENTED_EDGE ( 'NONE', *, *, #2869, .T. ) ;
#4561 = DIRECTION ( 'NONE',  ( 0.000000000000000000, 0.000000000000000000, 1.000000000000000000 ) ) ;
#4562 = EDGE_CURVE ( 'NONE', #804, #2173, #3488, .T. ) ;
#4563 = DIRECTION ( 'NONE',  ( 1.000000000000000000, 0.000000000000000000, 0.000000000000000000 ) ) ;
#4564 = ORIENTED_EDGE ( 'NONE', *, *, #1414, .T. ) ;
#4565 = CARTESIAN_POINT ( 'NONE',  ( 0.4000000000000000222, -2.243459280444428217, 5.588199955838118349 ) ) ;
#4566 = CARTESIAN_POINT ( 'NONE',  ( 12.69999999999999929, 0.000000000000000000, 5.620762745781209269 ) ) ;
#4567 = CARTESIAN_POINT ( 'NONE',  ( 12.69999999999999929, -5.460999999999999410, -15.87500000000000000 ) ) ;
#4568 = CARTESIAN_POINT ( 'NONE',  ( -0.3999999999999999667, -2.061552812808830293, 5.438999999999999169 ) ) ;
#4569 = CARTESIAN_POINT ( 'NONE',  ( -6.199999999999999289, -6.200000000000000178, -2.000000000000000000 ) ) ;
#4570 = VERTEX_POINT ( 'NONE', #4351 ) ;
#4571 = CYLINDRICAL_SURFACE ( 'NONE', #153, 2.100000000000000977 ) ;
#4572 = CYLINDRICAL_SURFACE ( 'NONE', #4348, 3.374999999999999556 ) ;
#4573 = CARTESIAN_POINT ( 'NONE',  ( 13.09999999999999964, -2.182283254615324797, 5.773529692572009431 ) ) ;
#4574 = VERTEX_POINT ( 'NONE', #3603 ) ;
#4575 = ORIENTED_EDGE ( 'NONE', *, *, #1203, .F. ) ;
#4576 = B_SPLINE_CURVE_WITH_KNOTS ( 'NONE', 3,
 ( #1194, #4573, #3442, #515, #2297, #463 ),
 .UNSPECIFIED., .F., .F.,
 ( 4, 2, 4 ),
 ( 0.000000000000000000, 0.0004757001404452628575, 0.0009514002808905257149 ),
 .UNSPECIFIED. ) ;
#4577 = EDGE_CURVE ( 'NONE', #3742, #1368, #3303, .T. ) ;
#4578 = AXIS2_PLACEMENT_3D ( 'NONE', #4008, #4029, #1029 ) ;
#4579 = VECTOR ( 'NONE', #2639, 1000.000000000000000 ) ;
#4580 = CARTESIAN_POINT ( 'NONE',  ( 6.350000000000002309, -0.8890000000000000124, -6.349999999999997868 ) ) ;
#4581 = ORIENTED_EDGE ( 'NONE', *, *, #318, .T. ) ;
#4582 = ORIENTED_EDGE ( 'NONE', *, *, #889, .F. ) ;
#4583 = AXIS2_PLACEMENT_3D ( 'NONE', #1009, #1683, #208 ) ;
#4584 = CARTESIAN_POINT ( 'NONE',  ( 12.30000000000000071, 2.061552812808830293, 5.438999999999999169 ) ) ;
#4585 = AXIS2_PLACEMENT_3D ( 'NONE', #2632, #1571, #3725 ) ;
#4586 = AXIS2_PLACEMENT_3D ( 'NONE', #895, #1667, #4592 ) ;
#4587 = ORIENTED_EDGE ( 'NONE', *, *, #1245, .T. ) ;
#4588 = DIRECTION ( 'NONE',  ( -0.08715574274765176821, 0.000000000000000000, 0.9961946980917461003 ) ) ;
#4589 = DIRECTION ( 'NONE',  ( -0.000000000000000000, 1.000000000000000000, -0.000000000000000000 ) ) ;
#4590 = CARTESIAN_POINT ( 'NONE',  ( 13.19809734904587195, -2.040073290564207831, 2.595422128626172054 ) ) ;
#4591 = EDGE_CURVE ( 'NONE', #1600, #1510, #4160, .T. ) ;
#4592 = DIRECTION ( 'NONE',  ( 1.000000000000000000, 0.000000000000000000, 0.000000000000000000 ) ) ;
#4593 = CARTESIAN_POINT ( 'NONE',  ( 12.69999999999999929, -5.460999999999999410, -12.69999999999999929 ) ) ;
#4594 = FACE_OUTER_BOUND ( 'NONE', #1409, .T. ) ;
#4595 = CARTESIAN_POINT ( 'NONE',  ( 13.09999999999999964, 2.243459280444427772, 5.588199955838118349 ) ) ;
#4596 = ORIENTED_EDGE ( 'NONE', *, *, #2923, .T. ) ;
#4597 = CARTESIAN_POINT ( 'NONE',  ( 4.804415587728428250, -45.00940607636245261, -30.59999999999994102 ) ) ;
#4598 = DIRECTION ( 'NONE',  ( 0.000000000000000000, 0.000000000000000000, 1.000000000000000000 ) ) ;
#4599 = DIRECTION ( 'NONE',  ( -0.000000000000000000, -0.000000000000000000, -1.000000000000000000 ) ) ;
#4600 = VERTEX_POINT ( 'NONE', #3628 ) ;
#4601 = EDGE_CURVE ( 'NONE', #4502, #2884, #716, .T. ) ;
#4602 = CARTESIAN_POINT ( 'NONE',  ( 12.69999999999999929, -0.1999999999999996503, -25.39999999999999858 ) ) ;
#4603 = ORIENTED_EDGE ( 'NONE', *, *, #885, .T. ) ;
#4604 = ADVANCED_FACE ( 'NONE', ( #1083 ), #2922, .T. ) ;
#4605 = ORIENTED_EDGE ( 'NONE', *, *, #4135, .T. ) ;
#4606 = CIRCLE ( 'NONE', #1517, 3.175000000000000266 ) ;
#4607 = CARTESIAN_POINT ( 'NONE',  ( 6.350000000000002309, -5.460999999999999410, -9.524999999999998579 ) ) ;
#4608 = CARTESIAN_POINT ( 'NONE',  ( 13.19809734904587195, 2.040073290564206943, 2.595422128626172054 ) ) ;
#4609 = ORIENTED_EDGE ( 'NONE', *, *, #1273, .F. ) ;
#4610 = AXIS2_PLACEMENT_3D ( 'NONE', #1817, #7, #4048 ) ;
#4611 = CARTESIAN_POINT ( 'NONE',  ( -6.200000000000001066, 6.200000000000000178, -2.000000000000000000 ) ) ;
#4612 = DIRECTION ( 'NONE',  ( 8.115498896123167176E-15, 0.000000000000000000, 1.000000000000000000 ) ) ;
#4613 = CIRCLE ( 'NONE', #2527, 5.199999999999969980 ) ;
#4614 = VECTOR ( 'NONE', #4016, 1000.000000000000000 ) ;
#4615 = CARTESIAN_POINT ( 'NONE',  ( 12.69999999999999929, -0.8890000000000000124, -15.87500000000000000 ) ) ;
#4616 = CARTESIAN_POINT ( 'NONE',  ( -2.630594115711840632E-16, -2.174999999999999822, -28.57499999999999929 ) ) ;
#4617 = FACE_OUTER_BOUND ( 'NONE', #3176, .T. ) ;
#4618 = DIRECTION ( 'NONE',  ( 0.000000000000000000, -1.000000000000000000, 0.000000000000000000 ) ) ;
#4619 = VERTEX_POINT ( 'NONE', #2556 ) ;
#4620 = CARTESIAN_POINT ( 'NONE',  ( -2.630594115711841125E-16, -0.8890000000000000124, -25.39999999999999858 ) ) ;
#4621 = DIRECTION ( 'NONE',  ( 0.000000000000000000, 1.000000000000000000, 0.000000000000000000 ) ) ;
#4622 = CARTESIAN_POINT ( 'NONE',  ( -0.3999999999999999667, -2.254205848354697395, 5.555636450100673862 ) ) ;
#4623 = VERTEX_POINT ( 'NONE', #1472 ) ;
#4624 = EDGE_CURVE ( 'NONE', #3379, #2106, #310, .T. ) ;
#4625 = AXIS2_PLACEMENT_3D ( 'NONE', #1661, #3889, #1704 ) ;
#4626 = LINE ( 'NONE', #3909, #1970 ) ;
#4627 = VECTOR ( 'NONE', #220, 1000.000000000000000 ) ;
#4628 = VERTEX_POINT ( 'NONE', #4415 ) ;
#4629 = ORIENTED_EDGE ( 'NONE', *, *, #2384, .F. ) ;
#4630 = LINE ( 'NONE', #522, #2073 ) ;
#4631 = ADVANCED_FACE ( 'NONE', ( #4727 ), #3376, .T. ) ;
#4632 = DIRECTION ( 'NONE',  ( -0.000000000000000000, -0.000000000000000000, 1.000000000000000000 ) ) ;
#4633 = VERTEX_POINT ( 'NONE', #672 ) ;
#4634 = CARTESIAN_POINT ( 'NONE',  ( -2.630594115711841125E-16, -0.8890000000000000124, -12.69999999999999929 ) ) ;
#4635 = APPROVAL_DATE_TIME ( #240, #3463 ) ;
#4636 = ADVANCED_FACE ( 'NONE', ( #2190 ), #2580, .T. ) ;
#4637 = DIRECTION ( 'NONE',  ( -0.000000000000000000, -1.000000000000000000, -0.000000000000000000 ) ) ;
#4638 = CARTESIAN_POINT ( 'NONE',  ( -6.199999999999972644, -6.199999999999997513, -25.39999999999999858 ) ) ;
#4639 = CARTESIAN_POINT ( 'NONE',  ( -5.199999999999998401, -2.174999999999996270, -25.39999999999999858 ) ) ;
#4640 = CARTESIAN_POINT ( 'NONE',  ( -0.3999999999999999667, -3.174999999999999822, 5.139000000000001123 ) ) ;
#4641 = EDGE_CURVE ( 'NONE', #779, #2934, #3238, .T. ) ;
#4642 = VERTEX_POINT ( 'NONE', #2534 ) ;
#4643 = FACE_OUTER_BOUND ( 'NONE', #994, .T. ) ;
#4644 = DIRECTION ( 'NONE',  ( 0.7071067811865483499, -8.451223556522545373E-17, -0.7071067811865467956 ) ) ;
#4645 = CARTESIAN_POINT ( 'NONE',  ( 12.70000000000005080, -0.1999999999999996503, -30.59999999999996589 ) ) ;
#4646 = ORIENTED_EDGE ( 'NONE', *, *, #578, .F. ) ;
#4647 = VERTEX_POINT ( 'NONE', #2945 ) ;
#4648 = DIRECTION ( 'NONE',  ( -0.000000000000000000, -0.000000000000000000, -1.000000000000000000 ) ) ;
#4649 = ADVANCED_FACE ( 'NONE', ( #3280 ), #1403, .T. ) ;
#4650 = VERTEX_POINT ( 'NONE', #4371 ) ;
#4651 = EDGE_LOOP ( 'NONE', ( #4324, #4738, #3956, #3160 ) ) ;
#4652 = CIRCLE ( 'NONE', #1501, 1.554966049364602254 ) ;
#4653 = DIRECTION ( 'NONE',  ( 1.000000000000000000, 0.000000000000000000, -0.000000000000000000 ) ) ;
#4654 = DIRECTION ( 'NONE',  ( 0.000000000000000000, 1.000000000000000000, 0.000000000000000000 ) ) ;
#4655 = VECTOR ( 'NONE', #4146, 1000.000000000000000 ) ;
#4656 = VERTEX_POINT ( 'NONE', #1056 ) ;
#4657 = PRODUCT_DEFINITION_SHAPE ( 'NONE', 'NONE',  #1512 ) ;
#4658 = VECTOR ( 'NONE', #1351, 1000.000000000000114 ) ;
#4659 = CARTESIAN_POINT ( 'NONE',  ( 10.40000000000000036, 0.000000000000000000, 5.523072258617638397 ) ) ;
#4660 = SHAPE_DEFINITION_REPRESENTATION ( #4657, #1124 ) ;
#4661 = EDGE_CURVE ( 'NONE', #1473, #2819, #4060, .T. ) ;
#4662 = CIRCLE ( 'NONE', #2186, 2.100000000000000977 ) ;
#4663 =( BOUNDED_CURVE ( )  B_SPLINE_CURVE ( 3, ( #2052, #3971, #3127, #2080 ),
 .UNSPECIFIED., .F., .T. ) 
 B_SPLINE_CURVE_WITH_KNOTS ( ( 4, 4 ),
 ( 4.362112093716119077, 4.472917508490047211 ),
 .UNSPECIFIED. ) 
 CURVE ( )  GEOMETRIC_REPRESENTATION_ITEM ( )  RATIONAL_B_SPLINE_CURVE ( ( 1.000000000000000000, 0.9989771083553060649, 0.9989771083553060649, 1.000000000000000000 ) ) 
 REPRESENTATION_ITEM ( '' )  );
#4664 = DIRECTION ( 'NONE',  ( -0.000000000000000000, 1.000000000000000000, -0.000000000000000000 ) ) ;
#4665 = EDGE_CURVE ( 'NONE', #1830, #681, #599, .T. ) ;
#4666 = LINE ( 'NONE', #1315, #2915 ) ;
#4667 = AXIS2_PLACEMENT_3D ( 'NONE', #3092, #3061, #863 ) ;
#4668 = CARTESIAN_POINT ( 'NONE',  ( 17.89999999999999858, -45.00940607636245261, -25.39999999999999858 ) ) ;
#4669 = CARTESIAN_POINT ( 'NONE',  ( 12.20190265095412840, 2.040073290564207831, 2.595422128626172054 ) ) ;
#4670 = ORIENTED_EDGE ( 'NONE', *, *, #696, .T. ) ;
#4671 = DIRECTION ( 'NONE',  ( 0.000000000000000000, 0.000000000000000000, 1.000000000000000000 ) ) ;
#4672 = CARTESIAN_POINT ( 'NONE',  ( 12.69999999999999929, 0.000000000000000000, 5.139000000000004675 ) ) ;
#4673 = EDGE_CURVE ( 'NONE', #3490, #175, #1382, .T. ) ;
#4674 = DIRECTION ( 'NONE',  ( -0.000000000000000000, 1.000000000000000000, -0.000000000000000000 ) ) ;
#4675 = ORIENTED_EDGE ( 'NONE', *, *, #3495, .T. ) ;
#4676 = DIRECTION ( 'NONE',  ( 0.000000000000000000, 1.000000000000000000, 0.000000000000000000 ) ) ;
#4677 = ORIENTED_EDGE ( 'NONE', *, *, #2548, .T. ) ;
#4678 = VERTEX_POINT ( 'NONE', #1445 ) ;
#4679 = FACE_OUTER_BOUND ( 'NONE', #126, .T. ) ;
#4680 = CYLINDRICAL_SURFACE ( 'NONE', #2650, 0.5000000000000000000 ) ;
#4681 = ORIENTED_EDGE ( 'NONE', *, *, #1572, .F. ) ;
#4682 = DIRECTION ( 'NONE',  ( 0.000000000000000000, -0.000000000000000000, 1.000000000000000000 ) ) ;
#4683 = DIRECTION ( 'NONE',  ( 0.000000000000000000, 0.000000000000000000, 1.000000000000000000 ) ) ;
#4684 = CARTESIAN_POINT ( 'NONE',  ( 0.4000000000000000777, -2.083236664664703586, 5.905597390643911204 ) ) ;
#4685 = CARTESIAN_POINT ( 'NONE',  ( 1.257659471581005203E-16, -0.8890000000000000124, -9.524999999999998579 ) ) ;
#4686 = AXIS2_PLACEMENT_3D ( 'NONE', #4406, #621, #239 ) ;
#4687 = EDGE_LOOP ( 'NONE', ( #3105, #493, #3831, #980 ) ) ;
#4688 = CARTESIAN_POINT ( 'NONE',  ( 12.69999999999999929, 0.000000000000000000, 0.8890000000000009006 ) ) ;
#4689 = DIRECTION ( 'NONE',  ( -1.000000000000000000, 0.000000000000000000, -0.000000000000000000 ) ) ;
#4690 = AXIS2_PLACEMENT_3D ( 'NONE', #2561, #1, #4421 ) ;
#4691 = FACE_OUTER_BOUND ( 'NONE', #4081, .T. ) ;
#4692 = DIRECTION ( 'NONE',  ( 0.7071067811865467956, 0.000000000000000000, 0.7071067811865483499 ) ) ;
#4693 = ORIENTED_EDGE ( 'NONE', *, *, #927, .T. ) ;
#4694 = ORIENTED_EDGE ( 'NONE', *, *, #1632, .F. ) ;
#4695 = CARTESIAN_POINT ( 'NONE',  ( 12.69999999999999929, -3.174999999999998934, 2.638999999999998902 ) ) ;
#4696 = ORIENTED_EDGE ( 'NONE', *, *, #4056, .F. ) ;
#4697 = CIRCLE ( 'NONE', #141, 1.554966049364602254 ) ;
#4698 = ORIENTED_EDGE ( 'NONE', *, *, #3455, .T. ) ;
#4699 = EDGE_CURVE ( 'NONE', #175, #3861, #3296, .T. ) ;
#4700 = CARTESIAN_POINT ( 'NONE',  ( -6.226320535179879527E-14, -6.199999999999997513, -30.59999999999993392 ) ) ;
#4701 = DIRECTION ( 'NONE',  ( 0.000000000000000000, 0.000000000000000000, 1.000000000000000000 ) ) ;
#4702 = EDGE_LOOP ( 'NONE', ( #111, #1582 ) ) ;
#4703 = AXIS2_PLACEMENT_3D ( 'NONE', #3020, #3489, #872 ) ;
#4704 = AXIS2_PLACEMENT_3D ( 'NONE', #540, #3342, #36 ) ;
#4705 = CARTESIAN_POINT ( 'NONE',  ( 12.69999999999999929, 0.000000000000000000, 5.389000000000001123 ) ) ;
#4706 = CARTESIAN_POINT ( 'NONE',  ( 17.89999999999999858, -2.175000000000003375, -20.59558441227150993 ) ) ;
#4707 = CARTESIAN_POINT ( 'NONE',  ( 17.89999999999999858, -0.1999999999999996503, -17.50441558772836714 ) ) ;
#4708 = ORIENTED_EDGE ( 'NONE', *, *, #143, .F. ) ;
#4709 = CARTESIAN_POINT ( 'NONE',  ( 6.350000000000000533, -6.201024999999999565, -19.04999999999999716 ) ) ;
#4710 = DIRECTION ( 'NONE',  ( 0.000000000000000000, 0.000000000000000000, 1.000000000000000000 ) ) ;
#4711 = CARTESIAN_POINT ( 'NONE',  ( 13.09999999999999964, 2.061552812808830293, 5.438999999999999169 ) ) ;
#4712 = LINE ( 'NONE', #358, #2765 ) ;
#4713 = ORIENTED_EDGE ( 'NONE', *, *, #3079, .F. ) ;
#4714 = ORIENTED_EDGE ( 'NONE', *, *, #973, .F. ) ;
#4715 = DIRECTION ( 'NONE',  ( 0.7071067811865474617, 0.000000000000000000, 0.7071067811865474617 ) ) ;
#4716 = VERTEX_POINT ( 'NONE', #4333 ) ;
#4717 = VERTEX_POINT ( 'NONE', #1014 ) ;
#4718 = EDGE_CURVE ( 'NONE', #4328, #4490, #2141, .T. ) ;
#4719 = LINE ( 'NONE', #618, #2008 ) ;
#4720 = CARTESIAN_POINT ( 'NONE',  ( 6.350000000000002309, -5.460999999999999410, -3.174999999999997602 ) ) ;
#4721 = ORIENTED_EDGE ( 'NONE', *, *, #172, .T. ) ;
#4722 = VECTOR ( 'NONE', #1183, 1000.000000000000000 ) ;
#4723 = CIRCLE ( 'NONE', #789, 3.175000000000000266 ) ;
#4724 = DIRECTION ( 'NONE',  ( -0.000000000000000000, 1.000000000000000000, -0.000000000000000000 ) ) ;
#4725 = AXIS2_PLACEMENT_3D ( 'NONE', #766, #3328, #3605 ) ;
#4726 = DIRECTION ( 'NONE',  ( -1.000000000000000000, 1.036687336241119596E-16, 0.000000000000000000 ) ) ;
#4727 = FACE_OUTER_BOUND ( 'NONE', #3111, .T. ) ;
#4728 = CIRCLE ( 'NONE', #3267, 2.268258436585968152 ) ;
#4729 = EDGE_CURVE ( 'NONE', #2818, #1048, #651, .T. ) ;
#4730 = ORIENTED_EDGE ( 'NONE', *, *, #2286, .F. ) ;
#4731 = CARTESIAN_POINT ( 'NONE',  ( -2.630594115710311721E-16, -2.174999999999996270, -25.39999999999999858 ) ) ;
#4732 = VECTOR ( 'NONE', #472, 1000.000000000000000 ) ;
#4733 = CARTESIAN_POINT ( 'NONE',  ( -2.630594115711841125E-16, -0.8890000000000000124, -12.69999999999999929 ) ) ;
#4734 = DIRECTION ( 'NONE',  ( 1.000000000000000000, 0.000000000000000000, 0.000000000000000000 ) ) ;
#4735 = ORIENTED_EDGE ( 'NONE', *, *, #1115, .F. ) ;
#4736 = ORIENTED_EDGE ( 'NONE', *, *, #1227, .T. ) ;
#4737 = CARTESIAN_POINT ( 'NONE',  ( 0.000000000000000000, 0.000000000000000000, 5.438999999999999169 ) ) ;
#4738 = ORIENTED_EDGE ( 'NONE', *, *, #2528, .T. ) ;
#4739 = ADVANCED_FACE ( 'NONE', ( #2968 ), #2677, .T. ) ;
#4740 = ORIENTED_EDGE ( 'NONE', *, *, #2895, .F. ) ;
#4741 = PLANE ( 'NONE',  #3307 ) ;
#4742 = FACE_OUTER_BOUND ( 'NONE', #1565, .T. ) ;
#4743 = ADVANCED_FACE ( 'NONE', ( #836 ), #1233, .T. ) ;
#4744 = VERTEX_POINT ( 'NONE', #3746 ) ;
#4745 = DIRECTION ( 'NONE',  ( -0.000000000000000000, 1.000000000000000000, -0.000000000000000000 ) ) ;
#4746 = DIRECTION ( 'NONE',  ( 0.000000000000000000, 0.000000000000000000, 1.000000000000000000 ) ) ;
#4747 = DIRECTION ( 'NONE',  ( -0.000000000000000000, 1.000000000000000000, -0.000000000000000000 ) ) ;
#4748 = EDGE_LOOP ( 'NONE', ( #976, #2420, #1774, #4483 ) ) ;
#4749 = FACE_OUTER_BOUND ( 'NONE', #2540, .T. ) ;
#4750 = DIRECTION ( 'NONE',  ( 1.000000000000000000, 0.000000000000000000, -1.084202172485504434E-16 ) ) ;
#4751 = EDGE_CURVE ( 'NONE', #4552, #2978, #2046, .T. ) ;
#4752 = CARTESIAN_POINT ( 'NONE',  ( 12.69999999999999929, -4.174999999999998046, -25.39999999999999858 ) ) ;
#4753 = CIRCLE ( 'NONE', #4377, 2.100000000000000089 ) ;
#4754 = EDGE_LOOP ( 'NONE', ( #510, #1108, #3497, #227, #2690, #4681, #79, #1272, #4072, #3782, #636, #338, #3594, #2670, #3757 ) ) ;
#4755 = CARTESIAN_POINT ( 'NONE',  ( 0.7206315775864680084, -3.174999999999999822, 5.138999999999997570 ) ) ;
#4756 = AXIS2_PLACEMENT_3D ( 'NONE', #4521, #4545, #1239 ) ;
#4757 = PLANE ( 'NONE',  #4062 ) ;
#4758 = ORIENTED_EDGE ( 'NONE', *, *, #2476, .T. ) ;
#4759 = EDGE_CURVE ( 'NONE', #1465, #91, #1927, .T. ) ;
#4760 = FACE_OUTER_BOUND ( 'NONE', #3053, .T. ) ;
#4761 = VERTEX_POINT ( 'NONE', #1157 ) ;
#4762 = CARTESIAN_POINT ( 'NONE',  ( 0.4000000000000001887, -2.061552812808830293, 5.438999999999999169 ) ) ;
#4763 = AXIS2_PLACEMENT_3D ( 'NONE', #4107, #3428, #3014 ) ;
#4764 = LINE ( 'NONE', #1049, #4247 ) ;
#4765 = DIRECTION ( 'NONE',  ( 0.000000000000000000, 1.000000000000000000, 0.000000000000000000 ) ) ;
#4766 = VECTOR ( 'NONE', #2464, 1000.000000000000000 ) ;
#4767 = VERTEX_POINT ( 'NONE', #3403 ) ;
#4768 = ADVANCED_FACE ( 'NONE', ( #2654 ), #3326, .T. ) ;
#4769 = ORIENTED_EDGE ( 'NONE', *, *, #3234, .F. ) ;
#4770 = CARTESIAN_POINT ( 'NONE',  ( 17.89999999999999858, -0.1999999999999996503, -17.50441558772836714 ) ) ;
#4771 = DIRECTION ( 'NONE',  ( 0.000000000000000000, 0.000000000000000000, 1.000000000000000000 ) ) ;
#4772 = DIRECTION ( 'NONE',  ( -0.000000000000000000, 1.000000000000000000, -0.000000000000000000 ) ) ;
#4773 = EDGE_CURVE ( 'NONE', #2692, #2818, #363, .T. ) ;
#4774 = ORIENTED_EDGE ( 'NONE', *, *, #1216, .T. ) ;
#4775 = AXIS2_PLACEMENT_3D ( 'NONE', #628, #266, #2421 ) ;
#4776 = CARTESIAN_POINT ( 'NONE',  ( 13.42063157758646774, -1.972483239316683346, 5.138999999999997570 ) ) ;
#4777 = DIRECTION ( 'NONE',  ( -0.08715574274765176821, 0.000000000000000000, -0.9961946980917461003 ) ) ;
ENDSEC;
END-ISO-10303-21;
