ISO-10303-21;
HEADER;
FILE_DESCRIPTION (( 'STEP AP203' ),
    '1' );
FILE_NAME ('228-2500-1189.step',
    '2022-06-06T19:01:13',
    ( '' ),
    ( '' ),
    'SwSTEP 2.0',
    'SolidWorks 2021',
    '' );
FILE_SCHEMA (( 'CONFIG_CONTROL_DESIGN' ));
ENDSEC;

DATA;
#1 = EDGE_CURVE ( 'NONE', #1674, #2212, #972, .T. ) ;
#2 = ORIENTED_EDGE ( 'NONE', *, *, #2312, .T. ) ;
#3 = VERTEX_POINT ( 'NONE', #4822 ) ;
#4 = LINE ( 'NONE', #4283, #48 ) ;
#5 = LINE ( 'NONE', #1445, #249 ) ;
#6 = DIRECTION ( 'NONE',  ( -0.8660254037844395958, -0.4999999999999981681, 0.000000000000000000 ) ) ;
#7 = CARTESIAN_POINT ( 'NONE',  ( 5.044741000755725402, -26.66118525018893237, 1.000000000000000000 ) ) ;
#8 = EDGE_CURVE ( 'NONE', #253, #3745, #4957, .T. ) ;
#9 = ORIENTED_EDGE ( 'NONE', *, *, #3938, .F. ) ;
#10 = EDGE_CURVE ( 'NONE', #1802, #587, #2426, .T. ) ;
#11 = PLANE ( 'NONE',  #3966 ) ;
#12 = CARTESIAN_POINT ( 'NONE',  ( 6.350000000000001421, 5.200000000000001066, 3.049999999999999822 ) ) ;
#13 = ORIENTED_EDGE ( 'NONE', *, *, #5521, .F. ) ;
#14 = ORIENTED_EDGE ( 'NONE', *, *, #3361, .F. ) ;
#15 = ORIENTED_EDGE ( 'NONE', *, *, #5521, .T. ) ;
#16 = VERTEX_POINT ( 'NONE', #946 ) ;
#17 = LINE ( 'NONE', #1843, #5230 ) ;
#18 = VECTOR ( 'NONE', #3155, 1000.000000000000000 ) ;
#19 = DIRECTION ( 'NONE',  ( -1.000000000000000000, 0.000000000000000000, 0.000000000000000000 ) ) ;
#20 = ORIENTED_EDGE ( 'NONE', *, *, #1435, .T. ) ;
#21 = EDGE_CURVE ( 'NONE', #5088, #5362, #2369, .T. ) ;
#22 = CARTESIAN_POINT ( 'NONE',  ( -1.568653347947325694, -23.91698729810778090, -2.286000000000000032 ) ) ;
#23 = ORIENTED_EDGE ( 'NONE', *, *, #5894, .T. ) ;
#24 = VECTOR ( 'NONE', #5970, 1000.000000000000000 ) ;
#25 = DIRECTION ( 'NONE',  ( 0.000000000000000000, 0.000000000000000000, 1.000000000000000000 ) ) ;
#26 = DIRECTION ( 'NONE',  ( 0.000000000000000000, 0.000000000000000000, 1.000000000000000000 ) ) ;
#27 = CARTESIAN_POINT ( 'NONE',  ( 6.014883500901057722, -26.90372087522526456, -3.049999999999999822 ) ) ;
#28 = ORIENTED_EDGE ( 'NONE', *, *, #4717, .T. ) ;
#29 = EDGE_LOOP ( 'NONE', ( #3514, #5041, #1457, #1172 ) ) ;
#30 = VECTOR ( 'NONE', #879, 999.9999999999998863 ) ;
#31 = VECTOR ( 'NONE', #6079, 1000.000000000000000 ) ;
#32 = LINE ( 'NONE', #1882, #3101 ) ;
#33 = CARTESIAN_POINT ( 'NONE',  ( 7.208496126680722149, -17.43917744838116235, 2.286000000000000032 ) ) ;
#34 = CARTESIAN_POINT ( 'NONE',  ( -5.749261314031217651, -15.44198729810784165, -1.000000000000000000 ) ) ;
#35 = LINE ( 'NONE', #4745, #744 ) ;
#36 = ORIENTED_EDGE ( 'NONE', *, *, #3099, .T. ) ;
#38 = EDGE_CURVE ( 'NONE', #314, #5016, #172, .T. ) ;
#37 = CARTESIAN_POINT ( 'NONE',  ( 0.000000000000000000, -12.69999999999999929, 1.000000000000000000 ) ) ;
#39 = EDGE_CURVE ( 'NONE', #2715, #5776, #1676, .T. ) ;
#40 = CARTESIAN_POINT ( 'NONE',  ( 0.5000000000000000000, -9.589935691983200172, -1.000000000000000444 ) ) ;
#41 = ORIENTED_EDGE ( 'NONE', *, *, #4562, .T. ) ;
#42 = ORIENTED_EDGE ( 'NONE', *, *, #6065, .T. ) ;
#43 = ORIENTED_EDGE ( 'NONE', *, *, #706, .F. ) ;
#44 = EDGE_CURVE ( 'NONE', #75, #4937, #724, .T. ) ;
#45 = CARTESIAN_POINT ( 'NONE',  ( 5.249261314031212322, -16.30801270189226670, 1.000000000000000000 ) ) ;
#46 = DIRECTION ( 'NONE',  ( 1.000000000000000000, 0.000000000000000000, -0.000000000000000000 ) ) ;
#47 = EDGE_CURVE ( 'NONE', #2453, #2862, #3556, .T. ) ;
#48 = VECTOR ( 'NONE', #2809, 1000.000000000000000 ) ;
#49 = EDGE_LOOP ( 'NONE', ( #935, #4892, #5316, #3087 ) ) ;
#50 = DIRECTION ( 'NONE',  ( 1.000000000000000000, 0.000000000000000000, -0.000000000000000000 ) ) ;
#51 = AXIS2_PLACEMENT_3D ( 'NONE', #3094, #5530, #1301 ) ;
#52 = ORIENTED_EDGE ( 'NONE', *, *, #4066, .F. ) ;
#53 = DIRECTION ( 'NONE',  ( -0.000000000000000000, -0.000000000000000000, -1.000000000000000000 ) ) ;
#54 = ADVANCED_FACE ( 'NONE', ( #2055 ), #2548, .T. ) ;
#55 = AXIS2_PLACEMENT_3D ( 'NONE', #4434, #2468, #2586 ) ;
#56 = CARTESIAN_POINT ( 'NONE',  ( 1.545584412271568509, 5.200000000000000178, -2.286000000000000032 ) ) ;
#57 = CARTESIAN_POINT ( 'NONE',  ( -11.39474100075572593, -1.261185250188932683, 2.286000000000000032 ) ) ;
#58 = DIRECTION ( 'NONE',  ( 0.000000000000000000, 0.000000000000000000, 1.000000000000000000 ) ) ;
#59 = ORIENTED_EDGE ( 'NONE', *, *, #3660, .T. ) ;
#60 = VERTEX_POINT ( 'NONE', #691 ) ;
#61 = DIRECTION ( 'NONE',  ( -0.8660254037844363761, 0.5000000000000038858, 0.000000000000000000 ) ) ;
#62 = DIRECTION ( 'NONE',  ( -0.000000000000000000, -0.000000000000000000, -1.000000000000000000 ) ) ;
#63 = DIRECTION ( 'NONE',  ( -0.000000000000000000, -0.000000000000000000, -1.000000000000000000 ) ) ;
#64 = CARTESIAN_POINT ( 'NONE',  ( 1.568653347947324805, -23.91698729810778090, -2.286000000000000032 ) ) ;
#65 = ORIENTED_EDGE ( 'NONE', *, *, #2539, .F. ) ;
#66 = DIRECTION ( 'NONE',  ( -1.000000000000000000, -1.365923996832131116E-16, 0.000000000000000000 ) ) ;
#67 = LINE ( 'NONE', #12, #5572 ) ;
#68 = ORIENTED_EDGE ( 'NONE', *, *, #2677, .F. ) ;
#69 = ORIENTED_EDGE ( 'NONE', *, *, #4183, .T. ) ;
#70 = CARTESIAN_POINT ( 'NONE',  ( -4.504405828468349249, 2.552700952718197414, 2.286000000000000032 ) ) ;
#71 = DIRECTION ( 'NONE',  ( 1.000000000000000000, 0.000000000000000000, 0.000000000000000000 ) ) ;
#72 = EDGE_CURVE ( 'NONE', #5167, #2786, #4053, .T. ) ;
#73 = DIRECTION ( 'NONE',  ( -0.000000000000000000, -0.000000000000000000, -1.000000000000000000 ) ) ;
#74 = CIRCLE ( 'NONE', #5299, 3.149999999999999023 ) ;
#75 = VERTEX_POINT ( 'NONE', #5444 ) ;
#76 = CARTESIAN_POINT ( 'NONE',  ( -6.095510970993387012, -22.45810536923830014, 2.286000000000000032 ) ) ;
#77 = CARTESIAN_POINT ( 'NONE',  ( -4.250000000000000000, 2.571758278209442450E-16, 2.286000000000000032 ) ) ;
#78 = EDGE_CURVE ( 'NONE', #4385, #4654, #3466, .T. ) ;
#79 = VECTOR ( 'NONE', #3069, 999.9999999999998863 ) ;
#80 = ORIENTED_EDGE ( 'NONE', *, *, #641, .T. ) ;
#81 = EDGE_CURVE ( 'NONE', #4574, #3806, #5324, .T. ) ;
#82 = CARTESIAN_POINT ( 'NONE',  ( 1.131370849898473807, 6.200000000000001066, -3.049999999999999822 ) ) ;
#83 = AXIS2_PLACEMENT_3D ( 'NONE', #5520, #830, #1662 ) ;
#84 = CARTESIAN_POINT ( 'NONE',  ( 5.044741000755725402, -26.66118525018893237, 3.049999999999999822 ) ) ;
#85 = CARTESIAN_POINT ( 'NONE',  ( -1.857106781186543376, 5.200000000000000178, 1.000000000000000000 ) ) ;
#86 = ORIENTED_EDGE ( 'NONE', *, *, #428, .T. ) ;
#87 = ORIENTED_EDGE ( 'NONE', *, *, #1258, .F. ) ;
#88 = CARTESIAN_POINT ( 'NONE',  ( -2.943394698145813226, -13.82201945211619254, 2.286000000000000032 ) ) ;
#89 = DIRECTION ( 'NONE',  ( 1.000000000000000000, 0.000000000000000000, 0.000000000000000000 ) ) ;
#90 = EDGE_CURVE ( 'NONE', #3481, #5136, #1085, .T. ) ;
#91 = LINE ( 'NONE', #184, #569 ) ;
#92 = CARTESIAN_POINT ( 'NONE',  ( 0.000000000000000000, -25.39999999999999858, 2.286000000000000032 ) ) ;
#93 = ADVANCED_FACE ( 'NONE', ( #3011 ), #2111, .T. ) ;
#94 = DIRECTION ( 'NONE',  ( 0.7071067811865474617, -0.7071067811865474617, -0.000000000000000000 ) ) ;
#95 = PLANE ( 'NONE',  #1228 ) ;
#96 = ORIENTED_EDGE ( 'NONE', *, *, #1045, .F. ) ;
#97 = EDGE_LOOP ( 'NONE', ( #2522, #5991, #2836, #4593 ) ) ;
#98 = DIRECTION ( 'NONE',  ( 0.8660254037844383745, -0.5000000000000003331, 0.000000000000000000 ) ) ;
#99 = CARTESIAN_POINT ( 'NONE',  ( -8.195594171531652705, -2.552700952718198746, 1.000000000000000000 ) ) ;
#100 = VERTEX_POINT ( 'NONE', #3999 ) ;
#101 = CARTESIAN_POINT ( 'NONE',  ( 7.332364143057841233, -17.51069268098047971, 3.049999999999999822 ) ) ;
#102 = AXIS2_PLACEMENT_3D ( 'NONE', #5628, #2364, #3290 ) ;
#103 = EDGE_LOOP ( 'NONE', ( #3411, #2078, #2623, #1251 ) ) ;
#104 = LINE ( 'NONE', #4885, #1710 ) ;
#105 = DIRECTION ( 'NONE',  ( 1.000000000000000000, 0.000000000000000000, 0.000000000000000000 ) ) ;
#106 = ORIENTED_EDGE ( 'NONE', *, *, #520, .T. ) ;
#107 = VECTOR ( 'NONE', #1297, 1000.000000000000000 ) ;
#108 = LINE ( 'NONE', #2951, #4216 ) ;
#109 = EDGE_CURVE ( 'NONE', #860, #3265, #5869, .T. ) ;
#110 = DIRECTION ( 'NONE',  ( 0.7071067811865474617, -0.7071067811865474617, -0.000000000000000000 ) ) ;
#111 = ADVANCED_FACE ( 'NONE', ( #1647 ), #3963, .T. ) ;
#112 = DIRECTION ( 'NONE',  ( -0.2425356250363330801, -0.9701425001453318764, 0.000000000000000000 ) ) ;
#113 = ORIENTED_EDGE ( 'NONE', *, *, #5237, .F. ) ;
#114 = ORIENTED_EDGE ( 'NONE', *, *, #3786, .F. ) ;
#115 = LINE ( 'NONE', #4772, #3588 ) ;
#116 = DIRECTION ( 'NONE',  ( -0.000000000000000000, -0.000000000000000000, -1.000000000000000000 ) ) ;
#117 = EDGE_CURVE ( 'NONE', #5173, #4023, #5848, .T. ) ;
#118 = CARTESIAN_POINT ( 'NONE',  ( -5.044741000755725402, -26.66118525018892882, 1.000000000000000000 ) ) ;
#119 = LINE ( 'NONE', #1012, #4982 ) ;
#120 = AXIS2_PLACEMENT_3D ( 'NONE', #5647, #554, #3278 ) ;
#121 = VECTOR ( 'NONE', #931, 1000.000000000000000 ) ;
#122 = DIRECTION ( 'NONE',  ( 0.000000000000000000, -0.000000000000000000, 1.000000000000000000 ) ) ;
#123 = CARTESIAN_POINT ( 'NONE',  ( -6.014883500901058611, -26.90372087522526101, 3.049999999999999822 ) ) ;
#124 = ORIENTED_EDGE ( 'NONE', *, *, #2037, .T. ) ;
#125 = ORIENTED_EDGE ( 'NONE', *, *, #5461, .F. ) ;
#126 = VECTOR ( 'NONE', #1701, 1000.000000000000000 ) ;
#127 = CARTESIAN_POINT ( 'NONE',  ( 6.350000000000001421, 5.200000000000001066, -1.000000000000000000 ) ) ;
#128 = CARTESIAN_POINT ( 'NONE',  ( 0.000000000000000000, 0.000000000000000000, -2.286000000000000032 ) ) ;
#129 = ORIENTED_EDGE ( 'NONE', *, *, #4994, .T. ) ;
#130 = PLANE ( 'NONE',  #2800 ) ;
#131 = CARTESIAN_POINT ( 'NONE',  ( 2.100000000000000089, 2.571758278209441957E-16, 1.000000000000000000 ) ) ;
#132 = VERTEX_POINT ( 'NONE', #4852 ) ;
#133 = VECTOR ( 'NONE', #4513, 1000.000000000000227 ) ;
#134 = LINE ( 'NONE', #3869, #4860 ) ;
#135 = CARTESIAN_POINT ( 'NONE',  ( 5.044741000755725402, -26.66118525018893237, -1.000000000000000000 ) ) ;
#136 = ORIENTED_EDGE ( 'NONE', *, *, #202, .F. ) ;
#137 = VECTOR ( 'NONE', #208, 1000.000000000000000 ) ;
#138 = AXIS2_PLACEMENT_3D ( 'NONE', #3180, #5157, #4070 ) ;
#139 = DIRECTION ( 'NONE',  ( 1.365923996832131116E-16, -1.000000000000000000, 0.000000000000000000 ) ) ;
#140 = EDGE_LOOP ( 'NONE', ( #5010, #1751, #3499, #4690 ) ) ;
#141 = AXIS2_PLACEMENT_3D ( 'NONE', #1112, #2397, #4274 ) ;
#142 = CARTESIAN_POINT ( 'NONE',  ( 1.568653347947315924, -11.21698729810777273, 2.286000000000000032 ) ) ;
#143 = VECTOR ( 'NONE', #1628, 1000.000000000000000 ) ;
#144 = DIRECTION ( 'NONE',  ( -1.000000000000000000, 0.000000000000000000, 0.000000000000000000 ) ) ;
#145 = EDGE_LOOP ( 'NONE', ( #1247, #6008, #5390, #1839 ) ) ;
#146 = ORIENTED_EDGE ( 'NONE', *, *, #1044, .F. ) ;
#147 = ADVANCED_FACE ( 'NONE', ( #3039 ), #291, .T. ) ;
#148 = AXIS2_PLACEMENT_3D ( 'NONE', #1411, #5610, #1908 ) ;
#149 = VECTOR ( 'NONE', #3120, 1000.000000000000000 ) ;
#150 = CARTESIAN_POINT ( 'NONE',  ( 3.239935691983204524, 0.5000000000000000000, 2.286000000000000032 ) ) ;
#151 = CARTESIAN_POINT ( 'NONE',  ( 0.000000000000000000, -25.39999999999999858, -2.286000000000000032 ) ) ;
#152 = CIRCLE ( 'NONE', #2517, 3.150000000000000355 ) ;
#153 = DIRECTION ( 'NONE',  ( 0.000000000000000000, 0.000000000000000000, 1.000000000000000000 ) ) ;
#154 = LINE ( 'NONE', #4806, #3406 ) ;
#155 = EDGE_LOOP ( 'NONE', ( #4059, #606, #5901, #489 ) ) ;
#156 = EDGE_CURVE ( 'NONE', #5804, #541, #5413, .T. ) ;
#157 = CARTESIAN_POINT ( 'NONE',  ( -0.4999999999999998890, -9.589935691983200172, -1.000000000000000000 ) ) ;
#158 = FACE_OUTER_BOUND ( 'NONE', #29, .T. ) ;
#159 = ORIENTED_EDGE ( 'NONE', *, *, #2241, .F. ) ;
#160 = ORIENTED_EDGE ( 'NONE', *, *, #2545, .T. ) ;
#161 = DIRECTION ( 'NONE',  ( -0.000000000000000000, -0.000000000000000000, -1.000000000000000000 ) ) ;
#162 = CARTESIAN_POINT ( 'NONE',  ( 0.000000000000000000, 0.000000000000000000, -2.286000000000000032 ) ) ;
#163 = ORIENTED_EDGE ( 'NONE', *, *, #2950, .F. ) ;
#164 = CARTESIAN_POINT ( 'NONE',  ( 1.568653347947315257, -14.18301270189222585, -2.286000000000000032 ) ) ;
#165 = EDGE_CURVE ( 'NONE', #3456, #694, #260, .T. ) ;
#166 = LINE ( 'NONE', #1579, #126 ) ;
#167 = CARTESIAN_POINT ( 'NONE',  ( 6.350000000000001421, 6.200000000000001066, 3.049999999999999822 ) ) ;
#168 = VERTEX_POINT ( 'NONE', #1212 ) ;
#169 = LINE ( 'NONE', #5751, #4569 ) ;
#170 = ADVANCED_FACE ( 'NONE', ( #3103 ), #4983, .T. ) ;
#171 = ADVANCED_FACE ( 'NONE', ( #1244 ), #3135, .F. ) ;
#172 = LINE ( 'NONE', #2174, #2591 ) ;
#173 = CIRCLE ( 'NONE', #4796, 6.199999999999999289 ) ;
#174 = PLANE ( 'NONE',  #4895 ) ;
#175 = ORIENTED_EDGE ( 'NONE', *, *, #2792, .T. ) ;
#176 = DIRECTION ( 'NONE',  ( 0.2425356250363329691, -0.9701425001453319874, 0.000000000000000000 ) ) ;
#177 = VECTOR ( 'NONE', #389, 1000.000000000000227 ) ;
#178 = DIRECTION ( 'NONE',  ( -0.000000000000000000, -0.000000000000000000, -1.000000000000000000 ) ) ;
#179 = ORIENTED_EDGE ( 'NONE', *, *, #5949, .F. ) ;
#180 = EDGE_LOOP ( 'NONE', ( #1955, #2065, #2730, #2195 ) ) ;
#181 = VECTOR ( 'NONE', #5908, 1000.000000000000114 ) ;
#182 = LINE ( 'NONE', #3564, #4086 ) ;
#183 = VECTOR ( 'NONE', #4096, 1000.000000000000000 ) ;
#184 = CARTESIAN_POINT ( 'NONE',  ( -7.584628110303605730, -16.50163681199741461, 3.049999999999999822 ) ) ;
#185 = ORIENTED_EDGE ( 'NONE', *, *, #4855, .T. ) ;
#186 = PLANE ( 'NONE',  #2981 ) ;
#187 = DIRECTION ( 'NONE',  ( 0.000000000000000000, 0.000000000000000000, 1.000000000000000000 ) ) ;
#188 = EDGE_LOOP ( 'NONE', ( #4508, #4395, #1166, #3128 ) ) ;
#189 = ADVANCED_FACE ( 'NONE', ( #4351 ), #3001, .F. ) ;
#190 = CARTESIAN_POINT ( 'NONE',  ( -16.22855339059326951, -9.171446609406709527, -1.000000000000000000 ) ) ;
#191 = CARTESIAN_POINT ( 'NONE',  ( -4.732465839245184824, -27.55494015702927868, 2.286000000000000032 ) ) ;
#192 = ADVANCED_FACE ( 'NONE', ( #306 ), #4847, .T. ) ;
#193 = VERTEX_POINT ( 'NONE', #2073 ) ;
#194 = DIRECTION ( 'NONE',  ( 0.000000000000000000, 0.000000000000000000, -1.000000000000000000 ) ) ;
#195 = DIRECTION ( 'NONE',  ( -0.000000000000000000, -0.000000000000000000, -1.000000000000000000 ) ) ;
#196 = DIRECTION ( 'NONE',  ( 0.000000000000000000, -0.000000000000000000, 1.000000000000000000 ) ) ;
#197 = ORIENTED_EDGE ( 'NONE', *, *, #1430, .F. ) ;
#198 = ORIENTED_EDGE ( 'NONE', *, *, #4972, .T. ) ;
#199 = DIRECTION ( 'NONE',  ( -0.000000000000000000, -0.000000000000000000, -1.000000000000000000 ) ) ;
#200 = CARTESIAN_POINT ( 'NONE',  ( 6.014883500901057722, -26.90372087522526456, -3.049999999999999822 ) ) ;
#201 = DIRECTION ( 'NONE',  ( -0.000000000000000000, -0.000000000000000000, -1.000000000000000000 ) ) ;
#202 = EDGE_CURVE ( 'NONE', #1373, #5263, #5454, .T. ) ;
#203 = ORIENTED_EDGE ( 'NONE', *, *, #8, .F. ) ;
#204 = PLANE ( 'NONE',  #3275 ) ;
#205 = DIRECTION ( 'NONE',  ( -1.000000000000000000, -1.365923996832131116E-16, 0.000000000000000000 ) ) ;
#206 = ORIENTED_EDGE ( 'NONE', *, *, #5539, .T. ) ;
#207 = CARTESIAN_POINT ( 'NONE',  ( 6.350000000000001421, 5.200000000000001066, 3.049999999999999822 ) ) ;
#208 = DIRECTION ( 'NONE',  ( 0.000000000000000000, 0.000000000000000000, 1.000000000000000000 ) ) ;
#209 = LINE ( 'NONE', #2034, #3038 ) ;
#210 = VERTEX_POINT ( 'NONE', #3460 ) ;
#211 = VECTOR ( 'NONE', #1951, 1000.000000000000000 ) ;
#212 = CARTESIAN_POINT ( 'NONE',  ( 8.930939751330900123, -1.873832970144350352, -2.286000000000000032 ) ) ;
#213 = CARTESIAN_POINT ( 'NONE',  ( 0.2500000000000041078, -24.96698729810777451, -1.000000000000000000 ) ) ;
#214 = ORIENTED_EDGE ( 'NONE', *, *, #5616, .F. ) ;
#215 = AXIS2_PLACEMENT_3D ( 'NONE', #281, #4044, #3576 ) ;
#216 = CARTESIAN_POINT ( 'NONE',  ( 2.443394698145808785, -14.68804485590062825, 2.286000000000000032 ) ) ;
#217 = CARTESIAN_POINT ( 'NONE',  ( -2.100000000000000089, -25.39999999999999858, 1.000000000000000000 ) ) ;
#218 = VECTOR ( 'NONE', #2753, 1000.000000000000114 ) ;
#219 = VECTOR ( 'NONE', #4025, 1000.000000000000000 ) ;
#220 = ADVANCED_FACE ( 'NONE', ( #337 ), #130, .F. ) ;
#221 = EDGE_CURVE ( 'NONE', #1461, #5689, #2538, .T. ) ;
#222 = LINE ( 'NONE', #2200, #2396 ) ;
#223 = ADVANCED_FACE ( 'NONE', ( #2188 ), #3489, .F. ) ;
#224 = AXIS2_PLACEMENT_3D ( 'NONE', #4848, #5715, #46 ) ;
#225 = CARTESIAN_POINT ( 'NONE',  ( 0.000000000000000000, -25.39999999999999858, 2.286000000000000032 ) ) ;
#226 = ORIENTED_EDGE ( 'NONE', *, *, #2356, .F. ) ;
#227 = VERTEX_POINT ( 'NONE', #2507 ) ;
#228 = ORIENTED_EDGE ( 'NONE', *, *, #3657, .F. ) ;
#229 = FACE_BOUND ( 'NONE', #722, .T. ) ;
#230 = CARTESIAN_POINT ( 'NONE',  ( 10.49660849440505928, -4.853715275591603096, 3.049999999999999822 ) ) ;
#231 = EDGE_CURVE ( 'NONE', #3573, #2528, #5346, .T. ) ;
#232 = DIRECTION ( 'NONE',  ( -0.7071067811865470176, 0.7071067811865479058, -0.000000000000000000 ) ) ;
#233 = VERTEX_POINT ( 'NONE', #5380 ) ;
#234 = LINE ( 'NONE', #2609, #4443 ) ;
#235 = DIRECTION ( 'NONE',  ( 0.000000000000000000, 0.000000000000000000, 1.000000000000000000 ) ) ;
#236 = VECTOR ( 'NONE', #4370, 1000.000000000000000 ) ;
#237 = ORIENTED_EDGE ( 'NONE', *, *, #4858, .T. ) ;
#238 = EDGE_CURVE ( 'NONE', #2785, #1761, #1406, .T. ) ;
#239 = CIRCLE ( 'NONE', #4765, 3.149999999999999911 ) ;
#240 = CARTESIAN_POINT ( 'NONE',  ( 2.443394698145808785, -10.71195514409937033, 2.286000000000000032 ) ) ;
#241 = VECTOR ( 'NONE', #5587, 1000.000000000000000 ) ;
#242 = CARTESIAN_POINT ( 'NONE',  ( -3.797299047281801787, 1.845594171531649952, 2.286000000000000032 ) ) ;
#243 = CARTESIAN_POINT ( 'NONE',  ( -1.545584412271568509, 5.200000000000000178, 3.049999999999999822 ) ) ;
#244 = ORIENTED_EDGE ( 'NONE', *, *, #238, .T. ) ;
#245 = VECTOR ( 'NONE', #3892, 1000.000000000000000 ) ;
#246 = DIRECTION ( 'NONE',  ( 1.000000000000000000, 0.000000000000000000, -0.000000000000000000 ) ) ;
#247 = DIRECTION ( 'NONE',  ( -0.000000000000000000, -0.000000000000000000, -1.000000000000000000 ) ) ;
#248 = CIRCLE ( 'NONE', #3702, 2.100000000000000089 ) ;
#249 = VECTOR ( 'NONE', #893, 1000.000000000000000 ) ;
#250 = ORIENTED_EDGE ( 'NONE', *, *, #492, .F. ) ;
#251 = DIRECTION ( 'NONE',  ( -0.8660254037844362651, 0.5000000000000041078, 0.000000000000000000 ) ) ;
#252 = CARTESIAN_POINT ( 'NONE',  ( 2.443394698145810118, -10.71195514409936855, -2.286000000000000032 ) ) ;
#253 = VERTEX_POINT ( 'NONE', #5781 ) ;
#254 = LINE ( 'NONE', #1237, #3872 ) ;
#255 = CARTESIAN_POINT ( 'NONE',  ( 0.000000000000000000, -12.69999999999999929, 2.286000000000000032 ) ) ;
#256 = ORIENTED_EDGE ( 'NONE', *, *, #1775, .T. ) ;
#257 = ORIENTED_EDGE ( 'NONE', *, *, #3537, .F. ) ;
#258 = ADVANCED_FACE ( 'NONE', ( #1549 ), #3433, .F. ) ;
#259 = CARTESIAN_POINT ( 'NONE',  ( -7.332364143057837680, -17.51069268098048326, 1.000000000000000000 ) ) ;
#260 = LINE ( 'NONE', #2141, #5643 ) ;
#261 = DIRECTION ( 'NONE',  ( -0.000000000000000000, -0.000000000000000000, -1.000000000000000000 ) ) ;
#262 = ORIENTED_EDGE ( 'NONE', *, *, #1905, .T. ) ;
#263 = CYLINDRICAL_SURFACE ( 'NONE', #315, 5.199999999999998401 ) ;
#264 = ADVANCED_FACE ( 'NONE', ( #4386 ), #801, .T. ) ;
#265 = FACE_BOUND ( 'NONE', #4950, .T. ) ;
#266 = ORIENTED_EDGE ( 'NONE', *, *, #882, .F. ) ;
#267 = EDGE_CURVE ( 'NONE', #1274, #3871, #4463, .T. ) ;
#268 = CARTESIAN_POINT ( 'NONE',  ( 5.044741000755725402, -26.66118525018893237, -2.286000000000000032 ) ) ;
#269 = DIRECTION ( 'NONE',  ( 1.000000000000000000, 0.000000000000000000, 0.000000000000000000 ) ) ;
#270 = AXIS2_PLACEMENT_3D ( 'NONE', #3378, #5262, #1029 ) ;
#271 = CARTESIAN_POINT ( 'NONE',  ( 2.443394698145821664, -27.38804485590060978, 1.000000000000000000 ) ) ;
#272 = EDGE_CURVE ( 'NONE', #1605, #3993, #4527, .T. ) ;
#273 = CARTESIAN_POINT ( 'NONE',  ( -3.110064308016796897, 0.5000000000000000000, 2.286000000000000032 ) ) ;
#274 = VECTOR ( 'NONE', #5976, 999.9999999999998863 ) ;
#275 = ORIENTED_EDGE ( 'NONE', *, *, #2620, .F. ) ;
#276 = DIRECTION ( 'NONE',  ( 1.000000000000000000, 0.000000000000000000, -0.000000000000000000 ) ) ;
#277 = CARTESIAN_POINT ( 'NONE',  ( 0.000000000000000000, -25.39999999999999858, -3.049999999999999822 ) ) ;
#278 = EDGE_CURVE ( 'NONE', #4799, #2758, #5808, .T. ) ;
#279 = VECTOR ( 'NONE', #1682, 1000.000000000000000 ) ;
#280 = VERTEX_POINT ( 'NONE', #4815 ) ;
#281 = CARTESIAN_POINT ( 'NONE',  ( 2.068653347947319698, -13.31698729810779014, 2.286000000000000032 ) ) ;
#282 = FACE_OUTER_BOUND ( 'NONE', #560, .T. ) ;
#283 = ORIENTED_EDGE ( 'NONE', *, *, #1631, .F. ) ;
#284 = LINE ( 'NONE', #749, #4163 ) ;
#285 = DIRECTION ( 'NONE',  ( -0.000000000000000000, -0.000000000000000000, -1.000000000000000000 ) ) ;
#286 = DIRECTION ( 'NONE',  ( -0.000000000000000000, -0.000000000000000000, -1.000000000000000000 ) ) ;
#287 = ORIENTED_EDGE ( 'NONE', *, *, #4834, .T. ) ;
#288 = ORIENTED_EDGE ( 'NONE', *, *, #2224, .T. ) ;
#289 = VERTEX_POINT ( 'NONE', #4561 ) ;
#290 = CARTESIAN_POINT ( 'NONE',  ( -4.732465839245183936, -27.55494015702927868, 3.049999999999999822 ) ) ;
#291 = PLANE ( 'NONE',  #3768 ) ;
#292 = CARTESIAN_POINT ( 'NONE',  ( -6.350000000000001421, 0.000000000000000000, 3.049999999999999822 ) ) ;
#293 = VERTEX_POINT ( 'NONE', #5745 ) ;
#294 = FACE_OUTER_BOUND ( 'NONE', #5113, .T. ) ;
#295 = DIRECTION ( 'NONE',  ( -0.000000000000000000, -0.000000000000000000, -1.000000000000000000 ) ) ;
#296 = ORIENTED_EDGE ( 'NONE', *, *, #1664, .F. ) ;
#297 = EDGE_CURVE ( 'NONE', #4142, #60, #1815, .T. ) ;
#298 = EDGE_CURVE ( 'NONE', #3250, #3456, #3579, .T. ) ;
#299 = DIRECTION ( 'NONE',  ( -0.000000000000000000, -0.000000000000000000, -1.000000000000000000 ) ) ;
#300 = PERSON_AND_ORGANIZATION ( #5559, #4467 ) ;
#301 = EDGE_CURVE ( 'NONE', #1700, #2954, #1416, .T. ) ;
#302 = CIRCLE ( 'NONE', #6015, 3.149999999999999467 ) ;
#303 = FACE_OUTER_BOUND ( 'NONE', #3867, .T. ) ;
#304 = LINE ( 'NONE', #2186, #1057 ) ;
#305 = ORIENTED_EDGE ( 'NONE', *, *, #3370, .F. ) ;
#306 = FACE_OUTER_BOUND ( 'NONE', #5783, .T. ) ;
#307 = VECTOR ( 'NONE', #5256, 1000.000000000000000 ) ;
#308 = EDGE_CURVE ( 'NONE', #2062, #2590, #169, .T. ) ;
#309 = LINE ( 'NONE', #1386, #535 ) ;
#310 = LINE ( 'NONE', #4071, #1431 ) ;
#311 = EDGE_LOOP ( 'NONE', ( #3655, #3619, #3286, #5375 ) ) ;
#312 = DIRECTION ( 'NONE',  ( -0.2425356250363330801, -0.9701425001453318764, 0.000000000000000000 ) ) ;
#313 = DIRECTION ( 'NONE',  ( 1.000000000000000000, 0.000000000000000000, -0.000000000000000000 ) ) ;
#314 = VERTEX_POINT ( 'NONE', #3840 ) ;
#315 = AXIS2_PLACEMENT_3D ( 'NONE', #4002, #5416, #763 ) ;
#316 = CARTESIAN_POINT ( 'NONE',  ( -6.350000000000001421, 0.000000000000000000, 2.286000000000000032 ) ) ;
#317 = LINE ( 'NONE', #5502, #5951 ) ;
#318 = CARTESIAN_POINT ( 'NONE',  ( 6.095510970993386124, -22.45810536923829659, -2.286000000000000032 ) ) ;
#319 = ORIENTED_EDGE ( 'NONE', *, *, #2993, .T. ) ;
#320 = VERTEX_POINT ( 'NONE', #4420 ) ;
#321 = ORIENTED_EDGE ( 'NONE', *, *, #5143, .F. ) ;
#322 = FACE_BOUND ( 'NONE', #4943, .T. ) ;
#323 = VECTOR ( 'NONE', #2515, 1000.000000000000000 ) ;
#324 = AXIS2_PLACEMENT_3D ( 'NONE', #4881, #5348, #3518 ) ;
#325 = CARTESIAN_POINT ( 'NONE',  ( 14.52720779386421235, -10.87279220613578623, -1.000000000000000000 ) ) ;
#326 = ORIENTED_EDGE ( 'NONE', *, *, #2523, .F. ) ;
#327 = DIRECTION ( 'NONE',  ( -1.000000000000000000, -1.365923996832131116E-16, 0.000000000000000000 ) ) ;
#328 = CARTESIAN_POINT ( 'NONE',  ( -1.568653347947315480, -14.18301270189222585, -2.286000000000000032 ) ) ;
#329 = ORIENTED_EDGE ( 'NONE', *, *, #78, .T. ) ;
#330 = CARTESIAN_POINT ( 'NONE',  ( -4.250000000000000000, 0.5000000000000000000, -2.286000000000000032 ) ) ;
#331 = COORDINATED_UNIVERSAL_TIME_OFFSET ( 6, 0, .BEHIND. ) ;
#332 = AXIS2_PLACEMENT_3D ( 'NONE', #5289, #2652, #2682 ) ;
#333 = DIRECTION ( 'NONE',  ( -0.000000000000000000, -0.000000000000000000, -1.000000000000000000 ) ) ;
#334 = DIRECTION ( 'NONE',  ( 0.000000000000000000, 0.000000000000000000, 1.000000000000000000 ) ) ;
#335 = EDGE_CURVE ( 'NONE', #5040, #6019, #104, .T. ) ;
#336 = EDGE_LOOP ( 'NONE', ( #4965, #2909, #2181, #5812 ) ) ;
#337 = FACE_OUTER_BOUND ( 'NONE', #816, .T. ) ;
#338 = CIRCLE ( 'NONE', #5178, 3.150000000000000355 ) ;
#339 = DIRECTION ( 'NONE',  ( 0.4999999999999975020, 0.8660254037844400399, 0.000000000000000000 ) ) ;
#340 = DIRECTION ( 'NONE',  ( -0.000000000000000000, -0.000000000000000000, -1.000000000000000000 ) ) ;
#341 = CARTESIAN_POINT ( 'NONE',  ( -2.943394698145820776, -26.52201945211616874, 2.286000000000000032 ) ) ;
#342 = VECTOR ( 'NONE', #2784, 1000.000000000000000 ) ;
#343 = DIRECTION ( 'NONE',  ( 0.000000000000000000, -0.000000000000000000, 1.000000000000000000 ) ) ;
#344 = EDGE_CURVE ( 'NONE', #4726, #2855, #2021, .T. ) ;
#345 = EDGE_LOOP ( 'NONE', ( #5866, #4115, #2558, #3304 ) ) ;
#346 = VECTOR ( 'NONE', #886, 999.9999999999998863 ) ;
#347 = ADVANCED_FACE ( 'NONE', ( #5813 ), #5717, .F. ) ;
#348 = CARTESIAN_POINT ( 'NONE',  ( -4.250000000000000000, 2.571758278209442943E-16, 1.000000000000000000 ) ) ;
#349 = DIRECTION ( 'NONE',  ( -0.000000000000000000, -0.000000000000000000, -1.000000000000000000 ) ) ;
#350 = CYLINDRICAL_SURFACE ( 'NONE', #4967, 3.149999999999999467 ) ;
#351 = ORIENTED_EDGE ( 'NONE', *, *, #3513, .F. ) ;
#352 = ORIENTED_EDGE ( 'NONE', *, *, #3938, .T. ) ;
#353 = ORIENTED_EDGE ( 'NONE', *, *, #90, .T. ) ;
#354 = ORIENTED_EDGE ( 'NONE', *, *, #6078, .F. ) ;
#355 = CARTESIAN_POINT ( 'NONE',  ( 7.332364143057840344, -17.51069268098047971, 1.000000000000000000 ) ) ;
#356 = ADVANCED_FACE ( 'NONE', ( #5293 ), #996, .T. ) ;
#357 = PLANE ( 'NONE',  #4407 ) ;
#358 = ORIENTED_EDGE ( 'NONE', *, *, #2307, .F. ) ;
#359 = EDGE_CURVE ( 'NONE', #2135, #2100, #134, .T. ) ;
#360 = CARTESIAN_POINT ( 'NONE',  ( 4.253332099679084877, -28.43301270189220986, 2.286000000000000032 ) ) ;
#361 = EDGE_CURVE ( 'NONE', #4385, #5433, #1584, .T. ) ;
#362 = LINE ( 'NONE', #328, #2057 ) ;
#363 = VERTEX_POINT ( 'NONE', #2973 ) ;
#364 = CARTESIAN_POINT ( 'NONE',  ( 0.000000000000000000, -25.39999999999999858, -1.000000000000000000 ) ) ;
#365 = APPROVAL_STATUS ( 'not_yet_approved' ) ;
#366 = LINE ( 'NONE', #1159, #1129 ) ;
#367 = CARTESIAN_POINT ( 'NONE',  ( 5.749261314031217651, -15.44198729810783277, -1.000000000000000000 ) ) ;
#368 = ORIENTED_EDGE ( 'NONE', *, *, #4855, .F. ) ;
#369 = VERTEX_POINT ( 'NONE', #76 ) ;
#370 = CIRCLE ( 'NONE', #1149, 3.149999999999999023 ) ;
#371 = DIRECTION ( 'NONE',  ( 0.7071067811865476838, 0.7071067811865474617, -0.000000000000000000 ) ) ;
#372 = DIRECTION ( 'NONE',  ( 1.000000000000000000, 0.000000000000000000, -0.000000000000000000 ) ) ;
#373 = CARTESIAN_POINT ( 'NONE',  ( -1.568653347947315480, -14.18301270189222585, -2.286000000000000032 ) ) ;
#374 = CARTESIAN_POINT ( 'NONE',  ( -6.350000000000001421, 0.000000000000000000, 1.000000000000000000 ) ) ;
#375 = AXIS2_PLACEMENT_3D ( 'NONE', #5171, #5630, #415 ) ;
#376 = EDGE_LOOP ( 'NONE', ( #4655, #4629, #5076, #607 ) ) ;
#377 = AXIS2_PLACEMENT_3D ( 'NONE', #4896, #2929, #5767 ) ;
#379 = EDGE_CURVE ( 'NONE', #5620, #2100, #3464, .T. ) ;
#378 = CARTESIAN_POINT ( 'NONE',  ( -11.39474100075572593, -1.261185250188932683, 3.049999999999999822 ) ) ;
#380 = EDGE_CURVE ( 'NONE', #4786, #3451, #3409, .T. ) ;
#381 = DIRECTION ( 'NONE',  ( 1.000000000000000000, 0.000000000000000000, 0.000000000000000000 ) ) ;
#382 = FACE_OUTER_BOUND ( 'NONE', #874, .T. ) ;
#383 = ORIENTED_EDGE ( 'NONE', *, *, #5632, .F. ) ;
#384 = VERTEX_POINT ( 'NONE', #4392 ) ;
#385 = EDGE_LOOP ( 'NONE', ( #2431, #1588, #5441, #2245, #305, #2874, #1572, #41, #353, #2144, #2416 ) ) ;
#386 = EDGE_CURVE ( 'NONE', #3481, #5507, #2449, .T. ) ;
#387 = ORIENTED_EDGE ( 'NONE', *, *, #461, .T. ) ;
#388 = DIRECTION ( 'NONE',  ( -0.000000000000000000, -0.000000000000000000, -1.000000000000000000 ) ) ;
#389 = DIRECTION ( 'NONE',  ( 0.8660254037844395958, 0.4999999999999981681, -0.000000000000000000 ) ) ;
#390 = ORIENTED_EDGE ( 'NONE', *, *, #631, .T. ) ;
#391 = CARTESIAN_POINT ( 'NONE',  ( -0.5000000000000000000, -9.589935691983200172, 2.286000000000000032 ) ) ;
#392 = FACE_OUTER_BOUND ( 'NONE', #3594, .T. ) ;
#393 = ORIENTED_EDGE ( 'NONE', *, *, #4273, .T. ) ;
#394 = DIRECTION ( 'NONE',  ( 0.000000000000000000, 0.000000000000000000, 1.000000000000000000 ) ) ;
#395 = LINE ( 'NONE', #5209, #4379 ) ;
#396 = LINE ( 'NONE', #1822, #2546 ) ;
#397 = ORIENTED_EDGE ( 'NONE', *, *, #721, .F. ) ;
#398 = VERTEX_POINT ( 'NONE', #1986 ) ;
#399 = PLANE ( 'NONE',  #138 ) ;
#400 = PLANE ( 'NONE',  #2614 ) ;
#401 = DIRECTION ( 'NONE',  ( 0.000000000000000000, -0.000000000000000000, -1.000000000000000000 ) ) ;
#402 = DIRECTION ( 'NONE',  ( -0.000000000000000000, -0.000000000000000000, -1.000000000000000000 ) ) ;
#403 = ORIENTED_EDGE ( 'NONE', *, *, #3361, .T. ) ;
#404 = DIRECTION ( 'NONE',  ( 0.000000000000000000, 0.000000000000000000, 1.000000000000000000 ) ) ;
#405 = LINE ( 'NONE', #5562, #634 ) ;
#406 = DIRECTION ( 'NONE',  ( -0.000000000000000000, -0.000000000000000000, -1.000000000000000000 ) ) ;
#407 = VERTEX_POINT ( 'NONE', #4299 ) ;
#408 = ORIENTED_EDGE ( 'NONE', *, *, #5238, .T. ) ;
#409 = ORIENTED_EDGE ( 'NONE', *, *, #5246, .F. ) ;
#410 = EDGE_LOOP ( 'NONE', ( #626, #5612, #2584, #4292, #3804, #4129 ) ) ;
#411 = VECTOR ( 'NONE', #3382, 1000.000000000000000 ) ;
#412 = CARTESIAN_POINT ( 'NONE',  ( 2.100000000000000089, 0.5000000000000000000, -2.286000000000000032 ) ) ;
#413 = ADVANCED_FACE ( 'NONE', ( #1056 ), #1614, .F. ) ;
#414 = EDGE_CURVE ( 'NONE', #1966, #1931, #4356, .T. ) ;
#415 = DIRECTION ( 'NONE',  ( -1.000000000000000000, 0.000000000000000000, 0.000000000000000000 ) ) ;
#416 = VERTEX_POINT ( 'NONE', #3438 ) ;
#417 = CARTESIAN_POINT ( 'NONE',  ( 4.232465839245183936, -28.42096556081371617, 3.049999999999999822 ) ) ;
#418 = DIRECTION ( 'NONE',  ( 0.7071067811865476838, -0.7071067811865474617, 0.000000000000000000 ) ) ;
#419 = VECTOR ( 'NONE', #3402, 1000.000000000000000 ) ;
#420 = EDGE_CURVE ( 'NONE', #5362, #2631, #1116, .T. ) ;
#421 = ORIENTED_EDGE ( 'NONE', *, *, #3956, .T. ) ;
#422 = CIRCLE ( 'NONE', #713, 5.200000000000000178 ) ;
#423 = VECTOR ( 'NONE', #2666, 999.9999999999998863 ) ;
#424 = DIRECTION ( 'NONE',  ( -0.7071067811865470176, 0.7071067811865479058, 0.000000000000000000 ) ) ;
#425 = VECTOR ( 'NONE', #1610, 1000.000000000000000 ) ;
#426 = CARTESIAN_POINT ( 'NONE',  ( 6.095510970993385236, -22.45810536923829659, 3.049999999999999822 ) ) ;
#427 = FACE_OUTER_BOUND ( 'NONE', #1490, .T. ) ;
#428 = EDGE_CURVE ( 'NONE', #5196, #1274, #2544, .T. ) ;
#429 = ORIENTED_EDGE ( 'NONE', *, *, #5721, .T. ) ;
#430 = ORIENTED_EDGE ( 'NONE', *, *, #2075, .F. ) ;
#431 = CARTESIAN_POINT ( 'NONE',  ( -5.044741000755725402, -26.66118525018892882, -1.000000000000000000 ) ) ;
#432 = VECTOR ( 'NONE', #3067, 1000.000000000000000 ) ;
#433 = CARTESIAN_POINT ( 'NONE',  ( -8.223832970144352217, -2.580939751330898257, 2.286000000000000032 ) ) ;
#434 = EDGE_CURVE ( 'NONE', #4043, #6052, #628, .T. ) ;
#435 = DIRECTION ( 'NONE',  ( 0.000000000000000000, 0.000000000000000000, 1.000000000000000000 ) ) ;
#436 = DIRECTION ( 'NONE',  ( 1.000000000000000000, 0.000000000000000000, 0.000000000000000000 ) ) ;
#437 = ADVANCED_FACE ( 'NONE', ( #4118 ), #5995, .F. ) ;
#438 = VERTEX_POINT ( 'NONE', #4545 ) ;
#439 = CIRCLE ( 'NONE', #2310, 3.149999999999999023 ) ;
#440 = VECTOR ( 'NONE', #1097, 1000.000000000000000 ) ;
#441 = LINE ( 'NONE', #4205, #121 ) ;
#442 = CARTESIAN_POINT ( 'NONE',  ( 8.195594171531652705, -2.552700952718197414, -1.000000000000000444 ) ) ;
#443 = DIRECTION ( 'NONE',  ( -0.7071067811865476838, -0.7071067811865474617, 0.000000000000000000 ) ) ;
#444 = AXIS2_PLACEMENT_3D ( 'NONE', #4605, #5531, #443 ) ;
#445 = ORIENTED_EDGE ( 'NONE', *, *, #2523, .T. ) ;
#446 = VERTEX_POINT ( 'NONE', #2109 ) ;
#447 = ORIENTED_EDGE ( 'NONE', *, *, #3694, .F. ) ;
#448 = ORIENTED_EDGE ( 'NONE', *, *, #864, .T. ) ;
#449 = CIRCLE ( 'NONE', #5667, 2.100000000000000977 ) ;
#450 = DIRECTION ( 'NONE',  ( 1.000000000000000000, 0.000000000000000000, 0.000000000000000000 ) ) ;
#451 = DIRECTION ( 'NONE',  ( 1.000000000000000000, 0.000000000000000000, 0.000000000000000000 ) ) ;
#452 = VERTEX_POINT ( 'NONE', #1707 ) ;
#453 = EDGE_CURVE ( 'NONE', #3429, #550, #1646, .T. ) ;
#454 = VECTOR ( 'NONE', #2379, 1000.000000000000000 ) ;
#455 = CARTESIAN_POINT ( 'NONE',  ( -4.250000000000000000, -0.5000000000000000000, 2.286000000000000032 ) ) ;
#456 = LINE ( 'NONE', #4185, #5201 ) ;
#457 = VERTEX_POINT ( 'NONE', #355 ) ;
#458 = CARTESIAN_POINT ( 'NONE',  ( 2.943394698145819444, -24.27798054788382487, 1.000000000000000000 ) ) ;
#459 = ADVANCED_FACE ( 'NONE', ( #1175, #787, #2238, #3589, #322, #229 ), #2572, .F. ) ;
#460 = CARTESIAN_POINT ( 'NONE',  ( 5.749261314031214987, -15.44198729810783277, -1.000000000000000000 ) ) ;
#461 = EDGE_CURVE ( 'NONE', #3666, #4786, #3183, .T. ) ;
#462 = CARTESIAN_POINT ( 'NONE',  ( -1.545584412271568509, 5.200000000000000178, 2.286000000000000032 ) ) ;
#463 = ORIENTED_EDGE ( 'NONE', *, *, #3395, .T. ) ;
#464 = VERTEX_POINT ( 'NONE', #5966 ) ;
#465 = DIRECTION ( 'NONE',  ( -0.000000000000000000, -0.000000000000000000, -1.000000000000000000 ) ) ;
#466 = DIRECTION ( 'NONE',  ( 0.2425356250363330801, 0.9701425001453318764, 0.000000000000000000 ) ) ;
#467 = CYLINDRICAL_SURFACE ( 'NONE', #4657, 3.149999999999999467 ) ;
#468 = FACE_OUTER_BOUND ( 'NONE', #1853, .T. ) ;
#469 = EDGE_LOOP ( 'NONE', ( #2936, #5369, #5483, #4739 ) ) ;
#470 = EDGE_CURVE ( 'NONE', #3296, #1802, #2883, .T. ) ;
#471 = CARTESIAN_POINT ( 'NONE',  ( 0.000000000000000000, -25.39999999999999858, -1.000000000000000000 ) ) ;
#472 = CARTESIAN_POINT ( 'NONE',  ( 2.443394698145822108, -27.38804485590060978, 2.286000000000000032 ) ) ;
#473 = VERTEX_POINT ( 'NONE', #1774 ) ;
#474 = VECTOR ( 'NONE', #693, 999.9999999999998863 ) ;
#475 = ORIENTED_EDGE ( 'NONE', *, *, #5516, .F. ) ;
#476 = ORIENTED_EDGE ( 'NONE', *, *, #563, .F. ) ;
#477 = ORIENTED_EDGE ( 'NONE', *, *, #1209, .F. ) ;
#478 = CARTESIAN_POINT ( 'NONE',  ( 0.5000000000000000000, -22.28993569198320301, 2.286000000000000032 ) ) ;
#479 = AXIS2_PLACEMENT_3D ( 'NONE', #2843, #4720, #4167 ) ;
#480 = DIRECTION ( 'NONE',  ( -0.000000000000000000, -0.000000000000000000, -1.000000000000000000 ) ) ;
#481 = VERTEX_POINT ( 'NONE', #259 ) ;
#482 = CIRCLE ( 'NONE', #2151, 3.150000000000000799 ) ;
#483 = CARTESIAN_POINT ( 'NONE',  ( -8.223832970144352217, -2.580939751330898257, -2.286000000000000032 ) ) ;
#484 = ORIENTED_EDGE ( 'NONE', *, *, #4326, .F. ) ;
#485 = DIRECTION ( 'NONE',  ( -0.000000000000000000, -0.000000000000000000, 1.000000000000000000 ) ) ;
#486 = DIRECTION ( 'NONE',  ( 0.8660254037844387076, 0.5000000000000001110, 0.000000000000000000 ) ) ;
#487 = PLANE ( 'NONE',  #5794 ) ;
#488 = ORIENTED_EDGE ( 'NONE', *, *, #1578, .T. ) ;
#489 = ORIENTED_EDGE ( 'NONE', *, *, #2488, .F. ) ;
#490 = EDGE_CURVE ( 'NONE', #2387, #1910, #5737, .T. ) ;
#491 = ADVANCED_FACE ( 'NONE', ( #5442 ), #3065, .F. ) ;
#492 = EDGE_CURVE ( 'NONE', #3176, #5088, #2140, .T. ) ;
#493 = CARTESIAN_POINT ( 'NONE',  ( 10.49660849440505928, -4.853715275591603984, -2.286000000000000032 ) ) ;
#494 = CARTESIAN_POINT ( 'NONE',  ( -5.249261314031214987, -16.30801270189227736, -1.000000000000000000 ) ) ;
#495 = CARTESIAN_POINT ( 'NONE',  ( -6.432881321217876369, -21.10862396834033916, -2.286000000000000032 ) ) ;
#496 = CARTESIAN_POINT ( 'NONE',  ( -4.179727430306322034E-15, 5.200000000000000178, -1.000000000000000000 ) ) ;
#497 = VERTEX_POINT ( 'NONE', #4482 ) ;
#498 = EDGE_CURVE ( 'NONE', #2945, #720, #5013, .T. ) ;
#499 = PLANE ( 'NONE',  #512 ) ;
#500 = FACE_OUTER_BOUND ( 'NONE', #1823, .T. ) ;
#501 = ORIENTED_EDGE ( 'NONE', *, *, #5423, .T. ) ;
#502 = ORIENTED_EDGE ( 'NONE', *, *, #3574, .T. ) ;
#503 = ORIENTED_EDGE ( 'NONE', *, *, #2986, .F. ) ;
#504 = DIRECTION ( 'NONE',  ( 1.000000000000000000, 0.000000000000000000, 0.000000000000000000 ) ) ;
#505 = EDGE_CURVE ( 'NONE', #473, #3296, #1211, .T. ) ;
#506 = DIRECTION ( 'NONE',  ( -1.000000000000000000, 0.000000000000000000, 0.000000000000000000 ) ) ;
#507 = ORIENTED_EDGE ( 'NONE', *, *, #3852, .F. ) ;
#508 = DIRECTION ( 'NONE',  ( -0.7071067811865474617, -0.7071067811865476838, 0.000000000000000000 ) ) ;
#509 = ORIENTED_EDGE ( 'NONE', *, *, #5516, .T. ) ;
#510 = DIRECTION ( 'NONE',  ( 1.000000000000000000, 0.000000000000000000, 0.000000000000000000 ) ) ;
#511 = CARTESIAN_POINT ( 'NONE',  ( 10.28447646004909366, -4.641583241235638368, 2.286000000000000032 ) ) ;
#512 = AXIS2_PLACEMENT_3D ( 'NONE', #1016, #1920, #4724 ) ;
#513 = LINE ( 'NONE', #5091, #4710 ) ;
#514 = ORIENTED_EDGE ( 'NONE', *, *, #5358, .T. ) ;
#515 = ORIENTED_EDGE ( 'NONE', *, *, #1746, .T. ) ;
#516 = VECTOR ( 'NONE', #3684, 999.9999999999998863 ) ;
#517 = CIRCLE ( 'NONE', #1311, 5.200000000000000178 ) ;
#518 = PLANE ( 'NONE',  #2803 ) ;
#519 = CARTESIAN_POINT ( 'NONE',  ( -11.39474100075572593, -1.261185250188932683, 3.049999999999999822 ) ) ;
#520 = EDGE_CURVE ( 'NONE', #4262, #1047, #2635, .T. ) ;
#521 = FACE_OUTER_BOUND ( 'NONE', #103, .T. ) ;
#522 = CARTESIAN_POINT ( 'NONE',  ( -2.443394698145820776, -23.41195514409938738, -2.286000000000000032 ) ) ;
#523 = EDGE_LOOP ( 'NONE', ( #659, #5403, #3007, #1276, #3863, #4366 ) ) ;
#524 = CYLINDRICAL_SURFACE ( 'NONE', #4658, 3.149999999999999023 ) ;
#525 = CARTESIAN_POINT ( 'NONE',  ( 2.943394698145814115, -11.57798054788380604, -2.286000000000000032 ) ) ;
#526 = ORIENTED_EDGE ( 'NONE', *, *, #5131, .F. ) ;
#527 = EDGE_CURVE ( 'NONE', #4001, #2876, #4981, .T. ) ;
#528 = ORIENTED_EDGE ( 'NONE', *, *, #2908, .F. ) ;
#529 = ORIENTED_EDGE ( 'NONE', *, *, #5099, .T. ) ;
#530 = AXIS2_PLACEMENT_3D ( 'NONE', #433, #2749, #955 ) ;
#531 = DIRECTION ( 'NONE',  ( -1.000000000000000000, -1.365923996832131116E-16, 0.000000000000000000 ) ) ;
#532 = EDGE_CURVE ( 'NONE', #2265, #5263, #4511, .T. ) ;
#533 = VECTOR ( 'NONE', #2202, 1000.000000000000000 ) ;
#534 = FACE_OUTER_BOUND ( 'NONE', #3107, .T. ) ;
#535 = VECTOR ( 'NONE', #2684, 1000.000000000000000 ) ;
#536 = ORIENTED_EDGE ( 'NONE', *, *, #2612, .T. ) ;
#537 = DIRECTION ( 'NONE',  ( 1.000000000000000000, 0.000000000000000000, 0.000000000000000000 ) ) ;
#538 = AXIS2_PLACEMENT_3D ( 'NONE', #3209, #4157, #2371 ) ;
#539 = CARTESIAN_POINT ( 'NONE',  ( -5.044741000755725402, -26.66118525018892882, 1.000000000000000000 ) ) ;
#540 = VECTOR ( 'NONE', #2131, 1000.000000000000000 ) ;
#541 = VERTEX_POINT ( 'NONE', #3621 ) ;
#542 = DIRECTION ( 'NONE',  ( 0.8660254037844362651, -0.5000000000000041078, 0.000000000000000000 ) ) ;
#543 = EDGE_CURVE ( 'NONE', #4121, #3331, #5508, .T. ) ;
#544 = VECTOR ( 'NONE', #4100, 1000.000000000000114 ) ;
#545 = CIRCLE ( 'NONE', #4585, 3.150000000000000355 ) ;
#546 = CARTESIAN_POINT ( 'NONE',  ( 2.443394698145808785, -10.71195514409937033, -1.000000000000000444 ) ) ;
#547 = EDGE_CURVE ( 'NONE', #384, #2355, #2700, .T. ) ;
#548 = LINE ( 'NONE', #2979, #5827 ) ;
#549 = LINE ( 'NONE', #3474, #1265 ) ;
#550 = VERTEX_POINT ( 'NONE', #2298 ) ;
#551 = ORIENTED_EDGE ( 'NONE', *, *, #993, .F. ) ;
#552 = LINE ( 'NONE', #88, #5264 ) ;
#553 =( NAMED_UNIT ( * ) SI_UNIT ( $, .STERADIAN. ) SOLID_ANGLE_UNIT ( ) );
#554 = DIRECTION ( 'NONE',  ( -0.000000000000000000, -0.000000000000000000, -1.000000000000000000 ) ) ;
#555 = LINE ( 'NONE', #5707, #5186 ) ;
#556 = ORIENTED_EDGE ( 'NONE', *, *, #4640, .T. ) ;
#557 = DIRECTION ( 'NONE',  ( -1.000000000000000000, 0.000000000000000000, -0.000000000000000000 ) ) ;
#558 = CARTESIAN_POINT ( 'NONE',  ( 7.584628110303607507, -16.50163681199740751, 1.000000000000000000 ) ) ;
#559 = ORIENTED_EDGE ( 'NONE', *, *, #4530, .F. ) ;
#560 = EDGE_LOOP ( 'NONE', ( #3150, #3982, #1240, #114 ) ) ;
#561 = LINE ( 'NONE', #824, #2975 ) ;
#562 = CARTESIAN_POINT ( 'NONE',  ( -2.443394698145809674, -10.71195514409937033, 2.286000000000000032 ) ) ;
#563 = EDGE_CURVE ( 'NONE', #5674, #3821, #714, .T. ) ;
#564 = DIRECTION ( 'NONE',  ( 0.000000000000000000, 0.000000000000000000, -1.000000000000000000 ) ) ;
#565 = VECTOR ( 'NONE', #2828, 999.9999999999998863 ) ;
#566 = CC_DESIGN_PERSON_AND_ORGANIZATION_ASSIGNMENT ( #1785, #4924, ( #5943 ) ) ;
#567 = ORIENTED_EDGE ( 'NONE', *, *, #4405, .T. ) ;
#568 = DIRECTION ( 'NONE',  ( -0.000000000000000000, -0.000000000000000000, -1.000000000000000000 ) ) ;
#569 = VECTOR ( 'NONE', #5825, 1000.000000000000000 ) ;
#570 = LINE ( 'NONE', #539, #5597 ) ;
#571 = ORIENTED_EDGE ( 'NONE', *, *, #674, .T. ) ;
#572 = EDGE_CURVE ( 'NONE', #497, #3924, #3968, .T. ) ;
#573 = DIRECTION ( 'NONE',  ( 1.000000000000000000, 1.365923996832131116E-16, 0.000000000000000000 ) ) ;
#574 = AXIS2_PLACEMENT_3D ( 'NONE', #728, #2211, #3142 ) ;
#575 = CARTESIAN_POINT ( 'NONE',  ( -0.2499999999999952260, -25.83301270189220844, 1.000000000000000000 ) ) ;
#576 = CARTESIAN_POINT ( 'NONE',  ( 6.350000000000001421, 6.200000000000001066, 3.049999999999999822 ) ) ;
#577 = ORIENTED_EDGE ( 'NONE', *, *, #733, .F. ) ;
#578 = EDGE_LOOP ( 'NONE', ( #163, #2820, #3317, #4265, #2837, #4531, #1324, #4611, #3232, #2088, #3855, #4419, #5154, #1771, #4669, #2266, #3400, #106, #2005, #503, #1893, #28, #1059, #559, #4753, #113, #397, #2949, #4032, #2177, #3139, #2333, #5100, #5108, #5560, #3521, #4728, #1292, #3775, #5656, #2537, #4072, #4237, #4668, #5780, #3211, #1031, #823, #475, #80, #368, #1313, #1065, #1480, #3522, #5993, #2038, #3090, #1268, #1308, #3523, #2367, #2347, #3193, #1539, #354, #87, #2084, #3727 ) ) ;
#579 = DIRECTION ( 'NONE',  ( -0.000000000000000000, -0.000000000000000000, -1.000000000000000000 ) ) ;
#580 = CYLINDRICAL_SURFACE ( 'NONE', #4573, 3.150000000000000799 ) ;
#581 = DIRECTION ( 'NONE',  ( 0.8660254037844361541, 0.5000000000000043299, 0.000000000000000000 ) ) ;
#582 = DIRECTION ( 'NONE',  ( -0.8660254037844395958, -0.4999999999999981681, 0.000000000000000000 ) ) ;
#583 = EDGE_LOOP ( 'NONE', ( #5969, #3274, #5871, #3645 ) ) ;
#584 = CARTESIAN_POINT ( 'NONE',  ( 4.753332099679084877, -27.56698729810777593, 2.286000000000000032 ) ) ;
#585 = DIRECTION ( 'NONE',  ( 1.000000000000000000, 0.000000000000000000, 0.000000000000000000 ) ) ;
#586 = ORIENTED_EDGE ( 'NONE', *, *, #2228, .F. ) ;
#587 = VERTEX_POINT ( 'NONE', #4729 ) ;
#588 = CARTESIAN_POINT ( 'NONE',  ( 0.000000000000000000, 0.5000000000000004441, -1.000000000000000000 ) ) ;
#589 = LINE ( 'NONE', #4757, #3545 ) ;
#590 = CARTESIAN_POINT ( 'NONE',  ( 0.000000000000000000, -25.39999999999999858, -2.286000000000000032 ) ) ;
#591 = CARTESIAN_POINT ( 'NONE',  ( 10.77945120687967950, -3.722344425693128844, 1.000000000000000000 ) ) ;
#592 = AXIS2_PLACEMENT_3D ( 'NONE', #5168, #4266, #2824 ) ;
#593 = ORIENTED_EDGE ( 'NONE', *, *, #4516, .T. ) ;
#594 = EDGE_CURVE ( 'NONE', #1997, #3504, #6034, .T. ) ;
#595 = CARTESIAN_POINT ( 'NONE',  ( 0.000000000000000000, -25.39999999999999858, 3.049999999999999822 ) ) ;
#596 = ADVANCED_FACE ( 'NONE', ( #1345 ), #2388, .T. ) ;
#597 = PLANE ( 'NONE',  #4502 ) ;
#598 = VERTEX_POINT ( 'NONE', #2853 ) ;
#599 = VECTOR ( 'NONE', #1168, 1000.000000000000000 ) ;
#600 = DIRECTION ( 'NONE',  ( -1.000000000000000000, 0.000000000000000000, 0.000000000000000000 ) ) ;
#601 = ORIENTED_EDGE ( 'NONE', *, *, #3436, .T. ) ;
#602 = FACE_OUTER_BOUND ( 'NONE', #2172, .T. ) ;
#603 = EDGE_CURVE ( 'NONE', #5202, #2757, #2762, .T. ) ;
#604 = DIRECTION ( 'NONE',  ( 1.000000000000000000, 0.000000000000000000, 0.000000000000000000 ) ) ;
#605 = CIRCLE ( 'NONE', #808, 3.149999999999999467 ) ;
#606 = ORIENTED_EDGE ( 'NONE', *, *, #5953, .T. ) ;
#607 = ORIENTED_EDGE ( 'NONE', *, *, #4040, .T. ) ;
#608 = DIRECTION ( 'NONE',  ( -0.8660254037844361541, -0.5000000000000043299, 0.000000000000000000 ) ) ;
#609 = CARTESIAN_POINT ( 'NONE',  ( 0.5000000000000000000, -2.100000000000000089, -2.286000000000000032 ) ) ;
#610 = EDGE_CURVE ( 'NONE', #6020, #3894, #1402, .T. ) ;
#611 = VECTOR ( 'NONE', #5028, 1000.000000000000000 ) ;
#612 = CARTESIAN_POINT ( 'NONE',  ( 6.350000000000001421, 5.200000000000001066, -2.286000000000000032 ) ) ;
#613 = LINE ( 'NONE', #1071, #5479 ) ;
#614 = ORIENTED_EDGE ( 'NONE', *, *, #3174, .F. ) ;
#615 = AXIS2_PLACEMENT_3D ( 'NONE', #4901, #4872, #246 ) ;
#616 = LINE ( 'NONE', #584, #5156 ) ;
#617 = CARTESIAN_POINT ( 'NONE',  ( 5.044741000755725402, -26.66118525018893237, -3.049999999999999822 ) ) ;
#618 = ORIENTED_EDGE ( 'NONE', *, *, #3575, .T. ) ;
#619 = EDGE_CURVE ( 'NONE', #4427, #4644, #5110, .T. ) ;
#620 = ORIENTED_EDGE ( 'NONE', *, *, #5246, .T. ) ;
#621 = CYLINDRICAL_SURFACE ( 'NONE', #4844, 2.100000000000000977 ) ;
#622 = CARTESIAN_POINT ( 'NONE',  ( -5.044741000755727178, -26.66118525018892882, -1.000000000000000000 ) ) ;
#623 = EDGE_LOOP ( 'NONE', ( #4715, #1848, #5641, #5826 ) ) ;
#624 = DIRECTION ( 'NONE',  ( 0.000000000000000000, 0.000000000000000000, -1.000000000000000000 ) ) ;
#625 = LINE ( 'NONE', #1025, #5548 ) ;
#626 = ORIENTED_EDGE ( 'NONE', *, *, #543, .F. ) ;
#627 = AXIS2_PLACEMENT_3D ( 'NONE', #595, #3494, #537 ) ;
#628 = LINE ( 'NONE', #3008, #1007 ) ;
#629 = DIRECTION ( 'NONE',  ( 0.8660254037844362651, -0.5000000000000041078, -0.000000000000000000 ) ) ;
#630 = AXIS2_PLACEMENT_3D ( 'NONE', #207, #735, #2092 ) ;
#631 = EDGE_CURVE ( 'NONE', #2252, #5505, #17, .T. ) ;
#632 = FACE_OUTER_BOUND ( 'NONE', #1533, .T. ) ;
#633 = ORIENTED_EDGE ( 'NONE', *, *, #3844, .F. ) ;
#634 = VECTOR ( 'NONE', #3581, 1000.000000000000000 ) ;
#635 = CARTESIAN_POINT ( 'NONE',  ( 5.044741000755725402, -26.66118525018893237, 2.286000000000000032 ) ) ;
#636 = AXIS2_PLACEMENT_3D ( 'NONE', #5546, #4155, #5089 ) ;
#637 = DIRECTION ( 'NONE',  ( 0.000000000000000000, 0.000000000000000000, 1.000000000000000000 ) ) ;
#638 = EDGE_LOOP ( 'NONE', ( #915, #5775 ) ) ;
#639 = ORIENTED_EDGE ( 'NONE', *, *, #414, .F. ) ;
#640 = VECTOR ( 'NONE', #4529, 1000.000000000000000 ) ;
#641 = EDGE_CURVE ( 'NONE', #2374, #4574, #966, .T. ) ;
#642 = CARTESIAN_POINT ( 'NONE',  ( -0.2499999999999990841, -25.83301270189221910, 1.000000000000000000 ) ) ;
#643 = LINE ( 'NONE', #3506, #2106 ) ;
#644 = EDGE_CURVE ( 'NONE', #4480, #4333, #4735, .T. ) ;
#645 = CARTESIAN_POINT ( 'NONE',  ( 0.5000000000000000000, -3.110064308016796897, -2.286000000000000032 ) ) ;
#646 = DIRECTION ( 'NONE',  ( -0.2425356250363330801, -0.9701425001453318764, 0.000000000000000000 ) ) ;
#647 = ORIENTED_EDGE ( 'NONE', *, *, #3447, .T. ) ;
#648 = LINE ( 'NONE', #3511, #1904 ) ;
#649 = CARTESIAN_POINT ( 'NONE',  ( -0.5000000000000000000, -2.100000000000000089, 2.286000000000000032 ) ) ;
#650 = ORIENTED_EDGE ( 'NONE', *, *, #1547, .T. ) ;
#651 = ORIENTED_EDGE ( 'NONE', *, *, #1236, .F. ) ;
#652 = DIRECTION ( 'NONE',  ( 0.5000000000000041078, 0.8660254037844362651, -0.000000000000000000 ) ) ;
#653 = CARTESIAN_POINT ( 'NONE',  ( 0.000000000000000000, 0.000000000000000000, -1.000000000000000000 ) ) ;
#654 = ORIENTED_EDGE ( 'NONE', *, *, #5616, .T. ) ;
#655 = CARTESIAN_POINT ( 'NONE',  ( 5.218629150101526726, 1.838477631085024822, 2.286000000000000032 ) ) ;
#656 = EDGE_CURVE ( 'NONE', #3200, #5694, #4826, .T. ) ;
#657 = DIRECTION ( 'NONE',  ( 0.000000000000000000, 0.000000000000000000, 1.000000000000000000 ) ) ;
#658 = LINE ( 'NONE', #4418, #1620 ) ;
#659 = ORIENTED_EDGE ( 'NONE', *, *, #757, .T. ) ;
#660 = ORIENTED_EDGE ( 'NONE', *, *, #4856, .T. ) ;
#661 = CARTESIAN_POINT ( 'NONE',  ( -3.150000000000000799, -12.69999999999999929, 2.286000000000000032 ) ) ;
#662 = DIRECTION ( 'NONE',  ( 1.000000000000000000, 0.000000000000000000, -0.000000000000000000 ) ) ;
#663 = CARTESIAN_POINT ( 'NONE',  ( 6.350000000000001421, 5.200000000000001066, 3.049999999999999822 ) ) ;
#664 = EDGE_LOOP ( 'NONE', ( #4879, #4346, #3961, #206, #2385, #3639, #4869, #445 ) ) ;
#665 = CARTESIAN_POINT ( 'NONE',  ( -8.930939751330900123, -1.873832970144350352, 2.286000000000000032 ) ) ;
#666 = CIRCLE ( 'NONE', #1255, 3.150000000000000799 ) ;
#667 = CARTESIAN_POINT ( 'NONE',  ( 5.044741000755725402, -26.66118525018893237, -1.000000000000000000 ) ) ;
#668 = ORIENTED_EDGE ( 'NONE', *, *, #1965, .T. ) ;
#669 = ORIENTED_EDGE ( 'NONE', *, *, #1689, .T. ) ;
#670 = CIRCLE ( 'NONE', #2842, 5.200000000000001066 ) ;
#671 = CARTESIAN_POINT ( 'NONE',  ( -3.150000000000000799, -12.69999999999999929, 2.286000000000000032 ) ) ;
#672 = CARTESIAN_POINT ( 'NONE',  ( -9.500000000000001776, 0.000000000000000000, -1.000000000000000000 ) ) ;
#673 = LINE ( 'NONE', #612, #3237 ) ;
#674 = EDGE_CURVE ( 'NONE', #3254, #2665, #5140, .T. ) ;
#675 = EDGE_CURVE ( 'NONE', #965, #5035, #907, .T. ) ;
#676 = VERTEX_POINT ( 'NONE', #2334 ) ;
#677 = EDGE_CURVE ( 'NONE', #5935, #755, #4211, .T. ) ;
#678 = DIRECTION ( 'NONE',  ( -0.000000000000000000, -0.000000000000000000, -1.000000000000000000 ) ) ;
#679 = DIRECTION ( 'NONE',  ( 0.000000000000000000, 0.000000000000000000, 1.000000000000000000 ) ) ;
#680 = ORIENTED_EDGE ( 'NONE', *, *, #5376, .F. ) ;
#681 = CARTESIAN_POINT ( 'NONE',  ( -12.55000000000000071, 0.000000000000000000, -3.049999999999999822 ) ) ;
#682 = LINE ( 'NONE', #3577, #3061 ) ;
#683 = EDGE_CURVE ( 'NONE', #5992, #4001, #2175, .T. ) ;
#684 = CARTESIAN_POINT ( 'NONE',  ( 0.000000000000000000, -12.69999999999999929, 2.286000000000000032 ) ) ;
#685 = CARTESIAN_POINT ( 'NONE',  ( 3.239935691983204524, 0.5000000000000000000, -2.286000000000000032 ) ) ;
#686 = CARTESIAN_POINT ( 'NONE',  ( -11.39474100075572593, -1.261185250188932683, 2.286000000000000032 ) ) ;
#687 = ORIENTED_EDGE ( 'NONE', *, *, #4273, .F. ) ;
#688 = ORIENTED_EDGE ( 'NONE', *, *, #2865, .F. ) ;
#689 = CARTESIAN_POINT ( 'NONE',  ( 0.000000000000000000, -25.39999999999999858, -2.286000000000000032 ) ) ;
#690 = ADVANCED_FACE ( 'NONE', ( #3749 ), #850, .T. ) ;
#691 = CARTESIAN_POINT ( 'NONE',  ( -12.36488350090105648, -1.503720875225263764, 3.049999999999999822 ) ) ;
#692 = CIRCLE ( 'NONE', #696, 3.149999999999999467 ) ;
#693 = DIRECTION ( 'NONE',  ( -0.8660254037844362651, 0.5000000000000041078, 0.000000000000000000 ) ) ;
#694 = VERTEX_POINT ( 'NONE', #4240 ) ;
#695 = CARTESIAN_POINT ( 'NONE',  ( 2.943394698145812782, -11.57798054788380604, 1.000000000000000000 ) ) ;
#696 = AXIS2_PLACEMENT_3D ( 'NONE', #653, #3926, #3837 ) ;
#697 = LINE ( 'NONE', #2180, #1558 ) ;
#698 = ORIENTED_EDGE ( 'NONE', *, *, #4530, .T. ) ;
#699 = PLANE ( 'NONE',  #630 ) ;
#700 = PERSON_AND_ORGANIZATION ( #5559, #4467 ) ;
#701 = CARTESIAN_POINT ( 'NONE',  ( 10.77945120687967950, -3.722344425693128844, -1.000000000000000000 ) ) ;
#702 = DIRECTION ( 'NONE',  ( 1.000000000000000000, 0.000000000000000000, 0.000000000000000000 ) ) ;
#703 = EDGE_LOOP ( 'NONE', ( #4637, #5830, #3051, #383 ) ) ;
#704 = VECTOR ( 'NONE', #3168, 1000.000000000000000 ) ;
#706 = EDGE_CURVE ( 'NONE', #3242, #4084, #5080, .T. ) ;
#705 = CARTESIAN_POINT ( 'NONE',  ( -6.350000000000001421, 0.000000000000000000, 2.286000000000000032 ) ) ;
#707 = DIRECTION ( 'NONE',  ( 0.2425356250363330801, 0.9701425001453318764, 0.000000000000000000 ) ) ;
#708 = ORIENTED_EDGE ( 'NONE', *, *, #543, .T. ) ;
#709 = VECTOR ( 'NONE', #2472, 1000.000000000000000 ) ;
#710 = CARTESIAN_POINT ( 'NONE',  ( 0.000000000000000000, -12.69999999999999929, 2.286000000000000032 ) ) ;
#711 = LINE ( 'NONE', #3123, #1681 ) ;
#712 = ORIENTED_EDGE ( 'NONE', *, *, #4538, .T. ) ;
#713 = AXIS2_PLACEMENT_3D ( 'NONE', #3003, #2627, #2594 ) ;
#714 = CIRCLE ( 'NONE', #1599, 5.199999999999998401 ) ;
#715 = DIRECTION ( 'NONE',  ( 1.000000000000000000, 1.776356839400250465E-15, 0.000000000000000000 ) ) ;
#716 = EDGE_CURVE ( 'NONE', #1910, #446, #2731, .T. ) ;
#717 = VECTOR ( 'NONE', #4642, 1000.000000000000000 ) ;
#718 = CARTESIAN_POINT ( 'NONE',  ( -3.239935691983203636, -0.5000000000000004441, -1.000000000000000000 ) ) ;
#719 = ORIENTED_EDGE ( 'NONE', *, *, #4226, .F. ) ;
#720 = VERTEX_POINT ( 'NONE', #1926 ) ;
#721 = EDGE_CURVE ( 'NONE', #2631, #6055, #302, .T. ) ;
#722 = EDGE_LOOP ( 'NONE', ( #198, #5379 ) ) ;
#723 = DIRECTION ( 'NONE',  ( -0.8660254037844383745, 0.5000000000000003331, 0.000000000000000000 ) ) ;
#724 = LINE ( 'NONE', #3439, #323 ) ;
#725 = DIRECTION ( 'NONE',  ( 0.000000000000000000, 0.000000000000000000, 1.000000000000000000 ) ) ;
#726 = VERTEX_POINT ( 'NONE', #1050 ) ;
#727 = LINE ( 'NONE', #1621, #6023 ) ;
#728 = CARTESIAN_POINT ( 'NONE',  ( 6.350000000000001421, 0.000000000000000000, 3.049999999999999822 ) ) ;
#729 = VECTOR ( 'NONE', #2840, 999.9999999999998863 ) ;
#730 = ORIENTED_EDGE ( 'NONE', *, *, #5920, .T. ) ;
#731 = AXIS2_PLACEMENT_3D ( 'NONE', #892, #4528, #5274 ) ;
#732 = ADVANCED_FACE ( 'NONE', ( #2938 ), #2878, .T. ) ;
#733 = EDGE_CURVE ( 'NONE', #2361, #5213, #2076, .T. ) ;
#734 = VECTOR ( 'NONE', #2756, 1000.000000000000000 ) ;
#735 = DIRECTION ( 'NONE',  ( 1.365923996832131116E-16, -1.000000000000000000, 0.000000000000000000 ) ) ;
#736 = DATE_AND_TIME ( #3147, #1818 ) ;
#737 = VECTOR ( 'NONE', #6067, 1000.000000000000000 ) ;
#738 = DIRECTION ( 'NONE',  ( 1.000000000000000000, 0.000000000000000000, 0.000000000000000000 ) ) ;
#739 = LINE ( 'NONE', #5456, #4312 ) ;
#740 = ORIENTED_EDGE ( 'NONE', *, *, #3093, .T. ) ;
#741 = AXIS2_PLACEMENT_3D ( 'NONE', #2679, #5396, #4494 ) ;
#742 = DIRECTION ( 'NONE',  ( 0.7071067811865476838, 0.7071067811865474617, -0.000000000000000000 ) ) ;
#743 = LINE ( 'NONE', #5495, #3496 ) ;
#744 = VECTOR ( 'NONE', #4340, 1000.000000000000000 ) ;
#745 = ORIENTED_EDGE ( 'NONE', *, *, #1956, .T. ) ;
#746 = DIRECTION ( 'NONE',  ( -1.000000000000000000, 0.000000000000000000, 0.000000000000000000 ) ) ;
#747 = FACE_OUTER_BOUND ( 'NONE', #1705, .T. ) ;
#748 = ORIENTED_EDGE ( 'NONE', *, *, #1449, .T. ) ;
#749 = CARTESIAN_POINT ( 'NONE',  ( 5.044741000755725402, -26.66118525018893237, 3.049999999999999822 ) ) ;
#750 = DIRECTION ( 'NONE',  ( 1.000000000000000000, 0.000000000000000000, 0.000000000000000000 ) ) ;
#751 = CARTESIAN_POINT ( 'NONE',  ( 2.943394698145813670, -13.82201945211619254, 1.000000000000000000 ) ) ;
#752 = VERTEX_POINT ( 'NONE', #2012 ) ;
#753 = ORIENTED_EDGE ( 'NONE', *, *, #4405, .F. ) ;
#754 = ORIENTED_EDGE ( 'NONE', *, *, #4562, .F. ) ;
#755 = VERTEX_POINT ( 'NONE', #3345 ) ;
#756 = DIRECTION ( 'NONE',  ( -0.000000000000000000, -0.000000000000000000, -1.000000000000000000 ) ) ;
#757 = EDGE_CURVE ( 'NONE', #1405, #5136, #589, .T. ) ;
#758 = EDGE_CURVE ( 'NONE', #4503, #3894, #2567, .T. ) ;
#759 = CARTESIAN_POINT ( 'NONE',  ( 0.000000000000000000, 0.000000000000000000, 2.286000000000000032 ) ) ;
#760 = ADVANCED_FACE ( 'NONE', ( #5225 ), #3807, .F. ) ;
#761 = DIRECTION ( 'NONE',  ( -0.000000000000000000, -0.000000000000000000, -1.000000000000000000 ) ) ;
#762 = ORIENTED_EDGE ( 'NONE', *, *, #5450, .T. ) ;
#763 = DIRECTION ( 'NONE',  ( -1.000000000000000000, 0.000000000000000000, 0.000000000000000000 ) ) ;
#764 = CARTESIAN_POINT ( 'NONE',  ( 0.4999999999999998890, -9.589935691983200172, 1.000000000000000000 ) ) ;
#765 = EDGE_CURVE ( 'NONE', #2288, #3578, #692, .T. ) ;
#766 = ORIENTED_EDGE ( 'NONE', *, *, #1907, .F. ) ;
#767 = CARTESIAN_POINT ( 'NONE',  ( 3.239935691983204524, 0.5000000000000000000, 2.286000000000000032 ) ) ;
#768 = CALENDAR_DATE ( 2022, 6, 6 ) ;
#769 = AXIS2_PLACEMENT_3D ( 'NONE', #663, #139, #573 ) ;
#770 = LINE ( 'NONE', #4992, #544 ) ;
#771 = DIRECTION ( 'NONE',  ( 0.7071067811865479058, 0.7071067811865470176, 0.000000000000000000 ) ) ;
#772 = CIRCLE ( 'NONE', #2934, 3.150000000000000799 ) ;
#773 = EDGE_LOOP ( 'NONE', ( #3044, #1559, #3111, #5627, #1014, #2826 ) ) ;
#774 = CARTESIAN_POINT ( 'NONE',  ( -7.332364143057841233, -17.51069268098047971, -2.286000000000000032 ) ) ;
#775 = FACE_OUTER_BOUND ( 'NONE', #1624, .T. ) ;
#776 = VECTOR ( 'NONE', #112, 1000.000000000000000 ) ;
#777 = VERTEX_POINT ( 'NONE', #2536 ) ;
#778 = LINE ( 'NONE', #4532, #5155 ) ;
#779 = DIRECTION ( 'NONE',  ( -0.000000000000000000, -0.000000000000000000, -1.000000000000000000 ) ) ;
#780 = VERTEX_POINT ( 'NONE', #99 ) ;
#781 = DIRECTION ( 'NONE',  ( -1.000000000000000000, 1.022195611122248045E-15, -0.000000000000000000 ) ) ;
#782 = CARTESIAN_POINT ( 'NONE',  ( 2.443394698145819000, -23.41195514409938383, -2.286000000000000032 ) ) ;
#783 = CARTESIAN_POINT ( 'NONE',  ( 5.044741000755725402, -26.66118525018893237, -2.286000000000000032 ) ) ;
#784 = ORIENTED_EDGE ( 'NONE', *, *, #1928, .F. ) ;
#785 = ORIENTED_EDGE ( 'NONE', *, *, #5872, .T. ) ;
#786 = VERTEX_POINT ( 'NONE', #5807 ) ;
#787 = FACE_OUTER_BOUND ( 'NONE', #578, .T. ) ;
#788 = CARTESIAN_POINT ( 'NONE',  ( -6.350000000000001421, 5.199999999999998401, -1.000000000000000000 ) ) ;
#789 = ORIENTED_EDGE ( 'NONE', *, *, #5461, .T. ) ;
#790 = EDGE_CURVE ( 'NONE', #5626, #3415, #5778, .T. ) ;
#791 = DIRECTION ( 'NONE',  ( 0.4999999999999982236, -0.8660254037844397068, 0.000000000000000000 ) ) ;
#792 = DIRECTION ( 'NONE',  ( -0.000000000000000000, -0.000000000000000000, -1.000000000000000000 ) ) ;
#793 = ORIENTED_EDGE ( 'NONE', *, *, #5894, .F. ) ;
#794 = CARTESIAN_POINT ( 'NONE',  ( -9.806086401974784650, -7.615803645312696268, -2.286000000000000032 ) ) ;
#795 = CARTESIAN_POINT ( 'NONE',  ( 0.000000000000000000, 0.000000000000000000, 0.000000000000000000 ) ) ;
#796 = EDGE_CURVE ( 'NONE', #4846, #2822, #2911, .T. ) ;
#797 = VECTOR ( 'NONE', #5287, 1000.000000000000000 ) ;
#798 = CARTESIAN_POINT ( 'NONE',  ( 2.443394698145820332, -23.41195514409938383, 2.286000000000000032 ) ) ;
#799 = CARTESIAN_POINT ( 'NONE',  ( -7.584628110303605730, -16.50163681199741461, 2.286000000000000032 ) ) ;
#800 = EDGE_LOOP ( 'NONE', ( #69, #529, #2236, #4960, #4682, #2960, #3041, #160, #785, #1425, #4588, #3933, #2632, #1948, #1078, #5475, #1089, #4108, #2543, #2470, #3163, #2339, #4499, #5123, #3166, #3860, #4520, #1601, #6081, #3587, #3585, #2984, #1005, #2139, #1899, #618, #275, #4854, #3747, #4932, #5892, #1006, #5009, #3649, #5467, #817, #5193, #2728, #5067, #65, #387, #4732, #421, #3356, #4328, #1704, #1841, #1663, #287, #5727, #5361, #1269, #4019, #3569, #1679, #5078, #1887, #2550, #5726 ) ) ;
#801 = CYLINDRICAL_SURFACE ( 'NONE', #4554, 3.150000000000000799 ) ;
#802 = DIRECTION ( 'NONE',  ( -1.000000000000000000, 0.000000000000000000, 0.000000000000000000 ) ) ;
#803 = DIRECTION ( 'NONE',  ( -0.000000000000000000, -0.000000000000000000, -1.000000000000000000 ) ) ;
#804 = EDGE_CURVE ( 'NONE', #1988, #2533, #4147, .T. ) ;
#805 = PLANE ( 'NONE',  #1897 ) ;
#806 = DIRECTION ( 'NONE',  ( 1.000000000000000000, 0.000000000000000000, -0.000000000000000000 ) ) ;
#807 = EDGE_LOOP ( 'NONE', ( #2187, #5800, #3906, #321 ) ) ;
#808 = AXIS2_PLACEMENT_3D ( 'NONE', #1280, #5388, #2210 ) ;
#809 = EDGE_CURVE ( 'NONE', #1047, #3254, #4785, .T. ) ;
#810 = FACE_OUTER_BOUND ( 'NONE', #3754, .T. ) ;
#811 = LINE ( 'NONE', #2694, #1922 ) ;
#812 = EDGE_CURVE ( 'NONE', #4610, #1463, #1077, .T. ) ;
#813 = CARTESIAN_POINT ( 'NONE',  ( -6.350000000000001421, 5.199999999999998401, 1.000000000000000000 ) ) ;
#814 = AXIS2_PLACEMENT_3D ( 'NONE', #4627, #838, #866 ) ;
#815 = EDGE_LOOP ( 'NONE', ( #2498, #4875, #745, #1279, #5915, #3541, #4210, #4734, #2502, #197, #5625, #136 ) ) ;
#816 = EDGE_LOOP ( 'NONE', ( #5926, #5227, #5567, #228 ) ) ;
#817 = ORIENTED_EDGE ( 'NONE', *, *, #5624, .T. ) ;
#818 = ORIENTED_EDGE ( 'NONE', *, *, #3660, .F. ) ;
#819 = CARTESIAN_POINT ( 'NONE',  ( -2.100000000000000977, -12.69999999999999929, 1.000000000000000000 ) ) ;
#820 = AXIS2_PLACEMENT_3D ( 'NONE', #4944, #1277, #723 ) ;
#821 = AXIS2_PLACEMENT_3D ( 'NONE', #37, #2961, #4751 ) ;
#822 = CARTESIAN_POINT ( 'NONE',  ( -3.150000000000000799, -12.69999999999999929, 1.000000000000000000 ) ) ;
#823 = ORIENTED_EDGE ( 'NONE', *, *, #2191, .F. ) ;
#824 = CARTESIAN_POINT ( 'NONE',  ( 1.568653347947315924, -11.21698729810777273, -2.286000000000000032 ) ) ;
#825 = CARTESIAN_POINT ( 'NONE',  ( -6.350000000000001421, 0.000000000000000000, 2.286000000000000032 ) ) ;
#826 = EDGE_LOOP ( 'NONE', ( #1283, #1298, #3471, #1107, #4174, #1568 ) ) ;
#827 = CARTESIAN_POINT ( 'NONE',  ( 2.443394698145820332, -23.41195514409938383, 2.286000000000000032 ) ) ;
#828 = AXIS2_PLACEMENT_3D ( 'NONE', #3935, #1615, #1555 ) ;
#829 = CARTESIAN_POINT ( 'NONE',  ( -0.5000000000000000000, -3.110064308016796897, -1.000000000000000000 ) ) ;
#830 = DIRECTION ( 'NONE',  ( -0.000000000000000000, -0.000000000000000000, -1.000000000000000000 ) ) ;
#831 = VERTEX_POINT ( 'NONE', #4349 ) ;
#832 = EDGE_LOOP ( 'NONE', ( #4989, #2253, #5680, #2386, #52, #429 ) ) ;
#833 = EDGE_CURVE ( 'NONE', #4786, #1380, #4925, .T. ) ;
#834 = EDGE_CURVE ( 'NONE', #1761, #1571, #3459, .T. ) ;
#835 = CIRCLE ( 'NONE', #1821, 3.149999999999999911 ) ;
#836 = DIRECTION ( 'NONE',  ( 1.000000000000000000, 8.881784197001252323E-16, 0.000000000000000000 ) ) ;
#837 = DIRECTION ( 'NONE',  ( 0.000000000000000000, 0.000000000000000000, 1.000000000000000000 ) ) ;
#838 = DIRECTION ( 'NONE',  ( 0.000000000000000000, 0.000000000000000000, 1.000000000000000000 ) ) ;
#839 = CIRCLE ( 'NONE', #5665, 3.150000000000000799 ) ;
#840 = LINE ( 'NONE', #2324, #107 ) ;
#841 = ORIENTED_EDGE ( 'NONE', *, *, #3830, .F. ) ;
#842 = VECTOR ( 'NONE', #3454, 1000.000000000000000 ) ;
#843 = DIRECTION ( 'NONE',  ( -0.000000000000000000, -0.000000000000000000, -1.000000000000000000 ) ) ;
#844 = CARTESIAN_POINT ( 'NONE',  ( 0.000000000000000000, -12.69999999999999929, -1.000000000000000000 ) ) ;
#845 = LINE ( 'NONE', #873, #4581 ) ;
#846 = ORIENTED_EDGE ( 'NONE', *, *, #5873, .T. ) ;
#847 = EDGE_LOOP ( 'NONE', ( #846, #4647, #5500, #4232 ) ) ;
#848 = ORIENTED_EDGE ( 'NONE', *, *, #1577, .F. ) ;
#849 = VERTEX_POINT ( 'NONE', #622 ) ;
#850 = CYLINDRICAL_SURFACE ( 'NONE', #102, 3.149999999999999023 ) ;
#851 = CARTESIAN_POINT ( 'NONE',  ( 6.014883500901057722, -26.90372087522526456, 1.000000000000000000 ) ) ;
#852 = VERTEX_POINT ( 'NONE', #1109 ) ;
#853 = DIRECTION ( 'NONE',  ( 0.000000000000000000, 0.000000000000000000, -1.000000000000000000 ) ) ;
#854 = DIRECTION ( 'NONE',  ( 1.000000000000000000, 0.000000000000000000, 0.000000000000000000 ) ) ;
#855 = ORIENTED_EDGE ( 'NONE', *, *, #2275, .F. ) ;
#856 = LINE ( 'NONE', #2741, #4476 ) ;
#857 = CARTESIAN_POINT ( 'NONE',  ( -2.443394698145808785, -14.68804485590063003, 1.000000000000000000 ) ) ;
#858 = LINE ( 'NONE', #3819, #3336 ) ;
#859 = ORIENTED_EDGE ( 'NONE', *, *, #5092, .F. ) ;
#860 = VERTEX_POINT ( 'NONE', #5345 ) ;
#861 = CIRCLE ( 'NONE', #4997, 3.149999999999999911 ) ;
#862 = CYLINDRICAL_SURFACE ( 'NONE', #1919, 2.100000000000000089 ) ;
#863 = CARTESIAN_POINT ( 'NONE',  ( 2.545584412271570951, 6.200000000000001954, 2.286000000000000032 ) ) ;
#864 = EDGE_CURVE ( 'NONE', #1454, #4177, #4878, .T. ) ;
#865 = EDGE_CURVE ( 'NONE', #2664, #1583, #1484, .T. ) ;
#866 = DIRECTION ( 'NONE',  ( 1.000000000000000000, 0.000000000000000000, 0.000000000000000000 ) ) ;
#867 = PLANE ( 'NONE',  #3997 ) ;
#868 = AXIS2_PLACEMENT_3D ( 'NONE', #5968, #261, #1180 ) ;
#869 = VERTEX_POINT ( 'NONE', #1981 ) ;
#870 = VECTOR ( 'NONE', #5678, 1000.000000000000227 ) ;
#871 = LINE ( 'NONE', #5102, #5349 ) ;
#872 = DIRECTION ( 'NONE',  ( -0.000000000000000000, -0.000000000000000000, -1.000000000000000000 ) ) ;
#873 = CARTESIAN_POINT ( 'NONE',  ( -8.902700952718200611, -1.845594171531650618, 2.286000000000000032 ) ) ;
#874 = EDGE_LOOP ( 'NONE', ( #2668, #1824, #5045, #4076 ) ) ;
#875 = EDGE_CURVE ( 'NONE', #3280, #726, #2670, .T. ) ;
#876 = ORIENTED_EDGE ( 'NONE', *, *, #386, .F. ) ;
#877 = ORIENTED_EDGE ( 'NONE', *, *, #3889, .F. ) ;
#878 = VERTEX_POINT ( 'NONE', #2688 ) ;
#879 = DIRECTION ( 'NONE',  ( 0.8660254037844363761, -0.5000000000000038858, 0.000000000000000000 ) ) ;
#880 = DIRECTION ( 'NONE',  ( 0.000000000000000000, 0.000000000000000000, 1.000000000000000000 ) ) ;
#881 = ORIENTED_EDGE ( 'NONE', *, *, #2673, .T. ) ;
#882 = EDGE_CURVE ( 'NONE', #936, #903, #5832, .T. ) ;
#883 = DIRECTION ( 'NONE',  ( 1.000000000000000000, 1.652117596168387361E-15, 0.000000000000000000 ) ) ;
#884 = LINE ( 'NONE', #3234, #3517 ) ;
#885 = ORIENTED_EDGE ( 'NONE', *, *, #765, .F. ) ;
#886 = DIRECTION ( 'NONE',  ( 0.2425356250363329691, -0.9701425001453319874, 0.000000000000000000 ) ) ;
#887 = EDGE_CURVE ( 'NONE', #1712, #5411, #1141, .T. ) ;
#888 = CARTESIAN_POINT ( 'NONE',  ( 8.902700952718200611, -1.845594171531649730, 1.000000000000000000 ) ) ;
#889 = DIRECTION ( 'NONE',  ( -0.000000000000000000, -0.000000000000000000, -1.000000000000000000 ) ) ;
#890 = ORIENTED_EDGE ( 'NONE', *, *, #1817, .F. ) ;
#891 = ORIENTED_EDGE ( 'NONE', *, *, #2485, .F. ) ;
#892 = CARTESIAN_POINT ( 'NONE',  ( 0.000000000000000000, -12.69999999999999929, 2.286000000000000032 ) ) ;
#893 = DIRECTION ( 'NONE',  ( -0.000000000000000000, -0.000000000000000000, -1.000000000000000000 ) ) ;
#894 = LINE ( 'NONE', #3310, #1196 ) ;
#895 = DIRECTION ( 'NONE',  ( -0.8660254037844361541, -0.5000000000000043299, 0.000000000000000000 ) ) ;
#896 = VERTEX_POINT ( 'NONE', #3543 ) ;
#897 = AXIS2_PLACEMENT_3D ( 'NONE', #4662, #5160, #2814 ) ;
#898 = EDGE_CURVE ( 'NONE', #923, #2271, #5911, .T. ) ;
#899 = CARTESIAN_POINT ( 'NONE',  ( 9.806086401974788203, -7.615803645312690939, 1.000000000000000000 ) ) ;
#900 = CARTESIAN_POINT ( 'NONE',  ( 5.218629150101526726, 1.838477631085024822, -2.286000000000000032 ) ) ;
#901 = PLANE ( 'NONE',  #444 ) ;
#902 = ORIENTED_EDGE ( 'NONE', *, *, #3350, .F. ) ;
#903 = VERTEX_POINT ( 'NONE', #5497 ) ;
#904 = ORIENTED_EDGE ( 'NONE', *, *, #5169, .F. ) ;
#905 = VERTEX_POINT ( 'NONE', #1607 ) ;
#906 = VECTOR ( 'NONE', #2669, 1000.000000000000227 ) ;
#907 = LINE ( 'NONE', #5535, #3948 ) ;
#908 = ADVANCED_FACE ( 'NONE', ( #747 ), #3487, .F. ) ;
#909 = CARTESIAN_POINT ( 'NONE',  ( 0.000000000000000000, -25.39999999999999858, 1.000000000000000000 ) ) ;
#910 = EDGE_CURVE ( 'NONE', #2492, #3221, #711, .T. ) ;
#911 = ORIENTED_EDGE ( 'NONE', *, *, #4779, .T. ) ;
#912 = CARTESIAN_POINT ( 'NONE',  ( 0.000000000000000000, -12.69999999999999929, -1.000000000000000000 ) ) ;
#913 = LINE ( 'NONE', #1315, #565 ) ;
#914 = AXIS2_PLACEMENT_3D ( 'NONE', #4843, #1511, #3486 ) ;
#915 = ORIENTED_EDGE ( 'NONE', *, *, #4858, .F. ) ;
#916 = VECTOR ( 'NONE', #66, 1000.000000000000000 ) ;
#917 = CARTESIAN_POINT ( 'NONE',  ( -3.239935691983203636, 0.5000000000000004441, -1.000000000000000000 ) ) ;
#918 = CIRCLE ( 'NONE', #1206, 3.150000000000000355 ) ;
#919 = CARTESIAN_POINT ( 'NONE',  ( -6.350000000000001421, 5.199999999999998401, 3.049999999999999822 ) ) ;
#920 = CARTESIAN_POINT ( 'NONE',  ( 0.000000000000000000, -25.39999999999999858, -1.000000000000000000 ) ) ;
#921 = ADVANCED_FACE ( 'NONE', ( #2197 ), #5378, .F. ) ;
#922 = ORIENTED_EDGE ( 'NONE', *, *, #1466, .F. ) ;
#923 = VERTEX_POINT ( 'NONE', #2071 ) ;
#924 = CYLINDRICAL_SURFACE ( 'NONE', #3205, 3.150000000000000799 ) ;
#925 = AXIS2_PLACEMENT_3D ( 'NONE', #1051, #4790, #3962 ) ;
#926 = DIRECTION ( 'NONE',  ( -0.2425356250363329691, 0.9701425001453319874, 0.000000000000000000 ) ) ;
#927 = DIRECTION ( 'NONE',  ( -0.5000000000000041078, -0.8660254037844362651, 0.000000000000000000 ) ) ;
#928 = DIRECTION ( 'NONE',  ( 0.000000000000000000, 0.000000000000000000, -1.000000000000000000 ) ) ;
#929 = ORIENTED_EDGE ( 'NONE', *, *, #1, .T. ) ;
#930 = VECTOR ( 'NONE', #4034, 1000.000000000000000 ) ;
#931 = DIRECTION ( 'NONE',  ( -0.000000000000000000, -0.000000000000000000, -1.000000000000000000 ) ) ;
#932 = DIRECTION ( 'NONE',  ( -0.000000000000000000, 1.000000000000000000, 0.000000000000000000 ) ) ;
#933 = VECTOR ( 'NONE', #4442, 1000.000000000000000 ) ;
#934 = VERTEX_POINT ( 'NONE', #191 ) ;
#935 = ORIENTED_EDGE ( 'NONE', *, *, #5189, .F. ) ;
#936 = VERTEX_POINT ( 'NONE', #3953 ) ;
#937 = EDGE_LOOP ( 'NONE', ( #2963, #6047, #2994, #5440 ) ) ;
#938 = VECTOR ( 'NONE', #4990, 1000.000000000000000 ) ;
#939 = CARTESIAN_POINT ( 'NONE',  ( 0.000000000000000000, -12.69999999999999929, 2.286000000000000032 ) ) ;
#940 = AXIS2_PLACEMENT_3D ( 'NONE', #3181, #2622, #5462 ) ;
#941 = CARTESIAN_POINT ( 'NONE',  ( -0.5000000000000000000, -9.589935691983200172, 2.286000000000000032 ) ) ;
#942 = ORIENTED_EDGE ( 'NONE', *, *, #4066, .T. ) ;
#943 = ADVANCED_FACE ( 'NONE', ( #282 ), #3029, .T. ) ;
#944 = EDGE_CURVE ( 'NONE', #3177, #3394, #682, .T. ) ;
#945 = PLANE ( 'NONE',  #5106 ) ;
#946 = CARTESIAN_POINT ( 'NONE',  ( -7.332364143057839456, -17.51069268098047971, 2.286000000000000032 ) ) ;
#947 = EDGE_CURVE ( 'NONE', #4084, #5776, #1640, .T. ) ;
#948 = CARTESIAN_POINT ( 'NONE',  ( 5.421010862427522170E-16, 5.068629150101527259, -3.050999999999999712 ) ) ;
#949 = FACE_OUTER_BOUND ( 'NONE', #3848, .T. ) ;
#950 = ADVANCED_FACE ( 'NONE', ( #5405 ), #4437, .T. ) ;
#951 = DIRECTION ( 'NONE',  ( 0.000000000000000000, 0.000000000000000000, 1.000000000000000000 ) ) ;
#952 = ORIENTED_EDGE ( 'NONE', *, *, #610, .F. ) ;
#953 = ORIENTED_EDGE ( 'NONE', *, *, #344, .T. ) ;
#954 = DIRECTION ( 'NONE',  ( -0.2425356250363330801, -0.9701425001453318764, 0.000000000000000000 ) ) ;
#955 = DIRECTION ( 'NONE',  ( -0.7071067811865476838, -0.7071067811865474617, 0.000000000000000000 ) ) ;
#956 = LINE ( 'NONE', #5706, #3525 ) ;
#957 = DIRECTION ( 'NONE',  ( -0.000000000000000000, -0.000000000000000000, -1.000000000000000000 ) ) ;
#958 = ORIENTED_EDGE ( 'NONE', *, *, #490, .T. ) ;
#959 = AXIS2_PLACEMENT_3D ( 'NONE', #3870, #4327, #5692 ) ;
#960 = DIRECTION ( 'NONE',  ( -1.000000000000000000, 0.000000000000000000, 0.000000000000000000 ) ) ;
#961 = DIRECTION ( 'NONE',  ( -0.000000000000000000, -0.000000000000000000, -1.000000000000000000 ) ) ;
#962 = ORIENTED_EDGE ( 'NONE', *, *, #3752, .F. ) ;
#963 = VECTOR ( 'NONE', #1678, 1000.000000000000000 ) ;
#964 = ORIENTED_EDGE ( 'NONE', *, *, #39, .F. ) ;
#965 = VERTEX_POINT ( 'NONE', #252 ) ;
#966 = LINE ( 'NONE', #6024, #3266 ) ;
#967 = AXIS2_PLACEMENT_3D ( 'NONE', #5278, #4339, #5368 ) ;
#968 = DIRECTION ( 'NONE',  ( 1.000000000000000000, 0.000000000000000000, 0.000000000000000000 ) ) ;
#969 = EDGE_LOOP ( 'NONE', ( #2656, #5000, #5553, #1845, #5341 ) ) ;
#970 = VECTOR ( 'NONE', #4890, 1000.000000000000000 ) ;
#971 = DIRECTION ( 'NONE',  ( -0.000000000000000000, -0.000000000000000000, -1.000000000000000000 ) ) ;
#972 = LINE ( 'NONE', #3904, #4365 ) ;
#973 = EDGE_CURVE ( 'NONE', #3287, #3451, #1482, .T. ) ;
#974 = FACE_OUTER_BOUND ( 'NONE', #5271, .T. ) ;
#975 = DIRECTION ( 'NONE',  ( -0.5000000000000045519, 0.8660254037844361541, 0.000000000000000000 ) ) ;
#976 = CARTESIAN_POINT ( 'NONE',  ( -3.239935691983203636, 0.5000000000000000000, 2.286000000000000032 ) ) ;
#977 = ORIENTED_EDGE ( 'NONE', *, *, #4598, .T. ) ;
#978 = VERTEX_POINT ( 'NONE', #2134 ) ;
#979 = ADVANCED_FACE ( 'NONE', ( #3089 ), #4968, .T. ) ;
#980 = CARTESIAN_POINT ( 'NONE',  ( 6.350000000000001421, 0.000000000000000000, -1.000000000000000000 ) ) ;
#981 = DIRECTION ( 'NONE',  ( -0.000000000000000000, -0.000000000000000000, -1.000000000000000000 ) ) ;
#982 = EDGE_CURVE ( 'NONE', #2330, #3070, #2163, .T. ) ;
#983 = DIRECTION ( 'NONE',  ( -0.000000000000000000, -0.000000000000000000, -1.000000000000000000 ) ) ;
#984 = DIRECTION ( 'NONE',  ( 0.000000000000000000, 0.000000000000000000, -1.000000000000000000 ) ) ;
#985 = ORIENTED_EDGE ( 'NONE', *, *, #1013, .F. ) ;
#986 = LINE ( 'NONE', #2872, #3179 ) ;
#987 = LINE ( 'NONE', #472, #2514 ) ;
#988 = ORIENTED_EDGE ( 'NONE', *, *, #603, .F. ) ;
#989 = ORIENTED_EDGE ( 'NONE', *, *, #5747, .T. ) ;
#990 = ORIENTED_EDGE ( 'NONE', *, *, #2046, .F. ) ;
#991 = CARTESIAN_POINT ( 'NONE',  ( -0.5000000000000000000, -25.39999999999999858, 1.000000000000000000 ) ) ;
#992 = EDGE_CURVE ( 'NONE', #4439, #936, #1888, .T. ) ;
#993 = EDGE_CURVE ( 'NONE', #4928, #2330, #3756, .T. ) ;
#994 = DIRECTION ( 'NONE',  ( -0.000000000000000000, -0.000000000000000000, -1.000000000000000000 ) ) ;
#995 = ORIENTED_EDGE ( 'NONE', *, *, #5691, .T. ) ;
#996 = CYLINDRICAL_SURFACE ( 'NONE', #1913, 3.150000000000000799 ) ;
#997 = FACE_OUTER_BOUND ( 'NONE', #3612, .T. ) ;
#998 = ORIENTED_EDGE ( 'NONE', *, *, #2754, .F. ) ;
#999 = CARTESIAN_POINT ( 'NONE',  ( 0.000000000000000000, -25.39999999999999858, 1.000000000000000000 ) ) ;
#1000 = FACE_OUTER_BOUND ( 'NONE', #2203, .T. ) ;
#1001 = VECTOR ( 'NONE', #3738, 1000.000000000000227 ) ;
#1002 = LINE ( 'NONE', #4277, #1591 ) ;
#1003 = VECTOR ( 'NONE', #2499, 1000.000000000000000 ) ;
#1004 = DIRECTION ( 'NONE',  ( -0.2425356250363330801, -0.9701425001453318764, 0.000000000000000000 ) ) ;
#1005 = ORIENTED_EDGE ( 'NONE', *, *, #2454, .T. ) ;
#1006 = ORIENTED_EDGE ( 'NONE', *, *, #4421, .T. ) ;
#1007 = VECTOR ( 'NONE', #2884, 1000.000000000000000 ) ;
#1008 = CIRCLE ( 'NONE', #3971, 3.150000000000000355 ) ;
#1009 = DIRECTION ( 'NONE',  ( -0.000000000000000000, -0.000000000000000000, -1.000000000000000000 ) ) ;
#1010 = DIRECTION ( 'NONE',  ( 1.000000000000000000, 0.000000000000000000, 0.000000000000000000 ) ) ;
#1011 = CARTESIAN_POINT ( 'NONE',  ( -2.443394698145824329, -27.38804485590060267, -1.000000000000000444 ) ) ;
#1012 = CARTESIAN_POINT ( 'NONE',  ( 1.131370849898473807, 6.200000000000001066, -3.049999999999999822 ) ) ;
#1013 = EDGE_CURVE ( 'NONE', #3897, #1398, #3739, .T. ) ;
#1014 = ORIENTED_EDGE ( 'NONE', *, *, #2445, .T. ) ;
#1015 = EDGE_CURVE ( 'NONE', #2157, #1842, #1362, .T. ) ;
#1016 = CARTESIAN_POINT ( 'NONE',  ( 6.350000000000001421, 5.200000000000001066, 3.049999999999999822 ) ) ;
#1017 = CARTESIAN_POINT ( 'NONE',  ( -4.250000000000000000, -0.5000000000000000000, -2.286000000000000032 ) ) ;
#1018 = ORIENTED_EDGE ( 'NONE', *, *, #982, .T. ) ;
#1019 = ORIENTED_EDGE ( 'NONE', *, *, #1907, .T. ) ;
#1020 = CARTESIAN_POINT ( 'NONE',  ( -10.77945120687967773, -3.722344425693126180, -2.286000000000000032 ) ) ;
#1021 = DIRECTION ( 'NONE',  ( 0.000000000000000000, 0.000000000000000000, 1.000000000000000000 ) ) ;
#1022 = EDGE_CURVE ( 'NONE', #3616, #1867, #840, .T. ) ;
#1023 = VECTOR ( 'NONE', #2839, 999.9999999999998863 ) ;
#1024 = VECTOR ( 'NONE', #4540, 1000.000000000000000 ) ;
#1025 = CARTESIAN_POINT ( 'NONE',  ( 8.930939751330900123, -1.873832970144350352, 2.286000000000000032 ) ) ;
#1026 = CIRCLE ( 'NONE', #1118, 6.199999999999999289 ) ;
#1027 = ORIENTED_EDGE ( 'NONE', *, *, #3291, .T. ) ;
#1028 = CARTESIAN_POINT ( 'NONE',  ( -5.218629150101524061, 1.838477631085023267, -2.286000000000000032 ) ) ;
#1029 = DIRECTION ( 'NONE',  ( -1.000000000000000000, 0.000000000000000000, 0.000000000000000000 ) ) ;
#1030 = AXIS2_PLACEMENT_3D ( 'NONE', #1479, #3365, #4781 ) ;
#1031 = ORIENTED_EDGE ( 'NONE', *, *, #1335, .F. ) ;
#1032 = CARTESIAN_POINT ( 'NONE',  ( 3.239935691983204524, 0.5000000000000000000, -1.000000000000000444 ) ) ;
#1033 = AXIS2_PLACEMENT_3D ( 'NONE', #1831, #402, #436 ) ;
#1034 = AXIS2_PLACEMENT_3D ( 'NONE', #3335, #6044, #2320 ) ;
#1035 = CARTESIAN_POINT ( 'NONE',  ( 1.969604420978331824E-16, 3.654415587728431447, 3.049999999999999822 ) ) ;
#1036 = LINE ( 'NONE', #2924, #5888 ) ;
#1037 = EDGE_LOOP ( 'NONE', ( #3386, #4798 ) ) ;
#1038 = EDGE_LOOP ( 'NONE', ( #3416, #2816, #3294, #4367 ) ) ;
#1039 = FACE_OUTER_BOUND ( 'NONE', #5532, .T. ) ;
#1040 = LINE ( 'NONE', #2928, #236 ) ;
#1041 = CYLINDRICAL_SURFACE ( 'NONE', #2745, 3.149999999999999467 ) ;
#1042 = DIRECTION ( 'NONE',  ( 1.000000000000000000, 0.000000000000000000, 0.000000000000000000 ) ) ;
#1044 = EDGE_CURVE ( 'NONE', #5689, #2587, #5191, .T. ) ;
#1043 = FACE_OUTER_BOUND ( 'NONE', #523, .T. ) ;
#1045 = EDGE_CURVE ( 'NONE', #1355, #5362, #4539, .T. ) ;
#1046 = LINE ( 'NONE', #213, #2420 ) ;
#1047 = VERTEX_POINT ( 'NONE', #5527 ) ;
#1048 = ORIENTED_EDGE ( 'NONE', *, *, #2168, .T. ) ;
#1049 = CARTESIAN_POINT ( 'NONE',  ( 3.797299047281804008, 1.845594171531652172, 1.000000000000000000 ) ) ;
#1050 = CARTESIAN_POINT ( 'NONE',  ( 3.797299047281804008, 1.845594171531652172, -1.000000000000000000 ) ) ;
#1051 = CARTESIAN_POINT ( 'NONE',  ( 0.000000000000000000, -25.39999999999999858, 1.000000000000000000 ) ) ;
#1052 = DIRECTION ( 'NONE',  ( 0.000000000000000000, 0.000000000000000000, 1.000000000000000000 ) ) ;
#1053 = ADVANCED_FACE ( 'NONE', ( #3279 ), #5066, .T. ) ;
#1054 = AXIS2_PLACEMENT_3D ( 'NONE', #2368, #5087, #854 ) ;
#1055 = ORIENTED_EDGE ( 'NONE', *, *, #3927, .F. ) ;
#1056 = FACE_OUTER_BOUND ( 'NONE', #2570, .T. ) ;
#1057 = VECTOR ( 'NONE', #4065, 1000.000000000000000 ) ;
#1058 = CARTESIAN_POINT ( 'NONE',  ( 0.000000000000000000, -25.39999999999999858, 3.049999999999999822 ) ) ;
#1059 = ORIENTED_EDGE ( 'NONE', *, *, #4446, .T. ) ;
#1060 = CARTESIAN_POINT ( 'NONE',  ( -7.584628110303603954, -16.50163681199741461, -1.000000000000000000 ) ) ;
#1061 = EDGE_CURVE ( 'NONE', #4471, #16, #5590, .T. ) ;
#1062 = CARTESIAN_POINT ( 'NONE',  ( -8.195594171531652705, -2.552700952718198746, -1.000000000000000000 ) ) ;
#1063 = CARTESIAN_POINT ( 'NONE',  ( -1.545584412271568509, 5.200000000000000178, 3.049999999999999822 ) ) ;
#1064 = ORIENTED_EDGE ( 'NONE', *, *, #1093, .T. ) ;
#1065 = ORIENTED_EDGE ( 'NONE', *, *, #716, .F. ) ;
#1066 = ADVANCED_FACE ( 'NONE', ( #468 ), #2354, .T. ) ;
#1067 = EDGE_CURVE ( 'NONE', #4842, #2665, #5983, .T. ) ;
#1068 = DIRECTION ( 'NONE',  ( -0.2425356250363329691, 0.9701425001453319874, 0.000000000000000000 ) ) ;
#1069 = LINE ( 'NONE', #609, #1512 ) ;
#1070 = CARTESIAN_POINT ( 'NONE',  ( -6.350000000000001421, 0.000000000000000000, 2.286000000000000032 ) ) ;
#1071 = CARTESIAN_POINT ( 'NONE',  ( 5.044741000755725402, -26.66118525018893237, -1.000000000000000000 ) ) ;
#1072 = LINE ( 'NONE', #5310, #1003 ) ;
#1073 = DIRECTION ( 'NONE',  ( 0.000000000000000000, -1.000000000000000000, 0.000000000000000000 ) ) ;
#1074 = ORIENTED_EDGE ( 'NONE', *, *, #4343, .F. ) ;
#1075 = ORIENTED_EDGE ( 'NONE', *, *, #5114, .T. ) ;
#1076 = DIRECTION ( 'NONE',  ( -0.000000000000000000, -0.000000000000000000, -1.000000000000000000 ) ) ;
#1077 = LINE ( 'NONE', #562, #4143 ) ;
#1078 = ORIENTED_EDGE ( 'NONE', *, *, #1625, .F. ) ;
#1079 = DIRECTION ( 'NONE',  ( -1.000000000000000000, 0.000000000000000000, 0.000000000000000000 ) ) ;
#1080 = EDGE_CURVE ( 'NONE', #3367, #2606, #2287, .T. ) ;
#1081 = DIRECTION ( 'NONE',  ( -0.000000000000000000, -0.000000000000000000, -1.000000000000000000 ) ) ;
#1082 = ORIENTED_EDGE ( 'NONE', *, *, #4717, .F. ) ;
#1083 = CARTESIAN_POINT ( 'NONE',  ( -2.443394698145824329, -27.38804485590060267, 2.286000000000000032 ) ) ;
#1084 = EDGE_CURVE ( 'NONE', #75, #5675, #6046, .T. ) ;
#1085 = LINE ( 'NONE', #2636, #3198 ) ;
#1086 = AXIS2_PLACEMENT_3D ( 'NONE', #2589, #4474, #1669 ) ;
#1087 = EDGE_CURVE ( 'NONE', #497, #5330, #3312, .T. ) ;
#1088 = LINE ( 'NONE', #3937, #1250 ) ;
#1089 = ORIENTED_EDGE ( 'NONE', *, *, #2341, .F. ) ;
#1090 = DIRECTION ( 'NONE',  ( -1.000000000000000000, 0.000000000000000000, -0.000000000000000000 ) ) ;
#1091 = CARTESIAN_POINT ( 'NONE',  ( -2.443394698145821220, -23.41195514409938738, -1.000000000000000000 ) ) ;
#1092 = VECTOR ( 'NONE', #853, 1000.000000000000000 ) ;
#1093 = EDGE_CURVE ( 'NONE', #3994, #3254, #5128, .T. ) ;
#1094 = ORIENTED_EDGE ( 'NONE', *, *, #1245, .F. ) ;
#1095 = EDGE_LOOP ( 'NONE', ( #4904, #3716, #3839, #885, #4281, #2882, #5761, #2108, #3194, #2787 ) ) ;
#1096 = AXIS2_PLACEMENT_3D ( 'NONE', #5950, #1735, #5496 ) ;
#1097 = DIRECTION ( 'NONE',  ( 0.000000000000000000, 0.000000000000000000, -1.000000000000000000 ) ) ;
#1098 = CARTESIAN_POINT ( 'NONE',  ( 1.857106781186555367, 5.200000000000000178, -2.286000000000000920 ) ) ;
#1099 = EDGE_CURVE ( 'NONE', #5935, #5415, #2613, .T. ) ;
#1100 = CARTESIAN_POINT ( 'NONE',  ( -6.350000000000001421, 0.000000000000000000, 2.286000000000000032 ) ) ;
#1101 = CARTESIAN_POINT ( 'NONE',  ( -4.232465839245187489, -28.42096556081371261, 2.286000000000000032 ) ) ;
#1102 = ORIENTED_EDGE ( 'NONE', *, *, #1991, .F. ) ;
#1103 = VECTOR ( 'NONE', #1422, 1000.000000000000000 ) ;
#1104 = LINE ( 'NONE', #2098, #5247 ) ;
#1105 = CARTESIAN_POINT ( 'NONE',  ( 0.000000000000000000, -0.5000000000000004441, -1.000000000000000000 ) ) ;
#1106 = ORIENTED_EDGE ( 'NONE', *, *, #5779, .T. ) ;
#1107 = ORIENTED_EDGE ( 'NONE', *, *, #4656, .F. ) ;
#1108 = CARTESIAN_POINT ( 'NONE',  ( 1.568653347947315257, -14.18301270189222585, 2.286000000000000032 ) ) ;
#1109 = CARTESIAN_POINT ( 'NONE',  ( -10.49660849440505572, -4.853715275591603096, -1.000000000000000000 ) ) ;
#1110 = DIRECTION ( 'NONE',  ( 0.000000000000000000, 0.000000000000000000, 1.000000000000000000 ) ) ;
#1111 = CARTESIAN_POINT ( 'NONE',  ( 2.443394698145821664, -27.38804485590060978, 2.286000000000000032 ) ) ;
#1112 = CARTESIAN_POINT ( 'NONE',  ( 0.000000000000000000, -12.69999999999999929, 1.000000000000000000 ) ) ;
#1113 = ORIENTED_EDGE ( 'NONE', *, *, #361, .F. ) ;
#1114 = AXIS2_PLACEMENT_3D ( 'NONE', #1516, #5835, #1609 ) ;
#1115 = ORIENTED_EDGE ( 'NONE', *, *, #2792, .F. ) ;
#1116 = LINE ( 'NONE', #4760, #4750 ) ;
#1117 = DIRECTION ( 'NONE',  ( -0.000000000000000000, -1.000000000000000000, 0.000000000000000000 ) ) ;
#1118 = AXIS2_PLACEMENT_3D ( 'NONE', #3307, #1941, #4336 ) ;
#1119 = DIRECTION ( 'NONE',  ( -0.000000000000000000, -0.000000000000000000, -1.000000000000000000 ) ) ;
#1120 = ORIENTED_EDGE ( 'NONE', *, *, #5547, .F. ) ;
#1121 = EDGE_CURVE ( 'NONE', #3379, #5330, #2817, .T. ) ;
#1122 = ADVANCED_FACE ( 'NONE', ( #3220 ), #867, .T. ) ;
#1123 = VECTOR ( 'NONE', #4172, 1000.000000000000114 ) ;
#1124 = LINE ( 'NONE', #142, #4838 ) ;
#1125 = EDGE_CURVE ( 'NONE', #878, #1226, #6061, .T. ) ;
#1126 = CARTESIAN_POINT ( 'NONE',  ( -2.443394698145821664, -23.41195514409938738, 2.286000000000000032 ) ) ;
#1127 = VERTEX_POINT ( 'NONE', #4202 ) ;
#1128 = VERTEX_POINT ( 'NONE', #6076 ) ;
#1129 = VECTOR ( 'NONE', #3977, 1000.000000000000000 ) ;
#1130 = AXIS2_PLACEMENT_3D ( 'NONE', #3607, #6011, #2685 ) ;
#1131 = DIRECTION ( 'NONE',  ( 1.000000000000000000, 0.000000000000000000, 0.000000000000000000 ) ) ;
#1132 = CARTESIAN_POINT ( 'NONE',  ( 2.443394698145808785, -14.68804485590062825, 2.286000000000000032 ) ) ;
#1133 = EDGE_CURVE ( 'NONE', #1712, #4050, #1861, .T. ) ;
#1134 = CARTESIAN_POINT ( 'NONE',  ( 8.902700952718200611, -1.845594171531649730, -2.286000000000000032 ) ) ;
#1135 = VERTEX_POINT ( 'NONE', #5679 ) ;
#1136 = DIRECTION ( 'NONE',  ( -0.2425356250363330801, -0.9701425001453318764, 0.000000000000000000 ) ) ;
#1137 = DIRECTION ( 'NONE',  ( -0.000000000000000000, -0.000000000000000000, -1.000000000000000000 ) ) ;
#1138 = EDGE_CURVE ( 'NONE', #2606, #5685, #555, .T. ) ;
#1139 = ORIENTED_EDGE ( 'NONE', *, *, #4828, .F. ) ;
#1140 = CARTESIAN_POINT ( 'NONE',  ( -8.930939751330900123, -1.873832970144350352, -2.286000000000000032 ) ) ;
#1141 = LINE ( 'NONE', #4533, #18 ) ;
#1142 = CARTESIAN_POINT ( 'NONE',  ( 8.930939751330900123, -1.873832970144350352, 2.286000000000000032 ) ) ;
#1143 = CARTESIAN_POINT ( 'NONE',  ( -10.14345675219927578, -6.266322244414732623, 2.286000000000000032 ) ) ;
#1144 = DIRECTION ( 'NONE',  ( 0.000000000000000000, 0.000000000000000000, 1.000000000000000000 ) ) ;
#1145 = ORIENTED_EDGE ( 'NONE', *, *, #4779, .F. ) ;
#1146 = VERTEX_POINT ( 'NONE', #2435 ) ;
#1147 = CARTESIAN_POINT ( 'NONE',  ( -11.39474100075572593, -1.261185250188932683, -2.286000000000000032 ) ) ;
#1148 = DIRECTION ( 'NONE',  ( 1.000000000000000000, 0.000000000000000000, 0.000000000000000000 ) ) ;
#1149 = AXIS2_PLACEMENT_3D ( 'NONE', #2667, #1150, #5447 ) ;
#1150 = DIRECTION ( 'NONE',  ( 0.000000000000000000, 0.000000000000000000, 1.000000000000000000 ) ) ;
#1151 = ORIENTED_EDGE ( 'NONE', *, *, #3093, .F. ) ;
#1152 = CARTESIAN_POINT ( 'NONE',  ( -0.4999999999999998890, -9.589935691983200172, 1.000000000000000000 ) ) ;
#1153 = VECTOR ( 'NONE', #4423, 1000.000000000000000 ) ;
#1154 = LINE ( 'NONE', #3073, #279 ) ;
#1155 = VERTEX_POINT ( 'NONE', #4287 ) ;
#1156 = EDGE_CURVE ( 'NONE', #2107, #3429, #154, .T. ) ;
#1157 = DIRECTION ( 'NONE',  ( -0.000000000000000000, -0.000000000000000000, -1.000000000000000000 ) ) ;
#1158 = DATE_AND_TIME ( #3634, #4961 ) ;
#1159 = CARTESIAN_POINT ( 'NONE',  ( 6.350000000000001421, 6.200000000000001066, 1.000000000000000000 ) ) ;
#1160 = CARTESIAN_POINT ( 'NONE',  ( -7.584628110303603954, -16.50163681199741461, 1.000000000000000000 ) ) ;
#1161 = VERTEX_POINT ( 'NONE', #3829 ) ;
#1162 = EDGE_CURVE ( 'NONE', #3793, #2663, #4198, .T. ) ;
#1163 = EDGE_CURVE ( 'NONE', #3415, #2571, #2026, .T. ) ;
#1164 = CARTESIAN_POINT ( 'NONE',  ( -2.443394698145821220, -23.41195514409938738, 2.286000000000000032 ) ) ;
#1165 = CYLINDRICAL_SURFACE ( 'NONE', #55, 5.199999999999998401 ) ;
#1166 = ORIENTED_EDGE ( 'NONE', *, *, #3057, .T. ) ;
#1167 = CARTESIAN_POINT ( 'NONE',  ( 4.232465839245183936, -28.42096556081371617, 3.049999999999999822 ) ) ;
#1168 = DIRECTION ( 'NONE',  ( -0.000000000000000000, -0.000000000000000000, -1.000000000000000000 ) ) ;
#1169 = VERTEX_POINT ( 'NONE', #522 ) ;
#1170 = CARTESIAN_POINT ( 'NONE',  ( -6.350000000000001421, 0.000000000000000000, -1.000000000000000000 ) ) ;
#1171 = CARTESIAN_POINT ( 'NONE',  ( -8.450000000000002842, 0.000000000000000000, -2.286000000000000032 ) ) ;
#1172 = ORIENTED_EDGE ( 'NONE', *, *, #3611, .F. ) ;
#1173 = VERTEX_POINT ( 'NONE', #4314 ) ;
#1174 = ORIENTED_EDGE ( 'NONE', *, *, #3742, .F. ) ;
#1175 = FACE_BOUND ( 'NONE', #2935, .T. ) ;
#1176 = EDGE_CURVE ( 'NONE', #550, #2698, #5280, .T. ) ;
#1177 = EDGE_CURVE ( 'NONE', #4708, #3651, #35, .T. ) ;
#1178 = CARTESIAN_POINT ( 'NONE',  ( 5.421010862427522170E-16, 5.068629150101527259, -3.049999999999999822 ) ) ;
#1179 = AXIS2_PLACEMENT_3D ( 'NONE', #5601, #5658, #3259 ) ;
#1180 = DIRECTION ( 'NONE',  ( 1.000000000000000000, 0.000000000000000000, 0.000000000000000000 ) ) ;
#1181 = ORIENTED_EDGE ( 'NONE', *, *, #359, .F. ) ;
#1182 = CARTESIAN_POINT ( 'NONE',  ( 0.000000000000000000, -12.69999999999999929, 2.286000000000000032 ) ) ;
#1183 = AXIS2_PLACEMENT_3D ( 'NONE', #1234, #5002, #2658 ) ;
#1184 = DIRECTION ( 'NONE',  ( 0.000000000000000000, 0.000000000000000000, -1.000000000000000000 ) ) ;
#1185 = EDGE_LOOP ( 'NONE', ( #1743, #3909, #319, #4176 ) ) ;
#1186 = CARTESIAN_POINT ( 'NONE',  ( 0.000000000000000000, 5.068629150101526371, 3.049999999999999822 ) ) ;
#1187 = COORDINATED_UNIVERSAL_TIME_OFFSET ( 6, 0, .BEHIND. ) ;
#1188 = AXIS2_PLACEMENT_3D ( 'NONE', #2519, #1530, #3907 ) ;
#1189 = CARTESIAN_POINT ( 'NONE',  ( -3.149999999999999023, -25.39999999999999858, 2.286000000000000032 ) ) ;
#1190 = DIRECTION ( 'NONE',  ( 0.000000000000000000, 0.000000000000000000, 1.000000000000000000 ) ) ;
#1191 = ORIENTED_EDGE ( 'NONE', *, *, #3395, .F. ) ;
#1192 = DIRECTION ( 'NONE',  ( 0.000000000000000000, 0.000000000000000000, 1.000000000000000000 ) ) ;
#1193 = CARTESIAN_POINT ( 'NONE',  ( 2.943394698145821220, -24.27798054788382487, -2.286000000000000032 ) ) ;
#1194 = ORIENTED_EDGE ( 'NONE', *, *, #3555, .F. ) ;
#1195 = EDGE_CURVE ( 'NONE', #5999, #4552, #152, .T. ) ;
#1196 = VECTOR ( 'NONE', #6, 1000.000000000000227 ) ;
#1197 = DIRECTION ( 'NONE',  ( -1.000000000000000000, 0.000000000000000000, 0.000000000000000000 ) ) ;
#1198 = DIRECTION ( 'NONE',  ( 0.000000000000000000, 0.000000000000000000, 1.000000000000000000 ) ) ;
#1199 = EDGE_CURVE ( 'NONE', #1563, #1128, #1476, .T. ) ;
#1200 = EDGE_LOOP ( 'NONE', ( #3551, #2061 ) ) ;
#1201 = VECTOR ( 'NONE', #2007, 1000.000000000000000 ) ;
#1202 = AXIS2_PLACEMENT_3D ( 'NONE', #5199, #4673, #5570 ) ;
#1203 = ORIENTED_EDGE ( 'NONE', *, *, #4900, .F. ) ;
#1204 = CARTESIAN_POINT ( 'NONE',  ( -6.350000000000001421, 0.000000000000000000, 1.000000000000000000 ) ) ;
#1205 = CARTESIAN_POINT ( 'NONE',  ( -3.110064308016796897, -0.5000000000000000000, -1.000000000000000000 ) ) ;
#1206 = AXIS2_PLACEMENT_3D ( 'NONE', #1739, #2074, #5006 ) ;
#1207 = CARTESIAN_POINT ( 'NONE',  ( -11.39474100075572593, -1.261185250188932683, 3.049999999999999822 ) ) ;
#1208 = ORIENTED_EDGE ( 'NONE', *, *, #5912, .T. ) ;
#1209 = EDGE_CURVE ( 'NONE', #1772, #3793, #5308, .T. ) ;
#1210 = ORIENTED_EDGE ( 'NONE', *, *, #3085, .T. ) ;
#1211 = LINE ( 'NONE', #3102, #5836 ) ;
#1212 = CARTESIAN_POINT ( 'NONE',  ( -1.545584412271566954, 5.200000000000000178, 3.049999999999999822 ) ) ;
#1213 = VECTOR ( 'NONE', #1585, 999.9999999999998863 ) ;
#1214 = CARTESIAN_POINT ( 'NONE',  ( 0.4242640687119273446, 4.078679656440360013, -1.000000000000000000 ) ) ;
#1215 = ORIENTED_EDGE ( 'NONE', *, *, #4821, .F. ) ;
#1216 = DIRECTION ( 'NONE',  ( -0.4999999999999975020, -0.8660254037844400399, 0.000000000000000000 ) ) ;
#1217 = CARTESIAN_POINT ( 'NONE',  ( -2.100000000000001421, -12.69999999999999929, -2.286000000000000032 ) ) ;
#1218 = ORIENTED_EDGE ( 'NONE', *, *, #5592, .F. ) ;
#1219 = VECTOR ( 'NONE', #608, 1000.000000000000114 ) ;
#1220 = VECTOR ( 'NONE', #286, 1000.000000000000000 ) ;
#1221 = CARTESIAN_POINT ( 'NONE',  ( -11.39474100075572593, -1.261185250188932683, 2.286000000000000032 ) ) ;
#1222 = DIRECTION ( 'NONE',  ( 0.000000000000000000, 0.000000000000000000, 1.000000000000000000 ) ) ;
#1223 = VECTOR ( 'NONE', #2542, 1000.000000000000000 ) ;
#1224 = DIRECTION ( 'NONE',  ( -0.2425356250363330801, -0.9701425001453318764, 0.000000000000000000 ) ) ;
#1225 = LINE ( 'NONE', #1725, #181 ) ;
#1226 = VERTEX_POINT ( 'NONE', #5244 ) ;
#1227 = AXIS2_PLACEMENT_3D ( 'NONE', #2155, #4037, #5907 ) ;
#1228 = AXIS2_PLACEMENT_3D ( 'NONE', #1541, #2962, #3858 ) ;
#1229 = FACE_OUTER_BOUND ( 'NONE', #145, .T. ) ;
#1230 = DIRECTION ( 'NONE',  ( 0.000000000000000000, 0.000000000000000000, 1.000000000000000000 ) ) ;
#1231 = VECTOR ( 'NONE', #1567, 1000.000000000000000 ) ;
#1232 = ORIENTED_EDGE ( 'NONE', *, *, #1087, .T. ) ;
#1233 = CARTESIAN_POINT ( 'NONE',  ( 0.9942388155425139207, 4.648654403270946034, -2.286000000000000032 ) ) ;
#1234 = CARTESIAN_POINT ( 'NONE',  ( 0.000000000000000000, -25.39999999999999858, 2.286000000000000032 ) ) ;
#1235 = ORIENTED_EDGE ( 'NONE', *, *, #3404, .F. ) ;
#1236 = EDGE_CURVE ( 'NONE', #5011, #293, #613, .T. ) ;
#1237 = CARTESIAN_POINT ( 'NONE',  ( -2.943394698145819888, -24.27798054788382842, 2.286000000000000032 ) ) ;
#1238 = CARTESIAN_POINT ( 'NONE',  ( 0.000000000000000000, -25.39999999999999858, 1.000000000000000000 ) ) ;
#1239 = DIRECTION ( 'NONE',  ( 0.2425356250363329691, -0.9701425001453319874, 0.000000000000000000 ) ) ;
#1240 = ORIENTED_EDGE ( 'NONE', *, *, #2189, .T. ) ;
#1241 = ORIENTED_EDGE ( 'NONE', *, *, #1354, .F. ) ;
#1242 = ORIENTED_EDGE ( 'NONE', *, *, #1013, .T. ) ;
#1243 = DIRECTION ( 'NONE',  ( 0.000000000000000000, 0.000000000000000000, 1.000000000000000000 ) ) ;
#1244 = FACE_OUTER_BOUND ( 'NONE', #5506, .T. ) ;
#1245 = EDGE_CURVE ( 'NONE', #280, #4577, #2497, .T. ) ;
#1246 = DIRECTION ( 'NONE',  ( 1.000000000000000000, 0.000000000000000000, 0.000000000000000000 ) ) ;
#1247 = ORIENTED_EDGE ( 'NONE', *, *, #910, .T. ) ;
#1248 = CARTESIAN_POINT ( 'NONE',  ( 8.195594171531652705, -2.552700952718197414, -2.286000000000000032 ) ) ;
#1249 = CARTESIAN_POINT ( 'NONE',  ( 5.044741000755725402, -26.66118525018893237, 3.049999999999999822 ) ) ;
#1250 = VECTOR ( 'NONE', #5231, 1000.000000000000000 ) ;
#1251 = ORIENTED_EDGE ( 'NONE', *, *, #2547, .T. ) ;
#1252 = EDGE_CURVE ( 'NONE', #1454, #398, #1529, .T. ) ;
#1253 = DIRECTION ( 'NONE',  ( -1.000000000000000000, 0.000000000000000000, 0.000000000000000000 ) ) ;
#1254 = CALENDAR_DATE ( 2022, 6, 6 ) ;
#1255 = AXIS2_PLACEMENT_3D ( 'NONE', #2638, #4000, #3624 ) ;
#1256 = CARTESIAN_POINT ( 'NONE',  ( -2.100000000000000089, 0.000000000000000000, 2.286000000000000032 ) ) ;
#1257 = DIRECTION ( 'NONE',  ( -0.8660254037844363761, 0.5000000000000038858, -0.000000000000000000 ) ) ;
#1258 = EDGE_CURVE ( 'NONE', #227, #5387, #4777, .T. ) ;
#1259 = VECTOR ( 'NONE', #3149, 1000.000000000000114 ) ;
#1260 = ORIENTED_EDGE ( 'NONE', *, *, #1138, .T. ) ;
#1261 = DIRECTION ( 'NONE',  ( 0.7071067811865476838, -0.7071067811865474617, 0.000000000000000000 ) ) ;
#1262 = EDGE_CURVE ( 'NONE', #780, #2381, #5336, .T. ) ;
#1263 = DIRECTION ( 'NONE',  ( -1.000000000000000000, 0.000000000000000000, 0.000000000000000000 ) ) ;
#1264 = DIRECTION ( 'NONE',  ( 1.000000000000000000, 0.000000000000000000, 0.000000000000000000 ) ) ;
#1265 = VECTOR ( 'NONE', #1004, 1000.000000000000000 ) ;
#1266 = LINE ( 'NONE', #3154, #5542 ) ;
#1267 = CARTESIAN_POINT ( 'NONE',  ( 0.000000000000000000, -25.39999999999999858, -1.000000000000000000 ) ) ;
#1268 = ORIENTED_EDGE ( 'NONE', *, *, #1740, .F. ) ;
#1269 = ORIENTED_EDGE ( 'NONE', *, *, #3357, .T. ) ;
#1270 = DIRECTION ( 'NONE',  ( 0.2425356250363329691, -0.9701425001453319874, 0.000000000000000000 ) ) ;
#1271 = CARTESIAN_POINT ( 'NONE',  ( 6.014196146105631691, -21.35035196689709380, -2.286000000000000032 ) ) ;
#1272 = DIRECTION ( 'NONE',  ( 1.000000000000000000, 0.000000000000000000, 0.000000000000000000 ) ) ;
#1273 = ORIENTED_EDGE ( 'NONE', *, *, #1689, .F. ) ;
#1274 = VERTEX_POINT ( 'NONE', #2844 ) ;
#1275 = EDGE_LOOP ( 'NONE', ( #3256, #2240, #4594, #4301 ) ) ;
#1276 = ORIENTED_EDGE ( 'NONE', *, *, #1044, .T. ) ;
#1277 = DIRECTION ( 'NONE',  ( 0.5000000000000004441, 0.8660254037844384856, 0.000000000000000000 ) ) ;
#1278 = DIRECTION ( 'NONE',  ( -0.000000000000000000, -0.000000000000000000, -1.000000000000000000 ) ) ;
#1279 = ORIENTED_EDGE ( 'NONE', *, *, #470, .F. ) ;
#1280 = CARTESIAN_POINT ( 'NONE',  ( 0.000000000000000000, 0.000000000000000000, 2.286000000000000032 ) ) ;
#1281 = EDGE_CURVE ( 'NONE', #3221, #5804, #119, .T. ) ;
#1282 = DIRECTION ( 'NONE',  ( 1.000000000000000000, 0.000000000000000000, -0.000000000000000000 ) ) ;
#1283 = ORIENTED_EDGE ( 'NONE', *, *, #4723, .F. ) ;
#1284 = EDGE_CURVE ( 'NONE', #2453, #5994, #2899, .T. ) ;
#1285 = DIRECTION ( 'NONE',  ( 1.000000000000000000, 0.000000000000000000, 0.000000000000000000 ) ) ;
#1286 = APPROVAL_STATUS ( 'not_yet_approved' ) ;
#1287 = VECTOR ( 'NONE', #3196, 1000.000000000000000 ) ;
#1288 = DIRECTION ( 'NONE',  ( -0.5000000000000041078, -0.8660254037844362651, 0.000000000000000000 ) ) ;
#1289 = EDGE_CURVE ( 'NONE', #4503, #726, #3916, .T. ) ;
#1290 = CARTESIAN_POINT ( 'NONE',  ( 2.068653347947320587, -12.08301270189220844, 2.286000000000000032 ) ) ;
#1291 = ORIENTED_EDGE ( 'NONE', *, *, #2089, .F. ) ;
#1292 = ORIENTED_EDGE ( 'NONE', *, *, #5373, .F. ) ;
#1293 = DIRECTION ( 'NONE',  ( -0.8660254037844400399, 0.4999999999999975020, 0.000000000000000000 ) ) ;
#1294 = CARTESIAN_POINT ( 'NONE',  ( 12.36488350090106003, -1.503720875225266429, -3.049999999999999822 ) ) ;
#1295 = EDGE_CURVE ( 'NONE', #3428, #3375, #4721, .T. ) ;
#1296 = CYLINDRICAL_SURFACE ( 'NONE', #3467, 3.149999999999999023 ) ;
#1297 = DIRECTION ( 'NONE',  ( -0.000000000000000000, -0.000000000000000000, -1.000000000000000000 ) ) ;
#1298 = ORIENTED_EDGE ( 'NONE', *, *, #4916, .T. ) ;
#1299 = AXIS2_PLACEMENT_3D ( 'NONE', #5758, #1090, #4857 ) ;
#1300 = LINE ( 'NONE', #348, #31 ) ;
#1301 = DIRECTION ( 'NONE',  ( 0.000000000000000000, -0.000000000000000000, 1.000000000000000000 ) ) ;
#1302 = CARTESIAN_POINT ( 'NONE',  ( 6.350000000000001421, 0.000000000000000000, 2.286000000000000032 ) ) ;
#1303 = VECTOR ( 'NONE', #4436, 1000.000000000000000 ) ;
#1304 = VERTEX_POINT ( 'NONE', #4403 ) ;
#1305 = ORIENTED_EDGE ( 'NONE', *, *, #1928, .T. ) ;
#1306 = VERTEX_POINT ( 'NONE', #2527 ) ;
#1307 = VECTOR ( 'NONE', #3949, 1000.000000000000000 ) ;
#1308 = ORIENTED_EDGE ( 'NONE', *, *, #2811, .F. ) ;
#1309 = DIRECTION ( 'NONE',  ( 1.000000000000000000, 0.000000000000000000, 0.000000000000000000 ) ) ;
#1310 = VECTOR ( 'NONE', #1553, 999.9999999999998863 ) ;
#1311 = AXIS2_PLACEMENT_3D ( 'NONE', #2509, #4268, #5258 ) ;
#1312 = CARTESIAN_POINT ( 'NONE',  ( 0.000000000000000000, 0.5000000000000004441, 1.000000000000000000 ) ) ;
#1313 = ORIENTED_EDGE ( 'NONE', *, *, #2642, .F. ) ;
#1314 = CARTESIAN_POINT ( 'NONE',  ( 6.350000000000001421, 0.000000000000000000, 3.049999999999999822 ) ) ;
#1315 = CARTESIAN_POINT ( 'NONE',  ( 5.749261314031217651, -15.44198729810783277, 1.000000000000000000 ) ) ;
#1316 = VERTEX_POINT ( 'NONE', #1101 ) ;
#1317 = EDGE_CURVE ( 'NONE', #4050, #5543, #2988, .T. ) ;
#1318 = EDGE_CURVE ( 'NONE', #1371, #598, #248, .T. ) ;
#1319 = LINE ( 'NONE', #3633, #737 ) ;
#1320 = ADVANCED_FACE ( 'NONE', ( #1724 ), #3508, .F. ) ;
#1321 = CARTESIAN_POINT ( 'NONE',  ( -6.095510970993381683, -22.45810536923830725, -1.000000000000000000 ) ) ;
#1322 = PLANE ( 'NONE',  #3921 ) ;
#1323 = ORIENTED_EDGE ( 'NONE', *, *, #4270, .F. ) ;
#1324 = ORIENTED_EDGE ( 'NONE', *, *, #202, .T. ) ;
#1325 = CIRCLE ( 'NONE', #4376, 3.150000000000000799 ) ;
#1326 = EDGE_CURVE ( 'NONE', #5040, #193, #3635, .T. ) ;
#1327 = AXIS2_PLACEMENT_3D ( 'NONE', #5339, #4998, #2653 ) ;
#1328 = FACE_OUTER_BOUND ( 'NONE', #4635, .T. ) ;
#1329 = CARTESIAN_POINT ( 'NONE',  ( -10.14345675219927578, -6.266322244414732623, -2.286000000000000032 ) ) ;
#1330 = AXIS2_PLACEMENT_3D ( 'NONE', #6037, #26, #3239 ) ;
#1331 = DIRECTION ( 'NONE',  ( 0.000000000000000000, -1.000000000000000000, 0.000000000000000000 ) ) ;
#1332 = VECTOR ( 'NONE', #2810, 1000.000000000000000 ) ;
#1333 = DIRECTION ( 'NONE',  ( 1.000000000000000000, 1.776356839400250465E-15, 0.000000000000000000 ) ) ;
#1334 = ORIENTED_EDGE ( 'NONE', *, *, #2340, .T. ) ;
#1335 = EDGE_CURVE ( 'NONE', #2845, #6019, #770, .T. ) ;
#1336 = VECTOR ( 'NONE', #582, 1000.000000000000227 ) ;
#1337 = AXIS2_PLACEMENT_3D ( 'NONE', #2778, #5677, #3796 ) ;
#1338 = CARTESIAN_POINT ( 'NONE',  ( 0.000000000000000000, -25.39999999999999858, 1.000000000000000000 ) ) ;
#1339 = CARTESIAN_POINT ( 'NONE',  ( 0.2499999999999941436, -25.83301270189220489, -1.000000000000000000 ) ) ;
#1340 = CARTESIAN_POINT ( 'NONE',  ( -2.100000000000000089, 0.000000000000000000, -2.286000000000000032 ) ) ;
#1341 = ORIENTED_EDGE ( 'NONE', *, *, #1289, .F. ) ;
#1342 = ORIENTED_EDGE ( 'NONE', *, *, #2732, .T. ) ;
#1343 = ORIENTED_EDGE ( 'NONE', *, *, #5873, .F. ) ;
#1344 = ORIENTED_EDGE ( 'NONE', *, *, #420, .T. ) ;
#1345 = FACE_OUTER_BOUND ( 'NONE', #2886, .T. ) ;
#1346 = CARTESIAN_POINT ( 'NONE',  ( 6.432881321217875481, -21.10862396834033561, 1.000000000000000000 ) ) ;
#1347 = VERTEX_POINT ( 'NONE', #3173 ) ;
#1348 = LINE ( 'NONE', #2303, #5150 ) ;
#1349 = CARTESIAN_POINT ( 'NONE',  ( -1.857106781186543376, 5.200000000000000178, 3.049999999999999822 ) ) ;
#1350 = VERTEX_POINT ( 'NONE', #701 ) ;
#1351 = LINE ( 'NONE', #330, #1520 ) ;
#1352 = DIRECTION ( 'NONE',  ( 0.8660254037844363761, -0.5000000000000038858, 0.000000000000000000 ) ) ;
#1353 = DIRECTION ( 'NONE',  ( 0.5000000000000001110, -0.8660254037844387076, 0.000000000000000000 ) ) ;
#1354 = EDGE_CURVE ( 'NONE', #4262, #3394, #2217, .T. ) ;
#1355 = VERTEX_POINT ( 'NONE', #829 ) ;
#1356 = ORIENTED_EDGE ( 'NONE', *, *, #2805, .F. ) ;
#1357 = AXIS2_PLACEMENT_3D ( 'NONE', #1781, #971, #3295 ) ;
#1358 = LINE ( 'NONE', #3244, #3692 ) ;
#1359 = FACE_OUTER_BOUND ( 'NONE', #3204, .T. ) ;
#1360 = AXIS2_PLACEMENT_3D ( 'NONE', #2958, #2496, #581 ) ;
#1361 = DIRECTION ( 'NONE',  ( -0.000000000000000000, -0.000000000000000000, -1.000000000000000000 ) ) ;
#1362 = LINE ( 'NONE', #4134, #2179 ) ;
#1363 = EDGE_CURVE ( 'NONE', #5415, #5387, #1661, .T. ) ;
#1364 = ORIENTED_EDGE ( 'NONE', *, *, #4996, .F. ) ;
#1365 = EDGE_CURVE ( 'NONE', #1169, #2761, #2711, .T. ) ;
#1366 = VECTOR ( 'NONE', #5269, 1000.000000000000000 ) ;
#1367 = LINE ( 'NONE', #3283, #2788 ) ;
#1368 = CYLINDRICAL_SURFACE ( 'NONE', #2906, 3.149999999999999467 ) ;
#1369 = DIRECTION ( 'NONE',  ( 1.000000000000000000, 0.000000000000000000, 0.000000000000000000 ) ) ;
#1370 = ORIENTED_EDGE ( 'NONE', *, *, #1295, .F. ) ;
#1371 = VERTEX_POINT ( 'NONE', #1256 ) ;
#1372 = EDGE_LOOP ( 'NONE', ( #2759, #536, #5075, #2971 ) ) ;
#1373 = VERTEX_POINT ( 'NONE', #4558 ) ;
#1374 = DIRECTION ( 'NONE',  ( 0.000000000000000000, -1.000000000000000000, 0.000000000000000000 ) ) ;
#1375 = EDGE_CURVE ( 'NONE', #3993, #5011, #1758, .T. ) ;
#1376 = LINE ( 'NONE', #5200, #177 ) ;
#1377 = ORIENTED_EDGE ( 'NONE', *, *, #5297, .T. ) ;
#1378 = DIRECTION ( 'NONE',  ( -0.000000000000000000, -0.000000000000000000, -1.000000000000000000 ) ) ;
#1379 = DIRECTION ( 'NONE',  ( 0.000000000000000000, 0.000000000000000000, 1.000000000000000000 ) ) ;
#1380 = VERTEX_POINT ( 'NONE', #4464 ) ;
#1381 = DIRECTION ( 'NONE',  ( -0.000000000000000000, 0.000000000000000000, 1.000000000000000000 ) ) ;
#1382 = CARTESIAN_POINT ( 'NONE',  ( -12.36488350090105648, -1.503720875225263764, -3.049999999999999822 ) ) ;
#1383 = DIRECTION ( 'NONE',  ( 1.000000000000000000, 0.000000000000000000, 0.000000000000000000 ) ) ;
#1384 = ORIENTED_EDGE ( 'NONE', *, *, #2002, .T. ) ;
#1385 = ORIENTED_EDGE ( 'NONE', *, *, #4972, .F. ) ;
#1386 = CARTESIAN_POINT ( 'NONE',  ( 0.000000000000000000, 0.5000000000000004441, 1.000000000000000000 ) ) ;
#1387 = LINE ( 'NONE', #5705, #1332 ) ;
#1388 = CARTESIAN_POINT ( 'NONE',  ( -11.39474100075572593, -1.261185250188930018, -1.000000000000000000 ) ) ;
#1389 = CARTESIAN_POINT ( 'NONE',  ( 0.000000000000000000, 0.000000000000000000, -1.000000000000000000 ) ) ;
#1390 = VERTEX_POINT ( 'NONE', #1189 ) ;
#1391 = VECTOR ( 'NONE', #1458, 1000.000000000000000 ) ;
#1393 = ADVANCED_FACE ( 'NONE', ( #3534 ), #4524, .T. ) ;
#1392 = DIRECTION ( 'NONE',  ( 0.000000000000000000, 0.000000000000000000, 1.000000000000000000 ) ) ;
#1394 = ADVANCED_FACE ( 'NONE', ( #303 ), #4591, .T. ) ;
#1395 = DIRECTION ( 'NONE',  ( 1.000000000000000000, 0.000000000000000000, -0.000000000000000000 ) ) ;
#1396 = EDGE_LOOP ( 'NONE', ( #5840, #5566, #4995, #1738 ) ) ;
#1397 = VERTEX_POINT ( 'NONE', #242 ) ;
#1398 = VERTEX_POINT ( 'NONE', #5519 ) ;
#1399 = EDGE_CURVE ( 'NONE', #2561, #2492, #366, .T. ) ;
#1400 = ORIENTED_EDGE ( 'NONE', *, *, #4033, .F. ) ;
#1401 = CIRCLE ( 'NONE', #3761, 3.150000000000000799 ) ;
#1402 = LINE ( 'NONE', #412, #5051 ) ;
#1403 = CARTESIAN_POINT ( 'NONE',  ( 6.350000000000001421, 5.200000000000001066, 2.286000000000000032 ) ) ;
#1404 = ADVANCED_FACE ( 'NONE', ( #1630 ), #2127, .F. ) ;
#1405 = VERTEX_POINT ( 'NONE', #3079 ) ;
#1406 = CIRCLE ( 'NONE', #5260, 3.150000000000000799 ) ;
#1407 = CARTESIAN_POINT ( 'NONE',  ( 1.969604420978331824E-16, 3.654415587728431447, 2.286000000000000032 ) ) ;
#1408 = ORIENTED_EDGE ( 'NONE', *, *, #2280, .T. ) ;
#1409 = AXIS2_PLACEMENT_3D ( 'NONE', #5709, #557, #3891 ) ;
#1410 = CARTESIAN_POINT ( 'NONE',  ( 16.22855339059328017, -9.171446609406739725, -1.000000000000000000 ) ) ;
#1411 = CARTESIAN_POINT ( 'NONE',  ( 6.350000000000001421, 0.000000000000000000, 2.286000000000000032 ) ) ;
#1412 = CARTESIAN_POINT ( 'NONE',  ( -9.806086401974781097, -7.615803645312697157, -1.000000000000000000 ) ) ;
#1413 = ORIENTED_EDGE ( 'NONE', *, *, #3267, .F. ) ;
#1414 = ORIENTED_EDGE ( 'NONE', *, *, #2841, .F. ) ;
#1415 = CARTESIAN_POINT ( 'NONE',  ( -3.150000000000000799, -12.69999999999999929, -1.000000000000000000 ) ) ;
#1416 = CIRCLE ( 'NONE', #627, 5.200000000000000178 ) ;
#1417 = CARTESIAN_POINT ( 'NONE',  ( 0.5000000000000000000, -22.28993569198320301, -1.000000000000000444 ) ) ;
#1418 = CARTESIAN_POINT ( 'NONE',  ( -8.902700952718202387, -1.845594171531650840, -2.286000000000000032 ) ) ;
#1419 = DIRECTION ( 'NONE',  ( 0.000000000000000000, 0.000000000000000000, 1.000000000000000000 ) ) ;
#1420 = ORIENTED_EDGE ( 'NONE', *, *, #278, .T. ) ;
#1421 = PRODUCT_DEFINITION_FORMATION_WITH_SPECIFIED_SOURCE ( 'ANY', '', #3797, .NOT_KNOWN. ) ;
#1422 = DIRECTION ( 'NONE',  ( -0.000000000000000000, -0.000000000000000000, -1.000000000000000000 ) ) ;
#1423 = DIRECTION ( 'NONE',  ( 0.000000000000000000, 0.000000000000000000, 1.000000000000000000 ) ) ;
#1424 = VECTOR ( 'NONE', #5472, 999.9999999999998863 ) ;
#1425 = ORIENTED_EDGE ( 'NONE', *, *, #5770, .T. ) ;
#1426 = ORIENTED_EDGE ( 'NONE', *, *, #875, .T. ) ;
#1427 = ORIENTED_EDGE ( 'NONE', *, *, #231, .T. ) ;
#1428 = VECTOR ( 'NONE', #1936, 1000.000000000000114 ) ;
#1429 = DIRECTION ( 'NONE',  ( 0.2425356250363330801, 0.9701425001453319874, 0.000000000000000000 ) ) ;
#1430 = EDGE_CURVE ( 'NONE', #2265, #849, #4189, .T. ) ;
#1431 = VECTOR ( 'NONE', #4470, 1000.000000000000000 ) ;
#1432 = DIRECTION ( 'NONE',  ( 0.000000000000000000, 0.000000000000000000, 1.000000000000000000 ) ) ;
#1433 = VERTEX_POINT ( 'NONE', #271 ) ;
#1434 = CARTESIAN_POINT ( 'NONE',  ( 14.52720779386421235, -10.87279220613578623, 1.000000000000000000 ) ) ;
#1435 = EDGE_CURVE ( 'NONE', #1674, #2069, #2905, .T. ) ;
#1436 = ORIENTED_EDGE ( 'NONE', *, *, #973, .F. ) ;
#1437 = EDGE_CURVE ( 'NONE', #457, #3510, #3567, .T. ) ;
#1438 = LINE ( 'NONE', #4219, #3890 ) ;
#1439 = DIRECTION ( 'NONE',  ( 0.000000000000000000, -1.000000000000000000, 0.000000000000000000 ) ) ;
#1440 = CARTESIAN_POINT ( 'NONE',  ( -9.806086401974784650, -7.615803645312695380, 3.049999999999999822 ) ) ;
#1441 = EDGE_CURVE ( 'NONE', #1852, #3792, #2311, .T. ) ;
#1442 = ORIENTED_EDGE ( 'NONE', *, *, #5661, .F. ) ;
#1443 = VERTEX_POINT ( 'NONE', #857 ) ;
#1444 = CARTESIAN_POINT ( 'NONE',  ( -2.068653347947322807, -24.78301270189222549, -2.286000000000000032 ) ) ;
#1445 = CARTESIAN_POINT ( 'NONE',  ( -6.350000000000001421, 6.199999999999999289, 1.000000000000000000 ) ) ;
#1446 = ADVANCED_FACE ( 'NONE', ( #949 ), #5181, .T. ) ;
#1447 = CARTESIAN_POINT ( 'NONE',  ( 0.5000000000000000000, -14.80000000000000071, -2.286000000000000032 ) ) ;
#1448 = DIRECTION ( 'NONE',  ( 1.000000000000000000, -1.022195611122248045E-15, -0.000000000000000000 ) ) ;
#1449 = EDGE_CURVE ( 'NONE', #5486, #3806, #2278, .T. ) ;
#1450 = EDGE_LOOP ( 'NONE', ( #5198, #6053, #5534, #5792 ) ) ;
#1451 = VECTOR ( 'NONE', #1379, 1000.000000000000000 ) ;
#1452 = LINE ( 'NONE', #1889, #4749 ) ;
#1453 = CARTESIAN_POINT ( 'NONE',  ( -0.5000000000000000000, -25.39999999999999858, 1.000000000000000000 ) ) ;
#1454 = VERTEX_POINT ( 'NONE', #1878 ) ;
#1455 = AXIS2_PLACEMENT_3D ( 'NONE', #2366, #3231, #6025 ) ;
#1456 = ORIENTED_EDGE ( 'NONE', *, *, #5996, .F. ) ;
#1457 = ORIENTED_EDGE ( 'NONE', *, *, #5661, .T. ) ;
#1458 = DIRECTION ( 'NONE',  ( -0.000000000000000000, -0.000000000000000000, -1.000000000000000000 ) ) ;
#1459 = AXIS2_PLACEMENT_3D ( 'NONE', #3758, #2773, #2744 ) ;
#1460 = DIRECTION ( 'NONE',  ( -0.000000000000000000, -0.000000000000000000, -1.000000000000000000 ) ) ;
#1461 = VERTEX_POINT ( 'NONE', #3327 ) ;
#1462 = FACE_OUTER_BOUND ( 'NONE', #4238, .T. ) ;
#1463 = VERTEX_POINT ( 'NONE', #2743 ) ;
#1464 = DIRECTION ( 'NONE',  ( 0.000000000000000000, 0.000000000000000000, 1.000000000000000000 ) ) ;
#1465 = CARTESIAN_POINT ( 'NONE',  ( -11.39474100075572593, -1.261185250188932683, 2.286000000000000032 ) ) ;
#1466 = EDGE_CURVE ( 'NONE', #2807, #852, #5639, .T. ) ;
#1467 = EDGE_CURVE ( 'NONE', #978, #1128, #2321, .T. ) ;
#1468 = DIRECTION ( 'NONE',  ( -1.000000000000000000, 0.000000000000000000, 0.000000000000000000 ) ) ;
#1469 = EDGE_CURVE ( 'NONE', #3, #2785, #395, .T. ) ;
#1470 = DIRECTION ( 'NONE',  ( 0.8660254037844385966, 0.5000000000000000000, 0.000000000000000000 ) ) ;
#1471 = ORIENTED_EDGE ( 'NONE', *, *, #3637, .T. ) ;
#1472 = ORIENTED_EDGE ( 'NONE', *, *, #563, .T. ) ;
#1473 = CARTESIAN_POINT ( 'NONE',  ( 3.797299047281804008, 1.845594171531652172, -2.286000000000000032 ) ) ;
#1474 = LINE ( 'NONE', #1883, #2124 ) ;
#1475 = LINE ( 'NONE', #4255, #4450 ) ;
#1476 = LINE ( 'NONE', #5217, #5766 ) ;
#1477 = VECTOR ( 'NONE', #1574, 1000.000000000000227 ) ;
#1478 = CARTESIAN_POINT ( 'NONE',  ( -12.55000000000000071, 0.000000000000000000, 3.049999999999999822 ) ) ;
#1479 = CARTESIAN_POINT ( 'NONE',  ( 6.350000000000001421, 0.000000000000000000, 1.000000000000000000 ) ) ;
#1480 = ORIENTED_EDGE ( 'NONE', *, *, #490, .F. ) ;
#1481 = ORIENTED_EDGE ( 'NONE', *, *, #1156, .F. ) ;
#1482 = CIRCLE ( 'NONE', #3850, 3.150000000000000799 ) ;
#1483 = CARTESIAN_POINT ( 'NONE',  ( -3.797299047281801787, 1.845594171531649952, -1.000000000000000444 ) ) ;
#1484 = LINE ( 'NONE', #3369, #307 ) ;
#1485 = DIRECTION ( 'NONE',  ( -0.7071067811865476838, 0.7071067811865474617, -0.000000000000000000 ) ) ;
#1486 = AXIS2_PLACEMENT_3D ( 'NONE', #5818, #5789, #1468 ) ;
#1487 = EDGE_LOOP ( 'NONE', ( #1939, #5144, #4706, #4039, #244, #1810, #3243, #2569 ) ) ;
#1488 = CARTESIAN_POINT ( 'NONE',  ( 0.000000000000000000, -12.69999999999999929, 2.286000000000000032 ) ) ;
#1489 = FACE_BOUND ( 'NONE', #385, .T. ) ;
#1490 = EDGE_LOOP ( 'NONE', ( #5302, #4841, #4568, #5909 ) ) ;
#1491 = LINE ( 'NONE', #5265, #2931 ) ;
#1492 = CARTESIAN_POINT ( 'NONE',  ( -4.253332099679086653, -28.43301270189220986, 2.286000000000000032 ) ) ;
#1493 = VECTOR ( 'NONE', #2230, 1000.000000000000000 ) ;
#1494 = CARTESIAN_POINT ( 'NONE',  ( 0.4242640687119286769, 4.078679656440360013, 3.049999999999999822 ) ) ;
#1495 = ORIENTED_EDGE ( 'NONE', *, *, #1125, .F. ) ;
#1496 = VERTEX_POINT ( 'NONE', #888 ) ;
#1497 = AXIS2_PLACEMENT_3D ( 'NONE', #2946, #4819, #3902 ) ;
#1498 = EDGE_CURVE ( 'NONE', #1373, #3070, #5090, .T. ) ;
#1499 = EDGE_CURVE ( 'NONE', #452, #1552, #5956, .T. ) ;
#1500 = APPLICATION_CONTEXT ( 'configuration controlled 3d designs of mechanical parts and assemblies' ) ;
#1501 = CARTESIAN_POINT ( 'NONE',  ( -6.432881321217871040, -21.10862396834034627, 1.000000000000000000 ) ) ;
#1502 = CARTESIAN_POINT ( 'NONE',  ( -4.232465839245187489, -28.42096556081371261, 3.049999999999999822 ) ) ;
#1503 = CARTESIAN_POINT ( 'NONE',  ( 10.77945120687967950, -3.722344425693128844, -2.286000000000000032 ) ) ;
#1504 = DIRECTION ( 'NONE',  ( 0.000000000000000000, 0.000000000000000000, 1.000000000000000000 ) ) ;
#1505 = EDGE_CURVE ( 'NONE', #5642, #3242, #3495, .T. ) ;
#1506 = VECTOR ( 'NONE', #2024, 999.9999999999998863 ) ;
#1507 = FACE_OUTER_BOUND ( 'NONE', #4024, .T. ) ;
#1508 = CARTESIAN_POINT ( 'NONE',  ( -4.250000000000000000, 0.5000000000000000000, 2.286000000000000032 ) ) ;
#1509 = ORIENTED_EDGE ( 'NONE', *, *, #1699, .T. ) ;
#1510 = EDGE_LOOP ( 'NONE', ( #3385, #1408, #2554, #586 ) ) ;
#1511 = DIRECTION ( 'NONE',  ( 0.000000000000000000, 0.000000000000000000, 1.000000000000000000 ) ) ;
#1512 = VECTOR ( 'NONE', #5730, 1000.000000000000000 ) ;
#1513 = DIRECTION ( 'NONE',  ( 0.000000000000000000, 0.000000000000000000, 1.000000000000000000 ) ) ;
#1514 = ORIENTED_EDGE ( 'NONE', *, *, #4263, .T. ) ;
#1515 = VECTOR ( 'NONE', #5729, 1000.000000000000000 ) ;
#1516 = CARTESIAN_POINT ( 'NONE',  ( -6.350000000000001421, 0.000000000000000000, 3.049999999999999822 ) ) ;
#1517 = ADVANCED_FACE ( 'NONE', ( #1819 ), #3698, .T. ) ;
#1518 = VECTOR ( 'NONE', #3095, 1000.000000000000000 ) ;
#1519 = CARTESIAN_POINT ( 'NONE',  ( -1.131370849898472919, 6.200000000000001066, 3.049999999999999822 ) ) ;
#1520 = VECTOR ( 'NONE', #2214, 1000.000000000000000 ) ;
#1521 = VERTEX_POINT ( 'NONE', #1850 ) ;
#1522 = CARTESIAN_POINT ( 'NONE',  ( 15.52144660940672871, -9.878553390593289407, 1.000000000000000000 ) ) ;
#1523 = EDGE_CURVE ( 'NONE', #598, #1371, #3309, .T. ) ;
#1524 = PLANE ( 'NONE',  #4018 ) ;
#1525 = AXIS2_PLACEMENT_3D ( 'NONE', #1921, #1423, #1395 ) ;
#1526 = EDGE_CURVE ( 'NONE', #5094, #860, #4651, .T. ) ;
#1527 = ORIENTED_EDGE ( 'NONE', *, *, #4630, .T. ) ;
#1528 = CARTESIAN_POINT ( 'NONE',  ( 6.014883500901057722, -26.90372087522526456, 3.049999999999999822 ) ) ;
#1529 = CIRCLE ( 'NONE', #4388, 2.100000000000000977 ) ;
#1530 = DIRECTION ( 'NONE',  ( 0.000000000000000000, 0.000000000000000000, 1.000000000000000000 ) ) ;
#1531 = DIRECTION ( 'NONE',  ( 1.000000000000000000, 0.000000000000000000, 0.000000000000000000 ) ) ;
#1532 = ORIENTED_EDGE ( 'NONE', *, *, #10, .F. ) ;
#1533 = EDGE_LOOP ( 'NONE', ( #4264, #4321, #1436, #3446 ) ) ;
#1534 = LINE ( 'NONE', #3417, #440 ) ;
#1535 = CARTESIAN_POINT ( 'NONE',  ( -6.350000000000001421, 6.199999999999999289, -3.049999999999999822 ) ) ;
#1536 = EDGE_CURVE ( 'NONE', #1405, #878, #3789, .T. ) ;
#1537 = DIRECTION ( 'NONE',  ( -0.7071067811865471286, 0.7071067811865480168, 0.000000000000000000 ) ) ;
#1538 = CARTESIAN_POINT ( 'NONE',  ( -6.432881321217872816, -21.10862396834034627, 3.049999999999999822 ) ) ;
#1539 = ORIENTED_EDGE ( 'NONE', *, *, #2356, .T. ) ;
#1540 = DIRECTION ( 'NONE',  ( -0.8660254037844363761, 0.5000000000000038858, -0.000000000000000000 ) ) ;
#1541 = CARTESIAN_POINT ( 'NONE',  ( 2.100000000000000089, 0.5000000000000000000, 2.286000000000000032 ) ) ;
#1542 = VERTEX_POINT ( 'NONE', #919 ) ;
#1543 = ADVANCED_FACE ( 'NONE', ( #3271 ), #2802, .T. ) ;
#1544 = VERTEX_POINT ( 'NONE', #1321 ) ;
#1545 = CARTESIAN_POINT ( 'NONE',  ( -3.149999999999999023, -25.39999999999999858, 1.000000000000000000 ) ) ;
#1546 = CARTESIAN_POINT ( 'NONE',  ( 0.000000000000000000, -12.69999999999999929, 2.286000000000000032 ) ) ;
#1547 = EDGE_CURVE ( 'NONE', #1463, #2807, #2249, .T. ) ;
#1548 = ORIENTED_EDGE ( 'NONE', *, *, #72, .F. ) ;
#1549 = FACE_OUTER_BOUND ( 'NONE', #3704, .T. ) ;
#1550 = CARTESIAN_POINT ( 'NONE',  ( 6.350000000000001421, 0.000000000000000000, 2.286000000000000032 ) ) ;
#1551 = VECTOR ( 'NONE', #1556, 1000.000000000000000 ) ;
#1552 = VERTEX_POINT ( 'NONE', #3662 ) ;
#1553 = DIRECTION ( 'NONE',  ( -0.2425356250363329691, 0.9701425001453319874, 0.000000000000000000 ) ) ;
#1554 = VECTOR ( 'NONE', #5551, 1000.000000000000000 ) ;
#1555 = DIRECTION ( 'NONE',  ( 0.8660254037844360431, 0.5000000000000044409, 0.000000000000000000 ) ) ;
#1556 = DIRECTION ( 'NONE',  ( 0.000000000000000000, 0.000000000000000000, -1.000000000000000000 ) ) ;
#1557 = EDGE_CURVE ( 'NONE', #4209, #1047, #2343, .T. ) ;
#1558 = VECTOR ( 'NONE', #1184, 1000.000000000000000 ) ;
#1559 = ORIENTED_EDGE ( 'NONE', *, *, #1638, .F. ) ;
#1560 = DIRECTION ( 'NONE',  ( 1.000000000000000000, 0.000000000000000000, 0.000000000000000000 ) ) ;
#1561 = CARTESIAN_POINT ( 'NONE',  ( 8.450000000000002842, 2.571758278209442943E-16, 1.000000000000000000 ) ) ;
#1562 = ORIENTED_EDGE ( 'NONE', *, *, #2275, .T. ) ;
#1563 = VERTEX_POINT ( 'NONE', #5549 ) ;
#1564 = LINE ( 'NONE', #5877, #1617 ) ;
#1565 = DIRECTION ( 'NONE',  ( 1.000000000000000000, 1.365923996832131116E-16, 0.000000000000000000 ) ) ;
#1566 = CARTESIAN_POINT ( 'NONE',  ( -0.5000000000000000000, -15.81006430801679841, -2.286000000000000032 ) ) ;
#1567 = DIRECTION ( 'NONE',  ( -0.000000000000000000, -0.000000000000000000, -1.000000000000000000 ) ) ;
#1568 = ORIENTED_EDGE ( 'NONE', *, *, #4033, .T. ) ;
#1569 = DIRECTION ( 'NONE',  ( -0.000000000000000000, -0.000000000000000000, -1.000000000000000000 ) ) ;
#1570 = LINE ( 'NONE', #4410, #5957 ) ;
#1571 = VERTEX_POINT ( 'NONE', #5699 ) ;
#1572 = ORIENTED_EDGE ( 'NONE', *, *, #1638, .T. ) ;
#1573 = LINE ( 'NONE', #4347, #1800 ) ;
#1574 = DIRECTION ( 'NONE',  ( -0.8660254037844395958, -0.4999999999999981681, -0.000000000000000000 ) ) ;
#1575 = ORIENTED_EDGE ( 'NONE', *, *, #453, .F. ) ;
#1576 = CARTESIAN_POINT ( 'NONE',  ( -2.943394698145813226, -11.57798054788380604, 2.286000000000000032 ) ) ;
#1577 = EDGE_CURVE ( 'NONE', #2042, #3456, #548, .T. ) ;
#1578 = EDGE_CURVE ( 'NONE', #3558, #3379, #5233, .T. ) ;
#1579 = CARTESIAN_POINT ( 'NONE',  ( -2.443394698145809230, -14.68804485590063003, 2.286000000000000032 ) ) ;
#1580 = ADVANCED_FACE ( 'NONE', ( #602 ), #2429, .T. ) ;
#1581 = AXIS2_PLACEMENT_3D ( 'NONE', #2998, #5315, #4384 ) ;
#1582 = CARTESIAN_POINT ( 'NONE',  ( -6.350000000000001421, 0.000000000000000000, 2.286000000000000032 ) ) ;
#1583 = VERTEX_POINT ( 'NONE', #1589 ) ;
#1584 = LINE ( 'NONE', #2053, #3482 ) ;
#1585 = DIRECTION ( 'NONE',  ( 0.2425356250363330801, 0.9701425001453319874, 0.000000000000000000 ) ) ;
#1586 = ADVANCED_FACE ( 'NONE', ( #3940 ), #2028, .F. ) ;
#1587 = CARTESIAN_POINT ( 'NONE',  ( -6.350000000000001421, 0.000000000000000000, 1.000000000000000000 ) ) ;
#1588 = ORIENTED_EDGE ( 'NONE', *, *, #301, .F. ) ;
#1589 = CARTESIAN_POINT ( 'NONE',  ( -10.77945120687967773, -3.722344425693126624, -1.000000000000000000 ) ) ;
#1590 = CARTESIAN_POINT ( 'NONE',  ( 4.504405828468352802, 2.552700952718199634, -2.286000000000000032 ) ) ;
#1591 = VECTOR ( 'NONE', #4304, 999.9999999999998863 ) ;
#1592 = ORIENTED_EDGE ( 'NONE', *, *, #5114, .F. ) ;
#1593 = ORIENTED_EDGE ( 'NONE', *, *, #1284, .T. ) ;
#1594 = EDGE_CURVE ( 'NONE', #2611, #16, #3014, .T. ) ;
#1595 = AXIS2_PLACEMENT_3D ( 'NONE', #3542, #5430, #1197 ) ;
#1596 = DIRECTION ( 'NONE',  ( 0.7071067811865470176, -0.7071067811865479058, 0.000000000000000000 ) ) ;
#1597 = CARTESIAN_POINT ( 'NONE',  ( 0.5000000000000000000, -15.81006430801679841, 2.286000000000000032 ) ) ;
#1598 = VECTOR ( 'NONE', #1569, 1000.000000000000000 ) ;
#1599 = AXIS2_PLACEMENT_3D ( 'NONE', #4612, #388, #4639 ) ;
#1600 = DIRECTION ( 'NONE',  ( -0.000000000000000000, -0.000000000000000000, -1.000000000000000000 ) ) ;
#1601 = ORIENTED_EDGE ( 'NONE', *, *, #3436, .F. ) ;
#1602 = VECTOR ( 'NONE', #742, 1000.000000000000000 ) ;
#1603 = FACE_OUTER_BOUND ( 'NONE', #4614, .T. ) ;
#1604 = LINE ( 'NONE', #5282, #2323 ) ;
#1605 = VERTEX_POINT ( 'NONE', #3472 ) ;
#1606 = DIRECTION ( 'NONE',  ( 0.000000000000000000, 0.000000000000000000, 1.000000000000000000 ) ) ;
#1607 = CARTESIAN_POINT ( 'NONE',  ( 3.110064308016796897, -0.5000000000000000000, 1.000000000000000000 ) ) ;
#1608 = ORIENTED_EDGE ( 'NONE', *, *, #3955, .T. ) ;
#1609 = DIRECTION ( 'NONE',  ( 1.000000000000000000, 0.000000000000000000, 0.000000000000000000 ) ) ;
#1610 = DIRECTION ( 'NONE',  ( -0.000000000000000000, -0.000000000000000000, -1.000000000000000000 ) ) ;
#1611 = CARTESIAN_POINT ( 'NONE',  ( 0.000000000000000000, -12.69999999999999929, -2.286000000000000032 ) ) ;
#1612 = ORIENTED_EDGE ( 'NONE', *, *, #3694, .T. ) ;
#1613 = EDGE_CURVE ( 'NONE', #676, #4177, #3856, .T. ) ;
#1614 = PLANE ( 'NONE',  #1497 ) ;
#1615 = DIRECTION ( 'NONE',  ( 0.5000000000000045519, -0.8660254037844361541, 0.000000000000000000 ) ) ;
#1616 = VECTOR ( 'NONE', #2556, 1000.000000000000114 ) ;
#1617 = VECTOR ( 'NONE', #2615, 999.9999999999998863 ) ;
#1618 = LINE ( 'NONE', #3138, #963 ) ;
#1619 = ORIENTED_EDGE ( 'NONE', *, *, #44, .T. ) ;
#1620 = VECTOR ( 'NONE', #196, 1000.000000000000000 ) ;
#1621 = CARTESIAN_POINT ( 'NONE',  ( 2.545584412271570951, 6.200000000000001954, -2.286000000000000032 ) ) ;
#1622 = EDGE_CURVE ( 'NONE', #320, #1790, #5536, .T. ) ;
#1623 = DIRECTION ( 'NONE',  ( -1.000000000000000000, 0.000000000000000000, 0.000000000000000000 ) ) ;
#1624 = EDGE_LOOP ( 'NONE', ( #3714, #4883, #3528, #5410 ) ) ;
#1625 = EDGE_CURVE ( 'NONE', #3316, #5411, #1124, .T. ) ;
#1626 = AXIS2_PLACEMENT_3D ( 'NONE', #2185, #333, #3047 ) ;
#1627 = AXIS2_PLACEMENT_3D ( 'NONE', #4840, #2560, #3426 ) ;
#1628 = DIRECTION ( 'NONE',  ( -0.2425356250363330801, -0.9701425001453318764, 0.000000000000000000 ) ) ;
#1629 = LINE ( 'NONE', #5796, #1616 ) ;
#1630 = FACE_OUTER_BOUND ( 'NONE', #5978, .T. ) ;
#1631 = EDGE_CURVE ( 'NONE', #1128, #233, #4766, .T. ) ;
#1632 = CARTESIAN_POINT ( 'NONE',  ( 0.000000000000000000, -12.69999999999999929, -2.286000000000000032 ) ) ;
#1633 = VERTEX_POINT ( 'NONE', #1062 ) ;
#1634 = LINE ( 'NONE', #4963, #1307 ) ;
#1635 = CARTESIAN_POINT ( 'NONE',  ( -11.39474100075572593, -1.261185250188932683, 1.000000000000000000 ) ) ;
#1636 = EDGE_CURVE ( 'NONE', #2474, #4427, #1002, .T. ) ;
#1637 = EDGE_LOOP ( 'NONE', ( #14, #3342, #351, #4236 ) ) ;
#1638 = EDGE_CURVE ( 'NONE', #168, #2786, #1962, .T. ) ;
#1639 = LINE ( 'NONE', #1140, #419 ) ;
#1640 = LINE ( 'NONE', #2564, #599 ) ;
#1641 = ORIENTED_EDGE ( 'NONE', *, *, #5770, .F. ) ;
#1642 = PLANE ( 'NONE',  #324 ) ;
#1643 = DIRECTION ( 'NONE',  ( 1.000000000000000000, 0.000000000000000000, 0.000000000000000000 ) ) ;
#1644 = ORIENTED_EDGE ( 'NONE', *, *, #5053, .T. ) ;
#1645 = ORIENTED_EDGE ( 'NONE', *, *, #3323, .T. ) ;
#1646 = LINE ( 'NONE', #3132, #2686 ) ;
#1647 = FACE_OUTER_BOUND ( 'NONE', #4243, .T. ) ;
#1648 = CIRCLE ( 'NONE', #1054, 3.150000000000000799 ) ;
#1649 = CARTESIAN_POINT ( 'NONE',  ( 6.350000000000001421, 0.000000000000000000, 1.000000000000000000 ) ) ;
#1650 = EDGE_LOOP ( 'NONE', ( #3741, #1344, #2692, #403 ) ) ;
#1651 = VECTOR ( 'NONE', #334, 1000.000000000000000 ) ;
#1652 = DIRECTION ( 'NONE',  ( -0.000000000000000000, -0.000000000000000000, -1.000000000000000000 ) ) ;
#1653 = CIRCLE ( 'NONE', #3623, 5.199999999999998401 ) ;
#1654 = CARTESIAN_POINT ( 'NONE',  ( 0.000000000000000000, -25.39999999999999858, 1.000000000000000000 ) ) ;
#1655 = ORIENTED_EDGE ( 'NONE', *, *, #4453, .F. ) ;
#1656 = CIRCLE ( 'NONE', #2440, 3.150000000000000355 ) ;
#1657 = EDGE_CURVE ( 'NONE', #1316, #1274, #3845, .T. ) ;
#1658 = DIRECTION ( 'NONE',  ( -0.7071067811865480168, -0.7071067811865471286, 0.000000000000000000 ) ) ;
#1659 = COORDINATED_UNIVERSAL_TIME_OFFSET ( 6, 0, .BEHIND. ) ;
#1660 = APPROVAL ( #5878, 'UNSPECIFIED' ) ;
#1661 = LINE ( 'NONE', #798, #3695 ) ;
#1662 = DIRECTION ( 'NONE',  ( -1.000000000000000000, 0.000000000000000000, 0.000000000000000000 ) ) ;
#1663 = ORIENTED_EDGE ( 'NONE', *, *, #644, .T. ) ;
#1664 = EDGE_CURVE ( 'NONE', #860, #5626, #2487, .T. ) ;
#1665 = LINE ( 'NONE', #3539, #4578 ) ;
#1666 = CARTESIAN_POINT ( 'NONE',  ( 4.232465839245184824, -28.42096556081371617, 1.000000000000000000 ) ) ;
#1667 = EDGE_LOOP ( 'NONE', ( #358, #6064, #2466, #708 ) ) ;
#1668 = DIRECTION ( 'NONE',  ( -0.8660254037844361541, -0.5000000000000043299, 0.000000000000000000 ) ) ;
#1669 = DIRECTION ( 'NONE',  ( -1.000000000000000000, 0.000000000000000000, 0.000000000000000000 ) ) ;
#1670 = ORIENTED_EDGE ( 'NONE', *, *, #2863, .F. ) ;
#1671 = CARTESIAN_POINT ( 'NONE',  ( 0.000000000000000000, -25.39999999999999858, 1.000000000000000000 ) ) ;
#1672 = CARTESIAN_POINT ( 'NONE',  ( -3.110064308016796897, 0.5000000000000000000, -2.286000000000000032 ) ) ;
#1673 = ORIENTED_EDGE ( 'NONE', *, *, #532, .F. ) ;
#1674 = VERTEX_POINT ( 'NONE', #5267 ) ;
#1675 = DIRECTION ( 'NONE',  ( -0.000000000000000000, -0.000000000000000000, -1.000000000000000000 ) ) ;
#1676 = LINE ( 'NONE', #200, #1213 ) ;
#1677 = AXIS2_PLACEMENT_3D ( 'NONE', #1546, #1513, #4414 ) ;
#1678 = DIRECTION ( 'NONE',  ( -0.000000000000000000, -0.000000000000000000, -1.000000000000000000 ) ) ;
#1679 = ORIENTED_EDGE ( 'NONE', *, *, #3719, .T. ) ;
#1680 = LINE ( 'NONE', #4425, #2184 ) ;
#1681 = VECTOR ( 'NONE', #3056, 1000.000000000000000 ) ;
#1682 = DIRECTION ( 'NONE',  ( 0.000000000000000000, 0.000000000000000000, 1.000000000000000000 ) ) ;
#1683 = ORIENTED_EDGE ( 'NONE', *, *, #1067, .T. ) ;
#1684 = DIRECTION ( 'NONE',  ( -0.7071067811865480168, -0.7071067811865471286, 0.000000000000000000 ) ) ;
#1685 = CALENDAR_DATE ( 2022, 6, 6 ) ;
#1686 = VECTOR ( 'NONE', #176, 999.9999999999998863 ) ;
#1687 = CARTESIAN_POINT ( 'NONE',  ( 0.000000000000000000, -25.39999999999999858, -1.000000000000000000 ) ) ;
#1688 = CARTESIAN_POINT ( 'NONE',  ( -4.511522368914977044, 1.131370849898475139, -2.286000000000000032 ) ) ;
#1689 = EDGE_CURVE ( 'NONE', #2042, #2315, #3817, .T. ) ;
#1690 = EDGE_CURVE ( 'NONE', #965, #5653, #1984, .T. ) ;
#1691 = ORIENTED_EDGE ( 'NONE', *, *, #3191, .T. ) ;
#1692 = VECTOR ( 'NONE', #5540, 1000.000000000000000 ) ;
#1693 = DIRECTION ( 'NONE',  ( -0.000000000000000000, -0.000000000000000000, -1.000000000000000000 ) ) ;
#1694 = CARTESIAN_POINT ( 'NONE',  ( 0.5000000000000000000, -3.110064308016796897, 2.286000000000000032 ) ) ;
#1695 = ORIENTED_EDGE ( 'NONE', *, *, #3631, .F. ) ;
#1696 = VECTOR ( 'NONE', #3055, 1000.000000000000114 ) ;
#1697 = PLANE ( 'NONE',  #3667 ) ;
#1698 = CARTESIAN_POINT ( 'NONE',  ( -2.443394698145824329, -27.38804485590060267, 2.286000000000000032 ) ) ;
#1699 = EDGE_CURVE ( 'NONE', #1433, #5740, #4795, .T. ) ;
#1700 = VERTEX_POINT ( 'NONE', #4825 ) ;
#1701 = DIRECTION ( 'NONE',  ( -0.000000000000000000, -0.000000000000000000, -1.000000000000000000 ) ) ;
#1702 = PLANE ( 'NONE',  #4186 ) ;
#1703 = DIRECTION ( 'NONE',  ( -0.8660254037844363761, 0.5000000000000038858, 0.000000000000000000 ) ) ;
#1704 = ORIENTED_EDGE ( 'NONE', *, *, #1828, .T. ) ;
#1705 = EDGE_LOOP ( 'NONE', ( #4677, #4344, #4496, #1796, #4619, #4978, #748, #2521 ) ) ;
#1706 = ORIENTED_EDGE ( 'NONE', *, *, #298, .T. ) ;
#1707 = CARTESIAN_POINT ( 'NONE',  ( 2.943394698145819888, -24.27798054788382487, -1.000000000000000444 ) ) ;
#1708 = ADVANCED_FACE ( 'NONE', ( #1993 ), #3874, .T. ) ;
#1709 = CARTESIAN_POINT ( 'NONE',  ( 4.753332099679084877, -27.56698729810777593, 2.286000000000000032 ) ) ;
#1710 = VECTOR ( 'NONE', #2513, 1000.000000000000000 ) ;
#1711 = CARTESIAN_POINT ( 'NONE',  ( -0.5000000000000000000, -2.100000000000000089, 2.286000000000000032 ) ) ;
#1712 = VERTEX_POINT ( 'NONE', #2059 ) ;
#1713 = EDGE_CURVE ( 'NONE', #5040, #1127, #727, .T. ) ;
#1714 = LINE ( 'NONE', #3970, #5148 ) ;
#1715 = EDGE_CURVE ( 'NONE', #3221, #2855, #3502, .T. ) ;
#1716 = DIRECTION ( 'NONE',  ( 0.000000000000000000, 0.000000000000000000, 1.000000000000000000 ) ) ;
#1717 = VECTOR ( 'NONE', #2377, 1000.000000000000227 ) ;
#1718 = ORIENTED_EDGE ( 'NONE', *, *, #2411, .T. ) ;
#1719 = AXIS2_PLACEMENT_3D ( 'NONE', #2063, #1684, #1596 ) ;
#1720 = VECTOR ( 'NONE', #1703, 999.9999999999998863 ) ;
#1721 = CARTESIAN_POINT ( 'NONE',  ( -3.150000000000000799, -12.69999999999999929, 2.286000000000000032 ) ) ;
#1722 = PERSON_AND_ORGANIZATION ( #5559, #4467 ) ;
#1723 = AXIS2_PLACEMENT_3D ( 'NONE', #4649, #5453, #2675 ) ;
#1724 = FACE_OUTER_BOUND ( 'NONE', #4941, .T. ) ;
#1725 = CARTESIAN_POINT ( 'NONE',  ( 4.511522368914977932, 1.131370849898477582, -2.286000000000000032 ) ) ;
#1726 = ORIENTED_EDGE ( 'NONE', *, *, #379, .T. ) ;
#1727 = DIRECTION ( 'NONE',  ( -0.7071067811865470176, 0.7071067811865479058, -0.000000000000000000 ) ) ;
#1728 = VECTOR ( 'NONE', #486, 999.9999999999998863 ) ;
#1729 = AXIS2_PLACEMENT_3D ( 'NONE', #5132, #2413, #1836 ) ;
#1731 = EDGE_CURVE ( 'NONE', #3544, #2381, #4518, .T. ) ;
#1730 = DIRECTION ( 'NONE',  ( -0.000000000000000000, -0.000000000000000000, -1.000000000000000000 ) ) ;
#1732 = CARTESIAN_POINT ( 'NONE',  ( 0.000000000000000000, 0.000000000000000000, 2.286000000000000032 ) ) ;
#1733 = VECTOR ( 'NONE', #1944, 1000.000000000000000 ) ;
#1734 = ORIENTED_EDGE ( 'NONE', *, *, #5352, .F. ) ;
#1735 = DIRECTION ( 'NONE',  ( 0.000000000000000000, 0.000000000000000000, 1.000000000000000000 ) ) ;
#1736 = DIRECTION ( 'NONE',  ( 1.000000000000000000, 0.000000000000000000, 0.000000000000000000 ) ) ;
#1737 = ORIENTED_EDGE ( 'NONE', *, *, #6038, .F. ) ;
#1738 = ORIENTED_EDGE ( 'NONE', *, *, #4643, .T. ) ;
#1739 = CARTESIAN_POINT ( 'NONE',  ( -6.350000000000001421, 0.000000000000000000, -2.286000000000000032 ) ) ;
#1740 = EDGE_CURVE ( 'NONE', #5522, #4141, #1752, .T. ) ;
#1741 = CARTESIAN_POINT ( 'NONE',  ( 0.000000000000000000, -25.39999999999999858, -1.000000000000000000 ) ) ;
#1742 = CARTESIAN_POINT ( 'NONE',  ( 5.249261314031212322, -16.30801270189226670, -1.000000000000000000 ) ) ;
#1743 = ORIENTED_EDGE ( 'NONE', *, *, #4916, .F. ) ;
#1744 = EDGE_LOOP ( 'NONE', ( #2373, #654, #4759, #256, #5253, #4391, #1881, #2170, #3170, #4334, #4466 ) ) ;
#1745 = ORIENTED_EDGE ( 'NONE', *, *, #3923, .F. ) ;
#1746 = EDGE_CURVE ( 'NONE', #168, #1542, #4549, .T. ) ;
#1747 = VERTEX_POINT ( 'NONE', #695 ) ;
#1748 = DIRECTION ( 'NONE',  ( -0.000000000000000000, -0.000000000000000000, -1.000000000000000000 ) ) ;
#1749 = CARTESIAN_POINT ( 'NONE',  ( 0.5000000000000000000, -9.589935691983200172, 2.286000000000000032 ) ) ;
#1750 = EDGE_CURVE ( 'NONE', #3242, #2715, #1714, .T. ) ;
#1751 = ORIENTED_EDGE ( 'NONE', *, *, #1884, .T. ) ;
#1752 = LINE ( 'NONE', #3141, #906 ) ;
#1753 = CARTESIAN_POINT ( 'NONE',  ( 0.000000000000000000, -25.39999999999999858, 1.000000000000000000 ) ) ;
#1754 = ORIENTED_EDGE ( 'NONE', *, *, #804, .F. ) ;
#1755 = ADVANCED_FACE ( 'NONE', ( #3071 ), #204, .T. ) ;
#1756 = CARTESIAN_POINT ( 'NONE',  ( -3.110064308016796897, -0.5000000000000000000, 1.000000000000000000 ) ) ;
#1757 = AXIS2_PLACEMENT_3D ( 'NONE', #851, #4148, #5142 ) ;
#1758 = LINE ( 'NONE', #3116, #2607 ) ;
#1759 = LINE ( 'NONE', #2680, #1554 ) ;
#1760 = CIRCLE ( 'NONE', #5697, 3.150000000000000799 ) ;
#1761 = VERTEX_POINT ( 'NONE', #1152 ) ;
#1762 = EDGE_LOOP ( 'NONE', ( #2460, #1575, #1481, #1737 ) ) ;
#1763 = DIRECTION ( 'NONE',  ( -0.000000000000000000, -0.000000000000000000, -1.000000000000000000 ) ) ;
#1764 = CARTESIAN_POINT ( 'NONE',  ( -6.350000000000001421, 0.000000000000000000, -1.000000000000000000 ) ) ;
#1765 = DIRECTION ( 'NONE',  ( -0.8660254037844384856, 0.5000000000000004441, 0.000000000000000000 ) ) ;
#1766 = CARTESIAN_POINT ( 'NONE',  ( -9.806086401974784650, -7.615803645312695380, 3.049999999999999822 ) ) ;
#1767 = ORIENTED_EDGE ( 'NONE', *, *, #301, .T. ) ;
#1768 = CARTESIAN_POINT ( 'NONE',  ( -10.77945120687967773, -3.722344425693126624, 2.286000000000000032 ) ) ;
#1769 = DIRECTION ( 'NONE',  ( 0.8660254037844395958, 0.4999999999999981681, 0.000000000000000000 ) ) ;
#1770 = CYLINDRICAL_SURFACE ( 'NONE', #2112, 3.149999999999999467 ) ;
#1771 = ORIENTED_EDGE ( 'NONE', *, *, #5238, .F. ) ;
#1772 = VERTEX_POINT ( 'NONE', #5874 ) ;
#1773 = ORIENTED_EDGE ( 'NONE', *, *, #2182, .F. ) ;
#1774 = CARTESIAN_POINT ( 'NONE',  ( 4.732465839245183048, -27.55494015702928223, -1.000000000000000000 ) ) ;
#1775 = EDGE_CURVE ( 'NONE', #5711, #193, #234, .T. ) ;
#1776 = EDGE_CURVE ( 'NONE', #3924, #3928, #5017, .T. ) ;
#1777 = EDGE_CURVE ( 'NONE', #2822, #786, #605, .T. ) ;
#1778 = CARTESIAN_POINT ( 'NONE',  ( -10.49660849440505750, -4.853715275591603096, 2.286000000000000032 ) ) ;
#1779 = ORIENTED_EDGE ( 'NONE', *, *, #1817, .T. ) ;
#1780 = DIRECTION ( 'NONE',  ( -1.000000000000000000, 0.000000000000000000, 0.000000000000000000 ) ) ;
#1781 = CARTESIAN_POINT ( 'NONE',  ( 6.350000000000001421, 0.000000000000000000, 1.000000000000000000 ) ) ;
#1782 = EDGE_CURVE ( 'NONE', #1633, #852, #2148, .T. ) ;
#1783 = ORIENTED_EDGE ( 'NONE', *, *, #5872, .F. ) ;
#1784 = CARTESIAN_POINT ( 'NONE',  ( 4.511522368914977932, 1.131370849898477582, -2.286000000000000032 ) ) ;
#1785 = PERSON_AND_ORGANIZATION ( #5559, #4467 ) ;
#1786 = VECTOR ( 'NONE', #6086, 1000.000000000000000 ) ;
#1787 = DIRECTION ( 'NONE',  ( -0.8660254037844361541, -0.5000000000000043299, 0.000000000000000000 ) ) ;
#1788 = CARTESIAN_POINT ( 'NONE',  ( 1.857106781186555367, 5.200000000000000178, 1.000000000000000444 ) ) ;
#1789 = ORIENTED_EDGE ( 'NONE', *, *, #3879, .T. ) ;
#1790 = VERTEX_POINT ( 'NONE', #4489 ) ;
#1791 = AXIS2_PLACEMENT_3D ( 'NONE', #3861, #2704, #3723 ) ;
#1792 = CARTESIAN_POINT ( 'NONE',  ( 0.000000000000000000, 0.000000000000000000, 1.000000000000000000 ) ) ;
#1793 = CARTESIAN_POINT ( 'NONE',  ( 0.000000000000000000, -12.69999999999999929, 1.000000000000000000 ) ) ;
#1794 = CARTESIAN_POINT ( 'NONE',  ( 7.584628110303607507, -16.50163681199740751, -1.000000000000000000 ) ) ;
#1795 = CARTESIAN_POINT ( 'NONE',  ( 0.000000000000000000, -25.39999999999999858, -1.000000000000000000 ) ) ;
#1796 = ORIENTED_EDGE ( 'NONE', *, *, #3574, .F. ) ;
#1797 = CARTESIAN_POINT ( 'NONE',  ( -2.100000000000001421, -12.69999999999999929, 2.286000000000000032 ) ) ;
#1798 = DIRECTION ( 'NONE',  ( -0.000000000000000000, -0.000000000000000000, -1.000000000000000000 ) ) ;
#1799 = DIRECTION ( 'NONE',  ( -0.5000000000000043299, 0.8660254037844361541, 0.000000000000000000 ) ) ;
#1800 = VECTOR ( 'NONE', #5404, 999.9999999999998863 ) ;
#1801 = ORIENTED_EDGE ( 'NONE', *, *, #2846, .F. ) ;
#1802 = VERTEX_POINT ( 'NONE', #4094 ) ;
#1803 = VERTEX_POINT ( 'NONE', #5846 ) ;
#1804 = AXIS2_PLACEMENT_3D ( 'NONE', #705, #2158, #5828 ) ;
#1805 = VERTEX_POINT ( 'NONE', #1248 ) ;
#1806 = CARTESIAN_POINT ( 'NONE',  ( 0.5000000000000000000, -14.80000000000000071, 2.286000000000000032 ) ) ;
#1807 = AXIS2_PLACEMENT_3D ( 'NONE', #4914, #5927, #2173 ) ;
#1808 = AXIS2_PLACEMENT_3D ( 'NONE', #2018, #4758, #1929 ) ;
#1809 = LINE ( 'NONE', #2335, #4899 ) ;
#1810 = ORIENTED_EDGE ( 'NONE', *, *, #834, .T. ) ;
#1811 = ADVANCED_FACE ( 'NONE', ( #2119 ), #4889, .T. ) ;
#1812 = CYLINDRICAL_SURFACE ( 'NONE', #1791, 3.150000000000000799 ) ;
#1813 = LINE ( 'NONE', #1434, #5493 ) ;
#1814 = ORIENTED_EDGE ( 'NONE', *, *, #5101, .F. ) ;
#1815 = CIRCLE ( 'NONE', #1114, 6.199999999999999289 ) ;
#1816 = DIRECTION ( 'NONE',  ( 0.8660254037844387076, 0.5000000000000001110, -0.000000000000000000 ) ) ;
#1817 = EDGE_CURVE ( 'NONE', #1700, #4755, #1680, .T. ) ;
#1818 = LOCAL_TIME ( 14, 1, 13.00000000000000000, #3601 ) ;
#1819 = FACE_OUTER_BOUND ( 'NONE', #2336, .T. ) ;
#1820 = ADVANCED_FACE ( 'NONE', ( #3042 ), #263, .F. ) ;
#1821 = AXIS2_PLACEMENT_3D ( 'NONE', #2927, #1009, #2895 ) ;
#1822 = CARTESIAN_POINT ( 'NONE',  ( -5.218629150101524061, 1.838477631085023267, 2.286000000000000032 ) ) ;
#1823 = EDGE_LOOP ( 'NONE', ( #5322, #5523, #1880, #266 ) ) ;
#1824 = ORIENTED_EDGE ( 'NONE', *, *, #5585, .F. ) ;
#1825 = CIRCLE ( 'NONE', #3591, 3.149999999999999023 ) ;
#1826 = CARTESIAN_POINT ( 'NONE',  ( -2.443394698145807453, -14.68804485590063180, 2.286000000000000032 ) ) ;
#1827 = LINE ( 'NONE', #33, #5279 ) ;
#1828 = EDGE_CURVE ( 'NONE', #4471, #132, #1401, .T. ) ;
#1829 = LINE ( 'NONE', #1447, #2147 ) ;
#1830 = AXIS2_PLACEMENT_3D ( 'NONE', #4342, #1137, #585 ) ;
#1831 = CARTESIAN_POINT ( 'NONE',  ( 6.350000000000001421, 0.000000000000000000, 1.000000000000000000 ) ) ;
#1832 = ORIENTED_EDGE ( 'NONE', *, *, #1252, .F. ) ;
#1833 = ADVANCED_FACE ( 'NONE', ( #294 ), #3559, .T. ) ;
#1834 = VECTOR ( 'NONE', #981, 1000.000000000000000 ) ;
#1835 = DIRECTION ( 'NONE',  ( 1.000000000000000000, 0.000000000000000000, -0.000000000000000000 ) ) ;
#1836 = DIRECTION ( 'NONE',  ( 0.8660254037844385966, 0.5000000000000000000, 0.000000000000000000 ) ) ;
#1837 = EDGE_CURVE ( 'NONE', #5528, #5105, #3596, .T. ) ;
#1838 = FACE_OUTER_BOUND ( 'NONE', #5135, .T. ) ;
#1839 = ORIENTED_EDGE ( 'NONE', *, *, #1399, .T. ) ;
#1840 = ORIENTED_EDGE ( 'NONE', *, *, #2113, .T. ) ;
#1841 = ORIENTED_EDGE ( 'NONE', *, *, #3532, .T. ) ;
#1842 = VERTEX_POINT ( 'NONE', #1483 ) ;
#1843 = CARTESIAN_POINT ( 'NONE',  ( 0.5000000000000000000, -25.39999999999999858, -1.000000000000000000 ) ) ;
#1844 = CARTESIAN_POINT ( 'NONE',  ( 0.000000000000000000, 0.000000000000000000, -1.000000000000000000 ) ) ;
#1845 = ORIENTED_EDGE ( 'NONE', *, *, #5117, .T. ) ;
#1846 = LINE ( 'NONE', #5606, #3281 ) ;
#1847 = DIRECTION ( 'NONE',  ( 1.000000000000000000, 0.000000000000000000, 0.000000000000000000 ) ) ;
#1848 = ORIENTED_EDGE ( 'NONE', *, *, #5189, .T. ) ;
#1849 = CARTESIAN_POINT ( 'NONE',  ( -6.350000000000001421, 5.199999999999998401, -3.049999999999999822 ) ) ;
#1850 = CARTESIAN_POINT ( 'NONE',  ( 2.100000000000000089, -25.39999999999999858, -2.286000000000000032 ) ) ;
#1851 = FACE_OUTER_BOUND ( 'NONE', #2696, .T. ) ;
#1852 = VERTEX_POINT ( 'NONE', #6000 ) ;
#1853 = EDGE_LOOP ( 'NONE', ( #250, #762, #2852, #2875 ) ) ;
#1854 = ADVANCED_FACE ( 'NONE', ( #5046 ), #5255, .F. ) ;
#1855 = AXIS2_PLACEMENT_3D ( 'NONE', #1753, #792, #3503 ) ;
#1856 = ADVANCED_FACE ( 'NONE', ( #3201 ), #1812, .T. ) ;
#1857 = DIRECTION ( 'NONE',  ( -0.2425356250363329691, 0.9701425001453319874, 0.000000000000000000 ) ) ;
#1858 = CARTESIAN_POINT ( 'NONE',  ( 5.044741000755725402, -26.66118525018893237, 3.049999999999999822 ) ) ;
#1859 = AXIS2_PLACEMENT_3D ( 'NONE', #1070, #153, #3978 ) ;
#1860 = CARTESIAN_POINT ( 'NONE',  ( -4.732465839245183936, -27.55494015702927868, -1.000000000000000000 ) ) ;
#1861 = LINE ( 'NONE', #2004, #2913 ) ;
#1862 = ORIENTED_EDGE ( 'NONE', *, *, #2642, .T. ) ;
#1863 = EDGE_CURVE ( 'NONE', #3573, #2822, #3656, .T. ) ;
#1864 = AXIS2_PLACEMENT_3D ( 'NONE', #2953, #5847, #2891 ) ;
#1865 = CARTESIAN_POINT ( 'NONE',  ( -14.52720779386421590, -10.87279220613577557, 1.000000000000000000 ) ) ;
#1866 = CARTESIAN_POINT ( 'NONE',  ( 2.443394698145809230, -14.68804485590062825, 2.286000000000000032 ) ) ;
#1867 = VERTEX_POINT ( 'NONE', #3233 ) ;
#1868 = VERTEX_POINT ( 'NONE', #5743 ) ;
#1869 = ORIENTED_EDGE ( 'NONE', *, *, #4159, .F. ) ;
#1870 = ORIENTED_EDGE ( 'NONE', *, *, #1354, .T. ) ;
#1871 = DIRECTION ( 'NONE',  ( 0.000000000000000000, 0.000000000000000000, 1.000000000000000000 ) ) ;
#1872 = FACE_OUTER_BOUND ( 'NONE', #4919, .T. ) ;
#1873 = VERTEX_POINT ( 'NONE', #5116 ) ;
#1874 = LINE ( 'NONE', #1407, #3235 ) ;
#1875 = EDGE_LOOP ( 'NONE', ( #4670, #5448, #3583, #5941 ) ) ;
#1876 = PRODUCT_DEFINITION_SHAPE ( 'NONE', 'NONE',  #3846 ) ;
#1877 = CARTESIAN_POINT ( 'NONE',  ( -4.753332099679086653, -27.56698729810777238, -2.286000000000000032 ) ) ;
#1878 = CARTESIAN_POINT ( 'NONE',  ( 4.250000000000000000, 0.000000000000000000, 2.286000000000000032 ) ) ;
#1879 = FACE_OUTER_BOUND ( 'NONE', #4412, .T. ) ;
#1880 = ORIENTED_EDGE ( 'NONE', *, *, #4015, .F. ) ;
#1881 = ORIENTED_EDGE ( 'NONE', *, *, #6072, .F. ) ;
#1882 = CARTESIAN_POINT ( 'NONE',  ( -0.2499999999999993061, -24.96698729810777806, 1.000000000000000000 ) ) ;
#1883 = CARTESIAN_POINT ( 'NONE',  ( 0.2500000000000003886, -25.83301270189221910, 1.000000000000000000 ) ) ;
#1884 = EDGE_CURVE ( 'NONE', #3355, #2590, #4679, .T. ) ;
#1885 = CARTESIAN_POINT ( 'NONE',  ( -3.110064308016796897, 0.5000000000000000000, -1.000000000000000444 ) ) ;
#1886 = CARTESIAN_POINT ( 'NONE',  ( 1.857106781186555367, 5.200000000000000178, 3.049999999999999822 ) ) ;
#1887 = ORIENTED_EDGE ( 'NONE', *, *, #267, .T. ) ;
#1888 = CIRCLE ( 'NONE', #1183, 2.100000000000000089 ) ;
#1889 = CARTESIAN_POINT ( 'NONE',  ( -5.249261314031214987, -16.30801270189227736, 1.000000000000000000 ) ) ;
#1890 = DIRECTION ( 'NONE',  ( -0.2425356250363329136, 0.9701425001453319874, 0.000000000000000000 ) ) ;
#1891 = ORIENTED_EDGE ( 'NONE', *, *, #2452, .F. ) ;
#1892 = EDGE_CURVE ( 'NONE', #2116, #4552, #2337, .T. ) ;
#1893 = ORIENTED_EDGE ( 'NONE', *, *, #2340, .F. ) ;
#1894 = ORIENTED_EDGE ( 'NONE', *, *, #117, .F. ) ;
#1895 = ORIENTED_EDGE ( 'NONE', *, *, #5487, .F. ) ;
#1896 = CARTESIAN_POINT ( 'NONE',  ( 6.014883500901057722, -26.90372087522526456, 3.049999999999999822 ) ) ;
#1897 = AXIS2_PLACEMENT_3D ( 'NONE', #5916, #2719, #4599 ) ;
#1898 = LINE ( 'NONE', #2763, #717 ) ;
#1899 = ORIENTED_EDGE ( 'NONE', *, *, #3134, .F. ) ;
#1900 = EDGE_CURVE ( 'NONE', #1463, #4355, #5638, .T. ) ;
#1901 = VECTOR ( 'NONE', #1727, 1000.000000000000114 ) ;
#1902 = CARTESIAN_POINT ( 'NONE',  ( -4.250000000000000000, 0.5000000000000000000, -2.286000000000000032 ) ) ;
#1903 = ORIENTED_EDGE ( 'NONE', *, *, #1863, .F. ) ;
#1904 = VECTOR ( 'NONE', #2559, 1000.000000000000000 ) ;
#1905 = EDGE_CURVE ( 'NONE', #2876, #4969, #3561, .T. ) ;
#1906 = FACE_OUTER_BOUND ( 'NONE', #623, .T. ) ;
#1907 = EDGE_CURVE ( 'NONE', #541, #5977, #4123, .T. ) ;
#1908 = DIRECTION ( 'NONE',  ( 1.000000000000000000, 0.000000000000000000, 0.000000000000000000 ) ) ;
#1909 = CYLINDRICAL_SURFACE ( 'NONE', #5115, 3.149999999999999467 ) ;
#1910 = VERTEX_POINT ( 'NONE', #5713 ) ;
#1911 = EDGE_LOOP ( 'NONE', ( #4117, #4510, #2518, #4051 ) ) ;
#1912 = DIRECTION ( 'NONE',  ( 0.8660254037844395958, 0.4999999999999981681, -0.000000000000000000 ) ) ;
#1913 = AXIS2_PLACEMENT_3D ( 'NONE', #1488, #199, #2480 ) ;
#1914 = CARTESIAN_POINT ( 'NONE',  ( -5.044741000755727178, -26.66118525018892882, 3.049999999999999822 ) ) ;
#1915 = DIRECTION ( 'NONE',  ( 0.7071067811865479058, 0.7071067811865470176, -0.000000000000000000 ) ) ;
#1916 = DIRECTION ( 'NONE',  ( -0.2425356250363330801, -0.9701425001453318764, 0.000000000000000000 ) ) ;
#1917 = EDGE_LOOP ( 'NONE', ( #2274, #4861, #2722, #1990 ) ) ;
#1918 = AXIS2_PLACEMENT_3D ( 'NONE', #795, #1222, #269 ) ;
#1919 = AXIS2_PLACEMENT_3D ( 'NONE', #3276, #4625, #4164 ) ;
#1920 = DIRECTION ( 'NONE',  ( 1.365923996832131116E-16, -1.000000000000000000, 0.000000000000000000 ) ) ;
#1921 = CARTESIAN_POINT ( 'NONE',  ( 0.000000000000000000, -25.39999999999999858, -1.000000000000000000 ) ) ;
#1922 = VECTOR ( 'NONE', #5007, 1000.000000000000000 ) ;
#1923 = ORIENTED_EDGE ( 'NONE', *, *, #2754, .T. ) ;
#1924 = EDGE_LOOP ( 'NONE', ( #5124, #567, #4135, #1532 ) ) ;
#1925 = ORIENTED_EDGE ( 'NONE', *, *, #4800, .T. ) ;
#1926 = CARTESIAN_POINT ( 'NONE',  ( 0.4999999999999998890, -9.589935691983200172, 2.286000000000000032 ) ) ;
#1927 = CIRCLE ( 'NONE', #3990, 3.150000000000000799 ) ;
#1928 = EDGE_CURVE ( 'NONE', #1761, #1161, #5086, .T. ) ;
#1929 = DIRECTION ( 'NONE',  ( -1.000000000000000000, 0.000000000000000000, 0.000000000000000000 ) ) ;
#1930 = EDGE_CURVE ( 'NONE', #965, #2553, #561, .T. ) ;
#1931 = VERTEX_POINT ( 'NONE', #1020 ) ;
#1932 = CYLINDRICAL_SURFACE ( 'NONE', #270, 3.149999999999999467 ) ;
#1933 = ORIENTED_EDGE ( 'NONE', *, *, #4453, .T. ) ;
#1934 = ADVANCED_FACE ( 'NONE', ( #2272 ), #4150, .T. ) ;
#1935 = LINE ( 'NONE', #3012, #3726 ) ;
#1936 = DIRECTION ( 'NONE',  ( -0.7071067811865470176, 0.7071067811865479058, 0.000000000000000000 ) ) ;
#1937 = DIRECTION ( 'NONE',  ( 0.8660254037844384856, -0.5000000000000004441, 0.000000000000000000 ) ) ;
#1938 = PLANE ( 'NONE',  #3827 ) ;
#1939 = ORIENTED_EDGE ( 'NONE', *, *, #3350, .T. ) ;
#1940 = ORIENTED_EDGE ( 'NONE', *, *, #3049, .F. ) ;
#1941 = DIRECTION ( 'NONE',  ( 0.000000000000000000, 0.000000000000000000, 1.000000000000000000 ) ) ;
#1942 = DIRECTION ( 'NONE',  ( -1.000000000000000000, 0.000000000000000000, 0.000000000000000000 ) ) ;
#1943 = DIRECTION ( 'NONE',  ( 0.000000000000000000, 0.000000000000000000, 1.000000000000000000 ) ) ;
#1944 = DIRECTION ( 'NONE',  ( -0.7071067811865476838, -0.7071067811865474617, 0.000000000000000000 ) ) ;
#1945 = VECTOR ( 'NONE', #2427, 1000.000000000000000 ) ;
#1946 = CARTESIAN_POINT ( 'NONE',  ( 5.421010862427522170E-16, 5.068629150101527259, 3.049999999999999822 ) ) ;
#1947 = CARTESIAN_POINT ( 'NONE',  ( 6.095510970993386124, -22.45810536923829659, -1.000000000000000000 ) ) ;
#1948 = ORIENTED_EDGE ( 'NONE', *, *, #887, .T. ) ;
#1949 = VECTOR ( 'NONE', #4181, 1000.000000000000000 ) ;
#1950 = ORIENTED_EDGE ( 'NONE', *, *, #1437, .T. ) ;
#1951 = DIRECTION ( 'NONE',  ( 1.000000000000000000, 0.000000000000000000, -0.000000000000000000 ) ) ;
#1952 = DIRECTION ( 'NONE',  ( 0.000000000000000000, 0.000000000000000000, 1.000000000000000000 ) ) ;
#1953 = AXIS2_PLACEMENT_3D ( 'NONE', #3301, #2345, #4688 ) ;
#1954 = FACE_OUTER_BOUND ( 'NONE', #2469, .T. ) ;
#1955 = ORIENTED_EDGE ( 'NONE', *, *, #1335, .T. ) ;
#1956 = EDGE_CURVE ( 'NONE', #2132, #1802, #5577, .T. ) ;
#1957 = DIRECTION ( 'NONE',  ( 0.000000000000000000, 0.000000000000000000, 1.000000000000000000 ) ) ;
#1958 = EDGE_CURVE ( 'NONE', #1380, #3287, #1348, .T. ) ;
#1959 = FACE_OUTER_BOUND ( 'NONE', #5591, .T. ) ;
#1960 = CARTESIAN_POINT ( 'NONE',  ( 0.000000000000000000, -25.39999999999999858, 1.000000000000000000 ) ) ;
#1961 = DIRECTION ( 'NONE',  ( 0.000000000000000000, 0.000000000000000000, 1.000000000000000000 ) ) ;
#1962 = LINE ( 'NONE', #1035, #5919 ) ;
#1963 = ADVANCED_FACE ( 'NONE', ( #4645 ), #4184, .T. ) ;
#1964 = LINE ( 'NONE', #2520, #2357 ) ;
#1965 = EDGE_CURVE ( 'NONE', #1390, #2069, #1846, .T. ) ;
#1966 = VERTEX_POINT ( 'NONE', #5145 ) ;
#1967 = ORIENTED_EDGE ( 'NONE', *, *, #3424, .F. ) ;
#1968 = CARTESIAN_POINT ( 'NONE',  ( 0.000000000000000000, 0.000000000000000000, 2.286000000000000032 ) ) ;
#1969 = PLANE ( 'NONE',  #3788 ) ;
#1970 = ADVANCED_FACE ( 'NONE', ( #2796 ), #621, .F. ) ;
#1971 = PLANE ( 'NONE',  #1360 ) ;
#1972 = CARTESIAN_POINT ( 'NONE',  ( -15.52144660940672338, -9.878553390593269867, 1.000000000000000000 ) ) ;
#1973 = AXIS2_PLACEMENT_3D ( 'NONE', #939, #1871, #1309 ) ;
#1974 = CARTESIAN_POINT ( 'NONE',  ( -0.9942388155425078144, 4.648654403270939817, -2.286000000000000920 ) ) ;
#1975 = CARTESIAN_POINT ( 'NONE',  ( 0.5000000000000000000, -9.589935691983200172, -2.286000000000000032 ) ) ;
#1976 = ORIENTED_EDGE ( 'NONE', *, *, #2620, .T. ) ;
#1977 = EDGE_CURVE ( 'NONE', #4141, #1304, #2966, .T. ) ;
#1978 = ORIENTED_EDGE ( 'NONE', *, *, #4640, .F. ) ;
#1979 = VECTOR ( 'NONE', #3709, 1000.000000000000000 ) ;
#1980 = DIRECTION ( 'NONE',  ( 1.000000000000000000, 0.000000000000000000, 0.000000000000000000 ) ) ;
#1981 = CARTESIAN_POINT ( 'NONE',  ( -3.239935691983203636, 0.5000000000000000000, -2.286000000000000032 ) ) ;
#1982 = ORIENTED_EDGE ( 'NONE', *, *, #4794, .F. ) ;
#1983 = CARTESIAN_POINT ( 'NONE',  ( -2.943394698145813226, -11.57798054788380604, 2.286000000000000032 ) ) ;
#1984 = CIRCLE ( 'NONE', #1188, 3.150000000000000799 ) ;
#1985 = ORIENTED_EDGE ( 'NONE', *, *, #4075, .F. ) ;
#1986 = CARTESIAN_POINT ( 'NONE',  ( 8.450000000000002842, 2.571758278209442450E-16, 2.286000000000000032 ) ) ;
#1987 = LINE ( 'NONE', #4791, #3818 ) ;
#1988 = VERTEX_POINT ( 'NONE', #2101 ) ;
#1989 = AXIS2_PLACEMENT_3D ( 'NONE', #4586, #6027, #4784 ) ;
#1990 = ORIENTED_EDGE ( 'NONE', *, *, #5021, .F. ) ;
#1991 = EDGE_CURVE ( 'NONE', #1605, #5027, #2997, .T. ) ;
#1992 = CARTESIAN_POINT ( 'NONE',  ( 2.443394698145808785, -10.71195514409937033, 2.286000000000000032 ) ) ;
#1993 = FACE_OUTER_BOUND ( 'NONE', #5425, .T. ) ;
#1994 = CIRCLE ( 'NONE', #2296, 3.149999999999999023 ) ;
#1995 = LINE ( 'NONE', #3847, #5797 ) ;
#1996 = EDGE_LOOP ( 'NONE', ( #5684, #2697, #5753, #3562 ) ) ;
#1997 = VERTEX_POINT ( 'NONE', #2044 ) ;
#1998 = ADVANCED_FACE ( 'NONE', ( #5777 ), #3028, .F. ) ;
#1999 = AXIS2_PLACEMENT_3D ( 'NONE', #5435, #4047, #4975 ) ;
#2000 = PLANE ( 'NONE',  #2707 ) ;
#2001 = CARTESIAN_POINT ( 'NONE',  ( -0.5000000000000000000, -3.110064308016796897, -2.286000000000000032 ) ) ;
#2002 = EDGE_CURVE ( 'NONE', #5694, #5173, #3983, .T. ) ;
#2003 = DIRECTION ( 'NONE',  ( -0.2425356250363329691, 0.9701425001453319874, 0.000000000000000000 ) ) ;
#2004 = CARTESIAN_POINT ( 'NONE',  ( 9.806086401974788203, -7.615803645312682946, 3.049999999999999822 ) ) ;
#2005 = ORIENTED_EDGE ( 'NONE', *, *, #1557, .F. ) ;
#2006 = ADVANCED_FACE ( 'NONE', ( #4812 ), #5861, .T. ) ;
#2007 = DIRECTION ( 'NONE',  ( -0.000000000000000000, -0.000000000000000000, -1.000000000000000000 ) ) ;
#2008 = FACE_OUTER_BOUND ( 'NONE', #4576, .T. ) ;
#2009 = ORIENTED_EDGE ( 'NONE', *, *, #2811, .T. ) ;
#2010 = ORIENTED_EDGE ( 'NONE', *, *, #4653, .T. ) ;
#2011 = CARTESIAN_POINT ( 'NONE',  ( 0.000000000000000000, -12.69999999999999929, 1.000000000000000000 ) ) ;
#2012 = CARTESIAN_POINT ( 'NONE',  ( -8.195594171531652705, -2.552700952718198746, 2.286000000000000032 ) ) ;
#2013 = ORIENTED_EDGE ( 'NONE', *, *, #2986, .T. ) ;
#2014 = CIRCLE ( 'NONE', #3488, 5.200000000000001066 ) ;
#2015 = DIRECTION ( 'NONE',  ( 0.7071067811865475727, -0.7071067811865475727, 0.000000000000000000 ) ) ;
#2016 = ADVANCED_FACE ( 'NONE', ( #2535 ), #3925, .T. ) ;
#2017 = VECTOR ( 'NONE', #4976, 1000.000000000000000 ) ;
#2018 = CARTESIAN_POINT ( 'NONE',  ( 6.350000000000001421, 0.000000000000000000, 1.000000000000000000 ) ) ;
#2019 = VECTOR ( 'NONE', #5207, 999.9999999999998863 ) ;
#2020 = ORIENTED_EDGE ( 'NONE', *, *, #2841, .T. ) ;
#2021 = LINE ( 'NONE', #3377, #6043 ) ;
#2022 = VECTOR ( 'NONE', #2832, 999.9999999999998863 ) ;
#2023 = AXIS2_PLACEMENT_3D ( 'NONE', #277, #1230, #1264 ) ;
#2024 = DIRECTION ( 'NONE',  ( -0.8660254037844384856, 0.5000000000000004441, 0.000000000000000000 ) ) ;
#2025 = LINE ( 'NONE', #4763, #1551 ) ;
#2026 = CIRCLE ( 'NONE', #4483, 3.149999999999999023 ) ;
#2027 = VERTEX_POINT ( 'NONE', #127 ) ;
#2028 = CYLINDRICAL_SURFACE ( 'NONE', #1486, 5.199999999999998401 ) ;
#2029 = LINE ( 'NONE', #576, #5306 ) ;
#2030 = VERTEX_POINT ( 'NONE', #681 ) ;
#2031 = ORIENTED_EDGE ( 'NONE', *, *, #3247, .F. ) ;
#2032 = FACE_OUTER_BOUND ( 'NONE', #3665, .T. ) ;
#2033 = DIRECTION ( 'NONE',  ( 0.000000000000000000, 0.000000000000000000, 1.000000000000000000 ) ) ;
#2034 = CARTESIAN_POINT ( 'NONE',  ( 8.902700952718200611, -1.845594171531649730, 2.286000000000000032 ) ) ;
#2036 = EDGE_CURVE ( 'NONE', #1496, #3651, #3895, .T. ) ;
#2035 = DIRECTION ( 'NONE',  ( -0.7071067811865474617, -0.7071067811865474617, 0.000000000000000000 ) ) ;
#2037 = EDGE_CURVE ( 'NONE', #3578, #3280, #4905, .T. ) ;
#2038 = ORIENTED_EDGE ( 'NONE', *, *, #1930, .T. ) ;
#2039 = CC_DESIGN_DATE_AND_TIME_ASSIGNMENT ( #3077, #4522, ( #3846 ) ) ;
#2040 = FACE_OUTER_BOUND ( 'NONE', #1185, .T. ) ;
#2041 = CYLINDRICAL_SURFACE ( 'NONE', #1627, 3.149999999999999023 ) ;
#2042 = VERTEX_POINT ( 'NONE', #4016 ) ;
#2043 = EDGE_LOOP ( 'NONE', ( #2082, #5849, #15, #3485, #841, #2363 ) ) ;
#2044 = CARTESIAN_POINT ( 'NONE',  ( 0.5000000000000000000, -3.110064308016796897, 2.286000000000000032 ) ) ;
#2045 = DIRECTION ( 'NONE',  ( 0.000000000000000000, 0.000000000000000000, 1.000000000000000000 ) ) ;
#2046 = EDGE_CURVE ( 'NONE', #60, #5642, #1573, .T. ) ;
#2047 = CIRCLE ( 'NONE', #1357, 3.149999999999999911 ) ;
#2048 = DIRECTION ( 'NONE',  ( -0.7071067811865474617, -0.7071067811865476838, 0.000000000000000000 ) ) ;
#2049 = FACE_OUTER_BOUND ( 'NONE', #4153, .T. ) ;
#2050 = VECTOR ( 'NONE', #2702, 1000.000000000000000 ) ;
#2051 = FACE_OUTER_BOUND ( 'NONE', #5749, .T. ) ;
#2052 = ORIENTED_EDGE ( 'NONE', *, *, #3622, .T. ) ;
#2053 = CARTESIAN_POINT ( 'NONE',  ( 3.110064308016796897, 0.5000000000000000000, 2.286000000000000032 ) ) ;
#2054 = AXIS2_PLACEMENT_3D ( 'NONE', #4835, #3885, #4431 ) ;
#2055 = FACE_OUTER_BOUND ( 'NONE', #4716, .T. ) ;
#2056 = CARTESIAN_POINT ( 'NONE',  ( 2.100000000000000089, -0.5000000000000000000, 2.286000000000000032 ) ) ;
#2057 = VECTOR ( 'NONE', #2120, 1000.000000000000114 ) ;
#2058 = ORIENTED_EDGE ( 'NONE', *, *, #3719, .F. ) ;
#2059 = CARTESIAN_POINT ( 'NONE',  ( 9.806086401974791755, -7.615803645312685610, 2.286000000000000032 ) ) ;
#2060 = DIRECTION ( 'NONE',  ( -0.000000000000000000, -0.000000000000000000, -1.000000000000000000 ) ) ;
#2061 = ORIENTED_EDGE ( 'NONE', *, *, #683, .F. ) ;
#2062 = VERTEX_POINT ( 'NONE', #5377 ) ;
#2063 = CARTESIAN_POINT ( 'NONE',  ( 5.218629150101526726, 1.838477631085024822, 2.286000000000000032 ) ) ;
#2064 = CARTESIAN_POINT ( 'NONE',  ( -0.9942388155425073704, 4.648654403270940705, 2.286000000000000032 ) ) ;
#2065 = ORIENTED_EDGE ( 'NONE', *, *, #5055, .T. ) ;
#2067 = EDGE_CURVE ( 'NONE', #5740, #363, #4413, .T. ) ;
#2066 = FACE_OUTER_BOUND ( 'NONE', #6084, .T. ) ;
#2068 = LINE ( 'NONE', #617, #3399 ) ;
#2069 = VERTEX_POINT ( 'NONE', #1545 ) ;
#2070 = CARTESIAN_POINT ( 'NONE',  ( -0.4242640687119342835, 4.078679656440360013, -1.000000000000000000 ) ) ;
#2071 = CARTESIAN_POINT ( 'NONE',  ( -9.500000000000001776, 0.000000000000000000, -2.286000000000000032 ) ) ;
#2072 = ORIENTED_EDGE ( 'NONE', *, *, #1133, .T. ) ;
#2073 = CARTESIAN_POINT ( 'NONE',  ( 1.545584412271569397, 5.200000000000000178, -3.049999999999999822 ) ) ;
#2074 = DIRECTION ( 'NONE',  ( 0.000000000000000000, 0.000000000000000000, 1.000000000000000000 ) ) ;
#2075 = EDGE_CURVE ( 'NONE', #314, #210, #2579, .T. ) ;
#2076 = CIRCLE ( 'NONE', #3059, 2.100000000000000089 ) ;
#2077 = DIRECTION ( 'NONE',  ( 0.000000000000000000, 0.000000000000000000, 1.000000000000000000 ) ) ;
#2078 = ORIENTED_EDGE ( 'NONE', *, *, #359, .T. ) ;
#2079 = EDGE_CURVE ( 'NONE', #2271, #1931, #1639, .T. ) ;
#2080 = DIRECTION ( 'NONE',  ( 0.7071067811865470176, -0.7071067811865479058, 0.000000000000000000 ) ) ;
#2081 = CARTESIAN_POINT ( 'NONE',  ( 2.068653347947322807, -24.78301270189222549, 2.286000000000000032 ) ) ;
#2082 = ORIENTED_EDGE ( 'NONE', *, *, #4295, .T. ) ;
#2083 = CARTESIAN_POINT ( 'NONE',  ( 4.511522368914977932, 1.131370849898477582, 2.286000000000000032 ) ) ;
#2084 = ORIENTED_EDGE ( 'NONE', *, *, #5169, .T. ) ;
#2085 = DIRECTION ( 'NONE',  ( -1.000000000000000000, 0.000000000000000000, 0.000000000000000000 ) ) ;
#2086 = CARTESIAN_POINT ( 'NONE',  ( -3.797299047281801787, 1.845594171531649952, 1.000000000000000000 ) ) ;
#2087 = VECTOR ( 'NONE', #5484, 1000.000000000000000 ) ;
#2088 = ORIENTED_EDGE ( 'NONE', *, *, #2224, .F. ) ;
#2089 = EDGE_CURVE ( 'NONE', #4552, #3375, #3458, .T. ) ;
#2090 = ADVANCED_FACE ( 'NONE', ( #5344 ), #4934, .F. ) ;
#2091 = AXIS2_PLACEMENT_3D ( 'NONE', #373, #3608, #1668 ) ;
#2092 = DIRECTION ( 'NONE',  ( 1.000000000000000000, 1.365923996832131116E-16, 0.000000000000000000 ) ) ;
#2093 = CARTESIAN_POINT ( 'NONE',  ( 2.100000000000001421, -12.69999999999999929, 2.286000000000000032 ) ) ;
#2094 = AXIS2_PLACEMENT_3D ( 'NONE', #4179, #6057, #504 ) ;
#2095 = DIRECTION ( 'NONE',  ( 0.000000000000000000, 0.000000000000000000, 1.000000000000000000 ) ) ;
#2096 = EDGE_LOOP ( 'NONE', ( #4606, #1082, #1420, #4700 ) ) ;
#2097 = CIRCLE ( 'NONE', #5838, 6.199999999999999289 ) ;
#2098 = CARTESIAN_POINT ( 'NONE',  ( 5.044741000755725402, -26.66118525018893237, 1.000000000000000000 ) ) ;
#2099 = CARTESIAN_POINT ( 'NONE',  ( 3.110064308016796897, 0.5000000000000000000, 2.286000000000000032 ) ) ;
#2100 = VERTEX_POINT ( 'NONE', #1049 ) ;
#2101 = CARTESIAN_POINT ( 'NONE',  ( 4.504405828468352802, 2.552700952718199634, -1.000000000000000000 ) ) ;
#2102 = CARTESIAN_POINT ( 'NONE',  ( 6.350000000000001421, 0.000000000000000000, -1.000000000000000000 ) ) ;
#2103 = ORIENTED_EDGE ( 'NONE', *, *, #4415, .F. ) ;
#2104 = CARTESIAN_POINT ( 'NONE',  ( -11.54999999999999893, 0.000000000000000000, -3.049999999999999822 ) ) ;
#2105 = DIRECTION ( 'NONE',  ( 0.000000000000000000, 0.000000000000000000, 1.000000000000000000 ) ) ;
#2106 = VECTOR ( 'NONE', #3418, 1000.000000000000114 ) ;
#2107 = VERTEX_POINT ( 'NONE', #2070 ) ;
#2108 = ORIENTED_EDGE ( 'NONE', *, *, #3441, .F. ) ;
#2109 = CARTESIAN_POINT ( 'NONE',  ( 3.239935691983204524, -0.5000000000000000000, -2.286000000000000032 ) ) ;
#2110 = EDGE_CURVE ( 'NONE', #4439, #1521, #3952, .T. ) ;
#2111 = CYLINDRICAL_SURFACE ( 'NONE', #4060, 3.149999999999999023 ) ;
#2112 = AXIS2_PLACEMENT_3D ( 'NONE', #2291, #4633, #5990 ) ;
#2113 = EDGE_CURVE ( 'NONE', #4969, #2876, #6030, .T. ) ;
#2114 = CIRCLE ( 'NONE', #5079, 3.149999999999999467 ) ;
#2115 = LINE ( 'NONE', #3527, #79 ) ;
#2116 = VERTEX_POINT ( 'NONE', #2162 ) ;
#2117 = VECTOR ( 'NONE', #4247, 999.9999999999998863 ) ;
#2118 = AXIS2_PLACEMENT_3D ( 'NONE', #1508, #5774, #5857 ) ;
#2119 = FACE_OUTER_BOUND ( 'NONE', #4085, .T. ) ;
#2120 = DIRECTION ( 'NONE',  ( -0.8660254037844361541, -0.5000000000000043299, 0.000000000000000000 ) ) ;
#2121 = ADVANCED_FACE ( 'NONE', ( #2750 ), #805, .F. ) ;
#2122 = VERTEX_POINT ( 'NONE', #1794 ) ;
#2123 = VECTOR ( 'NONE', #3338, 1000.000000000000000 ) ;
#2124 = VECTOR ( 'NONE', #5588, 1000.000000000000227 ) ;
#2125 = DIRECTION ( 'NONE',  ( -0.000000000000000000, -0.000000000000000000, -1.000000000000000000 ) ) ;
#2126 = MECHANICAL_CONTEXT ( 'NONE', #1500, 'mechanical' ) ;
#2127 = PLANE ( 'NONE',  #4770 ) ;
#2128 = CARTESIAN_POINT ( 'NONE',  ( 0.000000000000000000, -12.69999999999999929, 2.286000000000000032 ) ) ;
#2129 = ORIENTED_EDGE ( 'NONE', *, *, #677, .T. ) ;
#2130 = CARTESIAN_POINT ( 'NONE',  ( 0.000000000000000000, -25.39999999999999858, -1.000000000000000000 ) ) ;
#2131 = DIRECTION ( 'NONE',  ( 1.000000000000000000, 1.365923996832131116E-16, -0.000000000000000000 ) ) ;
#2132 = VERTEX_POINT ( 'NONE', #4566 ) ;
#2133 = DIRECTION ( 'NONE',  ( 0.000000000000000000, 0.000000000000000000, 1.000000000000000000 ) ) ;
#2134 = CARTESIAN_POINT ( 'NONE',  ( 3.239935691983204524, -0.5000000000000000000, 2.286000000000000032 ) ) ;
#2135 = VERTEX_POINT ( 'NONE', #5557 ) ;
#2136 = DIRECTION ( 'NONE',  ( -0.000000000000000000, -0.000000000000000000, -1.000000000000000000 ) ) ;
#2137 = LINE ( 'NONE', #1207, #1220 ) ;
#2138 = ORIENTED_EDGE ( 'NONE', *, *, #594, .F. ) ;
#2139 = ORIENTED_EDGE ( 'NONE', *, *, #4865, .T. ) ;
#2140 = LINE ( 'NONE', #2600, #219 ) ;
#2141 = CARTESIAN_POINT ( 'NONE',  ( 4.732465839245183048, -27.55494015702928223, 3.049999999999999822 ) ) ;
#2142 = CIRCLE ( 'NONE', #5786, 2.100000000000000977 ) ;
#2143 = DIRECTION ( 'NONE',  ( -0.000000000000000000, 0.000000000000000000, -1.000000000000000000 ) ) ;
#2144 = ORIENTED_EDGE ( 'NONE', *, *, #757, .F. ) ;
#2145 = ADVANCED_FACE ( 'NONE', ( #4133 ), #6012, .F. ) ;
#2146 = ADVANCED_FACE ( 'NONE', ( #3673 ), #1697, .F. ) ;
#2147 = VECTOR ( 'NONE', #3337, 1000.000000000000000 ) ;
#2148 = LINE ( 'NONE', #5514, #2877 ) ;
#2149 = CARTESIAN_POINT ( 'NONE',  ( 6.350000000000001421, 0.000000000000000000, 3.049999999999999822 ) ) ;
#2150 = ORIENTED_EDGE ( 'NONE', *, *, #5363, .T. ) ;
#2151 = AXIS2_PLACEMENT_3D ( 'NONE', #5760, #637, #1531 ) ;
#2152 = CARTESIAN_POINT ( 'NONE',  ( -5.044741000755725402, -26.66118525018892882, -1.000000000000000000 ) ) ;
#2153 = APPLICATION_PROTOCOL_DEFINITION ( 'international standard', 'config_control_design', 1994, #1500 ) ;
#2154 = ADVANCED_FACE ( 'NONE', ( #3219 ), #1296, .T. ) ;
#2155 = CARTESIAN_POINT ( 'NONE',  ( 0.000000000000000000, -25.39999999999999858, 1.000000000000000000 ) ) ;
#2156 = CARTESIAN_POINT ( 'NONE',  ( -0.5000000000000002220, -22.28993569198320301, -1.000000000000000000 ) ) ;
#2157 = VERTEX_POINT ( 'NONE', #2286 ) ;
#2158 = DIRECTION ( 'NONE',  ( -0.000000000000000000, -0.000000000000000000, -1.000000000000000000 ) ) ;
#2159 = FACE_OUTER_BOUND ( 'NONE', #5634, .T. ) ;
#2160 = ADVANCED_FACE ( 'NONE', ( #5890 ), #2687, .T. ) ;
#2161 = VERTEX_POINT ( 'NONE', #3184 ) ;
#2162 = CARTESIAN_POINT ( 'NONE',  ( -4.504405828468348361, 2.552700952718197858, -2.286000000000000032 ) ) ;
#2163 = LINE ( 'NONE', #1698, #4641 ) ;
#2164 = VERTEX_POINT ( 'NONE', #4966 ) ;
#2165 = ADVANCED_FACE ( 'NONE', ( #2657 ), #2624, .T. ) ;
#2166 = CARTESIAN_POINT ( 'NONE',  ( 10.14345675219928111, -6.266322244414721965, 3.049999999999999822 ) ) ;
#2167 = CARTESIAN_POINT ( 'NONE',  ( -9.500000000000001776, 0.000000000000000000, 1.000000000000000000 ) ) ;
#2168 = EDGE_CURVE ( 'NONE', #1127, #4810, #5464, .T. ) ;
#2169 = CARTESIAN_POINT ( 'NONE',  ( 0.000000000000000000, -12.69999999999999929, 1.000000000000000000 ) ) ;
#2170 = ORIENTED_EDGE ( 'NONE', *, *, #5816, .T. ) ;
#2171 = VERTEX_POINT ( 'NONE', #5001 ) ;
#2172 = EDGE_LOOP ( 'NONE', ( #904, #3226, #651, #4257, #3118, #393, #1773, #4125, #3227, #5712, #1801, #5608, #2198, #6070, #680, #1471, #214, #507, #5762, #5491 ) ) ;
#2173 = DIRECTION ( 'NONE',  ( -1.000000000000000000, 0.000000000000000000, 0.000000000000000000 ) ) ;
#2174 = CARTESIAN_POINT ( 'NONE',  ( 2.068653347947319698, -13.31698729810779014, 2.286000000000000032 ) ) ;
#2175 = CIRCLE ( 'NONE', #1973, 2.100000000000001421 ) ;
#2176 = FACE_OUTER_BOUND ( 'NONE', #3943, .T. ) ;
#2177 = ORIENTED_EDGE ( 'NONE', *, *, #3269, .F. ) ;
#2178 = DIRECTION ( 'NONE',  ( 0.8660254037844400399, -0.4999999999999975020, 0.000000000000000000 ) ) ;
#2179 = VECTOR ( 'NONE', #1419, 1000.000000000000000 ) ;
#2180 = CARTESIAN_POINT ( 'NONE',  ( -10.77945120687967773, -3.722344425693126624, 3.049999999999999822 ) ) ;
#2181 = ORIENTED_EDGE ( 'NONE', *, *, #1900, .T. ) ;
#2182 = EDGE_CURVE ( 'NONE', #1304, #2122, #778, .T. ) ;
#2183 = CYLINDRICAL_SURFACE ( 'NONE', #3396, 3.150000000000000799 ) ;
#2184 = VECTOR ( 'NONE', #4987, 1000.000000000000000 ) ;
#2185 = CARTESIAN_POINT ( 'NONE',  ( -6.350000000000001421, 0.000000000000000000, 2.286000000000000032 ) ) ;
#2186 = CARTESIAN_POINT ( 'NONE',  ( 0.5000000000000000000, -22.28993569198320301, 2.286000000000000032 ) ) ;
#2187 = ORIENTED_EDGE ( 'NONE', *, *, #1828, .F. ) ;
#2188 = FACE_OUTER_BOUND ( 'NONE', #2823, .T. ) ;
#2189 = EDGE_CURVE ( 'NONE', #3296, #3922, #2196, .T. ) ;
#2190 = VECTOR ( 'NONE', #3263, 1000.000000000000000 ) ;
#2191 = EDGE_CURVE ( 'NONE', #2448, #2845, #4162, .T. ) ;
#2192 = CYLINDRICAL_SURFACE ( 'NONE', #3390, 3.149999999999999023 ) ;
#2193 = CARTESIAN_POINT ( 'NONE',  ( -8.450000000000002842, 0.000000000000000000, 2.286000000000000032 ) ) ;
#2194 = VECTOR ( 'NONE', #4945, 1000.000000000000114 ) ;
#2195 = ORIENTED_EDGE ( 'NONE', *, *, #5747, .F. ) ;
#2196 = LINE ( 'NONE', #4073, #3864 ) ;
#2197 = FACE_OUTER_BOUND ( 'NONE', #5283, .T. ) ;
#2198 = ORIENTED_EDGE ( 'NONE', *, *, #641, .F. ) ;
#2199 = VECTOR ( 'NONE', #94, 1000.000000000000114 ) ;
#2200 = CARTESIAN_POINT ( 'NONE',  ( 0.000000000000000000, 0.5000000000000004441, -1.000000000000000000 ) ) ;
#2201 = LINE ( 'NONE', #1339, #1424 ) ;
#2202 = DIRECTION ( 'NONE',  ( -0.000000000000000000, -0.000000000000000000, -1.000000000000000000 ) ) ;
#2203 = EDGE_LOOP ( 'NONE', ( #2939, #528, #5153, #5604 ) ) ;
#2204 = ORIENTED_EDGE ( 'NONE', *, *, #5731, .T. ) ;
#2205 = ORIENTED_EDGE ( 'NONE', *, *, #834, .F. ) ;
#2206 = DIRECTION ( 'NONE',  ( 0.000000000000000000, 0.000000000000000000, 1.000000000000000000 ) ) ;
#2207 = EDGE_CURVE ( 'NONE', #2663, #320, #1266, .T. ) ;
#2208 = DIRECTION ( 'NONE',  ( -0.7071067811865474617, 0.7071067811865474617, 0.000000000000000000 ) ) ;
#2209 = ORIENTED_EDGE ( 'NONE', *, *, #3370, .T. ) ;
#2210 = DIRECTION ( 'NONE',  ( 1.000000000000000000, 0.000000000000000000, 0.000000000000000000 ) ) ;
#2211 = DIRECTION ( 'NONE',  ( 0.000000000000000000, 0.000000000000000000, 1.000000000000000000 ) ) ;
#2212 = VERTEX_POINT ( 'NONE', #341 ) ;
#2213 = CIRCLE ( 'NONE', #2317, 5.200000000000000178 ) ;
#2214 = DIRECTION ( 'NONE',  ( 1.000000000000000000, 0.000000000000000000, 0.000000000000000000 ) ) ;
#2215 = APPROVAL_DATE_TIME ( #1158, #4408 ) ;
#2216 = VECTOR ( 'NONE', #3697, 1000.000000000000000 ) ;
#2217 = LINE ( 'NONE', #5853, #2419 ) ;
#2218 = CARTESIAN_POINT ( 'NONE',  ( -2.068653347947319698, -12.08301270189220844, 2.286000000000000032 ) ) ;
#2219 = ORIENTED_EDGE ( 'NONE', *, *, #2691, .F. ) ;
#2220 = CARTESIAN_POINT ( 'NONE',  ( 0.5000000000000000000, -2.100000000000000089, -2.286000000000000032 ) ) ;
#2221 = CIRCLE ( 'NONE', #3799, 2.100000000000000089 ) ;
#2222 = DIRECTION ( 'NONE',  ( -0.2425356250363329691, 0.9701425001453319874, 0.000000000000000000 ) ) ;
#2223 = CARTESIAN_POINT ( 'NONE',  ( 1.857106781186554478, 5.200000000000001066, 2.286000000000000032 ) ) ;
#2224 = EDGE_CURVE ( 'NONE', #3074, #1867, #4258, .T. ) ;
#2225 = ADVANCED_FACE ( 'NONE', ( #3643 ), #5526, .T. ) ;
#2226 = CARTESIAN_POINT ( 'NONE',  ( 0.000000000000000000, -25.39999999999999858, -2.286000000000000032 ) ) ;
#2227 = DIRECTION ( 'NONE',  ( -0.000000000000000000, -0.000000000000000000, -1.000000000000000000 ) ) ;
#2228 = EDGE_CURVE ( 'NONE', #5105, #5702, #4744, .T. ) ;
#2229 = EDGE_LOOP ( 'NONE', ( #2009, #1210, #2408, #2362 ) ) ;
#2230 = DIRECTION ( 'NONE',  ( 0.000000000000000000, 0.000000000000000000, -1.000000000000000000 ) ) ;
#2231 = DIRECTION ( 'NONE',  ( 1.000000000000000000, 0.000000000000000000, 0.000000000000000000 ) ) ;
#2232 = FACE_OUTER_BOUND ( 'NONE', #4727, .T. ) ;
#2233 = ORIENTED_EDGE ( 'NONE', *, *, #4326, .T. ) ;
#2234 = ADVANCED_FACE ( 'NONE', ( #6045 ), #4694, .T. ) ;
#2235 = EDGE_LOOP ( 'NONE', ( #5166, #514, #551, #753 ) ) ;
#2236 = ORIENTED_EDGE ( 'NONE', *, *, #109, .F. ) ;
#2237 = ORIENTED_EDGE ( 'NONE', *, *, #81, .T. ) ;
#2238 = FACE_BOUND ( 'NONE', #3650, .T. ) ;
#2239 = FACE_OUTER_BOUND ( 'NONE', #4913, .T. ) ;
#2240 = ORIENTED_EDGE ( 'NONE', *, *, #1195, .T. ) ;
#2241 = EDGE_CURVE ( 'NONE', #2533, #1350, #5216, .T. ) ;
#2242 = DIRECTION ( 'NONE',  ( -0.000000000000000000, -0.000000000000000000, -1.000000000000000000 ) ) ;
#2243 = CARTESIAN_POINT ( 'NONE',  ( 5.421010862427522170E-16, 5.068629150101527259, -3.050999999999999712 ) ) ;
#2244 = VECTOR ( 'NONE', #542, 999.9999999999998863 ) ;
#2245 = ORIENTED_EDGE ( 'NONE', *, *, #3507, .F. ) ;
#2246 = FACE_OUTER_BOUND ( 'NONE', #2740, .T. ) ;
#2247 = PERSON_AND_ORGANIZATION_ROLE ( 'creator' ) ;
#2248 = VECTOR ( 'NONE', #2208, 1000.000000000000114 ) ;
#2249 = LINE ( 'NONE', #460, #4154 ) ;
#2250 = CARTESIAN_POINT ( 'NONE',  ( -5.044741000755725402, -26.66118525018892882, 1.000000000000000000 ) ) ;
#2251 = AXIS2_PLACEMENT_3D ( 'NONE', #3853, #1537, #5732 ) ;
#2252 = VERTEX_POINT ( 'NONE', #2812 ) ;
#2253 = ORIENTED_EDGE ( 'NONE', *, *, #90, .F. ) ;
#2254 = CARTESIAN_POINT ( 'NONE',  ( -0.9942388155425078144, 4.648654403270939817, 2.286000000000000032 ) ) ;
#2255 = FACE_OUTER_BOUND ( 'NONE', #3659, .T. ) ;
#2256 = DIRECTION ( 'NONE',  ( -0.000000000000000000, -0.000000000000000000, -1.000000000000000000 ) ) ;
#2257 = CARTESIAN_POINT ( 'NONE',  ( -4.250000000000000000, -0.5000000000000000000, -2.286000000000000032 ) ) ;
#2258 = ORIENTED_EDGE ( 'NONE', *, *, #3554, .F. ) ;
#2259 = EDGE_CURVE ( 'NONE', #5027, #100, #2879, .T. ) ;
#2260 = LINE ( 'NONE', #2289, #5834 ) ;
#2261 = FACE_OUTER_BOUND ( 'NONE', #5600, .T. ) ;
#2262 = LINE ( 'NONE', #4138, #734 ) ;
#2263 = ORIENTED_EDGE ( 'NONE', *, *, #4908, .T. ) ;
#2264 = ORIENTED_EDGE ( 'NONE', *, *, #5055, .F. ) ;
#2265 = VERTEX_POINT ( 'NONE', #1860 ) ;
#2266 = ORIENTED_EDGE ( 'NONE', *, *, #5210, .F. ) ;
#2267 = DIRECTION ( 'NONE',  ( 1.000000000000000000, 0.000000000000000000, -0.000000000000000000 ) ) ;
#2268 = ADVANCED_FACE ( 'NONE', ( #521 ), #467, .T. ) ;
#2269 = CARTESIAN_POINT ( 'NONE',  ( 3.110064308016796453, 0.5000000000000004441, -1.000000000000000000 ) ) ;
#2270 = EDGE_CURVE ( 'NONE', #314, #5147, #1475, .T. ) ;
#2271 = VERTEX_POINT ( 'NONE', #1418 ) ;
#2272 = FACE_OUTER_BOUND ( 'NONE', #5439, .T. ) ;
#2273 = FACE_OUTER_BOUND ( 'NONE', #1996, .T. ) ;
#2274 = ORIENTED_EDGE ( 'NONE', *, *, #156, .T. ) ;
#2275 = EDGE_CURVE ( 'NONE', #1461, #1803, #4230, .T. ) ;
#2276 = CARTESIAN_POINT ( 'NONE',  ( 2.443394698145822108, -27.38804485590060978, -1.000000000000000444 ) ) ;
#2277 = AXIS2_PLACEMENT_3D ( 'NONE', #2102, #3516, #3985 ) ;
#2278 = LINE ( 'NONE', #3757, #5084 ) ;
#2279 = DIRECTION ( 'NONE',  ( 0.7071067811865479058, 0.7071067811865470176, -0.000000000000000000 ) ) ;
#2280 = EDGE_CURVE ( 'NONE', #5528, #452, #894, .T. ) ;
#2281 = ORIENTED_EDGE ( 'NONE', *, *, #4615, .T. ) ;
#2282 = VERTEX_POINT ( 'NONE', #1388 ) ;
#2283 = EDGE_CURVE ( 'NONE', #4014, #3616, #5445, .T. ) ;
#2284 = DIRECTION ( 'NONE',  ( -0.000000000000000000, -0.000000000000000000, -1.000000000000000000 ) ) ;
#2285 = DIRECTION ( 'NONE',  ( -0.2425356250363329691, 0.9701425001453319874, 0.000000000000000000 ) ) ;
#2286 = CARTESIAN_POINT ( 'NONE',  ( -3.797299047281800899, 1.845594171531650396, -2.286000000000000032 ) ) ;
#2287 = LINE ( 'NONE', #7, #4335 ) ;
#2288 = VERTEX_POINT ( 'NONE', #1885 ) ;
#2289 = CARTESIAN_POINT ( 'NONE',  ( 11.39474100075572949, -1.261185250188933349, 3.049999999999999822 ) ) ;
#2290 = LINE ( 'NONE', #5103, #1123 ) ;
#2291 = CARTESIAN_POINT ( 'NONE',  ( 0.000000000000000000, 0.000000000000000000, 2.286000000000000032 ) ) ;
#2292 = AXIS2_PLACEMENT_3D ( 'NONE', #3248, #2353, #5618 ) ;
#2293 = ORIENTED_EDGE ( 'NONE', *, *, #2618, .F. ) ;
#2294 = ORIENTED_EDGE ( 'NONE', *, *, #335, .F. ) ;
#2295 = EDGE_LOOP ( 'NONE', ( #3257, #5613, #647, #4444 ) ) ;
#2296 = AXIS2_PLACEMENT_3D ( 'NONE', #5529, #5071, #5501 ) ;
#2297 = ORIENTED_EDGE ( 'NONE', *, *, #4343, .T. ) ;
#2298 = CARTESIAN_POINT ( 'NONE',  ( 0.4242640687119291210, 4.078679656440360013, -3.049999999999999822 ) ) ;
#2299 = VECTOR ( 'NONE', #4851, 1000.000000000000000 ) ;
#2300 = CIRCLE ( 'NONE', #6036, 2.100000000000000977 ) ;
#2301 = DIRECTION ( 'NONE',  ( -0.000000000000000000, -0.000000000000000000, -1.000000000000000000 ) ) ;
#2302 = ORIENTED_EDGE ( 'NONE', *, *, #498, .T. ) ;
#2303 = CARTESIAN_POINT ( 'NONE',  ( -2.943394698145813226, -13.82201945211619254, 2.286000000000000032 ) ) ;
#2304 = EDGE_CURVE ( 'NONE', #5035, #3805, #2868, .T. ) ;
#2305 = PLANE ( 'NONE',  #4305 ) ;
#2306 = ORIENTED_EDGE ( 'NONE', *, *, #5423, .F. ) ;
#2307 = EDGE_CURVE ( 'NONE', #1842, #3331, #2779, .T. ) ;
#2308 = VECTOR ( 'NONE', #5814, 1000.000000000000000 ) ;
#2309 = FACE_OUTER_BOUND ( 'NONE', #1275, .T. ) ;
#2310 = AXIS2_PLACEMENT_3D ( 'NONE', #151, #2033, #1010 ) ;
#2311 = LINE ( 'NONE', #1382, #2117 ) ;
#2312 = EDGE_CURVE ( 'NONE', #3680, #1405, #670, .T. ) ;
#2313 = VECTOR ( 'NONE', #2222, 999.9999999999998863 ) ;
#2314 = LINE ( 'NONE', #976, #3930 ) ;
#2315 = VERTEX_POINT ( 'NONE', #3798 ) ;
#2316 = ORIENTED_EDGE ( 'NONE', *, *, #765, .T. ) ;
#2317 = AXIS2_PLACEMENT_3D ( 'NONE', #3549, #4911, #5839 ) ;
#2318 = AXIS2_PLACEMENT_3D ( 'NONE', #1582, #3755, #3326 ) ;
#2319 = LINE ( 'NONE', #2717, #2599 ) ;
#2320 = DIRECTION ( 'NONE',  ( 0.7071067811865476838, -0.7071067811865474617, 0.000000000000000000 ) ) ;
#2321 = CIRCLE ( 'NONE', #148, 3.149999999999999911 ) ;
#2322 = CARTESIAN_POINT ( 'NONE',  ( 6.350000000000001421, 0.000000000000000000, 2.286000000000000032 ) ) ;
#2323 = VECTOR ( 'NONE', #3026, 1000.000000000000000 ) ;
#2324 = CARTESIAN_POINT ( 'NONE',  ( -3.149999999999999023, -25.39999999999999858, 2.286000000000000032 ) ) ;
#2325 = VERTEX_POINT ( 'NONE', #4285 ) ;
#2326 = AXIS2_PLACEMENT_3D ( 'NONE', #2407, #4836, #3854 ) ;
#2327 = DIRECTION ( 'NONE',  ( -0.7071067811865477948, -0.7071067811865473507, 0.000000000000000000 ) ) ;
#2328 = DIRECTION ( 'NONE',  ( 0.000000000000000000, 0.000000000000000000, 1.000000000000000000 ) ) ;
#2329 = FACE_OUTER_BOUND ( 'NONE', #3027, .T. ) ;
#2330 = VERTEX_POINT ( 'NONE', #1011 ) ;
#2331 = ORIENTED_EDGE ( 'NONE', *, *, #5928, .T. ) ;
#2332 = ORIENTED_EDGE ( 'NONE', *, *, #4146, .T. ) ;
#2333 = ORIENTED_EDGE ( 'NONE', *, *, #2079, .F. ) ;
#2334 = CARTESIAN_POINT ( 'NONE',  ( 8.450000000000002842, 2.571758278209442450E-16, -2.286000000000000032 ) ) ;
#2335 = CARTESIAN_POINT ( 'NONE',  ( 10.14345675219928111, -6.266322244414721965, 3.049999999999999822 ) ) ;
#2336 = EDGE_LOOP ( 'NONE', ( #1260, #2926, #3195, #4488 ) ) ;
#2337 = LINE ( 'NONE', #70, #2190 ) ;
#2338 = CARTESIAN_POINT ( 'NONE',  ( 0.000000000000000000, -25.39999999999999858, 1.000000000000000000 ) ) ;
#2339 = ORIENTED_EDGE ( 'NONE', *, *, #5288, .T. ) ;
#2340 = EDGE_CURVE ( 'NONE', #4799, #2164, #4309, .T. ) ;
#2341 = EDGE_CURVE ( 'NONE', #1997, #720, #956, .T. ) ;
#2342 = DIRECTION ( 'NONE',  ( 0.2425356250363329691, -0.9701425001453319874, 0.000000000000000000 ) ) ;
#2343 = LINE ( 'NONE', #4220, #5725 ) ;
#2344 = CIRCLE ( 'NONE', #2637, 3.150000000000000799 ) ;
#2345 = DIRECTION ( 'NONE',  ( -0.000000000000000000, -0.000000000000000000, -1.000000000000000000 ) ) ;
#2346 = ORIENTED_EDGE ( 'NONE', *, *, #2764, .T. ) ;
#2347 = ORIENTED_EDGE ( 'NONE', *, *, #272, .F. ) ;
#2348 = EDGE_CURVE ( 'NONE', #1867, #777, #5402, .T. ) ;
#2349 = AXIS2_PLACEMENT_3D ( 'NONE', #5541, #6063, #1847 ) ;
#2350 = FACE_OUTER_BOUND ( 'NONE', #3610, .T. ) ;
#2351 = FACE_OUTER_BOUND ( 'NONE', #3476, .T. ) ;
#2352 = AXIS2_PLACEMENT_3D ( 'NONE', #2399, #58, #3731 ) ;
#2353 = DIRECTION ( 'NONE',  ( -0.000000000000000000, -0.000000000000000000, -1.000000000000000000 ) ) ;
#2354 = PLANE ( 'NONE',  #5141 ) ;
#2355 = VERTEX_POINT ( 'NONE', #495 ) ;
#2356 = EDGE_CURVE ( 'NONE', #2999, #755, #1829, .T. ) ;
#2357 = VECTOR ( 'NONE', #4426, 1000.000000000000000 ) ;
#2358 = DIRECTION ( 'NONE',  ( 1.000000000000000000, 0.000000000000000000, 0.000000000000000000 ) ) ;
#2359 = DIRECTION ( 'NONE',  ( 0.9701425001453319874, 0.2425356250363329136, -0.000000000000000000 ) ) ;
#2360 = ORIENTED_EDGE ( 'NONE', *, *, #547, .F. ) ;
#2361 = VERTEX_POINT ( 'NONE', #2463 ) ;
#2362 = ORIENTED_EDGE ( 'NONE', *, *, #44, .F. ) ;
#2363 = ORIENTED_EDGE ( 'NONE', *, *, #5912, .F. ) ;
#2364 = DIRECTION ( 'NONE',  ( -0.000000000000000000, -0.000000000000000000, -1.000000000000000000 ) ) ;
#2365 = EDGE_CURVE ( 'NONE', #5165, #3630, #673, .T. ) ;
#2366 = CARTESIAN_POINT ( 'NONE',  ( -6.350000000000001421, 0.000000000000000000, -1.000000000000000000 ) ) ;
#2367 = ORIENTED_EDGE ( 'NONE', *, *, #4788, .T. ) ;
#2368 = CARTESIAN_POINT ( 'NONE',  ( 0.000000000000000000, -12.69999999999999929, -2.286000000000000032 ) ) ;
#2369 = LINE ( 'NONE', #5229, #3876 ) ;
#2370 = CARTESIAN_POINT ( 'NONE',  ( 7.332364143057841233, -17.51069268098047971, -1.000000000000000000 ) ) ;
#2371 = DIRECTION ( 'NONE',  ( 1.000000000000000000, 0.000000000000000000, 0.000000000000000000 ) ) ;
#2372 = CARTESIAN_POINT ( 'NONE',  ( -4.511522368914977044, 1.131370849898475139, 2.286000000000000032 ) ) ;
#2373 = ORIENTED_EDGE ( 'NONE', *, *, #1622, .T. ) ;
#2374 = VERTEX_POINT ( 'NONE', #1503 ) ;
#2375 = MANIFOLD_SOLID_BREP ( '228-2500-1189', #4178 ) ;
#2376 = DIRECTION ( 'NONE',  ( -0.000000000000000000, -0.000000000000000000, -1.000000000000000000 ) ) ;
#2377 = DIRECTION ( 'NONE',  ( 0.8660254037844360431, 0.5000000000000044409, -0.000000000000000000 ) ) ;
#2378 = DIRECTION ( 'NONE',  ( -1.000000000000000000, 0.000000000000000000, 0.000000000000000000 ) ) ;
#2379 = DIRECTION ( 'NONE',  ( 1.000000000000000000, 1.365923996832131116E-16, -0.000000000000000000 ) ) ;
#2380 = ADVANCED_FACE ( 'NONE', ( #3915 ), #1971, .T. ) ;
#2381 = VERTEX_POINT ( 'NONE', #4313 ) ;
#2382 = ADVANCED_FACE ( 'NONE', ( #5335 ), #3391, .T. ) ;
#2383 = CARTESIAN_POINT ( 'NONE',  ( -6.350000000000001421, 0.000000000000000000, -2.286000000000000032 ) ) ;
#2384 = CARTESIAN_POINT ( 'NONE',  ( 0.000000000000000000, 0.000000000000000000, 2.286000000000000032 ) ) ;
#2385 = ORIENTED_EDGE ( 'NONE', *, *, #3302, .T. ) ;
#2386 = ORIENTED_EDGE ( 'NONE', *, *, #3958, .F. ) ;
#2387 = VERTEX_POINT ( 'NONE', #645 ) ;
#2388 = PLANE ( 'NONE',  #5347 ) ;
#2389 = AXIS2_PLACEMENT_3D ( 'NONE', #4877, #2133, #5831 ) ;
#2390 = CARTESIAN_POINT ( 'NONE',  ( 2.443394698145819000, -23.41195514409938383, 1.000000000000000000 ) ) ;
#2391 = ORIENTED_EDGE ( 'NONE', *, *, #572, .F. ) ;
#2392 = EDGE_CURVE ( 'NONE', #2611, #2474, #91, .T. ) ;
#2393 = VECTOR ( 'NONE', #3230, 1000.000000000000000 ) ;
#2394 = CARTESIAN_POINT ( 'NONE',  ( 2.068653347947320587, -12.08301270189220844, 2.286000000000000032 ) ) ;
#2395 = EDGE_LOOP ( 'NONE', ( #942, #1726, #1181, #601 ) ) ;
#2396 = VECTOR ( 'NONE', #4440, 1000.000000000000000 ) ;
#2397 = DIRECTION ( 'NONE',  ( -0.000000000000000000, -0.000000000000000000, -1.000000000000000000 ) ) ;
#2398 = DIRECTION ( 'NONE',  ( 0.7071067811865476838, 0.7071067811865474617, -0.000000000000000000 ) ) ;
#2399 = CARTESIAN_POINT ( 'NONE',  ( 6.350000000000001421, 0.000000000000000000, -2.286000000000000032 ) ) ;
#2400 = ORIENTED_EDGE ( 'NONE', *, *, #4297, .F. ) ;
#2401 = ORIENTED_EDGE ( 'NONE', *, *, #4553, .T. ) ;
#2402 = APPROVAL_PERSON_ORGANIZATION ( #300, #2760, #2710 ) ;
#2403 = CYLINDRICAL_SURFACE ( 'NONE', #5944, 3.149999999999999467 ) ;
#2404 = AXIS2_PLACEMENT_3D ( 'NONE', #3405, #3929, #2940 ) ;
#2405 = CARTESIAN_POINT ( 'NONE',  ( 0.000000000000000000, 0.000000000000000000, 2.286000000000000032 ) ) ;
#2406 = DIRECTION ( 'NONE',  ( -0.000000000000000000, -0.000000000000000000, -1.000000000000000000 ) ) ;
#2407 = CARTESIAN_POINT ( 'NONE',  ( -6.350000000000001421, 0.000000000000000000, -3.049999999999999822 ) ) ;
#2408 = ORIENTED_EDGE ( 'NONE', *, *, #2831, .T. ) ;
#2409 = CC_DESIGN_APPROVAL ( #1660, ( #1421 ) ) ;
#2411 = EDGE_CURVE ( 'NONE', #3558, #5674, #3480, .T. ) ;
#2410 = DIRECTION ( 'NONE',  ( 1.000000000000000000, 0.000000000000000000, 0.000000000000000000 ) ) ;
#2412 = ADVANCED_FACE ( 'NONE', ( #2434 ), #1041, .T. ) ;
#2413 = DIRECTION ( 'NONE',  ( 0.5000000000000001110, -0.8660254037844387076, 0.000000000000000000 ) ) ;
#2414 = CIRCLE ( 'NONE', #4089, 3.150000000000000355 ) ;
#2415 = ORIENTED_EDGE ( 'NONE', *, *, #3479, .T. ) ;
#2416 = ORIENTED_EDGE ( 'NONE', *, *, #2312, .F. ) ;
#2417 = ADVANCED_FACE ( 'NONE', ( #4927 ), #3048, .T. ) ;
#2418 = DIRECTION ( 'NONE',  ( 1.000000000000000000, 0.000000000000000000, 0.000000000000000000 ) ) ;
#2419 = VECTOR ( 'NONE', #5975, 1000.000000000000000 ) ;
#2420 = VECTOR ( 'NONE', #4931, 999.9999999999998863 ) ;
#2421 = CARTESIAN_POINT ( 'NONE',  ( 0.000000000000000000, -25.39999999999999858, 1.000000000000000000 ) ) ;
#2422 = EDGE_CURVE ( 'NONE', #4187, #5711, #4411, .T. ) ;
#2423 = ORIENTED_EDGE ( 'NONE', *, *, #3024, .F. ) ;
#2424 = DIRECTION ( 'NONE',  ( 0.7071067811865474617, 0.7071067811865474617, -0.000000000000000000 ) ) ;
#2425 = CARTESIAN_POINT ( 'NONE',  ( -11.39474100075572593, -1.261185250188932683, 3.049999999999999822 ) ) ;
#2426 = LINE ( 'NONE', #2482, #1506 ) ;
#2427 = DIRECTION ( 'NONE',  ( 1.000000000000000000, 0.000000000000000000, -0.000000000000000000 ) ) ;
#2428 = ADVANCED_FACE ( 'NONE', ( #2526 ), #4867, .T. ) ;
#2429 = PLANE ( 'NONE',  #3068 ) ;
#2430 = CARTESIAN_POINT ( 'NONE',  ( -10.77945120687967773, -3.722344425693126624, 3.049999999999999822 ) ) ;
#2431 = ORIENTED_EDGE ( 'NONE', *, *, #5887, .F. ) ;
#2432 = ORIENTED_EDGE ( 'NONE', *, *, #297, .T. ) ;
#2433 = DIRECTION ( 'NONE',  ( 0.5000000000000038858, 0.8660254037844363761, 0.000000000000000000 ) ) ;
#2434 = FACE_OUTER_BOUND ( 'NONE', #5655, .T. ) ;
#2435 = CARTESIAN_POINT ( 'NONE',  ( -2.443394698145821664, -23.41195514409938738, 1.000000000000000000 ) ) ;
#2436 = ORIENTED_EDGE ( 'NONE', *, *, #3631, .T. ) ;
#2437 = VECTOR ( 'NONE', #5664, 1000.000000000000227 ) ;
#2438 = DIRECTION ( 'NONE',  ( -0.000000000000000000, -0.000000000000000000, -1.000000000000000000 ) ) ;
#2439 = LINE ( 'NONE', #4902, #245 ) ;
#2440 = AXIS2_PLACEMENT_3D ( 'NONE', #1100, #2095, #2987 ) ;
#2441 = EDGE_LOOP ( 'NONE', ( #3445, #4399, #995, #1472 ) ) ;
#2442 = ORIENTED_EDGE ( 'NONE', *, *, #2530, .F. ) ;
#2443 = DIRECTION ( 'NONE',  ( -0.000000000000000000, -0.000000000000000000, -1.000000000000000000 ) ) ;
#2444 = DIRECTION ( 'NONE',  ( 0.000000000000000000, 0.000000000000000000, 1.000000000000000000 ) ) ;
#2445 = EDGE_CURVE ( 'NONE', #4459, #1155, #5307, .T. ) ;
#2446 = VECTOR ( 'NONE', #2982, 1000.000000000000000 ) ;
#2447 = DIRECTION ( 'NONE',  ( -0.000000000000000000, -0.000000000000000000, -1.000000000000000000 ) ) ;
#2448 = VERTEX_POINT ( 'NONE', #1134 ) ;
#2449 = LINE ( 'NONE', #4325, #5249 ) ;
#2450 = DIRECTION ( 'NONE',  ( -0.000000000000000000, -1.000000000000000000, -0.000000000000000000 ) ) ;
#2451 = EDGE_CURVE ( 'NONE', #752, #3573, #5602, .T. ) ;
#2452 = EDGE_CURVE ( 'NONE', #2533, #2448, #209, .T. ) ;
#2453 = VERTEX_POINT ( 'NONE', #1566 ) ;
#2454 = EDGE_CURVE ( 'NONE', #3355, #1397, #1656, .T. ) ;
#2455 = DIRECTION ( 'NONE',  ( -0.000000000000000000, -0.000000000000000000, -1.000000000000000000 ) ) ;
#2456 = CARTESIAN_POINT ( 'NONE',  ( -16.22855339059327306, -9.171446609406721961, 1.000000000000000000 ) ) ;
#2457 = LINE ( 'NONE', #1126, #4512 ) ;
#2458 = ADVANCED_FACE ( 'NONE', ( #3022 ), #2557, .T. ) ;
#2459 = ORIENTED_EDGE ( 'NONE', *, *, #1125, .T. ) ;
#2460 = ORIENTED_EDGE ( 'NONE', *, *, #1176, .F. ) ;
#2461 = DIRECTION ( 'NONE',  ( 1.000000000000000000, 0.000000000000000000, 0.000000000000000000 ) ) ;
#2462 = CARTESIAN_POINT ( 'NONE',  ( 3.110064308016796897, 0.5000000000000000000, -2.286000000000000032 ) ) ;
#2463 = CARTESIAN_POINT ( 'NONE',  ( 2.100000000000000089, 2.571758278209441957E-16, -2.286000000000000032 ) ) ;
#2464 = DIRECTION ( 'NONE',  ( -0.8660254037844360431, -0.5000000000000044409, 0.000000000000000000 ) ) ;
#2465 = EDGE_CURVE ( 'NONE', #289, #4610, #772, .T. ) ;
#2466 = ORIENTED_EDGE ( 'NONE', *, *, #5373, .T. ) ;
#2467 = CARTESIAN_POINT ( 'NONE',  ( 12.36488350090106003, -1.503720875225266429, 3.049999999999999822 ) ) ;
#2468 = DIRECTION ( 'NONE',  ( -0.000000000000000000, -0.000000000000000000, -1.000000000000000000 ) ) ;
#2469 = EDGE_LOOP ( 'NONE', ( #962, #4912, #3344, #577 ) ) ;
#2470 = ORIENTED_EDGE ( 'NONE', *, *, #1467, .T. ) ;
#2471 = VECTOR ( 'NONE', #4600, 999.9999999999998863 ) ;
#2472 = DIRECTION ( 'NONE',  ( -0.000000000000000000, -0.000000000000000000, -1.000000000000000000 ) ) ;
#2473 = DIRECTION ( 'NONE',  ( -0.000000000000000000, -0.000000000000000000, -1.000000000000000000 ) ) ;
#2474 = VERTEX_POINT ( 'NONE', #1160 ) ;
#2475 = DIRECTION ( 'NONE',  ( 0.7071067811865474617, 0.7071067811865474617, 0.000000000000000000 ) ) ;
#2476 = ORIENTED_EDGE ( 'NONE', *, *, #4295, .F. ) ;
#2477 = CARTESIAN_POINT ( 'NONE',  ( 7.584628110303607507, -16.50163681199741106, 3.049999999999999822 ) ) ;
#2478 = VECTOR ( 'NONE', #2952, 1000.000000000000000 ) ;
#2479 = VERTEX_POINT ( 'NONE', #5940 ) ;
#2480 = DIRECTION ( 'NONE',  ( -1.000000000000000000, 0.000000000000000000, 0.000000000000000000 ) ) ;
#2481 = CARTESIAN_POINT ( 'NONE',  ( -6.432881321217872816, -21.10862396834034627, -1.000000000000000000 ) ) ;
#2482 = CARTESIAN_POINT ( 'NONE',  ( 4.253332099679084877, -28.43301270189220986, -2.286000000000000032 ) ) ;
#2483 = DIRECTION ( 'NONE',  ( 1.000000000000000000, 0.000000000000000000, -0.000000000000000000 ) ) ;
#2484 = VERTEX_POINT ( 'NONE', #4959 ) ;
#2485 = EDGE_CURVE ( 'NONE', #3887, #4480, #1759, .T. ) ;
#2486 = ADVANCED_FACE ( 'NONE', ( #4559 ), #3636, .F. ) ;
#2487 = LINE ( 'NONE', #635, #411 ) ;
#2488 = EDGE_CURVE ( 'NONE', #4937, #2122, #3535, .T. ) ;
#2489 = CIRCLE ( 'NONE', #6033, 3.149999999999999023 ) ;
#2490 = FACE_OUTER_BOUND ( 'NONE', #5129, .T. ) ;
#2491 = ORIENTED_EDGE ( 'NONE', *, *, #3018, .T. ) ;
#2492 = VERTEX_POINT ( 'NONE', #3175 ) ;
#2493 = CARTESIAN_POINT ( 'NONE',  ( -11.54999999999999893, 0.000000000000000000, 3.049999999999999822 ) ) ;
#2494 = LINE ( 'NONE', #5824, #3881 ) ;
#2495 = EDGE_CURVE ( 'NONE', #4503, #1127, #1225, .T. ) ;
#2496 = DIRECTION ( 'NONE',  ( 0.5000000000000043299, -0.8660254037844361541, 0.000000000000000000 ) ) ;
#2497 = LINE ( 'NONE', #1538, #3899 ) ;
#2498 = ORIENTED_EDGE ( 'NONE', *, *, #4146, .F. ) ;
#2499 = DIRECTION ( 'NONE',  ( -0.000000000000000000, -0.000000000000000000, -1.000000000000000000 ) ) ;
#2500 = LINE ( 'NONE', #649, #4771 ) ;
#2501 = ORIENTED_EDGE ( 'NONE', *, *, #3771, .F. ) ;
#2502 = ORIENTED_EDGE ( 'NONE', *, *, #5905, .F. ) ;
#2503 = CARTESIAN_POINT ( 'NONE',  ( 9.806086401974788203, -7.615803645312682946, 3.049999999999999822 ) ) ;
#2504 = LOCAL_TIME ( 14, 1, 13.00000000000000000, #4590 ) ;
#2505 = DIRECTION ( 'NONE',  ( 1.000000000000000000, 0.000000000000000000, 0.000000000000000000 ) ) ;
#2506 = CIRCLE ( 'NONE', #3300, 3.149999999999999023 ) ;
#2507 = CARTESIAN_POINT ( 'NONE',  ( 6.432881321217875481, -21.10862396834033561, -2.286000000000000032 ) ) ;
#2508 = AXIS2_PLACEMENT_3D ( 'NONE', #2725, #285, #750 ) ;
#2509 = CARTESIAN_POINT ( 'NONE',  ( 0.000000000000000000, -25.39999999999999858, 2.286000000000000032 ) ) ;
#2510 = DIRECTION ( 'NONE',  ( -1.000000000000000000, 0.000000000000000000, 0.000000000000000000 ) ) ;
#2511 = CIRCLE ( 'NONE', #3306, 2.100000000000000089 ) ;
#2512 = VERTEX_POINT ( 'NONE', #2156 ) ;
#2513 = DIRECTION ( 'NONE',  ( 1.000000000000000000, 1.365923996832131116E-16, 0.000000000000000000 ) ) ;
#2514 = VECTOR ( 'NONE', #2328, 1000.000000000000000 ) ;
#2515 = DIRECTION ( 'NONE',  ( 0.000000000000000000, 0.000000000000000000, 1.000000000000000000 ) ) ;
#2516 = CYLINDRICAL_SURFACE ( 'NONE', #3129, 3.150000000000000799 ) ;
#2517 = AXIS2_PLACEMENT_3D ( 'NONE', #3886, #2959, #3800 ) ;
#2518 = ORIENTED_EDGE ( 'NONE', *, *, #6078, .T. ) ;
#2519 = CARTESIAN_POINT ( 'NONE',  ( 0.000000000000000000, -12.69999999999999929, -2.286000000000000032 ) ) ;
#2520 = CARTESIAN_POINT ( 'NONE',  ( -10.14345675219927578, -6.266322244414732623, 3.049999999999999822 ) ) ;
#2521 = ORIENTED_EDGE ( 'NONE', *, *, #2846, .T. ) ;
#2522 = ORIENTED_EDGE ( 'NONE', *, *, #5208, .F. ) ;
#2523 = EDGE_CURVE ( 'NONE', #2945, #5685, #3627, .T. ) ;
#2524 = PLANE ( 'NONE',  #4372 ) ;
#2525 = LINE ( 'NONE', #1502, #137 ) ;
#2526 = FACE_OUTER_BOUND ( 'NONE', #5004, .T. ) ;
#2527 = CARTESIAN_POINT ( 'NONE',  ( 2.943394698145814115, -11.57798054788380782, -1.000000000000000000 ) ) ;
#2528 = VERTEX_POINT ( 'NONE', #6006 ) ;
#2529 = ADVANCED_FACE ( 'NONE', ( #3210 ), #1322, .F. ) ;
#2530 = EDGE_CURVE ( 'NONE', #2374, #1350, #739, .T. ) ;
#2531 = DIRECTION ( 'NONE',  ( 0.000000000000000000, 0.000000000000000000, 1.000000000000000000 ) ) ;
#2532 = LINE ( 'NONE', #4809, #5374 ) ;
#2533 = VERTEX_POINT ( 'NONE', #4993 ) ;
#2534 = EDGE_LOOP ( 'NONE', ( #2209, #4055, #5964, #1115 ) ) ;
#2535 = FACE_OUTER_BOUND ( 'NONE', #1396, .T. ) ;
#2536 = CARTESIAN_POINT ( 'NONE',  ( -2.943394698145819444, -26.52201945211616874, -2.286000000000000032 ) ) ;
#2537 = ORIENTED_EDGE ( 'NONE', *, *, #2764, .F. ) ;
#2538 = LINE ( 'NONE', #655, #1901 ) ;
#2539 = EDGE_CURVE ( 'NONE', #3666, #3638, #5058, .T. ) ;
#2540 = CARTESIAN_POINT ( 'NONE',  ( 2.943394698145819444, -26.52201945211617229, 2.286000000000000032 ) ) ;
#2541 = VECTOR ( 'NONE', #2574, 1000.000000000000114 ) ;
#2542 = DIRECTION ( 'NONE',  ( -0.000000000000000000, -0.000000000000000000, -1.000000000000000000 ) ) ;
#2543 = ORIENTED_EDGE ( 'NONE', *, *, #3246, .T. ) ;
#2544 = LINE ( 'NONE', #1083, #2299 ) ;
#2545 = EDGE_CURVE ( 'NONE', #3947, #5457, #1760, .T. ) ;
#2546 = VECTOR ( 'NONE', #2279, 1000.000000000000114 ) ;
#2547 = EDGE_CURVE ( 'NONE', #5093, #4654, #2650, .T. ) ;
#2548 = PLANE ( 'NONE',  #828 ) ;
#2549 = FACE_OUTER_BOUND ( 'NONE', #5107, .T. ) ;
#2550 = ORIENTED_EDGE ( 'NONE', *, *, #4994, .F. ) ;
#2551 = CARTESIAN_POINT ( 'NONE',  ( 0.000000000000000000, -25.39999999999999858, 2.286000000000000032 ) ) ;
#2552 = DIRECTION ( 'NONE',  ( 0.8660254037844361541, 0.5000000000000043299, 0.000000000000000000 ) ) ;
#2553 = VERTEX_POINT ( 'NONE', #2617 ) ;
#2554 = ORIENTED_EDGE ( 'NONE', *, *, #2634, .T. ) ;
#2555 = LINE ( 'NONE', #268, #143 ) ;
#2556 = DIRECTION ( 'NONE',  ( 0.7071067811865474617, -0.7071067811865474617, -0.000000000000000000 ) ) ;
#2557 = CYLINDRICAL_SURFACE ( 'NONE', #5987, 3.149999999999999911 ) ;
#2558 = ORIENTED_EDGE ( 'NONE', *, *, #2922, .T. ) ;
#2559 = DIRECTION ( 'NONE',  ( 0.000000000000000000, 0.000000000000000000, 1.000000000000000000 ) ) ;
#2560 = DIRECTION ( 'NONE',  ( -0.000000000000000000, -0.000000000000000000, -1.000000000000000000 ) ) ;
#2561 = VERTEX_POINT ( 'NONE', #2583 ) ;
#2562 = EDGE_CURVE ( 'NONE', #4755, #5301, #4465, .T. ) ;
#2563 = CARTESIAN_POINT ( 'NONE',  ( -8.450000000000002842, 0.000000000000000000, 1.000000000000000000 ) ) ;
#2564 = CARTESIAN_POINT ( 'NONE',  ( 12.36488350090106003, -1.503720875225266429, 1.000000000000000000 ) ) ;
#2565 = EDGE_CURVE ( 'NONE', #1173, #3630, #4592, .T. ) ;
#2566 = FACE_OUTER_BOUND ( 'NONE', #2096, .T. ) ;
#2567 = CIRCLE ( 'NONE', #3358, 3.149999999999999911 ) ;
#2568 = CARTESIAN_POINT ( 'NONE',  ( 1.545584412271569397, 5.200000000000000178, 3.049999999999999822 ) ) ;
#2569 = ORIENTED_EDGE ( 'NONE', *, *, #2674, .T. ) ;
#2570 = EDGE_LOOP ( 'NONE', ( #5867, #5596, #1019, #5252 ) ) ;
#2571 = VERTEX_POINT ( 'NONE', #4495 ) ;
#2572 = PLANE ( 'NONE',  #4166 ) ;
#2573 = CARTESIAN_POINT ( 'NONE',  ( -0.4242640687119297316, 4.078679656440360901, 3.049999999999999822 ) ) ;
#2574 = DIRECTION ( 'NONE',  ( -0.7071067811865479058, -0.7071067811865470176, 0.000000000000000000 ) ) ;
#2575 = ORIENTED_EDGE ( 'NONE', *, *, #3267, .T. ) ;
#2576 = DIRECTION ( 'NONE',  ( 0.8660254037844395958, 0.4999999999999981681, 0.000000000000000000 ) ) ;
#2577 = FACE_BOUND ( 'NONE', #638, .T. ) ;
#2578 = ORIENTED_EDGE ( 'NONE', *, *, #3771, .T. ) ;
#2579 = CIRCLE ( 'NONE', #914, 3.150000000000000799 ) ;
#2580 = DIRECTION ( 'NONE',  ( 0.000000000000000000, 0.000000000000000000, 1.000000000000000000 ) ) ;
#2581 = VECTOR ( 'NONE', #3980, 999.9999999999998863 ) ;
#2582 = DIRECTION ( 'NONE',  ( 0.000000000000000000, 0.000000000000000000, 1.000000000000000000 ) ) ;
#2583 = CARTESIAN_POINT ( 'NONE',  ( 6.350000000000001421, 6.200000000000001066, 3.049999999999999822 ) ) ;
#2584 = ORIENTED_EDGE ( 'NONE', *, *, #2565, .F. ) ;
#2585 = DIRECTION ( 'NONE',  ( -1.000000000000000000, 0.000000000000000000, 0.000000000000000000 ) ) ;
#2586 = DIRECTION ( 'NONE',  ( -1.000000000000000000, 0.000000000000000000, 0.000000000000000000 ) ) ;
#2587 = VERTEX_POINT ( 'NONE', #1788 ) ;
#2588 = DIRECTION ( 'NONE',  ( -1.000000000000000000, 0.000000000000000000, 0.000000000000000000 ) ) ;
#2589 = CARTESIAN_POINT ( 'NONE',  ( 0.000000000000000000, -12.69999999999999929, 2.286000000000000032 ) ) ;
#2590 = VERTEX_POINT ( 'NONE', #273 ) ;
#2591 = VECTOR ( 'NONE', #629, 999.9999999999998863 ) ;
#2592 = ADVANCED_FACE ( 'NONE', ( #4010 ), #4038, .T. ) ;
#2593 = EDGE_CURVE ( 'NONE', #2757, #1398, #4525, .T. ) ;
#2594 = DIRECTION ( 'NONE',  ( 1.000000000000000000, 0.000000000000000000, 0.000000000000000000 ) ) ;
#2595 = DIRECTION ( 'NONE',  ( -0.000000000000000000, -0.000000000000000000, -1.000000000000000000 ) ) ;
#2596 = ORIENTED_EDGE ( 'NONE', *, *, #2863, .T. ) ;
#2597 = ORIENTED_EDGE ( 'NONE', *, *, #6066, .F. ) ;
#2598 = ORIENTED_EDGE ( 'NONE', *, *, #4404, .F. ) ;
#2599 = VECTOR ( 'NONE', #5554, 999.9999999999998863 ) ;
#2600 = CARTESIAN_POINT ( 'NONE',  ( -3.239935691983203636, -0.5000000000000000000, 2.286000000000000032 ) ) ;
#2601 = CARTESIAN_POINT ( 'NONE',  ( -0.5000000000000000000, -14.80000000000000071, -2.286000000000000032 ) ) ;
#2602 = AXIS2_PLACEMENT_3D ( 'NONE', #5133, #4667, #2726 ) ;
#2603 = EDGE_CURVE ( 'NONE', #253, #2571, #304, .T. ) ;
#2604 = AXIS2_PLACEMENT_3D ( 'NONE', #1784, #3661, #424 ) ;
#2605 = FACE_OUTER_BOUND ( 'NONE', #2752, .T. ) ;
#2606 = VERTEX_POINT ( 'NONE', #5026 ) ;
#2607 = VECTOR ( 'NONE', #3148, 1000.000000000000000 ) ;
#2608 = AXIS2_PLACEMENT_3D ( 'NONE', #3512, #5803, #4873 ) ;
#2609 = CARTESIAN_POINT ( 'NONE',  ( 6.350000000000001421, 5.200000000000001066, -3.049999999999999822 ) ) ;
#2610 = CYLINDRICAL_SURFACE ( 'NONE', #5014, 5.200000000000001066 ) ;
#2611 = VERTEX_POINT ( 'NONE', #799 ) ;
#2612 = EDGE_CURVE ( 'NONE', #3638, #4427, #4279, .T. ) ;
#2613 = CIRCLE ( 'NONE', #4691, 3.149999999999999023 ) ;
#2614 = AXIS2_PLACEMENT_3D ( 'NONE', #519, #5615, #2285 ) ;
#2615 = DIRECTION ( 'NONE',  ( -0.8660254037844363761, 0.5000000000000038858, 0.000000000000000000 ) ) ;
#2616 = DIRECTION ( 'NONE',  ( 0.000000000000000000, 0.000000000000000000, -1.000000000000000000 ) ) ;
#2617 = CARTESIAN_POINT ( 'NONE',  ( 10.14345675219928111, -6.266322244414722853, -2.286000000000000032 ) ) ;
#2618 = EDGE_CURVE ( 'NONE', #936, #4439, #2640, .T. ) ;
#2619 = ORIENTED_EDGE ( 'NONE', *, *, #2392, .T. ) ;
#2620 = EDGE_CURVE ( 'NONE', #3897, #896, #396, .T. ) ;
#2621 = DIRECTION ( 'NONE',  ( 1.000000000000000000, 0.000000000000000000, 0.000000000000000000 ) ) ;
#2622 = DIRECTION ( 'NONE',  ( -0.5000000000000038858, -0.8660254037844363761, 0.000000000000000000 ) ) ;
#2623 = ORIENTED_EDGE ( 'NONE', *, *, #4630, .F. ) ;
#2624 = PLANE ( 'NONE',  #215 ) ;
#2625 = CARTESIAN_POINT ( 'NONE',  ( 0.000000000000000000, -12.69999999999999929, 2.286000000000000032 ) ) ;
#2626 = ORIENTED_EDGE ( 'NONE', *, *, #2655, .F. ) ;
#2627 = DIRECTION ( 'NONE',  ( -0.000000000000000000, -0.000000000000000000, -1.000000000000000000 ) ) ;
#2628 = CARTESIAN_POINT ( 'NONE',  ( -6.095510970993381683, -22.45810536923830725, 1.000000000000000000 ) ) ;
#2629 = FACE_OUTER_BOUND ( 'NONE', #2892, .T. ) ;
#2630 = EDGE_LOOP ( 'NONE', ( #4671, #3681, #5185, #1734 ) ) ;
#2631 = VERTEX_POINT ( 'NONE', #5611 ) ;
#2632 = ORIENTED_EDGE ( 'NONE', *, *, #3050, .T. ) ;
#2633 = ORIENTED_EDGE ( 'NONE', *, *, #2603, .F. ) ;
#2634 = EDGE_CURVE ( 'NONE', #452, #5702, #4195, .T. ) ;
#2635 = LINE ( 'NONE', #1147, #423 ) ;
#2636 = CARTESIAN_POINT ( 'NONE',  ( 2.545584412271570951, 6.200000000000001954, 3.049999999999999822 ) ) ;
#2637 = AXIS2_PLACEMENT_3D ( 'NONE', #5228, #4300, #105 ) ;
#2638 = CARTESIAN_POINT ( 'NONE',  ( 0.000000000000000000, -12.69999999999999929, 1.000000000000000000 ) ) ;
#2639 = ORIENTED_EDGE ( 'NONE', *, *, #716, .T. ) ;
#2640 = CIRCLE ( 'NONE', #6088, 2.100000000000000089 ) ;
#2641 = DIRECTION ( 'NONE',  ( -0.7071067811865477948, -0.7071067811865473507, 0.000000000000000000 ) ) ;
#2642 = EDGE_CURVE ( 'NONE', #446, #1805, #4218, .T. ) ;
#2643 = CYLINDRICAL_SURFACE ( 'NONE', #5605, 6.200000000000001066 ) ;
#2644 = ORIENTED_EDGE ( 'NONE', *, *, #2721, .F. ) ;
#2645 = ADVANCED_FACE ( 'NONE', ( #5152 ), #1938, .F. ) ;
#2646 = CARTESIAN_POINT ( 'NONE',  ( 0.000000000000000000, -12.69999999999999929, 2.286000000000000032 ) ) ;
#2647 = DATE_AND_TIME ( #1254, #4081 ) ;
#2648 = DIRECTION ( 'NONE',  ( -0.000000000000000000, -0.000000000000000000, -1.000000000000000000 ) ) ;
#2649 = ADVANCED_FACE ( 'NONE', ( #3272 ), #487, .F. ) ;
#2650 = LINE ( 'NONE', #3081, #1651 ) ;
#2651 = ORIENTED_EDGE ( 'NONE', *, *, #5887, .T. ) ;
#2652 = DIRECTION ( 'NONE',  ( 0.000000000000000000, 0.000000000000000000, 1.000000000000000000 ) ) ;
#2653 = DIRECTION ( 'NONE',  ( 1.000000000000000000, 6.829619984160655581E-17, 0.000000000000000000 ) ) ;
#2654 = LINE ( 'NONE', #5096, #640 ) ;
#2655 = EDGE_CURVE ( 'NONE', #1433, #5196, #3140, .T. ) ;
#2656 = ORIENTED_EDGE ( 'NONE', *, *, #1636, .F. ) ;
#2657 = FACE_OUTER_BOUND ( 'NONE', #188, .T. ) ;
#2658 = DIRECTION ( 'NONE',  ( 1.000000000000000000, 0.000000000000000000, 0.000000000000000000 ) ) ;
#2659 = ORIENTED_EDGE ( 'NONE', *, *, #4816, .T. ) ;
#2660 = DIRECTION ( 'NONE',  ( -0.000000000000000000, -0.000000000000000000, -1.000000000000000000 ) ) ;
#2661 = CARTESIAN_POINT ( 'NONE',  ( 5.044741000755725402, -26.66118525018893237, 2.286000000000000032 ) ) ;
#2662 = CARTESIAN_POINT ( 'NONE',  ( -0.5000000000000000000, -22.28993569198320301, 2.286000000000000032 ) ) ;
#2663 = VERTEX_POINT ( 'NONE', #3699 ) ;
#2664 = VERTEX_POINT ( 'NONE', #3240 ) ;
#2665 = VERTEX_POINT ( 'NONE', #1412 ) ;
#2666 = DIRECTION ( 'NONE',  ( -0.2425356250363329691, 0.9701425001453319874, 0.000000000000000000 ) ) ;
#2667 = CARTESIAN_POINT ( 'NONE',  ( 0.000000000000000000, -25.39999999999999858, 2.286000000000000032 ) ) ;
#2668 = ORIENTED_EDGE ( 'NONE', *, *, #796, .F. ) ;
#2669 = DIRECTION ( 'NONE',  ( 0.8660254037844360431, 0.5000000000000044409, 0.000000000000000000 ) ) ;
#2670 = CIRCLE ( 'NONE', #2277, 3.149999999999999911 ) ;
#2671 = DIRECTION ( 'NONE',  ( -1.000000000000000000, 0.000000000000000000, 0.000000000000000000 ) ) ;
#2672 = ORIENTED_EDGE ( 'NONE', *, *, #1199, .F. ) ;
#2673 = EDGE_CURVE ( 'NONE', #60, #1852, #513, .T. ) ;
#2674 = EDGE_CURVE ( 'NONE', #4846, #2528, #4738, .T. ) ;
#2675 = DIRECTION ( 'NONE',  ( 1.000000000000000000, 0.000000000000000000, 0.000000000000000000 ) ) ;
#2676 = PERSON_AND_ORGANIZATION ( #5559, #4467 ) ;
#2677 = EDGE_CURVE ( 'NONE', #227, #293, #858, .T. ) ;
#2678 = VECTOR ( 'NONE', #5328, 999.9999999999998863 ) ;
#2679 = CARTESIAN_POINT ( 'NONE',  ( -6.350000000000001421, 0.000000000000000000, 1.000000000000000000 ) ) ;
#2680 = CARTESIAN_POINT ( 'NONE',  ( -0.5000000000000000000, -22.28993569198320301, 2.286000000000000032 ) ) ;
#2681 = ORIENTED_EDGE ( 'NONE', *, *, #4834, .F. ) ;
#2682 = DIRECTION ( 'NONE',  ( 1.000000000000000000, 0.000000000000000000, 0.000000000000000000 ) ) ;
#2683 = ADVANCED_FACE ( 'NONE', ( #1879 ), #5582, .F. ) ;
#2684 = DIRECTION ( 'NONE',  ( -1.000000000000000000, 0.000000000000000000, 0.000000000000000000 ) ) ;
#2685 = DIRECTION ( 'NONE',  ( -0.8660254037844395958, -0.4999999999999981681, 0.000000000000000000 ) ) ;
#2686 = VECTOR ( 'NONE', #3996, 1000.000000000000000 ) ;
#2687 = CYLINDRICAL_SURFACE ( 'NONE', #1595, 3.149999999999999023 ) ;
#2688 = CARTESIAN_POINT ( 'NONE',  ( 6.350000000000001421, 5.200000000000001066, 1.000000000000000000 ) ) ;
#2689 = ORIENTED_EDGE ( 'NONE', *, *, #5292, .F. ) ;
#2690 = AXIS2_PLACEMENT_3D ( 'NONE', #3157, #5593, #5561 ) ;
#2691 = EDGE_CURVE ( 'NONE', #2474, #3287, #4158, .T. ) ;
#2692 = ORIENTED_EDGE ( 'NONE', *, *, #721, .T. ) ;
#2693 = CARTESIAN_POINT ( 'NONE',  ( 0.000000000000000000, -25.39999999999999858, -2.286000000000000032 ) ) ;
#2694 = CARTESIAN_POINT ( 'NONE',  ( 5.044741000755725402, -26.66118525018893237, -1.000000000000000000 ) ) ;
#2695 = LINE ( 'NONE', #4572, #3690 ) ;
#2696 = EDGE_LOOP ( 'NONE', ( #5295, #2900, #3325, #5383 ) ) ;
#2697 = ORIENTED_EDGE ( 'NONE', *, *, #2721, .T. ) ;
#2698 = VERTEX_POINT ( 'NONE', #4713 ) ;
#2699 = ORIENTED_EDGE ( 'NONE', *, *, #5816, .F. ) ;
#2700 = LINE ( 'NONE', #4579, #516 ) ;
#2701 = AXIS2_PLACEMENT_3D ( 'NONE', #2220, #5317, #3151 ) ;
#2702 = DIRECTION ( 'NONE',  ( -0.000000000000000000, -1.000000000000000000, -0.000000000000000000 ) ) ;
#2703 = VERTEX_POINT ( 'NONE', #462 ) ;
#2704 = DIRECTION ( 'NONE',  ( -0.000000000000000000, -0.000000000000000000, -1.000000000000000000 ) ) ;
#2705 = CARTESIAN_POINT ( 'NONE',  ( -0.5000000000000000000, -22.28993569198320301, -2.286000000000000032 ) ) ;
#2706 = ORIENTED_EDGE ( 'NONE', *, *, #1281, .F. ) ;
#2707 = AXIS2_PLACEMENT_3D ( 'NONE', #1444, #3359, #3334 ) ;
#2708 = AXIS2_PLACEMENT_3D ( 'NONE', #4571, #5436, #2231 ) ;
#2709 = DIRECTION ( 'NONE',  ( 0.7071067811865479058, 0.7071067811865470176, -0.000000000000000000 ) ) ;
#2710 = APPROVAL_ROLE ( '' ) ;
#2711 = LINE ( 'NONE', #5939, #3108 ) ;
#2712 = DIRECTION ( 'NONE',  ( -0.000000000000000000, -0.000000000000000000, -1.000000000000000000 ) ) ;
#2713 = ADVANCED_FACE ( 'NONE', ( #427 ), #5640, .F. ) ;
#2714 = ORIENTED_EDGE ( 'NONE', *, *, #1015, .T. ) ;
#2715 = VERTEX_POINT ( 'NONE', #27 ) ;
#2716 = CIRCLE ( 'NONE', #1830, 3.149999999999999467 ) ;
#2717 = CARTESIAN_POINT ( 'NONE',  ( -0.2499999999999952260, -25.83301270189220844, -1.000000000000000000 ) ) ;
#2718 = DIRECTION ( 'NONE',  ( 1.000000000000000000, 0.000000000000000000, 0.000000000000000000 ) ) ;
#2719 = DIRECTION ( 'NONE',  ( -0.7071067811865473507, 0.7071067811865477948, 0.000000000000000000 ) ) ;
#2720 = CARTESIAN_POINT ( 'NONE',  ( 2.068653347947319698, -13.31698729810779014, -2.286000000000000032 ) ) ;
#2721 = EDGE_CURVE ( 'NONE', #869, #4979, #2314, .T. ) ;
#2722 = ORIENTED_EDGE ( 'NONE', *, *, #4192, .T. ) ;
#2723 = ADVANCED_FACE ( 'NONE', ( #1851 ), #1909, .T. ) ;
#2724 = CARTESIAN_POINT ( 'NONE',  ( -2.943394698145813670, -13.82201945211619254, -1.000000000000000000 ) ) ;
#2725 = CARTESIAN_POINT ( 'NONE',  ( 0.000000000000000000, -12.69999999999999929, -1.000000000000000000 ) ) ;
#2726 = DIRECTION ( 'NONE',  ( 1.000000000000000000, 0.000000000000000000, 0.000000000000000000 ) ) ;
#2727 = EDGE_LOOP ( 'NONE', ( #5059, #2476, #1094, #2681 ) ) ;
#2728 = ORIENTED_EDGE ( 'NONE', *, *, #4225, .T. ) ;
#2729 = ORIENTED_EDGE ( 'NONE', *, *, #3974, .F. ) ;
#2730 = ORIENTED_EDGE ( 'NONE', *, *, #4936, .F. ) ;
#2731 = LINE ( 'NONE', #3319, #1287 ) ;
#2732 = EDGE_CURVE ( 'NONE', #2703, #168, #3383, .T. ) ;
#2733 = DIRECTION ( 'NONE',  ( 1.000000000000000000, 0.000000000000000000, 0.000000000000000000 ) ) ;
#2734 = VERTEX_POINT ( 'NONE', #3444 ) ;
#2735 = EDGE_CURVE ( 'NONE', #4333, #1146, #2457, .T. ) ;
#2736 = CARTESIAN_POINT ( 'NONE',  ( -4.250000000000000000, 0.5000000000000000000, 2.286000000000000032 ) ) ;
#2737 = ADVANCED_FACE ( 'NONE', ( #4306 ), #3875, .F. ) ;
#2738 = DIRECTION ( 'NONE',  ( 0.000000000000000000, -1.000000000000000000, 0.000000000000000000 ) ) ;
#2739 = VECTOR ( 'NONE', #1119, 1000.000000000000000 ) ;
#2740 = EDGE_LOOP ( 'NONE', ( #3035, #6077, #23, #3273 ) ) ;
#2741 = CARTESIAN_POINT ( 'NONE',  ( 0.2499999999999995282, -24.96698729810777806, -1.000000000000000000 ) ) ;
#2742 = VECTOR ( 'NONE', #6059, 1000.000000000000000 ) ;
#2743 = CARTESIAN_POINT ( 'NONE',  ( -2.443394698145809230, -10.71195514409937033, -1.000000000000000000 ) ) ;
#2744 = DIRECTION ( 'NONE',  ( -0.7071067811865477948, -0.7071067811865473507, 0.000000000000000000 ) ) ;
#2745 = AXIS2_PLACEMENT_3D ( 'NONE', #3419, #4805, #4373 ) ;
#2746 = ORIENTED_EDGE ( 'NONE', *, *, #379, .F. ) ;
#2747 = ORIENTED_EDGE ( 'NONE', *, *, #5210, .T. ) ;
#2748 = DIRECTION ( 'NONE',  ( -1.000000000000000000, 0.000000000000000000, 0.000000000000000000 ) ) ;
#2749 = DIRECTION ( 'NONE',  ( -0.7071067811865474617, 0.7071067811865476838, 0.000000000000000000 ) ) ;
#2750 = FACE_OUTER_BOUND ( 'NONE', #832, .T. ) ;
#2751 = CARTESIAN_POINT ( 'NONE',  ( -8.930939751330900123, -1.873832970144350352, 2.286000000000000032 ) ) ;
#2752 = EDGE_LOOP ( 'NONE', ( #1414, #2578, #448, #5932 ) ) ;
#2753 = DIRECTION ( 'NONE',  ( -0.8660254037844361541, -0.5000000000000043299, -0.000000000000000000 ) ) ;
#2754 = EDGE_CURVE ( 'NONE', #1931, #1583, #4397, .T. ) ;
#2755 = DIRECTION ( 'NONE',  ( 0.000000000000000000, 0.000000000000000000, 1.000000000000000000 ) ) ;
#2756 = DIRECTION ( 'NONE',  ( -0.000000000000000000, -0.000000000000000000, 1.000000000000000000 ) ) ;
#2757 = VERTEX_POINT ( 'NONE', #85 ) ;
#2758 = VERTEX_POINT ( 'NONE', #5329 ) ;
#2759 = ORIENTED_EDGE ( 'NONE', *, *, #2539, .T. ) ;
#2760 = APPROVAL ( #365, 'UNSPECIFIED' ) ;
#2761 = VERTEX_POINT ( 'NONE', #1091 ) ;
#2762 = LINE ( 'NONE', #3779, #2393 ) ;
#2763 = CARTESIAN_POINT ( 'NONE',  ( 11.39474100075572949, -1.261185250188933349, 3.049999999999999822 ) ) ;
#2764 = EDGE_CURVE ( 'NONE', #6020, #5161, #3434, .T. ) ;
#2765 = ORIENTED_EDGE ( 'NONE', *, *, #2002, .F. ) ;
#2766 = DIRECTION ( 'NONE',  ( 0.000000000000000000, 0.000000000000000000, 1.000000000000000000 ) ) ;
#2767 = CARTESIAN_POINT ( 'NONE',  ( 6.350000000000001421, 0.000000000000000000, 2.286000000000000032 ) ) ;
#2768 = ORIENTED_EDGE ( 'NONE', *, *, #1740, .T. ) ;
#2769 = AXIS2_PLACEMENT_3D ( 'NONE', #4813, #3431, #3862 ) ;
#2770 = LINE ( 'NONE', #827, #4970 ) ;
#2771 = VECTOR ( 'NONE', #928, 1000.000000000000000 ) ;
#2772 = DIRECTION ( 'NONE',  ( 1.000000000000000000, 0.000000000000000000, 0.000000000000000000 ) ) ;
#2773 = DIRECTION ( 'NONE',  ( -0.7071067811865473507, 0.7071067811865477948, 0.000000000000000000 ) ) ;
#2774 = EDGE_LOOP ( 'NONE', ( #3801, #5649, #891, #2729 ) ) ;
#2775 = ORIENTED_EDGE ( 'NONE', *, *, #1084, .F. ) ;
#2776 = VECTOR ( 'NONE', #3529, 1000.000000000000000 ) ;
#2777 = CARTESIAN_POINT ( 'NONE',  ( 0.000000000000000000, -25.39999999999999858, 2.286000000000000032 ) ) ;
#2778 = CARTESIAN_POINT ( 'NONE',  ( -1.568653347947325694, -23.91698729810778090, 2.286000000000000032 ) ) ;
#2779 = LINE ( 'NONE', #3764, #4903 ) ;
#2780 = DIRECTION ( 'NONE',  ( -0.7071067811865476838, -0.7071067811865474617, 0.000000000000000000 ) ) ;
#2781 = ORIENTED_EDGE ( 'NONE', *, *, #2454, .F. ) ;
#2782 = LINE ( 'NONE', #5988, #5735 ) ;
#2783 = CARTESIAN_POINT ( 'NONE',  ( 3.110064308016796453, 0.5000000000000004441, 1.000000000000000000 ) ) ;
#2784 = DIRECTION ( 'NONE',  ( -0.000000000000000000, -1.000000000000000000, 0.000000000000000000 ) ) ;
#2785 = VERTEX_POINT ( 'NONE', #3015 ) ;
#2786 = VERTEX_POINT ( 'NONE', #5724 ) ;
#2787 = ORIENTED_EDGE ( 'NONE', *, *, #4331, .F. ) ;
#2788 = VECTOR ( 'NONE', #5130, 1000.000000000000000 ) ;
#2789 = ORIENTED_EDGE ( 'NONE', *, *, #790, .F. ) ;
#2790 = DIRECTION ( 'NONE',  ( -0.000000000000000000, 0.000000000000000000, -1.000000000000000000 ) ) ;
#2791 = EDGE_CURVE ( 'NONE', #3878, #3, #1964, .T. ) ;
#2792 = EDGE_CURVE ( 'NONE', #1542, #5202, #4827, .T. ) ;
#2793 = VECTOR ( 'NONE', #5381, 1000.000000000000114 ) ;
#2794 = CARTESIAN_POINT ( 'NONE',  ( -6.350000000000001421, 0.000000000000000000, -3.049999999999999822 ) ) ;
#2795 = ORIENTED_EDGE ( 'NONE', *, *, #165, .T. ) ;
#2796 = FACE_OUTER_BOUND ( 'NONE', #49, .T. ) ;
#2797 = FACE_OUTER_BOUND ( 'NONE', #1487, .T. ) ;
#2798 = EDGE_CURVE ( 'NONE', #100, #5935, #1995, .T. ) ;
#2799 = ORIENTED_EDGE ( 'NONE', *, *, #1776, .F. ) ;
#2800 = AXIS2_PLACEMENT_3D ( 'NONE', #1142, #2048, #1261 ) ;
#2801 = CARTESIAN_POINT ( 'NONE',  ( 7.584628110303607507, -16.50163681199740751, 2.286000000000000032 ) ) ;
#2802 = PLANE ( 'NONE',  #5571 ) ;
#2803 = AXIS2_PLACEMENT_3D ( 'NONE', #4692, #2433, #61 ) ;
#2804 = DIRECTION ( 'NONE',  ( -1.000000000000000000, 0.000000000000000000, 0.000000000000000000 ) ) ;
#2805 = EDGE_CURVE ( 'NONE', #3428, #4814, #1036, .T. ) ;
#2806 = ORIENTED_EDGE ( 'NONE', *, *, #4263, .F. ) ;
#2807 = VERTEX_POINT ( 'NONE', #4797 ) ;
#2808 = VECTOR ( 'NONE', #4832, 1000.000000000000000 ) ;
#2809 = DIRECTION ( 'NONE',  ( 1.000000000000000000, -1.022195611122248045E-15, -0.000000000000000000 ) ) ;
#2810 = DIRECTION ( 'NONE',  ( -1.000000000000000000, -1.365923996832131116E-16, 0.000000000000000000 ) ) ;
#2811 = EDGE_CURVE ( 'NONE', #75, #5522, #482, .T. ) ;
#2812 = CARTESIAN_POINT ( 'NONE',  ( 0.5000000000000000000, -3.110064308016796897, -1.000000000000000000 ) ) ;
#2813 = VECTOR ( 'NONE', #4999, 999.9999999999998863 ) ;
#2814 = DIRECTION ( 'NONE',  ( 0.8660254037844363761, -0.5000000000000038858, 0.000000000000000000 ) ) ;
#2815 = EDGE_CURVE ( 'NONE', #2561, #2855, #2029, .T. ) ;
#2816 = ORIENTED_EDGE ( 'NONE', *, *, #3786, .T. ) ;
#2817 = CIRCLE ( 'NONE', #4774, 3.150000000000000355 ) ;
#2818 = LINE ( 'NONE', #4234, #1103 ) ;
#2819 = CARTESIAN_POINT ( 'NONE',  ( 0.4242640687119273446, 4.078679656440360013, 1.000000000000000000 ) ) ;
#2820 = ORIENTED_EDGE ( 'NONE', *, *, #2189, .F. ) ;
#2821 = ORIENTED_EDGE ( 'NONE', *, *, #3844, .T. ) ;
#2822 = VERTEX_POINT ( 'NONE', #3354 ) ;
#2823 = EDGE_LOOP ( 'NONE', ( #3778, #5918, #953, #3849 ) ) ;
#2824 = DIRECTION ( 'NONE',  ( 1.000000000000000000, 0.000000000000000000, 0.000000000000000000 ) ) ;
#2825 = DIRECTION ( 'NONE',  ( 1.000000000000000000, 0.000000000000000000, 0.000000000000000000 ) ) ;
#2826 = ORIENTED_EDGE ( 'NONE', *, *, #3066, .F. ) ;
#2827 = EDGE_CURVE ( 'NONE', #5528, #3212, #3414, .T. ) ;
#2828 = DIRECTION ( 'NONE',  ( -0.8660254037844362651, 0.5000000000000041078, 0.000000000000000000 ) ) ;
#2829 = DIRECTION ( 'NONE',  ( 1.000000000000000000, 0.000000000000000000, 0.000000000000000000 ) ) ;
#2830 = DIRECTION ( 'NONE',  ( 1.000000000000000000, 0.000000000000000000, -0.000000000000000000 ) ) ;
#2831 = EDGE_CURVE ( 'NONE', #1306, #4937, #4804, .T. ) ;
#2832 = DIRECTION ( 'NONE',  ( -0.2425356250363329691, 0.9701425001453319874, 0.000000000000000000 ) ) ;
#2833 = VECTOR ( 'NONE', #5633, 1000.000000000000000 ) ;
#2834 = ADVANCED_FACE ( 'NONE', ( #2490 ), #4364, .F. ) ;
#2835 = CARTESIAN_POINT ( 'NONE',  ( 0.000000000000000000, -0.5000000000000004441, 1.000000000000000000 ) ) ;
#2836 = ORIENTED_EDGE ( 'NONE', *, *, #1892, .T. ) ;
#2837 = ORIENTED_EDGE ( 'NONE', *, *, #5025, .F. ) ;
#2838 = CIRCLE ( 'NONE', #5399, 3.149999999999999467 ) ;
#2839 = DIRECTION ( 'NONE',  ( -0.8660254037844363761, 0.5000000000000038858, 0.000000000000000000 ) ) ;
#2840 = DIRECTION ( 'NONE',  ( -0.8660254037844387076, -0.5000000000000001110, 0.000000000000000000 ) ) ;
#2841 = EDGE_CURVE ( 'NONE', #398, #676, #5791, .T. ) ;
#2842 = AXIS2_PLACEMENT_3D ( 'NONE', #4661, #435, #3828 ) ;
#2843 = CARTESIAN_POINT ( 'NONE',  ( 0.000000000000000000, -25.39999999999999858, -2.286000000000000032 ) ) ;
#2844 = CARTESIAN_POINT ( 'NONE',  ( -2.443394698145826105, -27.38804485590060267, 2.286000000000000032 ) ) ;
#2845 = VERTEX_POINT ( 'NONE', #1590 ) ;
#2846 = EDGE_CURVE ( 'NONE', #3806, #3805, #549, .T. ) ;
#2847 = CIRCLE ( 'NONE', #574, 6.200000000000001066 ) ;
#2848 = CARTESIAN_POINT ( 'NONE',  ( 2.068653347947322807, -24.78301270189222549, -2.286000000000000032 ) ) ;
#2849 = DIRECTION ( 'NONE',  ( -0.000000000000000000, -0.000000000000000000, -1.000000000000000000 ) ) ;
#2850 = VERTEX_POINT ( 'NONE', #2086 ) ;
#2851 = ORIENTED_EDGE ( 'NONE', *, *, #4828, .T. ) ;
#2852 = ORIENTED_EDGE ( 'NONE', *, *, #420, .F. ) ;
#2853 = CARTESIAN_POINT ( 'NONE',  ( 2.100000000000000089, 2.571758278209441957E-16, 2.286000000000000032 ) ) ;
#2854 = PLANE ( 'NONE',  #224 ) ;
#2855 = VERTEX_POINT ( 'NONE', #3972 ) ;
#2856 = LINE ( 'NONE', #2394, #2437 ) ;
#2857 = ORIENTED_EDGE ( 'NONE', *, *, #1284, .F. ) ;
#2858 = LINE ( 'NONE', #167, #5468 ) ;
#2859 = CARTESIAN_POINT ( 'NONE',  ( 0.000000000000000000, 0.000000000000000000, 2.286000000000000032 ) ) ;
#2860 = DIRECTION ( 'NONE',  ( -0.000000000000000000, -0.000000000000000000, -1.000000000000000000 ) ) ;
#2861 = ORIENTED_EDGE ( 'NONE', *, *, #308, .T. ) ;
#2862 = VERTEX_POINT ( 'NONE', #2705 ) ;
#2863 = EDGE_CURVE ( 'NONE', #3928, #3558, #697, .T. ) ;
#2864 = ADVANCED_FACE ( 'NONE', ( #4458 ), #4004, .F. ) ;
#2865 = EDGE_CURVE ( 'NONE', #4043, #4262, #362, .T. ) ;
#2866 = DIRECTION ( 'NONE',  ( -0.000000000000000000, -0.000000000000000000, -1.000000000000000000 ) ) ;
#2867 = CARTESIAN_POINT ( 'NONE',  ( -0.2500000000000047740, -24.96698729810777095, 1.000000000000000000 ) ) ;
#2868 = LINE ( 'NONE', #34, #870 ) ;
#2869 = DIRECTION ( 'NONE',  ( 1.000000000000000000, 0.000000000000000000, 0.000000000000000000 ) ) ;
#2870 = ORIENTED_EDGE ( 'NONE', *, *, #1775, .F. ) ;
#2871 = ADVANCED_FACE ( 'NONE', ( #5875 ), #2643, .T. ) ;
#2872 = CARTESIAN_POINT ( 'NONE',  ( -10.14345675219927578, -6.266322244414732623, 3.049999999999999822 ) ) ;
#2873 = LINE ( 'NONE', #1453, #4286 ) ;
#2874 = ORIENTED_EDGE ( 'NONE', *, *, #1746, .F. ) ;
#2875 = ORIENTED_EDGE ( 'NONE', *, *, #21, .F. ) ;
#2876 = VERTEX_POINT ( 'NONE', #1217 ) ;
#2877 = VECTOR ( 'NONE', #3109, 1000.000000000000000 ) ;
#2878 = PLANE ( 'NONE',  #2769 ) ;
#2879 = CIRCLE ( 'NONE', #2292, 3.150000000000000799 ) ;
#2880 = CYLINDRICAL_SURFACE ( 'NONE', #1808, 2.100000000000000977 ) ;
#2881 = VECTOR ( 'NONE', #2327, 999.9999999999998863 ) ;
#2882 = ORIENTED_EDGE ( 'NONE', *, *, #3622, .F. ) ;
#2883 = CIRCLE ( 'NONE', #4949, 5.200000000000000178 ) ;
#2884 = DIRECTION ( 'NONE',  ( 0.000000000000000000, 0.000000000000000000, 1.000000000000000000 ) ) ;
#2885 = DIRECTION ( 'NONE',  ( 0.000000000000000000, 0.000000000000000000, 1.000000000000000000 ) ) ;
#2886 = EDGE_LOOP ( 'NONE', ( #793, #3691, #2633, #4406 ) ) ;
#2887 = CIRCLE ( 'NONE', #3187, 5.199999999999998401 ) ;
#2888 = CARTESIAN_POINT ( 'NONE',  ( -2.443394698145809674, -10.71195514409937033, 2.286000000000000032 ) ) ;
#2889 = CARTESIAN_POINT ( 'NONE',  ( 2.443394698145822108, -27.38804485590060978, 2.286000000000000032 ) ) ;
#2890 = DIRECTION ( 'NONE',  ( 0.000000000000000000, 0.000000000000000000, 1.000000000000000000 ) ) ;
#2891 = DIRECTION ( 'NONE',  ( 1.000000000000000000, 0.000000000000000000, 0.000000000000000000 ) ) ;
#2892 = EDGE_LOOP ( 'NONE', ( #3717, #2821, #3258, #5224, #1377, #257, #1933, #5654, #1527, #2746 ) ) ;
#2893 = ORIENTED_EDGE ( 'NONE', *, *, #4908, .F. ) ;
#2894 =( GEOMETRIC_REPRESENTATION_CONTEXT ( 3 ) GLOBAL_UNCERTAINTY_ASSIGNED_CONTEXT ( ( #4288 ) ) GLOBAL_UNIT_ASSIGNED_CONTEXT ( ( #4401, #5365, #553 ) ) REPRESENTATION_CONTEXT ( 'NONE', 'WORKASPACE' ) );
#2895 = DIRECTION ( 'NONE',  ( 1.000000000000000000, 0.000000000000000000, 0.000000000000000000 ) ) ;
#2896 = CARTESIAN_POINT ( 'NONE',  ( 7.332364143057841233, -17.51069268098047971, 2.286000000000000032 ) ) ;
#2897 = ADVANCED_FACE ( 'NONE', ( #3043, #5485, #265, #2577, #4587, #3530 ), #4490, .T. ) ;
#2898 = CARTESIAN_POINT ( 'NONE',  ( 0.000000000000000000, -12.69999999999999929, -2.286000000000000032 ) ) ;
#2899 = LINE ( 'NONE', #5733, #3113 ) ;
#2900 = ORIENTED_EDGE ( 'NONE', *, *, #1199, .T. ) ;
#2901 = VECTOR ( 'NONE', #1239, 999.9999999999998863 ) ;
#2902 = AXIS2_PLACEMENT_3D ( 'NONE', #2777, #5524, #1263 ) ;
#2903 = LINE ( 'NONE', #3857, #1201 ) ;
#2904 = FACE_OUTER_BOUND ( 'NONE', #664, .T. ) ;
#2905 = CIRCLE ( 'NONE', #1227, 3.149999999999999023 ) ;
#2906 = AXIS2_PLACEMENT_3D ( 'NONE', #2384, #4725, #3833 ) ;
#2907 = ORIENTED_EDGE ( 'NONE', *, *, #1022, .T. ) ;
#2908 = EDGE_CURVE ( 'NONE', #4084, #2561, #2847, .T. ) ;
#2909 = ORIENTED_EDGE ( 'NONE', *, *, #812, .T. ) ;
#2910 = CARTESIAN_POINT ( 'NONE',  ( 6.350000000000001421, 6.200000000000001066, -3.049999999999999822 ) ) ;
#2911 = LINE ( 'NONE', #5744, #4535 ) ;
#2912 = EDGE_CURVE ( 'NONE', #416, #934, #1154, .T. ) ;
#2913 = VECTOR ( 'NONE', #4374, 1000.000000000000000 ) ;
#2914 = VECTOR ( 'NONE', #3245, 1000.000000000000000 ) ;
#2915 = PLANE ( 'NONE',  #5254 ) ;
#2916 = ORIENTED_EDGE ( 'NONE', *, *, #1577, .T. ) ;
#2917 = DIRECTION ( 'NONE',  ( -0.000000000000000000, -0.000000000000000000, -1.000000000000000000 ) ) ;
#2918 = DIRECTION ( 'NONE',  ( 1.000000000000000000, 0.000000000000000000, 0.000000000000000000 ) ) ;
#2919 = ORIENTED_EDGE ( 'NONE', *, *, #5905, .T. ) ;
#2920 = CARTESIAN_POINT ( 'NONE',  ( -2.943394698145813226, -13.82201945211619254, 1.000000000000000000 ) ) ;
#2921 = ADVANCED_FACE ( 'NONE', ( #4953 ), #2610, .F. ) ;
#2922 = EDGE_CURVE ( 'NONE', #5642, #3792, #4031, .T. ) ;
#2923 = CARTESIAN_POINT ( 'NONE',  ( 2.943394698145819444, -26.52201945211617229, 2.286000000000000032 ) ) ;
#2924 = CARTESIAN_POINT ( 'NONE',  ( -6.350000000000001421, 5.199999999999998401, 3.049999999999999822 ) ) ;
#2925 = ORIENTED_EDGE ( 'NONE', *, *, #3188, .T. ) ;
#2926 = ORIENTED_EDGE ( 'NONE', *, *, #4800, .F. ) ;
#2927 = CARTESIAN_POINT ( 'NONE',  ( 6.350000000000001421, 0.000000000000000000, 1.000000000000000000 ) ) ;
#2928 = CARTESIAN_POINT ( 'NONE',  ( 5.044741000755725402, -26.66118525018893237, 3.049999999999999822 ) ) ;
#2929 = DIRECTION ( 'NONE',  ( 0.000000000000000000, 0.000000000000000000, 1.000000000000000000 ) ) ;
#2930 = CARTESIAN_POINT ( 'NONE',  ( 6.350000000000001421, 0.000000000000000000, 2.286000000000000032 ) ) ;
#2931 = VECTOR ( 'NONE', #3815, 1000.000000000000000 ) ;
#2932 = DIRECTION ( 'NONE',  ( -1.000000000000000000, 0.000000000000000000, 0.000000000000000000 ) ) ;
#2933 = CARTESIAN_POINT ( 'NONE',  ( -2.943394698145819888, -24.27798054788382842, 2.286000000000000032 ) ) ;
#2934 = AXIS2_PLACEMENT_3D ( 'NONE', #1632, #3509, #5397 ) ;
#2935 = EDGE_LOOP ( 'NONE', ( #3734, #3063 ) ) ;
#2936 = ORIENTED_EDGE ( 'NONE', *, *, #1317, .F. ) ;
#2937 = CARTESIAN_POINT ( 'NONE',  ( 0.000000000000000000, -12.69999999999999929, 2.286000000000000032 ) ) ;
#2938 = FACE_OUTER_BOUND ( 'NONE', #2295, .T. ) ;
#2939 = ORIENTED_EDGE ( 'NONE', *, *, #1399, .F. ) ;
#2940 = DIRECTION ( 'NONE',  ( -0.000000000000000000, 0.000000000000000000, -1.000000000000000000 ) ) ;
#2941 = AXIS2_PLACEMENT_3D ( 'NONE', #5300, #178, #604 ) ;
#2942 = ADVANCED_FACE ( 'NONE', ( #3560 ), #5451, .F. ) ;
#2943 = DIRECTION ( 'NONE',  ( 1.000000000000000000, 0.000000000000000000, 0.000000000000000000 ) ) ;
#2944 = EDGE_CURVE ( 'NONE', #726, #4810, #3629, .T. ) ;
#2945 = VERTEX_POINT ( 'NONE', #764 ) ;
#2946 = CARTESIAN_POINT ( 'NONE',  ( -6.350000000000001421, 6.200000000000000178, 1.000000000000000000 ) ) ;
#2947 = CARTESIAN_POINT ( 'NONE',  ( -3.239935691983203636, -0.5000000000000000000, -2.286000000000000032 ) ) ;
#2948 = DESIGN_CONTEXT ( 'detailed design', #5061, 'design' ) ;
#2949 = ORIENTED_EDGE ( 'NONE', *, *, #5450, .F. ) ;
#2950 = EDGE_CURVE ( 'NONE', #3922, #5702, #74, .T. ) ;
#2951 = CARTESIAN_POINT ( 'NONE',  ( 0.000000000000000000, -0.5000000000000004441, 1.000000000000000000 ) ) ;
#2952 = DIRECTION ( 'NONE',  ( 0.000000000000000000, 0.000000000000000000, 1.000000000000000000 ) ) ;
#2953 = CARTESIAN_POINT ( 'NONE',  ( 0.000000000000000000, 0.000000000000000000, -2.286000000000000032 ) ) ;
#2954 = VERTEX_POINT ( 'NONE', #1249 ) ;
#2955 = ORIENTED_EDGE ( 'NONE', *, *, #865, .F. ) ;
#2956 = CARTESIAN_POINT ( 'NONE',  ( 0.000000000000000000, -25.39999999999999858, 2.286000000000000032 ) ) ;
#2957 = DIRECTION ( 'NONE',  ( -0.000000000000000000, -0.000000000000000000, -1.000000000000000000 ) ) ;
#2958 = CARTESIAN_POINT ( 'NONE',  ( -1.568653347947315480, -14.18301270189222585, 2.286000000000000032 ) ) ;
#2959 = DIRECTION ( 'NONE',  ( -0.000000000000000000, -0.000000000000000000, -1.000000000000000000 ) ) ;
#2960 = ORIENTED_EDGE ( 'NONE', *, *, #1163, .T. ) ;
#2961 = DIRECTION ( 'NONE',  ( -0.000000000000000000, -0.000000000000000000, -1.000000000000000000 ) ) ;
#2962 = DIRECTION ( 'NONE',  ( 0.000000000000000000, 1.000000000000000000, 0.000000000000000000 ) ) ;
#2963 = ORIENTED_EDGE ( 'NONE', *, *, #1731, .T. ) ;
#2964 = ORIENTED_EDGE ( 'NONE', *, *, #272, .T. ) ;
#2965 = VECTOR ( 'NONE', #3609, 1000.000000000000000 ) ;
#2966 = LINE ( 'NONE', #2503, #4058 ) ;
#2967 = CARTESIAN_POINT ( 'NONE',  ( 6.350000000000001421, 0.000000000000000000, -2.286000000000000032 ) ) ;
#2968 = ORIENTED_EDGE ( 'NONE', *, *, #5352, .T. ) ;
#2969 = DIRECTION ( 'NONE',  ( 0.8660254037844362651, -0.5000000000000041078, 0.000000000000000000 ) ) ;
#2970 = CARTESIAN_POINT ( 'NONE',  ( -6.350000000000001421, 0.000000000000000000, -2.286000000000000032 ) ) ;
#2971 = ORIENTED_EDGE ( 'NONE', *, *, #6065, .F. ) ;
#2972 = ADVANCED_FACE ( 'NONE', ( #4921 ), #5019, .F. ) ;
#2973 = CARTESIAN_POINT ( 'NONE',  ( 4.232465839245184824, -28.42096556081371617, 2.286000000000000032 ) ) ;
#2974 = CARTESIAN_POINT ( 'NONE',  ( 6.350000000000001421, 0.000000000000000000, 2.286000000000000032 ) ) ;
#2975 = VECTOR ( 'NONE', #3688, 1000.000000000000227 ) ;
#2976 = PLANE ( 'NONE',  #3329 ) ;
#2977 = AXIS2_PLACEMENT_3D ( 'NONE', #1709, #3590, #5942 ) ;
#2978 = VERTEX_POINT ( 'NONE', #5515 ) ;
#2979 = CARTESIAN_POINT ( 'NONE',  ( 0.2500000000000041078, -24.96698729810777451, 1.000000000000000000 ) ) ;
#2980 = ADVANCED_FACE ( 'NONE', ( #3169 ), #5047, .T. ) ;
#2981 = AXIS2_PLACEMENT_3D ( 'NONE', #3084, #1192, #276 ) ;
#2982 = DIRECTION ( 'NONE',  ( -0.000000000000000000, -0.000000000000000000, -1.000000000000000000 ) ) ;
#2983 = ORIENTED_EDGE ( 'NONE', *, *, #758, .T. ) ;
#2984 = ORIENTED_EDGE ( 'NONE', *, *, #1884, .F. ) ;
#2985 = LINE ( 'NONE', #2493, #4676 ) ;
#2986 = EDGE_CURVE ( 'NONE', #2164, #4209, #1648, .T. ) ;
#2987 = DIRECTION ( 'NONE',  ( 1.000000000000000000, 0.000000000000000000, 0.000000000000000000 ) ) ;
#2988 = LINE ( 'NONE', #4868, #5967 ) ;
#2989 = ORIENTED_EDGE ( 'NONE', *, *, #809, .F. ) ;
#2990 = AXIS2_PLACEMENT_3D ( 'NONE', #5492, #4880, #194 ) ;
#2991 = PLANE ( 'NONE',  #1327 ) ;
#2992 = CARTESIAN_POINT ( 'NONE',  ( 6.432881321217875481, -21.10862396834033561, 2.286000000000000032 ) ) ;
#2993 = EDGE_CURVE ( 'NONE', #1169, #2355, #6093, .T. ) ;
#2994 = ORIENTED_EDGE ( 'NONE', *, *, #4270, .T. ) ;
#2995 = ADVANCED_FACE ( 'NONE', ( #2273 ), #945, .F. ) ;
#2996 = ORIENTED_EDGE ( 'NONE', *, *, #2485, .T. ) ;
#2997 = LINE ( 'NONE', #216, #3767 ) ;
#2998 = CARTESIAN_POINT ( 'NONE',  ( -4.253332099679086653, -28.43301270189220986, 2.286000000000000032 ) ) ;
#2999 = VERTEX_POINT ( 'NONE', #4618 ) ;
#3000 = VECTOR ( 'NONE', #1068, 999.9999999999998863 ) ;
#3001 = PLANE ( 'NONE',  #2990 ) ;
#3002 = CIRCLE ( 'NONE', #3888, 3.150000000000000799 ) ;
#3003 = CARTESIAN_POINT ( 'NONE',  ( 0.000000000000000000, -25.39999999999999858, 1.000000000000000000 ) ) ;
#3004 = DIRECTION ( 'NONE',  ( -1.000000000000000000, -1.365923996832131116E-16, 0.000000000000000000 ) ) ;
#3005 = AXIS2_PLACEMENT_3D ( 'NONE', #364, #3171, #5054 ) ;
#3006 = ORIENTED_EDGE ( 'NONE', *, *, #3099, .F. ) ;
#3007 = ORIENTED_EDGE ( 'NONE', *, *, #4169, .F. ) ;
#3008 = CARTESIAN_POINT ( 'NONE',  ( -2.443394698145809230, -14.68804485590063003, 2.286000000000000032 ) ) ;
#3009 = VECTOR ( 'NONE', #2616, 1000.000000000000000 ) ;
#3010 = AXIS2_PLACEMENT_3D ( 'NONE', #1732, #5525, #5555 ) ;
#3011 = FACE_OUTER_BOUND ( 'NONE', #2774, .T. ) ;
#3012 = CARTESIAN_POINT ( 'NONE',  ( -5.218629150101524061, 1.838477631085023267, -2.286000000000000032 ) ) ;
#3013 = EDGE_LOOP ( 'NONE', ( #3973, #2020, #614, #5463 ) ) ;
#3014 = LINE ( 'NONE', #57, #1686 ) ;
#3015 = CARTESIAN_POINT ( 'NONE',  ( -2.443394698145809674, -10.71195514409937033, 1.000000000000000000 ) ) ;
#3016 = ORIENTED_EDGE ( 'NONE', *, *, #4598, .F. ) ;
#3017 = ORIENTED_EDGE ( 'NONE', *, *, #2798, .T. ) ;
#3018 = EDGE_CURVE ( 'NONE', #1803, #1496, #2047, .T. ) ;
#3019 = PLANE ( 'NONE',  #1719 ) ;
#3020 = DIRECTION ( 'NONE',  ( 0.000000000000000000, 0.000000000000000000, 1.000000000000000000 ) ) ;
#3021 = ADVANCED_FACE ( 'NONE', ( #392 ), #2305, .F. ) ;
#3022 = FACE_OUTER_BOUND ( 'NONE', #3124, .T. ) ;
#3023 = ORIENTED_EDGE ( 'NONE', *, *, #1430, .T. ) ;
#3024 = EDGE_CURVE ( 'NONE', #2587, #1803, #456, .T. ) ;
#3025 = LINE ( 'NONE', #4041, #2581 ) ;
#3026 = DIRECTION ( 'NONE',  ( -0.000000000000000000, 1.000000000000000000, 0.000000000000000000 ) ) ;
#3027 = EDGE_LOOP ( 'NONE', ( #2391, #1232, #6083, #620 ) ) ;
#3028 = PLANE ( 'NONE',  #2389 ) ;
#3029 = PLANE ( 'NONE',  #4929 ) ;
#3030 = AXIS2_PLACEMENT_3D ( 'NONE', #1587, #201, #4054 ) ;
#3031 = DIRECTION ( 'NONE',  ( -1.000000000000000000, 0.000000000000000000, 0.000000000000000000 ) ) ;
#3032 = CARTESIAN_POINT ( 'NONE',  ( -11.54999999999999893, 0.000000000000000000, 1.000000000000000000 ) ) ;
#3033 = CIRCLE ( 'NONE', #3136, 5.200000000000000178 ) ;
#3034 = CARTESIAN_POINT ( 'NONE',  ( 0.000000000000000000, -25.39999999999999858, 1.000000000000000000 ) ) ;
#3035 = ORIENTED_EDGE ( 'NONE', *, *, #6032, .F. ) ;
#3036 = ORIENTED_EDGE ( 'NONE', *, *, #5176, .T. ) ;
#3037 = CARTESIAN_POINT ( 'NONE',  ( 0.000000000000000000, -12.69999999999999929, 2.286000000000000032 ) ) ;
#3038 = VECTOR ( 'NONE', #5798, 1000.000000000000000 ) ;
#3039 = FACE_OUTER_BOUND ( 'NONE', #969, .T. ) ;
#3040 = LINE ( 'NONE', #4028, #1153 ) ;
#3041 = ORIENTED_EDGE ( 'NONE', *, *, #3216, .F. ) ;
#3042 = FACE_OUTER_BOUND ( 'NONE', #2534, .T. ) ;
#3043 = FACE_BOUND ( 'NONE', #4768, .T. ) ;
#3044 = ORIENTED_EDGE ( 'NONE', *, *, #72, .T. ) ;
#3045 = CARTESIAN_POINT ( 'NONE',  ( -6.350000000000001421, 0.000000000000000000, 2.286000000000000032 ) ) ;
#3046 = PERSON_AND_ORGANIZATION_ROLE ( 'design_owner' ) ;
#3047 = DIRECTION ( 'NONE',  ( -1.000000000000000000, 0.000000000000000000, 0.000000000000000000 ) ) ;
#3048 = PLANE ( 'NONE',  #2054 ) ;
#3049 = EDGE_CURVE ( 'NONE', #5776, #2492, #5880, .T. ) ;
#3050 = EDGE_CURVE ( 'NONE', #210, #1712, #2856, .T. ) ;
#3051 = ORIENTED_EDGE ( 'NONE', *, *, #882, .T. ) ;
#3052 = LINE ( 'NONE', #4409, #1602 ) ;
#3053 = CARTESIAN_POINT ( 'NONE',  ( 0.000000000000000000, -25.39999999999999858, -2.286000000000000032 ) ) ;
#3054 = ORIENTED_EDGE ( 'NONE', *, *, #1523, .F. ) ;
#3055 = DIRECTION ( 'NONE',  ( 0.7071067811865479058, 0.7071067811865470176, -0.000000000000000000 ) ) ;
#3056 = DIRECTION ( 'NONE',  ( -1.000000000000000000, -1.365923996832131116E-16, 0.000000000000000000 ) ) ;
#3057 = EDGE_CURVE ( 'NONE', #5543, #5147, #913, .T. ) ;
#3058 = EDGE_LOOP ( 'NONE', ( #1055, #5663, #1384, #3760 ) ) ;
#3059 = AXIS2_PLACEMENT_3D ( 'NONE', #128, #1952, #3896 ) ;
#3060 = CARTESIAN_POINT ( 'NONE',  ( -5.249261314031216763, -16.30801270189227026, 1.000000000000000000 ) ) ;
#3061 = VECTOR ( 'NONE', #5862, 999.9999999999998863 ) ;
#3062 = DIRECTION ( 'NONE',  ( 1.000000000000000000, 0.000000000000000000, 0.000000000000000000 ) ) ;
#3063 = ORIENTED_EDGE ( 'NONE', *, *, #5632, .T. ) ;
#3064 = ORIENTED_EDGE ( 'NONE', *, *, #3269, .T. ) ;
#3065 = PLANE ( 'NONE',  #820 ) ;
#3066 = EDGE_CURVE ( 'NONE', #5167, #1155, #1813, .T. ) ;
#3067 = DIRECTION ( 'NONE',  ( 0.000000000000000000, 0.000000000000000000, 1.000000000000000000 ) ) ;
#3068 = AXIS2_PLACEMENT_3D ( 'NONE', #84, #4330, #5357 ) ;
#3069 = DIRECTION ( 'NONE',  ( 0.8660254037844387076, 0.5000000000000001110, -0.000000000000000000 ) ) ;
#3070 = VERTEX_POINT ( 'NONE', #3724 ) ;
#3071 = FACE_OUTER_BOUND ( 'NONE', #847, .T. ) ;
#3072 = ADVANCED_FACE ( 'NONE', ( #5607 ), #4707, .F. ) ;
#3073 = CARTESIAN_POINT ( 'NONE',  ( -4.732465839245183936, -27.55494015702927868, 3.049999999999999822 ) ) ;
#3074 = VERTEX_POINT ( 'NONE', #5203 ) ;
#3075 = AXIS2_PLACEMENT_3D ( 'NONE', #710, #161, #2588 ) ;
#3076 = DIRECTION ( 'NONE',  ( 1.000000000000000000, 2.202823461557851130E-15, 0.000000000000000000 ) ) ;
#3077 = DATE_AND_TIME ( #768, #3387 ) ;
#3078 = CIRCLE ( 'NONE', #3866, 2.100000000000000089 ) ;
#3079 = CARTESIAN_POINT ( 'NONE',  ( 6.350000000000001421, 5.200000000000001066, 3.049999999999999822 ) ) ;
#3080 = AXIS2_PLACEMENT_3D ( 'NONE', #4087, #1243, #5412 ) ;
#3081 = CARTESIAN_POINT ( 'NONE',  ( 3.239935691983204524, 0.5000000000000000000, 2.286000000000000032 ) ) ;
#3082 = ORIENTED_EDGE ( 'NONE', *, *, #4580, .F. ) ;
#3083 = VECTOR ( 'NONE', #3373, 1000.000000000000000 ) ;
#3085 = EDGE_CURVE ( 'NONE', #5522, #1306, #6001, .T. ) ;
#3084 = CARTESIAN_POINT ( 'NONE',  ( 0.000000000000000000, -25.39999999999999858, -1.000000000000000000 ) ) ;
#3086 = CARTESIAN_POINT ( 'NONE',  ( 2.443394698145809230, -10.71195514409937033, 1.000000000000000000 ) ) ;
#3087 = ORIENTED_EDGE ( 'NONE', *, *, #2113, .F. ) ;
#3088 = CARTESIAN_POINT ( 'NONE',  ( 2.100000000000000089, -25.39999999999999858, 1.000000000000000000 ) ) ;
#3089 = FACE_OUTER_BOUND ( 'NONE', #3751, .T. ) ;
#3090 = ORIENTED_EDGE ( 'NONE', *, *, #4563, .T. ) ;
#3091 = AXIS2_PLACEMENT_3D ( 'NONE', #759, #5929, #5480 ) ;
#3092 = LINE ( 'NONE', #2540, #425 ) ;
#3093 = EDGE_CURVE ( 'NONE', #896, #2757, #3658, .T. ) ;
#3094 = CARTESIAN_POINT ( 'NONE',  ( -4.250000000000000000, -0.5000000000000000000, 2.286000000000000032 ) ) ;
#3095 = DIRECTION ( 'NONE',  ( -0.2425356250363330801, -0.9701425001453318764, 0.000000000000000000 ) ) ;
#3096 = CC_DESIGN_SECURITY_CLASSIFICATION ( #5943, ( #1421 ) ) ;
#3097 = ORIENTED_EDGE ( 'NONE', *, *, #3889, .T. ) ;
#3098 = ORIENTED_EDGE ( 'NONE', *, *, #4485, .T. ) ;
#3099 = EDGE_CURVE ( 'NONE', #1966, #852, #884, .T. ) ;
#3100 = ORIENTED_EDGE ( 'NONE', *, *, #5376, .T. ) ;
#3101 = VECTOR ( 'NONE', #1912, 1000.000000000000227 ) ;
#3102 = CARTESIAN_POINT ( 'NONE',  ( 4.732465839245183048, -27.55494015702928223, 3.049999999999999822 ) ) ;
#3103 = FACE_OUTER_BOUND ( 'NONE', #5270, .T. ) ;
#3104 = CIRCLE ( 'NONE', #4473, 3.149999999999999023 ) ;
#3105 = VECTOR ( 'NONE', #5936, 1000.000000000000000 ) ;
#3106 = CARTESIAN_POINT ( 'NONE',  ( -8.902700952718200611, -1.845594171531650618, 1.000000000000000000 ) ) ;
#3107 = EDGE_LOOP ( 'NONE', ( #712, #3289, #5034, #3877 ) ) ;
#3108 = VECTOR ( 'NONE', #2582, 1000.000000000000000 ) ;
#3109 = DIRECTION ( 'NONE',  ( -0.7071067811865476838, -0.7071067811865474617, 0.000000000000000000 ) ) ;
#3110 = DIRECTION ( 'NONE',  ( -0.7071067811865475727, -0.7071067811865475727, 0.000000000000000000 ) ) ;
#3111 = ORIENTED_EDGE ( 'NONE', *, *, #2732, .F. ) ;
#3112 = EDGE_CURVE ( 'NONE', #1347, #1461, #861, .T. ) ;
#3113 = VECTOR ( 'NONE', #1504, 1000.000000000000000 ) ;
#3114 = CARTESIAN_POINT ( 'NONE',  ( -6.350000000000001421, 0.000000000000000000, 2.286000000000000032 ) ) ;
#3115 = DATE_AND_TIME ( #1685, #2504 ) ;
#3116 = CARTESIAN_POINT ( 'NONE',  ( 7.332364143057841233, -17.51069268098047971, 3.049999999999999822 ) ) ;
#3117 = DIRECTION ( 'NONE',  ( -0.2425356250363329691, 0.9701425001453319874, 0.000000000000000000 ) ) ;
#3118 = ORIENTED_EDGE ( 'NONE', *, *, #4788, .F. ) ;
#3119 = CYLINDRICAL_SURFACE ( 'NONE', #3987, 5.199999999999998401 ) ;
#3120 = DIRECTION ( 'NONE',  ( 0.000000000000000000, 0.000000000000000000, 1.000000000000000000 ) ) ;
#3121 = ORIENTED_EDGE ( 'NONE', *, *, #47, .T. ) ;
#3122 = DIRECTION ( 'NONE',  ( 0.000000000000000000, -0.000000000000000000, 1.000000000000000000 ) ) ;
#3123 = CARTESIAN_POINT ( 'NONE',  ( 6.350000000000001421, 6.200000000000001066, -3.049999999999999822 ) ) ;
#3124 = EDGE_LOOP ( 'NONE', ( #4438, #2781, #1608, #4754 ) ) ;
#3125 = CARTESIAN_POINT ( 'NONE',  ( 0.4242640687119286769, 4.078679656440360013, 1.000000000000000000 ) ) ;
#3126 = DIRECTION ( 'NONE',  ( 1.000000000000000000, 0.000000000000000000, -0.000000000000000000 ) ) ;
#3127 = DIRECTION ( 'NONE',  ( 1.000000000000000000, 0.000000000000000000, 0.000000000000000000 ) ) ;
#3128 = ORIENTED_EDGE ( 'NONE', *, *, #2270, .F. ) ;
#3129 = AXIS2_PLACEMENT_3D ( 'NONE', #3381, #2455, #5355 ) ;
#3130 = ORIENTED_EDGE ( 'NONE', *, *, #1526, .F. ) ;
#3131 = ORIENTED_EDGE ( 'NONE', *, *, #3112, .F. ) ;
#3132 = CARTESIAN_POINT ( 'NONE',  ( 0.4242640687119291210, 4.078679656440360013, 3.049999999999999822 ) ) ;
#3133 = ADVANCED_FACE ( 'NONE', ( #2797 ), #4681, .T. ) ;
#3134 = EDGE_CURVE ( 'NONE', #2703, #4459, #1874, .T. ) ;
#3135 = PLANE ( 'NONE',  #2977 ) ;
#3136 = AXIS2_PLACEMENT_3D ( 'NONE', #3967, #5481, #1246 ) ;
#3137 = CC_DESIGN_PERSON_AND_ORGANIZATION_ASSIGNMENT ( #4035, #3046, ( #3797 ) ) ;
#3138 = CARTESIAN_POINT ( 'NONE',  ( 2.943394698145812782, -11.57798054788380604, 2.286000000000000032 ) ) ;
#3139 = ORIENTED_EDGE ( 'NONE', *, *, #414, .T. ) ;
#3140 = CIRCLE ( 'NONE', #1953, 3.149999999999999023 ) ;
#3141 = CARTESIAN_POINT ( 'NONE',  ( 2.068653347947320587, -12.08301270189220844, -2.286000000000000032 ) ) ;
#3142 = DIRECTION ( 'NONE',  ( 1.000000000000000000, 0.000000000000000000, 0.000000000000000000 ) ) ;
#3143 = ADVANCED_FACE ( 'NONE', ( #997 ), #1524, .T. ) ;
#3144 = ORIENTED_EDGE ( 'NONE', *, *, #5668, .F. ) ;
#3145 = VECTOR ( 'NONE', #4652, 1000.000000000000114 ) ;
#3146 = LINE ( 'NONE', #5488, #3592 ) ;
#3147 = CALENDAR_DATE ( 2022, 6, 6 ) ;
#3148 = DIRECTION ( 'NONE',  ( 0.000000000000000000, 0.000000000000000000, 1.000000000000000000 ) ) ;
#3149 = DIRECTION ( 'NONE',  ( -0.7071067811865479058, -0.7071067811865470176, 0.000000000000000000 ) ) ;
#3150 = ORIENTED_EDGE ( 'NONE', *, *, #5635, .F. ) ;
#3151 = DIRECTION ( 'NONE',  ( -0.000000000000000000, 0.000000000000000000, 1.000000000000000000 ) ) ;
#3152 = CARTESIAN_POINT ( 'NONE',  ( -6.432881321217872816, -21.10862396834034627, 3.049999999999999822 ) ) ;
#3153 = DIRECTION ( 'NONE',  ( 0.000000000000000000, 0.000000000000000000, 1.000000000000000000 ) ) ;
#3154 = CARTESIAN_POINT ( 'NONE',  ( -11.39474100075572593, -1.261185250188932683, -3.049999999999999822 ) ) ;
#3155 = DIRECTION ( 'NONE',  ( 0.2425356250363330801, 0.9701425001453318764, 0.000000000000000000 ) ) ;
#3156 = ORIENTED_EDGE ( 'NONE', *, *, #4331, .T. ) ;
#3157 = CARTESIAN_POINT ( 'NONE',  ( 1.969604420978331824E-16, 3.654415587728431447, 3.049999999999999822 ) ) ;
#3158 = LINE ( 'NONE', #5037, #3207 ) ;
#3159 = LINE ( 'NONE', #2662, #1024 ) ;
#3160 = VERTEX_POINT ( 'NONE', #4761 ) ;
#3161 = ORIENTED_EDGE ( 'NONE', *, *, #156, .F. ) ;
#3162 = ORIENTED_EDGE ( 'NONE', *, *, #1466, .T. ) ;
#3163 = ORIENTED_EDGE ( 'NONE', *, *, #1631, .T. ) ;
#3164 = CARTESIAN_POINT ( 'NONE',  ( -0.9942388155425073704, 4.648654403270940705, -2.286000000000000032 ) ) ;
#3165 = CARTESIAN_POINT ( 'NONE',  ( -3.239935691983203636, 0.5000000000000000000, 2.286000000000000032 ) ) ;
#3166 = ORIENTED_EDGE ( 'NONE', *, *, #221, .T. ) ;
#3167 = ADVANCED_FACE ( 'NONE', ( #1462 ), #5718, .F. ) ;
#3168 = DIRECTION ( 'NONE',  ( 1.000000000000000000, 0.000000000000000000, -0.000000000000000000 ) ) ;
#3169 = FACE_OUTER_BOUND ( 'NONE', #4149, .T. ) ;
#3170 = ORIENTED_EDGE ( 'NONE', *, *, #5996, .T. ) ;
#3171 = DIRECTION ( 'NONE',  ( 0.000000000000000000, 0.000000000000000000, 1.000000000000000000 ) ) ;
#3172 = EDGE_CURVE ( 'NONE', #1135, #4142, #173, .T. ) ;
#3173 = CARTESIAN_POINT ( 'NONE',  ( 8.902700952718200611, -1.845594171531649730, 2.286000000000000032 ) ) ;
#3174 = EDGE_CURVE ( 'NONE', #4177, #676, #2142, .T. ) ;
#3175 = CARTESIAN_POINT ( 'NONE',  ( 6.350000000000001421, 6.200000000000001066, -3.049999999999999822 ) ) ;
#3176 = VERTEX_POINT ( 'NONE', #2947 ) ;
#3177 = VERTEX_POINT ( 'NONE', #2481 ) ;
#3178 = VECTOR ( 'NONE', #5806, 1000.000000000000000 ) ;
#3179 = VECTOR ( 'NONE', #122, 1000.000000000000000 ) ;
#3180 = CARTESIAN_POINT ( 'NONE',  ( -0.5000000000000000000, -2.100000000000000089, -2.286000000000000032 ) ) ;
#3181 = CARTESIAN_POINT ( 'NONE',  ( -1.568653347947315702, -11.21698729810777273, 2.286000000000000032 ) ) ;
#3182 = ADVANCED_FACE ( 'NONE', ( #5752, #1489 ), #597, .T. ) ;
#3183 = CIRCLE ( 'NONE', #3376, 3.150000000000000799 ) ;
#3184 = CARTESIAN_POINT ( 'NONE',  ( -2.943394698145820776, -24.27798054788382842, 2.286000000000000032 ) ) ;
#3185 = DIRECTION ( 'NONE',  ( 1.000000000000000000, 0.000000000000000000, 0.000000000000000000 ) ) ;
#3186 = ORIENTED_EDGE ( 'NONE', *, *, #2280, .F. ) ;
#3187 = AXIS2_PLACEMENT_3D ( 'NONE', #5290, #994, #2943 ) ;
#3188 = EDGE_CURVE ( 'NONE', #3, #2381, #570, .T. ) ;
#3189 = CARTESIAN_POINT ( 'NONE',  ( 0.4999999999999998890, -15.81006430801679841, 2.286000000000000032 ) ) ;
#3190 = CARTESIAN_POINT ( 'NONE',  ( 10.14345675219928111, -6.266322244414722853, 2.286000000000000032 ) ) ;
#3191 = EDGE_CURVE ( 'NONE', #5994, #6052, #2344, .T. ) ;
#3192 = CYLINDRICAL_SURFACE ( 'NONE', #4282, 3.149999999999999911 ) ;
#3193 = ORIENTED_EDGE ( 'NONE', *, *, #3705, .F. ) ;
#3194 = ORIENTED_EDGE ( 'NONE', *, *, #1156, .T. ) ;
#3195 = ORIENTED_EDGE ( 'NONE', *, *, #1625, .T. ) ;
#3196 = DIRECTION ( 'NONE',  ( 1.000000000000000000, 0.000000000000000000, 0.000000000000000000 ) ) ;
#3197 = VECTOR ( 'NONE', #2957, 1000.000000000000000 ) ;
#3198 = VECTOR ( 'NONE', #5354, 1000.000000000000000 ) ;
#3199 = CARTESIAN_POINT ( 'NONE',  ( 3.110064308016796897, -0.5000000000000000000, 2.286000000000000032 ) ) ;
#3200 = VERTEX_POINT ( 'NONE', #77 ) ;
#3201 = FACE_OUTER_BOUND ( 'NONE', #4876, .T. ) ;
#3202 = DIRECTION ( 'NONE',  ( 0.7071067811865475727, 0.7071067811865475727, -0.000000000000000000 ) ) ;
#3203 = AXIS2_PLACEMENT_3D ( 'NONE', #3034, #2105, #3615 ) ;
#3204 = EDGE_LOOP ( 'NONE', ( #6041, #1779, #3604, #1074, #1203, #5499, #1208, #2031, #5599, #2619, #4909, #4747, #5821, #4289, #2925, #6085, #3626, #2596, #1718, #3859 ) ) ;
#3205 = AXIS2_PLACEMENT_3D ( 'NONE', #5945, #1730, #2748 ) ;
#3206 = VECTOR ( 'NONE', #4193, 1000.000000000000000 ) ;
#3207 = VECTOR ( 'NONE', #3647, 1000.000000000000000 ) ;
#3208 = PLANE ( 'NONE',  #3005 ) ;
#3209 = CARTESIAN_POINT ( 'NONE',  ( 0.000000000000000000, -25.39999999999999858, -1.000000000000000000 ) ) ;
#3210 = FACE_OUTER_BOUND ( 'NONE', #4046, .T. ) ;
#3211 = ORIENTED_EDGE ( 'NONE', *, *, #335, .T. ) ;
#3212 = VERTEX_POINT ( 'NONE', #135 ) ;
#3213 = AXIS2_PLACEMENT_3D ( 'NONE', #4127, #975, #5581 ) ;
#3214 = AXIS2_PLACEMENT_3D ( 'NONE', #1764, #340, #3642 ) ;
#3215 = ADVANCED_FACE ( 'NONE', ( #1959 ), #1932, .T. ) ;
#3216 = EDGE_CURVE ( 'NONE', #3947, #2571, #1987, .T. ) ;
#3217 = CARTESIAN_POINT ( 'NONE',  ( -9.806086401974782873, -7.615803645312692716, 1.000000000000000000 ) ) ;
#3218 = CARTESIAN_POINT ( 'NONE',  ( -4.179727430306322034E-15, 5.200000000000000178, -1.000000000000000000 ) ) ;
#3219 = FACE_OUTER_BOUND ( 'NONE', #1038, .T. ) ;
#3220 = FACE_OUTER_BOUND ( 'NONE', #4241, .T. ) ;
#3221 = VERTEX_POINT ( 'NONE', #82 ) ;
#3222 = EDGE_CURVE ( 'NONE', #1873, #2785, #4329, .T. ) ;
#3223 = CARTESIAN_POINT ( 'NONE',  ( -2.943394698145819888, -26.52201945211616874, -1.000000000000000444 ) ) ;
#3224 = PLANE ( 'NONE',  #4870 ) ;
#3225 = FACE_OUTER_BOUND ( 'NONE', #4492, .T. ) ;
#3226 = ORIENTED_EDGE ( 'NONE', *, *, #2677, .T. ) ;
#3227 = ORIENTED_EDGE ( 'NONE', *, *, #4563, .F. ) ;
#3228 = ORIENTED_EDGE ( 'NONE', *, *, #1318, .F. ) ;
#3229 = ORIENTED_EDGE ( 'NONE', *, *, #520, .F. ) ;
#3230 = DIRECTION ( 'NONE',  ( 1.000000000000000000, 1.365923996832131116E-16, -0.000000000000000000 ) ) ;
#3231 = DIRECTION ( 'NONE',  ( -0.000000000000000000, -0.000000000000000000, -1.000000000000000000 ) ) ;
#3232 = ORIENTED_EDGE ( 'NONE', *, *, #2348, .F. ) ;
#3233 = CARTESIAN_POINT ( 'NONE',  ( -3.149999999999999023, -25.39999999999999858, -2.286000000000000032 ) ) ;
#3234 = CARTESIAN_POINT ( 'NONE',  ( -10.49660849440505750, -4.853715275591603096, 3.049999999999999822 ) ) ;
#3235 = VECTOR ( 'NONE', #5174, 1000.000000000000114 ) ;
#3236 = ORIENTED_EDGE ( 'NONE', *, *, #221, .F. ) ;
#3237 = VECTOR ( 'NONE', #3449, 1000.000000000000000 ) ;
#3238 = LINE ( 'NONE', #1221, #346 ) ;
#3239 = DIRECTION ( 'NONE',  ( 1.000000000000000000, 0.000000000000000000, 0.000000000000000000 ) ) ;
#3240 = CARTESIAN_POINT ( 'NONE',  ( -8.902700952718200611, -1.845594171531650618, -1.000000000000000000 ) ) ;
#3241 = AXIS2_PLACEMENT_3D ( 'NONE', #825, #5417, #4519 ) ;
#3242 = VERTEX_POINT ( 'NONE', #1528 ) ;
#3243 = ORIENTED_EDGE ( 'NONE', *, *, #5585, .T. ) ;
#3244 = CARTESIAN_POINT ( 'NONE',  ( 6.432881321217875481, -21.10862396834033561, 3.049999999999999822 ) ) ;
#3245 = DIRECTION ( 'NONE',  ( -0.8660254037844400399, 0.4999999999999975020, -0.000000000000000000 ) ) ;
#3246 = EDGE_CURVE ( 'NONE', #3504, #978, #3469, .T. ) ;
#3247 = EDGE_CURVE ( 'NONE', #16, #481, #2025, .T. ) ;
#3248 = CARTESIAN_POINT ( 'NONE',  ( 0.000000000000000000, -12.69999999999999929, -1.000000000000000000 ) ) ;
#3249 = DIRECTION ( 'NONE',  ( -0.8660254037844361541, -0.5000000000000043299, -0.000000000000000000 ) ) ;
#3250 = VERTEX_POINT ( 'NONE', #3905 ) ;
#3251 = DIRECTION ( 'NONE',  ( 0.000000000000000000, 0.000000000000000000, 1.000000000000000000 ) ) ;
#3252 = CARTESIAN_POINT ( 'NONE',  ( -6.014883500901058611, -26.90372087522526456, 1.000000000000000000 ) ) ;
#3253 = DIRECTION ( 'NONE',  ( -1.000000000000000000, 0.000000000000000000, 0.000000000000000000 ) ) ;
#3254 = VERTEX_POINT ( 'NONE', #1060 ) ;
#3255 = ADVANCED_FACE ( 'NONE', ( #2549 ), #174, .T. ) ;
#3256 = ORIENTED_EDGE ( 'NONE', *, *, #5321, .F. ) ;
#3257 = ORIENTED_EDGE ( 'NONE', *, *, #5949, .T. ) ;
#3258 = ORIENTED_EDGE ( 'NONE', *, *, #3066, .T. ) ;
#3259 = DIRECTION ( 'NONE',  ( 1.000000000000000000, 0.000000000000000000, 0.000000000000000000 ) ) ;
#3260 = DIRECTION ( 'NONE',  ( -0.000000000000000000, -0.000000000000000000, -1.000000000000000000 ) ) ;
#3261 = EDGE_LOOP ( 'NONE', ( #3228, #3054 ) ) ;
#3262 = EDGE_CURVE ( 'NONE', #2116, #5165, #1935, .T. ) ;
#3263 = DIRECTION ( 'NONE',  ( 0.000000000000000000, 0.000000000000000000, 1.000000000000000000 ) ) ;
#3264 = DIRECTION ( 'NONE',  ( 0.000000000000000000, 0.000000000000000000, 1.000000000000000000 ) ) ;
#3265 = VERTEX_POINT ( 'NONE', #5787 ) ;
#3266 = VECTOR ( 'NONE', #3718, 1000.000000000000000 ) ;
#3267 = EDGE_CURVE ( 'NONE', #5027, #5011, #3843, .T. ) ;
#3268 = LINE ( 'NONE', #1410, #1428 ) ;
#3269 = EDGE_CURVE ( 'NONE', #1966, #3160, #1491, .T. ) ;
#3270 = AXIS2_PLACEMENT_3D ( 'NONE', #1267, #5033, #806 ) ;
#3271 = FACE_OUTER_BOUND ( 'NONE', #3834, .T. ) ;
#3272 = FACE_OUTER_BOUND ( 'NONE', #826, .T. ) ;
#3273 = ORIENTED_EDGE ( 'NONE', *, *, #3479, .F. ) ;
#3274 = ORIENTED_EDGE ( 'NONE', *, *, #1930, .F. ) ;
#3275 = AXIS2_PLACEMENT_3D ( 'NONE', #4456, #791, #2576 ) ;
#3276 = CARTESIAN_POINT ( 'NONE',  ( 0.000000000000000000, 0.000000000000000000, 1.000000000000000000 ) ) ;
#3277 = DIRECTION ( 'NONE',  ( 0.8660254037844362651, -0.5000000000000041078, -0.000000000000000000 ) ) ;
#3278 = DIRECTION ( 'NONE',  ( 1.000000000000000000, 0.000000000000000000, 0.000000000000000000 ) ) ;
#3279 = FACE_OUTER_BOUND ( 'NONE', #1372, .T. ) ;
#3280 = VERTEX_POINT ( 'NONE', #1032 ) ;
#3281 = VECTOR ( 'NONE', #1378, 1000.000000000000000 ) ;
#3282 = ADVANCED_FACE ( 'NONE', ( #632 ), #2516, .T. ) ;
#3283 = CARTESIAN_POINT ( 'NONE',  ( 3.239935691983204524, -0.5000000000000000000, 2.286000000000000032 ) ) ;
#3284 = CARTESIAN_POINT ( 'NONE',  ( 8.930939751330900123, -1.873832970144350352, -2.286000000000000032 ) ) ;
#3285 = ORIENTED_EDGE ( 'NONE', *, *, #434, .T. ) ;
#3286 = ORIENTED_EDGE ( 'NONE', *, *, #5101, .T. ) ;
#3287 = VERTEX_POINT ( 'NONE', #2920 ) ;
#3288 = CIRCLE ( 'NONE', #821, 3.150000000000000799 ) ;
#3289 = ORIENTED_EDGE ( 'NONE', *, *, #3879, .F. ) ;
#3290 = DIRECTION ( 'NONE',  ( -1.000000000000000000, 0.000000000000000000, 0.000000000000000000 ) ) ;
#3291 = EDGE_CURVE ( 'NONE', #3212, #473, #3913, .T. ) ;
#3292 = DIRECTION ( 'NONE',  ( -0.000000000000000000, -0.000000000000000000, -1.000000000000000000 ) ) ;
#3293 = ADVANCED_FACE ( 'NONE', ( #4361 ), #3440, .T. ) ;
#3294 = ORIENTED_EDGE ( 'NONE', *, *, #2950, .T. ) ;
#3295 = DIRECTION ( 'NONE',  ( 1.000000000000000000, 0.000000000000000000, 0.000000000000000000 ) ) ;
#3296 = VERTEX_POINT ( 'NONE', #5756 ) ;
#3297 = VECTOR ( 'NONE', #1110, 1000.000000000000000 ) ;
#3298 = PLANE ( 'NONE',  #4871 ) ;
#3299 = DIRECTION ( 'NONE',  ( 0.7071067811865476838, -0.7071067811865474617, 0.000000000000000000 ) ) ;
#3300 = AXIS2_PLACEMENT_3D ( 'NONE', #3911, #4400, #3076 ) ;
#3301 = CARTESIAN_POINT ( 'NONE',  ( 0.000000000000000000, -25.39999999999999858, 1.000000000000000000 ) ) ;
#3302 = EDGE_CURVE ( 'NONE', #2734, #905, #108, .T. ) ;
#3303 = VERTEX_POINT ( 'NONE', #3873 ) ;
#3304 = ORIENTED_EDGE ( 'NONE', *, *, #5695, .T. ) ;
#3305 = AXIS2_PLACEMENT_3D ( 'NONE', #1271, #4506, #1769 ) ;
#3306 = AXIS2_PLACEMENT_3D ( 'NONE', #3787, #4685, #3816 ) ;
#3307 = CARTESIAN_POINT ( 'NONE',  ( -6.350000000000001421, 0.000000000000000000, -3.049999999999999822 ) ) ;
#3308 = CARTESIAN_POINT ( 'NONE',  ( 8.902700952718200611, -1.845594171531649730, 2.286000000000000032 ) ) ;
#3309 = CIRCLE ( 'NONE', #4092, 2.100000000000000089 ) ;
#3310 = CARTESIAN_POINT ( 'NONE',  ( 0.2500000000000003886, -25.83301270189221910, -1.000000000000000000 ) ) ;
#3311 = VECTOR ( 'NONE', #3315, 1000.000000000000000 ) ;
#3312 = LINE ( 'NONE', #5648, #5277 ) ;
#3313 = ORIENTED_EDGE ( 'NONE', *, *, #4516, .F. ) ;
#3314 = FACE_OUTER_BOUND ( 'NONE', #1510, .T. ) ;
#3315 = DIRECTION ( 'NONE',  ( -0.7071067811865476838, 0.7071067811865474617, 0.000000000000000000 ) ) ;
#3316 = VERTEX_POINT ( 'NONE', #1992 ) ;
#3317 = ORIENTED_EDGE ( 'NONE', *, *, #470, .T. ) ;
#3318 = ORIENTED_EDGE ( 'NONE', *, *, #5208, .T. ) ;
#3319 = CARTESIAN_POINT ( 'NONE',  ( 2.100000000000000089, -0.5000000000000000000, -2.286000000000000032 ) ) ;
#3320 = PLANE ( 'NONE',  #1757 ) ;
#3321 = EDGE_LOOP ( 'NONE', ( #1509, #4272, #129, #1895 ) ) ;
#3322 = ADVANCED_FACE ( 'NONE', ( #3412 ), #5296, .T. ) ;
#3323 = EDGE_CURVE ( 'NONE', #2945, #4888, #1088, .T. ) ;
#3324 = DIRECTION ( 'NONE',  ( -0.7071067811865474617, 0.7071067811865474617, 0.000000000000000000 ) ) ;
#3325 = ORIENTED_EDGE ( 'NONE', *, *, #1467, .F. ) ;
#3326 = DIRECTION ( 'NONE',  ( -1.000000000000000000, 0.000000000000000000, 0.000000000000000000 ) ) ;
#3327 = CARTESIAN_POINT ( 'NONE',  ( 4.504405828468352802, 2.552700952718200078, 2.286000000000000032 ) ) ;
#3328 = ADVANCED_FACE ( 'NONE', ( #3351 ), #2976, .F. ) ;
#3329 = AXIS2_PLACEMENT_3D ( 'NONE', #4853, #1464, #4394 ) ;
#3330 = CARTESIAN_POINT ( 'NONE',  ( -4.753332099679086653, -27.56698729810777238, -2.286000000000000032 ) ) ;
#3331 = VERTEX_POINT ( 'NONE', #5815 ) ;
#3332 = ORIENTED_EDGE ( 'NONE', *, *, #5288, .F. ) ;
#3333 = CIRCLE ( 'NONE', #4310, 3.149999999999999023 ) ;
#3334 = DIRECTION ( 'NONE',  ( -0.8660254037844400399, 0.4999999999999975020, 0.000000000000000000 ) ) ;
#3335 = CARTESIAN_POINT ( 'NONE',  ( 8.223832970144352217, -2.580939751330898257, 2.286000000000000032 ) ) ;
#3336 = VECTOR ( 'NONE', #6097, 1000.000000000000000 ) ;
#3337 = DIRECTION ( 'NONE',  ( -0.000000000000000000, -1.000000000000000000, 0.000000000000000000 ) ) ;
#3338 = DIRECTION ( 'NONE',  ( -1.000000000000000000, 1.022195611122248045E-15, -0.000000000000000000 ) ) ;
#3339 = ORIENTED_EDGE ( 'NONE', *, *, #434, .F. ) ;
#3340 = CARTESIAN_POINT ( 'NONE',  ( 4.250000000000000000, 0.000000000000000000, -2.286000000000000032 ) ) ;
#3341 = DIRECTION ( 'NONE',  ( 0.7071067811865480168, 0.7071067811865471286, 0.000000000000000000 ) ) ;
#3342 = ORIENTED_EDGE ( 'NONE', *, *, #5237, .T. ) ;
#3343 = ORIENTED_EDGE ( 'NONE', *, *, #2079, .T. ) ;
#3344 = ORIENTED_EDGE ( 'NONE', *, *, #3555, .T. ) ;
#3345 = CARTESIAN_POINT ( 'NONE',  ( 0.5000000000000000000, -22.28993569198320301, -2.286000000000000032 ) ) ;
#3346 = CARTESIAN_POINT ( 'NONE',  ( 0.000000000000000000, -12.69999999999999929, -2.286000000000000032 ) ) ;
#3347 = ORIENTED_EDGE ( 'NONE', *, *, #1121, .T. ) ;
#3348 = DIRECTION ( 'NONE',  ( 0.000000000000000000, 0.000000000000000000, 1.000000000000000000 ) ) ;
#3349 = ORIENTED_EDGE ( 'NONE', *, *, #1209, .T. ) ;
#3350 = EDGE_CURVE ( 'NONE', #2528, #780, #5688, .T. ) ;
#3351 = FACE_OUTER_BOUND ( 'NONE', #155, .T. ) ;
#3352 = CARTESIAN_POINT ( 'NONE',  ( 2.100000000000001421, -12.69999999999999929, -2.286000000000000032 ) ) ;
#3353 = CARTESIAN_POINT ( 'NONE',  ( 0.000000000000000000, -25.39999999999999858, -3.049999999999999822 ) ) ;
#3354 = CARTESIAN_POINT ( 'NONE',  ( -3.110064308016796897, -0.5000000000000000000, 2.286000000000000032 ) ) ;
#3355 = VERTEX_POINT ( 'NONE', #3165 ) ;
#3356 = ORIENTED_EDGE ( 'NONE', *, *, #1594, .T. ) ;
#3357 = EDGE_CURVE ( 'NONE', #2161, #1390, #370, .T. ) ;
#3358 = AXIS2_PLACEMENT_3D ( 'NONE', #2967, #2045, #2418 ) ;
#3359 = DIRECTION ( 'NONE',  ( 0.4999999999999975020, 0.8660254037844400399, 0.000000000000000000 ) ) ;
#3360 = LINE ( 'NONE', #2867, #729 ) ;
#3361 = EDGE_CURVE ( 'NONE', #6055, #1355, #5386, .T. ) ;
#3362 = CARTESIAN_POINT ( 'NONE',  ( 1.568653347947315257, -14.18301270189222585, -2.286000000000000032 ) ) ;
#3363 = DIRECTION ( 'NONE',  ( 0.000000000000000000, 0.000000000000000000, 1.000000000000000000 ) ) ;
#3364 = CYLINDRICAL_SURFACE ( 'NONE', #3669, 3.150000000000000799 ) ;
#3365 = DIRECTION ( 'NONE',  ( -0.000000000000000000, -0.000000000000000000, -1.000000000000000000 ) ) ;
#3366 = ORIENTED_EDGE ( 'NONE', *, *, #4615, .F. ) ;
#3367 = VERTEX_POINT ( 'NONE', #4948 ) ;
#3368 = CARTESIAN_POINT ( 'NONE',  ( 6.095510970993385236, -22.45810536923829659, 3.049999999999999822 ) ) ;
#3369 = CARTESIAN_POINT ( 'NONE',  ( -16.22855339059327306, -9.171446609406721961, -1.000000000000000000 ) ) ;
#3370 = EDGE_CURVE ( 'NONE', #1542, #407, #5394, .T. ) ;
#3371 = EDGE_CURVE ( 'NONE', #210, #1747, #1618, .T. ) ;
#3372 = AXIS2_PLACEMENT_3D ( 'NONE', #1108, #652, #251 ) ;
#3373 = DIRECTION ( 'NONE',  ( 0.000000000000000000, 0.000000000000000000, -1.000000000000000000 ) ) ;
#3374 = CIRCLE ( 'NONE', #3777, 3.150000000000000355 ) ;
#3375 = VERTEX_POINT ( 'NONE', #4452 ) ;
#3376 = AXIS2_PLACEMENT_3D ( 'NONE', #3037, #3553, #4448 ) ;
#3377 = CARTESIAN_POINT ( 'NONE',  ( 1.131370849898473807, 6.200000000000001066, 3.049999999999999822 ) ) ;
#3378 = CARTESIAN_POINT ( 'NONE',  ( 0.000000000000000000, 0.000000000000000000, 2.286000000000000032 ) ) ;
#3379 = VERTEX_POINT ( 'NONE', #3106 ) ;
#3380 = VECTOR ( 'NONE', #564, 1000.000000000000000 ) ;
#3381 = CARTESIAN_POINT ( 'NONE',  ( 0.000000000000000000, -12.69999999999999929, 2.286000000000000032 ) ) ;
#3382 = DIRECTION ( 'NONE',  ( 0.2425356250363330801, 0.9701425001453318764, 0.000000000000000000 ) ) ;
#3383 = LINE ( 'NONE', #1063, #970 ) ;
#3384 = AXIS2_PLACEMENT_3D ( 'NONE', #4907, #2015, #2475 ) ;
#3385 = ORIENTED_EDGE ( 'NONE', *, *, #1837, .F. ) ;
#3386 = ORIENTED_EDGE ( 'NONE', *, *, #117, .T. ) ;
#3387 = LOCAL_TIME ( 14, 1, 13.00000000000000000, #1187 ) ;
#3388 = DIRECTION ( 'NONE',  ( 0.000000000000000000, 0.000000000000000000, 1.000000000000000000 ) ) ;
#3389 = CARTESIAN_POINT ( 'NONE',  ( -2.443394698145809230, -14.68804485590063003, -1.000000000000000444 ) ) ;
#3390 = AXIS2_PLACEMENT_3D ( 'NONE', #5980, #1763, #802 ) ;
#3391 = PLANE ( 'NONE',  #967 ) ;
#3392 = CARTESIAN_POINT ( 'NONE',  ( 3.797299047281804452, 1.845594171531651728, 2.286000000000000032 ) ) ;
#3393 = ADVANCED_FACE ( 'NONE', ( #2176 ), #3593, .F. ) ;
#3394 = VERTEX_POINT ( 'NONE', #3557 ) ;
#3395 = EDGE_CURVE ( 'NONE', #5094, #3250, #3040, .T. ) ;
#3396 = AXIS2_PLACEMENT_3D ( 'NONE', #2646, #299, #1253 ) ;
#3397 = LINE ( 'NONE', #4290, #916 ) ;
#3398 = LINE ( 'NONE', #1105, #6058 ) ;
#3399 = VECTOR ( 'NONE', #707, 1000.000000000000000 ) ;
#3400 = ORIENTED_EDGE ( 'NONE', *, *, #2865, .T. ) ;
#3401 = ORIENTED_EDGE ( 'NONE', *, *, #492, .T. ) ;
#3402 = DIRECTION ( 'NONE',  ( -0.7071067811865476838, -0.7071067811865474617, 0.000000000000000000 ) ) ;
#3403 = CARTESIAN_POINT ( 'NONE',  ( 1.568653347947324805, -23.91698729810778090, 2.286000000000000032 ) ) ;
#3404 = EDGE_CURVE ( 'NONE', #457, #2479, #4918, .T. ) ;
#3405 = CARTESIAN_POINT ( 'NONE',  ( 0.5000000000000000000, -2.100000000000000089, 2.286000000000000032 ) ) ;
#3406 = VECTOR ( 'NONE', #1448, 1000.000000000000000 ) ;
#3407 = CYLINDRICAL_SURFACE ( 'NONE', #4756, 3.149999999999999467 ) ;
#3408 = ORIENTED_EDGE ( 'NONE', *, *, #3172, .F. ) ;
#3409 = LINE ( 'NONE', #661, #5545 ) ;
#3410 = DIRECTION ( 'NONE',  ( 0.000000000000000000, 0.000000000000000000, 1.000000000000000000 ) ) ;
#3411 = ORIENTED_EDGE ( 'NONE', *, *, #5391, .F. ) ;
#3412 = FACE_OUTER_BOUND ( 'NONE', #3493, .T. ) ;
#3413 = DIRECTION ( 'NONE',  ( 1.000000000000000000, 0.000000000000000000, 0.000000000000000000 ) ) ;
#3414 = LINE ( 'NONE', #667, #776 ) ;
#3415 = VERTEX_POINT ( 'NONE', #5900 ) ;
#3416 = ORIENTED_EDGE ( 'NONE', *, *, #1499, .T. ) ;
#3417 = CARTESIAN_POINT ( 'NONE',  ( 1.545584412271568509, 5.200000000000000178, 3.049999999999999822 ) ) ;
#3418 = DIRECTION ( 'NONE',  ( -0.7071067811865474617, 0.7071067811865474617, 0.000000000000000000 ) ) ;
#3419 = CARTESIAN_POINT ( 'NONE',  ( 6.350000000000001421, 0.000000000000000000, 2.286000000000000032 ) ) ;
#3420 = CARTESIAN_POINT ( 'NONE',  ( 0.4242640687119286769, 4.078679656440360013, -3.049999999999999822 ) ) ;
#3421 = ORIENTED_EDGE ( 'NONE', *, *, #2365, .F. ) ;
#3422 = AXIS2_PLACEMENT_3D ( 'NONE', #4793, #53, #4887 ) ;
#3424 = EDGE_CURVE ( 'NONE', #363, #694, #3033, .T. ) ;
#3423 = DIRECTION ( 'NONE',  ( -0.8660254037844384856, 0.5000000000000004441, -0.000000000000000000 ) ) ;
#3425 = EDGE_CURVE ( 'NONE', #1155, #2850, #5015, .T. ) ;
#3426 = DIRECTION ( 'NONE',  ( -1.000000000000000000, 0.000000000000000000, 0.000000000000000000 ) ) ;
#3427 = VECTOR ( 'NONE', #889, 1000.000000000000000 ) ;
#3428 = VERTEX_POINT ( 'NONE', #788 ) ;
#3429 = VERTEX_POINT ( 'NONE', #1214 ) ;
#3430 = DIRECTION ( 'NONE',  ( -0.000000000000000000, -0.000000000000000000, -1.000000000000000000 ) ) ;
#3431 = DIRECTION ( 'NONE',  ( -0.5000000000000001110, 0.8660254037844387076, 0.000000000000000000 ) ) ;
#3432 = ORIENTED_EDGE ( 'NONE', *, *, #3085, .F. ) ;
#3433 = PLANE ( 'NONE',  #2701 ) ;
#3434 = CIRCLE ( 'NONE', #1864, 3.149999999999999467 ) ;
#3435 = DIRECTION ( 'NONE',  ( 0.000000000000000000, 0.000000000000000000, 1.000000000000000000 ) ) ;
#3436 = EDGE_CURVE ( 'NONE', #2135, #831, #4547, .T. ) ;
#3437 = ORIENTED_EDGE ( 'NONE', *, *, #3927, .T. ) ;
#3438 = CARTESIAN_POINT ( 'NONE',  ( -4.732465839245183936, -27.55494015702927868, 1.000000000000000000 ) ) ;
#3439 = CARTESIAN_POINT ( 'NONE',  ( 2.943394698145812782, -13.82201945211619254, 2.286000000000000032 ) ) ;
#3440 = PLANE ( 'NONE',  #769 ) ;
#3441 = EDGE_CURVE ( 'NONE', #2107, #3331, #5844, .T. ) ;
#3442 = ORIENTED_EDGE ( 'NONE', *, *, #3222, .F. ) ;
#3443 = CARTESIAN_POINT ( 'NONE',  ( 6.350000000000001421, 0.000000000000000000, -2.286000000000000032 ) ) ;
#3444 = CARTESIAN_POINT ( 'NONE',  ( 3.239935691983204524, -0.5000000000000000000, 1.000000000000000000 ) ) ;
#3445 = ORIENTED_EDGE ( 'NONE', *, *, #4678, .F. ) ;
#3446 = ORIENTED_EDGE ( 'NONE', *, *, #1958, .F. ) ;
#3447 = EDGE_CURVE ( 'NONE', #934, #2212, #2115, .T. ) ;
#3448 = CARTESIAN_POINT ( 'NONE',  ( -5.249261314031216763, -16.30801270189227026, -1.000000000000000000 ) ) ;
#3449 = DIRECTION ( 'NONE',  ( 1.000000000000000000, 1.365923996832131116E-16, 0.000000000000000000 ) ) ;
#3450 = DIRECTION ( 'NONE',  ( 0.000000000000000000, 0.000000000000000000, 1.000000000000000000 ) ) ;
#3451 = VERTEX_POINT ( 'NONE', #822 ) ;
#3452 = AXIS2_PLACEMENT_3D ( 'NONE', #4294, #2473, #71 ) ;
#3453 = CARTESIAN_POINT ( 'NONE',  ( -8.195594171531652705, -2.552700952718198302, 2.286000000000000032 ) ) ;
#3454 = DIRECTION ( 'NONE',  ( -0.000000000000000000, -0.000000000000000000, -1.000000000000000000 ) ) ;
#3455 = ORIENTED_EDGE ( 'NONE', *, *, #5099, .F. ) ;
#3456 = VERTEX_POINT ( 'NONE', #4090 ) ;
#3457 = VECTOR ( 'NONE', #343, 1000.000000000000000 ) ;
#3458 = LINE ( 'NONE', #190, #1696 ) ;
#3459 = LINE ( 'NONE', #991, #5139 ) ;
#3460 = CARTESIAN_POINT ( 'NONE',  ( 2.943394698145812782, -11.57798054788380604, 2.286000000000000032 ) ) ;
#3461 = CARTESIAN_POINT ( 'NONE',  ( 0.000000000000000000, 0.000000000000000000, 1.000000000000000000 ) ) ;
#3462 = LINE ( 'NONE', #1877, #2019 ) ;
#3463 = ORIENTED_EDGE ( 'NONE', *, *, #1900, .F. ) ;
#3464 = LINE ( 'NONE', #1522, #3470 ) ;
#3465 = EDGE_CURVE ( 'NONE', #3821, #5202, #5693, .T. ) ;
#3466 = LINE ( 'NONE', #4449, #5360 ) ;
#3467 = AXIS2_PLACEMENT_3D ( 'NONE', #5097, #5065, #746 ) ;
#3468 = EDGE_CURVE ( 'NONE', #5505, #5653, #4985, .T. ) ;
#3469 = LINE ( 'NONE', #2056, #1945 ) ;
#3470 = VECTOR ( 'NONE', #2080, 1000.000000000000114 ) ;
#3471 = ORIENTED_EDGE ( 'NONE', *, *, #944, .T. ) ;
#3472 = CARTESIAN_POINT ( 'NONE',  ( 2.443394698145810118, -14.68804485590062825, -2.286000000000000032 ) ) ;
#3473 = CIRCLE ( 'NONE', #5930, 3.150000000000000355 ) ;
#3474 = CARTESIAN_POINT ( 'NONE',  ( 5.044741000755725402, -26.66118525018893237, -1.000000000000000000 ) ) ;
#3475 = EDGE_LOOP ( 'NONE', ( #1413, #1102, #2964, #5863 ) ) ;
#3476 = EDGE_LOOP ( 'NONE', ( #2672, #4769, #5954, #283 ) ) ;
#3477 = CARTESIAN_POINT ( 'NONE',  ( 2.943394698145819888, -24.27798054788382487, 2.286000000000000032 ) ) ;
#3478 = FACE_OUTER_BOUND ( 'NONE', #2229, .T. ) ;
#3479 = EDGE_CURVE ( 'NONE', #2479, #2171, #666, .T. ) ;
#3480 = LINE ( 'NONE', #118, #4504 ) ;
#3481 = VERTEX_POINT ( 'NONE', #5512 ) ;
#3482 = VECTOR ( 'NONE', #5841, 1000.000000000000000 ) ;
#3483 = DIRECTION ( 'NONE',  ( -0.7071067811865474617, -0.7071067811865476838, 0.000000000000000000 ) ) ;
#3484 = CARTESIAN_POINT ( 'NONE',  ( 7.584628110303607507, -16.50163681199741106, -2.286000000000000920 ) ) ;
#3485 = ORIENTED_EDGE ( 'NONE', *, *, #4116, .T. ) ;
#3486 = DIRECTION ( 'NONE',  ( 1.000000000000000000, 0.000000000000000000, 0.000000000000000000 ) ) ;
#3487 = PLANE ( 'NONE',  #5629 ) ;
#3488 = AXIS2_PLACEMENT_3D ( 'NONE', #980, #2866, #5241 ) ;
#3489 = PLANE ( 'NONE',  #3384 ) ;
#3490 = CIRCLE ( 'NONE', #4380, 3.150000000000000799 ) ;
#3491 = CYLINDRICAL_SURFACE ( 'NONE', #4359, 2.100000000000000977 ) ;
#3492 = PLANE ( 'NONE',  #3203 ) ;
#3493 = EDGE_LOOP ( 'NONE', ( #3339, #2747, #1593, #1691 ) ) ;
#3494 = DIRECTION ( 'NONE',  ( 0.000000000000000000, 0.000000000000000000, 1.000000000000000000 ) ) ;
#3495 = CIRCLE ( 'NONE', #1330, 6.200000000000001066 ) ;
#3496 = VECTOR ( 'NONE', #247, 1000.000000000000000 ) ;
#3497 = DIRECTION ( 'NONE',  ( -1.000000000000000000, 0.000000000000000000, 0.000000000000000000 ) ) ;
#3498 = DIRECTION ( 'NONE',  ( 1.000000000000000000, 0.000000000000000000, -0.000000000000000000 ) ) ;
#3499 = ORIENTED_EDGE ( 'NONE', *, *, #308, .F. ) ;
#3500 = ADVANCED_FACE ( 'NONE', ( #2605 ), #5870, .F. ) ;
#3501 = ADVANCED_FACE ( 'NONE', ( #1872 ), #6090, .T. ) ;
#3502 = LINE ( 'NONE', #4056, #24 ) ;
#3503 = DIRECTION ( 'NONE',  ( -1.000000000000000000, 0.000000000000000000, 0.000000000000000000 ) ) ;
#3504 = VERTEX_POINT ( 'NONE', #3199 ) ;
#3505 = LINE ( 'NONE', #5392, #2808 ) ;
#3506 = CARTESIAN_POINT ( 'NONE',  ( 1.969604420978331824E-16, 3.654415587728431447, -2.286000000000000032 ) ) ;
#3507 = EDGE_CURVE ( 'NONE', #407, #5513, #1653, .T. ) ;
#3508 = PLANE ( 'NONE',  #5272 ) ;
#3509 = DIRECTION ( 'NONE',  ( 0.000000000000000000, 0.000000000000000000, 1.000000000000000000 ) ) ;
#3510 = VERTEX_POINT ( 'NONE', #1346 ) ;
#3511 = CARTESIAN_POINT ( 'NONE',  ( 7.584628110303607507, -16.50163681199741106, 3.049999999999999822 ) ) ;
#3512 = CARTESIAN_POINT ( 'NONE',  ( 0.000000000000000000, -12.69999999999999929, 2.286000000000000032 ) ) ;
#3513 = EDGE_CURVE ( 'NONE', #4355, #289, #5660, .T. ) ;
#3514 = ORIENTED_EDGE ( 'NONE', *, *, #1965, .F. ) ;
#3515 = DIRECTION ( 'NONE',  ( -1.000000000000000000, 0.000000000000000000, 0.000000000000000000 ) ) ;
#3516 = DIRECTION ( 'NONE',  ( -0.000000000000000000, -0.000000000000000000, -1.000000000000000000 ) ) ;
#3517 = VECTOR ( 'NONE', #5118, 1000.000000000000000 ) ;
#3518 = DIRECTION ( 'NONE',  ( -0.8660254037844363761, 0.5000000000000038858, 0.000000000000000000 ) ) ;
#3519 = VECTOR ( 'NONE', #761, 1000.000000000000000 ) ;
#3520 = CARTESIAN_POINT ( 'NONE',  ( -0.5000000000000000000, -15.81006430801679841, 2.286000000000000032 ) ) ;
#3521 = ORIENTED_EDGE ( 'NONE', *, *, #2365, .T. ) ;
#3522 = ORIENTED_EDGE ( 'NONE', *, *, #6028, .T. ) ;
#3523 = ORIENTED_EDGE ( 'NONE', *, *, #1084, .T. ) ;
#3524 = CARTESIAN_POINT ( 'NONE',  ( -6.350000000000001421, 0.000000000000000000, -2.286000000000000032 ) ) ;
#3525 = VECTOR ( 'NONE', #4775, 1000.000000000000000 ) ;
#3526 = DIRECTION ( 'NONE',  ( 1.000000000000000000, 0.000000000000000000, -0.000000000000000000 ) ) ;
#3527 = CARTESIAN_POINT ( 'NONE',  ( -4.753332099679086653, -27.56698729810777238, 2.286000000000000032 ) ) ;
#3528 = ORIENTED_EDGE ( 'NONE', *, *, #2791, .F. ) ;
#3529 = DIRECTION ( 'NONE',  ( -1.000000000000000000, -1.365923996832131116E-16, 0.000000000000000000 ) ) ;
#3530 = FACE_BOUND ( 'NONE', #3261, .T. ) ;
#3531 = ORIENTED_EDGE ( 'NONE', *, *, #5137, .T. ) ;
#3532 = EDGE_CURVE ( 'NONE', #132, #4480, #3721, .T. ) ;
#3533 = CARTESIAN_POINT ( 'NONE',  ( 4.511522368914977932, 1.131370849898477582, 2.286000000000000032 ) ) ;
#3534 = FACE_OUTER_BOUND ( 'NONE', #5119, .T. ) ;
#3535 = LINE ( 'NONE', #367, #274 ) ;
#3536 = ORIENTED_EDGE ( 'NONE', *, *, #428, .F. ) ;
#3537 = EDGE_CURVE ( 'NONE', #2062, #5741, #3686, .T. ) ;
#3538 = ADVANCED_FACE ( 'NONE', ( #2239 ), #357, .T. ) ;
#3539 = CARTESIAN_POINT ( 'NONE',  ( -6.095510970993383459, -22.45810536923830725, 3.049999999999999822 ) ) ;
#3540 = FACE_OUTER_BOUND ( 'NONE', #5985, .T. ) ;
#3541 = ORIENTED_EDGE ( 'NONE', *, *, #3291, .F. ) ;
#3542 = CARTESIAN_POINT ( 'NONE',  ( 0.000000000000000000, -25.39999999999999858, 2.286000000000000032 ) ) ;
#3543 = CARTESIAN_POINT ( 'NONE',  ( -1.857106781186543376, 5.200000000000000178, 2.286000000000000032 ) ) ;
#3544 = VERTEX_POINT ( 'NONE', #1778 ) ;
#3545 = VECTOR ( 'NONE', #531, 1000.000000000000000 ) ;
#3546 = LINE ( 'NONE', #2166, #1493 ) ;
#3547 = FACE_OUTER_BOUND ( 'NONE', #469, .T. ) ;
#3548 = AXIS2_PLACEMENT_3D ( 'NONE', #1389, #5619, #4695 ) ;
#3549 = CARTESIAN_POINT ( 'NONE',  ( 0.000000000000000000, -25.39999999999999858, 1.000000000000000000 ) ) ;
#3550 = ORIENTED_EDGE ( 'NONE', *, *, #3693, .F. ) ;
#3551 = ORIENTED_EDGE ( 'NONE', *, *, #5563, .F. ) ;
#3552 = ORIENTED_EDGE ( 'NONE', *, *, #1557, .T. ) ;
#3553 = DIRECTION ( 'NONE',  ( 0.000000000000000000, 0.000000000000000000, 1.000000000000000000 ) ) ;
#3554 = EDGE_CURVE ( 'NONE', #5415, #293, #1376, .T. ) ;
#3555 = EDGE_CURVE ( 'NONE', #1371, #5213, #4704, .T. ) ;
#3556 = LINE ( 'NONE', #2601, #5750 ) ;
#3557 = CARTESIAN_POINT ( 'NONE',  ( -7.332364143057839456, -17.51069268098048326, -1.000000000000000000 ) ) ;
#3558 = VERTEX_POINT ( 'NONE', #5573 ) ;
#3559 = PLANE ( 'NONE',  #5043 ) ;
#3560 = FACE_OUTER_BOUND ( 'NONE', #1917, .T. ) ;
#3561 = CIRCLE ( 'NONE', #5438, 2.100000000000001421 ) ;
#3562 = ORIENTED_EDGE ( 'NONE', *, *, #3965, .T. ) ;
#3563 = VECTOR ( 'NONE', #2256, 1000.000000000000000 ) ;
#3564 = CARTESIAN_POINT ( 'NONE',  ( 15.52144660940672338, -9.878553390593269867, 1.000000000000000000 ) ) ;
#3565 = APPLICATION_PROTOCOL_DEFINITION ( 'international standard', 'config_control_design', 1994, #5061 ) ;
#3566 = AXIS2_PLACEMENT_3D ( 'NONE', #2848, #3769, #4839 ) ;
#3567 = LINE ( 'NONE', #5455, #5858 ) ;
#3568 = DIRECTION ( 'NONE',  ( 0.7071067811865471286, -0.7071067811865480168, 0.000000000000000000 ) ) ;
#3569 = ORIENTED_EDGE ( 'NONE', *, *, #3447, .F. ) ;
#3570 = AXIS2_PLACEMENT_3D ( 'NONE', #1550, #3435, #5320 ) ;
#3571 = PLANE ( 'NONE',  #615 ) ;
#3572 = CARTESIAN_POINT ( 'NONE',  ( -3.239935691983203636, 0.5000000000000004441, 1.000000000000000000 ) ) ;
#3573 = VERTEX_POINT ( 'NONE', #4120 ) ;
#3574 = EDGE_CURVE ( 'NONE', #4375, #2252, #2838, .T. ) ;
#3575 = EDGE_CURVE ( 'NONE', #2703, #896, #5997, .T. ) ;
#3576 = DIRECTION ( 'NONE',  ( -0.8660254037844362651, 0.5000000000000041078, 0.000000000000000000 ) ) ;
#3577 = CARTESIAN_POINT ( 'NONE',  ( -5.044741000755725402, -26.66118525018892882, -1.000000000000000000 ) ) ;
#3578 = VERTEX_POINT ( 'NONE', #2269 ) ;
#3579 = CIRCLE ( 'NONE', #925, 5.200000000000000178 ) ;
#3580 = CARTESIAN_POINT ( 'NONE',  ( -6.014883500901058611, -26.90372087522526101, -3.049999999999999822 ) ) ;
#3581 = DIRECTION ( 'NONE',  ( -0.000000000000000000, -0.000000000000000000, -1.000000000000000000 ) ) ;
#3582 = DIRECTION ( 'NONE',  ( 0.000000000000000000, 0.000000000000000000, 1.000000000000000000 ) ) ;
#3583 = ORIENTED_EDGE ( 'NONE', *, *, #2259, .T. ) ;
#3584 = ADVANCED_FACE ( 'NONE', ( #4613 ), #3320, .F. ) ;
#3585 = ORIENTED_EDGE ( 'NONE', *, *, #5772, .T. ) ;
#3586 = ORIENTED_EDGE ( 'NONE', *, *, #4597, .F. ) ;
#3587 = ORIENTED_EDGE ( 'NONE', *, *, #78, .F. ) ;
#3588 = VECTOR ( 'NONE', #954, 1000.000000000000000 ) ;
#3589 = FACE_BOUND ( 'NONE', #1037, .T. ) ;
#3590 = DIRECTION ( 'NONE',  ( -0.5000000000000004441, -0.8660254037844384856, 0.000000000000000000 ) ) ;
#3591 = AXIS2_PLACEMENT_3D ( 'NONE', #4977, #3582, #1272 ) ;
#3592 = VECTOR ( 'NONE', #1816, 999.9999999999998863 ) ;
#3593 = PLANE ( 'NONE',  #5790 ) ;
#3594 = EDGE_LOOP ( 'NONE', ( #4884, #3006, #3064, #1120 ) ) ;
#3595 = AXIS2_PLACEMENT_3D ( 'NONE', #4752, #961, #5652 ) ;
#3596 = LINE ( 'NONE', #3368, #1092 ) ;
#3597 = DIRECTION ( 'NONE',  ( 1.000000000000000000, 0.000000000000000000, 0.000000000000000000 ) ) ;
#3598 = ORIENTED_EDGE ( 'NONE', *, *, #2036, .T. ) ;
#3599 = VECTOR ( 'NONE', #895, 1000.000000000000114 ) ;
#3600 = CARTESIAN_POINT ( 'NONE',  ( -6.014196146105629914, -21.35035196689710091, 2.286000000000000032 ) ) ;
#3601 = COORDINATED_UNIVERSAL_TIME_OFFSET ( 6, 0, .BEHIND. ) ;
#3602 = CARTESIAN_POINT ( 'NONE',  ( 1.545584412271568509, 5.200000000000000178, 3.049999999999999822 ) ) ;
#3603 = CARTESIAN_POINT ( 'NONE',  ( 0.000000000000000000, -12.69999999999999929, 1.000000000000000000 ) ) ;
#3604 = ORIENTED_EDGE ( 'NONE', *, *, #2562, .T. ) ;
#3605 = CARTESIAN_POINT ( 'NONE',  ( 0.000000000000000000, -12.69999999999999929, 1.000000000000000000 ) ) ;
#3606 = CARTESIAN_POINT ( 'NONE',  ( 3.110064308016796897, 0.5000000000000000000, 2.286000000000000032 ) ) ;
#3607 = CARTESIAN_POINT ( 'NONE',  ( 6.014196146105631691, -21.35035196689709380, 2.286000000000000032 ) ) ;
#3608 = DIRECTION ( 'NONE',  ( -0.5000000000000043299, 0.8660254037844361541, 0.000000000000000000 ) ) ;
#3609 = DIRECTION ( 'NONE',  ( -0.000000000000000000, -0.000000000000000000, -1.000000000000000000 ) ) ;
#3610 = EDGE_LOOP ( 'NONE', ( #3144, #2346, #3722, #2316 ) ) ;
#3611 = EDGE_CURVE ( 'NONE', #2069, #2978, #3333, .T. ) ;
#3612 = EDGE_LOOP ( 'NONE', ( #2103, #2360, #1644, #2598, #2919, #3701, #1592, #1145, #998, #639, #36, #922, #4130, #3715, #1683, #5855, #2989, #3229, #1870, #5452 ) ) ;
#3613 = CARTESIAN_POINT ( 'NONE',  ( 7.332364143057841233, -17.51069268098047971, -2.286000000000000032 ) ) ;
#3614 = PLANE ( 'NONE',  #3305 ) ;
#3615 = DIRECTION ( 'NONE',  ( 1.000000000000000000, 0.000000000000000000, -0.000000000000000000 ) ) ;
#3616 = VERTEX_POINT ( 'NONE', #3654 ) ;
#3617 = AXIS2_PLACEMENT_3D ( 'NONE', #5389, #508, #418 ) ;
#3618 = ORIENTED_EDGE ( 'NONE', *, *, #4653, .F. ) ;
#3619 = ORIENTED_EDGE ( 'NONE', *, *, #3808, .T. ) ;
#3620 = ORIENTED_EDGE ( 'NONE', *, *, #238, .F. ) ;
#3621 = CARTESIAN_POINT ( 'NONE',  ( -1.131370849898472919, 6.200000000000001066, -3.049999999999999822 ) ) ;
#3622 = EDGE_CURVE ( 'NONE', #1842, #4979, #4119, .T. ) ;
#3623 = AXIS2_PLACEMENT_3D ( 'NONE', #5537, #4582, #2733 ) ;
#3624 = DIRECTION ( 'NONE',  ( 1.000000000000000000, 0.000000000000000000, 0.000000000000000000 ) ) ;
#3625 = EDGE_CURVE ( 'NONE', #2553, #3805, #1809, .T. ) ;
#3626 = ORIENTED_EDGE ( 'NONE', *, *, #5062, .F. ) ;
#3627 = CIRCLE ( 'NONE', #5005, 3.150000000000000799 ) ;
#3628 = CARTESIAN_POINT ( 'NONE',  ( -10.49660849440505750, -4.853715275591603096, 3.049999999999999822 ) ) ;
#3629 = LINE ( 'NONE', #5971, #5003 ) ;
#3630 = VERTEX_POINT ( 'NONE', #4242 ) ;
#3631 = EDGE_CURVE ( 'NONE', #2030, #1852, #2097, .T. ) ;
#3632 = AXIS2_PLACEMENT_3D ( 'NONE', #2372, #5182, #4248 ) ;
#3633 = CARTESIAN_POINT ( 'NONE',  ( 8.223832970144352217, -2.580939751330898257, -2.286000000000000032 ) ) ;
#3634 = CALENDAR_DATE ( 2022, 6, 6 ) ;
#3635 = LINE ( 'NONE', #3602, #3009 ) ;
#3636 = CYLINDRICAL_SURFACE ( 'NONE', #83, 5.200000000000000178 ) ;
#3637 = EDGE_CURVE ( 'NONE', #2484, #4187, #1898, .T. ) ;
#3638 = VERTEX_POINT ( 'NONE', #4212 ) ;
#3639 = ORIENTED_EDGE ( 'NONE', *, *, #4580, .T. ) ;
#3640 = ADVANCED_FACE ( 'NONE', ( #3809, #2049 ), #2854, .F. ) ;
#3641 = LINE ( 'NONE', #431, #2313 ) ;
#3642 = DIRECTION ( 'NONE',  ( 1.000000000000000000, 0.000000000000000000, 0.000000000000000000 ) ) ;
#3643 = FACE_OUTER_BOUND ( 'NONE', #2630, .T. ) ;
#3644 = DIRECTION ( 'NONE',  ( 1.000000000000000000, 3.304235192336776301E-15, 0.000000000000000000 ) ) ;
#3645 = ORIENTED_EDGE ( 'NONE', *, *, #2304, .T. ) ;
#3646 = DIRECTION ( 'NONE',  ( -0.000000000000000000, -0.000000000000000000, -1.000000000000000000 ) ) ;
#3647 = DIRECTION ( 'NONE',  ( -0.000000000000000000, -0.000000000000000000, -1.000000000000000000 ) ) ;
#3648 = DIRECTION ( 'NONE',  ( -1.000000000000000000, 0.000000000000000000, 0.000000000000000000 ) ) ;
#3649 = ORIENTED_EDGE ( 'NONE', *, *, #1863, .T. ) ;
#3650 = EDGE_LOOP ( 'NONE', ( #4509, #4435 ) ) ;
#3651 = VERTEX_POINT ( 'NONE', #591 ) ;
#3652 = ORIENTED_EDGE ( 'NONE', *, *, #3172, .T. ) ;
#3653 = DIRECTION ( 'NONE',  ( -0.2425356250363329691, 0.9701425001453319874, 0.000000000000000000 ) ) ;
#3654 = CARTESIAN_POINT ( 'NONE',  ( -3.149999999999999023, -25.39999999999999858, -1.000000000000000000 ) ) ;
#3655 = ORIENTED_EDGE ( 'NONE', *, *, #4254, .F. ) ;
#3656 = LINE ( 'NONE', #455, #211 ) ;
#3657 = EDGE_CURVE ( 'NONE', #4708, #1347, #625, .T. ) ;
#3658 = LINE ( 'NONE', #1349, #2833 ) ;
#3659 = EDGE_LOOP ( 'NONE', ( #977, #4702, #6026, #2415, #4811, #5947 ) ) ;
#3660 = EDGE_CURVE ( 'NONE', #1772, #3428, #2887, .T. ) ;
#3661 = DIRECTION ( 'NONE',  ( 0.7071067811865480168, 0.7071067811865471286, 0.000000000000000000 ) ) ;
#3662 = CARTESIAN_POINT ( 'NONE',  ( 2.943394698145819444, -26.52201945211617229, -1.000000000000000444 ) ) ;
#3663 = ADVANCED_FACE ( 'NONE', ( #1954 ), #5687, .F. ) ;
#3664 = DIRECTION ( 'NONE',  ( 1.000000000000000000, -3.304235192336774723E-15, 0.000000000000000000 ) ) ;
#3665 = EDGE_LOOP ( 'NONE', ( #859, #668, #4428, #929 ) ) ;
#3666 = VERTEX_POINT ( 'NONE', #1983 ) ;
#3667 = AXIS2_PLACEMENT_3D ( 'NONE', #4500, #1331, #401 ) ;
#3668 = VERTEX_POINT ( 'NONE', #3931 ) ;
#3669 = AXIS2_PLACEMENT_3D ( 'NONE', #5250, #2438, #2932 ) ;
#3670 = LINE ( 'NONE', #4199, #5459 ) ;
#3671 = DIRECTION ( 'NONE',  ( 0.000000000000000000, 0.000000000000000000, 1.000000000000000000 ) ) ;
#3672 = VECTOR ( 'NONE', #756, 1000.000000000000000 ) ;
#3673 = FACE_OUTER_BOUND ( 'NONE', #4762, .T. ) ;
#3674 = DIRECTION ( 'NONE',  ( -0.000000000000000000, -0.000000000000000000, -1.000000000000000000 ) ) ;
#3675 = ORIENTED_EDGE ( 'NONE', *, *, #5183, .F. ) ;
#3676 = AXIS2_PLACEMENT_3D ( 'NONE', #3461, #1460, #4389 ) ;
#3677 = PLANE ( 'NONE',  #2690 ) ;
#3678 = FACE_OUTER_BOUND ( 'NONE', #5184, .T. ) ;
#3679 = CARTESIAN_POINT ( 'NONE',  ( -6.350000000000001421, 0.000000000000000000, 2.286000000000000032 ) ) ;
#3680 = VERTEX_POINT ( 'NONE', #3838 ) ;
#3681 = ORIENTED_EDGE ( 'NONE', *, *, #5321, .T. ) ;
#3682 = VERTEX_POINT ( 'NONE', #1519 ) ;
#3683 = ORIENTED_EDGE ( 'NONE', *, *, #5547, .T. ) ;
#3684 = DIRECTION ( 'NONE',  ( -0.2425356250363329691, 0.9701425001453319874, 0.000000000000000000 ) ) ;
#3685 = CIRCLE ( 'NONE', #5458, 5.199999999999998401 ) ;
#3686 = LINE ( 'NONE', #1312, #1949 ) ;
#3687 = ORIENTED_EDGE ( 'NONE', *, *, #5192, .F. ) ;
#3688 = DIRECTION ( 'NONE',  ( 0.8660254037844360431, 0.5000000000000044409, 0.000000000000000000 ) ) ;
#3689 = DIRECTION ( 'NONE',  ( -0.8660254037844400399, 0.4999999999999975020, 0.000000000000000000 ) ) ;
#3690 = VECTOR ( 'NONE', #2077, 1000.000000000000000 ) ;
#3691 = ORIENTED_EDGE ( 'NONE', *, *, #3216, .T. ) ;
#3692 = VECTOR ( 'NONE', #5125, 1000.000000000000000 ) ;
#3693 = EDGE_CURVE ( 'NONE', #5088, #1633, #1008, .T. ) ;
#3694 = EDGE_CURVE ( 'NONE', #5965, #457, #5226, .T. ) ;
#3695 = VECTOR ( 'NONE', #2648, 1000.000000000000000 ) ;
#3696 = CIRCLE ( 'NONE', #2608, 2.100000000000001421 ) ;
#3697 = DIRECTION ( 'NONE',  ( -0.8660254037844400399, 0.4999999999999975020, -0.000000000000000000 ) ) ;
#3698 = PLANE ( 'NONE',  #3213 ) ;
#3699 = CARTESIAN_POINT ( 'NONE',  ( -11.39474100075572593, -1.261185250188932683, -3.049999999999999822 ) ) ;
#3700 = ORIENTED_EDGE ( 'NONE', *, *, #1441, .F. ) ;
#3701 = ORIENTED_EDGE ( 'NONE', *, *, #2207, .F. ) ;
#3702 = AXIS2_PLACEMENT_3D ( 'NONE', #5024, #5057, #5881 ) ;
#3703 = VECTOR ( 'NONE', #926, 999.9999999999998863 ) ;
#3704 = EDGE_LOOP ( 'NONE', ( #4602, #5060, #390, #5785 ) ) ;
#3705 = EDGE_CURVE ( 'NONE', #2999, #1605, #4457, .T. ) ;
#3706 = CARTESIAN_POINT ( 'NONE',  ( -0.5000000000000002220, -22.28993569198320301, 2.286000000000000032 ) ) ;
#3707 = LINE ( 'NONE', #3308, #4484 ) ;
#3708 = CARTESIAN_POINT ( 'NONE',  ( -6.350000000000001421, 0.000000000000000000, 2.286000000000000032 ) ) ;
#3709 = DIRECTION ( 'NONE',  ( -0.000000000000000000, -0.000000000000000000, -1.000000000000000000 ) ) ;
#3710 = ORIENTED_EDGE ( 'NONE', *, *, #1295, .T. ) ;
#3711 = CARTESIAN_POINT ( 'NONE',  ( -3.110064308016796897, 0.5000000000000000000, 2.286000000000000032 ) ) ;
#3712 = LINE ( 'NONE', #1017, #4477 ) ;
#3713 = DIRECTION ( 'NONE',  ( -0.8660254037844361541, -0.5000000000000043299, 0.000000000000000000 ) ) ;
#3714 = ORIENTED_EDGE ( 'NONE', *, *, #3222, .T. ) ;
#3715 = ORIENTED_EDGE ( 'NONE', *, *, #4446, .F. ) ;
#3716 = ORIENTED_EDGE ( 'NONE', *, *, #875, .F. ) ;
#3717 = ORIENTED_EDGE ( 'NONE', *, *, #3958, .T. ) ;
#3718 = DIRECTION ( 'NONE',  ( -0.2425356250363330801, -0.9701425001453318764, 0.000000000000000000 ) ) ;
#3719 = EDGE_CURVE ( 'NONE', #934, #1316, #517, .T. ) ;
#3720 = ADVANCED_FACE ( 'NONE', ( #5809 ), #2880, .F. ) ;
#3721 = LINE ( 'NONE', #3780, #2050 ) ;
#3722 = ORIENTED_EDGE ( 'NONE', *, *, #3965, .F. ) ;
#3723 = DIRECTION ( 'NONE',  ( -1.000000000000000000, 0.000000000000000000, 0.000000000000000000 ) ) ;
#3724 = CARTESIAN_POINT ( 'NONE',  ( -2.443394698145826105, -27.38804485590060267, -2.286000000000000032 ) ) ;
#3725 = ADVANCED_BREP_SHAPE_REPRESENTATION ( '228-2500-1189', ( #2375, #1918 ), #2894 ) ;
#3726 = VECTOR ( 'NONE', #4303, 1000.000000000000114 ) ;
#3727 = ORIENTED_EDGE ( 'NONE', *, *, #2228, .T. ) ;
#3728 = VECTOR ( 'NONE', #1257, 999.9999999999998863 ) ;
#3729 = LINE ( 'NONE', #5609, #3794 ) ;
#3730 = DIRECTION ( 'NONE',  ( -0.000000000000000000, -0.000000000000000000, -1.000000000000000000 ) ) ;
#3731 = DIRECTION ( 'NONE',  ( 1.000000000000000000, 0.000000000000000000, 0.000000000000000000 ) ) ;
#3732 = ADVANCED_FACE ( 'NONE', ( #534 ), #2915, .T. ) ;
#3733 = AXIS2_PLACEMENT_3D ( 'NONE', #5234, #3908, #2552 ) ;
#3734 = ORIENTED_EDGE ( 'NONE', *, *, #4015, .T. ) ;
#3735 = ORIENTED_EDGE ( 'NONE', *, *, #1162, .F. ) ;
#3736 = FACE_OUTER_BOUND ( 'NONE', #4140, .T. ) ;
#3737 = LINE ( 'NONE', #4743, #3703 ) ;
#3738 = DIRECTION ( 'NONE',  ( -0.8660254037844395958, -0.4999999999999981681, 0.000000000000000000 ) ) ;
#3739 = LINE ( 'NONE', #4567, #1979 ) ;
#3740 = ADVANCED_FACE ( 'NONE', ( #5748 ), #3407, .T. ) ;
#3741 = ORIENTED_EDGE ( 'NONE', *, *, #1045, .T. ) ;
#3742 = EDGE_CURVE ( 'NONE', #5016, #5543, #5782, .T. ) ;
#3743 = DIRECTION ( 'NONE',  ( 1.000000000000000000, 0.000000000000000000, -0.000000000000000000 ) ) ;
#3744 = FACE_OUTER_BOUND ( 'NONE', #1095, .T. ) ;
#3745 = VERTEX_POINT ( 'NONE', #2390 ) ;
#3746 = ORIENTED_EDGE ( 'NONE', *, *, #5487, .T. ) ;
#3747 = ORIENTED_EDGE ( 'NONE', *, *, #572, .T. ) ;
#3748 = ORIENTED_EDGE ( 'NONE', *, *, #1782, .F. ) ;
#3749 = FACE_OUTER_BOUND ( 'NONE', #4082, .T. ) ;
#3750 = DIRECTION ( 'NONE',  ( 1.000000000000000000, 0.000000000000000000, -0.000000000000000000 ) ) ;
#3751 = EDGE_LOOP ( 'NONE', ( #1139, #5963, #5817, #1334 ) ) ;
#3752 = EDGE_CURVE ( 'NONE', #598, #2361, #4296, .T. ) ;
#3753 = DIRECTION ( 'NONE',  ( 1.000000000000000000, 0.000000000000000000, -0.000000000000000000 ) ) ;
#3754 = EDGE_LOOP ( 'NONE', ( #3618, #4113, #6031, #179, #20, #4792 ) ) ;
#3755 = DIRECTION ( 'NONE',  ( -0.000000000000000000, -0.000000000000000000, -1.000000000000000000 ) ) ;
#3756 = CIRCLE ( 'NONE', #4831, 3.149999999999999023 ) ;
#3757 = CARTESIAN_POINT ( 'NONE',  ( 15.52144660940672338, -9.878553390593269867, -1.000000000000000000 ) ) ;
#3758 = CARTESIAN_POINT ( 'NONE',  ( 2.545584412271570951, 6.200000000000001954, 3.049999999999999822 ) ) ;
#3759 = ORIENTED_EDGE ( 'NONE', *, *, #2422, .F. ) ;
#3760 = ORIENTED_EDGE ( 'NONE', *, *, #3770, .F. ) ;
#3761 = AXIS2_PLACEMENT_3D ( 'NONE', #1182, #4030, #5902 ) ;
#3762 = LINE ( 'NONE', #4742, #1023 ) ;
#3763 = PLANE ( 'NONE',  #1337 ) ;
#3764 = CARTESIAN_POINT ( 'NONE',  ( -15.52144660940672338, -9.878553390593257433, -1.000000000000000000 ) ) ;
#3765 = DIRECTION ( 'NONE',  ( -0.2425356250363330801, -0.9701425001453318764, 0.000000000000000000 ) ) ;
#3766 = EDGE_LOOP ( 'NONE', ( #3236, #1562, #2423, #146 ) ) ;
#3767 = VECTOR ( 'NONE', #5314, 1000.000000000000000 ) ;
#3768 = AXIS2_PLACEMENT_3D ( 'NONE', #5899, #4917, #3526 ) ;
#3770 = EDGE_CURVE ( 'NONE', #4023, #5173, #2300, .T. ) ;
#3769 = DIRECTION ( 'NONE',  ( -0.4999999999999982236, 0.8660254037844397068, 0.000000000000000000 ) ) ;
#3771 = EDGE_CURVE ( 'NONE', #398, #1454, #5742, .T. ) ;
#3772 = DIRECTION ( 'NONE',  ( 0.000000000000000000, 0.000000000000000000, 1.000000000000000000 ) ) ;
#3773 = ORIENTED_EDGE ( 'NONE', *, *, #1080, .T. ) ;
#3774 = ORIENTED_EDGE ( 'NONE', *, *, #4491, .F. ) ;
#3775 = ORIENTED_EDGE ( 'NONE', *, *, #4095, .F. ) ;
#3776 = CC_DESIGN_DATE_AND_TIME_ASSIGNMENT ( #736, #6004, ( #5943 ) ) ;
#3777 = AXIS2_PLACEMENT_3D ( 'NONE', #1170, #4939, #715 ) ;
#3778 = ORIENTED_EDGE ( 'NONE', *, *, #1281, .T. ) ;
#3779 = CARTESIAN_POINT ( 'NONE',  ( -4.179727430306322034E-15, 5.200000000000000178, 1.000000000000000000 ) ) ;
#3780 = CARTESIAN_POINT ( 'NONE',  ( -0.5000000000000000000, -14.80000000000000071, 2.286000000000000032 ) ) ;
#3781 = EDGE_CURVE ( 'NONE', #4471, #1443, #166, .T. ) ;
#3782 = EDGE_LOOP ( 'NONE', ( #1273, #877, #5897, #3455 ) ) ;
#3783 = DIRECTION ( 'NONE',  ( 0.7071067811865470176, -0.7071067811865479058, 0.000000000000000000 ) ) ;
#3784 = ORIENTED_EDGE ( 'NONE', *, *, #5731, .F. ) ;
#3785 = VECTOR ( 'NONE', #2969, 999.9999999999998863 ) ;
#3786 = EDGE_CURVE ( 'NONE', #1552, #3922, #3092, .T. ) ;
#3787 = CARTESIAN_POINT ( 'NONE',  ( 0.000000000000000000, 0.000000000000000000, -2.286000000000000032 ) ) ;
#3788 = AXIS2_PLACEMENT_3D ( 'NONE', #4773, #3976, #1565 ) ;
#3789 = LINE ( 'NONE', #4737, #3989 ) ;
#3790 = VECTOR ( 'NONE', #6010, 1000.000000000000000 ) ;
#3791 = CARTESIAN_POINT ( 'NONE',  ( 0.000000000000000000, -25.39999999999999858, 2.286000000000000032 ) ) ;
#3792 = VERTEX_POINT ( 'NONE', #3580 ) ;
#3793 = VERTEX_POINT ( 'NONE', #2104 ) ;
#3794 = VECTOR ( 'NONE', #1381, 1000.000000000000000 ) ;
#3795 = FACE_OUTER_BOUND ( 'NONE', #311, .T. ) ;
#3796 = DIRECTION ( 'NONE',  ( 0.8660254037844400399, -0.4999999999999975020, 0.000000000000000000 ) ) ;
#3797 = PRODUCT ( '228-2500-1189', '228-2500-1189', '', ( #2126 ) ) ;
#3798 = CARTESIAN_POINT ( 'NONE',  ( 2.943394698145819000, -26.52201945211617229, 2.286000000000000032 ) ) ;
#3799 = AXIS2_PLACEMENT_3D ( 'NONE', #3053, #187, #4378 ) ;
#3800 = DIRECTION ( 'NONE',  ( 1.000000000000000000, 0.000000000000000000, 0.000000000000000000 ) ) ;
#3801 = ORIENTED_EDGE ( 'NONE', *, *, #2735, .F. ) ;
#3802 = FACE_OUTER_BOUND ( 'NONE', #3782, .T. ) ;
#3803 = CARTESIAN_POINT ( 'NONE',  ( -11.39474100075572593, -1.261185250188930018, 3.049999999999999822 ) ) ;
#3804 = ORIENTED_EDGE ( 'NONE', *, *, #6038, .T. ) ;
#3805 = VERTEX_POINT ( 'NONE', #4478 ) ;
#3806 = VERTEX_POINT ( 'NONE', #5837 ) ;
#3807 = PLANE ( 'NONE',  #1581 ) ;
#3808 = EDGE_CURVE ( 'NONE', #3074, #5212, #254, .T. ) ;
#3809 = FACE_BOUND ( 'NONE', #1744, .T. ) ;
#3810 = ORIENTED_EDGE ( 'NONE', *, *, #361, .T. ) ;
#3811 = CARTESIAN_POINT ( 'NONE',  ( -6.350000000000001421, 0.000000000000000000, 3.049999999999999822 ) ) ;
#3812 = EDGE_CURVE ( 'NONE', #4979, #2288, #222, .T. ) ;
#3813 = ORIENTED_EDGE ( 'NONE', *, *, #5695, .F. ) ;
#3814 = EDGE_CURVE ( 'NONE', #2116, #923, #918, .T. ) ;
#3815 = DIRECTION ( 'NONE',  ( 0.7071067811865476838, 0.7071067811865474617, 0.000000000000000000 ) ) ;
#3816 = DIRECTION ( 'NONE',  ( 1.000000000000000000, 0.000000000000000000, 0.000000000000000000 ) ) ;
#3817 = LINE ( 'NONE', #2923, #2478 ) ;
#3818 = VECTOR ( 'NONE', #2450, 1000.000000000000000 ) ;
#3819 = CARTESIAN_POINT ( 'NONE',  ( 6.432881321217875481, -21.10862396834033561, 3.049999999999999822 ) ) ;
#3820 = ADVANCED_FACE ( 'NONE', ( #3957 ), #3991, .F. ) ;
#3821 = VERTEX_POINT ( 'NONE', #3032 ) ;
#3822 = EDGE_LOOP ( 'NONE', ( #4837, #3366, #789, #3759 ) ) ;
#3823 = AXIS2_PLACEMENT_3D ( 'NONE', #292, #725, #5931 ) ;
#3824 = CARTESIAN_POINT ( 'NONE',  ( -4.504405828468349249, 2.552700952718197414, -1.000000000000000444 ) ) ;
#3825 = FACE_OUTER_BOUND ( 'NONE', #2727, .T. ) ;
#3826 = ADVANCED_FACE ( 'NONE', ( #5921 ), #3491, .F. ) ;
#3827 = AXIS2_PLACEMENT_3D ( 'NONE', #3330, #1353, #1470 ) ;
#3828 = DIRECTION ( 'NONE',  ( 1.000000000000000000, 0.000000000000000000, 0.000000000000000000 ) ) ;
#3829 = CARTESIAN_POINT ( 'NONE',  ( -0.4999999999999998890, -9.589935691983200172, 2.286000000000000032 ) ) ;
#3830 = EDGE_CURVE ( 'NONE', #481, #1443, #5407, .T. ) ;
#3831 = ORIENTED_EDGE ( 'NONE', *, *, #498, .F. ) ;
#3832 = PLANE ( 'NONE',  #1409 ) ;
#3833 = DIRECTION ( 'NONE',  ( -1.000000000000000000, 0.000000000000000000, 0.000000000000000000 ) ) ;
#3834 = EDGE_LOOP ( 'NONE', ( #3784, #2639, #719, #1218 ) ) ;
#3835 = EDGE_LOOP ( 'NONE', ( #3979, #5504, #911, #5683, #59, #3710, #1291, #4358 ) ) ;
#3836 = DIRECTION ( 'NONE',  ( -1.000000000000000000, -1.365923996832131116E-16, 0.000000000000000000 ) ) ;
#3837 = DIRECTION ( 'NONE',  ( 1.000000000000000000, 8.881784197001252323E-16, 0.000000000000000000 ) ) ;
#3838 = CARTESIAN_POINT ( 'NONE',  ( 11.39474100075572949, -1.261185250188933349, 3.049999999999999822 ) ) ;
#3839 = ORIENTED_EDGE ( 'NONE', *, *, #2037, .F. ) ;
#3840 = CARTESIAN_POINT ( 'NONE',  ( 2.943394698145813670, -13.82201945211619254, 2.286000000000000032 ) ) ;
#3841 = DIRECTION ( 'NONE',  ( 0.9701425001453319874, 0.2425356250363329691, -0.000000000000000000 ) ) ;
#3842 = DIRECTION ( 'NONE',  ( 1.000000000000000000, 0.000000000000000000, -0.000000000000000000 ) ) ;
#3843 = LINE ( 'NONE', #5722, #2244 ) ;
#3844 = EDGE_CURVE ( 'NONE', #5507, #5167, #5864, .T. ) ;
#3845 = LINE ( 'NONE', #1492, #2678 ) ;
#3846 = PRODUCT_DEFINITION ( 'UNKNOWN', '', #1421, #2948 ) ;
#3847 = CARTESIAN_POINT ( 'NONE',  ( 0.5000000000000000000, -25.39999999999999858, -1.000000000000000000 ) ) ;
#3848 = EDGE_LOOP ( 'NONE', ( #4818, #1514, #5884, #288 ) ) ;
#3849 = ORIENTED_EDGE ( 'NONE', *, *, #1715, .F. ) ;
#3850 = AXIS2_PLACEMENT_3D ( 'NONE', #5917, #5431, #1736 ) ;
#3851 = DIRECTION ( 'NONE',  ( -0.8660254037844387076, -0.5000000000000001110, 0.000000000000000000 ) ) ;
#3852 = EDGE_CURVE ( 'NONE', #3212, #1790, #284, .T. ) ;
#3853 = CARTESIAN_POINT ( 'NONE',  ( -5.218629150101524061, 1.838477631085023267, 2.286000000000000032 ) ) ;
#3854 = DIRECTION ( 'NONE',  ( 1.000000000000000000, 0.000000000000000000, 0.000000000000000000 ) ) ;
#3855 = ORIENTED_EDGE ( 'NONE', *, *, #4254, .T. ) ;
#3856 = CIRCLE ( 'NONE', #5338, 2.100000000000000977 ) ;
#3857 = CARTESIAN_POINT ( 'NONE',  ( -4.232465839245187489, -28.42096556081371261, 3.049999999999999822 ) ) ;
#3858 = DIRECTION ( 'NONE',  ( 0.000000000000000000, -0.000000000000000000, 1.000000000000000000 ) ) ;
#3859 = ORIENTED_EDGE ( 'NONE', *, *, #5691, .F. ) ;
#3860 = ORIENTED_EDGE ( 'NONE', *, *, #4169, .T. ) ;
#3861 = CARTESIAN_POINT ( 'NONE',  ( 0.000000000000000000, -12.69999999999999929, 2.286000000000000032 ) ) ;
#3862 = DIRECTION ( 'NONE',  ( -0.8660254037844385966, -0.5000000000000000000, 0.000000000000000000 ) ) ;
#3863 = ORIENTED_EDGE ( 'NONE', *, *, #4461, .T. ) ;
#3864 = VECTOR ( 'NONE', #1765, 999.9999999999998863 ) ;
#3865 = DIRECTION ( 'NONE',  ( 0.000000000000000000, 0.000000000000000000, 1.000000000000000000 ) ) ;
#3866 = AXIS2_PLACEMENT_3D ( 'NONE', #2693, #404, #2358 ) ;
#3867 = EDGE_LOOP ( 'NONE', ( #5574, #3683, #1106, #3401 ) ) ;
#3868 = VECTOR ( 'NONE', #1748, 1000.000000000000000 ) ;
#3869 = CARTESIAN_POINT ( 'NONE',  ( 3.797299047281804452, 1.845594171531651728, 2.286000000000000032 ) ) ;
#3870 = CARTESIAN_POINT ( 'NONE',  ( -6.350000000000001421, 0.000000000000000000, 1.000000000000000000 ) ) ;
#3871 = VERTEX_POINT ( 'NONE', #1111 ) ;
#3872 = VECTOR ( 'NONE', #657, 1000.000000000000000 ) ;
#3873 = CARTESIAN_POINT ( 'NONE',  ( -0.4999999999999998890, -15.81006430801679841, 1.000000000000000000 ) ) ;
#3874 = PLANE ( 'NONE',  #1299 ) ;
#3875 = PLANE ( 'NONE',  #4026 ) ;
#3876 = VECTOR ( 'NONE', #3842, 1000.000000000000000 ) ;
#3877 = ORIENTED_EDGE ( 'NONE', *, *, #2655, .T. ) ;
#3878 = VERTEX_POINT ( 'NONE', #1143 ) ;
#3879 = EDGE_CURVE ( 'NONE', #5740, #464, #422, .T. ) ;
#3880 = ADVANCED_FACE ( 'NONE', ( #4505 ), #4910, .T. ) ;
#3881 = VECTOR ( 'NONE', #3883, 1000.000000000000000 ) ;
#3882 = DIRECTION ( 'NONE',  ( 1.000000000000000000, -4.405646923115699105E-15, 0.000000000000000000 ) ) ;
#3883 = DIRECTION ( 'NONE',  ( -0.000000000000000000, -0.000000000000000000, -1.000000000000000000 ) ) ;
#3884 = VECTOR ( 'NONE', #1857, 999.9999999999998863 ) ;
#3885 = DIRECTION ( 'NONE',  ( 0.000000000000000000, 0.000000000000000000, 1.000000000000000000 ) ) ;
#3886 = CARTESIAN_POINT ( 'NONE',  ( -6.350000000000001421, 0.000000000000000000, -1.000000000000000000 ) ) ;
#3887 = VERTEX_POINT ( 'NONE', #4078 ) ;
#3888 = AXIS2_PLACEMENT_3D ( 'NONE', #1611, #1144, #1369 ) ;
#3889 = EDGE_CURVE ( 'NONE', #4954, #2042, #2489, .T. ) ;
#3890 = VECTOR ( 'NONE', #5232, 999.9999999999998863 ) ;
#3891 = DIRECTION ( 'NONE',  ( -0.000000000000000000, 0.000000000000000000, 1.000000000000000000 ) ) ;
#3892 = DIRECTION ( 'NONE',  ( -0.000000000000000000, -0.000000000000000000, -1.000000000000000000 ) ) ;
#3893 = EDGE_LOOP ( 'NONE', ( #2651, #352, #2233, #4789, #3332, #3917, #3773, #1745, #5805, #2072, #4362, #1174, #1641, #1612, #1950, #6094, #296, #3130, #463, #2597 ) ) ;
#3894 = VERTEX_POINT ( 'NONE', #685 ) ;
#3895 = LINE ( 'NONE', #4472, #3178 ) ;
#3896 = DIRECTION ( 'NONE',  ( 1.000000000000000000, 0.000000000000000000, 0.000000000000000000 ) ) ;
#3897 = VERTEX_POINT ( 'NONE', #5958 ) ;
#3898 = DIRECTION ( 'NONE',  ( -0.000000000000000000, -0.000000000000000000, -1.000000000000000000 ) ) ;
#3899 = VECTOR ( 'NONE', #984, 1000.000000000000000 ) ;
#3900 = DIRECTION ( 'NONE',  ( 1.000000000000000000, 0.000000000000000000, 0.000000000000000000 ) ) ;
#3901 = ORIENTED_EDGE ( 'NONE', *, *, #1547, .F. ) ;
#3902 = DIRECTION ( 'NONE',  ( 1.000000000000000000, 6.829619984160655581E-17, 0.000000000000000000 ) ) ;
#3903 = ADVANCED_FACE ( 'NONE', ( #2566 ), #1642, .F. ) ;
#3904 = CARTESIAN_POINT ( 'NONE',  ( -2.943394698145819888, -26.52201945211616874, 2.286000000000000032 ) ) ;
#3905 = CARTESIAN_POINT ( 'NONE',  ( 5.044741000755725402, -26.66118525018893237, 1.000000000000000000 ) ) ;
#3906 = ORIENTED_EDGE ( 'NONE', *, *, #4116, .F. ) ;
#3907 = DIRECTION ( 'NONE',  ( 1.000000000000000000, 0.000000000000000000, 0.000000000000000000 ) ) ;
#3908 = DIRECTION ( 'NONE',  ( 0.5000000000000043299, -0.8660254037844361541, 0.000000000000000000 ) ) ;
#3909 = ORIENTED_EDGE ( 'NONE', *, *, #1365, .F. ) ;
#3910 = ORIENTED_EDGE ( 'NONE', *, *, #3575, .F. ) ;
#3911 = CARTESIAN_POINT ( 'NONE',  ( 0.000000000000000000, -25.39999999999999858, -1.000000000000000000 ) ) ;
#3912 = CARTESIAN_POINT ( 'NONE',  ( -6.350000000000001421, 0.000000000000000000, -3.049999999999999822 ) ) ;
#3913 = CIRCLE ( 'NONE', #3422, 5.200000000000000178 ) ;
#3914 = EDGE_CURVE ( 'NONE', #2664, #5999, #3374, .T. ) ;
#3915 = FACE_OUTER_BOUND ( 'NONE', #4097, .T. ) ;
#3916 = LINE ( 'NONE', #3392, #5575 ) ;
#3917 = ORIENTED_EDGE ( 'NONE', *, *, #5556, .T. ) ;
#3918 = VECTOR ( 'NONE', #232, 1000.000000000000114 ) ;
#3919 = PLANE ( 'NONE',  #5852 ) ;
#3920 = DIRECTION ( 'NONE',  ( 0.000000000000000000, 0.000000000000000000, -1.000000000000000000 ) ) ;
#3921 = AXIS2_PLACEMENT_3D ( 'NONE', #1290, #5882, #5422 ) ;
#3922 = VERTEX_POINT ( 'NONE', #5893 ) ;
#3923 = EDGE_CURVE ( 'NONE', #5411, #2606, #3546, .T. ) ;
#3924 = VERTEX_POINT ( 'NONE', #4570 ) ;
#3925 = CYLINDRICAL_SURFACE ( 'NONE', #3075, 3.150000000000000799 ) ;
#3926 = DIRECTION ( 'NONE',  ( -0.000000000000000000, -0.000000000000000000, -1.000000000000000000 ) ) ;
#3927 = EDGE_CURVE ( 'NONE', #3200, #4023, #1300, .T. ) ;
#3928 = VERTEX_POINT ( 'NONE', #1768 ) ;
#3929 = DIRECTION ( 'NONE',  ( 1.000000000000000000, 0.000000000000000000, -0.000000000000000000 ) ) ;
#3930 = VECTOR ( 'NONE', #6069, 1000.000000000000000 ) ;
#3931 = CARTESIAN_POINT ( 'NONE',  ( 1.857106781186555367, 5.200000000000000178, -1.000000000000000000 ) ) ;
#3932 = DIRECTION ( 'NONE',  ( -1.000000000000000000, 0.000000000000000000, 0.000000000000000000 ) ) ;
#3933 = ORIENTED_EDGE ( 'NONE', *, *, #2075, .T. ) ;
#3934 = DIRECTION ( 'NONE',  ( 0.7071067811865471286, -0.7071067811865480168, 0.000000000000000000 ) ) ;
#3935 = CARTESIAN_POINT ( 'NONE',  ( 2.068653347947320587, -12.08301270189220844, -2.286000000000000032 ) ) ;
#3936 = ORIENTED_EDGE ( 'NONE', *, *, #4226, .T. ) ;
#3937 = CARTESIAN_POINT ( 'NONE',  ( 0.5000000000000000000, -25.39999999999999858, 1.000000000000000000 ) ) ;
#3938 = EDGE_CURVE ( 'NONE', #3680, #1226, #2260, .T. ) ;
#3939 = ORIENTED_EDGE ( 'NONE', *, *, #4856, .F. ) ;
#3940 = FACE_OUTER_BOUND ( 'NONE', #4139, .T. ) ;
#3941 = CARTESIAN_POINT ( 'NONE',  ( -6.350000000000001421, 5.199999999999998401, 3.049999999999999822 ) ) ;
#3942 = EDGE_LOOP ( 'NONE', ( #1754, #5342, #5631, #2281, #3100, #159 ) ) ;
#3943 = EDGE_LOOP ( 'NONE', ( #4445, #2401, #2205, #1305 ) ) ;
#3944 = DIRECTION ( 'NONE',  ( -0.7071067811865476838, 0.7071067811865474617, 0.000000000000000000 ) ) ;
#3945 = LINE ( 'NONE', #4430, #5170 ) ;
#3946 = DIRECTION ( 'NONE',  ( -0.000000000000000000, -0.000000000000000000, -1.000000000000000000 ) ) ;
#3947 = VERTEX_POINT ( 'NONE', #3189 ) ;
#3948 = VECTOR ( 'NONE', #4144, 1000.000000000000000 ) ;
#3949 = DIRECTION ( 'NONE',  ( -0.8660254037844400399, 0.4999999999999975020, 0.000000000000000000 ) ) ;
#3950 = LINE ( 'NONE', #2099, #4190 ) ;
#3951 = ORIENTED_EDGE ( 'NONE', *, *, #165, .F. ) ;
#3952 = LINE ( 'NONE', #3088, #3563 ) ;
#3953 = CARTESIAN_POINT ( 'NONE',  ( -2.100000000000000089, -25.39999999999999858, 2.286000000000000032 ) ) ;
#3954 = DIRECTION ( 'NONE',  ( -0.000000000000000000, -0.000000000000000000, -1.000000000000000000 ) ) ;
#3955 = EDGE_CURVE ( 'NONE', #3355, #5741, #2782, .T. ) ;
#3956 = EDGE_CURVE ( 'NONE', #1380, #2611, #4631, .T. ) ;
#3957 = FACE_OUTER_BOUND ( 'NONE', #583, .T. ) ;
#3958 = EDGE_CURVE ( 'NONE', #5620, #5507, #6016, .T. ) ;
#3959 = CARTESIAN_POINT ( 'NONE',  ( 6.350000000000001421, 0.000000000000000000, -1.000000000000000000 ) ) ;
#3960 = AXIS2_PLACEMENT_3D ( 'NONE', #1314, #4214, #1780 ) ;
#3961 = ORIENTED_EDGE ( 'NONE', *, *, #4746, .T. ) ;
#3962 = DIRECTION ( 'NONE',  ( 1.000000000000000000, 6.672013369141565217E-16, 0.000000000000000000 ) ) ;
#3963 = CYLINDRICAL_SURFACE ( 'NONE', #4672, 3.149999999999999467 ) ;
#3964 = AXIS2_PLACEMENT_3D ( 'NONE', #3362, #927, #5243 ) ;
#3965 = EDGE_CURVE ( 'NONE', #2288, #5161, #4665, .T. ) ;
#3966 = AXIS2_PLACEMENT_3D ( 'NONE', #1338, #3251, #3743 ) ;
#3967 = CARTESIAN_POINT ( 'NONE',  ( 0.000000000000000000, -25.39999999999999858, 2.286000000000000032 ) ) ;
#3968 = CIRCLE ( 'NONE', #2094, 3.150000000000000355 ) ;
#3969 = ORIENTED_EDGE ( 'NONE', *, *, #1363, .F. ) ;
#3970 = CARTESIAN_POINT ( 'NONE',  ( 6.014883500901057722, -26.90372087522526456, 1.000000000000000000 ) ) ;
#3971 = AXIS2_PLACEMENT_3D ( 'NONE', #4353, #2447, #968 ) ;
#3972 = CARTESIAN_POINT ( 'NONE',  ( 1.131370849898473807, 6.200000000000001066, 3.049999999999999822 ) ) ;
#3973 = ORIENTED_EDGE ( 'NONE', *, *, #1252, .T. ) ;
#3974 = EDGE_CURVE ( 'NONE', #1146, #3887, #1994, .T. ) ;
#3975 = LINE ( 'NONE', #642, #930 ) ;
#3976 = DIRECTION ( 'NONE',  ( 1.365923996832131116E-16, -1.000000000000000000, 0.000000000000000000 ) ) ;
#3977 = DIRECTION ( 'NONE',  ( -0.000000000000000000, -0.000000000000000000, -1.000000000000000000 ) ) ;
#3978 = DIRECTION ( 'NONE',  ( 1.000000000000000000, 0.000000000000000000, 0.000000000000000000 ) ) ;
#3979 = ORIENTED_EDGE ( 'NONE', *, *, #3914, .F. ) ;
#3980 = DIRECTION ( 'NONE',  ( -0.7071067811865477948, -0.7071067811865473507, 0.000000000000000000 ) ) ;
#3981 = PLANE ( 'NONE',  #2118 ) ;
#3982 = ORIENTED_EDGE ( 'NONE', *, *, #505, .T. ) ;
#3983 = LINE ( 'NONE', #2563, #709 ) ;
#3984 = AXIS2_PLACEMENT_3D ( 'NONE', #4173, #1799, #3713 ) ;
#3985 = DIRECTION ( 'NONE',  ( 1.000000000000000000, 0.000000000000000000, 0.000000000000000000 ) ) ;
#3986 = ORIENTED_EDGE ( 'NONE', *, *, #2922, .F. ) ;
#3987 = AXIS2_PLACEMENT_3D ( 'NONE', #5856, #1693, #2585 ) ;
#3988 = ORIENTED_EDGE ( 'NONE', *, *, #1498, .T. ) ;
#3989 = VECTOR ( 'NONE', #3730, 1000.000000000000000 ) ;
#3990 = AXIS2_PLACEMENT_3D ( 'NONE', #1793, #6074, #4165 ) ;
#3991 = PLANE ( 'NONE',  #1999 ) ;
#3992 = DIRECTION ( 'NONE',  ( -0.000000000000000000, -0.000000000000000000, -1.000000000000000000 ) ) ;
#3993 = VERTEX_POINT ( 'NONE', #3613 ) ;
#3994 = VERTEX_POINT ( 'NONE', #2724 ) ;
#3995 = EDGE_CURVE ( 'NONE', #5513, #1700, #4603, .T. ) ;
#3996 = DIRECTION ( 'NONE',  ( 0.000000000000000000, 0.000000000000000000, -1.000000000000000000 ) ) ;
#3997 = AXIS2_PLACEMENT_3D ( 'NONE', #2751, #4628, #2780 ) ;
#3998 = AXIS2_PLACEMENT_3D ( 'NONE', #3252, #2359, #1890 ) ;
#3999 = CARTESIAN_POINT ( 'NONE',  ( 0.5000000000000000000, -15.81006430801679841, -1.000000000000000000 ) ) ;
#4000 = DIRECTION ( 'NONE',  ( -0.000000000000000000, -0.000000000000000000, -1.000000000000000000 ) ) ;
#4001 = VERTEX_POINT ( 'NONE', #1797 ) ;
#4002 = CARTESIAN_POINT ( 'NONE',  ( -6.350000000000001421, 0.000000000000000000, 3.049999999999999822 ) ) ;
#4003 = ADVANCED_FACE ( 'NONE', ( #5036 ), #3677, .F. ) ;
#4004 = PLANE ( 'NONE',  #4714 ) ;
#4005 = ORIENTED_EDGE ( 'NONE', *, *, #231, .F. ) ;
#4006 = ADVANCED_FACE ( 'NONE', ( #810 ), #11, .T. ) ;
#4007 = FACE_OUTER_BOUND ( 'NONE', #376, .T. ) ;
#4008 = APPROVAL_DATE_TIME ( #3115, #2760 ) ;
#4009 = DIRECTION ( 'NONE',  ( 1.000000000000000000, 0.000000000000000000, -0.000000000000000000 ) ) ;
#4010 = FACE_OUTER_BOUND ( 'NONE', #1667, .T. ) ;
#4011 = ORIENTED_EDGE ( 'NONE', *, *, #5772, .F. ) ;
#4012 = LINE ( 'NONE', #3453, #4557 ) ;
#4013 = PLANE ( 'NONE',  #5469 ) ;
#4014 = VERTEX_POINT ( 'NONE', #3223 ) ;
#4015 = EDGE_CURVE ( 'NONE', #903, #1521, #3078, .T. ) ;
#4016 = CARTESIAN_POINT ( 'NONE',  ( 2.943394698145819000, -26.52201945211617229, 1.000000000000000000 ) ) ;
#4017 = CARTESIAN_POINT ( 'NONE',  ( -6.350000000000001421, 0.000000000000000000, -2.286000000000000032 ) ) ;
#4018 = AXIS2_PLACEMENT_3D ( 'NONE', #2425, #3841, #4820 ) ;
#4019 = ORIENTED_EDGE ( 'NONE', *, *, #5092, .T. ) ;
#4020 = VECTOR ( 'NONE', #1600, 1000.000000000000000 ) ;
#4021 = DIRECTION ( 'NONE',  ( 1.000000000000000000, 0.000000000000000000, 0.000000000000000000 ) ) ;
#4022 = DIRECTION ( 'NONE',  ( 0.000000000000000000, 0.000000000000000000, 1.000000000000000000 ) ) ;
#4023 = VERTEX_POINT ( 'NONE', #4697 ) ;
#4024 = EDGE_LOOP ( 'NONE', ( #5197, #4224, #42, #4807 ) ) ;
#4025 = DIRECTION ( 'NONE',  ( 0.000000000000000000, 0.000000000000000000, 1.000000000000000000 ) ) ;
#4026 = AXIS2_PLACEMENT_3D ( 'NONE', #1494, #5359, #4332 ) ;
#4027 = DIRECTION ( 'NONE',  ( 0.000000000000000000, 0.000000000000000000, 1.000000000000000000 ) ) ;
#4028 = CARTESIAN_POINT ( 'NONE',  ( 5.044741000755725402, -26.66118525018893237, 1.000000000000000000 ) ) ;
#4029 = ORIENTED_EDGE ( 'NONE', *, *, #3830, .T. ) ;
#4030 = DIRECTION ( 'NONE',  ( 0.000000000000000000, 0.000000000000000000, 1.000000000000000000 ) ) ;
#4031 = LINE ( 'NONE', #5903, #183 ) ;
#4032 = ORIENTED_EDGE ( 'NONE', *, *, #5779, .F. ) ;
#4033 = EDGE_CURVE ( 'NONE', #5994, #2512, #871, .T. ) ;
#4034 = DIRECTION ( 'NONE',  ( 0.8660254037844400399, -0.4999999999999975020, 0.000000000000000000 ) ) ;
#4035 = PERSON_AND_ORGANIZATION ( #5559, #4467 ) ;
#4036 = ADVANCED_FACE ( 'NONE', ( #6049 ), #5621, .F. ) ;
#4037 = DIRECTION ( 'NONE',  ( -0.000000000000000000, -0.000000000000000000, -1.000000000000000000 ) ) ;
#4038 = PLANE ( 'NONE',  #5883 ) ;
#4039 = ORIENTED_EDGE ( 'NONE', *, *, #1469, .T. ) ;
#4040 = EDGE_CURVE ( 'NONE', #2734, #978, #1367, .T. ) ;
#4041 = CARTESIAN_POINT ( 'NONE',  ( -14.52720779386421590, -10.87279220613577557, -1.000000000000000000 ) ) ;
#4042 = LINE ( 'NONE', #5981, #5859 ) ;
#4043 = VERTEX_POINT ( 'NONE', #5162 ) ;
#4044 = DIRECTION ( 'NONE',  ( 0.5000000000000041078, 0.8660254037844362651, -0.000000000000000000 ) ) ;
#4045 = DIRECTION ( 'NONE',  ( 1.000000000000000000, 0.000000000000000000, 0.000000000000000000 ) ) ;
#4046 = EDGE_LOOP ( 'NONE', ( #4249, #5039, #4398, #1869 ) ) ;
#4047 = DIRECTION ( 'NONE',  ( 0.5000000000000045519, -0.8660254037844361541, 0.000000000000000000 ) ) ;
#4048 = CARTESIAN_POINT ( 'NONE',  ( -6.350000000000001421, 0.000000000000000000, 1.000000000000000000 ) ) ;
#4049 = CARTESIAN_POINT ( 'NONE',  ( -1.857106781186542932, 5.200000000000000178, -2.286000000000000032 ) ) ;
#4050 = VERTEX_POINT ( 'NONE', #899 ) ;
#4051 = ORIENTED_EDGE ( 'NONE', *, *, #677, .F. ) ;
#4052 = DIRECTION ( 'NONE',  ( 0.000000000000000000, 0.000000000000000000, -1.000000000000000000 ) ) ;
#4053 = LINE ( 'NONE', #2573, #2308 ) ;
#4054 = DIRECTION ( 'NONE',  ( 1.000000000000000000, 0.000000000000000000, 0.000000000000000000 ) ) ;
#4055 = ORIENTED_EDGE ( 'NONE', *, *, #4678, .T. ) ;
#4056 = CARTESIAN_POINT ( 'NONE',  ( 1.131370849898473807, 6.200000000000001066, -3.050999999999999712 ) ) ;
#4057 = DIRECTION ( 'NONE',  ( 0.7071067811865474617, -0.7071067811865474617, 0.000000000000000000 ) ) ;
#4058 = VECTOR ( 'NONE', #5286, 1000.000000000000000 ) ;
#4059 = ORIENTED_EDGE ( 'NONE', *, *, #2831, .F. ) ;
#4060 = AXIS2_PLACEMENT_3D ( 'NONE', #4486, #4886, #4422 ) ;
#4061 = LINE ( 'NONE', #767, #3105 ) ;
#4062 = PERSON_AND_ORGANIZATION_ROLE ( 'design_supplier' ) ;
#4063 = VECTOR ( 'NONE', #1270, 999.9999999999998863 ) ;
#4064 = DIRECTION ( 'NONE',  ( 0.8660254037844362651, -0.5000000000000041078, 0.000000000000000000 ) ) ;
#4065 = DIRECTION ( 'NONE',  ( 0.000000000000000000, 0.000000000000000000, 1.000000000000000000 ) ) ;
#4066 = EDGE_CURVE ( 'NONE', #831, #5620, #441, .T. ) ;
#4067 = ORIENTED_EDGE ( 'NONE', *, *, #1087, .F. ) ;
#4068 = CARTESIAN_POINT ( 'NONE',  ( -3.239935691983203636, -0.5000000000000000000, 2.286000000000000032 ) ) ;
#4069 = ORIENTED_EDGE ( 'NONE', *, *, #3781, .F. ) ;
#4070 = DIRECTION ( 'NONE',  ( -0.000000000000000000, 0.000000000000000000, 1.000000000000000000 ) ) ;
#4071 = CARTESIAN_POINT ( 'NONE',  ( 5.044741000755725402, -26.66118525018893237, 2.286000000000000032 ) ) ;
#4072 = ORIENTED_EDGE ( 'NONE', *, *, #610, .T. ) ;
#4073 = CARTESIAN_POINT ( 'NONE',  ( 4.753332099679084877, -27.56698729810777593, -2.286000000000000032 ) ) ;
#4074 = DIRECTION ( 'NONE',  ( -1.000000000000000000, 0.000000000000000000, 0.000000000000000000 ) ) ;
#4075 = EDGE_CURVE ( 'NONE', #5486, #1805, #2818, .T. ) ;
#4076 = ORIENTED_EDGE ( 'NONE', *, *, #1777, .F. ) ;
#4077 = AXIS2_PLACEMENT_3D ( 'NONE', #1028, #3934, #5261 ) ;
#4078 = CARTESIAN_POINT ( 'NONE',  ( -0.5000000000000002220, -22.28993569198320301, 1.000000000000000000 ) ) ;
#4079 = DIRECTION ( 'NONE',  ( 1.000000000000000000, 3.552713678800500929E-15, 0.000000000000000000 ) ) ;
#4080 = DIRECTION ( 'NONE',  ( 0.000000000000000000, 0.000000000000000000, 1.000000000000000000 ) ) ;
#4081 = LOCAL_TIME ( 14, 1, 13.00000000000000000, #1659 ) ;
#4082 = EDGE_LOOP ( 'NONE', ( #5398, #1018, #5584, #1364 ) ) ;
#4083 = EDGE_LOOP ( 'NONE', ( #2, #5477, #2459, #9 ) ) ;
#4084 = VERTEX_POINT ( 'NONE', #2467 ) ;
#4085 = EDGE_LOOP ( 'NONE', ( #2893, #203, #4634, #5860 ) ) ;
#4086 = VECTOR ( 'NONE', #3944, 1000.000000000000000 ) ;
#4087 = CARTESIAN_POINT ( 'NONE',  ( 0.000000000000000000, 0.000000000000000000, -2.286000000000000032 ) ) ;
#4088 = ADVANCED_FACE ( 'NONE', ( #3314 ), #4260, .F. ) ;
#4089 = AXIS2_PLACEMENT_3D ( 'NONE', #4048, #349, #4079 ) ;
#4090 = CARTESIAN_POINT ( 'NONE',  ( 4.732465839245183048, -27.55494015702928223, 1.000000000000000000 ) ) ;
#4091 = EDGE_LOOP ( 'NONE', ( #1673, #2659, #4922, #4170 ) ) ;
#4092 = AXIS2_PLACEMENT_3D ( 'NONE', #2859, #5121, #2772 ) ;
#4093 = CIRCLE ( 'NONE', #3214, 5.199999999999998401 ) ;
#4094 = CARTESIAN_POINT ( 'NONE',  ( 4.232465839245183936, -28.42096556081371617, -2.286000000000000032 ) ) ;
#4095 = EDGE_CURVE ( 'NONE', #869, #2157, #3473, .T. ) ;
#4096 = DIRECTION ( 'NONE',  ( -0.000000000000000000, -0.000000000000000000, -1.000000000000000000 ) ) ;
#4097 = EDGE_LOOP ( 'NONE', ( #4029, #4069, #4696, #6021 ) ) ;
#4098 = PLANE ( 'NONE',  #636 ) ;
#4099 = APPROVAL_DATE_TIME ( #2647, #1660 ) ;
#4100 = DIRECTION ( 'NONE',  ( -0.7071067811865470176, 0.7071067811865479058, 0.000000000000000000 ) ) ;
#4101 = CARTESIAN_POINT ( 'NONE',  ( -16.22855339059326951, -9.171446609406709527, 1.000000000000000000 ) ) ;
#4102 = EDGE_LOOP ( 'NONE', ( #1767, #5716, #1706, #2795, #1967, #5623, #1789, #4424, #2058, #4175, #3036, #890 ) ) ;
#4103 = ORIENTED_EDGE ( 'NONE', *, *, #804, .T. ) ;
#4104 = FACE_OUTER_BOUND ( 'NONE', #1911, .T. ) ;
#4105 = LINE ( 'NONE', #863, #2813 ) ;
#4106 = DIRECTION ( 'NONE',  ( 0.000000000000000000, 0.000000000000000000, 1.000000000000000000 ) ) ;
#4107 = DIRECTION ( 'NONE',  ( -0.000000000000000000, -0.000000000000000000, -1.000000000000000000 ) ) ;
#4108 = ORIENTED_EDGE ( 'NONE', *, *, #594, .T. ) ;
#4109 = DIRECTION ( 'NONE',  ( -0.000000000000000000, -0.000000000000000000, -1.000000000000000000 ) ) ;
#4110 = EDGE_CURVE ( 'NONE', #5771, #2807, #986, .T. ) ;
#4111 = FACE_OUTER_BOUND ( 'NONE', #5876, .T. ) ;
#4112 = DIRECTION ( 'NONE',  ( 0.000000000000000000, 0.000000000000000000, 1.000000000000000000 ) ) ;
#4113 = ORIENTED_EDGE ( 'NONE', *, *, #2562, .F. ) ;
#4114 = AXIS2_PLACEMENT_3D ( 'NONE', #5578, #3202, #4244 ) ;
#4115 = ORIENTED_EDGE ( 'NONE', *, *, #1505, .F. ) ;
#4116 = EDGE_CURVE ( 'NONE', #3303, #1443, #3288, .T. ) ;
#4117 = ORIENTED_EDGE ( 'NONE', *, *, #1099, .T. ) ;
#4118 = FACE_OUTER_BOUND ( 'NONE', #815, .T. ) ;
#4119 = CIRCLE ( 'NONE', #1455, 3.150000000000000355 ) ;
#4120 = CARTESIAN_POINT ( 'NONE',  ( -3.239935691983203636, -0.5000000000000000000, 2.286000000000000032 ) ) ;
#4121 = VERTEX_POINT ( 'NONE', #1974 ) ;
#4122 = VECTOR ( 'NONE', #2804, 1000.000000000000000 ) ;
#4123 = LINE ( 'NONE', #2910, #4650 ) ;
#4124 = CARTESIAN_POINT ( 'NONE',  ( 0.000000000000000000, -25.39999999999999858, -1.000000000000000000 ) ) ;
#4125 = ORIENTED_EDGE ( 'NONE', *, *, #1977, .F. ) ;
#4126 = FACE_OUTER_BOUND ( 'NONE', #1450, .T. ) ;
#4127 = CARTESIAN_POINT ( 'NONE',  ( 1.568653347947315924, -11.21698729810777273, 2.286000000000000032 ) ) ;
#4128 = DIRECTION ( 'NONE',  ( 0.000000000000000000, 0.000000000000000000, 1.000000000000000000 ) ) ;
#4129 = ORIENTED_EDGE ( 'NONE', *, *, #3441, .T. ) ;
#4130 = ORIENTED_EDGE ( 'NONE', *, *, #4110, .F. ) ;
#4131 = LINE ( 'NONE', #6042, #241 ) ;
#4132 = CARTESIAN_POINT ( 'NONE',  ( 8.673617379884035472E-16, 5.068629150101527259, -3.049999999999999822 ) ) ;
#4133 = FACE_OUTER_BOUND ( 'NONE', #5552, .T. ) ;
#4134 = CARTESIAN_POINT ( 'NONE',  ( -3.797299047281801787, 1.845594171531649952, 2.286000000000000032 ) ) ;
#4135 = ORIENTED_EDGE ( 'NONE', *, *, #4996, .T. ) ;
#4136 = CARTESIAN_POINT ( 'NONE',  ( -2.068653347947320142, -13.31698729810779014, 2.286000000000000032 ) ) ;
#4137 = PLANE ( 'NONE',  #1729 ) ;
#4138 = CARTESIAN_POINT ( 'NONE',  ( -1.131370849898472919, 6.200000000000001066, -3.050999999999999712 ) ) ;
#4139 = EDGE_LOOP ( 'NONE', ( #818, #3349, #1456, #1356 ) ) ;
#4140 = EDGE_LOOP ( 'NONE', ( #5109, #4689, #1385, #1194 ) ) ;
#4141 = VERTEX_POINT ( 'NONE', #4377 ) ;
#4142 = VERTEX_POINT ( 'NONE', #1478 ) ;
#4143 = VECTOR ( 'NONE', #2444, 1000.000000000000000 ) ;
#4144 = DIRECTION ( 'NONE',  ( 0.000000000000000000, 0.000000000000000000, 1.000000000000000000 ) ) ;
#4145 = ADVANCED_FACE ( 'NONE', ( #1043 ), #499, .T. ) ;
#4146 = EDGE_CURVE ( 'NONE', #1868, #1373, #2903, .T. ) ;
#4147 = CIRCLE ( 'NONE', #3452, 3.149999999999999911 ) ;
#4148 = DIRECTION ( 'NONE',  ( -0.9701425001453318764, 0.2425356250363330801, 0.000000000000000000 ) ) ;
#4149 = EDGE_LOOP ( 'NONE', ( #5793, #5337, #185, #2237 ) ) ;
#4150 = CYLINDRICAL_SURFACE ( 'NONE', #1989, 3.150000000000000799 ) ;
#4151 = DIRECTION ( 'NONE',  ( -0.7071067811865474617, 0.7071067811865476838, 0.000000000000000000 ) ) ;
#4152 = ADVANCED_FACE ( 'NONE', ( #3802 ), #524, .T. ) ;
#4153 = EDGE_LOOP ( 'NONE', ( #766, #3161, #2706, #5583, #1940, #964, #3813, #3700, #1695, #3313 ) ) ;
#4154 = VECTOR ( 'NONE', #6005, 999.9999999999998863 ) ;
#4155 = DIRECTION ( 'NONE',  ( 0.000000000000000000, 1.000000000000000000, 0.000000000000000000 ) ) ;
#4156 = AXIS2_PLACEMENT_3D ( 'NONE', #912, #2242, #883 ) ;
#4157 = DIRECTION ( 'NONE',  ( -0.000000000000000000, -0.000000000000000000, -1.000000000000000000 ) ) ;
#4158 = LINE ( 'NONE', #4622, #3145 ) ;
#4159 = EDGE_CURVE ( 'NONE', #4050, #1747, #1452, .T. ) ;
#4160 = ORIENTED_EDGE ( 'NONE', *, *, #4656, .T. ) ;
#4161 = ORIENTED_EDGE ( 'NONE', *, *, #6089, .F. ) ;
#4162 = CIRCLE ( 'NONE', #1096, 3.149999999999999911 ) ;
#4163 = VECTOR ( 'NONE', #195, 1000.000000000000000 ) ;
#4164 = DIRECTION ( 'NONE',  ( -1.000000000000000000, 0.000000000000000000, 0.000000000000000000 ) ) ;
#4165 = DIRECTION ( 'NONE',  ( 1.000000000000000000, 0.000000000000000000, 0.000000000000000000 ) ) ;
#4166 = AXIS2_PLACEMENT_3D ( 'NONE', #3524, #2206, #5868 ) ;
#4167 = DIRECTION ( 'NONE',  ( 1.000000000000000000, 0.000000000000000000, 0.000000000000000000 ) ) ;
#4168 = CARTESIAN_POINT ( 'NONE',  ( 0.000000000000000000, -25.39999999999999858, -1.000000000000000000 ) ) ;
#4169 = EDGE_CURVE ( 'NONE', #5689, #2325, #3397, .T. ) ;
#4170 = ORIENTED_EDGE ( 'NONE', *, *, #5012, .F. ) ;
#4171 = DIRECTION ( 'NONE',  ( 0.000000000000000000, -1.000000000000000000, 0.000000000000000000 ) ) ;
#4172 = DIRECTION ( 'NONE',  ( 0.7071067811865479058, 0.7071067811865470176, 0.000000000000000000 ) ) ;
#4173 = CARTESIAN_POINT ( 'NONE',  ( -2.068653347947320142, -13.31698729810779014, -2.286000000000000032 ) ) ;
#4174 = ORIENTED_EDGE ( 'NONE', *, *, #3191, .F. ) ;
#4175 = ORIENTED_EDGE ( 'NONE', *, *, #2912, .F. ) ;
#4176 = ORIENTED_EDGE ( 'NONE', *, *, #4415, .T. ) ;
#4177 = VERTEX_POINT ( 'NONE', #3340 ) ;
#4178 = CLOSED_SHELL ( 'NONE', ( #4687, #5476, #5031, #3720, #4460, #5219, #3167, #1820, #5690, #1586, #3282, #1856, #2225, #2160, #413, #1998, #1446, #2649, #3501, #4942, #2154, #4267, #1580, #4387, #5510, #111, #4898, #4933, #4036, #3322, #908, #2016, #3328, #6009, #5319, #3740, #921, #1394, #4517, #5432, #4371, #979, #2417, #93, #3732, #4441, #3538, #4152, #4006, #1811, #4233, #2412, #3133, #4302, #147, #4204, #5367, #2006, #5700, #4823, #5070, #2268, #5471, #2458, #5962, #5257, #264, #356, #3255, #2864, #6087, #4730, #3293, #4145, #3640, #3143, #5617, #1854, #437, #5443, #1393, #4345, #5052, #3584, #2871, #3182, #2486, #2382, #2921, #4338, #5910, #4984, #459, #3826, #2897, #3880, #3215, #3663, #170, #5239, #3500, #2723, #950, #1970, #1934, #690, #2972, #5550, #2121, #4003, #3072, #2683, #189, #2737, #192, #3393, #1053, #5746, #596, #1404, #5673, #5395, #5650, #4801, #2428, #2713, #220, #5842, #2165, #2090, #1517, #2529, #2834, #2380, #5948, #1122, #4709, #4680, #1755, #5728, #1963, #171, #732, #760, #1833, #5822, #4368, #258, #4523, #3903, #1708, #4194, #1066, #2995, #2146, #1543, #347, #2592, #2980, #4324, #2234, #1320, #54, #3820, #5284, #2145, #5248, #3021, #4915, #5482, #5325, #4088, #943, #491, #5424, #2645, #4360, #4607, #2942, #223 ) ) ;
#4179 = CARTESIAN_POINT ( 'NONE',  ( -6.350000000000001421, 0.000000000000000000, 2.286000000000000032 ) ) ;
#4180 = APPROVAL_PERSON_ORGANIZATION ( #1722, #1660, #5393 ) ;
#4181 = DIRECTION ( 'NONE',  ( -1.000000000000000000, 0.000000000000000000, 0.000000000000000000 ) ) ;
#4182 = ORIENTED_EDGE ( 'NONE', *, *, #1505, .T. ) ;
#4183 = EDGE_CURVE ( 'NONE', #694, #2315, #616, .T. ) ;
#4184 = PLANE ( 'NONE',  #5924 ) ;
#4185 = CARTESIAN_POINT ( 'NONE',  ( 16.22855339059328017, -9.171446609406739725, 1.000000000000000000 ) ) ;
#4186 = AXIS2_PLACEMENT_3D ( 'NONE', #1741, #2755, #6017 ) ;
#4187 = VERTEX_POINT ( 'NONE', #5220 ) ;
#4188 = CIRCLE ( 'NONE', #1723, 3.150000000000000355 ) ;
#4189 = CIRCLE ( 'NONE', #4973, 5.200000000000000178 ) ;
#4190 = VECTOR ( 'NONE', #679, 1000.000000000000000 ) ;
#4191 = CYLINDRICAL_SURFACE ( 'NONE', #4683, 3.149999999999999911 ) ;
#4192 = EDGE_CURVE ( 'NONE', #3682, #4726, #5194, .T. ) ;
#4193 = DIRECTION ( 'NONE',  ( 0.000000000000000000, 0.000000000000000000, 1.000000000000000000 ) ) ;
#4194 = ADVANCED_FACE ( 'NONE', ( #4315 ), #3832, .F. ) ;
#4195 = LINE ( 'NONE', #5211, #3427 ) ;
#4196 = EDGE_LOOP ( 'NONE', ( #4850, #2907, #5719, #1982 ) ) ;
#4197 = ORIENTED_EDGE ( 'NONE', *, *, #4538, .F. ) ;
#4198 = CIRCLE ( 'NONE', #2326, 5.199999999999998401 ) ;
#4199 = CARTESIAN_POINT ( 'NONE',  ( -8.223832970144352217, -2.580939751330898257, 2.286000000000000032 ) ) ;
#4200 = DIRECTION ( 'NONE',  ( 0.000000000000000000, 0.000000000000000000, 1.000000000000000000 ) ) ;
#4201 = CARTESIAN_POINT ( 'NONE',  ( 16.22855339059327306, -9.171446609406721961, -1.000000000000000000 ) ) ;
#4202 = CARTESIAN_POINT ( 'NONE',  ( 0.9942388155425143648, 4.648654403270946034, -2.286000000000000032 ) ) ;
#4203 = ORIENTED_EDGE ( 'NONE', *, *, #812, .F. ) ;
#4204 = ADVANCED_FACE ( 'NONE', ( #1507 ), #3364, .T. ) ;
#4205 = CARTESIAN_POINT ( 'NONE',  ( 0.9942388155425139207, 4.648654403270946034, 2.286000000000000032 ) ) ;
#4206 = FACE_OUTER_BOUND ( 'NONE', #1650, .T. ) ;
#4207 = ORIENTED_EDGE ( 'NONE', *, *, #4297, .T. ) ;
#4208 = ORIENTED_EDGE ( 'NONE', *, *, #2488, .T. ) ;
#4209 = VERTEX_POINT ( 'NONE', #4808 ) ;
#4210 = ORIENTED_EDGE ( 'NONE', *, *, #3852, .T. ) ;
#4211 = LINE ( 'NONE', #478, #1786 ) ;
#4212 = CARTESIAN_POINT ( 'NONE',  ( -9.806086401974784650, -7.615803645312694492, 2.286000000000000032 ) ) ;
#4213 = ORIENTED_EDGE ( 'NONE', *, *, #2046, .T. ) ;
#4214 = DIRECTION ( 'NONE',  ( -0.000000000000000000, -0.000000000000000000, -1.000000000000000000 ) ) ;
#4215 = DIRECTION ( 'NONE',  ( 0.000000000000000000, 0.000000000000000000, 1.000000000000000000 ) ) ;
#4216 = VECTOR ( 'NONE', #5696, 1000.000000000000000 ) ;
#4217 = ORIENTED_EDGE ( 'NONE', *, *, #267, .F. ) ;
#4218 = CIRCLE ( 'NONE', #2352, 3.149999999999999911 ) ;
#4219 = CARTESIAN_POINT ( 'NONE',  ( 4.253332099679084877, -28.43301270189220986, 2.286000000000000032 ) ) ;
#4220 = CARTESIAN_POINT ( 'NONE',  ( -2.068653347947320142, -13.31698729810779014, -2.286000000000000032 ) ) ;
#4221 = DIRECTION ( 'NONE',  ( 0.000000000000000000, 0.000000000000000000, 1.000000000000000000 ) ) ;
#4222 = AXIS2_PLACEMENT_3D ( 'NONE', #2243, #3110, #4057 ) ;
#4223 = ORIENTED_EDGE ( 'NONE', *, *, #1365, .T. ) ;
#4224 = ORIENTED_EDGE ( 'NONE', *, *, #461, .F. ) ;
#4225 = EDGE_CURVE ( 'NONE', #1873, #3878, #4341, .T. ) ;
#4226 = EDGE_CURVE ( 'NONE', #438, #446, #1072, .T. ) ;
#4227 = CC_DESIGN_PERSON_AND_ORGANIZATION_ASSIGNMENT ( #5937, #4991, ( #3846 ) ) ;
#4228 = DIRECTION ( 'NONE',  ( -1.000000000000000000, 0.000000000000000000, 0.000000000000000000 ) ) ;
#4229 = LINE ( 'NONE', #1914, #5576 ) ;
#4230 = LINE ( 'NONE', #5127, #5734 ) ;
#4231 = DIRECTION ( 'NONE',  ( 0.000000000000000000, -1.000000000000000000, 0.000000000000000000 ) ) ;
#4232 = ORIENTED_EDGE ( 'NONE', *, *, #4748, .F. ) ;
#4233 = ADVANCED_FACE ( 'NONE', ( #5651 ), #3571, .T. ) ;
#4234 = CARTESIAN_POINT ( 'NONE',  ( 8.195594171531652705, -2.552700952718197414, 2.286000000000000032 ) ) ;
#4235 = DIRECTION ( 'NONE',  ( 1.000000000000000000, 0.000000000000000000, 0.000000000000000000 ) ) ;
#4236 = ORIENTED_EDGE ( 'NONE', *, *, #5637, .F. ) ;
#4237 = ORIENTED_EDGE ( 'NONE', *, *, #758, .F. ) ;
#4238 = EDGE_LOOP ( 'NONE', ( #237, #3437, #1894, #2765 ) ) ;
#4239 = EDGE_LOOP ( 'NONE', ( #754, #1548, #633, #876 ) ) ;
#4240 = CARTESIAN_POINT ( 'NONE',  ( 4.732465839245183048, -27.55494015702928223, 2.286000000000000032 ) ) ;
#4241 = EDGE_LOOP ( 'NONE', ( #409, #5925, #1670, #2799 ) ) ;
#4242 = CARTESIAN_POINT ( 'NONE',  ( -1.545584412271567620, 5.199999999999999289, -2.286000000000000032 ) ) ;
#4243 = EDGE_LOOP ( 'NONE', ( #1341, #2983, #1215, #1426 ) ) ;
#4244 = DIRECTION ( 'NONE',  ( -0.7071067811865474617, 0.7071067811865474617, 0.000000000000000000 ) ) ;
#4245 = DIRECTION ( 'NONE',  ( 0.000000000000000000, 0.000000000000000000, 1.000000000000000000 ) ) ;
#4246 = CARTESIAN_POINT ( 'NONE',  ( 0.000000000000000000, -25.39999999999999858, -2.286000000000000032 ) ) ;
#4247 = DIRECTION ( 'NONE',  ( 0.2425356250363329691, -0.9701425001453319874, 0.000000000000000000 ) ) ;
#4248 = DIRECTION ( 'NONE',  ( -0.7071067811865479058, -0.7071067811865470176, 0.000000000000000000 ) ) ;
#4249 = ORIENTED_EDGE ( 'NONE', *, *, #1133, .F. ) ;
#4250 = ORIENTED_EDGE ( 'NONE', *, *, #5635, .T. ) ;
#4251 = VECTOR ( 'NONE', #2398, 1000.000000000000000 ) ;
#4252 = LINE ( 'NONE', #5704, #4866 ) ;
#4253 = FACE_OUTER_BOUND ( 'NONE', #4317, .T. ) ;
#4254 = EDGE_CURVE ( 'NONE', #3074, #384, #1634, .T. ) ;
#4255 = CARTESIAN_POINT ( 'NONE',  ( 2.943394698145812782, -13.82201945211619254, 2.286000000000000032 ) ) ;
#4256 = DIRECTION ( 'NONE',  ( 0.000000000000000000, 0.000000000000000000, 1.000000000000000000 ) ) ;
#4257 = ORIENTED_EDGE ( 'NONE', *, *, #1375, .F. ) ;
#4258 = CIRCLE ( 'NONE', #4551, 3.149999999999999023 ) ;
#4259 = VECTOR ( 'NONE', #5384, 1000.000000000000000 ) ;
#4260 = PLANE ( 'NONE',  #3566 ) ;
#4261 = FACE_OUTER_BOUND ( 'NONE', #180, .T. ) ;
#4262 = VERTEX_POINT ( 'NONE', #774 ) ;
#4263 = EDGE_CURVE ( 'NONE', #3616, #5212, #5644, .T. ) ;
#4264 = ORIENTED_EDGE ( 'NONE', *, *, #833, .F. ) ;
#4265 = ORIENTED_EDGE ( 'NONE', *, *, #10, .T. ) ;
#4266 = DIRECTION ( 'NONE',  ( 0.000000000000000000, 0.000000000000000000, 1.000000000000000000 ) ) ;
#4267 = ADVANCED_FACE ( 'NONE', ( #5371 ), #186, .F. ) ;
#4268 = DIRECTION ( 'NONE',  ( 0.000000000000000000, -0.000000000000000000, 1.000000000000000000 ) ) ;
#4269 = ORIENTED_EDGE ( 'NONE', *, *, #5358, .F. ) ;
#4270 = EDGE_CURVE ( 'NONE', #780, #752, #4012, .T. ) ;
#4271 = DIRECTION ( 'NONE',  ( 1.000000000000000000, 0.000000000000000000, 0.000000000000000000 ) ) ;
#4272 = ORIENTED_EDGE ( 'NONE', *, *, #2067, .T. ) ;
#4273 = EDGE_CURVE ( 'NONE', #5675, #2122, #648, .T. ) ;
#4274 = DIRECTION ( 'NONE',  ( -1.000000000000000000, 0.000000000000000000, 0.000000000000000000 ) ) ;
#4275 = EDGE_CURVE ( 'NONE', #550, #193, #3052, .T. ) ;
#4276 = AXIS2_PLACEMENT_3D ( 'NONE', #2405, #62, #1942 ) ;
#4277 = CARTESIAN_POINT ( 'NONE',  ( -5.044741000755725402, -26.66118525018892882, 1.000000000000000000 ) ) ;
#4278 = CIRCLE ( 'NONE', #6048, 3.150000000000000799 ) ;
#4279 = LINE ( 'NONE', #1440, #5303 ) ;
#4280 = ORIENTED_EDGE ( 'NONE', *, *, #1958, .T. ) ;
#4281 = ORIENTED_EDGE ( 'NONE', *, *, #3812, .F. ) ;
#4282 = AXIS2_PLACEMENT_3D ( 'NONE', #3679, #6051, #3648 ) ;
#4283 = CARTESIAN_POINT ( 'NONE',  ( 3.013297696649203550E-14, 4.078679656440361789, 3.049999999999999822 ) ) ;
#4284 = CARTESIAN_POINT ( 'NONE',  ( 0.5000000000000000000, -15.81006430801679841, 2.286000000000000032 ) ) ;
#4285 = CARTESIAN_POINT ( 'NONE',  ( 1.545584412271568731, 5.200000000000000178, 2.286000000000000032 ) ) ;
#4286 = VECTOR ( 'NONE', #932, 1000.000000000000000 ) ;
#4287 = CARTESIAN_POINT ( 'NONE',  ( -0.9942388155425117002, 4.648654403270938040, 1.000000000000000000 ) ) ;
#4288 = UNCERTAINTY_MEASURE_WITH_UNIT (LENGTH_MEASURE( 1.000000000000000082E-05 ), #4401, 'distance_accuracy_value', 'NONE');
#4289 = ORIENTED_EDGE ( 'NONE', *, *, #2791, .T. ) ;
#4290 = CARTESIAN_POINT ( 'NONE',  ( 6.350000000000001421, 5.200000000000001066, 2.286000000000000032 ) ) ;
#4291 = CARTESIAN_POINT ( 'NONE',  ( 0.000000000000000000, -25.39999999999999858, -1.000000000000000000 ) ) ;
#4292 = ORIENTED_EDGE ( 'NONE', *, *, #6072, .T. ) ;
#4293 = ORIENTED_EDGE ( 'NONE', *, *, #1093, .F. ) ;
#4294 = CARTESIAN_POINT ( 'NONE',  ( 6.350000000000001421, 0.000000000000000000, -1.000000000000000000 ) ) ;
#4295 = EDGE_CURVE ( 'NONE', #4577, #1146, #4497, .T. ) ;
#4296 = LINE ( 'NONE', #131, #4664 ) ;
#4297 = EDGE_CURVE ( 'NONE', #4142, #2030, #5427, .T. ) ;
#4298 = EDGE_LOOP ( 'NONE', ( #5418, #430, #5134, #5138 ) ) ;
#4299 = CARTESIAN_POINT ( 'NONE',  ( -11.54999999999999893, 0.000000000000000000, 3.049999999999999822 ) ) ;
#4300 = DIRECTION ( 'NONE',  ( -0.000000000000000000, -0.000000000000000000, -1.000000000000000000 ) ) ;
#4301 = ORIENTED_EDGE ( 'NONE', *, *, #3814, .T. ) ;
#4302 = ADVANCED_FACE ( 'NONE', ( #2066 ), #5400, .T. ) ;
#4303 = DIRECTION ( 'NONE',  ( 0.7071067811865479058, 0.7071067811865470176, 0.000000000000000000 ) ) ;
#4304 = DIRECTION ( 'NONE',  ( -0.2425356250363329691, 0.9701425001453319874, 0.000000000000000000 ) ) ;
#4305 = AXIS2_PLACEMENT_3D ( 'NONE', #483, #4151, #4646 ) ;
#4306 = FACE_OUTER_BOUND ( 'NONE', #1762, .T. ) ;
#4307 = EDGE_LOOP ( 'NONE', ( #4067, #5474, #1242, #3939 ) ) ;
#4308 = ORIENTED_EDGE ( 'NONE', *, *, #3532, .F. ) ;
#4309 = CIRCLE ( 'NONE', #5206, 3.150000000000000799 ) ;
#4310 = AXIS2_PLACEMENT_3D ( 'NONE', #909, #3292, #451 ) ;
#4311 = CARTESIAN_POINT ( 'NONE',  ( 0.2499999999999941436, -25.83301270189220489, 1.000000000000000000 ) ) ;
#4312 = VECTOR ( 'NONE', #5490, 1000.000000000000000 ) ;
#4313 = CARTESIAN_POINT ( 'NONE',  ( -10.49660849440505572, -4.853715275591603096, 1.000000000000000000 ) ) ;
#4314 = CARTESIAN_POINT ( 'NONE',  ( -1.545584412271566732, 5.200000000000000178, -3.049999999999999822 ) ) ;
#4315 = FACE_OUTER_BOUND ( 'NONE', #4548, .T. ) ;
#4316 = PLANE ( 'NONE',  #5273 ) ;
#4317 = EDGE_LOOP ( 'NONE', ( #3586, #2138, #2150, #3082 ) ) ;
#4318 = ORIENTED_EDGE ( 'NONE', *, *, #297, .F. ) ;
#4319 = DIRECTION ( 'NONE',  ( -0.000000000000000000, -0.000000000000000000, -1.000000000000000000 ) ) ;
#4320 = DIRECTION ( 'NONE',  ( 0.000000000000000000, 0.000000000000000000, 1.000000000000000000 ) ) ;
#4321 = ORIENTED_EDGE ( 'NONE', *, *, #380, .T. ) ;
#4322 = DIRECTION ( 'NONE',  ( 0.000000000000000000, 0.000000000000000000, 1.000000000000000000 ) ) ;
#4323 = ORIENTED_EDGE ( 'NONE', *, *, #2392, .F. ) ;
#4324 = ADVANCED_FACE ( 'NONE', ( #1603 ), #5460, .F. ) ;
#4325 = CARTESIAN_POINT ( 'NONE',  ( 0.4242640687119291210, 4.078679656440360013, 3.049999999999999822 ) ) ;
#4326 = EDGE_CURVE ( 'NONE', #1226, #3651, #1104, .T. ) ;
#4327 = DIRECTION ( 'NONE',  ( -0.000000000000000000, -0.000000000000000000, -1.000000000000000000 ) ) ;
#4328 = ORIENTED_EDGE ( 'NONE', *, *, #1061, .F. ) ;
#4329 = LINE ( 'NONE', #2888, #2739 ) ;
#4330 = DIRECTION ( 'NONE',  ( -0.9701425001453318764, 0.2425356250363330801, 0.000000000000000000 ) ) ;
#4331 = EDGE_CURVE ( 'NONE', #4810, #3429, #3025, .T. ) ;
#4332 = DIRECTION ( 'NONE',  ( 0.000000000000000000, 0.000000000000000000, -1.000000000000000000 ) ) ;
#4333 = VERTEX_POINT ( 'NONE', #1164 ) ;
#4334 = ORIENTED_EDGE ( 'NONE', *, *, #1162, .T. ) ;
#4335 = VECTOR ( 'NONE', #3765, 1000.000000000000000 ) ;
#4336 = DIRECTION ( 'NONE',  ( 1.000000000000000000, 0.000000000000000000, 0.000000000000000000 ) ) ;
#4337 = FACE_OUTER_BOUND ( 'NONE', #5235, .T. ) ;
#4338 = ADVANCED_FACE ( 'NONE', ( #5801 ), #3119, .F. ) ;
#4339 = DIRECTION ( 'NONE',  ( -0.9701425001453318764, 0.2425356250363330801, 0.000000000000000000 ) ) ;
#4340 = DIRECTION ( 'NONE',  ( 0.000000000000000000, 0.000000000000000000, -1.000000000000000000 ) ) ;
#4341 = LINE ( 'NONE', #5773, #4354 ) ;
#4342 = CARTESIAN_POINT ( 'NONE',  ( 0.000000000000000000, 0.000000000000000000, 1.000000000000000000 ) ) ;
#4343 = EDGE_CURVE ( 'NONE', #369, #5301, #1665, .T. ) ;
#4344 = ORIENTED_EDGE ( 'NONE', *, *, #4643, .F. ) ;
#4345 = ADVANCED_FACE ( 'NONE', ( #1229 ), #2991, .F. ) ;
#4346 = ORIENTED_EDGE ( 'NONE', *, *, #1080, .F. ) ;
#4347 = CARTESIAN_POINT ( 'NONE',  ( -12.36488350090105648, -1.503720875225263764, 3.049999999999999822 ) ) ;
#4348 = VECTOR ( 'NONE', #2443, 1000.000000000000000 ) ;
#4349 = CARTESIAN_POINT ( 'NONE',  ( 0.9942388155425143648, 4.648654403270946034, 2.286000000000000032 ) ) ;
#4350 = ORIENTED_EDGE ( 'NONE', *, *, #2283, .F. ) ;
#4351 = FACE_OUTER_BOUND ( 'NONE', #4239, .T. ) ;
#4352 = VECTOR ( 'NONE', #3122, 1000.000000000000000 ) ;
#4353 = CARTESIAN_POINT ( 'NONE',  ( -6.350000000000001421, 0.000000000000000000, -1.000000000000000000 ) ) ;
#4354 = VECTOR ( 'NONE', #1540, 999.9999999999998863 ) ;
#4355 = VERTEX_POINT ( 'NONE', #157 ) ;
#4356 = LINE ( 'NONE', #5784, #1310 ) ;
#4357 = DIRECTION ( 'NONE',  ( -0.2425356250363329691, 0.9701425001453319874, 0.000000000000000000 ) ) ;
#4358 = ORIENTED_EDGE ( 'NONE', *, *, #1195, .F. ) ;
#4359 = AXIS2_PLACEMENT_3D ( 'NONE', #1204, #5470, #4417 ) ;
#4360 = ADVANCED_FACE ( 'NONE', ( #2040 ), #3919, .T. ) ;
#4361 = FACE_OUTER_BOUND ( 'NONE', #4455, .T. ) ;
#4362 = ORIENTED_EDGE ( 'NONE', *, *, #1317, .T. ) ;
#4363 = DIRECTION ( 'NONE',  ( 0.000000000000000000, 0.000000000000000000, 1.000000000000000000 ) ) ;
#4364 = PLANE ( 'NONE',  #3733 ) ;
#4365 = VECTOR ( 'NONE', #4245, 1000.000000000000000 ) ;
#4366 = ORIENTED_EDGE ( 'NONE', *, *, #1536, .F. ) ;
#4367 = ORIENTED_EDGE ( 'NONE', *, *, #2634, .F. ) ;
#4368 = ADVANCED_FACE ( 'NONE', ( #4564 ), #399, .T. ) ;
#4369 = DIRECTION ( 'NONE',  ( 0.7071067811865470176, -0.7071067811865479058, 0.000000000000000000 ) ) ;
#4370 = DIRECTION ( 'NONE',  ( -0.000000000000000000, -0.000000000000000000, -1.000000000000000000 ) ) ;
#4371 = ADVANCED_FACE ( 'NONE', ( #5494 ), #924, .T. ) ;
#4372 = AXIS2_PLACEMENT_3D ( 'NONE', #3533, #1658, #4369 ) ;
#4373 = DIRECTION ( 'NONE',  ( -1.000000000000000000, 0.000000000000000000, 0.000000000000000000 ) ) ;
#4374 = DIRECTION ( 'NONE',  ( 0.000000000000000000, 0.000000000000000000, -1.000000000000000000 ) ) ;
#4375 = VERTEX_POINT ( 'NONE', #4659 ) ;
#4376 = AXIS2_PLACEMENT_3D ( 'NONE', #255, #4022, #3127 ) ;
#4377 = CARTESIAN_POINT ( 'NONE',  ( 9.806086401974791755, -7.615803645312685610, -2.286000000000000032 ) ) ;
#4378 = DIRECTION ( 'NONE',  ( 1.000000000000000000, 0.000000000000000000, 0.000000000000000000 ) ) ;
#4379 = VECTOR ( 'NONE', #1352, 999.9999999999998863 ) ;
#4380 = AXIS2_PLACEMENT_3D ( 'NONE', #844, #4604, #381 ) ;
#4381 = ORIENTED_EDGE ( 'NONE', *, *, #5879, .F. ) ;
#4382 = ORIENTED_EDGE ( 'NONE', *, *, #5363, .F. ) ;
#4383 = DIRECTION ( 'NONE',  ( -1.000000000000000000, 0.000000000000000000, 0.000000000000000000 ) ) ;
#4384 = DIRECTION ( 'NONE',  ( -0.8660254037844385966, -0.5000000000000000000, 0.000000000000000000 ) ) ;
#4385 = VERTEX_POINT ( 'NONE', #3606 ) ;
#4386 = FACE_OUTER_BOUND ( 'NONE', #807, .T. ) ;
#4387 = ADVANCED_FACE ( 'NONE', ( #4104 ), #5614, .T. ) ;
#4388 = AXIS2_PLACEMENT_3D ( 'NONE', #2930, #4256, #2869 ) ;
#4389 = DIRECTION ( 'NONE',  ( -1.000000000000000000, 0.000000000000000000, 0.000000000000000000 ) ) ;
#4390 = LINE ( 'NONE', #2889, #1223 ) ;
#4391 = ORIENTED_EDGE ( 'NONE', *, *, #1176, .T. ) ;
#4392 = CARTESIAN_POINT ( 'NONE',  ( -6.095510970993383459, -22.45810536923830725, -2.286000000000000920 ) ) ;
#4393 = CARTESIAN_POINT ( 'NONE',  ( -6.350000000000001421, 0.000000000000000000, -2.286000000000000032 ) ) ;
#4394 = DIRECTION ( 'NONE',  ( 1.000000000000000000, 0.000000000000000000, -0.000000000000000000 ) ) ;
#4395 = ORIENTED_EDGE ( 'NONE', *, *, #3742, .T. ) ;
#4396 = DIRECTION ( 'NONE',  ( 0.8660254037844384856, -0.5000000000000004441, 0.000000000000000000 ) ) ;
#4397 = LINE ( 'NONE', #2430, #1366 ) ;
#4398 = ORIENTED_EDGE ( 'NONE', *, *, #3371, .T. ) ;
#4399 = ORIENTED_EDGE ( 'NONE', *, *, #3507, .T. ) ;
#4400 = DIRECTION ( 'NONE',  ( -0.000000000000000000, -0.000000000000000000, -1.000000000000000000 ) ) ;
#4401 =( LENGTH_UNIT ( ) NAMED_UNIT ( * ) SI_UNIT ( .MILLI., .METRE. ) );
#4402 = CARTESIAN_POINT ( 'NONE',  ( -6.350000000000001421, 0.000000000000000000, 2.286000000000000032 ) ) ;
#4404 = EDGE_CURVE ( 'NONE', #849, #1544, #3641, .T. ) ;
#4403 = CARTESIAN_POINT ( 'NONE',  ( 9.806086401974788203, -7.615803645312682946, -1.000000000000000000 ) ) ;
#4405 = EDGE_CURVE ( 'NONE', #2132, #4928, #2319, .T. ) ;
#4406 = ORIENTED_EDGE ( 'NONE', *, *, #5659, .T. ) ;
#4407 = AXIS2_PLACEMENT_3D ( 'NONE', #5603, #1432, #3750 ) ;
#4408 = APPROVAL ( #1286, 'UNSPECIFIED' ) ;
#4409 = CARTESIAN_POINT ( 'NONE',  ( 2.545584412271570951, 6.200000000000001954, -3.049999999999999822 ) ) ;
#4410 = CARTESIAN_POINT ( 'NONE',  ( -0.5000000000000000000, -25.39999999999999858, -1.000000000000000000 ) ) ;
#4411 = CIRCLE ( 'NONE', #377, 5.200000000000001066 ) ;
#4412 = EDGE_LOOP ( 'NONE', ( #5429, #5833, #1048, #3156, #5223, #6040 ) ) ;
#4413 = LINE ( 'NONE', #1167, #5245 ) ;
#4414 = DIRECTION ( 'NONE',  ( 1.000000000000000000, 0.000000000000000000, 0.000000000000000000 ) ) ;
#4415 = EDGE_CURVE ( 'NONE', #2355, #3177, #5063, .T. ) ;
#4416 = DIRECTION ( 'NONE',  ( 1.000000000000000000, 1.652117596168387361E-15, 0.000000000000000000 ) ) ;
#4417 = DIRECTION ( 'NONE',  ( -1.000000000000000000, 0.000000000000000000, 0.000000000000000000 ) ) ;
#4418 = CARTESIAN_POINT ( 'NONE',  ( -6.095510970993383459, -22.45810536923830725, 3.049999999999999822 ) ) ;
#4419 = ORIENTED_EDGE ( 'NONE', *, *, #547, .T. ) ;
#4420 = CARTESIAN_POINT ( 'NONE',  ( -5.044741000755725402, -26.66118525018892882, -3.049999999999999822 ) ) ;
#4421 = EDGE_CURVE ( 'NONE', #3544, #752, #3670, .T. ) ;
#4422 = DIRECTION ( 'NONE',  ( -1.000000000000000000, 0.000000000000000000, 0.000000000000000000 ) ) ;
#4423 = DIRECTION ( 'NONE',  ( -0.2425356250363330801, -0.9701425001453318764, 0.000000000000000000 ) ) ;
#4424 = ORIENTED_EDGE ( 'NONE', *, *, #6089, .T. ) ;
#4425 = CARTESIAN_POINT ( 'NONE',  ( -5.044741000755727178, -26.66118525018892882, 3.049999999999999822 ) ) ;
#4426 = DIRECTION ( 'NONE',  ( 0.000000000000000000, 0.000000000000000000, -1.000000000000000000 ) ) ;
#4427 = VERTEX_POINT ( 'NONE', #3217 ) ;
#4428 = ORIENTED_EDGE ( 'NONE', *, *, #1435, .F. ) ;
#4429 = LINE ( 'NONE', #3448, #1219 ) ;
#4430 = CARTESIAN_POINT ( 'NONE',  ( -0.4242640687119297316, 4.078679656440360901, 3.049999999999999822 ) ) ;
#4431 = DIRECTION ( 'NONE',  ( 1.000000000000000000, 0.000000000000000000, -0.000000000000000000 ) ) ;
#4433 = EDGE_CURVE ( 'NONE', #5093, #5433, #309, .T. ) ;
#4432 = DIRECTION ( 'NONE',  ( 0.8660254037844400399, -0.4999999999999975020, 0.000000000000000000 ) ) ;
#4434 = CARTESIAN_POINT ( 'NONE',  ( -6.350000000000001421, 0.000000000000000000, 3.049999999999999822 ) ) ;
#4435 = ORIENTED_EDGE ( 'NONE', *, *, #1613, .T. ) ;
#4436 = DIRECTION ( 'NONE',  ( 1.000000000000000000, 0.000000000000000000, -0.000000000000000000 ) ) ;
#4437 = CYLINDRICAL_SURFACE ( 'NONE', #1086, 3.150000000000000799 ) ;
#4438 = ORIENTED_EDGE ( 'NONE', *, *, #5318, .F. ) ;
#4439 = VERTEX_POINT ( 'NONE', #6073 ) ;
#4440 = DIRECTION ( 'NONE',  ( 1.000000000000000000, 0.000000000000000000, -0.000000000000000000 ) ) ;
#4441 = ADVANCED_FACE ( 'NONE', ( #1328 ), #2192, .T. ) ;
#4442 = DIRECTION ( 'NONE',  ( -0.8660254037844400399, 0.4999999999999975020, 0.000000000000000000 ) ) ;
#4443 = VECTOR ( 'NONE', #327, 1000.000000000000000 ) ;
#4444 = ORIENTED_EDGE ( 'NONE', *, *, #1, .F. ) ;
#4445 = ORIENTED_EDGE ( 'NONE', *, *, #5624, .F. ) ;
#4446 = EDGE_CURVE ( 'NONE', #4842, #5771, #5095, .T. ) ;
#4447 = ORIENTED_EDGE ( 'NONE', *, *, #1499, .F. ) ;
#4448 = DIRECTION ( 'NONE',  ( 1.000000000000000000, 0.000000000000000000, 0.000000000000000000 ) ) ;
#4449 = CARTESIAN_POINT ( 'NONE',  ( 2.100000000000000089, 0.5000000000000000000, 2.286000000000000032 ) ) ;
#4450 = VECTOR ( 'NONE', #983, 1000.000000000000000 ) ;
#4451 = AXIS2_PLACEMENT_3D ( 'NONE', #212, #3483, #5885 ) ;
#4452 = CARTESIAN_POINT ( 'NONE',  ( -1.857106781186541600, 5.200000000000001066, -1.000000000000000000 ) ) ;
#4453 = EDGE_CURVE ( 'NONE', #2062, #5433, #2114, .T. ) ;
#4454 = VECTOR ( 'NONE', #5042, 1000.000000000000000 ) ;
#4455 = EDGE_LOOP ( 'NONE', ( #515, #175, #4475, #1151, #3910, #1342 ) ) ;
#4456 = CARTESIAN_POINT ( 'NONE',  ( 2.068653347947322807, -24.78301270189222549, 2.286000000000000032 ) ) ;
#4457 = CIRCLE ( 'NONE', #4952, 3.150000000000000799 ) ;
#4458 = FACE_OUTER_BOUND ( 'NONE', #3942, .T. ) ;
#4459 = VERTEX_POINT ( 'NONE', #2254 ) ;
#4460 = ADVANCED_FACE ( 'NONE', ( #3736 ), #862, .F. ) ;
#4461 = EDGE_CURVE ( 'NONE', #2587, #878, #4131, .T. ) ;
#4462 = LINE ( 'NONE', #240, #6056 ) ;
#4463 = CIRCLE ( 'NONE', #332, 3.149999999999999023 ) ;
#4464 = CARTESIAN_POINT ( 'NONE',  ( -2.943394698145813226, -13.82201945211619432, 2.286000000000000032 ) ) ;
#4465 = LINE ( 'NONE', #2250, #5111 ) ;
#4466 = ORIENTED_EDGE ( 'NONE', *, *, #2207, .T. ) ;
#4467 = ORGANIZATION ( 'UNSPECIFIED', 'UNSPECIFIED', '' ) ;
#4468 = VECTOR ( 'NONE', #3851, 999.9999999999998863 ) ;
#4469 = CARTESIAN_POINT ( 'NONE',  ( 0.2499999999999994171, -24.96698729810777806, 1.000000000000000000 ) ) ;
#4470 = DIRECTION ( 'NONE',  ( 0.2425356250363330801, 0.9701425001453318764, -0.000000000000000000 ) ) ;
#4471 = VERTEX_POINT ( 'NONE', #1826 ) ;
#4472 = CARTESIAN_POINT ( 'NONE',  ( 16.22855339059327306, -9.171446609406721961, 1.000000000000000000 ) ) ;
#4473 = AXIS2_PLACEMENT_3D ( 'NONE', #4246, #25, #510 ) ;
#4474 = DIRECTION ( 'NONE',  ( -0.000000000000000000, -0.000000000000000000, -1.000000000000000000 ) ) ;
#4475 = ORIENTED_EDGE ( 'NONE', *, *, #603, .T. ) ;
#4476 = VECTOR ( 'NONE', #4620, 1000.000000000000000 ) ;
#4477 = VECTOR ( 'NONE', #5195, 1000.000000000000000 ) ;
#4478 = CARTESIAN_POINT ( 'NONE',  ( 10.14345675219928111, -6.266322244414721965, -1.000000000000000000 ) ) ;
#4479 = CARTESIAN_POINT ( 'NONE',  ( 3.239935691983204524, 0.5000000000000000000, 1.000000000000000000 ) ) ;
#4480 = VERTEX_POINT ( 'NONE', #3706 ) ;
#4481 = ORIENTED_EDGE ( 'NONE', *, *, #2593, .T. ) ;
#4482 = CARTESIAN_POINT ( 'NONE',  ( -9.500000000000001776, 0.000000000000000000, 2.286000000000000032 ) ) ;
#4483 = AXIS2_PLACEMENT_3D ( 'NONE', #92, #3450, #1042 ) ;
#4484 = VECTOR ( 'NONE', #4200, 1000.000000000000000 ) ;
#4485 = EDGE_CURVE ( 'NONE', #5626, #3510, #1358, .T. ) ;
#4486 = CARTESIAN_POINT ( 'NONE',  ( 0.000000000000000000, -25.39999999999999858, 2.286000000000000032 ) ) ;
#4487 = CARTESIAN_POINT ( 'NONE',  ( -0.5000000000000000000, -3.110064308016796897, 2.286000000000000032 ) ) ;
#4488 = ORIENTED_EDGE ( 'NONE', *, *, #3923, .T. ) ;
#4489 = CARTESIAN_POINT ( 'NONE',  ( 5.044741000755725402, -26.66118525018893237, -3.049999999999999822 ) ) ;
#4490 = PLANE ( 'NONE',  #3241 ) ;
#4491 = EDGE_CURVE ( 'NONE', #3316, #720, #5755, .T. ) ;
#4492 = EDGE_LOOP ( 'NONE', ( #2955, #2968, #3343, #1923 ) ) ;
#4493 = DIRECTION ( 'NONE',  ( 0.000000000000000000, 0.000000000000000000, 1.000000000000000000 ) ) ;
#4494 = DIRECTION ( 'NONE',  ( -1.000000000000000000, 0.000000000000000000, 0.000000000000000000 ) ) ;
#4495 = CARTESIAN_POINT ( 'NONE',  ( 0.5000000000000002220, -22.28993569198320301, 2.286000000000000032 ) ) ;
#4496 = ORIENTED_EDGE ( 'NONE', *, *, #631, .F. ) ;
#4497 = LINE ( 'NONE', #4469, #5056 ) ;
#4498 = CARTESIAN_POINT ( 'NONE',  ( -6.350000000000001421, 0.000000000000000000, 1.000000000000000000 ) ) ;
#4499 = ORIENTED_EDGE ( 'NONE', *, *, #3657, .T. ) ;
#4500 = CARTESIAN_POINT ( 'NONE',  ( 2.100000000000000089, 0.5000000000000000000, -2.286000000000000032 ) ) ;
#4501 = DIRECTION ( 'NONE',  ( -0.000000000000000000, -0.000000000000000000, -1.000000000000000000 ) ) ;
#4502 = AXIS2_PLACEMENT_3D ( 'NONE', #1058, #2885, #50 ) ;
#4503 = VERTEX_POINT ( 'NONE', #1473 ) ;
#4504 = VECTOR ( 'NONE', #2003, 999.9999999999998863 ) ;
#4505 = FACE_OUTER_BOUND ( 'NONE', #4307, .T. ) ;
#4506 = DIRECTION ( 'NONE',  ( 0.4999999999999982236, -0.8660254037844397068, 0.000000000000000000 ) ) ;
#4507 = CARTESIAN_POINT ( 'NONE',  ( -0.4242640687119342835, 4.078679656440360013, 1.000000000000000000 ) ) ;
#4508 = ORIENTED_EDGE ( 'NONE', *, *, #38, .T. ) ;
#4509 = ORIENTED_EDGE ( 'NONE', *, *, #3174, .T. ) ;
#4510 = ORIENTED_EDGE ( 'NONE', *, *, #1363, .T. ) ;
#4511 = LINE ( 'NONE', #290, #3868 ) ;
#4512 = VECTOR ( 'NONE', #4859, 1000.000000000000000 ) ;
#4513 = DIRECTION ( 'NONE',  ( -0.8660254037844395958, -0.4999999999999981681, -0.000000000000000000 ) ) ;
#4514 = CARTESIAN_POINT ( 'NONE',  ( -15.52144660940672338, -9.878553390593257433, 1.000000000000000000 ) ) ;
#4515 = ORIENTED_EDGE ( 'NONE', *, *, #4433, .T. ) ;
#4516 = EDGE_CURVE ( 'NONE', #5977, #2030, #1026, .T. ) ;
#4517 = ADVANCED_FACE ( 'NONE', ( #2350 ), #2403, .T. ) ;
#4518 = LINE ( 'NONE', #3628, #4741 ) ;
#4519 = DIRECTION ( 'NONE',  ( 1.000000000000000000, 0.000000000000000000, -0.000000000000000000 ) ) ;
#4520 = ORIENTED_EDGE ( 'NONE', *, *, #5721, .F. ) ;
#4521 = LINE ( 'NONE', #5580, #5759 ) ;
#4522 = DATE_TIME_ROLE ( 'creation_date' ) ;
#4523 = ADVANCED_FACE ( 'NONE', ( #1039 ), #518, .T. ) ;
#4524 = CYLINDRICAL_SURFACE ( 'NONE', #741, 6.199999999999999289 ) ;
#4525 = LINE ( 'NONE', #4101, #1259 ) ;
#4526 = ORIENTED_EDGE ( 'NONE', *, *, #982, .F. ) ;
#4527 = LINE ( 'NONE', #164, #3785 ) ;
#4528 = DIRECTION ( 'NONE',  ( 0.000000000000000000, 0.000000000000000000, 1.000000000000000000 ) ) ;
#4529 = DIRECTION ( 'NONE',  ( 0.000000000000000000, 0.000000000000000000, 1.000000000000000000 ) ) ;
#4530 = EDGE_CURVE ( 'NONE', #4610, #5771, #3762, .T. ) ;
#4531 = ORIENTED_EDGE ( 'NONE', *, *, #1498, .F. ) ;
#4532 = CARTESIAN_POINT ( 'NONE',  ( 5.044741000755725402, -26.66118525018893237, -1.000000000000000000 ) ) ;
#4533 = CARTESIAN_POINT ( 'NONE',  ( 5.044741000755725402, -26.66118525018893237, 2.286000000000000032 ) ) ;
#4534 = ORIENTED_EDGE ( 'NONE', *, *, #5192, .T. ) ;
#4535 = VECTOR ( 'NONE', #4320, 1000.000000000000000 ) ;
#4536 = DIRECTION ( 'NONE',  ( -1.000000000000000000, 0.000000000000000000, 0.000000000000000000 ) ) ;
#4537 = FACE_OUTER_BOUND ( 'NONE', #4782, .T. ) ;
#4538 = EDGE_CURVE ( 'NONE', #5196, #464, #4718, .T. ) ;
#4539 = CIRCLE ( 'NONE', #3548, 3.149999999999999467 ) ;
#4540 = DIRECTION ( 'NONE',  ( -0.000000000000000000, -0.000000000000000000, -1.000000000000000000 ) ) ;
#4541 = EDGE_LOOP ( 'NONE', ( #477, #4783, #1075, #3735 ) ) ;
#4542 = ORIENTED_EDGE ( 'NONE', *, *, #796, .T. ) ;
#4543 = VERTEX_POINT ( 'NONE', #1415 ) ;
#4544 = ORIENTED_EDGE ( 'NONE', *, *, #2259, .F. ) ;
#4545 = CARTESIAN_POINT ( 'NONE',  ( 3.239935691983204524, -0.5000000000000000000, -1.000000000000000000 ) ) ;
#4546 = VECTOR ( 'NONE', #4396, 999.9999999999998863 ) ;
#4547 = LINE ( 'NONE', #2083, #3918 ) ;
#4548 = EDGE_LOOP ( 'NONE', ( #226, #4829, #3017, #2129 ) ) ;
#4549 = LINE ( 'NONE', #4951, #2776 ) ;
#4550 = DIRECTION ( 'NONE',  ( -0.000000000000000000, -0.000000000000000000, -1.000000000000000000 ) ) ;
#4551 = AXIS2_PLACEMENT_3D ( 'NONE', #2226, #4106, #5982 ) ;
#4552 = VERTEX_POINT ( 'NONE', #3824 ) ;
#4553 = EDGE_CURVE ( 'NONE', #786, #1571, #5676, .T. ) ;
#4554 = AXIS2_PLACEMENT_3D ( 'NONE', #684, #3954, #1079 ) ;
#4555 = CARTESIAN_POINT ( 'NONE',  ( 0.5000000000000000000, -3.110064308016796897, 1.000000000000000000 ) ) ;
#4556 = APPROVAL_ROLE ( '' ) ;
#4557 = VECTOR ( 'NONE', #2531, 1000.000000000000000 ) ;
#4558 = CARTESIAN_POINT ( 'NONE',  ( -4.232465839245186601, -28.42096556081371261, -2.286000000000000032 ) ) ;
#4559 = FACE_OUTER_BOUND ( 'NONE', #4102, .T. ) ;
#4560 = EDGE_LOOP ( 'NONE', ( #3442, #526, #784, #3620 ) ) ;
#4561 = CARTESIAN_POINT ( 'NONE',  ( -0.5000000000000000000, -9.589935691983200172, -2.286000000000000032 ) ) ;
#4562 = EDGE_CURVE ( 'NONE', #2786, #3481, #4, .T. ) ;
#4563 = EDGE_CURVE ( 'NONE', #2553, #4141, #115, .T. ) ;
#4564 = FACE_OUTER_BOUND ( 'NONE', #1637, .T. ) ;
#4565 = PLANE ( 'NONE',  #940 ) ;
#4566 = CARTESIAN_POINT ( 'NONE',  ( 4.232465839245183936, -28.42096556081371617, -1.000000000000000000 ) ) ;
#4567 = CARTESIAN_POINT ( 'NONE',  ( -4.504405828468349249, 2.552700952718197414, 2.286000000000000032 ) ) ;
#4568 = ORIENTED_EDGE ( 'NONE', *, *, #4865, .F. ) ;
#4569 = VECTOR ( 'NONE', #1957, 1000.000000000000000 ) ;
#4570 = CARTESIAN_POINT ( 'NONE',  ( -8.902700952718200611, -1.845594171531650618, 2.286000000000000032 ) ) ;
#4571 = CARTESIAN_POINT ( 'NONE',  ( 6.350000000000001421, 0.000000000000000000, 2.286000000000000032 ) ) ;
#4572 = CARTESIAN_POINT ( 'NONE',  ( -1.857106781186543376, 5.200000000000000178, 3.049999999999999822 ) ) ;
#4573 = AXIS2_PLACEMENT_3D ( 'NONE', #5305, #116, #5275 ) ;
#4574 = VERTEX_POINT ( 'NONE', #493 ) ;
#4575 = ORIENTED_EDGE ( 'NONE', *, *, #1326, .T. ) ;
#4576 = EDGE_LOOP ( 'NONE', ( #1113, #329, #4623, #4515 ) ) ;
#4577 = VERTEX_POINT ( 'NONE', #1501 ) ;
#4578 = VECTOR ( 'NONE', #5913, 1000.000000000000000 ) ;
#4579 = CARTESIAN_POINT ( 'NONE',  ( -11.39474100075572593, -1.261185250188932683, -2.286000000000000032 ) ) ;
#4580 = EDGE_CURVE ( 'NONE', #905, #4888, #4962, .T. ) ;
#4581 = VECTOR ( 'NONE', #4112, 1000.000000000000000 ) ;
#4582 = DIRECTION ( 'NONE',  ( 0.000000000000000000, 0.000000000000000000, 1.000000000000000000 ) ) ;
#4583 = ORIENTED_EDGE ( 'NONE', *, *, #4816, .F. ) ;
#4584 = AXIS2_PLACEMENT_3D ( 'NONE', #4621, #5151, #6096 ) ;
#4585 = AXIS2_PLACEMENT_3D ( 'NONE', #5064, #837, #2718 ) ;
#4586 = CARTESIAN_POINT ( 'NONE',  ( 0.000000000000000000, -12.69999999999999929, 2.286000000000000032 ) ) ;
#4587 = FACE_BOUND ( 'NONE', #1200, .T. ) ;
#4588 = ORIENTED_EDGE ( 'NONE', *, *, #38, .F. ) ;
#4589 = FACE_OUTER_BOUND ( 'NONE', #3835, .T. ) ;
#4590 = COORDINATED_UNIVERSAL_TIME_OFFSET ( 6, 0, .BEHIND. ) ;
#4591 = CYLINDRICAL_SURFACE ( 'NONE', #1626, 3.149999999999999911 ) ;
#4592 = LINE ( 'NONE', #243, #4616 ) ;
#4593 = ORIENTED_EDGE ( 'NONE', *, *, #2089, .T. ) ;
#4594 = ORIENTED_EDGE ( 'NONE', *, *, #1892, .F. ) ;
#4595 = CARTESIAN_POINT ( 'NONE',  ( -11.39474100075572593, -1.261185250188932683, -2.286000000000000032 ) ) ;
#4596 = LINE ( 'NONE', #3218, #540 ) ;
#4597 = EDGE_CURVE ( 'NONE', #3504, #905, #4252, .T. ) ;
#4598 = EDGE_CURVE ( 'NONE', #3745, #3510, #32, .T. ) ;
#4599 = DIRECTION ( 'NONE',  ( -0.7071067811865477948, -0.7071067811865473507, 0.000000000000000000 ) ) ;
#4600 = DIRECTION ( 'NONE',  ( 0.8660254037844362651, -0.5000000000000041078, 0.000000000000000000 ) ) ;
#4601 = CC_DESIGN_PERSON_AND_ORGANIZATION_ASSIGNMENT ( #5023, #2247, ( #1421 ) ) ;
#4602 = ORIENTED_EDGE ( 'NONE', *, *, #6028, .F. ) ;
#4603 = LINE ( 'NONE', #378, #4063 ) ;
#4604 = DIRECTION ( 'NONE',  ( -0.000000000000000000, -0.000000000000000000, -1.000000000000000000 ) ) ;
#4605 = CARTESIAN_POINT ( 'NONE',  ( -8.930939751330900123, -1.873832970144350352, -2.286000000000000032 ) ) ;
#4606 = ORIENTED_EDGE ( 'NONE', *, *, #1067, .F. ) ;
#4607 = ADVANCED_FACE ( 'NONE', ( #3795 ), #2000, .F. ) ;
#4608 = VECTOR ( 'NONE', #5414, 1000.000000000000000 ) ;
#4609 = ORIENTED_EDGE ( 'NONE', *, *, #3024, .T. ) ;
#4610 = VERTEX_POINT ( 'NONE', #5214 ) ;
#4611 = ORIENTED_EDGE ( 'NONE', *, *, #5012, .T. ) ;
#4612 = CARTESIAN_POINT ( 'NONE',  ( -6.350000000000001421, 0.000000000000000000, 1.000000000000000000 ) ) ;
#4613 = FACE_OUTER_BOUND ( 'NONE', #5077, .T. ) ;
#4614 = EDGE_LOOP ( 'NONE', ( #2442, #509, #1891, #5020 ) ) ;
#4615 = EDGE_CURVE ( 'NONE', #2027, #2484, #2014, .T. ) ;
#4616 = VECTOR ( 'NONE', #4128, 1000.000000000000000 ) ;
#4617 = CARTESIAN_POINT ( 'NONE',  ( 0.000000000000000000, -12.69999999999999929, -2.286000000000000032 ) ) ;
#4618 = CARTESIAN_POINT ( 'NONE',  ( 0.5000000000000000000, -15.81006430801679841, -2.286000000000000032 ) ) ;
#4619 = ORIENTED_EDGE ( 'NONE', *, *, #5592, .T. ) ;
#4620 = DIRECTION ( 'NONE',  ( -0.8660254037844400399, 0.4999999999999975020, 0.000000000000000000 ) ) ;
#4621 = CARTESIAN_POINT ( 'NONE',  ( 0.000000000000000000, -25.39999999999999858, 2.286000000000000032 ) ) ;
#4622 = CARTESIAN_POINT ( 'NONE',  ( -5.749261314031220316, -15.44198729810783632, 1.000000000000000000 ) ) ;
#4623 = ORIENTED_EDGE ( 'NONE', *, *, #2547, .F. ) ;
#4624 = ORIENTED_EDGE ( 'NONE', *, *, #4110, .T. ) ;
#4625 = DIRECTION ( 'NONE',  ( -0.000000000000000000, -0.000000000000000000, -1.000000000000000000 ) ) ;
#4626 = CYLINDRICAL_SURFACE ( 'NONE', #4276, 3.149999999999999467 ) ;
#4627 = CARTESIAN_POINT ( 'NONE',  ( 0.000000000000000000, -12.69999999999999929, -2.286000000000000032 ) ) ;
#4628 = DIRECTION ( 'NONE',  ( -0.7071067811865474617, 0.7071067811865476838, 0.000000000000000000 ) ) ;
#4629 = ORIENTED_EDGE ( 'NONE', *, *, #4597, .T. ) ;
#4630 = EDGE_CURVE ( 'NONE', #5093, #2100, #835, .T. ) ;
#4631 = LINE ( 'NONE', #4136, #218 ) ;
#4632 = LINE ( 'NONE', #5922, #5850 ) ;
#4633 = DIRECTION ( 'NONE',  ( -0.000000000000000000, -0.000000000000000000, -1.000000000000000000 ) ) ;
#4634 = ORIENTED_EDGE ( 'NONE', *, *, #2603, .T. ) ;
#4635 = EDGE_LOOP ( 'NONE', ( #3536, #2626, #3746, #4217 ) ) ;
#4636 = ORIENTED_EDGE ( 'NONE', *, *, #2411, .F. ) ;
#4637 = ORIENTED_EDGE ( 'NONE', *, *, #2110, .F. ) ;
#4638 = VECTOR ( 'NONE', #3653, 999.9999999999998863 ) ;
#4639 = DIRECTION ( 'NONE',  ( 1.000000000000000000, 5.329070518200751394E-15, 0.000000000000000000 ) ) ;
#4640 = EDGE_CURVE ( 'NONE', #4209, #3994, #552, .T. ) ;
#4641 = VECTOR ( 'NONE', #779, 1000.000000000000000 ) ;
#4642 = DIRECTION ( 'NONE',  ( -0.000000000000000000, -0.000000000000000000, -1.000000000000000000 ) ) ;
#4643 = EDGE_CURVE ( 'NONE', #5505, #5035, #4278, .T. ) ;
#4644 = VERTEX_POINT ( 'NONE', #5764 ) ;
#4645 = FACE_OUTER_BOUND ( 'NONE', #3321, .T. ) ;
#4646 = DIRECTION ( 'NONE',  ( -0.7071067811865476838, -0.7071067811865474617, 0.000000000000000000 ) ) ;
#4647 = ORIENTED_EDGE ( 'NONE', *, *, #1526, .T. ) ;
#4648 = EDGE_CURVE ( 'NONE', #5136, #2325, #1534, .T. ) ;
#4649 = CARTESIAN_POINT ( 'NONE',  ( -6.350000000000001421, 0.000000000000000000, 1.000000000000000000 ) ) ;
#4650 = VECTOR ( 'NONE', #3836, 1000.000000000000000 ) ;
#4651 = LINE ( 'NONE', #426, #3206 ) ;
#4652 = DIRECTION ( 'NONE',  ( 0.8660254037844361541, 0.5000000000000043299, -0.000000000000000000 ) ) ;
#4653 = EDGE_CURVE ( 'NONE', #5301, #2978, #3975, .T. ) ;
#4654 = VERTEX_POINT ( 'NONE', #150 ) ;
#4655 = ORIENTED_EDGE ( 'NONE', *, *, #3246, .F. ) ;
#4656 = EDGE_CURVE ( 'NONE', #6052, #3394, #4429, .T. ) ;
#4657 = AXIS2_PLACEMENT_3D ( 'NONE', #2322, #63, #5159 ) ;
#4658 = AXIS2_PLACEMENT_3D ( 'NONE', #5681, #5738, #960 ) ;
#4659 = CARTESIAN_POINT ( 'NONE',  ( 3.110064308016796453, -0.5000000000000004441, -1.000000000000000000 ) ) ;
#4660 = PLANE ( 'NONE',  #530 ) ;
#4661 = CARTESIAN_POINT ( 'NONE',  ( 6.350000000000001421, 0.000000000000000000, 3.049999999999999822 ) ) ;
#4662 = CARTESIAN_POINT ( 'NONE',  ( -2.068653347947319698, -12.08301270189220844, 2.286000000000000032 ) ) ;
#4663 = ORIENTED_EDGE ( 'NONE', *, *, #4192, .F. ) ;
#4664 = VECTOR ( 'NONE', #73, 1000.000000000000000 ) ;
#4665 = LINE ( 'NONE', #3711, #4947 ) ;
#4666 = CARTESIAN_POINT ( 'NONE',  ( 0.000000000000000000, -25.39999999999999858, 1.000000000000000000 ) ) ;
#4667 = DIRECTION ( 'NONE',  ( 0.000000000000000000, 0.000000000000000000, 1.000000000000000000 ) ) ;
#4668 = ORIENTED_EDGE ( 'NONE', *, *, #2495, .T. ) ;
#4669 = ORIENTED_EDGE ( 'NONE', *, *, #47, .F. ) ;
#4670 = ORIENTED_EDGE ( 'NONE', *, *, #3705, .T. ) ;
#4671 = ORIENTED_EDGE ( 'NONE', *, *, #3914, .T. ) ;
#4672 = AXIS2_PLACEMENT_3D ( 'NONE', #2974, #5843, #3497 ) ;
#4673 = DIRECTION ( 'NONE',  ( 0.000000000000000000, 0.000000000000000000, 1.000000000000000000 ) ) ;
#4674 = APPROVAL_PERSON_ORGANIZATION ( #2676, #4408, #4556 ) ;
#4675 = DIRECTION ( 'NONE',  ( 1.000000000000000000, 0.000000000000000000, 0.000000000000000000 ) ) ;
#4676 = VECTOR ( 'NONE', #1157, 1000.000000000000000 ) ;
#4677 = ORIENTED_EDGE ( 'NONE', *, *, #2304, .F. ) ;
#4678 = EDGE_CURVE ( 'NONE', #407, #3821, #2985, .T. ) ;
#4679 = LINE ( 'NONE', #2736, #704 ) ;
#4680 = ADVANCED_FACE ( 'NONE', ( #4863 ), #2524, .T. ) ;
#4681 = PLANE ( 'NONE',  #6082 ) ;
#4682 = ORIENTED_EDGE ( 'NONE', *, *, #790, .T. ) ;
#4683 = AXIS2_PLACEMENT_3D ( 'NONE', #3114, #5670, #3932 ) ;
#4684 = CIRCLE ( 'NONE', #2023, 6.200000000000001066 ) ;
#4685 = DIRECTION ( 'NONE',  ( 0.000000000000000000, 0.000000000000000000, 1.000000000000000000 ) ) ;
#4686 = DIRECTION ( 'NONE',  ( 0.000000000000000000, -0.000000000000000000, -1.000000000000000000 ) ) ;
#4687 = ADVANCED_FACE ( 'NONE', ( #2032 ), #5906, .T. ) ;
#4688 = DIRECTION ( 'NONE',  ( 1.000000000000000000, 0.000000000000000000, 0.000000000000000000 ) ) ;
#4689 = ORIENTED_EDGE ( 'NONE', *, *, #3752, .T. ) ;
#4690 = ORIENTED_EDGE ( 'NONE', *, *, #3537, .T. ) ;
#4691 = AXIS2_PLACEMENT_3D ( 'NONE', #1795, #4107, #3644 ) ;
#4692 = CARTESIAN_POINT ( 'NONE',  ( -9.724771577087027552, -6.508050242971497035, -2.286000000000000032 ) ) ;
#4693 = LINE ( 'NONE', #4284, #1834 ) ;
#4694 = PLANE ( 'NONE',  #3964 ) ;
#4695 = DIRECTION ( 'NONE',  ( 1.000000000000000000, 0.000000000000000000, 0.000000000000000000 ) ) ;
#4696 = ORIENTED_EDGE ( 'NONE', *, *, #1061, .T. ) ;
#4697 = CARTESIAN_POINT ( 'NONE',  ( -4.250000000000000000, 2.571758278209442450E-16, -2.286000000000000032 ) ) ;
#4698 = LINE ( 'NONE', #3284, #3311 ) ;
#4699 = ORIENTED_EDGE ( 'NONE', *, *, #1750, .T. ) ;
#4700 = ORIENTED_EDGE ( 'NONE', *, *, #5183, .T. ) ;
#4701 = ORIENTED_EDGE ( 'NONE', *, *, #4723, .T. ) ;
#4702 = ORIENTED_EDGE ( 'NONE', *, *, #1437, .F. ) ;
#4703 = CARTESIAN_POINT ( 'NONE',  ( -5.044741000755725402, -26.66118525018892882, -1.000000000000000000 ) ) ;
#4704 = LINE ( 'NONE', #5082, #5498 ) ;
#4705 = VECTOR ( 'NONE', #3689, 1000.000000000000000 ) ;
#4706 = ORIENTED_EDGE ( 'NONE', *, *, #3188, .F. ) ;
#4707 = PLANE ( 'NONE',  #4114 ) ;
#4708 = VERTEX_POINT ( 'NONE', #5419 ) ;
#4709 = ADVANCED_FACE ( 'NONE', ( #5333 ), #3019, .F. ) ;
#4710 = VECTOR ( 'NONE', #5122, 1000.000000000000000 ) ;
#4711 = CARTESIAN_POINT ( 'NONE',  ( 0.000000000000000000, -25.39999999999999858, -1.000000000000000000 ) ) ;
#4712 = CARTESIAN_POINT ( 'NONE',  ( -4.253332099679086653, -28.43301270189220986, -2.286000000000000032 ) ) ;
#4713 = CARTESIAN_POINT ( 'NONE',  ( -0.4242640687119296761, 4.078679656440360901, -3.049999999999999822 ) ) ;
#4714 = AXIS2_PLACEMENT_3D ( 'NONE', #4124, #235, #1282 ) ;
#4715 = ORIENTED_EDGE ( 'NONE', *, *, #5563, .T. ) ;
#4716 = EDGE_LOOP ( 'NONE', ( #3432, #2768, #5291, #5205 ) ) ;
#4717 = EDGE_CURVE ( 'NONE', #4799, #4842, #1564, .T. ) ;
#4718 = LINE ( 'NONE', #4311, #4468 ) ;
#4719 = LINE ( 'NONE', #494, #1717 ) ;
#4720 = DIRECTION ( 'NONE',  ( 0.000000000000000000, 0.000000000000000000, 1.000000000000000000 ) ) ;
#4721 = LINE ( 'NONE', #496, #454 ) ;
#4722 = ORIENTED_EDGE ( 'NONE', *, *, #1657, .F. ) ;
#4723 = EDGE_CURVE ( 'NONE', #2761, #2512, #2506, .T. ) ;
#4724 = DIRECTION ( 'NONE',  ( 1.000000000000000000, 1.365923996832131116E-16, 0.000000000000000000 ) ) ;
#4725 = DIRECTION ( 'NONE',  ( -0.000000000000000000, -0.000000000000000000, -1.000000000000000000 ) ) ;
#4726 = VERTEX_POINT ( 'NONE', #1186 ) ;
#4727 = EDGE_LOOP ( 'NONE', ( #5164, #989, #4103, #5569 ) ) ;
#4728 = ORIENTED_EDGE ( 'NONE', *, *, #5998, .F. ) ;
#4729 = CARTESIAN_POINT ( 'NONE',  ( 2.443394698145822552, -27.38804485590060978, -2.286000000000000032 ) ) ;
#4730 = ADVANCED_FACE ( 'NONE', ( #5795 ), #699, .T. ) ;
#4731 = DIRECTION ( 'NONE',  ( 1.000000000000000000, 0.000000000000000000, 0.000000000000000000 ) ) ;
#4732 = ORIENTED_EDGE ( 'NONE', *, *, #833, .T. ) ;
#4733 = CARTESIAN_POINT ( 'NONE',  ( 2.943394698145812782, -11.57798054788380604, 2.286000000000000032 ) ) ;
#4734 = ORIENTED_EDGE ( 'NONE', *, *, #1622, .F. ) ;
#4735 = CIRCLE ( 'NONE', #592, 3.149999999999999023 ) ;
#4736 = CYLINDRICAL_SURFACE ( 'NONE', #141, 2.100000000000000977 ) ;
#4737 = CARTESIAN_POINT ( 'NONE',  ( 6.350000000000001421, 5.200000000000001066, 3.049999999999999822 ) ) ;
#4738 = LINE ( 'NONE', #2835, #4122 ) ;
#4739 = ORIENTED_EDGE ( 'NONE', *, *, #3057, .F. ) ;
#4740 = ORIENTED_EDGE ( 'NONE', *, *, #2908, .T. ) ;
#4741 = VECTOR ( 'NONE', #5933, 1000.000000000000000 ) ;
#4742 = CARTESIAN_POINT ( 'NONE',  ( -9.724771577087027552, -6.508050242971497035, -2.286000000000000032 ) ) ;
#4743 = CARTESIAN_POINT ( 'NONE',  ( -5.044741000755725402, -26.66118525018892882, 1.000000000000000000 ) ) ;
#4744 = LINE ( 'NONE', #5589, #1001 ) ;
#4745 = CARTESIAN_POINT ( 'NONE',  ( 10.77945120687967950, -3.722344425693128844, 3.049999999999999822 ) ) ;
#4746 = EDGE_CURVE ( 'NONE', #3367, #1563, #182, .T. ) ;
#4747 = ORIENTED_EDGE ( 'NONE', *, *, #2612, .F. ) ;
#4748 = EDGE_CURVE ( 'NONE', #4954, #3265, #4894, .T. ) ;
#4749 = VECTOR ( 'NONE', #5281, 1000.000000000000227 ) ;
#4750 = VECTOR ( 'NONE', #5323, 1000.000000000000000 ) ;
#4751 = DIRECTION ( 'NONE',  ( 1.000000000000000000, 0.000000000000000000, 0.000000000000000000 ) ) ;
#4752 = CARTESIAN_POINT ( 'NONE',  ( 0.000000000000000000, -25.39999999999999858, 1.000000000000000000 ) ) ;
#4753 = ORIENTED_EDGE ( 'NONE', *, *, #2465, .F. ) ;
#4754 = ORIENTED_EDGE ( 'NONE', *, *, #5297, .F. ) ;
#4755 = VERTEX_POINT ( 'NONE', #5364 ) ;
#4756 = AXIS2_PLACEMENT_3D ( 'NONE', #4787, #1081, #506 ) ;
#4757 = CARTESIAN_POINT ( 'NONE',  ( 6.350000000000001421, 5.200000000000001066, 3.049999999999999822 ) ) ;
#4758 = DIRECTION ( 'NONE',  ( -0.000000000000000000, -0.000000000000000000, -1.000000000000000000 ) ) ;
#4759 = ORIENTED_EDGE ( 'NONE', *, *, #2422, .T. ) ;
#4760 = CARTESIAN_POINT ( 'NONE',  ( -3.110064308016796897, -0.5000000000000000000, 2.286000000000000032 ) ) ;
#4761 = CARTESIAN_POINT ( 'NONE',  ( -8.195594171531654482, -2.552700952718199190, -2.286000000000000032 ) ) ;
#4762 = EDGE_LOOP ( 'NONE', ( #952, #4986, #124, #5568 ) ) ;
#4763 = CARTESIAN_POINT ( 'NONE',  ( -7.332364143057839456, -17.51069268098048326, 3.049999999999999822 ) ) ;
#4764 = DIRECTION ( 'NONE',  ( -0.000000000000000000, -0.000000000000000000, -1.000000000000000000 ) ) ;
#4765 = AXIS2_PLACEMENT_3D ( 'NONE', #3959, #3992, #1643 ) ;
#4766 = LINE ( 'NONE', #511, #5434 ) ;
#4767 = DIRECTION ( 'NONE',  ( 0.000000000000000000, -1.000000000000000000, 0.000000000000000000 ) ) ;
#4768 = EDGE_LOOP ( 'NONE', ( #2293, #6007 ) ) ;
#4769 = ORIENTED_EDGE ( 'NONE', *, *, #4746, .F. ) ;
#4770 = AXIS2_PLACEMENT_3D ( 'NONE', #4926, #4009, #5421 ) ;
#4771 = VECTOR ( 'NONE', #5311, 1000.000000000000000 ) ;
#4772 = CARTESIAN_POINT ( 'NONE',  ( 5.044741000755725402, -26.66118525018893237, -2.286000000000000032 ) ) ;
#4773 = CARTESIAN_POINT ( 'NONE',  ( 6.350000000000001421, 5.200000000000001066, 3.049999999999999822 ) ) ;
#4774 = AXIS2_PLACEMENT_3D ( 'NONE', #374, #3674, #1333 ) ;
#4775 = DIRECTION ( 'NONE',  ( -0.000000000000000000, -1.000000000000000000, -0.000000000000000000 ) ) ;
#4776 = VECTOR ( 'NONE', #466, 1000.000000000000000 ) ;
#4777 = LINE ( 'NONE', #64, #1336 ) ;
#4779 = EDGE_CURVE ( 'NONE', #1583, #2282, #5851, .T. ) ;
#4778 = DIRECTION ( 'NONE',  ( 0.000000000000000000, 0.000000000000000000, 1.000000000000000000 ) ) ;
#4780 = EDGE_CURVE ( 'NONE', #3897, #497, #338, .T. ) ;
#4781 = DIRECTION ( 'NONE',  ( 1.000000000000000000, 0.000000000000000000, 0.000000000000000000 ) ) ;
#4782 = EDGE_LOOP ( 'NONE', ( #2306, #1064, #571, #3675, #2689 ) ) ;
#4783 = ORIENTED_EDGE ( 'NONE', *, *, #5769, .F. ) ;
#4784 = DIRECTION ( 'NONE',  ( -1.000000000000000000, 0.000000000000000000, 0.000000000000000000 ) ) ;
#4785 = LINE ( 'NONE', #5714, #797 ) ;
#4786 = VERTEX_POINT ( 'NONE', #671 ) ;
#4787 = CARTESIAN_POINT ( 'NONE',  ( 6.350000000000001421, 0.000000000000000000, 2.286000000000000032 ) ) ;
#4788 = EDGE_CURVE ( 'NONE', #5675, #3993, #2555, .T. ) ;
#4789 = ORIENTED_EDGE ( 'NONE', *, *, #1177, .F. ) ;
#4790 = DIRECTION ( 'NONE',  ( -0.000000000000000000, -0.000000000000000000, -1.000000000000000000 ) ) ;
#4791 = CARTESIAN_POINT ( 'NONE',  ( 0.5000000000000000000, -14.80000000000000071, 2.286000000000000032 ) ) ;
#4792 = ORIENTED_EDGE ( 'NONE', *, *, #3611, .T. ) ;
#4793 = CARTESIAN_POINT ( 'NONE',  ( 0.000000000000000000, -25.39999999999999858, -1.000000000000000000 ) ) ;
#4794 = EDGE_CURVE ( 'NONE', #4014, #777, #3505, .T. ) ;
#4795 = LINE ( 'NONE', #575, #4546 ) ;
#4796 = AXIS2_PLACEMENT_3D ( 'NONE', #3811, #3410, #4271 ) ;
#4797 = CARTESIAN_POINT ( 'NONE',  ( -10.14345675219927578, -6.266322244414732623, -1.000000000000000000 ) ) ;
#4798 = ORIENTED_EDGE ( 'NONE', *, *, #3770, .T. ) ;
#4799 = VERTEX_POINT ( 'NONE', #4923 ) ;
#4800 = EDGE_CURVE ( 'NONE', #3316, #5685, #4462, .T. ) ;
#4801 = ADVANCED_FACE ( 'NONE', ( #4007 ), #4098, .F. ) ;
#4802 = CARTESIAN_POINT ( 'NONE',  ( 0.000000000000000000, -12.69999999999999929, -1.000000000000000000 ) ) ;
#4803 = DIRECTION ( 'NONE',  ( 0.000000000000000000, 0.000000000000000000, 1.000000000000000000 ) ) ;
#4804 = CIRCLE ( 'NONE', #2941, 3.150000000000000799 ) ;
#4805 = DIRECTION ( 'NONE',  ( -0.000000000000000000, -0.000000000000000000, -1.000000000000000000 ) ) ;
#4806 = CARTESIAN_POINT ( 'NONE',  ( 3.013297696649203550E-14, 4.078679656440361789, -1.000000000000000000 ) ) ;
#4807 = ORIENTED_EDGE ( 'NONE', *, *, #5117, .F. ) ;
#4808 = CARTESIAN_POINT ( 'NONE',  ( -2.943394698145814115, -13.82201945211619254, -2.286000000000000032 ) ) ;
#4809 = CARTESIAN_POINT ( 'NONE',  ( 10.49660849440505928, -4.853715275591603096, 3.049999999999999822 ) ) ;
#4810 = VERTEX_POINT ( 'NONE', #6035 ) ;
#4811 = ORIENTED_EDGE ( 'NONE', *, *, #5659, .F. ) ;
#4812 = FACE_OUTER_BOUND ( 'NONE', #4298, .T. ) ;
#4813 = CARTESIAN_POINT ( 'NONE',  ( -4.753332099679086653, -27.56698729810777238, 2.286000000000000032 ) ) ;
#4814 = VERTEX_POINT ( 'NONE', #1849 ) ;
#4815 = CARTESIAN_POINT ( 'NONE',  ( -6.432881321217872816, -21.10862396834034627, 2.286000000000000032 ) ) ;
#4816 = EDGE_CURVE ( 'NONE', #2265, #4014, #3146, .T. ) ;
#4817 = DIRECTION ( 'NONE',  ( 1.000000000000000000, 0.000000000000000000, -0.000000000000000000 ) ) ;
#4818 = ORIENTED_EDGE ( 'NONE', *, *, #1022, .F. ) ;
#4819 = DIRECTION ( 'NONE',  ( 6.829619984160655581E-17, -1.000000000000000000, 0.000000000000000000 ) ) ;
#4820 = DIRECTION ( 'NONE',  ( -0.2425356250363329691, 0.9701425001453319874, 0.000000000000000000 ) ) ;
#4821 = EDGE_CURVE ( 'NONE', #3280, #3894, #4061, .T. ) ;
#4822 = CARTESIAN_POINT ( 'NONE',  ( -10.14345675219927401, -6.266322244414729070, 1.000000000000000000 ) ) ;
#4823 = ADVANCED_FACE ( 'NONE', ( #2246 ), #2183, .T. ) ;
#4824 = CARTESIAN_POINT ( 'NONE',  ( 0.000000000000000000, -12.69999999999999929, 2.286000000000000032 ) ) ;
#4825 = CARTESIAN_POINT ( 'NONE',  ( -5.044741000755727178, -26.66118525018892882, 3.049999999999999822 ) ) ;
#4826 = CIRCLE ( 'NONE', #1179, 2.100000000000000977 ) ;
#4827 = LINE ( 'NONE', #3941, #2446 ) ;
#4828 = EDGE_CURVE ( 'NONE', #4543, #2164, #5973, .T. ) ;
#4829 = ORIENTED_EDGE ( 'NONE', *, *, #5986, .T. ) ;
#4830 = EDGE_LOOP ( 'NONE', ( #1814, #2806, #4350, #4583, #3023, #5845 ) ) ;
#4831 = AXIS2_PLACEMENT_3D ( 'NONE', #4168, #957, #3185 ) ;
#4832 = DIRECTION ( 'NONE',  ( -0.000000000000000000, -0.000000000000000000, -1.000000000000000000 ) ) ;
#4833 = LINE ( 'NONE', #1597, #5068 ) ;
#4834 = EDGE_CURVE ( 'NONE', #4333, #280, #5022, .T. ) ;
#4835 = CARTESIAN_POINT ( 'NONE',  ( 0.000000000000000000, -25.39999999999999858, 1.000000000000000000 ) ) ;
#4836 = DIRECTION ( 'NONE',  ( 0.000000000000000000, 0.000000000000000000, 1.000000000000000000 ) ) ;
#4837 = ORIENTED_EDGE ( 'NONE', *, *, #3637, .F. ) ;
#4838 = VECTOR ( 'NONE', #5298, 1000.000000000000227 ) ;
#4839 = DIRECTION ( 'NONE',  ( -0.8660254037844395958, -0.4999999999999981681, 0.000000000000000000 ) ) ;
#4840 = CARTESIAN_POINT ( 'NONE',  ( 0.000000000000000000, -25.39999999999999858, 2.286000000000000032 ) ) ;
#4841 = ORIENTED_EDGE ( 'NONE', *, *, #2445, .F. ) ;
#4842 = VERTEX_POINT ( 'NONE', #794 ) ;
#4843 = CARTESIAN_POINT ( 'NONE',  ( 0.000000000000000000, -12.69999999999999929, 2.286000000000000032 ) ) ;
#4844 = AXIS2_PLACEMENT_3D ( 'NONE', #2011, #3430, #4383 ) ;
#4845 = DIRECTION ( 'NONE',  ( -0.000000000000000000, 1.000000000000000000, 0.000000000000000000 ) ) ;
#4846 = VERTEX_POINT ( 'NONE', #1756 ) ;
#4847 = PLANE ( 'NONE',  #2404 ) ;
#4848 = CARTESIAN_POINT ( 'NONE',  ( 0.000000000000000000, -25.39999999999999858, -3.049999999999999822 ) ) ;
#4849 = AXIS2_PLACEMENT_3D ( 'NONE', #2130, #678, #2621 ) ;
#4850 = ORIENTED_EDGE ( 'NONE', *, *, #2283, .T. ) ;
#4851 = DIRECTION ( 'NONE',  ( 0.000000000000000000, 0.000000000000000000, 1.000000000000000000 ) ) ;
#4852 = CARTESIAN_POINT ( 'NONE',  ( -0.4999999999999998890, -15.81006430801679841, 2.286000000000000032 ) ) ;
#4853 = CARTESIAN_POINT ( 'NONE',  ( 0.000000000000000000, -25.39999999999999858, -1.000000000000000000 ) ) ;
#4854 = ORIENTED_EDGE ( 'NONE', *, *, #4780, .T. ) ;
#4855 = EDGE_CURVE ( 'NONE', #1805, #4574, #1319, .T. ) ;
#4856 = EDGE_CURVE ( 'NONE', #5330, #1398, #4188, .T. ) ;
#4857 = DIRECTION ( 'NONE',  ( -0.000000000000000000, 0.000000000000000000, 1.000000000000000000 ) ) ;
#4858 = EDGE_CURVE ( 'NONE', #5694, #3200, #449, .T. ) ;
#4859 = DIRECTION ( 'NONE',  ( -0.000000000000000000, -0.000000000000000000, -1.000000000000000000 ) ) ;
#4860 = VECTOR ( 'NONE', #2917, 1000.000000000000000 ) ;
#4861 = ORIENTED_EDGE ( 'NONE', *, *, #5276, .T. ) ;
#4862 = ORIENTED_EDGE ( 'NONE', *, *, #298, .F. ) ;
#4863 = FACE_OUTER_BOUND ( 'NONE', #2395, .T. ) ;
#4864 = DIRECTION ( 'NONE',  ( 0.000000000000000000, 0.000000000000000000, 1.000000000000000000 ) ) ;
#4865 = EDGE_CURVE ( 'NONE', #1397, #4459, #4521, .T. ) ;
#4866 = VECTOR ( 'NONE', #465, 1000.000000000000000 ) ;
#4867 = PLANE ( 'NONE',  #2251 ) ;
#4868 = CARTESIAN_POINT ( 'NONE',  ( 5.044741000755725402, -26.66118525018893237, 1.000000000000000000 ) ) ;
#4869 = ORIENTED_EDGE ( 'NONE', *, *, #3323, .F. ) ;
#4870 = AXIS2_PLACEMENT_3D ( 'NONE', #1238, #6050, #3126 ) ;
#4871 = AXIS2_PLACEMENT_3D ( 'NONE', #4711, #5811, #2830 ) ;
#4872 = DIRECTION ( 'NONE',  ( 0.000000000000000000, 0.000000000000000000, 1.000000000000000000 ) ) ;
#4873 = DIRECTION ( 'NONE',  ( 1.000000000000000000, 0.000000000000000000, 0.000000000000000000 ) ) ;
#4874 = CIRCLE ( 'NONE', #5085, 5.200000000000000178 ) ;
#4875 = ORIENTED_EDGE ( 'NONE', *, *, #5509, .F. ) ;
#4876 = EDGE_LOOP ( 'NONE', ( #501, #2851, #2013, #556 ) ) ;
#4877 = CARTESIAN_POINT ( 'NONE',  ( 0.000000000000000000, -25.39999999999999858, -1.000000000000000000 ) ) ;
#4878 = LINE ( 'NONE', #5686, #1391 ) ;
#4879 = ORIENTED_EDGE ( 'NONE', *, *, #1138, .F. ) ;
#4880 = DIRECTION ( 'NONE',  ( 1.022195611122248045E-15, 1.000000000000000000, 0.000000000000000000 ) ) ;
#4881 = CARTESIAN_POINT ( 'NONE',  ( -2.068653347947319698, -12.08301270189220844, -2.286000000000000032 ) ) ;
#4882 = CARTESIAN_POINT ( 'NONE',  ( 6.350000000000001421, 0.000000000000000000, 1.000000000000000000 ) ) ;
#4883 = ORIENTED_EDGE ( 'NONE', *, *, #1469, .F. ) ;
#4884 = ORIENTED_EDGE ( 'NONE', *, *, #1782, .T. ) ;
#4885 = CARTESIAN_POINT ( 'NONE',  ( 6.350000000000001421, 5.200000000000001066, -2.286000000000000032 ) ) ;
#4886 = DIRECTION ( 'NONE',  ( -0.000000000000000000, -0.000000000000000000, -1.000000000000000000 ) ) ;
#4887 = DIRECTION ( 'NONE',  ( 1.000000000000000000, 6.672013369141565217E-16, 0.000000000000000000 ) ) ;
#4888 = VERTEX_POINT ( 'NONE', #4555 ) ;
#4889 = CYLINDRICAL_SURFACE ( 'NONE', #5240, 3.149999999999999023 ) ;
#4890 = DIRECTION ( 'NONE',  ( 0.000000000000000000, 0.000000000000000000, 1.000000000000000000 ) ) ;
#4891 = ORIENTED_EDGE ( 'NONE', *, *, #5736, .F. ) ;
#4892 = ORIENTED_EDGE ( 'NONE', *, *, #683, .T. ) ;
#4893 = EDGE_CURVE ( 'NONE', #869, #5161, #1351, .T. ) ;
#4894 = LINE ( 'NONE', #3477, #5662 ) ;
#4895 = AXIS2_PLACEMENT_3D ( 'NONE', #999, #1961, #2483 ) ;
#4896 = CARTESIAN_POINT ( 'NONE',  ( 6.350000000000001421, 0.000000000000000000, -3.049999999999999822 ) ) ;
#4897 = ORIENTED_EDGE ( 'NONE', *, *, #2341, .T. ) ;
#4898 = ADVANCED_FACE ( 'NONE', ( #4589 ), #3208, .F. ) ;
#4899 = VECTOR ( 'NONE', #5112, 1000.000000000000000 ) ;
#4900 = EDGE_CURVE ( 'NONE', #280, #369, #3238, .T. ) ;
#4901 = CARTESIAN_POINT ( 'NONE',  ( 0.000000000000000000, -25.39999999999999858, 1.000000000000000000 ) ) ;
#4902 = CARTESIAN_POINT ( 'NONE',  ( -8.195594171531652705, -2.552700952718198302, 2.286000000000000032 ) ) ;
#4903 = VECTOR ( 'NONE', #1915, 1000.000000000000114 ) ;
#4904 = ORIENTED_EDGE ( 'NONE', *, *, #2944, .F. ) ;
#4905 = LINE ( 'NONE', #588, #1303 ) ;
#4906 = CARTESIAN_POINT ( 'NONE',  ( 4.753332099679084877, -27.56698729810777593, -2.286000000000000032 ) ) ;
#4907 = CARTESIAN_POINT ( 'NONE',  ( 1.131370849898473807, 6.200000000000001066, -3.050999999999999712 ) ) ;
#4908 = EDGE_CURVE ( 'NONE', #3745, #3415, #2770, .T. ) ;
#4909 = ORIENTED_EDGE ( 'NONE', *, *, #1636, .T. ) ;
#4910 = CYLINDRICAL_SURFACE ( 'NONE', #5446, 3.149999999999999911 ) ;
#4911 = DIRECTION ( 'NONE',  ( -0.000000000000000000, -0.000000000000000000, -1.000000000000000000 ) ) ;
#4912 = ORIENTED_EDGE ( 'NONE', *, *, #1523, .T. ) ;
#4913 = EDGE_LOOP ( 'NONE', ( #3097, #2916, #4862, #1191, #1343 ) ) ;
#4914 = CARTESIAN_POINT ( 'NONE',  ( 0.000000000000000000, -25.39999999999999858, 3.049999999999999822 ) ) ;
#4915 = ADVANCED_FACE ( 'NONE', ( #4126 ), #6003, .F. ) ;
#4916 = EDGE_CURVE ( 'NONE', #2761, #3177, #856, .T. ) ;
#4917 = DIRECTION ( 'NONE',  ( 0.000000000000000000, 0.000000000000000000, 1.000000000000000000 ) ) ;
#4918 = LINE ( 'NONE', #5044, #474 ) ;
#4919 = EDGE_LOOP ( 'NONE', ( #408, #4223, #4701, #4534 ) ) ;
#4920 = DIRECTION ( 'NONE',  ( -0.000000000000000000, -0.000000000000000000, -1.000000000000000000 ) ) ;
#4921 = FACE_OUTER_BOUND ( 'NONE', #703, .T. ) ;
#4922 = ORIENTED_EDGE ( 'NONE', *, *, #4794, .T. ) ;
#4923 = CARTESIAN_POINT ( 'NONE',  ( -2.943394698145813226, -11.57798054788380604, -2.286000000000000032 ) ) ;
#4924 = PERSON_AND_ORGANIZATION_ROLE ( 'classification_officer' ) ;
#4925 = CIRCLE ( 'NONE', #1677, 3.150000000000000799 ) ;
#4926 = CARTESIAN_POINT ( 'NONE',  ( -0.5000000000000000000, -14.80000000000000071, 2.286000000000000032 ) ) ;
#4927 = FACE_OUTER_BOUND ( 'NONE', #2043, .T. ) ;
#4928 = VERTEX_POINT ( 'NONE', #2276 ) ;
#4929 = AXIS2_PLACEMENT_3D ( 'NONE', #4906, #5952, #5891 ) ;
#4930 = CARTESIAN_POINT ( 'NONE',  ( -12.55000000000000071, 0.000000000000000000, 1.000000000000000000 ) ) ;
#4931 = DIRECTION ( 'NONE',  ( -0.8660254037844384856, 0.5000000000000004441, 0.000000000000000000 ) ) ;
#4932 = ORIENTED_EDGE ( 'NONE', *, *, #1776, .T. ) ;
#4933 = ADVANCED_FACE ( 'NONE', ( #2309 ), #4191, .T. ) ;
#4934 = PLANE ( 'NONE',  #3372 ) ;
#4935 = CARTESIAN_POINT ( 'NONE',  ( 0.000000000000000000, -25.39999999999999858, -1.000000000000000000 ) ) ;
#4936 = EDGE_CURVE ( 'NONE', #1988, #3668, #3268, .T. ) ;
#4937 = VERTEX_POINT ( 'NONE', #5149 ) ;
#4938 = AXIS2_PLACEMENT_3D ( 'NONE', #3353, #4363, #1560 ) ;
#4939 = DIRECTION ( 'NONE',  ( -0.000000000000000000, -0.000000000000000000, -1.000000000000000000 ) ) ;
#4940 = LINE ( 'NONE', #686, #2901 ) ;
#4941 = EDGE_LOOP ( 'NONE', ( #2775, #1619, #4208, #687 ) ) ;
#4942 = ADVANCED_FACE ( 'NONE', ( #2051 ), #3298, .F. ) ;
#4943 = EDGE_LOOP ( 'NONE', ( #262, #1840 ) ) ;
#4944 = CARTESIAN_POINT ( 'NONE',  ( 4.253332099679084877, -28.43301270189220986, -2.286000000000000032 ) ) ;
#4945 = DIRECTION ( 'NONE',  ( -0.7071067811865474617, 0.7071067811865474617, 0.000000000000000000 ) ) ;
#4946 = VECTOR ( 'NONE', #6075, 1000.000000000000000 ) ;
#4947 = VECTOR ( 'NONE', #3646, 1000.000000000000000 ) ;
#4948 = CARTESIAN_POINT ( 'NONE',  ( 10.49660849440506105, -4.853715275591599543, 1.000000000000000000 ) ) ;
#4949 = AXIS2_PLACEMENT_3D ( 'NONE', #689, #4052, #5478 ) ;
#4950 = EDGE_LOOP ( 'NONE', ( #1832, #2501 ) ) ;
#4951 = CARTESIAN_POINT ( 'NONE',  ( 6.350000000000001421, 5.200000000000001066, 3.049999999999999822 ) ) ;
#4952 = AXIS2_PLACEMENT_3D ( 'NONE', #3346, #3865, #4731 ) ;
#4953 = FACE_OUTER_BOUND ( 'NONE', #4083, .T. ) ;
#4954 = VERTEX_POINT ( 'NONE', #458 ) ;
#4955 = DIRECTION ( 'NONE',  ( -0.000000000000000000, -0.000000000000000000, -1.000000000000000000 ) ) ;
#4956 = SECURITY_CLASSIFICATION_LEVEL ( 'unclassified' ) ;
#4957 = CIRCLE ( 'NONE', #5657, 3.149999999999999023 ) ;
#4958 = DIRECTION ( 'NONE',  ( -0.000000000000000000, -0.000000000000000000, -1.000000000000000000 ) ) ;
#4959 = CARTESIAN_POINT ( 'NONE',  ( 11.39474100075572949, -1.261185250188933349, -1.000000000000000000 ) ) ;
#4960 = ORIENTED_EDGE ( 'NONE', *, *, #1664, .T. ) ;
#4961 = LOCAL_TIME ( 14, 1, 13.00000000000000000, #331 ) ;
#4962 = CIRCLE ( 'NONE', #5366, 3.149999999999999467 ) ;
#4963 = CARTESIAN_POINT ( 'NONE',  ( -2.068653347947322807, -24.78301270189222549, -2.286000000000000032 ) ) ;
#4964 = PLANE ( 'NONE',  #1130 ) ;
#4965 = ORIENTED_EDGE ( 'NONE', *, *, #2465, .T. ) ;
#4966 = CARTESIAN_POINT ( 'NONE',  ( -3.150000000000000799, -12.69999999999999929, -2.286000000000000032 ) ) ;
#4967 = AXIS2_PLACEMENT_3D ( 'NONE', #1302, #406, #3253 ) ;
#4968 = CYLINDRICAL_SURFACE ( 'NONE', #5426, 3.150000000000000799 ) ;
#4969 = VERTEX_POINT ( 'NONE', #3352 ) ;
#4970 = VECTOR ( 'NONE', #394, 1000.000000000000000 ) ;
#4971 = EDGE_CURVE ( 'NONE', #3878, #3638, #6095, .T. ) ;
#4972 = EDGE_CURVE ( 'NONE', #5213, #2361, #2511, .T. ) ;
#4973 = AXIS2_PLACEMENT_3D ( 'NONE', #1687, #4958, #738 ) ;
#4974 = AXIS2_PLACEMENT_3D ( 'NONE', #4498, #803, #5886 ) ;
#4975 = DIRECTION ( 'NONE',  ( 0.8660254037844360431, 0.5000000000000044409, 0.000000000000000000 ) ) ;
#4976 = DIRECTION ( 'NONE',  ( 0.2425356250363330801, 0.9701425001453318764, -0.000000000000000000 ) ) ;
#4977 = CARTESIAN_POINT ( 'NONE',  ( 0.000000000000000000, -25.39999999999999858, 2.286000000000000032 ) ) ;
#4978 = ORIENTED_EDGE ( 'NONE', *, *, #5137, .F. ) ;
#4979 = VERTEX_POINT ( 'NONE', #917 ) ;
#4980 = ORIENTED_EDGE ( 'NONE', *, *, #2674, .F. ) ;
#4981 = LINE ( 'NONE', #819, #3672 ) ;
#4982 = VECTOR ( 'NONE', #2035, 1000.000000000000114 ) ;
#4983 = CYLINDRICAL_SURFACE ( 'NONE', #3091, 3.149999999999999467 ) ;
#4984 = ADVANCED_FACE ( 'NONE', ( #974 ), #5180, .T. ) ;
#4985 = LINE ( 'NONE', #1749, #3519 ) ;
#4986 = ORIENTED_EDGE ( 'NONE', *, *, #5668, .T. ) ;
#4987 = DIRECTION ( 'NONE',  ( -0.000000000000000000, -0.000000000000000000, -1.000000000000000000 ) ) ;
#4988 = DIRECTION ( 'NONE',  ( -0.7071067811865470176, 0.7071067811865479058, 0.000000000000000000 ) ) ;
#4989 = ORIENTED_EDGE ( 'NONE', *, *, #4648, .F. ) ;
#4990 = DIRECTION ( 'NONE',  ( -0.000000000000000000, -0.000000000000000000, -1.000000000000000000 ) ) ;
#4991 = PERSON_AND_ORGANIZATION_ROLE ( 'creator' ) ;
#4992 = CARTESIAN_POINT ( 'NONE',  ( 5.218629150101526726, 1.838477631085024822, -2.286000000000000032 ) ) ;
#4993 = CARTESIAN_POINT ( 'NONE',  ( 8.902700952718200611, -1.845594171531649730, -1.000000000000000444 ) ) ;
#4994 = EDGE_CURVE ( 'NONE', #363, #3871, #1438, .T. ) ;
#4995 = ORIENTED_EDGE ( 'NONE', *, *, #3468, .F. ) ;
#4996 = EDGE_CURVE ( 'NONE', #4928, #587, #4390, .T. ) ;
#4997 = AXIS2_PLACEMENT_3D ( 'NONE', #2767, #3264, #5146 ) ;
#4998 = DIRECTION ( 'NONE',  ( 6.829619984160655581E-17, -1.000000000000000000, 0.000000000000000000 ) ) ;
#4999 = DIRECTION ( 'NONE',  ( 0.7071067811865477948, 0.7071067811865473507, -0.000000000000000000 ) ) ;
#5000 = ORIENTED_EDGE ( 'NONE', *, *, #2691, .T. ) ;
#5001 = CARTESIAN_POINT ( 'NONE',  ( 0.5000000000000000000, -15.81006430801679841, 1.000000000000000000 ) ) ;
#5002 = DIRECTION ( 'NONE',  ( 0.000000000000000000, 0.000000000000000000, 1.000000000000000000 ) ) ;
#5003 = VECTOR ( 'NONE', #4988, 1000.000000000000114 ) ;
#5004 = EDGE_LOOP ( 'NONE', ( #1976, #740, #4481, #985 ) ) ;
#5005 = AXIS2_PLACEMENT_3D ( 'NONE', #3603, #2712, #3664 ) ;
#5006 = DIRECTION ( 'NONE',  ( 1.000000000000000000, 0.000000000000000000, 0.000000000000000000 ) ) ;
#5007 = DIRECTION ( 'NONE',  ( -0.2425356250363330801, -0.9701425001453318764, 0.000000000000000000 ) ) ;
#5008 = CARTESIAN_POINT ( 'NONE',  ( 2.100000000000000977, -12.69999999999999929, 1.000000000000000000 ) ) ;
#5009 = ORIENTED_EDGE ( 'NONE', *, *, #2451, .T. ) ;
#5010 = ORIENTED_EDGE ( 'NONE', *, *, #3955, .F. ) ;
#5011 = VERTEX_POINT ( 'NONE', #2370 ) ;
#5012 = EDGE_CURVE ( 'NONE', #5263, #777, #3462, .T. ) ;
#5013 = LINE ( 'NONE', #5898, #4259 ) ;
#5014 = AXIS2_PLACEMENT_3D ( 'NONE', #2149, #295, #1623 ) ;
#5015 = LINE ( 'NONE', #4514, #2541 ) ;
#5016 = VERTEX_POINT ( 'NONE', #2801 ) ;
#5017 = LINE ( 'NONE', #665, #2087 ) ;
#5018 = EDGE_CURVE ( 'NONE', #3682, #1135, #2858, .T. ) ;
#5019 = CYLINDRICAL_SURFACE ( 'NONE', #1855, 2.100000000000000089 ) ;
#5020 = ORIENTED_EDGE ( 'NONE', *, *, #2241, .T. ) ;
#5021 = EDGE_CURVE ( 'NONE', #5804, #4726, #5636, .T. ) ;
#5022 = LINE ( 'NONE', #3600, #2216 ) ;
#5023 = PERSON_AND_ORGANIZATION ( #5559, #4467 ) ;
#5024 = CARTESIAN_POINT ( 'NONE',  ( 0.000000000000000000, 0.000000000000000000, 2.286000000000000032 ) ) ;
#5025 = EDGE_CURVE ( 'NONE', #3070, #587, #3104, .T. ) ;
#5026 = CARTESIAN_POINT ( 'NONE',  ( 10.14345675219928111, -6.266322244414721965, 1.000000000000000444 ) ) ;
#5027 = VERTEX_POINT ( 'NONE', #5350 ) ;
#5028 = DIRECTION ( 'NONE',  ( -0.000000000000000000, -0.000000000000000000, -1.000000000000000000 ) ) ;
#5029 = CARTESIAN_POINT ( 'NONE',  ( -1.568653347947325694, -23.91698729810778090, -2.286000000000000032 ) ) ;
#5030 = CARTESIAN_POINT ( 'NONE',  ( 0.000000000000000000, -25.39999999999999858, 1.000000000000000000 ) ) ;
#5031 = ADVANCED_FACE ( 'NONE', ( #1906 ), #4736, .F. ) ;
#5032 = DIRECTION ( 'NONE',  ( 0.2425356250363329691, -0.9701425001453319874, 0.000000000000000000 ) ) ;
#5033 = DIRECTION ( 'NONE',  ( 0.000000000000000000, 0.000000000000000000, 1.000000000000000000 ) ) ;
#5034 = ORIENTED_EDGE ( 'NONE', *, *, #1699, .F. ) ;
#5035 = VERTEX_POINT ( 'NONE', #546 ) ;
#5036 = FACE_OUTER_BOUND ( 'NONE', #773, .T. ) ;
#5037 = CARTESIAN_POINT ( 'NONE',  ( 0.5000000000000000000, -3.110064308016796897, 2.286000000000000032 ) ) ;
#5038 = CARTESIAN_POINT ( 'NONE',  ( -2.443394698145826105, -27.38804485590060267, 1.000000000000000000 ) ) ;
#5039 = ORIENTED_EDGE ( 'NONE', *, *, #3050, .F. ) ;
#5040 = VERTEX_POINT ( 'NONE', #56 ) ;
#5041 = ORIENTED_EDGE ( 'NONE', *, *, #3357, .F. ) ;
#5042 = DIRECTION ( 'NONE',  ( -0.000000000000000000, 0.000000000000000000, 1.000000000000000000 ) ) ;
#5043 = AXIS2_PLACEMENT_3D ( 'NONE', #5449, #1216, #2178 ) ;
#5044 = CARTESIAN_POINT ( 'NONE',  ( 5.249261314031214098, -16.30801270189227026, 1.000000000000000000 ) ) ;
#5045 = ORIENTED_EDGE ( 'NONE', *, *, #4553, .F. ) ;
#5046 = FACE_OUTER_BOUND ( 'NONE', #3822, .T. ) ;
#5047 = PLANE ( 'NONE',  #3617 ) ;
#5048 = AXIS2_PLACEMENT_3D ( 'NONE', #3708, #1361, #2378 ) ;
#5049 = ORIENTED_EDGE ( 'NONE', *, *, #344, .F. ) ;
#5050 = AXIS2_PLACEMENT_3D ( 'NONE', #471, #1392, #1835 ) ;
#5051 = VECTOR ( 'NONE', #450, 1000.000000000000000 ) ;
#5052 = ADVANCED_FACE ( 'NONE', ( #1000 ), #5698, .T. ) ;
#5053 = EDGE_CURVE ( 'NONE', #384, #1544, #658, .T. ) ;
#5054 = DIRECTION ( 'NONE',  ( 1.000000000000000000, 0.000000000000000000, -0.000000000000000000 ) ) ;
#5055 = EDGE_CURVE ( 'NONE', #6019, #3668, #3729, .T. ) ;
#5056 = VECTOR ( 'NONE', #4432, 1000.000000000000000 ) ;
#5057 = DIRECTION ( 'NONE',  ( 0.000000000000000000, 0.000000000000000000, 1.000000000000000000 ) ) ;
#5058 = LINE ( 'NONE', #2218, #3728 ) ;
#5059 = ORIENTED_EDGE ( 'NONE', *, *, #2735, .T. ) ;
#5060 = ORIENTED_EDGE ( 'NONE', *, *, #5736, .T. ) ;
#5061 = APPLICATION_CONTEXT ( 'configuration controlled 3d designs of mechanical parts and assemblies' ) ;
#5062 = EDGE_CURVE ( 'NONE', #3928, #3544, #4940, .T. ) ;
#5063 = LINE ( 'NONE', #3152, #3790 ) ;
#5064 = CARTESIAN_POINT ( 'NONE',  ( -6.350000000000001421, 0.000000000000000000, -2.286000000000000032 ) ) ;
#5065 = DIRECTION ( 'NONE',  ( -0.000000000000000000, -0.000000000000000000, -1.000000000000000000 ) ) ;
#5066 = PLANE ( 'NONE',  #897 ) ;
#5067 = ORIENTED_EDGE ( 'NONE', *, *, #4971, .T. ) ;
#5068 = VECTOR ( 'NONE', #4864, 1000.000000000000000 ) ;
#5069 = AXIS2_PLACEMENT_3D ( 'NONE', #4393, #5385, #1148 ) ;
#5070 = ADVANCED_FACE ( 'NONE', ( #2629 ), #3492, .T. ) ;
#5071 = DIRECTION ( 'NONE',  ( -0.000000000000000000, -0.000000000000000000, -1.000000000000000000 ) ) ;
#5072 = CARTESIAN_POINT ( 'NONE',  ( 2.443394698145820332, -23.41195514409938383, -1.000000000000000444 ) ) ;
#5073 = CARTESIAN_POINT ( 'NONE',  ( -2.943394698145820776, -24.27798054788382842, -1.000000000000000000 ) ) ;
#5074 = CC_DESIGN_APPROVAL ( #2760, ( #3846 ) ) ;
#5075 = ORIENTED_EDGE ( 'NONE', *, *, #619, .T. ) ;
#5076 = ORIENTED_EDGE ( 'NONE', *, *, #3302, .F. ) ;
#5077 = EDGE_LOOP ( 'NONE', ( #6071, #43, #4699, #5309 ) ) ;
#5078 = ORIENTED_EDGE ( 'NONE', *, *, #1657, .T. ) ;
#5079 = AXIS2_PLACEMENT_3D ( 'NONE', #1792, #2284, #836 ) ;
#5080 = LINE ( 'NONE', #1896, #5420 ) ;
#5081 = AXIS2_PLACEMENT_3D ( 'NONE', #4882, #4764, #2510 ) ;
#5082 = CARTESIAN_POINT ( 'NONE',  ( -2.100000000000000089, 0.000000000000000000, 1.000000000000000000 ) ) ;
#5083 = EDGE_LOOP ( 'NONE', ( #4161, #4197, #86, #4722 ) ) ;
#5084 = VECTOR ( 'NONE', #3299, 1000.000000000000000 ) ;
#5085 = AXIS2_PLACEMENT_3D ( 'NONE', #4291, #6080, #4235 ) ;
#5086 = LINE ( 'NONE', #391, #1692 ) ;
#5087 = DIRECTION ( 'NONE',  ( 0.000000000000000000, 0.000000000000000000, 1.000000000000000000 ) ) ;
#5088 = VERTEX_POINT ( 'NONE', #718 ) ;
#5089 = DIRECTION ( 'NONE',  ( 0.000000000000000000, -0.000000000000000000, 1.000000000000000000 ) ) ;
#5090 = LINE ( 'NONE', #4712, #1728 ) ;
#5091 = CARTESIAN_POINT ( 'NONE',  ( -12.36488350090105648, -1.503720875225264209, 1.000000000000000000 ) ) ;
#5092 = EDGE_CURVE ( 'NONE', #1390, #2212, #1825, .T. ) ;
#5093 = VERTEX_POINT ( 'NONE', #4479 ) ;
#5094 = VERTEX_POINT ( 'NONE', #5437 ) ;
#5095 = LINE ( 'NONE', #4595, #3884 ) ;
#5096 = CARTESIAN_POINT ( 'NONE',  ( 4.504405828468352802, 2.552700952718199190, 2.286000000000000032 ) ) ;
#5097 = CARTESIAN_POINT ( 'NONE',  ( 0.000000000000000000, -25.39999999999999858, 2.286000000000000032 ) ) ;
#5098 = CARTESIAN_POINT ( 'NONE',  ( -1.568653347947315480, -14.18301270189222585, 2.286000000000000032 ) ) ;
#5099 = EDGE_CURVE ( 'NONE', #2315, #3265, #5757, .T. ) ;
#5100 = ORIENTED_EDGE ( 'NONE', *, *, #898, .F. ) ;
#5101 = EDGE_CURVE ( 'NONE', #5212, #1544, #5503, .T. ) ;
#5102 = CARTESIAN_POINT ( 'NONE',  ( -0.5000000000000000000, -25.39999999999999858, -1.000000000000000000 ) ) ;
#5103 = CARTESIAN_POINT ( 'NONE',  ( -4.511522368914977044, 1.131370849898475139, -2.286000000000000032 ) ) ;
#5104 = CARTESIAN_POINT ( 'NONE',  ( -4.732465839245184824, -27.55494015702927868, -2.286000000000000032 ) ) ;
#5105 = VERTEX_POINT ( 'NONE', #318 ) ;
#5106 = AXIS2_PLACEMENT_3D ( 'NONE', #1902, #2738, #6029 ) ;
#5107 = EDGE_LOOP ( 'NONE', ( #988, #5517, #476, #4636, #488, #3347, #660, #5327 ) ) ;
#5108 = ORIENTED_EDGE ( 'NONE', *, *, #3814, .F. ) ;
#5109 = ORIENTED_EDGE ( 'NONE', *, *, #1318, .T. ) ;
#5110 = LINE ( 'NONE', #45, #30 ) ;
#5111 = VECTOR ( 'NONE', #3117, 999.9999999999998863 ) ;
#5112 = DIRECTION ( 'NONE',  ( 0.000000000000000000, 0.000000000000000000, 1.000000000000000000 ) ) ;
#5113 = EDGE_LOOP ( 'NONE', ( #730, #2297, #2010, #1442 ) ) ;
#5114 = EDGE_CURVE ( 'NONE', #2282, #2663, #2137, .T. ) ;
#5115 = AXIS2_PLACEMENT_3D ( 'NONE', #5672, #2860, #144 ) ;
#5116 = CARTESIAN_POINT ( 'NONE',  ( -2.443394698145809230, -10.71195514409937033, 2.286000000000000032 ) ) ;
#5117 = EDGE_CURVE ( 'NONE', #3451, #4644, #839, .T. ) ;
#5118 = DIRECTION ( 'NONE',  ( 0.000000000000000000, 0.000000000000000000, 1.000000000000000000 ) ) ;
#5119 = EDGE_LOOP ( 'NONE', ( #2400, #3408, #2331, #593 ) ) ;
#5120 = CARTESIAN_POINT ( 'NONE',  ( -6.350000000000001421, 0.000000000000000000, 2.286000000000000032 ) ) ;
#5121 = DIRECTION ( 'NONE',  ( 0.000000000000000000, 0.000000000000000000, 1.000000000000000000 ) ) ;
#5122 = DIRECTION ( 'NONE',  ( -0.000000000000000000, -0.000000000000000000, -1.000000000000000000 ) ) ;
#5123 = ORIENTED_EDGE ( 'NONE', *, *, #3112, .T. ) ;
#5124 = ORIENTED_EDGE ( 'NONE', *, *, #1956, .F. ) ;
#5125 = DIRECTION ( 'NONE',  ( 0.000000000000000000, 0.000000000000000000, -1.000000000000000000 ) ) ;
#5126 = CARTESIAN_POINT ( 'NONE',  ( -2.068653347947322807, -24.78301270189222549, 2.286000000000000032 ) ) ;
#5127 = CARTESIAN_POINT ( 'NONE',  ( 4.504405828468352802, 2.552700952718199190, 2.286000000000000032 ) ) ;
#5128 = LINE ( 'NONE', #6013, #3599 ) ;
#5129 = EDGE_LOOP ( 'NONE', ( #5820, #4280, #2219, #4323 ) ) ;
#5130 = DIRECTION ( 'NONE',  ( 0.000000000000000000, 0.000000000000000000, 1.000000000000000000 ) ) ;
#5131 = EDGE_CURVE ( 'NONE', #1161, #1873, #1325, .T. ) ;
#5132 = CARTESIAN_POINT ( 'NONE',  ( -4.253332099679086653, -28.43301270189220986, -2.286000000000000032 ) ) ;
#5133 = CARTESIAN_POINT ( 'NONE',  ( 0.000000000000000000, -25.39999999999999858, -2.286000000000000032 ) ) ;
#5134 = ORIENTED_EDGE ( 'NONE', *, *, #2270, .T. ) ;
#5135 = EDGE_LOOP ( 'NONE', ( #1978, #3552, #5598, #4293 ) ) ;
#5136 = VERTEX_POINT ( 'NONE', #2568 ) ;
#5137 = EDGE_CURVE ( 'NONE', #5486, #438, #239, .T. ) ;
#5138 = ORIENTED_EDGE ( 'NONE', *, *, #5810, .F. ) ;
#5139 = VECTOR ( 'NONE', #4845, 1000.000000000000000 ) ;
#5140 = LINE ( 'NONE', #4703, #4638 ) ;
#5141 = AXIS2_PLACEMENT_3D ( 'NONE', #2257, #4231, #5558 ) ;
#5142 = DIRECTION ( 'NONE',  ( -0.2425356250363330801, -0.9701425001453318764, 0.000000000000000000 ) ) ;
#5143 = EDGE_CURVE ( 'NONE', #132, #3303, #5895, .T. ) ;
#5144 = ORIENTED_EDGE ( 'NONE', *, *, #1262, .T. ) ;
#5145 = CARTESIAN_POINT ( 'NONE',  ( -10.49660849440505750, -4.853715275591603096, -2.286000000000000920 ) ) ;
#5146 = DIRECTION ( 'NONE',  ( 1.000000000000000000, 0.000000000000000000, 0.000000000000000000 ) ) ;
#5147 = VERTEX_POINT ( 'NONE', #751 ) ;
#5148 = VECTOR ( 'NONE', #4920, 1000.000000000000000 ) ;
#5149 = CARTESIAN_POINT ( 'NONE',  ( 2.943394698145813670, -13.82201945211619254, -1.000000000000000000 ) ) ;
#5150 = VECTOR ( 'NONE', #4319, 1000.000000000000000 ) ;
#5151 = DIRECTION ( 'NONE',  ( -0.000000000000000000, -0.000000000000000000, -1.000000000000000000 ) ) ;
#5152 = FACE_OUTER_BOUND ( 'NONE', #4091, .T. ) ;
#5153 = ORIENTED_EDGE ( 'NONE', *, *, #947, .T. ) ;
#5154 = ORIENTED_EDGE ( 'NONE', *, *, #2993, .F. ) ;
#5155 = VECTOR ( 'NONE', #312, 1000.000000000000000 ) ;
#5156 = VECTOR ( 'NONE', #3423, 999.9999999999998863 ) ;
#5157 = DIRECTION ( 'NONE',  ( -1.000000000000000000, 0.000000000000000000, -0.000000000000000000 ) ) ;
#5158 = DIRECTION ( 'NONE',  ( -0.000000000000000000, -0.000000000000000000, -1.000000000000000000 ) ) ;
#5159 = DIRECTION ( 'NONE',  ( -1.000000000000000000, 0.000000000000000000, 0.000000000000000000 ) ) ;
#5160 = DIRECTION ( 'NONE',  ( -0.5000000000000038858, -0.8660254037844363761, 0.000000000000000000 ) ) ;
#5161 = VERTEX_POINT ( 'NONE', #1672 ) ;
#5162 = CARTESIAN_POINT ( 'NONE',  ( -2.443394698145809230, -14.68804485590062825, -2.286000000000000032 ) ) ;
#5163 = CYLINDRICAL_SURFACE ( 'NONE', #3595, 2.100000000000000089 ) ;
#5164 = ORIENTED_EDGE ( 'NONE', *, *, #2191, .T. ) ;
#5165 = VERTEX_POINT ( 'NONE', #4049 ) ;
#5166 = ORIENTED_EDGE ( 'NONE', *, *, #5509, .T. ) ;
#5167 = VERTEX_POINT ( 'NONE', #4507 ) ;
#5168 = CARTESIAN_POINT ( 'NONE',  ( 0.000000000000000000, -25.39999999999999858, 2.286000000000000032 ) ) ;
#5169 = EDGE_CURVE ( 'NONE', #227, #5105, #5382, .T. ) ;
#5170 = VECTOR ( 'NONE', #3020, 1000.000000000000000 ) ;
#5171 = CARTESIAN_POINT ( 'NONE',  ( 0.000000000000000000, -25.39999999999999858, 2.286000000000000032 ) ) ;
#5172 = AXIS2_PLACEMENT_3D ( 'NONE', #2956, #4955, #5823 ) ;
#5173 = VERTEX_POINT ( 'NONE', #1171 ) ;
#5174 = DIRECTION ( 'NONE',  ( 0.7071067811865474617, -0.7071067811865474617, 0.000000000000000000 ) ) ;
#5175 = CIRCLE ( 'NONE', #2508, 3.150000000000000799 ) ;
#5176 = EDGE_CURVE ( 'NONE', #416, #4755, #2213, .T. ) ;
#5177 = DIRECTION ( 'NONE',  ( -0.000000000000000000, -0.000000000000000000, -1.000000000000000000 ) ) ;
#5178 = AXIS2_PLACEMENT_3D ( 'NONE', #3045, #4493, #1131 ) ;
#5179 = AXIS2_PLACEMENT_3D ( 'NONE', #900, #3341, #5251 ) ;
#5180 = CYLINDRICAL_SURFACE ( 'NONE', #2318, 3.149999999999999911 ) ;
#5181 = CYLINDRICAL_SURFACE ( 'NONE', #4584, 3.149999999999999023 ) ;
#5182 = DIRECTION ( 'NONE',  ( -0.7071067811865471286, 0.7071067811865480168, 0.000000000000000000 ) ) ;
#5183 = EDGE_CURVE ( 'NONE', #2758, #2665, #5923, .T. ) ;
#5184 = EDGE_LOOP ( 'NONE', ( #68, #5666, #3969, #5533 ) ) ;
#5185 = ORIENTED_EDGE ( 'NONE', *, *, #898, .T. ) ;
#5186 = VECTOR ( 'NONE', #2464, 1000.000000000000227 ) ;
#5187 = CARTESIAN_POINT ( 'NONE',  ( -0.5000000000000000000, -3.110064308016796897, 2.286000000000000032 ) ) ;
#5188 = FACE_OUTER_BOUND ( 'NONE', #937, .T. ) ;
#5189 = EDGE_CURVE ( 'NONE', #5992, #4969, #5473, .T. ) ;
#5190 = DIRECTION ( 'NONE',  ( 1.000000000000000000, 0.000000000000000000, 0.000000000000000000 ) ) ;
#5191 = LINE ( 'NONE', #1886, #2771 ) ;
#5192 = EDGE_CURVE ( 'NONE', #2512, #2862, #3159, .T. ) ;
#5193 = ORIENTED_EDGE ( 'NONE', *, *, #5131, .T. ) ;
#5194 = LINE ( 'NONE', #1946, #2199 ) ;
#5195 = DIRECTION ( 'NONE',  ( 1.000000000000000000, 0.000000000000000000, 0.000000000000000000 ) ) ;
#5196 = VERTEX_POINT ( 'NONE', #5038 ) ;
#5197 = ORIENTED_EDGE ( 'NONE', *, *, #380, .F. ) ;
#5198 = ORIENTED_EDGE ( 'NONE', *, *, #1289, .T. ) ;
#5199 = CARTESIAN_POINT ( 'NONE',  ( 0.000000000000000000, 0.000000000000000000, 2.286000000000000032 ) ) ;
#5200 = CARTESIAN_POINT ( 'NONE',  ( -0.2499999999999993616, -24.96698729810777806, -1.000000000000000000 ) ) ;
#5201 = VECTOR ( 'NONE', #3783, 1000.000000000000114 ) ;
#5202 = VERTEX_POINT ( 'NONE', #813 ) ;
#5203 = CARTESIAN_POINT ( 'NONE',  ( -2.943394698145819888, -24.27798054788382842, -2.286000000000000032 ) ) ;
#5204 = AXIS2_PLACEMENT_3D ( 'NONE', #1649, #1278, #19 ) ;
#5205 = ORIENTED_EDGE ( 'NONE', *, *, #5953, .F. ) ;
#5206 = AXIS2_PLACEMENT_3D ( 'NONE', #2898, #1943, #5190 ) ;
#5207 = DIRECTION ( 'NONE',  ( 0.8660254037844387076, 0.5000000000000001110, 0.000000000000000000 ) ) ;
#5208 = EDGE_CURVE ( 'NONE', #5165, #3375, #2695, .T. ) ;
#5209 = CARTESIAN_POINT ( 'NONE',  ( 5.749261314031214987, -15.44198729810783277, 1.000000000000000000 ) ) ;
#5210 = EDGE_CURVE ( 'NONE', #4043, #2453, #3002, .T. ) ;
#5211 = CARTESIAN_POINT ( 'NONE',  ( 2.943394698145819888, -24.27798054788382487, 2.286000000000000032 ) ) ;
#5212 = VERTEX_POINT ( 'NONE', #5073 ) ;
#5213 = VERTEX_POINT ( 'NONE', #1340 ) ;
#5214 = CARTESIAN_POINT ( 'NONE',  ( -2.443394698145809674, -10.71195514409937033, -2.286000000000000032 ) ) ;
#5215 = PLANE ( 'NONE',  #1034 ) ;
#5216 = LINE ( 'NONE', #4201, #4946 ) ;
#5217 = CARTESIAN_POINT ( 'NONE',  ( 8.195594171531652705, -2.552700952718197414, 2.286000000000000032 ) ) ;
#5218 = ORIENTED_EDGE ( 'NONE', *, *, #4461, .F. ) ;
#5219 = ADVANCED_FACE ( 'NONE', ( #2329 ), #3192, .T. ) ;
#5220 = CARTESIAN_POINT ( 'NONE',  ( 11.39474100075572949, -1.261185250188933349, -3.049999999999999822 ) ) ;
#5221 = FACE_OUTER_BOUND ( 'NONE', #5896, .T. ) ;
#5222 = ORIENTED_EDGE ( 'NONE', *, *, #2798, .F. ) ;
#5223 = ORIENTED_EDGE ( 'NONE', *, *, #453, .T. ) ;
#5224 = ORIENTED_EDGE ( 'NONE', *, *, #3425, .T. ) ;
#5225 = FACE_OUTER_BOUND ( 'NONE', #5083, .T. ) ;
#5226 = LINE ( 'NONE', #101, #3083 ) ;
#5227 = ORIENTED_EDGE ( 'NONE', *, *, #2036, .F. ) ;
#5228 = CARTESIAN_POINT ( 'NONE',  ( 0.000000000000000000, -12.69999999999999929, -1.000000000000000000 ) ) ;
#5229 = CARTESIAN_POINT ( 'NONE',  ( 0.000000000000000000, -0.5000000000000004441, -1.000000000000000000 ) ) ;
#5230 = VECTOR ( 'NONE', #1374, 1000.000000000000000 ) ;
#5231 = DIRECTION ( 'NONE',  ( -0.000000000000000000, 1.000000000000000000, 0.000000000000000000 ) ) ;
#5232 = DIRECTION ( 'NONE',  ( -0.8660254037844384856, 0.5000000000000004441, -0.000000000000000000 ) ) ;
#5233 = LINE ( 'NONE', #2456, #4251 ) ;
#5234 = CARTESIAN_POINT ( 'NONE',  ( -2.068653347947320142, -13.31698729810779014, 2.286000000000000032 ) ) ;
#5235 = EDGE_LOOP ( 'NONE', ( #3421, #3318, #1370, #5538, #2699, #5406 ) ) ;
#5236 = EDGE_LOOP ( 'NONE', ( #2294, #4575, #2870, #125, #5708, #2264 ) ) ;
#5237 = EDGE_CURVE ( 'NONE', #6055, #289, #5564, .T. ) ;
#5238 = EDGE_CURVE ( 'NONE', #2862, #1169, #5266, .T. ) ;
#5239 = ADVANCED_FACE ( 'NONE', ( #2232 ), #350, .T. ) ;
#5240 = AXIS2_PLACEMENT_3D ( 'NONE', #2551, #1652, #2085 ) ;
#5241 = DIRECTION ( 'NONE',  ( 1.000000000000000000, 0.000000000000000000, 0.000000000000000000 ) ) ;
#5242 = LINE ( 'NONE', #1858, #4776 ) ;
#5243 = DIRECTION ( 'NONE',  ( 0.8660254037844362651, -0.5000000000000041078, 0.000000000000000000 ) ) ;
#5244 = CARTESIAN_POINT ( 'NONE',  ( 11.39474100075572949, -1.261185250188933349, 1.000000000000000000 ) ) ;
#5245 = VECTOR ( 'NONE', #1606, 1000.000000000000000 ) ;
#5246 = EDGE_CURVE ( 'NONE', #3379, #3924, #845, .T. ) ;
#5247 = VECTOR ( 'NONE', #1136, 1000.000000000000000 ) ;
#5248 = ADVANCED_FACE ( 'NONE', ( #3225 ), #901, .T. ) ;
#5249 = VECTOR ( 'NONE', #5353, 1000.000000000000000 ) ;
#5250 = CARTESIAN_POINT ( 'NONE',  ( 0.000000000000000000, -12.69999999999999929, 2.286000000000000032 ) ) ;
#5251 = DIRECTION ( 'NONE',  ( -0.7071067811865470176, 0.7071067811865479058, 0.000000000000000000 ) ) ;
#5252 = ORIENTED_EDGE ( 'NONE', *, *, #5928, .F. ) ;
#5253 = ORIENTED_EDGE ( 'NONE', *, *, #4275, .F. ) ;
#5254 = AXIS2_PLACEMENT_3D ( 'NONE', #2421, #1052, #4817 ) ;
#5255 = CYLINDRICAL_SURFACE ( 'NONE', #3960, 5.200000000000001066 ) ;
#5256 = DIRECTION ( 'NONE',  ( -0.7071067811865476838, -0.7071067811865474617, 0.000000000000000000 ) ) ;
#5257 = ADVANCED_FACE ( 'NONE', ( #382 ), #1770, .T. ) ;
#5258 = DIRECTION ( 'NONE',  ( 1.000000000000000000, 0.000000000000000000, 0.000000000000000000 ) ) ;
#5259 = ORIENTED_EDGE ( 'NONE', *, *, #6032, .T. ) ;
#5260 = AXIS2_PLACEMENT_3D ( 'NONE', #3605, #3898, #4416 ) ;
#5261 = DIRECTION ( 'NONE',  ( 0.7071067811865479058, 0.7071067811865470176, 0.000000000000000000 ) ) ;
#5262 = DIRECTION ( 'NONE',  ( -0.000000000000000000, -0.000000000000000000, -1.000000000000000000 ) ) ;
#5263 = VERTEX_POINT ( 'NONE', #5104 ) ;
#5264 = VECTOR ( 'NONE', #3388, 1000.000000000000000 ) ;
#5265 = CARTESIAN_POINT ( 'NONE',  ( -8.223832970144352217, -2.580939751330898257, -2.286000000000000032 ) ) ;
#5266 = CIRCLE ( 'NONE', #2602, 3.149999999999999023 ) ;
#5267 = CARTESIAN_POINT ( 'NONE',  ( -2.943394698145820776, -26.52201945211616874, 1.000000000000000000 ) ) ;
#5268 = VECTOR ( 'NONE', #2342, 999.9999999999998863 ) ;
#5269 = DIRECTION ( 'NONE',  ( 0.000000000000000000, 0.000000000000000000, 1.000000000000000000 ) ) ;
#5270 = EDGE_LOOP ( 'NONE', ( #3810, #1655, #2861, #4011 ) ) ;
#5271 = EDGE_LOOP ( 'NONE', ( #5889, #2714, #2052, #2644 ) ) ;
#5272 = AXIS2_PLACEMENT_3D ( 'NONE', #5489, #1288, #4064 ) ;
#5273 = AXIS2_PLACEMENT_3D ( 'NONE', #4666, #3772, #5710 ) ;
#5274 = DIRECTION ( 'NONE',  ( 1.000000000000000000, 0.000000000000000000, 0.000000000000000000 ) ) ;
#5275 = DIRECTION ( 'NONE',  ( -1.000000000000000000, 0.000000000000000000, 0.000000000000000000 ) ) ;
#5276 = EDGE_CURVE ( 'NONE', #541, #3682, #2262, .T. ) ;
#5277 = VECTOR ( 'NONE', #2227, 1000.000000000000000 ) ;
#5278 = CARTESIAN_POINT ( 'NONE',  ( 5.044741000755725402, -26.66118525018893237, 3.049999999999999822 ) ) ;
#5279 = VECTOR ( 'NONE', #3277, 999.9999999999998863 ) ;
#5280 = LINE ( 'NONE', #3420, #2123 ) ;
#5281 = DIRECTION ( 'NONE',  ( -0.8660254037844360431, -0.5000000000000044409, 0.000000000000000000 ) ) ;
#5282 = CARTESIAN_POINT ( 'NONE',  ( 0.5000000000000000000, -25.39999999999999858, 1.000000000000000000 ) ) ;
#5283 = EDGE_LOOP ( 'NONE', ( #3748, #3550, #6022, #96, #6054, #3463, #650, #3162 ) ) ;
#5284 = ADVANCED_FACE ( 'NONE', ( #1838 ), #6018, .T. ) ;
#5285 = ORIENTED_EDGE ( 'NONE', *, *, #2451, .F. ) ;
#5286 = DIRECTION ( 'NONE',  ( 0.000000000000000000, 0.000000000000000000, 1.000000000000000000 ) ) ;
#5287 = DIRECTION ( 'NONE',  ( 0.000000000000000000, 0.000000000000000000, 1.000000000000000000 ) ) ;
#5288 = EDGE_CURVE ( 'NONE', #233, #4708, #5959, .T. ) ;
#5289 = CARTESIAN_POINT ( 'NONE',  ( 0.000000000000000000, -25.39999999999999858, 2.286000000000000032 ) ) ;
#5290 = CARTESIAN_POINT ( 'NONE',  ( -6.350000000000001421, 0.000000000000000000, -1.000000000000000000 ) ) ;
#5291 = ORIENTED_EDGE ( 'NONE', *, *, #1977, .T. ) ;
#5292 = EDGE_CURVE ( 'NONE', #4543, #2758, #5175, .T. ) ;
#5293 = FACE_OUTER_BOUND ( 'NONE', #4560, .T. ) ;
#5294 = CARTESIAN_POINT ( 'NONE',  ( 6.350000000000001421, 0.000000000000000000, -2.286000000000000032 ) ) ;
#5295 = ORIENTED_EDGE ( 'NONE', *, *, #5539, .F. ) ;
#5296 = CYLINDRICAL_SURFACE ( 'NONE', #5979, 3.150000000000000799 ) ;
#5297 = EDGE_CURVE ( 'NONE', #2850, #5741, #2414, .T. ) ;
#5298 = DIRECTION ( 'NONE',  ( 0.8660254037844360431, 0.5000000000000044409, -0.000000000000000000 ) ) ;
#5299 = AXIS2_PLACEMENT_3D ( 'NONE', #5934, #1716, #3597 ) ;
#5300 = CARTESIAN_POINT ( 'NONE',  ( 0.000000000000000000, -12.69999999999999929, -1.000000000000000000 ) ) ;
#5301 = VERTEX_POINT ( 'NONE', #2628 ) ;
#5302 = ORIENTED_EDGE ( 'NONE', *, *, #3425, .F. ) ;
#5303 = VECTOR ( 'NONE', #6039, 1000.000000000000000 ) ;
#5304 = CARTESIAN_POINT ( 'NONE',  ( 0.000000000000000000, 0.000000000000000000, 1.000000000000000000 ) ) ;
#5305 = CARTESIAN_POINT ( 'NONE',  ( 0.000000000000000000, -12.69999999999999929, 2.286000000000000032 ) ) ;
#5306 = VECTOR ( 'NONE', #205, 1000.000000000000000 ) ;
#5307 = LINE ( 'NONE', #2064, #4020 ) ;
#5308 = LINE ( 'NONE', #5768, #1231 ) ;
#5309 = ORIENTED_EDGE ( 'NONE', *, *, #39, .T. ) ;
#5310 = CARTESIAN_POINT ( 'NONE',  ( 3.239935691983204524, -0.5000000000000000000, 2.286000000000000032 ) ) ;
#5311 = DIRECTION ( 'NONE',  ( -0.000000000000000000, -1.000000000000000000, -0.000000000000000000 ) ) ;
#5312 = EDGE_LOOP ( 'NONE', ( #5259, #1235, #447, #1783 ) ) ;
#5313 = ORIENTED_EDGE ( 'NONE', *, *, #2673, .F. ) ;
#5314 = DIRECTION ( 'NONE',  ( 0.000000000000000000, 0.000000000000000000, 1.000000000000000000 ) ) ;
#5315 = DIRECTION ( 'NONE',  ( -0.5000000000000001110, 0.8660254037844387076, 0.000000000000000000 ) ) ;
#5316 = ORIENTED_EDGE ( 'NONE', *, *, #527, .T. ) ;
#5317 = DIRECTION ( 'NONE',  ( -1.000000000000000000, 0.000000000000000000, -0.000000000000000000 ) ) ;
#5318 = EDGE_CURVE ( 'NONE', #1397, #2850, #4632, .T. ) ;
#5319 = ADVANCED_FACE ( 'NONE', ( #4537 ), #1702, .F. ) ;
#5320 = DIRECTION ( 'NONE',  ( 1.000000000000000000, 0.000000000000000000, 0.000000000000000000 ) ) ;
#5321 = EDGE_CURVE ( 'NONE', #5999, #923, #317, .T. ) ;
#5322 = ORIENTED_EDGE ( 'NONE', *, *, #2618, .T. ) ;
#5323 = DIRECTION ( 'NONE',  ( -0.000000000000000000, -0.000000000000000000, -1.000000000000000000 ) ) ;
#5324 = LINE ( 'NONE', #230, #432 ) ;
#5325 = ADVANCED_FACE ( 'NONE', ( #3678 ), #3614, .F. ) ;
#5326 = DIRECTION ( 'NONE',  ( -0.000000000000000000, -0.000000000000000000, -1.000000000000000000 ) ) ;
#5327 = ORIENTED_EDGE ( 'NONE', *, *, #2593, .F. ) ;
#5328 = DIRECTION ( 'NONE',  ( 0.8660254037844387076, 0.5000000000000001110, -0.000000000000000000 ) ) ;
#5329 = CARTESIAN_POINT ( 'NONE',  ( -2.943394698145813226, -11.57798054788380604, -1.000000000000000444 ) ) ;
#5330 = VERTEX_POINT ( 'NONE', #2167 ) ;
#5331 = ORIENTED_EDGE ( 'NONE', *, *, #3018, .F. ) ;
#5332 = VECTOR ( 'NONE', #3249, 1000.000000000000114 ) ;
#5333 = FACE_OUTER_BOUND ( 'NONE', #3766, .T. ) ;
#5334 = LINE ( 'NONE', #1132, #3197 ) ;
#5335 = FACE_OUTER_BOUND ( 'NONE', #3893, .T. ) ;
#5336 = LINE ( 'NONE', #1972, #1733 ) ;
#5337 = ORIENTED_EDGE ( 'NONE', *, *, #4075, .T. ) ;
#5338 = AXIS2_PLACEMENT_3D ( 'NONE', #3443, #2890, #3413 ) ;
#5339 = CARTESIAN_POINT ( 'NONE',  ( -6.350000000000001421, 6.200000000000000178, 1.000000000000000000 ) ) ;
#5340 = CARTESIAN_POINT ( 'NONE',  ( 0.9942388155425139207, 4.648654403270946034, 1.000000000000000444 ) ) ;
#5341 = ORIENTED_EDGE ( 'NONE', *, *, #619, .F. ) ;
#5342 = ORIENTED_EDGE ( 'NONE', *, *, #4936, .T. ) ;
#5343 = AXIS2_PLACEMENT_3D ( 'NONE', #2937, #1076, #3515 ) ;
#5344 = FACE_OUTER_BOUND ( 'NONE', #5312, .T. ) ;
#5345 = CARTESIAN_POINT ( 'NONE',  ( 6.095510970993385236, -22.45810536923829659, 2.286000000000000032 ) ) ;
#5346 = LINE ( 'NONE', #4068, #611 ) ;
#5347 = AXIS2_PLACEMENT_3D ( 'NONE', #1806, #2267, #2790 ) ;
#5348 = DIRECTION ( 'NONE',  ( 0.5000000000000038858, 0.8660254037844363761, 0.000000000000000000 ) ) ;
#5349 = VECTOR ( 'NONE', #4171, 1000.000000000000000 ) ;
#5350 = CARTESIAN_POINT ( 'NONE',  ( 2.443394698145809230, -14.68804485590062825, -1.000000000000000000 ) ) ;
#5351 = ORIENTED_EDGE ( 'NONE', *, *, #5018, .T. ) ;
#5352 = EDGE_CURVE ( 'NONE', #2664, #2271, #405, .T. ) ;
#5353 = DIRECTION ( 'NONE',  ( 0.000000000000000000, 0.000000000000000000, -1.000000000000000000 ) ) ;
#5354 = DIRECTION ( 'NONE',  ( 0.7071067811865476838, 0.7071067811865474617, -0.000000000000000000 ) ) ;
#5355 = DIRECTION ( 'NONE',  ( -1.000000000000000000, 0.000000000000000000, 0.000000000000000000 ) ) ;
#5356 = EDGE_LOOP ( 'NONE', ( #4663, #5351, #3652, #2432, #4213, #4182, #6014, #4740, #5579, #5049 ) ) ;
#5357 = DIRECTION ( 'NONE',  ( -0.2425356250363330801, -0.9701425001453318764, 0.000000000000000000 ) ) ;
#5358 = EDGE_CURVE ( 'NONE', #1868, #2330, #2201, .T. ) ;
#5359 = DIRECTION ( 'NONE',  ( 1.022195611122248045E-15, 1.000000000000000000, 0.000000000000000000 ) ) ;
#5360 = VECTOR ( 'NONE', #662, 1000.000000000000000 ) ;
#5361 = ORIENTED_EDGE ( 'NONE', *, *, #5920, .F. ) ;
#5362 = VERTEX_POINT ( 'NONE', #1205 ) ;
#5363 = EDGE_CURVE ( 'NONE', #1997, #4888, #3158, .T. ) ;
#5364 = CARTESIAN_POINT ( 'NONE',  ( -5.044741000755725402, -26.66118525018892882, 1.000000000000000000 ) ) ;
#5365 =( NAMED_UNIT ( * ) PLANE_ANGLE_UNIT ( ) SI_UNIT ( $, .RADIAN. ) );
#5366 = AXIS2_PLACEMENT_3D ( 'NONE', #5304, #2376, #2461 ) ;
#5367 = ADVANCED_FACE ( 'NONE', ( #3547 ), #3224, .T. ) ;
#5368 = DIRECTION ( 'NONE',  ( -0.2425356250363330801, -0.9701425001453318764, 0.000000000000000000 ) ) ;
#5369 = ORIENTED_EDGE ( 'NONE', *, *, #4159, .T. ) ;
#5370 = CIRCLE ( 'NONE', #2708, 3.149999999999999911 ) ;
#5371 = FACE_OUTER_BOUND ( 'NONE', #5972, .T. ) ;
#5372 = FACE_OUTER_BOUND ( 'NONE', #4541, .T. ) ;
#5373 = EDGE_CURVE ( 'NONE', #2157, #4121, #2290, .T. ) ;
#5374 = VECTOR ( 'NONE', #3920, 1000.000000000000000 ) ;
#5375 = ORIENTED_EDGE ( 'NONE', *, *, #5053, .F. ) ;
#5376 = EDGE_CURVE ( 'NONE', #2484, #1350, #811, .T. ) ;
#5377 = CARTESIAN_POINT ( 'NONE',  ( -3.110064308016796897, 0.5000000000000000000, 1.000000000000000000 ) ) ;
#5378 = PLANE ( 'NONE',  #3270 ) ;
#5379 = ORIENTED_EDGE ( 'NONE', *, *, #733, .T. ) ;
#5380 = CARTESIAN_POINT ( 'NONE',  ( 10.49660849440505928, -4.853715275591603096, 2.286000000000000032 ) ) ;
#5381 = DIRECTION ( 'NONE',  ( 0.8660254037844361541, 0.5000000000000043299, -0.000000000000000000 ) ) ;
#5382 = LINE ( 'NONE', #783, #1518 ) ;
#5383 = ORIENTED_EDGE ( 'NONE', *, *, #4040, .F. ) ;
#5384 = DIRECTION ( 'NONE',  ( 0.000000000000000000, 0.000000000000000000, 1.000000000000000000 ) ) ;
#5385 = DIRECTION ( 'NONE',  ( 0.000000000000000000, 0.000000000000000000, 1.000000000000000000 ) ) ;
#5386 = LINE ( 'NONE', #4487, #4608 ) ;
#5387 = VERTEX_POINT ( 'NONE', #782 ) ;
#5388 = DIRECTION ( 'NONE',  ( 0.000000000000000000, 0.000000000000000000, 1.000000000000000000 ) ) ;
#5389 = CARTESIAN_POINT ( 'NONE',  ( 8.223832970144352217, -2.580939751330898257, -2.286000000000000032 ) ) ;
#5390 = ORIENTED_EDGE ( 'NONE', *, *, #2815, .F. ) ;
#5391 = EDGE_CURVE ( 'NONE', #2135, #4654, #5370, .T. ) ;
#5392 = CARTESIAN_POINT ( 'NONE',  ( -2.943394698145819888, -26.52201945211616874, 2.286000000000000032 ) ) ;
#5393 = APPROVAL_ROLE ( '' ) ;
#5394 = CIRCLE ( 'NONE', #3823, 5.199999999999998401 ) ;
#5395 = ADVANCED_FACE ( 'NONE', ( #4111 ), #5989, .F. ) ;
#5396 = DIRECTION ( 'NONE',  ( -0.000000000000000000, -0.000000000000000000, -1.000000000000000000 ) ) ;
#5397 = DIRECTION ( 'NONE',  ( 1.000000000000000000, 0.000000000000000000, 0.000000000000000000 ) ) ;
#5398 = ORIENTED_EDGE ( 'NONE', *, *, #993, .T. ) ;
#5399 = AXIS2_PLACEMENT_3D ( 'NONE', #1844, #3260, #2825 ) ;
#5400 = CYLINDRICAL_SURFACE ( 'NONE', #1804, 3.149999999999999911 ) ;
#5401 = DIRECTION ( 'NONE',  ( 1.000000000000000000, 0.000000000000000000, -0.000000000000000000 ) ) ;
#5402 = CIRCLE ( 'NONE', #479, 3.149999999999999023 ) ;
#5403 = ORIENTED_EDGE ( 'NONE', *, *, #4648, .T. ) ;
#5404 = DIRECTION ( 'NONE',  ( 0.2425356250363329691, -0.9701425001453319874, 0.000000000000000000 ) ) ;
#5405 = FACE_OUTER_BOUND ( 'NONE', #336, .T. ) ;
#5406 = ORIENTED_EDGE ( 'NONE', *, *, #2565, .T. ) ;
#5407 = LINE ( 'NONE', #3060, #2793 ) ;
#5408 = DIRECTION ( 'NONE',  ( -0.000000000000000000, -0.000000000000000000, -1.000000000000000000 ) ) ;
#5409 = ORIENTED_EDGE ( 'NONE', *, *, #1099, .F. ) ;
#5410 = ORIENTED_EDGE ( 'NONE', *, *, #4225, .F. ) ;
#5411 = VERTEX_POINT ( 'NONE', #3190 ) ;
#5412 = DIRECTION ( 'NONE',  ( 1.000000000000000000, 0.000000000000000000, 0.000000000000000000 ) ) ;
#5413 = LINE ( 'NONE', #1178, #2194 ) ;
#5414 = DIRECTION ( 'NONE',  ( 0.000000000000000000, 0.000000000000000000, 1.000000000000000000 ) ) ;
#5415 = VERTEX_POINT ( 'NONE', #5072 ) ;
#5416 = DIRECTION ( 'NONE',  ( -0.000000000000000000, -0.000000000000000000, -1.000000000000000000 ) ) ;
#5417 = DIRECTION ( 'NONE',  ( 0.000000000000000000, 0.000000000000000000, 1.000000000000000000 ) ) ;
#5418 = ORIENTED_EDGE ( 'NONE', *, *, #3371, .F. ) ;
#5419 = CARTESIAN_POINT ( 'NONE',  ( 10.77945120687967950, -3.722344425693129288, 2.286000000000000032 ) ) ;
#5420 = VECTOR ( 'NONE', #1429, 999.9999999999998863 ) ;
#5421 = DIRECTION ( 'NONE',  ( -0.000000000000000000, 0.000000000000000000, -1.000000000000000000 ) ) ;
#5422 = DIRECTION ( 'NONE',  ( -0.8660254037844360431, -0.5000000000000044409, 0.000000000000000000 ) ) ;
#5423 = EDGE_CURVE ( 'NONE', #3994, #4543, #3490, .T. ) ;
#5424 = ADVANCED_FACE ( 'NONE', ( #2261 ), #4137, .T. ) ;
#5425 = EDGE_LOOP ( 'NONE', ( #2857, #3121, #3687, #1400 ) ) ;
#5426 = AXIS2_PLACEMENT_3D ( 'NONE', #2625, #4501, #4074 ) ;
#5427 = LINE ( 'NONE', #4930, #1598 ) ;
#5428 = CYLINDRICAL_SURFACE ( 'NONE', #4974, 6.199999999999999289 ) ;
#5429 = ORIENTED_EDGE ( 'NONE', *, *, #1326, .F. ) ;
#5430 = DIRECTION ( 'NONE',  ( -0.000000000000000000, -0.000000000000000000, -1.000000000000000000 ) ) ;
#5431 = DIRECTION ( 'NONE',  ( -0.000000000000000000, -0.000000000000000000, -1.000000000000000000 ) ) ;
#5432 = ADVANCED_FACE ( 'NONE', ( #4206 ), #1368, .T. ) ;
#5433 = VERTEX_POINT ( 'NONE', #2783 ) ;
#5434 = VECTOR ( 'NONE', #5723, 1000.000000000000000 ) ;
#5435 = CARTESIAN_POINT ( 'NONE',  ( 9.724771577087032881, -6.508050242971488153, -2.286000000000000032 ) ) ;
#5436 = DIRECTION ( 'NONE',  ( 0.000000000000000000, 0.000000000000000000, 1.000000000000000000 ) ) ;
#5437 = CARTESIAN_POINT ( 'NONE',  ( 6.095510970993385236, -22.45810536923829659, 1.000000000000000000 ) ) ;
#5438 = AXIS2_PLACEMENT_3D ( 'NONE', #4617, #2766, #1980 ) ;
#5439 = EDGE_LOOP ( 'NONE', ( #3774, #1925, #326, #2302 ) ) ;
#5440 = ORIENTED_EDGE ( 'NONE', *, *, #4421, .F. ) ;
#5441 = ORIENTED_EDGE ( 'NONE', *, *, #3995, .F. ) ;
#5442 = FACE_OUTER_BOUND ( 'NONE', #1924, .T. ) ;
#5443 = ADVANCED_FACE ( 'NONE', ( #5221 ), #5682, .F. ) ;
#5444 = CARTESIAN_POINT ( 'NONE',  ( 2.943394698145813670, -13.82201945211619254, -2.286000000000000032 ) ) ;
#5445 = CIRCLE ( 'NONE', #120, 3.149999999999999023 ) ;
#5446 = AXIS2_PLACEMENT_3D ( 'NONE', #316, #2660, #4536 ) ;
#5447 = DIRECTION ( 'NONE',  ( 1.000000000000000000, 0.000000000000000000, 0.000000000000000000 ) ) ;
#5448 = ORIENTED_EDGE ( 'NONE', *, *, #1991, .T. ) ;
#5449 = CARTESIAN_POINT ( 'NONE',  ( -2.068653347947322807, -24.78301270189222549, 2.286000000000000032 ) ) ;
#5450 = EDGE_CURVE ( 'NONE', #3176, #2631, #3712, .T. ) ;
#5451 = PLANE ( 'NONE',  #4222 ) ;
#5452 = ORIENTED_EDGE ( 'NONE', *, *, #944, .F. ) ;
#5453 = DIRECTION ( 'NONE',  ( -0.000000000000000000, -0.000000000000000000, -1.000000000000000000 ) ) ;
#5454 = CIRCLE ( 'NONE', #5938, 5.200000000000000178 ) ;
#5455 = CARTESIAN_POINT ( 'NONE',  ( 5.044741000755725402, -26.66118525018893237, 1.000000000000000000 ) ) ;
#5456 = CARTESIAN_POINT ( 'NONE',  ( 10.77945120687967950, -3.722344425693128844, 3.049999999999999822 ) ) ;
#5457 = VERTEX_POINT ( 'NONE', #1866 ) ;
#5458 = AXIS2_PLACEMENT_3D ( 'NONE', #3912, #4803, #89 ) ;
#5459 = VECTOR ( 'NONE', #371, 1000.000000000000000 ) ;
#5461 = EDGE_CURVE ( 'NONE', #2027, #5711, #67, .T. ) ;
#5460 = PLANE ( 'NONE',  #4451 ) ;
#5462 = DIRECTION ( 'NONE',  ( 0.8660254037844363761, -0.5000000000000038858, 0.000000000000000000 ) ) ;
#5463 = ORIENTED_EDGE ( 'NONE', *, *, #864, .F. ) ;
#5464 = LINE ( 'NONE', #1233, #4352 ) ;
#5465 = VECTOR ( 'NONE', #5408, 1000.000000000000000 ) ;
#5466 = DIRECTION ( 'NONE',  ( 0.000000000000000000, 0.000000000000000000, 1.000000000000000000 ) ) ;
#5467 = ORIENTED_EDGE ( 'NONE', *, *, #1777, .T. ) ;
#5468 = VECTOR ( 'NONE', #3004, 1000.000000000000000 ) ;
#5469 = AXIS2_PLACEMENT_3D ( 'NONE', #5030, #3153, #372 ) ;
#5470 = DIRECTION ( 'NONE',  ( -0.000000000000000000, -0.000000000000000000, -1.000000000000000000 ) ) ;
#5471 = ADVANCED_FACE ( 'NONE', ( #2904 ), #4316, .T. ) ;
#5472 = DIRECTION ( 'NONE',  ( 0.8660254037844387076, 0.5000000000000001110, -0.000000000000000000 ) ) ;
#5473 = LINE ( 'NONE', #5008, #533 ) ;
#5474 = ORIENTED_EDGE ( 'NONE', *, *, #4780, .F. ) ;
#5475 = ORIENTED_EDGE ( 'NONE', *, *, #4491, .T. ) ;
#5476 = ADVANCED_FACE ( 'NONE', ( #500 ), #5163, .F. ) ;
#5477 = ORIENTED_EDGE ( 'NONE', *, *, #1536, .T. ) ;
#5478 = DIRECTION ( 'NONE',  ( -1.000000000000000000, 0.000000000000000000, 0.000000000000000000 ) ) ;
#5479 = VECTOR ( 'NONE', #1916, 1000.000000000000000 ) ;
#5480 = DIRECTION ( 'NONE',  ( -1.000000000000000000, 0.000000000000000000, 0.000000000000000000 ) ) ;
#5481 = DIRECTION ( 'NONE',  ( 0.000000000000000000, 0.000000000000000000, 1.000000000000000000 ) ) ;
#5482 = ADVANCED_FACE ( 'NONE', ( #4261 ), #5594, .T. ) ;
#5483 = ORIENTED_EDGE ( 'NONE', *, *, #5810, .T. ) ;
#5484 = DIRECTION ( 'NONE',  ( -0.7071067811865476838, -0.7071067811865474617, -0.000000000000000000 ) ) ;
#5485 = FACE_OUTER_BOUND ( 'NONE', #800, .T. ) ;
#5486 = VERTEX_POINT ( 'NONE', #442 ) ;
#5487 = EDGE_CURVE ( 'NONE', #1433, #3871, #987, .T. ) ;
#5488 = CARTESIAN_POINT ( 'NONE',  ( -0.2500000000000047740, -24.96698729810777095, -1.000000000000000000 ) ) ;
#5489 = CARTESIAN_POINT ( 'NONE',  ( 2.068653347947319698, -13.31698729810779014, -2.286000000000000032 ) ) ;
#5490 = DIRECTION ( 'NONE',  ( 0.000000000000000000, 0.000000000000000000, 1.000000000000000000 ) ) ;
#5491 = ORIENTED_EDGE ( 'NONE', *, *, #1837, .T. ) ;
#5492 = CARTESIAN_POINT ( 'NONE',  ( 0.4242640687119286769, 4.078679656440360013, 3.049999999999999822 ) ) ;
#5493 = VECTOR ( 'NONE', #3324, 1000.000000000000114 ) ;
#5494 = FACE_OUTER_BOUND ( 'NONE', #1875, .T. ) ;
#5495 = CARTESIAN_POINT ( 'NONE',  ( -11.39474100075572593, -1.261185250188932683, 3.049999999999999822 ) ) ;
#5496 = DIRECTION ( 'NONE',  ( 1.000000000000000000, 0.000000000000000000, 0.000000000000000000 ) ) ;
#5497 = CARTESIAN_POINT ( 'NONE',  ( -2.100000000000000089, -25.39999999999999858, -2.286000000000000032 ) ) ;
#5498 = VECTOR ( 'NONE', #2301, 1000.000000000000000 ) ;
#5499 = ORIENTED_EDGE ( 'NONE', *, *, #1245, .T. ) ;
#5500 = ORIENTED_EDGE ( 'NONE', *, *, #109, .T. ) ;
#5501 = DIRECTION ( 'NONE',  ( 1.000000000000000000, 2.202823461557851130E-15, 0.000000000000000000 ) ) ;
#5502 = CARTESIAN_POINT ( 'NONE',  ( -9.500000000000001776, 0.000000000000000000, 2.286000000000000032 ) ) ;
#5503 = LINE ( 'NONE', #5960, #933 ) ;
#5504 = ORIENTED_EDGE ( 'NONE', *, *, #865, .T. ) ;
#5505 = VERTEX_POINT ( 'NONE', #40 ) ;
#5506 = EDGE_LOOP ( 'NONE', ( #3951, #848, #669, #6091 ) ) ;
#5507 = VERTEX_POINT ( 'NONE', #2819 ) ;
#5508 = LINE ( 'NONE', #3164, #4454 ) ;
#5509 = EDGE_CURVE ( 'NONE', #2132, #1868, #4874, .T. ) ;
#5510 = ADVANCED_FACE ( 'NONE', ( #3744 ), #5622, .F. ) ;
#5511 = CC_DESIGN_PERSON_AND_ORGANIZATION_ASSIGNMENT ( #700, #4062, ( #1421 ) ) ;
#5512 = CARTESIAN_POINT ( 'NONE',  ( 0.4242640687119303977, 4.078679656440361789, 3.049999999999999822 ) ) ;
#5513 = VERTEX_POINT ( 'NONE', #3803 ) ;
#5514 = CARTESIAN_POINT ( 'NONE',  ( -15.52144660940672338, -9.878553390593269867, -1.000000000000000000 ) ) ;
#5515 = CARTESIAN_POINT ( 'NONE',  ( -2.943394698145820776, -24.27798054788382842, 1.000000000000000000 ) ) ;
#5516 = EDGE_CURVE ( 'NONE', #2374, #2448, #4698, .T. ) ;
#5517 = ORIENTED_EDGE ( 'NONE', *, *, #3465, .F. ) ;
#5518 = DIRECTION ( 'NONE',  ( 0.000000000000000000, 0.000000000000000000, 1.000000000000000000 ) ) ;
#5519 = CARTESIAN_POINT ( 'NONE',  ( -4.504405828468349249, 2.552700952718197858, 1.000000000000000000 ) ) ;
#5520 = CARTESIAN_POINT ( 'NONE',  ( 0.000000000000000000, -25.39999999999999858, 3.049999999999999822 ) ) ;
#5521 = EDGE_CURVE ( 'NONE', #3887, #3303, #2873, .T. ) ;
#5522 = VERTEX_POINT ( 'NONE', #525 ) ;
#5523 = ORIENTED_EDGE ( 'NONE', *, *, #2110, .T. ) ;
#5524 = DIRECTION ( 'NONE',  ( -0.000000000000000000, -0.000000000000000000, -1.000000000000000000 ) ) ;
#5525 = DIRECTION ( 'NONE',  ( 0.000000000000000000, 0.000000000000000000, 1.000000000000000000 ) ) ;
#5526 = CYLINDRICAL_SURFACE ( 'NONE', #5048, 3.149999999999999911 ) ;
#5527 = CARTESIAN_POINT ( 'NONE',  ( -7.584628110303607507, -16.50163681199741461, -2.286000000000000032 ) ) ;
#5528 = VERTEX_POINT ( 'NONE', #1947 ) ;
#5529 = CARTESIAN_POINT ( 'NONE',  ( 0.000000000000000000, -25.39999999999999858, 1.000000000000000000 ) ) ;
#5530 = DIRECTION ( 'NONE',  ( 0.000000000000000000, 1.000000000000000000, 0.000000000000000000 ) ) ;
#5531 = DIRECTION ( 'NONE',  ( -0.7071067811865474617, 0.7071067811865476838, 0.000000000000000000 ) ) ;
#5532 = EDGE_LOOP ( 'NONE', ( #3901, #4203, #698, #4624 ) ) ;
#5533 = ORIENTED_EDGE ( 'NONE', *, *, #3554, .T. ) ;
#5534 = ORIENTED_EDGE ( 'NONE', *, *, #2168, .F. ) ;
#5535 = CARTESIAN_POINT ( 'NONE',  ( 2.443394698145808785, -10.71195514409937033, 2.286000000000000032 ) ) ;
#5536 = CIRCLE ( 'NONE', #4938, 5.200000000000000178 ) ;
#5537 = CARTESIAN_POINT ( 'NONE',  ( -6.350000000000001421, 0.000000000000000000, 3.049999999999999822 ) ) ;
#5538 = ORIENTED_EDGE ( 'NONE', *, *, #2805, .T. ) ;
#5539 = EDGE_CURVE ( 'NONE', #1563, #2734, #5763, .T. ) ;
#5540 = DIRECTION ( 'NONE',  ( 0.000000000000000000, 0.000000000000000000, 1.000000000000000000 ) ) ;
#5541 = CARTESIAN_POINT ( 'NONE',  ( 6.350000000000001421, 0.000000000000000000, -3.049999999999999822 ) ) ;
#5542 = VECTOR ( 'NONE', #5032, 999.9999999999998863 ) ;
#5543 = VERTEX_POINT ( 'NONE', #558 ) ;
#5544 = VECTOR ( 'NONE', #781, 1000.000000000000000 ) ;
#5545 = VECTOR ( 'NONE', #568, 1000.000000000000000 ) ;
#5546 = CARTESIAN_POINT ( 'NONE',  ( 2.100000000000000089, -0.5000000000000000000, 2.286000000000000032 ) ) ;
#5547 = EDGE_CURVE ( 'NONE', #1633, #3160, #2439, .T. ) ;
#5548 = VECTOR ( 'NONE', #1485, 1000.000000000000000 ) ;
#5549 = CARTESIAN_POINT ( 'NONE',  ( 8.195594171531652705, -2.552700952718197858, 1.000000000000000000 ) ) ;
#5550 = ADVANCED_FACE ( 'NONE', ( #158 ), #2041, .T. ) ;
#5551 = DIRECTION ( 'NONE',  ( 0.000000000000000000, 0.000000000000000000, 1.000000000000000000 ) ) ;
#5552 = EDGE_LOOP ( 'NONE', ( #3285, #4160, #1241, #688 ) ) ;
#5553 = ORIENTED_EDGE ( 'NONE', *, *, #973, .T. ) ;
#5554 = DIRECTION ( 'NONE',  ( -0.8660254037844384856, 0.5000000000000004441, 0.000000000000000000 ) ) ;
#5555 = DIRECTION ( 'NONE',  ( 1.000000000000000000, 0.000000000000000000, 0.000000000000000000 ) ) ;
#5556 = EDGE_CURVE ( 'NONE', #233, #3367, #2532, .T. ) ;
#5557 = CARTESIAN_POINT ( 'NONE',  ( 3.797299047281804008, 1.845594171531652616, 2.286000000000000032 ) ) ;
#5558 = DIRECTION ( 'NONE',  ( 0.000000000000000000, -0.000000000000000000, -1.000000000000000000 ) ) ;
#5559 = PERSON ( 'UNSPECIFIED', 'UNSPECIFIED', 'UNSPECIFIED', ('UNSPECIFIED'), ('UNSPECIFIED'), ('UNSPECIFIED') ) ;
#5560 = ORIENTED_EDGE ( 'NONE', *, *, #3262, .T. ) ;
#5561 = DIRECTION ( 'NONE',  ( -0.7071067811865474617, 0.7071067811865474617, 0.000000000000000000 ) ) ;
#5562 = CARTESIAN_POINT ( 'NONE',  ( -8.902700952718200611, -1.845594171531650618, 2.286000000000000032 ) ) ;
#5563 = EDGE_CURVE ( 'NONE', #4001, #5992, #3696, .T. ) ;
#5564 = LINE ( 'NONE', #5595, #342 ) ;
#5565 = AXIS2_PLACEMENT_3D ( 'NONE', #225, #4080, #3062 ) ;
#5566 = ORIENTED_EDGE ( 'NONE', *, *, #1690, .T. ) ;
#5567 = ORIENTED_EDGE ( 'NONE', *, *, #5879, .T. ) ;
#5568 = ORIENTED_EDGE ( 'NONE', *, *, #4821, .T. ) ;
#5569 = ORIENTED_EDGE ( 'NONE', *, *, #2452, .T. ) ;
#5570 = DIRECTION ( 'NONE',  ( 1.000000000000000000, 0.000000000000000000, 0.000000000000000000 ) ) ;
#5571 = AXIS2_PLACEMENT_3D ( 'NONE', #5671, #1439, #4686 ) ;
#5572 = VECTOR ( 'NONE', #2849, 1000.000000000000000 ) ;
#5573 = CARTESIAN_POINT ( 'NONE',  ( -10.77945120687967595, -3.722344425693125736, 1.000000000000000000 ) ) ;
#5574 = ORIENTED_EDGE ( 'NONE', *, *, #3693, .T. ) ;
#5575 = VECTOR ( 'NONE', #5799, 1000.000000000000000 ) ;
#5576 = VECTOR ( 'NONE', #5158, 1000.000000000000000 ) ;
#5577 = LINE ( 'NONE', #417, #4348 ) ;
#5578 = CARTESIAN_POINT ( 'NONE',  ( 1.969604420978331824E-16, 3.654415587728431447, 3.049999999999999822 ) ) ;
#5579 = ORIENTED_EDGE ( 'NONE', *, *, #2815, .T. ) ;
#5580 = CARTESIAN_POINT ( 'NONE',  ( -4.511522368914977044, 1.131370849898475139, 2.286000000000000032 ) ) ;
#5581 = DIRECTION ( 'NONE',  ( -0.8660254037844360431, -0.5000000000000044409, 0.000000000000000000 ) ) ;
#5582 = PLANE ( 'NONE',  #1459 ) ;
#5583 = ORIENTED_EDGE ( 'NONE', *, *, #910, .F. ) ;
#5584 = ORIENTED_EDGE ( 'NONE', *, *, #5025, .T. ) ;
#5585 = EDGE_CURVE ( 'NONE', #1571, #4846, #2716, .T. ) ;
#5586 = PRODUCT_RELATED_PRODUCT_CATEGORY ( 'detail', '', ( #3797 ) ) ;
#5587 = DIRECTION ( 'NONE',  ( 1.000000000000000000, 1.365923996832131116E-16, -0.000000000000000000 ) ) ;
#5588 = DIRECTION ( 'NONE',  ( 0.8660254037844395958, 0.4999999999999981681, -0.000000000000000000 ) ) ;
#5589 = CARTESIAN_POINT ( 'NONE',  ( 2.068653347947322807, -24.78301270189222549, -2.286000000000000032 ) ) ;
#5590 = LINE ( 'NONE', #5098, #5332 ) ;
#5591 = EDGE_LOOP ( 'NONE', ( #958, #2204, #502, #4891 ) ) ;
#5592 = EDGE_CURVE ( 'NONE', #4375, #438, #3398, .T. ) ;
#5593 = DIRECTION ( 'NONE',  ( 0.7071067811865475727, 0.7071067811865475727, -0.000000000000000000 ) ) ;
#5594 = PLANE ( 'NONE',  #5179 ) ;
#5595 = CARTESIAN_POINT ( 'NONE',  ( -0.5000000000000000000, -2.100000000000000089, -2.286000000000000032 ) ) ;
#5596 = ORIENTED_EDGE ( 'NONE', *, *, #5276, .F. ) ;
#5597 = VECTOR ( 'NONE', #4357, 999.9999999999998863 ) ;
#5598 = ORIENTED_EDGE ( 'NONE', *, *, #809, .T. ) ;
#5599 = ORIENTED_EDGE ( 'NONE', *, *, #1594, .F. ) ;
#5600 = EDGE_LOOP ( 'NONE', ( #4269, #2332, #3988, #4526 ) ) ;
#5601 = CARTESIAN_POINT ( 'NONE',  ( -6.350000000000001421, 0.000000000000000000, 2.286000000000000032 ) ) ;
#5602 = CIRCLE ( 'NONE', #1859, 3.150000000000000355 ) ;
#5603 = CARTESIAN_POINT ( 'NONE',  ( 0.000000000000000000, -25.39999999999999858, 1.000000000000000000 ) ) ;
#5604 = ORIENTED_EDGE ( 'NONE', *, *, #3049, .T. ) ;
#5605 = AXIS2_PLACEMENT_3D ( 'NONE', #1654, #4550, #2671 ) ;
#5606 = CARTESIAN_POINT ( 'NONE',  ( -3.149999999999999023, -25.39999999999999858, 2.286000000000000032 ) ) ;
#5607 = FACE_OUTER_BOUND ( 'NONE', #410, .T. ) ;
#5608 = ORIENTED_EDGE ( 'NONE', *, *, #81, .F. ) ;
#5609 = CARTESIAN_POINT ( 'NONE',  ( 1.857106781186555367, 5.200000000000000178, 3.049999999999999822 ) ) ;
#5610 = DIRECTION ( 'NONE',  ( 0.000000000000000000, 0.000000000000000000, 1.000000000000000000 ) ) ;
#5611 = CARTESIAN_POINT ( 'NONE',  ( -3.110064308016796897, -0.5000000000000000000, -2.286000000000000032 ) ) ;
#5612 = ORIENTED_EDGE ( 'NONE', *, *, #5998, .T. ) ;
#5613 = ORIENTED_EDGE ( 'NONE', *, *, #2912, .T. ) ;
#5614 = CYLINDRICAL_SURFACE ( 'NONE', #2902, 3.149999999999999023 ) ;
#5615 = DIRECTION ( 'NONE',  ( 0.9701425001453319874, 0.2425356250363329691, -0.000000000000000000 ) ) ;
#5616 = EDGE_CURVE ( 'NONE', #1790, #4187, #2068, .T. ) ;
#5617 = ADVANCED_FACE ( 'NONE', ( #5372 ), #1165, .F. ) ;
#5618 = DIRECTION ( 'NONE',  ( 1.000000000000000000, 0.000000000000000000, 0.000000000000000000 ) ) ;
#5619 = DIRECTION ( 'NONE',  ( -0.000000000000000000, -0.000000000000000000, -1.000000000000000000 ) ) ;
#5620 = VERTEX_POINT ( 'NONE', #5340 ) ;
#5621 = PLANE ( 'NONE',  #5050 ) ;
#5622 = PLANE ( 'NONE',  #1525 ) ;
#5623 = ORIENTED_EDGE ( 'NONE', *, *, #2067, .F. ) ;
#5624 = EDGE_CURVE ( 'NONE', #786, #1161, #2500, .T. ) ;
#5625 = ORIENTED_EDGE ( 'NONE', *, *, #532, .T. ) ;
#5626 = VERTEX_POINT ( 'NONE', #2992 ) ;
#5627 = ORIENTED_EDGE ( 'NONE', *, *, #3134, .T. ) ;
#5628 = CARTESIAN_POINT ( 'NONE',  ( 0.000000000000000000, -25.39999999999999858, 2.286000000000000032 ) ) ;
#5629 = AXIS2_PLACEMENT_3D ( 'NONE', #4935, #1198, #313 ) ;
#5630 = DIRECTION ( 'NONE',  ( -0.000000000000000000, -0.000000000000000000, -1.000000000000000000 ) ) ;
#5631 = ORIENTED_EDGE ( 'NONE', *, *, #5802, .T. ) ;
#5632 = EDGE_CURVE ( 'NONE', #1521, #903, #2221, .T. ) ;
#5633 = DIRECTION ( 'NONE',  ( 0.000000000000000000, 0.000000000000000000, -1.000000000000000000 ) ) ;
#5634 = EDGE_LOOP ( 'NONE', ( #3098, #3016, #2263, #2789 ) ) ;
#5635 = EDGE_CURVE ( 'NONE', #473, #1552, #1046, .T. ) ;
#5636 = LINE ( 'NONE', #948, #5955 ) ;
#5637 = EDGE_CURVE ( 'NONE', #1355, #4355, #1570, .T. ) ;
#5638 = CIRCLE ( 'NONE', #4156, 3.150000000000000799 ) ;
#5639 = LINE ( 'NONE', #6068, #2022 ) ;
#5640 = PLANE ( 'NONE',  #3632 ) ;
#5641 = ORIENTED_EDGE ( 'NONE', *, *, #1905, .F. ) ;
#5642 = VERTEX_POINT ( 'NONE', #123 ) ;
#5643 = VECTOR ( 'NONE', #4027, 1000.000000000000000 ) ;
#5644 = CIRCLE ( 'NONE', #4849, 3.149999999999999023 ) ;
#5645 = DIRECTION ( 'NONE',  ( -0.000000000000000000, -0.000000000000000000, -1.000000000000000000 ) ) ;
#5646 = LINE ( 'NONE', #5126, #2914 ) ;
#5647 = CARTESIAN_POINT ( 'NONE',  ( 0.000000000000000000, -25.39999999999999858, -1.000000000000000000 ) ) ;
#5648 = CARTESIAN_POINT ( 'NONE',  ( -9.500000000000001776, 0.000000000000000000, 2.286000000000000032 ) ) ;
#5649 = ORIENTED_EDGE ( 'NONE', *, *, #644, .F. ) ;
#5650 = ADVANCED_FACE ( 'NONE', ( #2008 ), #95, .T. ) ;
#5651 = FACE_OUTER_BOUND ( 'NONE', #5703, .T. ) ;
#5652 = DIRECTION ( 'NONE',  ( -1.000000000000000000, 0.000000000000000000, 0.000000000000000000 ) ) ;
#5653 = VERTEX_POINT ( 'NONE', #1975 ) ;
#5654 = ORIENTED_EDGE ( 'NONE', *, *, #4433, .F. ) ;
#5655 = EDGE_LOOP ( 'NONE', ( #4381, #5331, #855, #3131 ) ) ;
#5656 = ORIENTED_EDGE ( 'NONE', *, *, #4893, .T. ) ;
#5657 = AXIS2_PLACEMENT_3D ( 'NONE', #1960, #5177, #2829 ) ;
#5658 = DIRECTION ( 'NONE',  ( 0.000000000000000000, 0.000000000000000000, 1.000000000000000000 ) ) ;
#5659 = EDGE_CURVE ( 'NONE', #253, #2171, #1604, .T. ) ;
#5660 = LINE ( 'NONE', #941, #5984 ) ;
#5661 = EDGE_CURVE ( 'NONE', #2161, #2978, #5739, .T. ) ;
#5662 = VECTOR ( 'NONE', #2580, 1000.000000000000000 ) ;
#5663 = ORIENTED_EDGE ( 'NONE', *, *, #656, .T. ) ;
#5664 = DIRECTION ( 'NONE',  ( 0.8660254037844360431, 0.5000000000000044409, -0.000000000000000000 ) ) ;
#5665 = AXIS2_PLACEMENT_3D ( 'NONE', #2169, #2595, #5865 ) ;
#5666 = ORIENTED_EDGE ( 'NONE', *, *, #1258, .T. ) ;
#5667 = AXIS2_PLACEMENT_3D ( 'NONE', #5120, #5518, #1285 ) ;
#5668 = EDGE_CURVE ( 'NONE', #6020, #3578, #3950, .T. ) ;
#5669 = CIRCLE ( 'NONE', #3010, 3.149999999999999467 ) ;
#5670 = DIRECTION ( 'NONE',  ( -0.000000000000000000, -0.000000000000000000, -1.000000000000000000 ) ) ;
#5671 = CARTESIAN_POINT ( 'NONE',  ( 2.100000000000000089, -0.5000000000000000000, -2.286000000000000032 ) ) ;
#5672 = CARTESIAN_POINT ( 'NONE',  ( 6.350000000000001421, 0.000000000000000000, 2.286000000000000032 ) ) ;
#5673 = ADVANCED_FACE ( 'NONE', ( #5829 ), #3981, .T. ) ;
#5674 = VERTEX_POINT ( 'NONE', #1635 ) ;
#5675 = VERTEX_POINT ( 'NONE', #3484 ) ;
#5676 = LINE ( 'NONE', #5187, #1515 ) ;
#5677 = DIRECTION ( 'NONE',  ( -0.4999999999999975020, -0.8660254037844400399, 0.000000000000000000 ) ) ;
#5678 = DIRECTION ( 'NONE',  ( 0.8660254037844360431, 0.5000000000000044409, -0.000000000000000000 ) ) ;
#5679 = CARTESIAN_POINT ( 'NONE',  ( -6.350000000000001421, 6.199999999999999289, 3.049999999999999822 ) ) ;
#5680 = ORIENTED_EDGE ( 'NONE', *, *, #386, .T. ) ;
#5681 = CARTESIAN_POINT ( 'NONE',  ( 0.000000000000000000, -25.39999999999999858, 2.286000000000000032 ) ) ;
#5682 = PLANE ( 'NONE',  #3998 ) ;
#5683 = ORIENTED_EDGE ( 'NONE', *, *, #5769, .T. ) ;
#5684 = ORIENTED_EDGE ( 'NONE', *, *, #4893, .F. ) ;
#5685 = VERTEX_POINT ( 'NONE', #3086 ) ;
#5686 = CARTESIAN_POINT ( 'NONE',  ( 4.250000000000000000, 0.000000000000000000, 1.000000000000000000 ) ) ;
#5687 = CYLINDRICAL_SURFACE ( 'NONE', #3676, 2.100000000000000089 ) ;
#5688 = CIRCLE ( 'NONE', #3030, 3.150000000000000355 ) ;
#5689 = VERTEX_POINT ( 'NONE', #2223 ) ;
#5690 = ADVANCED_FACE ( 'NONE', ( #3540 ), #5428, .T. ) ;
#5691 = EDGE_CURVE ( 'NONE', #5513, #5674, #743, .T. ) ;
#5692 = DIRECTION ( 'NONE',  ( -1.000000000000000000, 0.000000000000000000, 0.000000000000000000 ) ) ;
#5693 = CIRCLE ( 'NONE', #868, 5.199999999999998401 ) ;
#5694 = VERTEX_POINT ( 'NONE', #2193 ) ;
#5695 = EDGE_CURVE ( 'NONE', #3792, #2715, #4684, .T. ) ;
#5696 = DIRECTION ( 'NONE',  ( -1.000000000000000000, 0.000000000000000000, 0.000000000000000000 ) ) ;
#5697 = AXIS2_PLACEMENT_3D ( 'NONE', #2128, #1190, #702 ) ;
#5698 = CYLINDRICAL_SURFACE ( 'NONE', #5081, 6.200000000000001066 ) ;
#5699 = CARTESIAN_POINT ( 'NONE',  ( -0.5000000000000000000, -3.110064308016796897, 1.000000000000000000 ) ) ;
#5700 = ADVANCED_FACE ( 'NONE', ( #2255 ), #4013, .T. ) ;
#5701 = DIRECTION ( 'NONE',  ( 1.000000000000000000, 0.000000000000000000, -0.000000000000000000 ) ) ;
#5702 = VERTEX_POINT ( 'NONE', #1193 ) ;
#5703 = EDGE_LOOP ( 'NONE', ( #484, #1495, #5218, #4609, #2491, #3598 ) ) ;
#5704 = CARTESIAN_POINT ( 'NONE',  ( 3.110064308016796897, -0.5000000000000000000, 2.286000000000000032 ) ) ;
#5705 = CARTESIAN_POINT ( 'NONE',  ( 6.350000000000001421, 5.200000000000001066, -3.049999999999999822 ) ) ;
#5706 = CARTESIAN_POINT ( 'NONE',  ( 0.5000000000000000000, -2.100000000000000089, 2.286000000000000032 ) ) ;
#5707 = CARTESIAN_POINT ( 'NONE',  ( -5.749261314031218539, -15.44198729810784165, 1.000000000000000000 ) ) ;
#5708 = ORIENTED_EDGE ( 'NONE', *, *, #5802, .F. ) ;
#5709 = CARTESIAN_POINT ( 'NONE',  ( 0.5000000000000000000, -14.80000000000000071, -2.286000000000000032 ) ) ;
#5710 = DIRECTION ( 'NONE',  ( 1.000000000000000000, 0.000000000000000000, -0.000000000000000000 ) ) ;
#5711 = VERTEX_POINT ( 'NONE', #5946 ) ;
#5712 = ORIENTED_EDGE ( 'NONE', *, *, #3625, .T. ) ;
#5713 = CARTESIAN_POINT ( 'NONE',  ( 3.110064308016796897, -0.5000000000000000000, -2.286000000000000032 ) ) ;
#5714 = CARTESIAN_POINT ( 'NONE',  ( -7.584628110303605730, -16.50163681199741461, 3.049999999999999822 ) ) ;
#5715 = DIRECTION ( 'NONE',  ( 0.000000000000000000, 0.000000000000000000, 1.000000000000000000 ) ) ;
#5716 = ORIENTED_EDGE ( 'NONE', *, *, #6066, .T. ) ;
#5717 = PLANE ( 'NONE',  #4077 ) ;
#5718 = CYLINDRICAL_SURFACE ( 'NONE', #959, 2.100000000000000977 ) ;
#5719 = ORIENTED_EDGE ( 'NONE', *, *, #2348, .T. ) ;
#5720 = AXIS2_PLACEMENT_3D ( 'NONE', #4017, #5466, #4045 ) ;
#5721 = EDGE_CURVE ( 'NONE', #831, #2325, #4105, .T. ) ;
#5722 = CARTESIAN_POINT ( 'NONE',  ( 5.249261314031213210, -16.30801270189227026, -1.000000000000000000 ) ) ;
#5723 = DIRECTION ( 'NONE',  ( 0.7071067811865476838, -0.7071067811865474617, -0.000000000000000000 ) ) ;
#5724 = CARTESIAN_POINT ( 'NONE',  ( -0.4242640687119311749, 4.078679656440362677, 3.049999999999999822 ) ) ;
#5725 = VECTOR ( 'NONE', #1787, 1000.000000000000114 ) ;
#5726 = ORIENTED_EDGE ( 'NONE', *, *, #3424, .T. ) ;
#5727 = ORIENTED_EDGE ( 'NONE', *, *, #4900, .T. ) ;
#5728 = ADVANCED_FACE ( 'NONE', ( #2159 ), #4964, .T. ) ;
#5729 = DIRECTION ( 'NONE',  ( -0.000000000000000000, -0.000000000000000000, -1.000000000000000000 ) ) ;
#5730 = DIRECTION ( 'NONE',  ( -0.000000000000000000, -1.000000000000000000, 0.000000000000000000 ) ) ;
#5731 = EDGE_CURVE ( 'NONE', #1910, #4375, #4042, .T. ) ;
#5732 = DIRECTION ( 'NONE',  ( -0.7071067811865479058, -0.7071067811865470176, 0.000000000000000000 ) ) ;
#5733 = CARTESIAN_POINT ( 'NONE',  ( -0.5000000000000000000, -15.81006430801679841, 2.286000000000000032 ) ) ;
#5734 = VECTOR ( 'NONE', #2406, 1000.000000000000000 ) ;
#5735 = VECTOR ( 'NONE', #4109, 1000.000000000000000 ) ;
#5736 = EDGE_CURVE ( 'NONE', #2387, #2252, #5914, .T. ) ;
#5737 = CIRCLE ( 'NONE', #3080, 3.149999999999999467 ) ;
#5738 = DIRECTION ( 'NONE',  ( -0.000000000000000000, -0.000000000000000000, -1.000000000000000000 ) ) ;
#5739 = LINE ( 'NONE', #2933, #842 ) ;
#5740 = VERTEX_POINT ( 'NONE', #1666 ) ;
#5741 = VERTEX_POINT ( 'NONE', #3572 ) ;
#5742 = CIRCLE ( 'NONE', #3570, 2.100000000000000977 ) ;
#5743 = CARTESIAN_POINT ( 'NONE',  ( -4.232465839245187489, -28.42096556081371261, -1.000000000000000000 ) ) ;
#5744 = CARTESIAN_POINT ( 'NONE',  ( -3.110064308016796897, -0.5000000000000000000, 2.286000000000000032 ) ) ;
#5745 = CARTESIAN_POINT ( 'NONE',  ( 6.432881321217875481, -21.10862396834033561, -1.000000000000000000 ) ) ;
#5746 = ADVANCED_FACE ( 'NONE', ( #775 ), #4565, .F. ) ;
#5747 = EDGE_CURVE ( 'NONE', #2845, #1988, #2654, .T. ) ;
#5748 = FACE_OUTER_BOUND ( 'NONE', #6002, .T. ) ;
#5749 = EDGE_LOOP ( 'NONE', ( #1027, #4250, #4447, #3186, #5961 ) ) ;
#5750 = VECTOR ( 'NONE', #1117, 1000.000000000000000 ) ;
#5751 = CARTESIAN_POINT ( 'NONE',  ( -3.110064308016796897, 0.5000000000000000000, 2.286000000000000032 ) ) ;
#5752 = FACE_OUTER_BOUND ( 'NONE', #5356, .T. ) ;
#5753 = ORIENTED_EDGE ( 'NONE', *, *, #3812, .T. ) ;
#5754 = CC_DESIGN_APPROVAL ( #4408, ( #5943 ) ) ;
#5755 = CIRCLE ( 'NONE', #731, 3.150000000000000799 ) ;
#5756 = CARTESIAN_POINT ( 'NONE',  ( 4.732465839245183048, -27.55494015702928223, -2.286000000000000032 ) ) ;
#5757 = CIRCLE ( 'NONE', #5565, 3.149999999999999023 ) ;
#5758 = CARTESIAN_POINT ( 'NONE',  ( -0.5000000000000000000, -14.80000000000000071, -2.286000000000000032 ) ) ;
#5759 = VECTOR ( 'NONE', #2709, 1000.000000000000114 ) ;
#5760 = CARTESIAN_POINT ( 'NONE',  ( 0.000000000000000000, -12.69999999999999929, -2.286000000000000032 ) ) ;
#5761 = ORIENTED_EDGE ( 'NONE', *, *, #2307, .T. ) ;
#5762 = ORIENTED_EDGE ( 'NONE', *, *, #2827, .F. ) ;
#5763 = CIRCLE ( 'NONE', #1030, 3.149999999999999911 ) ;
#5764 = CARTESIAN_POINT ( 'NONE',  ( -2.943394698145813226, -11.57798054788380604, 1.000000000000000000 ) ) ;
#5765 = CARTESIAN_POINT ( 'NONE',  ( -0.5000000000000000000, -15.81006430801679841, -1.000000000000000000 ) ) ;
#5766 = VECTOR ( 'NONE', #3363, 1000.000000000000000 ) ;
#5767 = DIRECTION ( 'NONE',  ( 1.000000000000000000, 0.000000000000000000, 0.000000000000000000 ) ) ;
#5769 = EDGE_CURVE ( 'NONE', #2282, #1772, #4093, .T. ) ;
#5768 = CARTESIAN_POINT ( 'NONE',  ( -11.54999999999999893, 0.000000000000000000, 3.049999999999999822 ) ) ;
#5770 = EDGE_CURVE ( 'NONE', #5965, #5016, #310, .T. ) ;
#5771 = VERTEX_POINT ( 'NONE', #1329 ) ;
#5772 = EDGE_CURVE ( 'NONE', #4385, #2590, #5669, .T. ) ;
#5773 = CARTESIAN_POINT ( 'NONE',  ( -9.724771577087027552, -6.508050242971497035, 2.286000000000000032 ) ) ;
#5774 = DIRECTION ( 'NONE',  ( 0.000000000000000000, 1.000000000000000000, 0.000000000000000000 ) ) ;
#5775 = ORIENTED_EDGE ( 'NONE', *, *, #656, .F. ) ;
#5776 = VERTEX_POINT ( 'NONE', #1294 ) ;
#5777 = FACE_OUTER_BOUND ( 'NONE', #4830, .T. ) ;
#5778 = LINE ( 'NONE', #3403, #1477 ) ;
#5779 = EDGE_CURVE ( 'NONE', #3160, #3176, #545, .T. ) ;
#5780 = ORIENTED_EDGE ( 'NONE', *, *, #1713, .F. ) ;
#5781 = CARTESIAN_POINT ( 'NONE',  ( 0.5000000000000002220, -22.28993569198320301, 1.000000000000000000 ) ) ;
#5782 = LINE ( 'NONE', #2477, #3380 ) ;
#5783 = EDGE_LOOP ( 'NONE', ( #4382, #4897, #3831, #1645 ) ) ;
#5784 = CARTESIAN_POINT ( 'NONE',  ( -11.39474100075572593, -1.261185250188932683, -2.286000000000000032 ) ) ;
#5785 = ORIENTED_EDGE ( 'NONE', *, *, #3468, .T. ) ;
#5786 = AXIS2_PLACEMENT_3D ( 'NONE', #5294, #3348, #2918 ) ;
#5787 = CARTESIAN_POINT ( 'NONE',  ( 2.943394698145819444, -24.27798054788382487, 2.286000000000000032 ) ) ;
#5788 = ORIENTED_EDGE ( 'NONE', *, *, #1236, .T. ) ;
#5789 = DIRECTION ( 'NONE',  ( -0.000000000000000000, -0.000000000000000000, -1.000000000000000000 ) ) ;
#5790 = AXIS2_PLACEMENT_3D ( 'NONE', #1711, #3498, #2143 ) ;
#5791 = LINE ( 'NONE', #1561, #6092 ) ;
#5792 = ORIENTED_EDGE ( 'NONE', *, *, #2495, .F. ) ;
#5793 = ORIENTED_EDGE ( 'NONE', *, *, #1449, .F. ) ;
#5794 = AXIS2_PLACEMENT_3D ( 'NONE', #920, #4221, #5701 ) ;
#5795 = FACE_OUTER_BOUND ( 'NONE', #5236, .T. ) ;
#5796 = CARTESIAN_POINT ( 'NONE',  ( 1.969604420978331824E-16, 3.654415587728431447, -3.049999999999999822 ) ) ;
#5797 = VECTOR ( 'NONE', #4767, 1000.000000000000000 ) ;
#5798 = DIRECTION ( 'NONE',  ( -0.000000000000000000, -0.000000000000000000, -1.000000000000000000 ) ) ;
#5799 = DIRECTION ( 'NONE',  ( 0.000000000000000000, 0.000000000000000000, 1.000000000000000000 ) ) ;
#5800 = ORIENTED_EDGE ( 'NONE', *, *, #3781, .T. ) ;
#5802 = EDGE_CURVE ( 'NONE', #3668, #2027, #4596, .T. ) ;
#5801 = FACE_OUTER_BOUND ( 'NONE', #2441, .T. ) ;
#5803 = DIRECTION ( 'NONE',  ( 0.000000000000000000, 0.000000000000000000, 1.000000000000000000 ) ) ;
#5804 = VERTEX_POINT ( 'NONE', #4132 ) ;
#5805 = ORIENTED_EDGE ( 'NONE', *, *, #887, .F. ) ;
#5806 = DIRECTION ( 'NONE',  ( 0.7071067811865476838, -0.7071067811865474617, 0.000000000000000000 ) ) ;
#5807 = CARTESIAN_POINT ( 'NONE',  ( -0.5000000000000000000, -3.110064308016796897, 2.286000000000000032 ) ) ;
#5808 = LINE ( 'NONE', #1576, #3297 ) ;
#5809 = FACE_OUTER_BOUND ( 'NONE', #3013, .T. ) ;
#5810 = EDGE_CURVE ( 'NONE', #1747, #5147, #1927, .T. ) ;
#5811 = DIRECTION ( 'NONE',  ( 0.000000000000000000, 0.000000000000000000, 1.000000000000000000 ) ) ;
#5812 = ORIENTED_EDGE ( 'NONE', *, *, #3513, .T. ) ;
#5813 = FACE_OUTER_BOUND ( 'NONE', #97, .T. ) ;
#5814 = DIRECTION ( 'NONE',  ( 0.000000000000000000, 0.000000000000000000, 1.000000000000000000 ) ) ;
#5815 = CARTESIAN_POINT ( 'NONE',  ( -0.9942388155425073704, 4.648654403270940705, -1.000000000000000000 ) ) ;
#5816 = EDGE_CURVE ( 'NONE', #1173, #4814, #1387, .T. ) ;
#5817 = ORIENTED_EDGE ( 'NONE', *, *, #278, .F. ) ;
#5818 = CARTESIAN_POINT ( 'NONE',  ( -6.350000000000001421, 0.000000000000000000, 3.049999999999999822 ) ) ;
#5819 = DIRECTION ( 'NONE',  ( -0.000000000000000000, -0.000000000000000000, -1.000000000000000000 ) ) ;
#5820 = ORIENTED_EDGE ( 'NONE', *, *, #3956, .F. ) ;
#5821 = ORIENTED_EDGE ( 'NONE', *, *, #4971, .F. ) ;
#5822 = ADVANCED_FACE ( 'NONE', ( #3825 ), #3763, .F. ) ;
#5823 = DIRECTION ( 'NONE',  ( -1.000000000000000000, 0.000000000000000000, 0.000000000000000000 ) ) ;
#5824 = CARTESIAN_POINT ( 'NONE',  ( -2.943394698145813226, -11.57798054788380604, 2.286000000000000032 ) ) ;
#5825 = DIRECTION ( 'NONE',  ( 0.000000000000000000, 0.000000000000000000, -1.000000000000000000 ) ) ;
#5826 = ORIENTED_EDGE ( 'NONE', *, *, #527, .F. ) ;
#5827 = VECTOR ( 'NONE', #1937, 999.9999999999998863 ) ;
#5828 = DIRECTION ( 'NONE',  ( -1.000000000000000000, 0.000000000000000000, 0.000000000000000000 ) ) ;
#5829 = FACE_OUTER_BOUND ( 'NONE', #140, .T. ) ;
#5830 = ORIENTED_EDGE ( 'NONE', *, *, #992, .T. ) ;
#5831 = DIRECTION ( 'NONE',  ( 1.000000000000000000, 0.000000000000000000, -0.000000000000000000 ) ) ;
#5832 = LINE ( 'NONE', #217, #2965 ) ;
#5833 = ORIENTED_EDGE ( 'NONE', *, *, #1713, .T. ) ;
#5834 = VECTOR ( 'NONE', #843, 1000.000000000000000 ) ;
#5835 = DIRECTION ( 'NONE',  ( 0.000000000000000000, 0.000000000000000000, 1.000000000000000000 ) ) ;
#5836 = VECTOR ( 'NONE', #1675, 1000.000000000000000 ) ;
#5837 = CARTESIAN_POINT ( 'NONE',  ( 10.49660849440505928, -4.853715275591603096, -1.000000000000000000 ) ) ;
#5838 = AXIS2_PLACEMENT_3D ( 'NONE', #2794, #880, #4675 ) ;
#5839 = DIRECTION ( 'NONE',  ( 1.000000000000000000, 0.000000000000000000, 0.000000000000000000 ) ) ;
#5840 = ORIENTED_EDGE ( 'NONE', *, *, #675, .F. ) ;
#5841 = DIRECTION ( 'NONE',  ( -0.000000000000000000, -0.000000000000000000, -1.000000000000000000 ) ) ;
#5842 = ADVANCED_FACE ( 'NONE', ( #2351 ), #5215, .T. ) ;
#5843 = DIRECTION ( 'NONE',  ( -0.000000000000000000, -0.000000000000000000, -1.000000000000000000 ) ) ;
#5844 = LINE ( 'NONE', #325, #2248 ) ;
#5845 = ORIENTED_EDGE ( 'NONE', *, *, #4404, .T. ) ;
#5846 = CARTESIAN_POINT ( 'NONE',  ( 4.504405828468354578, 2.552700952718200522, 1.000000000000000000 ) ) ;
#5847 = DIRECTION ( 'NONE',  ( 0.000000000000000000, 0.000000000000000000, 1.000000000000000000 ) ) ;
#5848 = CIRCLE ( 'NONE', #5069, 2.100000000000000977 ) ;
#5849 = ORIENTED_EDGE ( 'NONE', *, *, #3974, .T. ) ;
#5850 = VECTOR ( 'NONE', #872, 1000.000000000000000 ) ;
#5851 = LINE ( 'NONE', #2152, #3000 ) ;
#5852 = AXIS2_PLACEMENT_3D ( 'NONE', #5029, #339, #1293 ) ;
#5853 = CARTESIAN_POINT ( 'NONE',  ( -7.332364143057839456, -17.51069268098048326, 3.049999999999999822 ) ) ;
#5854 = DIRECTION ( 'NONE',  ( -1.000000000000000000, 0.000000000000000000, 0.000000000000000000 ) ) ;
#5855 = ORIENTED_EDGE ( 'NONE', *, *, #674, .F. ) ;
#5856 = CARTESIAN_POINT ( 'NONE',  ( -6.350000000000001421, 0.000000000000000000, 3.049999999999999822 ) ) ;
#5857 = DIRECTION ( 'NONE',  ( 0.000000000000000000, -0.000000000000000000, 1.000000000000000000 ) ) ;
#5858 = VECTOR ( 'NONE', #1224, 1000.000000000000000 ) ;
#5859 = VECTOR ( 'NONE', #3671, 1000.000000000000000 ) ;
#5860 = ORIENTED_EDGE ( 'NONE', *, *, #1163, .F. ) ;
#5861 = CYLINDRICAL_SURFACE ( 'NONE', #5343, 3.150000000000000799 ) ;
#5862 = DIRECTION ( 'NONE',  ( -0.2425356250363329691, 0.9701425001453319874, 0.000000000000000000 ) ) ;
#5863 = ORIENTED_EDGE ( 'NONE', *, *, #1375, .T. ) ;
#5864 = LINE ( 'NONE', #3125, #5544 ) ;
#5865 = DIRECTION ( 'NONE',  ( 1.000000000000000000, 0.000000000000000000, 0.000000000000000000 ) ) ;
#5866 = ORIENTED_EDGE ( 'NONE', *, *, #1750, .F. ) ;
#5867 = ORIENTED_EDGE ( 'NONE', *, *, #5018, .F. ) ;
#5868 = DIRECTION ( 'NONE',  ( 1.000000000000000000, 0.000000000000000000, -0.000000000000000000 ) ) ;
#5869 = LINE ( 'NONE', #2081, #133 ) ;
#5870 = CYLINDRICAL_SURFACE ( 'NONE', #5204, 2.100000000000000977 ) ;
#5871 = ORIENTED_EDGE ( 'NONE', *, *, #675, .T. ) ;
#5872 = EDGE_CURVE ( 'NONE', #5457, #5965, #1827, .T. ) ;
#5873 = EDGE_CURVE ( 'NONE', #4954, #5094, #1474, .T. ) ;
#5874 = CARTESIAN_POINT ( 'NONE',  ( -11.54999999999999893, 0.000000000000000000, -1.000000000000000000 ) ) ;
#5875 = FACE_OUTER_BOUND ( 'NONE', #345, .T. ) ;
#5876 = EDGE_LOOP ( 'NONE', ( #1903, #1427, #4980, #4542 ) ) ;
#5877 = CARTESIAN_POINT ( 'NONE',  ( -2.068653347947319698, -12.08301270189220844, -2.286000000000000032 ) ) ;
#5878 = APPROVAL_STATUS ( 'not_yet_approved' ) ;
#5879 = EDGE_CURVE ( 'NONE', #1496, #1347, #3707, .T. ) ;
#5880 = CIRCLE ( 'NONE', #2349, 6.200000000000001066 ) ;
#5881 = DIRECTION ( 'NONE',  ( 1.000000000000000000, 0.000000000000000000, 0.000000000000000000 ) ) ;
#5882 = DIRECTION ( 'NONE',  ( -0.5000000000000045519, 0.8660254037844361541, 0.000000000000000000 ) ) ;
#5883 = AXIS2_PLACEMENT_3D ( 'NONE', #1688, #3568, #771 ) ;
#5884 = ORIENTED_EDGE ( 'NONE', *, *, #3808, .F. ) ;
#5885 = DIRECTION ( 'NONE',  ( 0.7071067811865476838, -0.7071067811865474617, 0.000000000000000000 ) ) ;
#5886 = DIRECTION ( 'NONE',  ( -1.000000000000000000, 0.000000000000000000, 0.000000000000000000 ) ) ;
#5887 = EDGE_CURVE ( 'NONE', #2954, #3680, #5242, .T. ) ;
#5888 = VECTOR ( 'NONE', #5819, 1000.000000000000000 ) ;
#5889 = ORIENTED_EDGE ( 'NONE', *, *, #4095, .T. ) ;
#5890 = FACE_OUTER_BOUND ( 'NONE', #4196, .T. ) ;
#5891 = DIRECTION ( 'NONE',  ( -0.8660254037844383745, 0.5000000000000003331, 0.000000000000000000 ) ) ;
#5892 = ORIENTED_EDGE ( 'NONE', *, *, #5062, .T. ) ;
#5893 = CARTESIAN_POINT ( 'NONE',  ( 2.943394698145819000, -26.52201945211617229, -2.286000000000000032 ) ) ;
#5894 = EDGE_CURVE ( 'NONE', #3947, #2171, #4693, .T. ) ;
#5895 = LINE ( 'NONE', #3520, #5465 ) ;
#5896 = EDGE_LOOP ( 'NONE', ( #3986, #990, #881, #5904 ) ) ;
#5897 = ORIENTED_EDGE ( 'NONE', *, *, #4748, .T. ) ;
#5898 = CARTESIAN_POINT ( 'NONE',  ( 0.5000000000000000000, -9.589935691983200172, 2.286000000000000032 ) ) ;
#5899 = CARTESIAN_POINT ( 'NONE',  ( 0.000000000000000000, -25.39999999999999858, 1.000000000000000000 ) ) ;
#5900 = CARTESIAN_POINT ( 'NONE',  ( 2.443394698145822108, -23.41195514409938738, 2.286000000000000032 ) ) ;
#5901 = ORIENTED_EDGE ( 'NONE', *, *, #2182, .T. ) ;
#5902 = DIRECTION ( 'NONE',  ( 1.000000000000000000, 0.000000000000000000, 0.000000000000000000 ) ) ;
#5903 = CARTESIAN_POINT ( 'NONE',  ( -6.014883500901058611, -26.90372087522526456, 1.000000000000000000 ) ) ;
#5904 = ORIENTED_EDGE ( 'NONE', *, *, #1441, .T. ) ;
#5905 = EDGE_CURVE ( 'NONE', #849, #320, #4229, .T. ) ;
#5906 = CYLINDRICAL_SURFACE ( 'NONE', #5172, 3.149999999999999023 ) ;
#5907 = DIRECTION ( 'NONE',  ( 1.000000000000000000, 0.000000000000000000, 0.000000000000000000 ) ) ;
#5908 = DIRECTION ( 'NONE',  ( -0.7071067811865470176, 0.7071067811865479058, 0.000000000000000000 ) ) ;
#5909 = ORIENTED_EDGE ( 'NONE', *, *, #5318, .T. ) ;
#5910 = ADVANCED_FACE ( 'NONE', ( #1359 ), #400, .T. ) ;
#5911 = CIRCLE ( 'NONE', #5720, 3.150000000000000355 ) ;
#5912 = EDGE_CURVE ( 'NONE', #4577, #481, #3737, .T. ) ;
#5913 = DIRECTION ( 'NONE',  ( 0.000000000000000000, 0.000000000000000000, -1.000000000000000000 ) ) ;
#5914 = LINE ( 'NONE', #1694, #149 ) ;
#5915 = ORIENTED_EDGE ( 'NONE', *, *, #505, .F. ) ;
#5916 = CARTESIAN_POINT ( 'NONE',  ( 2.545584412271570951, 6.200000000000001954, 3.049999999999999822 ) ) ;
#5917 = CARTESIAN_POINT ( 'NONE',  ( 0.000000000000000000, -12.69999999999999929, 1.000000000000000000 ) ) ;
#5918 = ORIENTED_EDGE ( 'NONE', *, *, #5021, .T. ) ;
#5919 = VECTOR ( 'NONE', #110, 1000.000000000000114 ) ;
#5920 = EDGE_CURVE ( 'NONE', #2161, #369, #5646, .T. ) ;
#5921 = FACE_OUTER_BOUND ( 'NONE', #3058, .T. ) ;
#5922 = CARTESIAN_POINT ( 'NONE',  ( -3.797299047281801787, 1.845594171531649952, 2.286000000000000032 ) ) ;
#5923 = LINE ( 'NONE', #1742, #1720 ) ;
#5924 = AXIS2_PLACEMENT_3D ( 'NONE', #360, #6062, #98 ) ;
#5925 = ORIENTED_EDGE ( 'NONE', *, *, #1578, .F. ) ;
#5926 = ORIENTED_EDGE ( 'NONE', *, *, #1177, .T. ) ;
#5927 = DIRECTION ( 'NONE',  ( -0.000000000000000000, -0.000000000000000000, -1.000000000000000000 ) ) ;
#5928 = EDGE_CURVE ( 'NONE', #1135, #5977, #5, .T. ) ;
#5929 = DIRECTION ( 'NONE',  ( -0.000000000000000000, -0.000000000000000000, -1.000000000000000000 ) ) ;
#5930 = AXIS2_PLACEMENT_3D ( 'NONE', #2383, #4778, #2410 ) ;
#5931 = DIRECTION ( 'NONE',  ( 1.000000000000000000, 0.000000000000000000, 0.000000000000000000 ) ) ;
#5932 = ORIENTED_EDGE ( 'NONE', *, *, #1613, .F. ) ;
#5933 = DIRECTION ( 'NONE',  ( 0.000000000000000000, 0.000000000000000000, -1.000000000000000000 ) ) ;
#5934 = CARTESIAN_POINT ( 'NONE',  ( 0.000000000000000000, -25.39999999999999858, -2.286000000000000032 ) ) ;
#5935 = VERTEX_POINT ( 'NONE', #1417 ) ;
#5936 = DIRECTION ( 'NONE',  ( -0.000000000000000000, -0.000000000000000000, -1.000000000000000000 ) ) ;
#5937 = PERSON_AND_ORGANIZATION ( #5559, #4467 ) ;
#5938 = AXIS2_PLACEMENT_3D ( 'NONE', #590, #624, #3031 ) ;
#5939 = CARTESIAN_POINT ( 'NONE',  ( -2.443394698145821664, -23.41195514409938738, 2.286000000000000032 ) ) ;
#5940 = CARTESIAN_POINT ( 'NONE',  ( 2.443394698145808785, -14.68804485590062825, 1.000000000000000000 ) ) ;
#5941 = ORIENTED_EDGE ( 'NONE', *, *, #5986, .F. ) ;
#5942 = DIRECTION ( 'NONE',  ( 0.8660254037844383745, -0.5000000000000003331, 0.000000000000000000 ) ) ;
#5943 = SECURITY_CLASSIFICATION ( '', '', #4956 ) ;
#5944 = AXIS2_PLACEMENT_3D ( 'NONE', #1968, #5645, #4228 ) ;
#5945 = CARTESIAN_POINT ( 'NONE',  ( 0.000000000000000000, -12.69999999999999929, 2.286000000000000032 ) ) ;
#5946 = CARTESIAN_POINT ( 'NONE',  ( 6.350000000000001421, 5.200000000000001066, -3.049999999999999822 ) ) ;
#5947 = ORIENTED_EDGE ( 'NONE', *, *, #8, .T. ) ;
#5948 = ADVANCED_FACE ( 'NONE', ( #5188 ), #4660, .F. ) ;
#5949 = EDGE_CURVE ( 'NONE', #1674, #416, #3360, .T. ) ;
#5950 = CARTESIAN_POINT ( 'NONE',  ( 6.350000000000001421, 0.000000000000000000, -2.286000000000000032 ) ) ;
#5951 = VECTOR ( 'NONE', #1798, 1000.000000000000000 ) ;
#5952 = DIRECTION ( 'NONE',  ( 0.5000000000000004441, 0.8660254037844384856, 0.000000000000000000 ) ) ;
#5953 = EDGE_CURVE ( 'NONE', #1306, #1304, #4719, .T. ) ;
#5954 = ORIENTED_EDGE ( 'NONE', *, *, #5556, .F. ) ;
#5955 = VECTOR ( 'NONE', #485, 1000.000000000000000 ) ;
#5956 = CIRCLE ( 'NONE', #538, 3.149999999999999023 ) ;
#5957 = VECTOR ( 'NONE', #1073, 1000.000000000000000 ) ;
#5958 = CARTESIAN_POINT ( 'NONE',  ( -4.504405828468349249, 2.552700952718197858, 2.286000000000000032 ) ) ;
#5959 = LINE ( 'NONE', #2661, #2017 ) ;
#5960 = CARTESIAN_POINT ( 'NONE',  ( -0.2499999999999990841, -25.83301270189221910, -1.000000000000000000 ) ) ;
#5961 = ORIENTED_EDGE ( 'NONE', *, *, #2827, .T. ) ;
#5962 = ADVANCED_FACE ( 'NONE', ( #4253 ), #4626, .T. ) ;
#5963 = ORIENTED_EDGE ( 'NONE', *, *, #5292, .T. ) ;
#5964 = ORIENTED_EDGE ( 'NONE', *, *, #3465, .T. ) ;
#5965 = VERTEX_POINT ( 'NONE', #2896 ) ;
#5966 = CARTESIAN_POINT ( 'NONE',  ( -4.232465839245187489, -28.42096556081371261, 1.000000000000000000 ) ) ;
#5967 = VECTOR ( 'NONE', #646, 1000.000000000000000 ) ;
#5968 = CARTESIAN_POINT ( 'NONE',  ( -6.350000000000001421, 0.000000000000000000, 1.000000000000000000 ) ) ;
#5969 = ORIENTED_EDGE ( 'NONE', *, *, #3625, .F. ) ;
#5970 = DIRECTION ( 'NONE',  ( -0.000000000000000000, -0.000000000000000000, 1.000000000000000000 ) ) ;
#5971 = CARTESIAN_POINT ( 'NONE',  ( 15.52144660940672871, -9.878553390593289407, -1.000000000000000000 ) ) ;
#5972 = EDGE_LOOP ( 'NONE', ( #2258, #5409, #5222, #4544, #2575, #5788 ) ) ;
#5973 = LINE ( 'NONE', #1721, #938 ) ;
#5974 = SHAPE_DEFINITION_REPRESENTATION ( #1876, #3725 ) ;
#5975 = DIRECTION ( 'NONE',  ( 0.000000000000000000, 0.000000000000000000, 1.000000000000000000 ) ) ;
#5976 = DIRECTION ( 'NONE',  ( 0.8660254037844362651, -0.5000000000000041078, 0.000000000000000000 ) ) ;
#5977 = VERTEX_POINT ( 'NONE', #1535 ) ;
#5978 = EDGE_LOOP ( 'NONE', ( #4308, #6060, #13, #2996 ) ) ;
#5979 = AXIS2_PLACEMENT_3D ( 'NONE', #4824, #5326, #600 ) ;
#5980 = CARTESIAN_POINT ( 'NONE',  ( 0.000000000000000000, -25.39999999999999858, 2.286000000000000032 ) ) ;
#5981 = CARTESIAN_POINT ( 'NONE',  ( 3.110064308016796897, -0.5000000000000000000, 2.286000000000000032 ) ) ;
#5982 = DIRECTION ( 'NONE',  ( 1.000000000000000000, 0.000000000000000000, 0.000000000000000000 ) ) ;
#5983 = LINE ( 'NONE', #1766, #3457 ) ;
#5984 = VECTOR ( 'NONE', #480, 1000.000000000000000 ) ;
#5985 = EDGE_LOOP ( 'NONE', ( #4318, #4207, #2436, #5313 ) ) ;
#5986 = EDGE_CURVE ( 'NONE', #2999, #100, #4833, .T. ) ;
#5987 = AXIS2_PLACEMENT_3D ( 'NONE', #4402, #3946, #5854 ) ;
#5988 = CARTESIAN_POINT ( 'NONE',  ( -3.239935691983203636, 0.5000000000000000000, 2.286000000000000032 ) ) ;
#5989 = PLANE ( 'NONE',  #51 ) ;
#5990 = DIRECTION ( 'NONE',  ( -1.000000000000000000, 0.000000000000000000, 0.000000000000000000 ) ) ;
#5991 = ORIENTED_EDGE ( 'NONE', *, *, #3262, .F. ) ;
#5992 = VERTEX_POINT ( 'NONE', #2093 ) ;
#5993 = ORIENTED_EDGE ( 'NONE', *, *, #1690, .F. ) ;
#5994 = VERTEX_POINT ( 'NONE', #5765 ) ;
#5995 = CYLINDRICAL_SURFACE ( 'NONE', #1807, 5.200000000000000178 ) ;
#5996 = EDGE_CURVE ( 'NONE', #4814, #3793, #3685, .T. ) ;
#5997 = LINE ( 'NONE', #1403, #2742 ) ;
#5998 = EDGE_CURVE ( 'NONE', #4121, #3630, #643, .T. ) ;
#5999 = VERTEX_POINT ( 'NONE', #672 ) ;
#6000 = CARTESIAN_POINT ( 'NONE',  ( -12.36488350090105648, -1.503720875225263764, -3.049999999999999822 ) ) ;
#6001 = LINE ( 'NONE', #4733, #1451 ) ;
#6002 = EDGE_LOOP ( 'NONE', ( #1985, #3531, #3936, #1862 ) ) ;
#6003 = PLANE ( 'NONE',  #2604 ) ;
#6004 = DATE_TIME_ROLE ( 'classification_date' ) ;
#6005 = DIRECTION ( 'NONE',  ( -0.8660254037844363761, 0.5000000000000038858, 0.000000000000000000 ) ) ;
#6006 = CARTESIAN_POINT ( 'NONE',  ( -3.239935691983203636, -0.5000000000000000000, 1.000000000000000000 ) ) ;
#6007 = ORIENTED_EDGE ( 'NONE', *, *, #992, .F. ) ;
#6008 = ORIENTED_EDGE ( 'NONE', *, *, #1715, .T. ) ;
#6009 = ADVANCED_FACE ( 'NONE', ( #3478 ), #580, .T. ) ;
#6010 = DIRECTION ( 'NONE',  ( 0.000000000000000000, -0.000000000000000000, 1.000000000000000000 ) ) ;
#6011 = DIRECTION ( 'NONE',  ( -0.4999999999999982236, 0.8660254037844397068, 0.000000000000000000 ) ) ;
#6012 = PLANE ( 'NONE',  #2091 ) ;
#6013 = CARTESIAN_POINT ( 'NONE',  ( -5.749261314031220316, -15.44198729810783632, -1.000000000000000000 ) ) ;
#6014 = ORIENTED_EDGE ( 'NONE', *, *, #706, .T. ) ;
#6015 = AXIS2_PLACEMENT_3D ( 'NONE', #162, #1021, #2505 ) ;
#6016 = LINE ( 'NONE', #1865, #2881 ) ;
#6017 = DIRECTION ( 'NONE',  ( 1.000000000000000000, 0.000000000000000000, -0.000000000000000000 ) ) ;
#6018 = PLANE ( 'NONE',  #3984 ) ;
#6019 = VERTEX_POINT ( 'NONE', #1098 ) ;
#6020 = VERTEX_POINT ( 'NONE', #2462 ) ;
#6021 = ORIENTED_EDGE ( 'NONE', *, *, #3247, .T. ) ;
#6022 = ORIENTED_EDGE ( 'NONE', *, *, #21, .T. ) ;
#6023 = VECTOR ( 'NONE', #2641, 999.9999999999998863 ) ;
#6024 = CARTESIAN_POINT ( 'NONE',  ( 5.044741000755725402, -26.66118525018893237, -2.286000000000000032 ) ) ;
#6025 = DIRECTION ( 'NONE',  ( 1.000000000000000000, 3.552713678800500929E-15, 0.000000000000000000 ) ) ;
#6026 = ORIENTED_EDGE ( 'NONE', *, *, #3404, .T. ) ;
#6027 = DIRECTION ( 'NONE',  ( -0.000000000000000000, -0.000000000000000000, -1.000000000000000000 ) ) ;
#6028 = EDGE_CURVE ( 'NONE', #2387, #5653, #1069, .T. ) ;
#6029 = DIRECTION ( 'NONE',  ( 0.000000000000000000, -0.000000000000000000, -1.000000000000000000 ) ) ;
#6030 = CIRCLE ( 'NONE', #814, 2.100000000000001421 ) ;
#6031 = ORIENTED_EDGE ( 'NONE', *, *, #5176, .F. ) ;
#6032 = EDGE_CURVE ( 'NONE', #5457, #2479, #5334, .T. ) ;
#6033 = AXIS2_PLACEMENT_3D ( 'NONE', #1671, #2136, #4021 ) ;
#6034 = CIRCLE ( 'NONE', #1202, 3.149999999999999467 ) ;
#6035 = CARTESIAN_POINT ( 'NONE',  ( 0.9942388155425117002, 4.648654403270943369, -1.000000000000000000 ) ) ;
#6036 = AXIS2_PLACEMENT_3D ( 'NONE', #2970, #4322, #3900 ) ;
#6037 = CARTESIAN_POINT ( 'NONE',  ( 0.000000000000000000, -25.39999999999999858, 3.049999999999999822 ) ) ;
#6038 = EDGE_CURVE ( 'NONE', #2698, #2107, #3945, .T. ) ;
#6039 = DIRECTION ( 'NONE',  ( 0.000000000000000000, 0.000000000000000000, -1.000000000000000000 ) ) ;
#6040 = ORIENTED_EDGE ( 'NONE', *, *, #4275, .T. ) ;
#6041 = ORIENTED_EDGE ( 'NONE', *, *, #3995, .T. ) ;
#6042 = CARTESIAN_POINT ( 'NONE',  ( -4.179727430306322034E-15, 5.200000000000000178, 1.000000000000000000 ) ) ;
#6043 = VECTOR ( 'NONE', #2424, 1000.000000000000114 ) ;
#6044 = DIRECTION ( 'NONE',  ( -0.7071067811865474617, -0.7071067811865476838, 0.000000000000000000 ) ) ;
#6045 = FACE_OUTER_BOUND ( 'NONE', #3475, .T. ) ;
#6046 = LINE ( 'NONE', #2720, #2471 ) ;
#6047 = ORIENTED_EDGE ( 'NONE', *, *, #1262, .F. ) ;
#6048 = AXIS2_PLACEMENT_3D ( 'NONE', #4802, #579, #3882 ) ;
#6049 = FACE_OUTER_BOUND ( 'NONE', #2235, .T. ) ;
#6050 = DIRECTION ( 'NONE',  ( 0.000000000000000000, 0.000000000000000000, 1.000000000000000000 ) ) ;
#6051 = DIRECTION ( 'NONE',  ( -0.000000000000000000, -0.000000000000000000, -1.000000000000000000 ) ) ;
#6052 = VERTEX_POINT ( 'NONE', #3389 ) ;
#6053 = ORIENTED_EDGE ( 'NONE', *, *, #2944, .T. ) ;
#6054 = ORIENTED_EDGE ( 'NONE', *, *, #5637, .T. ) ;
#6055 = VERTEX_POINT ( 'NONE', #2001 ) ;
#6056 = VECTOR ( 'NONE', #2125, 1000.000000000000000 ) ;
#6057 = DIRECTION ( 'NONE',  ( 0.000000000000000000, 0.000000000000000000, 1.000000000000000000 ) ) ;
#6058 = VECTOR ( 'NONE', #5401, 1000.000000000000000 ) ;
#6059 = DIRECTION ( 'NONE',  ( -1.000000000000000000, -1.365923996832131116E-16, 0.000000000000000000 ) ) ;
#6060 = ORIENTED_EDGE ( 'NONE', *, *, #5143, .T. ) ;
#6061 = CIRCLE ( 'NONE', #1033, 5.200000000000001066 ) ;
#6062 = DIRECTION ( 'NONE',  ( -0.5000000000000004441, -0.8660254037844384856, 0.000000000000000000 ) ) ;
#6063 = DIRECTION ( 'NONE',  ( 0.000000000000000000, 0.000000000000000000, 1.000000000000000000 ) ) ;
#6064 = ORIENTED_EDGE ( 'NONE', *, *, #1015, .F. ) ;
#6065 = EDGE_CURVE ( 'NONE', #3666, #4644, #2494, .T. ) ;
#6066 = EDGE_CURVE ( 'NONE', #2954, #3250, #1040, .T. ) ;
#6067 = DIRECTION ( 'NONE',  ( 0.7071067811865476838, -0.7071067811865474617, 0.000000000000000000 ) ) ;
#6068 = CARTESIAN_POINT ( 'NONE',  ( -5.044741000755725402, -26.66118525018892882, -1.000000000000000000 ) ) ;
#6069 = DIRECTION ( 'NONE',  ( 0.000000000000000000, 0.000000000000000000, 1.000000000000000000 ) ) ;
#6070 = ORIENTED_EDGE ( 'NONE', *, *, #2530, .T. ) ;
#6071 = ORIENTED_EDGE ( 'NONE', *, *, #947, .F. ) ;
#6072 = EDGE_CURVE ( 'NONE', #1173, #2698, #1629, .T. ) ;
#6073 = CARTESIAN_POINT ( 'NONE',  ( 2.100000000000000089, -25.39999999999999858, 2.286000000000000032 ) ) ;
#6074 = DIRECTION ( 'NONE',  ( -0.000000000000000000, -0.000000000000000000, -1.000000000000000000 ) ) ;
#6075 = DIRECTION ( 'NONE',  ( 0.7071067811865476838, -0.7071067811865474617, 0.000000000000000000 ) ) ;
#6076 = CARTESIAN_POINT ( 'NONE',  ( 8.195594171531652705, -2.552700952718197858, 2.286000000000000032 ) ) ;
#6077 = ORIENTED_EDGE ( 'NONE', *, *, #2545, .F. ) ;
#6078 = EDGE_CURVE ( 'NONE', #5387, #755, #439, .T. ) ;
#6079 = DIRECTION ( 'NONE',  ( -0.000000000000000000, -0.000000000000000000, -1.000000000000000000 ) ) ;
#6080 = DIRECTION ( 'NONE',  ( -0.000000000000000000, -0.000000000000000000, -1.000000000000000000 ) ) ;
#6081 = ORIENTED_EDGE ( 'NONE', *, *, #5391, .T. ) ;
#6082 = AXIS2_PLACEMENT_3D ( 'NONE', #2338, #4215, #3753 ) ;
#6083 = ORIENTED_EDGE ( 'NONE', *, *, #1121, .F. ) ;
#6084 = EDGE_LOOP ( 'NONE', ( #1323, #902, #4005, #5285 ) ) ;
#6085 = ORIENTED_EDGE ( 'NONE', *, *, #1731, .F. ) ;
#6086 = DIRECTION ( 'NONE',  ( -0.000000000000000000, -0.000000000000000000, -1.000000000000000000 ) ) ;
#6087 = ADVANCED_FACE ( 'NONE', ( #4337 ), #1969, .T. ) ;
#6088 = AXIS2_PLACEMENT_3D ( 'NONE', #3791, #951, #1383 ) ;
#6089 = EDGE_CURVE ( 'NONE', #464, #1316, #2525, .T. ) ;
#6090 = CYLINDRICAL_SURFACE ( 'NONE', #375, 3.149999999999999023 ) ;
#6091 = ORIENTED_EDGE ( 'NONE', *, *, #4183, .F. ) ;
#6092 = VECTOR ( 'NONE', #2060, 1000.000000000000000 ) ;
#6093 = LINE ( 'NONE', #22, #4705 ) ;
#6094 = ORIENTED_EDGE ( 'NONE', *, *, #4485, .F. ) ;
#6095 = LINE ( 'NONE', #1465, #5268 ) ;
#6096 = DIRECTION ( 'NONE',  ( -1.000000000000000000, 0.000000000000000000, 0.000000000000000000 ) ) ;
#6097 = DIRECTION ( 'NONE',  ( 0.000000000000000000, 0.000000000000000000, 1.000000000000000000 ) ) ;
ENDSEC;
END-ISO-10303-21;
