ISO-10303-21;
HEADER;
FILE_DESCRIPTION (( 'STEP AP203' ),
    '1' );
FILE_NAME ('228-2500-507.step',
    '2022-06-07T14:09:35',
    ( '' ),
    ( '' ),
    'SwSTEP 2.0',
    'SolidWorks 2019',
    '' );
FILE_SCHEMA (( 'CONFIG_CONTROL_DESIGN' ));
ENDSEC;

DATA;
#1 = DIRECTION ( 'NONE',  ( -0.000000000000000000, -0.000000000000000000, -1.000000000000000000 ) ) ;
#2 = CARTESIAN_POINT ( 'NONE',  ( 15.10488494811827387, -1.697778166931715571, -2.286000000000000032 ) ) ;
#3 = EDGE_LOOP ( 'NONE', ( #9037, #6360, #641, #7553 ) ) ;
#4 = ORIENTED_EDGE ( 'NONE', *, *, #2077, .T. ) ;
#5 = ORIENTED_EDGE ( 'NONE', *, *, #1382, .F. ) ;
#6 = EDGE_CURVE ( 'NONE', #5797, #2121, #8050, .T. ) ;
#7 = EDGE_CURVE ( 'NONE', #1224, #3067, #5878, .T. ) ;
#8 = VECTOR ( 'NONE', #5766, 1000.000000000000000 ) ;
#9 = CARTESIAN_POINT ( 'NONE',  ( -24.25000000000001066, 1.545584412271579167, -3.049999999999999822 ) ) ;
#10 = ORIENTED_EDGE ( 'NONE', *, *, #5956, .T. ) ;
#11 =( NAMED_UNIT ( * ) SI_UNIT ( $, .STERADIAN. ) SOLID_ANGLE_UNIT ( ) );
#12 = EDGE_LOOP ( 'NONE', ( #58, #8496, #5640, #6558, #8620, #2005, #3643, #5655 ) ) ;
#13 = DIRECTION ( 'NONE',  ( 0.7069990853988199486, 0.7069990853988284973, 0.01745240643728354982 ) ) ;
#14 = CARTESIAN_POINT ( 'NONE',  ( -7.933160750777899395, 12.96677170979220861, 3.085915785068495509 ) ) ;
#15 = ADVANCED_FACE ( 'NONE', ( #3908 ), #6710, .F. ) ;
#17 = ADVANCED_FACE ( 'NONE', ( #3779 ), #5354, .F. ) ;
#16 = EDGE_CURVE ( 'NONE', #8020, #6098, #584, .T. ) ;
#18 = CARTESIAN_POINT ( 'NONE',  ( 7.930719154898340228, 12.96828766779709419, 3.084988928164312139 ) ) ;
#19 = VECTOR ( 'NONE', #741, 1000.000000000000000 ) ;
#20 = CARTESIAN_POINT ( 'NONE',  ( 16.95000000000000284, 6.349999999999999645, 2.286000000000000032 ) ) ;
#21 = ORIENTED_EDGE ( 'NONE', *, *, #550, .T. ) ;
#22 = LINE ( 'NONE', #5566, #6878 ) ;
#23 = ORIENTED_EDGE ( 'NONE', *, *, #1451, .T. ) ;
#24 = ORIENTED_EDGE ( 'NONE', *, *, #6681, .F. ) ;
#25 = AXIS2_PLACEMENT_3D ( 'NONE', #9077, #1825, #8339 ) ;
#26 = CARTESIAN_POINT ( 'NONE',  ( -9.973865322164963132, 7.197780013643074959, 15.34957983997626663 ) ) ;
#27 = ORIENTED_EDGE ( 'NONE', *, *, #4526, .T. ) ;
#28 = ORIENTED_EDGE ( 'NONE', *, *, #8458, .T. ) ;
#29 = CARTESIAN_POINT ( 'NONE',  ( 21.62060379597427939, 8.213497014787719763, -1.000000000000000000 ) ) ;
#30 = AXIS2_PLACEMENT_3D ( 'NONE', #8669, #62, #5561 ) ;
#31 = EDGE_CURVE ( 'NONE', #2918, #2678, #2495, .T. ) ;
#32 = CARTESIAN_POINT ( 'NONE',  ( -19.05000000000001137, -6.349999999999999645, 1.000000000000000000 ) ) ;
#33 = CARTESIAN_POINT ( 'NONE',  ( 9.881168959186965139, -11.54999999999999716, 3.049999999999999822 ) ) ;
#34 = DIRECTION ( 'NONE',  ( 1.000000000000000000, 0.000000000000000000, 0.000000000000000000 ) ) ;
#35 = FACE_OUTER_BOUND ( 'NONE', #1209, .T. ) ;
#36 = DIRECTION ( 'NONE',  ( 0.000000000000000000, 1.000000000000000000, -0.000000000000000000 ) ) ;
#37 = AXIS2_PLACEMENT_3D ( 'NONE', #1771, #3170, #8757 ) ;
#38 = VECTOR ( 'NONE', #4824, 999.9999999999998863 ) ;
#39 = LINE ( 'NONE', #5665, #3902 ) ;
#40 = ORIENTED_EDGE ( 'NONE', *, *, #4685, .T. ) ;
#41 = CARTESIAN_POINT ( 'NONE',  ( 9.697517946748375195, 6.896731639425373928, 14.94953708801445202 ) ) ;
#42 = ORIENTED_EDGE ( 'NONE', *, *, #8493, .F. ) ;
#43 = AXIS2_PLACEMENT_3D ( 'NONE', #5689, #6435, #68 ) ;
#44 = DIRECTION ( 'NONE',  ( -0.000000000000000000, -0.000000000000000000, -1.000000000000000000 ) ) ;
#45 = AXIS2_PLACEMENT_3D ( 'NONE', #2041, #8459, #7857 ) ;
#46 = ORIENTED_EDGE ( 'NONE', *, *, #708, .T. ) ;
#47 = CARTESIAN_POINT ( 'NONE',  ( -24.25000000000001066, 6.349999999999999645, 1.000000000000000000 ) ) ;
#48 = DIRECTION ( 'NONE',  ( -0.7071067811865477948, 0.7071067811865473507, 0.000000000000000000 ) ) ;
#49 = CIRCLE ( 'NONE', #4806, 15.19999999999999751 ) ;
#50 = PLANE ( 'NONE',  #5511 ) ;
#51 = CARTESIAN_POINT ( 'NONE',  ( 4.341914580254015554, -14.56666666666665932, 3.049999999999999822 ) ) ;
#52 = AXIS2_PLACEMENT_3D ( 'NONE', #1005, #6499, #5940 ) ;
#53 = FACE_OUTER_BOUND ( 'NONE', #4026, .T. ) ;
#54 = CIRCLE ( 'NONE', #4513, 15.19999999999999929 ) ;
#55 = TOROIDAL_SURFACE ( 'NONE', #5553, 7.699999999999999289, 5.000000000000000000 ) ;
#56 = LINE ( 'NONE', #3640, #1086 ) ;
#57 = ORIENTED_EDGE ( 'NONE', *, *, #8207, .F. ) ;
#58 = ORIENTED_EDGE ( 'NONE', *, *, #1452, .T. ) ;
#59 = EDGE_LOOP ( 'NONE', ( #28, #2332, #880, #2455 ) ) ;
#60 = ORIENTED_EDGE ( 'NONE', *, *, #3792, .F. ) ;
#61 = AXIS2_PLACEMENT_3D ( 'NONE', #6489, #806, #7177 ) ;
#62 = DIRECTION ( 'NONE',  ( 0.7071067811865475727, 0.7071067811865475727, 0.000000000000000000 ) ) ;
#63 = VECTOR ( 'NONE', #7258, 1000.000000000000000 ) ;
#64 = AXIS2_PLACEMENT_3D ( 'NONE', #2663, #5631, #4794 ) ;
#65 = CARTESIAN_POINT ( 'NONE',  ( 0.7071067811865245911, 0.7071067811865350272, 3.049999999999999822 ) ) ;
#66 = ORIENTED_EDGE ( 'NONE', *, *, #2965, .F. ) ;
#67 = EDGE_CURVE ( 'NONE', #850, #367, #6244, .T. ) ;
#68 = DIRECTION ( 'NONE',  ( 1.000000000000000000, 0.000000000000000000, 0.000000000000000000 ) ) ;
#69 = ORIENTED_EDGE ( 'NONE', *, *, #8169, .F. ) ;
#70 = CIRCLE ( 'NONE', #2894, 5.200000000000000178 ) ;
#71 = AXIS2_PLACEMENT_3D ( 'NONE', #8111, #1025, #1731 ) ;
#72 = DIRECTION ( 'NONE',  ( -1.000000000000000000, 0.000000000000000000, 0.000000000000000000 ) ) ;
#73 = LINE ( 'NONE', #7652, #236 ) ;
#74 = DIRECTION ( 'NONE',  ( 1.000000000000000000, 0.000000000000000000, 0.000000000000000000 ) ) ;
#75 = LINE ( 'NONE', #2956, #1697 ) ;
#76 = AXIS2_PLACEMENT_3D ( 'NONE', #119, #4342, #4397 ) ;
#77 = VERTEX_POINT ( 'NONE', #3086 ) ;
#78 = EDGE_CURVE ( 'NONE', #5598, #3996, #7449, .T. ) ;
#80 = EDGE_CURVE ( 'NONE', #1984, #77, #2430, .T. ) ;
#79 = ADVANCED_FACE ( 'NONE', ( #7363 ), #6669, .T. ) ;
#81 = DIRECTION ( 'NONE',  ( -1.000000000000000000, 0.000000000000000000, 0.000000000000000000 ) ) ;
#82 = VERTEX_POINT ( 'NONE', #8019 ) ;
#83 = VERTEX_POINT ( 'NONE', #6626 ) ;
#84 = CARTESIAN_POINT ( 'NONE',  ( 9.920276718751615874, -7.034730170956421169, 13.57681041698344870 ) ) ;
#85 = ORIENTED_EDGE ( 'NONE', *, *, #4363, .T. ) ;
#86 = AXIS2_PLACEMENT_3D ( 'NONE', #4465, #6618, #6704 ) ;
#87 = ORIENTED_EDGE ( 'NONE', *, *, #3258, .T. ) ;
#88 = CARTESIAN_POINT ( 'NONE',  ( -24.25000000000001066, -1.857106781186547817, 2.286000000000000032 ) ) ;
#89 = DIRECTION ( 'NONE',  ( -0.000000000000000000, -0.000000000000000000, 1.000000000000000000 ) ) ;
#90 = DIRECTION ( 'NONE',  ( -0.7064337722128937180, 0.7064337722128906094, 0.04361938736533609723 ) ) ;
#91 = CARTESIAN_POINT ( 'NONE',  ( 19.05000000000001137, -11.55000000000000071, 1.000000000000000000 ) ) ;
#92 = CARTESIAN_POINT ( 'NONE',  ( 8.746223802468129804, -10.47393927217168574, 15.75000000000000000 ) ) ;
#93 = VECTOR ( 'NONE', #7248, 1000.000000000000000 ) ;
#95 = EDGE_CURVE ( 'NONE', #6098, #2698, #8064, .T. ) ;
#94 = EDGE_CURVE ( 'NONE', #598, #1341, #7309, .T. ) ;
#96 = DIRECTION ( 'NONE',  ( 0.000000000000000000, 0.000000000000000000, 1.000000000000000000 ) ) ;
#97 = ORIENTED_EDGE ( 'NONE', *, *, #637, .T. ) ;
#98 = PLANE ( 'NONE',  #4141 ) ;
#99 = VERTEX_POINT ( 'NONE', #4604 ) ;
#100 = EDGE_LOOP ( 'NONE', ( #6483, #8691, #6299, #7961, #1418 ) ) ;
#101 = DIRECTION ( 'NONE',  ( 1.000000000000000000, 0.000000000000000000, 0.000000000000000000 ) ) ;
#102 = DIRECTION ( 'NONE',  ( -1.000000000000000000, 0.000000000000000000, 0.000000000000000000 ) ) ;
#103 = DIRECTION ( 'NONE',  ( -0.000000000000000000, -0.000000000000000000, -1.000000000000000000 ) ) ;
#104 = CARTESIAN_POINT ( 'NONE',  ( -7.173516224744656888, 10.48049788266145654, 6.751496890849840504 ) ) ;
#105 = EDGE_CURVE ( 'NONE', #9203, #7259, #8853, .T. ) ;
#106 = CARTESIAN_POINT ( 'NONE',  ( 0.000000000000000000, 0.000000000000000000, -1.000000000000000000 ) ) ;
#107 = VECTOR ( 'NONE', #2924, 1000.000000000000000 ) ;
#108 = CARTESIAN_POINT ( 'NONE',  ( 23.69865440327095030, 0.9942388155425199159, 2.286000000000000032 ) ) ;
#109 = ORIENTED_EDGE ( 'NONE', *, *, #8389, .F. ) ;
#110 = VERTEX_POINT ( 'NONE', #248 ) ;
#111 = EDGE_LOOP ( 'NONE', ( #3352, #6883, #4403, #8706 ) ) ;
#112 = EDGE_LOOP ( 'NONE', ( #2739, #87, #9188, #8640 ) ) ;
#113 = DIRECTION ( 'NONE',  ( -1.000000000000000000, 0.000000000000000000, 0.000000000000000000 ) ) ;
#114 = CARTESIAN_POINT ( 'NONE',  ( 19.05000000000001137, 6.349999999999999645, 1.000000000000000000 ) ) ;
#115 = ORIENTED_EDGE ( 'NONE', *, *, #3650, .F. ) ;
#116 =( LENGTH_UNIT ( ) NAMED_UNIT ( * ) SI_UNIT ( .MILLI., .METRE. ) );
#117 = VERTEX_POINT ( 'NONE', #8891 ) ;
#118 = DIRECTION ( 'NONE',  ( -1.000000000000000000, 0.000000000000000000, 0.000000000000000000 ) ) ;
#119 = CARTESIAN_POINT ( 'NONE',  ( -19.05000000000001137, -6.349999999999999645, 2.286000000000000032 ) ) ;
#120 = CARTESIAN_POINT ( 'NONE',  ( 8.233252731414809844, 12.77733287300775622, 3.232217950791415717 ) ) ;
#121 = DIRECTION ( 'NONE',  ( 0.7071067811865509034, 0.7071067811865441310, 0.000000000000000000 ) ) ;
#122 = ORIENTED_EDGE ( 'NONE', *, *, #2467, .T. ) ;
#123 = DIRECTION ( 'NONE',  ( -0.7071067811865474617, 0.7071067811865474617, 0.000000000000000000 ) ) ;
#124 = ORIENTED_EDGE ( 'NONE', *, *, #5267, .F. ) ;
#125 = ORIENTED_EDGE ( 'NONE', *, *, #2493, .F. ) ;
#126 = CYLINDRICAL_SURFACE ( 'NONE', #5395, 12.69999999999999929 ) ;
#127 = VERTEX_POINT ( 'NONE', #2519 ) ;
#128 = ORIENTED_EDGE ( 'NONE', *, *, #1048, .F. ) ;
#129 = CARTESIAN_POINT ( 'NONE',  ( 19.05000000000001137, -6.349999999999999645, -2.286000000000000032 ) ) ;
#130 = DIRECTION ( 'NONE',  ( 0.000000000000000000, 0.000000000000000000, -1.000000000000000000 ) ) ;
#131 = DIRECTION ( 'NONE',  ( -0.7071067811865514585, -0.7071067811865436870, 0.000000000000000000 ) ) ;
#132 = FACE_OUTER_BOUND ( 'NONE', #7891, .T. ) ;
#133 = ADVANCED_FACE ( 'NONE', ( #292 ), #1815, .F. ) ;
#134 = EDGE_CURVE ( 'NONE', #4933, #1529, #4652, .T. ) ;
#135 = CARTESIAN_POINT ( 'NONE',  ( -19.05000000000001137, 6.349999999999999645, 2.286000000000000032 ) ) ;
#136 = DIRECTION ( 'NONE',  ( -0.7071067811865472397, -0.7071067811865479058, 0.000000000000000000 ) ) ;
#137 = ORIENTED_EDGE ( 'NONE', *, *, #1032, .T. ) ;
#138 = CARTESIAN_POINT ( 'NONE',  ( 9.420798938022226565, 6.595342854572402658, 14.55000000000000782 ) ) ;
#139 = ORIENTED_EDGE ( 'NONE', *, *, #1679, .T. ) ;
#140 = DIRECTION ( 'NONE',  ( -0.000000000000000000, -0.000000000000000000, -1.000000000000000000 ) ) ;
#141 = ORIENTED_EDGE ( 'NONE', *, *, #2942, .F. ) ;
#142 = CARTESIAN_POINT ( 'NONE',  ( 9.152739640218785055, -12.13650746063106212, 11.98607683914971211 ) ) ;
#143 = CARTESIAN_POINT ( 'NONE',  ( -19.05000000000001137, -6.349999999999999645, 2.286000000000000032 ) ) ;
#144 = EDGE_CURVE ( 'NONE', #285, #6994, #935, .T. ) ;
#145 = CARTESIAN_POINT ( 'NONE',  ( 24.25000000000001066, -6.349999999999999645, -1.000000000000000000 ) ) ;
#147 = EDGE_CURVE ( 'NONE', #1174, #2545, #5494, .T. ) ;
#146 = ADVANCED_FACE ( 'NONE', ( #4088 ), #5450, .F. ) ;
#148 = CARTESIAN_POINT ( 'NONE',  ( -24.25000000000001066, -1.857106781186547817, -1.000000000000000000 ) ) ;
#149 = DIRECTION ( 'NONE',  ( -0.7071067811865475727, 0.7071067811865475727, 0.000000000000000000 ) ) ;
#150 = DIRECTION ( 'NONE',  ( -0.7071067811865474617, 0.7071067811865474617, -0.000000000000000000 ) ) ;
#151 = EDGE_LOOP ( 'NONE', ( #4098, #1647, #3560, #3894, #7992, #2613 ) ) ;
#152 = ORIENTED_EDGE ( 'NONE', *, *, #8630, .T. ) ;
#153 = CIRCLE ( 'NONE', #8470, 5.200000000000000178 ) ;
#154 = ORIENTED_EDGE ( 'NONE', *, *, #526, .T. ) ;
#155 = CARTESIAN_POINT ( 'NONE',  ( -8.746223802468129804, -10.47393927217168574, 15.75000000000000000 ) ) ;
#156 = EDGE_CURVE ( 'NONE', #2907, #1242, #6327, .T. ) ;
#157 = DIRECTION ( 'NONE',  ( -0.000000000000000000, -0.000000000000000000, -1.000000000000000000 ) ) ;
#158 = VERTEX_POINT ( 'NONE', #2612 ) ;
#159 =( BOUNDED_CURVE ( )  B_SPLINE_CURVE ( 3, ( #5960, #142, #3720, #8794 ),
 .UNSPECIFIED., .F., .T. ) 
 B_SPLINE_CURVE_WITH_KNOTS ( ( 4, 4 ),
 ( 4.840734874276009236, 4.873437229494069989 ),
 .UNSPECIFIED. ) 
 CURVE ( )  GEOMETRIC_REPRESENTATION_ITEM ( )  RATIONAL_B_SPLINE_CURVE ( ( 1.000000000000000000, 0.9999108816491901752, 0.9999108816491901752, 1.000000000000000000 ) ) 
 REPRESENTATION_ITEM ( '' )  );
#160 = CALENDAR_DATE ( 2022, 7, 6 ) ;
#161 = ORIENTED_EDGE ( 'NONE', *, *, #7128, .F. ) ;
#162 = DIRECTION ( 'NONE',  ( -0.7071067811865474617, -0.7071067811865476838, 0.000000000000000000 ) ) ;
#163 = CARTESIAN_POINT ( 'NONE',  ( -19.05000000000001137, -6.349999999999999645, -2.286000000000000032 ) ) ;
#164 = CIRCLE ( 'NONE', #6551, 15.19999999999997975 ) ;
#165 = DIRECTION ( 'NONE',  ( -0.000000000000000000, -0.000000000000000000, 1.000000000000000000 ) ) ;
#166 = DIRECTION ( 'NONE',  ( 0.7071067811865527908, 0.7071067811865422437, 0.000000000000000000 ) ) ;
#167 = ORIENTED_EDGE ( 'NONE', *, *, #3474, .F. ) ;
#168 = CARTESIAN_POINT ( 'NONE',  ( -19.05000000000001137, -6.349999999999999645, -2.286000000000000032 ) ) ;
#169 = ORIENTED_EDGE ( 'NONE', *, *, #8848, .T. ) ;
#170 = ORIENTED_EDGE ( 'NONE', *, *, #9168, .F. ) ;
#171 = DIRECTION ( 'NONE',  ( -0.7071067811865469066, -0.7071067811865482389, 0.000000000000000000 ) ) ;
#172 = ORIENTED_EDGE ( 'NONE', *, *, #7469, .F. ) ;
#173 = CARTESIAN_POINT ( 'NONE',  ( -2.783128176749698479, 2.783128176749686045, 3.049999999999999822 ) ) ;
#174 = AXIS2_PLACEMENT_3D ( 'NONE', #8613, #2192, #1444 ) ;
#175 = CARTESIAN_POINT ( 'NONE',  ( -22.22500000000001208, -6.349999999999999645, 2.286000000000000032 ) ) ;
#176 = DIRECTION ( 'NONE',  ( -0.7071067811865472397, -0.7071067811865479058, 0.000000000000000000 ) ) ;
#177 = CARTESIAN_POINT ( 'NONE',  ( -24.25000000000001066, -6.349999999999998757, 3.049999999999999822 ) ) ;
#178 = LINE ( 'NONE', #8601, #8541 ) ;
#179 = CIRCLE ( 'NONE', #1516, 15.20000000000000995 ) ;
#180 = DIRECTION ( 'NONE',  ( -0.000000000000000000, -0.000000000000000000, -1.000000000000000000 ) ) ;
#181 = EDGE_LOOP ( 'NONE', ( #5550, #4944, #8393, #5211, #4606, #1629, #5779, #997, #676 ) ) ;
#182 = ADVANCED_FACE ( 'NONE', ( #1299 ), #6837, .F. ) ;
#183 = LINE ( 'NONE', #8705, #3204 ) ;
#184 = VERTEX_POINT ( 'NONE', #3354 ) ;
#185 = ORIENTED_EDGE ( 'NONE', *, *, #7704, .T. ) ;
#186 = DIRECTION ( 'NONE',  ( -0.7071067811865474617, 0.7071067811865474617, 0.000000000000000000 ) ) ;
#187 = DIRECTION ( 'NONE',  ( 0.7071067811865474617, 0.7071067811865474617, -0.000000000000000000 ) ) ;
#188 = AXIS2_PLACEMENT_3D ( 'NONE', #106, #8615, #2753 ) ;
#189 = CARTESIAN_POINT ( 'NONE',  ( -11.53287653212794872, 9.901384675242544731, 11.85196986296177180 ) ) ;
#190 = FACE_OUTER_BOUND ( 'NONE', #3973, .T. ) ;
#191 = VECTOR ( 'NONE', #6734, 1000.000000000000000 ) ;
#192 = CARTESIAN_POINT ( 'NONE',  ( -24.05220779386422336, 1.347792206135790316, -1.000000000000000000 ) ) ;
#193 = CIRCLE ( 'NONE', #9104, 15.19999999999999929 ) ;
#194 = EDGE_CURVE ( 'NONE', #3845, #1788, #1952, .T. ) ;
#195 = DIRECTION ( 'NONE',  ( -0.000000000000000000, -0.000000000000000000, -1.000000000000000000 ) ) ;
#198 = EDGE_CURVE ( 'NONE', #1782, #6030, #7626, .T. ) ;
#197 = EDGE_CURVE ( 'NONE', #5308, #2918, #8769, .T. ) ;
#196 = ORIENTED_EDGE ( 'NONE', *, *, #6103, .T. ) ;
#199 = ORIENTED_EDGE ( 'NONE', *, *, #2653, .T. ) ;
#200 = VECTOR ( 'NONE', #7997, 1000.000000000000000 ) ;
#201 = ORIENTED_EDGE ( 'NONE', *, *, #94, .T. ) ;
#202 = CARTESIAN_POINT ( 'NONE',  ( 9.881168959186963363, 11.55000000000000071, 3.049999999999999822 ) ) ;
#203 = CYLINDRICAL_SURFACE ( 'NONE', #2109, 3.175000000000007816 ) ;
#204 = AXIS2_PLACEMENT_3D ( 'NONE', #8417, #5577, #6271 ) ;
#205 = VECTOR ( 'NONE', #5892, 1000.000000000000114 ) ;
#206 = DIRECTION ( 'NONE',  ( -0.7071067811865472397, -0.7071067811865479058, 0.000000000000000000 ) ) ;
#207 = ORIENTED_EDGE ( 'NONE', *, *, #156, .F. ) ;
#209 = EDGE_CURVE ( 'NONE', #7066, #975, #8293, .T. ) ;
#208 = EDGE_CURVE ( 'NONE', #6087, #7269, #9065, .T. ) ;
#210 = ORIENTED_EDGE ( 'NONE', *, *, #8787, .T. ) ;
#211 = CARTESIAN_POINT ( 'NONE',  ( 19.40355339059328443, 5.996446609406727468, -1.000000000000000000 ) ) ;
#212 = ORIENTED_EDGE ( 'NONE', *, *, #7927, .T. ) ;
#213 = VECTOR ( 'NONE', #4485, 1000.000000000000000 ) ;
#214 = DIRECTION ( 'NONE',  ( -0.000000000000000000, -0.000000000000000000, 1.000000000000000000 ) ) ;
#215 = TOROIDAL_SURFACE ( 'NONE', #8087, 7.699999999999999289, 5.000000000000000000 ) ;
#216 = CARTESIAN_POINT ( 'NONE',  ( 17.91862915010153401, -8.188477631085023134, -2.286000000000000032 ) ) ;
#217 = LINE ( 'NONE', #305, #7031 ) ;
#218 = CIRCLE ( 'NONE', #3786, 3.175000000000000711 ) ;
#219 = ORIENTED_EDGE ( 'NONE', *, *, #537, .T. ) ;
#220 = AXIS2_PLACEMENT_3D ( 'NONE', #3965, #6806, #7590 ) ;
#221 = EDGE_CURVE ( 'NONE', #1140, #7063, #2743, .T. ) ;
#222 = DIRECTION ( 'NONE',  ( -0.7071067811865475727, 0.7071067811865475727, 0.000000000000000000 ) ) ;
#223 = VERTEX_POINT ( 'NONE', #3395 ) ;
#224 = VERTEX_POINT ( 'NONE', #4130 ) ;
#225 = CARTESIAN_POINT ( 'NONE',  ( 24.25000000000001066, 6.349999999999999645, -3.049999999999999822 ) ) ;
#226 = ORIENTED_EDGE ( 'NONE', *, *, #4408, .T. ) ;
#227 = CARTESIAN_POINT ( 'NONE',  ( 12.13650746063115449, -9.152739640218655381, 11.98607683914974231 ) ) ;
#228 = LINE ( 'NONE', #7338, #4934 ) ;
#229 = CARTESIAN_POINT ( 'NONE',  ( -6.939368936583312220, -10.63658198510788644, 3.833945435550942804 ) ) ;
#230 = CARTESIAN_POINT ( 'NONE',  ( 9.881168959186963363, 11.55000000000000071, 3.049999999999999822 ) ) ;
#231 = VECTOR ( 'NONE', #1520, 1000.000000000000000 ) ;
#232 = VECTOR ( 'NONE', #6366, 1000.000000000000000 ) ;
#233 = CARTESIAN_POINT ( 'NONE',  ( -17.21152236891498788, 7.481370849898475228, 2.286000000000000032 ) ) ;
#234 = CARTESIAN_POINT ( 'NONE',  ( -25.04644660940673973, 0.3535533905932603527, 1.000000000000000000 ) ) ;
#235 = ORIENTED_EDGE ( 'NONE', *, *, #1590, .T. ) ;
#236 = VECTOR ( 'NONE', #2253, 1000.000000000000000 ) ;
#237 = CARTESIAN_POINT ( 'NONE',  ( 13.14289321881345529, -11.55000000000000071, 1.000000000000000000 ) ) ;
#238 = ORIENTED_EDGE ( 'NONE', *, *, #1032, .F. ) ;
#239 = LINE ( 'NONE', #8750, #8687 ) ;
#240 = VERTEX_POINT ( 'NONE', #7544 ) ;
#241 = DIRECTION ( 'NONE',  ( -1.000000000000000000, 0.000000000000000000, 0.000000000000000000 ) ) ;
#242 = PLANE ( 'NONE',  #7655 ) ;
#243 = DIRECTION ( 'NONE',  ( -1.000000000000000000, 0.000000000000000000, 0.000000000000000000 ) ) ;
#244 = CARTESIAN_POINT ( 'NONE',  ( 0.000000000000000000, 0.000000000000000000, 11.30038463814562810 ) ) ;
#245 = VECTOR ( 'NONE', #4881, 1000.000000000000000 ) ;
#246 = CARTESIAN_POINT ( 'NONE',  ( -2.056696380120320633, 14.89999999999999858, -3.049999999999999822 ) ) ;
#247 = CARTESIAN_POINT ( 'NONE',  ( 6.595342854572496805, 9.420798938022160840, 14.55000000000000782 ) ) ;
#248 = CARTESIAN_POINT ( 'NONE',  ( -21.62060379597427229, -4.486502985212285743, -2.286000000000000032 ) ) ;
#249 = ORIENTED_EDGE ( 'NONE', *, *, #6739, .T. ) ;
#250 = VECTOR ( 'NONE', #7017, 1000.000000000000000 ) ;
#251 = VERTEX_POINT ( 'NONE', #1915 ) ;
#252 = PLANE ( 'NONE',  #2911 ) ;
#253 = DIRECTION ( 'NONE',  ( -0.7071067811865476838, -0.7071067811865474617, 0.000000000000000000 ) ) ;
#254 = EDGE_CURVE ( 'NONE', #2264, #1984, #8912, .T. ) ;
#256 = EDGE_CURVE ( 'NONE', #6087, #1561, #9028, .T. ) ;
#255 = ADVANCED_FACE ( 'NONE', ( #1204 ), #4037, .F. ) ;
#257 = AXIS2_PLACEMENT_3D ( 'NONE', #7705, #7666, #7749 ) ;
#258 = CARTESIAN_POINT ( 'NONE',  ( -20.88847763108503841, -7.481370849898481445, -2.286000000000000032 ) ) ;
#259 = VERTEX_POINT ( 'NONE', #5532 ) ;
#260 = ORIENTED_EDGE ( 'NONE', *, *, #5774, .T. ) ;
#261 = CARTESIAN_POINT ( 'NONE',  ( -19.05000000000001137, -12.55000000000000071, 3.049999999999999822 ) ) ;
#262 = ORIENTED_EDGE ( 'NONE', *, *, #5956, .F. ) ;
#263 = DIRECTION ( 'NONE',  ( 0.7071067811865476838, 0.7071067811865474617, -0.000000000000000000 ) ) ;
#264 = EDGE_CURVE ( 'NONE', #2569, #4728, #4715, .T. ) ;
#265 = CARTESIAN_POINT ( 'NONE',  ( 20.18137084989849228, -8.188477631085028463, -2.286000000000000032 ) ) ;
#267 = EDGE_CURVE ( 'NONE', #6899, #6834, #2830, .T. ) ;
#266 = EDGE_CURVE ( 'NONE', #2229, #6180, #1324, .T. ) ;
#268 = ORIENTED_EDGE ( 'NONE', *, *, #1426, .T. ) ;
#269 = DIRECTION ( 'NONE',  ( -0.000000000000000000, -0.000000000000000000, -1.000000000000000000 ) ) ;
#270 = ORIENTED_EDGE ( 'NONE', *, *, #7584, .T. ) ;
#271 = ORIENTED_EDGE ( 'NONE', *, *, #2931, .F. ) ;
#272 = LINE ( 'NONE', #5200, #6138 ) ;
#273 = VERTEX_POINT ( 'NONE', #7815 ) ;
#274 = CARTESIAN_POINT ( 'NONE',  ( 8.607311420067846441, -12.52826460218565252, 3.598324033312455761 ) ) ;
#275 = PLANE ( 'NONE',  #1074 ) ;
#276 = LINE ( 'NONE', #2322, #834 ) ;
#277 = DIRECTION ( 'NONE',  ( 1.000000000000000000, -3.783957776634915868E-16, 0.000000000000000000 ) ) ;
#278 = LINE ( 'NONE', #442, #1559 ) ;
#279 = ADVANCED_FACE ( 'NONE', ( #5121 ), #98, .F. ) ;
#280 = CARTESIAN_POINT ( 'NONE',  ( -9.881168959186963363, 11.55000000000000071, -3.049999999999999822 ) ) ;
#281 = ORIENTED_EDGE ( 'NONE', *, *, #1206, .F. ) ;
#282 = LINE ( 'NONE', #974, #3498 ) ;
#283 = ORIENTED_EDGE ( 'NONE', *, *, #5600, .F. ) ;
#284 = CARTESIAN_POINT ( 'NONE',  ( -10.87409690839342247, 6.562353025506055815, 3.325438762633021739 ) ) ;
#285 = VERTEX_POINT ( 'NONE', #3530 ) ;
#286 = CARTESIAN_POINT ( 'NONE',  ( -7.725680503160538670, 4.974319496839387789, 15.75000000000000000 ) ) ;
#287 = CARTESIAN_POINT ( 'NONE',  ( -23.69865440327095030, -0.9942388155425139207, -1.000000000000000000 ) ) ;
#288 = CARTESIAN_POINT ( 'NONE',  ( -20.88847763108503486, 5.218629150101524061, 2.286000000000000032 ) ) ;
#289 = DIRECTION ( 'NONE',  ( 1.000000000000000000, 0.000000000000000000, 0.000000000000000000 ) ) ;
#290 = LINE ( 'NONE', #8800, #1358 ) ;
#291 = DIRECTION ( 'NONE',  ( 0.000000000000000000, 0.000000000000000000, 1.000000000000000000 ) ) ;
#292 = FACE_OUTER_BOUND ( 'NONE', #5497, .T. ) ;
#293 = ORIENTED_EDGE ( 'NONE', *, *, #4333, .F. ) ;
#294 = EDGE_LOOP ( 'NONE', ( #5615, #3231, #6083, #648 ) ) ;
#295 = DIRECTION ( 'NONE',  ( -0.000000000000000000, -0.000000000000000000, -1.000000000000000000 ) ) ;
#296 = CARTESIAN_POINT ( 'NONE',  ( 10.24994121339576658, 7.498580207074597048, 15.75000000000000000 ) ) ;
#297 = DIRECTION ( 'NONE',  ( 1.000000000000000000, 0.000000000000000000, 0.000000000000000000 ) ) ;
#298 = ORIENTED_EDGE ( 'NONE', *, *, #7065, .T. ) ;
#299 = PERSON_AND_ORGANIZATION_ROLE ( 'creator' ) ;
#300 = VERTEX_POINT ( 'NONE', #1435 ) ;
#301 = EDGE_CURVE ( 'NONE', #77, #3237, #153, .T. ) ;
#302 = EDGE_CURVE ( 'NONE', #1320, #3368, #4269, .T. ) ;
#303 = EDGE_LOOP ( 'NONE', ( #4144, #3225, #1658, #8592 ) ) ;
#304 = CARTESIAN_POINT ( 'NONE',  ( -19.40355339059328443, 5.996446609406726580, 1.000000000000000000 ) ) ;
#305 = CARTESIAN_POINT ( 'NONE',  ( 21.15000000000001990, 6.349999999999999645, 1.000000000000000000 ) ) ;
#306 = ORIENTED_EDGE ( 'NONE', *, *, #2408, .T. ) ;
#307 = DIRECTION ( 'NONE',  ( -1.000000000000000000, 0.000000000000000000, 0.000000000000000000 ) ) ;
#308 = EDGE_LOOP ( 'NONE', ( #5975, #5889, #4802, #4241 ) ) ;
#309 = ORIENTED_EDGE ( 'NONE', *, *, #3100, .T. ) ;
#310 = EDGE_CURVE ( 'NONE', #7699, #7571, #9202, .T. ) ;
#311 = CARTESIAN_POINT ( 'NONE',  ( -7.197780013643208186, -9.973865322164865432, 15.34957983997626663 ) ) ;
#313 = ADVANCED_FACE ( 'NONE', ( #1586 ), #4980, .F. ) ;
#312 = EDGE_CURVE ( 'NONE', #1819, #6992, #2136, .T. ) ;
#314 = VERTEX_POINT ( 'NONE', #735 ) ;
#315 = CARTESIAN_POINT ( 'NONE',  ( 7.089843379135150947, -10.53679841599589295, 4.484570918952026197 ) ) ;
#316 = DIRECTION ( 'NONE',  ( -1.000000000000000000, 0.000000000000000000, 0.000000000000000000 ) ) ;
#317 = CARTESIAN_POINT ( 'NONE',  ( 0.000000000000000000, 0.000000000000000000, 3.049999999999999822 ) ) ;
#318 = CARTESIAN_POINT ( 'NONE',  ( 22.35636464127575707, 10.36347142246229325, 3.049999999999999822 ) ) ;
#319 = AXIS2_PLACEMENT_3D ( 'NONE', #8564, #2185, #837 ) ;
#320 = DIRECTION ( 'NONE',  ( -0.7071067811865482389, 0.7071067811865469066, 0.000000000000000000 ) ) ;
#321 = ORIENTED_EDGE ( 'NONE', *, *, #3546, .T. ) ;
#322 = VECTOR ( 'NONE', #3581, 1000.000000000000000 ) ;
#323 = CARTESIAN_POINT ( 'NONE',  ( 2.783128176749722904, -2.783128176749754434, 3.049999999999999822 ) ) ;
#324 = EDGE_CURVE ( 'NONE', #4742, #4190, #164, .T. ) ;
#325 = ORIENTED_EDGE ( 'NONE', *, *, #4110, .F. ) ;
#326 = CARTESIAN_POINT ( 'NONE',  ( -10.66365408853590857, 6.897811456368631688, 3.750923870973961183 ) ) ;
#327 = ORIENTED_EDGE ( 'NONE', *, *, #4527, .F. ) ;
#328 = CARTESIAN_POINT ( 'NONE',  ( -21.15000000000001279, 6.349999999999999645, -2.286000000000000032 ) ) ;
#329 = FACE_OUTER_BOUND ( 'NONE', #2054, .T. ) ;
#330 = DIRECTION ( 'NONE',  ( -0.7071067811865472397, 0.7071067811865479058, 0.000000000000000000 ) ) ;
#331 = CARTESIAN_POINT ( 'NONE',  ( -22.35636464127575707, 10.36347142246229325, 1.000000000000000000 ) ) ;
#332 = VECTOR ( 'NONE', #3444, 1000.000000000000000 ) ;
#333 = CARTESIAN_POINT ( 'NONE',  ( 19.05000000000001137, 6.349999999999999645, -1.000000000000000000 ) ) ;
#334 = DIRECTION ( 'NONE',  ( 1.000000000000000000, 0.000000000000000000, 0.000000000000000000 ) ) ;
#335 = DIRECTION ( 'NONE',  ( 0.7071067811865475727, 0.7071067811865475727, 0.000000000000000000 ) ) ;
#336 = ORIENTED_EDGE ( 'NONE', *, *, #3141, .T. ) ;
#337 = VERTEX_POINT ( 'NONE', #7905 ) ;
#338 = CARTESIAN_POINT ( 'NONE',  ( -10.33061548860848866, -7.341138793373241711, 11.89361928255150858 ) ) ;
#339 = CIRCLE ( 'NONE', #4780, 5.200000000000000178 ) ;
#340 = LINE ( 'NONE', #3043, #2708 ) ;
#341 = CIRCLE ( 'NONE', #188, 15.19999999999999929 ) ;
#342 = DIRECTION ( 'NONE',  ( 1.000000000000000000, -8.673617379884035472E-16, 0.000000000000000000 ) ) ;
#343 = ORIENTED_EDGE ( 'NONE', *, *, #8672, .T. ) ;
#344 = DIRECTION ( 'NONE',  ( 0.7071067811865475727, -0.7071067811865475727, 0.000000000000000000 ) ) ;
#345 = VECTOR ( 'NONE', #5118, 1000.000000000000000 ) ;
#346 = AXIS2_PLACEMENT_3D ( 'NONE', #2807, #811, #2023 ) ;
#347 = DIRECTION ( 'NONE',  ( -0.000000000000000000, -0.000000000000000000, -1.000000000000000000 ) ) ;
#348 = EDGE_CURVE ( 'NONE', #6610, #2359, #3060, .T. ) ;
#349 = AXIS2_PLACEMENT_3D ( 'NONE', #6774, #3276, #3929 ) ;
#350 = ORIENTED_EDGE ( 'NONE', *, *, #6013, .F. ) ;
#351 = CARTESIAN_POINT ( 'NONE',  ( 22.35636464127575707, 10.36347142246229325, -2.286000000000000032 ) ) ;
#352 = EDGE_LOOP ( 'NONE', ( #6645, #7221, #2160, #8194 ) ) ;
#353 = VERTEX_POINT ( 'NONE', #2085 ) ;
#354 = VECTOR ( 'NONE', #6736, 1000.000000000000000 ) ;
#355 = VECTOR ( 'NONE', #5648, 1000.000000000000000 ) ;
#356 = PLANE ( 'NONE',  #2568 ) ;
#357 = CARTESIAN_POINT ( 'NONE',  ( -13.16456341238952454, -7.598307058889853138, 3.049999999999999822 ) ) ;
#358 = FACE_OUTER_BOUND ( 'NONE', #7028, .T. ) ;
#359 = CARTESIAN_POINT ( 'NONE',  ( 0.000000000000000000, 0.000000000000000000, 3.049999999999999822 ) ) ;
#360 = CIRCLE ( 'NONE', #2135, 2.100000000000008082 ) ;
#361 = DIRECTION ( 'NONE',  ( 0.000000000000000000, 0.000000000000000000, 1.000000000000000000 ) ) ;
#362 = CIRCLE ( 'NONE', #2592, 5.200000000000000178 ) ;
#363 = EDGE_CURVE ( 'NONE', #3107, #1150, #1530, .T. ) ;
#365 = EDGE_CURVE ( 'NONE', #4677, #251, #3677, .T. ) ;
#364 = EDGE_CURVE ( 'NONE', #3314, #1353, #4316, .T. ) ;
#366 = CARTESIAN_POINT ( 'NONE',  ( -7.338820554675519858, -10.36492705552103999, 11.30038463814558192 ) ) ;
#367 = VERTEX_POINT ( 'NONE', #8650 ) ;
#368 = CARTESIAN_POINT ( 'NONE',  ( 0.000000000000000000, 0.000000000000000000, 1.000000000000000000 ) ) ;
#369 = VERTEX_POINT ( 'NONE', #7256 ) ;
#370 = VECTOR ( 'NONE', #6826, 1000.000000000000000 ) ;
#371 = CARTESIAN_POINT ( 'NONE',  ( -11.23241231305630095, 5.929699067818026137, 3.050000000000002043 ) ) ;
#372 = AXIS2_PLACEMENT_3D ( 'NONE', #3430, #9024, #3349 ) ;
#373 = ORIENTED_EDGE ( 'NONE', *, *, #1896, .F. ) ;
#374 = LINE ( 'NONE', #8884, #7829 ) ;
#375 = DIRECTION ( 'NONE',  ( -1.000000000000000000, 0.000000000000000000, 0.000000000000000000 ) ) ;
#376 = CARTESIAN_POINT ( 'NONE',  ( 20.18137084989849583, 8.188477631085028463, -2.286000000000000032 ) ) ;
#377 = CARTESIAN_POINT ( 'NONE',  ( 14.55710678118655643, 11.55000000000000071, 1.000000000000000000 ) ) ;
#379 = EDGE_CURVE ( 'NONE', #5226, #1926, #5329, .T. ) ;
#378 = EDGE_CURVE ( 'NONE', #5056, #3096, #3577, .T. ) ;
#380 = AXIS2_PLACEMENT_3D ( 'NONE', #563, #3401, #6240 ) ;
#381 = DIRECTION ( 'NONE',  ( 0.000000000000000000, 0.000000000000000000, 1.000000000000000000 ) ) ;
#382 = DIRECTION ( 'NONE',  ( 0.000000000000000000, 0.000000000000000000, 1.000000000000000000 ) ) ;
#383 = DIRECTION ( 'NONE',  ( 0.7071067811865477948, -0.7071067811865473507, 0.000000000000000000 ) ) ;
#384 = ORIENTED_EDGE ( 'NONE', *, *, #4953, .F. ) ;
#385 = EDGE_LOOP ( 'NONE', ( #2058, #1986 ) ) ;
#386 = FACE_OUTER_BOUND ( 'NONE', #308, .T. ) ;
#387 = VECTOR ( 'NONE', #7574, 1000.000000000000000 ) ;
#388 = CARTESIAN_POINT ( 'NONE',  ( -23.69865440327095030, 0.9942388155425139207, -1.000000000000000000 ) ) ;
#389 = PLANE ( 'NONE',  #1994 ) ;
#390 = DIRECTION ( 'NONE',  ( -1.000000000000000000, -8.340016711426957261E-16, 0.000000000000000000 ) ) ;
#391 = VECTOR ( 'NONE', #3226, 1000.000000000000000 ) ;
#392 = ORIENTED_EDGE ( 'NONE', *, *, #5579, .F. ) ;
#393 = ORIENTED_EDGE ( 'NONE', *, *, #8163, .F. ) ;
#394 = CARTESIAN_POINT ( 'NONE',  ( -20.91349701478772616, -8.920603795974260564, 1.000000000000000000 ) ) ;
#395 = VECTOR ( 'NONE', #9101, 1000.000000000000114 ) ;
#396 = EDGE_LOOP ( 'NONE', ( #3705, #8506, #9095, #3004 ) ) ;
#397 = CARTESIAN_POINT ( 'NONE',  ( -19.05000000000001137, 6.349999999999999645, 2.286000000000000032 ) ) ;
#398 = ORIENTED_EDGE ( 'NONE', *, *, #312, .F. ) ;
#399 = ORIENTED_EDGE ( 'NONE', *, *, #8429, .F. ) ;
#400 = CARTESIAN_POINT ( 'NONE',  ( 24.25000000000001066, -6.350000000000000533, -3.049999999999999822 ) ) ;
#401 = FACE_OUTER_BOUND ( 'NONE', #7438, .T. ) ;
#402 = CARTESIAN_POINT ( 'NONE',  ( -19.05000000000001137, 6.349999999999999645, 1.000000000000000000 ) ) ;
#403 = DIRECTION ( 'NONE',  ( -0.000000000000000000, -0.000000000000000000, 1.000000000000000000 ) ) ;
#404 = DIRECTION ( 'NONE',  ( 1.000000000000000000, 0.000000000000000000, -0.000000000000000000 ) ) ;
#405 = CARTESIAN_POINT ( 'NONE',  ( -19.05000000000001137, -6.349999999999999645, 2.286000000000000032 ) ) ;
#406 = DIRECTION ( 'NONE',  ( -0.000000000000000000, -0.000000000000000000, -1.000000000000000000 ) ) ;
#407 = ORIENTED_EDGE ( 'NONE', *, *, #6232, .F. ) ;
#408 = CARTESIAN_POINT ( 'NONE',  ( -2.056696380120321965, -6.899999999999997691, 3.049999999999999822 ) ) ;
#409 = EDGE_LOOP ( 'NONE', ( #4284, #5414, #6761, #2713, #2166, #2328 ) ) ;
#410 = CARTESIAN_POINT ( 'NONE',  ( 8.919575393221810700, 10.55101945629020932, 11.85003372969181967 ) ) ;
#411 = EDGE_CURVE ( 'NONE', #6610, #5413, #6102, .T. ) ;
#412 = ORIENTED_EDGE ( 'NONE', *, *, #1397, .T. ) ;
#413 = EDGE_CURVE ( 'NONE', #3132, #1240, #3076, .T. ) ;
#414 = DIRECTION ( 'NONE',  ( -1.000000000000000000, 0.000000000000000000, 0.000000000000000000 ) ) ;
#415 = CARTESIAN_POINT ( 'NONE',  ( 19.05000000000001137, 6.349999999999999645, 2.286000000000000032 ) ) ;
#416 = CARTESIAN_POINT ( 'NONE',  ( 16.47939620402574334, 4.486502985212279526, 1.000000000000000000 ) ) ;
#417 = CARTESIAN_POINT ( 'NONE',  ( 7.086226574511176324, 10.53923203741527637, 4.386581801005378978 ) ) ;
#418 = LINE ( 'NONE', #1160, #3750 ) ;
#419 = DIRECTION ( 'NONE',  ( 0.7071067811865475727, 0.7071067811865475727, 0.000000000000000000 ) ) ;
#420 = DIRECTION ( 'NONE',  ( -1.000000000000000000, 0.000000000000000000, 0.000000000000000000 ) ) ;
#421 = ORIENTED_EDGE ( 'NONE', *, *, #4348, .T. ) ;
#422 = LINE ( 'NONE', #6199, #2444 ) ;
#423 = EDGE_CURVE ( 'NONE', #2872, #4865, #2686, .T. ) ;
#424 = VERTEX_POINT ( 'NONE', #237 ) ;
#426 = EDGE_CURVE ( 'NONE', #7919, #7904, #5915, .T. ) ;
#425 = EDGE_CURVE ( 'NONE', #8460, #1494, #1018, .T. ) ;
#427 = DIRECTION ( 'NONE',  ( -0.000000000000000000, -0.000000000000000000, -1.000000000000000000 ) ) ;
#428 = DIRECTION ( 'NONE',  ( 0.000000000000000000, 0.000000000000000000, 1.000000000000000000 ) ) ;
#429 = CARTESIAN_POINT ( 'NONE',  ( -24.25000000000001066, 1.545584412271579167, 3.049999999999999822 ) ) ;
#430 = LINE ( 'NONE', #522, #3002 ) ;
#431 = VERTEX_POINT ( 'NONE', #4637 ) ;
#432 = EDGE_CURVE ( 'NONE', #628, #2764, #1008, .T. ) ;
#433 = ORIENTED_EDGE ( 'NONE', *, *, #2763, .T. ) ;
#434 = ORIENTED_EDGE ( 'NONE', *, *, #6217, .T. ) ;
#435 = DIRECTION ( 'NONE',  ( 0.000000000000000000, 0.000000000000000000, 1.000000000000000000 ) ) ;
#436 = ORIENTED_EDGE ( 'NONE', *, *, #652, .F. ) ;
#437 = ORIENTED_EDGE ( 'NONE', *, *, #2965, .T. ) ;
#438 = CARTESIAN_POINT ( 'NONE',  ( 17.91862915010153401, 8.188477631085024910, 2.286000000000000032 ) ) ;
#439 = CARTESIAN_POINT ( 'NONE',  ( 15.10488494811827564, 1.697778166931711130, 3.049999999999999822 ) ) ;
#440 = CARTESIAN_POINT ( 'NONE',  ( -20.88847763108503841, -7.481370849898481445, -2.286000000000000032 ) ) ;
#441 = DIRECTION ( 'NONE',  ( -1.000000000000000000, 3.577867169202164632E-15, 0.000000000000000000 ) ) ;
#442 = CARTESIAN_POINT ( 'NONE',  ( 23.06347142246230320, 9.656364641275745342, 3.049999999999999822 ) ) ;
#443 = DIRECTION ( 'NONE',  ( 0.000000000000000000, 0.000000000000000000, 1.000000000000000000 ) ) ;
#444 = LINE ( 'NONE', #3285, #4949 ) ;
#445 = ORIENTED_EDGE ( 'NONE', *, *, #1664, .T. ) ;
#446 = LINE ( 'NONE', #1241, #1873 ) ;
#447 = ORIENTED_EDGE ( 'NONE', *, *, #2525, .T. ) ;
#448 = DIRECTION ( 'NONE',  ( 1.000000000000000000, 0.000000000000000000, 0.000000000000000000 ) ) ;
#449 = ORIENTED_EDGE ( 'NONE', *, *, #4701, .F. ) ;
#450 = LINE ( 'NONE', #3291, #395 ) ;
#451 = DIRECTION ( 'NONE',  ( -0.000000000000000000, -0.000000000000000000, -1.000000000000000000 ) ) ;
#452 = CARTESIAN_POINT ( 'NONE',  ( 17.91862915010153401, -8.188477631085023134, -2.286000000000000032 ) ) ;
#453 = DIRECTION ( 'NONE',  ( 0.7071067811865474617, 0.7071067811865474617, 0.000000000000000000 ) ) ;
#454 = ADVANCED_FACE ( 'NONE', ( #2373 ), #6001, .T. ) ;
#455 = DIRECTION ( 'NONE',  ( -0.000000000000000000, -0.000000000000000000, -1.000000000000000000 ) ) ;
#456 = ORIENTED_EDGE ( 'NONE', *, *, #3684, .T. ) ;
#457 = LINE ( 'NONE', #1951, #5120 ) ;
#458 = CARTESIAN_POINT ( 'NONE',  ( -19.05000000000001137, -11.55000000000000071, 3.049999999999999822 ) ) ;
#459 = ORIENTED_EDGE ( 'NONE', *, *, #8772, .T. ) ;
#460 = CARTESIAN_POINT ( 'NONE',  ( -17.21152236891498788, 5.218629150101523173, 2.286000000000000032 ) ) ;
#461 = ORIENTED_EDGE ( 'NONE', *, *, #8848, .F. ) ;
#462 = CARTESIAN_POINT ( 'NONE',  ( 15.37520259936550282, -1.968095818178943857, -2.286000000000000032 ) ) ;
#463 = VECTOR ( 'NONE', #7867, 1000.000000000000000 ) ;
#464 = DIRECTION ( 'NONE',  ( -0.000000000000000000, -0.000000000000000000, 1.000000000000000000 ) ) ;
#465 = CARTESIAN_POINT ( 'NONE',  ( -9.881168959186963363, -11.55000000000000071, 3.049999999999999822 ) ) ;
#466 = EDGE_CURVE ( 'NONE', #908, #5708, #3239, .T. ) ;
#468 = EDGE_CURVE ( 'NONE', #1753, #4542, #6659, .T. ) ;
#467 = ADVANCED_FACE ( 'NONE', ( #7396 ), #1724, .F. ) ;
#469 = CARTESIAN_POINT ( 'NONE',  ( 19.05000000000000426, -11.55000000000000249, 1.000000000000000000 ) ) ;
#470 = AXIS2_PLACEMENT_3D ( 'NONE', #688, #1378, #4970 ) ;
#471 = ORIENTED_EDGE ( 'NONE', *, *, #4409, .T. ) ;
#472 = AXIS2_PLACEMENT_3D ( 'NONE', #5247, #5802, #5164 ) ;
#473 = ORIENTED_EDGE ( 'NONE', *, *, #2374, .F. ) ;
#474 = ORIENTED_EDGE ( 'NONE', *, *, #3383, .F. ) ;
#475 = CIRCLE ( 'NONE', #3303, 2.100000000000008082 ) ;
#476 = VECTOR ( 'NONE', #5470, 1000.000000000000000 ) ;
#478 = EDGE_CURVE ( 'NONE', #7984, #6424, #7296, .T. ) ;
#477 = ADVANCED_FACE ( 'NONE', ( #2464 ), #5305, .T. ) ;
#479 = ORIENTED_EDGE ( 'NONE', *, *, #6173, .F. ) ;
#480 = CARTESIAN_POINT ( 'NONE',  ( 19.05000000000001137, 6.349999999999999645, -1.000000000000000000 ) ) ;
#481 = VERTEX_POINT ( 'NONE', #6045 ) ;
#482 = VECTOR ( 'NONE', #2783, 1000.000000000000000 ) ;
#483 = CARTESIAN_POINT ( 'NONE',  ( 2.783128176749742000, 2.783128176749772198, 4.549999999999999822 ) ) ;
#484 = DIRECTION ( 'NONE',  ( -1.000000000000000000, 0.000000000000000000, 0.000000000000000000 ) ) ;
#485 = VECTOR ( 'NONE', #5479, 1000.000000000000000 ) ;
#486 = PLANE ( 'NONE',  #7162 ) ;
#487 = CARTESIAN_POINT ( 'NONE',  ( -16.95000000000000995, -6.349999999999999645, 1.000000000000000000 ) ) ;
#488 = DIRECTION ( 'NONE',  ( -0.000000000000000000, -0.000000000000000000, -1.000000000000000000 ) ) ;
#489 = AXIS2_PLACEMENT_3D ( 'NONE', #2535, #6113, #8949 ) ;
#490 = VECTOR ( 'NONE', #2675, 1000.000000000000000 ) ;
#491 = VECTOR ( 'NONE', #4967, 1000.000000000000000 ) ;
#492 = DIRECTION ( 'NONE',  ( -0.7071067811865509034, 0.7071067811865442421, 0.000000000000000000 ) ) ;
#493 = DIRECTION ( 'NONE',  ( 0.000000000000000000, 0.000000000000000000, 1.000000000000000000 ) ) ;
#494 = VERTEX_POINT ( 'NONE', #8144 ) ;
#495 = CYLINDRICAL_SURFACE ( 'NONE', #5685, 8.000000000000000000 ) ;
#496 = VERTEX_POINT ( 'NONE', #8880 ) ;
#497 = CARTESIAN_POINT ( 'NONE',  ( -17.70220779386422549, 5.002207793864214658, -1.000000000000000000 ) ) ;
#498 = AXIS2_PLACEMENT_3D ( 'NONE', #114, #7129, #712 ) ;
#499 = ORIENTED_EDGE ( 'NONE', *, *, #4921, .F. ) ;
#500 = PLANE ( 'NONE',  #1593 ) ;
#501 = CARTESIAN_POINT ( 'NONE',  ( -10.53679841599598355, -7.089843379135013279, 4.484570918951956031 ) ) ;
#502 = DIRECTION ( 'NONE',  ( -0.7071067811865474617, 0.7071067811865474617, -0.000000000000000000 ) ) ;
#503 = AXIS2_PLACEMENT_3D ( 'NONE', #4212, #5444, #1197 ) ;
#504 = VECTOR ( 'NONE', #6987, 1000.000000000000000 ) ;
#505 = DIRECTION ( 'NONE',  ( -0.000000000000000000, -0.000000000000000000, -1.000000000000000000 ) ) ;
#506 = DIRECTION ( 'NONE',  ( 0.7071067811865475727, -0.7071067811865475727, 0.000000000000000000 ) ) ;
#507 =( BOUNDED_CURVE ( )  B_SPLINE_CURVE ( 3, ( #3550, #7035, #714, #2103 ),
 .UNSPECIFIED., .F., .T. ) 
 B_SPLINE_CURVE_WITH_KNOTS ( ( 4, 4 ),
 ( 1.637784248836728240, 1.651256753668530530 ),
 .UNSPECIFIED. ) 
 CURVE ( )  GEOMETRIC_REPRESENTATION_ITEM ( )  RATIONAL_B_SPLINE_CURVE ( ( 1.000000000000000000, 0.9999848743583262811, 0.9999848743583262811, 1.000000000000000000 ) ) 
 REPRESENTATION_ITEM ( '' )  );
#508 = DIRECTION ( 'NONE',  ( 0.000000000000000000, 0.000000000000000000, 1.000000000000000000 ) ) ;
#509 = ORIENTED_EDGE ( 'NONE', *, *, #6854, .T. ) ;
#510 = VECTOR ( 'NONE', #8497, 1000.000000000000000 ) ;
#511 = AXIS2_PLACEMENT_3D ( 'NONE', #6620, #3726, #2983 ) ;
#512 = CARTESIAN_POINT ( 'NONE',  ( 20.91349701478772971, -8.920603795974267669, 2.286000000000000032 ) ) ;
#513 = CARTESIAN_POINT ( 'NONE',  ( 0.8638577348518092780, 0.8638577348518219345, 15.75000000000000000 ) ) ;
#514 = ORIENTED_EDGE ( 'NONE', *, *, #4616, .F. ) ;
#515 = CARTESIAN_POINT ( 'NONE',  ( 10.56868060058580738, 7.042714993962707837, 4.096220987156876880 ) ) ;
#516 = ORIENTED_EDGE ( 'NONE', *, *, #3832, .F. ) ;
#517 = LINE ( 'NONE', #5456, #4093 ) ;
#518 = CARTESIAN_POINT ( 'NONE',  ( -6.839108940646675627, 9.693270199239208296, 14.08510797874434317 ) ) ;
#519 = DIRECTION ( 'NONE',  ( 1.000000000000000000, 0.000000000000000000, -0.000000000000000000 ) ) ;
#520 = VECTOR ( 'NONE', #4590, 1000.000000000000000 ) ;
#521 = AXIS2_PLACEMENT_3D ( 'NONE', #5062, #36, #2269 ) ;
#522 = CARTESIAN_POINT ( 'NONE',  ( 24.11862915010152975, 5.907360397698777307E-15, -3.049999999999999822 ) ) ;
#523 = VECTOR ( 'NONE', #3634, 1000.000000000000000 ) ;
#524 = ORIENTED_EDGE ( 'NONE', *, *, #3955, .F. ) ;
#525 = ORIENTED_EDGE ( 'NONE', *, *, #7685, .F. ) ;
#526 = EDGE_CURVE ( 'NONE', #6516, #7244, #1109, .T. ) ;
#528 = ADVANCED_FACE ( 'NONE', ( #3022 ), #3945, .T. ) ;
#527 = EDGE_CURVE ( 'NONE', #4836, #2358, #282, .T. ) ;
#529 = AXIS2_PLACEMENT_3D ( 'NONE', #3579, #602, #5727 ) ;
#530 = VERTEX_POINT ( 'NONE', #3895 ) ;
#531 = DIRECTION ( 'NONE',  ( -0.000000000000000000, -0.000000000000000000, -1.000000000000000000 ) ) ;
#532 = ORIENTED_EDGE ( 'NONE', *, *, #3262, .T. ) ;
#533 = DIRECTION ( 'NONE',  ( -1.000000000000000000, 0.000000000000000000, 0.000000000000000000 ) ) ;
#534 = AXIS2_PLACEMENT_3D ( 'NONE', #8498, #89, #773 ) ;
#535 = PLANE ( 'NONE',  #8535 ) ;
#536 = EDGE_CURVE ( 'NONE', #5656, #2907, #2508, .T. ) ;
#538 = EDGE_CURVE ( 'NONE', #8399, #936, #8229, .T. ) ;
#537 = EDGE_CURVE ( 'NONE', #6671, #4587, #183, .T. ) ;
#539 = CARTESIAN_POINT ( 'NONE',  ( 10.57281960538457355, -7.036051717019362606, 4.102871481124273245 ) ) ;
#540 = CARTESIAN_POINT ( 'NONE',  ( -21.62060379597427229, 4.486502985212284855, 2.286000000000000032 ) ) ;
#541 = DIRECTION ( 'NONE',  ( 0.000000000000000000, 0.000000000000000000, 1.000000000000000000 ) ) ;
#542 = AXIS2_PLACEMENT_3D ( 'NONE', #3523, #2822, #1990 ) ;
#543 = LINE ( 'NONE', #4726, #4045 ) ;
#544 = CARTESIAN_POINT ( 'NONE',  ( 8.575400865265715211, 12.55000000000000071, 1.000000000000000000 ) ) ;
#545 = VERTEX_POINT ( 'NONE', #8966 ) ;
#546 = CARTESIAN_POINT ( 'NONE',  ( 17.91862915010153401, -8.188477631085023134, 2.286000000000000032 ) ) ;
#547 = EDGE_LOOP ( 'NONE', ( #4105, #4139, #8025, #3468, #7198, #9053, #5418, #6245 ) ) ;
#548 = DIRECTION ( 'NONE',  ( -0.7071067811865469066, -0.7071067811865482389, 0.000000000000000000 ) ) ;
#549 = ORIENTED_EDGE ( 'NONE', *, *, #4056, .T. ) ;
#550 = EDGE_CURVE ( 'NONE', #5119, #7594, #4684, .T. ) ;
#551 = CARTESIAN_POINT ( 'NONE',  ( -19.05000000000001137, 11.55000000000000071, 1.000000000000000000 ) ) ;
#552 = CARTESIAN_POINT ( 'NONE',  ( -22.22500000000001208, -6.349999999999999645, 1.000000000000000000 ) ) ;
#553 = LINE ( 'NONE', #1376, #4667 ) ;
#554 = CARTESIAN_POINT ( 'NONE',  ( 19.05000000000001137, 6.349999999999999645, -2.286000000000000032 ) ) ;
#555 = DIRECTION ( 'NONE',  ( -0.000000000000000000, -0.000000000000000000, -1.000000000000000000 ) ) ;
#556 = PLANE ( 'NONE',  #4181 ) ;
#557 = EDGE_LOOP ( 'NONE', ( #8677, #7675, #2377, #1545, #8203, #2935, #3326, #4061 ) ) ;
#558 = CARTESIAN_POINT ( 'NONE',  ( 22.70441558772843749, 7.846913223363838341E-15, 3.049999999999999822 ) ) ;
#559 = ORIENTED_EDGE ( 'NONE', *, *, #7940, .F. ) ;
#560 = CARTESIAN_POINT ( 'NONE',  ( 19.05000000000001137, -6.349999999999999645, -2.286000000000000032 ) ) ;
#561 = ORIENTED_EDGE ( 'NONE', *, *, #7824, .T. ) ;
#562 = DIRECTION ( 'NONE',  ( 0.7071067811865473507, 0.7071067811865477948, 0.000000000000000000 ) ) ;
#563 = CARTESIAN_POINT ( 'NONE',  ( -22.70441558772843393, 1.287490079826536515E-15, 3.049999999999999822 ) ) ;
#564 = DIRECTION ( 'NONE',  ( -0.7071067811865476838, 0.7071067811865474617, 0.000000000000000000 ) ) ;
#565 = CARTESIAN_POINT ( 'NONE',  ( -6.896731639425464522, 9.697517946748309470, 14.94953708801445202 ) ) ;
#566 = LINE ( 'NONE', #469, #5978 ) ;
#567 = VERTEX_POINT ( 'NONE', #4117 ) ;
#568 = ORIENTED_EDGE ( 'NONE', *, *, #94, .F. ) ;
#569 = VERTEX_POINT ( 'NONE', #9052 ) ;
#570 = EDGE_CURVE ( 'NONE', #4535, #4150, #446, .T. ) ;
#571 = ADVANCED_FACE ( 'NONE', ( #8315 ), #4866, .T. ) ;
#572 = ORIENTED_EDGE ( 'NONE', *, *, #301, .T. ) ;
#573 = DIRECTION ( 'NONE',  ( 1.000000000000000000, 2.731847993664262430E-15, 0.000000000000000000 ) ) ;
#574 = CARTESIAN_POINT ( 'NONE',  ( -19.05000000000001137, 6.349999999999999645, 1.000000000000000000 ) ) ;
#575 = CARTESIAN_POINT ( 'NONE',  ( -16.47939620402575045, 4.486502985212284855, 1.000000000000000000 ) ) ;
#576 = LINE ( 'NONE', #6953, #1391 ) ;
#577 = CARTESIAN_POINT ( 'NONE',  ( -10.36492705552113414, 7.338820554675384855, 11.30038463814569205 ) ) ;
#578 = EDGE_CURVE ( 'NONE', #1782, #3867, #2614, .T. ) ;
#580 = ADVANCED_FACE ( 'NONE', ( #4729 ), #495, .T. ) ;
#579 = ADVANCED_FACE ( 'NONE', ( #6921 ), #585, .T. ) ;
#581 = CARTESIAN_POINT ( 'NONE',  ( 18.69644660940673830, 6.703553390593271821, 1.000000000000000000 ) ) ;
#582 = CARTESIAN_POINT ( 'NONE',  ( 13.14289321881345529, -11.54999999999999893, -1.000000000000000000 ) ) ;
#583 = EDGE_LOOP ( 'NONE', ( #6372, #9161, #2239, #7673 ) ) ;
#584 = CIRCLE ( 'NONE', #5207, 5.200000000000000178 ) ;
#585 = CYLINDRICAL_SURFACE ( 'NONE', #1826, 3.175000000000007816 ) ;
#586 = ORIENTED_EDGE ( 'NONE', *, *, #9116, .T. ) ;
#587 = DIRECTION ( 'NONE',  ( 1.000000000000000000, 0.000000000000000000, 0.000000000000000000 ) ) ;
#588 = ORIENTED_EDGE ( 'NONE', *, *, #7412, .F. ) ;
#589 = CARTESIAN_POINT ( 'NONE',  ( 9.881168959186965139, -11.54999999999999716, 3.049999999999999822 ) ) ;
#590 = CARTESIAN_POINT ( 'NONE',  ( -11.32123086714780058, -5.754974513648158485, 3.049999999999999822 ) ) ;
#591 = DIRECTION ( 'NONE',  ( 0.7071067811865476838, -0.7071067811865474617, 0.000000000000000000 ) ) ;
#592 = DIRECTION ( 'NONE',  ( -0.000000000000000000, -0.000000000000000000, -1.000000000000000000 ) ) ;
#593 = CARTESIAN_POINT ( 'NONE',  ( -20.18137084989849583, 8.188477631085028463, 2.286000000000000032 ) ) ;
#594 = EDGE_CURVE ( 'NONE', #3158, #8116, #4023, .T. ) ;
#595 = DIRECTION ( 'NONE',  ( 0.000000000000000000, 0.000000000000000000, 1.000000000000000000 ) ) ;
#596 = ORIENTED_EDGE ( 'NONE', *, *, #8944, .F. ) ;
#597 = CARTESIAN_POINT ( 'NONE',  ( -12.96828766779717590, 7.930719154898216772, 3.084988928164312583 ) ) ;
#598 = VERTEX_POINT ( 'NONE', #2644 ) ;
#599 = PLANE ( 'NONE',  #8981 ) ;
#600 = AXIS2_PLACEMENT_3D ( 'NONE', #7107, #2227, #8604 ) ;
#601 = ORIENTED_EDGE ( 'NONE', *, *, #6110, .T. ) ;
#602 = DIRECTION ( 'NONE',  ( -3.783957776634915868E-16, -1.000000000000000000, 0.000000000000000000 ) ) ;
#603 = CARTESIAN_POINT ( 'NONE',  ( -13.14289321881346062, 11.55000000000000071, 1.000000000000000000 ) ) ;
#604 = CARTESIAN_POINT ( 'NONE',  ( -7.341138793373373161, 10.33061548860839629, 11.89361928255150502 ) ) ;
#605 = CARTESIAN_POINT ( 'NONE',  ( 13.14289321881346062, 11.55000000000000071, -2.286000000000000032 ) ) ;
#606 = LINE ( 'NONE', #6846, #8066 ) ;
#607 = ORIENTED_EDGE ( 'NONE', *, *, #8559, .F. ) ;
#608 = VECTOR ( 'NONE', #103, 1000.000000000000000 ) ;
#609 = ORIENTED_EDGE ( 'NONE', *, *, #2194, .T. ) ;
#610 = EDGE_LOOP ( 'NONE', ( #1709, #1355 ) ) ;
#611 = VECTOR ( 'NONE', #4138, 1000.000000000000114 ) ;
#612 = ORIENTED_EDGE ( 'NONE', *, *, #6895, .T. ) ;
#613 = ORIENTED_EDGE ( 'NONE', *, *, #6511, .F. ) ;
#614 = LINE ( 'NONE', #4946, #5849 ) ;
#615 = CARTESIAN_POINT ( 'NONE',  ( -19.05000000000001137, 6.349999999999999645, 2.286000000000000032 ) ) ;
#616 = AXIS2_PLACEMENT_3D ( 'NONE', #1026, #5222, #4518 ) ;
#617 = LINE ( 'NONE', #3461, #4063 ) ;
#618 = EDGE_CURVE ( 'NONE', #8995, #3465, #3382, .T. ) ;
#619 = VECTOR ( 'NONE', #3113, 1000.000000000000114 ) ;
#620 = LINE ( 'NONE', #6216, #1093 ) ;
#621 = VECTOR ( 'NONE', #7623, 1000.000000000000000 ) ;
#622 = VERTEX_POINT ( 'NONE', #6870 ) ;
#623 = DIRECTION ( 'NONE',  ( -0.000000000000000000, -0.000000000000000000, -1.000000000000000000 ) ) ;
#624 = ORIENTED_EDGE ( 'NONE', *, *, #3417, .T. ) ;
#625 = ORIENTED_EDGE ( 'NONE', *, *, #1488, .F. ) ;
#626 = CIRCLE ( 'NONE', #3019, 15.19999999999999929 ) ;
#627 = CARTESIAN_POINT ( 'NONE',  ( -9.420798938022239000, 6.595342854572389335, 14.55000000000000782 ) ) ;
#628 = VERTEX_POINT ( 'NONE', #7611 ) ;
#629 = DIRECTION ( 'NONE',  ( 1.000000000000000000, 0.000000000000000000, 0.000000000000000000 ) ) ;
#630 = LINE ( 'NONE', #4965, #6935 ) ;
#631 = CARTESIAN_POINT ( 'NONE',  ( -17.18650298521229303, -3.779396204025738282, 2.286000000000000032 ) ) ;
#632 = CARTESIAN_POINT ( 'NONE',  ( -23.06347142246230320, 9.656364641275745342, 2.286000000000000032 ) ) ;
#633 = CIRCLE ( 'NONE', #8670, 14.15633905709149154 ) ;
#634 = EDGE_CURVE ( 'NONE', #7650, #8776, #6223, .T. ) ;
#635 = DIRECTION ( 'NONE',  ( -0.7071067811865482389, -0.7071067811865469066, 0.000000000000000000 ) ) ;
#637 = EDGE_CURVE ( 'NONE', #7259, #2042, #4500, .T. ) ;
#636 = EDGE_CURVE ( 'NONE', #6595, #8098, #3339, .T. ) ;
#638 = CYLINDRICAL_SURFACE ( 'NONE', #3638, 8.000000000000000000 ) ;
#639 = AXIS2_PLACEMENT_3D ( 'NONE', #4341, #7180, #5559 ) ;
#640 = DIRECTION ( 'NONE',  ( -0.000000000000000000, -0.000000000000000000, -1.000000000000000000 ) ) ;
#641 = ORIENTED_EDGE ( 'NONE', *, *, #6673, .T. ) ;
#642 = VECTOR ( 'NONE', #3038, 1000.000000000000000 ) ;
#643 = CARTESIAN_POINT ( 'NONE',  ( -12.46449870790269188, 8.699397522520678550, 3.751796355938262106 ) ) ;
#644 = ORIENTED_EDGE ( 'NONE', *, *, #5637, .T. ) ;
#645 = VECTOR ( 'NONE', #347, 1000.000000000000000 ) ;
#646 = CARTESIAN_POINT ( 'NONE',  ( 11.44336622548373050, -10.00446747355692523, 4.049999999999999822 ) ) ;
#647 = AXIS2_PLACEMENT_3D ( 'NONE', #5562, #6305, #2066 ) ;
#648 = ORIENTED_EDGE ( 'NONE', *, *, #3433, .F. ) ;
#649 = PLANE ( 'NONE',  #4700 ) ;
#650 = DIRECTION ( 'NONE',  ( 0.000000000000000000, 0.000000000000000000, 1.000000000000000000 ) ) ;
#651 = LINE ( 'NONE', #1344, #1503 ) ;
#653 = EDGE_CURVE ( 'NONE', #3206, #6398, #7662, .T. ) ;
#652 = EDGE_CURVE ( 'NONE', #158, #1555, #5517, .T. ) ;
#654 = CARTESIAN_POINT ( 'NONE',  ( 19.05000000000001137, -6.349999999999999645, 3.049999999999999822 ) ) ;
#655 = AXIS2_PLACEMENT_3D ( 'NONE', #7863, #3576, #7109 ) ;
#656 = AXIS2_PLACEMENT_3D ( 'NONE', #4712, #4043, #519 ) ;
#657 = DIRECTION ( 'NONE',  ( -0.7071067811865474617, 0.7071067811865474617, 0.000000000000000000 ) ) ;
#658 = VERTEX_POINT ( 'NONE', #6958 ) ;
#659 = ORIENTED_EDGE ( 'NONE', *, *, #1734, .F. ) ;
#660 = ORIENTED_EDGE ( 'NONE', *, *, #876, .F. ) ;
#661 = VECTOR ( 'NONE', #4493, 1000.000000000000114 ) ;
#662 = VECTOR ( 'NONE', #7709, 1000.000000000000000 ) ;
#663 = EDGE_CURVE ( 'NONE', #8544, #5186, #6786, .T. ) ;
#664 = CARTESIAN_POINT ( 'NONE',  ( -6.744329396328606840, 10.76146778890718458, 3.520772555996537712 ) ) ;
#665 = AXIS2_PLACEMENT_3D ( 'NONE', #9042, #9006, #5337 ) ;
#666 = VERTEX_POINT ( 'NONE', #6259 ) ;
#667 = ORIENTED_EDGE ( 'NONE', *, *, #7825, .F. ) ;
#668 = CARTESIAN_POINT ( 'NONE',  ( 24.25000000000001066, 1.545584412271583163, -3.049999999999999822 ) ) ;
#669 = AXIS2_PLACEMENT_3D ( 'NONE', #5863, #3815, #8051 ) ;
#670 = FACE_OUTER_BOUND ( 'NONE', #2557, .T. ) ;
#671 = DIRECTION ( 'NONE',  ( -0.7071067811865479058, -0.7071067811865472397, 0.000000000000000000 ) ) ;
#672 = TOROIDAL_SURFACE ( 'NONE', #6914, 7.699999999999999289, 5.000000000000000000 ) ;
#673 = CARTESIAN_POINT ( 'NONE',  ( 19.05000000000001137, 11.55000000000000071, 3.049999999999999822 ) ) ;
#674 = ORIENTED_EDGE ( 'NONE', *, *, #2629, .F. ) ;
#675 = DIRECTION ( 'NONE',  ( -0.7071067811865474617, -0.7071067811865474617, 0.000000000000000000 ) ) ;
#676 = ORIENTED_EDGE ( 'NONE', *, *, #2203, .T. ) ;
#677 = B_SPLINE_CURVE_WITH_KNOTS ( 'NONE', 3,
 ( #7681, #4233, #565, #3582 ),
 .UNSPECIFIED., .F., .F.,
 ( 4, 4 ),
 ( 0.01134243133203451971, 0.01305802549859306182 ),
 .UNSPECIFIED. ) ;
#678 = ORIENTED_EDGE ( 'NONE', *, *, #3875, .F. ) ;
#679 = VECTOR ( 'NONE', #2790, 1000.000000000000000 ) ;
#680 = PRODUCT_DEFINITION ( 'UNKNOWN', '', #1686, #1495 ) ;
#681 = DIRECTION ( 'NONE',  ( 0.7071067811865474617, -0.7071067811865474617, 0.000000000000000000 ) ) ;
#682 = VERTEX_POINT ( 'NONE', #3249 ) ;
#683 = ORIENTED_EDGE ( 'NONE', *, *, #9016, .F. ) ;
#684 = DIRECTION ( 'NONE',  ( 0.7071067811865470176, 0.7071067811865479058, -0.000000000000000000 ) ) ;
#685 = FACE_OUTER_BOUND ( 'NONE', #1727, .T. ) ;
#686 = CARTESIAN_POINT ( 'NONE',  ( 9.152739640218765516, 12.13650746063107810, 11.98607683914962685 ) ) ;
#687 = CARTESIAN_POINT ( 'NONE',  ( -24.25000000000001066, -6.349999999999998757, 3.049999999999999822 ) ) ;
#688 = CARTESIAN_POINT ( 'NONE',  ( 0.000000000000000000, 0.000000000000000000, 3.049999999999999822 ) ) ;
#689 = CYLINDRICAL_SURFACE ( 'NONE', #2001, 3.175000000000000711 ) ;
#690 = PRODUCT ( '228-2500-507', '228-2500-507', '', ( #2906 ) ) ;
#691 = CIRCLE ( 'NONE', #5159, 3.175000000000000711 ) ;
#692 = CARTESIAN_POINT ( 'NONE',  ( -23.06347142246230320, 9.656364641275747118, 1.000000000000000000 ) ) ;
#693 = ORIENTED_EDGE ( 'NONE', *, *, #6847, .F. ) ;
#694 = EDGE_CURVE ( 'NONE', #5709, #6889, #9097, .T. ) ;
#696 = EDGE_CURVE ( 'NONE', #2959, #285, #2818, .T. ) ;
#695 = DIRECTION ( 'NONE',  ( 1.000000000000000000, 0.000000000000000000, 0.000000000000000000 ) ) ;
#697 = ORIENTED_EDGE ( 'NONE', *, *, #2010, .T. ) ;
#698 = CARTESIAN_POINT ( 'NONE',  ( 6.725613561834859588, -9.564993063596586964, 14.32450456060052701 ) ) ;
#699 = ORIENTED_EDGE ( 'NONE', *, *, #6161, .F. ) ;
#700 = CARTESIAN_POINT ( 'NONE',  ( 17.18650298521228947, 3.779396204025732953, -2.286000000000000032 ) ) ;
#701 = DIRECTION ( 'NONE',  ( -0.000000000000000000, -0.000000000000000000, -1.000000000000000000 ) ) ;
#702 = CARTESIAN_POINT ( 'NONE',  ( -19.05000000000001137, -6.349999999999999645, -2.286000000000000032 ) ) ;
#703 = DIRECTION ( 'NONE',  ( -0.000000000000000000, -0.000000000000000000, -1.000000000000000000 ) ) ;
#704 = CARTESIAN_POINT ( 'NONE',  ( 19.05000000000001137, 11.55000000000000071, 1.000000000000000000 ) ) ;
#705 = EDGE_CURVE ( 'NONE', #5355, #7571, #2920, .T. ) ;
#706 = CARTESIAN_POINT ( 'NONE',  ( -8.575400865265715211, -12.55000000000000071, -3.049999999999999822 ) ) ;
#709 = ADVANCED_FACE ( 'NONE', ( #2119 ), #1517, .F. ) ;
#708 = EDGE_CURVE ( 'NONE', #7531, #3717, #8666, .T. ) ;
#707 = DIRECTION ( 'NONE',  ( 0.7071067811865513475, -0.7071067811865436870, 0.000000000000000000 ) ) ;
#710 = ORIENTED_EDGE ( 'NONE', *, *, #2425, .F. ) ;
#711 = ORIENTED_EDGE ( 'NONE', *, *, #4046, .T. ) ;
#712 = DIRECTION ( 'NONE',  ( 1.000000000000000000, 0.000000000000000000, 0.000000000000000000 ) ) ;
#713 = VERTEX_POINT ( 'NONE', #724 ) ;
#714 = CARTESIAN_POINT ( 'NONE',  ( -9.901384675242670852, 11.53287653212783681, 11.85196986296194233 ) ) ;
#715 = EDGE_CURVE ( 'NONE', #3288, #7241, #915, .T. ) ;
#716 = EDGE_LOOP ( 'NONE', ( #6974, #4887, #5625, #1017 ) ) ;
#717 = CARTESIAN_POINT ( 'NONE',  ( -13.05355339059328657, 0.3535533905932785603, -1.000000000000000000 ) ) ;
#718 = CARTESIAN_POINT ( 'NONE',  ( 23.69865440327095030, -0.9942388155425095908, -2.286000000000000032 ) ) ;
#719 = DIRECTION ( 'NONE',  ( 0.000000000000000000, 0.000000000000000000, -1.000000000000000000 ) ) ;
#720 = ORIENTED_EDGE ( 'NONE', *, *, #6847, .T. ) ;
#721 = DIRECTION ( 'NONE',  ( 0.000000000000000000, -0.000000000000000000, 1.000000000000000000 ) ) ;
#722 = ORIENTED_EDGE ( 'NONE', *, *, #5360, .T. ) ;
#723 = ORIENTED_EDGE ( 'NONE', *, *, #1438, .F. ) ;
#724 = CARTESIAN_POINT ( 'NONE',  ( -9.881168959186963363, 11.55000000000000071, -1.000000000000000000 ) ) ;
#725 = ORIENTED_EDGE ( 'NONE', *, *, #3762, .F. ) ;
#726 = ORIENTED_EDGE ( 'NONE', *, *, #2310, .T. ) ;
#727 = DIRECTION ( 'NONE',  ( -0.7071067811865474617, -0.7071067811865476838, 0.000000000000000000 ) ) ;
#728 = CARTESIAN_POINT ( 'NONE',  ( -9.881168959186963363, 11.55000000000000071, 3.049999999999999822 ) ) ;
#729 = CARTESIAN_POINT ( 'NONE',  ( -12.33241833471676330, -8.885463297855768161, 4.484570918952039520 ) ) ;
#730 = CARTESIAN_POINT ( 'NONE',  ( 12.64475683861856758, -8.435351376411908575, 3.393008547309907197 ) ) ;
#731 = CARTESIAN_POINT ( 'NONE',  ( -12.43553620421376493, -8.740658201038469244, 3.837055706003860589 ) ) ;
#732 = FACE_OUTER_BOUND ( 'NONE', #2070, .T. ) ;
#733 = CARTESIAN_POINT ( 'NONE',  ( -12.34644660940673688, -0.3535533905932681797, 1.000000000000000000 ) ) ;
#734 = ORIENTED_EDGE ( 'NONE', *, *, #6835, .T. ) ;
#735 = CARTESIAN_POINT ( 'NONE',  ( 23.06347142246230320, -9.656364641275748895, -1.000000000000000000 ) ) ;
#736 = ORIENTED_EDGE ( 'NONE', *, *, #1038, .F. ) ;
#737 = DIRECTION ( 'NONE',  ( 0.7071067811865472397, 0.7071067811865479058, -0.000000000000000000 ) ) ;
#738 = ORIENTED_EDGE ( 'NONE', *, *, #8262, .T. ) ;
#739 = CARTESIAN_POINT ( 'NONE',  ( -24.25000000000001066, 1.545584412271579167, 3.049999999999999822 ) ) ;
#740 = DIRECTION ( 'NONE',  ( -1.000000000000000000, 0.000000000000000000, 0.000000000000000000 ) ) ;
#741 = DIRECTION ( 'NONE',  ( 0.7071067811865477948, -0.7071067811865473507, 0.000000000000000000 ) ) ;
#742 = DIRECTION ( 'NONE',  ( -1.000000000000000000, 0.000000000000000000, 0.000000000000000000 ) ) ;
#743 = FACE_OUTER_BOUND ( 'NONE', #5902, .T. ) ;
#744 = DIRECTION ( 'NONE',  ( 0.7071067811865477948, 0.7071067811865473507, -0.000000000000000000 ) ) ;
#745 = VERTEX_POINT ( 'NONE', #823 ) ;
#746 = ORIENTED_EDGE ( 'NONE', *, *, #2351, .T. ) ;
#747 = ORIENTED_EDGE ( 'NONE', *, *, #5473, .T. ) ;
#748 = VERTEX_POINT ( 'NONE', #6358 ) ;
#749 = DIRECTION ( 'NONE',  ( 0.000000000000000000, 0.000000000000000000, 1.000000000000000000 ) ) ;
#750 = EDGE_CURVE ( 'NONE', #7081, #2755, #8548, .T. ) ;
#752 = EDGE_CURVE ( 'NONE', #8908, #337, #5246, .T. ) ;
#751 = ADVANCED_FACE ( 'NONE', ( #4355 ), #2774, .F. ) ;
#753 = CARTESIAN_POINT ( 'NONE',  ( -7.042714993962799319, 10.56868060058574343, 4.096220987156864446 ) ) ;
#754 = VERTEX_POINT ( 'NONE', #7798 ) ;
#755 = DIRECTION ( 'NONE',  ( -1.000000000000000000, 0.000000000000000000, 0.000000000000000000 ) ) ;
#756 = VERTEX_POINT ( 'NONE', #2171 ) ;
#757 = PLANE ( 'NONE',  #8368 ) ;
#758 = DIRECTION ( 'NONE',  ( -0.000000000000000000, -0.000000000000000000, -1.000000000000000000 ) ) ;
#759 = DIRECTION ( 'NONE',  ( -0.000000000000000000, -0.000000000000000000, -1.000000000000000000 ) ) ;
#760 = AXIS2_PLACEMENT_3D ( 'NONE', #2234, #5729, #5630 ) ;
#761 = PLANE ( 'NONE',  #3464 ) ;
#763 = EDGE_CURVE ( 'NONE', #4370, #1561, #4251, .T. ) ;
#762 = ADVANCED_FACE ( 'NONE', ( #1370 ), #126, .F. ) ;
#764 = ORIENTED_EDGE ( 'NONE', *, *, #7987, .T. ) ;
#765 = CARTESIAN_POINT ( 'NONE',  ( 2.056696380120324186, 14.89999999999999680, 3.049999999999999822 ) ) ;
#766 = ORIENTED_EDGE ( 'NONE', *, *, #5332, .T. ) ;
#767 = ORIENTED_EDGE ( 'NONE', *, *, #6469, .T. ) ;
#768 = AXIS2_PLACEMENT_3D ( 'NONE', #554, #4030, #7492 ) ;
#769 = CARTESIAN_POINT ( 'NONE',  ( 9.420798938022235447, -6.595342854572392888, 14.55000000000000782 ) ) ;
#770 = EDGE_LOOP ( 'NONE', ( #6370, #9098, #1045, #7847, #2988, #2820, #2047, #1114, #2597, #586, #7329, #3873, #1207, #3265, #434, #3543, #4184, #4435, #6773 ) ) ;
#771 = VERTEX_POINT ( 'NONE', #6313 ) ;
#772 = LINE ( 'NONE', #3473, #510 ) ;
#773 = DIRECTION ( 'NONE',  ( 1.000000000000000000, 0.000000000000000000, 0.000000000000000000 ) ) ;
#774 = DIRECTION ( 'NONE',  ( -0.000000000000000000, -0.000000000000000000, -1.000000000000000000 ) ) ;
#775 = CARTESIAN_POINT ( 'NONE',  ( -20.88847763108504196, 7.481370849898480557, 2.286000000000000032 ) ) ;
#776 = DIRECTION ( 'NONE',  ( 0.000000000000000000, -1.000000000000000000, 0.000000000000000000 ) ) ;
#777 = EDGE_CURVE ( 'NONE', #2678, #2898, #3470, .T. ) ;
#778 = AXIS2_PLACEMENT_3D ( 'NONE', #847, #5594, #8430 ) ;
#779 = AXIS2_PLACEMENT_3D ( 'NONE', #483, #5507, #4014 ) ;
#780 = CARTESIAN_POINT ( 'NONE',  ( 9.881168959186963363, 11.55000000000000071, -3.049999999999999822 ) ) ;
#781 = ORIENTED_EDGE ( 'NONE', *, *, #7375, .F. ) ;
#782 = CARTESIAN_POINT ( 'NONE',  ( -12.43575344850932751, 8.740348525191059537, 3.836427450474416023 ) ) ;
#783 = ORIENTED_EDGE ( 'NONE', *, *, #4847, .F. ) ;
#784 = CARTESIAN_POINT ( 'NONE',  ( 7.242787000302740807, -10.17906216943196895, 12.75523970054632628 ) ) ;
#785 = CIRCLE ( 'NONE', #8512, 3.175000000000000711 ) ;
#786 = ORIENTED_EDGE ( 'NONE', *, *, #8729, .F. ) ;
#787 = DIRECTION ( 'NONE',  ( 0.7071067811865482389, -0.7071067811865469066, 0.000000000000000000 ) ) ;
#788 = DIRECTION ( 'NONE',  ( -0.000000000000000000, -0.000000000000000000, -1.000000000000000000 ) ) ;
#789 = CARTESIAN_POINT ( 'NONE',  ( 19.05000000000001137, 6.349999999999999645, -1.000000000000000000 ) ) ;
#790 = DIRECTION ( 'NONE',  ( 0.000000000000000000, 1.000000000000000000, 0.000000000000000000 ) ) ;
#791 = CIRCLE ( 'NONE', #7023, 15.19999999999999929 ) ;
#792 = FACE_OUTER_BOUND ( 'NONE', #6998, .T. ) ;
#793 = AXIS2_PLACEMENT_3D ( 'NONE', #2590, #1893, #7563 ) ;
#794 = AXIS2_PLACEMENT_3D ( 'NONE', #5510, #6215, #8350 ) ;
#795 = CARTESIAN_POINT ( 'NONE',  ( -15.19999999999999929, 0.000000000000000000, 3.049999999999999822 ) ) ;
#796 = CARTESIAN_POINT ( 'NONE',  ( 7.089843379135150947, -10.53679841599589295, 4.484570918952026197 ) ) ;
#797 = ORIENTED_EDGE ( 'NONE', *, *, #4853, .F. ) ;
#798 = ORIENTED_EDGE ( 'NONE', *, *, #197, .T. ) ;
#799 = ORIENTED_EDGE ( 'NONE', *, *, #5037, .F. ) ;
#800 = AXIS2_PLACEMENT_3D ( 'NONE', #4943, #8533, #7730 ) ;
#801 = CARTESIAN_POINT ( 'NONE',  ( -9.264706088826558883, -10.70360484075312968, 4.049999999999999822 ) ) ;
#802 = CIRCLE ( 'NONE', #4955, 8.000000000000000000 ) ;
#803 = CIRCLE ( 'NONE', #5273, 5.200000000000000178 ) ;
#804 = FACE_OUTER_BOUND ( 'NONE', #5597, .T. ) ;
#805 = ORIENTED_EDGE ( 'NONE', *, *, #1958, .T. ) ;
#806 = DIRECTION ( 'NONE',  ( -0.7071067811865474617, 0.7071067811865476838, 0.000000000000000000 ) ) ;
#807 = ORIENTED_EDGE ( 'NONE', *, *, #3925, .T. ) ;
#808 = CIRCLE ( 'NONE', #1111, 3.175000000000000711 ) ;
#809 = VECTOR ( 'NONE', #5805, 1000.000000000000114 ) ;
#810 = EDGE_CURVE ( 'NONE', #6592, #882, #9148, .T. ) ;
#811 = DIRECTION ( 'NONE',  ( 0.7071067811865476838, -0.7071067811865474617, 0.000000000000000000 ) ) ;
#813 = ADVANCED_FACE ( 'NONE', ( #4302 ), #6543, .T. ) ;
#812 = ADVANCED_FACE ( 'NONE', ( #4257 ), #9190, .F. ) ;
#814 = CARTESIAN_POINT ( 'NONE',  ( 0.000000000000000000, 12.69999999999999929, 15.75000000000000000 ) ) ;
#815 = CARTESIAN_POINT ( 'NONE',  ( 7.767182078669140566, 13.06709232925040531, 3.050000000000001155 ) ) ;
#816 = PLANE ( 'NONE',  #5693 ) ;
#817 = AXIS2_PLACEMENT_3D ( 'NONE', #7733, #758, #6351 ) ;
#818 = ORIENTED_EDGE ( 'NONE', *, *, #6232, .T. ) ;
#819 = CARTESIAN_POINT ( 'NONE',  ( -10.62755498949814381, -9.092383203134872360, 7.950032212735604453 ) ) ;
#820 = VERTEX_POINT ( 'NONE', #3884 ) ;
#821 = EDGE_LOOP ( 'NONE', ( #9145, #1748, #8281, #7501 ) ) ;
#822 = EDGE_CURVE ( 'NONE', #5066, #1494, #272, .T. ) ;
#823 = CARTESIAN_POINT ( 'NONE',  ( 20.91349701478772971, -3.779396204025733841, -2.286000000000000032 ) ) ;
#825 = ADVANCED_FACE ( 'NONE', ( #3847 ), #3704, .F. ) ;
#824 = EDGE_CURVE ( 'NONE', #3298, #5503, #2400, .T. ) ;
#826 = ORIENTED_EDGE ( 'NONE', *, *, #4331, .T. ) ;
#827 = VECTOR ( 'NONE', #4734, 1000.000000000000000 ) ;
#828 = ORIENTED_EDGE ( 'NONE', *, *, #4575, .T. ) ;
#829 = CARTESIAN_POINT ( 'NONE',  ( 20.88847763108503486, 5.218629150101524061, 2.286000000000000032 ) ) ;
#830 = DIRECTION ( 'NONE',  ( -0.000000000000000000, -0.000000000000000000, -1.000000000000000000 ) ) ;
#831 = PLANE ( 'NONE',  #2618 ) ;
#832 = CARTESIAN_POINT ( 'NONE',  ( -21.62060379597427229, 4.486502985212284855, 2.286000000000000032 ) ) ;
#833 = DIRECTION ( 'NONE',  ( 1.000000000000000000, 1.768083542822514778E-14, 0.000000000000000000 ) ) ;
#834 = VECTOR ( 'NONE', #3114, 1000.000000000000000 ) ;
#835 = CARTESIAN_POINT ( 'NONE',  ( -7.930719154898376644, -12.96828766779707287, 3.084988928164311695 ) ) ;
#836 = ORIENTED_EDGE ( 'NONE', *, *, #6122, .T. ) ;
#837 = DIRECTION ( 'NONE',  ( -1.000000000000000000, 0.000000000000000000, 0.000000000000000000 ) ) ;
#838 = ADVANCED_FACE ( 'NONE', ( #8038 ), #6598, .T. ) ;
#839 = ORIENTED_EDGE ( 'NONE', *, *, #7806, .T. ) ;
#840 = FACE_OUTER_BOUND ( 'NONE', #7796, .T. ) ;
#841 = ORIENTED_EDGE ( 'NONE', *, *, #1747, .F. ) ;
#842 = CARTESIAN_POINT ( 'NONE',  ( -19.05000000000001137, 6.349999999999999645, 1.000000000000000000 ) ) ;
#843 = DIRECTION ( 'NONE',  ( 0.000000000000000000, 0.000000000000000000, -1.000000000000000000 ) ) ;
#844 = EDGE_CURVE ( 'NONE', #6331, #5462, #7325, .T. ) ;
#845 = DIRECTION ( 'NONE',  ( 0.000000000000000000, 0.000000000000000000, 1.000000000000000000 ) ) ;
#846 = CARTESIAN_POINT ( 'NONE',  ( -17.18650298521229658, 3.779396204025738282, -2.286000000000000032 ) ) ;
#847 = CARTESIAN_POINT ( 'NONE',  ( 0.000000000000000000, 0.000000000000000000, 1.000000000000000000 ) ) ;
#848 = CARTESIAN_POINT ( 'NONE',  ( -10.70360484075323981, 9.264706088826443420, 4.049999999999999822 ) ) ;
#849 = ORIENTED_EDGE ( 'NONE', *, *, #6949, .F. ) ;
#850 = VERTEX_POINT ( 'NONE', #8737 ) ;
#851 = ORIENTED_EDGE ( 'NONE', *, *, #1844, .T. ) ;
#852 = FACE_OUTER_BOUND ( 'NONE', #3855, .T. ) ;
#853 = CARTESIAN_POINT ( 'NONE',  ( -22.35636464127575707, 10.36347142246229325, 3.049999999999999822 ) ) ;
#854 = ORIENTED_EDGE ( 'NONE', *, *, #7941, .T. ) ;
#855 = APPLICATION_PROTOCOL_DEFINITION ( 'international standard', 'config_control_design', 1994, #9196 ) ;
#856 = EDGE_LOOP ( 'NONE', ( #6349, #3122, #6856, #4010 ) ) ;
#857 = LINE ( 'NONE', #8679, #1537 ) ;
#858 = DIRECTION ( 'NONE',  ( -1.000000000000000000, 0.000000000000000000, -0.000000000000000000 ) ) ;
#859 = DIRECTION ( 'NONE',  ( -0.000000000000000000, -0.000000000000000000, -1.000000000000000000 ) ) ;
#860 = CARTESIAN_POINT ( 'NONE',  ( 10.70360484075323271, -9.264706088826438091, 4.049999999999999822 ) ) ;
#861 = EDGE_CURVE ( 'NONE', #7777, #4357, #4807, .T. ) ;
#862 = ORIENTED_EDGE ( 'NONE', *, *, #4071, .T. ) ;
#863 = CARTESIAN_POINT ( 'NONE',  ( -13.14289321881345352, -11.55000000000000071, -2.286000000000000032 ) ) ;
#864 = VERTEX_POINT ( 'NONE', #2454 ) ;
#865 = ORIENTED_EDGE ( 'NONE', *, *, #1326, .T. ) ;
#866 = CARTESIAN_POINT ( 'NONE',  ( 25.25000000000001066, -1.131370849898488018, 3.049999999999999822 ) ) ;
#867 = ORIENTED_EDGE ( 'NONE', *, *, #6673, .F. ) ;
#868 = ORIENTED_EDGE ( 'NONE', *, *, #3034, .T. ) ;
#869 = CARTESIAN_POINT ( 'NONE',  ( 7.173516224744657777, -10.48049788266146010, 6.751496890849848498 ) ) ;
#870 = CARTESIAN_POINT ( 'NONE',  ( 24.25000000000001066, 1.545584412271583163, 3.049999999999999822 ) ) ;
#871 = LINE ( 'NONE', #4414, #6482 ) ;
#872 = LINE ( 'NONE', #5855, #4514 ) ;
#873 = FACE_OUTER_BOUND ( 'NONE', #4656, .T. ) ;
#874 = EDGE_CURVE ( 'NONE', #224, #3272, #1223, .T. ) ;
#876 = EDGE_CURVE ( 'NONE', #7267, #8012, #6731, .T. ) ;
#875 = EDGE_CURVE ( 'NONE', #7533, #4158, #626, .T. ) ;
#877 = LINE ( 'NONE', #8097, #6587 ) ;
#878 = ORIENTED_EDGE ( 'NONE', *, *, #1488, .T. ) ;
#879 = DIRECTION ( 'NONE',  ( 1.000000000000000000, 0.000000000000000000, 0.000000000000000000 ) ) ;
#880 = ORIENTED_EDGE ( 'NONE', *, *, #3940, .F. ) ;
#881 = DIRECTION ( 'NONE',  ( -0.7071067811865474617, -0.7071067811865476838, 0.000000000000000000 ) ) ;
#882 = VERTEX_POINT ( 'NONE', #7285 ) ;
#883 = LINE ( 'NONE', #5174, #6649 ) ;
#884 = CARTESIAN_POINT ( 'NONE',  ( 7.498580207074689419, -10.24994121339569730, 15.75000000000000000 ) ) ;
#885 = CARTESIAN_POINT ( 'NONE',  ( 12.34644660940673688, -0.3535533905932681797, 1.000000000000000000 ) ) ;
#886 = CARTESIAN_POINT ( 'NONE',  ( 0.000000000000000000, 0.000000000000000000, 3.049999999999999822 ) ) ;
#887 = EDGE_CURVE ( 'NONE', #8116, #5181, #3066, .T. ) ;
#888 = CARTESIAN_POINT ( 'NONE',  ( -17.21152236891498788, -7.481370849898473452, 2.286000000000000032 ) ) ;
#889 = CARTESIAN_POINT ( 'NONE',  ( 19.05000000000001137, 6.349999999999999645, -3.049999999999999822 ) ) ;
#890 = ORIENTED_EDGE ( 'NONE', *, *, #8937, .F. ) ;
#891 = ORIENTED_EDGE ( 'NONE', *, *, #6454, .T. ) ;
#892 = ORIENTED_EDGE ( 'NONE', *, *, #7710, .T. ) ;
#893 = DIRECTION ( 'NONE',  ( -0.000000000000000000, -0.000000000000000000, -1.000000000000000000 ) ) ;
#894 = LINE ( 'NONE', #2344, #9089 ) ;
#895 = ADVANCED_FACE ( 'NONE', ( #1714 ), #356, .T. ) ;
#896 = FACE_OUTER_BOUND ( 'NONE', #5011, .T. ) ;
#897 = EDGE_LOOP ( 'NONE', ( #5581, #725, #5057, #8608, #2890, #4676 ) ) ;
#898 = ORIENTED_EDGE ( 'NONE', *, *, #2812, .F. ) ;
#899 = CARTESIAN_POINT ( 'NONE',  ( 22.70441558772843749, 7.846913223363838341E-15, 3.049999999999999822 ) ) ;
#900 = CARTESIAN_POINT ( 'NONE',  ( -14.55710678118654933, -11.55000000000000071, 3.049999999999999822 ) ) ;
#901 = CARTESIAN_POINT ( 'NONE',  ( -2.783128176749698479, 2.783128176749686045, 4.549999999999999822 ) ) ;
#902 = CARTESIAN_POINT ( 'NONE',  ( 7.089843379135149171, 10.53679841599589295, 4.484570918952067053 ) ) ;
#903 = VERTEX_POINT ( 'NONE', #225 ) ;
#904 = CARTESIAN_POINT ( 'NONE',  ( 0.7194493759633187047, -0.7194493759633292518, 4.049999999999999822 ) ) ;
#905 = ORIENTED_EDGE ( 'NONE', *, *, #7302, .F. ) ;
#906 = ORIENTED_EDGE ( 'NONE', *, *, #3491, .T. ) ;
#907 = DIRECTION ( 'NONE',  ( 0.7071067811865482389, -0.7071067811865469066, 0.000000000000000000 ) ) ;
#908 = VERTEX_POINT ( 'NONE', #5905 ) ;
#909 = CARTESIAN_POINT ( 'NONE',  ( 7.197781147806797009, -9.973866363105804211, 15.34958134975580002 ) ) ;
#910 = CIRCLE ( 'NONE', #2842, 3.175000000000000711 ) ;
#911 = LINE ( 'NONE', #8598, #5981 ) ;
#912 = LINE ( 'NONE', #2267, #9005 ) ;
#913 = CARTESIAN_POINT ( 'NONE',  ( 12.69999999999999929, 1.555301434917138433E-15, 3.049999999999999822 ) ) ;
#914 = DIRECTION ( 'NONE',  ( 0.7071067811865482389, -0.7071067811865469066, -0.000000000000000000 ) ) ;
#915 = B_SPLINE_CURVE_WITH_KNOTS ( 'NONE', 3,
 ( #2868, #2216, #5107, #6453, #2961, #7949, #84, #7892, #6997, #769 ),
 .UNSPECIFIED., .F., .F.,
 ( 4, 2, 2, 2, 4 ),
 ( 8.887813025444319855E-18, 0.0008803669562398333493, 0.001760733912479657808, 0.002641100868719482159, 0.003521467824959306509 ),
 .UNSPECIFIED. ) ;
#916 = VECTOR ( 'NONE', #3255, 1000.000000000000000 ) ;
#917 = DIRECTION ( 'NONE',  ( -0.000000000000000000, -0.000000000000000000, -1.000000000000000000 ) ) ;
#918 = ORIENTED_EDGE ( 'NONE', *, *, #4469, .T. ) ;
#919 = DIRECTION ( 'NONE',  ( -0.000000000000000000, -0.000000000000000000, -1.000000000000000000 ) ) ;
#920 = VERTEX_POINT ( 'NONE', #5336 ) ;
#921 = CARTESIAN_POINT ( 'NONE',  ( -10.72581712943629917, 6.800747629007406481, 3.594740715504929796 ) ) ;
#922 = EDGE_CURVE ( 'NONE', #2385, #820, #4588, .T. ) ;
#923 = VERTEX_POINT ( 'NONE', #5987 ) ;
#925 = EDGE_CURVE ( 'NONE', #2137, #3366, #1684, .T. ) ;
#924 = EDGE_CURVE ( 'NONE', #5708, #908, #6427, .T. ) ;
#926 = DIRECTION ( 'NONE',  ( 0.7071067811865470176, 0.7071067811865479058, -0.000000000000000000 ) ) ;
#927 = CARTESIAN_POINT ( 'NONE',  ( 22.35636464127575707, -10.36347142246229325, -1.000000000000000000 ) ) ;
#928 = CIRCLE ( 'NONE', #6577, 3.175000000000007816 ) ;
#929 = DIRECTION ( 'NONE',  ( -0.000000000000000000, -0.000000000000000000, -1.000000000000000000 ) ) ;
#930 = DIRECTION ( 'NONE',  ( 1.000000000000000000, 0.000000000000000000, 0.000000000000000000 ) ) ;
#931 = CARTESIAN_POINT ( 'NONE',  ( 19.05000000000001137, -6.349999999999999645, -2.286000000000000032 ) ) ;
#932 = ORGANIZATION ( 'UNSPECIFIED', 'UNSPECIFIED', '' ) ;
#933 = CIRCLE ( 'NONE', #8815, 15.19999999999999929 ) ;
#934 = CARTESIAN_POINT ( 'NONE',  ( 13.14289321881346062, 11.55000000000000071, -1.000000000000000000 ) ) ;
#935 = LINE ( 'NONE', #6799, #7719 ) ;
#936 = VERTEX_POINT ( 'NONE', #866 ) ;
#937 = VECTOR ( 'NONE', #8449, 1000.000000000000114 ) ;
#938 = VERTEX_POINT ( 'NONE', #963 ) ;
#940 = EDGE_CURVE ( 'NONE', #4828, #4598, #8953, .T. ) ;
#939 = ADVANCED_FACE ( 'NONE', ( #3804 ), #1181, .F. ) ;
#941 = CARTESIAN_POINT ( 'NONE',  ( -9.564993063596672229, -6.725613561834739684, 14.32450456060052701 ) ) ;
#942 = CARTESIAN_POINT ( 'NONE',  ( -22.70441558772843393, 1.287490079826536515E-15, -3.049999999999999822 ) ) ;
#943 = VECTOR ( 'NONE', #5099, 999.9999999999998863 ) ;
#944 = CIRCLE ( 'NONE', #1975, 3.175000000000007816 ) ;
#945 = CARTESIAN_POINT ( 'NONE',  ( 19.05000000000001137, 6.349999999999999645, -1.000000000000000000 ) ) ;
#946 = ORIENTED_EDGE ( 'NONE', *, *, #8493, .T. ) ;
#947 = DATE_AND_TIME ( #5231, #1363 ) ;
#948 = ORIENTED_EDGE ( 'NONE', *, *, #6903, .F. ) ;
#949 = AXIS2_PLACEMENT_3D ( 'NONE', #985, #3907, #8715 ) ;
#950 = DIRECTION ( 'NONE',  ( 0.7064337722128883890, 0.7064337722128959385, 0.04361938736533609029 ) ) ;
#951 = ADVANCED_FACE ( 'NONE', ( #1930 ), #8346, .T. ) ;
#952 = ORIENTED_EDGE ( 'NONE', *, *, #3657, .F. ) ;
#953 = AXIS2_PLACEMENT_3D ( 'NONE', #1058, #3898, #6746 ) ;
#954 = CARTESIAN_POINT ( 'NONE',  ( 19.05000000000001137, -6.349999999999999645, 1.000000000000000000 ) ) ;
#955 = AXIS2_PLACEMENT_3D ( 'NONE', #1415, #8485, #5696 ) ;
#956 = CARTESIAN_POINT ( 'NONE',  ( -20.91349701478772616, -8.920603795974262340, -2.286000000000000032 ) ) ;
#957 = CIRCLE ( 'NONE', #6158, 3.175000000000000711 ) ;
#958 = EDGE_LOOP ( 'NONE', ( #8811, #6662, #6612, #6484, #6771, #1801 ) ) ;
#959 = CIRCLE ( 'NONE', #64, 13.64550602506189314 ) ;
#960 = DIRECTION ( 'NONE',  ( -0.7071067811865474617, -0.7071067811865476838, 0.000000000000000000 ) ) ;
#961 = VERTEX_POINT ( 'NONE', #3329 ) ;
#962 = EDGE_LOOP ( 'NONE', ( #8026, #2799, #4545, #5397, #8580, #3385 ) ) ;
#963 = CARTESIAN_POINT ( 'NONE',  ( -17.18650298521229303, -8.920603795974258787, 2.286000000000000032 ) ) ;
#964 = VERTEX_POINT ( 'NONE', #8910 ) ;
#965 = CARTESIAN_POINT ( 'NONE',  ( 8.237103329446094691, -12.77584974910000604, 3.224288940051753372 ) ) ;
#966 = DIRECTION ( 'NONE',  ( -1.000000000000000000, 0.000000000000000000, 0.000000000000000000 ) ) ;
#967 = CARTESIAN_POINT ( 'NONE',  ( -25.25000000000001066, 6.349999999999999645, 3.049999999999999822 ) ) ;
#968 = LINE ( 'NONE', #8043, #7937 ) ;
#969 = AXIS2_PLACEMENT_3D ( 'NONE', #2585, #8954, #6817 ) ;
#970 = CARTESIAN_POINT ( 'NONE',  ( 15.87500000000000355, 6.349999999999999645, -2.286000000000000032 ) ) ;
#971 = DIRECTION ( 'NONE',  ( -1.000000000000000000, 0.000000000000000000, 0.000000000000000000 ) ) ;
#972 = EDGE_LOOP ( 'NONE', ( #8777, #7763, #2813, #6518 ) ) ;
#973 = AXIS2_PLACEMENT_3D ( 'NONE', #7461, #2494, #8168 ) ;
#974 = CARTESIAN_POINT ( 'NONE',  ( 19.05000000000001137, 11.55000000000000071, 3.049999999999999822 ) ) ;
#975 = VERTEX_POINT ( 'NONE', #400 ) ;
#976 = CARTESIAN_POINT ( 'NONE',  ( -10.53923203741534920, 7.086226574511060861, 4.386581801005382530 ) ) ;
#977 = ORIENTED_EDGE ( 'NONE', *, *, #3833, .T. ) ;
#978 = LINE ( 'NONE', #1728, #5002 ) ;
#979 = CARTESIAN_POINT ( 'NONE',  ( 9.092383203134991376, -10.62755498949804078, 7.950032212735604453 ) ) ;
#980 = CARTESIAN_POINT ( 'NONE',  ( 20.18137084989848873, 4.511522368914975267, 2.286000000000000032 ) ) ;
#981 = PLANE ( 'NONE',  #5715 ) ;
#982 = EDGE_CURVE ( 'NONE', #7336, #5119, #2669, .T. ) ;
#983 = EDGE_CURVE ( 'NONE', #6802, #1518, #3168, .T. ) ;
#984 = CARTESIAN_POINT ( 'NONE',  ( -20.91349701478772616, -8.920603795974260564, 2.286000000000000032 ) ) ;
#985 = CARTESIAN_POINT ( 'NONE',  ( 19.05000000000001137, 6.349999999999999645, -2.286000000000000032 ) ) ;
#986 = CARTESIAN_POINT ( 'NONE',  ( -19.05000000000001137, -6.349999999999999645, 2.286000000000000032 ) ) ;
#987 = ORIENTED_EDGE ( 'NONE', *, *, #3141, .F. ) ;
#988 = VECTOR ( 'NONE', #1303, 1000.000000000000000 ) ;
#989 = ORIENTED_EDGE ( 'NONE', *, *, #5520, .F. ) ;
#990 = FACE_OUTER_BOUND ( 'NONE', #6428, .T. ) ;
#991 = LINE ( 'NONE', #6674, #5092 ) ;
#992 = AXIS2_PLACEMENT_3D ( 'NONE', #4080, #8235, #2512 ) ;
#993 = EDGE_CURVE ( 'NONE', #6592, #4962, #7168, .T. ) ;
#995 = ADVANCED_FACE ( 'NONE', ( #6249, #6212 ), #4814, .T. ) ;
#994 = EDGE_CURVE ( 'NONE', #569, #6899, #4624, .T. ) ;
#996 = DIRECTION ( 'NONE',  ( 0.000000000000000000, 0.000000000000000000, 1.000000000000000000 ) ) ;
#997 = ORIENTED_EDGE ( 'NONE', *, *, #4674, .F. ) ;
#998 = SECURITY_CLASSIFICATION_LEVEL ( 'unclassified' ) ;
#999 = ORIENTED_EDGE ( 'NONE', *, *, #2704, .T. ) ;
#1000 = ORIENTED_EDGE ( 'NONE', *, *, #2056, .T. ) ;
#1001 = LINE ( 'NONE', #304, #1568 ) ;
#1002 = LINE ( 'NONE', #7381, #2879 ) ;
#1003 = ADVANCED_FACE ( 'NONE', ( #2633 ), #9002, .T. ) ;
#1004 = ORIENTED_EDGE ( 'NONE', *, *, #3489, .T. ) ;
#1005 = CARTESIAN_POINT ( 'NONE',  ( -19.05000000000001137, -6.349999999999999645, 2.286000000000000032 ) ) ;
#1006 = ORIENTED_EDGE ( 'NONE', *, *, #7959, .T. ) ;
#1007 = ORIENTED_EDGE ( 'NONE', *, *, #6160, .F. ) ;
#1008 = CIRCLE ( 'NONE', #7402, 15.19999999999999929 ) ;
#1009 = CARTESIAN_POINT ( 'NONE',  ( -19.05000000000001137, -6.349999999999999645, -2.286000000000000032 ) ) ;
#1010 = ORIENTED_EDGE ( 'NONE', *, *, #6122, .F. ) ;
#1011 = DIRECTION ( 'NONE',  ( 0.000000000000000000, 0.000000000000000000, 1.000000000000000000 ) ) ;
#1012 = LINE ( 'NONE', #5908, #7009 ) ;
#1013 = DIRECTION ( 'NONE',  ( 0.7071067811865514585, -0.7071067811865435759, -3.459549943497251233E-18 ) ) ;
#1014 = B_SPLINE_CURVE_WITH_KNOTS ( 'NONE', 3,
 ( #8001, #909, #8040, #8090 ),
 .UNSPECIFIED., .F., .F.,
 ( 4, 4 ),
 ( 0.01134243133203449022, 0.01305802549859302886 ),
 .UNSPECIFIED. ) ;
#1015 = CARTESIAN_POINT ( 'NONE',  ( 19.05000000000001137, 6.349999999999999645, -1.000000000000000000 ) ) ;
#1016 = CARTESIAN_POINT ( 'NONE',  ( -17.18650298521229658, -8.920603795974260564, -1.000000000000000000 ) ) ;
#1017 = ORIENTED_EDGE ( 'NONE', *, *, #7364, .F. ) ;
#1018 = LINE ( 'NONE', #5955, #2046 ) ;
#1019 = ORIENTED_EDGE ( 'NONE', *, *, #8106, .T. ) ;
#1020 = CARTESIAN_POINT ( 'NONE',  ( -19.05000000000001137, -6.349999999999999645, -2.286000000000000032 ) ) ;
#1021 = ORIENTED_EDGE ( 'NONE', *, *, #6623, .T. ) ;
#1022 = CARTESIAN_POINT ( 'NONE',  ( 0.000000000000000000, 0.000000000000000000, 1.000000000000000000 ) ) ;
#1023 = DIRECTION ( 'NONE',  ( 1.000000000000000000, 0.000000000000000000, 0.000000000000000000 ) ) ;
#1024 = DIRECTION ( 'NONE',  ( -0.7071067811865482389, 0.7071067811865469066, 0.000000000000000000 ) ) ;
#1025 = DIRECTION ( 'NONE',  ( 0.7071067811865480168, -0.7071067811865471286, 0.000000000000000000 ) ) ;
#1026 = CARTESIAN_POINT ( 'NONE',  ( 19.05000000000001137, 6.349999999999999645, 2.286000000000000032 ) ) ;
#1027 = LINE ( 'NONE', #6625, #6893 ) ;
#1028 = DIRECTION ( 'NONE',  ( -0.000000000000000000, -0.000000000000000000, -1.000000000000000000 ) ) ;
#1029 = ORIENTED_EDGE ( 'NONE', *, *, #5196, .T. ) ;
#1030 = ORIENTED_EDGE ( 'NONE', *, *, #2998, .F. ) ;
#1031 = CARTESIAN_POINT ( 'NONE',  ( -5.754974513648329904, -11.32123086714771354, 3.049999999999999822 ) ) ;
#1032 = EDGE_CURVE ( 'NONE', #9192, #8098, #6816, .T. ) ;
#1033 = CARTESIAN_POINT ( 'NONE',  ( 23.06347142246230320, -9.656364641275748895, 1.000000000000000000 ) ) ;
#1034 = DIRECTION ( 'NONE',  ( -0.000000000000000000, -0.000000000000000000, -1.000000000000000000 ) ) ;
#1035 = ORIENTED_EDGE ( 'NONE', *, *, #3842, .F. ) ;
#1036 = LINE ( 'NONE', #1749, #1866 ) ;
#1037 = EDGE_CURVE ( 'NONE', #8341, #1835, #6733, .T. ) ;
#1039 = ADVANCED_FACE ( 'NONE', ( #3279 ), #7599, .T. ) ;
#1038 = EDGE_CURVE ( 'NONE', #6503, #9117, #1889, .T. ) ;
#1040 = AXIS2_PLACEMENT_3D ( 'NONE', #3129, #335, #3173 ) ;
#1041 = CYLINDRICAL_SURFACE ( 'NONE', #8086, 1.500000000000000000 ) ;
#1042 = ORIENTED_EDGE ( 'NONE', *, *, #5332, .F. ) ;
#1043 = FACE_OUTER_BOUND ( 'NONE', #7995, .T. ) ;
#1044 = ORIENTED_EDGE ( 'NONE', *, *, #2374, .T. ) ;
#1045 = ORIENTED_EDGE ( 'NONE', *, *, #5717, .F. ) ;
#1046 = DIRECTION ( 'NONE',  ( 1.000000000000000000, 0.000000000000000000, 0.000000000000000000 ) ) ;
#1047 = CARTESIAN_POINT ( 'NONE',  ( 15.87500000000000355, 6.349999999999999645, 2.286000000000000032 ) ) ;
#1049 = ADVANCED_FACE ( 'NONE', ( #9084 ), #6910, .T. ) ;
#1048 = EDGE_CURVE ( 'NONE', #2318, #314, #1229, .T. ) ;
#1050 = CARTESIAN_POINT ( 'NONE',  ( 0.000000000000000000, 0.000000000000000000, 3.049999999999999822 ) ) ;
#1051 = CARTESIAN_POINT ( 'NONE',  ( -21.62060379597427584, 8.213497014787712658, -2.286000000000000032 ) ) ;
#1052 = FACE_OUTER_BOUND ( 'NONE', #8883, .T. ) ;
#1053 = DIRECTION ( 'NONE',  ( -0.7071067811865442421, -0.7071067811865509034, 0.000000000000000000 ) ) ;
#1054 = ORIENTED_EDGE ( 'NONE', *, *, #4973, .T. ) ;
#1055 = VECTOR ( 'NONE', #3862, 1000.000000000000000 ) ;
#1056 = DIRECTION ( 'NONE',  ( -1.000000000000000000, 0.000000000000000000, 0.000000000000000000 ) ) ;
#1057 = ORIENTED_EDGE ( 'NONE', *, *, #7435, .F. ) ;
#1058 = CARTESIAN_POINT ( 'NONE',  ( -19.05000000000001137, 6.349999999999999645, -1.000000000000000000 ) ) ;
#1059 = ORIENTED_EDGE ( 'NONE', *, *, #6496, .F. ) ;
#1060 = ADVANCED_FACE ( 'NONE', ( #6777, #8267 ), #4721, .T. ) ;
#1061 = CARTESIAN_POINT ( 'NONE',  ( 6.595342854572490587, -9.420798938022164393, 14.55000000000000782 ) ) ;
#1062 = DIRECTION ( 'NONE',  ( 0.7071067811865480168, -0.7071067811865471286, 0.000000000000000000 ) ) ;
#1063 = DIRECTION ( 'NONE',  ( -0.7071067811865476838, -0.7071067811865474617, -0.000000000000000000 ) ) ;
#1064 = DIRECTION ( 'NONE',  ( -0.000000000000000000, -0.000000000000000000, -1.000000000000000000 ) ) ;
#1065 = CONICAL_SURFACE ( 'NONE', #1509, 14.19999999999999751, 0.04363323129985833410 ) ;
#1066 = CARTESIAN_POINT ( 'NONE',  ( -19.05000000000001137, 6.349999999999999645, 2.286000000000000032 ) ) ;
#1067 = CARTESIAN_POINT ( 'NONE',  ( 25.25000000000001066, 6.349999999999999645, 3.049999999999999822 ) ) ;
#1068 = CARTESIAN_POINT ( 'NONE',  ( -10.17913218578983781, 7.242839005723280543, 12.75494800607209811 ) ) ;
#1069 = ORIENTED_EDGE ( 'NONE', *, *, #8900, .T. ) ;
#1070 = PERSON ( 'UNSPECIFIED', 'UNSPECIFIED', 'UNSPECIFIED', ('UNSPECIFIED'), ('UNSPECIFIED'), ('UNSPECIFIED') ) ;
#1071 = VECTOR ( 'NONE', #5133, 1000.000000000000000 ) ;
#1072 = ORIENTED_EDGE ( 'NONE', *, *, #1441, .T. ) ;
#1073 = CARTESIAN_POINT ( 'NONE',  ( 25.75355339059328585, -0.3535533905932672916, 1.000000000000000000 ) ) ;
#1074 = AXIS2_PLACEMENT_3D ( 'NONE', #8696, #3014, #5111 ) ;
#1075 = LINE ( 'NONE', #1822, #8947 ) ;
#1076 = CARTESIAN_POINT ( 'NONE',  ( 17.21152236891498788, -7.481370849898473452, 2.286000000000000032 ) ) ;
#1077 = LOCAL_TIME ( 9, 9, 35.00000000000000000, #3095 ) ;
#1078 = VECTOR ( 'NONE', #7151, 1000.000000000000000 ) ;
#1079 = B_SPLINE_CURVE_WITH_KNOTS ( 'NONE', 3,
 ( #4488, #819, #3844, #4351 ),
 .UNSPECIFIED., .F., .F.,
 ( 4, 4 ),
 ( 0.000000000000000000, 0.01171373425320291865 ),
 .UNSPECIFIED. ) ;
#1080 = CARTESIAN_POINT ( 'NONE',  ( 10.00446747355705490, 11.44336622548361859, 4.049999999999999822 ) ) ;
#1081 = AXIS2_PLACEMENT_3D ( 'NONE', #1009, #8778, #4491 ) ;
#1082 = ORIENTED_EDGE ( 'NONE', *, *, #194, .T. ) ;
#1083 = ORIENTED_EDGE ( 'NONE', *, *, #5845, .T. ) ;
#1084 = CARTESIAN_POINT ( 'NONE',  ( 19.05000000000001137, -6.349999999999999645, -1.000000000000000000 ) ) ;
#1085 = CIRCLE ( 'NONE', #349, 2.100000000000008082 ) ;
#1086 = VECTOR ( 'NONE', #5734, 1000.000000000000000 ) ;
#1087 = ORIENTED_EDGE ( 'NONE', *, *, #2811, .T. ) ;
#1088 = ADVANCED_FACE ( 'NONE', ( #9181 ), #7732, .T. ) ;
#1089 = EDGE_CURVE ( 'NONE', #8864, #7318, #1231, .T. ) ;
#1090 = DIRECTION ( 'NONE',  ( -0.000000000000000000, -0.000000000000000000, 1.000000000000000000 ) ) ;
#1091 = ORIENTED_EDGE ( 'NONE', *, *, #6905, .T. ) ;
#1092 = EDGE_LOOP ( 'NONE', ( #8667, #8636, #1872, #5244 ) ) ;
#1093 = VECTOR ( 'NONE', #488, 1000.000000000000000 ) ;
#1094 = VECTOR ( 'NONE', #2636, 1000.000000000000000 ) ;
#1095 = DIRECTION ( 'NONE',  ( -0.000000000000000000, -0.000000000000000000, -1.000000000000000000 ) ) ;
#1096 = CARTESIAN_POINT ( 'NONE',  ( 1.723477518430372557, -1.723477518430426736, 4.484570918951995999 ) ) ;
#1097 = CARTESIAN_POINT ( 'NONE',  ( 10.63658198510799124, -6.939368936583165670, 3.833945435550919267 ) ) ;
#1098 = CARTESIAN_POINT ( 'NONE',  ( -20.88847763108503486, -5.218629150101524061, -2.286000000000000032 ) ) ;
#1099 = VECTOR ( 'NONE', #8582, 1000.000000000000000 ) ;
#1100 = CARTESIAN_POINT ( 'NONE',  ( -9.881168959186963363, 11.55000000000000071, 1.000000000000000000 ) ) ;
#1101 = VECTOR ( 'NONE', #2746, 1000.000000000000000 ) ;
#1102 = AXIS2_PLACEMENT_3D ( 'NONE', #7216, #8614, #8572 ) ;
#1103 = EDGE_CURVE ( 'NONE', #4640, #1336, #6350, .T. ) ;
#1105 = EDGE_CURVE ( 'NONE', #1644, #2399, #6303, .T. ) ;
#1104 = ADVANCED_FACE ( 'NONE', ( #8536 ), #2908, .T. ) ;
#1106 = CARTESIAN_POINT ( 'NONE',  ( 0.000000000000000000, 0.000000000000000000, 3.049999999999999822 ) ) ;
#1107 = CARTESIAN_POINT ( 'NONE',  ( -24.25000000000001066, -6.349999999999998757, 1.000000000000000000 ) ) ;
#1108 = ORIENTED_EDGE ( 'NONE', *, *, #2179, .F. ) ;
#1109 = LINE ( 'NONE', #6611, #6322 ) ;
#1110 = EDGE_LOOP ( 'NONE', ( #6850, #7700, #8010, #5277, #2829, #5596, #5006, #2974, #8167, #1804, #905, #1505, #5967, #2342, #7156, #7797, #5724, #2666 ) ) ;
#1111 = AXIS2_PLACEMENT_3D ( 'NONE', #5058, #9099, #6999 ) ;
#1112 = DIRECTION ( 'NONE',  ( -0.000000000000000000, -0.000000000000000000, -1.000000000000000000 ) ) ;
#1113 = CIRCLE ( 'NONE', #2304, 12.69999999999999929 ) ;
#1114 = ORIENTED_EDGE ( 'NONE', *, *, #5425, .F. ) ;
#1115 = DIRECTION ( 'NONE',  ( -0.7071067811865476838, 0.7071067811865474617, 0.000000000000000000 ) ) ;
#1116 = CARTESIAN_POINT ( 'NONE',  ( -10.96248442393428135, -6.412546621332576358, 3.229968010100356057 ) ) ;
#1117 = LINE ( 'NONE', #5350, #3744 ) ;
#1118 = CARTESIAN_POINT ( 'NONE',  ( 20.18137084989849583, 8.188477631085028463, -2.286000000000000032 ) ) ;
#1119 = AXIS2_PLACEMENT_3D ( 'NONE', #6117, #5427, #8269 ) ;
#1120 = EDGE_CURVE ( 'NONE', #4755, #569, #614, .T. ) ;
#1121 = DIRECTION ( 'NONE',  ( 0.000000000000000000, 0.000000000000000000, 1.000000000000000000 ) ) ;
#1122 = FACE_OUTER_BOUND ( 'NONE', #5521, .T. ) ;
#1123 = DIRECTION ( 'NONE',  ( -0.7071067811865482389, 0.7071067811865469066, 0.000000000000000000 ) ) ;
#1124 = ORIENTED_EDGE ( 'NONE', *, *, #4989, .F. ) ;
#1125 = CARTESIAN_POINT ( 'NONE',  ( 10.83712860766405051, 6.622070032763061498, 3.389687696579585019 ) ) ;
#1126 = ORIENTED_EDGE ( 'NONE', *, *, #4577, .T. ) ;
#1127 = CARTESIAN_POINT ( 'NONE',  ( -17.21152236891498788, -5.218629150101523173, -2.286000000000000032 ) ) ;
#1128 = VECTOR ( 'NONE', #7804, 1000.000000000000000 ) ;
#1129 = DIRECTION ( 'NONE',  ( -0.7071067811865477948, -0.7071067811865473507, 0.000000000000000000 ) ) ;
#1130 = FACE_OUTER_BOUND ( 'NONE', #3729, .T. ) ;
#1131 = PLANE ( 'NONE',  #8804 ) ;
#1132 = AXIS2_PLACEMENT_3D ( 'NONE', #1742, #6713, #8668 ) ;
#1133 = ORIENTED_EDGE ( 'NONE', *, *, #6792, .T. ) ;
#1134 = EDGE_LOOP ( 'NONE', ( #4312, #2053, #1572, #10 ) ) ;
#1135 = CARTESIAN_POINT ( 'NONE',  ( -19.05000000000001137, 6.349999999999999645, -1.000000000000000000 ) ) ;
#1136 = CIRCLE ( 'NONE', #542, 3.175000000000000711 ) ;
#1137 = ORIENTED_EDGE ( 'NONE', *, *, #256, .F. ) ;
#1138 = FACE_OUTER_BOUND ( 'NONE', #8803, .T. ) ;
#1139 = VERTEX_POINT ( 'NONE', #8440 ) ;
#1140 = VERTEX_POINT ( 'NONE', #1356 ) ;
#1141 = CARTESIAN_POINT ( 'NONE',  ( -23.69865440327095030, 0.9942388155425139207, 2.286000000000000032 ) ) ;
#1142 = CARTESIAN_POINT ( 'NONE',  ( -24.25000000000001066, 1.545584412271579167, 3.049999999999999822 ) ) ;
#1143 = CARTESIAN_POINT ( 'NONE',  ( 20.91349701478772971, 3.779396204025733397, -1.000000000000000444 ) ) ;
#1144 = DIRECTION ( 'NONE',  ( 0.7071067811865476838, -0.7071067811865474617, 0.000000000000000000 ) ) ;
#1145 = CARTESIAN_POINT ( 'NONE',  ( 17.21152236891498788, 5.218629150101523173, 2.286000000000000032 ) ) ;
#1146 = DIRECTION ( 'NONE',  ( 1.000000000000000000, 0.000000000000000000, -0.000000000000000000 ) ) ;
#1147 = CARTESIAN_POINT ( 'NONE',  ( 0.000000000000000000, 0.000000000000000000, 3.049999999999999822 ) ) ;
#1148 = ORIENTED_EDGE ( 'NONE', *, *, #8263, .F. ) ;
#1149 = DIRECTION ( 'NONE',  ( 1.000000000000000000, 0.000000000000000000, 0.000000000000000000 ) ) ;
#1150 = VERTEX_POINT ( 'NONE', #5744 ) ;
#1151 = CARTESIAN_POINT ( 'NONE',  ( 19.05000000000001137, 6.349999999999999645, 1.000000000000000000 ) ) ;
#1152 = ORIENTED_EDGE ( 'NONE', *, *, #432, .T. ) ;
#1153 = DIRECTION ( 'NONE',  ( -0.7071067811865475727, -0.7071067811865475727, 0.000000000000000000 ) ) ;
#1154 = CARTESIAN_POINT ( 'NONE',  ( -10.72684099295863902, -6.799133513158147402, 3.592487606861654026 ) ) ;
#1155 = EDGE_CURVE ( 'NONE', #3943, #882, #944, .T. ) ;
#1156 = DIRECTION ( 'NONE',  ( 1.000000000000000000, 0.000000000000000000, 0.000000000000000000 ) ) ;
#1158 = ADVANCED_FACE ( 'NONE', ( #1506 ), #1459, .F. ) ;
#1157 = ADVANCED_FACE ( 'NONE', ( #6389 ), #3598, .T. ) ;
#1159 = DIRECTION ( 'NONE',  ( 1.000000000000000000, 0.000000000000000000, -0.000000000000000000 ) ) ;
#1160 = CARTESIAN_POINT ( 'NONE',  ( 17.18650298521228947, -8.920603795974264116, 2.286000000000000032 ) ) ;
#1161 = ORIENTED_EDGE ( 'NONE', *, *, #3322, .T. ) ;
#1162 = CYLINDRICAL_SURFACE ( 'NONE', #1702, 3.175000000000007816 ) ;
#1163 = DIRECTION ( 'NONE',  ( 0.000000000000000000, -0.000000000000000000, -1.000000000000000000 ) ) ;
#1164 = ORIENTED_EDGE ( 'NONE', *, *, #5361, .T. ) ;
#1165 = CARTESIAN_POINT ( 'NONE',  ( -20.88847763108503841, -7.481370849898481445, 2.286000000000000032 ) ) ;
#1166 = VERTEX_POINT ( 'NONE', #8481 ) ;
#1167 = DIRECTION ( 'NONE',  ( -0.7071067811865476838, 0.7071067811865474617, 0.000000000000000000 ) ) ;
#1168 = DIRECTION ( 'NONE',  ( 0.000000000000000000, 0.000000000000000000, 1.000000000000000000 ) ) ;
#1170 = ADVANCED_FACE ( 'NONE', ( #6491 ), #6439, .T. ) ;
#1169 = ADVANCED_FACE ( 'NONE', ( #4192 ), #757, .T. ) ;
#1171 = DIRECTION ( 'NONE',  ( 0.7071067811865460184, 0.7071067811865491270, 0.000000000000000000 ) ) ;
#1172 = LINE ( 'NONE', #4005, #5235 ) ;
#1173 = EDGE_LOOP ( 'NONE', ( #3549, #3316, #3665, #7050, #1918 ) ) ;
#1174 = VERTEX_POINT ( 'NONE', #668 ) ;
#1175 = ORIENTED_EDGE ( 'NONE', *, *, #7067, .T. ) ;
#1176 = ADVANCED_FACE ( 'NONE', ( #2105 ), #7085, .F. ) ;
#1177 = ORIENTED_EDGE ( 'NONE', *, *, #7647, .T. ) ;
#1178 = DIRECTION ( 'NONE',  ( 0.000000000000000000, 0.000000000000000000, 1.000000000000000000 ) ) ;
#1179 = EDGE_LOOP ( 'NONE', ( #2772, #4825, #4246, #3010 ) ) ;
#1180 = ORIENTED_EDGE ( 'NONE', *, *, #1397, .F. ) ;
#1181 = CYLINDRICAL_SURFACE ( 'NONE', #779, 1.499999999999999778 ) ;
#1182 = DIRECTION ( 'NONE',  ( -0.7069990853988189494, 0.7069990853988294965, 0.01745240643728354982 ) ) ;
#1183 = VECTOR ( 'NONE', #2480, 1000.000000000000000 ) ;
#1184 = DIRECTION ( 'NONE',  ( -0.7071067811865476838, -0.7071067811865474617, 0.000000000000000000 ) ) ;
#1185 = CARTESIAN_POINT ( 'NONE',  ( -19.05000000000001137, 6.349999999999999645, -1.000000000000000000 ) ) ;
#1186 = DIRECTION ( 'NONE',  ( 1.000000000000000000, 0.000000000000000000, -0.000000000000000000 ) ) ;
#1187 = CARTESIAN_POINT ( 'NONE',  ( -6.595342854572515456, -9.420798938022148405, 14.55000000000000782 ) ) ;
#1188 = DIRECTION ( 'NONE',  ( -0.000000000000000000, -0.000000000000000000, -1.000000000000000000 ) ) ;
#1189 = ORIENTED_EDGE ( 'NONE', *, *, #844, .T. ) ;
#1190 = APPROVAL ( #4436, 'UNSPECIFIED' ) ;
#1191 = CARTESIAN_POINT ( 'NONE',  ( 24.25000000000001066, -1.545584412271583830, 2.286000000000000032 ) ) ;
#1192 = ORIENTED_EDGE ( 'NONE', *, *, #887, .T. ) ;
#1193 = DIRECTION ( 'NONE',  ( 0.000000000000000000, 0.000000000000000000, 1.000000000000000000 ) ) ;
#1194 = VERTEX_POINT ( 'NONE', #2161 ) ;
#1195 = LINE ( 'NONE', #8362, #7075 ) ;
#1196 = DIRECTION ( 'NONE',  ( 1.000000000000000000, 0.000000000000000000, 0.000000000000000000 ) ) ;
#1197 = DIRECTION ( 'NONE',  ( -1.000000000000000000, 0.000000000000000000, 0.000000000000000000 ) ) ;
#1198 = DIRECTION ( 'NONE',  ( 0.000000000000000000, 0.000000000000000000, -1.000000000000000000 ) ) ;
#1199 = LINE ( 'NONE', #593, #809 ) ;
#1200 = CARTESIAN_POINT ( 'NONE',  ( -19.05000000000001137, 6.349999999999999645, 2.286000000000000032 ) ) ;
#1201 = ORIENTED_EDGE ( 'NONE', *, *, #5037, .T. ) ;
#1202 = ADVANCED_FACE ( 'NONE', ( #5001 ), #7884, .T. ) ;
#1203 = CARTESIAN_POINT ( 'NONE',  ( 9.881168959186965139, -11.54999999999999716, 3.049999999999999822 ) ) ;
#1206 = EDGE_CURVE ( 'NONE', #7212, #2665, #7231, .T. ) ;
#1205 = EDGE_CURVE ( 'NONE', #3565, #4614, #3030, .T. ) ;
#1204 = FACE_OUTER_BOUND ( 'NONE', #7801, .T. ) ;
#1207 = ORIENTED_EDGE ( 'NONE', *, *, #3033, .F. ) ;
#1208 = CARTESIAN_POINT ( 'NONE',  ( -19.05000000000001137, -11.55000000000000071, 1.000000000000000000 ) ) ;
#1209 = EDGE_LOOP ( 'NONE', ( #7649, #8965, #2729, #2199 ) ) ;
#1210 = PLANE ( 'NONE',  #9147 ) ;
#1211 = AXIS2_PLACEMENT_3D ( 'NONE', #789, #5030, #3635 ) ;
#1212 = FACE_OUTER_BOUND ( 'NONE', #1458, .T. ) ;
#1213 = FACE_OUTER_BOUND ( 'NONE', #1173, .T. ) ;
#1214 = CARTESIAN_POINT ( 'NONE',  ( -9.973866363105898358, -7.197781147806673552, 15.34958134975580535 ) ) ;
#1215 = AXIS2_PLACEMENT_3D ( 'NONE', #4915, #1333, #635 ) ;
#1216 = EDGE_CURVE ( 'NONE', #1608, #2511, #1560, .T. ) ;
#1218 = EDGE_CURVE ( 'NONE', #771, #6258, #2350, .T. ) ;
#1217 = EDGE_CURVE ( 'NONE', #7152, #8266, #857, .T. ) ;
#1219 = AXIS2_PLACEMENT_3D ( 'NONE', #2540, #8827, #8956 ) ;
#1220 = ORIENTED_EDGE ( 'NONE', *, *, #6680, .T. ) ;
#1221 = VERTEX_POINT ( 'NONE', #3695 ) ;
#1222 = AXIS2_PLACEMENT_3D ( 'NONE', #333, #7405, #8154 ) ;
#1223 = CIRCLE ( 'NONE', #1081, 3.175000000000000711 ) ;
#1224 = VERTEX_POINT ( 'NONE', #1649 ) ;
#1225 = ADVANCED_FACE ( 'NONE', ( #7321 ), #5095, .F. ) ;
#1226 = CARTESIAN_POINT ( 'NONE',  ( -0.8638577348518230448, -0.8638577348518335919, 15.75000000000000000 ) ) ;
#1227 = VERTEX_POINT ( 'NONE', #261 ) ;
#1228 = AXIS2_PLACEMENT_3D ( 'NONE', #3715, #6513, #136 ) ;
#1229 = LINE ( 'NONE', #6948, #8962 ) ;
#1230 = CARTESIAN_POINT ( 'NONE',  ( 0.000000000000000000, 0.000000000000000000, 15.75000000000000000 ) ) ;
#1231 = CIRCLE ( 'NONE', #7621, 3.175000000000007816 ) ;
#1232 = DIRECTION ( 'NONE',  ( 1.000000000000000000, -7.105427357601001859E-15, 0.000000000000000000 ) ) ;
#1233 = CARTESIAN_POINT ( 'NONE',  ( -24.11862915010152975, 0.000000000000000000, 3.049999999999999822 ) ) ;
#1234 = CARTESIAN_POINT ( 'NONE',  ( 24.25000000000001066, 1.545584412271583163, 3.049999999999999822 ) ) ;
#1235 = VECTOR ( 'NONE', #8212, 1000.000000000000000 ) ;
#1236 = VECTOR ( 'NONE', #3003, 1000.000000000000000 ) ;
#1237 = AXIS2_PLACEMENT_3D ( 'NONE', #3199, #5951, #3071 ) ;
#1238 = CARTESIAN_POINT ( 'NONE',  ( -7.498580207074692083, 10.24994121339569908, 15.75000000000000000 ) ) ;
#1239 = CARTESIAN_POINT ( 'NONE',  ( -18.69644660940673830, 6.703553390593271821, -1.000000000000000000 ) ) ;
#1240 = VERTEX_POINT ( 'NONE', #5934 ) ;
#1241 = CARTESIAN_POINT ( 'NONE',  ( -22.70441558772843393, 1.287490079826536515E-15, 3.049999999999999822 ) ) ;
#1242 = VERTEX_POINT ( 'NONE', #899 ) ;
#1243 = CARTESIAN_POINT ( 'NONE',  ( -21.62060379597427229, 8.213497014787712658, 2.286000000000000032 ) ) ;
#1244 = AXIS2_PLACEMENT_3D ( 'NONE', #2985, #5778, #5633 ) ;
#1245 = ORIENTED_EDGE ( 'NONE', *, *, #4409, .F. ) ;
#1246 = FACE_OUTER_BOUND ( 'NONE', #9159, .T. ) ;
#1247 = DIRECTION ( 'NONE',  ( 0.000000000000000000, 0.000000000000000000, 1.000000000000000000 ) ) ;
#1248 = LINE ( 'NONE', #7056, #2294 ) ;
#1249 = AXIS2_PLACEMENT_3D ( 'NONE', #7002, #2780, #8973 ) ;
#1250 = AXIS2_PLACEMENT_3D ( 'NONE', #1396, #703, #742 ) ;
#1251 = CARTESIAN_POINT ( 'NONE',  ( 24.25000000000001066, -6.350000000000000533, 3.049999999999999822 ) ) ;
#1252 = DIRECTION ( 'NONE',  ( 0.000000000000000000, 0.000000000000000000, 1.000000000000000000 ) ) ;
#1253 = DIRECTION ( 'NONE',  ( 0.000000000000000000, 0.000000000000000000, 1.000000000000000000 ) ) ;
#1254 = ORIENTED_EDGE ( 'NONE', *, *, #6916, .F. ) ;
#1255 = AXIS2_PLACEMENT_3D ( 'NONE', #2923, #5756, #587 ) ;
#1256 = VECTOR ( 'NONE', #3152, 1000.000000000000000 ) ;
#1257 = DIRECTION ( 'NONE',  ( -0.7071067811865514585, -0.7071067811865435759, 0.000000000000000000 ) ) ;
#1258 = ORIENTED_EDGE ( 'NONE', *, *, #634, .T. ) ;
#1259 = CARTESIAN_POINT ( 'NONE',  ( 7.338820554675495877, 10.36492705552106131, 11.30038463814560323 ) ) ;
#1260 = ORIENTED_EDGE ( 'NONE', *, *, #4268, .F. ) ;
#1261 = DIRECTION ( 'NONE',  ( -0.000000000000000000, -0.000000000000000000, -1.000000000000000000 ) ) ;
#1262 = CARTESIAN_POINT ( 'NONE',  ( -7.115400157519713886, 10.01731424083777533, 13.31173150231344060 ) ) ;
#1263 = CARTESIAN_POINT ( 'NONE',  ( 7.498580207074687642, 10.24994121339569908, 15.75000000000000000 ) ) ;
#1264 = VECTOR ( 'NONE', #8175, 1000.000000000000114 ) ;
#1265 = EDGE_CURVE ( 'NONE', #2921, #8967, #6535, .T. ) ;
#1266 = EDGE_CURVE ( 'NONE', #7724, #2330, #6583, .T. ) ;
#1267 = CARTESIAN_POINT ( 'NONE',  ( 22.70441558772843749, 7.846913223363838341E-15, 3.049999999999999822 ) ) ;
#1268 = AXIS2_PLACEMENT_3D ( 'NONE', #4830, #1293, #8320 ) ;
#1269 = EDGE_LOOP ( 'NONE', ( #6157, #2726, #170, #6555 ) ) ;
#1270 = VERTEX_POINT ( 'NONE', #2997 ) ;
#1271 = EDGE_CURVE ( 'NONE', #3409, #2933, #2718, .T. ) ;
#1273 = EDGE_CURVE ( 'NONE', #5603, #2831, #3097, .T. ) ;
#1272 = ADVANCED_FACE ( 'NONE', ( #8726 ), #5188, .T. ) ;
#1274 = AXIS2_PLACEMENT_3D ( 'NONE', #7147, #90, #6363 ) ;
#1275 = VERTEX_POINT ( 'NONE', #1107 ) ;
#1276 = VERTEX_POINT ( 'NONE', #5383 ) ;
#1277 = CARTESIAN_POINT ( 'NONE',  ( -19.05000000000001137, -6.349999999999999645, -1.000000000000000000 ) ) ;
#1278 = AXIS2_PLACEMENT_3D ( 'NONE', #3900, #8971, #4599 ) ;
#1279 = CARTESIAN_POINT ( 'NONE',  ( -24.25000000000001066, 6.350000000000000533, -1.000000000000000000 ) ) ;
#1280 = CARTESIAN_POINT ( 'NONE',  ( 20.18137084989848873, -4.511522368914976155, -2.286000000000000032 ) ) ;
#1281 = LINE ( 'NONE', #1892, #1094 ) ;
#1282 = DIRECTION ( 'NONE',  ( 0.000000000000000000, 0.000000000000000000, 1.000000000000000000 ) ) ;
#1283 = EDGE_CURVE ( 'NONE', #6873, #5181, #6082, .T. ) ;
#1284 = AXIS2_PLACEMENT_3D ( 'NONE', #3755, #830, #316 ) ;
#1285 = DIRECTION ( 'NONE',  ( -0.7071067811865510144, -0.7071067811865441310, -0.000000000000000000 ) ) ;
#1286 = CARTESIAN_POINT ( 'NONE',  ( 24.25000000000001066, 1.545584412271583163, 2.286000000000000032 ) ) ;
#1287 = EDGE_LOOP ( 'NONE', ( #4326, #2886, #4273, #1006 ) ) ;
#1288 = DIRECTION ( 'NONE',  ( -0.000000000000000000, -0.000000000000000000, -1.000000000000000000 ) ) ;
#1289 = ORIENTED_EDGE ( 'NONE', *, *, #7757, .T. ) ;
#1290 = DIRECTION ( 'NONE',  ( 0.7071067811865474617, 0.7071067811865474617, -0.000000000000000000 ) ) ;
#1291 = VERTEX_POINT ( 'NONE', #3942 ) ;
#1292 = CARTESIAN_POINT ( 'NONE',  ( 0.000000000000000000, 0.000000000000000000, 1.000000000000000000 ) ) ;
#1293 = DIRECTION ( 'NONE',  ( -0.000000000000000000, -0.000000000000000000, -1.000000000000000000 ) ) ;
#1294 = CARTESIAN_POINT ( 'NONE',  ( -16.95000000000000995, -6.349999999999999645, -2.286000000000000032 ) ) ;
#1295 = CARTESIAN_POINT ( 'NONE',  ( -9.881168959186963363, 11.55000000000000071, 3.049999999999999822 ) ) ;
#1296 = DIRECTION ( 'NONE',  ( -0.000000000000000000, -0.000000000000000000, -1.000000000000000000 ) ) ;
#1297 = DIRECTION ( 'NONE',  ( 0.7071067811865476838, -0.7071067811865474617, 0.000000000000000000 ) ) ;
#1298 = ORIENTED_EDGE ( 'NONE', *, *, #5474, .T. ) ;
#1299 = FACE_OUTER_BOUND ( 'NONE', #2948, .T. ) ;
#1300 = ORIENTED_EDGE ( 'NONE', *, *, #7364, .T. ) ;
#1301 = DIRECTION ( 'NONE',  ( -0.000000000000000000, -0.000000000000000000, 1.000000000000000000 ) ) ;
#1302 = ORIENTED_EDGE ( 'NONE', *, *, #3111, .T. ) ;
#1303 = DIRECTION ( 'NONE',  ( 0.000000000000000000, -1.000000000000000000, 0.000000000000000000 ) ) ;
#1304 = LINE ( 'NONE', #4135, #245 ) ;
#1305 = FACE_BOUND ( 'NONE', #6388, .T. ) ;
#1306 = LINE ( 'NONE', #8518, #4214 ) ;
#1307 = DIRECTION ( 'NONE',  ( 0.000000000000000000, 0.000000000000000000, 1.000000000000000000 ) ) ;
#1308 = ADVANCED_FACE ( 'NONE', ( #7565 ), #6179, .F. ) ;
#1309 = ORIENTED_EDGE ( 'NONE', *, *, #3156, .T. ) ;
#1310 = ORIENTED_EDGE ( 'NONE', *, *, #5490, .T. ) ;
#1311 = ORIENTED_EDGE ( 'NONE', *, *, #4071, .F. ) ;
#1312 = ORIENTED_EDGE ( 'NONE', *, *, #4846, .F. ) ;
#1313 = EDGE_CURVE ( 'NONE', #8534, #4586, #2544, .T. ) ;
#1314 = DIRECTION ( 'NONE',  ( 0.000000000000000000, 0.000000000000000000, 1.000000000000000000 ) ) ;
#1316 = EDGE_CURVE ( 'NONE', #6982, #6981, #6575, .T. ) ;
#1315 = EDGE_CURVE ( 'NONE', #8233, #5215, #4020, .T. ) ;
#1317 = CARTESIAN_POINT ( 'NONE',  ( -7.498580207074714288, -10.24994121339567954, 15.75000000000000000 ) ) ;
#1318 = DIRECTION ( 'NONE',  ( -0.000000000000000000, -0.000000000000000000, -1.000000000000000000 ) ) ;
#1319 = LINE ( 'NONE', #4861, #7490 ) ;
#1320 = VERTEX_POINT ( 'NONE', #1936 ) ;
#1321 = CARTESIAN_POINT ( 'NONE',  ( 21.62060379597428295, 4.486502985212280414, 2.286000000000000032 ) ) ;
#1322 = VERTEX_POINT ( 'NONE', #2677 ) ;
#1323 = VERTEX_POINT ( 'NONE', #1983 ) ;
#1324 = CIRCLE ( 'NONE', #9061, 3.175000000000000711 ) ;
#1325 = CARTESIAN_POINT ( 'NONE',  ( 19.05000000000001137, 6.349999999999999645, 2.286000000000000032 ) ) ;
#1327 = EDGE_CURVE ( 'NONE', #4803, #6236, #4822, .T. ) ;
#1326 = EDGE_CURVE ( 'NONE', #8908, #8583, #6867, .T. ) ;
#1328 = VERTEX_POINT ( 'NONE', #3980 ) ;
#1329 = DIRECTION ( 'NONE',  ( -0.7071067811865482389, -0.7071067811865469066, 0.000000000000000000 ) ) ;
#1330 = DIRECTION ( 'NONE',  ( -0.7071067811865501263, -0.7071067811865450192, 0.000000000000000000 ) ) ;
#1331 = FACE_OUTER_BOUND ( 'NONE', #3340, .T. ) ;
#1332 = FACE_OUTER_BOUND ( 'NONE', #6637, .T. ) ;
#1333 = DIRECTION ( 'NONE',  ( -0.7071067811865469066, 0.7071067811865482389, 0.000000000000000000 ) ) ;
#1334 = CARTESIAN_POINT ( 'NONE',  ( 9.849393396991292349, 11.57710886669483763, 15.75000000000000000 ) ) ;
#1335 = CARTESIAN_POINT ( 'NONE',  ( 16.95000000000000284, 6.349999999999999645, -2.286000000000000032 ) ) ;
#1336 = VERTEX_POINT ( 'NONE', #8180 ) ;
#1337 = CARTESIAN_POINT ( 'NONE',  ( -12.56550315032374243, 8.552961997491244972, 3.524263225867799942 ) ) ;
#1338 = ADVANCED_FACE ( 'NONE', ( #3246 ), #7659, .T. ) ;
#1339 = ORIENTED_EDGE ( 'NONE', *, *, #4565, .T. ) ;
#1340 = DIRECTION ( 'NONE',  ( 0.7071067811865482389, -0.7071067811865469066, 0.000000000000000000 ) ) ;
#1341 = VERTEX_POINT ( 'NONE', #582 ) ;
#1342 = CARTESIAN_POINT ( 'NONE',  ( 18.69644660940673475, 5.996446609406724804, -1.000000000000000000 ) ) ;
#1343 = LINE ( 'NONE', #5071, #8858 ) ;
#1344 = CARTESIAN_POINT ( 'NONE',  ( 17.18650298521228947, -3.779396204025732509, 2.286000000000000032 ) ) ;
#1345 = CARTESIAN_POINT ( 'NONE',  ( 7.197780013643184205, 9.973865322164883196, 15.34957983997626663 ) ) ;
#1346 = FACE_OUTER_BOUND ( 'NONE', #8089, .T. ) ;
#1347 = VERTEX_POINT ( 'NONE', #1286 ) ;
#1348 = VECTOR ( 'NONE', #3348, 1000.000000000000000 ) ;
#1349 = VERTEX_POINT ( 'NONE', #4115 ) ;
#1350 = ORIENTED_EDGE ( 'NONE', *, *, #8389, .T. ) ;
#1351 = AXIS2_PLACEMENT_3D ( 'NONE', #3788, #4532, #3736 ) ;
#1352 = CARTESIAN_POINT ( 'NONE',  ( -6.337373622578287957, 11.00618192593636735, 3.187564428398823591 ) ) ;
#1353 = VERTEX_POINT ( 'NONE', #6822 ) ;
#1354 = CARTESIAN_POINT ( 'NONE',  ( -15.10488494811827564, -1.697778166931718014, -1.000000000000000000 ) ) ;
#1355 = ORIENTED_EDGE ( 'NONE', *, *, #378, .T. ) ;
#1356 = CARTESIAN_POINT ( 'NONE',  ( 16.47939620402574334, 4.486502985212279526, 2.286000000000000032 ) ) ;
#1357 = DIRECTION ( 'NONE',  ( -1.000000000000000000, 0.000000000000000000, 0.000000000000000000 ) ) ;
#1358 = VECTOR ( 'NONE', #2427, 1000.000000000000114 ) ;
#1359 = CARTESIAN_POINT ( 'NONE',  ( 20.88847763108503841, -7.481370849898481445, -2.286000000000000032 ) ) ;
#1360 = DIRECTION ( 'NONE',  ( -0.7071067811865476838, 0.7071067811865474617, 0.000000000000000000 ) ) ;
#1361 = ADVANCED_FACE ( 'NONE', ( #6956, #3420 ), #8227, .F. ) ;
#1362 = ADVANCED_FACE ( 'NONE', ( #2506 ), #1799, .T. ) ;
#1363 = LOCAL_TIME ( 9, 9, 35.00000000000000000, #2347 ) ;
#1364 = VECTOR ( 'NONE', #5254, 1000.000000000000000 ) ;
#1365 = ORIENTED_EDGE ( 'NONE', *, *, #264, .T. ) ;
#1366 = LINE ( 'NONE', #8545, #5097 ) ;
#1367 = ORIENTED_EDGE ( 'NONE', *, *, #8322, .T. ) ;
#1368 = ORIENTED_EDGE ( 'NONE', *, *, #6452, .F. ) ;
#1369 = VECTOR ( 'NONE', #4448, 1000.000000000000000 ) ;
#1370 = FACE_OUTER_BOUND ( 'NONE', #8589, .T. ) ;
#1371 = ORIENTED_EDGE ( 'NONE', *, *, #8830, .F. ) ;
#1372 = EDGE_LOOP ( 'NONE', ( #1021, #2207, #2960, #5864 ) ) ;
#1373 = DIRECTION ( 'NONE',  ( -0.000000000000000000, -0.000000000000000000, -1.000000000000000000 ) ) ;
#1374 = DIRECTION ( 'NONE',  ( -0.000000000000000000, -0.000000000000000000, -1.000000000000000000 ) ) ;
#1375 = CARTESIAN_POINT ( 'NONE',  ( 24.11862915010152975, 5.907360397698777307E-15, -3.049999999999999822 ) ) ;
#1376 = CARTESIAN_POINT ( 'NONE',  ( 20.18137084989848873, 4.511522368914975267, -2.286000000000000032 ) ) ;
#1377 = VECTOR ( 'NONE', #6034, 1000.000000000000114 ) ;
#1378 = DIRECTION ( 'NONE',  ( 0.000000000000000000, 0.000000000000000000, 1.000000000000000000 ) ) ;
#1379 = FACE_OUTER_BOUND ( 'NONE', #2263, .T. ) ;
#1380 = VECTOR ( 'NONE', #1431, 999.9999999999998863 ) ;
#1381 = EDGE_CURVE ( 'NONE', #8257, #1608, #7774, .T. ) ;
#1383 = ADVANCED_FACE ( 'NONE', ( #2594 ), #5433, .T. ) ;
#1382 = EDGE_CURVE ( 'NONE', #713, #7875, #444, .T. ) ;
#1384 = CARTESIAN_POINT ( 'NONE',  ( 24.25000000000001066, 1.545584412271583163, -3.049999999999999822 ) ) ;
#1385 = ORIENTED_EDGE ( 'NONE', *, *, #6681, .T. ) ;
#1386 = AXIS2_PLACEMENT_3D ( 'NONE', #3594, #5741, #4389 ) ;
#1387 = DIRECTION ( 'NONE',  ( 0.000000000000000000, 0.000000000000000000, 1.000000000000000000 ) ) ;
#1388 = VERTEX_POINT ( 'NONE', #4309 ) ;
#1389 = CIRCLE ( 'NONE', #6008, 3.175000000000000711 ) ;
#1390 = LINE ( 'NONE', #4878, #5699 ) ;
#1391 = VECTOR ( 'NONE', #4017, 1000.000000000000000 ) ;
#1392 = ORIENTED_EDGE ( 'NONE', *, *, #1723, .F. ) ;
#1393 = CARTESIAN_POINT ( 'NONE',  ( -9.881168959186963363, 11.55000000000000071, 2.286000000000000032 ) ) ;
#1394 = LINE ( 'NONE', #7112, #6032 ) ;
#1395 = CARTESIAN_POINT ( 'NONE',  ( 19.05000000000001137, 6.349999999999999645, 2.286000000000000032 ) ) ;
#1396 = CARTESIAN_POINT ( 'NONE',  ( -19.05000000000001137, -6.349999999999999645, 2.286000000000000032 ) ) ;
#1397 = EDGE_CURVE ( 'NONE', #4677, #658, #3569, .T. ) ;
#1398 = CIRCLE ( 'NONE', #1249, 3.175000000000007816 ) ;
#1399 = CIRCLE ( 'NONE', #6615, 3.175000000000000711 ) ;
#1400 = FACE_OUTER_BOUND ( 'NONE', #6112, .T. ) ;
#1401 = CARTESIAN_POINT ( 'NONE',  ( 7.242839005723394230, 10.17913218578976675, 12.75494800607207146 ) ) ;
#1402 = CARTESIAN_POINT ( 'NONE',  ( 6.098899953120925588, -11.14122073372837995, 3.084225627802476666 ) ) ;
#1403 = ORIENTED_EDGE ( 'NONE', *, *, #5912, .F. ) ;
#1404 = ORIENTED_EDGE ( 'NONE', *, *, #3154, .F. ) ;
#1405 = VECTOR ( 'NONE', #2402, 1000.000000000000000 ) ;
#1406 = CIRCLE ( 'NONE', #6621, 3.175000000000007816 ) ;
#1407 = LINE ( 'NONE', #2100, #7779 ) ;
#1408 = VECTOR ( 'NONE', #6536, 1000.000000000000114 ) ;
#1409 = ORIENTED_EDGE ( 'NONE', *, *, #4143, .F. ) ;
#1410 = CARTESIAN_POINT ( 'NONE',  ( 17.18650298521228947, 8.920603795974265893, 2.286000000000000032 ) ) ;
#1411 = ORIENTED_EDGE ( 'NONE', *, *, #653, .F. ) ;
#1412 = DIRECTION ( 'NONE',  ( -1.000000000000000000, 0.000000000000000000, 0.000000000000000000 ) ) ;
#1413 = AXIS2_PLACEMENT_3D ( 'NONE', #546, #8358, #8280 ) ;
#1414 = CARTESIAN_POINT ( 'NONE',  ( -8.700667146604020630, 12.46361163661696914, 3.754241512797784619 ) ) ;
#1415 = CARTESIAN_POINT ( 'NONE',  ( 19.05000000000001137, -6.349999999999999645, -1.000000000000000000 ) ) ;
#1416 = VECTOR ( 'NONE', #2967, 1000.000000000000000 ) ;
#1417 = DIRECTION ( 'NONE',  ( 1.000000000000000000, 0.000000000000000000, -0.000000000000000000 ) ) ;
#1418 = ORIENTED_EDGE ( 'NONE', *, *, #7136, .F. ) ;
#1419 = LINE ( 'NONE', #581, #6747 ) ;
#1420 = ORIENTED_EDGE ( 'NONE', *, *, #9076, .T. ) ;
#1421 = ORIENTED_EDGE ( 'NONE', *, *, #4347, .T. ) ;
#1422 = CARTESIAN_POINT ( 'NONE',  ( 0.000000000000000000, 0.000000000000000000, 3.049999999999999822 ) ) ;
#1423 = ORIENTED_EDGE ( 'NONE', *, *, #7593, .T. ) ;
#1424 = ORIENTED_EDGE ( 'NONE', *, *, #4641, .T. ) ;
#1425 = CARTESIAN_POINT ( 'NONE',  ( 19.05000000000001137, -6.349999999999999645, 1.000000000000000000 ) ) ;
#1426 = EDGE_CURVE ( 'NONE', #5755, #4267, #872, .T. ) ;
#1427 = LINE ( 'NONE', #7000, #7671 ) ;
#1428 = CARTESIAN_POINT ( 'NONE',  ( 22.35636464127575707, -10.36347142246229502, 2.286000000000000032 ) ) ;
#1429 = CARTESIAN_POINT ( 'NONE',  ( -13.14289321881346062, 11.55000000000000071, 3.049999999999999822 ) ) ;
#1430 = DIRECTION ( 'NONE',  ( 1.000000000000000000, 0.000000000000000000, -0.000000000000000000 ) ) ;
#1431 = DIRECTION ( 'NONE',  ( 0.7071067811865472397, -0.7071067811865479058, 0.000000000000000000 ) ) ;
#1432 = VECTOR ( 'NONE', #3680, 1000.000000000000000 ) ;
#1433 = LINE ( 'NONE', #4266, #345 ) ;
#1434 = VERTEX_POINT ( 'NONE', #7101 ) ;
#1435 = CARTESIAN_POINT ( 'NONE',  ( 17.18650298521228947, -3.779396204025733397, -2.286000000000000032 ) ) ;
#1436 = ORIENTED_EDGE ( 'NONE', *, *, #7068, .F. ) ;
#1437 = CARTESIAN_POINT ( 'NONE',  ( 7.115400157519711222, -10.01731424083777533, 13.31173150231344415 ) ) ;
#1438 = EDGE_CURVE ( 'NONE', #8074, #1194, #7899, .T. ) ;
#1439 = ORIENTED_EDGE ( 'NONE', *, *, #9001, .F. ) ;
#1441 = EDGE_CURVE ( 'NONE', #6424, #903, #6888, .T. ) ;
#1440 = EDGE_CURVE ( 'NONE', #3837, #6684, #5695, .T. ) ;
#1442 = DIRECTION ( 'NONE',  ( 0.000000000000000000, 1.000000000000000000, 0.000000000000000000 ) ) ;
#1443 = LINE ( 'NONE', #2143, #3806 ) ;
#1444 = DIRECTION ( 'NONE',  ( 0.7071067811865477948, 0.7071067811865473507, 0.000000000000000000 ) ) ;
#1445 = CARTESIAN_POINT ( 'NONE',  ( 6.595342854572496805, 9.420798938022160840, 14.55000000000000782 ) ) ;
#1446 = DIRECTION ( 'NONE',  ( -0.000000000000000000, -0.000000000000000000, -1.000000000000000000 ) ) ;
#1447 = LINE ( 'NONE', #1490, #2126 ) ;
#1448 = ORIENTED_EDGE ( 'NONE', *, *, #3492, .F. ) ;
#1449 = ORIENTED_EDGE ( 'NONE', *, *, #715, .F. ) ;
#1450 = EDGE_LOOP ( 'NONE', ( #161, #1492, #6115, #841 ) ) ;
#1452 = EDGE_CURVE ( 'NONE', #6982, #6701, #49, .T. ) ;
#1451 = EDGE_CURVE ( 'NONE', #1788, #7984, #6881, .T. ) ;
#1453 = VERTEX_POINT ( 'NONE', #3670 ) ;
#1454 = PLANE ( 'NONE',  #30 ) ;
#1455 = CARTESIAN_POINT ( 'NONE',  ( -6.896393172669165850, 10.66457197574896654, 3.748308195063465575 ) ) ;
#1456 = ORIENTED_EDGE ( 'NONE', *, *, #4673, .T. ) ;
#1457 = FACE_OUTER_BOUND ( 'NONE', #1450, .T. ) ;
#1458 = EDGE_LOOP ( 'NONE', ( #747, #3286, #8424, #1956, #2578, #8432 ) ) ;
#1459 = PLANE ( 'NONE',  #346 ) ;
#1460 = ADVANCED_FACE ( 'NONE', ( #8698 ), #8644, .T. ) ;
#1461 = CARTESIAN_POINT ( 'NONE',  ( -8.237103329446096467, 12.77584974910000071, 3.224288940051753372 ) ) ;
#1462 = PLANE ( 'NONE',  #4520 ) ;
#1463 = CARTESIAN_POINT ( 'NONE',  ( 20.88847763108504196, 7.481370849898480557, -2.286000000000000032 ) ) ;
#1464 = ORIENTED_EDGE ( 'NONE', *, *, #8659, .F. ) ;
#1465 = DIRECTION ( 'NONE',  ( -0.000000000000000000, -0.000000000000000000, -1.000000000000000000 ) ) ;
#1466 = ORIENTED_EDGE ( 'NONE', *, *, #3853, .T. ) ;
#1467 = VERTEX_POINT ( 'NONE', #91 ) ;
#1468 = DIRECTION ( 'NONE',  ( -0.7071067811865474617, 0.7071067811865476838, 0.000000000000000000 ) ) ;
#1469 = ORIENTED_EDGE ( 'NONE', *, *, #4853, .T. ) ;
#1470 = ORIENTED_EDGE ( 'NONE', *, *, #8622, .F. ) ;
#1471 = CARTESIAN_POINT ( 'NONE',  ( 25.75355339059328585, -0.3535533905932872756, -1.000000000000000000 ) ) ;
#1472 = CARTESIAN_POINT ( 'NONE',  ( -19.05000000000001137, 11.55000000000000071, 1.000000000000000000 ) ) ;
#1473 = CARTESIAN_POINT ( 'NONE',  ( 9.019902330255101575, 12.23555549275325127, 8.230599130153697374 ) ) ;
#1474 = DIRECTION ( 'NONE',  ( 1.000000000000000000, -1.912293595564983661E-15, 0.000000000000000000 ) ) ;
#1475 = DIRECTION ( 'NONE',  ( 0.7071067811865513475, -0.7071067811865436870, 0.000000000000000000 ) ) ;
#1476 = FACE_OUTER_BOUND ( 'NONE', #8546, .T. ) ;
#1477 = EDGE_LOOP ( 'NONE', ( #1692, #3573, #1790, #3515, #6599, #5601, #2212, #7349, #5609, #3703 ) ) ;
#1478 = CARTESIAN_POINT ( 'NONE',  ( 9.973866363105875266, 7.197781147806708191, 15.34958134975580535 ) ) ;
#1479 = ORIENTED_EDGE ( 'NONE', *, *, #1048, .T. ) ;
#1480 = DIRECTION ( 'NONE',  ( 1.000000000000000000, 0.000000000000000000, 0.000000000000000000 ) ) ;
#1481 = ORIENTED_EDGE ( 'NONE', *, *, #2132, .T. ) ;
#1482 = CARTESIAN_POINT ( 'NONE',  ( 12.34644660940673866, -0.3535533905932768395, 1.000000000000000000 ) ) ;
#1483 = DIRECTION ( 'NONE',  ( -0.000000000000000000, -0.000000000000000000, -1.000000000000000000 ) ) ;
#1484 = FACE_OUTER_BOUND ( 'NONE', #1287, .T. ) ;
#1485 = LINE ( 'NONE', #51, #8982 ) ;
#1486 = EDGE_CURVE ( 'NONE', #184, #1240, #2876, .T. ) ;
#1488 = EDGE_CURVE ( 'NONE', #4613, #5598, #6549, .T. ) ;
#1487 = EDGE_CURVE ( 'NONE', #3067, #5705, #1800, .T. ) ;
#1489 = DIRECTION ( 'NONE',  ( 1.000000000000000000, 0.000000000000000000, 0.000000000000000000 ) ) ;
#1490 = CARTESIAN_POINT ( 'NONE',  ( -17.21152236891498788, -5.218629150101523173, 2.286000000000000032 ) ) ;
#1491 = CARTESIAN_POINT ( 'NONE',  ( 6.799133513158307274, -10.72684099295853599, 3.592487606861683780 ) ) ;
#1492 = ORIENTED_EDGE ( 'NONE', *, *, #2979, .F. ) ;
#1493 = EDGE_LOOP ( 'NONE', ( #392, #2022, #9071, #1700, #3814 ) ) ;
#1494 = VERTEX_POINT ( 'NONE', #7855 ) ;
#1495 = DESIGN_CONTEXT ( 'detailed design', #2016, 'design' ) ;
#1496 = DIRECTION ( 'NONE',  ( 0.7071067811865516806, 0.7071067811865434649, -0.000000000000000000 ) ) ;
#1497 = AXIS2_PLACEMENT_3D ( 'NONE', #2274, #7963, #879 ) ;
#1498 = ADVANCED_FACE ( 'NONE', ( #132 ), #5113, .T. ) ;
#1500 = ADVANCED_FACE ( 'NONE', ( #8140 ), #7476, .F. ) ;
#1499 = EDGE_CURVE ( 'NONE', #2359, #7269, #4909, .T. ) ;
#1501 = CARTESIAN_POINT ( 'NONE',  ( -7.082604687307163083, 10.54166907872512660, 4.288454982080312838 ) ) ;
#1502 = ORIENTED_EDGE ( 'NONE', *, *, #2756, .F. ) ;
#1503 = VECTOR ( 'NONE', #845, 1000.000000000000000 ) ;
#1504 = APPROVAL_STATUS ( 'not_yet_approved' ) ;
#1505 = ORIENTED_EDGE ( 'NONE', *, *, #7253, .F. ) ;
#1506 = FACE_OUTER_BOUND ( 'NONE', #3533, .T. ) ;
#1507 = FACE_OUTER_BOUND ( 'NONE', #12, .T. ) ;
#1508 = CARTESIAN_POINT ( 'NONE',  ( 24.25000000000001066, 6.349999999999999645, 1.000000000000000000 ) ) ;
#1509 = AXIS2_PLACEMENT_3D ( 'NONE', #8810, #6635, #297 ) ;
#1510 = LINE ( 'NONE', #7235, #7773 ) ;
#1511 = EDGE_CURVE ( 'NONE', #117, #7922, #2458, .T. ) ;
#1512 = ORIENTED_EDGE ( 'NONE', *, *, #5995, .F. ) ;
#1513 = CARTESIAN_POINT ( 'NONE',  ( 0.000000000000000000, 0.000000000000000000, -1.000000000000000000 ) ) ;
#1514 = ORIENTED_EDGE ( 'NONE', *, *, #7065, .F. ) ;
#1515 = ORIENTED_EDGE ( 'NONE', *, *, #5538, .T. ) ;
#1516 = AXIS2_PLACEMENT_3D ( 'NONE', #6879, #505, #2514 ) ;
#1517 = PLANE ( 'NONE',  #4792 ) ;
#1518 = VERTEX_POINT ( 'NONE', #8177 ) ;
#1519 = ORIENTED_EDGE ( 'NONE', *, *, #9003, .T. ) ;
#1520 = DIRECTION ( 'NONE',  ( 0.7071067811865482389, -0.7071067811865469066, 0.000000000000000000 ) ) ;
#1521 = CIRCLE ( 'NONE', #6722, 15.19999999999999929 ) ;
#1522 = LINE ( 'NONE', #2966, #8807 ) ;
#1523 = CARTESIAN_POINT ( 'NONE',  ( 19.05000000000001137, -6.349999999999999645, 2.286000000000000032 ) ) ;
#1524 = CARTESIAN_POINT ( 'NONE',  ( 0.000000000000000000, 0.000000000000000000, 15.75000000000000000 ) ) ;
#1525 = LINE ( 'NONE', #7900, #1380 ) ;
#1526 = AXIS2_PLACEMENT_3D ( 'NONE', #2517, #9025, #3905 ) ;
#1527 = AXIS2_PLACEMENT_3D ( 'NONE', #7470, #3974, #7518 ) ;
#1528 = CARTESIAN_POINT ( 'NONE',  ( -8.605724036130206756, -12.52935589358517632, 3.596007646933533586 ) ) ;
#1529 = VERTEX_POINT ( 'NONE', #8828 ) ;
#1530 = LINE ( 'NONE', #2884, #7726 ) ;
#1531 = ORIENTED_EDGE ( 'NONE', *, *, #5980, .F. ) ;
#1532 = CARTESIAN_POINT ( 'NONE',  ( 7.338820554675499430, -10.36492705552105953, 11.30038463814561567 ) ) ;
#1533 = VECTOR ( 'NONE', #96, 1000.000000000000000 ) ;
#1534 = VERTEX_POINT ( 'NONE', #1051 ) ;
#1535 = FACE_OUTER_BOUND ( 'NONE', #2188, .T. ) ;
#1536 = CYLINDRICAL_SURFACE ( 'NONE', #9141, 5.200000000000000178 ) ;
#1537 = VECTOR ( 'NONE', #7934, 1000.000000000000000 ) ;
#1538 = CARTESIAN_POINT ( 'NONE',  ( -16.95000000000000995, 6.349999999999999645, 1.000000000000000000 ) ) ;
#1539 = CARTESIAN_POINT ( 'NONE',  ( -21.62060379597427229, -4.486502985212283967, 2.286000000000000032 ) ) ;
#1540 = VECTOR ( 'NONE', #1544, 1000.000000000000000 ) ;
#1541 = CARTESIAN_POINT ( 'NONE',  ( 15.10488494811827564, 1.697778166931711130, 2.286000000000000032 ) ) ;
#1542 = VECTOR ( 'NONE', #3555, 1000.000000000000000 ) ;
#1543 = AXIS2_PLACEMENT_3D ( 'NONE', #775, #8004, #2824 ) ;
#1544 = DIRECTION ( 'NONE',  ( 0.000000000000000000, 0.000000000000000000, 1.000000000000000000 ) ) ;
#1545 = ORIENTED_EDGE ( 'NONE', *, *, #2690, .F. ) ;
#1546 = VERTEX_POINT ( 'NONE', #3890 ) ;
#1547 = B_SPLINE_CURVE_WITH_KNOTS ( 'NONE', 3,
 ( #3526, #7057, #5662, #2825, #4872, #731, #2039, #6365, #6320, #4216, #7708, #9154, #2781, #2127 ),
 .UNSPECIFIED., .F., .F.,
 ( 4, 2, 2, 2, 2, 2, 4 ),
 ( 4.252726876253797924E-17, 0.0002883918124112554941, 0.0005767836248224684874, 0.0008651754372336814807, 0.001153567249644894474, 0.001730350874467323496, 0.002307134499289752519 ),
 .UNSPECIFIED. ) ;
#1548 = EDGE_LOOP ( 'NONE', ( #5478, #1585, #5916, #5126 ) ) ;
#1549 = AXIS2_PLACEMENT_3D ( 'NONE', #1640, #5353, #5274 ) ;
#1550 = ADVANCED_FACE ( 'NONE', ( #2541 ), #55, .F. ) ;
#1551 = CARTESIAN_POINT ( 'NONE',  ( -19.05000000000001137, 6.349999999999999645, -1.000000000000000000 ) ) ;
#1552 = VECTOR ( 'NONE', #7546, 999.9999999999998863 ) ;
#1553 = VECTOR ( 'NONE', #5130, 999.9999999999998863 ) ;
#1554 = DIRECTION ( 'NONE',  ( 0.000000000000000000, 0.000000000000000000, 1.000000000000000000 ) ) ;
#1555 = VERTEX_POINT ( 'NONE', #3115 ) ;
#1556 = DATE_AND_TIME ( #7931, #5684 ) ;
#1557 = ORIENTED_EDGE ( 'NONE', *, *, #5761, .T. ) ;
#1558 = CIRCLE ( 'NONE', #3190, 3.175000000000007816 ) ;
#1559 = VECTOR ( 'NONE', #5252, 1000.000000000000000 ) ;
#1560 = LINE ( 'NONE', #6640, #9107 ) ;
#1561 = VERTEX_POINT ( 'NONE', #3935 ) ;
#1562 = CARTESIAN_POINT ( 'NONE',  ( -25.25000000000001066, 1.131370849898481135, 3.049999999999999822 ) ) ;
#1563 = EDGE_CURVE ( 'NONE', #2449, #8098, #968, .T. ) ;
#1565 = EDGE_CURVE ( 'NONE', #4728, #2441, #4551, .T. ) ;
#1564 = EDGE_CURVE ( 'NONE', #8420, #4720, #6752, .T. ) ;
#1566 = CARTESIAN_POINT ( 'NONE',  ( 8.840045416445720505, 12.36528292158581621, 4.098298426292252827 ) ) ;
#1567 = DIRECTION ( 'NONE',  ( 0.7071067811865471286, 0.7071067811865479058, -0.000000000000000000 ) ) ;
#1568 = VECTOR ( 'NONE', #3138, 1000.000000000000000 ) ;
#1569 = EDGE_LOOP ( 'NONE', ( #8380, #212, #235, #2922 ) ) ;
#1570 = CARTESIAN_POINT ( 'NONE',  ( -7.598307058890024557, 13.16456341238943040, 3.049999999999999822 ) ) ;
#1571 = ORIENTED_EDGE ( 'NONE', *, *, #4510, .F. ) ;
#1572 = ORIENTED_EDGE ( 'NONE', *, *, #7882, .F. ) ;
#1573 = CARTESIAN_POINT ( 'NONE',  ( 0.000000000000000000, 0.000000000000000000, 3.049999999999999822 ) ) ;
#1574 = EDGE_LOOP ( 'NONE', ( #7122, #5035, #1589, #6472 ) ) ;
#1575 = AXIS2_PLACEMENT_3D ( 'NONE', #415, #451, #6829 ) ;
#1576 = VERTEX_POINT ( 'NONE', #6655 ) ;
#1577 = CARTESIAN_POINT ( 'NONE',  ( 19.40355339059328443, 5.996446609406725692, 1.000000000000000000 ) ) ;
#1578 = EDGE_CURVE ( 'NONE', #6368, #4474, #6041, .T. ) ;
#1579 = PLANE ( 'NONE',  #8658 ) ;
#1580 = DIRECTION ( 'NONE',  ( -0.7071067811865477948, 0.7071067811865473507, 0.000000000000000000 ) ) ;
#1581 = DIRECTION ( 'NONE',  ( -0.7064337722128889441, -0.7064337722128954944, 0.04361938736533609723 ) ) ;
#1582 = DIRECTION ( 'NONE',  ( 0.000000000000000000, 0.000000000000000000, 1.000000000000000000 ) ) ;
#1583 = VECTOR ( 'NONE', #427, 1000.000000000000000 ) ;
#1584 = CARTESIAN_POINT ( 'NONE',  ( 23.06347142246230320, 9.656364641275747118, 1.000000000000000000 ) ) ;
#1585 = ORIENTED_EDGE ( 'NONE', *, *, #4739, .T. ) ;
#1586 = FACE_OUTER_BOUND ( 'NONE', #7890, .T. ) ;
#1587 = ORIENTED_EDGE ( 'NONE', *, *, #5323, .T. ) ;
#1588 = FACE_OUTER_BOUND ( 'NONE', #1600, .T. ) ;
#1589 = ORIENTED_EDGE ( 'NONE', *, *, #2885, .F. ) ;
#1590 = EDGE_CURVE ( 'NONE', #117, #8579, #5411, .T. ) ;
#1591 = DIRECTION ( 'NONE',  ( 1.000000000000000000, 0.000000000000000000, -0.000000000000000000 ) ) ;
#1592 = CARTESIAN_POINT ( 'NONE',  ( 24.25000000000001066, -1.545584412271583830, 3.049999999999999822 ) ) ;
#1593 = AXIS2_PLACEMENT_3D ( 'NONE', #5348, #1115, #2648 ) ;
#1594 = LINE ( 'NONE', #3723, #1055 ) ;
#1595 = CARTESIAN_POINT ( 'NONE',  ( -1.767766952966367766, 1.767766952966361105, 3.049999999999999822 ) ) ;
#1596 = CYLINDRICAL_SURFACE ( 'NONE', #3448, 6.200000000000001066 ) ;
#1597 = DIRECTION ( 'NONE',  ( 0.000000000000000000, 0.000000000000000000, -1.000000000000000000 ) ) ;
#1598 = ORIENTED_EDGE ( 'NONE', *, *, #6, .F. ) ;
#1599 = EDGE_LOOP ( 'NONE', ( #6401, #7286, #1449, #7624 ) ) ;
#1600 = EDGE_LOOP ( 'NONE', ( #4919, #5198, #839, #8265, #1673 ) ) ;
#1601 = LINE ( 'NONE', #3830, #2622 ) ;
#1602 = CARTESIAN_POINT ( 'NONE',  ( 19.05000000000001137, 11.55000000000000071, -3.049999999999999822 ) ) ;
#1603 = CARTESIAN_POINT ( 'NONE',  ( -20.18137084989848873, -4.511522368914975267, 2.286000000000000032 ) ) ;
#1604 = ORIENTED_EDGE ( 'NONE', *, *, #8721, .F. ) ;
#1605 = EDGE_CURVE ( 'NONE', #8233, #5810, #3624, .T. ) ;
#1606 = ORIENTED_EDGE ( 'NONE', *, *, #8390, .F. ) ;
#1607 = CARTESIAN_POINT ( 'NONE',  ( -1.723477518430375000, 1.723477518430332589, 4.484570918951995999 ) ) ;
#1608 = VERTEX_POINT ( 'NONE', #913 ) ;
#1609 = DIRECTION ( 'NONE',  ( 1.000000000000000000, 5.337610695313252173E-15, 0.000000000000000000 ) ) ;
#1610 = CARTESIAN_POINT ( 'NONE',  ( -19.05000000000001137, 12.55000000000000071, 3.049999999999999822 ) ) ;
#1611 = CARTESIAN_POINT ( 'NONE',  ( 24.25000000000001066, -1.857106781186541600, -1.000000000000000000 ) ) ;
#1612 = ORIENTED_EDGE ( 'NONE', *, *, #6050, .T. ) ;
#1613 = EDGE_CURVE ( 'NONE', #4598, #8495, #6735, .T. ) ;
#1615 = EDGE_CURVE ( 'NONE', #8509, #2844, #3243, .T. ) ;
#1614 = ADVANCED_FACE ( 'NONE', ( #4630 ), #4681, .F. ) ;
#1616 = DIRECTION ( 'NONE',  ( 1.000000000000000000, 0.000000000000000000, 0.000000000000000000 ) ) ;
#1617 = ORIENTED_EDGE ( 'NONE', *, *, #4197, .F. ) ;
#1618 = ORIENTED_EDGE ( 'NONE', *, *, #1218, .F. ) ;
#1619 = DIRECTION ( 'NONE',  ( 0.000000000000000000, 0.000000000000000000, 1.000000000000000000 ) ) ;
#1620 = ORIENTED_EDGE ( 'NONE', *, *, #7638, .T. ) ;
#1621 = DIRECTION ( 'NONE',  ( 0.7071067811865469066, 0.7071067811865482389, -0.000000000000000000 ) ) ;
#1622 = DIRECTION ( 'NONE',  ( 0.000000000000000000, 0.000000000000000000, 1.000000000000000000 ) ) ;
#1623 = CARTESIAN_POINT ( 'NONE',  ( -7.008640439546450551, -10.59106589315226721, 4.009997168972566861 ) ) ;
#1624 = CARTESIAN_POINT ( 'NONE',  ( 9.919192062585073799, 7.033815409179283940, 13.57956192592527245 ) ) ;
#1625 = CARTESIAN_POINT ( 'NONE',  ( 14.91623517531649412, 2.923341956503026307, -1.000000000000000000 ) ) ;
#1627 = ADVANCED_FACE ( 'NONE', ( #8914 ), #5378, .F. ) ;
#1626 = EDGE_CURVE ( 'NONE', #530, #3789, #6079, .T. ) ;
#1628 = CARTESIAN_POINT ( 'NONE',  ( -7.767182078669180534, -13.06709232925037867, 3.050000000000000266 ) ) ;
#1629 = ORIENTED_EDGE ( 'NONE', *, *, #6795, .T. ) ;
#1630 = DIRECTION ( 'NONE',  ( -0.7071067811865474617, -0.7071067811865474617, 0.000000000000000000 ) ) ;
#1631 = ORIENTED_EDGE ( 'NONE', *, *, #6025, .F. ) ;
#1632 = CARTESIAN_POINT ( 'NONE',  ( -11.44336622548373050, -10.00446747355692523, 4.049999999999999822 ) ) ;
#1633 = ORIENTED_EDGE ( 'NONE', *, *, #3373, .F. ) ;
#1634 = DIRECTION ( 'NONE',  ( 0.7071067811865474617, 0.7071067811865474617, 0.000000000000000000 ) ) ;
#1635 = DIRECTION ( 'NONE',  ( -0.000000000000000000, -0.000000000000000000, -1.000000000000000000 ) ) ;
#1636 = DIRECTION ( 'NONE',  ( 0.000000000000000000, 0.000000000000000000, 1.000000000000000000 ) ) ;
#1637 = DIRECTION ( 'NONE',  ( 1.000000000000000000, 0.000000000000000000, 0.000000000000000000 ) ) ;
#1638 = EDGE_CURVE ( 'NONE', #481, #7984, #6603, .T. ) ;
#1639 = CARTESIAN_POINT ( 'NONE',  ( 17.18650298521228947, -3.779396204025733841, 2.286000000000000032 ) ) ;
#1640 = CARTESIAN_POINT ( 'NONE',  ( -19.05000000000001137, 6.349999999999999645, 3.049999999999999822 ) ) ;
#1641 = DIRECTION ( 'NONE',  ( 1.000000000000000000, 8.881784197001252323E-16, 0.000000000000000000 ) ) ;
#1642 = VERTEX_POINT ( 'NONE', #3977 ) ;
#1643 = VECTOR ( 'NONE', #1123, 1000.000000000000000 ) ;
#1644 = VERTEX_POINT ( 'NONE', #2720 ) ;
#1645 = DIRECTION ( 'NONE',  ( -0.000000000000000000, 0.000000000000000000, 1.000000000000000000 ) ) ;
#1646 = DIRECTION ( 'NONE',  ( 0.000000000000000000, 1.000000000000000000, 0.000000000000000000 ) ) ;
#1647 = ORIENTED_EDGE ( 'NONE', *, *, #1613, .T. ) ;
#1648 = VERTEX_POINT ( 'NONE', #1233 ) ;
#1649 = CARTESIAN_POINT ( 'NONE',  ( 11.32123086714778637, -5.754974513648186019, 3.049999999999999822 ) ) ;
#1650 = EDGE_LOOP ( 'NONE', ( #3761, #2709, #384, #473 ) ) ;
#1651 = CARTESIAN_POINT ( 'NONE',  ( 14.55710678118654933, -11.55000000000000071, -2.286000000000000032 ) ) ;
#1652 = CARTESIAN_POINT ( 'NONE',  ( -17.21152236891498788, -5.218629150101523173, -2.286000000000000032 ) ) ;
#1653 = ORIENTED_EDGE ( 'NONE', *, *, #8391, .F. ) ;
#1654 = DIRECTION ( 'NONE',  ( -0.7071067811865526798, -0.7071067811865422437, 0.000000000000000000 ) ) ;
#1655 = ORIENTED_EDGE ( 'NONE', *, *, #8152, .F. ) ;
#1656 = EDGE_LOOP ( 'NONE', ( #5345, #4709, #6827, #4903 ) ) ;
#1657 = DIRECTION ( 'NONE',  ( -1.000000000000000000, 0.000000000000000000, 0.000000000000000000 ) ) ;
#1658 = ORIENTED_EDGE ( 'NONE', *, *, #5026, .F. ) ;
#1659 = LINE ( 'NONE', #1577, #661 ) ;
#1660 = VECTOR ( 'NONE', #7503, 1000.000000000000000 ) ;
#1661 = DIRECTION ( 'NONE',  ( 1.000000000000000000, -1.912293595564983661E-15, 0.000000000000000000 ) ) ;
#1662 = CARTESIAN_POINT ( 'NONE',  ( -6.416491425511811286, -10.96135876641043261, 3.222038651699647094 ) ) ;
#1663 = CARTESIAN_POINT ( 'NONE',  ( 10.33061548860846202, 7.341138793373278126, 11.89361928255150858 ) ) ;
#1664 = EDGE_CURVE ( 'NONE', #7975, #4956, #3377, .T. ) ;
#1665 = EDGE_CURVE ( 'NONE', #1194, #3837, #8975, .T. ) ;
#1666 = CARTESIAN_POINT ( 'NONE',  ( 17.21152236891498788, -7.481370849898473452, -2.286000000000000032 ) ) ;
#1667 = VECTOR ( 'NONE', #5546, 1000.000000000000114 ) ;
#1668 = VECTOR ( 'NONE', #1777, 1000.000000000000000 ) ;
#1669 = CARTESIAN_POINT ( 'NONE',  ( 14.55710678118655643, 11.55000000000000071, 2.286000000000000032 ) ) ;
#1670 = VERTEX_POINT ( 'NONE', #2673 ) ;
#1671 = CONICAL_SURFACE ( 'NONE', #5385, 14.19999999999999751, 0.04363323129985833410 ) ;
#1672 = DIRECTION ( 'NONE',  ( 1.000000000000000000, -0.000000000000000000, -0.000000000000000000 ) ) ;
#1673 = ORIENTED_EDGE ( 'NONE', *, *, #6622, .F. ) ;
#1674 = DIRECTION ( 'NONE',  ( 0.000000000000000000, 0.000000000000000000, 1.000000000000000000 ) ) ;
#1675 = ORIENTED_EDGE ( 'NONE', *, *, #7822, .T. ) ;
#1676 = LINE ( 'NONE', #3123, #1432 ) ;
#1677 = DIRECTION ( 'NONE',  ( -0.000000000000000000, -0.000000000000000000, -1.000000000000000000 ) ) ;
#1678 = VECTOR ( 'NONE', #2478, 1000.000000000000000 ) ;
#1679 = EDGE_CURVE ( 'NONE', #8639, #6972, #8683, .T. ) ;
#1680 = FACE_OUTER_BOUND ( 'NONE', #7818, .T. ) ;
#1682 = EDGE_CURVE ( 'NONE', #4356, #5480, #8271, .T. ) ;
#1681 = ADVANCED_FACE ( 'NONE', ( #3282 ), #4067, .F. ) ;
#1683 = CARTESIAN_POINT ( 'NONE',  ( -19.05000000000001137, 6.349999999999999645, 2.286000000000000032 ) ) ;
#1684 = CIRCLE ( 'NONE', #3605, 15.19999999999998863 ) ;
#1685 = DIRECTION ( 'NONE',  ( 1.000000000000000000, 0.000000000000000000, 0.000000000000000000 ) ) ;
#1686 = PRODUCT_DEFINITION_FORMATION_WITH_SPECIFIED_SOURCE ( 'ANY', '', #690, .NOT_KNOWN. ) ;
#1687 = AXIS2_PLACEMENT_3D ( 'NONE', #2272, #5210, #971 ) ;
#1688 = DIRECTION ( 'NONE',  ( -1.000000000000000000, -4.553079989440435000E-17, 0.000000000000000000 ) ) ;
#1689 = CARTESIAN_POINT ( 'NONE',  ( -24.25000000000001066, 6.349999999999999645, 1.000000000000000000 ) ) ;
#1690 = ORIENTED_EDGE ( 'NONE', *, *, #1563, .T. ) ;
#1691 = VECTOR ( 'NONE', #907, 1000.000000000000000 ) ;
#1692 = ORIENTED_EDGE ( 'NONE', *, *, #4510, .T. ) ;
#1693 = LINE ( 'NONE', #7979, #7519 ) ;
#1694 = CARTESIAN_POINT ( 'NONE',  ( -25.75355339059328585, -0.3535533905932759513, -1.000000000000000000 ) ) ;
#1695 = EDGE_CURVE ( 'NONE', #300, #8692, #576, .T. ) ;
#1696 = VECTOR ( 'NONE', #4154, 1000.000000000000000 ) ;
#1697 = VECTOR ( 'NONE', #8486, 1000.000000000000000 ) ;
#1698 = AXIS2_PLACEMENT_3D ( 'NONE', #8500, #9197, #1474 ) ;
#1699 = DIRECTION ( 'NONE',  ( 1.000000000000000000, 0.000000000000000000, -0.000000000000000000 ) ) ;
#1700 = ORIENTED_EDGE ( 'NONE', *, *, #5024, .F. ) ;
#1701 = ORIENTED_EDGE ( 'NONE', *, *, #4217, .T. ) ;
#1702 = AXIS2_PLACEMENT_3D ( 'NONE', #4651, #3994, #6836 ) ;
#1703 = ORIENTED_EDGE ( 'NONE', *, *, #4750, .T. ) ;
#1704 = VECTOR ( 'NONE', #8652, 1000.000000000000000 ) ;
#1705 = DIRECTION ( 'NONE',  ( 0.7064337722128883890, 0.7064337722128959385, 0.04361938736533609029 ) ) ;
#1706 = AXIS2_PLACEMENT_3D ( 'NONE', #4950, #4250, #719 ) ;
#1707 = CARTESIAN_POINT ( 'NONE',  ( -3.469446951953614189E-14, -1.155557966632253931E-30, 4.049999999999999822 ) ) ;
#1708 = AXIS2_PLACEMENT_3D ( 'NONE', #129, #3807, #5298 ) ;
#1709 = ORIENTED_EDGE ( 'NONE', *, *, #5946, .T. ) ;
#1710 = VECTOR ( 'NONE', #1908, 1000.000000000000000 ) ;
#1711 = DIRECTION ( 'NONE',  ( 0.7071067811865474617, -0.7071067811865476838, 0.000000000000000000 ) ) ;
#1712 = ORIENTED_EDGE ( 'NONE', *, *, #7347, .F. ) ;
#1713 = VERTEX_POINT ( 'NONE', #6819 ) ;
#1714 = FACE_OUTER_BOUND ( 'NONE', #958, .T. ) ;
#1715 = ORIENTED_EDGE ( 'NONE', *, *, #6559, .T. ) ;
#1716 = DIRECTION ( 'NONE',  ( -0.000000000000000000, -0.000000000000000000, -1.000000000000000000 ) ) ;
#1717 = CARTESIAN_POINT ( 'NONE',  ( 10.53679841599595868, 7.089843379135053247, 4.484570918952032414 ) ) ;
#1718 = CIRCLE ( 'NONE', #3200, 5.200000000000000178 ) ;
#1719 = CARTESIAN_POINT ( 'NONE',  ( 19.05000000000001137, 6.349999999999999645, -2.286000000000000032 ) ) ;
#1720 = CARTESIAN_POINT ( 'NONE',  ( 10.55101945876474900, 8.919575398786657061, 11.85003360449440102 ) ) ;
#1721 = ORIENTED_EDGE ( 'NONE', *, *, #8879, .F. ) ;
#1722 = AXIS2_PLACEMENT_3D ( 'NONE', #6562, #1635, #375 ) ;
#1723 = EDGE_CURVE ( 'NONE', #6379, #1713, #1933, .T. ) ;
#1724 = PLANE ( 'NONE',  #669 ) ;
#1725 = ORIENTED_EDGE ( 'NONE', *, *, #8045, .T. ) ;
#1726 = CARTESIAN_POINT ( 'NONE',  ( -12.33241833471676330, -8.885463297855768161, 4.484570918952039520 ) ) ;
#1727 = EDGE_LOOP ( 'NONE', ( #1762, #298, #4671, #3948, #5903, #7612, #6579, #5 ) ) ;
#1728 = CARTESIAN_POINT ( 'NONE',  ( 17.18650298521228947, 3.779396204025732953, 2.286000000000000032 ) ) ;
#1729 = CARTESIAN_POINT ( 'NONE',  ( 23.69865440327095030, 0.9942388155425216922, -2.286000000000000920 ) ) ;
#1730 = LINE ( 'NONE', #4425, #6988 ) ;
#1731 = DIRECTION ( 'NONE',  ( 0.7071067811865470176, 0.7071067811865479058, 0.000000000000000000 ) ) ;
#1732 = AXIS2_PLACEMENT_3D ( 'NONE', #7909, #4925, #7764 ) ;
#1733 = CARTESIAN_POINT ( 'NONE',  ( -24.25000000000001066, 1.545584412271579167, 3.049999999999999822 ) ) ;
#1734 = EDGE_CURVE ( 'NONE', #4410, #2358, #4055, .T. ) ;
#1735 = LINE ( 'NONE', #7448, #5554 ) ;
#1738 = EDGE_CURVE ( 'NONE', #4430, #7066, #1281, .T. ) ;
#1737 = EDGE_CURVE ( 'NONE', #3272, #1644, #9008, .T. ) ;
#1736 = CARTESIAN_POINT ( 'NONE',  ( 0.000000000000000000, 0.000000000000000000, 4.049999999999999822 ) ) ;
#1739 = ORIENTED_EDGE ( 'NONE', *, *, #1857, .F. ) ;
#1740 = AXIS2_PLACEMENT_3D ( 'NONE', #1292, #6964, #8553 ) ;
#1741 = VERTEX_POINT ( 'NONE', #9088 ) ;
#1742 = CARTESIAN_POINT ( 'NONE',  ( 24.25000000000001066, -6.350000000000000533, 3.049999999999999822 ) ) ;
#1743 = CARTESIAN_POINT ( 'NONE',  ( 0.000000000000000000, 0.000000000000000000, -1.000000000000000000 ) ) ;
#1744 = AXIS2_PLACEMENT_3D ( 'NONE', #7146, #1330, #2123 ) ;
#1745 = CARTESIAN_POINT ( 'NONE',  ( 10.36492705552112525, 7.338820554675403507, 11.30038463814561567 ) ) ;
#1747 = EDGE_CURVE ( 'NONE', #4190, #1434, #1977, .T. ) ;
#1746 = EDGE_CURVE ( 'NONE', #8460, #1227, #7630, .T. ) ;
#1748 = ORIENTED_EDGE ( 'NONE', *, *, #266, .F. ) ;
#1749 = CARTESIAN_POINT ( 'NONE',  ( -22.22500000000001208, 6.349999999999999645, 2.286000000000000032 ) ) ;
#1750 = LINE ( 'NONE', #3058, #3036 ) ;
#1751 = ORIENTED_EDGE ( 'NONE', *, *, #7771, .F. ) ;
#1752 = CARTESIAN_POINT ( 'NONE',  ( -16.95000000000000995, -6.349999999999999645, 2.286000000000000032 ) ) ;
#1753 = VERTEX_POINT ( 'NONE', #4724 ) ;
#1754 = EDGE_LOOP ( 'NONE', ( #2610, #8680, #8918, #8725 ) ) ;
#1755 = DIRECTION ( 'NONE',  ( -0.000000000000000000, -0.000000000000000000, -1.000000000000000000 ) ) ;
#1756 = ORIENTED_EDGE ( 'NONE', *, *, #663, .F. ) ;
#1757 = CARTESIAN_POINT ( 'NONE',  ( -22.70441558772843393, 1.287490079826536515E-15, 3.049999999999999822 ) ) ;
#1758 = FACE_OUTER_BOUND ( 'NONE', #6568, .T. ) ;
#1759 = CARTESIAN_POINT ( 'NONE',  ( -17.91862915010153401, -8.188477631085023134, 2.286000000000000032 ) ) ;
#1760 = LINE ( 'NONE', #1666, #6308 ) ;
#1761 = CARTESIAN_POINT ( 'NONE',  ( -6.725611432804722511, -9.564990707014272786, 14.32450824590019067 ) ) ;
#1762 = ORIENTED_EDGE ( 'NONE', *, *, #2978, .T. ) ;
#1763 = DIRECTION ( 'NONE',  ( 1.000000000000000000, 0.000000000000000000, 0.000000000000000000 ) ) ;
#1764 = ORIENTED_EDGE ( 'NONE', *, *, #705, .T. ) ;
#1765 = CARTESIAN_POINT ( 'NONE',  ( 2.056696380120322853, 6.899999999999997691, -3.049999999999999822 ) ) ;
#1766 = EDGE_LOOP ( 'NONE', ( #4996, #2882, #5906, #7609 ) ) ;
#1767 = CARTESIAN_POINT ( 'NONE',  ( -20.88847763108503486, -5.218629150101524061, 2.286000000000000032 ) ) ;
#1768 = CARTESIAN_POINT ( 'NONE',  ( 20.18137084989848873, -4.511522368914976155, -2.286000000000000032 ) ) ;
#1769 = LINE ( 'NONE', #6705, #6253 ) ;
#1770 = CARTESIAN_POINT ( 'NONE',  ( 9.420798938022226565, 6.595342854572402658, 14.55000000000000782 ) ) ;
#1771 = CARTESIAN_POINT ( 'NONE',  ( -19.05000000000001137, 6.349999999999999645, -1.000000000000000000 ) ) ;
#1772 = DIRECTION ( 'NONE',  ( 1.000000000000000000, 0.000000000000000000, 0.000000000000000000 ) ) ;
#1773 = DIRECTION ( 'NONE',  ( -0.7071067811865473507, -0.7071067811865477948, 0.000000000000000000 ) ) ;
#1774 = VERTEX_POINT ( 'NONE', #8442 ) ;
#1775 = EDGE_LOOP ( 'NONE', ( #1464, #5947 ) ) ;
#1776 = CARTESIAN_POINT ( 'NONE',  ( 20.91349701478772971, -8.920603795974265893, 2.286000000000000032 ) ) ;
#1777 = DIRECTION ( 'NONE',  ( -0.000000000000000000, -0.000000000000000000, -1.000000000000000000 ) ) ;
#1778 = PLANE ( 'NONE',  #8689 ) ;
#1779 = EDGE_CURVE ( 'NONE', #5492, #7677, #8096, .T. ) ;
#1780 = EDGE_CURVE ( 'NONE', #8563, #3314, #6862, .T. ) ;
#1781 = CARTESIAN_POINT ( 'NONE',  ( 23.69865440327095030, -0.9942388155425091467, 1.000000000000000444 ) ) ;
#1782 = VERTEX_POINT ( 'NONE', #5471 ) ;
#1783 = ORIENTED_EDGE ( 'NONE', *, *, #4576, .T. ) ;
#1784 = DIRECTION ( 'NONE',  ( 0.7071067811865474617, 0.7071067811865474617, 0.000000000000000000 ) ) ;
#1785 = EDGE_CURVE ( 'NONE', #622, #8881, #617, .T. ) ;
#1787 = ADVANCED_FACE ( 'NONE', ( #7603 ), #215, .F. ) ;
#1786 = ADVANCED_FACE ( 'NONE', ( #9140 ), #8310, .T. ) ;
#1788 = VERTEX_POINT ( 'NONE', #8957 ) ;
#1789 = FACE_OUTER_BOUND ( 'NONE', #7566, .T. ) ;
#1790 = ORIENTED_EDGE ( 'NONE', *, *, #4565, .F. ) ;
#1791 = EDGE_LOOP ( 'NONE', ( #5642, #1258, #2548, #4958 ) ) ;
#1792 = DIRECTION ( 'NONE',  ( -1.000000000000000000, 0.000000000000000000, 0.000000000000000000 ) ) ;
#1793 = LINE ( 'NONE', #439, #3335 ) ;
#1794 = CARTESIAN_POINT ( 'NONE',  ( -12.34644660940673866, -0.3535533905932768395, 1.000000000000000000 ) ) ;
#1795 = DIRECTION ( 'NONE',  ( 1.000000000000000000, 0.000000000000000000, 0.000000000000000000 ) ) ;
#1796 = DIRECTION ( 'NONE',  ( 1.000000000000000000, 0.000000000000000000, 0.000000000000000000 ) ) ;
#1797 = EDGE_CURVE ( 'NONE', #4410, #6262, #5840, .T. ) ;
#1798 = CYLINDRICAL_SURFACE ( 'NONE', #2715, 3.175000000000007816 ) ;
#1799 = PLANE ( 'NONE',  #2130 ) ;
#1800 = B_SPLINE_CURVE_WITH_KNOTS ( 'NONE', 3,
 ( #2125, #5713, #8600, #5061, #3710, #2222, #730, #7202, #4361, #6405, #2926, #8555, #2177, #5017 ),
 .UNSPECIFIED., .F., .F.,
 ( 4, 2, 2, 2, 2, 2, 4 ),
 ( 0.000000000000000000, 0.0005768627563301410204, 0.0008652941344952081153, 0.001153725512660275319, 0.001442156890825342305, 0.001730588268990409509, 0.002307451025320542397 ),
 .UNSPECIFIED. ) ;
#1801 = ORIENTED_EDGE ( 'NONE', *, *, #1499, .T. ) ;
#1802 = CIRCLE ( 'NONE', #8641, 3.175000000000000711 ) ;
#1803 = DIRECTION ( 'NONE',  ( -0.000000000000000000, -1.000000000000000000, -0.000000000000000000 ) ) ;
#1804 = ORIENTED_EDGE ( 'NONE', *, *, #5304, .T. ) ;
#1805 = PLANE ( 'NONE',  #5417 ) ;
#1806 = ORIENTED_EDGE ( 'NONE', *, *, #1511, .T. ) ;
#1807 = CARTESIAN_POINT ( 'NONE',  ( -22.35636464127575707, -10.36347142246229502, 3.049999999999999822 ) ) ;
#1808 = LINE ( 'NONE', #5217, #3944 ) ;
#1809 = DIRECTION ( 'NONE',  ( -0.7071067811865482389, -0.7071067811865469066, 0.000000000000000000 ) ) ;
#1810 = DIRECTION ( 'NONE',  ( 0.000000000000000000, -0.000000000000000000, 1.000000000000000000 ) ) ;
#1811 = VECTOR ( 'NONE', #6979, 1000.000000000000000 ) ;
#1812 =( BOUNDED_CURVE ( )  B_SPLINE_CURVE ( 3, ( #2165, #2110, #3655, #902 ),
 .UNSPECIFIED., .F., .T. ) 
 B_SPLINE_CURVE_WITH_KNOTS ( ( 4, 4 ),
 ( 4.881683146464997236, 4.905505619974191767 ),
 .UNSPECIFIED. ) 
 CURVE ( )  GEOMETRIC_REPRESENTATION_ITEM ( )  RATIONAL_B_SPLINE_CURVE ( ( 1.000000000000000000, 0.9999527080388015410, 0.9999527080388015410, 1.000000000000000000 ) ) 
 REPRESENTATION_ITEM ( '' )  );
#1813 = FACE_OUTER_BOUND ( 'NONE', #5182, .T. ) ;
#1814 = DIRECTION ( 'NONE',  ( -1.000000000000000000, 0.000000000000000000, 0.000000000000000000 ) ) ;
#1815 = CYLINDRICAL_SURFACE ( 'NONE', #7436, 5.200000000000000178 ) ;
#1816 = ORIENTED_EDGE ( 'NONE', *, *, #8262, .F. ) ;
#1817 = DIRECTION ( 'NONE',  ( -1.000000000000000000, 0.000000000000000000, 0.000000000000000000 ) ) ;
#1818 = AXIS2_PLACEMENT_3D ( 'NONE', #2093, #149, #6707 ) ;
#1819 = VERTEX_POINT ( 'NONE', #6445 ) ;
#1820 = CARTESIAN_POINT ( 'NONE',  ( -9.881168959186963363, -11.55000000000000071, 3.049999999999999822 ) ) ;
#1821 = VECTOR ( 'NONE', #3150, 1000.000000000000000 ) ;
#1822 = CARTESIAN_POINT ( 'NONE',  ( 24.25000000000001066, 6.349999999999999645, 1.000000000000000000 ) ) ;
#1823 = FACE_OUTER_BOUND ( 'NONE', #6277, .T. ) ;
#1824 = AXIS2_PLACEMENT_3D ( 'NONE', #5168, #6609, #3854 ) ;
#1825 = DIRECTION ( 'NONE',  ( -0.000000000000000000, -0.000000000000000000, -1.000000000000000000 ) ) ;
#1826 = AXIS2_PLACEMENT_3D ( 'NONE', #1325, #1855, #2547 ) ;
#1827 = ORIENTED_EDGE ( 'NONE', *, *, #7483, .F. ) ;
#1828 = EDGE_CURVE ( 'NONE', #2536, #1642, #6607, .T. ) ;
#1829 = ORIENTED_EDGE ( 'NONE', *, *, #7985, .F. ) ;
#1830 = CARTESIAN_POINT ( 'NONE',  ( 0.000000000000000000, 0.000000000000000000, 15.75000000000000000 ) ) ;
#1831 = VECTOR ( 'NONE', #1654, 1000.000000000000114 ) ;
#1832 = VECTOR ( 'NONE', #3571, 1000.000000000000000 ) ;
#1833 = AXIS2_PLACEMENT_3D ( 'NONE', #2252, #2953, #5146 ) ;
#1834 = CIRCLE ( 'NONE', #2284, 15.19999999999999929 ) ;
#1835 = VERTEX_POINT ( 'NONE', #7886 ) ;
#1836 = CARTESIAN_POINT ( 'NONE',  ( 0.000000000000000000, 0.000000000000000000, 14.55000000000000782 ) ) ;
#1837 = ORIENTED_EDGE ( 'NONE', *, *, #1316, .F. ) ;
#1838 = ORIENTED_EDGE ( 'NONE', *, *, #1841, .F. ) ;
#1839 = CIRCLE ( 'NONE', #3916, 3.175000000000007816 ) ;
#1840 = VECTOR ( 'NONE', #6508, 1000.000000000000000 ) ;
#1841 = EDGE_CURVE ( 'NONE', #7241, #1139, #2371, .T. ) ;
#1842 = DIRECTION ( 'NONE',  ( 1.000000000000000000, 0.000000000000000000, 0.000000000000000000 ) ) ;
#1844 = EDGE_CURVE ( 'NONE', #8294, #4773, #7234, .T. ) ;
#1843 = ADVANCED_FACE ( 'NONE', ( #9183 ), #7790, .F. ) ;
#1845 = CARTESIAN_POINT ( 'NONE',  ( 9.849393396991292349, 11.57710886669483763, 15.75000000000000000 ) ) ;
#1846 = LINE ( 'NONE', #1794, #476 ) ;
#1847 = DIRECTION ( 'NONE',  ( -1.000000000000000000, 0.000000000000000000, 0.000000000000000000 ) ) ;
#1848 = LOCAL_TIME ( 9, 9, 35.00000000000000000, #6533 ) ;
#1849 = PLANE ( 'NONE',  #9133 ) ;
#1850 = CIRCLE ( 'NONE', #2734, 5.200000000000000178 ) ;
#1851 = AXIS2_PLACEMENT_3D ( 'NONE', #8468, #7021, #3445 ) ;
#1852 = CARTESIAN_POINT ( 'NONE',  ( 10.53679841599596223, -7.089843379135039925, 4.484570918952095475 ) ) ;
#1853 = CARTESIAN_POINT ( 'NONE',  ( -19.05000000000001137, 6.349999999999999645, -2.286000000000000032 ) ) ;
#1854 = ORIENTED_EDGE ( 'NONE', *, *, #5823, .T. ) ;
#1855 = DIRECTION ( 'NONE',  ( -0.000000000000000000, -0.000000000000000000, -1.000000000000000000 ) ) ;
#1857 = EDGE_CURVE ( 'NONE', #4933, #1291, #3001, .T. ) ;
#1856 = ADVANCED_FACE ( 'NONE', ( #8587 ), #7041, .T. ) ;
#1858 = ORIENTED_EDGE ( 'NONE', *, *, #5046, .T. ) ;
#1859 = AXIS2_PLACEMENT_3D ( 'NONE', #3849, #3110, #7952 ) ;
#1860 = CARTESIAN_POINT ( 'NONE',  ( 0.7194493759633193708, 0.7194493759633245888, 4.049999999999999822 ) ) ;
#1861 = EDGE_LOOP ( 'NONE', ( #2418, #1030, #722, #7399, #6697, #6542, #3050, #4089 ) ) ;
#1862 = DIRECTION ( 'NONE',  ( 0.000000000000000000, -0.000000000000000000, -1.000000000000000000 ) ) ;
#1863 = LINE ( 'NONE', #6265, #387 ) ;
#1864 = CARTESIAN_POINT ( 'NONE',  ( 12.38840778022566269, 8.807327582447273429, 4.012546888788390831 ) ) ;
#1865 = CARTESIAN_POINT ( 'NONE',  ( 6.416491425511784641, 10.96135876641045215, 3.222038651699647094 ) ) ;
#1866 = VECTOR ( 'NONE', #4581, 1000.000000000000000 ) ;
#1867 = LINE ( 'NONE', #8927, #2707 ) ;
#1868 = VERTEX_POINT ( 'NONE', #4344 ) ;
#1869 = CARTESIAN_POINT ( 'NONE',  ( -10.42320471966388062, 7.256512541649925652, 9.023542246728622374 ) ) ;
#1870 = DIRECTION ( 'NONE',  ( 0.7071067811865434649, -0.7071067811865514585, 0.000000000000000000 ) ) ;
#1871 = EDGE_CURVE ( 'NONE', #8526, #771, #7901, .T. ) ;
#1872 = ORIENTED_EDGE ( 'NONE', *, *, #3047, .T. ) ;
#1873 = VECTOR ( 'NONE', #6128, 1000.000000000000114 ) ;
#1874 = CARTESIAN_POINT ( 'NONE',  ( 0.000000000000000000, 0.000000000000000000, -2.286000000000000032 ) ) ;
#1875 = ORIENTED_EDGE ( 'NONE', *, *, #1780, .F. ) ;
#1876 = CARTESIAN_POINT ( 'NONE',  ( -8.885463297855947573, -12.33241833471662829, 4.484570918952019092 ) ) ;
#1877 = DIRECTION ( 'NONE',  ( -0.7071067811865477948, 0.7071067811865473507, 0.000000000000000000 ) ) ;
#1878 = DIRECTION ( 'NONE',  ( -0.7071067811865482389, -0.7071067811865469066, 0.000000000000000000 ) ) ;
#1879 = DIRECTION ( 'NONE',  ( -0.000000000000000000, -0.000000000000000000, -1.000000000000000000 ) ) ;
#1880 = CIRCLE ( 'NONE', #5896, 8.000000000000000000 ) ;
#1881 = B_SPLINE_CURVE_WITH_KNOTS ( 'NONE', 3,
 ( #2327, #7960, #1720, #2412 ),
 .UNSPECIFIED., .F., .F.,
 ( 4, 4 ),
 ( 0.000000000000000000, 0.01171373425320291865 ),
 .UNSPECIFIED. ) ;
#1882 = VERTEX_POINT ( 'NONE', #2108 ) ;
#1883 = ORIENTED_EDGE ( 'NONE', *, *, #4973, .F. ) ;
#1884 = VECTOR ( 'NONE', #3027, 1000.000000000000000 ) ;
#1885 = ORIENTED_EDGE ( 'NONE', *, *, #5451, .T. ) ;
#1886 = CYLINDRICAL_SURFACE ( 'NONE', #4053, 3.175000000000000711 ) ;
#1887 = ORIENTED_EDGE ( 'NONE', *, *, #8938, .F. ) ;
#1888 = ORIENTED_EDGE ( 'NONE', *, *, #4974, .T. ) ;
#1889 = LINE ( 'NONE', #3410, #3612 ) ;
#1890 = CARTESIAN_POINT ( 'NONE',  ( 25.25000000000001066, 1.131370849898488018, 1.000000000000000000 ) ) ;
#1891 = CARTESIAN_POINT ( 'NONE',  ( 0.000000000000000000, 0.000000000000000000, 4.049999999999999822 ) ) ;
#1892 = CARTESIAN_POINT ( 'NONE',  ( 24.25000000000001066, -1.545584412271583830, 3.049999999999999822 ) ) ;
#1893 = DIRECTION ( 'NONE',  ( -0.000000000000000000, -0.000000000000000000, 1.000000000000000000 ) ) ;
#1894 = EDGE_CURVE ( 'NONE', #314, #6871, #4662, .T. ) ;
#1896 = EDGE_CURVE ( 'NONE', #4828, #2819, #3554, .T. ) ;
#1895 = ADVANCED_FACE ( 'NONE', ( #3698 ), #6352, .F. ) ;
#1897 = DIRECTION ( 'NONE',  ( -0.7071067811865501263, -0.7071067811865450192, 0.000000000000000000 ) ) ;
#1898 = DIRECTION ( 'NONE',  ( -0.000000000000000000, -0.000000000000000000, -1.000000000000000000 ) ) ;
#1899 = ORIENTED_EDGE ( 'NONE', *, *, #6267, .T. ) ;
#1900 = DIRECTION ( 'NONE',  ( -0.000000000000000000, -0.000000000000000000, -1.000000000000000000 ) ) ;
#1901 = VERTEX_POINT ( 'NONE', #8538 ) ;
#1902 = DIRECTION ( 'NONE',  ( 0.000000000000000000, 0.000000000000000000, 1.000000000000000000 ) ) ;
#1903 = ORIENTED_EDGE ( 'NONE', *, *, #924, .F. ) ;
#1904 = CARTESIAN_POINT ( 'NONE',  ( 21.15000000000001990, 6.349999999999999645, 2.286000000000000032 ) ) ;
#1905 = CYLINDRICAL_SURFACE ( 'NONE', #1268, 3.175000000000007816 ) ;
#1906 = PLANE ( 'NONE',  #4519 ) ;
#1907 = FACE_OUTER_BOUND ( 'NONE', #8314, .T. ) ;
#1908 = DIRECTION ( 'NONE',  ( -1.000000000000000000, 3.783957776634915868E-16, 0.000000000000000000 ) ) ;
#1909 = EDGE_CURVE ( 'NONE', #2372, #4267, #7183, .T. ) ;
#1911 = ADVANCED_FACE ( 'NONE', ( #1130 ), #7279, .F. ) ;
#1910 = ADVANCED_FACE ( 'NONE', ( #5004 ), #1462, .F. ) ;
#1912 = CARTESIAN_POINT ( 'NONE',  ( -24.25000000000001066, 1.545584412271579167, 3.049999999999999822 ) ) ;
#1913 = ORIENTED_EDGE ( 'NONE', *, *, #2113, .F. ) ;
#1914 = DIRECTION ( 'NONE',  ( -0.000000000000000000, -0.000000000000000000, -1.000000000000000000 ) ) ;
#1915 = CARTESIAN_POINT ( 'NONE',  ( -16.47939620402575045, 8.213497014787716211, 1.000000000000000000 ) ) ;
#1916 = ORIENTED_EDGE ( 'NONE', *, *, #3791, .F. ) ;
#1917 = LINE ( 'NONE', #1165, #1552 ) ;
#1918 = ORIENTED_EDGE ( 'NONE', *, *, #4046, .F. ) ;
#1919 = CARTESIAN_POINT ( 'NONE',  ( 20.91349701478772971, -3.779396204025733841, 2.286000000000000032 ) ) ;
#1920 = LINE ( 'NONE', #4793, #6565 ) ;
#1921 = CARTESIAN_POINT ( 'NONE',  ( -19.05000000000001137, -6.349999999999999645, 1.000000000000000000 ) ) ;
#1922 = EDGE_CURVE ( 'NONE', #530, #4474, #2354, .T. ) ;
#1923 = DIRECTION ( 'NONE',  ( 0.7071067811865531239, 0.7071067811865420216, 0.000000000000000000 ) ) ;
#1924 = ORIENTED_EDGE ( 'NONE', *, *, #4167, .T. ) ;
#1925 = ORIENTED_EDGE ( 'NONE', *, *, #5520, .T. ) ;
#1926 = VERTEX_POINT ( 'NONE', #2308 ) ;
#1927 = VERTEX_POINT ( 'NONE', #8990 ) ;
#1928 = CARTESIAN_POINT ( 'NONE',  ( 19.05000000000001137, 6.349999999999999645, 1.000000000000000000 ) ) ;
#1929 = ORIENTED_EDGE ( 'NONE', *, *, #5366, .F. ) ;
#1930 = FACE_OUTER_BOUND ( 'NONE', #583, .T. ) ;
#1931 = CARTESIAN_POINT ( 'NONE',  ( 0.000000000000000000, 0.000000000000000000, 3.049999999999999822 ) ) ;
#1932 = CARTESIAN_POINT ( 'NONE',  ( 21.62060379597428295, 4.486502985212280414, -1.000000000000000000 ) ) ;
#1933 = LINE ( 'NONE', #540, #4202 ) ;
#1934 = LINE ( 'NONE', #4818, #6145 ) ;
#1935 = CARTESIAN_POINT ( 'NONE',  ( -2.783128176749738891, -2.783128176749765093, 4.549999999999999822 ) ) ;
#1936 = CARTESIAN_POINT ( 'NONE',  ( -13.14289321881345352, -11.54999999999999893, 1.000000000000000000 ) ) ;
#1937 = VERTEX_POINT ( 'NONE', #3268 ) ;
#1938 = CARTESIAN_POINT ( 'NONE',  ( 0.000000000000000000, 0.000000000000000000, 15.75000000000000000 ) ) ;
#1939 = ORIENTED_EDGE ( 'NONE', *, *, #3839, .T. ) ;
#1940 = LINE ( 'NONE', #5388, #7350 ) ;
#1941 = EDGE_CURVE ( 'NONE', #3642, #1670, #4441, .T. ) ;
#1942 = VERTEX_POINT ( 'NONE', #5458 ) ;
#1943 = EDGE_CURVE ( 'NONE', #8157, #2898, #2446, .T. ) ;
#1944 = CARTESIAN_POINT ( 'NONE',  ( 9.881168959186963363, 11.55000000000000071, 3.049999999999999822 ) ) ;
#1945 = CARTESIAN_POINT ( 'NONE',  ( 23.06347142246230320, -9.656364641275748895, 3.049999999999999822 ) ) ;
#1946 = CARTESIAN_POINT ( 'NONE',  ( -20.88847763108504196, 7.481370849898480557, 2.286000000000000032 ) ) ;
#1947 = DIRECTION ( 'NONE',  ( -0.7071067811865469066, 0.7071067811865482389, 0.000000000000000000 ) ) ;
#1948 = CARTESIAN_POINT ( 'NONE',  ( -19.40355339059328443, 5.996446609406725692, 1.000000000000000000 ) ) ;
#1949 = DIRECTION ( 'NONE',  ( 1.000000000000000000, 0.000000000000000000, 0.000000000000000000 ) ) ;
#1950 = ORIENTED_EDGE ( 'NONE', *, *, #2426, .F. ) ;
#1951 = CARTESIAN_POINT ( 'NONE',  ( 23.06347142246230320, -9.656364641275748895, 3.049999999999999822 ) ) ;
#1952 = LINE ( 'NONE', #4784, #7431 ) ;
#1953 = VERTEX_POINT ( 'NONE', #8731 ) ;
#1954 = DIRECTION ( 'NONE',  ( 0.000000000000000000, 0.000000000000000000, 1.000000000000000000 ) ) ;
#1955 = EDGE_CURVE ( 'NONE', #6868, #3387, #7038, .T. ) ;
#1956 = ORIENTED_EDGE ( 'NONE', *, *, #8198, .T. ) ;
#1958 = EDGE_CURVE ( 'NONE', #6429, #7167, #6892, .T. ) ;
#1957 = ADVANCED_FACE ( 'NONE', ( #5152 ), #1778, .F. ) ;
#1959 = LINE ( 'NONE', #8196, #1583 ) ;
#1960 = AXIS2_PLACEMENT_3D ( 'NONE', #9122, #9074, #2702 ) ;
#1961 = CARTESIAN_POINT ( 'NONE',  ( -7.033815409179378975, 9.919192062585006298, 13.57956192592527067 ) ) ;
#1962 = CARTESIAN_POINT ( 'NONE',  ( -7.089843379135150059, 10.53679841599588940, 4.484570918952019092 ) ) ;
#1963 = DIRECTION ( 'NONE',  ( 0.7071067811865471286, 0.7071067811865479058, 0.000000000000000000 ) ) ;
#1964 = VECTOR ( 'NONE', #5412, 1000.000000000000000 ) ;
#1965 = AXIS2_PLACEMENT_3D ( 'NONE', #3242, #8874, #9007 ) ;
#1966 = ORIENTED_EDGE ( 'NONE', *, *, #4363, .F. ) ;
#1967 = EDGE_CURVE ( 'NONE', #8967, #8626, #4752, .T. ) ;
#1968 = EDGE_LOOP ( 'NONE', ( #8247, #27, #8228, #8437 ) ) ;
#1969 = CIRCLE ( 'NONE', #616, 2.100000000000008082 ) ;
#1970 = AXIS2_PLACEMENT_3D ( 'NONE', #3372, #2538, #2716 ) ;
#1971 = ORIENTED_EDGE ( 'NONE', *, *, #2077, .F. ) ;
#1972 = ORIENTED_EDGE ( 'NONE', *, *, #5280, .T. ) ;
#1973 = DIRECTION ( 'NONE',  ( 0.7071067811865526798, 0.7071067811865422437, -0.000000000000000000 ) ) ;
#1974 = CARTESIAN_POINT ( 'NONE',  ( -8.377669298579085932, 12.68363609346445564, 3.328432456780555437 ) ) ;
#1975 = AXIS2_PLACEMENT_3D ( 'NONE', #7788, #9137, #4857 ) ;
#1976 = CYLINDRICAL_SURFACE ( 'NONE', #7463, 5.200000000000000178 ) ;
#1977 = LINE ( 'NONE', #3414, #504 ) ;
#1978 = CARTESIAN_POINT ( 'NONE',  ( -25.25000000000001066, -1.131370849898481579, 3.049999999999999822 ) ) ;
#1979 = CIRCLE ( 'NONE', #6591, 5.200000000000000178 ) ;
#1980 = AXIS2_PLACEMENT_3D ( 'NONE', #8415, #2080, #7707 ) ;
#1981 = VECTOR ( 'NONE', #8744, 1000.000000000000000 ) ;
#1982 = LINE ( 'NONE', #7658, #6437 ) ;
#1983 = CARTESIAN_POINT ( 'NONE',  ( -23.06347142246230320, -9.656364641275748895, 2.286000000000000032 ) ) ;
#1984 = VERTEX_POINT ( 'NONE', #465 ) ;
#1985 = CARTESIAN_POINT ( 'NONE',  ( -23.06347142246230320, 9.656364641275745342, 3.049999999999999822 ) ) ;
#1986 = ORIENTED_EDGE ( 'NONE', *, *, #7638, .F. ) ;
#1987 = CARTESIAN_POINT ( 'NONE',  ( 24.25000000000001066, 6.349999999999999645, 3.049999999999999822 ) ) ;
#1988 = AXIS2_PLACEMENT_3D ( 'NONE', #6668, #382, #5877 ) ;
#1989 = ORIENTED_EDGE ( 'NONE', *, *, #6186, .T. ) ;
#1990 = DIRECTION ( 'NONE',  ( 1.000000000000000000, 0.000000000000000000, 0.000000000000000000 ) ) ;
#1991 = CARTESIAN_POINT ( 'NONE',  ( 19.05000000000001137, -6.349999999999999645, -1.000000000000000000 ) ) ;
#1992 = CARTESIAN_POINT ( 'NONE',  ( 14.91623517531649412, -2.923341956503026307, 3.049999999999999822 ) ) ;
#1993 = AXIS2_PLACEMENT_3D ( 'NONE', #9018, #548, #7485 ) ;
#1994 = AXIS2_PLACEMENT_3D ( 'NONE', #3229, #7990, #6065 ) ;
#1995 = DIRECTION ( 'NONE',  ( 0.000000000000000000, 0.000000000000000000, -1.000000000000000000 ) ) ;
#1996 = CARTESIAN_POINT ( 'NONE',  ( 12.69999999999999929, 1.555301434917138433E-15, -3.049999999999999822 ) ) ;
#1997 = ADVANCED_FACE ( 'NONE', ( #2620 ), #389, .F. ) ;
#1998 = FACE_OUTER_BOUND ( 'NONE', #5189, .T. ) ;
#1999 = EDGE_LOOP ( 'NONE', ( #8303, #3238, #1254, #8000 ) ) ;
#2000 = CIRCLE ( 'NONE', #7644, 5.200000000000000178 ) ;
#2001 = AXIS2_PLACEMENT_3D ( 'NONE', #9060, #1296, #9155 ) ;
#2002 = CARTESIAN_POINT ( 'NONE',  ( -13.16456341238950856, 7.598307058889879784, 3.049999999999999822 ) ) ;
#2003 = EDGE_LOOP ( 'NONE', ( #6451, #7409, #2462, #1035 ) ) ;
#2004 = CARTESIAN_POINT ( 'NONE',  ( -9.901384675242672628, -11.53287653212783681, 11.85196986296181443 ) ) ;
#2005 = ORIENTED_EDGE ( 'NONE', *, *, #7987, .F. ) ;
#2006 = CARTESIAN_POINT ( 'NONE',  ( -7.598307058890035215, -13.16456341238939309, 3.049999999999999822 ) ) ;
#2007 = FACE_OUTER_BOUND ( 'NONE', #8818, .T. ) ;
#2008 = DIRECTION ( 'NONE',  ( -0.000000000000000000, -0.000000000000000000, -1.000000000000000000 ) ) ;
#2009 = AXIS2_PLACEMENT_3D ( 'NONE', #3099, #5234, #2394 ) ;
#2010 = EDGE_CURVE ( 'NONE', #6592, #7533, #8898, .T. ) ;
#2012 = EDGE_CURVE ( 'NONE', #6168, #5186, #2735, .T. ) ;
#2011 = ADVANCED_FACE ( 'NONE', ( #1823 ), #4659, .T. ) ;
#2013 = DIRECTION ( 'NONE',  ( -0.7071067811865501263, -0.7071067811865450192, 0.000000000000000000 ) ) ;
#2014 = CIRCLE ( 'NONE', #6181, 15.20000000000001350 ) ;
#2015 = VERTEX_POINT ( 'NONE', #429 ) ;
#2016 = APPLICATION_CONTEXT ( 'configuration controlled 3d designs of mechanical parts and assemblies' ) ;
#2017 = VERTEX_POINT ( 'NONE', #1610 ) ;
#2018 = AXIS2_PLACEMENT_3D ( 'NONE', #5357, #8334, #1167 ) ;
#2020 = ADVANCED_FACE ( 'NONE', ( #1213 ), #8252, .F. ) ;
#2019 = EDGE_CURVE ( 'NONE', #5611, #3298, #803, .T. ) ;
#2021 = ORIENTED_EDGE ( 'NONE', *, *, #3373, .T. ) ;
#2022 = ORIENTED_EDGE ( 'NONE', *, *, #3658, .T. ) ;
#2023 = DIRECTION ( 'NONE',  ( 0.7071067811865474617, 0.7071067811865476838, 0.000000000000000000 ) ) ;
#2024 = AXIS2_PLACEMENT_3D ( 'NONE', #5573, #4912, #4160 ) ;
#2025 = CARTESIAN_POINT ( 'NONE',  ( -25.25000000000001066, 1.131370849898481135, 3.049999999999999822 ) ) ;
#2026 = LINE ( 'NONE', #1280, #5529 ) ;
#2027 = DIRECTION ( 'NONE',  ( -0.7071067811865474617, 0.7071067811865474617, 0.000000000000000000 ) ) ;
#2028 = CARTESIAN_POINT ( 'NONE',  ( 10.47393927217178522, -8.746223802468010788, 15.75000000000000000 ) ) ;
#2029 = EDGE_CURVE ( 'NONE', #8157, #8126, #677, .T. ) ;
#2030 = DIRECTION ( 'NONE',  ( -0.7071067811865470176, -0.7071067811865479058, 0.000000000000000000 ) ) ;
#2031 = ORIENTED_EDGE ( 'NONE', *, *, #4282, .T. ) ;
#2032 = ORIENTED_EDGE ( 'NONE', *, *, #8208, .F. ) ;
#2033 = DIRECTION ( 'NONE',  ( -0.000000000000000000, -0.000000000000000000, 1.000000000000000000 ) ) ;
#2034 = ORIENTED_EDGE ( 'NONE', *, *, #8120, .F. ) ;
#2035 = LINE ( 'NONE', #6261, #5714 ) ;
#2036 = DIRECTION ( 'NONE',  ( 0.000000000000000000, 0.000000000000000000, 1.000000000000000000 ) ) ;
#2037 = CARTESIAN_POINT ( 'NONE',  ( -11.00618192593645261, -6.337373622578132526, 3.187564428398817373 ) ) ;
#2038 = FACE_OUTER_BOUND ( 'NONE', #5303, .T. ) ;
#2039 = CARTESIAN_POINT ( 'NONE',  ( -12.46361163661708638, -8.700667146603853652, 3.754241512797769520 ) ) ;
#2040 = DIRECTION ( 'NONE',  ( 0.000000000000000000, 0.000000000000000000, 1.000000000000000000 ) ) ;
#2041 = CARTESIAN_POINT ( 'NONE',  ( -19.05000000000001137, -6.349999999999999645, 2.286000000000000032 ) ) ;
#2042 = VERTEX_POINT ( 'NONE', #3361 ) ;
#2043 = CARTESIAN_POINT ( 'NONE',  ( -12.77733287300782905, 8.233252731414681946, 3.232217950791412608 ) ) ;
#2044 = EDGE_LOOP ( 'NONE', ( #5738, #3983, #3088, #2273 ) ) ;
#2045 = CARTESIAN_POINT ( 'NONE',  ( -19.05000000000001137, -6.349999999999999645, 1.000000000000000000 ) ) ;
#2046 = VECTOR ( 'NONE', #5212, 1000.000000000000000 ) ;
#2047 = ORIENTED_EDGE ( 'NONE', *, *, #7584, .F. ) ;
#2048 = LINE ( 'NONE', #5770, #8268 ) ;
#2049 = DIRECTION ( 'NONE',  ( -1.000000000000000000, 0.000000000000000000, 0.000000000000000000 ) ) ;
#2050 = CARTESIAN_POINT ( 'NONE',  ( 19.05000000000001137, 6.349999999999999645, 1.000000000000000000 ) ) ;
#2051 = LINE ( 'NONE', #3403, #5282 ) ;
#2052 = CARTESIAN_POINT ( 'NONE',  ( 19.05000000000001137, -6.349999999999999645, 1.000000000000000000 ) ) ;
#2053 = ORIENTED_EDGE ( 'NONE', *, *, #1440, .T. ) ;
#2054 = EDGE_LOOP ( 'NONE', ( #977, #5939, #767, #3456 ) ) ;
#2055 = ORIENTED_EDGE ( 'NONE', *, *, #1218, .T. ) ;
#2056 = EDGE_CURVE ( 'NONE', #6030, #2696, #959, .T. ) ;
#2057 = ADVANCED_FACE ( 'NONE', ( #7073 ), #8428, .F. ) ;
#2058 = ORIENTED_EDGE ( 'NONE', *, *, #8786, .F. ) ;
#2059 = CYLINDRICAL_SURFACE ( 'NONE', #800, 1.500000000000000000 ) ;
#2060 = ORIENTED_EDGE ( 'NONE', *, *, #6904, .F. ) ;
#2061 = CARTESIAN_POINT ( 'NONE',  ( -3.469446951953614189E-14, -1.155557966632253931E-30, 4.049999999999999822 ) ) ;
#2062 = CARTESIAN_POINT ( 'NONE',  ( 20.91349701478772971, 3.779396204025733397, 2.286000000000000032 ) ) ;
#2063 = EDGE_CURVE ( 'NONE', #8020, #3235, #9075, .T. ) ;
#2065 = EDGE_CURVE ( 'NONE', #82, #7994, #7192, .T. ) ;
#2064 = EDGE_CURVE ( 'NONE', #6226, #864, #2051, .T. ) ;
#2066 = DIRECTION ( 'NONE',  ( 1.000000000000000000, 0.000000000000000000, 0.000000000000000000 ) ) ;
#2067 = DIRECTION ( 'NONE',  ( 1.000000000000000000, 0.000000000000000000, -0.000000000000000000 ) ) ;
#2068 = ORIENTED_EDGE ( 'NONE', *, *, #2929, .F. ) ;
#2069 = CARTESIAN_POINT ( 'NONE',  ( 20.91349701478772971, -8.920603795974265893, -2.286000000000000032 ) ) ;
#2070 = EDGE_LOOP ( 'NONE', ( #2313, #6775, #514, #8259 ) ) ;
#2071 = ORIENTED_EDGE ( 'NONE', *, *, #1266, .T. ) ;
#2072 = VECTOR ( 'NONE', #8929, 1000.000000000000000 ) ;
#2073 = DIRECTION ( 'NONE',  ( -1.000000000000000000, 0.000000000000000000, 0.000000000000000000 ) ) ;
#2074 = ORIENTED_EDGE ( 'NONE', *, *, #7941, .F. ) ;
#2075 = ORIENTED_EDGE ( 'NONE', *, *, #264, .F. ) ;
#2076 = DIRECTION ( 'NONE',  ( -1.000000000000000000, 0.000000000000000000, 0.000000000000000000 ) ) ;
#2077 = EDGE_CURVE ( 'NONE', #3578, #5413, #7344, .T. ) ;
#2078 = FACE_OUTER_BOUND ( 'NONE', #5518, .T. ) ;
#2079 = DIRECTION ( 'NONE',  ( -1.000000000000000000, 0.000000000000000000, 0.000000000000000000 ) ) ;
#2080 = DIRECTION ( 'NONE',  ( -0.000000000000000000, -0.000000000000000000, -1.000000000000000000 ) ) ;
#2081 = PLANE ( 'NONE',  #7902 ) ;
#2082 = CARTESIAN_POINT ( 'NONE',  ( -9.264706088826567765, 10.70360484075313856, 4.049999999999999822 ) ) ;
#2083 = LINE ( 'NONE', #733, #8662 ) ;
#2084 = VERTEX_POINT ( 'NONE', #6336 ) ;
#2085 = CARTESIAN_POINT ( 'NONE',  ( 17.18650298521228947, -3.779396204025732509, 1.000000000000000000 ) ) ;
#2086 = VERTEX_POINT ( 'NONE', #6376 ) ;
#2087 = CARTESIAN_POINT ( 'NONE',  ( -23.69865440327095030, -0.9942388155425169183, 1.000000000000000000 ) ) ;
#2088 = ORIENTED_EDGE ( 'NONE', *, *, #5304, .F. ) ;
#2089 = DIRECTION ( 'NONE',  ( -0.7071067811865476838, -0.7071067811865473507, 0.000000000000000000 ) ) ;
#2090 = CARTESIAN_POINT ( 'NONE',  ( -19.05000000000001137, 6.349999999999999645, 1.000000000000000000 ) ) ;
#2091 = DIRECTION ( 'NONE',  ( 0.7071067811865479058, 0.7071067811865472397, -0.000000000000000000 ) ) ;
#2092 = CARTESIAN_POINT ( 'NONE',  ( 19.05000000000001137, -12.55000000000000071, 3.049999999999999822 ) ) ;
#2093 = CARTESIAN_POINT ( 'NONE',  ( 20.18137084989849583, 8.188477631085028463, 2.286000000000000032 ) ) ;
#2094 = DIRECTION ( 'NONE',  ( -0.000000000000000000, -0.000000000000000000, -1.000000000000000000 ) ) ;
#2095 = ORIENTED_EDGE ( 'NONE', *, *, #3673, .F. ) ;
#2096 = VECTOR ( 'NONE', #564, 1000.000000000000000 ) ;
#2097 = EDGE_LOOP ( 'NONE', ( #7424, #7684, #2340, #2060 ) ) ;
#2098 = ORIENTED_EDGE ( 'NONE', *, *, #6959, .F. ) ;
#2099 = CIRCLE ( 'NONE', #768, 5.200000000000000178 ) ;
#2100 = CARTESIAN_POINT ( 'NONE',  ( 6.784089184266247250E-16, -14.89999999999999680, -3.049999999999999822 ) ) ;
#2101 = ORIENTED_EDGE ( 'NONE', *, *, #6267, .F. ) ;
#2102 =( BOUNDED_CURVE ( )  B_SPLINE_CURVE ( 3, ( #315, #869, #4549, #5110 ),
 .UNSPECIFIED., .F., .T. ) 
 B_SPLINE_CURVE_WITH_KNOTS ( ( 4, 4 ),
 ( 1.377679687205387804, 1.401502160714582557 ),
 .UNSPECIFIED. ) 
 CURVE ( )  GEOMETRIC_REPRESENTATION_ITEM ( )  RATIONAL_B_SPLINE_CURVE ( ( 1.000000000000000000, 0.9999527080388015410, 0.9999527080388015410, 1.000000000000000000 ) ) 
 REPRESENTATION_ITEM ( '' )  );
#2103 = CARTESIAN_POINT ( 'NONE',  ( -9.849393396991294125, 11.57710886669484118, 15.75000000000000000 ) ) ;
#2104 = ORIENTED_EDGE ( 'NONE', *, *, #3248, .T. ) ;
#2105 = FACE_OUTER_BOUND ( 'NONE', #9131, .T. ) ;
#2106 = LINE ( 'NONE', #5003, #8258 ) ;
#2107 = VECTOR ( 'NONE', #3499, 1000.000000000000000 ) ;
#2108 = CARTESIAN_POINT ( 'NONE',  ( -14.91623517531649412, -2.923341956503026307, -2.286000000000000032 ) ) ;
#2109 = AXIS2_PLACEMENT_3D ( 'NONE', #3913, #3179, #8070 ) ;
#2110 = CARTESIAN_POINT ( 'NONE',  ( 7.256512541650037562, 10.42320471966380779, 9.023542246728528227 ) ) ;
#2111 = CIRCLE ( 'NONE', #3453, 12.69999999999999929 ) ;
#2112 = ORIENTED_EDGE ( 'NONE', *, *, #9063, .F. ) ;
#2113 = EDGE_CURVE ( 'NONE', #2831, #7244, #8387, .T. ) ;
#2115 = EDGE_CURVE ( 'NONE', #6002, #4910, #8384, .T. ) ;
#2114 = EDGE_CURVE ( 'NONE', #8266, #964, #3045, .T. ) ;
#2116 = CARTESIAN_POINT ( 'NONE',  ( -0.8638577348518217125, 0.8638577348518301502, 15.75000000000000000 ) ) ;
#2117 = ORIENTED_EDGE ( 'NONE', *, *, #4907, .F. ) ;
#2118 = ORIENTED_EDGE ( 'NONE', *, *, #7959, .F. ) ;
#2119 = FACE_OUTER_BOUND ( 'NONE', #4502, .T. ) ;
#2120 = VERTEX_POINT ( 'NONE', #5675 ) ;
#2121 = VERTEX_POINT ( 'NONE', #2145 ) ;
#2122 = DIRECTION ( 'NONE',  ( 0.000000000000000000, 0.000000000000000000, 1.000000000000000000 ) ) ;
#2123 = DIRECTION ( 'NONE',  ( 0.7071067811865450192, -0.7071067811865501263, 0.000000000000000000 ) ) ;
#2124 = CARTESIAN_POINT ( 'NONE',  ( -24.25000000000001066, 6.350000000000000533, 3.049999999999999822 ) ) ;
#2125 = CARTESIAN_POINT ( 'NONE',  ( 13.16456341238950500, -7.598307058889885113, 3.049999999999999822 ) ) ;
#2126 = VECTOR ( 'NONE', #744, 1000.000000000000000 ) ;
#2127 = CARTESIAN_POINT ( 'NONE',  ( -13.16456341238952454, -7.598307058889853138, 3.049999999999999822 ) ) ;
#2128 = CARTESIAN_POINT ( 'NONE',  ( -16.47939620402575045, 8.213497014787714434, 2.286000000000000032 ) ) ;
#2129 = VECTOR ( 'NONE', #7736, 1000.000000000000114 ) ;
#2130 = AXIS2_PLACEMENT_3D ( 'NONE', #4634, #4689, #7480 ) ;
#2132 = EDGE_CURVE ( 'NONE', #1270, #2848, #4845, .T. ) ;
#2131 = EDGE_CURVE ( 'NONE', #4267, #1882, #1306, .T. ) ;
#2133 = CYLINDRICAL_SURFACE ( 'NONE', #45, 3.175000000000000711 ) ;
#2134 = VERTEX_POINT ( 'NONE', #2092 ) ;
#2135 = AXIS2_PLACEMENT_3D ( 'NONE', #7929, #1554, #6531 ) ;
#2136 = LINE ( 'NONE', #5065, #4149 ) ;
#2137 = VERTEX_POINT ( 'NONE', #4987 ) ;
#2138 = VECTOR ( 'NONE', #881, 1000.000000000000000 ) ;
#2139 = CARTESIAN_POINT ( 'NONE',  ( -12.69999999999999929, 0.000000000000000000, 3.049999999999999822 ) ) ;
#2140 = VECTOR ( 'NONE', #2857, 1000.000000000000000 ) ;
#2141 = ORIENTED_EDGE ( 'NONE', *, *, #7459, .F. ) ;
#2142 = CARTESIAN_POINT ( 'NONE',  ( -16.47939620402574690, -8.213497014787712658, -2.286000000000000032 ) ) ;
#2143 = CARTESIAN_POINT ( 'NONE',  ( 16.47939620402574334, -8.213497014787717987, 2.286000000000000032 ) ) ;
#2144 = LINE ( 'NONE', #8571, #322 ) ;
#2145 = CARTESIAN_POINT ( 'NONE',  ( 7.089843379135150947, -10.53679841599589295, 4.484570918952026197 ) ) ;
#2146 = AXIS2_PLACEMENT_3D ( 'NONE', #1230, #3330, #4065 ) ;
#2147 = VECTOR ( 'NONE', #3032, 1000.000000000000000 ) ;
#2148 = CARTESIAN_POINT ( 'NONE',  ( 8.575400865265715211, 12.55000000000000071, 1.000000000000000000 ) ) ;
#2149 = CYLINDRICAL_SURFACE ( 'NONE', #3457, 3.175000000000007816 ) ;
#2150 = EDGE_LOOP ( 'NONE', ( #1721, #4253, #5931, #659, #7663, #8821, #8617, #7397 ) ) ;
#2151 = ORIENTED_EDGE ( 'NONE', *, *, #1451, .F. ) ;
#2152 = VERTEX_POINT ( 'NONE', #605 ) ;
#2153 = ORIENTED_EDGE ( 'NONE', *, *, #8336, .F. ) ;
#2154 = AXIS2_PLACEMENT_3D ( 'NONE', #1084, #2532, #6810 ) ;
#2155 = AXIS2_PLACEMENT_3D ( 'NONE', #4310, #1582, #5763 ) ;
#2156 = CARTESIAN_POINT ( 'NONE',  ( -6.799133513158305497, 10.72684099295853422, 3.592487606861679339 ) ) ;
#2157 = CIRCLE ( 'NONE', #2154, 3.175000000000007816 ) ;
#2158 = ORIENTED_EDGE ( 'NONE', *, *, #6326, .F. ) ;
#2159 = FACE_OUTER_BOUND ( 'NONE', #59, .T. ) ;
#2160 = ORIENTED_EDGE ( 'NONE', *, *, #3112, .F. ) ;
#2161 = CARTESIAN_POINT ( 'NONE',  ( -21.62060379597427229, 4.486502985212284855, -1.000000000000000000 ) ) ;
#2162 = DIRECTION ( 'NONE',  ( -0.7071067811865474617, 0.7071067811865476838, 0.000000000000000000 ) ) ;
#2163 = CARTESIAN_POINT ( 'NONE',  ( 0.000000000000000000, 0.000000000000000000, -1.000000000000000000 ) ) ;
#2164 = CIRCLE ( 'NONE', #7972, 3.175000000000007816 ) ;
#2165 = CARTESIAN_POINT ( 'NONE',  ( 7.338820554675495877, 10.36492705552106131, 11.30038463814560323 ) ) ;
#2166 = ORIENTED_EDGE ( 'NONE', *, *, #6557, .F. ) ;
#2167 = LINE ( 'NONE', #7091, #2566 ) ;
#2168 = VERTEX_POINT ( 'NONE', #7826 ) ;
#2169 = ORIENTED_EDGE ( 'NONE', *, *, #3712, .F. ) ;
#2170 = VECTOR ( 'NONE', #2938, 1000.000000000000000 ) ;
#2171 = CARTESIAN_POINT ( 'NONE',  ( 14.55710678118654933, -11.54999999999999893, -1.000000000000000000 ) ) ;
#2172 = ORIENTED_EDGE ( 'NONE', *, *, #2870, .T. ) ;
#2173 = VERTEX_POINT ( 'NONE', #4137 ) ;
#2174 = CARTESIAN_POINT ( 'NONE',  ( -24.25000000000001066, -1.545584412271577612, -3.049999999999999822 ) ) ;
#2175 = CARTESIAN_POINT ( 'NONE',  ( -2.056696380120321965, -6.899999999999997691, 3.049999999999999822 ) ) ;
#2176 = CARTESIAN_POINT ( 'NONE',  ( -24.25000000000001066, -1.857106781186547817, 3.049999999999999822 ) ) ;
#2177 = CARTESIAN_POINT ( 'NONE',  ( 12.33745902343472522, -8.878467164972077441, 4.289629682883679962 ) ) ;
#2178 = EDGE_CURVE ( 'NONE', #6180, #7699, #1399, .T. ) ;
#2180 = ADVANCED_FACE ( 'NONE', ( #5590 ), #4929, .T. ) ;
#2179 = EDGE_CURVE ( 'NONE', #2468, #7542, #362, .T. ) ;
#2181 = CARTESIAN_POINT ( 'NONE',  ( 19.05000000000001137, 6.349999999999999645, -1.000000000000000000 ) ) ;
#2182 = VECTOR ( 'NONE', #9020, 1000.000000000000000 ) ;
#2183 = CARTESIAN_POINT ( 'NONE',  ( -14.55710678118655643, 11.55000000000000071, 1.000000000000000000 ) ) ;
#2184 = ORIENTED_EDGE ( 'NONE', *, *, #2744, .T. ) ;
#2185 = DIRECTION ( 'NONE',  ( 0.000000000000000000, 0.000000000000000000, 1.000000000000000000 ) ) ;
#2186 = VERTEX_POINT ( 'NONE', #9035 ) ;
#2187 = LINE ( 'NONE', #4226, #7190 ) ;
#2188 = EDGE_LOOP ( 'NONE', ( #6980, #6639, #6281, #8724 ) ) ;
#2189 = LINE ( 'NONE', #1342, #6192 ) ;
#2190 = FACE_OUTER_BOUND ( 'NONE', #972, .T. ) ;
#2191 = EDGE_CURVE ( 'NONE', #754, #5308, #3013, .T. ) ;
#2192 = DIRECTION ( 'NONE',  ( 0.7071067811865473507, -0.7071067811865477948, 0.000000000000000000 ) ) ;
#2194 = EDGE_CURVE ( 'NONE', #7794, #3277, #6476, .T. ) ;
#2193 = ADVANCED_FACE ( 'NONE', ( #8338 ), #6159, .F. ) ;
#2195 = CARTESIAN_POINT ( 'NONE',  ( -17.91862915010153401, 4.511522368914976155, -2.286000000000000032 ) ) ;
#2196 = DIRECTION ( 'NONE',  ( 0.000000000000000000, -1.000000000000000000, 0.000000000000000000 ) ) ;
#2197 = DIRECTION ( 'NONE',  ( -0.000000000000000000, -0.000000000000000000, -1.000000000000000000 ) ) ;
#2198 = CARTESIAN_POINT ( 'NONE',  ( 6.337373622578289734, -11.00618192593635492, 3.187564428398825367 ) ) ;
#2199 = ORIENTED_EDGE ( 'NONE', *, *, #4686, .F. ) ;
#2200 = ORIENTED_EDGE ( 'NONE', *, *, #3938, .F. ) ;
#2201 = EDGE_LOOP ( 'NONE', ( #5832, #6129, #1300, #350, #9039 ) ) ;
#2202 = PLANE ( 'NONE',  #8351 ) ;
#2203 = EDGE_CURVE ( 'NONE', #7232, #5461, #3083, .T. ) ;
#2204 = CARTESIAN_POINT ( 'NONE',  ( 9.849393396991292349, -11.57710886669483763, 15.75000000000000000 ) ) ;
#2205 = VERTEX_POINT ( 'NONE', #7357 ) ;
#2206 = PERSON_AND_ORGANIZATION ( #1070, #932 ) ;
#2207 = ORIENTED_EDGE ( 'NONE', *, *, #5046, .F. ) ;
#2208 = DIRECTION ( 'NONE',  ( 0.000000000000000000, 1.000000000000000000, -0.000000000000000000 ) ) ;
#2209 = DIRECTION ( 'NONE',  ( 0.000000000000000000, 0.000000000000000000, -1.000000000000000000 ) ) ;
#2210 = DIRECTION ( 'NONE',  ( -1.000000000000000000, 0.000000000000000000, 0.000000000000000000 ) ) ;
#2211 = DIRECTION ( 'NONE',  ( 0.000000000000000000, 0.000000000000000000, 1.000000000000000000 ) ) ;
#2212 = ORIENTED_EDGE ( 'NONE', *, *, #5980, .T. ) ;
#2213 = CARTESIAN_POINT ( 'NONE',  ( 19.05000000000001137, 6.349999999999999645, 1.000000000000000000 ) ) ;
#2214 = ORIENTED_EDGE ( 'NONE', *, *, #1381, .T. ) ;
#2215 = ORIENTED_EDGE ( 'NONE', *, *, #3156, .F. ) ;
#2216 = CARTESIAN_POINT ( 'NONE',  ( 10.35731515702305394, -7.349571161274754516, 11.59777289888900320 ) ) ;
#2217 = ORIENTED_EDGE ( 'NONE', *, *, #3603, .T. ) ;
#2218 = ORIENTED_EDGE ( 'NONE', *, *, #364, .F. ) ;
#2219 = CARTESIAN_POINT ( 'NONE',  ( 19.40355339059328443, 6.703553390593271821, -1.000000000000000000 ) ) ;
#2220 = CARTESIAN_POINT ( 'NONE',  ( 23.06347142246230320, -9.656364641275748895, 2.286000000000000032 ) ) ;
#2221 = CARTESIAN_POINT ( 'NONE',  ( 21.15000000000001990, -6.349999999999999645, -2.286000000000000032 ) ) ;
#2222 = CARTESIAN_POINT ( 'NONE',  ( 12.68801560545258056, -8.370241686043819129, 3.333604735625217419 ) ) ;
#2223 = CARTESIAN_POINT ( 'NONE',  ( -24.25000000000001066, 6.350000000000000533, -2.286000000000000032 ) ) ;
#2224 = LINE ( 'NONE', #6465, #6135 ) ;
#2225 = ORIENTED_EDGE ( 'NONE', *, *, #983, .T. ) ;
#2226 = EDGE_CURVE ( 'NONE', #7487, #1347, #7971, .T. ) ;
#2228 = ADVANCED_FACE ( 'NONE', ( #5073 ), #7161, .T. ) ;
#2227 = DIRECTION ( 'NONE',  ( 0.7071067811865479058, -0.7071067811865471286, 0.000000000000000000 ) ) ;
#2229 = VERTEX_POINT ( 'NONE', #1539 ) ;
#2230 = DIRECTION ( 'NONE',  ( -0.000000000000000000, -0.000000000000000000, -1.000000000000000000 ) ) ;
#2231 = ORIENTED_EDGE ( 'NONE', *, *, #7304, .F. ) ;
#2232 = CARTESIAN_POINT ( 'NONE',  ( 20.88847763108504196, 7.481370849898480557, -2.286000000000000032 ) ) ;
#2233 = CARTESIAN_POINT ( 'NONE',  ( 19.05000000000001137, 6.349999999999999645, 1.000000000000000000 ) ) ;
#2234 = CARTESIAN_POINT ( 'NONE',  ( 0.000000000000000000, 0.000000000000000000, 14.90355339059327910 ) ) ;
#2235 = DIRECTION ( 'NONE',  ( -0.7064337722128866126, 0.7064337722128977148, 0.04361938736533610417 ) ) ;
#2236 = CYLINDRICAL_SURFACE ( 'NONE', #5986, 2.100000000000000977 ) ;
#2237 = EDGE_CURVE ( 'NONE', #5480, #3509, #5125, .T. ) ;
#2238 = DIRECTION ( 'NONE',  ( -0.000000000000000000, -0.000000000000000000, -1.000000000000000000 ) ) ;
#2241 = EDGE_CURVE ( 'NONE', #2137, #6222, #1485, .T. ) ;
#2240 = EDGE_CURVE ( 'NONE', #2698, #1713, #5177, .T. ) ;
#2239 = ORIENTED_EDGE ( 'NONE', *, *, #6105, .T. ) ;
#2242 = ORIENTED_EDGE ( 'NONE', *, *, #2630, .T. ) ;
#2243 = VERTEX_POINT ( 'NONE', #846 ) ;
#2244 = ORIENTED_EDGE ( 'NONE', *, *, #1734, .T. ) ;
#2245 = CARTESIAN_POINT ( 'NONE',  ( -10.24994121339579323, -7.498580207074558857, 15.75000000000000000 ) ) ;
#2246 = CYLINDRICAL_SURFACE ( 'NONE', #1386, 15.19999999999999929 ) ;
#2247 = ORIENTED_EDGE ( 'NONE', *, *, #3214, .F. ) ;
#2248 = AXIS2_PLACEMENT_3D ( 'NONE', #4563, #1636, #3031 ) ;
#2249 = LINE ( 'NONE', #7839, #4058 ) ;
#2250 = EDGE_CURVE ( 'NONE', #8359, #5926, #6419, .T. ) ;
#2251 = ORIENTED_EDGE ( 'NONE', *, *, #2573, .F. ) ;
#2252 = CARTESIAN_POINT ( 'NONE',  ( -19.05000000000001137, 6.349999999999999645, 3.049999999999999822 ) ) ;
#2253 = DIRECTION ( 'NONE',  ( 1.000000000000000000, -4.553079989440435616E-17, 0.000000000000000000 ) ) ;
#2254 = DIRECTION ( 'NONE',  ( 0.7071067811865472397, -0.7071067811865479058, 0.000000000000000000 ) ) ;
#2255 = VECTOR ( 'NONE', #7682, 1000.000000000000000 ) ;
#2256 = CARTESIAN_POINT ( 'NONE',  ( 20.18137084989849228, -8.188477631085028463, 2.286000000000000032 ) ) ;
#2257 = ORIENTED_EDGE ( 'NONE', *, *, #3416, .T. ) ;
#2258 = LINE ( 'NONE', #7946, #3025 ) ;
#2259 = ORIENTED_EDGE ( 'NONE', *, *, #4799, .T. ) ;
#2260 = ORIENTED_EDGE ( 'NONE', *, *, #3216, .T. ) ;
#2261 = AXIS2_PLACEMENT_3D ( 'NONE', #4702, #4741, #8888 ) ;
#2262 = DIRECTION ( 'NONE',  ( -0.000000000000000000, -0.000000000000000000, -1.000000000000000000 ) ) ;
#2263 = EDGE_LOOP ( 'NONE', ( #8249, #2071, #9149, #7140 ) ) ;
#2264 = VERTEX_POINT ( 'NONE', #8756 ) ;
#2265 = FACE_OUTER_BOUND ( 'NONE', #4271, .T. ) ;
#2266 = DIRECTION ( 'NONE',  ( -0.000000000000000000, -0.000000000000000000, -1.000000000000000000 ) ) ;
#2267 = CARTESIAN_POINT ( 'NONE',  ( 13.05355339059328657, 0.3535533905932699006, -1.000000000000000000 ) ) ;
#2268 = CARTESIAN_POINT ( 'NONE',  ( 19.05000000000001137, 6.349999999999999645, -3.049999999999999822 ) ) ;
#2269 = DIRECTION ( 'NONE',  ( 0.000000000000000000, 0.000000000000000000, 1.000000000000000000 ) ) ;
#2270 = AXIS2_PLACEMENT_3D ( 'NONE', #7564, #2505, #7437 ) ;
#2271 = AXIS2_PLACEMENT_3D ( 'NONE', #7094, #6502, #7049 ) ;
#2272 = CARTESIAN_POINT ( 'NONE',  ( -19.05000000000001137, -6.349999999999999645, 1.000000000000000000 ) ) ;
#2273 = ORIENTED_EDGE ( 'NONE', *, *, #7, .F. ) ;
#2274 = CARTESIAN_POINT ( 'NONE',  ( 19.05000000000001137, -6.349999999999999645, -2.286000000000000032 ) ) ;
#2275 = ORIENTED_EDGE ( 'NONE', *, *, #3033, .T. ) ;
#2276 = CARTESIAN_POINT ( 'NONE',  ( -10.54704422572856792, 7.074630469013994727, 4.290679315531849447 ) ) ;
#2277 = VERTEX_POINT ( 'NONE', #5776 ) ;
#2278 = DIRECTION ( 'NONE',  ( -0.7071067811865507924, 0.7071067811865441310, 0.000000000000000000 ) ) ;
#2279 = FACE_OUTER_BOUND ( 'NONE', #1493, .T. ) ;
#2280 = VECTOR ( 'NONE', #7841, 999.9999999999998863 ) ;
#2281 = CARTESIAN_POINT ( 'NONE',  ( 19.05000000000001137, -6.349999999999999645, 1.000000000000000000 ) ) ;
#2282 = CARTESIAN_POINT ( 'NONE',  ( 25.25000000000001066, 1.131370849898487796, -3.049999999999999822 ) ) ;
#2283 = ADVANCED_FACE ( 'NONE', ( #190 ), #7913, .T. ) ;
#2284 = AXIS2_PLACEMENT_3D ( 'NONE', #2518, #1597, #7497 ) ;
#2285 = CARTESIAN_POINT ( 'NONE',  ( -18.69644660940673830, 6.703553390593272709, -1.000000000000000000 ) ) ;
#2286 = VECTOR ( 'NONE', #4631, 1000.000000000000000 ) ;
#2287 = DIRECTION ( 'NONE',  ( 0.000000000000000000, 0.000000000000000000, 1.000000000000000000 ) ) ;
#2288 = ORIENTED_EDGE ( 'NONE', *, *, #7822, .F. ) ;
#2289 = VERTEX_POINT ( 'NONE', #148 ) ;
#2290 = ORIENTED_EDGE ( 'NONE', *, *, #5539, .T. ) ;
#2291 = CARTESIAN_POINT ( 'NONE',  ( -9.420798938022249658, -6.595342854572370683, 14.55000000000000782 ) ) ;
#2292 = AXIS2_PLACEMENT_3D ( 'NONE', #8018, #4568, #7406 ) ;
#2293 = CARTESIAN_POINT ( 'NONE',  ( 10.76117346775417971, -6.744795089402529698, 3.521383511965572310 ) ) ;
#2294 = VECTOR ( 'NONE', #7668, 1000.000000000000000 ) ;
#2295 = AXIS2_PLACEMENT_3D ( 'NONE', #1683, #5730, #1637 ) ;
#2296 = ADVANCED_FACE ( 'NONE', ( #7263 ), #4969, .T. ) ;
#2298 = EDGE_CURVE ( 'NONE', #6868, #6325, #6564, .T. ) ;
#2297 = EDGE_CURVE ( 'NONE', #7108, #6398, #4531, .T. ) ;
#2299 = DIRECTION ( 'NONE',  ( 1.000000000000000000, 0.000000000000000000, 0.000000000000000000 ) ) ;
#2300 = VERTEX_POINT ( 'NONE', #8016 ) ;
#2301 = DATE_AND_TIME ( #2491, #6278 ) ;
#2302 = ORIENTED_EDGE ( 'NONE', *, *, #875, .F. ) ;
#2303 = AXIS2_PLACEMENT_3D ( 'NONE', #5572, #5013, #4305 ) ;
#2304 = AXIS2_PLACEMENT_3D ( 'NONE', #3244, #8044, #1796 ) ;
#2305 = DIRECTION ( 'NONE',  ( -0.000000000000000000, -0.000000000000000000, -1.000000000000000000 ) ) ;
#2306 = ORIENTED_EDGE ( 'NONE', *, *, #3657, .T. ) ;
#2307 = CARTESIAN_POINT ( 'NONE',  ( 1.767766952966340899, 1.767766952966394856, 3.049999999999999822 ) ) ;
#2308 = CARTESIAN_POINT ( 'NONE',  ( -10.36492705552115190, -7.338820554675366203, 11.30038463814561567 ) ) ;
#2309 = CARTESIAN_POINT ( 'NONE',  ( 24.25000000000001066, -1.857106781186541600, 1.000000000000000444 ) ) ;
#2311 = EDGE_CURVE ( 'NONE', #2120, #2848, #7496, .T. ) ;
#2310 = EDGE_CURVE ( 'NONE', #6534, #5039, #2895, .T. ) ;
#2312 = AXIS2_PLACEMENT_3D ( 'NONE', #814, #5190, #858 ) ;
#2313 = ORIENTED_EDGE ( 'NONE', *, *, #637, .F. ) ;
#2314 = DIRECTION ( 'NONE',  ( 0.000000000000000000, 0.000000000000000000, 1.000000000000000000 ) ) ;
#2315 = ORIENTED_EDGE ( 'NONE', *, *, #7315, .F. ) ;
#2316 = ORIENTED_EDGE ( 'NONE', *, *, #3202, .T. ) ;
#2317 = DIRECTION ( 'NONE',  ( 0.7071067811865482389, -0.7071067811865469066, 0.000000000000000000 ) ) ;
#2318 = VERTEX_POINT ( 'NONE', #8058 ) ;
#2319 = VECTOR ( 'NONE', #6474, 1000.000000000000000 ) ;
#2320 = LINE ( 'NONE', #5162, #1405 ) ;
#2321 = DIRECTION ( 'NONE',  ( 0.7071067811865460184, 0.7071067811865490160, 0.000000000000000000 ) ) ;
#2322 = CARTESIAN_POINT ( 'NONE',  ( -19.05000000000001137, 11.55000000000000071, 3.049999999999999822 ) ) ;
#2323 = CARTESIAN_POINT ( 'NONE',  ( 9.564993063596650913, 6.725613561834770771, 14.32450456060052701 ) ) ;
#2324 = FACE_OUTER_BOUND ( 'NONE', #4605, .T. ) ;
#2325 = ADVANCED_FACE ( 'NONE', ( #4516 ), #981, .T. ) ;
#2326 = AXIS2_PLACEMENT_3D ( 'NONE', #7632, #7678, #2563 ) ;
#2327 = CARTESIAN_POINT ( 'NONE',  ( 10.70360484075323271, 9.264706088826438091, 4.049999999999999822 ) ) ;
#2328 = ORIENTED_EDGE ( 'NONE', *, *, #1037, .F. ) ;
#2329 = DIRECTION ( 'NONE',  ( -0.000000000000000000, -0.000000000000000000, -1.000000000000000000 ) ) ;
#2330 = VERTEX_POINT ( 'NONE', #2607 ) ;
#2331 = CARTESIAN_POINT ( 'NONE',  ( -11.57710886669494954, -9.849393396991160898, 15.75000000000000000 ) ) ;
#2332 = ORIENTED_EDGE ( 'NONE', *, *, #6286, .T. ) ;
#2333 = CYLINDRICAL_SURFACE ( 'NONE', #4405, 5.200000000000000178 ) ;
#2334 = PLANE ( 'NONE',  #86 ) ;
#2335 = VECTOR ( 'NONE', #3949, 1000.000000000000000 ) ;
#2336 = FACE_OUTER_BOUND ( 'NONE', #1092, .T. ) ;
#2337 = DIRECTION ( 'NONE',  ( 0.000000000000000000, -1.000000000000000000, 0.000000000000000000 ) ) ;
#2338 = LINE ( 'NONE', #984, #1071 ) ;
#2339 = FACE_OUTER_BOUND ( 'NONE', #6718, .T. ) ;
#2340 = ORIENTED_EDGE ( 'NONE', *, *, #413, .F. ) ;
#2341 = ORIENTED_EDGE ( 'NONE', *, *, #5935, .F. ) ;
#2342 = ORIENTED_EDGE ( 'NONE', *, *, #6848, .F. ) ;
#2343 = LINE ( 'NONE', #6629, #4843 ) ;
#2344 = CARTESIAN_POINT ( 'NONE',  ( -17.18650298521229303, -8.920603795974258787, 2.286000000000000032 ) ) ;
#2345 = FACE_OUTER_BOUND ( 'NONE', #5455, .T. ) ;
#2346 = ORIENTED_EDGE ( 'NONE', *, *, #696, .T. ) ;
#2347 = COORDINATED_UNIVERSAL_TIME_OFFSET ( 6, 0, .BEHIND. ) ;
#2348 = ORIENTED_EDGE ( 'NONE', *, *, #4785, .T. ) ;
#2349 = EDGE_CURVE ( 'NONE', #3968, #7167, #2423, .T. ) ;
#2350 = LINE ( 'NONE', #1607, #205 ) ;
#2351 = EDGE_CURVE ( 'NONE', #1227, #6126, #8190, .T. ) ;
#2352 = ORIENTED_EDGE ( 'NONE', *, *, #8494, .F. ) ;
#2353 = CARTESIAN_POINT ( 'NONE',  ( 22.35636464127575707, 10.36347142246229325, 1.000000000000000000 ) ) ;
#2354 = LINE ( 'NONE', #216, #4669 ) ;
#2355 = LINE ( 'NONE', #1652, #213 ) ;
#2356 = ORIENTED_EDGE ( 'NONE', *, *, #536, .F. ) ;
#2357 = PLANE ( 'NONE',  #8081 ) ;
#2358 = VERTEX_POINT ( 'NONE', #6831 ) ;
#2359 = VERTEX_POINT ( 'NONE', #1770 ) ;
#2360 = ADVANCED_FACE ( 'NONE', ( #2515 ), #3863, .T. ) ;
#2361 = CARTESIAN_POINT ( 'NONE',  ( -25.75355339059328585, -0.3535533905932872756, -1.000000000000000000 ) ) ;
#2363 = EDGE_CURVE ( 'NONE', #1953, #8420, #4647, .T. ) ;
#2362 = EDGE_CURVE ( 'NONE', #4879, #4173, #6463, .T. ) ;
#2364 = ORIENTED_EDGE ( 'NONE', *, *, #3546, .F. ) ;
#2365 = CARTESIAN_POINT ( 'NONE',  ( -12.03530071934205381, -9.283939713020791018, 15.75000000000000000 ) ) ;
#2366 = CARTESIAN_POINT ( 'NONE',  ( -19.05000000000001137, -6.349999999999999645, -1.000000000000000000 ) ) ;
#2367 = DIRECTION ( 'NONE',  ( -0.000000000000000000, -0.000000000000000000, -1.000000000000000000 ) ) ;
#2368 = CARTESIAN_POINT ( 'NONE',  ( 19.05000000000001137, -6.349999999999999645, -2.286000000000000032 ) ) ;
#2369 = DIRECTION ( 'NONE',  ( 0.000000000000000000, 0.000000000000000000, -1.000000000000000000 ) ) ;
#2370 = CARTESIAN_POINT ( 'NONE',  ( -19.05000000000001137, -6.349999999999999645, 1.000000000000000000 ) ) ;
#2371 = B_SPLINE_CURVE_WITH_KNOTS ( 'NONE', 3,
 ( #5747, #3604, #2955, #8684 ),
 .UNSPECIFIED., .F., .F.,
 ( 4, 4 ),
 ( 0.000000000000000000, 0.001715609112754639060 ),
 .UNSPECIFIED. ) ;
#2372 = VERTEX_POINT ( 'NONE', #5963 ) ;
#2373 = FACE_OUTER_BOUND ( 'NONE', #6329, .T. ) ;
#2374 = EDGE_CURVE ( 'NONE', #6972, #7108, #4564, .T. ) ;
#2375 = ORIENTED_EDGE ( 'NONE', *, *, #302, .T. ) ;
#2376 = CARTESIAN_POINT ( 'NONE',  ( -20.91349701478772616, -3.779396204025738726, 2.286000000000000032 ) ) ;
#2377 = ORIENTED_EDGE ( 'NONE', *, *, #6781, .T. ) ;
#2378 = CARTESIAN_POINT ( 'NONE',  ( 18.69644660940673830, 6.703553390593271821, -1.000000000000000000 ) ) ;
#2379 = CARTESIAN_POINT ( 'NONE',  ( -7.089843379135174928, -10.53679841599587164, 4.484570918952053731 ) ) ;
#2380 = CARTESIAN_POINT ( 'NONE',  ( -9.283939713020947337, 12.03530071934193479, 15.75000000000000000 ) ) ;
#2381 = DIRECTION ( 'NONE',  ( 0.000000000000000000, 0.000000000000000000, 1.000000000000000000 ) ) ;
#2382 = CARTESIAN_POINT ( 'NONE',  ( -9.264706088826558883, -10.70360484075312968, 4.049999999999999822 ) ) ;
#2383 = CARTESIAN_POINT ( 'NONE',  ( 19.05000000000001137, 6.349999999999999645, 1.000000000000000000 ) ) ;
#2384 = DIRECTION ( 'NONE',  ( -0.000000000000000000, -0.000000000000000000, -1.000000000000000000 ) ) ;
#2385 = VERTEX_POINT ( 'NONE', #331 ) ;
#2386 = VECTOR ( 'NONE', #4170, 1000.000000000000000 ) ;
#2387 = ORIENTED_EDGE ( 'NONE', *, *, #2029, .F. ) ;
#2388 = CARTESIAN_POINT ( 'NONE',  ( -10.17906216943205955, -7.242787000302609357, 12.75523970054632272 ) ) ;
#2389 = DIRECTION ( 'NONE',  ( 0.7071067811865474617, 0.7071067811865474617, -0.000000000000000000 ) ) ;
#2390 = CARTESIAN_POINT ( 'NONE',  ( 19.05000000000001137, 6.349999999999999645, 1.000000000000000000 ) ) ;
#2391 = EDGE_LOOP ( 'NONE', ( #6529, #6711 ) ) ;
#2392 = APPROVAL_ROLE ( '' ) ;
#2393 = EDGE_LOOP ( 'NONE', ( #21, #7547, #6943, #5008 ) ) ;
#2394 = DIRECTION ( 'NONE',  ( -1.000000000000000000, 0.000000000000000000, 0.000000000000000000 ) ) ;
#2395 = DIRECTION ( 'NONE',  ( 0.7071067811865514585, -0.7071067811865435759, 0.000000000000000000 ) ) ;
#2396 = ORIENTED_EDGE ( 'NONE', *, *, #7238, .F. ) ;
#2397 = PLANE ( 'NONE',  #5843 ) ;
#2398 = ORIENTED_EDGE ( 'NONE', *, *, #2653, .F. ) ;
#2399 = VERTEX_POINT ( 'NONE', #8977 ) ;
#2400 = LINE ( 'NONE', #5243, #200 ) ;
#2401 = VERTEX_POINT ( 'NONE', #3126 ) ;
#2402 = DIRECTION ( 'NONE',  ( 0.7071067811865474617, -0.7071067811865476838, 0.000000000000000000 ) ) ;
#2403 = CIRCLE ( 'NONE', #2248, 8.000000000000000000 ) ;
#2404 = FACE_OUTER_BOUND ( 'NONE', #151, .T. ) ;
#2405 = LINE ( 'NONE', #3756, #6642 ) ;
#2406 = CARTESIAN_POINT ( 'NONE',  ( 17.18650298521228947, -8.920603795974264116, 2.286000000000000032 ) ) ;
#2407 = CARTESIAN_POINT ( 'NONE',  ( 20.91349701478773326, 8.920603795974265893, -1.000000000000000000 ) ) ;
#2408 = EDGE_CURVE ( 'NONE', #6907, #8649, #7493, .T. ) ;
#2410 = ADVANCED_FACE ( 'NONE', ( #6137 ), #6796, .T. ) ;
#2409 = EDGE_CURVE ( 'NONE', #8074, #4133, #5394, .T. ) ;
#2411 = AXIS2_PLACEMENT_3D ( 'NONE', #945, #996, #7272 ) ;
#2412 = CARTESIAN_POINT ( 'NONE',  ( 10.47393927217178522, 8.746223802468010788, 15.75000000000000000 ) ) ;
#2413 = ORIENTED_EDGE ( 'NONE', *, *, #8879, .T. ) ;
#2414 = CIRCLE ( 'NONE', #6580, 3.175000000000007816 ) ;
#2415 = CARTESIAN_POINT ( 'NONE',  ( 0.000000000000000000, 0.000000000000000000, 3.049999999999999822 ) ) ;
#2416 = EDGE_LOOP ( 'NONE', ( #6046, #5941, #3575, #2257, #6156, #7460, #3148, #6211 ) ) ;
#2417 = LINE ( 'NONE', #4462, #2138 ) ;
#2418 = ORIENTED_EDGE ( 'NONE', *, *, #527, .F. ) ;
#2419 = FACE_OUTER_BOUND ( 'NONE', #7848, .T. ) ;
#2420 = CARTESIAN_POINT ( 'NONE',  ( -22.70441558772843393, 1.287490079826536515E-15, 3.049999999999999822 ) ) ;
#2421 = AXIS2_PLACEMENT_3D ( 'NONE', #2148, #2196, #7722 ) ;
#2422 = CARTESIAN_POINT ( 'NONE',  ( -22.70441558772843393, 1.287490079826536515E-15, 3.049999999999999822 ) ) ;
#2423 = LINE ( 'NONE', #3991, #1710 ) ;
#2424 = AXIS2_PLACEMENT_3D ( 'NONE', #3108, #7243, #1657 ) ;
#2426 = EDGE_CURVE ( 'NONE', #1320, #1166, #6666, .T. ) ;
#2425 = EDGE_CURVE ( 'NONE', #6258, #4449, #3131, .T. ) ;
#2427 = DIRECTION ( 'NONE',  ( 0.7071067811865474617, -0.7071067811865474617, 0.000000000000000000 ) ) ;
#2428 = VECTOR ( 'NONE', #5806, 1000.000000000000000 ) ;
#2429 = DIRECTION ( 'NONE',  ( 0.000000000000000000, 0.000000000000000000, 1.000000000000000000 ) ) ;
#2430 = LINE ( 'NONE', #5224, #2529 ) ;
#2431 = ORIENTED_EDGE ( 'NONE', *, *, #6438, .F. ) ;
#2432 = AXIS2_PLACEMENT_3D ( 'NONE', #7689, #13, #3652 ) ;
#2433 = ORIENTED_EDGE ( 'NONE', *, *, #1955, .T. ) ;
#2434 = DIRECTION ( 'NONE',  ( -0.7071067811865472397, -0.7071067811865479058, 0.000000000000000000 ) ) ;
#2435 = DIRECTION ( 'NONE',  ( -0.000000000000000000, -0.000000000000000000, -1.000000000000000000 ) ) ;
#2436 = VECTOR ( 'NONE', #1285, 1000.000000000000000 ) ;
#2437 = EDGE_CURVE ( 'NONE', #2084, #1529, #8992, .T. ) ;
#2438 = CIRCLE ( 'NONE', #6296, 3.175000000000000711 ) ;
#2439 = VECTOR ( 'NONE', #5910, 1000.000000000000000 ) ;
#2440 = CARTESIAN_POINT ( 'NONE',  ( -24.25000000000001066, 1.545584412271579167, 2.286000000000000032 ) ) ;
#2441 = VERTEX_POINT ( 'NONE', #6754 ) ;
#2442 = AXIS2_PLACEMENT_3D ( 'NONE', #3957, #419, #8983 ) ;
#2443 = ORIENTED_EDGE ( 'NONE', *, *, #7985, .T. ) ;
#2444 = VECTOR ( 'NONE', #6973, 1000.000000000000000 ) ;
#2445 = PLANE ( 'NONE',  #6630 ) ;
#2446 = CIRCLE ( 'NONE', #6448, 12.69999999999999929 ) ;
#2447 = LINE ( 'NONE', #8770, #645 ) ;
#2448 = VECTOR ( 'NONE', #684, 1000.000000000000114 ) ;
#2449 = VERTEX_POINT ( 'NONE', #377 ) ;
#2450 = VECTOR ( 'NONE', #8887, 1000.000000000000000 ) ;
#2451 = PLANE ( 'NONE',  #7478 ) ;
#2452 = ORIENTED_EDGE ( 'NONE', *, *, #7253, .T. ) ;
#2453 = ORIENTED_EDGE ( 'NONE', *, *, #1828, .F. ) ;
#2454 = CARTESIAN_POINT ( 'NONE',  ( 14.55710678118655643, 11.55000000000000071, -2.286000000000000032 ) ) ;
#2455 = ORIENTED_EDGE ( 'NONE', *, *, #4750, .F. ) ;
#2456 = CARTESIAN_POINT ( 'NONE',  ( 8.807327582447381786, -12.38840778022558275, 4.012546888788381061 ) ) ;
#2457 = FACE_OUTER_BOUND ( 'NONE', #8082, .T. ) ;
#2458 = LINE ( 'NONE', #2503, #7032 ) ;
#2459 = VECTOR ( 'NONE', #6443, 1000.000000000000000 ) ;
#2460 = LINE ( 'NONE', #5301, #2286 ) ;
#2461 = FACE_OUTER_BOUND ( 'NONE', #8854, .T. ) ;
#2462 = ORIENTED_EDGE ( 'NONE', *, *, #8342, .T. ) ;
#2463 = VECTOR ( 'NONE', #6089, 1000.000000000000000 ) ;
#2464 = FACE_OUTER_BOUND ( 'NONE', #7614, .T. ) ;
#2465 = ORIENTED_EDGE ( 'NONE', *, *, #4108, .T. ) ;
#2466 = DIRECTION ( 'NONE',  ( 0.7071067811865472397, -0.7071067811865479058, 0.000000000000000000 ) ) ;
#2467 = EDGE_CURVE ( 'NONE', #3996, #6503, #3218, .T. ) ;
#2468 = VERTEX_POINT ( 'NONE', #7753 ) ;
#2470 = ADVANCED_FACE ( 'NONE', ( #4031 ), #6191, .F. ) ;
#2469 = ADVANCED_FACE ( 'NONE', ( #5527 ), #8367, .T. ) ;
#2471 = VECTOR ( 'NONE', #8837, 1000.000000000000000 ) ;
#2472 = DIRECTION ( 'NONE',  ( 0.7071067811865474617, 0.7071067811865474617, -0.000000000000000000 ) ) ;
#2473 = DIRECTION ( 'NONE',  ( -0.000000000000000000, -0.000000000000000000, 1.000000000000000000 ) ) ;
#2474 = CARTESIAN_POINT ( 'NONE',  ( 24.11862915010152975, 5.907360397698777307E-15, 3.049999999999999822 ) ) ;
#2475 = CARTESIAN_POINT ( 'NONE',  ( 6.939368936583285574, 10.63658198510791308, 3.833945435550937919 ) ) ;
#2476 = VECTOR ( 'NONE', #8697, 1000.000000000000000 ) ;
#2477 =( BOUNDED_CURVE ( )  B_SPLINE_CURVE ( 3, ( #5639, #3691, #6346, #2204 ),
 .UNSPECIFIED., .F., .T. ) 
 B_SPLINE_CURVE_WITH_KNOTS ( ( 4, 4 ),
 ( 1.637784248836730017, 1.651256753668531418 ),
 .UNSPECIFIED. ) 
 CURVE ( )  GEOMETRIC_REPRESENTATION_ITEM ( )  RATIONAL_B_SPLINE_CURVE ( ( 1.000000000000000000, 0.9999848743583262811, 0.9999848743583262811, 1.000000000000000000 ) ) 
 REPRESENTATION_ITEM ( '' )  );
#2478 = DIRECTION ( 'NONE',  ( -0.000000000000000000, -0.000000000000000000, 1.000000000000000000 ) ) ;
#2479 = CARTESIAN_POINT ( 'NONE',  ( -20.91349701478772616, 8.920603795974260564, -1.000000000000000000 ) ) ;
#2480 = DIRECTION ( 'NONE',  ( 0.7071067811865510144, 0.7071067811865441310, -0.000000000000000000 ) ) ;
#2481 = ORIENTED_EDGE ( 'NONE', *, *, #636, .F. ) ;
#2482 = CIRCLE ( 'NONE', #534, 12.69999999999999929 ) ;
#2483 = ADVANCED_FACE ( 'NONE', ( #1379 ), #4219, .F. ) ;
#2484 = ORIENTED_EDGE ( 'NONE', *, *, #6512, .T. ) ;
#2486 = ADVANCED_FACE ( 'NONE', ( #7058 ), #689, .T. ) ;
#2485 = EDGE_CURVE ( 'NONE', #8771, #7331, #3485, .T. ) ;
#2487 = CARTESIAN_POINT ( 'NONE',  ( -5.929699067818184233, -11.23241231305622101, 3.050000000000001155 ) ) ;
#2488 = DIRECTION ( 'NONE',  ( -0.000000000000000000, -0.000000000000000000, -1.000000000000000000 ) ) ;
#2489 = AXIS2_PLACEMENT_3D ( 'NONE', #870, #3808, #130 ) ;
#2490 = CARTESIAN_POINT ( 'NONE',  ( -24.25000000000001066, -1.545584412271577612, 3.049999999999999822 ) ) ;
#2491 = CALENDAR_DATE ( 2022, 7, 6 ) ;
#2492 = ORIENTED_EDGE ( 'NONE', *, *, #208, .T. ) ;
#2493 = EDGE_CURVE ( 'NONE', #628, #3565, #6880, .T. ) ;
#2494 = DIRECTION ( 'NONE',  ( 0.000000000000000000, 0.000000000000000000, 1.000000000000000000 ) ) ;
#2495 = B_SPLINE_CURVE_WITH_KNOTS ( 'NONE', 3,
 ( #4522, #3260, #8759, #5317, #1068, #3958, #3222, #8156, #4472, #5925 ),
 .UNSPECIFIED., .F., .F.,
 ( 4, 2, 2, 2, 4 ),
 ( 5.813265174832451687E-17, 0.0008803669562398702122, 0.001760733912479682311, 0.002641100868719494302, 0.003521467824959306509 ),
 .UNSPECIFIED. ) ;
#2496 = EDGE_LOOP ( 'NONE', ( #7814, #3194, #8825, #115 ) ) ;
#2497 = CARTESIAN_POINT ( 'NONE',  ( 24.25000000000001066, 1.857106781186553146, 3.049999999999999822 ) ) ;
#2498 = ORIENTED_EDGE ( 'NONE', *, *, #5579, .T. ) ;
#2499 = VERTEX_POINT ( 'NONE', #9106 ) ;
#2500 = DIRECTION ( 'NONE',  ( 1.000000000000000000, 0.000000000000000000, 0.000000000000000000 ) ) ;
#2501 = LINE ( 'NONE', #3241, #1264 ) ;
#2502 = CARTESIAN_POINT ( 'NONE',  ( -9.881168959186963363, -11.55000000000000071, -3.049999999999999822 ) ) ;
#2503 = CARTESIAN_POINT ( 'NONE',  ( -19.40355339059328443, 5.996446609406727468, -1.000000000000000000 ) ) ;
#2504 = LINE ( 'NONE', #5340, #5858 ) ;
#2505 = DIRECTION ( 'NONE',  ( 0.000000000000000000, 0.000000000000000000, 1.000000000000000000 ) ) ;
#2506 = FACE_OUTER_BOUND ( 'NONE', #5482, .T. ) ;
#2507 = ORIENTED_EDGE ( 'NONE', *, *, #2976, .F. ) ;
#2508 = LINE ( 'NONE', #5344, #8855 ) ;
#2509 = ORIENTED_EDGE ( 'NONE', *, *, #6839, .T. ) ;
#2510 = CARTESIAN_POINT ( 'NONE',  ( -19.05000000000001137, 6.349999999999999645, 1.000000000000000000 ) ) ;
#2511 = VERTEX_POINT ( 'NONE', #1996 ) ;
#2512 = DIRECTION ( 'NONE',  ( -1.000000000000000000, 0.000000000000000000, 0.000000000000000000 ) ) ;
#2513 = FACE_OUTER_BOUND ( 'NONE', #1656, .T. ) ;
#2514 = DIRECTION ( 'NONE',  ( 1.000000000000000000, 0.000000000000000000, 0.000000000000000000 ) ) ;
#2515 = FACE_OUTER_BOUND ( 'NONE', #2097, .T. ) ;
#2516 = EDGE_CURVE ( 'NONE', #9174, #6651, #8841, .T. ) ;
#2517 = CARTESIAN_POINT ( 'NONE',  ( 19.05000000000001137, 6.349999999999999645, -1.000000000000000000 ) ) ;
#2518 = CARTESIAN_POINT ( 'NONE',  ( 0.000000000000000000, 0.000000000000000000, -2.286000000000000032 ) ) ;
#2519 = CARTESIAN_POINT ( 'NONE',  ( -24.25000000000001066, -1.857106781186546707, -2.286000000000000032 ) ) ;
#2520 = VERTEX_POINT ( 'NONE', #8457 ) ;
#2521 = ORIENTED_EDGE ( 'NONE', *, *, #1441, .F. ) ;
#2522 = LINE ( 'NONE', #1820, #5737 ) ;
#2523 = LINE ( 'NONE', #7411, #7914 ) ;
#2524 = CARTESIAN_POINT ( 'NONE',  ( 15.10488494811827564, 1.697778166931711130, 3.049999999999999822 ) ) ;
#2525 = EDGE_CURVE ( 'NONE', #1648, #3021, #5487, .T. ) ;
#2527 = EDGE_CURVE ( 'NONE', #1242, #7152, #8326, .T. ) ;
#2526 = EDGE_CURVE ( 'NONE', #5158, #1546, #4238, .T. ) ;
#2528 = FACE_OUTER_BOUND ( 'NONE', #5080, .T. ) ;
#2529 = VECTOR ( 'NONE', #5275, 1000.000000000000000 ) ;
#2530 = ORIENTED_EDGE ( 'NONE', *, *, #7729, .F. ) ;
#2531 = ORIENTED_EDGE ( 'NONE', *, *, #8508, .F. ) ;
#2532 = DIRECTION ( 'NONE',  ( -0.000000000000000000, -0.000000000000000000, -1.000000000000000000 ) ) ;
#2533 = EDGE_CURVE ( 'NONE', #8020, #3140, #5663, .T. ) ;
#2534 = ORIENTED_EDGE ( 'NONE', *, *, #983, .F. ) ;
#2535 = CARTESIAN_POINT ( 'NONE',  ( 19.05000000000001137, 11.55000000000000071, 3.049999999999999822 ) ) ;
#2536 = VERTEX_POINT ( 'NONE', #1334 ) ;
#2537 = ORIENTED_EDGE ( 'NONE', *, *, #1511, .F. ) ;
#2538 = DIRECTION ( 'NONE',  ( -0.000000000000000000, -0.000000000000000000, 1.000000000000000000 ) ) ;
#2539 = FACE_OUTER_BOUND ( 'NONE', #7697, .T. ) ;
#2540 = CARTESIAN_POINT ( 'NONE',  ( 0.000000000000000000, 0.000000000000000000, 3.049999999999999822 ) ) ;
#2541 = FACE_OUTER_BOUND ( 'NONE', #6068, .T. ) ;
#2542 = LINE ( 'NONE', #8094, #1256 ) ;
#2543 = CARTESIAN_POINT ( 'NONE',  ( -7.349571161274887743, -10.35731515702295447, 11.59777289888899254 ) ) ;
#2544 = LINE ( 'NONE', #2642, #3460 ) ;
#2545 = VERTEX_POINT ( 'NONE', #7620 ) ;
#2546 = CIRCLE ( 'NONE', #8343, 15.19999999999999929 ) ;
#2547 = DIRECTION ( 'NONE',  ( -1.000000000000000000, 0.000000000000000000, 0.000000000000000000 ) ) ;
#2548 = ORIENTED_EDGE ( 'NONE', *, *, #3175, .F. ) ;
#2549 = LINE ( 'NONE', #1860, #8839 ) ;
#2550 = ORIENTED_EDGE ( 'NONE', *, *, #2179, .T. ) ;
#2551 = FACE_OUTER_BOUND ( 'NONE', #1569, .T. ) ;
#2552 = CARTESIAN_POINT ( 'NONE',  ( -10.87817096277106188, -6.554556843943774247, 3.330632831706421104 ) ) ;
#2553 = LINE ( 'NONE', #8239, #4626 ) ;
#2554 = DIRECTION ( 'NONE',  ( -0.7071067811865476838, -0.7071067811865474617, 0.000000000000000000 ) ) ;
#2555 = CIRCLE ( 'NONE', #470, 15.19999999999998863 ) ;
#2556 = DIRECTION ( 'NONE',  ( 1.000000000000000000, 0.000000000000000000, 0.000000000000000000 ) ) ;
#2557 = EDGE_LOOP ( 'NONE', ( #6808, #327, #3455, #5752 ) ) ;
#2558 = CARTESIAN_POINT ( 'NONE',  ( -19.05000000000001137, 6.349999999999999645, 1.000000000000000000 ) ) ;
#2559 = ORIENTED_EDGE ( 'NONE', *, *, #7008, .T. ) ;
#2560 = CARTESIAN_POINT ( 'NONE',  ( 10.76146778890724498, 6.744329396328513582, 3.520772555996542597 ) ) ;
#2561 = VECTOR ( 'NONE', #7672, 1000.000000000000000 ) ;
#2562 = ORIENTED_EDGE ( 'NONE', *, *, #5438, .F. ) ;
#2563 = DIRECTION ( 'NONE',  ( 0.7071067811865482389, -0.7071067811865469066, 0.000000000000000000 ) ) ;
#2564 = CARTESIAN_POINT ( 'NONE',  ( -7.287703921487212355, 10.24149574457074507, 12.47155034411759544 ) ) ;
#2565 = DIRECTION ( 'NONE',  ( -0.000000000000000000, -0.000000000000000000, -1.000000000000000000 ) ) ;
#2566 = VECTOR ( 'NONE', #1465, 1000.000000000000000 ) ;
#2567 = CARTESIAN_POINT ( 'NONE',  ( -9.420798938022249658, -6.595342854572370683, 14.55000000000000782 ) ) ;
#2568 = AXIS2_PLACEMENT_3D ( 'NONE', #6688, #4546, #7388 ) ;
#2569 = VERTEX_POINT ( 'NONE', #2826 ) ;
#2570 = ORIENTED_EDGE ( 'NONE', *, *, #4576, .F. ) ;
#2571 = VECTOR ( 'NONE', #960, 1000.000000000000000 ) ;
#2572 = EDGE_CURVE ( 'NONE', #1753, #5797, #5132, .T. ) ;
#2574 = ADVANCED_FACE ( 'NONE', ( #4971 ), #638, .T. ) ;
#2573 = EDGE_CURVE ( 'NONE', #5039, #251, #9199, .T. ) ;
#2575 = VECTOR ( 'NONE', #5575, 1000.000000000000000 ) ;
#2576 = AXIS2_PLACEMENT_3D ( 'NONE', #9050, #4767, #6918 ) ;
#2577 = VECTOR ( 'NONE', #8852, 1000.000000000000000 ) ;
#2578 = ORIENTED_EDGE ( 'NONE', *, *, #861, .T. ) ;
#2579 = FACE_OUTER_BOUND ( 'NONE', #5650, .T. ) ;
#2580 = EDGE_LOOP ( 'NONE', ( #5826, #2667, #6919, #7197, #5233 ) ) ;
#2581 = ORIENTED_EDGE ( 'NONE', *, *, #6959, .T. ) ;
#2582 = AXIS2_PLACEMENT_3D ( 'NONE', #1707, #4540, #6590 ) ;
#2583 = VECTOR ( 'NONE', #4147, 1000.000000000000000 ) ;
#2584 = CARTESIAN_POINT ( 'NONE',  ( -19.05000000000001137, -6.349999999999999645, 2.286000000000000032 ) ) ;
#2585 = CARTESIAN_POINT ( 'NONE',  ( 0.000000000000000000, 0.000000000000000000, 3.049999999999999822 ) ) ;
#2587 = ADVANCED_FACE ( 'NONE', ( #5167 ), #7293, .F. ) ;
#2586 = EDGE_CURVE ( 'NONE', #1576, #820, #1199, .T. ) ;
#2588 = CARTESIAN_POINT ( 'NONE',  ( 15.87500000000000355, 6.349999999999999645, 1.000000000000000000 ) ) ;
#2589 = DIRECTION ( 'NONE',  ( 0.000000000000000000, 0.000000000000000000, 1.000000000000000000 ) ) ;
#2590 = CARTESIAN_POINT ( 'NONE',  ( 0.000000000000000000, 0.000000000000000000, 15.75000000000000000 ) ) ;
#2591 = VECTOR ( 'NONE', #1954, 1000.000000000000000 ) ;
#2592 = AXIS2_PLACEMENT_3D ( 'NONE', #2793, #3537, #7114 ) ;
#2593 = LINE ( 'NONE', #8277, #3607 ) ;
#2594 = FACE_OUTER_BOUND ( 'NONE', #7883, .T. ) ;
#2595 = ORIENTED_EDGE ( 'NONE', *, *, #3602, .T. ) ;
#2596 = DIRECTION ( 'NONE',  ( 0.000000000000000000, 0.000000000000000000, 1.000000000000000000 ) ) ;
#2597 = ORIENTED_EDGE ( 'NONE', *, *, #254, .F. ) ;
#2598 = CIRCLE ( 'NONE', #3637, 3.175000000000000711 ) ;
#2599 = CARTESIAN_POINT ( 'NONE',  ( 19.05000000000001137, -11.55000000000000071, -3.049999999999999822 ) ) ;
#2600 = AXIS2_PLACEMENT_3D ( 'NONE', #6605, #8745, #3713 ) ;
#2601 = ORIENTED_EDGE ( 'NONE', *, *, #413, .T. ) ;
#2602 = ADVANCED_FACE ( 'NONE', ( #732 ), #5716, .T. ) ;
#2603 = DIRECTION ( 'NONE',  ( -1.000000000000000000, 0.000000000000000000, 0.000000000000000000 ) ) ;
#2604 = LINE ( 'NONE', #3427, #5142 ) ;
#2605 = CARTESIAN_POINT ( 'NONE',  ( -19.05000000000001137, -6.349999999999999645, 1.000000000000000000 ) ) ;
#2606 = CARTESIAN_POINT ( 'NONE',  ( 12.43553620421372230, 8.740658201038526087, 3.837055706003879685 ) ) ;
#2607 = CARTESIAN_POINT ( 'NONE',  ( 15.10488494811827387, 1.697778166931710908, -1.000000000000000000 ) ) ;
#2608 = AXIS2_PLACEMENT_3D ( 'NONE', #954, #7323, #5047 ) ;
#2609 = LINE ( 'NONE', #3393, #5381 ) ;
#2610 = ORIENTED_EDGE ( 'NONE', *, *, #6217, .F. ) ;
#2611 = LINE ( 'NONE', #512, #5698 ) ;
#2612 = CARTESIAN_POINT ( 'NONE',  ( -23.06347142246230320, 9.656364641275745342, -1.000000000000000000 ) ) ;
#2613 = ORIENTED_EDGE ( 'NONE', *, *, #7999, .T. ) ;
#2614 = CIRCLE ( 'NONE', #7811, 15.19999999999999751 ) ;
#2615 = FACE_OUTER_BOUND ( 'NONE', #7596, .T. ) ;
#2616 = ORIENTED_EDGE ( 'NONE', *, *, #2250, .F. ) ;
#2617 = DIRECTION ( 'NONE',  ( -0.000000000000000000, -0.000000000000000000, -1.000000000000000000 ) ) ;
#2618 = AXIS2_PLACEMENT_3D ( 'NONE', #4913, #8643, #8554 ) ;
#2619 = CYLINDRICAL_SURFACE ( 'NONE', #1960, 3.175000000000007816 ) ;
#2620 = FACE_OUTER_BOUND ( 'NONE', #7106, .T. ) ;
#2621 = DIRECTION ( 'NONE',  ( 1.000000000000000000, 0.000000000000000000, 0.000000000000000000 ) ) ;
#2622 = VECTOR ( 'NONE', #1645, 1000.000000000000000 ) ;
#2623 = EDGE_LOOP ( 'NONE', ( #2341, #3626, #1929, #5421 ) ) ;
#2624 = MANIFOLD_SOLID_BREP ( '228-2500-507', #6832 ) ;
#2625 = ORIENTED_EDGE ( 'NONE', *, *, #2586, .F. ) ;
#2626 = ORIENTED_EDGE ( 'NONE', *, *, #9046, .T. ) ;
#2627 = VECTOR ( 'NONE', #9056, 1000.000000000000000 ) ;
#2628 = ORIENTED_EDGE ( 'NONE', *, *, #5701, .T. ) ;
#2629 = EDGE_CURVE ( 'NONE', #938, #6527, #178, .T. ) ;
#2630 = EDGE_CURVE ( 'NONE', #4504, #5363, #1406, .T. ) ;
#2631 = CARTESIAN_POINT ( 'NONE',  ( -2.056696380120320633, -14.89999999999999858, 3.049999999999999822 ) ) ;
#2632 = VERTEX_POINT ( 'NONE', #4416 ) ;
#2633 = FACE_OUTER_BOUND ( 'NONE', #6347, .T. ) ;
#2634 = DIRECTION ( 'NONE',  ( -0.000000000000000000, -0.000000000000000000, -1.000000000000000000 ) ) ;
#2635 = DIRECTION ( 'NONE',  ( 0.000000000000000000, 0.000000000000000000, -1.000000000000000000 ) ) ;
#2636 = DIRECTION ( 'NONE',  ( -0.000000000000000000, -0.000000000000000000, -1.000000000000000000 ) ) ;
#2637 = CARTESIAN_POINT ( 'NONE',  ( -19.05000000000001137, 11.55000000000000071, -1.000000000000000000 ) ) ;
#2638 = EDGE_CURVE ( 'NONE', #5720, #2173, #3029, .T. ) ;
#2640 = ADVANCED_FACE ( 'NONE', ( #3758 ), #7250, .F. ) ;
#2639 = EDGE_CURVE ( 'NONE', #1322, #8433, #1525, .T. ) ;
#2641 = CARTESIAN_POINT ( 'NONE',  ( -8.740348525191217632, -12.43575344850921738, 3.836427450474411582 ) ) ;
#2642 = CARTESIAN_POINT ( 'NONE',  ( -20.91349701478772616, -8.920603795974260564, 2.286000000000000032 ) ) ;
#2643 = ORIENTED_EDGE ( 'NONE', *, *, #411, .F. ) ;
#2644 = CARTESIAN_POINT ( 'NONE',  ( 9.881168959186966916, -11.54999999999999716, -1.000000000000000000 ) ) ;
#2645 = ORIENTED_EDGE ( 'NONE', *, *, #1155, .F. ) ;
#2646 = DIRECTION ( 'NONE',  ( -0.7071067811865472397, -0.7071067811865479058, 0.000000000000000000 ) ) ;
#2647 = ORIENTED_EDGE ( 'NONE', *, *, #3047, .F. ) ;
#2648 = DIRECTION ( 'NONE',  ( -0.7071067811865474617, -0.7071067811865476838, 0.000000000000000000 ) ) ;
#2649 = DIRECTION ( 'NONE',  ( 1.000000000000000000, 1.912293595564979323E-15, 0.000000000000000000 ) ) ;
#2650 = CARTESIAN_POINT ( 'NONE',  ( -25.25000000000001066, 6.349999999999999645, -3.049999999999999822 ) ) ;
#2651 = CARTESIAN_POINT ( 'NONE',  ( -14.55710678118655643, 11.55000000000000071, 3.049999999999999822 ) ) ;
#2652 = CARTESIAN_POINT ( 'NONE',  ( 0.000000000000000000, 0.000000000000000000, -1.000000000000000000 ) ) ;
#2653 = EDGE_CURVE ( 'NONE', #3237, #4535, #7810, .T. ) ;
#2654 = CARTESIAN_POINT ( 'NONE',  ( -16.47939620402574690, -8.213497014787712658, 2.286000000000000032 ) ) ;
#2655 = ORIENTED_EDGE ( 'NONE', *, *, #5702, .T. ) ;
#2656 = CARTESIAN_POINT ( 'NONE',  ( -10.36492705552113414, 7.338820554675384855, 11.30038463814569205 ) ) ;
#2657 = DIRECTION ( 'NONE',  ( 0.7071067811865501263, 0.7071067811865450192, 3.466144807221854724E-18 ) ) ;
#2658 = ORIENTED_EDGE ( 'NONE', *, *, #3617, .F. ) ;
#2659 = CARTESIAN_POINT ( 'NONE',  ( -9.849393396991292349, -11.57710886669483763, 15.75000000000000000 ) ) ;
#2660 = ORIENTED_EDGE ( 'NONE', *, *, #7413, .F. ) ;
#2661 = CARTESIAN_POINT ( 'NONE',  ( 23.69865440327095030, -0.9942388155425091467, -2.286000000000000032 ) ) ;
#2662 = CARTESIAN_POINT ( 'NONE',  ( -25.25000000000001066, -1.131370849898482023, 1.000000000000000000 ) ) ;
#2663 = CARTESIAN_POINT ( 'NONE',  ( 0.000000000000000000, 0.000000000000000000, 15.75000000000000000 ) ) ;
#2664 = CARTESIAN_POINT ( 'NONE',  ( -21.62060379597427229, -4.486502985212284855, 2.286000000000000032 ) ) ;
#2665 = VERTEX_POINT ( 'NONE', #1625 ) ;
#2666 = ORIENTED_EDGE ( 'NONE', *, *, #6680, .F. ) ;
#2667 = ORIENTED_EDGE ( 'NONE', *, *, #5819, .T. ) ;
#2668 = VERTEX_POINT ( 'NONE', #7149 ) ;
#2669 = LINE ( 'NONE', #6858, #2858 ) ;
#2670 = CARTESIAN_POINT ( 'NONE',  ( 0.7071067811865245911, -0.7071067811865350272, 3.049999999999999822 ) ) ;
#2671 = AXIS2_PLACEMENT_3D ( 'NONE', #6095, #1773, #383 ) ;
#2672 = FACE_OUTER_BOUND ( 'NONE', #7194, .T. ) ;
#2673 = CARTESIAN_POINT ( 'NONE',  ( -24.11862915010152975, 0.000000000000000000, -3.049999999999999822 ) ) ;
#2674 = EDGE_CURVE ( 'NONE', #4133, #6616, #6550, .T. ) ;
#2675 = DIRECTION ( 'NONE',  ( -0.7071067811865531239, -0.7071067811865420216, -3.459549943497251233E-18 ) ) ;
#2676 = CARTESIAN_POINT ( 'NONE',  ( 24.25000000000001066, -6.350000000000000533, 3.049999999999999822 ) ) ;
#2677 = CARTESIAN_POINT ( 'NONE',  ( 21.62060379597427584, -8.213497014787719763, -2.286000000000000032 ) ) ;
#2678 = VERTEX_POINT ( 'NONE', #4265 ) ;
#2679 = DIRECTION ( 'NONE',  ( -0.000000000000000000, -0.000000000000000000, -1.000000000000000000 ) ) ;
#2680 = ORIENTED_EDGE ( 'NONE', *, *, #1922, .F. ) ;
#2681 = CARTESIAN_POINT ( 'NONE',  ( -15.10488494811827387, -1.697778166931715571, 3.049999999999999822 ) ) ;
#2682 = ORIENTED_EDGE ( 'NONE', *, *, #1871, .F. ) ;
#2683 = FACE_OUTER_BOUND ( 'NONE', #4981, .T. ) ;
#2684 = PLANE ( 'NONE',  #3648 ) ;
#2685 = CARTESIAN_POINT ( 'NONE',  ( -21.62060379597427229, -8.213497014787716211, -2.286000000000000032 ) ) ;
#2686 = CIRCLE ( 'NONE', #6066, 5.200000000000000178 ) ;
#2687 = EDGE_CURVE ( 'NONE', #3235, #820, #3794, .T. ) ;
#2688 = CARTESIAN_POINT ( 'NONE',  ( 19.05000000000001137, 11.55000000000000071, 3.049999999999999822 ) ) ;
#2690 = EDGE_CURVE ( 'NONE', #2372, #6314, #3671, .T. ) ;
#2689 = EDGE_CURVE ( 'NONE', #5039, #658, #6464, .T. ) ;
#2691 = CARTESIAN_POINT ( 'NONE',  ( 14.91623517531649412, -2.923341956503026307, 3.049999999999999822 ) ) ;
#2692 = CIRCLE ( 'NONE', #6109, 3.175000000000000711 ) ;
#2693 = CARTESIAN_POINT ( 'NONE',  ( -19.05000000000001137, 6.349999999999999645, 2.286000000000000032 ) ) ;
#2694 = ORIENTED_EDGE ( 'NONE', *, *, #95, .T. ) ;
#2695 = CARTESIAN_POINT ( 'NONE',  ( 24.25000000000001066, -6.350000000000000533, -3.049999999999999822 ) ) ;
#2696 = VERTEX_POINT ( 'NONE', #92 ) ;
#2697 = CARTESIAN_POINT ( 'NONE',  ( 24.25000000000001066, -1.545584412271583830, 2.286000000000000032 ) ) ;
#2698 = VERTEX_POINT ( 'NONE', #2969 ) ;
#2699 = LINE ( 'NONE', #5540, #988 ) ;
#2700 = CARTESIAN_POINT ( 'NONE',  ( -17.21152236891498788, 7.481370849898475228, -2.286000000000000032 ) ) ;
#2701 = CIRCLE ( 'NONE', #6996, 5.200000000000000178 ) ;
#2702 = DIRECTION ( 'NONE',  ( -1.000000000000000000, 0.000000000000000000, 0.000000000000000000 ) ) ;
#2704 = EDGE_CURVE ( 'NONE', #1270, #622, #6166, .T. ) ;
#2703 = ADVANCED_FACE ( 'NONE', ( #6509 ), #3072, .F. ) ;
#2705 = DIRECTION ( 'NONE',  ( 1.000000000000000000, 0.000000000000000000, 0.000000000000000000 ) ) ;
#2706 = CARTESIAN_POINT ( 'NONE',  ( -9.697517946748400064, -6.896731639425341953, 14.94953708801445202 ) ) ;
#2707 = VECTOR ( 'NONE', #8241, 1000.000000000000114 ) ;
#2708 = VECTOR ( 'NONE', #7314, 1000.000000000000000 ) ;
#2709 = ORIENTED_EDGE ( 'NONE', *, *, #7686, .F. ) ;
#2710 = ORIENTED_EDGE ( 'NONE', *, *, #8686, .F. ) ;
#2711 = ADVANCED_FACE ( 'NONE', ( #873 ), #5018, .F. ) ;
#2712 = AXIS2_PLACEMENT_3D ( 'NONE', #1277, #4106, #573 ) ;
#2713 = ORIENTED_EDGE ( 'NONE', *, *, #4566, .F. ) ;
#2714 = ORIENTED_EDGE ( 'NONE', *, *, #1266, .F. ) ;
#2715 = AXIS2_PLACEMENT_3D ( 'NONE', #3205, #6081, #3245 ) ;
#2716 = DIRECTION ( 'NONE',  ( 1.000000000000000000, 0.000000000000000000, 0.000000000000000000 ) ) ;
#2717 = CARTESIAN_POINT ( 'NONE',  ( 13.14289321881346062, 11.55000000000000071, 1.000000000000000000 ) ) ;
#2718 = CIRCLE ( 'NONE', #7928, 15.19999999999999751 ) ;
#2719 = CARTESIAN_POINT ( 'NONE',  ( 19.05000000000001137, -6.349999999999999645, 1.000000000000000000 ) ) ;
#2720 = CARTESIAN_POINT ( 'NONE',  ( -21.62060379597427229, -8.213497014787714434, -1.000000000000000000 ) ) ;
#2721 = DIRECTION ( 'NONE',  ( -0.000000000000000000, -0.000000000000000000, -1.000000000000000000 ) ) ;
#2722 = VECTOR ( 'NONE', #4402, 1000.000000000000000 ) ;
#2723 = VECTOR ( 'NONE', #541, 1000.000000000000000 ) ;
#2724 = VECTOR ( 'NONE', #1013, 1000.000000000000000 ) ;
#2725 = DIRECTION ( 'NONE',  ( -0.000000000000000000, -0.000000000000000000, -1.000000000000000000 ) ) ;
#2726 = ORIENTED_EDGE ( 'NONE', *, *, #8672, .F. ) ;
#2727 = ORIENTED_EDGE ( 'NONE', *, *, #466, .T. ) ;
#2728 = CARTESIAN_POINT ( 'NONE',  ( 25.25000000000001066, -6.349999999999999645, 3.049999999999999822 ) ) ;
#2729 = ORIENTED_EDGE ( 'NONE', *, *, #2756, .T. ) ;
#2730 = CARTESIAN_POINT ( 'NONE',  ( 19.05000000000001137, -6.349999999999999645, -3.049999999999999822 ) ) ;
#2731 = DIRECTION ( 'NONE',  ( -0.000000000000000000, -0.000000000000000000, 1.000000000000000000 ) ) ;
#2732 = CARTESIAN_POINT ( 'NONE',  ( 19.05000000000001137, -6.349999999999999645, -1.000000000000000000 ) ) ;
#2733 = FACE_OUTER_BOUND ( 'NONE', #4384, .T. ) ;
#2734 = AXIS2_PLACEMENT_3D ( 'NONE', #560, #1301, #5454 ) ;
#2735 = CIRCLE ( 'NONE', #220, 5.200000000000000178 ) ;
#2736 = LINE ( 'NONE', #7752, #8348 ) ;
#2737 = CARTESIAN_POINT ( 'NONE',  ( -17.91862915010153401, 8.188477631085024910, -2.286000000000000032 ) ) ;
#2738 = CARTESIAN_POINT ( 'NONE',  ( -19.05000000000001137, 11.55000000000000071, 3.049999999999999822 ) ) ;
#2739 = ORIENTED_EDGE ( 'NONE', *, *, #8208, .T. ) ;
#2740 = VECTOR ( 'NONE', #1902, 1000.000000000000000 ) ;
#2741 = CIRCLE ( 'NONE', #3928, 3.175000000000007816 ) ;
#2742 = ADVANCED_FACE ( 'NONE', ( #2324 ), #5911, .F. ) ;
#2744 = EDGE_CURVE ( 'NONE', #8563, #5634, #6596, .T. ) ;
#2743 = LINE ( 'NONE', #3486, #7125 ) ;
#2745 = VERTEX_POINT ( 'NONE', #8222 ) ;
#2746 = DIRECTION ( 'NONE',  ( 0.7071067811865513475, -0.7071067811865436870, 0.000000000000000000 ) ) ;
#2747 = ORIENTED_EDGE ( 'NONE', *, *, #5474, .F. ) ;
#2748 = CARTESIAN_POINT ( 'NONE',  ( -24.25000000000001066, 6.350000000000000533, 3.049999999999999822 ) ) ;
#2749 = CARTESIAN_POINT ( 'NONE',  ( -19.05000000000001137, 11.55000000000000071, 1.000000000000000000 ) ) ;
#2750 = LINE ( 'NONE', #5589, #1660 ) ;
#2751 = DIRECTION ( 'NONE',  ( 0.000000000000000000, -0.000000000000000000, -1.000000000000000000 ) ) ;
#2752 = AXIS2_PLACEMENT_3D ( 'NONE', #574, #8484, #3459 ) ;
#2753 = DIRECTION ( 'NONE',  ( 1.000000000000000000, 0.000000000000000000, 0.000000000000000000 ) ) ;
#2754 = EDGE_CURVE ( 'NONE', #7908, #2086, #278, .T. ) ;
#2757 = EDGE_CURVE ( 'NONE', #2468, #8649, #3978, .T. ) ;
#2756 = EDGE_CURVE ( 'NONE', #4720, #6368, #1760, .T. ) ;
#2755 = VERTEX_POINT ( 'NONE', #5952 ) ;
#2758 = AXIS2_PLACEMENT_3D ( 'NONE', #5771, #5629, #4319 ) ;
#2759 = EDGE_LOOP ( 'NONE', ( #5306, #7888, #7195, #5780 ) ) ;
#2760 = ORIENTED_EDGE ( 'NONE', *, *, #4217, .F. ) ;
#2761 = AXIS2_PLACEMENT_3D ( 'NONE', #6282, #4174, #101 ) ;
#2762 = ORIENTED_EDGE ( 'NONE', *, *, #7412, .T. ) ;
#2763 = EDGE_CURVE ( 'NONE', #748, #4173, #2542, .T. ) ;
#2764 = VERTEX_POINT ( 'NONE', #7477 ) ;
#2765 = DIRECTION ( 'NONE',  ( -0.000000000000000000, -0.000000000000000000, -1.000000000000000000 ) ) ;
#2766 = CIRCLE ( 'NONE', #6198, 3.175000000000007816 ) ;
#2767 = DIRECTION ( 'NONE',  ( 0.000000000000000000, 0.000000000000000000, 1.000000000000000000 ) ) ;
#2768 = CARTESIAN_POINT ( 'NONE',  ( 0.000000000000000000, 0.000000000000000000, 3.049999999999999822 ) ) ;
#2769 = LINE ( 'NONE', #5607, #2129 ) ;
#2770 = ORIENTED_EDGE ( 'NONE', *, *, #6573, .T. ) ;
#2771 = CARTESIAN_POINT ( 'NONE',  ( 0.000000000000000000, 0.000000000000000000, 3.049999999999999822 ) ) ;
#2772 = ORIENTED_EDGE ( 'NONE', *, *, #3711, .F. ) ;
#2773 = ORIENTED_EDGE ( 'NONE', *, *, #9118, .T. ) ;
#2774 = PLANE ( 'NONE',  #6589 ) ;
#2775 = ORIENTED_EDGE ( 'NONE', *, *, #8938, .T. ) ;
#2776 = EDGE_LOOP ( 'NONE', ( #4596, #7013, #7093, #3500 ) ) ;
#2777 = DIRECTION ( 'NONE',  ( 0.000000000000000000, 0.000000000000000000, 1.000000000000000000 ) ) ;
#2778 = DIRECTION ( 'NONE',  ( 1.000000000000000000, 0.000000000000000000, 0.000000000000000000 ) ) ;
#2779 = CARTESIAN_POINT ( 'NONE',  ( 16.47939620402574334, -8.213497014787717987, 2.286000000000000032 ) ) ;
#2780 = DIRECTION ( 'NONE',  ( -0.000000000000000000, -0.000000000000000000, -1.000000000000000000 ) ) ;
#2781 = CARTESIAN_POINT ( 'NONE',  ( -13.06712470379557445, -7.767125987654450725, 3.050000000000001599 ) ) ;
#2782 = CARTESIAN_POINT ( 'NONE',  ( 19.05000000000001137, 6.349999999999999645, 1.000000000000000000 ) ) ;
#2783 = DIRECTION ( 'NONE',  ( -0.000000000000000000, -1.000000000000000000, -0.000000000000000000 ) ) ;
#2784 = ORIENTED_EDGE ( 'NONE', *, *, #7136, .T. ) ;
#2785 = B_SPLINE_CURVE_WITH_KNOTS ( 'NONE', 3,
 ( #3011, #6600, #5801, #3707, #2456, #4412, #7337, #274, #5989, #8780, #965, #3666, #6546, #8695 ),
 .UNSPECIFIED., .F., .F.,
 ( 4, 2, 2, 2, 2, 2, 4 ),
 ( 1.862304629395007683E-17, 0.0002883918124112342979, 0.0005767836248224499475, 0.0008651754372336655429, 0.001153567249644881247, 0.001730350874467318509, 0.002307134499289755988 ),
 .UNSPECIFIED. ) ;
#2786 = CARTESIAN_POINT ( 'NONE',  ( -10.53679841599598355, -7.089843379135013279, 4.484570918951956031 ) ) ;
#2787 = ORIENTED_EDGE ( 'NONE', *, *, #2437, .T. ) ;
#2788 = DIRECTION ( 'NONE',  ( -0.000000000000000000, -0.000000000000000000, -1.000000000000000000 ) ) ;
#2789 = ORIENTED_EDGE ( 'NONE', *, *, #924, .T. ) ;
#2790 = DIRECTION ( 'NONE',  ( 0.000000000000000000, -1.000000000000000000, 0.000000000000000000 ) ) ;
#2791 = DIRECTION ( 'NONE',  ( -1.000000000000000000, 0.000000000000000000, 0.000000000000000000 ) ) ;
#2792 = LINE ( 'NONE', #8467, #19 ) ;
#2793 = CARTESIAN_POINT ( 'NONE',  ( 19.05000000000001137, 6.349999999999999645, -1.000000000000000000 ) ) ;
#2794 = EDGE_CURVE ( 'NONE', #4803, #3006, #2741, .T. ) ;
#2795 = B_SPLINE_CURVE_WITH_KNOTS ( 'NONE', 3,
 ( #2832, #698, #9204, #5669, #1437, #784, #7715, #7211, #3630, #1532 ),
 .UNSPECIFIED., .F., .F.,
 ( 4, 2, 2, 2, 4 ),
 ( 0.000000000000000000, 0.0008803997311543661350, 0.001760799462308732270, 0.002641199193463098296, 0.003521598924617464540 ),
 .UNSPECIFIED. ) ;
#2796 = DIRECTION ( 'NONE',  ( -1.000000000000000000, 0.000000000000000000, 0.000000000000000000 ) ) ;
#2797 = CARTESIAN_POINT ( 'NONE',  ( -21.62060379597427229, -4.486502985212284855, 2.286000000000000032 ) ) ;
#2798 = ORIENTED_EDGE ( 'NONE', *, *, #2311, .F. ) ;
#2799 = ORIENTED_EDGE ( 'NONE', *, *, #2527, .F. ) ;
#2800 = ORIENTED_EDGE ( 'NONE', *, *, #4921, .T. ) ;
#2801 = ADVANCED_FACE ( 'NONE', ( #1052 ), #1849, .F. ) ;
#2803 = EDGE_CURVE ( 'NONE', #9192, #5387, #6080, .T. ) ;
#2802 = EDGE_CURVE ( 'NONE', #2511, #7036, #1113, .T. ) ;
#2804 = DIRECTION ( 'NONE',  ( 0.000000000000000000, 0.000000000000000000, -1.000000000000000000 ) ) ;
#2805 = ORIENTED_EDGE ( 'NONE', *, *, #705, .F. ) ;
#2806 = ORIENTED_EDGE ( 'NONE', *, *, #5490, .F. ) ;
#2807 = CARTESIAN_POINT ( 'NONE',  ( 17.21152236891498788, 5.218629150101523173, 2.286000000000000032 ) ) ;
#2808 = PLANE ( 'NONE',  #4387 ) ;
#2809 = CARTESIAN_POINT ( 'NONE',  ( 8.740348525191183882, 12.43575344850924225, 3.836427450474424017 ) ) ;
#2810 = LINE ( 'NONE', #5049, #4947 ) ;
#2812 = EDGE_CURVE ( 'NONE', #2121, #1927, #7522, .T. ) ;
#2811 = EDGE_CURVE ( 'NONE', #1140, #4158, #5993, .T. ) ;
#2813 = ORIENTED_EDGE ( 'NONE', *, *, #4906, .T. ) ;
#2814 = DIRECTION ( 'NONE',  ( -1.000000000000000000, 0.000000000000000000, 0.000000000000000000 ) ) ;
#2815 = ORIENTED_EDGE ( 'NONE', *, *, #9015, .T. ) ;
#2816 = EDGE_LOOP ( 'NONE', ( #4325, #445, #6687, #4411 ) ) ;
#2817 = VECTOR ( 'NONE', #8115, 1000.000000000000000 ) ;
#2818 = LINE ( 'NONE', #5055, #937 ) ;
#2819 = VERTEX_POINT ( 'NONE', #3811 ) ;
#2820 = ORIENTED_EDGE ( 'NONE', *, *, #2763, .F. ) ;
#2821 = CARTESIAN_POINT ( 'NONE',  ( -19.05000000000001137, 6.349999999999999645, -1.000000000000000000 ) ) ;
#2822 = DIRECTION ( 'NONE',  ( 0.000000000000000000, 0.000000000000000000, 1.000000000000000000 ) ) ;
#2823 = LINE ( 'NONE', #2779, #7369 ) ;
#2824 = DIRECTION ( 'NONE',  ( 0.7071067811865474617, -0.7071067811865474617, 0.000000000000000000 ) ) ;
#2825 = CARTESIAN_POINT ( 'NONE',  ( -12.36958607419992084, -8.833677697676980856, 4.104941231188896644 ) ) ;
#2826 = CARTESIAN_POINT ( 'NONE',  ( -13.16456341238950856, 7.598307058889879784, 3.049999999999999822 ) ) ;
#2827 = EDGE_CURVE ( 'NONE', #5982, #2850, #3318, .T. ) ;
#2828 = CARTESIAN_POINT ( 'NONE',  ( 17.91862915010153401, 4.511522368914976155, 2.286000000000000032 ) ) ;
#2829 = ORIENTED_EDGE ( 'NONE', *, *, #4167, .F. ) ;
#2830 = LINE ( 'NONE', #3627, #2970 ) ;
#2831 = VERTEX_POINT ( 'NONE', #8784 ) ;
#2832 = CARTESIAN_POINT ( 'NONE',  ( 6.595342854572490587, -9.420798938022164393, 14.55000000000000782 ) ) ;
#2833 = EDGE_LOOP ( 'NONE', ( #5749, #4942, #1515, #4716 ) ) ;
#2834 = DIRECTION ( 'NONE',  ( -0.000000000000000000, -0.000000000000000000, -1.000000000000000000 ) ) ;
#2835 = FACE_OUTER_BOUND ( 'NONE', #2150, .T. ) ;
#2836 = PLANE ( 'NONE',  #174 ) ;
#2837 = CARTESIAN_POINT ( 'NONE',  ( -25.04644660940673617, 0.3535533905932707888, -1.000000000000000000 ) ) ;
#2838 = CARTESIAN_POINT ( 'NONE',  ( -17.18650298521229303, -3.779396204025739170, 2.286000000000000032 ) ) ;
#2839 = LINE ( 'NONE', #795, #6289 ) ;
#2840 = VERTEX_POINT ( 'NONE', #1100 ) ;
#2841 = ORIENTED_EDGE ( 'NONE', *, *, #3270, .F. ) ;
#2842 = AXIS2_PLACEMENT_3D ( 'NONE', #6335, #7215, #3536 ) ;
#2843 = ORIENTED_EDGE ( 'NONE', *, *, #3320, .F. ) ;
#2844 = VERTEX_POINT ( 'NONE', #3852 ) ;
#2845 = B_SPLINE_CURVE_WITH_KNOTS ( 'NONE', 3,
 ( #7837, #6432, #8675, #1352, #3506, #4188, #7033, #664, #2156, #1455, #4288, #753, #1501, #6487 ),
 .UNSPECIFIED., .F., .F.,
 ( 4, 2, 2, 2, 2, 2, 4 ),
 ( 0.000000000000000000, 0.0005802288128028133514, 0.0008703432192042211656, 0.001160457625605628871, 0.001450572032007037011, 0.001740686438408444500, 0.002320915251211259477 ),
 .UNSPECIFIED. ) ;
#2846 = CIRCLE ( 'NONE', #8646, 6.200000000000001066 ) ;
#2847 = CARTESIAN_POINT ( 'NONE',  ( 17.18650298521229303, -8.920603795974265893, 1.000000000000000000 ) ) ;
#2848 = VERTEX_POINT ( 'NONE', #970 ) ;
#2849 = VECTOR ( 'NONE', #3668, 1000.000000000000000 ) ;
#2850 = VERTEX_POINT ( 'NONE', #2407 ) ;
#2851 = ADVANCED_FACE ( 'NONE', ( #7393 ), #6782, .F. ) ;
#2852 = CARTESIAN_POINT ( 'NONE',  ( 19.05000000000001137, -12.55000000000000071, 1.000000000000000000 ) ) ;
#2854 = EDGE_CURVE ( 'NONE', #6147, #8233, #3891, .T. ) ;
#2853 = EDGE_CURVE ( 'NONE', #7850, #8688, #2460, .T. ) ;
#2855 = DIRECTION ( 'NONE',  ( 1.000000000000000000, 0.000000000000000000, 0.000000000000000000 ) ) ;
#2856 = AXIS2_PLACEMENT_3D ( 'NONE', #1200, #1121, #2556 ) ;
#2857 = DIRECTION ( 'NONE',  ( -0.000000000000000000, 0.000000000000000000, 1.000000000000000000 ) ) ;
#2858 = VECTOR ( 'NONE', #1973, 1000.000000000000114 ) ;
#2859 = CARTESIAN_POINT ( 'NONE',  ( 13.16456341238950500, -7.598307058889885113, 3.049999999999999822 ) ) ;
#2860 = SECURITY_CLASSIFICATION ( '', '', #998 ) ;
#2861 = CIRCLE ( 'NONE', #7618, 2.100000000000000977 ) ;
#2862 = ORIENTED_EDGE ( 'NONE', *, *, #7472, .T. ) ;
#2863 = DIRECTION ( 'NONE',  ( 1.000000000000000000, 0.000000000000000000, -0.000000000000000000 ) ) ;
#2864 = EDGE_LOOP ( 'NONE', ( #525, #226, #7236, #2977, #5769, #1189 ) ) ;
#2865 = ORIENTED_EDGE ( 'NONE', *, *, #5647, .F. ) ;
#2866 = AXIS2_PLACEMENT_3D ( 'NONE', #2584, #4064, #5424 ) ;
#2867 = EDGE_CURVE ( 'NONE', #5363, #7346, #2504, .T. ) ;
#2868 = CARTESIAN_POINT ( 'NONE',  ( 10.36492705552113236, -7.338820554675387520, 11.30038463814562277 ) ) ;
#2870 = EDGE_CURVE ( 'NONE', #3055, #6030, #4334, .T. ) ;
#2869 = EDGE_CURVE ( 'NONE', #110, #127, #6255, .T. ) ;
#2871 = ORIENTED_EDGE ( 'NONE', *, *, #1955, .F. ) ;
#2872 = VERTEX_POINT ( 'NONE', #8352 ) ;
#2873 = FACE_OUTER_BOUND ( 'NONE', #7951, .T. ) ;
#2874 = LINE ( 'NONE', #8453, #4849 ) ;
#2875 = CYLINDRICAL_SURFACE ( 'NONE', #3073, 3.175000000000007816 ) ;
#2876 = LINE ( 'NONE', #3620, #4365 ) ;
#2877 = AXIS2_PLACEMENT_3D ( 'NONE', #3559, #623, #6310 ) ;
#2878 = DIRECTION ( 'NONE',  ( -1.000000000000000000, 0.000000000000000000, 0.000000000000000000 ) ) ;
#2879 = VECTOR ( 'NONE', #3840, 1000.000000000000000 ) ;
#2880 = AXIS2_PLACEMENT_3D ( 'NONE', #2268, #3016, #7148 ) ;
#2881 = DIRECTION ( 'NONE',  ( 0.000000000000000000, 0.000000000000000000, 1.000000000000000000 ) ) ;
#2882 = ORIENTED_EDGE ( 'NONE', *, *, #7126, .F. ) ;
#2883 = VECTOR ( 'NONE', #3647, 999.9999999999998863 ) ;
#2884 = CARTESIAN_POINT ( 'NONE',  ( 24.25000000000001066, 6.349999999999999645, -1.000000000000000000 ) ) ;
#2885 = EDGE_CURVE ( 'NONE', #6222, #2921, #4200, .T. ) ;
#2886 = ORIENTED_EDGE ( 'NONE', *, *, #9100, .T. ) ;
#2887 = CIRCLE ( 'NONE', #7495, 3.175000000000000711 ) ;
#2888 = LINE ( 'NONE', #5023, #5415 ) ;
#2889 = AXIS2_PLACEMENT_3D ( 'NONE', #1759, #4497, #8092 ) ;
#2890 = ORIENTED_EDGE ( 'NONE', *, *, #994, .F. ) ;
#2891 = DIRECTION ( 'NONE',  ( 0.7071067811865474617, 0.7071067811865474617, 0.000000000000000000 ) ) ;
#2892 = DIRECTION ( 'NONE',  ( 1.000000000000000000, 0.000000000000000000, 0.000000000000000000 ) ) ;
#2893 = DIRECTION ( 'NONE',  ( 1.000000000000000000, 0.000000000000000000, 0.000000000000000000 ) ) ;
#2894 = AXIS2_PLACEMENT_3D ( 'NONE', #2821, #2122, #7145 ) ;
#2895 = CIRCLE ( 'NONE', #2295, 3.175000000000000711 ) ;
#2896 = DIRECTION ( 'NONE',  ( 0.000000000000000000, 0.000000000000000000, 1.000000000000000000 ) ) ;
#2897 = CARTESIAN_POINT ( 'NONE',  ( 19.05000000000001137, 6.349999999999999645, 3.049999999999999822 ) ) ;
#2898 = VERTEX_POINT ( 'NONE', #5472 ) ;
#2899 = ORIENTED_EDGE ( 'NONE', *, *, #2802, .F. ) ;
#2900 = ORIENTED_EDGE ( 'NONE', *, *, #8104, .T. ) ;
#2901 = ORIENTED_EDGE ( 'NONE', *, *, #2226, .T. ) ;
#2902 = AXIS2_PLACEMENT_3D ( 'NONE', #5148, #214, #8029 ) ;
#2903 = DIRECTION ( 'NONE',  ( 1.000000000000000000, 0.000000000000000000, 0.000000000000000000 ) ) ;
#2904 = DIRECTION ( 'NONE',  ( -0.7069990853988189494, -0.7069990853988294965, 0.01745240643728354982 ) ) ;
#2905 = ORIENTED_EDGE ( 'NONE', *, *, #5539, .F. ) ;
#2906 = MECHANICAL_CONTEXT ( 'NONE', #9196, 'mechanical' ) ;
#2907 = VERTEX_POINT ( 'NONE', #1234 ) ;
#2908 = CYLINDRICAL_SURFACE ( 'NONE', #5998, 3.175000000000007816 ) ;
#2909 = FACE_OUTER_BOUND ( 'NONE', #6005, .T. ) ;
#2910 = DIRECTION ( 'NONE',  ( -0.000000000000000000, -0.000000000000000000, 1.000000000000000000 ) ) ;
#2911 = AXIS2_PLACEMENT_3D ( 'NONE', #3178, #6021, #6672 ) ;
#2912 = LINE ( 'NONE', #5649, #3623 ) ;
#2913 = ADVANCED_FACE ( 'NONE', ( #8311 ), #7656, .F. ) ;
#2914 = EDGE_CURVE ( 'NONE', #2186, #2372, #1934, .T. ) ;
#2915 = ORIENTED_EDGE ( 'NONE', *, *, #134, .T. ) ;
#2916 = DIRECTION ( 'NONE',  ( -0.000000000000000000, -0.000000000000000000, -1.000000000000000000 ) ) ;
#2917 = ORIENTED_EDGE ( 'NONE', *, *, #6584, .F. ) ;
#2918 = VERTEX_POINT ( 'NONE', #577 ) ;
#2919 = AXIS2_PLACEMENT_3D ( 'NONE', #32, #4869, #2778 ) ;
#2920 = LINE ( 'NONE', #6399, #8217 ) ;
#2921 = VERTEX_POINT ( 'NONE', #3333 ) ;
#2922 = ORIENTED_EDGE ( 'NONE', *, *, #8458, .F. ) ;
#2923 = CARTESIAN_POINT ( 'NONE',  ( -19.05000000000001137, -6.349999999999999645, -1.000000000000000000 ) ) ;
#2924 = DIRECTION ( 'NONE',  ( -1.000000000000000000, 0.000000000000000000, 0.000000000000000000 ) ) ;
#2925 = CARTESIAN_POINT ( 'NONE',  ( -9.264706088826567765, 10.70360484075313856, 4.049999999999999822 ) ) ;
#2926 = CARTESIAN_POINT ( 'NONE',  ( 12.43575344850933639, -8.740348525191045326, 3.836427450474372058 ) ) ;
#2927 = DIRECTION ( 'NONE',  ( -0.000000000000000000, 1.000000000000000000, -0.000000000000000000 ) ) ;
#2928 = AXIS2_PLACEMENT_3D ( 'NONE', #9151, #4210, #7054 ) ;
#2929 = EDGE_CURVE ( 'NONE', #5612, #8716, #1839, .T. ) ;
#2931 = EDGE_CURVE ( 'NONE', #1221, #2243, #2438, .T. ) ;
#2930 = EDGE_CURVE ( 'NONE', #5503, #3206, #54, .T. ) ;
#2932 = LINE ( 'NONE', #7010, #4645 ) ;
#2933 = VERTEX_POINT ( 'NONE', #8405 ) ;
#2934 = DIRECTION ( 'NONE',  ( 0.7071067811865482389, 0.7071067811865469066, 0.000000000000000000 ) ) ;
#2935 = ORIENTED_EDGE ( 'NONE', *, *, #2131, .T. ) ;
#2936 = CARTESIAN_POINT ( 'NONE',  ( -19.05000000000001137, -6.349999999999999645, -1.000000000000000000 ) ) ;
#2937 = ORIENTED_EDGE ( 'NONE', *, *, #1271, .F. ) ;
#2938 = DIRECTION ( 'NONE',  ( 0.000000000000000000, 0.000000000000000000, 1.000000000000000000 ) ) ;
#2939 = FACE_OUTER_BOUND ( 'NONE', #3094, .T. ) ;
#2940 = FACE_OUTER_BOUND ( 'NONE', #7833, .T. ) ;
#2941 = CARTESIAN_POINT ( 'NONE',  ( 20.18137084989849228, -8.188477631085028463, -2.286000000000000032 ) ) ;
#2942 = EDGE_CURVE ( 'NONE', #4337, #6595, #6864, .T. ) ;
#2943 = CARTESIAN_POINT ( 'NONE',  ( -19.05000000000001137, -6.349999999999999645, 1.000000000000000000 ) ) ;
#2944 = LINE ( 'NONE', #6526, #5691 ) ;
#2945 = ORIENTED_EDGE ( 'NONE', *, *, #5760, .T. ) ;
#2946 = ORIENTED_EDGE ( 'NONE', *, *, #8560, .T. ) ;
#2947 = VERTEX_POINT ( 'NONE', #9009 ) ;
#2948 = EDGE_LOOP ( 'NONE', ( #201, #8451, #3970, #9205, #6544, #3023, #1082, #683 ) ) ;
#2949 = CYLINDRICAL_SURFACE ( 'NONE', #4033, 3.175000000000000711 ) ;
#2950 = DIRECTION ( 'NONE',  ( -1.000000000000000000, -4.553079989440435000E-17, 0.000000000000000000 ) ) ;
#2951 = ORIENTED_EDGE ( 'NONE', *, *, #2310, .F. ) ;
#2952 = ORIENTED_EDGE ( 'NONE', *, *, #7022, .F. ) ;
#2953 = DIRECTION ( 'NONE',  ( -0.000000000000000000, -0.000000000000000000, -1.000000000000000000 ) ) ;
#2954 = CARTESIAN_POINT ( 'NONE',  ( 15.87500000000000355, -6.349999999999999645, 2.286000000000000032 ) ) ;
#2955 = CARTESIAN_POINT ( 'NONE',  ( 9.973865322164959579, -7.197780013643079400, 15.34957983997626663 ) ) ;
#2956 = CARTESIAN_POINT ( 'NONE',  ( -17.18650298521229303, -3.779396204025738282, 2.286000000000000032 ) ) ;
#2957 = ORIENTED_EDGE ( 'NONE', *, *, #2349, .F. ) ;
#2958 = DIRECTION ( 'NONE',  ( 0.000000000000000000, 0.000000000000000000, 1.000000000000000000 ) ) ;
#2959 = VERTEX_POINT ( 'NONE', #9142 ) ;
#2960 = ORIENTED_EDGE ( 'NONE', *, *, #8752, .T. ) ;
#2961 = CARTESIAN_POINT ( 'NONE',  ( 10.17913218578984491, -7.242839005723290313, 12.75494800607207146 ) ) ;
#2962 = ORIENTED_EDGE ( 'NONE', *, *, #4975, .F. ) ;
#2963 = EDGE_LOOP ( 'NONE', ( #4487, #4481, #3859, #4299 ) ) ;
#2964 = DIRECTION ( 'NONE',  ( -0.7071067811865435759, 0.7071067811865515695, 0.000000000000000000 ) ) ;
#2965 = EDGE_CURVE ( 'NONE', #6398, #431, #3378, .T. ) ;
#2966 = CARTESIAN_POINT ( 'NONE',  ( 4.974319496839510357, 7.725680503160511137, 15.75000000000000000 ) ) ;
#2967 = DIRECTION ( 'NONE',  ( -1.000000000000000000, 3.783957776634916361E-16, -0.000000000000000000 ) ) ;
#2968 = DIRECTION ( 'NONE',  ( 0.000000000000000000, 0.000000000000000000, 1.000000000000000000 ) ) ;
#2969 = CARTESIAN_POINT ( 'NONE',  ( -24.25000000000001066, 1.857106781186547595, 1.000000000000000444 ) ) ;
#2970 = VECTOR ( 'NONE', #6515, 1000.000000000000114 ) ;
#2971 = DIRECTION ( 'NONE',  ( -1.000000000000000000, 0.000000000000000000, 0.000000000000000000 ) ) ;
#2972 = ORIENTED_EDGE ( 'NONE', *, *, #6950, .F. ) ;
#2973 = CARTESIAN_POINT ( 'NONE',  ( -3.469446951953614189E-14, -1.155557966632253931E-30, 3.049999999999999822 ) ) ;
#2974 = ORIENTED_EDGE ( 'NONE', *, *, #3489, .F. ) ;
#2975 = LINE ( 'NONE', #2139, #6015 ) ;
#2976 = EDGE_CURVE ( 'NONE', #2264, #8708, #620, .T. ) ;
#2977 = ORIENTED_EDGE ( 'NONE', *, *, #5591, .T. ) ;
#2979 = EDGE_CURVE ( 'NONE', #5226, #5155, #4900, .T. ) ;
#2978 = EDGE_CURVE ( 'NONE', #713, #1388, #7042, .T. ) ;
#2980 = CARTESIAN_POINT ( 'NONE',  ( 25.04644660940673973, 0.3535533905932785603, -1.000000000000000000 ) ) ;
#2981 = FACE_OUTER_BOUND ( 'NONE', #962, .T. ) ;
#2982 = CARTESIAN_POINT ( 'NONE',  ( -19.05000000000001137, -11.55000000000000071, -1.000000000000000000 ) ) ;
#2983 = DIRECTION ( 'NONE',  ( 1.000000000000000000, 0.000000000000000000, 0.000000000000000000 ) ) ;
#2984 = DIRECTION ( 'NONE',  ( 0.000000000000000000, 0.000000000000000000, 1.000000000000000000 ) ) ;
#2985 = CARTESIAN_POINT ( 'NONE',  ( 0.000000000000000000, 0.000000000000000000, 3.049999999999999822 ) ) ;
#2986 = ORIENTED_EDGE ( 'NONE', *, *, #7067, .F. ) ;
#2987 = EDGE_LOOP ( 'NONE', ( #3748, #5743, #5320, #5000 ) ) ;
#2988 = ORIENTED_EDGE ( 'NONE', *, *, #2362, .T. ) ;
#2990 = EDGE_CURVE ( 'NONE', #2173, #5109, #2769, .T. ) ;
#2989 = EDGE_CURVE ( 'NONE', #1139, #3867, #1319, .T. ) ;
#2991 = CARTESIAN_POINT ( 'NONE',  ( 10.66365408853589436, -6.897811456368660110, 3.750923870974000707 ) ) ;
#2992 = CARTESIAN_POINT ( 'NONE',  ( 0.000000000000000000, 0.000000000000000000, 3.049999999999999822 ) ) ;
#2993 = ORIENTED_EDGE ( 'NONE', *, *, #4687, .T. ) ;
#2994 = VECTOR ( 'NONE', #6563, 1000.000000000000000 ) ;
#2995 = B_SPLINE_CURVE_WITH_KNOTS ( 'NONE', 3,
 ( #8976, #6967, #6090, #5393, #1864, #2606, #5445, #8287, #4737, #8501, #6268, #9198, #8416, #3480 ),
 .UNSPECIFIED., .F., .F.,
 ( 4, 2, 2, 2, 2, 2, 4 ),
 ( 9.013887592422956160E-18, 0.0002883918124112280095, 0.0005767836248224470202, 0.0008651754372336648924, 0.001153567249644882982, 0.001730350874467317642, 0.002307134499289752085 ),
 .UNSPECIFIED. ) ;
#2996 = ORIENTED_EDGE ( 'NONE', *, *, #8169, .T. ) ;
#2997 = CARTESIAN_POINT ( 'NONE',  ( 15.87500000000000355, 6.349999999999999645, -1.000000000000000000 ) ) ;
#2998 = EDGE_CURVE ( 'NONE', #5810, #4836, #4198, .T. ) ;
#2999 = ORIENTED_EDGE ( 'NONE', *, *, #874, .T. ) ;
#3000 = CARTESIAN_POINT ( 'NONE',  ( 0.000000000000000000, 0.000000000000000000, -1.000000000000000000 ) ) ;
#3001 = LINE ( 'NONE', #1508, #6009 ) ;
#3002 = VECTOR ( 'NONE', #3362, 999.9999999999998863 ) ;
#3003 = DIRECTION ( 'NONE',  ( 0.7071067811865482389, 0.7071067811865469066, -0.000000000000000000 ) ) ;
#3004 = ORIENTED_EDGE ( 'NONE', *, *, #8325, .T. ) ;
#3005 = DIRECTION ( 'NONE',  ( -1.000000000000000000, 0.000000000000000000, 0.000000000000000000 ) ) ;
#3006 = VERTEX_POINT ( 'NONE', #6353 ) ;
#3007 = ORIENTED_EDGE ( 'NONE', *, *, #7200, .T. ) ;
#3008 = CIRCLE ( 'NONE', #1222, 3.175000000000007816 ) ;
#3009 = CARTESIAN_POINT ( 'NONE',  ( 19.05000000000001137, 6.349999999999999645, 1.000000000000000000 ) ) ;
#3010 = ORIENTED_EDGE ( 'NONE', *, *, #752, .T. ) ;
#3011 = CARTESIAN_POINT ( 'NONE',  ( 8.885463297855924480, -12.33241833471664961, 4.484570918951977347 ) ) ;
#3012 = AXIS2_PLACEMENT_3D ( 'NONE', #7521, #5991, #7561 ) ;
#3013 =( BOUNDED_CURVE ( )  B_SPLINE_CURVE ( 3, ( #1962, #104, #3772, #4321 ),
 .UNSPECIFIED., .F., .T. ) 
 B_SPLINE_CURVE_WITH_KNOTS ( ( 4, 4 ),
 ( 1.377679687205387138, 1.401502160714581890 ),
 .UNSPECIFIED. ) 
 CURVE ( )  GEOMETRIC_REPRESENTATION_ITEM ( )  RATIONAL_B_SPLINE_CURVE ( ( 1.000000000000000000, 0.9999527080388015410, 0.9999527080388015410, 1.000000000000000000 ) ) 
 REPRESENTATION_ITEM ( '' )  );
#3014 = DIRECTION ( 'NONE',  ( -0.7071067811865473507, 0.7071067811865477948, 0.000000000000000000 ) ) ;
#3015 = LINE ( 'NONE', #967, #93 ) ;
#3016 = DIRECTION ( 'NONE',  ( -0.000000000000000000, -0.000000000000000000, -1.000000000000000000 ) ) ;
#3017 = DIRECTION ( 'NONE',  ( 0.000000000000000000, -1.000000000000000000, 0.000000000000000000 ) ) ;
#3018 = AXIS2_PLACEMENT_3D ( 'NONE', #2370, #180, #7206 ) ;
#3019 = AXIS2_PLACEMENT_3D ( 'NONE', #5944, #1619, #5160 ) ;
#3020 = CARTESIAN_POINT ( 'NONE',  ( -19.05000000000001137, -12.55000000000000071, 3.049999999999999822 ) ) ;
#3021 = VERTEX_POINT ( 'NONE', #1978 ) ;
#3022 = FACE_OUTER_BOUND ( 'NONE', #9112, .T. ) ;
#3023 = ORIENTED_EDGE ( 'NONE', *, *, #8889, .T. ) ;
#3024 = CARTESIAN_POINT ( 'NONE',  ( -20.91349701478772616, 8.920603795974260564, 1.000000000000000000 ) ) ;
#3025 = VECTOR ( 'NONE', #5156, 1000.000000000000000 ) ;
#3026 = ORIENTED_EDGE ( 'NONE', *, *, #844, .F. ) ;
#3027 = DIRECTION ( 'NONE',  ( -0.7071067811865476838, 0.7071067811865474617, -0.000000000000000000 ) ) ;
#3028 = DIRECTION ( 'NONE',  ( -0.000000000000000000, -0.000000000000000000, -1.000000000000000000 ) ) ;
#3029 = CIRCLE ( 'NONE', #5722, 13.64550602506189314 ) ;
#3030 = CIRCLE ( 'NONE', #5547, 15.19999999999999929 ) ;
#3031 = DIRECTION ( 'NONE',  ( -1.000000000000000000, 0.000000000000000000, 0.000000000000000000 ) ) ;
#3032 = DIRECTION ( 'NONE',  ( 0.000000000000000000, 0.000000000000000000, 1.000000000000000000 ) ) ;
#3033 = EDGE_CURVE ( 'NONE', #1328, #6800, #7333, .T. ) ;
#3034 = EDGE_CURVE ( 'NONE', #1240, #4430, #2912, .T. ) ;
#3035 = CARTESIAN_POINT ( 'NONE',  ( 17.18650298521228947, 8.920603795974267669, -2.286000000000000032 ) ) ;
#3036 = VECTOR ( 'NONE', #4582, 1000.000000000000000 ) ;
#3037 = VECTOR ( 'NONE', #8783, 1000.000000000000000 ) ;
#3038 = DIRECTION ( 'NONE',  ( -0.000000000000000000, -0.000000000000000000, -1.000000000000000000 ) ) ;
#3039 = ORIENTED_EDGE ( 'NONE', *, *, #7471, .T. ) ;
#3040 = VERTEX_POINT ( 'NONE', #7280 ) ;
#3041 = ORIENTED_EDGE ( 'NONE', *, *, #2674, .T. ) ;
#3042 = DIRECTION ( 'NONE',  ( -1.000000000000000000, 0.000000000000000000, 0.000000000000000000 ) ) ;
#3043 = CARTESIAN_POINT ( 'NONE',  ( 21.62060379597427584, -4.486502985212277750, 2.286000000000000032 ) ) ;
#3044 = AXIS2_PLACEMENT_3D ( 'NONE', #6189, #8286, #591 ) ;
#3045 = CIRCLE ( 'NONE', #8244, 5.200000000000000178 ) ;
#3046 = EDGE_CURVE ( 'NONE', #5461, #666, #1510, .T. ) ;
#3048 = EDGE_CURVE ( 'NONE', #5363, #5186, #7887, .T. ) ;
#3047 = EDGE_CURVE ( 'NONE', #5502, #3096, #2810, .T. ) ;
#3049 = CARTESIAN_POINT ( 'NONE',  ( -17.18650298521229658, 8.920603795974260564, 2.286000000000000032 ) ) ;
#3050 = ORIENTED_EDGE ( 'NONE', *, *, #1563, .F. ) ;
#3051 = ORIENTED_EDGE ( 'NONE', *, *, #7376, .T. ) ;
#3052 = CIRCLE ( 'NONE', #8101, 15.19999999999999929 ) ;
#3053 = VECTOR ( 'NONE', #2554, 1000.000000000000000 ) ;
#3054 = DIRECTION ( 'NONE',  ( 1.000000000000000000, 0.000000000000000000, 0.000000000000000000 ) ) ;
#3055 = VERTEX_POINT ( 'NONE', #860 ) ;
#3056 = CARTESIAN_POINT ( 'NONE',  ( 5.754974513648305035, 11.32123086714772420, 3.049999999999999822 ) ) ;
#3057 = DIRECTION ( 'NONE',  ( 0.000000000000000000, 0.000000000000000000, 1.000000000000000000 ) ) ;
#3058 = CARTESIAN_POINT ( 'NONE',  ( -14.91623517531649412, 2.923341956503026307, 3.049999999999999822 ) ) ;
#3059 = AXIS2_PLACEMENT_3D ( 'NONE', #1142, #3975, #3280 ) ;
#3060 = B_SPLINE_CURVE_WITH_KNOTS ( 'NONE', 3,
 ( #6411, #1478, #41, #138 ),
 .UNSPECIFIED., .F., .F.,
 ( 4, 4 ),
 ( 0.01134243133203450063, 0.01305802549859304447 ),
 .UNSPECIFIED. ) ;
#3061 = ADVANCED_FACE ( 'NONE', ( #5842 ), #8633, .T. ) ;
#3062 = VERTEX_POINT ( 'NONE', #2309 ) ;
#3063 = DIRECTION ( 'NONE',  ( 1.000000000000000000, 0.000000000000000000, 0.000000000000000000 ) ) ;
#3064 = ORIENTED_EDGE ( 'NONE', *, *, #2976, .T. ) ;
#3065 = ORIENTED_EDGE ( 'NONE', *, *, #6062, .F. ) ;
#3066 = LINE ( 'NONE', #2361, #1691 ) ;
#3067 = VERTEX_POINT ( 'NONE', #2859 ) ;
#3068 = PLANE ( 'NONE',  #4978 ) ;
#3069 = CARTESIAN_POINT ( 'NONE',  ( 19.05000000000001137, 12.55000000000000071, 3.049999999999999822 ) ) ;
#3070 = CARTESIAN_POINT ( 'NONE',  ( -6.897811456368805771, -10.66365408853579666, 3.750923870974023355 ) ) ;
#3071 = DIRECTION ( 'NONE',  ( 1.000000000000000000, 8.195543980992787683E-16, 0.000000000000000000 ) ) ;
#3072 = PLANE ( 'NONE',  #521 ) ;
#3073 = AXIS2_PLACEMENT_3D ( 'NONE', #1523, #774, #2079 ) ;
#3074 = CARTESIAN_POINT ( 'NONE',  ( -19.05000000000001137, -6.349999999999999645, 2.286000000000000032 ) ) ;
#3075 = ORIENTED_EDGE ( 'NONE', *, *, #7704, .F. ) ;
#3076 = LINE ( 'NONE', #3856, #6708 ) ;
#3077 = ORIENTED_EDGE ( 'NONE', *, *, #7472, .F. ) ;
#3078 = CARTESIAN_POINT ( 'NONE',  ( -10.57281960538458243, 7.036051717019343066, 4.102871481124218178 ) ) ;
#3079 = ORIENTED_EDGE ( 'NONE', *, *, #7302, .T. ) ;
#3080 = LINE ( 'NONE', #4560, #4248 ) ;
#3081 = CIRCLE ( 'NONE', #5745, 8.000000000000000000 ) ;
#3082 = CARTESIAN_POINT ( 'NONE',  ( -17.21152236891498788, -7.481370849898473452, -2.286000000000000032 ) ) ;
#3083 = LINE ( 'NONE', #3636, #1553 ) ;
#3084 = CARTESIAN_POINT ( 'NONE',  ( 19.05000000000001137, -6.349999999999999645, 2.286000000000000032 ) ) ;
#3085 = FACE_OUTER_BOUND ( 'NONE', #6381, .T. ) ;
#3086 = CARTESIAN_POINT ( 'NONE',  ( -19.05000000000001137, -11.55000000000000071, 3.049999999999999822 ) ) ;
#3087 = EDGE_LOOP ( 'NONE', ( #471, #851, #2352, #4635 ) ) ;
#3088 = ORIENTED_EDGE ( 'NONE', *, *, #1487, .F. ) ;
#3089 = CARTESIAN_POINT ( 'NONE',  ( -9.919192062585095115, -7.033815409179249301, 13.57956192592527245 ) ) ;
#3090 = UNCERTAINTY_MEASURE_WITH_UNIT (LENGTH_MEASURE( 1.000000000000000082E-05 ), #116, 'distance_accuracy_value', 'NONE');
#3091 = ADVANCED_FACE ( 'NONE', ( #6495, #4400 ), #816, .F. ) ;
#3092 = CARTESIAN_POINT ( 'NONE',  ( 0.000000000000000000, 0.000000000000000000, 3.049999999999999822 ) ) ;
#3093 = PLANE ( 'NONE',  #4176 ) ;
#3094 = EDGE_LOOP ( 'NONE', ( #6247, #4714, #6932, #7426, #46, #7660, #3588, #4207, #2865, #9186, #7582, #8791, #3589, #6745, #5102, #7516, #7178, #3075 ) ) ;
#3095 = COORDINATED_UNIVERSAL_TIME_OFFSET ( 6, 0, .BEHIND. ) ;
#3096 = VERTEX_POINT ( 'NONE', #7135 ) ;
#3097 = LINE ( 'NONE', #5789, #4655 ) ;
#3098 = ORIENTED_EDGE ( 'NONE', *, *, #2064, .F. ) ;
#3099 = CARTESIAN_POINT ( 'NONE',  ( 19.05000000000001137, -6.349999999999999645, 2.286000000000000032 ) ) ;
#3100 = EDGE_CURVE ( 'NONE', #3370, #6258, #1812, .T. ) ;
#3102 = ADVANCED_FACE ( 'NONE', ( #4296 ), #761, .T. ) ;
#3101 = EDGE_CURVE ( 'NONE', #424, #3040, #3745, .T. ) ;
#3103 = CARTESIAN_POINT ( 'NONE',  ( -21.62060379597427584, 8.213497014787714434, 2.286000000000000032 ) ) ;
#3104 = ORIENTED_EDGE ( 'NONE', *, *, #8119, .T. ) ;
#3105 = DIRECTION ( 'NONE',  ( 1.000000000000000000, -4.553079989440435000E-17, 0.000000000000000000 ) ) ;
#3106 = ORIENTED_EDGE ( 'NONE', *, *, #3374, .F. ) ;
#3107 = VERTEX_POINT ( 'NONE', #8685 ) ;
#3108 = CARTESIAN_POINT ( 'NONE',  ( -19.05000000000001137, 6.349999999999999645, 2.286000000000000032 ) ) ;
#3109 = ORIENTED_EDGE ( 'NONE', *, *, #6510, .T. ) ;
#3110 = DIRECTION ( 'NONE',  ( -1.000000000000000000, 0.000000000000000000, 0.000000000000000000 ) ) ;
#3112 = EDGE_CURVE ( 'NONE', #1670, #1648, #5697, .T. ) ;
#3111 = EDGE_CURVE ( 'NONE', #6907, #2850, #5154, .T. ) ;
#3113 = DIRECTION ( 'NONE',  ( -0.7071067811865474617, 0.7071067811865474617, 0.000000000000000000 ) ) ;
#3114 = DIRECTION ( 'NONE',  ( -0.000000000000000000, -0.000000000000000000, -1.000000000000000000 ) ) ;
#3115 = CARTESIAN_POINT ( 'NONE',  ( -23.06347142246230320, 9.656364641275745342, -2.286000000000000032 ) ) ;
#3116 = DIRECTION ( 'NONE',  ( -1.000000000000000000, 0.000000000000000000, 0.000000000000000000 ) ) ;
#3117 = CARTESIAN_POINT ( 'NONE',  ( -21.62060379597427229, 4.486502985212285743, -2.286000000000000032 ) ) ;
#3118 = ORIENTED_EDGE ( 'NONE', *, *, #7999, .F. ) ;
#3119 = DIRECTION ( 'NONE',  ( 1.000000000000000000, 0.000000000000000000, 0.000000000000000000 ) ) ;
#3120 = VERTEX_POINT ( 'NONE', #20 ) ;
#3121 = CARTESIAN_POINT ( 'NONE',  ( 19.05000000000001137, -6.349999999999999645, -2.286000000000000032 ) ) ;
#3122 = ORIENTED_EDGE ( 'NONE', *, *, #8686, .T. ) ;
#3123 = CARTESIAN_POINT ( 'NONE',  ( 24.25000000000001066, -1.545584412271583830, -3.049999999999999822 ) ) ;
#3124 = LINE ( 'NONE', #2420, #4691 ) ;
#3125 = LINE ( 'NONE', #5218, #6714 ) ;
#3126 = CARTESIAN_POINT ( 'NONE',  ( 8.746223802468129804, 10.47393927217168574, 15.75000000000000000 ) ) ;
#3127 = DIRECTION ( 'NONE',  ( -0.000000000000000000, -0.000000000000000000, -1.000000000000000000 ) ) ;
#3128 = PLANE ( 'NONE',  #8678 ) ;
#3129 = CARTESIAN_POINT ( 'NONE',  ( -20.88847763108504196, 7.481370849898480557, -2.286000000000000032 ) ) ;
#3130 = EDGE_LOOP ( 'NONE', ( #4352, #999, #6545, #6945 ) ) ;
#3131 = B_SPLINE_CURVE_WITH_KNOTS ( 'NONE', 3,
 ( #6011, #417, #4601, #6091, #3294, #2475, #8797, #8240, #7537, #8288, #1865, #4740, #3823, #5269 ),
 .UNSPECIFIED., .F., .F.,
 ( 4, 2, 2, 2, 2, 2, 4 ),
 ( 7.012768501560697486E-17, 0.0002900619406457010741, 0.0005801238812913320003, 0.0008701858219369628181, 0.001160247762582593744, 0.001740371643873854512, 0.002320495525165115931 ),
 .UNSPECIFIED. ) ;
#3132 = VERTEX_POINT ( 'NONE', #1611 ) ;
#3133 = DIRECTION ( 'NONE',  ( 0.7071067811865474617, -0.7071067811865474617, 0.000000000000000000 ) ) ;
#3134 = DIRECTION ( 'NONE',  ( -0.7071067811865501263, 0.7071067811865449082, -0.000000000000000000 ) ) ;
#3135 = FACE_OUTER_BOUND ( 'NONE', #8039, .T. ) ;
#3136 = ORIENTED_EDGE ( 'NONE', *, *, #6062, .T. ) ;
#3137 = ORIENTED_EDGE ( 'NONE', *, *, #7007, .T. ) ;
#3138 = DIRECTION ( 'NONE',  ( -0.7071067811865474617, 0.7071067811865476838, 0.000000000000000000 ) ) ;
#3139 = DIRECTION ( 'NONE',  ( -0.000000000000000000, -0.000000000000000000, -1.000000000000000000 ) ) ;
#3140 = VERTEX_POINT ( 'NONE', #9184 ) ;
#3141 = EDGE_CURVE ( 'NONE', #4155, #6541, #75, .T. ) ;
#3143 = EDGE_CURVE ( 'NONE', #8735, #6168, #7089, .T. ) ;
#3142 = ADVANCED_FACE ( 'NONE', ( #5793 ), #4442, .T. ) ;
#3144 = LINE ( 'NONE', #5466, #8371 ) ;
#3145 = ORIENTED_EDGE ( 'NONE', *, *, #4974, .F. ) ;
#3146 = ORIENTED_EDGE ( 'NONE', *, *, #134, .F. ) ;
#3147 = CARTESIAN_POINT ( 'NONE',  ( -16.47939620402575045, 4.486502985212284855, 2.286000000000000032 ) ) ;
#3148 = ORIENTED_EDGE ( 'NONE', *, *, #1382, .T. ) ;
#3149 = CIRCLE ( 'NONE', #1211, 5.200000000000000178 ) ;
#3150 = DIRECTION ( 'NONE',  ( 0.000000000000000000, 0.000000000000000000, 1.000000000000000000 ) ) ;
#3151 = DIRECTION ( 'NONE',  ( 1.000000000000000000, 0.000000000000000000, 0.000000000000000000 ) ) ;
#3152 = DIRECTION ( 'NONE',  ( 0.000000000000000000, 0.000000000000000000, 1.000000000000000000 ) ) ;
#3153 = VECTOR ( 'NONE', #1198, 1000.000000000000000 ) ;
#3154 = EDGE_CURVE ( 'NONE', #3006, #2086, #7844, .T. ) ;
#3156 = EDGE_CURVE ( 'NONE', #5568, #5094, #8080, .T. ) ;
#3155 = ADVANCED_FACE ( 'NONE', ( #5192 ), #6643, .T. ) ;
#3157 = CYLINDRICAL_SURFACE ( 'NONE', #1687, 6.200000000000001066 ) ;
#3158 = VERTEX_POINT ( 'NONE', #8732 ) ;
#3159 = CARTESIAN_POINT ( 'NONE',  ( -10.36492705552115190, -7.338820554675366203, 11.30038463814561567 ) ) ;
#3160 = ORIENTED_EDGE ( 'NONE', *, *, #4617, .T. ) ;
#3161 = CARTESIAN_POINT ( 'NONE',  ( -17.18650298521229658, 8.920603795974260564, 2.286000000000000032 ) ) ;
#3162 = ORIENTED_EDGE ( 'NONE', *, *, #8429, .T. ) ;
#3163 = LINE ( 'NONE', #2980, #6339 ) ;
#3164 = DIRECTION ( 'NONE',  ( 0.7071067811865501263, -0.7071067811865449082, 0.000000000000000000 ) ) ;
#3165 = VECTOR ( 'NONE', #8017, 1000.000000000000114 ) ;
#3166 = CARTESIAN_POINT ( 'NONE',  ( -19.05000000000001137, 11.55000000000000071, -1.000000000000000000 ) ) ;
#3167 = DIRECTION ( 'NONE',  ( -0.000000000000000000, -0.000000000000000000, -1.000000000000000000 ) ) ;
#3168 = CIRCLE ( 'NONE', #1970, 15.19999999999999751 ) ;
#3169 = ADVANCED_FACE ( 'NONE', ( #3797 ), #8816, .T. ) ;
#3170 = DIRECTION ( 'NONE',  ( 0.000000000000000000, 0.000000000000000000, 1.000000000000000000 ) ) ;
#3171 = AXIS2_PLACEMENT_3D ( 'NONE', #5019, #595, #9108 ) ;
#3172 = PLANE ( 'NONE',  #949 ) ;
#3173 = DIRECTION ( 'NONE',  ( -0.7071067811865474617, 0.7071067811865474617, 0.000000000000000000 ) ) ;
#3174 = ORIENTED_EDGE ( 'NONE', *, *, #1103, .T. ) ;
#3175 = EDGE_CURVE ( 'NONE', #7919, #8776, #1002, .T. ) ;
#3176 = AXIS2_PLACEMENT_3D ( 'NONE', #8585, #2765, #72 ) ;
#3177 = ORIENTED_EDGE ( 'NONE', *, *, #8893, .F. ) ;
#3178 = CARTESIAN_POINT ( 'NONE',  ( -3.469446951953614189E-14, -1.155557966632253931E-30, 3.049999999999999822 ) ) ;
#3179 = DIRECTION ( 'NONE',  ( -0.000000000000000000, -0.000000000000000000, -1.000000000000000000 ) ) ;
#3180 = CIRCLE ( 'NONE', #2877, 3.175000000000000711 ) ;
#3181 = VECTOR ( 'NONE', #1360, 1000.000000000000000 ) ;
#3182 = AXIS2_PLACEMENT_3D ( 'NONE', #7843, #2910, #74 ) ;
#3183 = FACE_OUTER_BOUND ( 'NONE', #7320, .T. ) ;
#3184 = DATE_AND_TIME ( #160, #1077 ) ;
#3185 = ORIENTED_EDGE ( 'NONE', *, *, #379, .T. ) ;
#3186 = AXIS2_PLACEMENT_3D ( 'NONE', #5965, #7266, #1688 ) ;
#3187 = VECTOR ( 'NONE', #4708, 1000.000000000000000 ) ;
#3188 = LINE ( 'NONE', #8205, #8704 ) ;
#3189 = VECTOR ( 'NONE', #8200, 1000.000000000000000 ) ;
#3190 = AXIS2_PLACEMENT_3D ( 'NONE', #4078, #4209, #629 ) ;
#3191 = ORIENTED_EDGE ( 'NONE', *, *, #7115, .T. ) ;
#3192 = VECTOR ( 'NONE', #776, 1000.000000000000000 ) ;
#3193 = CARTESIAN_POINT ( 'NONE',  ( -24.25000000000001066, -1.857106781186548483, 1.000000000000000000 ) ) ;
#3194 = ORIENTED_EDGE ( 'NONE', *, *, #8398, .T. ) ;
#3195 = VERTEX_POINT ( 'NONE', #3103 ) ;
#3196 = DIRECTION ( 'NONE',  ( 0.000000000000000000, 0.000000000000000000, 1.000000000000000000 ) ) ;
#3197 = FACE_OUTER_BOUND ( 'NONE', #8134, .T. ) ;
#3198 = CYLINDRICAL_SURFACE ( 'NONE', #1219, 12.69999999999999929 ) ;
#3199 = CARTESIAN_POINT ( 'NONE',  ( -19.05000000000001137, 6.349999999999999645, -1.000000000000000000 ) ) ;
#3200 = AXIS2_PLACEMENT_3D ( 'NONE', #1135, #7511, #3923 ) ;
#3201 = ADVANCED_FACE ( 'NONE', ( #5938 ), #1041, .F. ) ;
#3202 = EDGE_CURVE ( 'NONE', #4745, #7871, #2447, .T. ) ;
#3203 = CARTESIAN_POINT ( 'NONE',  ( 19.05000000000001137, 12.55000000000000071, 3.049999999999999822 ) ) ;
#3204 = VECTOR ( 'NONE', #6084, 1000.000000000000114 ) ;
#3205 = CARTESIAN_POINT ( 'NONE',  ( 19.05000000000001137, -6.349999999999999645, 2.286000000000000032 ) ) ;
#3206 = VERTEX_POINT ( 'NONE', #5979 ) ;
#3207 = AXIS2_PLACEMENT_3D ( 'NONE', #1768, #1062, #3901 ) ;
#3208 = CARTESIAN_POINT ( 'NONE',  ( -20.88847763108503486, 5.218629150101524061, -2.286000000000000032 ) ) ;
#3209 = ORIENTED_EDGE ( 'NONE', *, *, #1682, .T. ) ;
#3210 = LINE ( 'NONE', #2681, #370 ) ;
#3211 = ORIENTED_EDGE ( 'NONE', *, *, #715, .T. ) ;
#3212 = CARTESIAN_POINT ( 'NONE',  ( 20.88847763108503486, 5.218629150101524061, 2.286000000000000032 ) ) ;
#3213 = LINE ( 'NONE', #6007, #4085 ) ;
#3214 = EDGE_CURVE ( 'NONE', #5900, #82, #217, .T. ) ;
#3215 = CARTESIAN_POINT ( 'NONE',  ( -4.341914580254012890, -14.56666666666665932, -3.049999999999999822 ) ) ;
#3217 = EDGE_CURVE ( 'NONE', #1774, #1901, #1750, .T. ) ;
#3216 = EDGE_CURVE ( 'NONE', #8145, #2569, #7326, .T. ) ;
#3218 = LINE ( 'NONE', #4126, #7025 ) ;
#3219 = VECTOR ( 'NONE', #7368, 1000.000000000000000 ) ;
#3220 = DIRECTION ( 'NONE',  ( 1.000000000000000000, 0.000000000000000000, 0.000000000000000000 ) ) ;
#3221 = CARTESIAN_POINT ( 'NONE',  ( 24.25000000000001066, 6.349999999999999645, 3.049999999999999822 ) ) ;
#3222 = CARTESIAN_POINT ( 'NONE',  ( -9.920276718751614098, 7.034730170956412287, 13.57681041698346469 ) ) ;
#3223 = ORIENTED_EDGE ( 'NONE', *, *, #4008, .F. ) ;
#3224 = AXIS2_PLACEMENT_3D ( 'NONE', #842, #7300, #8753 ) ;
#3225 = ORIENTED_EDGE ( 'NONE', *, *, #4674, .T. ) ;
#3226 = DIRECTION ( 'NONE',  ( -0.7071067811865482389, -0.7071067811865469066, 0.000000000000000000 ) ) ;
#3227 = LINE ( 'NONE', #5358, #5516 ) ;
#3228 = EDGE_CURVE ( 'NONE', #9017, #1882, #2355, .T. ) ;
#3229 = CARTESIAN_POINT ( 'NONE',  ( 19.05000000000001137, 6.349999999999999645, -1.000000000000000000 ) ) ;
#3230 = CARTESIAN_POINT ( 'NONE',  ( 11.53287653212795050, 9.901384675242541178, 11.85196986296202581 ) ) ;
#3231 = ORIENTED_EDGE ( 'NONE', *, *, #8436, .F. ) ;
#3232 = VERTEX_POINT ( 'NONE', #956 ) ;
#3233 = CARTESIAN_POINT ( 'NONE',  ( -24.25000000000001066, 6.349999999999999645, -1.000000000000000000 ) ) ;
#3234 = EDGE_CURVE ( 'NONE', #1349, #5531, #5410, .T. ) ;
#3235 = VERTEX_POINT ( 'NONE', #632 ) ;
#3236 = DIRECTION ( 'NONE',  ( -1.000000000000000000, 0.000000000000000000, 0.000000000000000000 ) ) ;
#3237 = VERTEX_POINT ( 'NONE', #687 ) ;
#3238 = ORIENTED_EDGE ( 'NONE', *, *, #2867, .T. ) ;
#3239 = CIRCLE ( 'NONE', #5431, 2.100000000000000977 ) ;
#3240 = CARTESIAN_POINT ( 'NONE',  ( 0.000000000000000000, 0.000000000000000000, 1.000000000000000000 ) ) ;
#3241 = CARTESIAN_POINT ( 'NONE',  ( -24.25000000000001066, 1.545584412271579167, 2.286000000000000032 ) ) ;
#3242 = CARTESIAN_POINT ( 'NONE',  ( -19.05000000000001137, 6.349999999999999645, -1.000000000000000000 ) ) ;
#3243 = LINE ( 'NONE', #3757, #2439 ) ;
#3244 = CARTESIAN_POINT ( 'NONE',  ( 0.000000000000000000, 0.000000000000000000, -3.049999999999999822 ) ) ;
#3245 = DIRECTION ( 'NONE',  ( -1.000000000000000000, 0.000000000000000000, 0.000000000000000000 ) ) ;
#3246 = FACE_OUTER_BOUND ( 'NONE', #3689, .T. ) ;
#3247 = ORIENTED_EDGE ( 'NONE', *, *, #7861, .T. ) ;
#3248 = EDGE_CURVE ( 'NONE', #4995, #1868, #1389, .T. ) ;
#3249 = CARTESIAN_POINT ( 'NONE',  ( 25.25000000000001066, -1.131370849898488018, -3.049999999999999822 ) ) ;
#3250 = ORIENTED_EDGE ( 'NONE', *, *, #1626, .F. ) ;
#3251 = DIRECTION ( 'NONE',  ( 1.000000000000000000, 0.000000000000000000, -0.000000000000000000 ) ) ;
#3252 = ORIENTED_EDGE ( 'NONE', *, *, #8374, .T. ) ;
#3253 = CARTESIAN_POINT ( 'NONE',  ( 13.14289321881346062, 11.55000000000000071, 3.049999999999999822 ) ) ;
#3254 = DIRECTION ( 'NONE',  ( -0.7071067811865509034, 0.7071067811865441310, 0.000000000000000000 ) ) ;
#3255 = DIRECTION ( 'NONE',  ( 1.000000000000000000, 0.000000000000000000, 0.000000000000000000 ) ) ;
#3256 = CARTESIAN_POINT ( 'NONE',  ( 15.87500000000000355, -6.349999999999999645, 2.286000000000000032 ) ) ;
#3257 = DIRECTION ( 'NONE',  ( -1.000000000000000000, 0.000000000000000000, 0.000000000000000000 ) ) ;
#3258 = EDGE_CURVE ( 'NONE', #4809, #3642, #4029, .T. ) ;
#3259 = CARTESIAN_POINT ( 'NONE',  ( -19.05000000000001137, 6.349999999999999645, 2.286000000000000032 ) ) ;
#3262 = EDGE_CURVE ( 'NONE', #4613, #2399, #8961, .T. ) ;
#3261 = EDGE_CURVE ( 'NONE', #4439, #369, #4871, .T. ) ;
#3260 = CARTESIAN_POINT ( 'NONE',  ( -10.35731515702305749, 7.349571161274750075, 11.59777289888899610 ) ) ;
#3263 = ORIENTED_EDGE ( 'NONE', *, *, #9076, .F. ) ;
#3264 = CYLINDRICAL_SURFACE ( 'NONE', #4213, 5.200000000000000178 ) ;
#3265 = ORIENTED_EDGE ( 'NONE', *, *, #3384, .F. ) ;
#3266 = CARTESIAN_POINT ( 'NONE',  ( -24.25000000000001066, 6.350000000000000533, -3.049999999999999822 ) ) ;
#3267 = LINE ( 'NONE', #8427, #332 ) ;
#3268 = CARTESIAN_POINT ( 'NONE',  ( 10.53679841599596223, -7.089843379135039925, 4.484570918952095475 ) ) ;
#3269 = CARTESIAN_POINT ( 'NONE',  ( -17.18650298521229658, 3.779396204025738282, 2.286000000000000032 ) ) ;
#3271 = EDGE_CURVE ( 'NONE', #7131, #5036, #4776, .T. ) ;
#3270 = EDGE_CURVE ( 'NONE', #3195, #3235, #5485, .T. ) ;
#3272 = VERTEX_POINT ( 'NONE', #2685 ) ;
#3273 = ORIENTED_EDGE ( 'NONE', *, *, #578, .T. ) ;
#3274 = ORIENTED_EDGE ( 'NONE', *, *, #6440, .T. ) ;
#3275 = ADVANCED_FACE ( 'NONE', ( #4831 ), #6319, .F. ) ;
#3276 = DIRECTION ( 'NONE',  ( 0.000000000000000000, 0.000000000000000000, 1.000000000000000000 ) ) ;
#3277 = VERTEX_POINT ( 'NONE', #6134 ) ;
#3278 = ORIENTED_EDGE ( 'NONE', *, *, #8959, .F. ) ;
#3279 = FACE_OUTER_BOUND ( 'NONE', #6246, .T. ) ;
#3280 = DIRECTION ( 'NONE',  ( 0.7071067811865473507, -0.7071067811865476838, 0.000000000000000000 ) ) ;
#3281 = DIRECTION ( 'NONE',  ( 1.000000000000000000, 0.000000000000000000, -0.000000000000000000 ) ) ;
#3282 = FACE_OUTER_BOUND ( 'NONE', #352, .T. ) ;
#3283 = DIRECTION ( 'NONE',  ( -0.000000000000000000, -0.000000000000000000, -1.000000000000000000 ) ) ;
#3284 = CARTESIAN_POINT ( 'NONE',  ( -7.341271514852261149, -10.33092136583372600, 11.89081495460112947 ) ) ;
#3285 = CARTESIAN_POINT ( 'NONE',  ( -9.881168959186963363, 11.55000000000000071, 3.049999999999999822 ) ) ;
#3286 = ORIENTED_EDGE ( 'NONE', *, *, #4268, .T. ) ;
#3287 = DIRECTION ( 'NONE',  ( 0.7071067811865474617, 0.7071067811865474617, -0.000000000000000000 ) ) ;
#3288 = VERTEX_POINT ( 'NONE', #4124 ) ;
#3289 = DIRECTION ( 'NONE',  ( -0.000000000000000000, -0.000000000000000000, -1.000000000000000000 ) ) ;
#3290 = ORIENTED_EDGE ( 'NONE', *, *, #6287, .F. ) ;
#3291 = CARTESIAN_POINT ( 'NONE',  ( 20.88847763108503486, -5.218629150101523173, 2.286000000000000032 ) ) ;
#3292 = LINE ( 'NONE', #1945, #2463 ) ;
#3293 = DIRECTION ( 'NONE',  ( 0.000000000000000000, 0.000000000000000000, 1.000000000000000000 ) ) ;
#3294 = CARTESIAN_POINT ( 'NONE',  ( 7.008640439546422130, 10.59106589315228852, 4.009997168972557091 ) ) ;
#3295 = CIRCLE ( 'NONE', #5528, 5.200000000000000178 ) ;
#3296 = PRODUCT_RELATED_PRODUCT_CATEGORY ( 'detail', '', ( #690 ) ) ;
#3297 = DIRECTION ( 'NONE',  ( -1.000000000000000000, 0.000000000000000000, 0.000000000000000000 ) ) ;
#3298 = VERTEX_POINT ( 'NONE', #4735 ) ;
#3299 = FACE_OUTER_BOUND ( 'NONE', #1548, .T. ) ;
#3300 = CARTESIAN_POINT ( 'NONE',  ( 10.53679841599595868, 7.089843379135053247, 4.484570918952032414 ) ) ;
#3301 = ORIENTED_EDGE ( 'NONE', *, *, #3883, .F. ) ;
#3302 = DIRECTION ( 'NONE',  ( -1.000000000000000000, 0.000000000000000000, 0.000000000000000000 ) ) ;
#3303 = AXIS2_PLACEMENT_3D ( 'NONE', #7541, #1253, #4086 ) ;
#3304 = ORIENTED_EDGE ( 'NONE', *, *, #5522, .F. ) ;
#3305 = DIRECTION ( 'NONE',  ( -0.000000000000000000, -0.000000000000000000, -1.000000000000000000 ) ) ;
#3306 = CIRCLE ( 'NONE', #8504, 15.20000000000001350 ) ;
#3307 = LINE ( 'NONE', #3964, #7896 ) ;
#3308 = CARTESIAN_POINT ( 'NONE',  ( -1.767766952966375538, -1.767766952966360883, 3.049999999999999822 ) ) ;
#3309 = ADVANCED_FACE ( 'NONE', ( #1332 ), #8529, .F. ) ;
#3310 = EDGE_CURVE ( 'NONE', #8864, #7533, #1248, .T. ) ;
#3311 = CC_DESIGN_APPROVAL ( #4939, ( #2860 ) ) ;
#3312 = AXIS2_PLACEMENT_3D ( 'NONE', #5513, #6256, #6993 ) ;
#3313 = DIRECTION ( 'NONE',  ( 1.000000000000000000, 0.000000000000000000, 0.000000000000000000 ) ) ;
#3314 = VERTEX_POINT ( 'NONE', #1294 ) ;
#3315 = ORIENTED_EDGE ( 'NONE', *, *, #4443, .T. ) ;
#3316 = ORIENTED_EDGE ( 'NONE', *, *, #6497, .T. ) ;
#3317 = AXIS2_PLACEMENT_3D ( 'NONE', #2897, #2238, #6908 ) ;
#3318 = CIRCLE ( 'NONE', #8521, 3.175000000000007816 ) ;
#3319 = VECTOR ( 'NONE', #2968, 1000.000000000000000 ) ;
#3320 = EDGE_CURVE ( 'NONE', #7063, #6331, #1398, .T. ) ;
#3322 = EDGE_CURVE ( 'NONE', #8716, #4828, #553, .T. ) ;
#3321 = ADVANCED_FACE ( 'NONE', ( #6966, #2038 ), #1906, .F. ) ;
#3323 = CONICAL_SURFACE ( 'NONE', #3920, 11.85355339059327662, 0.7853981633974531640 ) ;
#3324 = ORIENTED_EDGE ( 'NONE', *, *, #3384, .T. ) ;
#3325 = CARTESIAN_POINT ( 'NONE',  ( 19.05000000000001137, 6.349999999999999645, 2.286000000000000032 ) ) ;
#3326 = ORIENTED_EDGE ( 'NONE', *, *, #3985, .T. ) ;
#3327 = VECTOR ( 'NONE', #7500, 1000.000000000000000 ) ;
#3328 = AXIS2_PLACEMENT_3D ( 'NONE', #7695, #7562, #441 ) ;
#3329 = CARTESIAN_POINT ( 'NONE',  ( 15.87500000000000355, 6.349999999999999645, 2.286000000000000032 ) ) ;
#3330 = DIRECTION ( 'NONE',  ( -0.000000000000000000, -0.000000000000000000, 1.000000000000000000 ) ) ;
#3331 = PLANE ( 'NONE',  #3596 ) ;
#3332 = DIRECTION ( 'NONE',  ( 0.7071067811865474617, 0.7071067811865476838, 0.000000000000000000 ) ) ;
#3333 = CARTESIAN_POINT ( 'NONE',  ( 2.056696380120323298, -14.89999999999999680, -3.049999999999999822 ) ) ;
#3334 = EDGE_CURVE ( 'NONE', #4584, #3558, #9103, .T. ) ;
#3335 = VECTOR ( 'NONE', #8347, 1000.000000000000000 ) ;
#3336 = DIRECTION ( 'NONE',  ( 1.000000000000000000, 0.000000000000000000, 0.000000000000000000 ) ) ;
#3337 = CARTESIAN_POINT ( 'NONE',  ( -19.05000000000001137, -11.54999999999999893, -1.000000000000000000 ) ) ;
#3338 = EDGE_LOOP ( 'NONE', ( #2088, #1177, #8344, #6946 ) ) ;
#3339 = LINE ( 'NONE', #6182, #3454 ) ;
#3340 = EDGE_LOOP ( 'NONE', ( #783, #4420, #7268, #437 ) ) ;
#3341 = CIRCLE ( 'NONE', #7208, 15.19999999999999929 ) ;
#3342 = CARTESIAN_POINT ( 'NONE',  ( 8.746223802468129804, 10.47393927217168574, 15.75000000000000000 ) ) ;
#3343 = AXIS2_PLACEMENT_3D ( 'NONE', #5446, #3167, #7577 ) ;
#3344 = VERTEX_POINT ( 'NONE', #6266 ) ;
#3345 = CYLINDRICAL_SURFACE ( 'NONE', #992, 3.175000000000007816 ) ;
#3346 = CARTESIAN_POINT ( 'NONE',  ( -16.47939620402575045, 8.213497014787714434, 2.286000000000000032 ) ) ;
#3347 = DIRECTION ( 'NONE',  ( 0.7071067811865482389, -0.7071067811865469066, 0.000000000000000000 ) ) ;
#3348 = DIRECTION ( 'NONE',  ( 0.000000000000000000, 0.000000000000000000, -1.000000000000000000 ) ) ;
#3349 = DIRECTION ( 'NONE',  ( -0.7071067811865474617, -0.7071067811865476838, 0.000000000000000000 ) ) ;
#3350 = AXIS2_PLACEMENT_3D ( 'NONE', #3681, #6374, #48 ) ;
#3351 = CARTESIAN_POINT ( 'NONE',  ( 19.05000000000001137, 11.55000000000000071, -2.286000000000000032 ) ) ;
#3352 = ORIENTED_EDGE ( 'NONE', *, *, #9118, .F. ) ;
#3353 = FACE_OUTER_BOUND ( 'NONE', #3946, .T. ) ;
#3354 = CARTESIAN_POINT ( 'NONE',  ( 21.62060379597427939, -4.486502985212279526, -2.286000000000000032 ) ) ;
#3355 = VERTEX_POINT ( 'NONE', #5525 ) ;
#3356 = CARTESIAN_POINT ( 'NONE',  ( 10.54166907872519410, 7.082604687307064495, 4.288454982080311950 ) ) ;
#3357 = EDGE_LOOP ( 'NONE', ( #5700, #1631, #8118, #141 ) ) ;
#3358 = FACE_OUTER_BOUND ( 'NONE', #4258, .T. ) ;
#3359 = AXIS2_PLACEMENT_3D ( 'NONE', #9152, #6404, #4161 ) ;
#3360 = CARTESIAN_POINT ( 'NONE',  ( -10.00446747355705490, -11.44336622548361859, 4.049999999999999822 ) ) ;
#3361 = CARTESIAN_POINT ( 'NONE',  ( 11.44336622548373050, 10.00446747355692523, 4.049999999999999822 ) ) ;
#3362 = DIRECTION ( 'NONE',  ( 0.7071067811865472397, 0.7071067811865479058, 0.000000000000000000 ) ) ;
#3363 = CIRCLE ( 'NONE', #3505, 3.175000000000007816 ) ;
#3364 = ADVANCED_FACE ( 'NONE', ( #2733 ), #6927, .T. ) ;
#3365 = ORIENTED_EDGE ( 'NONE', *, *, #5822, .F. ) ;
#3366 = VERTEX_POINT ( 'NONE', #3390 ) ;
#3367 = VECTOR ( 'NONE', #1862, 1000.000000000000000 ) ;
#3368 = VERTEX_POINT ( 'NONE', #6229 ) ;
#3369 = CARTESIAN_POINT ( 'NONE',  ( 7.288106010612238173, 10.24208267916047888, 12.46855669641187170 ) ) ;
#3370 = VERTEX_POINT ( 'NONE', #1259 ) ;
#3371 = ADVANCED_FACE ( 'NONE', ( #2615 ), #599, .F. ) ;
#3372 = CARTESIAN_POINT ( 'NONE',  ( 0.000000000000000000, 0.000000000000000000, 15.75000000000000000 ) ) ;
#3374 = EDGE_CURVE ( 'NONE', #7699, #1323, #1917, .T. ) ;
#3373 = EDGE_CURVE ( 'NONE', #6534, #1901, #3398, .T. ) ;
#3375 = CARTESIAN_POINT ( 'NONE',  ( -25.75355339059328585, -0.3535533905932872756, 1.000000000000000000 ) ) ;
#3376 = CYLINDRICAL_SURFACE ( 'NONE', #6863, 3.175000000000000711 ) ;
#3377 = LINE ( 'NONE', #4860, #2583 ) ;
#3378 = LINE ( 'NONE', #4113, #5552 ) ;
#3379 = DIRECTION ( 'NONE',  ( 1.000000000000000000, 0.000000000000000000, 0.000000000000000000 ) ) ;
#3380 = CARTESIAN_POINT ( 'NONE',  ( -9.283939713020947337, 12.03530071934193479, 15.75000000000000000 ) ) ;
#3381 = ORIENTED_EDGE ( 'NONE', *, *, #6691, .F. ) ;
#3382 = LINE ( 'NONE', #1191, #38 ) ;
#3384 = EDGE_CURVE ( 'NONE', #6627, #1328, #6263, .T. ) ;
#3383 = EDGE_CURVE ( 'NONE', #5926, #8433, #1850, .T. ) ;
#3385 = ORIENTED_EDGE ( 'NONE', *, *, #618, .T. ) ;
#3386 = DIRECTION ( 'NONE',  ( 0.000000000000000000, 0.000000000000000000, 1.000000000000000000 ) ) ;
#3387 = VERTEX_POINT ( 'NONE', #1208 ) ;
#3388 = CARTESIAN_POINT ( 'NONE',  ( 5.754974513648304146, -11.32123086714772597, 3.049999999999999822 ) ) ;
#3389 = DIRECTION ( 'NONE',  ( -0.000000000000000000, -0.000000000000000000, -1.000000000000000000 ) ) ;
#3390 = CARTESIAN_POINT ( 'NONE',  ( 7.598307058890007681, -13.16456341238940908, 3.049999999999999822 ) ) ;
#3391 = LINE ( 'NONE', #7536, #6118 ) ;
#3392 = DIRECTION ( 'NONE',  ( 0.7071067811865471286, 0.7071067811865479058, -0.000000000000000000 ) ) ;
#3393 = CARTESIAN_POINT ( 'NONE',  ( 16.47939620402574334, -4.486502985212279526, 2.286000000000000032 ) ) ;
#3394 = ORIENTED_EDGE ( 'NONE', *, *, #8673, .F. ) ;
#3395 = CARTESIAN_POINT ( 'NONE',  ( 19.05000000000001137, -12.55000000000000071, -3.049999999999999822 ) ) ;
#3396 = EDGE_CURVE ( 'NONE', #2385, #3702, #8248, .T. ) ;
#3397 = ORIENTED_EDGE ( 'NONE', *, *, #763, .T. ) ;
#3398 = LINE ( 'NONE', #460, #3327 ) ;
#3399 = ORIENTED_EDGE ( 'NONE', *, *, #1615, .T. ) ;
#3400 = DIRECTION ( 'NONE',  ( -0.7071067811865477948, 0.7071067811865473507, 0.000000000000000000 ) ) ;
#3401 = DIRECTION ( 'NONE',  ( -0.7071067811865479058, 0.7071067811865472397, 0.000000000000000000 ) ) ;
#3402 = DIRECTION ( 'NONE',  ( -0.000000000000000000, -0.000000000000000000, -1.000000000000000000 ) ) ;
#3403 = CARTESIAN_POINT ( 'NONE',  ( 14.55710678118655643, 11.55000000000000071, 3.049999999999999822 ) ) ;
#3404 = DIRECTION ( 'NONE',  ( 1.000000000000000000, 0.000000000000000000, 0.000000000000000000 ) ) ;
#3405 = ORIENTED_EDGE ( 'NONE', *, *, #5593, .T. ) ;
#3406 = ORIENTED_EDGE ( 'NONE', *, *, #4673, .F. ) ;
#3407 = VECTOR ( 'NONE', #5582, 1000.000000000000000 ) ;
#3408 = ORIENTED_EDGE ( 'NONE', *, *, #2019, .T. ) ;
#3409 = VERTEX_POINT ( 'NONE', #5584 ) ;
#3410 = CARTESIAN_POINT ( 'NONE',  ( -24.25000000000001066, 1.545584412271579167, -3.049999999999999822 ) ) ;
#3411 = CARTESIAN_POINT ( 'NONE',  ( -3.469446951953614189E-14, -1.155557966632253931E-30, 3.049999999999999822 ) ) ;
#3412 = AXIS2_PLACEMENT_3D ( 'NONE', #1736, #4569, #1641 ) ;
#3413 = LINE ( 'NONE', #6251, #6420 ) ;
#3414 = CARTESIAN_POINT ( 'NONE',  ( -11.58767245797185552, -6.021416104472208985, 3.049999999999999822 ) ) ;
#3415 = CARTESIAN_POINT ( 'NONE',  ( 10.55101945629030702, -8.919575393221691684, 11.85003372969181967 ) ) ;
#3416 = EDGE_CURVE ( 'NONE', #545, #4956, #6301, .T. ) ;
#3418 = EDGE_CURVE ( 'NONE', #2015, #5611, #422, .T. ) ;
#3417 = EDGE_CURVE ( 'NONE', #8257, #6087, #4796, .T. ) ;
#3419 = PLANE ( 'NONE',  #4804 ) ;
#3420 = FACE_OUTER_BOUND ( 'NONE', #4695, .T. ) ;
#3421 = ORIENTED_EDGE ( 'NONE', *, *, #4101, .T. ) ;
#3422 = CARTESIAN_POINT ( 'NONE',  ( 22.35636464127575707, -10.36347142246229502, 3.049999999999999822 ) ) ;
#3423 = EDGE_LOOP ( 'NONE', ( #1311, #898, #1598, #3986 ) ) ;
#3424 = LINE ( 'NONE', #173, #4670 ) ;
#3425 = ORIENTED_EDGE ( 'NONE', *, *, #3418, .F. ) ;
#3426 = CARTESIAN_POINT ( 'NONE',  ( 0.000000000000000000, 0.000000000000000000, 14.90355339059327910 ) ) ;
#3427 = CARTESIAN_POINT ( 'NONE',  ( -20.88847763108504196, 7.481370849898480557, -2.286000000000000032 ) ) ;
#3428 = DIRECTION ( 'NONE',  ( -1.000000000000000000, 0.000000000000000000, 0.000000000000000000 ) ) ;
#3429 = DIRECTION ( 'NONE',  ( 1.000000000000000000, 0.000000000000000000, 0.000000000000000000 ) ) ;
#3430 = CARTESIAN_POINT ( 'NONE',  ( 17.91862915010153401, 4.511522368914976155, -2.286000000000000032 ) ) ;
#3431 = EDGE_CURVE ( 'NONE', #6982, #8157, #9114, .T. ) ;
#3433 = EDGE_CURVE ( 'NONE', #8447, #8688, #7943, .T. ) ;
#3432 = EDGE_CURVE ( 'NONE', #9017, #5755, #8332, .T. ) ;
#3434 = AXIS2_PLACEMENT_3D ( 'NONE', #7160, #7720, #7912 ) ;
#3435 = LINE ( 'NONE', #2738, #1078 ) ;
#3436 = ORIENTED_EDGE ( 'NONE', *, *, #3672, .T. ) ;
#3437 = CARTESIAN_POINT ( 'NONE',  ( 0.000000000000000000, 0.000000000000000000, 11.30038463814563343 ) ) ;
#3438 = ORIENTED_EDGE ( 'NONE', *, *, #4618, .T. ) ;
#3439 = CARTESIAN_POINT ( 'NONE',  ( 10.63682055471430132, 6.939002775446467375, 3.833204501437571743 ) ) ;
#3440 = EDGE_LOOP ( 'NONE', ( #7275, #3425, #561, #7568, #7378, #8304 ) ) ;
#3441 = LINE ( 'NONE', #5028, #4553 ) ;
#3442 = CARTESIAN_POINT ( 'NONE',  ( -19.05000000000001137, -6.349999999999999645, -3.049999999999999822 ) ) ;
#3443 = VECTOR ( 'NONE', #2013, 1000.000000000000114 ) ;
#3444 = DIRECTION ( 'NONE',  ( 0.7071067811865510144, -0.7071067811865441310, -0.000000000000000000 ) ) ;
#3445 = DIRECTION ( 'NONE',  ( 1.000000000000000000, -3.551402391763533309E-15, 0.000000000000000000 ) ) ;
#3446 = ADVANCED_FACE ( 'NONE', ( #7629 ), #3264, .F. ) ;
#3447 = CARTESIAN_POINT ( 'NONE',  ( -21.15000000000001279, -6.349999999999999645, 1.000000000000000000 ) ) ;
#3448 = AXIS2_PLACEMENT_3D ( 'NONE', #4602, #3127, #5271 ) ;
#3449 = ORIENTED_EDGE ( 'NONE', *, *, #5646, .F. ) ;
#3450 = AXIS2_PLACEMENT_3D ( 'NONE', #1891, #3934, #1232 ) ;
#3451 = EDGE_LOOP ( 'NONE', ( #826, #7277, #6165, #4227 ) ) ;
#3452 = ORIENTED_EDGE ( 'NONE', *, *, #2297, .F. ) ;
#3453 = AXIS2_PLACEMENT_3D ( 'NONE', #7607, #8179, #5476 ) ;
#3454 = VECTOR ( 'NONE', #7530, 1000.000000000000000 ) ;
#3455 = ORIENTED_EDGE ( 'NONE', *, *, #7639, .F. ) ;
#3456 = ORIENTED_EDGE ( 'NONE', *, *, #9176, .F. ) ;
#3457 = AXIS2_PLACEMENT_3D ( 'NONE', #8663, #531, #4932 ) ;
#3458 = DIRECTION ( 'NONE',  ( -0.000000000000000000, 0.000000000000000000, -1.000000000000000000 ) ) ;
#3459 = DIRECTION ( 'NONE',  ( 1.000000000000000000, 0.000000000000000000, -0.000000000000000000 ) ) ;
#3460 = VECTOR ( 'NONE', #6221, 1000.000000000000000 ) ;
#3461 = CARTESIAN_POINT ( 'NONE',  ( 18.69644660940673830, 5.996446609406726580, -1.000000000000000000 ) ) ;
#3462 = DIRECTION ( 'NONE',  ( 0.7071067811865513475, -0.7071067811865436870, 0.000000000000000000 ) ) ;
#3463 = VECTOR ( 'NONE', #150, 1000.000000000000114 ) ;
#3464 = AXIS2_PLACEMENT_3D ( 'NONE', #6446, #7791, #121 ) ;
#3465 = VERTEX_POINT ( 'NONE', #2697 ) ;
#3466 = AXIS2_PLACEMENT_3D ( 'NONE', #359, #7433, #6694 ) ;
#3467 = DIRECTION ( 'NONE',  ( 0.000000000000000000, 0.000000000000000000, 1.000000000000000000 ) ) ;
#3468 = ORIENTED_EDGE ( 'NONE', *, *, #16, .F. ) ;
#3469 = VERTEX_POINT ( 'NONE', #6097 ) ;
#3470 = B_SPLINE_CURVE_WITH_KNOTS ( 'NONE', 3,
 ( #627, #3563, #26, #3471 ),
 .UNSPECIFIED., .F., .F.,
 ( 4, 4 ),
 ( 0.000000000000000000, 0.001715609112754639060 ),
 .UNSPECIFIED. ) ;
#3471 = CARTESIAN_POINT ( 'NONE',  ( -10.24994121339578079, 7.498580207074579285, 15.75000000000000000 ) ) ;
#3472 = ORIENTED_EDGE ( 'NONE', *, *, #2029, .T. ) ;
#3473 = CARTESIAN_POINT ( 'NONE',  ( 21.62060379597427584, -8.213497014787721540, 2.286000000000000032 ) ) ;
#3474 = EDGE_CURVE ( 'NONE', #6147, #7545, #8931, .T. ) ;
#3475 = DIRECTION ( 'NONE',  ( -0.7071067811865435759, 0.7071067811865515695, 0.000000000000000000 ) ) ;
#3476 = PLANE ( 'NONE',  #4239 ) ;
#3477 = CARTESIAN_POINT ( 'NONE',  ( 0.000000000000000000, 0.000000000000000000, 14.90355339059327910 ) ) ;
#3478 = AXIS2_PLACEMENT_3D ( 'NONE', #7762, #7817, #7155 ) ;
#3479 = AXIS2_PLACEMENT_3D ( 'NONE', #7306, #2381, #5219 ) ;
#3480 = CARTESIAN_POINT ( 'NONE',  ( 13.16456341238949612, 7.598307058889901100, 3.049999999999999822 ) ) ;
#3481 = CARTESIAN_POINT ( 'NONE',  ( -2.056696380120321965, 6.899999999999997691, 3.049999999999999822 ) ) ;
#3482 = CARTESIAN_POINT ( 'NONE',  ( -17.18650298521229658, 3.779396204025738282, 2.286000000000000032 ) ) ;
#3483 = ORIENTED_EDGE ( 'NONE', *, *, #1738, .T. ) ;
#3484 = CIRCLE ( 'NONE', #6023, 3.175000000000007816 ) ;
#3485 = CIRCLE ( 'NONE', #204, 3.175000000000000711 ) ;
#3486 = CARTESIAN_POINT ( 'NONE',  ( 16.47939620402574334, 4.486502985212279526, 2.286000000000000032 ) ) ;
#3487 = ORIENTED_EDGE ( 'NONE', *, *, #6560, .T. ) ;
#3488 = CARTESIAN_POINT ( 'NONE',  ( 11.53287653212794694, -9.901384675242546507, 11.85196986296170252 ) ) ;
#3489 = EDGE_CURVE ( 'NONE', #3158, #8037, #2187, .T. ) ;
#3490 = ORIENTED_EDGE ( 'NONE', *, *, #7996, .T. ) ;
#3492 = EDGE_CURVE ( 'NONE', #2520, #7036, #2975, .T. ) ;
#3491 = EDGE_CURVE ( 'NONE', #6534, #6414, #2888, .T. ) ;
#3493 = DIRECTION ( 'NONE',  ( 0.7071067811865473507, -0.7071067811865476838, 0.000000000000000000 ) ) ;
#3494 = FACE_OUTER_BOUND ( 'NONE', #9146, .T. ) ;
#3495 = CARTESIAN_POINT ( 'NONE',  ( -20.18137084989849228, -8.188477631085028463, 2.286000000000000032 ) ) ;
#3496 = DIRECTION ( 'NONE',  ( 0.000000000000000000, 0.000000000000000000, 1.000000000000000000 ) ) ;
#3497 = VECTOR ( 'NONE', #4722, 1000.000000000000000 ) ;
#3498 = VECTOR ( 'NONE', #8790, 1000.000000000000000 ) ;
#3499 = DIRECTION ( 'NONE',  ( 0.000000000000000000, 1.000000000000000000, -0.000000000000000000 ) ) ;
#3500 = ORIENTED_EDGE ( 'NONE', *, *, #4641, .F. ) ;
#3501 = VECTOR ( 'NONE', #7679, 1000.000000000000000 ) ;
#3502 = ORIENTED_EDGE ( 'NONE', *, *, #7882, .T. ) ;
#3503 = EDGE_CURVE ( 'NONE', #1713, #9175, #6613, .T. ) ;
#3504 = ORIENTED_EDGE ( 'NONE', *, *, #6162, .T. ) ;
#3505 = AXIS2_PLACEMENT_3D ( 'NONE', #6473, #2834, #8425 ) ;
#3506 = CARTESIAN_POINT ( 'NONE',  ( -6.412546621332738894, 10.96248442393419076, 3.229968010100366271 ) ) ;
#3507 = ORIENTED_EDGE ( 'NONE', *, *, #5884, .T. ) ;
#3508 =( NAMED_UNIT ( * ) PLANE_ANGLE_UNIT ( ) SI_UNIT ( $, .RADIAN. ) );
#3509 = VERTEX_POINT ( 'NONE', #4923 ) ;
#3510 = DIRECTION ( 'NONE',  ( -0.000000000000000000, -0.000000000000000000, -1.000000000000000000 ) ) ;
#3511 = AXIS2_PLACEMENT_3D ( 'NONE', #1022, #7400, #5919 ) ;
#3512 = CYLINDRICAL_SURFACE ( 'NONE', #817, 2.100000000000000977 ) ;
#3513 = CARTESIAN_POINT ( 'NONE',  ( 8.552961997491371093, 12.56550315032366072, 3.524263225867806604 ) ) ;
#3514 = DIRECTION ( 'NONE',  ( 1.000000000000000000, -0.000000000000000000, -0.000000000000000000 ) ) ;
#3515 = ORIENTED_EDGE ( 'NONE', *, *, #267, .T. ) ;
#3516 = DIRECTION ( 'NONE',  ( 1.000000000000000000, 0.000000000000000000, 0.000000000000000000 ) ) ;
#3517 = ORIENTED_EDGE ( 'NONE', *, *, #3503, .F. ) ;
#3518 = VERTEX_POINT ( 'NONE', #3532 ) ;
#3519 = DIRECTION ( 'NONE',  ( 0.7071067811865474617, 0.7071067811865476838, -0.000000000000000000 ) ) ;
#3520 = ORIENTED_EDGE ( 'NONE', *, *, #2744, .F. ) ;
#3521 = VERTEX_POINT ( 'NONE', #4172 ) ;
#3522 = DIRECTION ( 'NONE',  ( 1.000000000000000000, 0.000000000000000000, 0.000000000000000000 ) ) ;
#3523 = CARTESIAN_POINT ( 'NONE',  ( -19.05000000000001137, 6.349999999999999645, -2.286000000000000032 ) ) ;
#3524 = CARTESIAN_POINT ( 'NONE',  ( 20.91349701478772971, -8.920603795974267669, -1.000000000000000000 ) ) ;
#3525 = CARTESIAN_POINT ( 'NONE',  ( 10.24149574457081080, 7.287703921487115544, 12.47155034411759900 ) ) ;
#3526 = CARTESIAN_POINT ( 'NONE',  ( -12.33241833471676330, -8.885463297855768161, 4.484570918952039520 ) ) ;
#3527 = CARTESIAN_POINT ( 'NONE',  ( -24.11862915010152975, 0.000000000000000000, 3.049999999999999822 ) ) ;
#3528 = LINE ( 'NONE', #3572, #1533 ) ;
#3529 = ORIENTED_EDGE ( 'NONE', *, *, #7422, .F. ) ;
#3530 = CARTESIAN_POINT ( 'NONE',  ( -13.14289321881346062, 11.55000000000000071, -2.286000000000000032 ) ) ;
#3531 = ORIENTED_EDGE ( 'NONE', *, *, #5426, .F. ) ;
#3532 = CARTESIAN_POINT ( 'NONE',  ( -19.05000000000001137, -11.55000000000000071, -3.049999999999999822 ) ) ;
#3533 = EDGE_LOOP ( 'NONE', ( #3700, #7778, #3897, #7554 ) ) ;
#3534 = CARTESIAN_POINT ( 'NONE',  ( 16.95000000000000284, -6.349999999999999645, 2.286000000000000032 ) ) ;
#3535 = CARTESIAN_POINT ( 'NONE',  ( 17.21152236891498788, -5.218629150101523173, -2.286000000000000032 ) ) ;
#3536 = DIRECTION ( 'NONE',  ( 1.000000000000000000, 0.000000000000000000, 0.000000000000000000 ) ) ;
#3537 = DIRECTION ( 'NONE',  ( 0.000000000000000000, 0.000000000000000000, 1.000000000000000000 ) ) ;
#3538 = EDGE_CURVE ( 'NONE', #2277, #4584, #6371, .T. ) ;
#3540 = EDGE_CURVE ( 'NONE', #5232, #6873, #9125, .T. ) ;
#3539 = EDGE_CURVE ( 'NONE', #3717, #8703, #6330, .T. ) ;
#3541 = CARTESIAN_POINT ( 'NONE',  ( 19.05000000000001137, 11.55000000000000071, -1.000000000000000000 ) ) ;
#3542 = DIRECTION ( 'NONE',  ( -0.000000000000000000, -0.000000000000000000, 1.000000000000000000 ) ) ;
#3543 = ORIENTED_EDGE ( 'NONE', *, *, #3650, .T. ) ;
#3544 = EDGE_LOOP ( 'NONE', ( #4401, #8445 ) ) ;
#3545 = ORIENTED_EDGE ( 'NONE', *, *, #8482, .T. ) ;
#3547 = EDGE_CURVE ( 'NONE', #8105, #4580, #6413, .T. ) ;
#3546 = EDGE_CURVE ( 'NONE', #4803, #8495, #8511, .T. ) ;
#3548 = CARTESIAN_POINT ( 'NONE',  ( -24.25000000000001066, 1.857106781186547595, 3.049999999999999822 ) ) ;
#3549 = ORIENTED_EDGE ( 'NONE', *, *, #7757, .F. ) ;
#3550 = CARTESIAN_POINT ( 'NONE',  ( -10.00446747355705668, 11.44336622548362392, 4.049999999999999822 ) ) ;
#3551 = ORIENTED_EDGE ( 'NONE', *, *, #1283, .T. ) ;
#3552 = DIRECTION ( 'NONE',  ( 1.000000000000000000, 0.000000000000000000, -0.000000000000000000 ) ) ;
#3553 = DIRECTION ( 'NONE',  ( 0.000000000000000000, 0.000000000000000000, 1.000000000000000000 ) ) ;
#3554 = LINE ( 'NONE', #6391, #2140 ) ;
#3555 = DIRECTION ( 'NONE',  ( -0.000000000000000000, -0.000000000000000000, 1.000000000000000000 ) ) ;
#3556 = B_SPLINE_CURVE_WITH_KNOTS ( 'NONE', 3,
 ( #4827, #8968, #410, #3342 ),
 .UNSPECIFIED., .F., .F.,
 ( 4, 4 ),
 ( 0.09788286888632728722, 0.1095966023383204979 ),
 .UNSPECIFIED. ) ;
#3557 = EDGE_CURVE ( 'NONE', #7571, #4995, #2887, .T. ) ;
#3558 = VERTEX_POINT ( 'NONE', #2087 ) ;
#3559 = CARTESIAN_POINT ( 'NONE',  ( -19.05000000000001137, 6.349999999999999645, 1.000000000000000000 ) ) ;
#3560 = ORIENTED_EDGE ( 'NONE', *, *, #8609, .F. ) ;
#3561 = ORIENTED_EDGE ( 'NONE', *, *, #2914, .F. ) ;
#3562 = AXIS2_PLACEMENT_3D ( 'NONE', #6933, #4705, #7581 ) ;
#3563 = CARTESIAN_POINT ( 'NONE',  ( -9.697516450994452697, 6.896730010323467219, 14.94953492838987685 ) ) ;
#3564 = EDGE_LOOP ( 'NONE', ( #7045, #5652, #7529, #4038 ) ) ;
#3565 = VERTEX_POINT ( 'NONE', #8566 ) ;
#3566 = DIRECTION ( 'NONE',  ( 0.7071067811865476838, -0.7071067811865474617, 0.000000000000000000 ) ) ;
#3567 = CARTESIAN_POINT ( 'NONE',  ( 10.47393927217178522, -8.746223802468010788, 15.75000000000000000 ) ) ;
#3568 = CARTESIAN_POINT ( 'NONE',  ( -9.420798938022249658, -6.595342854572370683, 14.55000000000000782 ) ) ;
#3569 = LINE ( 'NONE', #1429, #3319 ) ;
#3570 = LINE ( 'NONE', #5620, #4927 ) ;
#3571 = DIRECTION ( 'NONE',  ( -0.000000000000000000, -0.000000000000000000, -1.000000000000000000 ) ) ;
#3572 = CARTESIAN_POINT ( 'NONE',  ( 25.25000000000001066, -1.131370849898488018, 1.000000000000000000 ) ) ;
#3573 = ORIENTED_EDGE ( 'NONE', *, *, #3592, .T. ) ;
#3574 = DIRECTION ( 'NONE',  ( 0.000000000000000000, 0.000000000000000000, 1.000000000000000000 ) ) ;
#3575 = ORIENTED_EDGE ( 'NONE', *, *, #6173, .T. ) ;
#3576 = DIRECTION ( 'NONE',  ( -0.000000000000000000, -0.000000000000000000, -1.000000000000000000 ) ) ;
#3577 = CIRCLE ( 'NONE', #1497, 2.100000000000008082 ) ;
#3578 = VERTEX_POINT ( 'NONE', #8423 ) ;
#3579 = CARTESIAN_POINT ( 'NONE',  ( 9.881168959186965139, -11.54999999999999716, 3.049999999999999822 ) ) ;
#3580 = DIRECTION ( 'NONE',  ( -0.7071067811865434649, 0.7071067811865516806, 0.000000000000000000 ) ) ;
#3581 = DIRECTION ( 'NONE',  ( -0.000000000000000000, -0.000000000000000000, -1.000000000000000000 ) ) ;
#3582 = CARTESIAN_POINT ( 'NONE',  ( -6.595342854572493252, 9.420798938022166169, 14.55000000000000782 ) ) ;
#3583 = DIRECTION ( 'NONE',  ( -0.000000000000000000, -0.000000000000000000, -1.000000000000000000 ) ) ;
#3584 = CARTESIAN_POINT ( 'NONE',  ( -14.55710678118655643, 11.55000000000000071, 2.286000000000000032 ) ) ;
#3585 = ORIENTED_EDGE ( 'NONE', *, *, #6348, .F. ) ;
#3586 = ORIENTED_EDGE ( 'NONE', *, *, #4566, .T. ) ;
#3587 = CIRCLE ( 'NONE', #4327, 15.19999999999999751 ) ;
#3588 = ORIENTED_EDGE ( 'NONE', *, *, #3538, .F. ) ;
#3589 = ORIENTED_EDGE ( 'NONE', *, *, #4457, .F. ) ;
#3590 = EDGE_CURVE ( 'NONE', #850, #1782, #3667, .T. ) ;
#3591 = CARTESIAN_POINT ( 'NONE',  ( -9.092383191922387198, -10.62755498454967729, 7.950032466500704942 ) ) ;
#3592 = EDGE_CURVE ( 'NONE', #494, #1453, #4062, .T. ) ;
#3593 = CIRCLE ( 'NONE', #8503, 3.175000000000007816 ) ;
#3594 = CARTESIAN_POINT ( 'NONE',  ( 0.000000000000000000, 0.000000000000000000, 3.049999999999999822 ) ) ;
#3595 = ORIENTED_EDGE ( 'NONE', *, *, #8120, .T. ) ;
#3596 = AXIS2_PLACEMENT_3D ( 'NONE', #402, #4016, #3281 ) ;
#3597 = ORIENTED_EDGE ( 'NONE', *, *, #9176, .T. ) ;
#3598 = CYLINDRICAL_SURFACE ( 'NONE', #3176, 15.19999999999999929 ) ;
#3599 = CARTESIAN_POINT ( 'NONE',  ( 19.05000000000001137, 11.55000000000000071, 1.000000000000000000 ) ) ;
#3600 = AXIS2_PLACEMENT_3D ( 'NONE', #9127, #4323, #3685 ) ;
#3601 = ADVANCED_FACE ( 'NONE', ( #840 ), #5626, .T. ) ;
#3603 = EDGE_CURVE ( 'NONE', #5812, #2168, #2795, .T. ) ;
#3602 = EDGE_CURVE ( 'NONE', #5094, #2545, #1390, .T. ) ;
#3604 = CARTESIAN_POINT ( 'NONE',  ( 9.697516450994449144, -6.896730010323470772, 14.94953492838987685 ) ) ;
#3605 = AXIS2_PLACEMENT_3D ( 'NONE', #1573, #8824, #4407 ) ;
#3606 = DIRECTION ( 'NONE',  ( 0.7069990853988189494, -0.7069990853988294965, 0.01745240643728354982 ) ) ;
#3607 = VECTOR ( 'NONE', #1897, 1000.000000000000114 ) ;
#3608 = ORIENTED_EDGE ( 'NONE', *, *, #1327, .F. ) ;
#3609 = LINE ( 'NONE', #2116, #2436 ) ;
#3610 = ORIENTED_EDGE ( 'NONE', *, *, #7996, .F. ) ;
#3611 = ORIENTED_EDGE ( 'NONE', *, *, #2012, .F. ) ;
#3612 = VECTOR ( 'NONE', #4761, 999.9999999999998863 ) ;
#3613 = DIRECTION ( 'NONE',  ( 0.7071067811865472397, 0.7071067811865479058, -0.000000000000000000 ) ) ;
#3614 = VERTEX_POINT ( 'NONE', #4272 ) ;
#3615 = ORIENTED_EDGE ( 'NONE', *, *, #8444, .T. ) ;
#3616 = LINE ( 'NONE', #6316, #9132 ) ;
#3617 = EDGE_CURVE ( 'NONE', #4128, #5155, #5220, .T. ) ;
#3618 = LINE ( 'NONE', #6459, #107 ) ;
#3619 = CARTESIAN_POINT ( 'NONE',  ( -11.57710886669494954, -9.849393396991160898, 15.75000000000000000 ) ) ;
#3620 = CARTESIAN_POINT ( 'NONE',  ( 20.88847763108503486, -5.218629150101523173, -2.286000000000000032 ) ) ;
#3621 = VECTOR ( 'NONE', #1711, 1000.000000000000000 ) ;
#3622 = CARTESIAN_POINT ( 'NONE',  ( 19.05000000000001137, -6.349999999999999645, 2.286000000000000032 ) ) ;
#3623 = VECTOR ( 'NONE', #5748, 1000.000000000000000 ) ;
#3624 = CIRCLE ( 'NONE', #3466, 15.19999999999999929 ) ;
#3625 = LINE ( 'NONE', #3482, #4186 ) ;
#3626 = ORIENTED_EDGE ( 'NONE', *, *, #1273, .T. ) ;
#3627 = CARTESIAN_POINT ( 'NONE',  ( -24.05220779386422336, 1.347792206135790316, 1.000000000000000000 ) ) ;
#3628 = ORIENTED_EDGE ( 'NONE', *, *, #5267, .T. ) ;
#3629 = CIRCLE ( 'NONE', #8833, 3.175000000000007816 ) ;
#3630 = CARTESIAN_POINT ( 'NONE',  ( 7.349571513238232434, -10.35731490781755326, 11.59778263506280638 ) ) ;
#3631 = AXIS2_PLACEMENT_3D ( 'NONE', #6288, #4178, #7721 ) ;
#3632 = ORIENTED_EDGE ( 'NONE', *, *, #5088, .F. ) ;
#3633 = CARTESIAN_POINT ( 'NONE',  ( 23.69865440327095030, -0.9942388155425091467, -1.000000000000000000 ) ) ;
#3634 = DIRECTION ( 'NONE',  ( -0.7071067811865477948, 0.7071067811865473507, 0.000000000000000000 ) ) ;
#3635 = DIRECTION ( 'NONE',  ( 1.000000000000000000, 0.000000000000000000, 0.000000000000000000 ) ) ;
#3636 = CARTESIAN_POINT ( 'NONE',  ( 17.70220779386425036, 5.002207793864254626, 1.000000000000000000 ) ) ;
#3637 = AXIS2_PLACEMENT_3D ( 'NONE', #4450, #1716, #5907 ) ;
#3638 = AXIS2_PLACEMENT_3D ( 'NONE', #3481, #555, #6968 ) ;
#3639 = DIRECTION ( 'NONE',  ( 1.000000000000000000, 0.000000000000000000, 0.000000000000000000 ) ) ;
#3640 = CARTESIAN_POINT ( 'NONE',  ( 17.91862915010153401, -4.511522368914974379, 2.286000000000000032 ) ) ;
#3641 = ORIENTED_EDGE ( 'NONE', *, *, #4102, .T. ) ;
#3642 = VERTEX_POINT ( 'NONE', #5958 ) ;
#3643 = ORIENTED_EDGE ( 'NONE', *, *, #1943, .F. ) ;
#3644 = ORIENTED_EDGE ( 'NONE', *, *, #2063, .F. ) ;
#3645 = AXIS2_PLACEMENT_3D ( 'NONE', #8537, #9085, #2162 ) ;
#3646 = CARTESIAN_POINT ( 'NONE',  ( 0.000000000000000000, 0.000000000000000000, -3.049999999999999822 ) ) ;
#3647 = DIRECTION ( 'NONE',  ( -0.7071067811865434649, 0.7071067811865516806, 0.000000000000000000 ) ) ;
#3648 = AXIS2_PLACEMENT_3D ( 'NONE', #8363, #4697, #3254 ) ;
#3649 = ORIENTED_EDGE ( 'NONE', *, *, #6512, .F. ) ;
#3650 = EDGE_CURVE ( 'NONE', #7336, #5109, #4964, .T. ) ;
#3651 = ORIENTED_EDGE ( 'NONE', *, *, #4231, .F. ) ;
#3652 = DIRECTION ( 'NONE',  ( -0.7071067811865517916, 0.7071067811865432429, 0.000000000000000000 ) ) ;
#3653 = LINE ( 'NONE', #2954, #5285 ) ;
#3654 = CARTESIAN_POINT ( 'NONE',  ( 8.160742877681363083, 12.82382444988722270, 3.189433621072527369 ) ) ;
#3655 = CARTESIAN_POINT ( 'NONE',  ( 7.173516224744656000, 10.48049788266146187, 6.751496890849872479 ) ) ;
#3656 = ORIENTED_EDGE ( 'NONE', *, *, #379, .F. ) ;
#3657 = EDGE_CURVE ( 'NONE', #7542, #6226, #6614, .T. ) ;
#3659 = EDGE_CURVE ( 'NONE', #2755, #127, #7351, .T. ) ;
#3658 = EDGE_CURVE ( 'NONE', #5091, #4865, #239, .T. ) ;
#3660 = CARTESIAN_POINT ( 'NONE',  ( 17.91862915010153401, 4.511522368914976155, -2.286000000000000032 ) ) ;
#3661 = EDGE_LOOP ( 'NONE', ( #989, #8895, #1161, #8676 ) ) ;
#3662 = ORIENTED_EDGE ( 'NONE', *, *, #2754, .T. ) ;
#3663 = CIRCLE ( 'NONE', #3511, 15.19999999999999929 ) ;
#3664 = ORIENTED_EDGE ( 'NONE', *, *, #1737, .T. ) ;
#3665 = ORIENTED_EDGE ( 'NONE', *, *, #6839, .F. ) ;
#3666 = CARTESIAN_POINT ( 'NONE',  ( 7.933160750777894954, -12.96677170979221216, 3.085915785068495953 ) ) ;
#3667 =( BOUNDED_CURVE ( )  B_SPLINE_CURVE ( 3, ( #646, #7064, #3488, #9162 ),
 .UNSPECIFIED., .F., .T. ) 
 B_SPLINE_CURVE_WITH_KNOTS ( ( 4, 4 ),
 ( 1.637784248836728462, 1.651256753668530308 ),
 .UNSPECIFIED. ) 
 CURVE ( )  GEOMETRIC_REPRESENTATION_ITEM ( )  RATIONAL_B_SPLINE_CURVE ( ( 1.000000000000000000, 0.9999848743583262811, 0.9999848743583262811, 1.000000000000000000 ) ) 
 REPRESENTATION_ITEM ( '' )  );
#3668 = DIRECTION ( 'NONE',  ( 0.000000000000000000, 0.000000000000000000, 1.000000000000000000 ) ) ;
#3669 = DIRECTION ( 'NONE',  ( 0.000000000000000000, 0.000000000000000000, 1.000000000000000000 ) ) ;
#3670 = CARTESIAN_POINT ( 'NONE',  ( -20.91349701478772616, 3.779396204025738726, 1.000000000000000000 ) ) ;
#3671 = LINE ( 'NONE', #7103, #1832 ) ;
#3672 = EDGE_CURVE ( 'NONE', #3232, #3158, #218, .T. ) ;
#3674 = EDGE_CURVE ( 'NONE', #7332, #494, #6700, .T. ) ;
#3673 = EDGE_CURVE ( 'NONE', #1670, #5066, #2417, .T. ) ;
#3675 = PLANE ( 'NONE',  #1228 ) ;
#3676 = ORIENTED_EDGE ( 'NONE', *, *, #3954, .T. ) ;
#3677 = LINE ( 'NONE', #5809, #5506 ) ;
#3678 = EDGE_LOOP ( 'NONE', ( #2625, #249, #7110, #8838 ) ) ;
#3679 = ORIENTED_EDGE ( 'NONE', *, *, #4008, .T. ) ;
#3680 = DIRECTION ( 'NONE',  ( 0.7071067811865434649, -0.7071067811865516806, -0.000000000000000000 ) ) ;
#3681 = CARTESIAN_POINT ( 'NONE',  ( 17.21152236891498788, -5.218629150101523173, -2.286000000000000032 ) ) ;
#3682 = LINE ( 'NONE', #8656, #463 ) ;
#3683 = DIRECTION ( 'NONE',  ( -0.7071067811865476838, -0.7071067811865474617, 0.000000000000000000 ) ) ;
#3684 = EDGE_CURVE ( 'NONE', #2441, #8145, #5463, .T. ) ;
#3685 = DIRECTION ( 'NONE',  ( 1.000000000000000000, 0.000000000000000000, -0.000000000000000000 ) ) ;
#3686 = CARTESIAN_POINT ( 'NONE',  ( -10.55101945629031412, 8.919575393221697013, 11.85003372969181967 ) ) ;
#3687 = ORIENTED_EDGE ( 'NONE', *, *, #4477, .T. ) ;
#3688 = ORIENTED_EDGE ( 'NONE', *, *, #3832, .T. ) ;
#3689 = EDGE_LOOP ( 'NONE', ( #7712, #1481, #1899, #5936 ) ) ;
#3690 = DIRECTION ( 'NONE',  ( -0.000000000000000000, -0.000000000000000000, -1.000000000000000000 ) ) ;
#3691 = CARTESIAN_POINT ( 'NONE',  ( 9.953076815974723601, -11.48829497739947314, 7.951910872067280422 ) ) ;
#3692 = ORIENTED_EDGE ( 'NONE', *, *, #3261, .F. ) ;
#3693 = PERSON_AND_ORGANIZATION_ROLE ( 'creator' ) ;
#3694 = ORIENTED_EDGE ( 'NONE', *, *, #5638, .T. ) ;
#3695 = CARTESIAN_POINT ( 'NONE',  ( -20.91349701478772616, 3.779396204025738282, -2.286000000000000032 ) ) ;
#3696 = ORIENTED_EDGE ( 'NONE', *, *, #221, .F. ) ;
#3697 = CARTESIAN_POINT ( 'NONE',  ( -2.056696380120321521, 14.89999999999999680, -3.049999999999999822 ) ) ;
#3698 = FACE_OUTER_BOUND ( 'NONE', #4076, .T. ) ;
#3699 = DIRECTION ( 'NONE',  ( -0.000000000000000000, -0.000000000000000000, -1.000000000000000000 ) ) ;
#3700 = ORIENTED_EDGE ( 'NONE', *, *, #5591, .F. ) ;
#3701 = CARTESIAN_POINT ( 'NONE',  ( 4.341914580254014666, 14.56666666666665932, -3.049999999999999822 ) ) ;
#3702 = VERTEX_POINT ( 'NONE', #3024 ) ;
#3703 = ORIENTED_EDGE ( 'NONE', *, *, #6012, .T. ) ;
#3704 = CYLINDRICAL_SURFACE ( 'NONE', #5841, 5.200000000000000178 ) ;
#3705 = ORIENTED_EDGE ( 'NONE', *, *, #4507, .F. ) ;
#3706 = ORIENTED_EDGE ( 'NONE', *, *, #8342, .F. ) ;
#3707 = CARTESIAN_POINT ( 'NONE',  ( 8.833677697677142504, -12.36958607419980183, 4.104941231188916184 ) ) ;
#3708 = CARTESIAN_POINT ( 'NONE',  ( -19.05000000000001137, -12.55000000000000071, -3.049999999999999822 ) ) ;
#3709 = LINE ( 'NONE', #6548, #5153 ) ;
#3710 = CARTESIAN_POINT ( 'NONE',  ( 12.77733287300784326, -8.233252731414673065, 3.232217950791402838 ) ) ;
#3711 = EDGE_CURVE ( 'NONE', #8771, #337, #5917, .T. ) ;
#3712 = EDGE_CURVE ( 'NONE', #745, #300, #3629, .T. ) ;
#3713 = DIRECTION ( 'NONE',  ( -0.7071067811865472397, -0.7071067811865479058, 0.000000000000000000 ) ) ;
#3714 = VECTOR ( 'NONE', #9068, 1000.000000000000114 ) ;
#3715 = CARTESIAN_POINT ( 'NONE',  ( -22.70441558772843393, 1.287490079826536515E-15, 3.049999999999999822 ) ) ;
#3716 = ORIENTED_EDGE ( 'NONE', *, *, #6726, .F. ) ;
#3717 = VERTEX_POINT ( 'NONE', #2376 ) ;
#3718 = DIRECTION ( 'NONE',  ( 0.000000000000000000, 0.000000000000000000, 1.000000000000000000 ) ) ;
#3719 = ORIENTED_EDGE ( 'NONE', *, *, #7115, .F. ) ;
#3720 = CARTESIAN_POINT ( 'NONE',  ( 9.019902330255121115, -12.23555549275323884, 8.230599130153784415 ) ) ;
#3721 = CARTESIAN_POINT ( 'NONE',  ( -7.256512541650062431, -10.42320471966378825, 9.023542246728512239 ) ) ;
#3722 = EDGE_CURVE ( 'NONE', #2134, #8399, #4812, .T. ) ;
#3723 = CARTESIAN_POINT ( 'NONE',  ( -15.10488494811827387, -1.697778166931715571, 3.049999999999999822 ) ) ;
#3725 = EDGE_CURVE ( 'NONE', #4773, #8448, #802, .T. ) ;
#3724 = EDGE_CURVE ( 'NONE', #1322, #2318, #8053, .T. ) ;
#3726 = DIRECTION ( 'NONE',  ( 0.000000000000000000, 0.000000000000000000, 1.000000000000000000 ) ) ;
#3727 = DIRECTION ( 'NONE',  ( 0.7071067811865482389, -0.7071067811865469066, -0.000000000000000000 ) ) ;
#3728 = DIRECTION ( 'NONE',  ( 1.000000000000000000, 0.000000000000000000, -0.000000000000000000 ) ) ;
#3729 = EDGE_LOOP ( 'NONE', ( #710, #1618, #2682, #5782 ) ) ;
#3730 = ORIENTED_EDGE ( 'NONE', *, *, #2467, .F. ) ;
#3731 = ORIENTED_EDGE ( 'NONE', *, *, #8774, .T. ) ;
#3732 = FACE_OUTER_BOUND ( 'NONE', #3746, .T. ) ;
#3733 = CARTESIAN_POINT ( 'NONE',  ( 19.40355339059328443, 5.996446609406725692, -1.000000000000000000 ) ) ;
#3734 = ADVANCED_FACE ( 'NONE', ( #1588 ), #7441, .F. ) ;
#3735 = ADVANCED_FACE ( 'NONE', ( #7569 ), #6962, .F. ) ;
#3736 = DIRECTION ( 'NONE',  ( 1.000000000000000000, 0.000000000000000000, 0.000000000000000000 ) ) ;
#3737 = ORIENTED_EDGE ( 'NONE', *, *, #8207, .T. ) ;
#3738 = VECTOR ( 'NONE', #5176, 1000.000000000000000 ) ;
#3739 = ORIENTED_EDGE ( 'NONE', *, *, #5762, .T. ) ;
#3740 = DIRECTION ( 'NONE',  ( -0.7071067811865474617, -0.7071067811865476838, 0.000000000000000000 ) ) ;
#3741 = VERTEX_POINT ( 'NONE', #7532 ) ;
#3742 = FACE_OUTER_BOUND ( 'NONE', #7227, .T. ) ;
#3743 = CARTESIAN_POINT ( 'NONE',  ( -25.25000000000001066, 1.131370849898481135, -3.049999999999999822 ) ) ;
#3744 = VECTOR ( 'NONE', #4777, 1000.000000000000000 ) ;
#3745 = LINE ( 'NONE', #4951, #1236 ) ;
#3746 = EDGE_LOOP ( 'NONE', ( #5636, #3899, #7386, #4091, #2153, #613 ) ) ;
#3747 = CARTESIAN_POINT ( 'NONE',  ( -17.91862915010153401, 4.511522368914976155, -2.286000000000000032 ) ) ;
#3748 = ORIENTED_EDGE ( 'NONE', *, *, #9169, .F. ) ;
#3749 = ORIENTED_EDGE ( 'NONE', *, *, #1871, .T. ) ;
#3750 = VECTOR ( 'NONE', #7494, 1000.000000000000000 ) ;
#3751 = CARTESIAN_POINT ( 'NONE',  ( -17.91862915010153401, -8.188477631085023134, -2.286000000000000032 ) ) ;
#3752 = ORIENTED_EDGE ( 'NONE', *, *, #777, .T. ) ;
#3753 = CARTESIAN_POINT ( 'NONE',  ( 12.33241833471674198, -8.885463297855791254, 4.484570918951956031 ) ) ;
#3754 = VECTOR ( 'NONE', #6576, 1000.000000000000000 ) ;
#3755 = CARTESIAN_POINT ( 'NONE',  ( 0.000000000000000000, 0.000000000000000000, 3.049999999999999822 ) ) ;
#3756 = CARTESIAN_POINT ( 'NONE',  ( 25.25000000000001066, 1.131370849898487796, 3.049999999999999822 ) ) ;
#3757 = CARTESIAN_POINT ( 'NONE',  ( 2.783128176749741112, 2.783128176749771754, 3.049999999999999822 ) ) ;
#3758 = FACE_OUTER_BOUND ( 'NONE', #1766, .T. ) ;
#3759 = VECTOR ( 'NONE', #2033, 1000.000000000000000 ) ;
#3760 = PLANE ( 'NONE',  #1824 ) ;
#3761 = ORIENTED_EDGE ( 'NONE', *, *, #1679, .F. ) ;
#3762 = EDGE_CURVE ( 'NONE', #4150, #2015, #6047, .T. ) ;
#3763 = CARTESIAN_POINT ( 'NONE',  ( 19.05000000000001137, 11.55000000000000071, -3.049999999999999822 ) ) ;
#3764 = ORIENTED_EDGE ( 'NONE', *, *, #3659, .T. ) ;
#3765 = CARTESIAN_POINT ( 'NONE',  ( -12.03530071934205381, -9.283939713020791018, 15.75000000000000000 ) ) ;
#3766 = AXIS2_PLACEMENT_3D ( 'NONE', #1928, #8819, #6685 ) ;
#3767 = ORIENTED_EDGE ( 'NONE', *, *, #5774, .F. ) ;
#3768 = DIRECTION ( 'NONE',  ( -1.000000000000000000, 0.000000000000000000, 0.000000000000000000 ) ) ;
#3769 = DIRECTION ( 'NONE',  ( 0.7071067811865479058, 0.7071067811865472397, -0.000000000000000000 ) ) ;
#3770 = AXIS2_PLACEMENT_3D ( 'NONE', #1147, #406, #7528 ) ;
#3771 = CARTESIAN_POINT ( 'NONE',  ( -20.88847763108503841, -7.481370849898481445, 2.286000000000000032 ) ) ;
#3772 = CARTESIAN_POINT ( 'NONE',  ( -7.256512541650037562, 10.42320471966380424, 9.023542246728519345 ) ) ;
#3773 = CIRCLE ( 'NONE', #7635, 11.50000000000000000 ) ;
#3774 = LINE ( 'NONE', #246, #1678 ) ;
#3775 = VECTOR ( 'NONE', #1674, 1000.000000000000000 ) ;
#3776 = AXIS2_PLACEMENT_3D ( 'NONE', #1359, #671, #2254 ) ;
#3777 = ADVANCED_FACE ( 'NONE', ( #4025 ), #1805, .T. ) ;
#3778 = FACE_OUTER_BOUND ( 'NONE', #6019, .T. ) ;
#3781 = EDGE_CURVE ( 'NONE', #7442, #4910, #5346, .T. ) ;
#3780 = ADVANCED_FACE ( 'NONE', ( #6872 ), #5131, .T. ) ;
#3779 = FACE_OUTER_BOUND ( 'NONE', #8230, .T. ) ;
#3782 = ORIENTED_EDGE ( 'NONE', *, *, #8494, .T. ) ;
#3783 = ORIENTED_EDGE ( 'NONE', *, *, #708, .F. ) ;
#3784 = CARTESIAN_POINT ( 'NONE',  ( -9.693270199239295337, -6.839108940646548618, 14.08510797874434672 ) ) ;
#3785 = DIRECTION ( 'NONE',  ( -0.7071067811865476838, 0.7071067811865474617, 0.000000000000000000 ) ) ;
#3786 = AXIS2_PLACEMENT_3D ( 'NONE', #1020, #6556, #5172 ) ;
#3787 = AXIS2_PLACEMENT_3D ( 'NONE', #1921, #4004, #8030 ) ;
#3788 = CARTESIAN_POINT ( 'NONE',  ( 0.000000000000000000, 0.000000000000000000, -3.049999999999999822 ) ) ;
#3789 = VERTEX_POINT ( 'NONE', #4694 ) ;
#3790 = APPROVAL_STATUS ( 'not_yet_approved' ) ;
#3792 = EDGE_CURVE ( 'NONE', #5389, #2134, #1940, .T. ) ;
#3791 = EDGE_CURVE ( 'NONE', #1150, #903, #3947, .T. ) ;
#3793 = ORIENTED_EDGE ( 'NONE', *, *, #6725, .T. ) ;
#3794 = CIRCLE ( 'NONE', #8395, 5.200000000000000178 ) ;
#3795 = DIRECTION ( 'NONE',  ( -0.7071067811865513475, 0.7071067811865436870, 0.000000000000000000 ) ) ;
#3796 = CARTESIAN_POINT ( 'NONE',  ( 17.18650298521228947, -8.920603795974264116, 2.286000000000000032 ) ) ;
#3797 = FACE_OUTER_BOUND ( 'NONE', #6500, .T. ) ;
#3798 = VECTOR ( 'NONE', #5746, 1000.000000000000000 ) ;
#3799 = ORIENTED_EDGE ( 'NONE', *, *, #7657, .T. ) ;
#3800 = ADVANCED_FACE ( 'NONE', ( #5481 ), #8231, .T. ) ;
#3801 = PLANE ( 'NONE',  #6884 ) ;
#3802 = ORIENTED_EDGE ( 'NONE', *, *, #5761, .F. ) ;
#3803 = EDGE_LOOP ( 'NONE', ( #7143, #4993, #1587, #5240, #3959, #8665 ) ) ;
#3804 = FACE_OUTER_BOUND ( 'NONE', #1269, .T. ) ;
#3805 = EDGE_LOOP ( 'NONE', ( #2465, #8034, #57, #3211, #6260, #7702 ) ) ;
#3806 = VECTOR ( 'NONE', #4275, 1000.000000000000000 ) ;
#3807 = DIRECTION ( 'NONE',  ( 0.000000000000000000, 0.000000000000000000, 1.000000000000000000 ) ) ;
#3808 = DIRECTION ( 'NONE',  ( 1.000000000000000000, 0.000000000000000000, 0.000000000000000000 ) ) ;
#3809 = DIRECTION ( 'NONE',  ( -0.000000000000000000, -0.000000000000000000, -1.000000000000000000 ) ) ;
#3810 = DIRECTION ( 'NONE',  ( 0.000000000000000000, 0.000000000000000000, 1.000000000000000000 ) ) ;
#3811 = CARTESIAN_POINT ( 'NONE',  ( 23.69865440327095030, 0.9942388155425199159, -1.000000000000000000 ) ) ;
#3812 = AXIS2_PLACEMENT_3D ( 'NONE', #2124, #4870, #5758 ) ;
#3813 = CARTESIAN_POINT ( 'NONE',  ( -14.55710678118654933, -11.55000000000000071, -2.286000000000000032 ) ) ;
#3814 = ORIENTED_EDGE ( 'NONE', *, *, #3885, .F. ) ;
#3815 = DIRECTION ( 'NONE',  ( -1.000000000000000000, 0.000000000000000000, 0.000000000000000000 ) ) ;
#3816 = ORIENTED_EDGE ( 'NONE', *, *, #8607, .F. ) ;
#3817 = CARTESIAN_POINT ( 'NONE',  ( -10.76117346775419392, 6.744795089402500388, 3.521383511965543889 ) ) ;
#3818 = EDGE_LOOP ( 'NONE', ( #2443, #2581, #1245, #139, #1469, #3399, #3694, #5800 ) ) ;
#3819 = LINE ( 'NONE', #1767, #1884 ) ;
#3820 = CARTESIAN_POINT ( 'NONE',  ( 8.919575398786774301, -10.55101945876464953, 11.85003360449440102 ) ) ;
#3821 = AXIS2_PLACEMENT_3D ( 'NONE', #5127, #7968, #1591 ) ;
#3822 = CYLINDRICAL_SURFACE ( 'NONE', #9078, 2.100000000000008082 ) ;
#3823 = CARTESIAN_POINT ( 'NONE',  ( 5.929699067818154035, 11.23241231305622989, 3.050000000000000266 ) ) ;
#3824 = CC_DESIGN_PERSON_AND_ORGANIZATION_ASSIGNMENT ( #7374, #299, ( #1686 ) ) ;
#3825 = DIRECTION ( 'NONE',  ( 0.000000000000000000, 0.000000000000000000, 1.000000000000000000 ) ) ;
#3826 = FACE_OUTER_BOUND ( 'NONE', #3857, .T. ) ;
#3827 = DIRECTION ( 'NONE',  ( 0.000000000000000000, 0.000000000000000000, 1.000000000000000000 ) ) ;
#3828 = ORIENTED_EDGE ( 'NONE', *, *, #7640, .F. ) ;
#3829 = ORIENTED_EDGE ( 'NONE', *, *, #1605, .T. ) ;
#3830 = CARTESIAN_POINT ( 'NONE',  ( 24.25000000000001066, 1.857106781186553146, 3.049999999999999822 ) ) ;
#3831 = FACE_OUTER_BOUND ( 'NONE', #6851, .T. ) ;
#3832 = EDGE_CURVE ( 'NONE', #8448, #9180, #8282, .T. ) ;
#3834 = ADVANCED_FACE ( 'NONE', ( #7664 ), #4639, .T. ) ;
#3833 = EDGE_CURVE ( 'NONE', #6480, #5158, #2549, .T. ) ;
#3835 = FACE_OUTER_BOUND ( 'NONE', #2393, .T. ) ;
#3836 = ORIENTED_EDGE ( 'NONE', *, *, #5945, .T. ) ;
#3837 = VERTEX_POINT ( 'NONE', #4772 ) ;
#3838 = CARTESIAN_POINT ( 'NONE',  ( 20.91349701478773326, 8.920603795974265893, 2.286000000000000032 ) ) ;
#3839 = EDGE_CURVE ( 'NONE', #9174, #3469, #3210, .T. ) ;
#3840 = DIRECTION ( 'NONE',  ( 0.000000000000000000, 0.000000000000000000, 1.000000000000000000 ) ) ;
#3842 = EDGE_CURVE ( 'NONE', #9203, #2401, #3556, .T. ) ;
#3841 = EDGE_CURVE ( 'NONE', #6222, #3919, #3052, .T. ) ;
#3843 = ORIENTED_EDGE ( 'NONE', *, *, #3270, .T. ) ;
#3844 = CARTESIAN_POINT ( 'NONE',  ( -10.55101945876474900, -8.919575398786657061, 11.85003360449440102 ) ) ;
#3845 = VERTEX_POINT ( 'NONE', #2599 ) ;
#3846 = ORIENTED_EDGE ( 'NONE', *, *, #8434, .T. ) ;
#3847 = FACE_OUTER_BOUND ( 'NONE', #3993, .T. ) ;
#3848 = ORIENTED_EDGE ( 'NONE', *, *, #3725, .T. ) ;
#3849 = CARTESIAN_POINT ( 'NONE',  ( -24.25000000000001066, 6.350000000000000533, 3.049999999999999822 ) ) ;
#3850 = CARTESIAN_POINT ( 'NONE',  ( -24.25000000000001066, 6.350000000000000533, 1.000000000000000000 ) ) ;
#3851 = CARTESIAN_POINT ( 'NONE',  ( 9.881168959186965139, -11.54999999999999716, -2.286000000000000032 ) ) ;
#3852 = CARTESIAN_POINT ( 'NONE',  ( -5.754974513648304146, 11.32123086714772597, 3.049999999999999822 ) ) ;
#3853 = EDGE_CURVE ( 'NONE', #6144, #4580, #5440, .T. ) ;
#3854 = DIRECTION ( 'NONE',  ( 1.000000000000000000, 0.000000000000000000, -0.000000000000000000 ) ) ;
#3855 = EDGE_LOOP ( 'NONE', ( #3981, #5670, #5137, #1309, #2595, #4208 ) ) ;
#3856 = CARTESIAN_POINT ( 'NONE',  ( 24.25000000000001066, -1.857106781186541600, 3.049999999999999822 ) ) ;
#3857 = EDGE_LOOP ( 'NONE', ( #9055, #3274, #7121, #6140, #6937 ) ) ;
#3858 = CARTESIAN_POINT ( 'NONE',  ( -11.13973096447700328, 6.101568835857029249, 3.085193751742280277 ) ) ;
#3859 = ORIENTED_EDGE ( 'NONE', *, *, #7422, .T. ) ;
#3860 = DIRECTION ( 'NONE',  ( 0.7071067811865474617, -0.7071067811865476838, -0.000000000000000000 ) ) ;
#3861 = FACE_OUTER_BOUND ( 'NONE', #1999, .T. ) ;
#3862 = DIRECTION ( 'NONE',  ( 0.000000000000000000, 0.000000000000000000, 1.000000000000000000 ) ) ;
#3863 = PLANE ( 'NONE',  #71 ) ;
#3864 = PLANE ( 'NONE',  #37 ) ;
#3865 = LINE ( 'NONE', #6017, #2577 ) ;
#3866 = DIRECTION ( 'NONE',  ( -1.000000000000000000, 0.000000000000000000, 0.000000000000000000 ) ) ;
#3867 = VERTEX_POINT ( 'NONE', #6184 ) ;
#3868 = VECTOR ( 'NONE', #2657, 1000.000000000000114 ) ;
#3869 = ORIENTED_EDGE ( 'NONE', *, *, #5899, .T. ) ;
#3870 = CARTESIAN_POINT ( 'NONE',  ( 17.18650298521228947, -3.779396204025733841, -1.000000000000000000 ) ) ;
#3871 = CARTESIAN_POINT ( 'NONE',  ( 15.10488494811827387, 1.697778166931710908, 1.000000000000000000 ) ) ;
#3872 = CARTESIAN_POINT ( 'NONE',  ( -16.47939620402575045, 4.486502985212284855, -2.286000000000000032 ) ) ;
#3873 = ORIENTED_EDGE ( 'NONE', *, *, #5473, .F. ) ;
#3874 = EDGE_CURVE ( 'NONE', #3195, #3140, #7613, .T. ) ;
#3875 = EDGE_CURVE ( 'NONE', #1322, #184, #1558, .T. ) ;
#3876 = FACE_OUTER_BOUND ( 'NONE', #8170, .T. ) ;
#3877 = DIRECTION ( 'NONE',  ( 0.7071067811865435759, 0.7071067811865514585, 0.000000000000000000 ) ) ;
#3878 = VECTOR ( 'NONE', #7633, 1000.000000000000000 ) ;
#3879 = ORIENTED_EDGE ( 'NONE', *, *, #7593, .F. ) ;
#3880 = CARTESIAN_POINT ( 'NONE',  ( -2.056696380120320633, 14.89999999999999858, 3.049999999999999822 ) ) ;
#3881 = ORIENTED_EDGE ( 'NONE', *, *, #5522, .T. ) ;
#3882 = VERTEX_POINT ( 'NONE', #29 ) ;
#3883 = EDGE_CURVE ( 'NONE', #7542, #6424, #6402, .T. ) ;
#3884 = CARTESIAN_POINT ( 'NONE',  ( -22.35636464127575707, 10.36347142246229325, 2.286000000000000032 ) ) ;
#3886 = EDGE_CURVE ( 'NONE', #1467, #8544, #8253, .T. ) ;
#3885 = EDGE_CURVE ( 'NONE', #3789, #756, #7053, .T. ) ;
#3887 = LINE ( 'NONE', #3375, #520 ) ;
#3888 = AXIS2_PLACEMENT_3D ( 'NONE', #452, #1947, #1809 ) ;
#3889 = CARTESIAN_POINT ( 'NONE',  ( 7.089843379135149171, 10.53679841599589295, 4.484570918952067053 ) ) ;
#3890 = CARTESIAN_POINT ( 'NONE',  ( -8.746223802468138686, 10.47393927217169463, 15.75000000000000000 ) ) ;
#3891 = LINE ( 'NONE', #3203, #7935 ) ;
#3892 = CIRCLE ( 'NONE', #9086, 3.175000000000007816 ) ;
#3893 = CARTESIAN_POINT ( 'NONE',  ( 10.42320471966387885, -7.256512541649928316, 9.023542246728553096 ) ) ;
#3894 = ORIENTED_EDGE ( 'NONE', *, *, #363, .T. ) ;
#3895 = CARTESIAN_POINT ( 'NONE',  ( 17.18650298521228947, -8.920603795974264116, -2.286000000000000032 ) ) ;
#3896 = EDGE_CURVE ( 'NONE', #975, #3845, #7956, .T. ) ;
#3897 = ORIENTED_EDGE ( 'NONE', *, *, #2811, .F. ) ;
#3898 = DIRECTION ( 'NONE',  ( 0.000000000000000000, 0.000000000000000000, 1.000000000000000000 ) ) ;
#3899 = ORIENTED_EDGE ( 'NONE', *, *, #1217, .F. ) ;
#3900 = CARTESIAN_POINT ( 'NONE',  ( 0.000000000000000000, 0.000000000000000000, -3.049999999999999822 ) ) ;
#3901 = DIRECTION ( 'NONE',  ( 0.7071067811865470176, 0.7071067811865479058, 0.000000000000000000 ) ) ;
#3902 = VECTOR ( 'NONE', #4127, 1000.000000000000000 ) ;
#3903 = DIRECTION ( 'NONE',  ( -0.000000000000000000, -0.000000000000000000, -1.000000000000000000 ) ) ;
#3904 = DIRECTION ( 'NONE',  ( 1.000000000000000000, -3.551402391763533309E-15, 0.000000000000000000 ) ) ;
#3905 = DIRECTION ( 'NONE',  ( 1.000000000000000000, -3.551402391763533309E-15, 0.000000000000000000 ) ) ;
#3906 = VECTOR ( 'NONE', #6742, 1000.000000000000000 ) ;
#3907 = DIRECTION ( 'NONE',  ( -0.000000000000000000, 0.000000000000000000, -1.000000000000000000 ) ) ;
#3908 = FACE_OUTER_BOUND ( 'NONE', #7598, .T. ) ;
#3909 = EDGE_LOOP ( 'NONE', ( #4259, #4116, #4936, #952, #1108 ) ) ;
#3910 = AXIS2_PLACEMENT_3D ( 'NONE', #8027, #950, #3795 ) ;
#3911 = ORIENTED_EDGE ( 'NONE', *, *, #2012, .T. ) ;
#3912 = DIRECTION ( 'NONE',  ( -0.7071067811865470176, -0.7071067811865479058, 0.000000000000000000 ) ) ;
#3913 = CARTESIAN_POINT ( 'NONE',  ( 19.05000000000001137, 6.349999999999999645, 2.286000000000000032 ) ) ;
#3914 = DIRECTION ( 'NONE',  ( -0.7071067811865482389, -0.7071067811865469066, -0.000000000000000000 ) ) ;
#3915 = AXIS2_PLACEMENT_3D ( 'NONE', #3325, #435, #307 ) ;
#3916 = AXIS2_PLACEMENT_3D ( 'NONE', #4018, #6306, #8443 ) ;
#3917 = VECTOR ( 'NONE', #5249, 1000.000000000000000 ) ;
#3918 = PLANE ( 'NONE',  #8202 ) ;
#3919 = VERTEX_POINT ( 'NONE', #5657 ) ;
#3920 = AXIS2_PLACEMENT_3D ( 'NONE', #4244, #8531, #7082 ) ;
#3921 = ORIENTED_EDGE ( 'NONE', *, *, #4394, .T. ) ;
#3922 = VECTOR ( 'NONE', #737, 1000.000000000000000 ) ;
#3923 = DIRECTION ( 'NONE',  ( 1.000000000000000000, 0.000000000000000000, 0.000000000000000000 ) ) ;
#3924 = AXIS2_PLACEMENT_3D ( 'NONE', #1595, #2235, #4426 ) ;
#3925 = EDGE_CURVE ( 'NONE', #158, #4356, #70, .T. ) ;
#3926 = VECTOR ( 'NONE', #4119, 1000.000000000000000 ) ;
#3927 = ORIENTED_EDGE ( 'NONE', *, *, #7, .T. ) ;
#3928 = AXIS2_PLACEMENT_3D ( 'NONE', #1719, #8958, #3116 ) ;
#3929 = DIRECTION ( 'NONE',  ( 1.000000000000000000, 0.000000000000000000, 0.000000000000000000 ) ) ;
#3930 = ORIENTED_EDGE ( 'NONE', *, *, #2114, .F. ) ;
#3931 = ORIENTED_EDGE ( 'NONE', *, *, #3214, .T. ) ;
#3932 = DIRECTION ( 'NONE',  ( 0.7071067811865471286, 0.7071067811865479058, 0.000000000000000000 ) ) ;
#3933 = DIRECTION ( 'NONE',  ( 0.7071067811865514585, 0.7071067811865435759, 3.466144807221855109E-18 ) ) ;
#3934 = DIRECTION ( 'NONE',  ( -0.000000000000000000, -0.000000000000000000, -1.000000000000000000 ) ) ;
#3935 = CARTESIAN_POINT ( 'NONE',  ( 12.33241833471673132, 8.885463297855812570, 4.484570918952004881 ) ) ;
#3936 = CIRCLE ( 'NONE', #665, 12.69999999999999929 ) ;
#3937 = CARTESIAN_POINT ( 'NONE',  ( 0.000000000000000000, 12.69999999999999929, 15.75000000000000000 ) ) ;
#3938 = EDGE_CURVE ( 'NONE', #8735, #7244, #772, .T. ) ;
#3940 = EDGE_CURVE ( 'NONE', #3741, #6528, #2035, .T. ) ;
#3939 = EDGE_CURVE ( 'NONE', #7152, #3465, #3616, .T. ) ;
#3941 = DIRECTION ( 'NONE',  ( -0.000000000000000000, 0.000000000000000000, -1.000000000000000000 ) ) ;
#3942 = CARTESIAN_POINT ( 'NONE',  ( 24.25000000000001066, 6.349999999999999645, 1.000000000000000000 ) ) ;
#3943 = VERTEX_POINT ( 'NONE', #4260 ) ;
#3944 = VECTOR ( 'NONE', #1677, 1000.000000000000000 ) ;
#3945 = CYLINDRICAL_SURFACE ( 'NONE', #5291, 15.19999999999999929 ) ;
#3946 = EDGE_LOOP ( 'NONE', ( #918, #4523, #5788, #1617, #946, #1424, #2775, #7785, #6354, #6183, #23, #6194 ) ) ;
#3947 = LINE ( 'NONE', #1987, #7203 ) ;
#3948 = ORIENTED_EDGE ( 'NONE', *, *, #7006, .F. ) ;
#3949 = DIRECTION ( 'NONE',  ( -0.000000000000000000, -0.000000000000000000, -1.000000000000000000 ) ) ;
#3950 = CARTESIAN_POINT ( 'NONE',  ( -20.91349701478772616, -8.920603795974260564, -1.000000000000000000 ) ) ;
#3951 = DIRECTION ( 'NONE',  ( 0.000000000000000000, 0.000000000000000000, 1.000000000000000000 ) ) ;
#3952 = CARTESIAN_POINT ( 'NONE',  ( -20.88847763108503486, 5.218629150101524061, -2.286000000000000032 ) ) ;
#3953 = VECTOR ( 'NONE', #4880, 1000.000000000000000 ) ;
#3955 = EDGE_CURVE ( 'NONE', #961, #1140, #3484, .T. ) ;
#3954 = EDGE_CURVE ( 'NONE', #7650, #1576, #808, .T. ) ;
#3956 = FACE_OUTER_BOUND ( 'NONE', #4340, .T. ) ;
#3957 = CARTESIAN_POINT ( 'NONE',  ( 17.91862915010153401, 8.188477631085024910, -2.286000000000000032 ) ) ;
#3958 = CARTESIAN_POINT ( 'NONE',  ( -10.01742162713508755, 7.115487864601236723, 13.31141278938901173 ) ) ;
#3959 = ORIENTED_EDGE ( 'NONE', *, *, #3334, .T. ) ;
#3960 = VECTOR ( 'NONE', #2472, 1000.000000000000114 ) ;
#3961 = DIRECTION ( 'NONE',  ( 0.000000000000000000, 0.000000000000000000, -1.000000000000000000 ) ) ;
#3962 = ORIENTED_EDGE ( 'NONE', *, *, #2929, .T. ) ;
#3963 = CARTESIAN_POINT ( 'NONE',  ( 8.575400865265706329, -12.55000000000000426, 3.049999999999999822 ) ) ;
#3964 = CARTESIAN_POINT ( 'NONE',  ( -20.91349701478772616, 8.920603795974260564, 2.286000000000000032 ) ) ;
#3965 = CARTESIAN_POINT ( 'NONE',  ( 19.05000000000001137, -6.349999999999999645, 2.286000000000000032 ) ) ;
#3966 = LINE ( 'NONE', #6290, #611 ) ;
#3967 = ORIENTED_EDGE ( 'NONE', *, *, #3491, .F. ) ;
#3968 = VERTEX_POINT ( 'NONE', #8452 ) ;
#3969 = PLANE ( 'NONE',  #380 ) ;
#3970 = ORIENTED_EDGE ( 'NONE', *, *, #1578, .T. ) ;
#3971 = CARTESIAN_POINT ( 'NONE',  ( -19.05000000000001137, 6.349999999999999645, -2.286000000000000032 ) ) ;
#3972 = ORIENTED_EDGE ( 'NONE', *, *, #6632, .F. ) ;
#3973 = EDGE_LOOP ( 'NONE', ( #2537, #7210, #9019, #479 ) ) ;
#3974 = DIRECTION ( 'NONE',  ( -0.000000000000000000, -0.000000000000000000, -1.000000000000000000 ) ) ;
#3975 = DIRECTION ( 'NONE',  ( -0.7071067811865476838, -0.7071067811865473507, 0.000000000000000000 ) ) ;
#3976 = DIRECTION ( 'NONE',  ( -1.000000000000000000, 0.000000000000000000, 0.000000000000000000 ) ) ;
#3977 = CARTESIAN_POINT ( 'NONE',  ( 9.283939713020927798, 12.03530071934194723, 15.75000000000000000 ) ) ;
#3978 = LINE ( 'NONE', #318, #6767 ) ;
#3979 = LINE ( 'NONE', #6866, #3906 ) ;
#3980 = CARTESIAN_POINT ( 'NONE',  ( -9.849393396991292349, -11.57710886669483763, 15.75000000000000000 ) ) ;
#3981 = ORIENTED_EDGE ( 'NONE', *, *, #1738, .F. ) ;
#3982 = DIRECTION ( 'NONE',  ( -0.000000000000000000, -0.000000000000000000, 1.000000000000000000 ) ) ;
#3983 = ORIENTED_EDGE ( 'NONE', *, *, #8107, .F. ) ;
#3984 = CARTESIAN_POINT ( 'NONE',  ( -24.25000000000001066, 1.545584412271579167, 3.049999999999999822 ) ) ;
#3985 = EDGE_CURVE ( 'NONE', #1882, #3469, #4222, .T. ) ;
#3986 = ORIENTED_EDGE ( 'NONE', *, *, #7873, .F. ) ;
#3987 = ADVANCED_FACE ( 'NONE', ( #2873 ), #5710, .T. ) ;
#3988 = LINE ( 'NONE', #1807, #2335 ) ;
#3989 = FACE_OUTER_BOUND ( 'NONE', #4245, .T. ) ;
#3990 = CARTESIAN_POINT ( 'NONE',  ( -13.14289321881346062, 11.55000000000000071, 3.049999999999999822 ) ) ;
#3991 = CARTESIAN_POINT ( 'NONE',  ( 9.881168959186965139, -11.54999999999999716, 2.286000000000000032 ) ) ;
#3992 = FACE_OUTER_BOUND ( 'NONE', #2816, .T. ) ;
#3993 = EDGE_LOOP ( 'NONE', ( #5556, #7090, #2484, #2871, #4292, #9179, #4374, #1409 ) ) ;
#3994 = DIRECTION ( 'NONE',  ( -0.000000000000000000, -0.000000000000000000, -1.000000000000000000 ) ) ;
#3995 = DIRECTION ( 'NONE',  ( 0.000000000000000000, -1.000000000000000000, 0.000000000000000000 ) ) ;
#3996 = VERTEX_POINT ( 'NONE', #2174 ) ;
#3997 = CARTESIAN_POINT ( 'NONE',  ( 11.23237096883255148, 5.929780400498298576, 3.049999999999999378 ) ) ;
#3998 = ADVANCED_FACE ( 'NONE', ( #4868 ), #4911, .F. ) ;
#3999 = ORIENTED_EDGE ( 'NONE', *, *, #9157, .T. ) ;
#4001 = EDGE_CURVE ( 'NONE', #3055, #850, #6361, .T. ) ;
#4000 = EDGE_CURVE ( 'NONE', #5492, #8995, #7895, .T. ) ;
#4002 = DIRECTION ( 'NONE',  ( -0.7071067811865472397, -0.7071067811865479058, 0.000000000000000000 ) ) ;
#4003 = DIRECTION ( 'NONE',  ( 1.000000000000000000, 0.000000000000000000, -0.000000000000000000 ) ) ;
#4004 = DIRECTION ( 'NONE',  ( 0.000000000000000000, 0.000000000000000000, 1.000000000000000000 ) ) ;
#4005 = CARTESIAN_POINT ( 'NONE',  ( 4.974319496839463284, 7.725680503160457846, 15.75000000000000000 ) ) ;
#4006 = VERTEX_POINT ( 'NONE', #88 ) ;
#4007 = EDGE_LOOP ( 'NONE', ( #4304, #3688, #1829, #6481, #4823 ) ) ;
#4008 = EDGE_CURVE ( 'NONE', #5755, #5213, #7505, .T. ) ;
#4009 = ORIENTED_EDGE ( 'NONE', *, *, #8234, .F. ) ;
#4010 = ORIENTED_EDGE ( 'NONE', *, *, #7173, .T. ) ;
#4011 = DIRECTION ( 'NONE',  ( 1.000000000000000000, 0.000000000000000000, -0.000000000000000000 ) ) ;
#4012 = ORIENTED_EDGE ( 'NONE', *, *, #5026, .T. ) ;
#4013 = ORIENTED_EDGE ( 'NONE', *, *, #4110, .T. ) ;
#4014 = DIRECTION ( 'NONE',  ( 0.7071067811865436870, 0.7071067811865514585, 0.000000000000000000 ) ) ;
#4015 = CARTESIAN_POINT ( 'NONE',  ( -19.05000000000001137, -6.349999999999999645, -2.286000000000000032 ) ) ;
#4016 = DIRECTION ( 'NONE',  ( 0.000000000000000000, 0.000000000000000000, 1.000000000000000000 ) ) ;
#4017 = DIRECTION ( 'NONE',  ( -0.7071067811865477948, 0.7071067811865473507, 0.000000000000000000 ) ) ;
#4018 = CARTESIAN_POINT ( 'NONE',  ( 19.05000000000001137, 6.349999999999999645, -2.286000000000000032 ) ) ;
#4019 = CARTESIAN_POINT ( 'NONE',  ( -8.840045416445756032, -12.36528292158578601, 4.098298426292235064 ) ) ;
#4020 = LINE ( 'NONE', #544, #8079 ) ;
#4021 = ORIENTED_EDGE ( 'NONE', *, *, #2056, .F. ) ;
#4022 = CIRCLE ( 'NONE', #5817, 15.19999999999999929 ) ;
#4023 = LINE ( 'NONE', #4075, #485 ) ;
#4024 = ORIENTED_EDGE ( 'NONE', *, *, #6572, .T. ) ;
#4025 = FACE_OUTER_BOUND ( 'NONE', #7783, .T. ) ;
#4026 = EDGE_LOOP ( 'NONE', ( #3972, #4867, #2112, #5918 ) ) ;
#4027 = CARTESIAN_POINT ( 'NONE',  ( -0.7194493759633322494, -0.7194493759633411312, 4.049999999999999822 ) ) ;
#4028 = CARTESIAN_POINT ( 'NONE',  ( -10.56868060058584469, -7.042714993962650105, 4.096220987156816484 ) ) ;
#4029 = LINE ( 'NONE', #2650, #6606 ) ;
#4030 = DIRECTION ( 'NONE',  ( -0.000000000000000000, -0.000000000000000000, 1.000000000000000000 ) ) ;
#4031 = FACE_OUTER_BOUND ( 'NONE', #2963, .T. ) ;
#4032 = VECTOR ( 'NONE', #1879, 1000.000000000000000 ) ;
#4033 = AXIS2_PLACEMENT_3D ( 'NONE', #4816, #3690, #5783 ) ;
#4034 = CYLINDRICAL_SURFACE ( 'NONE', #7324, 3.175000000000000711 ) ;
#4035 = ORIENTED_EDGE ( 'NONE', *, *, #8674, .T. ) ;
#4036 = DIRECTION ( 'NONE',  ( -0.000000000000000000, -0.000000000000000000, -1.000000000000000000 ) ) ;
#4037 = CYLINDRICAL_SURFACE ( 'NONE', #5792, 1.500000000000000222 ) ;
#4038 = ORIENTED_EDGE ( 'NONE', *, *, #310, .F. ) ;
#4039 = CARTESIAN_POINT ( 'NONE',  ( 10.66457197574902871, 6.896393172669073479, 3.748308195063472681 ) ) ;
#4040 = EDGE_LOOP ( 'NONE', ( #3531, #8328, #8577, #5187, #8464, #7665, #1180, #3065 ) ) ;
#4041 = LINE ( 'NONE', #6148, #5588 ) ;
#4042 = DIRECTION ( 'NONE',  ( 0.7071067811865510144, 0.7071067811865441310, -0.000000000000000000 ) ) ;
#4043 = DIRECTION ( 'NONE',  ( 0.000000000000000000, 0.000000000000000000, 1.000000000000000000 ) ) ;
#4044 = AXIS2_PLACEMENT_3D ( 'NONE', #4290, #5641, #755 ) ;
#4045 = VECTOR ( 'NONE', #3379, 1000.000000000000000 ) ;
#4046 = EDGE_CURVE ( 'NONE', #6236, #3107, #8596, .T. ) ;
#4048 = EDGE_CURVE ( 'NONE', #2121, #2168, #2102, .T. ) ;
#4047 = EDGE_CURVE ( 'NONE', #4449, #8526, #3424, .T. ) ;
#4049 = CARTESIAN_POINT ( 'NONE',  ( 20.91349701478772971, 3.779396204025732064, 2.286000000000000032 ) ) ;
#4050 = AXIS2_PLACEMENT_3D ( 'NONE', #5804, #5661, #34 ) ;
#4051 = ORIENTED_EDGE ( 'NONE', *, *, #3258, .F. ) ;
#4052 = ORIENTED_EDGE ( 'NONE', *, *, #2803, .T. ) ;
#4053 = AXIS2_PLACEMENT_3D ( 'NONE', #397, #8869, #3236 ) ;
#4054 = AXIS2_PLACEMENT_3D ( 'NONE', #7188, #3606, #166 ) ;
#4055 = CIRCLE ( 'NONE', #7781, 5.200000000000000178 ) ;
#4057 = ADVANCED_FACE ( 'NONE', ( #5852 ), #5202, .F. ) ;
#4056 = EDGE_CURVE ( 'NONE', #8105, #2084, #1659, .T. ) ;
#4058 = VECTOR ( 'NONE', #5093, 1000.000000000000000 ) ;
#4059 = ORIENTED_EDGE ( 'NONE', *, *, #5886, .F. ) ;
#4060 = CARTESIAN_POINT ( 'NONE',  ( 7.349571161274861097, 10.35731515702297756, 11.59777289888899432 ) ) ;
#4061 = ORIENTED_EDGE ( 'NONE', *, *, #3839, .F. ) ;
#4062 = CIRCLE ( 'NONE', #8243, 3.175000000000000711 ) ;
#4063 = VECTOR ( 'NONE', #2027, 1000.000000000000114 ) ;
#4064 = DIRECTION ( 'NONE',  ( -0.000000000000000000, -0.000000000000000000, -1.000000000000000000 ) ) ;
#4065 = DIRECTION ( 'NONE',  ( 1.000000000000000000, 0.000000000000000000, 0.000000000000000000 ) ) ;
#4066 = CARTESIAN_POINT ( 'NONE',  ( -20.91349701478772616, -3.779396204025738282, -2.286000000000000032 ) ) ;
#4067 = PLANE ( 'NONE',  #5117 ) ;
#4068 = CARTESIAN_POINT ( 'NONE',  ( 0.000000000000000000, 0.000000000000000000, 3.049999999999999822 ) ) ;
#4069 = AXIS2_PLACEMENT_3D ( 'NONE', #7703, #7802, #2076 ) ;
#4070 = VECTOR ( 'NONE', #790, 1000.000000000000000 ) ;
#4071 = EDGE_CURVE ( 'NONE', #1927, #3366, #2785, .T. ) ;
#4072 = FACE_OUTER_BOUND ( 'NONE', #3423, .T. ) ;
#4073 = DIRECTION ( 'NONE',  ( -0.000000000000000000, -0.000000000000000000, -1.000000000000000000 ) ) ;
#4074 = ORIENTED_EDGE ( 'NONE', *, *, #8153, .T. ) ;
#4075 = CARTESIAN_POINT ( 'NONE',  ( -17.18650298521229303, -8.920603795974258787, 2.286000000000000032 ) ) ;
#4076 = EDGE_LOOP ( 'NONE', ( #7585, #5623, #5614, #5821 ) ) ;
#4077 = CIRCLE ( 'NONE', #973, 14.15633905709148266 ) ;
#4078 = CARTESIAN_POINT ( 'NONE',  ( 19.05000000000001137, -6.349999999999999645, -2.286000000000000032 ) ) ;
#4079 = ORIENTED_EDGE ( 'NONE', *, *, #7414, .F. ) ;
#4080 = CARTESIAN_POINT ( 'NONE',  ( 19.05000000000001137, -6.349999999999999645, 2.286000000000000032 ) ) ;
#4081 = DIRECTION ( 'NONE',  ( 1.000000000000000000, -3.551402391763533309E-15, 0.000000000000000000 ) ) ;
#4082 = DIRECTION ( 'NONE',  ( -0.000000000000000000, -0.000000000000000000, -1.000000000000000000 ) ) ;
#4083 = CARTESIAN_POINT ( 'NONE',  ( -23.69865440327095030, -0.9942388155425158081, -2.286000000000000920 ) ) ;
#4084 = DIRECTION ( 'NONE',  ( 0.000000000000000000, 0.000000000000000000, 1.000000000000000000 ) ) ;
#4085 = VECTOR ( 'NONE', #8014, 1000.000000000000000 ) ;
#4086 = DIRECTION ( 'NONE',  ( 1.000000000000000000, 0.000000000000000000, 0.000000000000000000 ) ) ;
#4087 = ORIENTED_EDGE ( 'NONE', *, *, #5326, .T. ) ;
#4088 = FACE_OUTER_BOUND ( 'NONE', #5328, .T. ) ;
#4089 = ORIENTED_EDGE ( 'NONE', *, *, #7539, .F. ) ;
#4090 = DIRECTION ( 'NONE',  ( 1.000000000000000000, 0.000000000000000000, 0.000000000000000000 ) ) ;
#4091 = ORIENTED_EDGE ( 'NONE', *, *, #7459, .T. ) ;
#4092 = CARTESIAN_POINT ( 'NONE',  ( 7.498580207074687642, 10.24994121339569908, 15.75000000000000000 ) ) ;
#4093 = VECTOR ( 'NONE', #8381, 1000.000000000000000 ) ;
#4094 = CARTESIAN_POINT ( 'NONE',  ( 0.000000000000000000, 0.000000000000000000, 15.75000000000000000 ) ) ;
#4095 = DIRECTION ( 'NONE',  ( -1.000000000000000000, 0.000000000000000000, 0.000000000000000000 ) ) ;
#4096 = CARTESIAN_POINT ( 'NONE',  ( -10.24994121339579323, -7.498580207074558857, 15.75000000000000000 ) ) ;
#4097 = AXIS2_PLACEMENT_3D ( 'NONE', #7573, #1153, #6828 ) ;
#4098 = ORIENTED_EDGE ( 'NONE', *, *, #7007, .F. ) ;
#4099 = ORIENTED_EDGE ( 'NONE', *, *, #5438, .T. ) ;
#4100 = EDGE_CURVE ( 'NONE', #7267, #4956, #2320, .T. ) ;
#4102 = EDGE_CURVE ( 'NONE', #4850, #5812, #1014, .T. ) ;
#4101 = EDGE_CURVE ( 'NONE', #9117, #5480, #5245, .T. ) ;
#4103 = VECTOR ( 'NONE', #4307, 1000.000000000000000 ) ;
#4104 = ORIENTED_EDGE ( 'NONE', *, *, #4101, .F. ) ;
#4105 = ORIENTED_EDGE ( 'NONE', *, *, #5250, .F. ) ;
#4106 = DIRECTION ( 'NONE',  ( -0.000000000000000000, -0.000000000000000000, -1.000000000000000000 ) ) ;
#4107 = FACE_OUTER_BOUND ( 'NONE', #6292, .T. ) ;
#4108 = EDGE_CURVE ( 'NONE', #3867, #5705, #4609, .T. ) ;
#4110 = EDGE_CURVE ( 'NONE', #530, #8359, #6462, .T. ) ;
#4109 = ADVANCED_FACE ( 'NONE', ( #2265 ), #3068, .T. ) ;
#4111 = DIRECTION ( 'NONE',  ( -1.000000000000000000, 0.000000000000000000, 0.000000000000000000 ) ) ;
#4112 = CARTESIAN_POINT ( 'NONE',  ( 19.05000000000001137, 6.349999999999999645, 1.000000000000000000 ) ) ;
#4113 = CARTESIAN_POINT ( 'NONE',  ( -8.575400865265715211, 12.55000000000000071, -3.049999999999999822 ) ) ;
#4114 = FACE_OUTER_BOUND ( 'NONE', #303, .T. ) ;
#4115 = CARTESIAN_POINT ( 'NONE',  ( 9.881168959186963363, 11.55000000000000071, 1.000000000000000000 ) ) ;
#4116 = ORIENTED_EDGE ( 'NONE', *, *, #2827, .F. ) ;
#4117 = CARTESIAN_POINT ( 'NONE',  ( 15.10488494811827387, -1.697778166931715571, -1.000000000000000000 ) ) ;
#4118 = ORIENTED_EDGE ( 'NONE', *, *, #993, .F. ) ;
#4119 = DIRECTION ( 'NONE',  ( -0.000000000000000000, -0.000000000000000000, -1.000000000000000000 ) ) ;
#4120 = EDGE_LOOP ( 'NONE', ( #4730, #2172, #1000, #2117 ) ) ;
#4121 = EDGE_CURVE ( 'NONE', #3702, #7904, #2598, .T. ) ;
#4122 = DIRECTION ( 'NONE',  ( -1.000000000000000000, 0.000000000000000000, 0.000000000000000000 ) ) ;
#4123 = DIRECTION ( 'NONE',  ( -0.000000000000000000, -0.000000000000000000, -1.000000000000000000 ) ) ;
#4124 = CARTESIAN_POINT ( 'NONE',  ( 10.36492705552113236, -7.338820554675387520, 11.30038463814562277 ) ) ;
#4125 = DIRECTION ( 'NONE',  ( 0.000000000000000000, 1.000000000000000000, -0.000000000000000000 ) ) ;
#4126 = CARTESIAN_POINT ( 'NONE',  ( -22.70441558772843393, 1.287490079826536515E-15, -3.049999999999999822 ) ) ;
#4127 = DIRECTION ( 'NONE',  ( 0.000000000000000000, 0.000000000000000000, 1.000000000000000000 ) ) ;
#4128 = VERTEX_POINT ( 'NONE', #2365 ) ;
#4129 = VECTOR ( 'NONE', #7209, 1000.000000000000000 ) ;
#4130 = CARTESIAN_POINT ( 'NONE',  ( -22.22500000000001208, -6.349999999999999645, -2.286000000000000032 ) ) ;
#4131 = EDGE_LOOP ( 'NONE', ( #2601, #868, #3483, #5434, #3610, #1298 ) ) ;
#4132 = CARTESIAN_POINT ( 'NONE',  ( 10.72684099295859639, 6.799133513158208686, 3.592487606861686444 ) ) ;
#4133 = VERTEX_POINT ( 'NONE', #7287 ) ;
#4134 = DIRECTION ( 'NONE',  ( 0.7071067811865477948, 0.7071067811865473507, 0.000000000000000000 ) ) ;
#4135 = CARTESIAN_POINT ( 'NONE',  ( -14.55710678118654933, -11.55000000000000071, 3.049999999999999822 ) ) ;
#4136 = FACE_BOUND ( 'NONE', #3544, .T. ) ;
#4137 = CARTESIAN_POINT ( 'NONE',  ( -10.47393927217178522, -8.746223802468010788, 15.75000000000000000 ) ) ;
#4138 = DIRECTION ( 'NONE',  ( 0.7071067811865474617, 0.7071067811865474617, -0.000000000000000000 ) ) ;
#4139 = ORIENTED_EDGE ( 'NONE', *, *, #2019, .F. ) ;
#4140 = ORIENTED_EDGE ( 'NONE', *, *, #3271, .T. ) ;
#4141 = AXIS2_PLACEMENT_3D ( 'NONE', #4313, #6468, #2934 ) ;
#4142 = ORIENTED_EDGE ( 'NONE', *, *, #4538, .T. ) ;
#4143 = EDGE_CURVE ( 'NONE', #1275, #5355, #2000, .T. ) ;
#4144 = ORIENTED_EDGE ( 'NONE', *, *, #5221, .T. ) ;
#4145 = CARTESIAN_POINT ( 'NONE',  ( 19.05000000000001137, 6.349999999999999645, 2.286000000000000032 ) ) ;
#4146 = LINE ( 'NONE', #2062, #6029 ) ;
#4147 = DIRECTION ( 'NONE',  ( -0.000000000000000000, -0.000000000000000000, -1.000000000000000000 ) ) ;
#4148 = CARTESIAN_POINT ( 'NONE',  ( 2.056696380120322853, -6.899999999999997691, -3.049999999999999822 ) ) ;
#4149 = VECTOR ( 'NONE', #7860, 1000.000000000000000 ) ;
#4150 = VERTEX_POINT ( 'NONE', #1757 ) ;
#4151 = EDGE_CURVE ( 'NONE', #682, #5709, #7199, .T. ) ;
#4153 = ADVANCED_FACE ( 'NONE', ( #2539 ), #7520, .F. ) ;
#4152 = ADVANCED_FACE ( 'NONE', ( #8308 ), #6911, .T. ) ;
#4154 = DIRECTION ( 'NONE',  ( -0.000000000000000000, -0.000000000000000000, -1.000000000000000000 ) ) ;
#4155 = VERTEX_POINT ( 'NONE', #7560 ) ;
#4156 = ORIENTED_EDGE ( 'NONE', *, *, #8560, .F. ) ;
#4157 = CARTESIAN_POINT ( 'NONE',  ( 12.23555549275332233, 9.019902330255005651, 8.230599130153741783 ) ) ;
#4158 = VERTEX_POINT ( 'NONE', #7600 ) ;
#4159 = DIRECTION ( 'NONE',  ( 0.000000000000000000, 0.000000000000000000, 1.000000000000000000 ) ) ;
#4160 = DIRECTION ( 'NONE',  ( 1.000000000000000000, 0.000000000000000000, 0.000000000000000000 ) ) ;
#4161 = DIRECTION ( 'NONE',  ( -1.000000000000000000, 0.000000000000000000, 0.000000000000000000 ) ) ;
#4162 = DIRECTION ( 'NONE',  ( -0.000000000000000000, -0.000000000000000000, 1.000000000000000000 ) ) ;
#4163 = CARTESIAN_POINT ( 'NONE',  ( 24.25000000000001066, -1.545584412271583830, 3.049999999999999822 ) ) ;
#4164 = CARTESIAN_POINT ( 'NONE',  ( -9.092383203135000258, 10.62755498949805144, 7.950032212735604453 ) ) ;
#4165 = PRODUCT_DEFINITION_SHAPE ( 'NONE', 'NONE',  #680 ) ;
#4166 = AXIS2_PLACEMENT_3D ( 'NONE', #376, #8150, #6053 ) ;
#4167 = EDGE_CURVE ( 'NONE', #5537, #9017, #957, .T. ) ;
#4168 = FACE_BOUND ( 'NONE', #1775, .T. ) ;
#4169 = ORIENTED_EDGE ( 'NONE', *, *, #2674, .F. ) ;
#4170 = DIRECTION ( 'NONE',  ( -0.7071067811865471286, -0.7071067811865479058, -0.000000000000000000 ) ) ;
#4171 = ORIENTED_EDGE ( 'NONE', *, *, #3100, .F. ) ;
#4172 = CARTESIAN_POINT ( 'NONE',  ( -16.47939620402575045, 8.213497014787714434, -1.000000000000000444 ) ) ;
#4173 = VERTEX_POINT ( 'NONE', #7430 ) ;
#4174 = DIRECTION ( 'NONE',  ( 0.000000000000000000, 0.000000000000000000, 1.000000000000000000 ) ) ;
#4175 = DIRECTION ( 'NONE',  ( 0.000000000000000000, -1.000000000000000000, 0.000000000000000000 ) ) ;
#4176 = AXIS2_PLACEMENT_3D ( 'NONE', #2390, #5229, #1699 ) ;
#4177 = LINE ( 'NONE', #1538, #608 ) ;
#4178 = DIRECTION ( 'NONE',  ( 0.000000000000000000, 0.000000000000000000, 1.000000000000000000 ) ) ;
#4179 = EDGE_CURVE ( 'NONE', #4850, #1139, #6901, .T. ) ;
#4180 = CYLINDRICAL_SURFACE ( 'NONE', #7005, 3.175000000000007816 ) ;
#4181 = AXIS2_PLACEMENT_3D ( 'NONE', #6882, #6757, #6931 ) ;
#4182 = ORIENTED_EDGE ( 'NONE', *, *, #6795, .F. ) ;
#4183 = VECTOR ( 'NONE', #8041, 1000.000000000000000 ) ;
#4184 = ORIENTED_EDGE ( 'NONE', *, *, #6702, .F. ) ;
#4185 = VERTEX_POINT ( 'NONE', #6170 ) ;
#4186 = VECTOR ( 'NONE', #4311, 1000.000000000000000 ) ;
#4187 = VECTOR ( 'NONE', #6824, 1000.000000000000000 ) ;
#4188 = CARTESIAN_POINT ( 'NONE',  ( -6.554556843943935007, 10.87817096277096418, 3.330632831706435759 ) ) ;
#4189 = ORIENTED_EDGE ( 'NONE', *, *, #4179, .T. ) ;
#4190 = VERTEX_POINT ( 'NONE', #357 ) ;
#4191 = CIRCLE ( 'NONE', #7328, 11.50000000000000000 ) ;
#4192 = FACE_OUTER_BOUND ( 'NONE', #5495, .T. ) ;
#4193 = AXIS2_PLACEMENT_3D ( 'NONE', #6820, #5379, #7434 ) ;
#4194 = CARTESIAN_POINT ( 'NONE',  ( -16.47939620402575045, 8.213497014787714434, 2.286000000000000032 ) ) ;
#4195 = VECTOR ( 'NONE', #162, 1000.000000000000000 ) ;
#4196 = DIRECTION ( 'NONE',  ( 1.000000000000000000, 0.000000000000000000, 0.000000000000000000 ) ) ;
#4197 = EDGE_CURVE ( 'NONE', #2330, #5290, #1793, .T. ) ;
#4198 = LINE ( 'NONE', #673, #4364 ) ;
#4199 = VECTOR ( 'NONE', #2197, 1000.000000000000000 ) ;
#4200 = CIRCLE ( 'NONE', #8237, 8.000000000000000000 ) ;
#4201 = EDGE_LOOP ( 'NONE', ( #6853, #4285, #2694, #6585, #9191, #1133 ) ) ;
#4202 = VECTOR ( 'NONE', #1318, 1000.000000000000000 ) ;
#4203 = CARTESIAN_POINT ( 'NONE',  ( 0.000000000000000000, 0.000000000000000000, 2.286000000000000032 ) ) ;
#4204 = ORIENTED_EDGE ( 'NONE', *, *, #7539, .T. ) ;
#4205 = ORIENTED_EDGE ( 'NONE', *, *, #7551, .F. ) ;
#4206 = CARTESIAN_POINT ( 'NONE',  ( -20.88847763108503486, 5.218629150101524061, 2.286000000000000032 ) ) ;
#4207 = ORIENTED_EDGE ( 'NONE', *, *, #8799, .F. ) ;
#4208 = ORIENTED_EDGE ( 'NONE', *, *, #5718, .T. ) ;
#4209 = DIRECTION ( 'NONE',  ( 0.000000000000000000, 0.000000000000000000, 1.000000000000000000 ) ) ;
#4210 = DIRECTION ( 'NONE',  ( -0.000000000000000000, -0.000000000000000000, -1.000000000000000000 ) ) ;
#4211 = CARTESIAN_POINT ( 'NONE',  ( 0.000000000000000000, 0.000000000000000000, 11.30038463814562633 ) ) ;
#4212 = CARTESIAN_POINT ( 'NONE',  ( -19.05000000000001137, 6.349999999999999645, 2.286000000000000032 ) ) ;
#4213 = AXIS2_PLACEMENT_3D ( 'NONE', #9070, #5403, #3302 ) ;
#4214 = VECTOR ( 'NONE', #2008, 1000.000000000000000 ) ;
#4215 = ADVANCED_FACE ( 'NONE', ( #3197 ), #535, .T. ) ;
#4216 = CARTESIAN_POINT ( 'NONE',  ( -12.68363609346456755, -8.377669298578915402, 3.328432456780549220 ) ) ;
#4218 = EDGE_CURVE ( 'NONE', #6712, #83, #3887, .T. ) ;
#4217 = EDGE_CURVE ( 'NONE', #961, #6331, #6039, .T. ) ;
#4219 = PLANE ( 'NONE',  #372 ) ;
#4220 = LINE ( 'NONE', #7060, #7015 ) ;
#4221 = ORIENTED_EDGE ( 'NONE', *, *, #8218, .F. ) ;
#4222 = CIRCLE ( 'NONE', #4069, 15.19999999999999929 ) ;
#4223 = AXIS2_PLACEMENT_3D ( 'NONE', #2737, #506, #6231 ) ;
#4224 = CARTESIAN_POINT ( 'NONE',  ( -12.33241833471674198, 8.885463297855787701, 4.484570918952026197 ) ) ;
#4225 = ORIENTED_EDGE ( 'NONE', *, *, #2990, .F. ) ;
#4226 = CARTESIAN_POINT ( 'NONE',  ( -17.91862915010153401, -8.188477631085023134, -2.286000000000000032 ) ) ;
#4227 = ORIENTED_EDGE ( 'NONE', *, *, #6162, .F. ) ;
#4228 = LINE ( 'NONE', #1482, #250 ) ;
#4229 = CARTESIAN_POINT ( 'NONE',  ( 16.47939620402574334, -8.213497014787717987, -2.286000000000000032 ) ) ;
#4230 = PLANE ( 'NONE',  #5973 ) ;
#4232 = EDGE_CURVE ( 'NONE', #8341, #224, #6732, .T. ) ;
#4231 = EDGE_CURVE ( 'NONE', #8145, #2520, #3936, .T. ) ;
#4233 = CARTESIAN_POINT ( 'NONE',  ( -7.197781147806800561, 9.973866363105809540, 15.34958134975580535 ) ) ;
#4234 = VECTOR ( 'NONE', #5605, 1000.000000000000000 ) ;
#4235 = DIRECTION ( 'NONE',  ( -1.000000000000000000, 0.000000000000000000, 0.000000000000000000 ) ) ;
#4236 = CARTESIAN_POINT ( 'NONE',  ( 6.840154566637622224, 9.694460453587147697, 14.08276566350402703 ) ) ;
#4237 = ORIENTED_EDGE ( 'NONE', *, *, #1089, .T. ) ;
#4238 = B_SPLINE_CURVE_WITH_KNOTS ( 'NONE', 3,
 ( #2082, #4164, #4916, #7004 ),
 .UNSPECIFIED., .F., .F.,
 ( 4, 4 ),
 ( 0.000000000000000000, 0.01171373425320291865 ),
 .UNSPECIFIED. ) ;
#4239 = AXIS2_PLACEMENT_3D ( 'NONE', #1375, #131, #5618 ) ;
#4240 = ORIENTED_EDGE ( 'NONE', *, *, #6510, .F. ) ;
#4241 = ORIENTED_EDGE ( 'NONE', *, *, #3228, .T. ) ;
#4242 = EDGE_CURVE ( 'NONE', #569, #7230, #2501, .T. ) ;
#4243 = CIRCLE ( 'NONE', #1732, 12.69999999999999929 ) ;
#4244 = CARTESIAN_POINT ( 'NONE',  ( 0.000000000000000000, 0.000000000000000000, 14.90355339059327910 ) ) ;
#4245 = EDGE_LOOP ( 'NONE', ( #8812, #7964, #891, #1888 ) ) ;
#4246 = ORIENTED_EDGE ( 'NONE', *, *, #6632, .T. ) ;
#4247 = DIRECTION ( 'NONE',  ( -1.000000000000000000, 0.000000000000000000, 0.000000000000000000 ) ) ;
#4248 = VECTOR ( 'NONE', #3860, 1000.000000000000000 ) ;
#4249 = CARTESIAN_POINT ( 'NONE',  ( -8.607311420067855323, 12.52826460218565074, 3.598324033312457981 ) ) ;
#4250 = DIRECTION ( 'NONE',  ( 1.000000000000000000, 0.000000000000000000, 0.000000000000000000 ) ) ;
#4251 =( BOUNDED_CURVE ( )  B_SPLINE_CURVE ( 3, ( #7745, #5798, #4157, #8638 ),
 .UNSPECIFIED., .F., .T. ) 
 B_SPLINE_CURVE_WITH_KNOTS ( ( 4, 4 ),
 ( 4.840734874276010125, 4.873437229494070877 ),
 .UNSPECIFIED. ) 
 CURVE ( )  GEOMETRIC_REPRESENTATION_ITEM ( )  RATIONAL_B_SPLINE_CURVE ( ( 1.000000000000000000, 0.9999108816491901752, 0.9999108816491901752, 1.000000000000000000 ) ) 
 REPRESENTATION_ITEM ( '' )  );
#4252 = DIRECTION ( 'NONE',  ( -1.000000000000000000, 0.000000000000000000, 0.000000000000000000 ) ) ;
#4253 = ORIENTED_EDGE ( 'NONE', *, *, #8674, .F. ) ;
#4254 = CARTESIAN_POINT ( 'NONE',  ( -19.05000000000001137, 6.349999999999999645, -1.000000000000000000 ) ) ;
#4255 = ORIENTED_EDGE ( 'NONE', *, *, #3216, .F. ) ;
#4256 = ORIENTED_EDGE ( 'NONE', *, *, #4953, .T. ) ;
#4257 = FACE_OUTER_BOUND ( 'NONE', #8594, .T. ) ;
#4258 = EDGE_LOOP ( 'NONE', ( #6000, #8376, #1220, #1367 ) ) ;
#4259 = ORIENTED_EDGE ( 'NONE', *, *, #5702, .F. ) ;
#4260 = CARTESIAN_POINT ( 'NONE',  ( 20.91349701478772971, 3.779396204025732064, 1.000000000000000000 ) ) ;
#4261 = CARTESIAN_POINT ( 'NONE',  ( -20.91349701478772616, -3.779396204025738726, -1.000000000000000444 ) ) ;
#4262 = FACE_OUTER_BOUND ( 'NONE', #112, .T. ) ;
#4263 = DIRECTION ( 'NONE',  ( 0.7071067811865470176, 0.7071067811865479058, 0.000000000000000000 ) ) ;
#4264 = CARTESIAN_POINT ( 'NONE',  ( 13.14289321881345529, -11.54999999999999893, 2.286000000000000032 ) ) ;
#4265 = CARTESIAN_POINT ( 'NONE',  ( -9.420798938022239000, 6.595342854572389335, 14.55000000000000782 ) ) ;
#4266 = CARTESIAN_POINT ( 'NONE',  ( -0.7194493759633308061, -0.7194493759633380225, 4.049999999999999822 ) ) ;
#4267 = VERTEX_POINT ( 'NONE', #4625 ) ;
#4268 = EDGE_CURVE ( 'NONE', #5370, #1741, #7473, .T. ) ;
#4270 = EDGE_CURVE ( 'NONE', #7259, #2536, #4306, .T. ) ;
#4269 = LINE ( 'NONE', #6369, #4129 ) ;
#4271 = EDGE_LOOP ( 'NONE', ( #6466, #3507, #7366, #2915 ) ) ;
#4272 = CARTESIAN_POINT ( 'NONE',  ( 24.25000000000001066, -1.857106781186541600, 2.286000000000000032 ) ) ;
#4273 = ORIENTED_EDGE ( 'NONE', *, *, #2298, .F. ) ;
#4274 = FACE_OUTER_BOUND ( 'NONE', #897, .T. ) ;
#4275 = DIRECTION ( 'NONE',  ( 0.000000000000000000, 0.000000000000000000, 1.000000000000000000 ) ) ;
#4276 = DIRECTION ( 'NONE',  ( -1.000000000000000000, 0.000000000000000000, 0.000000000000000000 ) ) ;
#4277 = DIRECTION ( 'NONE',  ( -1.000000000000000000, 0.000000000000000000, -0.000000000000000000 ) ) ;
#4278 = PLANE ( 'NONE',  #3600 ) ;
#4279 = ADVANCED_FACE ( 'NONE', ( #401 ), #4679, .F. ) ;
#4280 = DIRECTION ( 'NONE',  ( 0.7071067811865477948, 0.7071067811865473507, -0.000000000000000000 ) ) ;
#4283 = EDGE_CURVE ( 'NONE', #3344, #7794, #5469, .T. ) ;
#4282 = EDGE_CURVE ( 'NONE', #223, #3355, #7962, .T. ) ;
#4281 = CARTESIAN_POINT ( 'NONE',  ( 6.622070032763158309, -10.83712860766398833, 3.389687696579583243 ) ) ;
#4284 = ORIENTED_EDGE ( 'NONE', *, *, #6186, .F. ) ;
#4285 = ORIENTED_EDGE ( 'NONE', *, *, #16, .T. ) ;
#4286 = EDGE_LOOP ( 'NONE', ( #734, #6107, #2231, #3706, #8279, #699, #2643, #4009 ) ) ;
#4287 = FACE_OUTER_BOUND ( 'NONE', #8584, .T. ) ;
#4288 = CARTESIAN_POINT ( 'NONE',  ( -6.939002775446560634, 10.63682055471423560, 3.833204501437561529 ) ) ;
#4289 = ORIENTED_EDGE ( 'NONE', *, *, #5646, .T. ) ;
#4290 = CARTESIAN_POINT ( 'NONE',  ( 2.056696380120322853, 6.899999999999997691, 3.049999999999999822 ) ) ;
#4291 = ADVANCED_FACE ( 'NONE', ( #2909 ), #2808, .F. ) ;
#4292 = ORIENTED_EDGE ( 'NONE', *, *, #2298, .T. ) ;
#4293 = DIRECTION ( 'NONE',  ( 0.000000000000000000, 0.000000000000000000, 1.000000000000000000 ) ) ;
#4294 = DIRECTION ( 'NONE',  ( 1.000000000000000000, 0.000000000000000000, 0.000000000000000000 ) ) ;
#4295 = DIRECTION ( 'NONE',  ( 1.000000000000000000, 0.000000000000000000, 0.000000000000000000 ) ) ;
#4296 = FACE_OUTER_BOUND ( 'NONE', #2003, .T. ) ;
#4297 = ORIENTED_EDGE ( 'NONE', *, *, #6438, .T. ) ;
#4298 = DIRECTION ( 'NONE',  ( 0.000000000000000000, -0.000000000000000000, 1.000000000000000000 ) ) ;
#4299 = ORIENTED_EDGE ( 'NONE', *, *, #7006, .T. ) ;
#4300 = ORIENTED_EDGE ( 'NONE', *, *, #8893, .T. ) ;
#4301 = AXIS2_PLACEMENT_3D ( 'NONE', #986, #2384, #8802 ) ;
#4302 = FACE_OUTER_BOUND ( 'NONE', #6457, .T. ) ;
#4303 = ORIENTED_EDGE ( 'NONE', *, *, #1894, .F. ) ;
#4304 = ORIENTED_EDGE ( 'NONE', *, *, #5828, .T. ) ;
#4305 = DIRECTION ( 'NONE',  ( -0.7071067811865472397, -0.7071067811865479058, 0.000000000000000000 ) ) ;
#4306 =( BOUNDED_CURVE ( )  B_SPLINE_CURVE ( 3, ( #6077, #8216, #5375, #1845 ),
 .UNSPECIFIED., .F., .T. ) 
 B_SPLINE_CURVE_WITH_KNOTS ( ( 4, 4 ),
 ( 1.637784248836729573, 1.651256753668531418 ),
 .UNSPECIFIED. ) 
 CURVE ( )  GEOMETRIC_REPRESENTATION_ITEM ( )  RATIONAL_B_SPLINE_CURVE ( ( 1.000000000000000000, 0.9999848743583262811, 0.9999848743583262811, 1.000000000000000000 ) ) 
 REPRESENTATION_ITEM ( '' )  );
#4307 = DIRECTION ( 'NONE',  ( -1.000000000000000000, 0.000000000000000000, 0.000000000000000000 ) ) ;
#4308 = PLANE ( 'NONE',  #1274 ) ;
#4309 = CARTESIAN_POINT ( 'NONE',  ( -13.14289321881346062, 11.55000000000000071, -1.000000000000000000 ) ) ;
#4310 = CARTESIAN_POINT ( 'NONE',  ( -3.469446951953614189E-14, -1.155557966632253931E-30, 4.049999999999999822 ) ) ;
#4311 = DIRECTION ( 'NONE',  ( 0.000000000000000000, 0.000000000000000000, 1.000000000000000000 ) ) ;
#4312 = ORIENTED_EDGE ( 'NONE', *, *, #4739, .F. ) ;
#4313 = CARTESIAN_POINT ( 'NONE',  ( 17.21152236891498788, -7.481370849898473452, 2.286000000000000032 ) ) ;
#4314 = VERTEX_POINT ( 'NONE', #5694 ) ;
#4315 = DIRECTION ( 'NONE',  ( 1.000000000000000000, 8.195543980992787683E-16, 0.000000000000000000 ) ) ;
#4316 = CIRCLE ( 'NONE', #319, 2.100000000000000977 ) ;
#4317 = VERTEX_POINT ( 'NONE', #2025 ) ;
#4318 = CARTESIAN_POINT ( 'NONE',  ( 14.91623517531649412, 2.923341956503026307, 1.000000000000000000 ) ) ;
#4319 = DIRECTION ( 'NONE',  ( 1.000000000000000000, 0.000000000000000000, -0.000000000000000000 ) ) ;
#4320 = DIRECTION ( 'NONE',  ( -0.7071067811865472397, 0.7071067811865479058, 0.000000000000000000 ) ) ;
#4321 = CARTESIAN_POINT ( 'NONE',  ( -7.338820554675496766, 10.36492705552105598, 11.30038463814560856 ) ) ;
#4322 = ADVANCED_FACE ( 'NONE', ( #4107 ), #7133, .T. ) ;
#4323 = DIRECTION ( 'NONE',  ( 0.000000000000000000, 0.000000000000000000, 1.000000000000000000 ) ) ;
#4324 = CARTESIAN_POINT ( 'NONE',  ( 20.91349701478772971, 3.779396204025734285, -2.286000000000000032 ) ) ;
#4325 = ORIENTED_EDGE ( 'NONE', *, *, #7693, .T. ) ;
#4326 = ORIENTED_EDGE ( 'NONE', *, *, #1313, .F. ) ;
#4327 = AXIS2_PLACEMENT_3D ( 'NONE', #4094, #464, #8298 ) ;
#4328 = ORIENTED_EDGE ( 'NONE', *, *, #2757, .T. ) ;
#4329 = EDGE_LOOP ( 'NONE', ( #293, #6689, #3836, #2031 ) ) ;
#4330 = DIRECTION ( 'NONE',  ( -0.7071067811865434649, 0.7071067811865516806, 0.000000000000000000 ) ) ;
#4331 = EDGE_CURVE ( 'NONE', #2120, #622, #2106, .T. ) ;
#4333 = EDGE_CURVE ( 'NONE', #8399, #3355, #7040, .T. ) ;
#4332 = ADVANCED_FACE ( 'NONE', ( #670 ), #7789, .F. ) ;
#4334 = B_SPLINE_CURVE_WITH_KNOTS ( 'NONE', 3,
 ( #6915, #5512, #3415, #2028 ),
 .UNSPECIFIED., .F., .F.,
 ( 4, 4 ),
 ( 0.09788286888632728722, 0.1095966023383204979 ),
 .UNSPECIFIED. ) ;
#4335 = AXIS2_PLACEMENT_3D ( 'NONE', #8124, #8024, #5141 ) ;
#4336 = LINE ( 'NONE', #3548, #5409 ) ;
#4337 = VERTEX_POINT ( 'NONE', #2717 ) ;
#4338 = AXIS2_PLACEMENT_3D ( 'NONE', #2366, #2266, #1661 ) ;
#4339 = APPROVAL_ROLE ( '' ) ;
#4340 = EDGE_LOOP ( 'NONE', ( #2951, #906, #6197, #2251 ) ) ;
#4341 = CARTESIAN_POINT ( 'NONE',  ( -17.21152236891498788, -7.481370849898473452, 2.286000000000000032 ) ) ;
#4342 = DIRECTION ( 'NONE',  ( -0.000000000000000000, -0.000000000000000000, -1.000000000000000000 ) ) ;
#4343 = CIRCLE ( 'NONE', #5535, 3.175000000000007816 ) ;
#4344 = CARTESIAN_POINT ( 'NONE',  ( -21.62060379597427229, -4.486502985212286632, 1.000000000000000000 ) ) ;
#4345 = AXIS2_PLACEMENT_3D ( 'NONE', #6076, #7651, #6169 ) ;
#4346 = CARTESIAN_POINT ( 'NONE',  ( 19.05000000000001137, -6.349999999999999645, -2.286000000000000032 ) ) ;
#4348 = EDGE_CURVE ( 'NONE', #2569, #4742, #8850, .T. ) ;
#4347 = EDGE_CURVE ( 'NONE', #6981, #8509, #7098, .T. ) ;
#4349 = AXIS2_PLACEMENT_3D ( 'NONE', #4874, #2881, #7711 ) ;
#4350 = ORIENTED_EDGE ( 'NONE', *, *, #5828, .F. ) ;
#4351 = CARTESIAN_POINT ( 'NONE',  ( -10.47393927217178522, -8.746223802468010788, 15.75000000000000000 ) ) ;
#4352 = ORIENTED_EDGE ( 'NONE', *, *, #2132, .F. ) ;
#4353 = VERTEX_POINT ( 'NONE', #718 ) ;
#4354 = AXIS2_PLACEMENT_3D ( 'NONE', #4894, #7039, #118 ) ;
#4355 = FACE_OUTER_BOUND ( 'NONE', #3678, .T. ) ;
#4356 = VERTEX_POINT ( 'NONE', #1279 ) ;
#4357 = VERTEX_POINT ( 'NONE', #1317 ) ;
#4358 = CARTESIAN_POINT ( 'NONE',  ( 19.05000000000001137, 11.55000000000000071, 3.049999999999999822 ) ) ;
#4359 = LINE ( 'NONE', #8742, #619 ) ;
#4360 = CARTESIAN_POINT ( 'NONE',  ( -25.25000000000001066, -1.131370849898481579, -3.049999999999999822 ) ) ;
#4361 = CARTESIAN_POINT ( 'NONE',  ( 12.52935589358530066, -8.605724036130034449, 3.596007646933506940 ) ) ;
#4362 = DIRECTION ( 'NONE',  ( -0.000000000000000000, -0.000000000000000000, -1.000000000000000000 ) ) ;
#4363 = EDGE_CURVE ( 'NONE', #2959, #3521, #6390, .T. ) ;
#4364 = VECTOR ( 'NONE', #3514, 1000.000000000000000 ) ;
#4365 = VECTOR ( 'NONE', #4263, 1000.000000000000114 ) ;
#4366 = CARTESIAN_POINT ( 'NONE',  ( -8.699397522520836645, -12.46449870790258352, 3.751796355938255001 ) ) ;
#4367 = ORIENTED_EDGE ( 'NONE', *, *, #7524, .F. ) ;
#4368 = CIRCLE ( 'NONE', #5856, 14.15633905709148266 ) ;
#4369 = DIRECTION ( 'NONE',  ( 0.000000000000000000, 1.000000000000000000, 0.000000000000000000 ) ) ;
#4370 = VERTEX_POINT ( 'NONE', #8441 ) ;
#4371 = VECTOR ( 'NONE', #4839, 1000.000000000000114 ) ;
#4372 = CARTESIAN_POINT ( 'NONE',  ( -22.70441558772843393, 1.287490079826536515E-15, 2.286000000000000032 ) ) ;
#4373 = VECTOR ( 'NONE', #5359, 1000.000000000000114 ) ;
#4374 = ORIENTED_EDGE ( 'NONE', *, *, #6895, .F. ) ;
#4375 = CARTESIAN_POINT ( 'NONE',  ( 2.056696380120322853, -6.899999999999997691, 3.049999999999999822 ) ) ;
#4376 = CARTESIAN_POINT ( 'NONE',  ( 19.05000000000001137, 6.349999999999999645, 3.049999999999999822 ) ) ;
#4377 = DIRECTION ( 'NONE',  ( 1.000000000000000000, 2.485324980005233120E-14, 0.000000000000000000 ) ) ;
#4378 = DIRECTION ( 'NONE',  ( -0.000000000000000000, -0.000000000000000000, -1.000000000000000000 ) ) ;
#4379 = AXIS2_PLACEMENT_3D ( 'NONE', #1151, #8921, #8184 ) ;
#4380 = VECTOR ( 'NONE', #8556, 1000.000000000000114 ) ;
#4381 = CARTESIAN_POINT ( 'NONE',  ( 24.25000000000001066, 1.857106781186553146, 2.286000000000000032 ) ) ;
#4382 = FACE_OUTER_BOUND ( 'NONE', #7027, .T. ) ;
#4383 = ORIENTED_EDGE ( 'NONE', *, *, #2363, .T. ) ;
#4384 = EDGE_LOOP ( 'NONE', ( #8261, #8291, #3517, #1392 ) ) ;
#4385 = CC_DESIGN_DATE_AND_TIME_ASSIGNMENT ( #2301, #4534, ( #680 ) ) ;
#4386 = ORIENTED_EDGE ( 'NONE', *, *, #5426, .T. ) ;
#4387 = AXIS2_PLACEMENT_3D ( 'NONE', #5644, #6986, #1357 ) ;
#4388 = PLANE ( 'NONE',  #8069 ) ;
#4389 = DIRECTION ( 'NONE',  ( -1.000000000000000000, 0.000000000000000000, 0.000000000000000000 ) ) ;
#4390 = VECTOR ( 'NONE', #6976, 1000.000000000000114 ) ;
#4391 = EDGE_LOOP ( 'NONE', ( #5668, #7299, #2710, #7510 ) ) ;
#4392 = APPROVAL_DATE_TIME ( #1556, #8473 ) ;
#4393 = ORIENTED_EDGE ( 'NONE', *, *, #9003, .F. ) ;
#4394 = EDGE_CURVE ( 'NONE', #923, #6379, #5721, .T. ) ;
#4395 = DIRECTION ( 'NONE',  ( -0.000000000000000000, -0.000000000000000000, 1.000000000000000000 ) ) ;
#4396 = EDGE_CURVE ( 'NONE', #8716, #6311, #4146, .T. ) ;
#4397 = DIRECTION ( 'NONE',  ( -1.000000000000000000, 0.000000000000000000, 0.000000000000000000 ) ) ;
#4398 = CARTESIAN_POINT ( 'NONE',  ( 8.885463297855910270, 12.33241833471666027, 4.484570918952039520 ) ) ;
#4399 = AXIS2_PLACEMENT_3D ( 'NONE', #8762, #295, #3042 ) ;
#4400 = FACE_OUTER_BOUND ( 'NONE', #6728, .T. ) ;
#4401 = ORIENTED_EDGE ( 'NONE', *, *, #7228, .T. ) ;
#4402 = DIRECTION ( 'NONE',  ( 0.000000000000000000, 0.000000000000000000, 1.000000000000000000 ) ) ;
#4403 = ORIENTED_EDGE ( 'NONE', *, *, #1967, .T. ) ;
#4404 = ORIENTED_EDGE ( 'NONE', *, *, #7771, .T. ) ;
#4405 = AXIS2_PLACEMENT_3D ( 'NONE', #8013, #4464, #3768 ) ;
#4406 = ADVANCED_FACE ( 'NONE', ( #4815 ), #3512, .F. ) ;
#4407 = DIRECTION ( 'NONE',  ( 1.000000000000000000, 0.000000000000000000, 0.000000000000000000 ) ) ;
#4409 = EDGE_CURVE ( 'NONE', #8639, #8294, #73, .T. ) ;
#4408 = EDGE_CURVE ( 'NONE', #4337, #1349, #9182, .T. ) ;
#4410 = VERTEX_POINT ( 'NONE', #2353 ) ;
#4411 = ORIENTED_EDGE ( 'NONE', *, *, #876, .T. ) ;
#4412 = CARTESIAN_POINT ( 'NONE',  ( 8.740658201038632669, -12.43553620421364592, 3.837055706003872135 ) ) ;
#4413 = CARTESIAN_POINT ( 'NONE',  ( -24.25000000000001066, 1.857106781186547595, 3.049999999999999822 ) ) ;
#4414 = CARTESIAN_POINT ( 'NONE',  ( 14.91623517531649412, 2.923341956503026307, 3.049999999999999822 ) ) ;
#4415 = DIRECTION ( 'NONE',  ( 0.7071067811865507924, -0.7071067811865441310, 0.000000000000000000 ) ) ;
#4416 = CARTESIAN_POINT ( 'NONE',  ( 23.69865440327095030, 0.9942388155425216922, 2.286000000000000032 ) ) ;
#4417 = ORIENTED_EDGE ( 'NONE', *, *, #4218, .F. ) ;
#4418 = DIRECTION ( 'NONE',  ( -0.7071067811865474617, -0.7071067811865474617, 0.000000000000000000 ) ) ;
#4419 = ADVANCED_FACE ( 'NONE', ( #3742 ), #7182, .T. ) ;
#4420 = ORIENTED_EDGE ( 'NONE', *, *, #8630, .F. ) ;
#4421 = CARTESIAN_POINT ( 'NONE',  ( -11.53287653212795050, -9.901384675242541178, 11.85196986296202581 ) ) ;
#4422 = ORIENTED_EDGE ( 'NONE', *, *, #5935, .T. ) ;
#4423 = LINE ( 'NONE', #6561, #9156 ) ;
#4424 = PLANE ( 'NONE',  #3350 ) ;
#4425 = CARTESIAN_POINT ( 'NONE',  ( 25.75355339059328585, -0.3535533905932672916, -1.000000000000000000 ) ) ;
#4426 = DIRECTION ( 'NONE',  ( -0.7071067811865531239, -0.7071067811865419106, 0.000000000000000000 ) ) ;
#4427 = LINE ( 'NONE', #888, #4931 ) ;
#4428 = CARTESIAN_POINT ( 'NONE',  ( 19.05000000000001137, -11.55000000000000071, 3.049999999999999822 ) ) ;
#4429 = CARTESIAN_POINT ( 'NONE',  ( 6.939002775446562410, -10.63682055471423915, 3.833204501437567302 ) ) ;
#4430 = VERTEX_POINT ( 'NONE', #6493 ) ;
#4431 = ORIENTED_EDGE ( 'NONE', *, *, #1205, .F. ) ;
#4432 = CARTESIAN_POINT ( 'NONE',  ( 2.056696380120322853, -6.899999999999997691, 3.049999999999999822 ) ) ;
#4433 = CARTESIAN_POINT ( 'NONE',  ( 11.13973096447699795, -6.101568835857044348, 3.085193751742282053 ) ) ;
#4434 = DIRECTION ( 'NONE',  ( -1.000000000000000000, 0.000000000000000000, 0.000000000000000000 ) ) ;
#4435 = ORIENTED_EDGE ( 'NONE', *, *, #3617, .T. ) ;
#4436 = APPROVAL_STATUS ( 'not_yet_approved' ) ;
#4437 = ORIENTED_EDGE ( 'NONE', *, *, #4628, .T. ) ;
#4438 = CARTESIAN_POINT ( 'NONE',  ( 18.69644660940673830, 6.703553390593272709, -1.000000000000000000 ) ) ;
#4439 = VERTEX_POINT ( 'NONE', #7278 ) ;
#4440 = FACE_OUTER_BOUND ( 'NONE', #6658, .T. ) ;
#4441 = LINE ( 'NONE', #3743, #4373 ) ;
#4442 = CYLINDRICAL_SURFACE ( 'NONE', #8681, 3.175000000000000711 ) ;
#4443 = EDGE_CURVE ( 'NONE', #5181, #8037, #4483, .T. ) ;
#4444 = ORIENTED_EDGE ( 'NONE', *, *, #7806, .F. ) ;
#4445 = CARTESIAN_POINT ( 'NONE',  ( 9.881168959186965139, -11.54999999999999716, 3.049999999999999822 ) ) ;
#4446 = ORIENTED_EDGE ( 'NONE', *, *, #3418, .T. ) ;
#4447 = VERTEX_POINT ( 'NONE', #3697 ) ;
#4448 = DIRECTION ( 'NONE',  ( 0.000000000000000000, 0.000000000000000000, 1.000000000000000000 ) ) ;
#4449 = VERTEX_POINT ( 'NONE', #3056 ) ;
#4450 = CARTESIAN_POINT ( 'NONE',  ( -19.05000000000001137, 6.349999999999999645, 1.000000000000000000 ) ) ;
#4451 = DIRECTION ( 'NONE',  ( 1.000000000000000000, 0.000000000000000000, 0.000000000000000000 ) ) ;
#4452 = CARTESIAN_POINT ( 'NONE',  ( 8.575400865265715211, 12.55000000000000071, -3.049999999999999822 ) ) ;
#4453 = CARTESIAN_POINT ( 'NONE',  ( 10.01731424083784106, 7.115400157519618851, 13.31173150231344060 ) ) ;
#4454 = DIRECTION ( 'NONE',  ( -0.000000000000000000, -0.000000000000000000, -1.000000000000000000 ) ) ;
#4455 = ADVANCED_FACE ( 'NONE', ( #4440 ), #6586, .T. ) ;
#4457 = EDGE_CURVE ( 'NONE', #6325, #1323, #8396, .T. ) ;
#4456 = EDGE_CURVE ( 'NONE', #2168, #3288, #4826, .T. ) ;
#4458 = CARTESIAN_POINT ( 'NONE',  ( -12.13650746063116159, 9.152739640218644723, 11.98607683914960198 ) ) ;
#4459 = ORIENTED_EDGE ( 'NONE', *, *, #7228, .F. ) ;
#4460 = DIRECTION ( 'NONE',  ( 0.000000000000000000, 0.000000000000000000, 1.000000000000000000 ) ) ;
#4461 = EDGE_LOOP ( 'NONE', ( #7799, #1655 ) ) ;
#4462 = CARTESIAN_POINT ( 'NONE',  ( -24.11862915010152975, 0.000000000000000000, -3.049999999999999822 ) ) ;
#4463 = ORIENTED_EDGE ( 'NONE', *, *, #1486, .F. ) ;
#4464 = DIRECTION ( 'NONE',  ( -0.000000000000000000, -0.000000000000000000, -1.000000000000000000 ) ) ;
#4465 = CARTESIAN_POINT ( 'NONE',  ( 17.21152236891498788, -5.218629150101523173, 2.286000000000000032 ) ) ;
#4466 = CARTESIAN_POINT ( 'NONE',  ( -23.06347142246230320, -9.656364641275748895, 3.049999999999999822 ) ) ;
#4467 = DIRECTION ( 'NONE',  ( 0.7071067811865472397, -0.7071067811865479058, 0.000000000000000000 ) ) ;
#4469 = EDGE_CURVE ( 'NONE', #481, #2665, #3341, .T. ) ;
#4468 = ADVANCED_FACE ( 'NONE', ( #1507 ), #4539, .F. ) ;
#4470 = DIRECTION ( 'NONE',  ( 0.7071067811865474617, -0.7071067811865476838, 0.000000000000000000 ) ) ;
#4471 = DIRECTION ( 'NONE',  ( 0.7071067811865473507, -0.7071067811865476838, 0.000000000000000000 ) ) ;
#4472 = CARTESIAN_POINT ( 'NONE',  ( -9.564990707014363380, 6.725611432804593726, 14.32450824590019245 ) ) ;
#4473 = ORIENTED_EDGE ( 'NONE', *, *, #2687, .F. ) ;
#4474 = VERTEX_POINT ( 'NONE', #1651 ) ;
#4475 = PLANE ( 'NONE',  #8862 ) ;
#4476 = CARTESIAN_POINT ( 'NONE',  ( -16.47939620402575045, 4.486502985212284855, 2.286000000000000032 ) ) ;
#4477 = EDGE_CURVE ( 'NONE', #3040, #2499, #7800, .T. ) ;
#4478 = CARTESIAN_POINT ( 'NONE',  ( 9.420798938022235447, -6.595342854572392888, 14.55000000000000782 ) ) ;
#4479 = EDGE_LOOP ( 'NONE', ( #3782, #3848, #4350, #6571, #3177, #7834, #781, #7297, #7688, #5201, #3719, #5957, #4864, #2773, #8439, #3304, #69, #4570, #8930, #2095, #8131, #4051, #5347, #66, #3452, #4256 ) ) ;
#4480 = CIRCLE ( 'NONE', #8798, 5.200000000000000178 ) ;
#4481 = ORIENTED_EDGE ( 'NONE', *, *, #3711, .T. ) ;
#4482 = CARTESIAN_POINT ( 'NONE',  ( 0.000000000000000000, 0.000000000000000000, 15.75000000000000000 ) ) ;
#4483 = LINE ( 'NONE', #900, #6164 ) ;
#4484 = CIRCLE ( 'NONE', #5825, 8.000000000000000000 ) ;
#4485 = DIRECTION ( 'NONE',  ( 0.7071067811865477948, 0.7071067811865473507, 0.000000000000000000 ) ) ;
#4486 = CIRCLE ( 'NONE', #3450, 15.20000000000000995 ) ;
#4487 = ORIENTED_EDGE ( 'NONE', *, *, #5762, .F. ) ;
#4488 = CARTESIAN_POINT ( 'NONE',  ( -10.70360484075323271, -9.264706088826438091, 4.049999999999999822 ) ) ;
#4489 = EDGE_LOOP ( 'NONE', ( #3967, #2021, #6425, #1972 ) ) ;
#4490 = ORIENTED_EDGE ( 'NONE', *, *, #8375, .T. ) ;
#4491 = DIRECTION ( 'NONE',  ( -1.000000000000000000, 0.000000000000000000, 0.000000000000000000 ) ) ;
#4492 = ORIENTED_EDGE ( 'NONE', *, *, #1315, .F. ) ;
#4493 = DIRECTION ( 'NONE',  ( -0.7071067811865474617, -0.7071067811865474617, 0.000000000000000000 ) ) ;
#4494 = CIRCLE ( 'NONE', #472, 15.19999999999999929 ) ;
#4495 = DIRECTION ( 'NONE',  ( 0.000000000000000000, 0.000000000000000000, 1.000000000000000000 ) ) ;
#4496 = LINE ( 'NONE', #7289, #2476 ) ;
#4497 = DIRECTION ( 'NONE',  ( 0.7071067811865469066, 0.7071067811865482389, -0.000000000000000000 ) ) ;
#4498 = CARTESIAN_POINT ( 'NONE',  ( 17.18650298521228947, 8.920603795974265893, 2.286000000000000032 ) ) ;
#4499 = AXIS2_PLACEMENT_3D ( 'NONE', #6917, #8312, #1146 ) ;
#4500 = CIRCLE ( 'NONE', #8075, 15.20000000000000995 ) ;
#4501 = CARTESIAN_POINT ( 'NONE',  ( -8.370241686043998541, -12.68801560545246510, 3.333604735625230298 ) ) ;
#4502 = EDGE_LOOP ( 'NONE', ( #948, #8878, #7759, #601 ) ) ;
#4503 = DIRECTION ( 'NONE',  ( 1.000000000000000000, 0.000000000000000000, 0.000000000000000000 ) ) ;
#4504 = VERTEX_POINT ( 'NONE', #3796 ) ;
#4505 = DIRECTION ( 'NONE',  ( -0.000000000000000000, -0.000000000000000000, -1.000000000000000000 ) ) ;
#4506 = AXIS2_PLACEMENT_3D ( 'NONE', #168, #2314, #3005 ) ;
#4507 = EDGE_CURVE ( 'NONE', #7468, #496, #6641, .T. ) ;
#4508 = ORIENTED_EDGE ( 'NONE', *, *, #7998, .F. ) ;
#4510 = EDGE_CURVE ( 'NONE', #4640, #494, #1001, .T. ) ;
#4509 = ADVANCED_FACE ( 'NONE', ( #5937 ), #6679, .T. ) ;
#4511 = DIRECTION ( 'NONE',  ( 1.000000000000000000, -1.912293595564979323E-15, 0.000000000000000000 ) ) ;
#4512 = CARTESIAN_POINT ( 'NONE',  ( -19.05000000000001137, 6.349999999999999645, -2.286000000000000032 ) ) ;
#4513 = AXIS2_PLACEMENT_3D ( 'NONE', #4068, #6989, #6177 ) ;
#4514 = VECTOR ( 'NONE', #6461, 1000.000000000000000 ) ;
#4515 = PLANE ( 'NONE',  #4166 ) ;
#4516 = FACE_OUTER_BOUND ( 'NONE', #1754, .T. ) ;
#4517 = CIRCLE ( 'NONE', #8969, 6.200000000000001066 ) ;
#4518 = DIRECTION ( 'NONE',  ( -1.000000000000000000, 0.000000000000000000, 0.000000000000000000 ) ) ;
#4519 = AXIS2_PLACEMENT_3D ( 'NONE', #7575, #9153, #3428 ) ;
#4520 = AXIS2_PLACEMENT_3D ( 'NONE', #8299, #7550, #3057 ) ;
#4521 = CARTESIAN_POINT ( 'NONE',  ( 17.18650298521228947, 3.779396204025733397, 2.286000000000000032 ) ) ;
#4522 = CARTESIAN_POINT ( 'NONE',  ( -10.36492705552113414, 7.338820554675384855, 11.30038463814569205 ) ) ;
#4523 = ORIENTED_EDGE ( 'NONE', *, *, #5208, .T. ) ;
#4524 = ADVANCED_FACE ( 'NONE', ( #8586 ), #7885, .T. ) ;
#4525 = ORIENTED_EDGE ( 'NONE', *, *, #5360, .F. ) ;
#4527 = EDGE_CURVE ( 'NONE', #4317, #1648, #7936, .T. ) ;
#4526 = EDGE_CURVE ( 'NONE', #6412, #2499, #3653, .T. ) ;
#4528 = DIRECTION ( 'NONE',  ( -1.000000000000000000, 0.000000000000000000, 0.000000000000000000 ) ) ;
#4529 = DIRECTION ( 'NONE',  ( 0.000000000000000000, 0.000000000000000000, 1.000000000000000000 ) ) ;
#4530 = AXIS2_PLACEMENT_3D ( 'NONE', #8882, #1112, #6086 ) ;
#4531 = CIRCLE ( 'NONE', #511, 15.19999999999999929 ) ;
#4532 = DIRECTION ( 'NONE',  ( 0.000000000000000000, 0.000000000000000000, 1.000000000000000000 ) ) ;
#4533 = EDGE_LOOP ( 'NONE', ( #3223, #268, #5796, #3561, #2905 ) ) ;
#4534 = DATE_TIME_ROLE ( 'creation_date' ) ;
#4535 = VERTEX_POINT ( 'NONE', #7989 ) ;
#4536 = CIRCLE ( 'NONE', #8112, 3.175000000000000711 ) ;
#4537 = AXIS2_PLACEMENT_3D ( 'NONE', #8849, #1810, #289 ) ;
#4538 = EDGE_CURVE ( 'NONE', #4155, #6224, #4536, .T. ) ;
#4539 = PLANE ( 'NONE',  #2312 ) ;
#4540 = DIRECTION ( 'NONE',  ( 0.000000000000000000, 0.000000000000000000, 1.000000000000000000 ) ) ;
#4541 = AXIS2_PLACEMENT_3D ( 'NONE', #8149, #3769, #7401 ) ;
#4542 = VERTEX_POINT ( 'NONE', #2006 ) ;
#4543 = LINE ( 'NONE', #7889, #7770 ) ;
#4544 = ORIENTED_EDGE ( 'NONE', *, *, #2426, .T. ) ;
#4545 = ORIENTED_EDGE ( 'NONE', *, *, #6949, .T. ) ;
#4546 = DIRECTION ( 'NONE',  ( 0.7064337722128896102, -0.7064337722128947172, 0.04361938736533610417 ) ) ;
#4547 = ORIENTED_EDGE ( 'NONE', *, *, #1120, .F. ) ;
#4548 = AXIS2_PLACEMENT_3D ( 'NONE', #739, #2089, #3493 ) ;
#4549 = CARTESIAN_POINT ( 'NONE',  ( 7.256512541650040227, -10.42320471966380779, 9.023542246728524674 ) ) ;
#4550 = CARTESIAN_POINT ( 'NONE',  ( 20.91349701478772971, -3.779396204025732953, -1.000000000000000444 ) ) ;
#4551 = LINE ( 'NONE', #7392, #2724 ) ;
#4552 = DIRECTION ( 'NONE',  ( -0.000000000000000000, -0.000000000000000000, -1.000000000000000000 ) ) ;
#4553 = VECTOR ( 'NONE', #5586, 1000.000000000000000 ) ;
#4554 = CARTESIAN_POINT ( 'NONE',  ( -12.23555549275333476, 9.019902330254980782, 8.230599130153679610 ) ) ;
#4555 = ORIENTED_EDGE ( 'NONE', *, *, #7413, .T. ) ;
#4556 = DIRECTION ( 'NONE',  ( -1.000000000000000000, 0.000000000000000000, 0.000000000000000000 ) ) ;
#4557 = ORIENTED_EDGE ( 'NONE', *, *, #9048, .F. ) ;
#4558 = CARTESIAN_POINT ( 'NONE',  ( -24.25000000000001066, -1.545584412271577612, -2.286000000000000032 ) ) ;
#4559 = ORIENTED_EDGE ( 'NONE', *, *, #8847, .F. ) ;
#4560 = CARTESIAN_POINT ( 'NONE',  ( -17.91862915010153401, 4.511522368914976155, 2.286000000000000032 ) ) ;
#4561 = FACE_OUTER_BOUND ( 'NONE', #6823, .T. ) ;
#4562 = CIRCLE ( 'NONE', #2919, 3.175000000000000711 ) ;
#4563 = CARTESIAN_POINT ( 'NONE',  ( 2.056696380120322853, 6.899999999999997691, 3.049999999999999822 ) ) ;
#4564 = LINE ( 'NONE', #6706, #2450 ) ;
#4565 = EDGE_CURVE ( 'NONE', #6899, #1453, #8904, .T. ) ;
#4566 = EDGE_CURVE ( 'NONE', #2289, #4613, #8128, .T. ) ;
#4567 = CARTESIAN_POINT ( 'NONE',  ( -25.25000000000001066, 1.131370849898481135, 1.000000000000000000 ) ) ;
#4568 = DIRECTION ( 'NONE',  ( -0.7071067811865473507, 0.7071067811865477948, 0.000000000000000000 ) ) ;
#4569 = DIRECTION ( 'NONE',  ( -0.000000000000000000, -0.000000000000000000, -1.000000000000000000 ) ) ;
#4570 = ORIENTED_EDGE ( 'NONE', *, *, #4628, .F. ) ;
#4571 = ORIENTED_EDGE ( 'NONE', *, *, #1313, .T. ) ;
#4572 = LINE ( 'NONE', #202, #7821 ) ;
#4573 = DIRECTION ( 'NONE',  ( -0.000000000000000000, -0.000000000000000000, -1.000000000000000000 ) ) ;
#4574 = AXIS2_PLACEMENT_3D ( 'NONE', #6698, #2329, #4556 ) ;
#4575 = EDGE_CURVE ( 'NONE', #3006, #3882, #3188, .T. ) ;
#4577 = EDGE_CURVE ( 'NONE', #7176, #1546, #4682, .T. ) ;
#4576 = EDGE_CURVE ( 'NONE', #5537, #5213, #5287, .T. ) ;
#4578 = DIRECTION ( 'NONE',  ( -0.000000000000000000, -0.000000000000000000, -1.000000000000000000 ) ) ;
#4579 = DATE_TIME_ROLE ( 'classification_date' ) ;
#4580 = VERTEX_POINT ( 'NONE', #6031 ) ;
#4581 = DIRECTION ( 'NONE',  ( -0.000000000000000000, -0.000000000000000000, -1.000000000000000000 ) ) ;
#4582 = DIRECTION ( 'NONE',  ( 0.000000000000000000, 0.000000000000000000, 1.000000000000000000 ) ) ;
#4583 = EDGE_CURVE ( 'NONE', #923, #9175, #1036, .T. ) ;
#4584 = VERTEX_POINT ( 'NONE', #6719 ) ;
#4585 = LINE ( 'NONE', #2497, #5398 ) ;
#4586 = VERTEX_POINT ( 'NONE', #394 ) ;
#4587 = VERTEX_POINT ( 'NONE', #8866 ) ;
#4588 = LINE ( 'NONE', #7335, #7610 ) ;
#4589 = ORIENTED_EDGE ( 'NONE', *, *, #1747, .T. ) ;
#4590 = DIRECTION ( 'NONE',  ( -0.7071067811865482389, 0.7071067811865469066, 0.000000000000000000 ) ) ;
#4591 = LINE ( 'NONE', #6119, #191 ) ;
#4592 = CARTESIAN_POINT ( 'NONE',  ( 10.35731490781761899, 7.349571513238137399, 11.59778263506279927 ) ) ;
#4593 = DIRECTION ( 'NONE',  ( -0.7071067811865482389, -0.7071067811865469066, 0.000000000000000000 ) ) ;
#4594 = VERTEX_POINT ( 'NONE', #2749 ) ;
#4595 = DIRECTION ( 'NONE',  ( -0.000000000000000000, -0.000000000000000000, -1.000000000000000000 ) ) ;
#4596 = ORIENTED_EDGE ( 'NONE', *, *, #5196, .F. ) ;
#4597 = DIRECTION ( 'NONE',  ( 1.000000000000000000, 0.000000000000000000, 0.000000000000000000 ) ) ;
#4598 = VERTEX_POINT ( 'NONE', #6772 ) ;
#4599 = DIRECTION ( 'NONE',  ( 1.000000000000000000, 0.000000000000000000, 0.000000000000000000 ) ) ;
#4600 = CARTESIAN_POINT ( 'NONE',  ( -25.25000000000001066, 6.350000000000000533, -3.049999999999999822 ) ) ;
#4601 = CARTESIAN_POINT ( 'NONE',  ( 7.074630469014117296, 10.54704422572848088, 4.290679315531935600 ) ) ;
#4602 = CARTESIAN_POINT ( 'NONE',  ( 19.05000000000001137, -6.349999999999999645, 1.000000000000000000 ) ) ;
#4603 = PLANE ( 'NONE',  #3186 ) ;
#4604 = CARTESIAN_POINT ( 'NONE',  ( 16.47939620402574334, -4.486502985212279526, -2.286000000000000032 ) ) ;
#4605 = EDGE_LOOP ( 'NONE', ( #3039, #5767, #6356, #447, #8948, #6582, #2900, #6470, #6648, #572, #199, #9163, #5448, #4446, #3408, #5627, #9051, #152 ) ) ;
#4606 = ORIENTED_EDGE ( 'NONE', *, *, #993, .T. ) ;
#4607 = FACE_OUTER_BOUND ( 'NONE', #3357, .T. ) ;
#4608 = ADVANCED_FACE ( 'NONE', ( #3876 ), #2445, .T. ) ;
#4609 =( BOUNDED_CURVE ( )  B_SPLINE_CURVE ( 3, ( #6690, #227, #8826, #3753 ),
 .UNSPECIFIED., .F., .T. ) 
 B_SPLINE_CURVE_WITH_KNOTS ( ( 4, 4 ),
 ( 4.840734874276009236, 4.873437229494070877 ),
 .UNSPECIFIED. ) 
 CURVE ( )  GEOMETRIC_REPRESENTATION_ITEM ( )  RATIONAL_B_SPLINE_CURVE ( ( 1.000000000000000000, 0.9999108816491901752, 0.9999108816491901752, 1.000000000000000000 ) ) 
 REPRESENTATION_ITEM ( '' )  );
#4610 = DIRECTION ( 'NONE',  ( -0.000000000000000000, -0.000000000000000000, -1.000000000000000000 ) ) ;
#4611 = CARTESIAN_POINT ( 'NONE',  ( 20.88847763108504196, 7.481370849898480557, 2.286000000000000032 ) ) ;
#4612 = CARTESIAN_POINT ( 'NONE',  ( 16.47939620402574334, 4.486502985212279526, -1.000000000000000000 ) ) ;
#4613 = VERTEX_POINT ( 'NONE', #4668 ) ;
#4614 = VERTEX_POINT ( 'NONE', #4615 ) ;
#4615 = CARTESIAN_POINT ( 'NONE',  ( 15.10488494811827387, -1.697778166931715571, 2.286000000000000032 ) ) ;
#4616 = EDGE_CURVE ( 'NONE', #8211, #9203, #4077, .T. ) ;
#4618 = EDGE_CURVE ( 'NONE', #6992, #8583, #1718, .T. ) ;
#4617 = EDGE_CURVE ( 'NONE', #1953, #5682, #2157, .T. ) ;
#4619 = AXIS2_PLACEMENT_3D ( 'NONE', #1395, #7072, #6475 ) ;
#4620 = ORIENTED_EDGE ( 'NONE', *, *, #2409, .F. ) ;
#4621 = DIRECTION ( 'NONE',  ( -1.000000000000000000, 0.000000000000000000, 0.000000000000000000 ) ) ;
#4622 = ORIENTED_EDGE ( 'NONE', *, *, #6947, .F. ) ;
#4623 = ORIENTED_EDGE ( 'NONE', *, *, #2704, .F. ) ;
#4624 = LINE ( 'NONE', #1141, #6284 ) ;
#4625 = CARTESIAN_POINT ( 'NONE',  ( -14.91623517531649412, -2.923341956503029859, -1.000000000000000000 ) ) ;
#4626 = VECTOR ( 'NONE', #6793, 999.9999999999998863 ) ;
#4628 = EDGE_CURVE ( 'NONE', #1494, #6126, #5571, .T. ) ;
#4627 = ADVANCED_FACE ( 'NONE', ( #5365 ), #3969, .F. ) ;
#4629 = CARTESIAN_POINT ( 'NONE',  ( 10.53679841599596223, -7.089843379135039925, 4.484570918952095475 ) ) ;
#4630 = FACE_OUTER_BOUND ( 'NONE', #856, .T. ) ;
#4631 = DIRECTION ( 'NONE',  ( -0.000000000000000000, -0.000000000000000000, -1.000000000000000000 ) ) ;
#4632 = AXIS2_PLACEMENT_3D ( 'NONE', #7447, #6525, #5818 ) ;
#4633 = CARTESIAN_POINT ( 'NONE',  ( -7.242839005723416435, -10.17913218578974544, 12.75494800607208212 ) ) ;
#4634 = CARTESIAN_POINT ( 'NONE',  ( -20.18137084989848873, 4.511522368914975267, 2.286000000000000032 ) ) ;
#4635 = ORIENTED_EDGE ( 'NONE', *, *, #7686, .T. ) ;
#4636 = VECTOR ( 'NONE', #7694, 1000.000000000000000 ) ;
#4637 = CARTESIAN_POINT ( 'NONE',  ( -19.05000000000001137, 12.55000000000000071, -3.049999999999999822 ) ) ;
#4638 = EDGE_LOOP ( 'NONE', ( #8302, #7944, #2316, #3077 ) ) ;
#4639 = PLANE ( 'NONE',  #4819 ) ;
#4640 = VERTEX_POINT ( 'NONE', #5541 ) ;
#4641 = EDGE_CURVE ( 'NONE', #567, #8692, #8382, .T. ) ;
#4642 = CYLINDRICAL_SURFACE ( 'NONE', #6486, 3.175000000000007816 ) ;
#4643 = CARTESIAN_POINT ( 'NONE',  ( -7.338820554675519858, -10.36492705552103999, 11.30038463814558192 ) ) ;
#4644 = APPROVAL_PERSON_ORGANIZATION ( #7416, #4939, #8076 ) ;
#4645 = VECTOR ( 'NONE', #640, 1000.000000000000000 ) ;
#4646 = DIRECTION ( 'NONE',  ( -0.000000000000000000, -0.000000000000000000, -1.000000000000000000 ) ) ;
#4647 = LINE ( 'NONE', #3256, #8224 ) ;
#4648 = AXIS2_PLACEMENT_3D ( 'NONE', #3751, #171, #2317 ) ;
#4649 = CARTESIAN_POINT ( 'NONE',  ( -11.44336622548373050, 10.00446747355692523, 4.049999999999999822 ) ) ;
#4650 = CIRCLE ( 'NONE', #52, 3.175000000000000711 ) ;
#4651 = CARTESIAN_POINT ( 'NONE',  ( 19.05000000000001137, -6.349999999999999645, 2.286000000000000032 ) ) ;
#4652 = LINE ( 'NONE', #7498, #1643 ) ;
#4653 = ORIENTED_EDGE ( 'NONE', *, *, #6903, .T. ) ;
#4654 = DIRECTION ( 'NONE',  ( 0.7071067811865482389, -0.7071067811865469066, 0.000000000000000000 ) ) ;
#4655 = VECTOR ( 'NONE', #1188, 1000.000000000000000 ) ;
#4656 = EDGE_LOOP ( 'NONE', ( #3551, #3315, #2770, #4508, #6678, #6789, #6961, #2917 ) ) ;
#4657 = CARTESIAN_POINT ( 'NONE',  ( -9.019902330255138878, -12.23555549275322107, 8.230599130153674281 ) ) ;
#4658 = CARTESIAN_POINT ( 'NONE',  ( -19.05000000000001137, -11.55000000000000071, -2.286000000000000032 ) ) ;
#4659 = PLANE ( 'NONE',  #5867 ) ;
#4660 = VECTOR ( 'NONE', #2287, 1000.000000000000000 ) ;
#4661 = VECTOR ( 'NONE', #5005, 999.9999999999998863 ) ;
#4662 = CIRCLE ( 'NONE', #955, 5.200000000000000178 ) ;
#4663 = LINE ( 'NONE', #2664, #1811 ) ;
#4664 = CC_DESIGN_PERSON_AND_ORGANIZATION_ASSIGNMENT ( #5974, #8165, ( #2860 ) ) ;
#4665 = ORIENTED_EDGE ( 'NONE', *, *, #3885, .T. ) ;
#4666 = ORIENTED_EDGE ( 'NONE', *, *, #8906, .F. ) ;
#4667 = VECTOR ( 'NONE', #3347, 1000.000000000000000 ) ;
#4668 = CARTESIAN_POINT ( 'NONE',  ( -24.25000000000001066, -6.349999999999997868, -1.000000000000000000 ) ) ;
#4669 = VECTOR ( 'NONE', #1878, 1000.000000000000000 ) ;
#4670 = VECTOR ( 'NONE', #7246, 1000.000000000000114 ) ;
#4671 = ORIENTED_EDGE ( 'NONE', *, *, #144, .T. ) ;
#4672 = AXIS2_PLACEMENT_3D ( 'NONE', #7341, #361, #8141 ) ;
#4673 = EDGE_CURVE ( 'NONE', #6712, #6527, #1304, .T. ) ;
#4674 = EDGE_CURVE ( 'NONE', #7232, #7643, #7718, .T. ) ;
#4675 = LINE ( 'NONE', #1226, #1377 ) ;
#4676 = ORIENTED_EDGE ( 'NONE', *, *, #4242, .T. ) ;
#4677 = VERTEX_POINT ( 'NONE', #603 ) ;
#4678 = DIRECTION ( 'NONE',  ( 0.000000000000000000, -0.000000000000000000, -1.000000000000000000 ) ) ;
#4679 = PLANE ( 'NONE',  #3059 ) ;
#4680 = DIRECTION ( 'NONE',  ( -0.7071067811865479058, 0.7071067811865472397, 0.000000000000000000 ) ) ;
#4681 = PLANE ( 'NONE',  #6444 ) ;
#4682 = CIRCLE ( 'NONE', #5882, 13.64550602506190202 ) ;
#4683 = DIRECTION ( 'NONE',  ( 0.000000000000000000, 0.000000000000000000, -1.000000000000000000 ) ) ;
#4684 = CIRCLE ( 'NONE', #5887, 14.15633905709148266 ) ;
#4685 = EDGE_CURVE ( 'NONE', #4542, #8942, #4994, .T. ) ;
#4687 = EDGE_CURVE ( 'NONE', #3120, #7994, #7158, .T. ) ;
#4686 = EDGE_CURVE ( 'NONE', #1341, #6368, #1343, .T. ) ;
#4688 = DIRECTION ( 'NONE',  ( -1.000000000000000000, 0.000000000000000000, 0.000000000000000000 ) ) ;
#4689 = DIRECTION ( 'NONE',  ( 0.7071067811865474617, -0.7071067811865476838, 0.000000000000000000 ) ) ;
#4690 = ORIENTED_EDGE ( 'NONE', *, *, #6905, .F. ) ;
#4691 = VECTOR ( 'NONE', #3028, 1000.000000000000000 ) ;
#4692 = CARTESIAN_POINT ( 'NONE',  ( -8.575400865265715211, 12.55000000000000071, 1.000000000000000000 ) ) ;
#4693 = ORIENTED_EDGE ( 'NONE', *, *, #8730, .F. ) ;
#4694 = CARTESIAN_POINT ( 'NONE',  ( 17.18650298521229303, -8.920603795974265893, -1.000000000000000000 ) ) ;
#4695 = EDGE_LOOP ( 'NONE', ( #262, #1201, #1470, #1712, #6072, #3739, #8462, #5439, #499, #7514, #8985, #6924, #271, #1703, #6205, #4169, #4620, #6185 ) ) ;
#4696 = DIRECTION ( 'NONE',  ( -0.000000000000000000, -0.000000000000000000, -1.000000000000000000 ) ) ;
#4697 = DIRECTION ( 'NONE',  ( 0.7069990853988208368, 0.7069990853988276092, 0.01745240643728354982 ) ) ;
#4698 = LINE ( 'NONE', #9023, #9081 ) ;
#4699 = DIRECTION ( 'NONE',  ( 1.000000000000000000, 0.000000000000000000, -0.000000000000000000 ) ) ;
#4700 = AXIS2_PLACEMENT_3D ( 'NONE', #2232, #8514, #2891 ) ;
#4701 = EDGE_CURVE ( 'NONE', #99, #5036, #6520, .T. ) ;
#4702 = CARTESIAN_POINT ( 'NONE',  ( -19.05000000000001492, 14.89999999999999858, -3.049999999999999822 ) ) ;
#4703 = ORIENTED_EDGE ( 'NONE', *, *, #7572, .T. ) ;
#4704 = CARTESIAN_POINT ( 'NONE',  ( 0.000000000000000000, 0.000000000000000000, 14.55000000000000782 ) ) ;
#4705 = DIRECTION ( 'NONE',  ( -3.783957776634915868E-16, -1.000000000000000000, 0.000000000000000000 ) ) ;
#4706 = ORIENTED_EDGE ( 'NONE', *, *, #3143, .F. ) ;
#4707 = VECTOR ( 'NONE', #7615, 1000.000000000000114 ) ;
#4708 = DIRECTION ( 'NONE',  ( -0.000000000000000000, -0.000000000000000000, -1.000000000000000000 ) ) ;
#4709 = ORIENTED_EDGE ( 'NONE', *, *, #5658, .T. ) ;
#4710 = CARTESIAN_POINT ( 'NONE',  ( -9.283939713020972206, -12.03530071934191703, 15.75000000000000000 ) ) ;
#4711 = PLANE ( 'NONE',  #7595 ) ;
#4712 = CARTESIAN_POINT ( 'NONE',  ( 19.05000000000001137, 6.349999999999999645, -1.000000000000000000 ) ) ;
#4713 = CARTESIAN_POINT ( 'NONE',  ( 20.91349701478773326, 8.920603795974265893, 2.286000000000000032 ) ) ;
#4714 = ORIENTED_EDGE ( 'NONE', *, *, #8728, .T. ) ;
#4715 = B_SPLINE_CURVE_WITH_KNOTS ( 'NONE', 3,
 ( #2002, #7674, #597, #9111, #2043, #4876, #7713, #1337, #7012, #643, #782, #7153, #5021, #4224 ),
 .UNSPECIFIED., .F., .F.,
 ( 4, 2, 2, 2, 2, 2, 4 ),
 ( 0.000000000000000000, 0.0005768627563301531634, 0.0008652941344952300162, 0.001153725512660306761, 0.001442156890825383722, 0.001730588268990460466, 0.002307451025320612654 ),
 .UNSPECIFIED. ) ;
#4716 = ORIENTED_EDGE ( 'NONE', *, *, #1958, .F. ) ;
#4717 = ORIENTED_EDGE ( 'NONE', *, *, #4001, .F. ) ;
#4718 = CARTESIAN_POINT ( 'NONE',  ( 22.35636464127575707, -10.36347142246229325, 1.000000000000000000 ) ) ;
#4719 = ORIENTED_EDGE ( 'NONE', *, *, #147, .F. ) ;
#4720 = VERTEX_POINT ( 'NONE', #4229 ) ;
#4721 = PLANE ( 'NONE',  #7175 ) ;
#4722 = DIRECTION ( 'NONE',  ( 0.000000000000000000, 0.000000000000000000, -1.000000000000000000 ) ) ;
#4723 = CARTESIAN_POINT ( 'NONE',  ( -18.69644660940673830, 5.996446609406726580, -1.000000000000000000 ) ) ;
#4724 = CARTESIAN_POINT ( 'NONE',  ( -5.754974513648329904, -11.32123086714771354, 3.049999999999999822 ) ) ;
#4725 = DIRECTION ( 'NONE',  ( 0.000000000000000000, 0.000000000000000000, 1.000000000000000000 ) ) ;
#4726 = CARTESIAN_POINT ( 'NONE',  ( -19.05000000000001137, -12.55000000000000071, -3.049999999999999822 ) ) ;
#4727 = CARTESIAN_POINT ( 'NONE',  ( 19.05000000000001137, 6.349999999999999645, 2.286000000000000032 ) ) ;
#4728 = VERTEX_POINT ( 'NONE', #6416 ) ;
#4729 = FACE_OUTER_BOUND ( 'NONE', #6849, .T. ) ;
#4730 = ORIENTED_EDGE ( 'NONE', *, *, #8937, .T. ) ;
#4731 = DIRECTION ( 'NONE',  ( 0.7071067811865501263, -0.7071067811865449082, -0.000000000000000000 ) ) ;
#4732 = ORIENTED_EDGE ( 'NONE', *, *, #1844, .F. ) ;
#4733 = LINE ( 'NONE', #8284, #2627 ) ;
#4734 = DIRECTION ( 'NONE',  ( 1.000000000000000000, -3.783957776634915868E-16, 0.000000000000000000 ) ) ;
#4735 = CARTESIAN_POINT ( 'NONE',  ( -19.05000000000001137, 11.55000000000000071, 3.049999999999999822 ) ) ;
#4736 = ADVANCED_FACE ( 'NONE', ( #8515 ), #9207, .F. ) ;
#4737 = CARTESIAN_POINT ( 'NONE',  ( 12.56517810716670347, 8.553437378745833541, 3.524895799053000545 ) ) ;
#4739 = EDGE_CURVE ( 'NONE', #3837, #4314, #7866, .T. ) ;
#4738 = ADVANCED_FACE ( 'NONE', ( #2279 ), #5728, .F. ) ;
#4740 = CARTESIAN_POINT ( 'NONE',  ( 6.101568835857163364, 11.13973096447692868, 3.085193751742283386 ) ) ;
#4741 = DIRECTION ( 'NONE',  ( -4.553079989440435000E-17, -1.000000000000000000, 0.000000000000000000 ) ) ;
#4742 = VERTEX_POINT ( 'NONE', #5814 ) ;
#4743 = LINE ( 'NONE', #1203, #7942 ) ;
#4744 = DIRECTION ( 'NONE',  ( -0.000000000000000000, -1.000000000000000000, -0.000000000000000000 ) ) ;
#4745 = VERTEX_POINT ( 'NONE', #9165 ) ;
#4746 = CARTESIAN_POINT ( 'NONE',  ( -17.21152236891498788, -7.481370849898473452, -2.286000000000000032 ) ) ;
#4747 = ORIENTED_EDGE ( 'NONE', *, *, #6904, .T. ) ;
#4748 = PLANE ( 'NONE',  #2018 ) ;
#4749 = CARTESIAN_POINT ( 'NONE',  ( 0.000000000000000000, 0.000000000000000000, -3.049999999999999822 ) ) ;
#4751 = ADVANCED_FACE ( 'NONE', ( #3494 ), #4424, .F. ) ;
#4750 = EDGE_CURVE ( 'NONE', #1221, #3741, #8569, .T. ) ;
#4752 = LINE ( 'NONE', #6845, #6016 ) ;
#4753 = CARTESIAN_POINT ( 'NONE',  ( -19.05000000000001137, 6.349999999999999645, 3.049999999999999822 ) ) ;
#4754 = ORIENTED_EDGE ( 'NONE', *, *, #3310, .F. ) ;
#4755 = VERTEX_POINT ( 'NONE', #7910 ) ;
#4756 = ADVANCED_FACE ( 'NONE', ( #2835 ), #1536, .F. ) ;
#4757 = B_SPLINE_CURVE_WITH_KNOTS ( 'NONE', 3,
 ( #2291, #941, #3784, #3089, #5928, #2388, #5227, #338, #5322, #8159 ),
 .UNSPECIFIED., .F., .F.,
 ( 4, 2, 2, 2, 4 ),
 ( 0.000000000000000000, 0.0008803997311543660265, 0.001760799462308732053, 0.002641199193463098296, 0.003521598924617464106 ),
 .UNSPECIFIED. ) ;
#4758 = ORIENTED_EDGE ( 'NONE', *, *, #5946, .F. ) ;
#4759 = CARTESIAN_POINT ( 'NONE',  ( -22.35636464127575707, 10.36347142246229325, -1.000000000000000000 ) ) ;
#4760 = ORIENTED_EDGE ( 'NONE', *, *, #4348, .F. ) ;
#4761 = DIRECTION ( 'NONE',  ( -0.7071067811865473507, 0.7071067811865477948, -0.000000000000000000 ) ) ;
#4762 = DIRECTION ( 'NONE',  ( -1.000000000000000000, 0.000000000000000000, 0.000000000000000000 ) ) ;
#4763 = DIRECTION ( 'NONE',  ( -0.7071067811865472397, -0.7071067811865479058, 0.000000000000000000 ) ) ;
#4764 = DIRECTION ( 'NONE',  ( -0.000000000000000000, -0.000000000000000000, -1.000000000000000000 ) ) ;
#4765 = CARTESIAN_POINT ( 'NONE',  ( -19.05000000000001137, 6.349999999999999645, -2.286000000000000032 ) ) ;
#4766 = CARTESIAN_POINT ( 'NONE',  ( -8.878467164972226655, -12.33745902343460799, 4.289629682883673745 ) ) ;
#4767 = DIRECTION ( 'NONE',  ( -0.000000000000000000, -0.000000000000000000, -1.000000000000000000 ) ) ;
#4768 = ORIENTED_EDGE ( 'NONE', *, *, #4179, .F. ) ;
#4769 = CONICAL_SURFACE ( 'NONE', #760, 11.85355339059327662, 0.7853981633974531640 ) ;
#4770 = DIRECTION ( 'NONE',  ( -1.000000000000000000, 0.000000000000000000, 0.000000000000000000 ) ) ;
#4771 = EDGE_LOOP ( 'NONE', ( #6294, #5343, #5009, #4693 ) ) ;
#4772 = CARTESIAN_POINT ( 'NONE',  ( -22.22500000000001208, 6.349999999999999645, -1.000000000000000000 ) ) ;
#4773 = VERTEX_POINT ( 'NONE', #5029 ) ;
#4774 = LINE ( 'NONE', #4027, #4707 ) ;
#4775 = FACE_OUTER_BOUND ( 'NONE', #8793, .T. ) ;
#4776 = LINE ( 'NONE', #1992, #7342 ) ;
#4777 = DIRECTION ( 'NONE',  ( 1.000000000000000000, -3.783957776634915868E-16, 0.000000000000000000 ) ) ;
#4778 = DIRECTION ( 'NONE',  ( 0.7071067811865474617, -0.7071067811865474617, 0.000000000000000000 ) ) ;
#4779 = VECTOR ( 'NONE', #5971, 1000.000000000000000 ) ;
#4780 = AXIS2_PLACEMENT_3D ( 'NONE', #2719, #749, #2903 ) ;
#4781 = LINE ( 'NONE', #8369, #621 ) ;
#4782 = ORIENTED_EDGE ( 'NONE', *, *, #6634, .F. ) ;
#4783 = ADVANCED_FACE ( 'NONE', ( #2190 ), #7820, .F. ) ;
#4786 = ADVANCED_FACE ( 'NONE', ( #5128, #2939 ), #7214, .F. ) ;
#4785 = EDGE_CURVE ( 'NONE', #4720, #1942, #1443, .T. ) ;
#4784 = CARTESIAN_POINT ( 'NONE',  ( 9.881168959186965139, -11.54999999999999716, -3.049999999999999822 ) ) ;
#4787 = ORIENTED_EDGE ( 'NONE', *, *, #4443, .F. ) ;
#4788 = CARTESIAN_POINT ( 'NONE',  ( -19.05000000000001137, -6.349999999999999645, 1.000000000000000000 ) ) ;
#4789 = CIRCLE ( 'NONE', #4632, 3.175000000000007816 ) ;
#4790 = ORIENTED_EDGE ( 'NONE', *, *, #1120, .T. ) ;
#4791 = FACE_OUTER_BOUND ( 'NONE', #3661, .T. ) ;
#4792 = AXIS2_PLACEMENT_3D ( 'NONE', #4206, #4960, #5753 ) ;
#4793 = CARTESIAN_POINT ( 'NONE',  ( 0.8638577348518217125, -0.8638577348518301502, 15.75000000000000000 ) ) ;
#4794 = DIRECTION ( 'NONE',  ( -1.000000000000000000, 0.000000000000000000, 0.000000000000000000 ) ) ;
#4795 = AXIS2_PLACEMENT_3D ( 'NONE', #7698, #7741, #4821 ) ;
#4796 = B_SPLINE_CURVE_WITH_KNOTS ( 'NONE', 3,
 ( #7676, #3997, #9031, #6936, #8986, #6279, #1125, #2560, #4132, #4039, #3439, #515, #3356, #6801 ),
 .UNSPECIFIED., .F., .F.,
 ( 4, 2, 2, 2, 2, 2, 4 ),
 ( 0.000000000000000000, 0.0005802288128028163872, 0.0008703432192042256108, 0.001160457625605634943, 0.001450572032007043950, 0.001740686438408453173, 0.002320915251211273355 ),
 .UNSPECIFIED. ) ;
#4797 = LINE ( 'NONE', #7641, #4032 ) ;
#4798 = AXIS2_PLACEMENT_3D ( 'NONE', #2852, #2208, #5045 ) ;
#4799 = EDGE_CURVE ( 'NONE', #4356, #8820, #1394, .T. ) ;
#4801 = ADVANCED_FACE ( 'NONE', ( #7261 ), #672, .F. ) ;
#4800 = ADVANCED_FACE ( 'NONE', ( #2981 ), #7969, .F. ) ;
#4802 = ORIENTED_EDGE ( 'NONE', *, *, #3432, .F. ) ;
#4803 = VERTEX_POINT ( 'NONE', #5961 ) ;
#4804 = AXIS2_PLACEMENT_3D ( 'NONE', #9093, #8406, #2030 ) ;
#4805 = VECTOR ( 'NONE', #6721, 1000.000000000000114 ) ;
#4806 = AXIS2_PLACEMENT_3D ( 'NONE', #1524, #5759, #7805 ) ;
#4807 = B_SPLINE_CURVE_WITH_KNOTS ( 'NONE', 3,
 ( #5850, #8693, #311, #6650 ),
 .UNSPECIFIED., .F., .F.,
 ( 4, 4 ),
 ( 0.000000000000000000, 0.001715609112754638626 ),
 .UNSPECIFIED. ) ;
#4808 = CIRCLE ( 'NONE', #498, 5.200000000000000178 ) ;
#4809 = VERTEX_POINT ( 'NONE', #4600 ) ;
#4810 = ADVANCED_FACE ( 'NONE', ( #6750 ), #5349, .T. ) ;
#4811 = ORIENTED_EDGE ( 'NONE', *, *, #364, .T. ) ;
#4812 = CIRCLE ( 'NONE', #5557, 6.200000000000001066 ) ;
#4813 = AXIS2_PLACEMENT_3D ( 'NONE', #901, #1171, #7504 ) ;
#4814 = PLANE ( 'NONE',  #4345 ) ;
#4815 = FACE_OUTER_BOUND ( 'NONE', #8183, .T. ) ;
#4816 = CARTESIAN_POINT ( 'NONE',  ( -19.05000000000001137, -6.349999999999999645, 2.286000000000000032 ) ) ;
#4817 = DIRECTION ( 'NONE',  ( -0.000000000000000000, -0.000000000000000000, -1.000000000000000000 ) ) ;
#4818 = CARTESIAN_POINT ( 'NONE',  ( -19.05000000000001137, -11.54999999999999893, -1.000000000000000000 ) ) ;
#4819 = AXIS2_PLACEMENT_3D ( 'NONE', #6923, #9054, #6225 ) ;
#4820 = VECTOR ( 'NONE', #453, 1000.000000000000114 ) ;
#4821 = DIRECTION ( 'NONE',  ( -1.000000000000000000, 0.000000000000000000, 0.000000000000000000 ) ) ;
#4822 = LINE ( 'NONE', #5514, #8671 ) ;
#4823 = ORIENTED_EDGE ( 'NONE', *, *, #1315, .T. ) ;
#4824 = DIRECTION ( 'NONE',  ( 0.7071067811865434649, -0.7071067811865516806, 0.000000000000000000 ) ) ;
#4825 = ORIENTED_EDGE ( 'NONE', *, *, #2485, .T. ) ;
#4826 = CIRCLE ( 'NONE', #2902, 12.69999999999999929 ) ;
#4827 = CARTESIAN_POINT ( 'NONE',  ( 9.264706088826558883, 10.70360484075312968, 4.049999999999999822 ) ) ;
#4828 = VERTEX_POINT ( 'NONE', #1729 ) ;
#4829 = CARTESIAN_POINT ( 'NONE',  ( 19.05000000000001137, -12.55000000000000071, 1.000000000000000000 ) ) ;
#4830 = CARTESIAN_POINT ( 'NONE',  ( 19.05000000000001137, -6.349999999999999645, 2.286000000000000032 ) ) ;
#4831 = FACE_OUTER_BOUND ( 'NONE', #2987, .T. ) ;
#4832 = CARTESIAN_POINT ( 'NONE',  ( -4.341914580254012890, 14.56666666666665932, -3.049999999999999822 ) ) ;
#4833 = CARTESIAN_POINT ( 'NONE',  ( 24.25000000000001066, -1.545584412271583830, 3.049999999999999822 ) ) ;
#4834 = AXIS2_PLACEMENT_3D ( 'NONE', #6283, #5587, #9121 ) ;
#4835 = PLANE ( 'NONE',  #5545 ) ;
#4836 = VERTEX_POINT ( 'NONE', #8795 ) ;
#4837 = DIRECTION ( 'NONE',  ( 1.000000000000000000, 0.000000000000000000, 0.000000000000000000 ) ) ;
#4838 = EDGE_LOOP ( 'NONE', ( #7084, #2151, #9189, #5666, #9173, #5169, #4719, #3118, #2521 ) ) ;
#4839 = DIRECTION ( 'NONE',  ( 0.7071067811865474617, -0.7071067811865474617, 0.000000000000000000 ) ) ;
#4840 = EDGE_LOOP ( 'NONE', ( #3106, #5020, #2805, #612 ) ) ;
#4841 = DIRECTION ( 'NONE',  ( 0.000000000000000000, 1.000000000000000000, 0.000000000000000000 ) ) ;
#4842 = CARTESIAN_POINT ( 'NONE',  ( 15.10488494811827387, -1.697778166931715571, 3.049999999999999822 ) ) ;
#4843 = VECTOR ( 'NONE', #893, 1000.000000000000000 ) ;
#4844 = DIRECTION ( 'NONE',  ( 0.7071067811865514585, 0.7071067811865435759, 0.000000000000000000 ) ) ;
#4845 = LINE ( 'NONE', #6940, #9126 ) ;
#4846 = EDGE_CURVE ( 'NONE', #7468, #6262, #8056, .T. ) ;
#4847 = EDGE_CURVE ( 'NONE', #2017, #431, #3213, .T. ) ;
#4848 = DIRECTION ( 'NONE',  ( 1.000000000000000000, -3.783957776634915868E-16, 0.000000000000000000 ) ) ;
#4849 = VECTOR ( 'NONE', #1374, 1000.000000000000000 ) ;
#4850 = VERTEX_POINT ( 'NONE', #884 ) ;
#4851 = ORIENTED_EDGE ( 'NONE', *, *, #875, .T. ) ;
#4852 = EDGE_CURVE ( 'NONE', #7442, #6503, #3124, .T. ) ;
#4854 = ADVANCED_FACE ( 'NONE', ( #3861 ), #8885, .F. ) ;
#4853 = EDGE_CURVE ( 'NONE', #6972, #8509, #2014, .T. ) ;
#4855 = ORIENTED_EDGE ( 'NONE', *, *, #5538, .F. ) ;
#4856 = ORIENTED_EDGE ( 'NONE', *, *, #5899, .F. ) ;
#4857 = DIRECTION ( 'NONE',  ( 1.000000000000000000, -8.195543980992768948E-16, 0.000000000000000000 ) ) ;
#4858 = CARTESIAN_POINT ( 'NONE',  ( -8.553437378745949005, 12.56517810716662886, 3.524895799052998324 ) ) ;
#4859 = CARTESIAN_POINT ( 'NONE',  ( -8.919575393221810700, -10.55101945629020932, 11.85003372969181967 ) ) ;
#4860 = CARTESIAN_POINT ( 'NONE',  ( -14.91623517531649412, 2.923341956503026307, 3.049999999999999822 ) ) ;
#4861 = CARTESIAN_POINT ( 'NONE',  ( -4.974319496839457067, 7.725680503160488932, 15.75000000000000000 ) ) ;
#4862 = ADVANCED_FACE ( 'NONE', ( #4561 ), #2334, .T. ) ;
#4863 = LINE ( 'NONE', #1321, #1696 ) ;
#4864 = ORIENTED_EDGE ( 'NONE', *, *, #2885, .T. ) ;
#4865 = VERTEX_POINT ( 'NONE', #927 ) ;
#4866 = PLANE ( 'NONE',  #1413 ) ;
#4867 = ORIENTED_EDGE ( 'NONE', *, *, #7347, .T. ) ;
#4868 = FACE_OUTER_BOUND ( 'NONE', #3338, .T. ) ;
#4869 = DIRECTION ( 'NONE',  ( -0.000000000000000000, -0.000000000000000000, -1.000000000000000000 ) ) ;
#4870 = DIRECTION ( 'NONE',  ( -1.000000000000000000, 0.000000000000000000, 0.000000000000000000 ) ) ;
#4871 = LINE ( 'NONE', #8364, #2575 ) ;
#4872 = CARTESIAN_POINT ( 'NONE',  ( -12.38840778022569822, -8.807327582447220138, 4.012546888788365962 ) ) ;
#4873 = DIRECTION ( 'NONE',  ( 1.000000000000000000, 0.000000000000000000, 0.000000000000000000 ) ) ;
#4874 = CARTESIAN_POINT ( 'NONE',  ( 0.000000000000000000, 0.000000000000000000, 3.049999999999999822 ) ) ;
#4875 = ORIENTED_EDGE ( 'NONE', *, *, #2794, .T. ) ;
#4876 = CARTESIAN_POINT ( 'NONE',  ( -12.68801560545256812, 8.370241686043835116, 3.333604735625233850 ) ) ;
#4877 = ORIENTED_EDGE ( 'NONE', *, *, #8659, .T. ) ;
#4878 = CARTESIAN_POINT ( 'NONE',  ( 22.70441558772843749, 7.846913223363838341E-15, 3.049999999999999822 ) ) ;
#4879 = VERTEX_POINT ( 'NONE', #8844 ) ;
#4880 = DIRECTION ( 'NONE',  ( 1.000000000000000000, 0.000000000000000000, 0.000000000000000000 ) ) ;
#4881 = DIRECTION ( 'NONE',  ( 0.000000000000000000, 0.000000000000000000, 1.000000000000000000 ) ) ;
#4882 = DIRECTION ( 'NONE',  ( -0.000000000000000000, 0.000000000000000000, -1.000000000000000000 ) ) ;
#4883 = CARTESIAN_POINT ( 'NONE',  ( -23.06347142246230320, 9.656364641275745342, 3.049999999999999822 ) ) ;
#4884 = CARTESIAN_POINT ( 'NONE',  ( 0.000000000000000000, 0.000000000000000000, -1.000000000000000000 ) ) ;
#4885 = ORIENTED_EDGE ( 'NONE', *, *, #78, .T. ) ;
#4886 = ADVANCED_FACE ( 'NONE', ( #329 ), #242, .T. ) ;
#4887 = ORIENTED_EDGE ( 'NONE', *, *, #2630, .F. ) ;
#4888 = ORIENTED_EDGE ( 'NONE', *, *, #4618, .F. ) ;
#4889 = VECTOR ( 'NONE', #4744, 1000.000000000000000 ) ;
#4890 = ORIENTED_EDGE ( 'NONE', *, *, #7998, .T. ) ;
#4891 = PLANE ( 'NONE',  #61 ) ;
#4892 = EDGE_LOOP ( 'NONE', ( #2507, #6815, #746, #2996 ) ) ;
#4893 = ADVANCED_FACE ( 'NONE', ( #2513 ), #5310, .F. ) ;
#4894 = CARTESIAN_POINT ( 'NONE',  ( 19.05000000000001137, -6.349999999999999645, 2.286000000000000032 ) ) ;
#4896 = EDGE_CURVE ( 'NONE', #5972, #1741, #6163, .T. ) ;
#4895 = EDGE_CURVE ( 'NONE', #6224, #6002, #5175, .T. ) ;
#4897 = CARTESIAN_POINT ( 'NONE',  ( -8.807327582447387115, 12.38840778022558098, 4.012546888788385502 ) ) ;
#4898 = CARTESIAN_POINT ( 'NONE',  ( 8.370241686043961238, 12.68801560545248641, 3.333604735625235627 ) ) ;
#4899 =( BOUNDED_CURVE ( )  B_SPLINE_CURVE ( 3, ( #7254, #4458, #4554, #6552 ),
 .UNSPECIFIED., .F., .T. ) 
 B_SPLINE_CURVE_WITH_KNOTS ( ( 4, 4 ),
 ( 4.840734874276010125, 4.873437229494070877 ),
 .UNSPECIFIED. ) 
 CURVE ( )  GEOMETRIC_REPRESENTATION_ITEM ( )  RATIONAL_B_SPLINE_CURVE ( ( 1.000000000000000000, 0.9999108816491901752, 0.9999108816491901752, 1.000000000000000000 ) ) 
 REPRESENTATION_ITEM ( '' )  );
#4900 = LINE ( 'NONE', #7696, #490 ) ;
#4901 = EDGE_LOOP ( 'NONE', ( #2032, #8871, #5880, #7092 ) ) ;
#4902 = CARTESIAN_POINT ( 'NONE',  ( 11.32123086714778104, 5.754974513648199341, 3.049999999999999822 ) ) ;
#4903 = ORIENTED_EDGE ( 'NONE', *, *, #6393, .F. ) ;
#4904 = ORIENTED_EDGE ( 'NONE', *, *, #6286, .F. ) ;
#4905 = CARTESIAN_POINT ( 'NONE',  ( -20.18137084989849583, 8.188477631085028463, 2.286000000000000032 ) ) ;
#4907 = EDGE_CURVE ( 'NONE', #920, #2696, #6337, .T. ) ;
#4906 = EDGE_CURVE ( 'NONE', #2947, #5708, #1808, .T. ) ;
#4908 = ORIENTED_EDGE ( 'NONE', *, *, #2297, .T. ) ;
#4909 = B_SPLINE_CURVE_WITH_KNOTS ( 'NONE', 3,
 ( #7249, #2323, #5166, #1624, #4453, #7290, #3525, #1663, #4592, #5992 ),
 .UNSPECIFIED., .F., .F.,
 ( 4, 2, 2, 2, 4 ),
 ( 0.000000000000000000, 0.0008803997311543660265, 0.001760799462308732053, 0.002641199193463098296, 0.003521598924617464106 ),
 .UNSPECIFIED. ) ;
#4910 = VERTEX_POINT ( 'NONE', #287 ) ;
#4911 = PLANE ( 'NONE',  #2303 ) ;
#4912 = DIRECTION ( 'NONE',  ( 0.000000000000000000, 0.000000000000000000, 1.000000000000000000 ) ) ;
#4913 = CARTESIAN_POINT ( 'NONE',  ( -19.05000000000001137, 12.55000000000000071, 1.000000000000000000 ) ) ;
#4914 = DIRECTION ( 'NONE',  ( -0.000000000000000000, -0.000000000000000000, -1.000000000000000000 ) ) ;
#4915 = CARTESIAN_POINT ( 'NONE',  ( 17.21152236891498788, -7.481370849898473452, -2.286000000000000032 ) ) ;
#4916 = CARTESIAN_POINT ( 'NONE',  ( -8.919575398786777853, 10.55101945876465663, 11.85003360449440102 ) ) ;
#4917 = VECTOR ( 'NONE', #4610, 1000.000000000000000 ) ;
#4918 = CARTESIAN_POINT ( 'NONE',  ( 23.06347142246230320, 9.656364641275747118, -1.000000000000000000 ) ) ;
#4919 = ORIENTED_EDGE ( 'NONE', *, *, #7693, .F. ) ;
#4920 = DIRECTION ( 'NONE',  ( -0.000000000000000000, -0.000000000000000000, -1.000000000000000000 ) ) ;
#4921 = EDGE_CURVE ( 'NONE', #7267, #2959, #5289, .T. ) ;
#4922 = ORIENTED_EDGE ( 'NONE', *, *, #4048, .T. ) ;
#4923 = CARTESIAN_POINT ( 'NONE',  ( -19.05000000000001137, 11.55000000000000071, -3.049999999999999822 ) ) ;
#4924 = ORIENTED_EDGE ( 'NONE', *, *, #2493, .T. ) ;
#4925 = DIRECTION ( 'NONE',  ( -0.000000000000000000, -0.000000000000000000, -1.000000000000000000 ) ) ;
#4926 = DIRECTION ( 'NONE',  ( -1.000000000000000000, 0.000000000000000000, 0.000000000000000000 ) ) ;
#4927 = VECTOR ( 'NONE', #6406, 1000.000000000000000 ) ;
#4928 = CARTESIAN_POINT ( 'NONE',  ( 20.88847763108503841, -7.481370849898481445, 2.286000000000000032 ) ) ;
#4929 = CYLINDRICAL_SURFACE ( 'NONE', #1250, 3.175000000000000711 ) ;
#4930 = DIRECTION ( 'NONE',  ( -0.000000000000000000, -0.000000000000000000, -1.000000000000000000 ) ) ;
#4931 = VECTOR ( 'NONE', #3727, 1000.000000000000000 ) ;
#4932 = DIRECTION ( 'NONE',  ( -1.000000000000000000, 0.000000000000000000, 0.000000000000000000 ) ) ;
#4933 = VERTEX_POINT ( 'NONE', #6791 ) ;
#4934 = VECTOR ( 'NONE', #4495, 1000.000000000000000 ) ;
#4935 = ORIENTED_EDGE ( 'NONE', *, *, #1216, .F. ) ;
#4936 = ORIENTED_EDGE ( 'NONE', *, *, #8830, .T. ) ;
#4937 = APPROVAL_PERSON_ORGANIZATION ( #6581, #1190, #2392 ) ;
#4938 = AXIS2_PLACEMENT_3D ( 'NONE', #1106, #3941, #4688 ) ;
#4939 = APPROVAL ( #3790, 'UNSPECIFIED' ) ;
#4940 = AXIS2_PLACEMENT_3D ( 'NONE', #7196, #2262, #7142 ) ;
#4941 = FACE_OUTER_BOUND ( 'NONE', #6234, .T. ) ;
#4942 = ORIENTED_EDGE ( 'NONE', *, *, #3101, .F. ) ;
#4943 = CARTESIAN_POINT ( 'NONE',  ( -2.783128176749749549, 2.783128176749758875, 4.549999999999999822 ) ) ;
#4944 = ORIENTED_EDGE ( 'NONE', *, *, #7869, .T. ) ;
#4945 = CIRCLE ( 'NONE', #5259, 15.19999999999999751 ) ;
#4946 = CARTESIAN_POINT ( 'NONE',  ( -20.18137084989848873, 4.511522368914975267, 2.286000000000000032 ) ) ;
#4947 = VECTOR ( 'NONE', #6538, 1000.000000000000000 ) ;
#4948 = CARTESIAN_POINT ( 'NONE',  ( -8.740658201038639774, 12.43553620421364592, 3.837055706003876132 ) ) ;
#4949 = VECTOR ( 'NONE', #8964, 1000.000000000000000 ) ;
#4950 = CARTESIAN_POINT ( 'NONE',  ( -25.25000000000001066, -6.349999999999999645, 1.000000000000000000 ) ) ;
#4951 = CARTESIAN_POINT ( 'NONE',  ( 25.04644660940673973, 0.3535533905932603527, 1.000000000000000000 ) ) ;
#4952 = VECTOR ( 'NONE', #8625, 1000.000000000000000 ) ;
#4953 = EDGE_CURVE ( 'NONE', #7108, #4447, #7372, .T. ) ;
#4954 = ADVANCED_FACE ( 'NONE', ( #3989 ), #1905, .T. ) ;
#4955 = AXIS2_PLACEMENT_3D ( 'NONE', #1765, #4505, #4597 ) ;
#4956 = VERTEX_POINT ( 'NONE', #9102 ) ;
#4957 = DIRECTION ( 'NONE',  ( 0.000000000000000000, 0.000000000000000000, 1.000000000000000000 ) ) ;
#4958 = ORIENTED_EDGE ( 'NONE', *, *, #426, .T. ) ;
#4959 = ORIENTED_EDGE ( 'NONE', *, *, #8728, .F. ) ;
#4960 = DIRECTION ( 'NONE',  ( 0.7071067811865474617, -0.7071067811865476838, 0.000000000000000000 ) ) ;
#4961 = VERTEX_POINT ( 'NONE', #5524 ) ;
#4962 = VERTEX_POINT ( 'NONE', #8285 ) ;
#4963 = DIRECTION ( 'NONE',  ( -0.000000000000000000, -0.000000000000000000, -1.000000000000000000 ) ) ;
#4964 =( BOUNDED_CURVE ( )  B_SPLINE_CURVE ( 3, ( #1632, #5214, #4421, #2331 ),
 .UNSPECIFIED., .F., .T. ) 
 B_SPLINE_CURVE_WITH_KNOTS ( ( 4, 4 ),
 ( 1.637784248836729128, 1.651256753668530530 ),
 .UNSPECIFIED. ) 
 CURVE ( )  GEOMETRIC_REPRESENTATION_ITEM ( )  RATIONAL_B_SPLINE_CURVE ( ( 1.000000000000000000, 0.9999848743583262811, 0.9999848743583262811, 1.000000000000000000 ) ) 
 REPRESENTATION_ITEM ( '' )  );
#4965 = CARTESIAN_POINT ( 'NONE',  ( 25.25000000000001066, -1.131370849898488018, 3.049999999999999822 ) ) ;
#4966 = CARTESIAN_POINT ( 'NONE',  ( -14.55710678118654933, -11.54999999999999893, -1.000000000000000000 ) ) ;
#4967 = DIRECTION ( 'NONE',  ( 0.000000000000000000, 0.000000000000000000, 1.000000000000000000 ) ) ;
#4968 = AXIS2_PLACEMENT_3D ( 'NONE', #1931, #6213, #4762 ) ;
#4969 = CONICAL_SURFACE ( 'NONE', #7352, 14.19999999999999751, 0.04363323129985833410 ) ;
#4970 = DIRECTION ( 'NONE',  ( 1.000000000000000000, 0.000000000000000000, 0.000000000000000000 ) ) ;
#4971 = FACE_OUTER_BOUND ( 'NONE', #1650, .T. ) ;
#4972 = B_SPLINE_CURVE_WITH_KNOTS ( 'NONE', 3,
 ( #366, #2543, #3284, #6220, #4633, #9049, #6178, #8142, #1761, #1187 ),
 .UNSPECIFIED., .F., .F.,
 ( 4, 2, 2, 2, 4 ),
 ( 4.405651225503173263E-17, 0.0008803669562398608881, 0.001760733912479677758, 0.002641100868719494735, 0.003521467824959311713 ),
 .UNSPECIFIED. ) ;
#4973 = EDGE_CURVE ( 'NONE', #6516, #6168, #3292, .T. ) ;
#4975 = EDGE_CURVE ( 'NONE', #4742, #6074, #1863, .T. ) ;
#4974 = EDGE_CURVE ( 'NONE', #240, #2318, #7512, .T. ) ;
#4976 = CARTESIAN_POINT ( 'NONE',  ( -14.91623517531649412, 2.923341956503026307, -1.000000000000000000 ) ) ;
#4977 = ORIENTED_EDGE ( 'NONE', *, *, #7809, .T. ) ;
#4978 = AXIS2_PLACEMENT_3D ( 'NONE', #829, #1621, #8739 ) ;
#4979 = VECTOR ( 'NONE', #7670, 1000.000000000000000 ) ;
#4980 = PLANE ( 'NONE',  #600 ) ;
#4981 = EDGE_LOOP ( 'NONE', ( #238, #4052, #4690, #1690 ) ) ;
#4982 = CARTESIAN_POINT ( 'NONE',  ( 20.88847763108503486, 5.218629150101524061, -2.286000000000000032 ) ) ;
#4983 = ORIENTED_EDGE ( 'NONE', *, *, #4056, .F. ) ;
#4984 = LINE ( 'NONE', #9164, #8570 ) ;
#4985 = DIRECTION ( 'NONE',  ( 0.7071067811865516806, 0.7071067811865434649, -0.000000000000000000 ) ) ;
#4986 = DIRECTION ( 'NONE',  ( 0.000000000000000000, 0.000000000000000000, 1.000000000000000000 ) ) ;
#4987 = CARTESIAN_POINT ( 'NONE',  ( 4.341914580254011113, -14.56666666666664867, 3.049999999999999822 ) ) ;
#4988 = AXIS2_PLACEMENT_3D ( 'NONE', #5894, #8727, #1609 ) ;
#4989 = EDGE_CURVE ( 'NONE', #5296, #6131, #2164, .T. ) ;
#4990 = CARTESIAN_POINT ( 'NONE',  ( -24.25000000000001066, -1.545584412271577612, 3.049999999999999822 ) ) ;
#4991 = CARTESIAN_POINT ( 'NONE',  ( 7.034730170956522421, 9.920276718751539491, 13.57681041698345048 ) ) ;
#4992 = CARTESIAN_POINT ( 'NONE',  ( 6.554556843943935007, -10.87817096277096418, 3.330632831706438868 ) ) ;
#4993 = ORIENTED_EDGE ( 'NONE', *, *, #570, .F. ) ;
#4994 = CIRCLE ( 'NONE', #4834, 15.19999999999998863 ) ;
#4995 = VERTEX_POINT ( 'NONE', #552 ) ;
#4996 = ORIENTED_EDGE ( 'NONE', *, *, #4283, .F. ) ;
#4997 = VECTOR ( 'NONE', #2617, 1000.000000000000000 ) ;
#4998 = LINE ( 'NONE', #5041, #6295 ) ;
#4999 = ORIENTED_EDGE ( 'NONE', *, *, #5995, .T. ) ;
#5000 = ORIENTED_EDGE ( 'NONE', *, *, #3539, .T. ) ;
#5001 = FACE_OUTER_BOUND ( 'NONE', #7988, .T. ) ;
#5002 = VECTOR ( 'NONE', #7260, 1000.000000000000000 ) ;
#5003 = CARTESIAN_POINT ( 'NONE',  ( 16.47939620402574334, 8.213497014787719763, 2.286000000000000032 ) ) ;
#5004 = FACE_OUTER_BOUND ( 'NONE', #5372, .T. ) ;
#5005 = DIRECTION ( 'NONE',  ( 0.7071067811865472397, -0.7071067811865479058, -0.000000000000000000 ) ) ;
#5006 = ORIENTED_EDGE ( 'NONE', *, *, #6573, .F. ) ;
#5007 = CARTESIAN_POINT ( 'NONE',  ( -19.05000000000001137, -6.349999999999999645, 2.286000000000000032 ) ) ;
#5008 = ORIENTED_EDGE ( 'NONE', *, *, #8398, .F. ) ;
#5009 = ORIENTED_EDGE ( 'NONE', *, *, #8610, .T. ) ;
#5010 = CARTESIAN_POINT ( 'NONE',  ( -17.91862915010153401, 4.511522368914976155, 2.286000000000000032 ) ) ;
#5011 = EDGE_LOOP ( 'NONE', ( #128, #3145, #4747, #2747, #4303 ) ) ;
#5012 = ORIENTED_EDGE ( 'NONE', *, *, #1922, .T. ) ;
#5013 = DIRECTION ( 'NONE',  ( -0.7071067811865479058, 0.7071067811865472397, 0.000000000000000000 ) ) ;
#5014 = ADVANCED_FACE ( 'NONE', ( #4775 ), #9021, .T. ) ;
#5015 = LINE ( 'NONE', #1472, #4103 ) ;
#5016 = LINE ( 'NONE', #2176, #6636 ) ;
#5017 = CARTESIAN_POINT ( 'NONE',  ( 12.33241833471674198, -8.885463297855791254, 4.484570918951956031 ) ) ;
#5018 = PLANE ( 'NONE',  #7359 ) ;
#5019 = CARTESIAN_POINT ( 'NONE',  ( 19.05000000000001137, -6.349999999999999645, 2.286000000000000032 ) ) ;
#5020 = ORIENTED_EDGE ( 'NONE', *, *, #310, .T. ) ;
#5021 = CARTESIAN_POINT ( 'NONE',  ( -12.33745902343472345, 8.878467164972070336, 4.289629682883673745 ) ) ;
#5022 = ORIENTED_EDGE ( 'NONE', *, *, #7185, .T. ) ;
#5023 = CARTESIAN_POINT ( 'NONE',  ( -16.47939620402575045, 4.486502985212284855, 2.286000000000000032 ) ) ;
#5024 = EDGE_CURVE ( 'NONE', #756, #2872, #7489, .T. ) ;
#5025 = VERTEX_POINT ( 'NONE', #3950 ) ;
#5027 = ADVANCED_FACE ( 'NONE', ( #9057 ), #2684, .T. ) ;
#5026 = EDGE_CURVE ( 'NONE', #5492, #7643, #5484, .T. ) ;
#5028 = CARTESIAN_POINT ( 'NONE',  ( -25.04644660940673973, 0.3535533905932603527, -1.000000000000000000 ) ) ;
#5029 = CARTESIAN_POINT ( 'NONE',  ( 2.056696380120323298, 14.89999999999999680, -3.049999999999999822 ) ) ;
#5030 = DIRECTION ( 'NONE',  ( 0.000000000000000000, 0.000000000000000000, 1.000000000000000000 ) ) ;
#5031 = DIRECTION ( 'NONE',  ( -0.000000000000000000, -0.000000000000000000, 1.000000000000000000 ) ) ;
#5032 = DIRECTION ( 'NONE',  ( 0.7071067811865475727, 0.7071067811865475727, 0.000000000000000000 ) ) ;
#5033 = LINE ( 'NONE', #7870, #3463 ) ;
#5034 = CARTESIAN_POINT ( 'NONE',  ( 6.412546621332739782, -10.96248442393418898, 3.229968010100368048 ) ) ;
#5035 = ORIENTED_EDGE ( 'NONE', *, *, #1265, .F. ) ;
#5036 = VERTEX_POINT ( 'NONE', #8924 ) ;
#5038 = EDGE_CURVE ( 'NONE', #1434, #5226, #6426, .T. ) ;
#5037 = EDGE_CURVE ( 'NONE', #1534, #1555, #2604, .T. ) ;
#5039 = VERTEX_POINT ( 'NONE', #3346 ) ;
#5040 = CARTESIAN_POINT ( 'NONE',  ( 11.32123086714778637, -5.754974513648186019, 3.049999999999999822 ) ) ;
#5041 = CARTESIAN_POINT ( 'NONE',  ( 17.18650298521228947, 3.779396204025732953, 2.286000000000000032 ) ) ;
#5042 = ORIENTED_EDGE ( 'NONE', *, *, #8542, .T. ) ;
#5043 = PERSON_AND_ORGANIZATION_ROLE ( 'design_owner' ) ;
#5044 = ORIENTED_EDGE ( 'NONE', *, *, #3712, .T. ) ;
#5045 = DIRECTION ( 'NONE',  ( 0.000000000000000000, 0.000000000000000000, 1.000000000000000000 ) ) ;
#5046 = EDGE_CURVE ( 'NONE', #7531, #8021, #6188, .T. ) ;
#5047 = DIRECTION ( 'NONE',  ( 1.000000000000000000, 0.000000000000000000, 0.000000000000000000 ) ) ;
#5048 = CARTESIAN_POINT ( 'NONE',  ( -19.05000000000001137, 6.349999999999999645, 2.286000000000000032 ) ) ;
#5049 = CARTESIAN_POINT ( 'NONE',  ( 16.95000000000000284, -6.349999999999999645, 1.000000000000000000 ) ) ;
#5050 = ORIENTED_EDGE ( 'NONE', *, *, #6455, .T. ) ;
#5051 = CARTESIAN_POINT ( 'NONE',  ( -25.25000000000001066, -6.349999999999998757, 3.049999999999999822 ) ) ;
#5052 = ORIENTED_EDGE ( 'NONE', *, *, #1206, .T. ) ;
#5053 = ORIENTED_EDGE ( 'NONE', *, *, #3202, .F. ) ;
#5054 = VECTOR ( 'NONE', #707, 1000.000000000000000 ) ;
#5055 = CARTESIAN_POINT ( 'NONE',  ( -17.21152236891498788, 7.481370849898475228, -2.286000000000000032 ) ) ;
#5056 = VERTEX_POINT ( 'NONE', #2221 ) ;
#5057 = ORIENTED_EDGE ( 'NONE', *, *, #6960, .T. ) ;
#5058 = CARTESIAN_POINT ( 'NONE',  ( -19.05000000000001137, 6.349999999999999645, 2.286000000000000032 ) ) ;
#5059 = DIRECTION ( 'NONE',  ( 0.000000000000000000, 0.000000000000000000, 1.000000000000000000 ) ) ;
#5060 = CARTESIAN_POINT ( 'NONE',  ( -25.25000000000001066, -6.349999999999999645, 1.000000000000000000 ) ) ;
#5061 = CARTESIAN_POINT ( 'NONE',  ( 12.82382444988731329, -8.160742877681228080, 3.189433621072517155 ) ) ;
#5062 = CARTESIAN_POINT ( 'NONE',  ( -8.575400865265715211, -12.55000000000000071, 1.000000000000000000 ) ) ;
#5063 = CARTESIAN_POINT ( 'NONE',  ( -7.725680503160544887, 4.974319496839369137, 15.75000000000000000 ) ) ;
#5064 = ORIENTED_EDGE ( 'NONE', *, *, #3547, .T. ) ;
#5065 = CARTESIAN_POINT ( 'NONE',  ( -19.05000000000001137, 11.55000000000000071, -1.000000000000000000 ) ) ;
#5066 = VERTEX_POINT ( 'NONE', #4360 ) ;
#5067 = DIRECTION ( 'NONE',  ( -0.000000000000000000, -0.000000000000000000, -1.000000000000000000 ) ) ;
#5068 = B_SPLINE_CURVE_WITH_KNOTS ( 'NONE', 3,
 ( #5134, #4060, #8471, #3369, #1401, #9172, #4991, #4236, #7076, #247 ),
 .UNSPECIFIED., .F., .F.,
 ( 4, 2, 2, 2, 4 ),
 ( 2.459394992999530923E-17, 0.0008803669562398467935, 0.001760733912479668867, 0.002641100868719491266, 0.003521467824959313448 ),
 .UNSPECIFIED. ) ;
#5069 = ORIENTED_EDGE ( 'NONE', *, *, #8773, .F. ) ;
#5070 = CARTESIAN_POINT ( 'NONE',  ( -21.15000000000001279, -6.349999999999999645, 2.286000000000000032 ) ) ;
#5071 = CARTESIAN_POINT ( 'NONE',  ( 13.14289321881345529, -11.54999999999999893, 3.049999999999999822 ) ) ;
#5072 = FACE_OUTER_BOUND ( 'NONE', #5679, .T. ) ;
#5073 = FACE_OUTER_BOUND ( 'NONE', #6842, .T. ) ;
#5074 = VECTOR ( 'NONE', #330, 999.9999999999998863 ) ;
#5075 = ADVANCED_FACE ( 'NONE', ( #7750 ), #3476, .F. ) ;
#5077 = ADVANCED_FACE ( 'NONE', ( #6318 ), #9195, .T. ) ;
#5076 = ADVANCED_FACE ( 'NONE', ( #1331 ), #831, .F. ) ;
#5078 = CARTESIAN_POINT ( 'NONE',  ( 19.05000000000001137, 12.55000000000000071, -3.049999999999999822 ) ) ;
#5079 = CARTESIAN_POINT ( 'NONE',  ( -20.91349701478772616, -3.779396204025738726, 1.000000000000000000 ) ) ;
#5080 = EDGE_LOOP ( 'NONE', ( #373, #5180, #3137, #7874, #5893, #1885 ) ) ;
#5081 = ORIENTED_EDGE ( 'NONE', *, *, #634, .F. ) ;
#5082 = CIRCLE ( 'NONE', #1351, 12.69999999999999929 ) ;
#5083 = ORIENTED_EDGE ( 'NONE', *, *, #5701, .F. ) ;
#5084 = ORIENTED_EDGE ( 'NONE', *, *, #2425, .T. ) ;
#5085 = CARTESIAN_POINT ( 'NONE',  ( -19.05000000000001137, -6.349999999999999645, 2.286000000000000032 ) ) ;
#5086 = CIRCLE ( 'NONE', #7164, 3.175000000000007816 ) ;
#5087 = EDGE_CURVE ( 'NONE', #6429, #3040, #2823, .T. ) ;
#5089 = EDGE_CURVE ( 'NONE', #8547, #4006, #5016, .T. ) ;
#5088 = EDGE_CURVE ( 'NONE', #964, #6036, #8454, .T. ) ;
#5090 = LINE ( 'NONE', #5831, #2883 ) ;
#5091 = VERTEX_POINT ( 'NONE', #3524 ) ;
#5092 = VECTOR ( 'NONE', #6764, 1000.000000000000000 ) ;
#5093 = DIRECTION ( 'NONE',  ( 0.7071067811865476838, -0.7071067811865474617, 0.000000000000000000 ) ) ;
#5094 = VERTEX_POINT ( 'NONE', #7100 ) ;
#5095 = CYLINDRICAL_SURFACE ( 'NONE', #1833, 5.200000000000000178 ) ;
#5096 = DIRECTION ( 'NONE',  ( -0.7071067811865513475, 0.7071067811865436870, 0.000000000000000000 ) ) ;
#5097 = VECTOR ( 'NONE', #2725, 1000.000000000000000 ) ;
#5098 = DIRECTION ( 'NONE',  ( 0.000000000000000000, 0.000000000000000000, -1.000000000000000000 ) ) ;
#5099 = DIRECTION ( 'NONE',  ( 0.7071067811865472397, -0.7071067811865479058, -0.000000000000000000 ) ) ;
#5100 = ADVANCED_FACE ( 'NONE', ( #6507 ), #2875, .T. ) ;
#5101 = VECTOR ( 'NONE', #2916, 1000.000000000000000 ) ;
#5102 = ORIENTED_EDGE ( 'NONE', *, *, #8289, .T. ) ;
#5103 = DIRECTION ( 'NONE',  ( 0.000000000000000000, 0.000000000000000000, 1.000000000000000000 ) ) ;
#5104 = ORIENTED_EDGE ( 'NONE', *, *, #2349, .T. ) ;
#5105 = VERTEX_POINT ( 'NONE', #3568 ) ;
#5106 = AXIS2_PLACEMENT_3D ( 'NONE', #9012, #6125, #7608 ) ;
#5107 = CARTESIAN_POINT ( 'NONE',  ( 10.33092136583382192, -7.341271514852133251, 11.89081495460110460 ) ) ;
#5108 = ORIENTED_EDGE ( 'NONE', *, *, #3896, .T. ) ;
#5109 = VERTEX_POINT ( 'NONE', #3619 ) ;
#5110 = CARTESIAN_POINT ( 'NONE',  ( 7.338820554675499430, -10.36492705552105953, 11.30038463814561567 ) ) ;
#5111 = DIRECTION ( 'NONE',  ( -0.7071067811865477948, -0.7071067811865473507, 0.000000000000000000 ) ) ;
#5112 = DIRECTION ( 'NONE',  ( 0.000000000000000000, 0.000000000000000000, -1.000000000000000000 ) ) ;
#5113 = PLANE ( 'NONE',  #6897 ) ;
#5114 = AXIS2_PLACEMENT_3D ( 'NONE', #6073, #3542, #7219 ) ;
#5115 = DIRECTION ( 'NONE',  ( 0.7071067811865436870, 0.7071067811865514585, 0.000000000000000000 ) ) ;
#5116 = AXIS2_PLACEMENT_3D ( 'NONE', #7605, #1282, #1186 ) ;
#5117 = AXIS2_PLACEMENT_3D ( 'NONE', #6913, #1144, #3332 ) ;
#5118 = DIRECTION ( 'NONE',  ( -0.7071067811865510144, 0.7071067811865441310, -0.000000000000000000 ) ) ;
#5119 = VERTEX_POINT ( 'NONE', #6460 ) ;
#5120 = VECTOR ( 'NONE', #1914, 1000.000000000000000 ) ;
#5121 = FACE_OUTER_BOUND ( 'NONE', #2833, .T. ) ;
#5122 = ORIENTED_EDGE ( 'NONE', *, *, #4151, .T. ) ;
#5123 = AXIS2_PLACEMENT_3D ( 'NONE', #2936, #7907, #1480 ) ;
#5124 = CARTESIAN_POINT ( 'NONE',  ( -10.96135876641053741, 6.416491425511640756, 3.222038651699631551 ) ) ;
#5125 = CIRCLE ( 'NONE', #1102, 5.200000000000000178 ) ;
#5126 = ORIENTED_EDGE ( 'NONE', *, *, #1438, .T. ) ;
#5127 = CARTESIAN_POINT ( 'NONE',  ( -19.05000000000001137, 6.349999999999999645, 1.000000000000000000 ) ) ;
#5128 = FACE_BOUND ( 'NONE', #8472, .T. ) ;
#5129 = LINE ( 'NONE', #885, #5074 ) ;
#5130 = DIRECTION ( 'NONE',  ( -0.7071067811865434649, 0.7071067811865516806, 0.000000000000000000 ) ) ;
#5131 = CONICAL_SURFACE ( 'NONE', #4530, 14.20000000000000639, 0.04363323129985833410 ) ;
#5132 = CIRCLE ( 'NONE', #5419, 12.69999999999999929 ) ;
#5133 = DIRECTION ( 'NONE',  ( 0.000000000000000000, 0.000000000000000000, 1.000000000000000000 ) ) ;
#5134 = CARTESIAN_POINT ( 'NONE',  ( 7.338820554675495877, 10.36492705552106131, 11.30038463814560323 ) ) ;
#5135 = CARTESIAN_POINT ( 'NONE',  ( 6.896393172669167626, -10.66457197574896121, 3.748308195063470905 ) ) ;
#5136 = EDGE_LOOP ( 'NONE', ( #8077, #4732, #2098, #516 ) ) ;
#5137 = ORIENTED_EDGE ( 'NONE', *, *, #5368, .T. ) ;
#5138 = DIRECTION ( 'NONE',  ( 0.000000000000000000, 0.000000000000000000, 1.000000000000000000 ) ) ;
#5139 = AXIS2_PLACEMENT_3D ( 'NONE', #2307, #1705, #5096 ) ;
#5140 = DIRECTION ( 'NONE',  ( 0.000000000000000000, 0.000000000000000000, 1.000000000000000000 ) ) ;
#5141 = DIRECTION ( 'NONE',  ( 1.000000000000000000, 0.000000000000000000, -0.000000000000000000 ) ) ;
#5142 = VECTOR ( 'NONE', #6965, 1000.000000000000114 ) ;
#5143 = ORIENTED_EDGE ( 'NONE', *, *, #1089, .F. ) ;
#5144 = APPROVAL_DATE_TIME ( #947, #1190 ) ;
#5145 = ORIENTED_EDGE ( 'NONE', *, *, #8009, .F. ) ;
#5146 = DIRECTION ( 'NONE',  ( -1.000000000000000000, 0.000000000000000000, 0.000000000000000000 ) ) ;
#5147 = ORIENTED_EDGE ( 'NONE', *, *, #411, .T. ) ;
#5148 = CARTESIAN_POINT ( 'NONE',  ( 0.000000000000000000, 0.000000000000000000, 11.30038463814563343 ) ) ;
#5149 = EDGE_CURVE ( 'NONE', #7269, #3370, #7222, .T. ) ;
#5151 = ADVANCED_FACE ( 'NONE', ( #7854 ), #4308, .T. ) ;
#5150 = EDGE_CURVE ( 'NONE', #1642, #771, #7827, .T. ) ;
#5152 = FACE_OUTER_BOUND ( 'NONE', #7295, .T. ) ;
#5153 = VECTOR ( 'NONE', #176, 1000.000000000000000 ) ;
#5154 = LINE ( 'NONE', #7939, #6751 ) ;
#5155 = VERTEX_POINT ( 'NONE', #729 ) ;
#5156 = DIRECTION ( 'NONE',  ( -0.7071067811865514585, -0.7071067811865435759, 0.000000000000000000 ) ) ;
#5157 = ORIENTED_EDGE ( 'NONE', *, *, #5451, .F. ) ;
#5158 = VERTEX_POINT ( 'NONE', #2925 ) ;
#5159 = AXIS2_PLACEMENT_3D ( 'NONE', #7488, #4696, #6790 ) ;
#5160 = DIRECTION ( 'NONE',  ( 1.000000000000000000, 0.000000000000000000, 0.000000000000000000 ) ) ;
#5161 = ORIENTED_EDGE ( 'NONE', *, *, #3874, .F. ) ;
#5162 = CARTESIAN_POINT ( 'NONE',  ( -17.21152236891498788, 5.218629150101523173, -2.286000000000000032 ) ) ;
#5163 = ADVANCED_FACE ( 'NONE', ( #8499 ), #5803, .F. ) ;
#5164 = DIRECTION ( 'NONE',  ( -1.000000000000000000, 0.000000000000000000, 0.000000000000000000 ) ) ;
#5165 = CARTESIAN_POINT ( 'NONE',  ( -7.086226574511203857, -10.53923203741525860, 4.386581801005379866 ) ) ;
#5166 = CARTESIAN_POINT ( 'NONE',  ( 9.693270199239266915, 6.839108940646582369, 14.08510797874434672 ) ) ;
#5167 = FACE_OUTER_BOUND ( 'NONE', #2044, .T. ) ;
#5168 = CARTESIAN_POINT ( 'NONE',  ( 19.05000000000001137, 6.349999999999999645, -1.000000000000000000 ) ) ;
#5169 = ORIENTED_EDGE ( 'NONE', *, *, #5718, .F. ) ;
#5170 = CARTESIAN_POINT ( 'NONE',  ( -19.05000000000001137, 6.349999999999999645, -2.286000000000000032 ) ) ;
#5171 = ORIENTED_EDGE ( 'NONE', *, *, #7873, .T. ) ;
#5172 = DIRECTION ( 'NONE',  ( -1.000000000000000000, 0.000000000000000000, 0.000000000000000000 ) ) ;
#5173 = ORIENTED_EDGE ( 'NONE', *, *, #2533, .T. ) ;
#5174 = CARTESIAN_POINT ( 'NONE',  ( -17.91862915010153401, 8.188477631085024910, -2.286000000000000032 ) ) ;
#5175 = LINE ( 'NONE', #8187, #7059 ) ;
#5176 = DIRECTION ( 'NONE',  ( 0.000000000000000000, 0.000000000000000000, 1.000000000000000000 ) ) ;
#5177 = LINE ( 'NONE', #8657, #7787 ) ;
#5178 = DIRECTION ( 'NONE',  ( -0.000000000000000000, -0.000000000000000000, 1.000000000000000000 ) ) ;
#5179 = LINE ( 'NONE', #3221, #6298 ) ;
#5180 = ORIENTED_EDGE ( 'NONE', *, *, #940, .T. ) ;
#5181 = VERTEX_POINT ( 'NONE', #4966 ) ;
#5182 = EDGE_LOOP ( 'NONE', ( #6748, #6723, #412, #7921 ) ) ;
#5183 = DIRECTION ( 'NONE',  ( 0.000000000000000000, 0.000000000000000000, 1.000000000000000000 ) ) ;
#5184 = LINE ( 'NONE', #3733, #7755 ) ;
#5185 = LINE ( 'NONE', #3049, #7311 ) ;
#5186 = VERTEX_POINT ( 'NONE', #1428 ) ;
#5187 = ORIENTED_EDGE ( 'NONE', *, *, #5819, .F. ) ;
#5188 = PLANE ( 'NONE',  #3910 ) ;
#5189 = EDGE_LOOP ( 'NONE', ( #8007, #3263, #6049, #7978 ) ) ;
#5190 = DIRECTION ( 'NONE',  ( 0.000000000000000000, 0.000000000000000000, -1.000000000000000000 ) ) ;
#5191 = CARTESIAN_POINT ( 'NONE',  ( 0.000000000000000000, 0.000000000000000000, 15.75000000000000000 ) ) ;
#5192 = FACE_OUTER_BOUND ( 'NONE', #8283, .T. ) ;
#5193 = EDGE_LOOP ( 'NONE', ( #5260, #4571, #2034, #1059 ) ) ;
#5194 = ADVANCED_FACE ( 'NONE', ( #4262 ), #8599, .F. ) ;
#5196 = EDGE_CURVE ( 'NONE', #5296, #567, #912, .T. ) ;
#5195 = EDGE_CURVE ( 'NONE', #2205, #4317, #3015, .T. ) ;
#5197 = LINE ( 'NONE', #4445, #5101 ) ;
#5198 = ORIENTED_EDGE ( 'NONE', *, *, #7376, .F. ) ;
#5199 = ORIENTED_EDGE ( 'NONE', *, *, #198, .T. ) ;
#5200 = CARTESIAN_POINT ( 'NONE',  ( -25.25000000000001066, -1.131370849898481579, -3.049999999999999822 ) ) ;
#5201 = ORIENTED_EDGE ( 'NONE', *, *, #4282, .F. ) ;
#5202 = PLANE ( 'NONE',  #1859 ) ;
#5203 = LINE ( 'NONE', #4413, #2849 ) ;
#5204 = CARTESIAN_POINT ( 'NONE',  ( -6.744795089402678023, -10.76117346775408379, 3.521383511965586521 ) ) ;
#5205 = DIRECTION ( 'NONE',  ( -0.7071067811865476838, 0.7071067811865474617, 0.000000000000000000 ) ) ;
#5206 = DIRECTION ( 'NONE',  ( -0.000000000000000000, -0.000000000000000000, -1.000000000000000000 ) ) ;
#5207 = AXIS2_PLACEMENT_3D ( 'NONE', #2558, #3827, #5966 ) ;
#5209 = EDGE_CURVE ( 'NONE', #6834, #3558, #3709, .T. ) ;
#5208 = EDGE_CURVE ( 'NONE', #2665, #369, #871, .T. ) ;
#5210 = DIRECTION ( 'NONE',  ( -0.000000000000000000, -0.000000000000000000, -1.000000000000000000 ) ) ;
#5211 = ORIENTED_EDGE ( 'NONE', *, *, #810, .F. ) ;
#5212 = DIRECTION ( 'NONE',  ( -0.000000000000000000, -0.000000000000000000, -1.000000000000000000 ) ) ;
#5213 = VERTEX_POINT ( 'NONE', #5854 ) ;
#5214 = CARTESIAN_POINT ( 'NONE',  ( -11.48829497739958860, -9.953076815974590374, 7.951910872067350589 ) ) ;
#5215 = VERTEX_POINT ( 'NONE', #4452 ) ;
#5216 = CARTESIAN_POINT ( 'NONE',  ( 12.33241833471674198, -8.885463297855791254, 4.484570918951956031 ) ) ;
#5217 = CARTESIAN_POINT ( 'NONE',  ( -21.15000000000001279, 6.349999999999999645, 1.000000000000000000 ) ) ;
#5218 = CARTESIAN_POINT ( 'NONE',  ( 19.40355339059328443, 6.703553390593272709, 1.000000000000000000 ) ) ;
#5219 = DIRECTION ( 'NONE',  ( -1.000000000000000000, 0.000000000000000000, 0.000000000000000000 ) ) ;
#5220 =( BOUNDED_CURVE ( )  B_SPLINE_CURVE ( 3, ( #3765, #7398, #6661, #1726 ),
 .UNSPECIFIED., .F., .T. ) 
 B_SPLINE_CURVE_WITH_KNOTS ( ( 4, 4 ),
 ( 4.840734874276009236, 4.873437229494069989 ),
 .UNSPECIFIED. ) 
 CURVE ( )  GEOMETRIC_REPRESENTATION_ITEM ( )  RATIONAL_B_SPLINE_CURVE ( ( 1.000000000000000000, 0.9999108816491901752, 0.9999108816491901752, 1.000000000000000000 ) ) 
 REPRESENTATION_ITEM ( '' )  );
#5221 = EDGE_CURVE ( 'NONE', #8995, #7232, #4496, .T. ) ;
#5222 = DIRECTION ( 'NONE',  ( 0.000000000000000000, 0.000000000000000000, 1.000000000000000000 ) ) ;
#5223 = CARTESIAN_POINT ( 'NONE',  ( -24.25000000000001066, -1.545584412271577612, 2.286000000000000032 ) ) ;
#5224 = CARTESIAN_POINT ( 'NONE',  ( -19.05000000000001137, -11.55000000000000071, 3.049999999999999822 ) ) ;
#5225 = ORIENTED_EDGE ( 'NONE', *, *, #3322, .F. ) ;
#5226 = VERTEX_POINT ( 'NONE', #6654 ) ;
#5227 = CARTESIAN_POINT ( 'NONE',  ( -10.24149574457083922, -7.287703921487080017, 12.47155034411760077 ) ) ;
#5228 = LINE ( 'NONE', #6064, #5833 ) ;
#5229 = DIRECTION ( 'NONE',  ( 0.000000000000000000, 0.000000000000000000, 1.000000000000000000 ) ) ;
#5230 = EDGE_LOOP ( 'NONE', ( #8970, #7642, #2075, #4255 ) ) ;
#5231 = CALENDAR_DATE ( 2022, 7, 6 ) ;
#5232 = VERTEX_POINT ( 'NONE', #7954 ) ;
#5233 = ORIENTED_EDGE ( 'NONE', *, *, #4121, .T. ) ;
#5234 = DIRECTION ( 'NONE',  ( -0.000000000000000000, -0.000000000000000000, -1.000000000000000000 ) ) ;
#5235 = VECTOR ( 'NONE', #1923, 1000.000000000000000 ) ;
#5236 = DIRECTION ( 'NONE',  ( -0.7071067811865514585, 0.7071067811865435759, 0.000000000000000000 ) ) ;
#5237 = AXIS2_PLACEMENT_3D ( 'NONE', #1050, #5428, #3976 ) ;
#5238 = ORIENTED_EDGE ( 'NONE', *, *, #652, .T. ) ;
#5239 = DIRECTION ( 'NONE',  ( -0.7071067811865474617, -0.7071067811865474617, 0.000000000000000000 ) ) ;
#5240 = ORIENTED_EDGE ( 'NONE', *, *, #3538, .T. ) ;
#5241 = EDGE_LOOP ( 'NONE', ( #399, #3632, #4099, #8067, #836, #5104, #4855, #7845 ) ) ;
#5242 = VECTOR ( 'NONE', #3257, 1000.000000000000000 ) ;
#5243 = CARTESIAN_POINT ( 'NONE',  ( -9.881168959186963363, 11.55000000000000071, 3.049999999999999822 ) ) ;
#5244 = ORIENTED_EDGE ( 'NONE', *, *, #378, .F. ) ;
#5245 = LINE ( 'NONE', #6652, #7043 ) ;
#5246 = CIRCLE ( 'NONE', #4940, 3.175000000000000711 ) ;
#5247 = CARTESIAN_POINT ( 'NONE',  ( 0.000000000000000000, 0.000000000000000000, -2.286000000000000032 ) ) ;
#5248 = CARTESIAN_POINT ( 'NONE',  ( -7.074630469014144829, -10.54704422572845957, 4.290679315531947147 ) ) ;
#5249 = DIRECTION ( 'NONE',  ( 0.000000000000000000, 0.000000000000000000, 1.000000000000000000 ) ) ;
#5250 = EDGE_CURVE ( 'NONE', #3298, #4594, #276, .T. ) ;
#5251 = EDGE_CURVE ( 'NONE', #3344, #8903, #2405, .T. ) ;
#5252 = DIRECTION ( 'NONE',  ( -0.000000000000000000, -0.000000000000000000, -1.000000000000000000 ) ) ;
#5253 = VECTOR ( 'NONE', #6324, 1000.000000000000000 ) ;
#5254 = DIRECTION ( 'NONE',  ( 1.000000000000000000, -0.000000000000000000, -0.000000000000000000 ) ) ;
#5255 = ORIENTED_EDGE ( 'NONE', *, *, #8127, .F. ) ;
#5256 = CARTESIAN_POINT ( 'NONE',  ( -19.40355339059328443, 6.703553390593272709, 1.000000000000000000 ) ) ;
#5257 = ORIENTED_EDGE ( 'NONE', *, *, #5658, .F. ) ;
#5258 = CARTESIAN_POINT ( 'NONE',  ( -11.32123086714778992, 5.754974513648180690, 3.049999999999999822 ) ) ;
#5259 = AXIS2_PLACEMENT_3D ( 'NONE', #2771, #8446, #1616 ) ;
#5260 = ORIENTED_EDGE ( 'NONE', *, *, #8289, .F. ) ;
#5261 = CARTESIAN_POINT ( 'NONE',  ( 24.25000000000001066, 6.349999999999999645, 3.049999999999999822 ) ) ;
#5262 = CARTESIAN_POINT ( 'NONE',  ( 20.18137084989849583, 8.188477631085028463, 2.286000000000000032 ) ) ;
#5263 = VECTOR ( 'NONE', #9045, 1000.000000000000000 ) ;
#5264 = VECTOR ( 'NONE', #7654, 1000.000000000000000 ) ;
#5265 = EDGE_CURVE ( 'NONE', #5611, #6098, #6602, .T. ) ;
#5266 = PLANE ( 'NONE',  #5369 ) ;
#5268 = ADVANCED_FACE ( 'NONE', ( #5969 ), #252, .T. ) ;
#5267 = EDGE_CURVE ( 'NONE', #1741, #1753, #7538, .T. ) ;
#5269 = CARTESIAN_POINT ( 'NONE',  ( 5.754974513648305035, 11.32123086714772420, 3.049999999999999822 ) ) ;
#5270 = CIRCLE ( 'NONE', #8093, 3.175000000000000711 ) ;
#5271 = DIRECTION ( 'NONE',  ( -1.000000000000000000, 0.000000000000000000, 0.000000000000000000 ) ) ;
#5272 = VECTOR ( 'NONE', #44, 1000.000000000000000 ) ;
#5273 = AXIS2_PLACEMENT_3D ( 'NONE', #8936, #2565, #5408 ) ;
#5274 = DIRECTION ( 'NONE',  ( -1.000000000000000000, 0.000000000000000000, 0.000000000000000000 ) ) ;
#5275 = DIRECTION ( 'NONE',  ( -1.000000000000000000, -0.000000000000000000, -0.000000000000000000 ) ) ;
#5276 = ORIENTED_EDGE ( 'NONE', *, *, #8622, .T. ) ;
#5277 = ORIENTED_EDGE ( 'NONE', *, *, #3228, .F. ) ;
#5278 = DIRECTION ( 'NONE',  ( -0.7071067811865475727, -0.7071067811865475727, 0.000000000000000000 ) ) ;
#5279 = CARTESIAN_POINT ( 'NONE',  ( -17.18650298521229303, -3.779396204025740058, -1.000000000000000000 ) ) ;
#5280 = EDGE_CURVE ( 'NONE', #1774, #6414, #8720, .T. ) ;
#5281 = AXIS2_PLACEMENT_3D ( 'NONE', #7097, #727, #3566 ) ;
#5282 = VECTOR ( 'NONE', #2751, 1000.000000000000000 ) ;
#5283 = CARTESIAN_POINT ( 'NONE',  ( 11.48829497739958860, 9.953076815974590374, 7.951910872067350589 ) ) ;
#5284 = EDGE_LOOP ( 'NONE', ( #2626, #3041, #1423, #3421, #6206, #2259 ) ) ;
#5285 = VECTOR ( 'NONE', #5790, 1000.000000000000000 ) ;
#5286 = ORIENTED_EDGE ( 'NONE', *, *, #536, .T. ) ;
#5287 = LINE ( 'NONE', #8426, #6467 ) ;
#5288 = CARTESIAN_POINT ( 'NONE',  ( -13.38477899159934736, 7.818522638099716815, 3.049999999999999822 ) ) ;
#5289 = CIRCLE ( 'NONE', #8260, 3.175000000000000711 ) ;
#5290 = VERTEX_POINT ( 'NONE', #8068 ) ;
#5291 = AXIS2_PLACEMENT_3D ( 'NONE', #2415, #4595, #1056 ) ;
#5292 = DIRECTION ( 'NONE',  ( 0.000000000000000000, 0.000000000000000000, 1.000000000000000000 ) ) ;
#5293 = ORIENTED_EDGE ( 'NONE', *, *, #6394, .F. ) ;
#5294 = VERTEX_POINT ( 'NONE', #8806 ) ;
#5295 = DIRECTION ( 'NONE',  ( -0.000000000000000000, -0.000000000000000000, -1.000000000000000000 ) ) ;
#5296 = VERTEX_POINT ( 'NONE', #3870 ) ;
#5297 = AXIS2_PLACEMENT_3D ( 'NONE', #4211, #7706, #7055 ) ;
#5298 = DIRECTION ( 'NONE',  ( 1.000000000000000000, 0.000000000000000000, 0.000000000000000000 ) ) ;
#5299 = PLANE ( 'NONE',  #1965 ) ;
#5300 = DIRECTION ( 'NONE',  ( 0.7071067811865474617, -0.7071067811865476838, 0.000000000000000000 ) ) ;
#5301 = CARTESIAN_POINT ( 'NONE',  ( -16.47939620402574690, -8.213497014787712658, 2.286000000000000032 ) ) ;
#5302 = CARTESIAN_POINT ( 'NONE',  ( -11.32123086714778992, 5.754974513648180690, 3.049999999999999822 ) ) ;
#5303 = EDGE_LOOP ( 'NONE', ( #8634, #5585, #1087, #2302, #4754, #4237, #9030, #4666, #7078, #6825, #720, #1466, #8591, #1312, #6809, #137, #2481, #5069 ) ) ;
#5304 = EDGE_CURVE ( 'NONE', #3232, #8333, #1693, .T. ) ;
#5305 = PLANE ( 'NONE',  #9138 ) ;
#5306 = ORIENTED_EDGE ( 'NONE', *, *, #4583, .F. ) ;
#5307 = CARTESIAN_POINT ( 'NONE',  ( -10.63658198510800190, 6.939368936583139025, 3.833945435550877079 ) ) ;
#5308 = VERTEX_POINT ( 'NONE', #7313 ) ;
#5309 = CARTESIAN_POINT ( 'NONE',  ( -16.47939620402574690, -4.486502985212285743, -1.000000000000000000 ) ) ;
#5310 = PLANE ( 'NONE',  #3207 ) ;
#5311 = VECTOR ( 'NONE', #8781, 1000.000000000000000 ) ;
#5312 = DIRECTION ( 'NONE',  ( 0.7071067811865472397, 0.7071067811865479058, 0.000000000000000000 ) ) ;
#5313 = CARTESIAN_POINT ( 'NONE',  ( -19.05000000000001137, -11.54999999999999893, 1.000000000000000000 ) ) ;
#5314 = DIRECTION ( 'NONE',  ( -0.000000000000000000, -0.000000000000000000, -1.000000000000000000 ) ) ;
#5315 = ADVANCED_FACE ( 'NONE', ( #990 ), #8022, .F. ) ;
#5316 = CARTESIAN_POINT ( 'NONE',  ( 0.000000000000000000, 0.000000000000000000, 4.049999999999999822 ) ) ;
#5319 = EDGE_CURVE ( 'NONE', #4933, #7487, #1601, .T. ) ;
#5318 = ADVANCED_FACE ( 'NONE', ( #3732 ), #6763, .F. ) ;
#5317 = CARTESIAN_POINT ( 'NONE',  ( -10.24208267916055526, 7.288106010612124486, 12.46855669641189657 ) ) ;
#5320 = ORIENTED_EDGE ( 'NONE', *, *, #7264, .F. ) ;
#5321 = ORIENTED_EDGE ( 'NONE', *, *, #4333, .T. ) ;
#5322 = CARTESIAN_POINT ( 'NONE',  ( -10.35731490781764741, -7.349571513238099207, 11.59778263506279927 ) ) ;
#5323 = EDGE_CURVE ( 'NONE', #4535, #2277, #2343, .T. ) ;
#5324 = CARTESIAN_POINT ( 'NONE',  ( 21.15000000000001990, -6.349999999999999645, 1.000000000000000000 ) ) ;
#5325 = CARTESIAN_POINT ( 'NONE',  ( 0.000000000000000000, 0.000000000000000000, 15.75000000000000000 ) ) ;
#5327 = ADVANCED_FACE ( 'NONE', ( #4607 ), #4475, .T. ) ;
#5326 = EDGE_CURVE ( 'NONE', #8967, #2137, #1880, .T. ) ;
#5328 = EDGE_LOOP ( 'NONE', ( #3649, #5988, #7048, #1950, #2375, #1083, #3406, #3716 ) ) ;
#5329 =( BOUNDED_CURVE ( )  B_SPLINE_CURVE ( 3, ( #2786, #5624, #8461, #3159 ),
 .UNSPECIFIED., .F., .T. ) 
 B_SPLINE_CURVE_WITH_KNOTS ( ( 4, 4 ),
 ( 1.377679687205387360, 1.401502160714582335 ),
 .UNSPECIFIED. ) 
 CURVE ( )  GEOMETRIC_REPRESENTATION_ITEM ( )  RATIONAL_B_SPLINE_CURVE ( ( 1.000000000000000000, 0.9999527080388015410, 0.9999527080388015410, 1.000000000000000000 ) ) 
 REPRESENTATION_ITEM ( '' )  );
#5330 = DIRECTION ( 'NONE',  ( 0.000000000000000000, 0.000000000000000000, 1.000000000000000000 ) ) ;
#5331 = ORIENTED_EDGE ( 'NONE', *, *, #777, .F. ) ;
#5332 = EDGE_CURVE ( 'NONE', #2520, #1434, #7977, .T. ) ;
#5333 = CARTESIAN_POINT ( 'NONE',  ( 1.723477518430391653, 1.723477518430445166, 4.484570918951995999 ) ) ;
#5334 = EDGE_LOOP ( 'NONE', ( #5042, #4811 ) ) ;
#5335 = ORIENTED_EDGE ( 'NONE', *, *, #7383, .T. ) ;
#5336 = CARTESIAN_POINT ( 'NONE',  ( 9.264706088826558883, -10.70360484075312968, 4.049999999999999822 ) ) ;
#5337 = DIRECTION ( 'NONE',  ( 1.000000000000000000, 0.000000000000000000, 0.000000000000000000 ) ) ;
#5338 = CARTESIAN_POINT ( 'NONE',  ( -22.35636464127575707, -10.36347142246229502, 2.286000000000000032 ) ) ;
#5339 = CARTESIAN_POINT ( 'NONE',  ( 24.25000000000001066, 1.545584412271583163, -2.286000000000000032 ) ) ;
#5340 = CARTESIAN_POINT ( 'NONE',  ( 20.91349701478772971, -8.920603795974267669, 2.286000000000000032 ) ) ;
#5341 = DIRECTION ( 'NONE',  ( -0.000000000000000000, -0.000000000000000000, -1.000000000000000000 ) ) ;
#5342 = CARTESIAN_POINT ( 'NONE',  ( -9.019902330255114009, 12.23555549275323528, 8.230599130153672505 ) ) ;
#5343 = ORIENTED_EDGE ( 'NONE', *, *, #6947, .T. ) ;
#5344 = CARTESIAN_POINT ( 'NONE',  ( 24.25000000000001066, 1.545584412271583163, 3.049999999999999822 ) ) ;
#5345 = ORIENTED_EDGE ( 'NONE', *, *, #8729, .T. ) ;
#5346 = LINE ( 'NONE', #497, #6766 ) ;
#5347 = ORIENTED_EDGE ( 'NONE', *, *, #7420, .F. ) ;
#5348 = CARTESIAN_POINT ( 'NONE',  ( 17.21152236891498788, 5.218629150101523173, -2.286000000000000032 ) ) ;
#5349 = CYLINDRICAL_SURFACE ( 'NONE', #1722, 15.19999999999999929 ) ;
#5350 = CARTESIAN_POINT ( 'NONE',  ( 19.05000000000000426, -11.55000000000000249, 1.000000000000000000 ) ) ;
#5351 = DIRECTION ( 'NONE',  ( 0.000000000000000000, 0.000000000000000000, 1.000000000000000000 ) ) ;
#5352 = DIRECTION ( 'NONE',  ( -0.7071067811865476838, -0.7071067811865474617, 0.000000000000000000 ) ) ;
#5353 = DIRECTION ( 'NONE',  ( -0.000000000000000000, -0.000000000000000000, -1.000000000000000000 ) ) ;
#5354 = PLANE ( 'NONE',  #2671 ) ;
#5355 = VERTEX_POINT ( 'NONE', #8121 ) ;
#5356 = ORIENTED_EDGE ( 'NONE', *, *, #8787, .F. ) ;
#5357 = CARTESIAN_POINT ( 'NONE',  ( -20.18137084989848873, -4.511522368914975267, -2.286000000000000032 ) ) ;
#5358 = CARTESIAN_POINT ( 'NONE',  ( -13.05355339059328657, 0.3535533905932699006, 1.000000000000000000 ) ) ;
#5359 = DIRECTION ( 'NONE',  ( 0.7071067811865474617, -0.7071067811865474617, 0.000000000000000000 ) ) ;
#5360 = EDGE_CURVE ( 'NONE', #5810, #1349, #4572, .T. ) ;
#5361 = EDGE_CURVE ( 'NONE', #5105, #1926, #4757, .T. ) ;
#5362 = DIRECTION ( 'NONE',  ( -0.000000000000000000, -0.000000000000000000, -1.000000000000000000 ) ) ;
#5363 = VERTEX_POINT ( 'NONE', #1776 ) ;
#5364 = ORIENTED_EDGE ( 'NONE', *, *, #6050, .F. ) ;
#5365 = FACE_OUTER_BOUND ( 'NONE', #3803, .T. ) ;
#5366 = EDGE_CURVE ( 'NONE', #3062, #2831, #7452, .T. ) ;
#5368 = EDGE_CURVE ( 'NONE', #4353, #5568, #7588, .T. ) ;
#5367 = ADVANCED_FACE ( 'NONE', ( #386 ), #5827, .T. ) ;
#5369 = AXIS2_PLACEMENT_3D ( 'NONE', #980, #8110, #1024 ) ;
#5370 = VERTEX_POINT ( 'NONE', #6975 ) ;
#5371 = CARTESIAN_POINT ( 'NONE',  ( 19.05000000000001137, 6.349999999999999645, 1.000000000000000000 ) ) ;
#5372 = EDGE_LOOP ( 'NONE', ( #3290, #5942, #7894, #609 ) ) ;
#5373 = EDGE_LOOP ( 'NONE', ( #3381, #2946, #5687, #6569 ) ) ;
#5374 = DIRECTION ( 'NONE',  ( 0.7071067811865472397, -0.7071067811865479058, 0.000000000000000000 ) ) ;
#5375 = CARTESIAN_POINT ( 'NONE',  ( 9.901384675242672628, 11.53287653212783681, 11.85196986296181443 ) ) ;
#5376 = AXIS2_PLACEMENT_3D ( 'NONE', #2490, #8723, #6768 ) ;
#5377 = CARTESIAN_POINT ( 'NONE',  ( 25.25000000000001066, 6.349999999999999645, 1.000000000000000000 ) ) ;
#5378 = PLANE ( 'NONE',  #5859 ) ;
#5379 = DIRECTION ( 'NONE',  ( -0.000000000000000000, 0.000000000000000000, -1.000000000000000000 ) ) ;
#5380 = EDGE_CURVE ( 'NONE', #1942, #1341, #5406, .T. ) ;
#5381 = VECTOR ( 'NONE', #381, 1000.000000000000000 ) ;
#5382 = CARTESIAN_POINT ( 'NONE',  ( 10.36492705552113236, -7.338820554675387520, 11.30038463814562277 ) ) ;
#5383 = CARTESIAN_POINT ( 'NONE',  ( -15.10488494811827387, -1.697778166931715571, 1.000000000000000000 ) ) ;
#5384 = ORIENTED_EDGE ( 'NONE', *, *, #1499, .F. ) ;
#5385 = AXIS2_PLACEMENT_3D ( 'NONE', #6174, #8913, #6861 ) ;
#5386 = CARTESIAN_POINT ( 'NONE',  ( 0.000000000000000000, 0.000000000000000000, 4.049999999999999822 ) ) ;
#5387 = VERTEX_POINT ( 'NONE', #6063 ) ;
#5388 = CARTESIAN_POINT ( 'NONE',  ( 8.575400865265715211, -12.55000000000000071, 3.049999999999999822 ) ) ;
#5389 = VERTEX_POINT ( 'NONE', #3963 ) ;
#5390 = LINE ( 'NONE', #3253, #3367 ) ;
#5391 = CARTESIAN_POINT ( 'NONE',  ( -10.83712860766408959, -6.622070032762998437, 3.389687696579563259 ) ) ;
#5392 = VECTOR ( 'NONE', #5764, 1000.000000000000000 ) ;
#5393 = CARTESIAN_POINT ( 'NONE',  ( 12.36958607419987821, 8.833677697677034146, 4.104941231188924178 ) ) ;
#5394 = LINE ( 'NONE', #3952, #3053 ) ;
#5395 = AXIS2_PLACEMENT_3D ( 'NONE', #1422, #5613, #2073 ) ;
#5396 = DIRECTION ( 'NONE',  ( 0.000000000000000000, 0.000000000000000000, 1.000000000000000000 ) ) ;
#5397 = ORIENTED_EDGE ( 'NONE', *, *, #2203, .F. ) ;
#5398 = VECTOR ( 'NONE', #5983, 1000.000000000000000 ) ;
#5399 = CARTESIAN_POINT ( 'NONE',  ( -19.05000000000001137, -11.55000000000000071, -3.049999999999999822 ) ) ;
#5400 = CARTESIAN_POINT ( 'NONE',  ( 2.783128176749722904, -2.783128176749754434, 4.549999999999999822 ) ) ;
#5401 = ORIENTED_EDGE ( 'NONE', *, *, #7692, .T. ) ;
#5402 = AXIS2_PLACEMENT_3D ( 'NONE', #2181, #4362, #8645 ) ;
#5403 = DIRECTION ( 'NONE',  ( -0.000000000000000000, -0.000000000000000000, -1.000000000000000000 ) ) ;
#5404 = VECTOR ( 'NONE', #8917, 1000.000000000000114 ) ;
#5405 = ORIENTED_EDGE ( 'NONE', *, *, #6161, .T. ) ;
#5406 = LINE ( 'NONE', #6843, #391 ) ;
#5407 = CARTESIAN_POINT ( 'NONE',  ( -7.338820554675496766, 10.36492705552105598, 11.30038463814560856 ) ) ;
#5408 = DIRECTION ( 'NONE',  ( 1.000000000000000000, 0.000000000000000000, 0.000000000000000000 ) ) ;
#5409 = VECTOR ( 'NONE', #2804, 1000.000000000000000 ) ;
#5410 = CIRCLE ( 'NONE', #1980, 15.19999999999999929 ) ;
#5411 = CIRCLE ( 'NONE', #1237, 3.175000000000000711 ) ;
#5412 = DIRECTION ( 'NONE',  ( 0.000000000000000000, 0.000000000000000000, -1.000000000000000000 ) ) ;
#5413 = VERTEX_POINT ( 'NONE', #4092 ) ;
#5414 = ORIENTED_EDGE ( 'NONE', *, *, #1105, .T. ) ;
#5415 = VECTOR ( 'NONE', #5067, 1000.000000000000000 ) ;
#5416 = VECTOR ( 'NONE', #3496, 1000.000000000000000 ) ;
#5417 = AXIS2_PLACEMENT_3D ( 'NONE', #2510, #3386, #3251 ) ;
#5418 = ORIENTED_EDGE ( 'NONE', *, *, #922, .F. ) ;
#5419 = AXIS2_PLACEMENT_3D ( 'NONE', #8502, #4084, #6929 ) ;
#5420 = CARTESIAN_POINT ( 'NONE',  ( -20.91349701478772616, 3.779396204025738726, -1.000000000000000444 ) ) ;
#5421 = ORIENTED_EDGE ( 'NONE', *, *, #8336, .T. ) ;
#5422 = ORIENTED_EDGE ( 'NONE', *, *, #423, .T. ) ;
#5423 = ADVANCED_FACE ( 'NONE', ( #8896 ), #1210, .T. ) ;
#5424 = DIRECTION ( 'NONE',  ( -1.000000000000000000, 0.000000000000000000, 0.000000000000000000 ) ) ;
#5426 = EDGE_CURVE ( 'NONE', #5503, #2840, #517, .T. ) ;
#5425 = EDGE_CURVE ( 'NONE', #1984, #1166, #2522, .T. ) ;
#5427 = DIRECTION ( 'NONE',  ( 0.000000000000000000, 0.000000000000000000, 1.000000000000000000 ) ) ;
#5428 = DIRECTION ( 'NONE',  ( -0.000000000000000000, -0.000000000000000000, -1.000000000000000000 ) ) ;
#5429 = CARTESIAN_POINT ( 'NONE',  ( -24.25000000000001066, 6.350000000000000533, 3.049999999999999822 ) ) ;
#5430 = CARTESIAN_POINT ( 'NONE',  ( 13.14289321881346062, 11.55000000000000071, 3.049999999999999822 ) ) ;
#5431 = AXIS2_PLACEMENT_3D ( 'NONE', #5170, #4460, #1763 ) ;
#5432 = CARTESIAN_POINT ( 'NONE',  ( 10.70360484075323271, 9.264706088826438091, 4.049999999999999822 ) ) ;
#5433 = CYLINDRICAL_SURFACE ( 'NONE', #7334, 3.175000000000007816 ) ;
#5434 = ORIENTED_EDGE ( 'NONE', *, *, #209, .T. ) ;
#5435 = AXIS2_PLACEMENT_3D ( 'NONE', #3442, #7018, #9073 ) ;
#5436 = DIRECTION ( 'NONE',  ( 0.000000000000000000, 1.000000000000000000, 0.000000000000000000 ) ) ;
#5438 = EDGE_CURVE ( 'NONE', #964, #1467, #4041, .T. ) ;
#5437 = ADVANCED_FACE ( 'NONE', ( #3358 ), #4748, .T. ) ;
#5439 = ORIENTED_EDGE ( 'NONE', *, *, #696, .F. ) ;
#5440 = LINE ( 'NONE', #5519, #5565 ) ;
#5441 = ORIENTED_EDGE ( 'NONE', *, *, #5150, .F. ) ;
#5442 = CARTESIAN_POINT ( 'NONE',  ( -19.05000000000001137, 6.349999999999999645, 2.286000000000000032 ) ) ;
#5443 = DIRECTION ( 'NONE',  ( 1.000000000000000000, 0.000000000000000000, 0.000000000000000000 ) ) ;
#5444 = DIRECTION ( 'NONE',  ( -0.000000000000000000, -0.000000000000000000, -1.000000000000000000 ) ) ;
#5445 = CARTESIAN_POINT ( 'NONE',  ( 12.46361163661704907, 8.700667146603910496, 3.754241512797789948 ) ) ;
#5446 = CARTESIAN_POINT ( 'NONE',  ( -19.05000000000001137, -6.349999999999999645, 2.286000000000000032 ) ) ;
#5447 = PLANE ( 'NONE',  #2261 ) ;
#5448 = ORIENTED_EDGE ( 'NONE', *, *, #3762, .T. ) ;
#5449 = CARTESIAN_POINT ( 'NONE',  ( 23.69865440327095030, -0.9942388155425095908, 2.286000000000000032 ) ) ;
#5450 = PLANE ( 'NONE',  #6385 ) ;
#5451 = EDGE_CURVE ( 'NONE', #5094, #2819, #6803, .T. ) ;
#5452 = ORIENTED_EDGE ( 'NONE', *, *, #8047, .T. ) ;
#5453 = CIRCLE ( 'NONE', #257, 3.175000000000007816 ) ;
#5454 = DIRECTION ( 'NONE',  ( -1.000000000000000000, 5.337610695313252173E-15, 0.000000000000000000 ) ) ;
#5455 = EDGE_LOOP ( 'NONE', ( #6344, #8766, #3687, #2862, #7141, #1152 ) ) ;
#5456 = CARTESIAN_POINT ( 'NONE',  ( -9.881168959186963363, 11.55000000000000071, 3.049999999999999822 ) ) ;
#5457 = DIRECTION ( 'NONE',  ( 0.7064337722128882779, -0.7064337722128960495, 0.04361938736533609029 ) ) ;
#5458 = CARTESIAN_POINT ( 'NONE',  ( 16.47939620402574334, -8.213497014787717987, -1.000000000000000444 ) ) ;
#5459 = CARTESIAN_POINT ( 'NONE',  ( -20.18137084989849583, 8.188477631085028463, -2.286000000000000032 ) ) ;
#5460 = ORIENTED_EDGE ( 'NONE', *, *, #1779, .T. ) ;
#5461 = VERTEX_POINT ( 'NONE', #8297 ) ;
#5462 = VERTEX_POINT ( 'NONE', #6938 ) ;
#5463 = B_SPLINE_CURVE_WITH_KNOTS ( 'NONE', 3,
 ( #7298, #976, #2276, #3078, #5866, #5307, #326, #921, #3817, #284, #5124, #3858, #371, #5258 ),
 .UNSPECIFIED., .F., .F.,
 ( 4, 2, 2, 2, 2, 2, 4 ),
 ( 1.659564717663098402E-16, 0.0002900619406457845034, 0.0005801238812914031239, 0.0008701858219370217987, 0.001160247762582640148, 0.001740371643873879449, 0.002320495525165118967 ),
 .UNSPECIFIED. ) ;
#5464 = CC_DESIGN_PERSON_AND_ORGANIZATION_ASSIGNMENT ( #2206, #5043, ( #690 ) ) ;
#5465 = ORIENTED_EDGE ( 'NONE', *, *, #6, .T. ) ;
#5466 = CARTESIAN_POINT ( 'NONE',  ( -8.575400865265715211, 12.55000000000000071, 3.049999999999999822 ) ) ;
#5467 = EDGE_LOOP ( 'NONE', ( #3529, #5954, #865, #4888, #398 ) ) ;
#5468 = DIRECTION ( 'NONE',  ( -0.7071067811865474617, 0.7071067811865474617, -0.000000000000000000 ) ) ;
#5469 = LINE ( 'NONE', #1890, #3497 ) ;
#5470 = DIRECTION ( 'NONE',  ( -0.7071067811865477948, -0.7071067811865473507, 0.000000000000000000 ) ) ;
#5471 = CARTESIAN_POINT ( 'NONE',  ( 11.57710886669494954, -9.849393396991160898, 15.75000000000000000 ) ) ;
#5472 = CARTESIAN_POINT ( 'NONE',  ( -10.24994121339578079, 7.498580207074579285, 15.75000000000000000 ) ) ;
#5473 = EDGE_CURVE ( 'NONE', #6800, #5370, #5874, .T. ) ;
#5475 = EDGE_CURVE ( 'NONE', #6180, #4995, #1959, .T. ) ;
#5474 = EDGE_CURVE ( 'NONE', #6871, #3132, #6201, .T. ) ;
#5476 = DIRECTION ( 'NONE',  ( 1.000000000000000000, 0.000000000000000000, 0.000000000000000000 ) ) ;
#5477 = DIRECTION ( 'NONE',  ( 1.000000000000000000, 0.000000000000000000, -0.000000000000000000 ) ) ;
#5478 = ORIENTED_EDGE ( 'NONE', *, *, #1665, .T. ) ;
#5479 = DIRECTION ( 'NONE',  ( 0.000000000000000000, 0.000000000000000000, 1.000000000000000000 ) ) ;
#5480 = VERTEX_POINT ( 'NONE', #3266 ) ;
#5481 = FACE_OUTER_BOUND ( 'NONE', #2864, .T. ) ;
#5482 = EDGE_LOOP ( 'NONE', ( #8905, #1339, #4079, #4790 ) ) ;
#5483 = DIRECTION ( 'NONE',  ( -0.000000000000000000, -0.000000000000000000, -1.000000000000000000 ) ) ;
#5484 = LINE ( 'NONE', #6228, #7812 ) ;
#5485 = LINE ( 'NONE', #1946, #7181 ) ;
#5486 = PLANE ( 'NONE',  #7457 ) ;
#5487 = LINE ( 'NONE', #3527, #662 ) ;
#5488 = ADVANCED_FACE ( 'NONE', ( #4791 ), #8933, .T. ) ;
#5490 = EDGE_CURVE ( 'NONE', #2907, #1347, #9072, .T. ) ;
#5489 = EDGE_CURVE ( 'NONE', #5025, #5232, #6239, .T. ) ;
#5491 = DIRECTION ( 'NONE',  ( -0.000000000000000000, -0.000000000000000000, -1.000000000000000000 ) ) ;
#5492 = VERTEX_POINT ( 'NONE', #1919 ) ;
#5493 = CARTESIAN_POINT ( 'NONE',  ( -10.48049788266153293, 7.173516224744546754, 6.751496890849965737 ) ) ;
#5494 = LINE ( 'NONE', #8330, #3407 ) ;
#5495 = EDGE_LOOP ( 'NONE', ( #890, #5848, #7154, #4717 ) ) ;
#5496 = CARTESIAN_POINT ( 'NONE',  ( -4.974319496839456178, 7.725680503160488932, 15.75000000000000000 ) ) ;
#5497 = EDGE_LOOP ( 'NONE', ( #532, #8996, #3079, #8370, #8567, #6096, #2559, #625 ) ) ;
#5498 = DIRECTION ( 'NONE',  ( -0.000000000000000000, 0.000000000000000000, 1.000000000000000000 ) ) ;
#5499 = CARTESIAN_POINT ( 'NONE',  ( -6.725613561834864029, 9.564993063596592293, 14.32450456060052701 ) ) ;
#5500 = EDGE_CURVE ( 'NONE', #3021, #8460, #2699, .T. ) ;
#5501 = CARTESIAN_POINT ( 'NONE',  ( -22.70441558772843393, 1.301042606982605321E-15, -1.000000000000000000 ) ) ;
#5502 = VERTEX_POINT ( 'NONE', #3534 ) ;
#5503 = VERTEX_POINT ( 'NONE', #7111 ) ;
#5504 = ORIENTED_EDGE ( 'NONE', *, *, #1283, .F. ) ;
#5505 = ORIENTED_EDGE ( 'NONE', *, *, #2586, .T. ) ;
#5506 = VECTOR ( 'NONE', #4418, 1000.000000000000114 ) ;
#5507 = DIRECTION ( 'NONE',  ( 0.7071067811865513475, -0.7071067811865436870, 0.000000000000000000 ) ) ;
#5508 = DIRECTION ( 'NONE',  ( -0.000000000000000000, -0.000000000000000000, -1.000000000000000000 ) ) ;
#5509 = FACE_OUTER_BOUND ( 'NONE', #409, .T. ) ;
#5510 = CARTESIAN_POINT ( 'NONE',  ( -19.05000000000001137, -6.349999999999999645, 3.049999999999999822 ) ) ;
#5511 = AXIS2_PLACEMENT_3D ( 'NONE', #3495, #6375, #9208 ) ;
#5512 = CARTESIAN_POINT ( 'NONE',  ( 10.62755498454977854, -9.092383191922266406, 7.950032466500704942 ) ) ;
#5513 = CARTESIAN_POINT ( 'NONE',  ( -19.05000000000001137, 6.349999999999999645, 1.000000000000000000 ) ) ;
#5514 = CARTESIAN_POINT ( 'NONE',  ( 21.62060379597428295, 4.486502985212280414, 2.286000000000000032 ) ) ;
#5515 = ORIENTED_EDGE ( 'NONE', *, *, #4001, .T. ) ;
#5516 = VECTOR ( 'NONE', #1129, 1000.000000000000000 ) ;
#5517 = LINE ( 'NONE', #1985, #4187 ) ;
#5518 = EDGE_LOOP ( 'NONE', ( #1971, #4393, #7862, #5147 ) ) ;
#5519 = CARTESIAN_POINT ( 'NONE',  ( 20.88847763108504196, 7.481370849898480557, 2.286000000000000032 ) ) ;
#5520 = EDGE_CURVE ( 'NONE', #6311, #2819, #2189, .T. ) ;
#5521 = EDGE_LOOP ( 'NONE', ( #7052, #3615, #3098, #1371 ) ) ;
#5522 = EDGE_CURVE ( 'NONE', #8708, #6887, #7380, .T. ) ;
#5523 = CARTESIAN_POINT ( 'NONE',  ( 22.35636464127575707, -10.36347142246229680, -2.286000000000000032 ) ) ;
#5524 = CARTESIAN_POINT ( 'NONE',  ( -16.95000000000000995, 6.349999999999999645, 2.286000000000000032 ) ) ;
#5525 = CARTESIAN_POINT ( 'NONE',  ( 25.25000000000001066, -6.349999999999999645, -3.049999999999999822 ) ) ;
#5526 = DIRECTION ( 'NONE',  ( 0.000000000000000000, 1.000000000000000000, -0.000000000000000000 ) ) ;
#5527 = FACE_OUTER_BOUND ( 'NONE', #5807, .T. ) ;
#5528 = AXIS2_PLACEMENT_3D ( 'NONE', #7576, #6928, #3429 ) ;
#5529 = VECTOR ( 'NONE', #7172, 1000.000000000000114 ) ;
#5530 = CARTESIAN_POINT ( 'NONE',  ( 16.47939620402574334, -4.486502985212279526, 1.000000000000000000 ) ) ;
#5531 = VERTEX_POINT ( 'NONE', #4318 ) ;
#5532 = CARTESIAN_POINT ( 'NONE',  ( 13.16456341238949612, 7.598307058889901100, 3.049999999999999822 ) ) ;
#5533 = EDGE_LOOP ( 'NONE', ( #2562, #3930, #3793, #7382, #1054, #3911, #1756, #6812 ) ) ;
#5534 = CARTESIAN_POINT ( 'NONE',  ( -18.69644660940673830, 6.703553390593271821, 1.000000000000000000 ) ) ;
#5535 = AXIS2_PLACEMENT_3D ( 'NONE', #3084, #5923, #6055 ) ;
#5536 = EDGE_CURVE ( 'NONE', #8776, #658, #6332, .T. ) ;
#5537 = VERTEX_POINT ( 'NONE', #2142 ) ;
#5539 = EDGE_CURVE ( 'NONE', #5213, #2186, #3441, .T. ) ;
#5538 = EDGE_CURVE ( 'NONE', #424, #7167, #7157, .T. ) ;
#5540 = CARTESIAN_POINT ( 'NONE',  ( -25.25000000000001066, -1.131370849898481579, 3.049999999999999822 ) ) ;
#5541 = CARTESIAN_POINT ( 'NONE',  ( -15.10488494811827387, 1.697778166931710908, 1.000000000000000000 ) ) ;
#5542 = VECTOR ( 'NONE', #5468, 1000.000000000000114 ) ;
#5543 = LINE ( 'NONE', #6939, #2096 ) ;
#5544 = DIRECTION ( 'NONE',  ( 0.000000000000000000, 0.000000000000000000, -1.000000000000000000 ) ) ;
#5545 = AXIS2_PLACEMENT_3D ( 'NONE', #2828, #1297, #6409 ) ;
#5546 = DIRECTION ( 'NONE',  ( -0.7071067811865474617, 0.7071067811865474617, 0.000000000000000000 ) ) ;
#5547 = AXIS2_PLACEMENT_3D ( 'NONE', #8400, #8629, #7276 ) ;
#5548 = ORIENTED_EDGE ( 'NONE', *, *, #7692, .F. ) ;
#5549 = EDGE_CURVE ( 'NONE', #628, #7871, #4228, .T. ) ;
#5550 = ORIENTED_EDGE ( 'NONE', *, *, #3046, .T. ) ;
#5551 = CIRCLE ( 'NONE', #5114, 11.50000000000000000 ) ;
#5552 = VECTOR ( 'NONE', #5564, 1000.000000000000000 ) ;
#5553 = AXIS2_PLACEMENT_3D ( 'NONE', #7340, #403, #3151 ) ;
#5554 = VECTOR ( 'NONE', #4471, 1000.000000000000114 ) ;
#5555 = EDGE_LOOP ( 'NONE', ( #5321, #3405, #854, #7761 ) ) ;
#5556 = ORIENTED_EDGE ( 'NONE', *, *, #6455, .F. ) ;
#5557 = AXIS2_PLACEMENT_3D ( 'NONE', #7965, #6003, #8146 ) ;
#5558 = AXIS2_PLACEMENT_3D ( 'NONE', #244, #5031, #930 ) ;
#5559 = DIRECTION ( 'NONE',  ( -0.7071067811865482389, 0.7071067811865469066, 0.000000000000000000 ) ) ;
#5560 = CARTESIAN_POINT ( 'NONE',  ( -8.885463297855924480, 12.33241833471664428, 4.484570918952011986 ) ) ;
#5561 = DIRECTION ( 'NONE',  ( -0.7071067811865474617, 0.7071067811865474617, 0.000000000000000000 ) ) ;
#5562 = CARTESIAN_POINT ( 'NONE',  ( 19.05000000000001137, -6.349999999999999645, 2.286000000000000032 ) ) ;
#5563 =( BOUNDED_CURVE ( )  B_SPLINE_CURVE ( 3, ( #6578, #5283, #3230, #5888 ),
 .UNSPECIFIED., .F., .T. ) 
 B_SPLINE_CURVE_WITH_KNOTS ( ( 4, 4 ),
 ( 1.637784248836729128, 1.651256753668530530 ),
 .UNSPECIFIED. ) 
 CURVE ( )  GEOMETRIC_REPRESENTATION_ITEM ( )  RATIONAL_B_SPLINE_CURVE ( ( 1.000000000000000000, 0.9999848743583262811, 0.9999848743583262811, 1.000000000000000000 ) ) 
 REPRESENTATION_ITEM ( '' )  );
#5564 = DIRECTION ( 'NONE',  ( -1.000000000000000000, 0.000000000000000000, 0.000000000000000000 ) ) ;
#5565 = VECTOR ( 'NONE', #1290, 1000.000000000000114 ) ;
#5566 = CARTESIAN_POINT ( 'NONE',  ( -23.69865440327095030, -0.9942388155425139207, -2.286000000000000032 ) ) ;
#5567 = ORIENTED_EDGE ( 'NONE', *, *, #8263, .T. ) ;
#5568 = VERTEX_POINT ( 'NONE', #3633 ) ;
#5569 = CARTESIAN_POINT ( 'NONE',  ( 24.11862915010152975, 5.907360397698777307E-15, -3.049999999999999822 ) ) ;
#5570 = EDGE_LOOP ( 'NONE', ( #5422, #5567, #7976, #6647, #8173, #3490, #5108, #8133 ) ) ;
#5571 = CIRCLE ( 'NONE', #5435, 6.200000000000001066 ) ;
#5572 = CARTESIAN_POINT ( 'NONE',  ( -20.18137084989849228, -8.188477631085028463, -2.286000000000000032 ) ) ;
#5573 = CARTESIAN_POINT ( 'NONE',  ( 19.05000000000001137, -6.349999999999999645, -2.286000000000000032 ) ) ;
#5574 = CARTESIAN_POINT ( 'NONE',  ( -11.14122073372846167, -6.098899953120770157, 3.084225627802474445 ) ) ;
#5575 = DIRECTION ( 'NONE',  ( -0.7071067811865474617, -0.7071067811865476838, 0.000000000000000000 ) ) ;
#5576 = FACE_OUTER_BOUND ( 'NONE', #1477, .T. ) ;
#5577 = DIRECTION ( 'NONE',  ( 0.000000000000000000, 0.000000000000000000, 1.000000000000000000 ) ) ;
#5578 = VECTOR ( 'NONE', #788, 1000.000000000000000 ) ;
#5579 = EDGE_CURVE ( 'NONE', #5091, #3789, #3363, .T. ) ;
#5580 = DIRECTION ( 'NONE',  ( 0.7071067811865472397, 0.7071067811865479058, -0.000000000000000000 ) ) ;
#5581 = ORIENTED_EDGE ( 'NONE', *, *, #7824, .F. ) ;
#5582 = DIRECTION ( 'NONE',  ( -0.7071067811865471286, -0.7071067811865479058, -0.000000000000000000 ) ) ;
#5583 = ORIENTED_EDGE ( 'NONE', *, *, #8337, .T. ) ;
#5584 = CARTESIAN_POINT ( 'NONE',  ( -11.57710886669494954, 9.849393396991162675, 15.75000000000000000 ) ) ;
#5585 = ORIENTED_EDGE ( 'NONE', *, *, #3955, .T. ) ;
#5586 = DIRECTION ( 'NONE',  ( 0.7071067811865482389, -0.7071067811865469066, 0.000000000000000000 ) ) ;
#5587 = DIRECTION ( 'NONE',  ( 0.000000000000000000, 0.000000000000000000, 1.000000000000000000 ) ) ;
#5588 = VECTOR ( 'NONE', #3305, 1000.000000000000000 ) ;
#5589 = CARTESIAN_POINT ( 'NONE',  ( 24.25000000000001066, -6.350000000000000533, 3.049999999999999822 ) ) ;
#5590 = FACE_OUTER_BOUND ( 'NONE', #5193, .T. ) ;
#5591 = EDGE_CURVE ( 'NONE', #5531, #7063, #2048, .T. ) ;
#5593 = EDGE_CURVE ( 'NONE', #3355, #682, #4984, .T. ) ;
#5592 = ADVANCED_FACE ( 'NONE', ( #4274 ), #7717, .F. ) ;
#5594 = DIRECTION ( 'NONE',  ( -0.000000000000000000, -0.000000000000000000, -1.000000000000000000 ) ) ;
#5595 = VECTOR ( 'NONE', #2278, 1000.000000000000114 ) ;
#5596 = ORIENTED_EDGE ( 'NONE', *, *, #6950, .T. ) ;
#5597 = EDGE_LOOP ( 'NONE', ( #7450, #2530, #2315, #7950 ) ) ;
#5598 = VERTEX_POINT ( 'NONE', #8611 ) ;
#5600 = EDGE_CURVE ( 'NONE', #4504, #3968, #6415, .T. ) ;
#5599 = ADVANCED_FACE ( 'NONE', ( #5671 ), #9120, .F. ) ;
#5601 = ORIENTED_EDGE ( 'NONE', *, *, #9169, .T. ) ;
#5602 = CARTESIAN_POINT ( 'NONE',  ( 9.264706088826558883, 10.70360484075312968, 4.049999999999999822 ) ) ;
#5603 = VERTEX_POINT ( 'NONE', #7865 ) ;
#5604 = CARTESIAN_POINT ( 'NONE',  ( 19.05000000000001137, -6.349999999999999645, 2.286000000000000032 ) ) ;
#5605 = DIRECTION ( 'NONE',  ( -0.000000000000000000, -0.000000000000000000, -1.000000000000000000 ) ) ;
#5606 = DIRECTION ( 'NONE',  ( -1.000000000000000000, 0.000000000000000000, 0.000000000000000000 ) ) ;
#5607 = CARTESIAN_POINT ( 'NONE',  ( -0.8638577348518092780, 0.8638577348518219345, 15.75000000000000000 ) ) ;
#5608 = ADVANCED_FACE ( 'NONE', ( #1535 ), #649, .T. ) ;
#5609 = ORIENTED_EDGE ( 'NONE', *, *, #5717, .T. ) ;
#5610 = FACE_OUTER_BOUND ( 'NONE', #8036, .T. ) ;
#5611 = VERTEX_POINT ( 'NONE', #2748 ) ;
#5612 = VERTEX_POINT ( 'NONE', #700 ) ;
#5613 = DIRECTION ( 'NONE',  ( -0.000000000000000000, -0.000000000000000000, -1.000000000000000000 ) ) ;
#5614 = ORIENTED_EDGE ( 'NONE', *, *, #6644, .T. ) ;
#5615 = ORIENTED_EDGE ( 'NONE', *, *, #7572, .F. ) ;
#5616 = DIRECTION ( 'NONE',  ( -0.000000000000000000, -0.000000000000000000, -1.000000000000000000 ) ) ;
#5617 = DIRECTION ( 'NONE',  ( 0.7071067811865482389, 0.7071067811865469066, -0.000000000000000000 ) ) ;
#5618 = DIRECTION ( 'NONE',  ( 0.7071067811865435759, -0.7071067811865513475, 0.000000000000000000 ) ) ;
#5619 = DIRECTION ( 'NONE',  ( 1.000000000000000000, 2.731847993664262430E-15, 0.000000000000000000 ) ) ;
#5620 = CARTESIAN_POINT ( 'NONE',  ( -24.25000000000001066, -1.857106781186547817, 3.049999999999999822 ) ) ;
#5621 = DIRECTION ( 'NONE',  ( -0.000000000000000000, -0.000000000000000000, -1.000000000000000000 ) ) ;
#5622 = CARTESIAN_POINT ( 'NONE',  ( -15.10488494811827387, 1.697778166931710908, -1.000000000000000000 ) ) ;
#5623 = ORIENTED_EDGE ( 'NONE', *, *, #5500, .F. ) ;
#5624 = CARTESIAN_POINT ( 'NONE',  ( -10.48049788266155247, -7.173516224744521885, 6.751496890849800536 ) ) ;
#5625 = ORIENTED_EDGE ( 'NONE', *, *, #7825, .T. ) ;
#5626 = PLANE ( 'NONE',  #3478 ) ;
#5627 = ORIENTED_EDGE ( 'NONE', *, *, #824, .T. ) ;
#5628 = LINE ( 'NONE', #47, #679 ) ;
#5629 = DIRECTION ( 'NONE',  ( 0.000000000000000000, 0.000000000000000000, 1.000000000000000000 ) ) ;
#5630 = DIRECTION ( 'NONE',  ( 1.000000000000000000, 0.000000000000000000, 0.000000000000000000 ) ) ;
#5631 = DIRECTION ( 'NONE',  ( 0.000000000000000000, 0.000000000000000000, -1.000000000000000000 ) ) ;
#5632 = FACE_OUTER_BOUND ( 'NONE', #396, .T. ) ;
#5633 = DIRECTION ( 'NONE',  ( -1.000000000000000000, 0.000000000000000000, 0.000000000000000000 ) ) ;
#5634 = VERTEX_POINT ( 'NONE', #5070 ) ;
#5635 = ORIENTED_EDGE ( 'NONE', *, *, #1605, .F. ) ;
#5636 = ORIENTED_EDGE ( 'NONE', *, *, #6725, .F. ) ;
#5637 = EDGE_CURVE ( 'NONE', #8547, #1275, #5628, .T. ) ;
#5638 = EDGE_CURVE ( 'NONE', #2844, #4449, #4243, .T. ) ;
#5639 = CARTESIAN_POINT ( 'NONE',  ( 10.00446747355705490, -11.44336622548361859, 4.049999999999999822 ) ) ;
#5640 = ORIENTED_EDGE ( 'NONE', *, *, #4577, .F. ) ;
#5641 = DIRECTION ( 'NONE',  ( -0.000000000000000000, -0.000000000000000000, -1.000000000000000000 ) ) ;
#5642 = ORIENTED_EDGE ( 'NONE', *, *, #7200, .F. ) ;
#5643 = DIRECTION ( 'NONE',  ( 0.000000000000000000, 0.000000000000000000, 1.000000000000000000 ) ) ;
#5644 = CARTESIAN_POINT ( 'NONE',  ( 0.000000000000000000, 0.000000000000000000, 3.049999999999999822 ) ) ;
#5645 = ADVANCED_FACE ( 'NONE', ( #8568 ), #9206, .T. ) ;
#5647 = EDGE_CURVE ( 'NONE', #2229, #4006, #3819, .T. ) ;
#5646 = EDGE_CURVE ( 'NONE', #7332, #1336, #3080, .T. ) ;
#5648 = DIRECTION ( 'NONE',  ( 0.000000000000000000, 0.000000000000000000, 1.000000000000000000 ) ) ;
#5649 = CARTESIAN_POINT ( 'NONE',  ( 24.25000000000001066, -6.350000000000000533, -2.286000000000000032 ) ) ;
#5650 = EDGE_LOOP ( 'NONE', ( #167, #8628, #7731, #4300 ) ) ;
#5651 = LINE ( 'NONE', #7846, #8817 ) ;
#5652 = ORIENTED_EDGE ( 'NONE', *, *, #5475, .T. ) ;
#5653 = ORIENTED_EDGE ( 'NONE', *, *, #7729, .T. ) ;
#5654 = DIRECTION ( 'NONE',  ( -0.7071067811865475727, -0.7071067811865475727, 0.000000000000000000 ) ) ;
#5655 = ORIENTED_EDGE ( 'NONE', *, *, #3431, .F. ) ;
#5656 = VERTEX_POINT ( 'NONE', #5261 ) ;
#5657 = CARTESIAN_POINT ( 'NONE',  ( 8.575400865265715211, -12.55000000000000071, -3.049999999999999822 ) ) ;
#5658 = EDGE_CURVE ( 'NONE', #6131, #5568, #3163, .T. ) ;
#5659 = CARTESIAN_POINT ( 'NONE',  ( 17.18650298521228947, 8.920603795974265893, -1.000000000000000000 ) ) ;
#5660 = CARTESIAN_POINT ( 'NONE',  ( 9.283939713020927798, 12.03530071934194723, 15.75000000000000000 ) ) ;
#5661 = DIRECTION ( 'NONE',  ( 0.000000000000000000, 0.000000000000000000, 1.000000000000000000 ) ) ;
#5662 = CARTESIAN_POINT ( 'NONE',  ( -12.34299174844745650, -8.870799062724520567, 4.291770568774345485 ) ) ;
#5663 = LINE ( 'NONE', #1948, #7957 ) ;
#5664 = AXIS2_PLACEMENT_3D ( 'NONE', #8251, #5457, #4844 ) ;
#5665 = CARTESIAN_POINT ( 'NONE',  ( -21.62060379597427229, 8.213497014787712658, 2.286000000000000032 ) ) ;
#5666 = ORIENTED_EDGE ( 'NONE', *, *, #3896, .F. ) ;
#5667 = CARTESIAN_POINT ( 'NONE',  ( -19.05000000000001137, -6.349999999999999645, 3.049999999999999822 ) ) ;
#5668 = ORIENTED_EDGE ( 'NONE', *, *, #4232, .F. ) ;
#5669 = CARTESIAN_POINT ( 'NONE',  ( 7.033815409179376310, -9.919192062585004521, 13.57956192592527245 ) ) ;
#5670 = ORIENTED_EDGE ( 'NONE', *, *, #9048, .T. ) ;
#5671 = FACE_OUTER_BOUND ( 'NONE', #5241, .T. ) ;
#5672 = DIRECTION ( 'NONE',  ( -0.000000000000000000, 0.000000000000000000, -1.000000000000000000 ) ) ;
#5673 = AXIS2_PLACEMENT_3D ( 'NONE', #5325, #6067, #4434 ) ;
#5674 = FACE_OUTER_BOUND ( 'NONE', #8842, .T. ) ;
#5675 = CARTESIAN_POINT ( 'NONE',  ( 16.47939620402574334, 8.213497014787719763, -2.286000000000000032 ) ) ;
#5676 = CIRCLE ( 'NONE', #4338, 3.175000000000000711 ) ;
#5677 = LINE ( 'NONE', #8574, #8809 ) ;
#5678 = DIRECTION ( 'NONE',  ( 0.000000000000000000, 0.000000000000000000, 1.000000000000000000 ) ) ;
#5679 = EDGE_LOOP ( 'NONE', ( #336, #5583, #1939, #1007 ) ) ;
#5680 = ORIENTED_EDGE ( 'NONE', *, *, #2853, .F. ) ;
#5681 = VECTOR ( 'NONE', #3519, 1000.000000000000000 ) ;
#5682 = VERTEX_POINT ( 'NONE', #8843 ) ;
#5683 = ORIENTED_EDGE ( 'NONE', *, *, #8337, .F. ) ;
#5684 = LOCAL_TIME ( 9, 9, 35.00000000000000000, #8627 ) ;
#5685 = AXIS2_PLACEMENT_3D ( 'NONE', #408, #1900, #4770 ) ;
#5686 = PLANE ( 'NONE',  #6151 ) ;
#5687 = ORIENTED_EDGE ( 'NONE', *, *, #31, .F. ) ;
#5688 = EDGE_CURVE ( 'NONE', #4594, #2385, #7981, .T. ) ;
#5689 = CARTESIAN_POINT ( 'NONE',  ( 0.000000000000000000, 0.000000000000000000, 0.000000000000000000 ) ) ;
#5690 = ORIENTED_EDGE ( 'NONE', *, *, #5089, .T. ) ;
#5691 = VECTOR ( 'NONE', #4280, 1000.000000000000000 ) ;
#5692 = CARTESIAN_POINT ( 'NONE',  ( -15.10488494811827564, 1.697778166931711130, 3.049999999999999822 ) ) ;
#5693 = AXIS2_PLACEMENT_3D ( 'NONE', #4346, #2211, #1417 ) ;
#5694 = CARTESIAN_POINT ( 'NONE',  ( -22.22500000000001208, 6.349999999999999645, -2.286000000000000032 ) ) ;
#5695 = CIRCLE ( 'NONE', #1698, 3.175000000000000711 ) ;
#5696 = DIRECTION ( 'NONE',  ( 1.000000000000000000, 0.000000000000000000, 0.000000000000000000 ) ) ;
#5697 = LINE ( 'NONE', #8588, #1542 ) ;
#5698 = VECTOR ( 'NONE', #8192, 1000.000000000000000 ) ;
#5699 = VECTOR ( 'NONE', #2230, 1000.000000000000000 ) ;
#5700 = ORIENTED_EDGE ( 'NONE', *, *, #7685, .T. ) ;
#5701 = EDGE_CURVE ( 'NONE', #1942, #1953, #2766, .T. ) ;
#5703 = EDGE_CURVE ( 'NONE', #5612, #7724, #978, .T. ) ;
#5702 = EDGE_CURVE ( 'NONE', #2850, #2468, #5813, .T. ) ;
#5704 = CYLINDRICAL_SURFACE ( 'NONE', #4795, 15.19999999999999929 ) ;
#5705 = VERTEX_POINT ( 'NONE', #5216 ) ;
#5706 = ORIENTED_EDGE ( 'NONE', *, *, #5808, .F. ) ;
#5707 = CARTESIAN_POINT ( 'NONE',  ( 19.40355339059328443, 5.996446609406727468, 1.000000000000000000 ) ) ;
#5708 = VERTEX_POINT ( 'NONE', #328 ) ;
#5709 = VERTEX_POINT ( 'NONE', #7213 ) ;
#5710 = PLANE ( 'NONE',  #5281 ) ;
#5711 = DIRECTION ( 'NONE',  ( 0.000000000000000000, 0.000000000000000000, 1.000000000000000000 ) ) ;
#5712 = DIRECTION ( 'NONE',  ( -0.000000000000000000, -0.000000000000000000, -1.000000000000000000 ) ) ;
#5713 = CARTESIAN_POINT ( 'NONE',  ( 13.06709232925048347, -7.767182078669017109, 3.049999999999999822 ) ) ;
#5714 = VECTOR ( 'NONE', #7852, 1000.000000000000000 ) ;
#5715 = AXIS2_PLACEMENT_3D ( 'NONE', #6054, #5351, #1159 ) ;
#5716 = PLANE ( 'NONE',  #2155 ) ;
#5718 = EDGE_CURVE ( 'NONE', #2545, #7066, #1676, .T. ) ;
#5717 = EDGE_CURVE ( 'NONE', #1276, #6074, #3663, .T. ) ;
#5719 = CARTESIAN_POINT ( 'NONE',  ( -13.14289321881345352, -11.55000000000000071, 3.049999999999999822 ) ) ;
#5720 = VERTEX_POINT ( 'NONE', #7354 ) ;
#5721 = CIRCLE ( 'NONE', #7358, 3.175000000000000711 ) ;
#5722 = AXIS2_PLACEMENT_3D ( 'NONE', #7856, #2369, #2878 ) ;
#5723 = DIRECTION ( 'NONE',  ( 1.000000000000000000, 0.000000000000000000, 0.000000000000000000 ) ) ;
#5724 = ORIENTED_EDGE ( 'NONE', *, *, #750, .F. ) ;
#5725 = CARTESIAN_POINT ( 'NONE',  ( -20.91349701478772616, -3.779396204025738726, 2.286000000000000032 ) ) ;
#5726 = EDGE_LOOP ( 'NONE', ( #1989, #6238, #2999, #3664 ) ) ;
#5727 = DIRECTION ( 'NONE',  ( 1.000000000000000000, -3.783957776634915868E-16, 0.000000000000000000 ) ) ;
#5728 = PLANE ( 'NONE',  #2758 ) ;
#5729 = DIRECTION ( 'NONE',  ( -0.000000000000000000, -0.000000000000000000, 1.000000000000000000 ) ) ;
#5730 = DIRECTION ( 'NONE',  ( 0.000000000000000000, 0.000000000000000000, 1.000000000000000000 ) ) ;
#5731 = AXIS2_PLACEMENT_3D ( 'NONE', #143, #5672, #4926 ) ;
#5732 = EDGE_CURVE ( 'NONE', #7212, #1270, #7387, .T. ) ;
#5733 = DIRECTION ( 'NONE',  ( -1.000000000000000000, 0.000000000000000000, 0.000000000000000000 ) ) ;
#5734 = DIRECTION ( 'NONE',  ( -0.7071067811865477948, 0.7071067811865473507, -0.000000000000000000 ) ) ;
#5735 = ORIENTED_EDGE ( 'NONE', *, *, #6092, .F. ) ;
#5736 = ORIENTED_EDGE ( 'NONE', *, *, #6726, .T. ) ;
#5737 = VECTOR ( 'NONE', #1261, 1000.000000000000000 ) ;
#5738 = ORIENTED_EDGE ( 'NONE', *, *, #6340, .F. ) ;
#5739 = ORIENTED_EDGE ( 'NONE', *, *, #2854, .T. ) ;
#5740 = CARTESIAN_POINT ( 'NONE',  ( 10.72581712943628318, -6.800747629007434014, 3.594740715504962214 ) ) ;
#5741 = DIRECTION ( 'NONE',  ( -0.000000000000000000, -0.000000000000000000, -1.000000000000000000 ) ) ;
#5742 = EDGE_LOOP ( 'NONE', ( #4013, #8637, #2498, #3250 ) ) ;
#5743 = ORIENTED_EDGE ( 'NONE', *, *, #3334, .F. ) ;
#5744 = CARTESIAN_POINT ( 'NONE',  ( 24.25000000000001066, 6.349999999999999645, -1.000000000000000000 ) ) ;
#5745 = AXIS2_PLACEMENT_3D ( 'NONE', #2175, #2036, #4122 ) ;
#5746 = DIRECTION ( 'NONE',  ( 0.000000000000000000, 0.000000000000000000, 1.000000000000000000 ) ) ;
#5747 = CARTESIAN_POINT ( 'NONE',  ( 9.420798938022235447, -6.595342854572392888, 14.55000000000000782 ) ) ;
#5748 = DIRECTION ( 'NONE',  ( -0.000000000000000000, 1.000000000000000000, 0.000000000000000000 ) ) ;
#5749 = ORIENTED_EDGE ( 'NONE', *, *, #5087, .T. ) ;
#5750 = LINE ( 'NONE', #6646, #2722 ) ;
#5751 = EDGE_LOOP ( 'NONE', ( #1350, #8736, #1126, #8195 ) ) ;
#5752 = ORIENTED_EDGE ( 'NONE', *, *, #1941, .T. ) ;
#5753 = DIRECTION ( 'NONE',  ( 0.7071067811865476838, 0.7071067811865474617, 0.000000000000000000 ) ) ;
#5754 = ORIENTED_EDGE ( 'NONE', *, *, #1780, .T. ) ;
#5755 = VERTEX_POINT ( 'NONE', #5309 ) ;
#5756 = DIRECTION ( 'NONE',  ( -0.000000000000000000, -0.000000000000000000, -1.000000000000000000 ) ) ;
#5757 = LINE ( 'NONE', #4829, #9010 ) ;
#5758 = DIRECTION ( 'NONE',  ( 0.000000000000000000, 0.000000000000000000, 1.000000000000000000 ) ) ;
#5759 = DIRECTION ( 'NONE',  ( -0.000000000000000000, -0.000000000000000000, 1.000000000000000000 ) ) ;
#5760 = EDGE_CURVE ( 'NONE', #6802, #1927, #159, .T. ) ;
#5762 = EDGE_CURVE ( 'NONE', #8771, #6994, #883, .T. ) ;
#5761 = EDGE_CURVE ( 'NONE', #6802, #4850, #5869, .T. ) ;
#5763 = DIRECTION ( 'NONE',  ( 1.000000000000000000, 0.000000000000000000, -0.000000000000000000 ) ) ;
#5764 = DIRECTION ( 'NONE',  ( 0.000000000000000000, 0.000000000000000000, -1.000000000000000000 ) ) ;
#5765 = EDGE_LOOP ( 'NONE', ( #2789, #2727 ) ) ;
#5766 = DIRECTION ( 'NONE',  ( -0.000000000000000000, -0.000000000000000000, -1.000000000000000000 ) ) ;
#5767 = ORIENTED_EDGE ( 'NONE', *, *, #5195, .T. ) ;
#5768 = DIRECTION ( 'NONE',  ( 1.000000000000000000, 0.000000000000000000, 0.000000000000000000 ) ) ;
#5769 = ORIENTED_EDGE ( 'NONE', *, *, #3320, .T. ) ;
#5770 = CARTESIAN_POINT ( 'NONE',  ( 18.69644660940673830, 6.703553390593272709, 1.000000000000000000 ) ) ;
#5771 = CARTESIAN_POINT ( 'NONE',  ( 19.05000000000001137, 6.349999999999999645, -1.000000000000000000 ) ) ;
#5772 = ADVANCED_FACE ( 'NONE', ( #2419 ), #8148, .T. ) ;
#5773 = CARTESIAN_POINT ( 'NONE',  ( 9.283939713020943785, -12.03530071934193479, 15.75000000000000000 ) ) ;
#5775 = ADVANCED_FACE ( 'NONE', ( #8709 ), #2333, .F. ) ;
#5774 = EDGE_CURVE ( 'NONE', #6684, #158, #4423, .T. ) ;
#5776 = CARTESIAN_POINT ( 'NONE',  ( -24.25000000000001066, -1.545584412271577612, 2.286000000000000032 ) ) ;
#5777 = CARTESIAN_POINT ( 'NONE',  ( -20.18137084989849583, 8.188477631085028463, -2.286000000000000032 ) ) ;
#5778 = DIRECTION ( 'NONE',  ( 0.000000000000000000, 0.000000000000000000, 1.000000000000000000 ) ) ;
#5779 = ORIENTED_EDGE ( 'NONE', *, *, #5996, .T. ) ;
#5780 = ORIENTED_EDGE ( 'NONE', *, *, #6792, .F. ) ;
#5781 = ORIENTED_EDGE ( 'NONE', *, *, #5760, .F. ) ;
#5782 = ORIENTED_EDGE ( 'NONE', *, *, #4047, .F. ) ;
#5783 = DIRECTION ( 'NONE',  ( -1.000000000000000000, 0.000000000000000000, 0.000000000000000000 ) ) ;
#5784 = ADVANCED_FACE ( 'NONE', ( #6617 ), #3345, .T. ) ;
#5785 = LINE ( 'NONE', #8476, #4952 ) ;
#5786 = ORIENTED_EDGE ( 'NONE', *, *, #3417, .F. ) ;
#5787 = PERSON_AND_ORGANIZATION ( #1070, #932 ) ;
#5788 = ORIENTED_EDGE ( 'NONE', *, *, #6171, .T. ) ;
#5789 = CARTESIAN_POINT ( 'NONE',  ( 21.62060379597427584, -4.486502985212277750, 2.286000000000000032 ) ) ;
#5790 = DIRECTION ( 'NONE',  ( -0.000000000000000000, -0.000000000000000000, -1.000000000000000000 ) ) ;
#5791 = CARTESIAN_POINT ( 'NONE',  ( 8.435351376412047131, 12.64475683861847344, 3.393008547309931622 ) ) ;
#5792 = AXIS2_PLACEMENT_3D ( 'NONE', #5400, #1257, #1870 ) ;
#5793 = FACE_OUTER_BOUND ( 'NONE', #1179, .T. ) ;
#5794 = EDGE_LOOP ( 'NONE', ( #660, #2800, #85, #3051 ) ) ;
#5795 = FACE_OUTER_BOUND ( 'NONE', #1791, .T. ) ;
#5796 = ORIENTED_EDGE ( 'NONE', *, *, #1909, .F. ) ;
#5797 = VERTEX_POINT ( 'NONE', #3388 ) ;
#5798 = CARTESIAN_POINT ( 'NONE',  ( 12.13650746063114738, 9.152739640218673145, 11.98607683914965705 ) ) ;
#5799 = ORIENTED_EDGE ( 'NONE', *, *, #1440, .F. ) ;
#5800 = ORIENTED_EDGE ( 'NONE', *, *, #4047, .T. ) ;
#5801 = CARTESIAN_POINT ( 'NONE',  ( 8.870799062724689321, -12.34299174844734104, 4.291770568774367689 ) ) ;
#5802 = DIRECTION ( 'NONE',  ( 0.000000000000000000, 0.000000000000000000, -1.000000000000000000 ) ) ;
#5803 = PLANE ( 'NONE',  #3812 ) ;
#5804 = CARTESIAN_POINT ( 'NONE',  ( 0.000000000000000000, 0.000000000000000000, -3.049999999999999822 ) ) ;
#5805 = DIRECTION ( 'NONE',  ( -0.7071067811865474617, 0.7071067811865474617, -0.000000000000000000 ) ) ;
#5806 = DIRECTION ( 'NONE',  ( 1.000000000000000000, 0.000000000000000000, 0.000000000000000000 ) ) ;
#5807 = EDGE_LOOP ( 'NONE', ( #3999, #549, #2787, #3146, #7465 ) ) ;
#5808 = EDGE_CURVE ( 'NONE', #8626, #4185, #374, .T. ) ;
#5809 = CARTESIAN_POINT ( 'NONE',  ( -18.69644660940673830, 5.996446609406726580, 1.000000000000000000 ) ) ;
#5810 = VERTEX_POINT ( 'NONE', #1944 ) ;
#5811 = DIRECTION ( 'NONE',  ( 0.000000000000000000, -1.000000000000000000, 0.000000000000000000 ) ) ;
#5812 = VERTEX_POINT ( 'NONE', #1061 ) ;
#5813 = LINE ( 'NONE', #2378, #3960 ) ;
#5814 = CARTESIAN_POINT ( 'NONE',  ( -15.20000000000001350, 1.026341648675403128E-45, 3.049999999999999822 ) ) ;
#5815 = CARTESIAN_POINT ( 'NONE',  ( -22.70441558772843393, 1.287490079826536515E-15, 1.000000000000000000 ) ) ;
#5816 = CARTESIAN_POINT ( 'NONE',  ( -22.35636464127575707, -10.36347142246229502, 3.049999999999999822 ) ) ;
#5817 = AXIS2_PLACEMENT_3D ( 'NONE', #9166, #4986, #2892 ) ;
#5818 = DIRECTION ( 'NONE',  ( 1.000000000000000000, 0.000000000000000000, 0.000000000000000000 ) ) ;
#5819 = EDGE_CURVE ( 'NONE', #7919, #4594, #8923, .T. ) ;
#5820 = CARTESIAN_POINT ( 'NONE',  ( -4.341914580254012890, -14.56666666666665932, 3.049999999999999822 ) ) ;
#5823 = EDGE_CURVE ( 'NONE', #7594, #6627, #6874, .T. ) ;
#5822 = EDGE_CURVE ( 'NONE', #2300, #7816, #4774, .T. ) ;
#5821 = ORIENTED_EDGE ( 'NONE', *, *, #822, .T. ) ;
#5824 = ORIENTED_EDGE ( 'NONE', *, *, #7008, .F. ) ;
#5825 = AXIS2_PLACEMENT_3D ( 'NONE', #8073, #6716, #342 ) ;
#5826 = ORIENTED_EDGE ( 'NONE', *, *, #426, .F. ) ;
#5827 = PLANE ( 'NONE',  #6038 ) ;
#5828 = EDGE_CURVE ( 'NONE', #5215, #8448, #8273, .T. ) ;
#5829 = CARTESIAN_POINT ( 'NONE',  ( 15.87500000000000355, -6.349999999999999645, 2.286000000000000032 ) ) ;
#5830 = CIRCLE ( 'NONE', #7316, 15.19999999999999929 ) ;
#5831 = CARTESIAN_POINT ( 'NONE',  ( 24.25000000000001066, -1.545584412271583830, -2.286000000000000032 ) ) ;
#5832 = ORIENTED_EDGE ( 'NONE', *, *, #3886, .T. ) ;
#5833 = VECTOR ( 'NONE', #2435, 1000.000000000000000 ) ;
#5834 = DATE_AND_TIME ( #6027, #1848 ) ;
#5835 = ADVANCED_FACE ( 'NONE', ( #1246 ), #500, .T. ) ;
#5836 = ORIENTED_EDGE ( 'NONE', *, *, #5319, .T. ) ;
#5837 = DIRECTION ( 'NONE',  ( -0.000000000000000000, -0.000000000000000000, 1.000000000000000000 ) ) ;
#5838 = DIRECTION ( 'NONE',  ( 0.000000000000000000, 0.000000000000000000, 1.000000000000000000 ) ) ;
#5839 = AXIS2_PLACEMENT_3D ( 'NONE', #3074, #917, #2971 ) ;
#5840 = LINE ( 'NONE', #7734, #355 ) ;
#5841 = AXIS2_PLACEMENT_3D ( 'NONE', #8088, #5295, #7428 ) ;
#5842 = FACE_OUTER_BOUND ( 'NONE', #2496, .T. ) ;
#5843 = AXIS2_PLACEMENT_3D ( 'NONE', #8590, #222, #5239 ) ;
#5844 = ORIENTED_EDGE ( 'NONE', *, *, #3557, .T. ) ;
#5845 = EDGE_CURVE ( 'NONE', #3368, #6527, #1195, .T. ) ;
#5846 = FACE_OUTER_BOUND ( 'NONE', #8487, .T. ) ;
#5847 = ORIENTED_EDGE ( 'NONE', *, *, #4687, .F. ) ;
#5848 = ORIENTED_EDGE ( 'NONE', *, *, #8033, .F. ) ;
#5849 = VECTOR ( 'NONE', #6985, 1000.000000000000000 ) ;
#5850 = CARTESIAN_POINT ( 'NONE',  ( -6.595342854572515456, -9.420798938022148405, 14.55000000000000782 ) ) ;
#5851 = ORIENTED_EDGE ( 'NONE', *, *, #8772, .F. ) ;
#5852 = FACE_OUTER_BOUND ( 'NONE', #5284, .T. ) ;
#5853 = CARTESIAN_POINT ( 'NONE',  ( 24.25000000000001066, 1.545584412271583163, 3.049999999999999822 ) ) ;
#5854 = CARTESIAN_POINT ( 'NONE',  ( -16.47939620402574690, -8.213497014787712658, -1.000000000000000444 ) ) ;
#5855 = CARTESIAN_POINT ( 'NONE',  ( -12.34644660940673866, -0.3535533905932768395, -1.000000000000000000 ) ) ;
#5856 = AXIS2_PLACEMENT_3D ( 'NONE', #5316, #8155, #1772 ) ;
#5857 = CARTESIAN_POINT ( 'NONE',  ( 2.783128176749739779, 2.783128176749769533, 4.549999999999999822 ) ) ;
#5858 = VECTOR ( 'NONE', #8178, 1000.000000000000000 ) ;
#5859 = AXIS2_PLACEMENT_3D ( 'NONE', #317, #8221, #1847 ) ;
#5860 = FACE_OUTER_BOUND ( 'NONE', #7242, .T. ) ;
#5861 = ORIENTED_EDGE ( 'NONE', *, *, #4701, .T. ) ;
#5862 = APPROVAL_PERSON_ORGANIZATION ( #5787, #8473, #4339 ) ;
#5863 = CARTESIAN_POINT ( 'NONE',  ( 25.25000000000001066, 6.349999999999999645, 1.000000000000000000 ) ) ;
#5864 = ORIENTED_EDGE ( 'NONE', *, *, #6942, .F. ) ;
#5865 = VECTOR ( 'NONE', #5811, 1000.000000000000000 ) ;
#5866 = CARTESIAN_POINT ( 'NONE',  ( -10.59106589315237912, 7.008640439546281797, 4.009997168972483372 ) ) ;
#5867 = AXIS2_PLACEMENT_3D ( 'NONE', #3308, #6101, #6150 ) ;
#5868 = ORIENTED_EDGE ( 'NONE', *, *, #3781, .F. ) ;
#5869 = LINE ( 'NONE', #286, #5595 ) ;
#5870 = CARTESIAN_POINT ( 'NONE',  ( 0.000000000000000000, 0.000000000000000000, 3.049999999999999822 ) ) ;
#5871 = LINE ( 'NONE', #2422, #7453 ) ;
#5872 = DIRECTION ( 'NONE',  ( 0.7071067811865476838, 0.7071067811865474617, -0.000000000000000000 ) ) ;
#5873 = ADVANCED_FACE ( 'NONE', ( #6749 ), #4642, .T. ) ;
#5874 =( BOUNDED_CURVE ( )  B_SPLINE_CURVE ( 3, ( #4710, #6890, #4657, #1876 ),
 .UNSPECIFIED., .F., .T. ) 
 B_SPLINE_CURVE_WITH_KNOTS ( ( 4, 4 ),
 ( 4.840734874276008348, 4.873437229494069101 ),
 .UNSPECIFIED. ) 
 CURVE ( )  GEOMETRIC_REPRESENTATION_ITEM ( )  RATIONAL_B_SPLINE_CURVE ( ( 1.000000000000000000, 0.9999108816491901752, 0.9999108816491901752, 1.000000000000000000 ) ) 
 REPRESENTATION_ITEM ( '' )  );
#5875 = VECTOR ( 'NONE', #1329, 1000.000000000000000 ) ;
#5876 = CARTESIAN_POINT ( 'NONE',  ( 17.18650298521228947, 3.779396204025733397, -1.000000000000000000 ) ) ;
#5877 = DIRECTION ( 'NONE',  ( -1.000000000000000000, 0.000000000000000000, 0.000000000000000000 ) ) ;
#5878 = LINE ( 'NONE', #7077, #5054 ) ;
#5879 = ORIENTED_EDGE ( 'NONE', *, *, #618, .F. ) ;
#5880 = ORIENTED_EDGE ( 'NONE', *, *, #4847, .T. ) ;
#5881 = CARTESIAN_POINT ( 'NONE',  ( -18.69644660940673830, 6.703553390593272709, 1.000000000000000000 ) ) ;
#5882 = AXIS2_PLACEMENT_3D ( 'NONE', #1830, #7419, #2049 ) ;
#5883 = LINE ( 'NONE', #7454, #3754 ) ;
#5884 = EDGE_CURVE ( 'NONE', #7683, #7487, #7443, .T. ) ;
#5886 = EDGE_CURVE ( 'NONE', #8881, #2152, #5390, .T. ) ;
#5885 = ADVANCED_FACE ( 'NONE', ( #2551 ), #6227, .T. ) ;
#5887 = AXIS2_PLACEMENT_3D ( 'NONE', #7567, #2596, #8919 ) ;
#5888 = CARTESIAN_POINT ( 'NONE',  ( 11.57710886669494954, 9.849393396991160898, 15.75000000000000000 ) ) ;
#5889 = ORIENTED_EDGE ( 'NONE', *, *, #1426, .F. ) ;
#5890 = PERSON_AND_ORGANIZATION ( #1070, #932 ) ;
#5891 = ORIENTED_EDGE ( 'NONE', *, *, #6340, .T. ) ;
#5892 = DIRECTION ( 'NONE',  ( -0.7071067811865460184, -0.7071067811865490160, -6.588586875639349276E-21 ) ) ;
#5893 = ORIENTED_EDGE ( 'NONE', *, *, #3602, .F. ) ;
#5894 = CARTESIAN_POINT ( 'NONE',  ( -19.05000000000001137, -6.349999999999999645, 2.286000000000000032 ) ) ;
#5895 = DIRECTION ( 'NONE',  ( 1.000000000000000000, 0.000000000000000000, 0.000000000000000000 ) ) ;
#5896 = AXIS2_PLACEMENT_3D ( 'NONE', #4432, #5183, #4528 ) ;
#5897 = CARTESIAN_POINT ( 'NONE',  ( 17.70220779386425036, 5.002207793864254626, -1.000000000000000000 ) ) ;
#5899 = EDGE_CURVE ( 'NONE', #4745, #3565, #4733, .T. ) ;
#5898 = EDGE_CURVE ( 'NONE', #5232, #8333, #3988, .T. ) ;
#5900 = VERTEX_POINT ( 'NONE', #1904 ) ;
#5901 = CARTESIAN_POINT ( 'NONE',  ( -20.91349701478772616, -8.920603795974260564, 2.286000000000000032 ) ) ;
#5902 = EDGE_LOOP ( 'NONE', ( #8316, #5754, #7284, #588 ) ) ;
#5903 = ORIENTED_EDGE ( 'NONE', *, *, #312, .T. ) ;
#5904 = AXIS2_PLACEMENT_3D ( 'NONE', #3426, #2731, #6362 ) ;
#5905 = CARTESIAN_POINT ( 'NONE',  ( -16.95000000000000995, 6.349999999999999645, -2.286000000000000032 ) ) ;
#5906 = ORIENTED_EDGE ( 'NONE', *, *, #694, .F. ) ;
#5907 = DIRECTION ( 'NONE',  ( 1.000000000000000000, -3.551402391763541198E-15, 0.000000000000000000 ) ) ;
#5908 = CARTESIAN_POINT ( 'NONE',  ( -17.91862915010153401, -4.511522368914974379, -2.286000000000000032 ) ) ;
#5909 = CARTESIAN_POINT ( 'NONE',  ( -6.800747629007582340, -10.72581712943618903, 3.594740715504979534 ) ) ;
#5910 = DIRECTION ( 'NONE',  ( 0.7071067811865513475, -0.7071067811865436870, 0.000000000000000000 ) ) ;
#5911 = PLANE ( 'NONE',  #4193 ) ;
#5912 = EDGE_CURVE ( 'NONE', #8116, #5025, #691, .T. ) ;
#5913 = CYLINDRICAL_SURFACE ( 'NONE', #5839, 3.175000000000000711 ) ;
#5914 = ORIENTED_EDGE ( 'NONE', *, *, #8609, .T. ) ;
#5915 = LINE ( 'NONE', #5256, #7251 ) ;
#5916 = ORIENTED_EDGE ( 'NONE', *, *, #6741, .T. ) ;
#5917 = LINE ( 'NONE', #3161, #6896 ) ;
#5918 = ORIENTED_EDGE ( 'NONE', *, *, #1326, .F. ) ;
#5919 = DIRECTION ( 'NONE',  ( 1.000000000000000000, 0.000000000000000000, 0.000000000000000000 ) ) ;
#5920 = CARTESIAN_POINT ( 'NONE',  ( -7.173516224744680869, -10.48049788266143878, 6.751496890849855603 ) ) ;
#5921 = PLANE ( 'NONE',  #8197 ) ;
#5922 = DIRECTION ( 'NONE',  ( -0.000000000000000000, -0.000000000000000000, -1.000000000000000000 ) ) ;
#5923 = DIRECTION ( 'NONE',  ( 0.000000000000000000, 0.000000000000000000, 1.000000000000000000 ) ) ;
#5924 = CARTESIAN_POINT ( 'NONE',  ( -24.25000000000001066, 1.857106781186547595, -1.000000000000000000 ) ) ;
#5925 = CARTESIAN_POINT ( 'NONE',  ( -9.420798938022239000, 6.595342854572389335, 14.55000000000000782 ) ) ;
#5926 = VERTEX_POINT ( 'NONE', #5523 ) ;
#5927 = ORIENTED_EDGE ( 'NONE', *, *, #5549, .T. ) ;
#5928 = CARTESIAN_POINT ( 'NONE',  ( -10.01731424083786237, -7.115400157519580659, 13.31173150231344238 ) ) ;
#5929 = LINE ( 'NONE', #8763, #4917 ) ;
#5930 = LINE ( 'NONE', #258, #8491 ) ;
#5931 = ORIENTED_EDGE ( 'NONE', *, *, #527, .T. ) ;
#5932 = ORIENTED_EDGE ( 'NONE', *, *, #5150, .T. ) ;
#5933 = ADVANCED_FACE ( 'NONE', ( #2683 ), #6088, .F. ) ;
#5934 = CARTESIAN_POINT ( 'NONE',  ( 24.25000000000001066, -1.857106781186541600, -2.286000000000000032 ) ) ;
#5935 = EDGE_CURVE ( 'NONE', #5603, #3614, #450, .T. ) ;
#5936 = ORIENTED_EDGE ( 'NONE', *, *, #6092, .T. ) ;
#5937 = FACE_OUTER_BOUND ( 'NONE', #4489, .T. ) ;
#5938 = FACE_OUTER_BOUND ( 'NONE', #5230, .T. ) ;
#5939 = ORIENTED_EDGE ( 'NONE', *, *, #2526, .T. ) ;
#5940 = DIRECTION ( 'NONE',  ( -1.000000000000000000, 0.000000000000000000, 0.000000000000000000 ) ) ;
#5941 = ORIENTED_EDGE ( 'NONE', *, *, #7483, .T. ) ;
#5942 = ORIENTED_EDGE ( 'NONE', *, *, #5251, .F. ) ;
#5943 = ADVANCED_FACE ( 'NONE', ( #2078 ), #6783, .F. ) ;
#5944 = CARTESIAN_POINT ( 'NONE',  ( 0.000000000000000000, 0.000000000000000000, 2.286000000000000032 ) ) ;
#5946 = EDGE_CURVE ( 'NONE', #3096, #5056, #8575, .T. ) ;
#5945 = EDGE_CURVE ( 'NONE', #2134, #223, #5757, .T. ) ;
#5947 = ORIENTED_EDGE ( 'NONE', *, *, #7739, .F. ) ;
#5948 = DIRECTION ( 'NONE',  ( -0.000000000000000000, 1.000000000000000000, -0.000000000000000000 ) ) ;
#5949 = CARTESIAN_POINT ( 'NONE',  ( 14.55710678118654933, -11.55000000000000071, 1.000000000000000000 ) ) ;
#5950 = DIRECTION ( 'NONE',  ( 0.000000000000000000, 1.000000000000000000, 0.000000000000000000 ) ) ;
#5951 = DIRECTION ( 'NONE',  ( -0.000000000000000000, -0.000000000000000000, -1.000000000000000000 ) ) ;
#5952 = CARTESIAN_POINT ( 'NONE',  ( -24.25000000000001066, -1.545584412271577834, -2.286000000000000032 ) ) ;
#5953 = DIRECTION ( 'NONE',  ( 0.000000000000000000, 0.000000000000000000, 1.000000000000000000 ) ) ;
#5954 = ORIENTED_EDGE ( 'NONE', *, *, #752, .F. ) ;
#5955 = CARTESIAN_POINT ( 'NONE',  ( -25.25000000000001066, -6.349999999999998757, 1.000000000000000000 ) ) ;
#5956 = EDGE_CURVE ( 'NONE', #1534, #4314, #1136, .T. ) ;
#5957 = ORIENTED_EDGE ( 'NONE', *, *, #3841, .F. ) ;
#5958 = CARTESIAN_POINT ( 'NONE',  ( -25.25000000000001066, 1.131370849898481135, -3.049999999999999822 ) ) ;
#5959 = ORIENTED_EDGE ( 'NONE', *, *, #7469, .T. ) ;
#5960 = CARTESIAN_POINT ( 'NONE',  ( 9.283939713020943785, -12.03530071934193479, 15.75000000000000000 ) ) ;
#5961 = CARTESIAN_POINT ( 'NONE',  ( 21.62060379597428295, 4.486502985212278638, -2.286000000000000032 ) ) ;
#5962 = LINE ( 'NONE', #288, #6408 ) ;
#5963 = CARTESIAN_POINT ( 'NONE',  ( -9.881168959186966916, -11.54999999999999893, -1.000000000000000000 ) ) ;
#5964 = CARTESIAN_POINT ( 'NONE',  ( 20.91349701478772971, -3.779396204025731620, 1.000000000000000000 ) ) ;
#5965 = CARTESIAN_POINT ( 'NONE',  ( -19.05000000000001492, -14.89999999999999858, -3.049999999999999822 ) ) ;
#5966 = DIRECTION ( 'NONE',  ( 1.000000000000000000, 0.000000000000000000, 0.000000000000000000 ) ) ;
#5967 = ORIENTED_EDGE ( 'NONE', *, *, #874, .F. ) ;
#5968 = ORIENTED_EDGE ( 'NONE', *, *, #3261, .T. ) ;
#5969 = FACE_OUTER_BOUND ( 'NONE', #8100, .T. ) ;
#5970 = CARTESIAN_POINT ( 'NONE',  ( -24.25000000000001066, 1.545584412271578945, -2.286000000000000032 ) ) ;
#5971 = DIRECTION ( 'NONE',  ( -0.7071067811865476838, 0.7071067811865474617, -0.000000000000000000 ) ) ;
#5972 = VERTEX_POINT ( 'NONE', #8413 ) ;
#5973 = AXIS2_PLACEMENT_3D ( 'NONE', #4928, #2091, #4320 ) ;
#5974 = PERSON_AND_ORGANIZATION ( #1070, #932 ) ;
#5975 = ORIENTED_EDGE ( 'NONE', *, *, #2131, .F. ) ;
#5976 = ORIENTED_EDGE ( 'NONE', *, *, #3234, .F. ) ;
#5977 = CARTESIAN_POINT ( 'NONE',  ( 25.04644660940673973, 0.3535533905932785603, 1.000000000000000000 ) ) ;
#5978 = VECTOR ( 'NONE', #4848, 1000.000000000000000 ) ;
#5979 = CARTESIAN_POINT ( 'NONE',  ( -8.575400865265715211, 12.55000000000000071, 3.049999999999999822 ) ) ;
#5980 = EDGE_CURVE ( 'NONE', #8703, #8021, #4562, .T. ) ;
#5981 = VECTOR ( 'NONE', #1622, 1000.000000000000000 ) ;
#5982 = VERTEX_POINT ( 'NONE', #5659 ) ;
#5983 = DIRECTION ( 'NONE',  ( 0.000000000000000000, 0.000000000000000000, -1.000000000000000000 ) ) ;
#5984 = ORIENTED_EDGE ( 'NONE', *, *, #8060, .F. ) ;
#5985 = ORIENTED_EDGE ( 'NONE', *, *, #3724, .T. ) ;
#5986 = AXIS2_PLACEMENT_3D ( 'NONE', #2943, #1446, #5733 ) ;
#5987 = CARTESIAN_POINT ( 'NONE',  ( -22.22500000000001208, 6.349999999999999645, 2.286000000000000032 ) ) ;
#5988 = ORIENTED_EDGE ( 'NONE', *, *, #80, .F. ) ;
#5989 = CARTESIAN_POINT ( 'NONE',  ( 8.553437378745941899, -12.56517810716662886, 3.524895799052994771 ) ) ;
#5990 = AXIS2_PLACEMENT_3D ( 'NONE', #8215, #6116, #533 ) ;
#5991 = DIRECTION ( 'NONE',  ( 0.000000000000000000, 0.000000000000000000, 1.000000000000000000 ) ) ;
#5992 = CARTESIAN_POINT ( 'NONE',  ( 10.36492705552112525, 7.338820554675403507, 11.30038463814561567 ) ) ;
#5993 = LINE ( 'NONE', #1145, #354 ) ;
#5994 = AXIS2_PLACEMENT_3D ( 'NONE', #4254, #7046, #2863 ) ;
#5995 = EDGE_CURVE ( 'NONE', #8942, #8626, #3081, .T. ) ;
#5997 = EDGE_CURVE ( 'NONE', #6433, #4357, #2482, .T. ) ;
#5996 = EDGE_CURVE ( 'NONE', #353, #7643, #5453, .T. ) ;
#5998 = AXIS2_PLACEMENT_3D ( 'NONE', #5604, #3510, #7132 ) ;
#5999 = FACE_OUTER_BOUND ( 'NONE', #7481, .T. ) ;
#6000 = ORIENTED_EDGE ( 'NONE', *, *, #2115, .F. ) ;
#6001 = CYLINDRICAL_SURFACE ( 'NONE', #4574, 3.175000000000007816 ) ;
#6002 = VERTEX_POINT ( 'NONE', #4261 ) ;
#6003 = DIRECTION ( 'NONE',  ( 0.000000000000000000, 0.000000000000000000, 1.000000000000000000 ) ) ;
#6004 = VECTOR ( 'NONE', #3105, 1000.000000000000000 ) ;
#6005 = EDGE_LOOP ( 'NONE', ( #7273, #8085, #6397, #6532, #6293, #6450, #1612, #8049, #9079, #5452, #5739, #3829, #7893, #4035, #5286, #8084, #7385, #9026 ) ) ;
#6006 = DIRECTION ( 'NONE',  ( -0.000000000000000000, -0.000000000000000000, -1.000000000000000000 ) ) ;
#6007 = CARTESIAN_POINT ( 'NONE',  ( -19.05000000000001137, 12.55000000000000071, 1.000000000000000000 ) ) ;
#6008 = AXIS2_PLACEMENT_3D ( 'NONE', #2605, #6876, #5619 ) ;
#6009 = VECTOR ( 'NONE', #6494, 1000.000000000000000 ) ;
#6010 = CARTESIAN_POINT ( 'NONE',  ( -14.55710678118655643, 11.55000000000000071, -2.286000000000000032 ) ) ;
#6011 = CARTESIAN_POINT ( 'NONE',  ( 7.089843379135149171, 10.53679841599589295, 4.484570918952067053 ) ) ;
#6013 = EDGE_CURVE ( 'NONE', #6075, #9040, #1427, .T. ) ;
#6012 = EDGE_CURVE ( 'NONE', #6074, #4640, #8867, .T. ) ;
#6014 = LINE ( 'NONE', #1733, #8655 ) ;
#6015 = VECTOR ( 'NONE', #140, 1000.000000000000000 ) ;
#6016 = VECTOR ( 'NONE', #6765, 1000.000000000000000 ) ;
#6017 = CARTESIAN_POINT ( 'NONE',  ( 22.70441558772843749, 7.846913223363838341E-15, 2.286000000000000032 ) ) ;
#6018 = CARTESIAN_POINT ( 'NONE',  ( -24.25000000000001066, -1.545584412271577612, -3.049999999999999822 ) ) ;
#6019 = EDGE_LOOP ( 'NONE', ( #2068, #3846, #6501, #3692, #2101, #2798, #3504, #8751, #7484, #6743, #306, #2952, #1404, #6060, #321, #7429, #8490, #5225 ) ) ;
#6020 = ORIENTED_EDGE ( 'NONE', *, *, #2115, .T. ) ;
#6021 = DIRECTION ( 'NONE',  ( 0.000000000000000000, 0.000000000000000000, 1.000000000000000000 ) ) ;
#6022 = LINE ( 'NONE', #8859, #7319 ) ;
#6023 = AXIS2_PLACEMENT_3D ( 'NONE', #9150, #2777, #8552 ) ;
#6024 = AXIS2_PLACEMENT_3D ( 'NONE', #2652, #5621, #4873 ) ;
#6025 = EDGE_CURVE ( 'NONE', #273, #5462, #2874, .T. ) ;
#6026 = CARTESIAN_POINT ( 'NONE',  ( 0.000000000000000000, 12.69999999999999929, 15.75000000000000000 ) ) ;
#6027 = CALENDAR_DATE ( 2022, 7, 6 ) ;
#6028 = ORIENTED_EDGE ( 'NONE', *, *, #1105, .F. ) ;
#6029 = VECTOR ( 'NONE', #3553, 1000.000000000000000 ) ;
#6030 = VERTEX_POINT ( 'NONE', #3567 ) ;
#6031 = CARTESIAN_POINT ( 'NONE',  ( 23.06347142246230320, 9.656364641275745342, 2.286000000000000032 ) ) ;
#6032 = VECTOR ( 'NONE', #8654, 1000.000000000000000 ) ;
#6033 = ORIENTED_EDGE ( 'NONE', *, *, #3674, .F. ) ;
#6034 = DIRECTION ( 'NONE',  ( 0.7071067811865517916, -0.7071067811865431318, -0.000000000000000000 ) ) ;
#6035 = ORIENTED_EDGE ( 'NONE', *, *, #2979, .T. ) ;
#6036 = VERTEX_POINT ( 'NONE', #589 ) ;
#6037 = CARTESIAN_POINT ( 'NONE',  ( -19.05000000000001137, 6.349999999999999645, -2.286000000000000032 ) ) ;
#6038 = AXIS2_PLACEMENT_3D ( 'NONE', #1127, #6099, #4134 ) ;
#6039 = LINE ( 'NONE', #1047, #6906 ) ;
#6040 = CYLINDRICAL_SURFACE ( 'NONE', #5237, 15.19999999999999929 ) ;
#6041 = LINE ( 'NONE', #3851, #8823 ) ;
#6042 = CARTESIAN_POINT ( 'NONE',  ( -1.723477518430422295, -1.723477518430404087, 4.484570918951995999 ) ) ;
#6043 = FACE_OUTER_BOUND ( 'NONE', #6539, .T. ) ;
#6044 = ORIENTED_EDGE ( 'NONE', *, *, #3938, .T. ) ;
#6045 = CARTESIAN_POINT ( 'NONE',  ( 9.881168959186963363, 11.55000000000000071, -1.000000000000000000 ) ) ;
#6046 = ORIENTED_EDGE ( 'NONE', *, *, #8740, .F. ) ;
#6047 = LINE ( 'NONE', #3984, #6152 ) ;
#6048 = ADVANCED_FACE ( 'NONE', ( #7853 ), #6264, .F. ) ;
#6049 = ORIENTED_EDGE ( 'NONE', *, *, #3310, .T. ) ;
#6050 = EDGE_CURVE ( 'NONE', #936, #6889, #630, .T. ) ;
#6051 = CARTESIAN_POINT ( 'NONE',  ( 0.7194493759633308061, -0.7194493759633380225, 4.049999999999999822 ) ) ;
#6052 = CARTESIAN_POINT ( 'NONE',  ( 0.000000000000000000, 0.000000000000000000, 11.30038463814563343 ) ) ;
#6053 = DIRECTION ( 'NONE',  ( 0.7071067811865474617, 0.7071067811865474617, 0.000000000000000000 ) ) ;
#6054 = CARTESIAN_POINT ( 'NONE',  ( -3.469446951953614189E-14, -1.155557966632253931E-30, 4.049999999999999822 ) ) ;
#6055 = DIRECTION ( 'NONE',  ( 1.000000000000000000, 0.000000000000000000, 0.000000000000000000 ) ) ;
#6056 = PLANE ( 'NONE',  #2292 ) ;
#6057 = CARTESIAN_POINT ( 'NONE',  ( -0.7194493759633308061, 0.7194493759633380225, 4.049999999999999822 ) ) ;
#6058 = ORIENTED_EDGE ( 'NONE', *, *, #3853, .F. ) ;
#6059 = ADVANCED_FACE ( 'NONE', ( #6317 ), #7803, .T. ) ;
#6060 = ORIENTED_EDGE ( 'NONE', *, *, #2794, .F. ) ;
#6062 = EDGE_CURVE ( 'NONE', #2840, #4677, #5015, .T. ) ;
#6061 = ADVANCED_FACE ( 'NONE', ( #685 ), #7099, .F. ) ;
#6063 = CARTESIAN_POINT ( 'NONE',  ( 17.18650298521228947, 8.920603795974265893, 1.000000000000000000 ) ) ;
#6064 = CARTESIAN_POINT ( 'NONE',  ( -24.25000000000001066, -6.349999999999998757, 3.049999999999999822 ) ) ;
#6065 = DIRECTION ( 'NONE',  ( 1.000000000000000000, 0.000000000000000000, -0.000000000000000000 ) ) ;
#6066 = AXIS2_PLACEMENT_3D ( 'NONE', #8008, #6744, #7482 ) ;
#6067 = DIRECTION ( 'NONE',  ( 0.000000000000000000, 0.000000000000000000, -1.000000000000000000 ) ) ;
#6068 = EDGE_LOOP ( 'NONE', ( #5384, #1519, #5356, #7283 ) ) ;
#6069 = EDGE_CURVE ( 'NONE', #7545, #5215, #3618, .T. ) ;
#6070 = ORIENTED_EDGE ( 'NONE', *, *, #4895, .T. ) ;
#6071 = CARTESIAN_POINT ( 'NONE',  ( -18.69644660940673830, 5.996446609406726580, 1.000000000000000000 ) ) ;
#6072 = ORIENTED_EDGE ( 'NONE', *, *, #2485, .F. ) ;
#6073 = CARTESIAN_POINT ( 'NONE',  ( 0.000000000000000000, 0.000000000000000000, 14.55000000000000782 ) ) ;
#6074 = VERTEX_POINT ( 'NONE', #6601 ) ;
#6075 = VERTEX_POINT ( 'NONE', #5949 ) ;
#6076 = CARTESIAN_POINT ( 'NONE',  ( -19.05000000000001137, 6.349999999999999645, 2.286000000000000032 ) ) ;
#6077 = CARTESIAN_POINT ( 'NONE',  ( 10.00446747355705490, 11.44336622548361859, 4.049999999999999822 ) ) ;
#6078 = CARTESIAN_POINT ( 'NONE',  ( 22.35636464127575707, 10.36347142246229325, 2.286000000000000032 ) ) ;
#6079 = LINE ( 'NONE', #2406, #3917 ) ;
#6080 = LINE ( 'NONE', #4498, #7506 ) ;
#6081 = DIRECTION ( 'NONE',  ( -0.000000000000000000, -0.000000000000000000, -1.000000000000000000 ) ) ;
#6082 = LINE ( 'NONE', #3337, #8225 ) ;
#6083 = ORIENTED_EDGE ( 'NONE', *, *, #2853, .T. ) ;
#6084 = DIRECTION ( 'NONE',  ( 0.7071067811865526798, 0.7071067811865422437, -0.000000000000000000 ) ) ;
#6085 = VERTEX_POINT ( 'NONE', #6547 ) ;
#6086 = DIRECTION ( 'NONE',  ( 1.000000000000000000, 0.000000000000000000, 0.000000000000000000 ) ) ;
#6087 = VERTEX_POINT ( 'NONE', #1717 ) ;
#6088 = PLANE ( 'NONE',  #4097 ) ;
#6089 = DIRECTION ( 'NONE',  ( 0.000000000000000000, 0.000000000000000000, 1.000000000000000000 ) ) ;
#6090 = CARTESIAN_POINT ( 'NONE',  ( 12.34299174844742275, 8.870799062724575634, 4.291770568774373018 ) ) ;
#6091 = CARTESIAN_POINT ( 'NONE',  ( 7.036051717019477181, 10.57281960538449539, 4.102871481124297226 ) ) ;
#6092 = EDGE_CURVE ( 'NONE', #4439, #7212, #7201, .T. ) ;
#6093 = CARTESIAN_POINT ( 'NONE',  ( 19.05000000000001137, 6.349999999999999645, 1.000000000000000000 ) ) ;
#6094 = LINE ( 'NONE', #5399, #8528 ) ;
#6095 = CARTESIAN_POINT ( 'NONE',  ( 17.91862915010153401, -4.511522368914974379, 2.286000000000000032 ) ) ;
#6096 = ORIENTED_EDGE ( 'NONE', *, *, #6584, .T. ) ;
#6097 = CARTESIAN_POINT ( 'NONE',  ( -15.10488494811827387, -1.697778166931715571, -2.286000000000000920 ) ) ;
#6098 = VERTEX_POINT ( 'NONE', #3850 ) ;
#6099 = DIRECTION ( 'NONE',  ( 0.7071067811865473507, -0.7071067811865477948, 0.000000000000000000 ) ) ;
#6100 = CARTESIAN_POINT ( 'NONE',  ( 10.47393927217178522, 8.746223802468010788, 15.75000000000000000 ) ) ;
#6101 = DIRECTION ( 'NONE',  ( -0.7064337722128882779, -0.7064337722128960495, 0.04361938736533609029 ) ) ;
#6102 = CIRCLE ( 'NONE', #7137, 12.69999999999999929 ) ;
#6103 = EDGE_CURVE ( 'NONE', #1608, #1224, #6492, .T. ) ;
#6105 = EDGE_CURVE ( 'NONE', #7723, #5982, #228, .T. ) ;
#6104 = ADVANCED_FACE ( 'NONE', ( #2404 ), #7247, .F. ) ;
#6106 = FACE_OUTER_BOUND ( 'NONE', #7948, .T. ) ;
#6107 = ORIENTED_EDGE ( 'NONE', *, *, #537, .F. ) ;
#6108 = ORIENTED_EDGE ( 'NONE', *, *, #8785, .F. ) ;
#6109 = AXIS2_PLACEMENT_3D ( 'NONE', #7113, #7823, #6418 ) ;
#6111 = EDGE_CURVE ( 'NONE', #5531, #4158, #7288, .T. ) ;
#6110 = EDGE_CURVE ( 'NONE', #2698, #2668, #5203, .T. ) ;
#6112 = EDGE_LOOP ( 'NONE', ( #7223, #3764, #8779, #3586, #878, #4885 ) ) ;
#6113 = DIRECTION ( 'NONE',  ( 0.000000000000000000, 1.000000000000000000, -0.000000000000000000 ) ) ;
#6114 = ORIENTED_EDGE ( 'NONE', *, *, #7414, .T. ) ;
#6115 = ORIENTED_EDGE ( 'NONE', *, *, #5038, .F. ) ;
#6116 = DIRECTION ( 'NONE',  ( -0.000000000000000000, -0.000000000000000000, -1.000000000000000000 ) ) ;
#6117 = CARTESIAN_POINT ( 'NONE',  ( 19.05000000000001137, -6.349999999999999645, -3.049999999999999822 ) ) ;
#6118 = VECTOR ( 'NONE', #4646, 1000.000000000000000 ) ;
#6119 = CARTESIAN_POINT ( 'NONE',  ( 15.10488494811827387, -1.697778166931715571, 3.049999999999999822 ) ) ;
#6120 = DIRECTION ( 'NONE',  ( 0.000000000000000000, 0.000000000000000000, 1.000000000000000000 ) ) ;
#6121 = DIRECTION ( 'NONE',  ( 0.7071067811865507924, -0.7071067811865441310, 3.466144807221854724E-18 ) ) ;
#6122 = EDGE_CURVE ( 'NONE', #6075, #3968, #911, .T. ) ;
#6123 = CIRCLE ( 'NONE', #8365, 2.100000000000000977 ) ;
#6124 = CARTESIAN_POINT ( 'NONE',  ( 0.000000000000000000, 0.000000000000000000, 1.000000000000000000 ) ) ;
#6125 = DIRECTION ( 'NONE',  ( -0.7071067811865480168, 0.7071067811865471286, 0.000000000000000000 ) ) ;
#6126 = VERTEX_POINT ( 'NONE', #3708 ) ;
#6127 = VECTOR ( 'NONE', #3785, 1000.000000000000000 ) ;
#6128 = DIRECTION ( 'NONE',  ( 0.7071067811865471286, 0.7071067811865479058, -0.000000000000000000 ) ) ;
#6129 = ORIENTED_EDGE ( 'NONE', *, *, #6916, .T. ) ;
#6130 = DIRECTION ( 'NONE',  ( 1.000000000000000000, 0.000000000000000000, 0.000000000000000000 ) ) ;
#6131 = VERTEX_POINT ( 'NONE', #4550 ) ;
#6132 = DIRECTION ( 'NONE',  ( -1.000000000000000000, 0.000000000000000000, 0.000000000000000000 ) ) ;
#6133 = CARTESIAN_POINT ( 'NONE',  ( -10.66457197574906779, -6.896393172669009530, 3.748308195063431825 ) ) ;
#6134 = CARTESIAN_POINT ( 'NONE',  ( 25.25000000000001066, 6.349999999999999645, -3.049999999999999822 ) ) ;
#6135 = VECTOR ( 'NONE', #6969, 1000.000000000000114 ) ;
#6136 = PLANE ( 'NONE',  #8940 ) ;
#6137 = FACE_OUTER_BOUND ( 'NONE', #8137, .T. ) ;
#6138 = VECTOR ( 'NONE', #8136, 1000.000000000000000 ) ;
#6139 = FACE_OUTER_BOUND ( 'NONE', #3087, .T. ) ;
#6140 = ORIENTED_EDGE ( 'NONE', *, *, #5366, .T. ) ;
#6141 = CIRCLE ( 'NONE', #3317, 5.200000000000000178 ) ;
#6142 = DIRECTION ( 'NONE',  ( -0.000000000000000000, -0.000000000000000000, -1.000000000000000000 ) ) ;
#6143 = CARTESIAN_POINT ( 'NONE',  ( 10.36492705552112525, 7.338820554675403507, 11.30038463814561567 ) ) ;
#6144 = VERTEX_POINT ( 'NONE', #6506 ) ;
#6145 = VECTOR ( 'NONE', #2067, 1000.000000000000000 ) ;
#6146 = CARTESIAN_POINT ( 'NONE',  ( 19.05000000000001137, 12.55000000000000071, 1.000000000000000000 ) ) ;
#6147 = VERTEX_POINT ( 'NONE', #3069 ) ;
#6148 = CARTESIAN_POINT ( 'NONE',  ( 19.05000000000001137, -11.55000000000000071, 3.049999999999999822 ) ) ;
#6149 = LINE ( 'NONE', #6977, #8934 ) ;
#6150 = DIRECTION ( 'NONE',  ( 0.7071067811865514585, -0.7071067811865435759, 0.000000000000000000 ) ) ;
#6151 = AXIS2_PLACEMENT_3D ( 'NONE', #65, #2904, #7727 ) ;
#6152 = VECTOR ( 'NONE', #8360, 999.9999999999998863 ) ;
#6153 = AXIS2_PLACEMENT_3D ( 'NONE', #1185, #4817, #9044 ) ;
#6154 = LINE ( 'NONE', #5459, #1667 ) ;
#6155 = ORIENTED_EDGE ( 'NONE', *, *, #198, .F. ) ;
#6156 = ORIENTED_EDGE ( 'NONE', *, *, #1664, .F. ) ;
#6157 = ORIENTED_EDGE ( 'NONE', *, *, #4347, .F. ) ;
#6158 = AXIS2_PLACEMENT_3D ( 'NONE', #4015, #8911, #484 ) ;
#6159 = TOROIDAL_SURFACE ( 'NONE', #5558, 7.699999999999999289, 5.000000000000000000 ) ;
#6160 = EDGE_CURVE ( 'NONE', #4155, #3469, #1012, .T. ) ;
#6162 = EDGE_CURVE ( 'NONE', #2120, #2152, #4359, .T. ) ;
#6161 = EDGE_CURVE ( 'NONE', #5413, #1642, #1522, .T. ) ;
#6163 =( BOUNDED_CURVE ( )  B_SPLINE_CURVE ( 3, ( #4643, #3721, #5920, #2379 ),
 .UNSPECIFIED., .F., .T. ) 
 B_SPLINE_CURVE_WITH_KNOTS ( ( 4, 4 ),
 ( 4.881683146465002565, 4.905505619974197096 ),
 .UNSPECIFIED. ) 
 CURVE ( )  GEOMETRIC_REPRESENTATION_ITEM ( )  RATIONAL_B_SPLINE_CURVE ( ( 1.000000000000000000, 0.9999527080388015410, 0.9999527080388015410, 1.000000000000000000 ) ) 
 REPRESENTATION_ITEM ( '' )  );
#6164 = VECTOR ( 'NONE', #2209, 1000.000000000000000 ) ;
#6165 = ORIENTED_EDGE ( 'NONE', *, *, #5886, .T. ) ;
#6166 = CIRCLE ( 'NONE', #5402, 3.175000000000007816 ) ;
#6167 = DIRECTION ( 'NONE',  ( 1.000000000000000000, 0.000000000000000000, -0.000000000000000000 ) ) ;
#6168 = VERTEX_POINT ( 'NONE', #2220 ) ;
#6169 = DIRECTION ( 'NONE',  ( 1.000000000000000000, 0.000000000000000000, -0.000000000000000000 ) ) ;
#6170 = CARTESIAN_POINT ( 'NONE',  ( -2.056696380120321521, -14.89999999999999680, -3.049999999999999822 ) ) ;
#6171 = EDGE_CURVE ( 'NONE', #369, #5290, #4494, .T. ) ;
#6173 = EDGE_CURVE ( 'NONE', #7922, #545, #6653, .T. ) ;
#6172 = EDGE_CURVE ( 'NONE', #6907, #7723, #2414, .T. ) ;
#6174 = CARTESIAN_POINT ( 'NONE',  ( 0.000000000000000000, 0.000000000000000000, 3.049999999999999822 ) ) ;
#6175 = DIRECTION ( 'NONE',  ( 1.000000000000000000, 0.000000000000000000, 0.000000000000000000 ) ) ;
#6176 = VECTOR ( 'NONE', #8814, 1000.000000000000000 ) ;
#6177 = DIRECTION ( 'NONE',  ( 1.000000000000000000, 0.000000000000000000, 0.000000000000000000 ) ) ;
#6178 = CARTESIAN_POINT ( 'NONE',  ( -7.034730170956546402, -9.920276718751519951, 13.57681041698345403 ) ) ;
#6179 = PLANE ( 'NONE',  #5106 ) ;
#6180 = VERTEX_POINT ( 'NONE', #175 ) ;
#6181 = AXIS2_PLACEMENT_3D ( 'NONE', #5870, #8109, #8710 ) ;
#6182 = CARTESIAN_POINT ( 'NONE',  ( 19.05000000000001137, 11.55000000000000071, 2.286000000000000032 ) ) ;
#6183 = ORIENTED_EDGE ( 'NONE', *, *, #9016, .T. ) ;
#6184 = CARTESIAN_POINT ( 'NONE',  ( 12.03530071934203249, -9.283939713020819440, 15.75000000000000000 ) ) ;
#6185 = ORIENTED_EDGE ( 'NONE', *, *, #6741, .F. ) ;
#6186 = EDGE_CURVE ( 'NONE', #1644, #8341, #5676, .T. ) ;
#6187 = DIRECTION ( 'NONE',  ( 0.000000000000000000, 0.000000000000000000, -1.000000000000000000 ) ) ;
#6188 = LINE ( 'NONE', #631, #1128 ) ;
#6189 = CARTESIAN_POINT ( 'NONE',  ( -20.18137084989848873, -4.511522368914975267, 2.286000000000000032 ) ) ;
#6190 = PLANE ( 'NONE',  #3888 ) ;
#6191 = PLANE ( 'NONE',  #4223 ) ;
#6192 = VECTOR ( 'NONE', #787, 1000.000000000000000 ) ;
#6193 = LINE ( 'NONE', #3351, #5242 ) ;
#6194 = ORIENTED_EDGE ( 'NONE', *, *, #1638, .F. ) ;
#6195 = CARTESIAN_POINT ( 'NONE',  ( -10.53679841599596401, 7.089843379135039925, 4.484570918952164753 ) ) ;
#6196 = DIRECTION ( 'NONE',  ( -0.000000000000000000, -0.000000000000000000, -1.000000000000000000 ) ) ;
#6197 = ORIENTED_EDGE ( 'NONE', *, *, #8375, .F. ) ;
#6198 = AXIS2_PLACEMENT_3D ( 'NONE', #8055, #6663, #4511 ) ;
#6199 = CARTESIAN_POINT ( 'NONE',  ( -24.25000000000001066, 6.350000000000000533, 3.049999999999999822 ) ) ;
#6200 = ORIENTED_EDGE ( 'NONE', *, *, #5638, .F. ) ;
#6201 = LINE ( 'NONE', #9033, #6334 ) ;
#6202 = CARTESIAN_POINT ( 'NONE',  ( -7.242787000302741696, 10.17906216943197073, 12.75523970054631739 ) ) ;
#6203 = DIRECTION ( 'NONE',  ( -0.7071067811865475727, 0.7071067811865475727, 0.000000000000000000 ) ) ;
#6204 = LINE ( 'NONE', #8388, #1964 ) ;
#6205 = ORIENTED_EDGE ( 'NONE', *, *, #8900, .F. ) ;
#6206 = ORIENTED_EDGE ( 'NONE', *, *, #1682, .F. ) ;
#6207 = ORIENTED_EDGE ( 'NONE', *, *, #2351, .F. ) ;
#6208 = ADVANCED_FACE ( 'NONE', ( #8002 ), #275, .T. ) ;
#6209 = ADVANCED_FACE ( 'NONE', ( #7953 ), #1579, .F. ) ;
#6210 = LINE ( 'NONE', #108, #4199 ) ;
#6211 = ORIENTED_EDGE ( 'NONE', *, *, #6452, .T. ) ;
#6212 = FACE_OUTER_BOUND ( 'NONE', #8475, .T. ) ;
#6213 = DIRECTION ( 'NONE',  ( -0.000000000000000000, -0.000000000000000000, -1.000000000000000000 ) ) ;
#6214 = DIRECTION ( 'NONE',  ( -0.000000000000000000, -0.000000000000000000, -1.000000000000000000 ) ) ;
#6215 = DIRECTION ( 'NONE',  ( 0.000000000000000000, 0.000000000000000000, 1.000000000000000000 ) ) ;
#6216 = CARTESIAN_POINT ( 'NONE',  ( -8.575400865265724093, -12.54999999999999538, 1.000000000000000000 ) ) ;
#6217 = EDGE_CURVE ( 'NONE', #6627, #7336, #4486, .T. ) ;
#6219 = ADVANCED_FACE ( 'NONE', ( #6779 ), #3331, .T. ) ;
#6218 = ADVANCED_FACE ( 'NONE', ( #2457 ), #6040, .T. ) ;
#6220 = CARTESIAN_POINT ( 'NONE',  ( -7.288106010612260377, -10.24208267916046111, 12.46855669641188413 ) ) ;
#6221 = DIRECTION ( 'NONE',  ( -0.000000000000000000, -0.000000000000000000, -1.000000000000000000 ) ) ;
#6222 = VERTEX_POINT ( 'NONE', #8139 ) ;
#6223 = LINE ( 'NONE', #8410, #8955 ) ;
#6224 = VERTEX_POINT ( 'NONE', #4066 ) ;
#6225 = DIRECTION ( 'NONE',  ( 1.000000000000000000, 0.000000000000000000, -0.000000000000000000 ) ) ;
#6226 = VERTEX_POINT ( 'NONE', #8220 ) ;
#6227 = CYLINDRICAL_SURFACE ( 'NONE', #8129, 3.175000000000000711 ) ;
#6228 = CARTESIAN_POINT ( 'NONE',  ( 20.91349701478772971, -3.779396204025732953, 2.286000000000000032 ) ) ;
#6229 = CARTESIAN_POINT ( 'NONE',  ( -13.14289321881345352, -11.55000000000000071, 2.286000000000000032 ) ) ;
#6230 = FACE_OUTER_BOUND ( 'NONE', #1861, .T. ) ;
#6231 = DIRECTION ( 'NONE',  ( 0.7071067811865474617, 0.7071067811865474617, 0.000000000000000000 ) ) ;
#6232 = EDGE_CURVE ( 'NONE', #4962, #4614, #4591, .T. ) ;
#6233 = DIRECTION ( 'NONE',  ( 0.7071067811865474617, -0.7071067811865476838, 0.000000000000000000 ) ) ;
#6234 = EDGE_LOOP ( 'NONE', ( #5515, #7144, #5199, #7029 ) ) ;
#6235 = DIRECTION ( 'NONE',  ( 1.000000000000000000, 0.000000000000000000, 0.000000000000000000 ) ) ;
#6236 = VERTEX_POINT ( 'NONE', #1932 ) ;
#6237 = DIRECTION ( 'NONE',  ( -0.000000000000000000, -0.000000000000000000, -1.000000000000000000 ) ) ;
#6238 = ORIENTED_EDGE ( 'NONE', *, *, #4232, .T. ) ;
#6239 = LINE ( 'NONE', #7548, #6778 ) ;
#6240 = DIRECTION ( 'NONE',  ( -0.7071067811865472397, -0.7071067811865479058, 0.000000000000000000 ) ) ;
#6241 = FACE_OUTER_BOUND ( 'NONE', #3130, .T. ) ;
#6242 = DIRECTION ( 'NONE',  ( -0.000000000000000000, -0.000000000000000000, -1.000000000000000000 ) ) ;
#6243 = CYLINDRICAL_SURFACE ( 'NONE', #25, 2.100000000000000977 ) ;
#6244 = CIRCLE ( 'NONE', #3412, 15.20000000000000995 ) ;
#6245 = ORIENTED_EDGE ( 'NONE', *, *, #5688, .F. ) ;
#6246 = EDGE_LOOP ( 'NONE', ( #3783, #1858, #1531, #9067 ) ) ;
#6247 = ORIENTED_EDGE ( 'NONE', *, *, #8436, .T. ) ;
#6248 = ORIENTED_EDGE ( 'NONE', *, *, #4799, .F. ) ;
#6249 = FACE_BOUND ( 'NONE', #4461, .T. ) ;
#6250 = DIRECTION ( 'NONE',  ( 0.000000000000000000, 0.000000000000000000, 1.000000000000000000 ) ) ;
#6251 = CARTESIAN_POINT ( 'NONE',  ( -25.75355339059328585, -0.3535533905932759513, 1.000000000000000000 ) ) ;
#6252 = DIRECTION ( 'NONE',  ( -0.000000000000000000, -0.000000000000000000, -1.000000000000000000 ) ) ;
#6253 = VECTOR ( 'NONE', #3903, 1000.000000000000000 ) ;
#6254 = ADVANCED_FACE ( 'NONE', ( #7432 ), #5299, .F. ) ;
#6255 = LINE ( 'NONE', #6954, #3181 ) ;
#6256 = DIRECTION ( 'NONE',  ( -0.000000000000000000, -0.000000000000000000, -1.000000000000000000 ) ) ;
#6257 = DIRECTION ( 'NONE',  ( 1.000000000000000000, 0.000000000000000000, -0.000000000000000000 ) ) ;
#6258 = VERTEX_POINT ( 'NONE', #3889 ) ;
#6259 = CARTESIAN_POINT ( 'NONE',  ( 23.69865440327095030, 0.9942388155425216922, 1.000000000000000000 ) ) ;
#6260 = ORIENTED_EDGE ( 'NONE', *, *, #1841, .T. ) ;
#6261 = CARTESIAN_POINT ( 'NONE',  ( -23.69865440327095030, 0.9942388155425139207, -2.286000000000000032 ) ) ;
#6262 = VERTEX_POINT ( 'NONE', #6078 ) ;
#6263 =( BOUNDED_CURVE ( )  B_SPLINE_CURVE ( 3, ( #8295, #8378, #2004, #2659 ),
 .UNSPECIFIED., .F., .T. ) 
 B_SPLINE_CURVE_WITH_KNOTS ( ( 4, 4 ),
 ( 1.637784248836729573, 1.651256753668531418 ),
 .UNSPECIFIED. ) 
 CURVE ( )  GEOMETRIC_REPRESENTATION_ITEM ( )  RATIONAL_B_SPLINE_CURVE ( ( 1.000000000000000000, 0.9999848743583262811, 0.9999848743583262811, 1.000000000000000000 ) ) 
 REPRESENTATION_ITEM ( '' )  );
#6264 = CYLINDRICAL_SURFACE ( 'NONE', #1744, 1.499999999999999778 ) ;
#6265 = CARTESIAN_POINT ( 'NONE',  ( -15.19999999999999929, 0.000000000000000000, 3.049999999999999822 ) ) ;
#6266 = CARTESIAN_POINT ( 'NONE',  ( 25.25000000000001066, 1.131370849898487796, 3.049999999999999822 ) ) ;
#6267 = EDGE_CURVE ( 'NONE', #2848, #4439, #6273, .T. ) ;
#6268 = CARTESIAN_POINT ( 'NONE',  ( 12.77584974910007354, 8.237103329445977451, 3.224288940051754704 ) ) ;
#6270 = ADVANCED_FACE ( 'NONE', ( #358 ), #3198, .F. ) ;
#6269 = ADVANCED_FACE ( 'NONE', ( #1758 ), #1671, .T. ) ;
#6271 = DIRECTION ( 'NONE',  ( 1.000000000000000000, 0.000000000000000000, 0.000000000000000000 ) ) ;
#6272 = CIRCLE ( 'NONE', #778, 15.19999999999999929 ) ;
#6273 = CIRCLE ( 'NONE', #3012, 3.175000000000007816 ) ;
#6274 = FACE_OUTER_BOUND ( 'NONE', #3564, .T. ) ;
#6275 = EDGE_LOOP ( 'NONE', ( #667, #8717, #1010, #6300 ) ) ;
#6276 = CARTESIAN_POINT ( 'NONE',  ( 10.48049788266152760, 7.173516224744560965, 6.751496890849854715 ) ) ;
#6277 = EDGE_LOOP ( 'NONE', ( #1019, #9134, #1439, #9038, #3752, #764 ) ) ;
#6278 = LOCAL_TIME ( 9, 9, 35.00000000000000000, #6677 ) ;
#6279 = CARTESIAN_POINT ( 'NONE',  ( 10.87817096277102813, 6.554556843943838196, 3.330632831706440200 ) ) ;
#6280 = VECTOR ( 'NONE', #320, 1000.000000000000000 ) ;
#6281 = ORIENTED_EDGE ( 'NONE', *, *, #2754, .F. ) ;
#6282 = CARTESIAN_POINT ( 'NONE',  ( 0.000000000000000000, 0.000000000000000000, -3.049999999999999822 ) ) ;
#6283 = CARTESIAN_POINT ( 'NONE',  ( 0.000000000000000000, 0.000000000000000000, 3.049999999999999822 ) ) ;
#6284 = VECTOR ( 'NONE', #4678, 1000.000000000000000 ) ;
#6285 = DIRECTION ( 'NONE',  ( -1.000000000000000000, 0.000000000000000000, 0.000000000000000000 ) ) ;
#6287 = EDGE_CURVE ( 'NONE', #8903, #3277, #8176, .T. ) ;
#6286 = EDGE_CURVE ( 'NONE', #8579, #6528, #8270, .T. ) ;
#6288 = CARTESIAN_POINT ( 'NONE',  ( 19.05000000000001137, 6.349999999999999645, -2.286000000000000032 ) ) ;
#6289 = VECTOR ( 'NONE', #2094, 1000.000000000000000 ) ;
#6290 = CARTESIAN_POINT ( 'NONE',  ( -19.40355339059328443, 6.703553390593272709, -1.000000000000000000 ) ) ;
#6291 = AXIS2_PLACEMENT_3D ( 'NONE', #9041, #8174, #1792 ) ;
#6292 = EDGE_LOOP ( 'NONE', ( #2118, #2433, #5736, #6447, #3595 ) ) ;
#6293 = ORIENTED_EDGE ( 'NONE', *, *, #3722, .T. ) ;
#6294 = ORIENTED_EDGE ( 'NONE', *, *, #5822, .T. ) ;
#6295 = VECTOR ( 'NONE', #157, 1000.000000000000000 ) ;
#6296 = AXIS2_PLACEMENT_3D ( 'NONE', #4765, #4725, #9090 ) ;
#6297 = AXIS2_PLACEMENT_3D ( 'NONE', #2768, #4764, #5606 ) ;
#6298 = VECTOR ( 'NONE', #8801, 1000.000000000000000 ) ;
#6299 = ORIENTED_EDGE ( 'NONE', *, *, #3841, .T. ) ;
#6300 = ORIENTED_EDGE ( 'NONE', *, *, #6013, .T. ) ;
#6301 = CIRCLE ( 'NONE', #8095, 15.19999999999999929 ) ;
#6302 = VECTOR ( 'NONE', #4467, 999.9999999999998863 ) ;
#6303 = LINE ( 'NONE', #717, #2280 ) ;
#6304 = CARTESIAN_POINT ( 'NONE',  ( -8.833677697677151386, 12.36958607419980005, 4.104941231188917072 ) ) ;
#6305 = DIRECTION ( 'NONE',  ( 0.000000000000000000, 0.000000000000000000, 1.000000000000000000 ) ) ;
#6306 = DIRECTION ( 'NONE',  ( 0.000000000000000000, 0.000000000000000000, 1.000000000000000000 ) ) ;
#6307 = VECTOR ( 'NONE', #5616, 1000.000000000000000 ) ;
#6308 = VECTOR ( 'NONE', #4593, 1000.000000000000000 ) ;
#6309 = ORIENTED_EDGE ( 'NONE', *, *, #2572, .F. ) ;
#6310 = DIRECTION ( 'NONE',  ( 1.000000000000000000, 0.000000000000000000, 0.000000000000000000 ) ) ;
#6311 = VERTEX_POINT ( 'NONE', #1143 ) ;
#6312 = ORIENTED_EDGE ( 'NONE', *, *, #7710, .F. ) ;
#6313 = CARTESIAN_POINT ( 'NONE',  ( 8.885463297855910270, 12.33241833471666027, 4.484570918952039520 ) ) ;
#6314 = VERTEX_POINT ( 'NONE', #2502 ) ;
#6315 = AXIS2_PLACEMENT_3D ( 'NONE', #3411, #8402, #2855 ) ;
#6316 = CARTESIAN_POINT ( 'NONE',  ( 24.25000000000001066, -1.545584412271583830, 3.049999999999999822 ) ) ;
#6317 = FACE_OUTER_BOUND ( 'NONE', #5794, .T. ) ;
#6318 = FACE_OUTER_BOUND ( 'NONE', #821, .T. ) ;
#6319 = PLANE ( 'NONE',  #3044 ) ;
#6320 = CARTESIAN_POINT ( 'NONE',  ( -12.56517810716674433, -8.553437378745776698, 3.524895799052988110 ) ) ;
#6321 = DIRECTION ( 'NONE',  ( 1.000000000000000000, 0.000000000000000000, -0.000000000000000000 ) ) ;
#6322 = VECTOR ( 'NONE', #7348, 999.9999999999998863 ) ;
#6323 = VECTOR ( 'NONE', #701, 1000.000000000000000 ) ;
#6324 = DIRECTION ( 'NONE',  ( -0.7071067811865514585, 0.7071067811865435759, 0.000000000000000000 ) ) ;
#6325 = VERTEX_POINT ( 'NONE', #5338 ) ;
#6326 = EDGE_CURVE ( 'NONE', #748, #8447, #1846, .T. ) ;
#6328 = ADVANCED_FACE ( 'NONE', ( #8309 ), #486, .T. ) ;
#6327 = LINE ( 'NONE', #558, #2386 ) ;
#6329 = EDGE_LOOP ( 'NONE', ( #6514, #4012, #8909, #1436 ) ) ;
#6330 = LINE ( 'NONE', #5725, #5272 ) ;
#6331 = VERTEX_POINT ( 'NONE', #2588 ) ;
#6332 = LINE ( 'NONE', #1393, #3953 ) ;
#6333 = DIRECTION ( 'NONE',  ( -0.000000000000000000, -0.000000000000000000, -1.000000000000000000 ) ) ;
#6334 = VECTOR ( 'NONE', #4841, 1000.000000000000000 ) ;
#6335 = CARTESIAN_POINT ( 'NONE',  ( -19.05000000000001137, 6.349999999999999645, -2.286000000000000032 ) ) ;
#6336 = CARTESIAN_POINT ( 'NONE',  ( 21.62060379597427939, 8.213497014787719763, 1.000000000000000000 ) ) ;
#6337 = B_SPLINE_CURVE_WITH_KNOTS ( 'NONE', 3,
 ( #7355, #979, #3820, #6664 ),
 .UNSPECIFIED., .F., .F.,
 ( 4, 4 ),
 ( 0.000000000000000000, 0.01171373425320291865 ),
 .UNSPECIFIED. ) ;
#6338 = CARTESIAN_POINT ( 'NONE',  ( 19.05000000000001137, -6.349999999999999645, 2.286000000000000032 ) ) ;
#6339 = VECTOR ( 'NONE', #926, 1000.000000000000114 ) ;
#6340 = EDGE_CURVE ( 'NONE', #1937, #1224, #6983, .T. ) ;
#6343 = ADVANCED_FACE ( 'NONE', ( #5509 ), #4388, .F. ) ;
#6342 = ADVANCED_FACE ( 'NONE', ( #4287 ), #3376, .T. ) ;
#6341 = ORIENTED_EDGE ( 'NONE', *, *, #2854, .F. ) ;
#6344 = ORIENTED_EDGE ( 'NONE', *, *, #7365, .T. ) ;
#6345 = ORIENTED_EDGE ( 'NONE', *, *, #4896, .T. ) ;
#6346 = CARTESIAN_POINT ( 'NONE',  ( 9.901384675242670852, -11.53287653212783859, 11.85196986296194410 ) ) ;
#6347 = EDGE_LOOP ( 'NONE', ( #1653, #8340, #2288, #7170 ) ) ;
#6348 = EDGE_CURVE ( 'NONE', #8881, #481, #7653, .T. ) ;
#6349 = ORIENTED_EDGE ( 'NONE', *, *, #2869, .F. ) ;
#6350 = LINE ( 'NONE', #5692, #8522 ) ;
#6351 = DIRECTION ( 'NONE',  ( -1.000000000000000000, 0.000000000000000000, 0.000000000000000000 ) ) ;
#6352 = PLANE ( 'NONE',  #1706 ) ;
#6353 = CARTESIAN_POINT ( 'NONE',  ( 21.62060379597427939, 8.213497014787719763, -2.286000000000000032 ) ) ;
#6354 = ORIENTED_EDGE ( 'NONE', *, *, #7524, .T. ) ;
#6355 = CARTESIAN_POINT ( 'NONE',  ( -22.35636464127575707, -10.36347142246229680, -2.286000000000000032 ) ) ;
#6356 = ORIENTED_EDGE ( 'NONE', *, *, #4527, .T. ) ;
#6357 = ORIENTED_EDGE ( 'NONE', *, *, #4852, .T. ) ;
#6358 = CARTESIAN_POINT ( 'NONE',  ( -14.91623517531649412, -2.923341956503026307, 1.000000000000000000 ) ) ;
#6359 = ORIENTED_EDGE ( 'NONE', *, *, #2812, .T. ) ;
#6360 = ORIENTED_EDGE ( 'NONE', *, *, #4907, .T. ) ;
#6361 = LINE ( 'NONE', #9193, #8699 ) ;
#6362 = DIRECTION ( 'NONE',  ( 1.000000000000000000, 0.000000000000000000, 0.000000000000000000 ) ) ;
#6363 = DIRECTION ( 'NONE',  ( -0.7071067811865459074, -0.7071067811865490160, 0.000000000000000000 ) ) ;
#6364 = DIRECTION ( 'NONE',  ( -1.000000000000000000, 0.000000000000000000, 0.000000000000000000 ) ) ;
#6365 = CARTESIAN_POINT ( 'NONE',  ( -12.52826460218577154, -8.607311420067684793, 3.598324033312445547 ) ) ;
#6366 = DIRECTION ( 'NONE',  ( 0.7071067811865434649, -0.7071067811865516806, -0.000000000000000000 ) ) ;
#6367 = DIRECTION ( 'NONE',  ( -0.000000000000000000, -0.000000000000000000, -1.000000000000000000 ) ) ;
#6368 = VERTEX_POINT ( 'NONE', #6430 ) ;
#6369 = CARTESIAN_POINT ( 'NONE',  ( -13.14289321881345352, -11.55000000000000071, 3.049999999999999822 ) ) ;
#6370 = ORIENTED_EDGE ( 'NONE', *, *, #324, .F. ) ;
#6371 = LINE ( 'NONE', #4372, #3922 ) ;
#6372 = ORIENTED_EDGE ( 'NONE', *, *, #3111, .F. ) ;
#6373 = CARTESIAN_POINT ( 'NONE',  ( 17.91862915010153401, -8.188477631085023134, 2.286000000000000032 ) ) ;
#6374 = DIRECTION ( 'NONE',  ( 0.7071067811865473507, 0.7071067811865477948, 0.000000000000000000 ) ) ;
#6375 = DIRECTION ( 'NONE',  ( 0.7071067811865479058, -0.7071067811865472397, 0.000000000000000000 ) ) ;
#6376 = CARTESIAN_POINT ( 'NONE',  ( 23.06347142246230320, 9.656364641275745342, -2.286000000000000032 ) ) ;
#6377 = LINE ( 'NONE', #7915, #2107 ) ;
#6378 = CARTESIAN_POINT ( 'NONE',  ( -10.62755498454978387, 9.092383191922271735, 7.950032466500708495 ) ) ;
#6379 = VERTEX_POINT ( 'NONE', #8581 ) ;
#6380 = ORIENTED_EDGE ( 'NONE', *, *, #3842, .T. ) ;
#6381 = EDGE_LOOP ( 'NONE', ( #3438, #6488, #5276, #436, #807, #3209, #8331, #559 ) ) ;
#6382 = ADVANCED_FACE ( 'NONE', ( #2672 ), #1976, .F. ) ;
#6384 = ADVANCED_FACE ( 'NONE', ( #8624 ), #1454, .F. ) ;
#6383 = ADVANCED_FACE ( 'NONE', ( #8349 ), #2949, .T. ) ;
#6385 = AXIS2_PLACEMENT_3D ( 'NONE', #458, #3995, #1163 ) ;
#6386 = LINE ( 'NONE', #7879, #6604 ) ;
#6387 = EDGE_LOOP ( 'NONE', ( #9129, #3931, #7747, #5847 ) ) ;
#6388 = EDGE_LOOP ( 'NONE', ( #5984, #8902, #4104, #736, #3730, #9083, #5824, #3278, #7838, #1368 ) ) ;
#6389 = FACE_OUTER_BOUND ( 'NONE', #770, .T. ) ;
#6390 = LINE ( 'NONE', #4194, #3798 ) ;
#6391 = CARTESIAN_POINT ( 'NONE',  ( 23.69865440327095030, 0.9942388155425199159, -2.286000000000000032 ) ) ;
#6392 = CARTESIAN_POINT ( 'NONE',  ( -19.05000000000001137, 6.349999999999999645, 2.286000000000000032 ) ) ;
#6394 = EDGE_CURVE ( 'NONE', #7594, #5720, #7769, .T. ) ;
#6393 = EDGE_CURVE ( 'NONE', #745, #4353, #2026, .T. ) ;
#6395 = ORIENTED_EDGE ( 'NONE', *, *, #3046, .F. ) ;
#6396 = DIRECTION ( 'NONE',  ( 1.000000000000000000, 0.000000000000000000, 0.000000000000000000 ) ) ;
#6397 = ORIENTED_EDGE ( 'NONE', *, *, #8390, .T. ) ;
#6398 = VERTEX_POINT ( 'NONE', #6952 ) ;
#6399 = CARTESIAN_POINT ( 'NONE',  ( -13.05355339059328657, 0.3535533905932785603, 1.000000000000000000 ) ) ;
#6400 = ORIENTED_EDGE ( 'NONE', *, *, #1590, .F. ) ;
#6401 = ORIENTED_EDGE ( 'NONE', *, *, #3603, .F. ) ;
#6402 = LINE ( 'NONE', #4358, #6307 ) ;
#6403 = DIRECTION ( 'NONE',  ( 0.000000000000000000, 1.000000000000000000, -0.000000000000000000 ) ) ;
#6404 = DIRECTION ( 'NONE',  ( -0.000000000000000000, -0.000000000000000000, -1.000000000000000000 ) ) ;
#6405 = CARTESIAN_POINT ( 'NONE',  ( 12.46449870790270076, -8.699397522520657233, 3.751796355938219918 ) ) ;
#6406 = DIRECTION ( 'NONE',  ( 0.000000000000000000, 0.000000000000000000, -1.000000000000000000 ) ) ;
#6407 = DIRECTION ( 'NONE',  ( 1.000000000000000000, 0.000000000000000000, 0.000000000000000000 ) ) ;
#6408 = VECTOR ( 'NONE', #1063, 1000.000000000000000 ) ;
#6409 = DIRECTION ( 'NONE',  ( 0.7071067811865474617, 0.7071067811865476838, 0.000000000000000000 ) ) ;
#6410 = ORIENTED_EDGE ( 'NONE', *, *, #8721, .T. ) ;
#6411 = CARTESIAN_POINT ( 'NONE',  ( 10.24994121339576658, 7.498580207074597048, 15.75000000000000000 ) ) ;
#6412 = VERTEX_POINT ( 'NONE', #5829 ) ;
#6413 = LINE ( 'NONE', #6517, #7786 ) ;
#6414 = VERTEX_POINT ( 'NONE', #575 ) ;
#6415 = LINE ( 'NONE', #6373, #8718 ) ;
#6416 = CARTESIAN_POINT ( 'NONE',  ( -12.33241833471674198, 8.885463297855787701, 4.484570918952026197 ) ) ;
#6417 = AXIS2_PLACEMENT_3D ( 'NONE', #4753, #2896, #1489 ) ;
#6418 = DIRECTION ( 'NONE',  ( 1.000000000000000000, -1.912293595564983661E-15, 0.000000000000000000 ) ) ;
#6419 = LINE ( 'NONE', #2941, #6302 ) ;
#6420 = VECTOR ( 'NONE', #7124, 1000.000000000000000 ) ;
#6421 = DIRECTION ( 'NONE',  ( -1.000000000000000000, 0.000000000000000000, 0.000000000000000000 ) ) ;
#6422 = AXIS2_PLACEMENT_3D ( 'NONE', #5777, #5032, #657 ) ;
#6423 = CARTESIAN_POINT ( 'NONE',  ( -16.47939620402574690, -8.213497014787712658, 1.000000000000000000 ) ) ;
#6424 = VERTEX_POINT ( 'NONE', #1602 ) ;
#6425 = ORIENTED_EDGE ( 'NONE', *, *, #3217, .F. ) ;
#6426 = B_SPLINE_CURVE_WITH_KNOTS ( 'NONE', 3,
 ( #590, #8414, #5574, #2037, #1116, #2552, #5391, #7535, #1154, #6133, #8972, #4028, #6875, #501 ),
 .UNSPECIFIED., .F., .F.,
 ( 4, 2, 2, 2, 2, 2, 4 ),
 ( 0.000000000000000000, 0.0005802288128027969800, 0.0008703432192041964457, 0.001160457625605595912, 0.001450572032006995377, 0.001740686438408394843, 0.002320915251211197027 ),
 .UNSPECIFIED. ) ;
#6427 = CIRCLE ( 'NONE', #9096, 2.100000000000000977 ) ;
#6428 = EDGE_LOOP ( 'NONE', ( #4877, #4024, #4758, #2647 ) ) ;
#6429 = VERTEX_POINT ( 'NONE', #6530 ) ;
#6430 = CARTESIAN_POINT ( 'NONE',  ( 13.14289321881345529, -11.54999999999999893, -2.286000000000000032 ) ) ;
#6431 = CIRCLE ( 'NONE', #2270, 2.100000000000000977 ) ;
#6432 = CARTESIAN_POINT ( 'NONE',  ( -5.929780400498399828, 11.23237096883249642, 3.050000000000000266 ) ) ;
#6433 = VERTEX_POINT ( 'NONE', #2245 ) ;
#6434 = B_SPLINE_CURVE_WITH_KNOTS ( 'NONE', 3,
 ( #4096, #1214, #2706, #2567 ),
 .UNSPECIFIED., .F., .F.,
 ( 4, 4 ),
 ( 0.01134243133203449196, 0.01305802549859303753 ),
 .UNSPECIFIED. ) ;
#6435 = DIRECTION ( 'NONE',  ( 0.000000000000000000, 0.000000000000000000, 1.000000000000000000 ) ) ;
#6436 = ORIENTED_EDGE ( 'NONE', *, *, #3048, .T. ) ;
#6437 = VECTOR ( 'NONE', #6449, 1000.000000000000000 ) ;
#6438 = EDGE_CURVE ( 'NONE', #8547, #1868, #3413, .T. ) ;
#6439 = CYLINDRICAL_SURFACE ( 'NONE', #4354, 3.175000000000007816 ) ;
#6441 = ADVANCED_FACE ( 'NONE', ( #852 ), #2202, .F. ) ;
#6440 = EDGE_CURVE ( 'NONE', #6516, #5294, #339, .T. ) ;
#6442 = AXIS2_PLACEMENT_3D ( 'NONE', #265, #7421, #8032 ) ;
#6443 = DIRECTION ( 'NONE',  ( -1.000000000000000000, 0.000000000000000000, 0.000000000000000000 ) ) ;
#6444 = AXIS2_PLACEMENT_3D ( 'NONE', #1098, #6780, #5205 ) ;
#6445 = CARTESIAN_POINT ( 'NONE',  ( -14.55710678118655643, 11.55000000000000071, -1.000000000000000000 ) ) ;
#6446 = CARTESIAN_POINT ( 'NONE',  ( -0.7071067811865368036, 0.7071067811865436870, 3.049999999999999822 ) ) ;
#6447 = ORIENTED_EDGE ( 'NONE', *, *, #4218, .T. ) ;
#6448 = AXIS2_PLACEMENT_3D ( 'NONE', #5191, #6588, #5895 ) ;
#6449 = DIRECTION ( 'NONE',  ( 0.7071067811865477948, 0.7071067811865473507, -0.000000000000000000 ) ) ;
#6450 = ORIENTED_EDGE ( 'NONE', *, *, #538, .T. ) ;
#6451 = ORIENTED_EDGE ( 'NONE', *, *, #105, .T. ) ;
#6452 = EDGE_CURVE ( 'NONE', #7875, #6085, #1521, .T. ) ;
#6453 = CARTESIAN_POINT ( 'NONE',  ( 10.24208267916056059, -7.288106010612134256, 12.46855669641186637 ) ) ;
#6455 = EDGE_CURVE ( 'NONE', #3237, #1275, #5228, .T. ) ;
#6454 = EDGE_CURVE ( 'NONE', #184, #240, #340, .T. ) ;
#6456 = ORIENTED_EDGE ( 'NONE', *, *, #7127, .F. ) ;
#6457 = EDGE_LOOP ( 'NONE', ( #9143, #1004, #4787, #7427 ) ) ;
#6458 = DIRECTION ( 'NONE',  ( 0.7071067811865526798, -0.7071067811865422437, -0.000000000000000000 ) ) ;
#6459 = CARTESIAN_POINT ( 'NONE',  ( 19.05000000000001137, 12.55000000000000071, -3.049999999999999822 ) ) ;
#6460 = CARTESIAN_POINT ( 'NONE',  ( -10.70360484075323271, -9.264706088826438091, 4.049999999999999822 ) ) ;
#6461 = DIRECTION ( 'NONE',  ( 0.7071067811865477948, 0.7071067811865473507, -0.000000000000000000 ) ) ;
#6462 = CIRCLE ( 'NONE', #1708, 3.175000000000007816 ) ;
#6463 = CIRCLE ( 'NONE', #4537, 15.19999999999999929 ) ;
#6464 = LINE ( 'NONE', #233, #4380 ) ;
#6465 = CARTESIAN_POINT ( 'NONE',  ( -2.783128176749739335, -2.783128176749765537, 3.049999999999999822 ) ) ;
#6466 = ORIENTED_EDGE ( 'NONE', *, *, #8374, .F. ) ;
#6467 = VECTOR ( 'NONE', #5330, 1000.000000000000000 ) ;
#6468 = DIRECTION ( 'NONE',  ( 0.7071067811865469066, -0.7071067811865482389, 0.000000000000000000 ) ) ;
#6469 = EDGE_CURVE ( 'NONE', #1546, #6701, #2523, .T. ) ;
#6470 = ORIENTED_EDGE ( 'NONE', *, *, #254, .T. ) ;
#6471 = DIRECTION ( 'NONE',  ( 0.000000000000000000, 0.000000000000000000, 1.000000000000000000 ) ) ;
#6472 = ORIENTED_EDGE ( 'NONE', *, *, #2241, .F. ) ;
#6473 = CARTESIAN_POINT ( 'NONE',  ( 19.05000000000001137, -6.349999999999999645, -1.000000000000000000 ) ) ;
#6474 = DIRECTION ( 'NONE',  ( -0.7071067811865476838, -0.7071067811865474617, 0.000000000000000000 ) ) ;
#6475 = DIRECTION ( 'NONE',  ( -1.000000000000000000, 0.000000000000000000, 0.000000000000000000 ) ) ;
#6476 = LINE ( 'NONE', #2282, #4070 ) ;
#6477 = AXIS2_PLACEMENT_3D ( 'NONE', #1592, #4985, #3580 ) ;
#6478 = PLANE ( 'NONE',  #2421 ) ;
#6479 = CARTESIAN_POINT ( 'NONE',  ( 21.62060379597427584, -8.213497014787721540, 2.286000000000000032 ) ) ;
#6480 = VERTEX_POINT ( 'NONE', #8722 ) ;
#6481 = ORIENTED_EDGE ( 'NONE', *, *, #6560, .F. ) ;
#6482 = VECTOR ( 'NONE', #3809, 1000.000000000000000 ) ;
#6483 = ORIENTED_EDGE ( 'NONE', *, *, #925, .F. ) ;
#6484 = ORIENTED_EDGE ( 'NONE', *, *, #8234, .T. ) ;
#6485 = CARTESIAN_POINT ( 'NONE',  ( 10.96135876641052320, -6.416491425511661184, 3.222038651699639988 ) ) ;
#6486 = AXIS2_PLACEMENT_3D ( 'NONE', #8186, #5483, #2603 ) ;
#6487 = CARTESIAN_POINT ( 'NONE',  ( -7.089843379135150059, 10.53679841599588940, 4.484570918952019092 ) ) ;
#6488 = ORIENTED_EDGE ( 'NONE', *, *, #9063, .T. ) ;
#6489 = CARTESIAN_POINT ( 'NONE',  ( -20.18137084989848873, 4.511522368914975267, -2.286000000000000032 ) ) ;
#6490 = ORIENTED_EDGE ( 'NONE', *, *, #1695, .F. ) ;
#6491 = FACE_OUTER_BOUND ( 'NONE', #1968, .T. ) ;
#6492 = CIRCLE ( 'NONE', #1284, 12.69999999999999929 ) ;
#6493 = CARTESIAN_POINT ( 'NONE',  ( 24.25000000000001066, -1.545584412271583163, -2.286000000000000032 ) ) ;
#6494 = DIRECTION ( 'NONE',  ( 0.000000000000000000, 1.000000000000000000, 0.000000000000000000 ) ) ;
#6495 = FACE_BOUND ( 'NONE', #610, .T. ) ;
#6496 = EDGE_CURVE ( 'NONE', #938, #83, #894, .T. ) ;
#6497 = EDGE_CURVE ( 'NONE', #3882, #7908, #5184, .T. ) ;
#6498 = ORIENTED_EDGE ( 'NONE', *, *, #8153, .F. ) ;
#6499 = DIRECTION ( 'NONE',  ( 0.000000000000000000, 0.000000000000000000, 1.000000000000000000 ) ) ;
#6500 = EDGE_LOOP ( 'NONE', ( #596, #6963, #1148, #8664 ) ) ;
#6501 = ORIENTED_EDGE ( 'NONE', *, *, #6171, .F. ) ;
#6502 = DIRECTION ( 'NONE',  ( 0.000000000000000000, 0.000000000000000000, 1.000000000000000000 ) ) ;
#6503 = VERTEX_POINT ( 'NONE', #942 ) ;
#6504 = ORIENTED_EDGE ( 'NONE', *, *, #4102, .F. ) ;
#6505 = CARTESIAN_POINT ( 'NONE',  ( 25.25000000000001066, -1.131370849898488018, -3.049999999999999822 ) ) ;
#6506 = CARTESIAN_POINT ( 'NONE',  ( 21.62060379597427939, 8.213497014787719763, 2.286000000000000032 ) ) ;
#6507 = FACE_OUTER_BOUND ( 'NONE', #7191, .T. ) ;
#6508 = DIRECTION ( 'NONE',  ( -0.000000000000000000, -0.000000000000000000, -1.000000000000000000 ) ) ;
#6509 = FACE_OUTER_BOUND ( 'NONE', #4892, .T. ) ;
#6510 = EDGE_CURVE ( 'NONE', #7318, #3943, #5883, .T. ) ;
#6512 = EDGE_CURVE ( 'NONE', #77, #3387, #991, .T. ) ;
#6511 = EDGE_CURVE ( 'NONE', #5294, #3062, #1075, .T. ) ;
#6513 = DIRECTION ( 'NONE',  ( -0.7071067811865479058, 0.7071067811865472397, 0.000000000000000000 ) ) ;
#6514 = ORIENTED_EDGE ( 'NONE', *, *, #1779, .F. ) ;
#6515 = DIRECTION ( 'NONE',  ( 0.7071067811865473507, -0.7071067811865476838, 0.000000000000000000 ) ) ;
#6516 = VERTEX_POINT ( 'NONE', #1033 ) ;
#6517 = CARTESIAN_POINT ( 'NONE',  ( 23.06347142246230320, 9.656364641275745342, 3.049999999999999822 ) ) ;
#6518 = ORIENTED_EDGE ( 'NONE', *, *, #466, .F. ) ;
#6519 = DIRECTION ( 'NONE',  ( 1.000000000000000000, 0.000000000000000000, 0.000000000000000000 ) ) ;
#6520 = LINE ( 'NONE', #3535, #523 ) ;
#6521 = CARTESIAN_POINT ( 'NONE',  ( -22.35636464127575707, -10.36347142246229325, 1.000000000000000000 ) ) ;
#6522 = DIRECTION ( 'NONE',  ( 0.7071067811865474617, -0.7071067811865476838, 0.000000000000000000 ) ) ;
#6523 =( BOUNDED_CURVE ( )  B_SPLINE_CURVE ( 3, ( #5382, #3893, #8226, #1852 ),
 .UNSPECIFIED., .F., .T. ) 
 B_SPLINE_CURVE_WITH_KNOTS ( ( 4, 4 ),
 ( 4.881683146465004342, 4.905505619974198872 ),
 .UNSPECIFIED. ) 
 CURVE ( )  GEOMETRIC_REPRESENTATION_ITEM ( )  RATIONAL_B_SPLINE_CURVE ( ( 1.000000000000000000, 0.9999527080388015410, 0.9999527080388015410, 1.000000000000000000 ) ) 
 REPRESENTATION_ITEM ( '' )  );
#6524 = ADVANCED_FACE ( 'NONE', ( #3831 ), #203, .T. ) ;
#6525 = DIRECTION ( 'NONE',  ( 0.000000000000000000, 0.000000000000000000, 1.000000000000000000 ) ) ;
#6526 = CARTESIAN_POINT ( 'NONE',  ( -17.91862915010153401, -4.511522368914974379, 2.286000000000000032 ) ) ;
#6527 = VERTEX_POINT ( 'NONE', #8023 ) ;
#6528 = VERTEX_POINT ( 'NONE', #388 ) ;
#6529 = ORIENTED_EDGE ( 'NONE', *, *, #9062, .T. ) ;
#6530 = CARTESIAN_POINT ( 'NONE',  ( 16.47939620402574334, -8.213497014787717987, 2.286000000000000032 ) ) ;
#6531 = DIRECTION ( 'NONE',  ( -1.000000000000000000, 0.000000000000000000, 0.000000000000000000 ) ) ;
#6532 = ORIENTED_EDGE ( 'NONE', *, *, #3792, .T. ) ;
#6533 = COORDINATED_UNIVERSAL_TIME_OFFSET ( 6, 0, .BEHIND. ) ;
#6534 = VERTEX_POINT ( 'NONE', #4476 ) ;
#6535 = LINE ( 'NONE', #7986, #6738 ) ;
#6536 = DIRECTION ( 'NONE',  ( 0.7071067811865474617, -0.7071067811865474617, 0.000000000000000000 ) ) ;
#6537 = CARTESIAN_POINT ( 'NONE',  ( 0.000000000000000000, 0.000000000000000000, 11.30038463814563343 ) ) ;
#6538 = DIRECTION ( 'NONE',  ( -0.000000000000000000, -0.000000000000000000, -1.000000000000000000 ) ) ;
#6539 = EDGE_LOOP ( 'NONE', ( #6400, #1806, #1827, #8618, #5683, #461, #6020, #5868, #6312, #4904 ) ) ;
#6540 = CARTESIAN_POINT ( 'NONE',  ( 15.87500000000000355, -6.349999999999999645, -2.286000000000000032 ) ) ;
#6541 = VERTEX_POINT ( 'NONE', #5279 ) ;
#6542 = ORIENTED_EDGE ( 'NONE', *, *, #636, .T. ) ;
#6543 = PLANE ( 'NONE',  #4648 ) ;
#6544 = ORIENTED_EDGE ( 'NONE', *, *, #5024, .T. ) ;
#6545 = ORIENTED_EDGE ( 'NONE', *, *, #4331, .F. ) ;
#6546 = CARTESIAN_POINT ( 'NONE',  ( 7.767125987654619479, -13.06712470379547497, 3.050000000000000711 ) ) ;
#6547 = CARTESIAN_POINT ( 'NONE',  ( -15.19999999999999929, 0.000000000000000000, -3.049999999999999822 ) ) ;
#6548 = CARTESIAN_POINT ( 'NONE',  ( -17.70220779386422549, 5.002207793864214658, 1.000000000000000000 ) ) ;
#6549 = LINE ( 'NONE', #177, #1840 ) ;
#6550 = LINE ( 'NONE', #2223, #3192 ) ;
#6551 = AXIS2_PLACEMENT_3D ( 'NONE', #2973, #3574, #5723 ) ;
#6552 = CARTESIAN_POINT ( 'NONE',  ( -12.33241833471674198, 8.885463297855787701, 4.484570918952026197 ) ) ;
#6553 = ORIENTED_EDGE ( 'NONE', *, *, #1103, .F. ) ;
#6554 = CARTESIAN_POINT ( 'NONE',  ( 0.000000000000000000, 0.000000000000000000, 15.75000000000000000 ) ) ;
#6555 = ORIENTED_EDGE ( 'NONE', *, *, #1615, .F. ) ;
#6556 = DIRECTION ( 'NONE',  ( 0.000000000000000000, 0.000000000000000000, 1.000000000000000000 ) ) ;
#6557 = EDGE_CURVE ( 'NONE', #1835, #2289, #6631, .T. ) ;
#6558 = ORIENTED_EDGE ( 'NONE', *, *, #8610, .F. ) ;
#6560 = EDGE_CURVE ( 'NONE', #8233, #8526, #3306, .T. ) ;
#6559 = EDGE_CURVE ( 'NONE', #1194, #8820, #6022, .T. ) ;
#6561 = CARTESIAN_POINT ( 'NONE',  ( -19.40355339059328443, 5.996446609406725692, -1.000000000000000000 ) ) ;
#6562 = CARTESIAN_POINT ( 'NONE',  ( 0.000000000000000000, 0.000000000000000000, 3.049999999999999822 ) ) ;
#6563 = DIRECTION ( 'NONE',  ( 0.7071067811865482389, -0.7071067811865469066, 0.000000000000000000 ) ) ;
#6564 = LINE ( 'NONE', #5816, #2147 ) ;
#6565 = VECTOR ( 'NONE', #4042, 1000.000000000000000 ) ;
#6566 = LINE ( 'NONE', #192, #3165 ) ;
#6567 = FACE_OUTER_BOUND ( 'NONE', #111, .T. ) ;
#6568 = EDGE_LOOP ( 'NONE', ( #8836, #6380, #7047, #7930 ) ) ;
#6569 = ORIENTED_EDGE ( 'NONE', *, *, #197, .F. ) ;
#6570 = CIRCLE ( 'NONE', #7601, 3.175000000000007816 ) ;
#6571 = ORIENTED_EDGE ( 'NONE', *, *, #6069, .F. ) ;
#6573 = EDGE_CURVE ( 'NONE', #8037, #8532, #8123, .T. ) ;
#6572 = EDGE_CURVE ( 'NONE', #7967, #5056, #8160, .T. ) ;
#6574 = CARTESIAN_POINT ( 'NONE',  ( 17.21152236891498788, 7.481370849898475228, 2.286000000000000032 ) ) ;
#6575 =( BOUNDED_CURVE ( )  B_SPLINE_CURVE ( 3, ( #3380, #8355, #5342, #8313 ),
 .UNSPECIFIED., .F., .T. ) 
 B_SPLINE_CURVE_WITH_KNOTS ( ( 4, 4 ),
 ( 4.840734874276010125, 4.873437229494070877 ),
 .UNSPECIFIED. ) 
 CURVE ( )  GEOMETRIC_REPRESENTATION_ITEM ( )  RATIONAL_B_SPLINE_CURVE ( ( 1.000000000000000000, 0.9999108816491901752, 0.9999108816491901752, 1.000000000000000000 ) ) 
 REPRESENTATION_ITEM ( '' )  );
#6576 = DIRECTION ( 'NONE',  ( -0.000000000000000000, -0.000000000000000000, -1.000000000000000000 ) ) ;
#6577 = AXIS2_PLACEMENT_3D ( 'NONE', #6093, #455, #7578 ) ;
#6578 = CARTESIAN_POINT ( 'NONE',  ( 11.44336622548373050, 10.00446747355692523, 4.049999999999999822 ) ) ;
#6579 = ORIENTED_EDGE ( 'NONE', *, *, #8060, .T. ) ;
#6580 = AXIS2_PLACEMENT_3D ( 'NONE', #8642, #5059, #966 ) ;
#6581 = PERSON_AND_ORGANIZATION ( #1070, #932 ) ;
#6582 = ORIENTED_EDGE ( 'NONE', *, *, #1746, .T. ) ;
#6583 = LINE ( 'NONE', #211, #4195 ) ;
#6584 = EDGE_CURVE ( 'NONE', #6873, #3518, #5929, .T. ) ;
#6585 = ORIENTED_EDGE ( 'NONE', *, *, #2240, .T. ) ;
#6586 = PLANE ( 'NONE',  #5139 ) ;
#6587 = VECTOR ( 'NONE', #7394, 1000.000000000000000 ) ;
#6588 = DIRECTION ( 'NONE',  ( -0.000000000000000000, -0.000000000000000000, 1.000000000000000000 ) ) ;
#6589 = AXIS2_PLACEMENT_3D ( 'NONE', #4905, #5654, #681 ) ;
#6590 = DIRECTION ( 'NONE',  ( 1.000000000000000000, 0.000000000000000000, -0.000000000000000000 ) ) ;
#6591 = AXIS2_PLACEMENT_3D ( 'NONE', #3971, #1090, #8999 ) ;
#6592 = VERTEX_POINT ( 'NONE', #3871 ) ;
#6593 = CARTESIAN_POINT ( 'NONE',  ( 19.05000000000001137, 6.349999999999999645, 2.286000000000000032 ) ) ;
#6594 = ORIENTED_EDGE ( 'NONE', *, *, #1943, .T. ) ;
#6595 = VERTEX_POINT ( 'NONE', #7370 ) ;
#6596 = CIRCLE ( 'NONE', #4672, 2.100000000000000977 ) ;
#6597 = AXIS2_PLACEMENT_3D ( 'NONE', #1853, #8278, #6257 ) ;
#6598 = CYLINDRICAL_SURFACE ( 'NONE', #2424, 3.175000000000000711 ) ;
#6599 = ORIENTED_EDGE ( 'NONE', *, *, #5209, .T. ) ;
#6600 = CARTESIAN_POINT ( 'NONE',  ( 8.881966905867615836, -12.33493747263784357, 4.387146958128426810 ) ) ;
#6601 = CARTESIAN_POINT ( 'NONE',  ( -15.19999999999999929, 0.000000000000000000, 1.000000000000000000 ) ) ;
#6602 = LINE ( 'NONE', #8003, #7661 ) ;
#6603 = LINE ( 'NONE', #230, #1981 ) ;
#6604 = VECTOR ( 'NONE', #9178, 999.9999999999998863 ) ;
#6605 = CARTESIAN_POINT ( 'NONE',  ( 25.25000000000001066, 1.131370849898487796, -3.049999999999999822 ) ) ;
#6606 = VECTOR ( 'NONE', #8321, 1000.000000000000000 ) ;
#6607 = CIRCLE ( 'NONE', #3182, 15.19999999999999751 ) ;
#6608 = CC_DESIGN_DATE_AND_TIME_ASSIGNMENT ( #5834, #4579, ( #2860 ) ) ;
#6609 = DIRECTION ( 'NONE',  ( 0.000000000000000000, 0.000000000000000000, 1.000000000000000000 ) ) ;
#6610 = VERTEX_POINT ( 'NONE', #296 ) ;
#6611 = CARTESIAN_POINT ( 'NONE',  ( 13.05355339059328657, 0.3535533905932785603, 1.000000000000000000 ) ) ;
#6612 = ORIENTED_EDGE ( 'NONE', *, *, #763, .F. ) ;
#6613 = CIRCLE ( 'NONE', #655, 3.175000000000000711 ) ;
#6614 = LINE ( 'NONE', #8840, #63 ) ;
#6615 = AXIS2_PLACEMENT_3D ( 'NONE', #9123, #9167, #4095 ) ;
#6616 = VERTEX_POINT ( 'NONE', #5970 ) ;
#6617 = FACE_OUTER_BOUND ( 'NONE', #5742, .T. ) ;
#6618 = DIRECTION ( 'NONE',  ( -0.7071067811865473507, -0.7071067811865477948, 0.000000000000000000 ) ) ;
#6619 = DIRECTION ( 'NONE',  ( 0.7071067811865479058, -0.7071067811865472397, 0.000000000000000000 ) ) ;
#6620 = CARTESIAN_POINT ( 'NONE',  ( 0.000000000000000000, 0.000000000000000000, -3.049999999999999822 ) ) ;
#6621 = AXIS2_PLACEMENT_3D ( 'NONE', #3622, #7205, #6407 ) ;
#6622 = EDGE_CURVE ( 'NONE', #7975, #713, #2546, .T. ) ;
#6623 = EDGE_CURVE ( 'NONE', #1276, #8021, #3227, .T. ) ;
#6624 = DIRECTION ( 'NONE',  ( 1.000000000000000000, 0.000000000000000000, 0.000000000000000000 ) ) ;
#6625 = CARTESIAN_POINT ( 'NONE',  ( 19.40355339059328443, 6.703553390593272709, -1.000000000000000000 ) ) ;
#6626 = CARTESIAN_POINT ( 'NONE',  ( -17.18650298521229303, -8.920603795974258787, 1.000000000000000000 ) ) ;
#6627 = VERTEX_POINT ( 'NONE', #3360 ) ;
#6628 = ORIENTED_EDGE ( 'NONE', *, *, #6838, .T. ) ;
#6629 = CARTESIAN_POINT ( 'NONE',  ( -24.25000000000001066, -1.545584412271577612, 3.049999999999999822 ) ) ;
#6630 = AXIS2_PLACEMENT_3D ( 'NONE', #2700, #344, #1784 ) ;
#6631 = LINE ( 'NONE', #1694, #6127 ) ;
#6632 = EDGE_CURVE ( 'NONE', #7331, #8908, #3307, .T. ) ;
#6634 = EDGE_CURVE ( 'NONE', #1328, #5720, #1920, .T. ) ;
#6633 = ADVANCED_FACE ( 'NONE', ( #1212 ), #8335, .T. ) ;
#6635 = DIRECTION ( 'NONE',  ( -0.000000000000000000, -0.000000000000000000, -1.000000000000000000 ) ) ;
#6636 = VECTOR ( 'NONE', #3669, 1000.000000000000000 ) ;
#6637 = EDGE_LOOP ( 'NONE', ( #2387, #6594, #5331, #4156 ) ) ;
#6638 = APPROVAL_DATE_TIME ( #3184, #4939 ) ;
#6639 = ORIENTED_EDGE ( 'NONE', *, *, #3154, .T. ) ;
#6640 = CARTESIAN_POINT ( 'NONE',  ( 12.69999999999999929, 1.555301434917138433E-15, 3.049999999999999822 ) ) ;
#6641 = LINE ( 'NONE', #3838, #8540 ) ;
#6642 = VECTOR ( 'NONE', #5950, 1000.000000000000000 ) ;
#6643 = PLANE ( 'NONE',  #2582 ) ;
#6644 = EDGE_CURVE ( 'NONE', #3021, #5066, #6891, .T. ) ;
#6645 = ORIENTED_EDGE ( 'NONE', *, *, #6644, .F. ) ;
#6646 = CARTESIAN_POINT ( 'NONE',  ( -20.91349701478772616, 3.779396204025738726, 2.286000000000000032 ) ) ;
#6647 = ORIENTED_EDGE ( 'NONE', *, *, #9015, .F. ) ;
#6648 = ORIENTED_EDGE ( 'NONE', *, *, #80, .T. ) ;
#6649 = VECTOR ( 'NONE', #1634, 1000.000000000000114 ) ;
#6650 = CARTESIAN_POINT ( 'NONE',  ( -7.498580207074714288, -10.24994121339567954, 15.75000000000000000 ) ) ;
#6651 = VERTEX_POINT ( 'NONE', #6804 ) ;
#6652 = CARTESIAN_POINT ( 'NONE',  ( -24.25000000000001066, 6.350000000000000533, -3.049999999999999822 ) ) ;
#6653 = LINE ( 'NONE', #7897, #4183 ) ;
#6654 = CARTESIAN_POINT ( 'NONE',  ( -10.53679841599598355, -7.089843379135013279, 4.484570918951956031 ) ) ;
#6655 = CARTESIAN_POINT ( 'NONE',  ( -20.91349701478772616, 8.920603795974260564, 2.286000000000000032 ) ) ;
#6656 = DIRECTION ( 'NONE',  ( 1.000000000000000000, 1.065420717529060032E-14, 0.000000000000000000 ) ) ;
#6657 = LINE ( 'NONE', #3020, #2428 ) ;
#6658 = EDGE_LOOP ( 'NONE', ( #6729, #343, #1837, #7627, #3472, #7353 ) ) ;
#6659 = LINE ( 'NONE', #323, #2471 ) ;
#6660 = ORIENTED_EDGE ( 'NONE', *, *, #2930, .F. ) ;
#6661 = CARTESIAN_POINT ( 'NONE',  ( -12.23555549275335252, -9.019902330254966571, 8.230599130153848364 ) ) ;
#6662 = ORIENTED_EDGE ( 'NONE', *, *, #256, .T. ) ;
#6663 = DIRECTION ( 'NONE',  ( -0.000000000000000000, -0.000000000000000000, -1.000000000000000000 ) ) ;
#6664 = CARTESIAN_POINT ( 'NONE',  ( 8.746223802468129804, -10.47393927217168574, 15.75000000000000000 ) ) ;
#6665 = CARTESIAN_POINT ( 'NONE',  ( -23.69865440327095030, 0.9942388155425139207, 1.000000000000000444 ) ) ;
#6666 = LINE ( 'NONE', #5313, #7204 ) ;
#6667 = CARTESIAN_POINT ( 'NONE',  ( 21.62060379597428295, 4.486502985212281303, 2.286000000000000032 ) ) ;
#6668 = CARTESIAN_POINT ( 'NONE',  ( 0.000000000000000000, 0.000000000000000000, 3.049999999999999822 ) ) ;
#6669 = CYLINDRICAL_SURFACE ( 'NONE', #4301, 3.175000000000000711 ) ;
#6670 = ORIENTED_EDGE ( 'NONE', *, *, #1316, .T. ) ;
#6671 = VERTEX_POINT ( 'NONE', #6100 ) ;
#6672 = DIRECTION ( 'NONE',  ( 1.000000000000000000, 0.000000000000000000, -0.000000000000000000 ) ) ;
#6673 = EDGE_CURVE ( 'NONE', #2696, #1518, #3267, .T. ) ;
#6674 = CARTESIAN_POINT ( 'NONE',  ( -19.05000000000001137, -11.55000000000000071, 3.049999999999999822 ) ) ;
#6675 = CARTESIAN_POINT ( 'NONE',  ( 21.62060379597427584, -8.213497014787719763, 1.000000000000000000 ) ) ;
#6676 = ORIENTED_EDGE ( 'NONE', *, *, #5208, .F. ) ;
#6677 = COORDINATED_UNIVERSAL_TIME_OFFSET ( 6, 0, .BEHIND. ) ;
#6678 = ORIENTED_EDGE ( 'NONE', *, *, #2914, .T. ) ;
#6679 = PLANE ( 'NONE',  #6770 ) ;
#6680 = EDGE_CURVE ( 'NONE', #6224, #7081, #5543, .T. ) ;
#6682 = ADVANCED_FACE ( 'NONE', ( #2007 ), #8383, .F. ) ;
#6681 = EDGE_CURVE ( 'NONE', #5682, #7131, #6149, .T. ) ;
#6683 = CARTESIAN_POINT ( 'NONE',  ( -2.783128176749758875, -2.783128176749755767, 4.549999999999999822 ) ) ;
#6684 = VERTEX_POINT ( 'NONE', #7680 ) ;
#6685 = DIRECTION ( 'NONE',  ( -1.000000000000000000, 0.000000000000000000, 0.000000000000000000 ) ) ;
#6686 = ORIENTED_EDGE ( 'NONE', *, *, #594, .T. ) ;
#6687 = ORIENTED_EDGE ( 'NONE', *, *, #4100, .F. ) ;
#6688 = CARTESIAN_POINT ( 'NONE',  ( 1.767766952966346450, -1.767766952966393967, 3.049999999999999822 ) ) ;
#6689 = ORIENTED_EDGE ( 'NONE', *, *, #3722, .F. ) ;
#6690 = CARTESIAN_POINT ( 'NONE',  ( 12.03530071934203249, -9.283939713020819440, 15.75000000000000000 ) ) ;
#6692 = ADVANCED_FACE ( 'NONE', ( #1305, #7549, #4136, #9034 ), #4711, .F. ) ;
#6691 = EDGE_CURVE ( 'NONE', #8126, #5308, #7327, .T. ) ;
#6693 = DIRECTION ( 'NONE',  ( 0.7071067811865477948, 0.7071067811865473507, 0.000000000000000000 ) ) ;
#6694 = DIRECTION ( 'NONE',  ( 1.000000000000000000, 0.000000000000000000, 0.000000000000000000 ) ) ;
#6695 = DIRECTION ( 'NONE',  ( 0.000000000000000000, 0.000000000000000000, 1.000000000000000000 ) ) ;
#6696 = DIRECTION ( 'NONE',  ( 1.000000000000000000, 0.000000000000000000, 0.000000000000000000 ) ) ;
#6697 = ORIENTED_EDGE ( 'NONE', *, *, #2942, .T. ) ;
#6698 = CARTESIAN_POINT ( 'NONE',  ( 19.05000000000001137, -6.349999999999999645, 2.286000000000000032 ) ) ;
#6699 = ORIENTED_EDGE ( 'NONE', *, *, #4852, .F. ) ;
#6700 = LINE ( 'NONE', #8011, #1704 ) ;
#6701 = VERTEX_POINT ( 'NONE', #6844 ) ;
#6702 = EDGE_CURVE ( 'NONE', #4128, #5109, #3587, .T. ) ;
#6703 = DIRECTION ( 'NONE',  ( -0.000000000000000000, -0.000000000000000000, -1.000000000000000000 ) ) ;
#6704 = DIRECTION ( 'NONE',  ( 0.7071067811865477948, -0.7071067811865473507, 0.000000000000000000 ) ) ;
#6705 = CARTESIAN_POINT ( 'NONE',  ( 22.70441558772843749, 7.846913223363838341E-15, 3.049999999999999822 ) ) ;
#6706 = CARTESIAN_POINT ( 'NONE',  ( -4.341914580254012890, 14.56666666666665932, 3.049999999999999822 ) ) ;
#6707 = DIRECTION ( 'NONE',  ( -0.7071067811865474617, -0.7071067811865474617, 0.000000000000000000 ) ) ;
#6708 = VECTOR ( 'NONE', #8748, 1000.000000000000000 ) ;
#6709 = LINE ( 'NONE', #5223, #7030 ) ;
#6710 = PLANE ( 'NONE',  #1040 ) ;
#6711 = ORIENTED_EDGE ( 'NONE', *, *, #2065, .T. ) ;
#6712 = VERTEX_POINT ( 'NONE', #7589 ) ;
#6713 = DIRECTION ( 'NONE',  ( 1.000000000000000000, 0.000000000000000000, 0.000000000000000000 ) ) ;
#6714 = VECTOR ( 'NONE', #7303, 1000.000000000000114 ) ;
#6715 = DIRECTION ( 'NONE',  ( 1.000000000000000000, 0.000000000000000000, 0.000000000000000000 ) ) ;
#6716 = DIRECTION ( 'NONE',  ( -0.000000000000000000, -0.000000000000000000, -1.000000000000000000 ) ) ;
#6717 = CIRCLE ( 'NONE', #5673, 13.64550602506189314 ) ;
#6718 = EDGE_LOOP ( 'NONE', ( #4959, #4703, #2158, #433 ) ) ;
#6719 = CARTESIAN_POINT ( 'NONE',  ( -23.69865440327095030, -0.9942388155425158081, 2.286000000000000032 ) ) ;
#6720 = AXIS2_PLACEMENT_3D ( 'NONE', #2688, #5526, #3293 ) ;
#6721 = DIRECTION ( 'NONE',  ( 0.7071067811865474617, 0.7071067811865474617, 0.000000000000000000 ) ) ;
#6722 = AXIS2_PLACEMENT_3D ( 'NONE', #3646, #7923, #8199 ) ;
#6723 = ORIENTED_EDGE ( 'NONE', *, *, #365, .F. ) ;
#6724 = ADVANCED_FACE ( 'NONE', ( #6241 ), #2619, .T. ) ;
#6726 = EDGE_CURVE ( 'NONE', #3387, #6712, #3682, .T. ) ;
#6725 = EDGE_CURVE ( 'NONE', #8266, #5294, #2750, .T. ) ;
#6727 = LINE ( 'NONE', #5333, #8960 ) ;
#6728 = EDGE_LOOP ( 'NONE', ( #3828, #5861, #1887, #6490, #2169, #8738, #4557, #7310, #4463, #678, #8431, #474, #2616, #325, #5012, #8204, #1502, #7592 ) ) ;
#6729 = ORIENTED_EDGE ( 'NONE', *, *, #2191, .F. ) ;
#6730 = CIRCLE ( 'NONE', #8353, 11.50000000000000000 ) ;
#6731 = LINE ( 'NONE', #3147, #1369 ) ;
#6732 = LINE ( 'NONE', #8873, #7648 ) ;
#6733 = CIRCLE ( 'NONE', #2712, 3.175000000000000711 ) ;
#6734 = DIRECTION ( 'NONE',  ( 0.000000000000000000, 0.000000000000000000, 1.000000000000000000 ) ) ;
#6735 = LINE ( 'NONE', #5339, #3037 ) ;
#6736 = DIRECTION ( 'NONE',  ( -0.7071067811865474617, -0.7071067811865476838, -0.000000000000000000 ) ) ;
#6737 = CIRCLE ( 'NONE', #3018, 3.175000000000000711 ) ;
#6738 = VECTOR ( 'NONE', #4395, 1000.000000000000000 ) ;
#6739 = EDGE_CURVE ( 'NONE', #1576, #3702, #2144, .T. ) ;
#6741 = EDGE_CURVE ( 'NONE', #4314, #8074, #910, .T. ) ;
#6740 = EDGE_CURVE ( 'NONE', #6262, #4580, #4480, .T. ) ;
#6742 = DIRECTION ( 'NONE',  ( -0.000000000000000000, -0.000000000000000000, -1.000000000000000000 ) ) ;
#6743 = ORIENTED_EDGE ( 'NONE', *, *, #6172, .F. ) ;
#6744 = DIRECTION ( 'NONE',  ( 0.000000000000000000, 0.000000000000000000, 1.000000000000000000 ) ) ;
#6745 = ORIENTED_EDGE ( 'NONE', *, *, #9100, .F. ) ;
#6746 = DIRECTION ( 'NONE',  ( 1.000000000000000000, 0.000000000000000000, -0.000000000000000000 ) ) ;
#6747 = VECTOR ( 'NONE', #675, 1000.000000000000114 ) ;
#6748 = ORIENTED_EDGE ( 'NONE', *, *, #2573, .T. ) ;
#6749 = FACE_OUTER_BOUND ( 'NONE', #6785, .T. ) ;
#6750 = FACE_OUTER_BOUND ( 'NONE', #7876, .T. ) ;
#6751 = VECTOR ( 'NONE', #7991, 1000.000000000000000 ) ;
#6752 = CIRCLE ( 'NONE', #8238, 3.175000000000007816 ) ;
#6753 = CARTESIAN_POINT ( 'NONE',  ( -8.885463297855924480, 12.33241833471664428, 4.484570918952011986 ) ) ;
#6754 = CARTESIAN_POINT ( 'NONE',  ( -10.53679841599596401, 7.089843379135039925, 4.484570918952164753 ) ) ;
#6755 = CIRCLE ( 'NONE', #1988, 15.20000000000000817 ) ;
#6756 = ADVANCED_FACE ( 'NONE', ( #1484 ), #50, .T. ) ;
#6757 = DIRECTION ( 'NONE',  ( -0.7071067811865475727, 0.7071067811865475727, 0.000000000000000000 ) ) ;
#6758 = VECTOR ( 'NONE', #3914, 1000.000000000000000 ) ;
#6759 = CYLINDRICAL_SURFACE ( 'NONE', #1549, 5.200000000000000178 ) ;
#6760 = DIRECTION ( 'NONE',  ( 0.000000000000000000, -1.000000000000000000, 0.000000000000000000 ) ) ;
#6761 = ORIENTED_EDGE ( 'NONE', *, *, #3262, .F. ) ;
#6762 = ORIENTED_EDGE ( 'NONE', *, *, #324, .T. ) ;
#6763 = PLANE ( 'NONE',  #1132 ) ;
#6764 = DIRECTION ( 'NONE',  ( -0.000000000000000000, -0.000000000000000000, -1.000000000000000000 ) ) ;
#6765 = DIRECTION ( 'NONE',  ( -1.000000000000000000, -4.553079989440435616E-17, -0.000000000000000000 ) ) ;
#6766 = VECTOR ( 'NONE', #2646, 1000.000000000000000 ) ;
#6767 = VECTOR ( 'NONE', #4552, 1000.000000000000000 ) ;
#6768 = DIRECTION ( 'NONE',  ( 0.000000000000000000, 0.000000000000000000, 1.000000000000000000 ) ) ;
#6769 = ORIENTED_EDGE ( 'NONE', *, *, #1746, .F. ) ;
#6770 = AXIS2_PLACEMENT_3D ( 'NONE', #7379, #263, #8768 ) ;
#6771 = ORIENTED_EDGE ( 'NONE', *, *, #348, .T. ) ;
#6772 = CARTESIAN_POINT ( 'NONE',  ( 24.25000000000001066, 1.545584412271582941, -2.286000000000000032 ) ) ;
#6773 = ORIENTED_EDGE ( 'NONE', *, *, #7128, .T. ) ;
#6774 = CARTESIAN_POINT ( 'NONE',  ( 19.05000000000001137, -6.349999999999999645, 2.286000000000000032 ) ) ;
#6775 = ORIENTED_EDGE ( 'NONE', *, *, #105, .F. ) ;
#6776 = ORIENTED_EDGE ( 'NONE', *, *, #9046, .F. ) ;
#6777 = FACE_BOUND ( 'NONE', #5334, .T. ) ;
#6778 = VECTOR ( 'NONE', #4002, 999.9999999999998863 ) ;
#6779 = FACE_OUTER_BOUND ( 'NONE', #2580, .T. ) ;
#6780 = DIRECTION ( 'NONE',  ( 0.7071067811865474617, 0.7071067811865476838, 0.000000000000000000 ) ) ;
#6781 = EDGE_CURVE ( 'NONE', #6085, #6314, #4022, .T. ) ;
#6782 = PLANE ( 'NONE',  #7628 ) ;
#6783 = CONICAL_SURFACE ( 'NONE', #5904, 11.85355339059327662, 0.7853981633974531640 ) ;
#6784 = CYLINDRICAL_SURFACE ( 'NONE', #9092, 1.500000000000000000 ) ;
#6785 = EDGE_LOOP ( 'NONE', ( #5145, #693, #3252, #8870 ) ) ;
#6786 = LINE ( 'NONE', #3422, #7920 ) ;
#6787 = ORIENTED_EDGE ( 'NONE', *, *, #5089, .F. ) ;
#6788 = CARTESIAN_POINT ( 'NONE',  ( 0.000000000000000000, 0.000000000000000000, -3.049999999999999822 ) ) ;
#6789 = ORIENTED_EDGE ( 'NONE', *, *, #2690, .T. ) ;
#6790 = DIRECTION ( 'NONE',  ( 1.000000000000000000, 8.195543980992787683E-16, 0.000000000000000000 ) ) ;
#6791 = CARTESIAN_POINT ( 'NONE',  ( 24.25000000000001066, 1.857106781186553590, 1.000000000000000000 ) ) ;
#6792 = EDGE_CURVE ( 'NONE', #9175, #3140, #2692, .T. ) ;
#6793 = DIRECTION ( 'NONE',  ( 0.7071067811865472397, 0.7071067811865479058, 0.000000000000000000 ) ) ;
#6795 = EDGE_CURVE ( 'NONE', #4962, #353, #2792, .T. ) ;
#6794 = ADVANCED_FACE ( 'NONE', ( #5674 ), #4769, .F. ) ;
#6796 = CYLINDRICAL_SURFACE ( 'NONE', #3343, 3.175000000000000711 ) ;
#6797 = CARTESIAN_POINT ( 'NONE',  ( -19.05000000000001137, 6.349999999999999645, 2.286000000000000032 ) ) ;
#6798 = CARTESIAN_POINT ( 'NONE',  ( -4.341914580254010225, -14.56666666666665044, 3.049999999999999822 ) ) ;
#6799 = CARTESIAN_POINT ( 'NONE',  ( -9.881168959186963363, 11.55000000000000071, -2.286000000000000032 ) ) ;
#6800 = VERTEX_POINT ( 'NONE', #7020 ) ;
#6801 = CARTESIAN_POINT ( 'NONE',  ( 10.53679841599595868, 7.089843379135053247, 4.484570918952032414 ) ) ;
#6802 = VERTEX_POINT ( 'NONE', #5773 ) ;
#6803 = LINE ( 'NONE', #7502, #7071 ) ;
#6804 = CARTESIAN_POINT ( 'NONE',  ( -15.19999999999999929, 0.000000000000000000, -1.000000000000000000 ) ) ;
#6805 = ADVANCED_FACE ( 'NONE', ( #2940 ), #4230, .T. ) ;
#6806 = DIRECTION ( 'NONE',  ( -0.000000000000000000, -0.000000000000000000, -1.000000000000000000 ) ) ;
#6807 = DIRECTION ( 'NONE',  ( -0.000000000000000000, -0.000000000000000000, -1.000000000000000000 ) ) ;
#6808 = ORIENTED_EDGE ( 'NONE', *, *, #3112, .T. ) ;
#6809 = ORIENTED_EDGE ( 'NONE', *, *, #8391, .T. ) ;
#6810 = DIRECTION ( 'NONE',  ( 1.000000000000000000, 0.000000000000000000, 0.000000000000000000 ) ) ;
#6811 = ADVANCED_FACE ( 'NONE', ( #5072 ), #2836, .F. ) ;
#6812 = ORIENTED_EDGE ( 'NONE', *, *, #3886, .F. ) ;
#6813 = DIRECTION ( 'NONE',  ( -1.000000000000000000, 0.000000000000000000, 0.000000000000000000 ) ) ;
#6814 = ORIENTED_EDGE ( 'NONE', *, *, #8009, .T. ) ;
#6815 = ORIENTED_EDGE ( 'NONE', *, *, #8104, .F. ) ;
#6816 = LINE ( 'NONE', #438, #5542 ) ;
#6817 = DIRECTION ( 'NONE',  ( -1.000000000000000000, 0.000000000000000000, 0.000000000000000000 ) ) ;
#6818 = DIRECTION ( 'NONE',  ( -0.000000000000000000, -0.000000000000000000, -1.000000000000000000 ) ) ;
#6819 = CARTESIAN_POINT ( 'NONE',  ( -21.62060379597427229, 4.486502985212284855, 1.000000000000000000 ) ) ;
#6820 = CARTESIAN_POINT ( 'NONE',  ( 0.000000000000000000, 0.000000000000000000, 3.049999999999999822 ) ) ;
#6821 = DIRECTION ( 'NONE',  ( -1.000000000000000000, 0.000000000000000000, 0.000000000000000000 ) ) ;
#6822 = CARTESIAN_POINT ( 'NONE',  ( -21.15000000000001279, -6.349999999999999645, -2.286000000000000032 ) ) ;
#6823 = EDGE_LOOP ( 'NONE', ( #125, #5927, #5053, #3869 ) ) ;
#6824 = DIRECTION ( 'NONE',  ( -0.000000000000000000, -0.000000000000000000, -1.000000000000000000 ) ) ;
#6825 = ORIENTED_EDGE ( 'NONE', *, *, #5884, .F. ) ;
#6826 = DIRECTION ( 'NONE',  ( -0.000000000000000000, -0.000000000000000000, -1.000000000000000000 ) ) ;
#6827 = ORIENTED_EDGE ( 'NONE', *, *, #5368, .F. ) ;
#6828 = DIRECTION ( 'NONE',  ( 0.7071067811865474617, -0.7071067811865474617, 0.000000000000000000 ) ) ;
#6829 = DIRECTION ( 'NONE',  ( -1.000000000000000000, 0.000000000000000000, 0.000000000000000000 ) ) ;
#6830 = LINE ( 'NONE', #8366, #916 ) ;
#6831 = CARTESIAN_POINT ( 'NONE',  ( 19.05000000000001137, 11.55000000000000071, 1.000000000000000000 ) ) ;
#6832 = CLOSED_SHELL ( 'NONE', ( #5315, #9004, #6524, #4736, #7540, #3364, #4406, #762, #1157, #1049, #1170, #7925, #8071, #8946, #1338, #1786, #8558, #3734, #6059, #8324, #6383, #7186, #4954, #8621, #951, #1997, #6724, #4738, #5784, #2913, #3142, #2020, #8741, #2851, #5100, #8162, #2410, #6254, #2486, #6343, #4524, #7171, #8573, #3777, #5077, #7570, #1104, #2469, #5873, #8543, #1003, #7305, #8206, #5772, #7859, #8435, #1383, #8831, #7586, #7252, #79, #6219, #838, #3834, #1039, #1627, #2742, #4153, #6218, #8276, #4152, #4810, #4322, #7646, #3800, #8117, #9029, #528, #1910, #1895, #6270, #2801, #7239, #6794, #9130, #4468, #2057, #3309, #5943, #6692, #2228, #2011, #5268, #895, #1272, #8219, #4455, #5151, #4291, #1498, #6633, #8275, #5194, #8061, #2703, #5076, #5885, #1361, #4783, #995, #1856, #6342, #1060, #7423, #4786, #2180, #8660, #7523, #1176, #7691, #467, #5014, #8892, #6682, #3321, #579, #4419, #3091, #6894, #7926, #454, #1681, #4332, #2640, #5075, #5599, #7116, #3446, #5318, #4800, #313, #6209, #4756, #6382, #6104, #7361, #6441, #7079, #5775, #8597, #182, #7117, #1225, #5163, #5592, #4627, #7292, #825, #146, #133, #7525, #8046, #4279, #4057, #8845, #2711, #6061, #4886, #3780, #1088, #3155, #4215, #6269, #3102, #2602, #3061, #7237, #3601, #2325, #2296, #9119, #5027, #1169, #9170, #939, #2587, #1911, #255, #8161, #6048, #3201, #709, #1362, #1500, #1202, #3987, #3275, #1460, #751, #8901, #6208, #4862, #17, #1158, #7872, #1308, #8372, #4109, #6991, #8480, #7756, #571, #279, #5933, #5327, #7587, #1957, #6805, #4854, #6756, #6971, #4509, #812, #9177, #477, #3371, #813, #1614, #5437, #7513, #15, #5367, #6811, #5423, #4751, #2483, #5835, #4893, #2360, #3735, #5488, #4608, #2470, #7184, #7080, #6384, #8945, #5608, #6990, #3169, #1843, #6328, #3998, #2283, #7808, #7740, #8860, #9185, #2574, #5645, #580, #2193, #1787, #1550, #4801 ) ) ;
#6833 = CARTESIAN_POINT ( 'NONE',  ( -6.595342854572515456, -9.420798938022148405, 14.55000000000000782 ) ) ;
#6834 = VERTEX_POINT ( 'NONE', #5815 ) ;
#6835 = EDGE_CURVE ( 'NONE', #4370, #4587, #7150, .T. ) ;
#6836 = DIRECTION ( 'NONE',  ( -1.000000000000000000, 0.000000000000000000, 0.000000000000000000 ) ) ;
#6839 = EDGE_CURVE ( 'NONE', #1150, #7908, #3149, .T. ) ;
#6838 = EDGE_CURVE ( 'NONE', #300, #5296, #651, .T. ) ;
#6837 = PLANE ( 'NONE',  #3562 ) ;
#6840 = EDGE_LOOP ( 'NONE', ( #2806, #2356, #2413, #1739, #5836, #2901 ) ) ;
#6841 = CARTESIAN_POINT ( 'NONE',  ( -16.47939620402574690, -4.486502985212284855, 2.286000000000000032 ) ) ;
#6842 = EDGE_LOOP ( 'NONE', ( #3656, #6035, #2658, #5959, #8765, #1164 ) ) ;
#6843 = CARTESIAN_POINT ( 'NONE',  ( 25.04644660940673973, 0.3535533905932603527, -1.000000000000000000 ) ) ;
#6844 = CARTESIAN_POINT ( 'NONE',  ( -9.849393396991294125, 11.57710886669484118, 15.75000000000000000 ) ) ;
#6845 = CARTESIAN_POINT ( 'NONE',  ( -19.05000000000001492, -14.89999999999999858, 3.049999999999999822 ) ) ;
#6846 = CARTESIAN_POINT ( 'NONE',  ( 24.25000000000001066, -6.350000000000000533, 2.286000000000000032 ) ) ;
#6848 = EDGE_CURVE ( 'NONE', #110, #224, #1802, .T. ) ;
#6847 = EDGE_CURVE ( 'NONE', #7683, #6144, #8059, .T. ) ;
#6849 = EDGE_LOOP ( 'NONE', ( #6900, #5706, #1512, #6108 ) ) ;
#6850 = ORIENTED_EDGE ( 'NONE', *, *, #4538, .F. ) ;
#6851 = EDGE_LOOP ( 'NONE', ( #524, #1701, #2843, #3696 ) ) ;
#6852 = AXIS2_PLACEMENT_3D ( 'NONE', #2050, #3402, #6285 ) ;
#6853 = ORIENTED_EDGE ( 'NONE', *, *, #2533, .F. ) ;
#6854 = EDGE_CURVE ( 'NONE', #4961, #908, #4177, .T. ) ;
#6855 = CYLINDRICAL_SURFACE ( 'NONE', #9110, 15.19999999999999929 ) ;
#6856 = ORIENTED_EDGE ( 'NONE', *, *, #6557, .T. ) ;
#6857 = EDGE_LOOP ( 'NONE', ( #8407, #5985, #1479, #2815 ) ) ;
#6858 = CARTESIAN_POINT ( 'NONE',  ( -0.7194493759633187047, 0.7194493759633292518, 4.049999999999999822 ) ) ;
#6859 = DIRECTION ( 'NONE',  ( -0.7071067811865527908, -0.7071067811865422437, 0.000000000000000000 ) ) ;
#6860 = CIRCLE ( 'NONE', #7744, 3.175000000000000711 ) ;
#6861 = DIRECTION ( 'NONE',  ( 1.000000000000000000, 0.000000000000000000, 0.000000000000000000 ) ) ;
#6862 = LINE ( 'NONE', #487, #5264 ) ;
#6863 = AXIS2_PLACEMENT_3D ( 'NONE', #5085, #6214, #113 ) ;
#6864 = LINE ( 'NONE', #5430, #2723 ) ;
#6865 = AXIS2_PLACEMENT_3D ( 'NONE', #8979, #5352, #6233 ) ;
#6866 = CARTESIAN_POINT ( 'NONE',  ( -25.25000000000001066, 6.349999999999999645, 1.000000000000000000 ) ) ;
#6867 = LINE ( 'NONE', #1239, #5404 ) ;
#6868 = VERTEX_POINT ( 'NONE', #6521 ) ;
#6869 = VECTOR ( 'NONE', #3932, 1000.000000000000000 ) ;
#6870 = CARTESIAN_POINT ( 'NONE',  ( 16.47939620402574334, 8.213497014787719763, -1.000000000000000444 ) ) ;
#6871 = VERTEX_POINT ( 'NONE', #145 ) ;
#6872 = FACE_OUTER_BOUND ( 'NONE', #5751, .T. ) ;
#6873 = VERTEX_POINT ( 'NONE', #2982 ) ;
#6874 = LINE ( 'NONE', #6051, #2182 ) ;
#6875 = CARTESIAN_POINT ( 'NONE',  ( -10.54166907872521541, -7.082604687307023639, 4.288454982080316391 ) ) ;
#6876 = DIRECTION ( 'NONE',  ( -0.000000000000000000, -0.000000000000000000, -1.000000000000000000 ) ) ;
#6877 = CC_DESIGN_APPROVAL ( #1190, ( #1686 ) ) ;
#6878 = VECTOR ( 'NONE', #721, 1000.000000000000000 ) ;
#6879 = CARTESIAN_POINT ( 'NONE',  ( 0.000000000000000000, 0.000000000000000000, 4.049999999999999822 ) ) ;
#6880 = LINE ( 'NONE', #2691, #8700 ) ;
#6881 = CIRCLE ( 'NONE', #4050, 15.19999999999999929 ) ;
#6882 = CARTESIAN_POINT ( 'NONE',  ( -17.21152236891498788, 7.481370849898475228, 2.286000000000000032 ) ) ;
#6883 = ORIENTED_EDGE ( 'NONE', *, *, #1265, .T. ) ;
#6884 = AXIS2_PLACEMENT_3D ( 'NONE', #2213, #5103, #8690 ) ;
#6885 = CARTESIAN_POINT ( 'NONE',  ( -16.47939620402574690, -4.486502985212284855, -2.286000000000000032 ) ) ;
#6886 = CARTESIAN_POINT ( 'NONE',  ( 1.723477518430397204, -1.723477518430444499, 4.484570918951995999 ) ) ;
#6887 = VERTEX_POINT ( 'NONE', #3215 ) ;
#6888 = CIRCLE ( 'NONE', #2880, 5.200000000000000178 ) ;
#6889 = VERTEX_POINT ( 'NONE', #2474 ) ;
#6890 = CARTESIAN_POINT ( 'NONE',  ( -9.152739640218801043, -12.13650746063104258, 11.98607683914960909 ) ) ;
#6891 = LINE ( 'NONE', #2662, #3878 ) ;
#6892 = LINE ( 'NONE', #1076, #6758 ) ;
#6893 = VECTOR ( 'NONE', #8063, 1000.000000000000114 ) ;
#6894 = ADVANCED_FACE ( 'NONE', ( #2336 ), #3822, .F. ) ;
#6895 = EDGE_CURVE ( 'NONE', #5355, #1323, #7970, .T. ) ;
#6896 = VECTOR ( 'NONE', #3718, 1000.000000000000000 ) ;
#6897 = AXIS2_PLACEMENT_3D ( 'NONE', #7955, #1581, #4415 ) ;
#6898 = CARTESIAN_POINT ( 'NONE',  ( -20.91349701478772616, 8.920603795974260564, -2.286000000000000032 ) ) ;
#6899 = VERTEX_POINT ( 'NONE', #6665 ) ;
#6900 = ORIENTED_EDGE ( 'NONE', *, *, #7291, .F. ) ;
#6901 = CIRCLE ( 'NONE', #2146, 12.69999999999999929 ) ;
#6902 = VECTOR ( 'NONE', #7404, 1000.000000000000000 ) ;
#6903 = EDGE_CURVE ( 'NONE', #6379, #2668, #5962, .T. ) ;
#6905 = EDGE_CURVE ( 'NONE', #2449, #5387, #3125, .T. ) ;
#6904 = EDGE_CURVE ( 'NONE', #240, #3132, #1730, .T. ) ;
#6906 = VECTOR ( 'NONE', #2634, 1000.000000000000000 ) ;
#6907 = VERTEX_POINT ( 'NONE', #8846 ) ;
#6908 = DIRECTION ( 'NONE',  ( 1.000000000000000000, 0.000000000000000000, 0.000000000000000000 ) ) ;
#6909 = ORIENTED_EDGE ( 'NONE', *, *, #4242, .F. ) ;
#6910 = CYLINDRICAL_SURFACE ( 'NONE', #6291, 15.19999999999999929 ) ;
#6911 = CYLINDRICAL_SURFACE ( 'NONE', #4968, 15.19999999999999929 ) ;
#6912 = CARTESIAN_POINT ( 'NONE',  ( 10.54704422572855727, -7.074630469014006273, 4.290679315531909843 ) ) ;
#6913 = CARTESIAN_POINT ( 'NONE',  ( -24.11862915010152975, 0.000000000000000000, -3.049999999999999822 ) ) ;
#6914 = AXIS2_PLACEMENT_3D ( 'NONE', #6052, #2473, #1023 ) ;
#6915 = CARTESIAN_POINT ( 'NONE',  ( 10.70360484075323271, -9.264706088826438091, 4.049999999999999822 ) ) ;
#6916 = EDGE_CURVE ( 'NONE', #8544, #7346, #5129, .T. ) ;
#6917 = CARTESIAN_POINT ( 'NONE',  ( -19.05000000000001137, 6.349999999999999645, -1.000000000000000000 ) ) ;
#6918 = DIRECTION ( 'NONE',  ( -1.000000000000000000, 0.000000000000000000, 0.000000000000000000 ) ) ;
#6919 = ORIENTED_EDGE ( 'NONE', *, *, #5688, .T. ) ;
#6920 = AXIS2_PLACEMENT_3D ( 'NONE', #5060, #7898, #5112 ) ;
#6921 = FACE_OUTER_BOUND ( 'NONE', #8296, .T. ) ;
#6922 = ORIENTED_EDGE ( 'NONE', *, *, #7022, .T. ) ;
#6923 = CARTESIAN_POINT ( 'NONE',  ( -19.05000000000001137, 6.349999999999999645, 1.000000000000000000 ) ) ;
#6924 = ORIENTED_EDGE ( 'NONE', *, *, #8483, .F. ) ;
#6925 = DIRECTION ( 'NONE',  ( -1.000000000000000000, 0.000000000000000000, 0.000000000000000000 ) ) ;
#6926 = DIRECTION ( 'NONE',  ( -0.000000000000000000, -0.000000000000000000, -1.000000000000000000 ) ) ;
#6927 = CYLINDRICAL_SURFACE ( 'NONE', #503, 3.175000000000000711 ) ;
#6928 = DIRECTION ( 'NONE',  ( -0.000000000000000000, -0.000000000000000000, -1.000000000000000000 ) ) ;
#6929 = DIRECTION ( 'NONE',  ( 1.000000000000000000, 0.000000000000000000, 0.000000000000000000 ) ) ;
#6930 = VECTOR ( 'NONE', #8319, 1000.000000000000000 ) ;
#6931 = DIRECTION ( 'NONE',  ( -0.7071067811865474617, -0.7071067811865474617, 0.000000000000000000 ) ) ;
#6932 = ORIENTED_EDGE ( 'NONE', *, *, #2362, .F. ) ;
#6933 = CARTESIAN_POINT ( 'NONE',  ( 9.881168959186965139, -11.54999999999999716, 3.049999999999999822 ) ) ;
#6934 = ORIENTED_EDGE ( 'NONE', *, *, #6634, .T. ) ;
#6935 = VECTOR ( 'NONE', #3475, 1000.000000000000000 ) ;
#6936 = CARTESIAN_POINT ( 'NONE',  ( 11.00618192593642242, 6.337373622578190258, 3.187564428398826255 ) ) ;
#6937 = ORIENTED_EDGE ( 'NONE', *, *, #2113, .T. ) ;
#6938 = CARTESIAN_POINT ( 'NONE',  ( 16.47939620402574334, 8.213497014787719763, 1.000000000000000000 ) ) ;
#6939 = CARTESIAN_POINT ( 'NONE',  ( -20.18137084989848873, -4.511522368914975267, -2.286000000000000032 ) ) ;
#6940 = CARTESIAN_POINT ( 'NONE',  ( 15.87500000000000355, 6.349999999999999645, 2.286000000000000032 ) ) ;
#6941 = CARTESIAN_POINT ( 'NONE',  ( -11.44336622548373050, -10.00446747355692523, 4.049999999999999822 ) ) ;
#6942 = EDGE_CURVE ( 'NONE', #1276, #4879, #1594, .T. ) ;
#6943 = ORIENTED_EDGE ( 'NONE', *, *, #2638, .T. ) ;
#6944 = ORIENTED_EDGE ( 'NONE', *, *, #5647, .T. ) ;
#6945 = ORIENTED_EDGE ( 'NONE', *, *, #2311, .T. ) ;
#6946 = ORIENTED_EDGE ( 'NONE', *, *, #5898, .T. ) ;
#6947 = EDGE_CURVE ( 'NONE', #7816, #3409, #7104, .T. ) ;
#6948 = CARTESIAN_POINT ( 'NONE',  ( 13.05355339059328657, 0.3535533905932785603, -1.000000000000000000 ) ) ;
#6950 = EDGE_CURVE ( 'NONE', #5537, #8532, #8015, .T. ) ;
#6949 = EDGE_CURVE ( 'NONE', #1242, #5461, #1769, .T. ) ;
#6951 = CARTESIAN_POINT ( 'NONE',  ( 25.25000000000001066, -6.349999999999999645, 1.000000000000000000 ) ) ;
#6952 = CARTESIAN_POINT ( 'NONE',  ( -8.575400865265715211, 12.55000000000000071, -3.049999999999999822 ) ) ;
#6953 = CARTESIAN_POINT ( 'NONE',  ( 15.37520259936550282, -1.968095818178943857, -2.286000000000000032 ) ) ;
#6954 = CARTESIAN_POINT ( 'NONE',  ( -20.88847763108503486, -5.218629150101524061, -2.286000000000000032 ) ) ;
#6955 = FACE_OUTER_BOUND ( 'NONE', #4901, .T. ) ;
#6956 = FACE_BOUND ( 'NONE', #5765, .T. ) ;
#6957 = ORIENTED_EDGE ( 'NONE', *, *, #1273, .F. ) ;
#6958 = CARTESIAN_POINT ( 'NONE',  ( -13.14289321881346062, 11.55000000000000071, 2.286000000000000032 ) ) ;
#6960 = EDGE_CURVE ( 'NONE', #4150, #6834, #5871, .T. ) ;
#6959 = EDGE_CURVE ( 'NONE', #9180, #8294, #2403, .T. ) ;
#6961 = ORIENTED_EDGE ( 'NONE', *, *, #8959, .T. ) ;
#6962 = PLANE ( 'NONE',  #1993 ) ;
#6963 = ORIENTED_EDGE ( 'NONE', *, *, #2250, .T. ) ;
#6964 = DIRECTION ( 'NONE',  ( -0.000000000000000000, -0.000000000000000000, -1.000000000000000000 ) ) ;
#6965 = DIRECTION ( 'NONE',  ( -0.7071067811865474617, 0.7071067811865474617, 0.000000000000000000 ) ) ;
#6966 = FACE_BOUND ( 'NONE', #385, .T. ) ;
#6967 = CARTESIAN_POINT ( 'NONE',  ( 12.33493747263792528, 8.881966905867507478, 4.387146958128426810 ) ) ;
#6968 = DIRECTION ( 'NONE',  ( -1.000000000000000000, 0.000000000000000000, 0.000000000000000000 ) ) ;
#6969 = DIRECTION ( 'NONE',  ( -0.7071067811865507924, 0.7071067811865441310, 0.000000000000000000 ) ) ;
#6970 = ORIENTED_EDGE ( 'NONE', *, *, #1216, .T. ) ;
#6971 = ADVANCED_FACE ( 'NONE', ( #7445 ), #5921, .F. ) ;
#6972 = VERTEX_POINT ( 'NONE', #8755 ) ;
#6973 = DIRECTION ( 'NONE',  ( -0.000000000000000000, 1.000000000000000000, -0.000000000000000000 ) ) ;
#6974 = ORIENTED_EDGE ( 'NONE', *, *, #2867, .F. ) ;
#6975 = CARTESIAN_POINT ( 'NONE',  ( -8.885463297855947573, -12.33241833471662829, 4.484570918952019092 ) ) ;
#6976 = DIRECTION ( 'NONE',  ( -0.7071067811865470176, -0.7071067811865479058, 0.000000000000000000 ) ) ;
#6977 = CARTESIAN_POINT ( 'NONE',  ( 12.34644660940673866, -0.3535533905932768395, -1.000000000000000000 ) ) ;
#6978 = DIRECTION ( 'NONE',  ( -0.7071067811865476838, 0.7071067811865474617, 0.000000000000000000 ) ) ;
#6979 = DIRECTION ( 'NONE',  ( -0.000000000000000000, -0.000000000000000000, -1.000000000000000000 ) ) ;
#6980 = ORIENTED_EDGE ( 'NONE', *, *, #4575, .F. ) ;
#6981 = VERTEX_POINT ( 'NONE', #6753 ) ;
#6982 = VERTEX_POINT ( 'NONE', #2380 ) ;
#6983 = B_SPLINE_CURVE_WITH_KNOTS ( 'NONE', 3,
 ( #4629, #7602, #6912, #539, #7475, #1097, #2991, #5740, #2293, #8403, #6485, #4433, #7271, #5040 ),
 .UNSPECIFIED., .F., .F.,
 ( 4, 2, 2, 2, 2, 2, 4 ),
 ( 9.773130930231850846E-17, 0.0002900619406457246555, 0.0005801238812913515159, 0.0008701858219369784306, 0.001160247762582605454, 0.001740371643873862319, 0.002320495525165118967 ),
 .UNSPECIFIED. ) ;
#6984 = ORIENTED_EDGE ( 'NONE', *, *, #7657, .F. ) ;
#6985 = DIRECTION ( 'NONE',  ( -0.7071067811865476838, -0.7071067811865474617, -0.000000000000000000 ) ) ;
#6986 = DIRECTION ( 'NONE',  ( -0.000000000000000000, 0.000000000000000000, -1.000000000000000000 ) ) ;
#6987 = DIRECTION ( 'NONE',  ( 0.7071067811865531239, 0.7071067811865420216, -0.000000000000000000 ) ) ;
#6988 = VECTOR ( 'NONE', #8711, 1000.000000000000114 ) ;
#6989 = DIRECTION ( 'NONE',  ( -0.000000000000000000, -0.000000000000000000, -1.000000000000000000 ) ) ;
#6990 = ADVANCED_FACE ( 'NONE', ( #1680 ), #4515, .F. ) ;
#6991 = ADVANCED_FACE ( 'NONE', ( #7356 ), #5266, .F. ) ;
#6992 = VERTEX_POINT ( 'NONE', #3166 ) ;
#6993 = DIRECTION ( 'NONE',  ( -1.000000000000000000, 0.000000000000000000, 0.000000000000000000 ) ) ;
#6994 = VERTEX_POINT ( 'NONE', #6010 ) ;
#6995 = ORIENTED_EDGE ( 'NONE', *, *, #478, .T. ) ;
#6996 = AXIS2_PLACEMENT_3D ( 'NONE', #8764, #7317, #390 ) ;
#6997 = CARTESIAN_POINT ( 'NONE',  ( 9.564990707014361604, -6.725611432804601719, 14.32450824590018890 ) ) ;
#6998 = EDGE_LOOP ( 'NONE', ( #4492, #6341, #7061, #7467 ) ) ;
#6999 = DIRECTION ( 'NONE',  ( 1.000000000000000000, 0.000000000000000000, 0.000000000000000000 ) ) ;
#7000 = CARTESIAN_POINT ( 'NONE',  ( 25.75355339059328585, -0.3535533905932872756, 1.000000000000000000 ) ) ;
#7001 = CARTESIAN_POINT ( 'NONE',  ( 8.885463297855910270, 12.33241833471666027, 4.484570918952039520 ) ) ;
#7002 = CARTESIAN_POINT ( 'NONE',  ( 19.05000000000001137, 6.349999999999999645, 1.000000000000000000 ) ) ;
#7003 = DIRECTION ( 'NONE',  ( 0.000000000000000000, 0.000000000000000000, 1.000000000000000000 ) ) ;
#7004 = CARTESIAN_POINT ( 'NONE',  ( -8.746223802468138686, 10.47393927217169463, 15.75000000000000000 ) ) ;
#7005 = AXIS2_PLACEMENT_3D ( 'NONE', #6338, #9171, #2796 ) ;
#7006 = EDGE_CURVE ( 'NONE', #1819, #6994, #8925, .T. ) ;
#7008 = EDGE_CURVE ( 'NONE', #3518, #5598, #3295, .T. ) ;
#7007 = EDGE_CURVE ( 'NONE', #4598, #1174, #4698, .T. ) ;
#7009 = VECTOR ( 'NONE', #6693, 1000.000000000000000 ) ;
#7010 = CARTESIAN_POINT ( 'NONE',  ( 24.25000000000001066, -6.350000000000000533, 3.049999999999999822 ) ) ;
#7011 = EDGE_LOOP ( 'NONE', ( #674, #7451, #4417, #1456 ) ) ;
#7012 = CARTESIAN_POINT ( 'NONE',  ( -12.52935589358528290, 8.605724036130046883, 3.596007646933538471 ) ) ;
#7013 = ORIENTED_EDGE ( 'NONE', *, *, #6838, .F. ) ;
#7014 = DIRECTION ( 'NONE',  ( -0.000000000000000000, -0.000000000000000000, -1.000000000000000000 ) ) ;
#7015 = VECTOR ( 'NONE', #6367, 1000.000000000000000 ) ;
#7016 = ORIENTED_EDGE ( 'NONE', *, *, #3540, .F. ) ;
#7017 = DIRECTION ( 'NONE',  ( 0.7071067811865477948, -0.7071067811865473507, 0.000000000000000000 ) ) ;
#7018 = DIRECTION ( 'NONE',  ( 0.000000000000000000, 0.000000000000000000, 1.000000000000000000 ) ) ;
#7019 = AXIS2_PLACEMENT_3D ( 'NONE', #3009, #1755, #1046 ) ;
#7020 = CARTESIAN_POINT ( 'NONE',  ( -9.283939713020972206, -12.03530071934191703, 15.75000000000000000 ) ) ;
#7021 = DIRECTION ( 'NONE',  ( -0.000000000000000000, -0.000000000000000000, -1.000000000000000000 ) ) ;
#7022 = EDGE_CURVE ( 'NONE', #2086, #8649, #2099, .T. ) ;
#7023 = AXIS2_PLACEMENT_3D ( 'NONE', #1513, #269, #3063 ) ;
#7024 = PLANE ( 'NONE',  #7462 ) ;
#7025 = VECTOR ( 'NONE', #3392, 1000.000000000000114 ) ;
#7026 = VECTOR ( 'NONE', #3740, 1000.000000000000000 ) ;
#7027 = EDGE_LOOP ( 'NONE', ( #4875, #828, #1289, #3608 ) ) ;
#7028 = EDGE_LOOP ( 'NONE', ( #4935, #7373, #624, #2492, #8147, #309, #5084, #6200, #8318, #8653, #798, #8028, #456, #7312, #7947, #2899 ) ) ;
#7029 = ORIENTED_EDGE ( 'NONE', *, *, #2870, .F. ) ;
#7030 = VECTOR ( 'NONE', #7308, 1000.000000000000000 ) ;
#7031 = VECTOR ( 'NONE', #3139, 1000.000000000000000 ) ;
#7032 = VECTOR ( 'NONE', #5300, 1000.000000000000000 ) ;
#7033 = CARTESIAN_POINT ( 'NONE',  ( -6.622070032763156533, 10.83712860766399011, 3.389687696579580134 ) ) ;
#7034 = ORIENTED_EDGE ( 'NONE', *, *, #8322, .F. ) ;
#7035 = CARTESIAN_POINT ( 'NONE',  ( -9.953076815974725378, 11.48829497739946959, 7.951910872067012193 ) ) ;
#7036 = VERTEX_POINT ( 'NONE', #8323 ) ;
#7037 = AXIS2_PLACEMENT_3D ( 'NONE', #4788, #6237, #4090 ) ;
#7038 = CIRCLE ( 'NONE', #3787, 5.200000000000000178 ) ;
#7039 = DIRECTION ( 'NONE',  ( -0.000000000000000000, -0.000000000000000000, -1.000000000000000000 ) ) ;
#7040 = LINE ( 'NONE', #6951, #4234 ) ;
#7041 = CYLINDRICAL_SURFACE ( 'NONE', #7491, 3.175000000000000711 ) ;
#7042 = LINE ( 'NONE', #2637, #5263 ) ;
#7043 = VECTOR ( 'NONE', #5948, 1000.000000000000000 ) ;
#7044 = AXIS2_PLACEMENT_3D ( 'NONE', #7446, #1064, #3904 ) ;
#7045 = ORIENTED_EDGE ( 'NONE', *, *, #2178, .F. ) ;
#7046 = DIRECTION ( 'NONE',  ( 0.000000000000000000, 0.000000000000000000, 1.000000000000000000 ) ) ;
#7047 = ORIENTED_EDGE ( 'NONE', *, *, #7304, .T. ) ;
#7048 = ORIENTED_EDGE ( 'NONE', *, *, #5425, .T. ) ;
#7049 = DIRECTION ( 'NONE',  ( -1.000000000000000000, 0.000000000000000000, 0.000000000000000000 ) ) ;
#7050 = ORIENTED_EDGE ( 'NONE', *, *, #363, .F. ) ;
#7051 = VECTOR ( 'NONE', #3933, 1000.000000000000000 ) ;
#7052 = ORIENTED_EDGE ( 'NONE', *, *, #6105, .F. ) ;
#7053 = LINE ( 'NONE', #1471, #5875 ) ;
#7054 = DIRECTION ( 'NONE',  ( -1.000000000000000000, 0.000000000000000000, 0.000000000000000000 ) ) ;
#7055 = DIRECTION ( 'NONE',  ( 1.000000000000000000, 0.000000000000000000, 0.000000000000000000 ) ) ;
#7056 = CARTESIAN_POINT ( 'NONE',  ( 17.91862915010153401, 4.511522368914976155, 2.286000000000000032 ) ) ;
#7057 = CARTESIAN_POINT ( 'NONE',  ( -12.33493747263795726, -8.881966905867459516, 4.387146958128427698 ) ) ;
#7058 = FACE_OUTER_BOUND ( 'NONE', #1134, .T. ) ;
#7059 = VECTOR ( 'NONE', #8754, 1000.000000000000000 ) ;
#7060 = CARTESIAN_POINT ( 'NONE',  ( 21.62060379597427939, 8.213497014787719763, 2.286000000000000032 ) ) ;
#7061 = ORIENTED_EDGE ( 'NONE', *, *, #3474, .T. ) ;
#7062 = CARTESIAN_POINT ( 'NONE',  ( -19.05000000000001137, -6.349999999999999645, 2.286000000000000032 ) ) ;
#7063 = VERTEX_POINT ( 'NONE', #416 ) ;
#7064 = CARTESIAN_POINT ( 'NONE',  ( 11.48829497739958327, -9.953076815974597480, 7.951910872066904723 ) ) ;
#7065 = EDGE_CURVE ( 'NONE', #1388, #285, #8886, .T. ) ;
#7066 = VERTEX_POINT ( 'NONE', #7619 ) ;
#7068 = EDGE_CURVE ( 'NONE', #7677, #353, #3391, .T. ) ;
#7067 = EDGE_CURVE ( 'NONE', #7816, #6480, #179, .T. ) ;
#7069 = DIRECTION ( 'NONE',  ( -0.7071067811865482389, -0.7071067811865469066, -0.000000000000000000 ) ) ;
#7070 = CARTESIAN_POINT ( 'NONE',  ( 16.95000000000000284, 6.349999999999999645, 1.000000000000000000 ) ) ;
#7071 = VECTOR ( 'NONE', #8250, 1000.000000000000000 ) ;
#7072 = DIRECTION ( 'NONE',  ( 0.000000000000000000, 0.000000000000000000, 1.000000000000000000 ) ) ;
#7073 = FACE_OUTER_BOUND ( 'NONE', #4286, .T. ) ;
#7074 = LINE ( 'NONE', #704, #7754 ) ;
#7075 = VECTOR ( 'NONE', #414, 1000.000000000000000 ) ;
#7076 = CARTESIAN_POINT ( 'NONE',  ( 6.725611432804702972, 9.564990707014285221, 14.32450824590018890 ) ) ;
#7077 = CARTESIAN_POINT ( 'NONE',  ( 2.783128176749738447, 2.783128176749768645, 3.049999999999999822 ) ) ;
#7078 = ORIENTED_EDGE ( 'NONE', *, *, #2226, .F. ) ;
#7080 = ADVANCED_FACE ( 'NONE', ( #1907 ), #6190, .F. ) ;
#7079 = ADVANCED_FACE ( 'NONE', ( #8189 ), #5486, .F. ) ;
#7081 = VERTEX_POINT ( 'NONE', #4083 ) ;
#7082 = DIRECTION ( 'NONE',  ( 1.000000000000000000, 0.000000000000000000, 0.000000000000000000 ) ) ;
#7083 = ORIENTED_EDGE ( 'NONE', *, *, #8774, .F. ) ;
#7084 = ORIENTED_EDGE ( 'NONE', *, *, #478, .F. ) ;
#7085 = PLANE ( 'NONE',  #4798 ) ;
#7086 = EDGE_CURVE ( 'NONE', #6075, #1467, #1117, .T. ) ;
#7087 = CARTESIAN_POINT ( 'NONE',  ( -7.598307058890024557, 13.16456341238943040, 3.049999999999999822 ) ) ;
#7088 = CARTESIAN_POINT ( 'NONE',  ( 2.056696380120324186, 14.89999999999999680, -3.049999999999999822 ) ) ;
#7089 = LINE ( 'NONE', #8539, #4661 ) ;
#7090 = ORIENTED_EDGE ( 'NONE', *, *, #301, .F. ) ;
#7091 = CARTESIAN_POINT ( 'NONE',  ( -23.06347142246230320, -9.656364641275748895, 3.049999999999999822 ) ) ;
#7092 = ORIENTED_EDGE ( 'NONE', *, *, #7420, .T. ) ;
#7093 = ORIENTED_EDGE ( 'NONE', *, *, #1695, .T. ) ;
#7094 = CARTESIAN_POINT ( 'NONE',  ( -19.05000000000001137, -6.349999999999999645, 2.286000000000000032 ) ) ;
#7095 = ORIENTED_EDGE ( 'NONE', *, *, #468, .F. ) ;
#7096 = ORIENTED_EDGE ( 'NONE', *, *, #2638, .F. ) ;
#7097 = CARTESIAN_POINT ( 'NONE',  ( -20.88847763108503486, -5.218629150101524061, 2.286000000000000032 ) ) ;
#7098 = B_SPLINE_CURVE_WITH_KNOTS ( 'NONE', 3,
 ( #5560, #9139, #7842, #6304, #4897, #4948, #1414, #4249, #4858, #1974, #1461, #14, #7690, #7087 ),
 .UNSPECIFIED., .F., .F.,
 ( 4, 2, 2, 2, 2, 2, 4 ),
 ( 1.524682795923845985E-17, 0.0002883918124112319669, 0.0005767836248224487549, 0.0008651754372336654345, 0.001153567249644882114, 0.001730350874467318509, 0.002307134499289755121 ),
 .UNSPECIFIED. ) ;
#7099 = PLANE ( 'NONE',  #8135 ) ;
#7100 = CARTESIAN_POINT ( 'NONE',  ( 22.70441558772843749, 7.806255641895631925E-15, -1.000000000000000000 ) ) ;
#7101 = CARTESIAN_POINT ( 'NONE',  ( -11.32123086714780058, -5.754974513648158485, 3.049999999999999822 ) ) ;
#7102 = CARTESIAN_POINT ( 'NONE',  ( -19.05000000000001137, 6.349999999999999645, 1.000000000000000000 ) ) ;
#7103 = CARTESIAN_POINT ( 'NONE',  ( -9.881168959186963363, -11.55000000000000071, 3.049999999999999822 ) ) ;
#7104 =( BOUNDED_CURVE ( )  B_SPLINE_CURVE ( 3, ( #7262, #8057, #189, #8796 ),
 .UNSPECIFIED., .F., .T. ) 
 B_SPLINE_CURVE_WITH_KNOTS ( ( 4, 4 ),
 ( 1.637784248836729573, 1.651256753668531640 ),
 .UNSPECIFIED. ) 
 CURVE ( )  GEOMETRIC_REPRESENTATION_ITEM ( )  RATIONAL_B_SPLINE_CURVE ( ( 1.000000000000000000, 0.9999848743583262811, 0.9999848743583262811, 1.000000000000000000 ) ) 
 REPRESENTATION_ITEM ( '' )  );
#7105 = LINE ( 'NONE', #5063, #5253 ) ;
#7106 = EDGE_LOOP ( 'NONE', ( #8361, #4623, #8747, #5052, #7123, #3585 ) ) ;
#7107 = CARTESIAN_POINT ( 'NONE',  ( 22.70441558772843749, 7.846913223363838341E-15, 3.049999999999999822 ) ) ;
#7108 = VERTEX_POINT ( 'NONE', #4832 ) ;
#7109 = DIRECTION ( 'NONE',  ( 1.000000000000000000, -1.912293595564983661E-15, 0.000000000000000000 ) ) ;
#7110 = ORIENTED_EDGE ( 'NONE', *, *, #3396, .F. ) ;
#7111 = CARTESIAN_POINT ( 'NONE',  ( -9.881168959186963363, 11.55000000000000071, 3.049999999999999822 ) ) ;
#7112 = CARTESIAN_POINT ( 'NONE',  ( -24.25000000000001066, 6.349999999999999645, -1.000000000000000000 ) ) ;
#7113 = CARTESIAN_POINT ( 'NONE',  ( -19.05000000000001137, 6.349999999999999645, 1.000000000000000000 ) ) ;
#7114 = DIRECTION ( 'NONE',  ( 1.000000000000000000, 0.000000000000000000, 0.000000000000000000 ) ) ;
#7115 = EDGE_CURVE ( 'NONE', #3919, #223, #6830, .T. ) ;
#7117 = ADVANCED_FACE ( 'NONE', ( #7669 ), #6136, .F. ) ;
#7116 = ADVANCED_FACE ( 'NONE', ( #6230 ), #9059, .F. ) ;
#7118 = PLANE ( 'NONE',  #6422 ) ;
#7119 = LINE ( 'NONE', #8576, #8519 ) ;
#7120 = CARTESIAN_POINT ( 'NONE',  ( 7.042714993962799319, -10.56868060058574343, 4.096220987156871551 ) ) ;
#7121 = ORIENTED_EDGE ( 'NONE', *, *, #6511, .T. ) ;
#7122 = ORIENTED_EDGE ( 'NONE', *, *, #5326, .F. ) ;
#7123 = ORIENTED_EDGE ( 'NONE', *, *, #4469, .F. ) ;
#7124 = DIRECTION ( 'NONE',  ( 0.7071067811865476838, -0.7071067811865474617, 0.000000000000000000 ) ) ;
#7125 = VECTOR ( 'NONE', #8984, 1000.000000000000000 ) ;
#7126 = EDGE_CURVE ( 'NONE', #6889, #3344, #2553, .T. ) ;
#7128 = EDGE_CURVE ( 'NONE', #5155, #4190, #1547, .T. ) ;
#7127 = EDGE_CURVE ( 'NONE', #1561, #259, #2995, .T. ) ;
#7129 = DIRECTION ( 'NONE',  ( 0.000000000000000000, 0.000000000000000000, 1.000000000000000000 ) ) ;
#7130 = ORIENTED_EDGE ( 'NONE', *, *, #1452, .F. ) ;
#7131 = VERTEX_POINT ( 'NONE', #7807 ) ;
#7132 = DIRECTION ( 'NONE',  ( -1.000000000000000000, 0.000000000000000000, 0.000000000000000000 ) ) ;
#7133 = PLANE ( 'NONE',  #2752 ) ;
#7134 = CARTESIAN_POINT ( 'NONE',  ( 8.878467164972189352, 12.33745902343464174, 4.289629682883674633 ) ) ;
#7135 = CARTESIAN_POINT ( 'NONE',  ( 16.95000000000000284, -6.349999999999999645, -2.286000000000000032 ) ) ;
#7136 = EDGE_CURVE ( 'NONE', #3366, #5389, #2555, .T. ) ;
#7137 = AXIS2_PLACEMENT_3D ( 'NONE', #6554, #8099, #4503 ) ;
#7138 = ORIENTED_EDGE ( 'NONE', *, *, #9047, .T. ) ;
#7139 = CARTESIAN_POINT ( 'NONE',  ( -22.22500000000001208, -6.349999999999999645, -1.000000000000000000 ) ) ;
#7140 = ORIENTED_EDGE ( 'NONE', *, *, #8434, .F. ) ;
#7141 = ORIENTED_EDGE ( 'NONE', *, *, #5549, .F. ) ;
#7142 = DIRECTION ( 'NONE',  ( 1.000000000000000000, -3.551402391763541198E-15, 0.000000000000000000 ) ) ;
#7143 = ORIENTED_EDGE ( 'NONE', *, *, #6960, .F. ) ;
#7144 = ORIENTED_EDGE ( 'NONE', *, *, #3590, .T. ) ;
#7145 = DIRECTION ( 'NONE',  ( 1.000000000000000000, 0.000000000000000000, 0.000000000000000000 ) ) ;
#7146 = CARTESIAN_POINT ( 'NONE',  ( 2.783128176749749993, -2.783128176749769978, 4.549999999999999822 ) ) ;
#7147 = CARTESIAN_POINT ( 'NONE',  ( -1.767766952966324467, 1.767766952966281835, 3.049999999999999822 ) ) ;
#7148 = DIRECTION ( 'NONE',  ( 1.000000000000000000, 0.000000000000000000, 0.000000000000000000 ) ) ;
#7149 = CARTESIAN_POINT ( 'NONE',  ( -24.25000000000001066, 1.857106781186546707, 2.286000000000000032 ) ) ;
#7150 = CIRCLE ( 'NONE', #3434, 15.19999999999999751 ) ;
#7151 = DIRECTION ( 'NONE',  ( -0.000000000000000000, -0.000000000000000000, -1.000000000000000000 ) ) ;
#7152 = VERTEX_POINT ( 'NONE', #4163 ) ;
#7153 = CARTESIAN_POINT ( 'NONE',  ( -12.36528292158589615, 8.840045416445596160, 4.098298426292241281 ) ) ;
#7154 = ORIENTED_EDGE ( 'NONE', *, *, #67, .F. ) ;
#7155 = DIRECTION ( 'NONE',  ( -0.7071067811865509034, -0.7071067811865441310, 0.000000000000000000 ) ) ;
#7156 = ORIENTED_EDGE ( 'NONE', *, *, #2869, .T. ) ;
#7157 = LINE ( 'NONE', #7819, #2170 ) ;
#7158 = LINE ( 'NONE', #7070, #5578 ) ;
#7159 = CIRCLE ( 'NONE', #6417, 6.200000000000001066 ) ;
#7160 = CARTESIAN_POINT ( 'NONE',  ( 0.000000000000000000, 0.000000000000000000, 15.75000000000000000 ) ) ;
#7161 = PLANE ( 'NONE',  #3924 ) ;
#7162 = AXIS2_PLACEMENT_3D ( 'NONE', #440, #4680, #4763 ) ;
#7163 = CARTESIAN_POINT ( 'NONE',  ( -21.62060379597427229, -8.213497014787716211, 1.000000000000000000 ) ) ;
#7164 = AXIS2_PLACEMENT_3D ( 'NONE', #931, #2984, #7265 ) ;
#7165 = DIRECTION ( 'NONE',  ( 0.000000000000000000, 0.000000000000000000, 1.000000000000000000 ) ) ;
#7166 = CARTESIAN_POINT ( 'NONE',  ( 7.082604687307158642, -10.54166907872512304, 4.288454982080310174 ) ) ;
#7167 = VERTEX_POINT ( 'NONE', #4264 ) ;
#7168 = CIRCLE ( 'NONE', #8357, 15.19999999999999929 ) ;
#7169 = ORIENTED_EDGE ( 'NONE', *, *, #8799, .T. ) ;
#7170 = ORIENTED_EDGE ( 'NONE', *, *, #2803, .F. ) ;
#7171 = ADVANCED_FACE ( 'NONE', ( #5576 ), #2081, .T. ) ;
#7172 = DIRECTION ( 'NONE',  ( 0.7071067811865470176, 0.7071067811865479058, 0.000000000000000000 ) ) ;
#7173 = EDGE_CURVE ( 'NONE', #2289, #127, #3570, .T. ) ;
#7174 = CIRCLE ( 'NONE', #8952, 6.200000000000001066 ) ;
#7175 = AXIS2_PLACEMENT_3D ( 'NONE', #7559, #3458, #1412 ) ;
#7176 = VERTEX_POINT ( 'NONE', #8456 ) ;
#7177 = DIRECTION ( 'NONE',  ( -0.7071067811865476838, -0.7071067811865474617, 0.000000000000000000 ) ) ;
#7178 = ORIENTED_EDGE ( 'NONE', *, *, #5845, .F. ) ;
#7179 = CIRCLE ( 'NONE', #3915, 3.175000000000007816 ) ;
#7180 = DIRECTION ( 'NONE',  ( 0.7071067811865469066, 0.7071067811865482389, -0.000000000000000000 ) ) ;
#7181 = VECTOR ( 'NONE', #502, 1000.000000000000114 ) ;
#7182 = CYLINDRICAL_SURFACE ( 'NONE', #2009, 3.175000000000007816 ) ;
#7183 = CIRCLE ( 'NONE', #7343, 15.19999999999999929 ) ;
#7184 = ADVANCED_FACE ( 'NONE', ( #35 ), #9105, .T. ) ;
#7186 = ADVANCED_FACE ( 'NONE', ( #896 ), #8164, .F. ) ;
#7185 = EDGE_CURVE ( 'NONE', #2755, #3996, #2736, .T. ) ;
#7187 = CARTESIAN_POINT ( 'NONE',  ( 7.598307058890006793, 13.16456341238944105, 3.049999999999999822 ) ) ;
#7188 = CARTESIAN_POINT ( 'NONE',  ( -0.7071067811865245911, 0.7071067811865350272, 3.049999999999999822 ) ) ;
#7189 = AXIS2_PLACEMENT_3D ( 'NONE', #7775, #5678, #8523 ) ;
#7190 = VECTOR ( 'NONE', #1340, 1000.000000000000000 ) ;
#7191 = EDGE_LOOP ( 'NONE', ( #786, #5044, #6628, #7367 ) ) ;
#7192 = CIRCLE ( 'NONE', #3631, 2.100000000000008082 ) ;
#7193 = FACE_OUTER_BOUND ( 'NONE', #181, .T. ) ;
#7194 = EDGE_LOOP ( 'NONE', ( #2509, #3662, #6922, #8733, #2550, #7742, #1072, #1916 ) ) ;
#7195 = ORIENTED_EDGE ( 'NONE', *, *, #3874, .T. ) ;
#7196 = CARTESIAN_POINT ( 'NONE',  ( -19.05000000000001137, 6.349999999999999645, -1.000000000000000000 ) ) ;
#7197 = ORIENTED_EDGE ( 'NONE', *, *, #3396, .T. ) ;
#7198 = ORIENTED_EDGE ( 'NONE', *, *, #2063, .T. ) ;
#7199 = LINE ( 'NONE', #6505, #7792 ) ;
#7200 = EDGE_CURVE ( 'NONE', #7650, #7904, #5185, .T. ) ;
#7201 = LINE ( 'NONE', #8091, #5311 ) ;
#7202 = CARTESIAN_POINT ( 'NONE',  ( 12.56550315032374954, -8.552961997491228985, 3.524263225867772853 ) ) ;
#7203 = VECTOR ( 'NONE', #3289, 1000.000000000000000 ) ;
#7204 = VECTOR ( 'NONE', #4699, 1000.000000000000000 ) ;
#7205 = DIRECTION ( 'NONE',  ( 0.000000000000000000, 0.000000000000000000, 1.000000000000000000 ) ) ;
#7206 = DIRECTION ( 'NONE',  ( 1.000000000000000000, 0.000000000000000000, 0.000000000000000000 ) ) ;
#7207 = ORIENTED_EDGE ( 'NONE', *, *, #5637, .F. ) ;
#7208 = AXIS2_PLACEMENT_3D ( 'NONE', #3000, #8631, #8078 ) ;
#7209 = DIRECTION ( 'NONE',  ( 0.000000000000000000, 0.000000000000000000, 1.000000000000000000 ) ) ;
#7210 = ORIENTED_EDGE ( 'NONE', *, *, #7927, .F. ) ;
#7211 = CARTESIAN_POINT ( 'NONE',  ( 7.341138793373371385, -10.33061548860839629, 11.89361928255151035 ) ) ;
#7212 = VERTEX_POINT ( 'NONE', #4612 ) ;
#7213 = CARTESIAN_POINT ( 'NONE',  ( 24.11862915010152975, 5.907360397698777307E-15, -3.049999999999999822 ) ) ;
#7214 = PLANE ( 'NONE',  #5731 ) ;
#7215 = DIRECTION ( 'NONE',  ( 0.000000000000000000, 0.000000000000000000, 1.000000000000000000 ) ) ;
#7216 = CARTESIAN_POINT ( 'NONE',  ( -19.05000000000001137, 6.349999999999999645, -3.049999999999999822 ) ) ;
#7217 = AXIS2_PLACEMENT_3D ( 'NONE', #2233, #7765, #740 ) ;
#7218 = CARTESIAN_POINT ( 'NONE',  ( -22.35636464127575707, 10.36347142246229325, -2.286000000000000032 ) ) ;
#7219 = DIRECTION ( 'NONE',  ( 1.000000000000000000, 0.000000000000000000, 0.000000000000000000 ) ) ;
#7220 = CARTESIAN_POINT ( 'NONE',  ( 6.744329396328610393, -10.76146778890718281, 3.520772555996541264 ) ) ;
#7221 = ORIENTED_EDGE ( 'NONE', *, *, #2525, .F. ) ;
#7222 = CIRCLE ( 'NONE', #5297, 12.69999999999999929 ) ;
#7223 = ORIENTED_EDGE ( 'NONE', *, *, #7185, .F. ) ;
#7224 = DIRECTION ( 'NONE',  ( 1.000000000000000000, 0.000000000000000000, -0.000000000000000000 ) ) ;
#7225 = AXIS2_PLACEMENT_3D ( 'NONE', #4375, #6703, #241 ) ;
#7226 = LINE ( 'NONE', #853, #1099 ) ;
#7227 = EDGE_LOOP ( 'NONE', ( #7743, #3160, #1751, #8932 ) ) ;
#7228 = EDGE_CURVE ( 'NONE', #7036, #2511, #5082, .T. ) ;
#7229 = PERSON_AND_ORGANIZATION ( #1070, #932 ) ;
#7230 = VERTEX_POINT ( 'NONE', #2440 ) ;
#7231 = LINE ( 'NONE', #4438, #7026 ) ;
#7232 = VERTEX_POINT ( 'NONE', #1781 ) ;
#7233 = DIRECTION ( 'NONE',  ( -0.000000000000000000, -0.000000000000000000, -1.000000000000000000 ) ) ;
#7234 = LINE ( 'NONE', #7088, #8379 ) ;
#7235 = CARTESIAN_POINT ( 'NONE',  ( 24.05220779386422336, 1.347792206135794535, 1.000000000000000000 ) ) ;
#7236 = ORIENTED_EDGE ( 'NONE', *, *, #3234, .T. ) ;
#7237 = ADVANCED_FACE ( 'NONE', ( #3835 ), #1065, .T. ) ;
#7239 = ADVANCED_FACE ( 'NONE', ( #7371 ), #3918, .F. ) ;
#7238 = EDGE_CURVE ( 'NONE', #2042, #4587, #5563, .T. ) ;
#7240 = CARTESIAN_POINT ( 'NONE',  ( 7.598307058890006793, 13.16456341238944105, 3.049999999999999822 ) ) ;
#7241 = VERTEX_POINT ( 'NONE', #4478 ) ;
#7242 = EDGE_LOOP ( 'NONE', ( #6207, #6769, #8605, #4437 ) ) ;
#7243 = DIRECTION ( 'NONE',  ( -0.000000000000000000, -0.000000000000000000, -1.000000000000000000 ) ) ;
#7244 = VERTEX_POINT ( 'NONE', #6675 ) ;
#7245 = ORIENTED_EDGE ( 'NONE', *, *, #4121, .F. ) ;
#7246 = DIRECTION ( 'NONE',  ( 0.7071067811865460184, 0.7071067811865490160, 0.000000000000000000 ) ) ;
#7247 = PLANE ( 'NONE',  #2489 ) ;
#7248 = DIRECTION ( 'NONE',  ( 0.000000000000000000, -1.000000000000000000, 0.000000000000000000 ) ) ;
#7249 = CARTESIAN_POINT ( 'NONE',  ( 9.420798938022226565, 6.595342854572402658, 14.55000000000000782 ) ) ;
#7250 = PLANE ( 'NONE',  #2600 ) ;
#7251 = VECTOR ( 'NONE', #1630, 1000.000000000000114 ) ;
#7253 = EDGE_CURVE ( 'NONE', #3272, #2745, #5930, .T. ) ;
#7252 = ADVANCED_FACE ( 'NONE', ( #3135 ), #7415, .T. ) ;
#7254 = CARTESIAN_POINT ( 'NONE',  ( -12.03530071934203605, 9.283939713020815887, 15.75000000000000000 ) ) ;
#7255 = ORIENTED_EDGE ( 'NONE', *, *, #3925, .F. ) ;
#7256 = CARTESIAN_POINT ( 'NONE',  ( 14.91623517531649412, 2.923341956503026307, -2.286000000000000032 ) ) ;
#7257 = ORIENTED_EDGE ( 'NONE', *, *, #6702, .T. ) ;
#7258 = DIRECTION ( 'NONE',  ( -1.000000000000000000, 0.000000000000000000, 0.000000000000000000 ) ) ;
#7259 = VERTEX_POINT ( 'NONE', #1080 ) ;
#7260 = DIRECTION ( 'NONE',  ( 0.000000000000000000, 0.000000000000000000, 1.000000000000000000 ) ) ;
#7261 = FACE_OUTER_BOUND ( 'NONE', #5373, .T. ) ;
#7262 = CARTESIAN_POINT ( 'NONE',  ( -11.44336622548373050, 10.00446747355692523, 4.049999999999999822 ) ) ;
#7263 = FACE_OUTER_BOUND ( 'NONE', #4120, .T. ) ;
#7264 = EDGE_CURVE ( 'NONE', #3717, #4584, #8899, .T. ) ;
#7265 = DIRECTION ( 'NONE',  ( 1.000000000000000000, 0.000000000000000000, 0.000000000000000000 ) ) ;
#7266 = DIRECTION ( 'NONE',  ( -4.553079989440435000E-17, 1.000000000000000000, 0.000000000000000000 ) ) ;
#7267 = VERTEX_POINT ( 'NONE', #3872 ) ;
#7268 = ORIENTED_EDGE ( 'NONE', *, *, #653, .T. ) ;
#7269 = VERTEX_POINT ( 'NONE', #1745 ) ;
#7270 = CARTESIAN_POINT ( 'NONE',  ( 0.000000000000000000, 0.000000000000000000, 3.049999999999999822 ) ) ;
#7271 = CARTESIAN_POINT ( 'NONE',  ( 11.23241231305629739, -5.929699067818037683, 3.050000000000000711 ) ) ;
#7272 = DIRECTION ( 'NONE',  ( 1.000000000000000000, 0.000000000000000000, -0.000000000000000000 ) ) ;
#7273 = ORIENTED_EDGE ( 'NONE', *, *, #2114, .T. ) ;
#7274 = SHAPE_DEFINITION_REPRESENTATION ( #4165, #7966 ) ;
#7275 = ORIENTED_EDGE ( 'NONE', *, *, #5265, .F. ) ;
#7276 = DIRECTION ( 'NONE',  ( 1.000000000000000000, 0.000000000000000000, 0.000000000000000000 ) ) ;
#7277 = ORIENTED_EDGE ( 'NONE', *, *, #1785, .T. ) ;
#7278 = CARTESIAN_POINT ( 'NONE',  ( 16.47939620402574334, 4.486502985212279526, -2.286000000000000032 ) ) ;
#7279 = CYLINDRICAL_SURFACE ( 'NONE', #4813, 1.500000000000000222 ) ;
#7280 = CARTESIAN_POINT ( 'NONE',  ( 16.47939620402574334, -8.213497014787719763, 1.000000000000000000 ) ) ;
#7281 = EDGE_LOOP ( 'NONE', ( #7257, #4225, #7096, #4782, #2275, #2531, #8214, #172 ) ) ;
#7282 = CARTESIAN_POINT ( 'NONE',  ( -16.47939620402574690, -4.486502985212285743, 1.000000000000000000 ) ) ;
#7283 = ORIENTED_EDGE ( 'NONE', *, *, #5149, .F. ) ;
#7284 = ORIENTED_EDGE ( 'NONE', *, *, #8542, .F. ) ;
#7285 = CARTESIAN_POINT ( 'NONE',  ( 17.18650298521228947, 3.779396204025733397, 1.000000000000000000 ) ) ;
#7286 = ORIENTED_EDGE ( 'NONE', *, *, #8673, .T. ) ;
#7287 = CARTESIAN_POINT ( 'NONE',  ( -24.25000000000001066, 1.857106781186546707, -2.286000000000000032 ) ) ;
#7288 = LINE ( 'NONE', #7391, #1821 ) ;
#7289 = CARTESIAN_POINT ( 'NONE',  ( 23.69865440327095030, -0.9942388155425091467, 2.286000000000000032 ) ) ;
#7290 = CARTESIAN_POINT ( 'NONE',  ( 10.17906216943203113, 7.242787000302646661, 12.75523970054631917 ) ) ;
#7291 = EDGE_CURVE ( 'NONE', #4185, #6887, #4484, .T. ) ;
#7292 = ADVANCED_FACE ( 'NONE', ( #3183 ), #8861, .F. ) ;
#7293 = CYLINDRICAL_SURFACE ( 'NONE', #7645, 1.499999999999999778 ) ;
#7294 = CARTESIAN_POINT ( 'NONE',  ( -6.595342854572493252, 9.420798938022166169, 14.55000000000000782 ) ) ;
#7295 = EDGE_LOOP ( 'NONE', ( #6058, #6814, #4983, #5064 ) ) ;
#7296 = LINE ( 'NONE', #3763, #8557 ) ;
#7297 = ORIENTED_EDGE ( 'NONE', *, *, #4151, .F. ) ;
#7298 = CARTESIAN_POINT ( 'NONE',  ( -10.53679841599596401, 7.089843379135039925, 4.484570918952164753 ) ) ;
#7299 = ORIENTED_EDGE ( 'NONE', *, *, #1037, .T. ) ;
#7300 = DIRECTION ( 'NONE',  ( 0.000000000000000000, 0.000000000000000000, 1.000000000000000000 ) ) ;
#7301 = DIRECTION ( 'NONE',  ( -0.7069990853988216140, -0.7069990853988268320, 0.01745240643728354982 ) ) ;
#7302 = EDGE_CURVE ( 'NONE', #2745, #8333, #2701, .T. ) ;
#7303 = DIRECTION ( 'NONE',  ( 0.7071067811865474617, -0.7071067811865474617, 0.000000000000000000 ) ) ;
#7305 = ADVANCED_FACE ( 'NONE', ( #2345 ), #3093, .T. ) ;
#7304 = EDGE_CURVE ( 'NONE', #2401, #6671, #6717, .T. ) ;
#7306 = CARTESIAN_POINT ( 'NONE',  ( 19.05000000000001137, 6.349999999999999645, -2.286000000000000032 ) ) ;
#7307 = CARTESIAN_POINT ( 'NONE',  ( -21.62060379597427229, -8.213497014787716211, 2.286000000000000032 ) ) ;
#7308 = DIRECTION ( 'NONE',  ( 0.000000000000000000, 1.000000000000000000, -0.000000000000000000 ) ) ;
#7309 = LINE ( 'NONE', #8193, #2817 ) ;
#7310 = ORIENTED_EDGE ( 'NONE', *, *, #3034, .F. ) ;
#7311 = VECTOR ( 'NONE', #4578, 1000.000000000000000 ) ;
#7312 = ORIENTED_EDGE ( 'NONE', *, *, #4231, .T. ) ;
#7313 = CARTESIAN_POINT ( 'NONE',  ( -7.338820554675496766, 10.36492705552105598, 11.30038463814560856 ) ) ;
#7314 = DIRECTION ( 'NONE',  ( 0.000000000000000000, 0.000000000000000000, 1.000000000000000000 ) ) ;
#7315 = EDGE_CURVE ( 'NONE', #6433, #5105, #6434, .T. ) ;
#7316 = AXIS2_PLACEMENT_3D ( 'NONE', #4884, #3583, #3639 ) ;
#7317 = DIRECTION ( 'NONE',  ( -0.000000000000000000, -0.000000000000000000, 1.000000000000000000 ) ) ;
#7318 = VERTEX_POINT ( 'NONE', #4049 ) ;
#7319 = VECTOR ( 'NONE', #253, 1000.000000000000000 ) ;
#7320 = EDGE_LOOP ( 'NONE', ( #7880, #2398, #5050, #7207, #5690, #7169 ) ) ;
#7321 = FACE_OUTER_BOUND ( 'NONE', #547, .T. ) ;
#7322 =( GEOMETRIC_REPRESENTATION_CONTEXT ( 3 ) GLOBAL_UNCERTAINTY_ASSIGNED_CONTEXT ( ( #3090 ) ) GLOBAL_UNIT_ASSIGNED_CONTEXT ( ( #116, #3508, #11 ) ) REPRESENTATION_CONTEXT ( 'NONE', 'WORKASPACE' ) );
#7323 = DIRECTION ( 'NONE',  ( -0.000000000000000000, -0.000000000000000000, -1.000000000000000000 ) ) ;
#7324 = AXIS2_PLACEMENT_3D ( 'NONE', #6797, #5491, #3297 ) ;
#7325 = CIRCLE ( 'NONE', #7019, 3.175000000000007816 ) ;
#7326 = LINE ( 'NONE', #5288, #8822 ) ;
#7327 = B_SPLINE_CURVE_WITH_KNOTS ( 'NONE', 3,
 ( #8935, #5499, #518, #1961, #1262, #6202, #2564, #604, #8989, #5407 ),
 .UNSPECIFIED., .F., .F.,
 ( 4, 2, 2, 2, 4 ),
 ( 0.000000000000000000, 0.0008803997311543675444, 0.001760799462308735089, 0.002641199193463102633, 0.003521598924617470178 ),
 .UNSPECIFIED. ) ;
#7328 = AXIS2_PLACEMENT_3D ( 'NONE', #1836, #8132, #7597 ) ;
#7329 = ORIENTED_EDGE ( 'NONE', *, *, #8127, .T. ) ;
#7330 = LINE ( 'NONE', #3660, #2571 ) ;
#7331 = VERTEX_POINT ( 'NONE', #6898 ) ;
#7332 = VERTEX_POINT ( 'NONE', #3269 ) ;
#7333 = CIRCLE ( 'NONE', #793, 15.19999999999999751 ) ;
#7334 = AXIS2_PLACEMENT_3D ( 'NONE', #4727, #1898, #6364 ) ;
#7335 = CARTESIAN_POINT ( 'NONE',  ( -22.35636464127575707, 10.36347142246229325, 3.049999999999999822 ) ) ;
#7336 = VERTEX_POINT ( 'NONE', #6941 ) ;
#7337 = CARTESIAN_POINT ( 'NONE',  ( 8.700667146604015301, -12.46361163661697091, 3.754241512797782399 ) ) ;
#7338 = CARTESIAN_POINT ( 'NONE',  ( 17.18650298521228947, 8.920603795974265893, 2.286000000000000032 ) ) ;
#7339 = CARTESIAN_POINT ( 'NONE',  ( -6.101568835857189121, -11.13973096447691979, 3.085193751742284274 ) ) ;
#7340 = CARTESIAN_POINT ( 'NONE',  ( 0.000000000000000000, 0.000000000000000000, 11.30038463814562810 ) ) ;
#7341 = CARTESIAN_POINT ( 'NONE',  ( -19.05000000000001137, -6.349999999999999645, 2.286000000000000032 ) ) ;
#7342 = VECTOR ( 'NONE', #4914, 1000.000000000000000 ) ;
#7343 = AXIS2_PLACEMENT_3D ( 'NONE', #2163, #759, #4295 ) ;
#7344 = B_SPLINE_CURVE_WITH_KNOTS ( 'NONE', 3,
 ( #1445, #9209, #1345, #1263 ),
 .UNSPECIFIED., .F., .F.,
 ( 4, 4 ),
 ( 0.000000000000000000, 0.001715609112754638193 ),
 .UNSPECIFIED. ) ;
#7345 = CARTESIAN_POINT ( 'NONE',  ( -8.435351376412082658, -12.64475683861844857, 3.393008547309924516 ) ) ;
#7346 = VERTEX_POINT ( 'NONE', #7552 ) ;
#7347 = EDGE_CURVE ( 'NONE', #7331, #7579, #6154, .T. ) ;
#7348 = DIRECTION ( 'NONE',  ( -0.7071067811865472397, 0.7071067811865479058, 0.000000000000000000 ) ) ;
#7349 = ORIENTED_EDGE ( 'NONE', *, *, #6623, .F. ) ;
#7350 = VECTOR ( 'NONE', #448, 1000.000000000000000 ) ;
#7351 = LINE ( 'NONE', #4558, #5865 ) ;
#7352 = AXIS2_PLACEMENT_3D ( 'NONE', #886, #5922, #2893 ) ;
#7353 = ORIENTED_EDGE ( 'NONE', *, *, #6691, .T. ) ;
#7354 = CARTESIAN_POINT ( 'NONE',  ( -8.746223802468129804, -10.47393927217168574, 15.75000000000000000 ) ) ;
#7355 = CARTESIAN_POINT ( 'NONE',  ( 9.264706088826558883, -10.70360484075312968, 4.049999999999999822 ) ) ;
#7356 = FACE_OUTER_BOUND ( 'NONE', #7558, .T. ) ;
#7357 = CARTESIAN_POINT ( 'NONE',  ( -25.25000000000001066, 6.350000000000000533, 3.049999999999999822 ) ) ;
#7358 = AXIS2_PLACEMENT_3D ( 'NONE', #615, #2767, #4294 ) ;
#7359 = AXIS2_PLACEMENT_3D ( 'NONE', #7958, #3017, #8701 ) ;
#7360 = FACE_OUTER_BOUND ( 'NONE', #4533, .T. ) ;
#7361 = ADVANCED_FACE ( 'NONE', ( #2528 ), #1131, .F. ) ;
#7362 = FACE_BOUND ( 'NONE', #2391, .T. ) ;
#7365 = EDGE_CURVE ( 'NONE', #2764, #424, #566, .T. ) ;
#7364 = EDGE_CURVE ( 'NONE', #7346, #9040, #6570, .T. ) ;
#7363 = FACE_OUTER_BOUND ( 'NONE', #294, .T. ) ;
#7366 = ORIENTED_EDGE ( 'NONE', *, *, #5319, .F. ) ;
#7367 = ORIENTED_EDGE ( 'NONE', *, *, #4989, .T. ) ;
#7368 = DIRECTION ( 'NONE',  ( -0.7071067811865474617, 0.7071067811865476838, 0.000000000000000000 ) ) ;
#7369 = VECTOR ( 'NONE', #5712, 1000.000000000000000 ) ;
#7370 = CARTESIAN_POINT ( 'NONE',  ( 13.14289321881346062, 11.55000000000000071, 2.286000000000000032 ) ) ;
#7371 = FACE_OUTER_BOUND ( 'NONE', #7281, .T. ) ;
#7372 = CIRCLE ( 'NONE', #8550, 8.000000000000000000 ) ;
#7373 = ORIENTED_EDGE ( 'NONE', *, *, #1381, .F. ) ;
#7374 = PERSON_AND_ORGANIZATION ( #1070, #932 ) ;
#7376 = EDGE_CURVE ( 'NONE', #3521, #8012, #6860, .T. ) ;
#7375 = EDGE_CURVE ( 'NONE', #5709, #7794, #430, .T. ) ;
#7377 = ORIENTED_EDGE ( 'NONE', *, *, #3954, .F. ) ;
#7378 = ORIENTED_EDGE ( 'NONE', *, *, #6110, .F. ) ;
#7379 = CARTESIAN_POINT ( 'NONE',  ( -17.21152236891498788, 5.218629150101523173, 2.286000000000000032 ) ) ;
#7380 = CIRCLE ( 'NONE', #2761, 15.19999999999999929 ) ;
#7381 = CARTESIAN_POINT ( 'NONE',  ( -14.55710678118655643, 11.55000000000000071, 3.049999999999999822 ) ) ;
#7382 = ORIENTED_EDGE ( 'NONE', *, *, #6440, .F. ) ;
#7383 = EDGE_CURVE ( 'NONE', #756, #4474, #6204, .T. ) ;
#7384 = LINE ( 'NONE', #904, #1831 ) ;
#7385 = ORIENTED_EDGE ( 'NONE', *, *, #2527, .T. ) ;
#7386 = ORIENTED_EDGE ( 'NONE', *, *, #3939, .T. ) ;
#7387 = CIRCLE ( 'NONE', #8418, 3.175000000000007816 ) ;
#7388 = DIRECTION ( 'NONE',  ( 0.7071067811865501263, 0.7071067811865450192, 0.000000000000000000 ) ) ;
#7389 = ORIENTED_EDGE ( 'NONE', *, *, #578, .F. ) ;
#7390 = CARTESIAN_POINT ( 'NONE',  ( -19.05000000000001137, -6.349999999999999645, 1.000000000000000000 ) ) ;
#7391 = CARTESIAN_POINT ( 'NONE',  ( 14.91623517531649412, 2.923341956503026307, 3.049999999999999822 ) ) ;
#7392 = CARTESIAN_POINT ( 'NONE',  ( -10.52802179965251383, 7.081066762791579094, 4.484570918951995999 ) ) ;
#7393 = FACE_OUTER_BOUND ( 'NONE', #7737, .T. ) ;
#7394 = DIRECTION ( 'NONE',  ( -0.7071067811865513475, 0.7071067811865436870, 3.466144807221855109E-18 ) ) ;
#7395 = ORIENTED_EDGE ( 'NONE', *, *, #4617, .F. ) ;
#7396 = FACE_OUTER_BOUND ( 'NONE', #5555, .T. ) ;
#7397 = ORIENTED_EDGE ( 'NONE', *, *, #9157, .F. ) ;
#7398 = CARTESIAN_POINT ( 'NONE',  ( -12.13650746063117758, -9.152739640218634065, 11.98607683914977429 ) ) ;
#7399 = ORIENTED_EDGE ( 'NONE', *, *, #4408, .F. ) ;
#7400 = DIRECTION ( 'NONE',  ( -0.000000000000000000, -0.000000000000000000, -1.000000000000000000 ) ) ;
#7401 = DIRECTION ( 'NONE',  ( -0.7071067811865472397, 0.7071067811865479058, 0.000000000000000000 ) ) ;
#7402 = AXIS2_PLACEMENT_3D ( 'NONE', #368, #919, #3119 ) ;
#7403 = DIRECTION ( 'NONE',  ( -0.000000000000000000, -0.000000000000000000, -1.000000000000000000 ) ) ;
#7404 = DIRECTION ( 'NONE',  ( -0.000000000000000000, -0.000000000000000000, -1.000000000000000000 ) ) ;
#7405 = DIRECTION ( 'NONE',  ( -0.000000000000000000, -0.000000000000000000, -1.000000000000000000 ) ) ;
#7406 = DIRECTION ( 'NONE',  ( -0.7071067811865477948, -0.7071067811865473507, 0.000000000000000000 ) ) ;
#7407 = CARTESIAN_POINT ( 'NONE',  ( -19.05000000000001137, -6.349999999999999645, 3.049999999999999822 ) ) ;
#7408 = ORIENTED_EDGE ( 'NONE', *, *, #4685, .F. ) ;
#7409 = ORIENTED_EDGE ( 'NONE', *, *, #4270, .T. ) ;
#7410 = DIRECTION ( 'NONE',  ( -0.000000000000000000, -0.000000000000000000, -1.000000000000000000 ) ) ;
#7411 = CARTESIAN_POINT ( 'NONE',  ( 0.8638577348518103882, 0.8638577348518167165, 15.75000000000000000 ) ) ;
#7412 = EDGE_CURVE ( 'NONE', #5634, #1353, #7507, .T. ) ;
#7414 = EDGE_CURVE ( 'NONE', #4755, #1453, #4797, .T. ) ;
#7413 = EDGE_CURVE ( 'NONE', #259, #8257, #8993, .T. ) ;
#7415 = PLANE ( 'NONE',  #4335 ) ;
#7416 = PERSON_AND_ORGANIZATION ( #1070, #932 ) ;
#7417 = ORIENTED_EDGE ( 'NONE', *, *, #6111, .F. ) ;
#7418 = ORIENTED_EDGE ( 'NONE', *, *, #2572, .T. ) ;
#7419 = DIRECTION ( 'NONE',  ( 0.000000000000000000, 0.000000000000000000, -1.000000000000000000 ) ) ;
#7420 = EDGE_CURVE ( 'NONE', #431, #4809, #2846, .T. ) ;
#7421 = DIRECTION ( 'NONE',  ( -0.7071067811865479058, -0.7071067811865472397, 0.000000000000000000 ) ) ;
#7423 = ADVANCED_FACE ( 'NONE', ( #6106 ), #6243, .F. ) ;
#7422 = EDGE_CURVE ( 'NONE', #337, #1819, #3966, .T. ) ;
#7424 = ORIENTED_EDGE ( 'NONE', *, *, #6454, .F. ) ;
#7425 = DIRECTION ( 'NONE',  ( -0.000000000000000000, -0.000000000000000000, -1.000000000000000000 ) ) ;
#7426 = ORIENTED_EDGE ( 'NONE', *, *, #8752, .F. ) ;
#7427 = ORIENTED_EDGE ( 'NONE', *, *, #887, .F. ) ;
#7428 = DIRECTION ( 'NONE',  ( -1.000000000000000000, 0.000000000000000000, 0.000000000000000000 ) ) ;
#7429 = ORIENTED_EDGE ( 'NONE', *, *, #1613, .F. ) ;
#7430 = CARTESIAN_POINT ( 'NONE',  ( -14.91623517531649412, -2.923341956503026307, 2.286000000000000032 ) ) ;
#7431 = VECTOR ( 'NONE', #8246, 1000.000000000000000 ) ;
#7432 = FACE_OUTER_BOUND ( 'NONE', #9136, .T. ) ;
#7433 = DIRECTION ( 'NONE',  ( -0.000000000000000000, -0.000000000000000000, -1.000000000000000000 ) ) ;
#7434 = DIRECTION ( 'NONE',  ( -1.000000000000000000, 0.000000000000000000, 0.000000000000000000 ) ) ;
#7435 = EDGE_CURVE ( 'NONE', #2229, #1868, #4663, .T. ) ;
#7436 = AXIS2_PLACEMENT_3D ( 'NONE', #7407, #1028, #3866 ) ;
#7437 = DIRECTION ( 'NONE',  ( 1.000000000000000000, 0.000000000000000000, 0.000000000000000000 ) ) ;
#7438 = EDGE_LOOP ( 'NONE', ( #3879, #1069, #9000, #892, #6357, #8994 ) ) ;
#7439 = DIRECTION ( 'NONE',  ( -0.7071067811865474617, 0.7071067811865476838, 0.000000000000000000 ) ) ;
#7440 = ORIENTED_EDGE ( 'NONE', *, *, #1487, .T. ) ;
#7441 = PLANE ( 'NONE',  #953 ) ;
#7442 = VERTEX_POINT ( 'NONE', #5501 ) ;
#7443 = LINE ( 'NONE', #3212, #6930 ) ;
#7444 = CARTESIAN_POINT ( 'NONE',  ( 0.7071067811865251462, 0.7071067811865303643, 3.049999999999999822 ) ) ;
#7445 = FACE_OUTER_BOUND ( 'NONE', #4840, .T. ) ;
#7446 = CARTESIAN_POINT ( 'NONE',  ( 19.05000000000001137, 6.349999999999999645, 1.000000000000000000 ) ) ;
#7447 = CARTESIAN_POINT ( 'NONE',  ( 19.05000000000001137, -6.349999999999999645, 2.286000000000000032 ) ) ;
#7448 = CARTESIAN_POINT ( 'NONE',  ( -24.25000000000001066, 1.545584412271579167, -2.286000000000000032 ) ) ;
#7449 = LINE ( 'NONE', #6018, #2072 ) ;
#7450 = ORIENTED_EDGE ( 'NONE', *, *, #861, .F. ) ;
#7451 = ORIENTED_EDGE ( 'NONE', *, *, #6496, .T. ) ;
#7452 = LINE ( 'NONE', #1073, #8125 ) ;
#7453 = VECTOR ( 'NONE', #929, 1000.000000000000000 ) ;
#7454 = CARTESIAN_POINT ( 'NONE',  ( 20.91349701478772971, 3.779396204025733397, 2.286000000000000032 ) ) ;
#7455 = DIRECTION ( 'NONE',  ( -0.7071067811865474617, -0.7071067811865474617, 0.000000000000000000 ) ) ;
#7456 = DIRECTION ( 'NONE',  ( 0.000000000000000000, 0.000000000000000000, -1.000000000000000000 ) ) ;
#7457 = AXIS2_PLACEMENT_3D ( 'NONE', #1251, #1156, #1995 ) ;
#7458 = ORIENTED_EDGE ( 'NONE', *, *, #5912, .T. ) ;
#7459 = EDGE_CURVE ( 'NONE', #3465, #3614, #606, .T. ) ;
#7460 = ORIENTED_EDGE ( 'NONE', *, *, #6622, .T. ) ;
#7461 = CARTESIAN_POINT ( 'NONE',  ( 0.000000000000000000, 0.000000000000000000, 4.049999999999999822 ) ) ;
#7462 = AXIS2_PLACEMENT_3D ( 'NONE', #4990, #4235, #7828 ) ;
#7463 = AXIS2_PLACEMENT_3D ( 'NONE', #9087, #7980, #4111 ) ;
#7464 =( BOUNDED_CURVE ( )  B_SPLINE_CURVE ( 3, ( #2656, #1869, #5493, #6195 ),
 .UNSPECIFIED., .F., .T. ) 
 B_SPLINE_CURVE_WITH_KNOTS ( ( 4, 4 ),
 ( 4.881683146465004342, 4.905505619974198872 ),
 .UNSPECIFIED. ) 
 CURVE ( )  GEOMETRIC_REPRESENTATION_ITEM ( )  RATIONAL_B_SPLINE_CURVE ( ( 1.000000000000000000, 0.9999527080388015410, 0.9999527080388015410, 1.000000000000000000 ) ) 
 REPRESENTATION_ITEM ( '' )  );
#7465 = ORIENTED_EDGE ( 'NONE', *, *, #1857, .T. ) ;
#7466 = LINE ( 'NONE', #7556, #1235 ) ;
#7467 = ORIENTED_EDGE ( 'NONE', *, *, #6069, .T. ) ;
#7468 = VERTEX_POINT ( 'NONE', #4713 ) ;
#7469 = EDGE_CURVE ( 'NONE', #4128, #6433, #1172, .T. ) ;
#7470 = CARTESIAN_POINT ( 'NONE',  ( 19.05000000000001137, 6.349999999999999645, 2.286000000000000032 ) ) ;
#7472 = EDGE_CURVE ( 'NONE', #2499, #7871, #3593, .T. ) ;
#7471 = EDGE_CURVE ( 'NONE', #2017, #2205, #7159, .T. ) ;
#7473 = LINE ( 'NONE', #1096, #7051 ) ;
#7474 = AXIS2_PLACEMENT_3D ( 'NONE', #5010, #7849, #1468 ) ;
#7475 = CARTESIAN_POINT ( 'NONE',  ( 10.59106589315236668, -7.008640439546304890, 4.009997168972535775 ) ) ;
#7476 = PLANE ( 'NONE',  #2889 ) ;
#7477 = CARTESIAN_POINT ( 'NONE',  ( 9.881168959186965139, -11.54999999999999716, 1.000000000000000000 ) ) ;
#7478 = AXIS2_PLACEMENT_3D ( 'NONE', #480, #1178, #6167 ) ;
#7479 = FACE_OUTER_BOUND ( 'NONE', #8856, .T. ) ;
#7480 = DIRECTION ( 'NONE',  ( 0.7071067811865476838, 0.7071067811865474617, 0.000000000000000000 ) ) ;
#7481 = EDGE_LOOP ( 'NONE', ( #7034, #7508, #5022, #122, #6699, #8525 ) ) ;
#7482 = DIRECTION ( 'NONE',  ( 1.000000000000000000, 0.000000000000000000, 0.000000000000000000 ) ) ;
#7483 = EDGE_CURVE ( 'NONE', #6651, #7922, #5830, .T. ) ;
#7484 = ORIENTED_EDGE ( 'NONE', *, *, #8444, .F. ) ;
#7485 = DIRECTION ( 'NONE',  ( 0.7071067811865482389, -0.7071067811865469066, 0.000000000000000000 ) ) ;
#7486 = CIRCLE ( 'NONE', #7189, 2.100000000000008082 ) ;
#7487 = VERTEX_POINT ( 'NONE', #4381 ) ;
#7488 = CARTESIAN_POINT ( 'NONE',  ( -19.05000000000001137, -6.349999999999999645, -1.000000000000000000 ) ) ;
#7489 = LINE ( 'NONE', #7616, #827 ) ;
#7490 = VECTOR ( 'NONE', #3462, 1000.000000000000000 ) ;
#7491 = AXIS2_PLACEMENT_3D ( 'NONE', #5048, #859, #2210 ) ;
#7492 = DIRECTION ( 'NONE',  ( -1.000000000000000000, 1.768083542822514778E-14, 0.000000000000000000 ) ) ;
#7493 = LINE ( 'NONE', #1118, #4820 ) ;
#7494 = DIRECTION ( 'NONE',  ( -0.000000000000000000, -0.000000000000000000, -1.000000000000000000 ) ) ;
#7495 = AXIS2_PLACEMENT_3D ( 'NONE', #2045, #7014, #5768 ) ;
#7496 = CIRCLE ( 'NONE', #3479, 3.175000000000007816 ) ;
#7497 = DIRECTION ( 'NONE',  ( -1.000000000000000000, 0.000000000000000000, 0.000000000000000000 ) ) ;
#7498 = CARTESIAN_POINT ( 'NONE',  ( 19.40355339059328443, 6.703553390593271821, 1.000000000000000000 ) ) ;
#7499 = VERTEX_POINT ( 'NONE', #7772 ) ;
#7500 = DIRECTION ( 'NONE',  ( 0.7071067811865474617, -0.7071067811865476838, -0.000000000000000000 ) ) ;
#7501 = ORIENTED_EDGE ( 'NONE', *, *, #3248, .F. ) ;
#7502 = CARTESIAN_POINT ( 'NONE',  ( 24.05220779386422336, 1.347792206135794535, -1.000000000000000000 ) ) ;
#7503 = DIRECTION ( 'NONE',  ( -0.000000000000000000, -0.000000000000000000, -1.000000000000000000 ) ) ;
#7504 = DIRECTION ( 'NONE',  ( -0.7071067811865490160, 0.7071067811865460184, 0.000000000000000000 ) ) ;
#7505 = CIRCLE ( 'NONE', #1255, 3.175000000000000711 ) ;
#7506 = VECTOR ( 'NONE', #3283, 1000.000000000000000 ) ;
#7507 = LINE ( 'NONE', #3447, #2255 ) ;
#7508 = ORIENTED_EDGE ( 'NONE', *, *, #750, .T. ) ;
#7509 = VECTOR ( 'NONE', #4175, 1000.000000000000000 ) ;
#7510 = ORIENTED_EDGE ( 'NONE', *, *, #6848, .T. ) ;
#7511 = DIRECTION ( 'NONE',  ( 0.000000000000000000, 0.000000000000000000, 1.000000000000000000 ) ) ;
#7512 = CIRCLE ( 'NONE', #8713, 3.175000000000007816 ) ;
#7513 = ADVANCED_FACE ( 'NONE', ( #53 ), #7118, .T. ) ;
#7514 = ORIENTED_EDGE ( 'NONE', *, *, #4100, .T. ) ;
#7515 = CARTESIAN_POINT ( 'NONE',  ( 0.000000000000000000, 0.000000000000000000, 3.049999999999999822 ) ) ;
#7516 = ORIENTED_EDGE ( 'NONE', *, *, #2629, .T. ) ;
#7517 = ORIENTED_EDGE ( 'NONE', *, *, #4456, .T. ) ;
#7518 = DIRECTION ( 'NONE',  ( -1.000000000000000000, 0.000000000000000000, 0.000000000000000000 ) ) ;
#7519 = VECTOR ( 'NONE', #2434, 999.9999999999998863 ) ;
#7520 = PLANE ( 'NONE',  #969 ) ;
#7521 = CARTESIAN_POINT ( 'NONE',  ( 19.05000000000001137, 6.349999999999999645, -2.286000000000000032 ) ) ;
#7522 = LINE ( 'NONE', #6042, #9113 ) ;
#7523 = ADVANCED_FACE ( 'NONE', ( #792 ), #6478, .F. ) ;
#7525 = ADVANCED_FACE ( 'NONE', ( #1400 ), #7024, .F. ) ;
#7524 = EDGE_CURVE ( 'NONE', #7131, #598, #341, .T. ) ;
#7526 = VECTOR ( 'NONE', #6132, 1000.000000000000000 ) ;
#7527 = FACE_OUTER_BOUND ( 'NONE', #4638, .T. ) ;
#7528 = DIRECTION ( 'NONE',  ( -1.000000000000000000, 0.000000000000000000, 0.000000000000000000 ) ) ;
#7529 = ORIENTED_EDGE ( 'NONE', *, *, #3557, .F. ) ;
#7530 = DIRECTION ( 'NONE',  ( 1.000000000000000000, -0.000000000000000000, 0.000000000000000000 ) ) ;
#7531 = VERTEX_POINT ( 'NONE', #2838 ) ;
#7532 = CARTESIAN_POINT ( 'NONE',  ( -23.69865440327095030, 0.9942388155425151419, -2.286000000000000032 ) ) ;
#7533 = VERTEX_POINT ( 'NONE', #1541 ) ;
#7534 = DIRECTION ( 'NONE',  ( -0.000000000000000000, -0.000000000000000000, -1.000000000000000000 ) ) ;
#7535 = CARTESIAN_POINT ( 'NONE',  ( -10.76146778890728584, -6.744329396328449633, 3.520772555996513287 ) ) ;
#7536 = CARTESIAN_POINT ( 'NONE',  ( 17.18650298521228947, -3.779396204025732509, 2.286000000000000032 ) ) ;
#7537 = CARTESIAN_POINT ( 'NONE',  ( 6.744795089402649602, 10.76117346775410155, 3.521383511965583857 ) ) ;
#7538 = B_SPLINE_CURVE_WITH_KNOTS ( 'NONE', 3,
 ( #8782, #5165, #5248, #8743, #1623, #229, #3070, #5909, #5204, #8042, #1662, #7339, #2487, #1031 ),
 .UNSPECIFIED., .F., .F.,
 ( 4, 2, 2, 2, 2, 2, 4 ),
 ( 5.690316088760835204E-17, 0.0002900619406456913163, 0.0005801238812913257119, 0.0008701858219369578307, 0.001160247762582589841, 0.001740371643873854946, 0.002320495525165120268 ),
 .UNSPECIFIED. ) ;
#7540 = ADVANCED_FACE ( 'NONE', ( #743 ), #2236, .F. ) ;
#7539 = EDGE_CURVE ( 'NONE', #2358, #2449, #7074, .T. ) ;
#7541 = CARTESIAN_POINT ( 'NONE',  ( 19.05000000000001137, -6.349999999999999645, 2.286000000000000032 ) ) ;
#7542 = VERTEX_POINT ( 'NONE', #3541 ) ;
#7543 = DIRECTION ( 'NONE',  ( -0.000000000000000000, -0.000000000000000000, 1.000000000000000000 ) ) ;
#7544 = CARTESIAN_POINT ( 'NONE',  ( 21.62060379597427939, -4.486502985212279526, -1.000000000000000000 ) ) ;
#7545 = VERTEX_POINT ( 'NONE', #5078 ) ;
#7546 = DIRECTION ( 'NONE',  ( -0.7071067811865472397, -0.7071067811865479058, -0.000000000000000000 ) ) ;
#7547 = ORIENTED_EDGE ( 'NONE', *, *, #6394, .T. ) ;
#7548 = CARTESIAN_POINT ( 'NONE',  ( -12.34644660940673688, -0.3535533905932681797, -1.000000000000000000 ) ) ;
#7549 = FACE_OUTER_BOUND ( 'NONE', #4479, .T. ) ;
#7550 = DIRECTION ( 'NONE',  ( -1.000000000000000000, 0.000000000000000000, 0.000000000000000000 ) ) ;
#7551 = EDGE_CURVE ( 'NONE', #7230, #2668, #6377, .T. ) ;
#7552 = CARTESIAN_POINT ( 'NONE',  ( 20.91349701478772971, -8.920603795974267669, 1.000000000000000000 ) ) ;
#7553 = ORIENTED_EDGE ( 'NONE', *, *, #9064, .F. ) ;
#7554 = ORIENTED_EDGE ( 'NONE', *, *, #221, .T. ) ;
#7555 = ORIENTED_EDGE ( 'NONE', *, *, #7127, .T. ) ;
#7556 = CARTESIAN_POINT ( 'NONE',  ( 20.18137084989848873, 4.511522368914975267, 2.286000000000000032 ) ) ;
#7557 = ORIENTED_EDGE ( 'NONE', *, *, #7738, .T. ) ;
#7558 = EDGE_LOOP ( 'NONE', ( #8894, #5851, #607, #3109 ) ) ;
#7559 = CARTESIAN_POINT ( 'NONE',  ( -19.05000000000001137, -6.349999999999999645, -2.286000000000000032 ) ) ;
#7560 = CARTESIAN_POINT ( 'NONE',  ( -17.18650298521229303, -3.779396204025739170, -2.286000000000000032 ) ) ;
#7561 = DIRECTION ( 'NONE',  ( -1.000000000000000000, 0.000000000000000000, 0.000000000000000000 ) ) ;
#7562 = DIRECTION ( 'NONE',  ( 0.000000000000000000, 0.000000000000000000, 1.000000000000000000 ) ) ;
#7563 = DIRECTION ( 'NONE',  ( 1.000000000000000000, 0.000000000000000000, 0.000000000000000000 ) ) ;
#7564 = CARTESIAN_POINT ( 'NONE',  ( -19.05000000000001137, 6.349999999999999645, 2.286000000000000032 ) ) ;
#7565 = FACE_OUTER_BOUND ( 'NONE', #2623, .T. ) ;
#7566 = EDGE_LOOP ( 'NONE', ( #797, #1044, #4908, #1411, #7083 ) ) ;
#7567 = CARTESIAN_POINT ( 'NONE',  ( 0.000000000000000000, 0.000000000000000000, 4.049999999999999822 ) ) ;
#7568 = ORIENTED_EDGE ( 'NONE', *, *, #7551, .T. ) ;
#7569 = FACE_OUTER_BOUND ( 'NONE', #8651, .T. ) ;
#7570 = ADVANCED_FACE ( 'NONE', ( #7868 ), #4278, .T. ) ;
#7571 = VERTEX_POINT ( 'NONE', #7163 ) ;
#7572 = EDGE_CURVE ( 'NONE', #7499, #8447, #5677, .T. ) ;
#7573 = CARTESIAN_POINT ( 'NONE',  ( 17.91862915010153401, 8.188477631085024910, 2.286000000000000032 ) ) ;
#7574 = DIRECTION ( 'NONE',  ( -0.000000000000000000, -0.000000000000000000, -1.000000000000000000 ) ) ;
#7575 = CARTESIAN_POINT ( 'NONE',  ( 19.05000000000001137, 6.349999999999999645, 2.286000000000000032 ) ) ;
#7576 = CARTESIAN_POINT ( 'NONE',  ( -19.05000000000001137, -6.349999999999999645, -3.049999999999999822 ) ) ;
#7577 = DIRECTION ( 'NONE',  ( -1.000000000000000000, 0.000000000000000000, 0.000000000000000000 ) ) ;
#7578 = DIRECTION ( 'NONE',  ( 1.000000000000000000, 1.065420717529060032E-14, 0.000000000000000000 ) ) ;
#7579 = VERTEX_POINT ( 'NONE', #7218 ) ;
#7580 = CYLINDRICAL_SURFACE ( 'NONE', #8232, 3.175000000000000711 ) ;
#7581 = DIRECTION ( 'NONE',  ( 1.000000000000000000, -3.783957776634915868E-16, 0.000000000000000000 ) ) ;
#7582 = ORIENTED_EDGE ( 'NONE', *, *, #2178, .T. ) ;
#7583 = DIRECTION ( 'NONE',  ( -0.7071067811865469066, -0.7071067811865482389, 0.000000000000000000 ) ) ;
#7584 = EDGE_CURVE ( 'NONE', #1166, #748, #6272, .T. ) ;
#7585 = ORIENTED_EDGE ( 'NONE', *, *, #425, .F. ) ;
#7587 = ADVANCED_FACE ( 'NONE', ( #5632 ), #8469, .T. ) ;
#7586 = ADVANCED_FACE ( 'NONE', ( #1346 ), #4180, .T. ) ;
#7588 = LINE ( 'NONE', #2661, #8409 ) ;
#7589 = CARTESIAN_POINT ( 'NONE',  ( -14.55710678118654933, -11.54999999999999893, 1.000000000000000000 ) ) ;
#7590 = DIRECTION ( 'NONE',  ( 1.000000000000000000, -8.340016711426957261E-16, 0.000000000000000000 ) ) ;
#7591 = DIRECTION ( 'NONE',  ( 0.7071067811865479058, -0.7071067811865471286, 0.000000000000000000 ) ) ;
#7592 = ORIENTED_EDGE ( 'NONE', *, *, #1564, .F. ) ;
#7593 = EDGE_CURVE ( 'NONE', #6616, #9117, #6014, .T. ) ;
#7594 = VERTEX_POINT ( 'NONE', #2382 ) ;
#7595 = AXIS2_PLACEMENT_3D ( 'NONE', #4749, #1168, #4003 ) ;
#7596 = EDGE_LOOP ( 'NONE', ( #1783, #2290, #4890, #2972 ) ) ;
#7597 = DIRECTION ( 'NONE',  ( 1.000000000000000000, 0.000000000000000000, 0.000000000000000000 ) ) ;
#7598 = EDGE_LOOP ( 'NONE', ( #799, #3502, #260, #5238 ) ) ;
#7599 = CYLINDRICAL_SURFACE ( 'NONE', #2866, 3.175000000000000711 ) ;
#7600 = CARTESIAN_POINT ( 'NONE',  ( 14.91623517531649412, 2.923341956503026307, 2.286000000000000032 ) ) ;
#7601 = AXIS2_PLACEMENT_3D ( 'NONE', #8255, #6807, #3313 ) ;
#7602 = CARTESIAN_POINT ( 'NONE',  ( 10.53923203741534564, -7.086226574511065301, 4.386581801005379866 ) ) ;
#7603 = FACE_OUTER_BOUND ( 'NONE', #1599, .T. ) ;
#7604 = VECTOR ( 'NONE', #6818, 1000.000000000000000 ) ;
#7605 = CARTESIAN_POINT ( 'NONE',  ( -19.05000000000001137, 6.349999999999999645, -1.000000000000000000 ) ) ;
#7606 = VECTOR ( 'NONE', #4470, 1000.000000000000000 ) ;
#7607 = CARTESIAN_POINT ( 'NONE',  ( 0.000000000000000000, 0.000000000000000000, 11.30038463814562633 ) ) ;
#7608 = DIRECTION ( 'NONE',  ( -0.7071067811865470176, -0.7071067811865479058, 0.000000000000000000 ) ) ;
#7609 = ORIENTED_EDGE ( 'NONE', *, *, #7375, .T. ) ;
#7610 = VECTOR ( 'NONE', #3196, 1000.000000000000000 ) ;
#7611 = CARTESIAN_POINT ( 'NONE',  ( 14.91623517531649412, -2.923341956503026307, 1.000000000000000000 ) ) ;
#7612 = ORIENTED_EDGE ( 'NONE', *, *, #7940, .T. ) ;
#7613 = LINE ( 'NONE', #1243, #3926 ) ;
#7614 = EDGE_LOOP ( 'NONE', ( #723, #8052, #6776, #8065 ) ) ;
#7615 = DIRECTION ( 'NONE',  ( -0.7071067811865517916, 0.7071067811865431318, -0.000000000000000000 ) ) ;
#7616 = CARTESIAN_POINT ( 'NONE',  ( 19.05000000000000426, -11.55000000000000249, -1.000000000000000000 ) ) ;
#7617 = CARTESIAN_POINT ( 'NONE',  ( -23.69865440327095030, -0.9942388155425139207, 2.286000000000000032 ) ) ;
#7618 = AXIS2_PLACEMENT_3D ( 'NONE', #405, #443, #6821 ) ;
#7619 = CARTESIAN_POINT ( 'NONE',  ( 24.25000000000001066, -1.545584412271583830, -3.049999999999999822 ) ) ;
#7620 = CARTESIAN_POINT ( 'NONE',  ( 22.70441558772843749, 7.846913223363838341E-15, -3.049999999999999822 ) ) ;
#7621 = AXIS2_PLACEMENT_3D ( 'NONE', #4145, #4293, #4247 ) ;
#7622 = EDGE_CURVE ( 'NONE', #6311, #7724, #3008, .T. ) ;
#7623 = DIRECTION ( 'NONE',  ( -0.7071067811865482389, 0.7071067811865469066, 0.000000000000000000 ) ) ;
#7624 = ORIENTED_EDGE ( 'NONE', *, *, #4456, .F. ) ;
#7625 = CIRCLE ( 'NONE', #7933, 3.175000000000007816 ) ;
#7626 = LINE ( 'NONE', #513, #3714 ) ;
#7627 = ORIENTED_EDGE ( 'NONE', *, *, #3431, .T. ) ;
#7628 = AXIS2_PLACEMENT_3D ( 'NONE', #1015, #6695, #404 ) ;
#7629 = FACE_OUTER_BOUND ( 'NONE', #5533, .T. ) ;
#7630 = CIRCLE ( 'NONE', #794, 6.200000000000001066 ) ;
#7631 = ORIENTED_EDGE ( 'NONE', *, *, #3590, .F. ) ;
#7632 = CARTESIAN_POINT ( 'NONE',  ( 20.18137084989848873, 4.511522368914975267, -2.286000000000000032 ) ) ;
#7633 = DIRECTION ( 'NONE',  ( 0.000000000000000000, 0.000000000000000000, -1.000000000000000000 ) ) ;
#7634 = CARTESIAN_POINT ( 'NONE',  ( 0.000000000000000000, 12.69999999999999929, 15.75000000000000000 ) ) ;
#7635 = AXIS2_PLACEMENT_3D ( 'NONE', #4704, #7543, #8292 ) ;
#7636 = VECTOR ( 'NONE', #4082, 1000.000000000000000 ) ;
#7637 = AXIS2_PLACEMENT_3D ( 'NONE', #7634, #5544, #4277 ) ;
#7638 = EDGE_CURVE ( 'NONE', #5900, #3120, #1969, .T. ) ;
#7640 = EDGE_CURVE ( 'NONE', #99, #8420, #5086, .T. ) ;
#7639 = EDGE_CURVE ( 'NONE', #3642, #4317, #8062, .T. ) ;
#7641 = CARTESIAN_POINT ( 'NONE',  ( -20.91349701478772616, 3.779396204025738726, 2.286000000000000032 ) ) ;
#7642 = ORIENTED_EDGE ( 'NONE', *, *, #1565, .F. ) ;
#7643 = VERTEX_POINT ( 'NONE', #5964 ) ;
#7644 = AXIS2_PLACEMENT_3D ( 'NONE', #7390, #1011, #8138 ) ;
#7645 = AXIS2_PLACEMENT_3D ( 'NONE', #5857, #1475, #5115 ) ;
#7647 = EDGE_CURVE ( 'NONE', #3232, #5025, #2338, .T. ) ;
#7646 = ADVANCED_FACE ( 'NONE', ( #7360 ), #3864, .F. ) ;
#7648 = VECTOR ( 'NONE', #5508, 1000.000000000000000 ) ;
#7649 = ORIENTED_EDGE ( 'NONE', *, *, #5380, .F. ) ;
#7650 = VERTEX_POINT ( 'NONE', #8851 ) ;
#7651 = DIRECTION ( 'NONE',  ( 0.000000000000000000, 0.000000000000000000, 1.000000000000000000 ) ) ;
#7652 = CARTESIAN_POINT ( 'NONE',  ( -19.05000000000001492, 14.89999999999999858, 3.049999999999999822 ) ) ;
#7653 = LINE ( 'NONE', #9043, #4636 ) ;
#7654 = DIRECTION ( 'NONE',  ( -0.000000000000000000, -0.000000000000000000, -1.000000000000000000 ) ) ;
#7655 = AXIS2_PLACEMENT_3D ( 'NONE', #7444, #7301, #3164 ) ;
#7656 = PLANE ( 'NONE',  #5116 ) ;
#7657 = EDGE_CURVE ( 'NONE', #4755, #7332, #8209, .T. ) ;
#7658 = CARTESIAN_POINT ( 'NONE',  ( -13.05355339059328657, 0.3535533905932699006, -1.000000000000000000 ) ) ;
#7659 = CYLINDRICAL_SURFACE ( 'NONE', #2576, 3.175000000000007816 ) ;
#7660 = ORIENTED_EDGE ( 'NONE', *, *, #7264, .T. ) ;
#7661 = VECTOR ( 'NONE', #2367, 1000.000000000000000 ) ;
#7662 = LINE ( 'NONE', #4692, #7766 ) ;
#7663 = ORIENTED_EDGE ( 'NONE', *, *, #1797, .T. ) ;
#7664 = FACE_OUTER_BOUND ( 'NONE', #4201, .T. ) ;
#7665 = ORIENTED_EDGE ( 'NONE', *, *, #5536, .T. ) ;
#7666 = DIRECTION ( 'NONE',  ( -0.000000000000000000, -0.000000000000000000, -1.000000000000000000 ) ) ;
#7667 = CARTESIAN_POINT ( 'NONE',  ( -2.056696380120321965, 6.899999999999997691, -3.049999999999999822 ) ) ;
#7668 = DIRECTION ( 'NONE',  ( -0.7071067811865474617, -0.7071067811865476838, -0.000000000000000000 ) ) ;
#7669 = FACE_OUTER_BOUND ( 'NONE', #4040, .T. ) ;
#7670 = DIRECTION ( 'NONE',  ( -0.000000000000000000, -0.000000000000000000, -1.000000000000000000 ) ) ;
#7671 = VECTOR ( 'NONE', #5617, 1000.000000000000000 ) ;
#7672 = DIRECTION ( 'NONE',  ( -0.000000000000000000, -0.000000000000000000, -1.000000000000000000 ) ) ;
#7673 = ORIENTED_EDGE ( 'NONE', *, *, #2827, .T. ) ;
#7674 = CARTESIAN_POINT ( 'NONE',  ( -13.06709232925047992, 7.767182078669018885, 3.049999999999999378 ) ) ;
#7675 = ORIENTED_EDGE ( 'NONE', *, *, #8740, .T. ) ;
#7676 = CARTESIAN_POINT ( 'NONE',  ( 11.32123086714778104, 5.754974513648199341, 3.049999999999999822 ) ) ;
#7677 = VERTEX_POINT ( 'NONE', #1639 ) ;
#7678 = DIRECTION ( 'NONE',  ( -0.7071067811865469066, -0.7071067811865482389, 0.000000000000000000 ) ) ;
#7679 = DIRECTION ( 'NONE',  ( -0.000000000000000000, -0.000000000000000000, -1.000000000000000000 ) ) ;
#7680 = CARTESIAN_POINT ( 'NONE',  ( -21.62060379597427229, 8.213497014787714434, -1.000000000000000000 ) ) ;
#7681 = CARTESIAN_POINT ( 'NONE',  ( -7.498580207074692083, 10.24994121339569908, 15.75000000000000000 ) ) ;
#7682 = DIRECTION ( 'NONE',  ( -0.000000000000000000, -0.000000000000000000, -1.000000000000000000 ) ) ;
#7683 = VERTEX_POINT ( 'NONE', #6667 ) ;
#7684 = ORIENTED_EDGE ( 'NONE', *, *, #1486, .T. ) ;
#7685 = EDGE_CURVE ( 'NONE', #4337, #5462, #290, .T. ) ;
#7686 = EDGE_CURVE ( 'NONE', #4447, #8639, #3774, .T. ) ;
#7687 = ORIENTED_EDGE ( 'NONE', *, *, #7836, .T. ) ;
#7688 = ORIENTED_EDGE ( 'NONE', *, *, #5593, .F. ) ;
#7689 = CARTESIAN_POINT ( 'NONE',  ( -0.7071067811865381358, -0.7071067811865469066, 3.049999999999999822 ) ) ;
#7690 = CARTESIAN_POINT ( 'NONE',  ( -7.767125987654619479, 13.06712470379547497, 3.050000000000000266 ) ) ;
#7691 = ADVANCED_FACE ( 'NONE', ( #7973 ), #1596, .T. ) ;
#7693 = EDGE_CURVE ( 'NONE', #8012, #7975, #8661, .T. ) ;
#7692 = EDGE_CURVE ( 'NONE', #8735, #5603, #4789, .T. ) ;
#7694 = DIRECTION ( 'NONE',  ( -1.000000000000000000, 0.000000000000000000, 0.000000000000000000 ) ) ;
#7695 = CARTESIAN_POINT ( 'NONE',  ( -2.056696380120321965, 6.899999999999997691, 3.049999999999999822 ) ) ;
#7696 = CARTESIAN_POINT ( 'NONE',  ( -12.32512833328003232, -8.878173296419033633, 4.484570918951995999 ) ) ;
#7697 = EDGE_LOOP ( 'NONE', ( #8345, #4087, #7840, #5171, #6309, #8987, #40, #4999 ) ) ;
#7698 = CARTESIAN_POINT ( 'NONE',  ( 0.000000000000000000, 0.000000000000000000, 3.049999999999999822 ) ) ;
#7699 = VERTEX_POINT ( 'NONE', #7307 ) ;
#7700 = ORIENTED_EDGE ( 'NONE', *, *, #6160, .T. ) ;
#7701 = DIRECTION ( 'NONE',  ( 0.000000000000000000, 0.000000000000000000, 1.000000000000000000 ) ) ;
#7702 = ORIENTED_EDGE ( 'NONE', *, *, #2989, .T. ) ;
#7703 = CARTESIAN_POINT ( 'NONE',  ( 0.000000000000000000, 0.000000000000000000, -2.286000000000000032 ) ) ;
#7704 = EDGE_CURVE ( 'NONE', #7850, #3368, #4427, .T. ) ;
#7705 = CARTESIAN_POINT ( 'NONE',  ( 19.05000000000001137, -6.349999999999999645, 1.000000000000000000 ) ) ;
#7706 = DIRECTION ( 'NONE',  ( -0.000000000000000000, -0.000000000000000000, 1.000000000000000000 ) ) ;
#7707 = DIRECTION ( 'NONE',  ( 1.000000000000000000, 0.000000000000000000, 0.000000000000000000 ) ) ;
#7708 = CARTESIAN_POINT ( 'NONE',  ( -12.77584974910010907, -8.237103329445922384, 3.224288940051751151 ) ) ;
#7709 = DIRECTION ( 'NONE',  ( -0.7071067811865474617, -0.7071067811865476838, 0.000000000000000000 ) ) ;
#7710 = EDGE_CURVE ( 'NONE', #6528, #7442, #6566, .T. ) ;
#7711 = DIRECTION ( 'NONE',  ( -1.000000000000000000, 0.000000000000000000, 0.000000000000000000 ) ) ;
#7712 = ORIENTED_EDGE ( 'NONE', *, *, #5732, .T. ) ;
#7713 = CARTESIAN_POINT ( 'NONE',  ( -12.64475683861855337, 8.435351376411922786, 3.393008547309926293 ) ) ;
#7714 = ORIENTED_EDGE ( 'NONE', *, *, #6326, .T. ) ;
#7715 = CARTESIAN_POINT ( 'NONE',  ( 7.287703921487210579, -10.24149574457074330, 12.47155034411760077 ) ) ;
#7716 = ORIENTED_EDGE ( 'NONE', *, *, #1564, .T. ) ;
#7717 = PLANE ( 'NONE',  #4548 ) ;
#7718 = LINE ( 'NONE', #5977, #4390 ) ;
#7719 = VECTOR ( 'NONE', #420, 1000.000000000000000 ) ;
#7720 = DIRECTION ( 'NONE',  ( -0.000000000000000000, -0.000000000000000000, 1.000000000000000000 ) ) ;
#7721 = DIRECTION ( 'NONE',  ( -1.000000000000000000, 0.000000000000000000, 0.000000000000000000 ) ) ;
#7722 = DIRECTION ( 'NONE',  ( 0.000000000000000000, -0.000000000000000000, -1.000000000000000000 ) ) ;
#7723 = VERTEX_POINT ( 'NONE', #3035 ) ;
#7724 = VERTEX_POINT ( 'NONE', #5876 ) ;
#7725 = ORIENTED_EDGE ( 'NONE', *, *, #9064, .T. ) ;
#7726 = VECTOR ( 'NONE', #4369, 1000.000000000000000 ) ;
#7727 = DIRECTION ( 'NONE',  ( 0.7071067811865527908, -0.7071067811865422437, 0.000000000000000000 ) ) ;
#7728 = ORIENTED_EDGE ( 'NONE', *, *, #8106, .F. ) ;
#7729 = EDGE_CURVE ( 'NONE', #5105, #7777, #6730, .T. ) ;
#7730 = DIRECTION ( 'NONE',  ( 0.7071067811865420216, -0.7071067811865531239, 0.000000000000000000 ) ) ;
#7731 = ORIENTED_EDGE ( 'NONE', *, *, #6287, .T. ) ;
#7732 = PLANE ( 'NONE',  #2432 ) ;
#7733 = CARTESIAN_POINT ( 'NONE',  ( -19.05000000000001137, 6.349999999999999645, 1.000000000000000000 ) ) ;
#7734 = CARTESIAN_POINT ( 'NONE',  ( 22.35636464127575707, 10.36347142246229325, 3.049999999999999822 ) ) ;
#7735 = VECTOR ( 'NONE', #8808, 1000.000000000000000 ) ;
#7736 = DIRECTION ( 'NONE',  ( -0.7071067811865526798, -0.7071067811865422437, -0.000000000000000000 ) ) ;
#7737 = EDGE_LOOP ( 'NONE', ( #8865, #1925, #5157, #2215, #5257, #1124, #1029, #42, #2714 ) ) ;
#7738 = EDGE_CURVE ( 'NONE', #6412, #6429, #4343, .T. ) ;
#7740 = ADVANCED_FACE ( 'NONE', ( #6139 ), #5447, .F. ) ;
#7739 = EDGE_CURVE ( 'NONE', #7967, #5502, #475, .T. ) ;
#7741 = DIRECTION ( 'NONE',  ( -0.000000000000000000, -0.000000000000000000, -1.000000000000000000 ) ) ;
#7742 = ORIENTED_EDGE ( 'NONE', *, *, #3883, .T. ) ;
#7743 = ORIENTED_EDGE ( 'NONE', *, *, #2363, .F. ) ;
#7744 = AXIS2_PLACEMENT_3D ( 'NONE', #8300, #5362, #2621 ) ;
#7745 = CARTESIAN_POINT ( 'NONE',  ( 12.03530071934202006, 9.283939713020835427, 15.75000000000000000 ) ) ;
#7746 = ORIENTED_EDGE ( 'NONE', *, *, #5380, .T. ) ;
#7747 = ORIENTED_EDGE ( 'NONE', *, *, #9062, .F. ) ;
#7748 = DIRECTION ( 'NONE',  ( 1.000000000000000000, 0.000000000000000000, 0.000000000000000000 ) ) ;
#7749 = DIRECTION ( 'NONE',  ( 1.000000000000000000, 1.912293595564979323E-15, 0.000000000000000000 ) ) ;
#7750 = FACE_OUTER_BOUND ( 'NONE', #8479, .T. ) ;
#7751 = DIRECTION ( 'NONE',  ( 1.000000000000000000, 0.000000000000000000, 0.000000000000000000 ) ) ;
#7752 = CARTESIAN_POINT ( 'NONE',  ( -24.25000000000001066, -1.545584412271577612, 3.049999999999999822 ) ) ;
#7753 = CARTESIAN_POINT ( 'NONE',  ( 22.35636464127575707, 10.36347142246229325, -1.000000000000000000 ) ) ;
#7754 = VECTOR ( 'NONE', #6421, 1000.000000000000000 ) ;
#7755 = VECTOR ( 'NONE', #2389, 1000.000000000000114 ) ;
#7757 = EDGE_CURVE ( 'NONE', #3882, #6236, #7916, .T. ) ;
#7756 = ADVANCED_FACE ( 'NONE', ( #1813 ), #556, .F. ) ;
#7758 = CARTESIAN_POINT ( 'NONE',  ( -9.881168959186963363, 11.55000000000000071, -3.049999999999999822 ) ) ;
#7759 = ORIENTED_EDGE ( 'NONE', *, *, #2240, .F. ) ;
#7760 = DIRECTION ( 'NONE',  ( -1.000000000000000000, 0.000000000000000000, 0.000000000000000000 ) ) ;
#7761 = ORIENTED_EDGE ( 'NONE', *, *, #538, .F. ) ;
#7762 = CARTESIAN_POINT ( 'NONE',  ( 0.7071067811865368036, -0.7071067811865436870, 3.049999999999999822 ) ) ;
#7763 = ORIENTED_EDGE ( 'NONE', *, *, #8152, .T. ) ;
#7764 = DIRECTION ( 'NONE',  ( -1.000000000000000000, 0.000000000000000000, 0.000000000000000000 ) ) ;
#7765 = DIRECTION ( 'NONE',  ( -0.000000000000000000, -0.000000000000000000, -1.000000000000000000 ) ) ;
#7766 = VECTOR ( 'NONE', #1288, 1000.000000000000000 ) ;
#7767 = CARTESIAN_POINT ( 'NONE',  ( 19.05000000000001137, 6.349999999999999645, 2.286000000000000032 ) ) ;
#7768 = DIRECTION ( 'NONE',  ( -0.000000000000000000, -0.000000000000000000, -1.000000000000000000 ) ) ;
#7769 = B_SPLINE_CURVE_WITH_KNOTS ( 'NONE', 3,
 ( #801, #3591, #4859, #155 ),
 .UNSPECIFIED., .F., .F.,
 ( 4, 4 ),
 ( 0.09788286888632728722, 0.1095966023383204979 ),
 .UNSPECIFIED. ) ;
#7770 = VECTOR ( 'NONE', #123, 1000.000000000000114 ) ;
#7771 = EDGE_CURVE ( 'NONE', #99, #5682, #2609, .T. ) ;
#7772 = CARTESIAN_POINT ( 'NONE',  ( -16.47939620402574690, -4.486502985212284855, 2.286000000000000032 ) ) ;
#7773 = VECTOR ( 'NONE', #1567, 1000.000000000000000 ) ;
#7774 = CIRCLE ( 'NONE', #3770, 12.69999999999999929 ) ;
#7775 = CARTESIAN_POINT ( 'NONE',  ( 19.05000000000001137, 6.349999999999999645, 2.286000000000000032 ) ) ;
#7776 = ORIENTED_EDGE ( 'NONE', *, *, #4108, .F. ) ;
#7777 = VERTEX_POINT ( 'NONE', #6833 ) ;
#7778 = ORIENTED_EDGE ( 'NONE', *, *, #6111, .T. ) ;
#7779 = VECTOR ( 'NONE', #2950, 1000.000000000000000 ) ;
#7780 = VECTOR ( 'NONE', #8130, 999.9999999999998863 ) ;
#7781 = AXIS2_PLACEMENT_3D ( 'NONE', #4112, #6120, #6175 ) ;
#7782 = DIRECTION ( 'NONE',  ( 0.000000000000000000, 0.000000000000000000, 1.000000000000000000 ) ) ;
#7783 = EDGE_LOOP ( 'NONE', ( #8397, #1764, #5844, #2104, #2431, #644 ) ) ;
#7784 = FACE_OUTER_BOUND ( 'NONE', #5136, .T. ) ;
#7785 = ORIENTED_EDGE ( 'NONE', *, *, #3271, .F. ) ;
#7786 = VECTOR ( 'NONE', #6471, 1000.000000000000000 ) ;
#7787 = VECTOR ( 'NONE', #5872, 1000.000000000000000 ) ;
#7788 = CARTESIAN_POINT ( 'NONE',  ( 19.05000000000001137, 6.349999999999999645, 1.000000000000000000 ) ) ;
#7789 = PLANE ( 'NONE',  #3645 ) ;
#7790 = PLANE ( 'NONE',  #3776 ) ;
#7791 = DIRECTION ( 'NONE',  ( 0.7069990853988208368, -0.7069990853988276092, 0.01745240643728354982 ) ) ;
#7792 = VECTOR ( 'NONE', #2964, 1000.000000000000000 ) ;
#7793 = VECTOR ( 'NONE', #2927, 1000.000000000000000 ) ;
#7794 = VERTEX_POINT ( 'NONE', #8191 ) ;
#7795 = CYLINDRICAL_SURFACE ( 'NONE', #3312, 6.200000000000001066 ) ;
#7796 = EDGE_LOOP ( 'NONE', ( #1854, #3324, #6934, #5293 ) ) ;
#7797 = ORIENTED_EDGE ( 'NONE', *, *, #3659, .F. ) ;
#7798 = CARTESIAN_POINT ( 'NONE',  ( -7.089843379135150059, 10.53679841599588940, 4.484570918952019092 ) ) ;
#7799 = ORIENTED_EDGE ( 'NONE', *, *, #7861, .F. ) ;
#7800 = CIRCLE ( 'NONE', #2608, 3.175000000000007816 ) ;
#7801 = EDGE_LOOP ( 'NONE', ( #124, #1260, #5255, #7095 ) ) ;
#7802 = DIRECTION ( 'NONE',  ( 0.000000000000000000, 0.000000000000000000, -1.000000000000000000 ) ) ;
#7803 = CYLINDRICAL_SURFACE ( 'NONE', #2928, 3.175000000000000711 ) ;
#7804 = DIRECTION ( 'NONE',  ( -0.000000000000000000, -0.000000000000000000, -1.000000000000000000 ) ) ;
#7805 = DIRECTION ( 'NONE',  ( 1.000000000000000000, 0.000000000000000000, 0.000000000000000000 ) ) ;
#7806 = EDGE_CURVE ( 'NONE', #3521, #1388, #1867, .T. ) ;
#7807 = CARTESIAN_POINT ( 'NONE',  ( 14.91623517531649412, -2.923341956503026307, -1.000000000000000000 ) ) ;
#7809 = EDGE_CURVE ( 'NONE', #4745, #6412, #3892, .T. ) ;
#7808 = ADVANCED_FACE ( 'NONE', ( #3992 ), #8290, .F. ) ;
#7810 = LINE ( 'NONE', #8005, #7793 ) ;
#7811 = AXIS2_PLACEMENT_3D ( 'NONE', #1938, #3982, #1149 ) ;
#7812 = VECTOR ( 'NONE', #3389, 1000.000000000000000 ) ;
#7813 = CARTESIAN_POINT ( 'NONE',  ( -16.47939620402575045, 4.486502985212284855, -1.000000000000000444 ) ) ;
#7814 = ORIENTED_EDGE ( 'NONE', *, *, #982, .T. ) ;
#7815 = CARTESIAN_POINT ( 'NONE',  ( 16.47939620402574334, 8.213497014787719763, 2.286000000000000032 ) ) ;
#7816 = VERTEX_POINT ( 'NONE', #4649 ) ;
#7817 = DIRECTION ( 'NONE',  ( -0.7069990853988208368, 0.7069990853988276092, 0.01745240643728354982 ) ) ;
#7818 = EDGE_LOOP ( 'NONE', ( #9069, #1302, #2655, #4328 ) ) ;
#7819 = CARTESIAN_POINT ( 'NONE',  ( 13.14289321881345529, -11.54999999999999893, 3.049999999999999822 ) ) ;
#7820 = CYLINDRICAL_SURFACE ( 'NONE', #8997, 2.100000000000000977 ) ;
#7821 = VECTOR ( 'NONE', #7410, 1000.000000000000000 ) ;
#7822 = EDGE_CURVE ( 'NONE', #5387, #496, #928, .T. ) ;
#7823 = DIRECTION ( 'NONE',  ( -0.000000000000000000, -0.000000000000000000, -1.000000000000000000 ) ) ;
#7825 = EDGE_CURVE ( 'NONE', #4504, #9040, #418, .T. ) ;
#7824 = EDGE_CURVE ( 'NONE', #2015, #7230, #8327, .T. ) ;
#7826 = CARTESIAN_POINT ( 'NONE',  ( 7.338820554675499430, -10.36492705552105953, 11.30038463814561567 ) ) ;
#7827 =( BOUNDED_CURVE ( )  B_SPLINE_CURVE ( 3, ( #5660, #686, #1473, #7001 ),
 .UNSPECIFIED., .F., .T. ) 
 B_SPLINE_CURVE_WITH_KNOTS ( ( 4, 4 ),
 ( 4.840734874276003907, 4.873437229494064660 ),
 .UNSPECIFIED. ) 
 CURVE ( )  GEOMETRIC_REPRESENTATION_ITEM ( )  RATIONAL_B_SPLINE_CURVE ( ( 1.000000000000000000, 0.9999108816491901752, 0.9999108816491901752, 1.000000000000000000 ) ) 
 REPRESENTATION_ITEM ( '' )  );
#7828 = DIRECTION ( 'NONE',  ( 0.000000000000000000, 0.000000000000000000, 1.000000000000000000 ) ) ;
#7829 = VECTOR ( 'NONE', #6187, 1000.000000000000000 ) ;
#7830 = LINE ( 'NONE', #2797, #1540 ) ;
#7831 = CARTESIAN_POINT ( 'NONE',  ( 5.754974513648304146, -11.32123086714772597, 3.049999999999999822 ) ) ;
#7832 = EDGE_LOOP ( 'NONE', ( #2628, #4383, #7716, #2348 ) ) ;
#7833 = EDGE_LOOP ( 'NONE', ( #2200, #8450, #1883, #154 ) ) ;
#7834 = ORIENTED_EDGE ( 'NONE', *, *, #2194, .F. ) ;
#7835 = EDGE_CURVE ( 'NONE', #864, #2152, #6193, .T. ) ;
#7836 = EDGE_CURVE ( 'NONE', #3195, #923, #8943, .T. ) ;
#7837 = CARTESIAN_POINT ( 'NONE',  ( -5.754974513648304146, 11.32123086714772597, 3.049999999999999822 ) ) ;
#7838 = ORIENTED_EDGE ( 'NONE', *, *, #6781, .F. ) ;
#7839 = CARTESIAN_POINT ( 'NONE',  ( -25.04644660940673617, 0.3535533905932707888, 1.000000000000000000 ) ) ;
#7840 = ORIENTED_EDGE ( 'NONE', *, *, #925, .T. ) ;
#7841 = DIRECTION ( 'NONE',  ( -0.7071067811865472397, -0.7071067811865479058, 0.000000000000000000 ) ) ;
#7842 = CARTESIAN_POINT ( 'NONE',  ( -8.870799062724689321, 12.34299174844733749, 4.291770568774370354 ) ) ;
#7843 = CARTESIAN_POINT ( 'NONE',  ( 0.000000000000000000, 0.000000000000000000, 15.75000000000000000 ) ) ;
#7844 = LINE ( 'NONE', #1463, #4805 ) ;
#7845 = ORIENTED_EDGE ( 'NONE', *, *, #7365, .F. ) ;
#7846 = CARTESIAN_POINT ( 'NONE',  ( 24.25000000000001066, -1.857106781186541600, 3.049999999999999822 ) ) ;
#7847 = ORIENTED_EDGE ( 'NONE', *, *, #6942, .T. ) ;
#7848 = EDGE_LOOP ( 'NONE', ( #8527, #8054, #3136, #8411, #4490 ) ) ;
#7849 = DIRECTION ( 'NONE',  ( 0.7071067811865476838, 0.7071067811865474617, -0.000000000000000000 ) ) ;
#7850 = VERTEX_POINT ( 'NONE', #2654 ) ;
#7851 = ORIENTED_EDGE ( 'NONE', *, *, #1737, .F. ) ;
#7852 = DIRECTION ( 'NONE',  ( 0.000000000000000000, 0.000000000000000000, 1.000000000000000000 ) ) ;
#7853 = FACE_OUTER_BOUND ( 'NONE', #7983, .T. ) ;
#7854 = FACE_OUTER_BOUND ( 'NONE', #8760, .T. ) ;
#7855 = CARTESIAN_POINT ( 'NONE',  ( -25.25000000000001066, -6.349999999999998757, -3.049999999999999822 ) ) ;
#7856 = CARTESIAN_POINT ( 'NONE',  ( 0.000000000000000000, 0.000000000000000000, 15.75000000000000000 ) ) ;
#7857 = DIRECTION ( 'NONE',  ( -1.000000000000000000, 0.000000000000000000, 0.000000000000000000 ) ) ;
#7858 = ORIENTED_EDGE ( 'NONE', *, *, #4396, .T. ) ;
#7859 = ADVANCED_FACE ( 'NONE', ( #3956 ), #4034, .T. ) ;
#7861 = EDGE_CURVE ( 'NONE', #2947, #4961, #6123, .T. ) ;
#7860 = DIRECTION ( 'NONE',  ( -1.000000000000000000, 0.000000000000000000, 0.000000000000000000 ) ) ;
#7862 = ORIENTED_EDGE ( 'NONE', *, *, #348, .F. ) ;
#7863 = CARTESIAN_POINT ( 'NONE',  ( -19.05000000000001137, 6.349999999999999645, 1.000000000000000000 ) ) ;
#7864 = ORIENTED_EDGE ( 'NONE', *, *, #8785, .T. ) ;
#7865 = CARTESIAN_POINT ( 'NONE',  ( 21.62060379597427939, -4.486502985212279526, 2.286000000000000032 ) ) ;
#7866 = LINE ( 'NONE', #8612, #6323 ) ;
#7867 = DIRECTION ( 'NONE',  ( 1.000000000000000000, 0.000000000000000000, -0.000000000000000000 ) ) ;
#7868 = FACE_OUTER_BOUND ( 'NONE', #2201, .T. ) ;
#7869 = EDGE_CURVE ( 'NONE', #666, #3943, #4781, .T. ) ;
#7870 = CARTESIAN_POINT ( 'NONE',  ( 17.21152236891498788, 7.481370849898475228, 2.286000000000000032 ) ) ;
#7873 = EDGE_CURVE ( 'NONE', #3366, #5797, #2224, .T. ) ;
#7872 = ADVANCED_FACE ( 'NONE', ( #1998 ), #4835, .T. ) ;
#7871 = VERTEX_POINT ( 'NONE', #5530 ) ;
#7874 = ORIENTED_EDGE ( 'NONE', *, *, #147, .T. ) ;
#7875 = VERTEX_POINT ( 'NONE', #7758 ) ;
#7876 = EDGE_LOOP ( 'NONE', ( #2962, #4760, #1365, #7728, #2937, #4622, #1175, #3597, #7130, #6670, #1421, #3731, #6660, #4386, #4221, #8301, #738, #6553, #8749 ) ) ;
#7877 = CARTESIAN_POINT ( 'NONE',  ( 24.25000000000001066, -1.545584412271583830, 3.049999999999999822 ) ) ;
#7878 = AXIS2_PLACEMENT_3D ( 'NONE', #8373, #6196, #6235 ) ;
#7879 = CARTESIAN_POINT ( 'NONE',  ( -20.18137084989849228, -8.188477631085028463, 2.286000000000000032 ) ) ;
#7880 = ORIENTED_EDGE ( 'NONE', *, *, #5323, .F. ) ;
#7881 = APPLICATION_PROTOCOL_DEFINITION ( 'international standard', 'config_control_design', 1994, #2016 ) ;
#7882 = EDGE_CURVE ( 'NONE', #1534, #6684, #39, .T. ) ;
#7883 = EDGE_LOOP ( 'NONE', ( #4240, #5143, #1420, #2645 ) ) ;
#7884 = PLANE ( 'NONE',  #639 ) ;
#7885 = CYLINDRICAL_SURFACE ( 'NONE', #76, 3.175000000000000711 ) ;
#7886 = CARTESIAN_POINT ( 'NONE',  ( -21.62060379597427229, -4.486502985212286632, -1.000000000000000000 ) ) ;
#7887 = LINE ( 'NONE', #2256, #943 ) ;
#7888 = ORIENTED_EDGE ( 'NONE', *, *, #7836, .F. ) ;
#7889 = CARTESIAN_POINT ( 'NONE',  ( 17.91862915010153401, 8.188477631085024910, -2.286000000000000032 ) ) ;
#7890 = EDGE_LOOP ( 'NONE', ( #849, #207, #1310, #8213, #459, #6395 ) ) ;
#7891 = EDGE_LOOP ( 'NONE', ( #8623, #6359, #5781, #1557, #3641, #2217 ) ) ;
#7892 = CARTESIAN_POINT ( 'NONE',  ( 9.694460453587222304, -6.840154566637520084, 14.08276566350402703 ) ) ;
#7893 = ORIENTED_EDGE ( 'NONE', *, *, #2998, .T. ) ;
#7894 = ORIENTED_EDGE ( 'NONE', *, *, #4283, .T. ) ;
#7895 = LINE ( 'NONE', #8412, #2448 ) ;
#7896 = VECTOR ( 'NONE', #428, 1000.000000000000000 ) ;
#7897 = CARTESIAN_POINT ( 'NONE',  ( -15.10488494811827564, 1.697778166931711130, 3.049999999999999822 ) ) ;
#7898 = DIRECTION ( 'NONE',  ( 1.000000000000000000, 0.000000000000000000, 0.000000000000000000 ) ) ;
#7899 = LINE ( 'NONE', #832, #491 ) ;
#7900 = CARTESIAN_POINT ( 'NONE',  ( 20.88847763108503841, -7.481370849898481445, -2.286000000000000032 ) ) ;
#7901 = B_SPLINE_CURVE_WITH_KNOTS ( 'NONE', 3,
 ( #7187, #815, #18, #3654, #120, #4898, #5791, #3513, #8632, #7938, #2809, #1566, #7134, #4398 ),
 .UNSPECIFIED., .F., .F.,
 ( 4, 2, 2, 2, 2, 2, 4 ),
 ( 0.000000000000000000, 0.0005768627563301599939, 0.0008652941344952379309, 0.001153725512660315868, 0.001442156890825393913, 0.001730588268990471742, 0.002307451025320625231 ),
 .UNSPECIFIED. ) ;
#7902 = AXIS2_PLACEMENT_3D ( 'NONE', #7102, #7003, #1430 ) ;
#7903 = CARTESIAN_POINT ( 'NONE',  ( -8.552961997491403068, -12.56550315032363407, 3.524263225867796834 ) ) ;
#7904 = VERTEX_POINT ( 'NONE', #8562 ) ;
#7905 = CARTESIAN_POINT ( 'NONE',  ( -17.18650298521229658, 8.920603795974260564, -1.000000000000000000 ) ) ;
#7906 = ORIENTED_EDGE ( 'NONE', *, *, #2064, .T. ) ;
#7907 = DIRECTION ( 'NONE',  ( 0.000000000000000000, 0.000000000000000000, 1.000000000000000000 ) ) ;
#7908 = VERTEX_POINT ( 'NONE', #4918 ) ;
#7909 = CARTESIAN_POINT ( 'NONE',  ( 0.000000000000000000, 0.000000000000000000, 3.049999999999999822 ) ) ;
#7910 = CARTESIAN_POINT ( 'NONE',  ( -20.91349701478772616, 3.779396204025738282, 2.286000000000000032 ) ) ;
#7911 = VECTOR ( 'NONE', #8113, 1000.000000000000000 ) ;
#7912 = DIRECTION ( 'NONE',  ( 1.000000000000000000, 0.000000000000000000, 0.000000000000000000 ) ) ;
#7913 = PLANE ( 'NONE',  #8103 ) ;
#7914 = VECTOR ( 'NONE', #3134, 1000.000000000000000 ) ;
#7915 = CARTESIAN_POINT ( 'NONE',  ( -24.25000000000001066, 6.350000000000000533, 2.286000000000000032 ) ) ;
#7916 = CIRCLE ( 'NONE', #1526, 3.175000000000007816 ) ;
#7917 = CARTESIAN_POINT ( 'NONE',  ( -10.47393927217179055, 8.746223802468016117, 15.75000000000000000 ) ) ;
#7918 = ORIENTED_EDGE ( 'NONE', *, *, #4270, .F. ) ;
#7919 = VERTEX_POINT ( 'NONE', #2183 ) ;
#7920 = VECTOR ( 'NONE', #7701, 1000.000000000000000 ) ;
#7921 = ORIENTED_EDGE ( 'NONE', *, *, #2689, .F. ) ;
#7922 = VERTEX_POINT ( 'NONE', #5622 ) ;
#7923 = DIRECTION ( 'NONE',  ( 0.000000000000000000, 0.000000000000000000, 1.000000000000000000 ) ) ;
#7924 = CIRCLE ( 'NONE', #4349, 15.20000000000001350 ) ;
#7925 = ADVANCED_FACE ( 'NONE', ( #6274 ), #2133, .T. ) ;
#7927 = EDGE_CURVE ( 'NONE', #2243, #117, #3625, .T. ) ;
#7926 = ADVANCED_FACE ( 'NONE', ( #4168, #1476 ), #9200, .T. ) ;
#7928 = AXIS2_PLACEMENT_3D ( 'NONE', #4482, #5837, #3054 ) ;
#7929 = CARTESIAN_POINT ( 'NONE',  ( 19.05000000000001137, 6.349999999999999645, -2.286000000000000032 ) ) ;
#7930 = ORIENTED_EDGE ( 'NONE', *, *, #8045, .F. ) ;
#7931 = CALENDAR_DATE ( 2022, 7, 6 ) ;
#7932 = ORIENTED_EDGE ( 'NONE', *, *, #3432, .T. ) ;
#7933 = AXIS2_PLACEMENT_3D ( 'NONE', #6593, #2958, #81 ) ;
#7934 = DIRECTION ( 'NONE',  ( -0.000000000000000000, -1.000000000000000000, -0.000000000000000000 ) ) ;
#7935 = VECTOR ( 'NONE', #8876, 1000.000000000000000 ) ;
#7936 = LINE ( 'NONE', #1562, #1408 ) ;
#7937 = VECTOR ( 'NONE', #8875, 1000.000000000000000 ) ;
#7938 = CARTESIAN_POINT ( 'NONE',  ( 8.699397522520801118, 12.46449870790261372, 3.751796355938266991 ) ) ;
#7939 = CARTESIAN_POINT ( 'NONE',  ( 20.91349701478773326, 8.920603795974265893, 2.286000000000000032 ) ) ;
#7941 = EDGE_CURVE ( 'NONE', #682, #936, #3528, .T. ) ;
#7940 = EDGE_CURVE ( 'NONE', #6992, #3509, #3435, .T. ) ;
#7942 = VECTOR ( 'NONE', #4036, 1000.000000000000000 ) ;
#7943 = CIRCLE ( 'NONE', #7037, 3.175000000000000711 ) ;
#7944 = ORIENTED_EDGE ( 'NONE', *, *, #7809, .F. ) ;
#7945 = VECTOR ( 'NONE', #2337, 1000.000000000000000 ) ;
#7946 = CARTESIAN_POINT ( 'NONE',  ( 7.725680503160524459, 4.974319496839389565, 15.75000000000000000 ) ) ;
#7947 = ORIENTED_EDGE ( 'NONE', *, *, #3492, .T. ) ;
#7948 = EDGE_LOOP ( 'NONE', ( #1875, #2184, #2762, #2218 ) ) ;
#7949 = CARTESIAN_POINT ( 'NONE',  ( 10.01742162713509465, -7.115487864601248269, 13.31141278938899397 ) ) ;
#7950 = ORIENTED_EDGE ( 'NONE', *, *, #5997, .T. ) ;
#7951 = EDGE_LOOP ( 'NONE', ( #1057, #6944, #6787, #4297 ) ) ;
#7952 = DIRECTION ( 'NONE',  ( 0.000000000000000000, 0.000000000000000000, 1.000000000000000000 ) ) ;
#7953 = FACE_OUTER_BOUND ( 'NONE', #6840, .T. ) ;
#7954 = CARTESIAN_POINT ( 'NONE',  ( -22.35636464127575707, -10.36347142246229502, -1.000000000000000000 ) ) ;
#7955 = CARTESIAN_POINT ( 'NONE',  ( -1.767766952966371541, -1.767766952966353555, 3.049999999999999822 ) ) ;
#7956 = CIRCLE ( 'NONE', #8394, 5.200000000000000178 ) ;
#7957 = VECTOR ( 'NONE', #4778, 1000.000000000000114 ) ;
#7958 = CARTESIAN_POINT ( 'NONE',  ( -19.05000000000001137, -11.55000000000000071, 3.049999999999999822 ) ) ;
#7959 = EDGE_CURVE ( 'NONE', #6868, #4586, #2083, .T. ) ;
#7960 = CARTESIAN_POINT ( 'NONE',  ( 10.62755498949814381, 9.092383203134872360, 7.950032212735604453 ) ) ;
#7961 = ORIENTED_EDGE ( 'NONE', *, *, #9047, .F. ) ;
#7962 = CIRCLE ( 'NONE', #1119, 6.200000000000001066 ) ;
#7963 = DIRECTION ( 'NONE',  ( 0.000000000000000000, 0.000000000000000000, 1.000000000000000000 ) ) ;
#7964 = ORIENTED_EDGE ( 'NONE', *, *, #3875, .T. ) ;
#7965 = CARTESIAN_POINT ( 'NONE',  ( 19.05000000000001137, -6.349999999999999645, 3.049999999999999822 ) ) ;
#7966 = ADVANCED_BREP_SHAPE_REPRESENTATION ( '228-2500-507', ( #2624, #43 ), #7322 ) ;
#7967 = VERTEX_POINT ( 'NONE', #8419 ) ;
#7968 = DIRECTION ( 'NONE',  ( 0.000000000000000000, 0.000000000000000000, 1.000000000000000000 ) ) ;
#7969 = PLANE ( 'NONE',  #6477 ) ;
#7970 = LINE ( 'NONE', #4466, #3738 ) ;
#7971 = LINE ( 'NONE', #8712, #7945 ) ;
#7972 = AXIS2_PLACEMENT_3D ( 'NONE', #2732, #6926, #2649 ) ;
#7973 = FACE_OUTER_BOUND ( 'NONE', #4329, .T. ) ;
#7974 = CARTESIAN_POINT ( 'NONE',  ( -17.18650298521229658, 8.920603795974260564, -2.286000000000000032 ) ) ;
#7975 = VERTEX_POINT ( 'NONE', #4976 ) ;
#7976 = ORIENTED_EDGE ( 'NONE', *, *, #3383, .T. ) ;
#7977 = CIRCLE ( 'NONE', #8561, 12.69999999999999929 ) ;
#7978 = ORIENTED_EDGE ( 'NONE', *, *, #2010, .F. ) ;
#7979 = CARTESIAN_POINT ( 'NONE',  ( -20.18137084989849228, -8.188477631085028463, -2.286000000000000032 ) ) ;
#7980 = DIRECTION ( 'NONE',  ( -0.000000000000000000, -0.000000000000000000, -1.000000000000000000 ) ) ;
#7981 = CIRCLE ( 'NONE', #3224, 5.200000000000000178 ) ;
#7982 = DIRECTION ( 'NONE',  ( -1.000000000000000000, 0.000000000000000000, -0.000000000000000000 ) ) ;
#7983 = EDGE_LOOP ( 'NONE', ( #6456, #1137, #5786, #2660 ) ) ;
#7984 = VERTEX_POINT ( 'NONE', #780 ) ;
#7985 = EDGE_CURVE ( 'NONE', #8526, #9180, #7924, .T. ) ;
#7986 = CARTESIAN_POINT ( 'NONE',  ( 2.056696380120324186, -14.89999999999999680, -3.049999999999999822 ) ) ;
#7987 = EDGE_CURVE ( 'NONE', #2898, #2933, #7105, .T. ) ;
#7988 = EDGE_LOOP ( 'NONE', ( #3104, #5680, #185, #8950 ) ) ;
#7989 = CARTESIAN_POINT ( 'NONE',  ( -24.25000000000001066, -1.545584412271577612, 3.049999999999999822 ) ) ;
#7990 = DIRECTION ( 'NONE',  ( 0.000000000000000000, 0.000000000000000000, 1.000000000000000000 ) ) ;
#7991 = DIRECTION ( 'NONE',  ( 0.000000000000000000, 0.000000000000000000, 1.000000000000000000 ) ) ;
#7992 = ORIENTED_EDGE ( 'NONE', *, *, #3791, .T. ) ;
#7993 = CARTESIAN_POINT ( 'NONE',  ( 23.06347142246230320, -9.656364641275748895, -2.286000000000000032 ) ) ;
#7994 = VERTEX_POINT ( 'NONE', #1335 ) ;
#7995 = EDGE_LOOP ( 'NONE', ( #2306, #7906, #8181, #4059, #8565, #8166, #6995, #3301 ) ) ;
#7996 = EDGE_CURVE ( 'NONE', #6871, #975, #2932, .T. ) ;
#7997 = DIRECTION ( 'NONE',  ( 1.000000000000000000, -0.000000000000000000, -0.000000000000000000 ) ) ;
#7999 = EDGE_CURVE ( 'NONE', #903, #1174, #8602, .T. ) ;
#7998 = EDGE_CURVE ( 'NONE', #2186, #8532, #9158, .T. ) ;
#8000 = ORIENTED_EDGE ( 'NONE', *, *, #663, .T. ) ;
#8001 = CARTESIAN_POINT ( 'NONE',  ( 7.498580207074689419, -10.24994121339569730, 15.75000000000000000 ) ) ;
#8002 = FACE_OUTER_BOUND ( 'NONE', #1372, .T. ) ;
#8003 = CARTESIAN_POINT ( 'NONE',  ( -24.25000000000001066, 6.350000000000000533, 3.049999999999999822 ) ) ;
#8004 = DIRECTION ( 'NONE',  ( -0.7071067811865475727, -0.7071067811865475727, 0.000000000000000000 ) ) ;
#8005 = CARTESIAN_POINT ( 'NONE',  ( -24.25000000000001066, -1.545584412271577612, 3.049999999999999822 ) ) ;
#8006 = CARTESIAN_POINT ( 'NONE',  ( -7.598307058890035215, -13.16456341238939309, 3.049999999999999822 ) ) ;
#8007 = ORIENTED_EDGE ( 'NONE', *, *, #810, .T. ) ;
#8008 = CARTESIAN_POINT ( 'NONE',  ( 19.05000000000001137, -6.349999999999999645, -1.000000000000000000 ) ) ;
#8009 = EDGE_CURVE ( 'NONE', #6144, #2084, #4220, .T. ) ;
#8010 = ORIENTED_EDGE ( 'NONE', *, *, #3985, .F. ) ;
#8011 = CARTESIAN_POINT ( 'NONE',  ( -17.18650298521229658, 3.779396204025738282, 2.286000000000000032 ) ) ;
#8012 = VERTEX_POINT ( 'NONE', #7813 ) ;
#8013 = CARTESIAN_POINT ( 'NONE',  ( 19.05000000000001137, -6.349999999999999645, 3.049999999999999822 ) ) ;
#8014 = DIRECTION ( 'NONE',  ( -0.000000000000000000, -0.000000000000000000, -1.000000000000000000 ) ) ;
#8015 = LINE ( 'NONE', #3082, #2994 ) ;
#8016 = CARTESIAN_POINT ( 'NONE',  ( -10.70360484075323981, 9.264706088826443420, 4.049999999999999822 ) ) ;
#8017 = DIRECTION ( 'NONE',  ( 0.7071067811865473507, -0.7071067811865476838, 0.000000000000000000 ) ) ;
#8018 = CARTESIAN_POINT ( 'NONE',  ( -17.21152236891498788, -5.218629150101523173, 2.286000000000000032 ) ) ;
#8019 = CARTESIAN_POINT ( 'NONE',  ( 21.15000000000001990, 6.349999999999999645, -2.286000000000000032 ) ) ;
#8020 = VERTEX_POINT ( 'NONE', #692 ) ;
#8021 = VERTEX_POINT ( 'NONE', #8505 ) ;
#8022 = CYLINDRICAL_SURFACE ( 'NONE', #4399, 2.100000000000008082 ) ;
#8023 = CARTESIAN_POINT ( 'NONE',  ( -14.55710678118654933, -11.55000000000000071, 2.286000000000000032 ) ) ;
#8024 = DIRECTION ( 'NONE',  ( 0.000000000000000000, 0.000000000000000000, 1.000000000000000000 ) ) ;
#8025 = ORIENTED_EDGE ( 'NONE', *, *, #5265, .T. ) ;
#8026 = ORIENTED_EDGE ( 'NONE', *, *, #3939, .F. ) ;
#8027 = CARTESIAN_POINT ( 'NONE',  ( 1.767766952966338900, 1.767766952966393079, 3.049999999999999822 ) ) ;
#8028 = ORIENTED_EDGE ( 'NONE', *, *, #9001, .T. ) ;
#8029 = DIRECTION ( 'NONE',  ( 1.000000000000000000, 0.000000000000000000, 0.000000000000000000 ) ) ;
#8030 = DIRECTION ( 'NONE',  ( 1.000000000000000000, 0.000000000000000000, 0.000000000000000000 ) ) ;
#8031 = VECTOR ( 'NONE', #6760, 1000.000000000000000 ) ;
#8032 = DIRECTION ( 'NONE',  ( 0.7071067811865472397, -0.7071067811865479058, 0.000000000000000000 ) ) ;
#8033 = EDGE_CURVE ( 'NONE', #367, #920, #1433, .T. ) ;
#8034 = ORIENTED_EDGE ( 'NONE', *, *, #8107, .T. ) ;
#8035 = CARTESIAN_POINT ( 'NONE',  ( 6.784089184266247250E-16, 14.89999999999999680, -3.049999999999999822 ) ) ;
#8036 = EDGE_LOOP ( 'NONE', ( #8951, #1403, #1192, #5504, #7016 ) ) ;
#8037 = VERTEX_POINT ( 'NONE', #3813 ) ;
#8038 = FACE_OUTER_BOUND ( 'NONE', #8868, .T. ) ;
#8039 = EDGE_LOOP ( 'NONE', ( #270, #7714, #8489, #8767, #4544 ) ) ;
#8040 = CARTESIAN_POINT ( 'NONE',  ( 6.896731639425461857, -9.697517946748309470, 14.94953708801444847 ) ) ;
#8041 = DIRECTION ( 'NONE',  ( -0.000000000000000000, -0.000000000000000000, -1.000000000000000000 ) ) ;
#8042 = CARTESIAN_POINT ( 'NONE',  ( -6.562353025506233450, -10.87409690839331056, 3.325438762633045275 ) ) ;
#8043 = CARTESIAN_POINT ( 'NONE',  ( 14.55710678118655643, 11.55000000000000071, 3.049999999999999822 ) ) ;
#8044 = DIRECTION ( 'NONE',  ( 0.000000000000000000, 0.000000000000000000, 1.000000000000000000 ) ) ;
#8045 = EDGE_CURVE ( 'NONE', #8211, #6671, #1881, .T. ) ;
#8047 = EDGE_CURVE ( 'NONE', #8903, #6147, #7174, .T. ) ;
#8046 = ADVANCED_FACE ( 'NONE', ( #5999 ), #3675, .F. ) ;
#8048 = CARTESIAN_POINT ( 'NONE',  ( -8.233252731414845371, -12.77733287300772780, 3.232217950791410388 ) ) ;
#8049 = ORIENTED_EDGE ( 'NONE', *, *, #7126, .T. ) ;
#8050 = B_SPLINE_CURVE_WITH_KNOTS ( 'NONE', 3,
 ( #7831, #8524, #1402, #2198, #5034, #4992, #4281, #7220, #1491, #5135, #4429, #7120, #7166, #796 ),
 .UNSPECIFIED., .F., .F.,
 ( 4, 2, 2, 2, 2, 2, 4 ),
 ( 0.000000000000000000, 0.0005802288128028154114, 0.0008703432192042242013, 0.001160457625605632991, 0.001450572032007041998, 0.001740686438408450571, 0.002320915251211265115 ),
 .UNSPECIFIED. ) ;
#8051 = DIRECTION ( 'NONE',  ( 0.000000000000000000, 0.000000000000000000, 1.000000000000000000 ) ) ;
#8052 = ORIENTED_EDGE ( 'NONE', *, *, #2409, .T. ) ;
#8053 = LINE ( 'NONE', #8707, #3775 ) ;
#8054 = ORIENTED_EDGE ( 'NONE', *, *, #8218, .T. ) ;
#8055 = CARTESIAN_POINT ( 'NONE',  ( 19.05000000000001137, -6.349999999999999645, -1.000000000000000000 ) ) ;
#8056 = LINE ( 'NONE', #5262, #8122 ) ;
#8057 = CARTESIAN_POINT ( 'NONE',  ( -11.48829497739958150, 9.953076815974599256, 7.951910872066910940 ) ) ;
#8058 = CARTESIAN_POINT ( 'NONE',  ( 21.62060379597427584, -8.213497014787719763, -1.000000000000000000 ) ) ;
#8059 = CIRCLE ( 'NONE', #4619, 3.175000000000007816 ) ;
#8061 = ADVANCED_FACE ( 'NONE', ( #5860 ), #3157, .T. ) ;
#8060 = EDGE_CURVE ( 'NONE', #3509, #7875, #8648, .T. ) ;
#8062 = LINE ( 'NONE', #4567, #7911 ) ;
#8063 = DIRECTION ( 'NONE',  ( -0.7071067811865474617, 0.7071067811865474617, 0.000000000000000000 ) ) ;
#8064 = LINE ( 'NONE', #1689, #8031 ) ;
#8065 = ORIENTED_EDGE ( 'NONE', *, *, #6559, .F. ) ;
#8066 = VECTOR ( 'NONE', #8939, 1000.000000000000000 ) ;
#8067 = ORIENTED_EDGE ( 'NONE', *, *, #7086, .F. ) ;
#8068 = CARTESIAN_POINT ( 'NONE',  ( 15.10488494811827564, 1.697778166931711130, -2.286000000000000920 ) ) ;
#8069 = AXIS2_PLACEMENT_3D ( 'NONE', #1551, #5140, #7224 ) ;
#8070 = DIRECTION ( 'NONE',  ( -1.000000000000000000, 0.000000000000000000, 0.000000000000000000 ) ) ;
#8071 = ADVANCED_FACE ( 'NONE', ( #8702 ), #5913, .T. ) ;
#8072 = AXIS2_PLACEMENT_3D ( 'NONE', #1066, #3825, #1685 ) ;
#8073 = CARTESIAN_POINT ( 'NONE',  ( -2.056696380120321965, -6.899999999999997691, -3.049999999999999822 ) ) ;
#8074 = VERTEX_POINT ( 'NONE', #3117 ) ;
#8075 = AXIS2_PLACEMENT_3D ( 'NONE', #5386, #2679, #9014 ) ;
#8076 = APPROVAL_ROLE ( '' ) ;
#8077 = ORIENTED_EDGE ( 'NONE', *, *, #3725, .F. ) ;
#8078 = DIRECTION ( 'NONE',  ( 1.000000000000000000, 0.000000000000000000, 0.000000000000000000 ) ) ;
#8079 = VECTOR ( 'NONE', #4073, 1000.000000000000000 ) ;
#8080 = LINE ( 'NONE', #5897, #7780 ) ;
#8081 = AXIS2_PLACEMENT_3D ( 'NONE', #5371, #5292, #4011 ) ;
#8082 = EDGE_LOOP ( 'NONE', ( #3881, #7864, #7408, #8595, #3064 ) ) ;
#8083 = LINE ( 'NONE', #3747, #3621 ) ;
#8084 = ORIENTED_EDGE ( 'NONE', *, *, #156, .T. ) ;
#8085 = ORIENTED_EDGE ( 'NONE', *, *, #5088, .T. ) ;
#8086 = AXIS2_PLACEMENT_3D ( 'NONE', #6683, #2395, #3877 ) ;
#8087 = AXIS2_PLACEMENT_3D ( 'NONE', #6537, #165, #4196 ) ;
#8088 = CARTESIAN_POINT ( 'NONE',  ( -19.05000000000001137, -6.349999999999999645, 3.049999999999999822 ) ) ;
#8089 = EDGE_LOOP ( 'NONE', ( #5548, #6044, #1913, #6957 ) ) ;
#8090 = CARTESIAN_POINT ( 'NONE',  ( 6.595342854572490587, -9.420798938022164393, 14.55000000000000782 ) ) ;
#8091 = CARTESIAN_POINT ( 'NONE',  ( 16.47939620402574334, 4.486502985212279526, 2.286000000000000032 ) ) ;
#8092 = DIRECTION ( 'NONE',  ( -0.7071067811865482389, 0.7071067811865469066, 0.000000000000000000 ) ) ;
#8093 = AXIS2_PLACEMENT_3D ( 'NONE', #8890, #195, #334 ) ;
#8094 = CARTESIAN_POINT ( 'NONE',  ( -14.91623517531649412, -2.923341956503026307, 3.049999999999999822 ) ) ;
#8095 = AXIS2_PLACEMENT_3D ( 'NONE', #1874, #3961, #1817 ) ;
#8096 = CIRCLE ( 'NONE', #647, 3.175000000000007816 ) ;
#8097 = CARTESIAN_POINT ( 'NONE',  ( 1.723477518430389654, 1.723477518430443389, 4.484570918951995999 ) ) ;
#8098 = VERTEX_POINT ( 'NONE', #1669 ) ;
#8099 = DIRECTION ( 'NONE',  ( -0.000000000000000000, -0.000000000000000000, 1.000000000000000000 ) ) ;
#8100 = EDGE_LOOP ( 'NONE', ( #4589, #1042, #3651, #2260, #421, #6762 ) ) ;
#8101 = AXIS2_PLACEMENT_3D ( 'NONE', #6788, #1193, #6130 ) ;
#8102 = DIRECTION ( 'NONE',  ( 1.000000000000000000, 0.000000000000000000, 0.000000000000000000 ) ) ;
#8103 = AXIS2_PLACEMENT_3D ( 'NONE', #2195, #3683, #6522 ) ;
#8104 = EDGE_CURVE ( 'NONE', #1227, #2264, #6657, .T. ) ;
#8105 = VERTEX_POINT ( 'NONE', #1584 ) ;
#8107 = EDGE_CURVE ( 'NONE', #5705, #1937, #877, .T. ) ;
#8106 = EDGE_CURVE ( 'NONE', #2933, #4728, #4899, .T. ) ;
#8108 = CARTESIAN_POINT ( 'NONE',  ( 19.05000000000001137, 6.349999999999999645, -1.000000000000000000 ) ) ;
#8109 = DIRECTION ( 'NONE',  ( 0.000000000000000000, 0.000000000000000000, 1.000000000000000000 ) ) ;
#8110 = DIRECTION ( 'NONE',  ( 0.7071067811865469066, 0.7071067811865482389, -0.000000000000000000 ) ) ;
#8111 = CARTESIAN_POINT ( 'NONE',  ( 20.88847763108503486, -5.218629150101523173, -2.286000000000000032 ) ) ;
#8112 = AXIS2_PLACEMENT_3D ( 'NONE', #163, #5838, #8682 ) ;
#8113 = DIRECTION ( 'NONE',  ( 0.000000000000000000, 0.000000000000000000, 1.000000000000000000 ) ) ;
#8114 = DIRECTION ( 'NONE',  ( 1.000000000000000000, 0.000000000000000000, 0.000000000000000000 ) ) ;
#8115 = DIRECTION ( 'NONE',  ( 1.000000000000000000, -3.783957776634915868E-16, 0.000000000000000000 ) ) ;
#8116 = VERTEX_POINT ( 'NONE', #1016 ) ;
#8117 = ADVANCED_FACE ( 'NONE', ( #2461 ), #3760, .F. ) ;
#8118 = ORIENTED_EDGE ( 'NONE', *, *, #8773, .T. ) ;
#8120 = EDGE_CURVE ( 'NONE', #83, #4586, #6737, .T. ) ;
#8119 = EDGE_CURVE ( 'NONE', #1320, #8688, #8746, .T. ) ;
#8121 = CARTESIAN_POINT ( 'NONE',  ( -23.06347142246230320, -9.656364641275748895, 1.000000000000000000 ) ) ;
#8122 = VECTOR ( 'NONE', #187, 1000.000000000000114 ) ;
#8123 = LINE ( 'NONE', #4658, #7735 ) ;
#8124 = CARTESIAN_POINT ( 'NONE',  ( -19.05000000000001137, 6.349999999999999645, 1.000000000000000000 ) ) ;
#8125 = VECTOR ( 'NONE', #3912, 1000.000000000000114 ) ;
#8126 = VERTEX_POINT ( 'NONE', #7294 ) ;
#8127 = EDGE_CURVE ( 'NONE', #4542, #5370, #8978, .T. ) ;
#8128 = LINE ( 'NONE', #3233, #7509 ) ;
#8129 = AXIS2_PLACEMENT_3D ( 'NONE', #5442, #7534, #6925 ) ;
#8130 = DIRECTION ( 'NONE',  ( -0.7071067811865434649, 0.7071067811865516806, 0.000000000000000000 ) ) ;
#8131 = ORIENTED_EDGE ( 'NONE', *, *, #1941, .F. ) ;
#8132 = DIRECTION ( 'NONE',  ( -0.000000000000000000, -0.000000000000000000, 1.000000000000000000 ) ) ;
#8133 = ORIENTED_EDGE ( 'NONE', *, *, #8889, .F. ) ;
#8134 = EDGE_LOOP ( 'NONE', ( #3545, #1725, #219, #2396 ) ) ;
#8135 = AXIS2_PLACEMENT_3D ( 'NONE', #728, #6403, #5711 ) ;
#8136 = DIRECTION ( 'NONE',  ( 0.000000000000000000, -1.000000000000000000, 0.000000000000000000 ) ) ;
#8137 = EDGE_LOOP ( 'NONE', ( #987, #4142, #6070, #169 ) ) ;
#8138 = DIRECTION ( 'NONE',  ( 1.000000000000000000, 0.000000000000000000, 0.000000000000000000 ) ) ;
#8139 = CARTESIAN_POINT ( 'NONE',  ( 4.341914580254014666, -14.56666666666665932, -3.049999999999999822 ) ) ;
#8140 = FACE_OUTER_BOUND ( 'NONE', #7011, .T. ) ;
#8141 = DIRECTION ( 'NONE',  ( -1.000000000000000000, 0.000000000000000000, 0.000000000000000000 ) ) ;
#8142 = CARTESIAN_POINT ( 'NONE',  ( -6.840154566637645317, -9.694460453587131710, 14.08276566350402881 ) ) ;
#8143 = ORIENTED_EDGE ( 'NONE', *, *, #8325, .F. ) ;
#8144 = CARTESIAN_POINT ( 'NONE',  ( -17.18650298521229658, 3.779396204025738282, 1.000000000000000000 ) ) ;
#8145 = VERTEX_POINT ( 'NONE', #5302 ) ;
#8146 = DIRECTION ( 'NONE',  ( 1.000000000000000000, 0.000000000000000000, 0.000000000000000000 ) ) ;
#8147 = ORIENTED_EDGE ( 'NONE', *, *, #5149, .T. ) ;
#8148 = PLANE ( 'NONE',  #3821 ) ;
#8149 = CARTESIAN_POINT ( 'NONE',  ( 20.18137084989849228, -8.188477631085028463, 2.286000000000000032 ) ) ;
#8150 = DIRECTION ( 'NONE',  ( 0.7071067811865475727, -0.7071067811865475727, 0.000000000000000000 ) ) ;
#8151 = DIRECTION ( 'NONE',  ( -0.000000000000000000, -0.000000000000000000, -1.000000000000000000 ) ) ;
#8152 = EDGE_CURVE ( 'NONE', #4961, #2947, #6431, .T. ) ;
#8153 = EDGE_CURVE ( 'NONE', #1926, #5972, #2111, .T. ) ;
#8154 = DIRECTION ( 'NONE',  ( 1.000000000000000000, 8.195543980992768948E-16, 0.000000000000000000 ) ) ;
#8155 = DIRECTION ( 'NONE',  ( 0.000000000000000000, 0.000000000000000000, 1.000000000000000000 ) ) ;
#8156 = CARTESIAN_POINT ( 'NONE',  ( -9.694460453587222304, 6.840154566637512978, 14.08276566350403236 ) ) ;
#8157 = VERTEX_POINT ( 'NONE', #1238 ) ;
#8158 = ORIENTED_EDGE ( 'NONE', *, *, #3833, .F. ) ;
#8159 = CARTESIAN_POINT ( 'NONE',  ( -10.36492705552115190, -7.338820554675366203, 11.30038463814561567 ) ) ;
#8160 = LINE ( 'NONE', #5324, #1668 ) ;
#8161 = ADVANCED_FACE ( 'NONE', ( #4072 ), #6784, .F. ) ;
#8163 = EDGE_CURVE ( 'NONE', #5634, #8563, #2861, .T. ) ;
#8162 = ADVANCED_FACE ( 'NONE', ( #6043 ), #8877, .F. ) ;
#8164 = PLANE ( 'NONE',  #2411 ) ;
#8165 = PERSON_AND_ORGANIZATION_ROLE ( 'classification_officer' ) ;
#8166 = ORIENTED_EDGE ( 'NONE', *, *, #1638, .T. ) ;
#8167 = ORIENTED_EDGE ( 'NONE', *, *, #3672, .F. ) ;
#8168 = DIRECTION ( 'NONE',  ( 1.000000000000000000, 0.000000000000000000, 0.000000000000000000 ) ) ;
#8169 = EDGE_CURVE ( 'NONE', #6126, #8708, #543, .T. ) ;
#8170 = EDGE_LOOP ( 'NONE', ( #4444, #1966, #2346, #1514 ) ) ;
#8171 = DIRECTION ( 'NONE',  ( -0.7071067811865513475, 0.7071067811865436870, 3.466144807221855109E-18 ) ) ;
#8172 = ORIENTED_EDGE ( 'NONE', *, *, #5703, .F. ) ;
#8173 = ORIENTED_EDGE ( 'NONE', *, *, #1894, .T. ) ;
#8174 = DIRECTION ( 'NONE',  ( -0.000000000000000000, -0.000000000000000000, -1.000000000000000000 ) ) ;
#8175 = DIRECTION ( 'NONE',  ( -0.7071067811865473507, 0.7071067811865476838, 0.000000000000000000 ) ) ;
#8176 = LINE ( 'NONE', #5377, #7604 ) ;
#8177 = CARTESIAN_POINT ( 'NONE',  ( 9.849393396991292349, -11.57710886669483763, 15.75000000000000000 ) ) ;
#8178 = DIRECTION ( 'NONE',  ( -0.000000000000000000, -0.000000000000000000, -1.000000000000000000 ) ) ;
#8179 = DIRECTION ( 'NONE',  ( -0.000000000000000000, -0.000000000000000000, 1.000000000000000000 ) ) ;
#8180 = CARTESIAN_POINT ( 'NONE',  ( -15.10488494811827564, 1.697778166931711130, 2.286000000000000032 ) ) ;
#8181 = ORIENTED_EDGE ( 'NONE', *, *, #7835, .T. ) ;
#8182 = DIRECTION ( 'NONE',  ( -0.7071067811865476838, -0.7071067811865474617, 0.000000000000000000 ) ) ;
#8183 = EDGE_LOOP ( 'NONE', ( #3247, #509, #1903, #9032 ) ) ;
#8184 = DIRECTION ( 'NONE',  ( 1.000000000000000000, 0.000000000000000000, -0.000000000000000000 ) ) ;
#8185 = ORIENTED_EDGE ( 'NONE', *, *, #7622, .T. ) ;
#8186 = CARTESIAN_POINT ( 'NONE',  ( 19.05000000000001137, 6.349999999999999645, 2.286000000000000032 ) ) ;
#8187 = CARTESIAN_POINT ( 'NONE',  ( -20.91349701478772616, -3.779396204025738726, 2.286000000000000032 ) ) ;
#8188 = B_SPLINE_CURVE_WITH_KNOTS ( 'NONE', 3,
 ( #848, #6378, #3686, #7917 ),
 .UNSPECIFIED., .F., .F.,
 ( 4, 4 ),
 ( 0.09788286888632731497, 0.1095966023383205118 ),
 .UNSPECIFIED. ) ;
#8189 = FACE_OUTER_BOUND ( 'NONE', #4131, .T. ) ;
#8190 = LINE ( 'NONE', #8926, #6902 ) ;
#8191 = CARTESIAN_POINT ( 'NONE',  ( 25.25000000000001066, 1.131370849898487796, -3.049999999999999822 ) ) ;
#8192 = DIRECTION ( 'NONE',  ( 0.000000000000000000, 0.000000000000000000, 1.000000000000000000 ) ) ;
#8193 = CARTESIAN_POINT ( 'NONE',  ( 19.05000000000000426, -11.55000000000000249, -1.000000000000000000 ) ) ;
#8194 = ORIENTED_EDGE ( 'NONE', *, *, #3673, .T. ) ;
#8195 = ORIENTED_EDGE ( 'NONE', *, *, #2526, .F. ) ;
#8196 = CARTESIAN_POINT ( 'NONE',  ( -22.22500000000001208, -6.349999999999999645, 2.286000000000000032 ) ) ;
#8197 = AXIS2_PLACEMENT_3D ( 'NONE', #3771, #6619, #5312 ) ;
#8198 = EDGE_CURVE ( 'NONE', #5972, #7777, #4972, .T. ) ;
#8199 = DIRECTION ( 'NONE',  ( 1.000000000000000000, 0.000000000000000000, 0.000000000000000000 ) ) ;
#8200 = DIRECTION ( 'NONE',  ( 0.000000000000000000, 0.000000000000000000, 1.000000000000000000 ) ) ;
#8201 = CARTESIAN_POINT ( 'NONE',  ( -19.05000000000001137, 6.349999999999999645, -3.049999999999999822 ) ) ;
#8202 = AXIS2_PLACEMENT_3D ( 'NONE', #6026, #7456, #7982 ) ;
#8203 = ORIENTED_EDGE ( 'NONE', *, *, #1909, .T. ) ;
#8204 = ORIENTED_EDGE ( 'NONE', *, *, #1578, .F. ) ;
#8205 = CARTESIAN_POINT ( 'NONE',  ( 21.62060379597427939, 8.213497014787719763, 2.286000000000000032 ) ) ;
#8206 = ADVANCED_FACE ( 'NONE', ( #7527 ), #1798, .T. ) ;
#8208 = EDGE_CURVE ( 'NONE', #2205, #4809, #3979, .T. ) ;
#8207 = EDGE_CURVE ( 'NONE', #3288, #1937, #6523, .T. ) ;
#8209 = CIRCLE ( 'NONE', #8072, 3.175000000000000711 ) ;
#8210 = VECTOR ( 'NONE', #1184, 1000.000000000000000 ) ;
#8211 = VERTEX_POINT ( 'NONE', #5432 ) ;
#8212 = DIRECTION ( 'NONE',  ( 0.7071067811865482389, -0.7071067811865469066, -0.000000000000000000 ) ) ;
#8213 = ORIENTED_EDGE ( 'NONE', *, *, #8906, .T. ) ;
#8214 = ORIENTED_EDGE ( 'NONE', *, *, #5997, .F. ) ;
#8215 = CARTESIAN_POINT ( 'NONE',  ( 19.05000000000001137, 6.349999999999999645, 2.286000000000000032 ) ) ;
#8216 = CARTESIAN_POINT ( 'NONE',  ( 9.953076815974725378, 11.48829497739947136, 7.951910872067021963 ) ) ;
#8217 = VECTOR ( 'NONE', #3613, 999.9999999999998863 ) ;
#8219 = ADVANCED_FACE ( 'NONE', ( #7479 ), #9011, .F. ) ;
#8218 = EDGE_CURVE ( 'NONE', #1774, #2840, #193, .T. ) ;
#8220 = CARTESIAN_POINT ( 'NONE',  ( 14.55710678118655643, 11.55000000000000071, -1.000000000000000000 ) ) ;
#8221 = DIRECTION ( 'NONE',  ( -0.000000000000000000, 0.000000000000000000, -1.000000000000000000 ) ) ;
#8222 = CARTESIAN_POINT ( 'NONE',  ( -23.06347142246230320, -9.656364641275748895, -2.286000000000000032 ) ) ;
#8223 = CIRCLE ( 'NONE', #4506, 2.100000000000000977 ) ;
#8224 = VECTOR ( 'NONE', #8151, 1000.000000000000000 ) ;
#8225 = VECTOR ( 'NONE', #5477, 1000.000000000000000 ) ;
#8226 = CARTESIAN_POINT ( 'NONE',  ( 10.48049788266153115, -7.173516224744546754, 6.751496890849896459 ) ) ;
#8227 = PLANE ( 'NONE',  #6597 ) ;
#8228 = ORIENTED_EDGE ( 'NONE', *, *, #4477, .F. ) ;
#8229 = LINE ( 'NONE', #2728, #8401 ) ;
#8230 = EDGE_LOOP ( 'NONE', ( #9201, #4182, #818, #1604 ) ) ;
#8231 = PLANE ( 'NONE',  #4379 ) ;
#8232 = AXIS2_PLACEMENT_3D ( 'NONE', #3259, #6142, #1814 ) ;
#8233 = VERTEX_POINT ( 'NONE', #8963 ) ;
#8234 = EDGE_CURVE ( 'NONE', #4370, #6610, #2593, .T. ) ;
#8235 = DIRECTION ( 'NONE',  ( -0.000000000000000000, -0.000000000000000000, -1.000000000000000000 ) ) ;
#8236 = DIRECTION ( 'NONE',  ( -0.000000000000000000, -0.000000000000000000, -1.000000000000000000 ) ) ;
#8237 = AXIS2_PLACEMENT_3D ( 'NONE', #4148, #2721, #8272 ) ;
#8238 = AXIS2_PLACEMENT_3D ( 'NONE', #2368, #3810, #1795 ) ;
#8239 = CARTESIAN_POINT ( 'NONE',  ( 24.11862915010152975, 5.907360397698777307E-15, 3.049999999999999822 ) ) ;
#8240 = CARTESIAN_POINT ( 'NONE',  ( 6.800747629007552142, 10.72581712943620502, 3.594740715504973760 ) ) ;
#8241 = DIRECTION ( 'NONE',  ( 0.7071067811865474617, 0.7071067811865474617, -0.000000000000000000 ) ) ;
#8242 = ORIENTED_EDGE ( 'NONE', *, *, #8847, .T. ) ;
#8243 = AXIS2_PLACEMENT_3D ( 'NONE', #8463, #2788, #4315 ) ;
#8244 = AXIS2_PLACEMENT_3D ( 'NONE', #654, #6242, #2705 ) ;
#8245 = PLANE ( 'NONE',  #2442 ) ;
#8246 = DIRECTION ( 'NONE',  ( -1.000000000000000000, 3.783957776634916361E-16, -0.000000000000000000 ) ) ;
#8247 = ORIENTED_EDGE ( 'NONE', *, *, #7738, .F. ) ;
#8248 = LINE ( 'NONE', #5534, #4371 ) ;
#8249 = ORIENTED_EDGE ( 'NONE', *, *, #5703, .T. ) ;
#8250 = DIRECTION ( 'NONE',  ( 0.7071067811865471286, 0.7071067811865479058, -0.000000000000000000 ) ) ;
#8251 = CARTESIAN_POINT ( 'NONE',  ( 1.767766952966321803, -1.767766952966376426, 3.049999999999999822 ) ) ;
#8252 = PLANE ( 'NONE',  #656 ) ;
#8253 = CIRCLE ( 'NONE', #8991, 5.200000000000000178 ) ;
#8254 = AXIS2_PLACEMENT_3D ( 'NONE', #2782, #2040, #6321 ) ;
#8255 = CARTESIAN_POINT ( 'NONE',  ( 19.05000000000001137, -6.349999999999999645, 1.000000000000000000 ) ) ;
#8256 = CC_DESIGN_PERSON_AND_ORGANIZATION_ASSIGNMENT ( #7229, #3693, ( #680 ) ) ;
#8257 = VERTEX_POINT ( 'NONE', #4902 ) ;
#8258 = VECTOR ( 'NONE', #6250, 1000.000000000000000 ) ;
#8259 = ORIENTED_EDGE ( 'NONE', *, *, #8482, .F. ) ;
#8260 = AXIS2_PLACEMENT_3D ( 'NONE', #4512, #1247, #5443 ) ;
#8261 = ORIENTED_EDGE ( 'NONE', *, *, #4394, .F. ) ;
#8262 = EDGE_CURVE ( 'NONE', #1901, #1336, #933, .T. ) ;
#8263 = EDGE_CURVE ( 'NONE', #4865, #5926, #1366, .T. ) ;
#8264 = PLANE ( 'NONE',  #489 ) ;
#8265 = ORIENTED_EDGE ( 'NONE', *, *, #2978, .F. ) ;
#8266 = VERTEX_POINT ( 'NONE', #2676 ) ;
#8267 = FACE_OUTER_BOUND ( 'NONE', #1110, .T. ) ;
#8268 = VECTOR ( 'NONE', #8465, 1000.000000000000000 ) ;
#8269 = DIRECTION ( 'NONE',  ( 1.000000000000000000, 0.000000000000000000, 0.000000000000000000 ) ) ;
#8270 = LINE ( 'NONE', #4723, #8210 ) ;
#8271 = LINE ( 'NONE', #5429, #9115 ) ;
#8272 = DIRECTION ( 'NONE',  ( 1.000000000000000000, 0.000000000000000000, 0.000000000000000000 ) ) ;
#8273 = CIRCLE ( 'NONE', #1278, 15.19999999999999929 ) ;
#8274 = EDGE_CURVE ( 'NONE', #2399, #2745, #2167, .T. ) ;
#8276 = ADVANCED_FACE ( 'NONE', ( #8488 ), #5704, .T. ) ;
#8275 = ADVANCED_FACE ( 'NONE', ( #6955 ), #7795, .T. ) ;
#8277 = CARTESIAN_POINT ( 'NONE',  ( 7.725680503160548440, 4.974319496839395782, 15.75000000000000000 ) ) ;
#8278 = DIRECTION ( 'NONE',  ( 0.000000000000000000, 0.000000000000000000, 1.000000000000000000 ) ) ;
#8279 = ORIENTED_EDGE ( 'NONE', *, *, #1828, .T. ) ;
#8280 = DIRECTION ( 'NONE',  ( 0.7071067811865482389, 0.7071067811865469066, 0.000000000000000000 ) ) ;
#8281 = ORIENTED_EDGE ( 'NONE', *, *, #7435, .T. ) ;
#8282 = LINE ( 'NONE', #8317, #2740 ) ;
#8283 = EDGE_LOOP ( 'NONE', ( #2986, #3365, #109, #8158 ) ) ;
#8284 = CARTESIAN_POINT ( 'NONE',  ( 17.21152236891498788, -5.218629150101523173, 2.286000000000000032 ) ) ;
#8285 = CARTESIAN_POINT ( 'NONE',  ( 15.10488494811827387, -1.697778166931715571, 1.000000000000000000 ) ) ;
#8286 = DIRECTION ( 'NONE',  ( -0.7071067811865474617, -0.7071067811865476838, 0.000000000000000000 ) ) ;
#8287 = CARTESIAN_POINT ( 'NONE',  ( 12.52826460218572890, 8.607311420067741636, 3.598324033312461534 ) ) ;
#8288 = CARTESIAN_POINT ( 'NONE',  ( 6.562353025506205029, 10.87409690839332832, 3.325438762633043943 ) ) ;
#8289 = EDGE_CURVE ( 'NONE', #8534, #938, #785, .T. ) ;
#8290 = PLANE ( 'NONE',  #6865 ) ;
#8291 = ORIENTED_EDGE ( 'NONE', *, *, #4583, .T. ) ;
#8292 = DIRECTION ( 'NONE',  ( 1.000000000000000000, 0.000000000000000000, 0.000000000000000000 ) ) ;
#8293 = LINE ( 'NONE', #2695, #4889 ) ;
#8294 = VERTEX_POINT ( 'NONE', #765 ) ;
#8295 = CARTESIAN_POINT ( 'NONE',  ( -10.00446747355705490, -11.44336622548361859, 4.049999999999999822 ) ) ;
#8296 = EDGE_LOOP ( 'NONE', ( #2760, #3816, #8922, #3026 ) ) ;
#8297 = CARTESIAN_POINT ( 'NONE',  ( 22.70441558772843749, 7.846913223363838341E-15, 1.000000000000000000 ) ) ;
#8298 = DIRECTION ( 'NONE',  ( 1.000000000000000000, 0.000000000000000000, 0.000000000000000000 ) ) ;
#8299 = CARTESIAN_POINT ( 'NONE',  ( 25.25000000000001066, 6.349999999999999645, 1.000000000000000000 ) ) ;
#8300 = CARTESIAN_POINT ( 'NONE',  ( -19.05000000000001137, 6.349999999999999645, -1.000000000000000000 ) ) ;
#8301 = ORIENTED_EDGE ( 'NONE', *, *, #3217, .T. ) ;
#8302 = ORIENTED_EDGE ( 'NONE', *, *, #4526, .F. ) ;
#8303 = ORIENTED_EDGE ( 'NONE', *, *, #3048, .F. ) ;
#8304 = ORIENTED_EDGE ( 'NONE', *, *, #95, .F. ) ;
#8305 = CYLINDRICAL_SURFACE ( 'NONE', #3766, 6.200000000000001066 ) ;
#8306 = ORIENTED_EDGE ( 'NONE', *, *, #2989, .F. ) ;
#8307 = CARTESIAN_POINT ( 'NONE',  ( 22.70441558772843749, 7.846913223363838341E-15, -2.286000000000000032 ) ) ;
#8308 = FACE_OUTER_BOUND ( 'NONE', #4007, .T. ) ;
#8309 = FACE_OUTER_BOUND ( 'NONE', #8477, .T. ) ;
#8310 = CYLINDRICAL_SURFACE ( 'NONE', #6297, 15.19999999999999929 ) ;
#8311 = FACE_OUTER_BOUND ( 'NONE', #5467, .T. ) ;
#8312 = DIRECTION ( 'NONE',  ( 0.000000000000000000, 0.000000000000000000, 1.000000000000000000 ) ) ;
#8313 = CARTESIAN_POINT ( 'NONE',  ( -8.885463297855924480, 12.33241833471664428, 4.484570918952011986 ) ) ;
#8314 = EDGE_LOOP ( 'NONE', ( #2680, #8474, #4665, #5335 ) ) ;
#8315 = FACE_OUTER_BOUND ( 'NONE', #6275, .T. ) ;
#8316 = ORIENTED_EDGE ( 'NONE', *, *, #8163, .T. ) ;
#8317 = CARTESIAN_POINT ( 'NONE',  ( 4.341914580254015554, 14.56666666666665932, 3.049999999999999822 ) ) ;
#8318 = ORIENTED_EDGE ( 'NONE', *, *, #9168, .T. ) ;
#8319 = DIRECTION ( 'NONE',  ( 0.7071067811865482389, -0.7071067811865469066, -0.000000000000000000 ) ) ;
#8320 = DIRECTION ( 'NONE',  ( -1.000000000000000000, 0.000000000000000000, 0.000000000000000000 ) ) ;
#8321 = DIRECTION ( 'NONE',  ( 0.000000000000000000, -1.000000000000000000, 0.000000000000000000 ) ) ;
#8322 = EDGE_CURVE ( 'NONE', #7081, #4910, #22, .T. ) ;
#8323 = CARTESIAN_POINT ( 'NONE',  ( -12.69999999999999929, 0.000000000000000000, -3.049999999999999822 ) ) ;
#8325 = EDGE_CURVE ( 'NONE', #4410, #496, #1419, .T. ) ;
#8324 = ADVANCED_FACE ( 'NONE', ( #5610 ), #9187, .F. ) ;
#8326 = LINE ( 'NONE', #4833, #232 ) ;
#8327 = LINE ( 'NONE', #1912, #2561 ) ;
#8328 = ORIENTED_EDGE ( 'NONE', *, *, #824, .F. ) ;
#8329 = FACE_OUTER_BOUND ( 'NONE', #7832, .T. ) ;
#8330 = CARTESIAN_POINT ( 'NONE',  ( 22.70441558772843749, 7.846913223363838341E-15, -3.049999999999999822 ) ) ;
#8331 = ORIENTED_EDGE ( 'NONE', *, *, #2237, .T. ) ;
#8332 = LINE ( 'NONE', #6841, #2591 ) ;
#8333 = VERTEX_POINT ( 'NONE', #6355 ) ;
#8334 = DIRECTION ( 'NONE',  ( 0.7071067811865474617, 0.7071067811865476838, 0.000000000000000000 ) ) ;
#8335 = PLANE ( 'NONE',  #5664 ) ;
#8337 = EDGE_CURVE ( 'NONE', #6541, #9174, #1982, .T. ) ;
#8336 = EDGE_CURVE ( 'NONE', #3062, #3614, #5651, .T. ) ;
#8338 = FACE_OUTER_BOUND ( 'NONE', #8719, .T. ) ;
#8339 = DIRECTION ( 'NONE',  ( -1.000000000000000000, 0.000000000000000000, 0.000000000000000000 ) ) ;
#8340 = ORIENTED_EDGE ( 'NONE', *, *, #4507, .T. ) ;
#8341 = VERTEX_POINT ( 'NONE', #7139 ) ;
#8342 = EDGE_CURVE ( 'NONE', #2536, #2401, #3609, .T. ) ;
#8343 = AXIS2_PLACEMENT_3D ( 'NONE', #1743, #4573, #6715 ) ;
#8344 = ORIENTED_EDGE ( 'NONE', *, *, #5489, .T. ) ;
#8345 = ORIENTED_EDGE ( 'NONE', *, *, #1967, .F. ) ;
#8346 = CYLINDRICAL_SURFACE ( 'NONE', #5990, 3.175000000000007816 ) ;
#8347 = DIRECTION ( 'NONE',  ( -0.000000000000000000, -0.000000000000000000, -1.000000000000000000 ) ) ;
#8348 = VECTOR ( 'NONE', #1034, 1000.000000000000000 ) ;
#8349 = FACE_OUTER_BOUND ( 'NONE', #9080, .T. ) ;
#8350 = DIRECTION ( 'NONE',  ( 1.000000000000000000, 0.000000000000000000, 0.000000000000000000 ) ) ;
#8351 = AXIS2_PLACEMENT_3D ( 'NONE', #7877, #1496, #4330 ) ;
#8352 = CARTESIAN_POINT ( 'NONE',  ( 19.05000000000001137, -11.55000000000000249, -1.000000000000000000 ) ) ;
#8353 = AXIS2_PLACEMENT_3D ( 'NONE', #8714, #5178, #6624 ) ;
#8354 = DIRECTION ( 'NONE',  ( 0.000000000000000000, 0.000000000000000000, 1.000000000000000000 ) ) ;
#8355 = CARTESIAN_POINT ( 'NONE',  ( -9.152739640218779726, 12.13650746063106034, 11.98607683914959487 ) ) ;
#8356 = ORIENTED_EDGE ( 'NONE', *, *, #432, .F. ) ;
#8357 = AXIS2_PLACEMENT_3D ( 'NONE', #3240, #1095, #1842 ) ;
#8358 = DIRECTION ( 'NONE',  ( 0.7071067811865469066, -0.7071067811865482389, 0.000000000000000000 ) ) ;
#8359 = VERTEX_POINT ( 'NONE', #2069 ) ;
#8360 = DIRECTION ( 'NONE',  ( -0.7071067811865473507, 0.7071067811865477948, -0.000000000000000000 ) ) ;
#8361 = ORIENTED_EDGE ( 'NONE', *, *, #1785, .F. ) ;
#8362 = CARTESIAN_POINT ( 'NONE',  ( -19.05000000000001137, -11.55000000000000071, 2.286000000000000032 ) ) ;
#8363 = CARTESIAN_POINT ( 'NONE',  ( -0.7071067811865368036, -0.7071067811865436870, 3.049999999999999822 ) ) ;
#8364 = CARTESIAN_POINT ( 'NONE',  ( 17.21152236891498788, 5.218629150101523173, -2.286000000000000032 ) ) ;
#8365 = AXIS2_PLACEMENT_3D ( 'NONE', #2693, #5396, #1949 ) ;
#8366 = CARTESIAN_POINT ( 'NONE',  ( 8.575400865265715211, -12.55000000000000071, -3.049999999999999822 ) ) ;
#8367 = PLANE ( 'NONE',  #8254 ) ;
#8368 = AXIS2_PLACEMENT_3D ( 'NONE', #2061, #5643, #3552 ) ;
#8369 = CARTESIAN_POINT ( 'NONE',  ( 18.69644660940673475, 5.996446609406724804, 1.000000000000000000 ) ) ;
#8370 = ORIENTED_EDGE ( 'NONE', *, *, #5898, .F. ) ;
#8371 = VECTOR ( 'NONE', #6813, 1000.000000000000000 ) ;
#8372 = ADVANCED_FACE ( 'NONE', ( #4114 ), #3419, .T. ) ;
#8375 = EDGE_CURVE ( 'NONE', #251, #6414, #3180, .T. ) ;
#8374 = EDGE_CURVE ( 'NONE', #7683, #1529, #4863, .T. ) ;
#8373 = CARTESIAN_POINT ( 'NONE',  ( 0.000000000000000000, 0.000000000000000000, 3.049999999999999822 ) ) ;
#8376 = ORIENTED_EDGE ( 'NONE', *, *, #4895, .F. ) ;
#8377 = AXIS2_PLACEMENT_3D ( 'NONE', #9058, #8455, #9022 ) ;
#8378 = CARTESIAN_POINT ( 'NONE',  ( -9.953076815974725378, -11.48829497739947136, 7.951910872067021963 ) ) ;
#8379 = VECTOR ( 'NONE', #5098, 1000.000000000000000 ) ;
#8380 = ORIENTED_EDGE ( 'NONE', *, *, #2931, .T. ) ;
#8381 = DIRECTION ( 'NONE',  ( -0.000000000000000000, -0.000000000000000000, -1.000000000000000000 ) ) ;
#8382 = LINE ( 'NONE', #4842, #3501 ) ;
#8383 = CYLINDRICAL_SURFACE ( 'NONE', #6852, 2.100000000000008082 ) ;
#8384 = LINE ( 'NONE', #2837, #8834 ) ;
#8385 = AXIS2_PLACEMENT_3D ( 'NONE', #2992, #7782, #2299 ) ;
#8386 = AXIS2_PLACEMENT_3D ( 'NONE', #3477, #4162, #7751 ) ;
#8387 = CIRCLE ( 'NONE', #1851, 3.175000000000007816 ) ;
#8388 = CARTESIAN_POINT ( 'NONE',  ( 14.55710678118654933, -11.54999999999999893, 3.049999999999999822 ) ) ;
#8389 = EDGE_CURVE ( 'NONE', #5158, #2300, #633, .T. ) ;
#8391 = EDGE_CURVE ( 'NONE', #7468, #9192, #7625, .T. ) ;
#8390 = EDGE_CURVE ( 'NONE', #6036, #5389, #4945, .T. ) ;
#8392 = ORIENTED_EDGE ( 'NONE', *, *, #7238, .T. ) ;
#8393 = ORIENTED_EDGE ( 'NONE', *, *, #1155, .T. ) ;
#8394 = AXIS2_PLACEMENT_3D ( 'NONE', #2730, #4963, #3522 ) ;
#8395 = AXIS2_PLACEMENT_3D ( 'NONE', #135, #4454, #833 ) ;
#8396 = CIRCLE ( 'NONE', #4988, 5.200000000000000178 ) ;
#8397 = ORIENTED_EDGE ( 'NONE', *, *, #4143, .T. ) ;
#8398 = EDGE_CURVE ( 'NONE', #5119, #2173, #1079, .T. ) ;
#8399 = VERTEX_POINT ( 'NONE', #8775 ) ;
#8400 = CARTESIAN_POINT ( 'NONE',  ( 0.000000000000000000, 0.000000000000000000, 2.286000000000000032 ) ) ;
#8401 = VECTOR ( 'NONE', #5436, 1000.000000000000000 ) ;
#8402 = DIRECTION ( 'NONE',  ( 0.000000000000000000, 0.000000000000000000, 1.000000000000000000 ) ) ;
#8403 = CARTESIAN_POINT ( 'NONE',  ( 10.87409690839340293, -6.562353025506083348, 3.325438762633035505 ) ) ;
#8404 = CARTESIAN_POINT ( 'NONE',  ( -21.62060379597427229, -8.213497014787716211, 2.286000000000000032 ) ) ;
#8405 = CARTESIAN_POINT ( 'NONE',  ( -12.03530071934203605, 9.283939713020815887, 15.75000000000000000 ) ) ;
#8406 = DIRECTION ( 'NONE',  ( -0.7071067811865480168, 0.7071067811865471286, 0.000000000000000000 ) ) ;
#8407 = ORIENTED_EDGE ( 'NONE', *, *, #2639, .F. ) ;
#8408 = ORIENTED_EDGE ( 'NONE', *, *, #7647, .F. ) ;
#8409 = VECTOR ( 'NONE', #5498, 1000.000000000000000 ) ;
#8410 = CARTESIAN_POINT ( 'NONE',  ( -17.91862915010153401, 8.188477631085024910, 2.286000000000000032 ) ) ;
#8411 = ORIENTED_EDGE ( 'NONE', *, *, #365, .T. ) ;
#8412 = CARTESIAN_POINT ( 'NONE',  ( 20.18137084989848873, -4.511522368914976155, 2.286000000000000032 ) ) ;
#8413 = CARTESIAN_POINT ( 'NONE',  ( -7.338820554675519858, -10.36492705552103999, 11.30038463814558192 ) ) ;
#8414 = CARTESIAN_POINT ( 'NONE',  ( -11.23237096883257280, -5.929780400498249726, 3.049999999999999822 ) ) ;
#8415 = CARTESIAN_POINT ( 'NONE',  ( 0.000000000000000000, 0.000000000000000000, 1.000000000000000000 ) ) ;
#8416 = CARTESIAN_POINT ( 'NONE',  ( 13.06712470379554070, 7.767125987654502239, 3.050000000000000266 ) ) ;
#8417 = CARTESIAN_POINT ( 'NONE',  ( -19.05000000000001137, 6.349999999999999645, -2.286000000000000032 ) ) ;
#8418 = AXIS2_PLACEMENT_3D ( 'NONE', #8108, #6006, #6519 ) ;
#8419 = CARTESIAN_POINT ( 'NONE',  ( 21.15000000000001990, -6.349999999999999645, 2.286000000000000032 ) ) ;
#8420 = VERTEX_POINT ( 'NONE', #6540 ) ;
#8421 = CARTESIAN_POINT ( 'NONE',  ( 10.42320471966387174, 7.256512541649944303, 9.023542246728524674 ) ) ;
#8422 = ORIENTED_EDGE ( 'NONE', *, *, #1205, .T. ) ;
#8423 = CARTESIAN_POINT ( 'NONE',  ( 6.595342854572496805, 9.420798938022160840, 14.55000000000000782 ) ) ;
#8424 = ORIENTED_EDGE ( 'NONE', *, *, #4896, .F. ) ;
#8425 = DIRECTION ( 'NONE',  ( 1.000000000000000000, 0.000000000000000000, 0.000000000000000000 ) ) ;
#8426 = CARTESIAN_POINT ( 'NONE',  ( -16.47939620402574690, -8.213497014787712658, 2.286000000000000032 ) ) ;
#8427 = CARTESIAN_POINT ( 'NONE',  ( -0.8638577348518217125, -0.8638577348518301502, 15.75000000000000000 ) ) ;
#8428 = PLANE ( 'NONE',  #7637 ) ;
#8429 = EDGE_CURVE ( 'NONE', #6036, #2764, #5197, .T. ) ;
#8430 = DIRECTION ( 'NONE',  ( 1.000000000000000000, 0.000000000000000000, 0.000000000000000000 ) ) ;
#8431 = ORIENTED_EDGE ( 'NONE', *, *, #2639, .T. ) ;
#8432 = ORIENTED_EDGE ( 'NONE', *, *, #8508, .T. ) ;
#8433 = VERTEX_POINT ( 'NONE', #7993 ) ;
#8434 = EDGE_CURVE ( 'NONE', #5612, #5290, #7330, .T. ) ;
#8436 = EDGE_CURVE ( 'NONE', #7850, #7499, #4650, .T. ) ;
#8435 = ADVANCED_FACE ( 'NONE', ( #7193 ), #3801, .T. ) ;
#8437 = ORIENTED_EDGE ( 'NONE', *, *, #5087, .F. ) ;
#8438 = CARTESIAN_POINT ( 'NONE',  ( 4.341914580254019107, 14.56666666666667176, 3.049999999999999822 ) ) ;
#8439 = ORIENTED_EDGE ( 'NONE', *, *, #7291, .T. ) ;
#8440 = CARTESIAN_POINT ( 'NONE',  ( 10.24994121339577724, -7.498580207074583726, 15.75000000000000000 ) ) ;
#8441 = CARTESIAN_POINT ( 'NONE',  ( 12.03530071934202006, 9.283939713020835427, 15.75000000000000000 ) ) ;
#8442 = CARTESIAN_POINT ( 'NONE',  ( -14.91623517531649412, 2.923341956503026307, 1.000000000000000000 ) ) ;
#8443 = DIRECTION ( 'NONE',  ( -1.000000000000000000, 0.000000000000000000, 0.000000000000000000 ) ) ;
#8444 = EDGE_CURVE ( 'NONE', #7723, #864, #4543, .T. ) ;
#8445 = ORIENTED_EDGE ( 'NONE', *, *, #2802, .T. ) ;
#8446 = DIRECTION ( 'NONE',  ( -0.000000000000000000, -0.000000000000000000, -1.000000000000000000 ) ) ;
#8447 = VERTEX_POINT ( 'NONE', #7282 ) ;
#8448 = VERTEX_POINT ( 'NONE', #3701 ) ;
#8449 = DIRECTION ( 'NONE',  ( 0.7071067811865474617, 0.7071067811865474617, 0.000000000000000000 ) ) ;
#8450 = ORIENTED_EDGE ( 'NONE', *, *, #3143, .T. ) ;
#8451 = ORIENTED_EDGE ( 'NONE', *, *, #4686, .T. ) ;
#8452 = CARTESIAN_POINT ( 'NONE',  ( 14.55710678118654933, -11.54999999999999893, 2.286000000000000032 ) ) ;
#8453 = CARTESIAN_POINT ( 'NONE',  ( 16.47939620402574334, 8.213497014787719763, 2.286000000000000032 ) ) ;
#8454 = LINE ( 'NONE', #33, #1416 ) ;
#8455 = DIRECTION ( 'NONE',  ( 0.000000000000000000, 0.000000000000000000, 1.000000000000000000 ) ) ;
#8456 = CARTESIAN_POINT ( 'NONE',  ( -10.47393927217179055, 8.746223802468016117, 15.75000000000000000 ) ) ;
#8457 = CARTESIAN_POINT ( 'NONE',  ( -12.69999999999999929, 0.000000000000000000, 3.049999999999999822 ) ) ;
#8458 = EDGE_CURVE ( 'NONE', #1221, #8579, #5750, .T. ) ;
#8459 = DIRECTION ( 'NONE',  ( -0.000000000000000000, -0.000000000000000000, -1.000000000000000000 ) ) ;
#8460 = VERTEX_POINT ( 'NONE', #5051 ) ;
#8461 = CARTESIAN_POINT ( 'NONE',  ( -10.42320471966389839, -7.256512541649905224, 9.023542246728505134 ) ) ;
#8462 = ORIENTED_EDGE ( 'NONE', *, *, #144, .F. ) ;
#8463 = CARTESIAN_POINT ( 'NONE',  ( -19.05000000000001137, 6.349999999999999645, 1.000000000000000000 ) ) ;
#8464 = ORIENTED_EDGE ( 'NONE', *, *, #3175, .T. ) ;
#8465 = DIRECTION ( 'NONE',  ( 0.7071067811865474617, 0.7071067811865476838, -0.000000000000000000 ) ) ;
#8466 = CARTESIAN_POINT ( 'NONE',  ( -20.18137084989848873, 4.511522368914975267, -2.286000000000000032 ) ) ;
#8467 = CARTESIAN_POINT ( 'NONE',  ( 13.05355339059328657, 0.3535533905932699006, 1.000000000000000000 ) ) ;
#8468 = CARTESIAN_POINT ( 'NONE',  ( 19.05000000000001137, -6.349999999999999645, 1.000000000000000000 ) ) ;
#8469 = PLANE ( 'NONE',  #1818 ) ;
#8470 = AXIS2_PLACEMENT_3D ( 'NONE', #5667, #4920, #695 ) ;
#8471 = CARTESIAN_POINT ( 'NONE',  ( 7.341271514852240720, 10.33092136583374199, 11.89081495460110993 ) ) ;
#8472 = EDGE_LOOP ( 'NONE', ( #393, #3520 ) ) ;
#8473 = APPROVAL ( #1504, 'UNSPECIFIED' ) ;
#8474 = ORIENTED_EDGE ( 'NONE', *, *, #1626, .T. ) ;
#8475 = EDGE_LOOP ( 'NONE', ( #2841, #7687, #3921, #4653, #4205, #6909, #4547, #3799, #4289, #1816, #1633, #726, #8761, #8603, #5081, #3676, #5505, #4473 ) ) ;
#8476 = CARTESIAN_POINT ( 'NONE',  ( 8.575400865265708106, -12.55000000000000604, 1.000000000000000000 ) ) ;
#8477 = EDGE_LOOP ( 'NONE', ( #7851, #2452, #8549, #6028 ) ) ;
#8478 = CYLINDRICAL_SURFACE ( 'NONE', #4044, 8.000000000000000000 ) ;
#8479 = EDGE_LOOP ( 'NONE', ( #9013, #5364, #2074, #5122 ) ) ;
#8480 = ADVANCED_FACE ( 'NONE', ( #5795 ), #2397, .T. ) ;
#8481 = CARTESIAN_POINT ( 'NONE',  ( -9.881168959186963363, -11.55000000000000071, 1.000000000000000000 ) ) ;
#8483 = EDGE_CURVE ( 'NONE', #2243, #545, #8083, .T. ) ;
#8482 = EDGE_CURVE ( 'NONE', #2042, #8211, #7384, .T. ) ;
#8484 = DIRECTION ( 'NONE',  ( 0.000000000000000000, 0.000000000000000000, 1.000000000000000000 ) ) ;
#8485 = DIRECTION ( 'NONE',  ( 0.000000000000000000, 0.000000000000000000, 1.000000000000000000 ) ) ;
#8486 = DIRECTION ( 'NONE',  ( 0.000000000000000000, 0.000000000000000000, 1.000000000000000000 ) ) ;
#8487 = EDGE_LOOP ( 'NONE', ( #8143, #2244, #4204, #1091, #1675 ) ) ;
#8488 = FACE_OUTER_BOUND ( 'NONE', #2416, .T. ) ;
#8489 = ORIENTED_EDGE ( 'NONE', *, *, #3433, .T. ) ;
#8490 = ORIENTED_EDGE ( 'NONE', *, *, #940, .F. ) ;
#8491 = VECTOR ( 'NONE', #206, 999.9999999999998863 ) ;
#8492 = DIRECTION ( 'NONE',  ( -0.7071067811865472397, -0.7071067811865479058, 0.000000000000000000 ) ) ;
#8494 = EDGE_CURVE ( 'NONE', #4447, #4773, #8734, .T. ) ;
#8493 = EDGE_CURVE ( 'NONE', #2330, #567, #791, .T. ) ;
#8495 = VERTEX_POINT ( 'NONE', #8635 ) ;
#8496 = ORIENTED_EDGE ( 'NONE', *, *, #6469, .F. ) ;
#8497 = DIRECTION ( 'NONE',  ( -0.000000000000000000, -0.000000000000000000, -1.000000000000000000 ) ) ;
#8498 = CARTESIAN_POINT ( 'NONE',  ( 0.000000000000000000, 0.000000000000000000, 15.75000000000000000 ) ) ;
#8499 = FACE_OUTER_BOUND ( 'NONE', #3440, .T. ) ;
#8500 = CARTESIAN_POINT ( 'NONE',  ( -19.05000000000001137, 6.349999999999999645, -1.000000000000000000 ) ) ;
#8501 = CARTESIAN_POINT ( 'NONE',  ( 12.68363609346453202, 8.377669298578974022, 3.328432456780557214 ) ) ;
#8502 = CARTESIAN_POINT ( 'NONE',  ( 0.000000000000000000, 0.000000000000000000, 3.049999999999999822 ) ) ;
#8503 = AXIS2_PLACEMENT_3D ( 'NONE', #2052, #4930, #8520 ) ;
#8504 = AXIS2_PLACEMENT_3D ( 'NONE', #3092, #4529, #8897 ) ;
#8505 = CARTESIAN_POINT ( 'NONE',  ( -17.18650298521229303, -3.779396204025740058, 1.000000000000000000 ) ) ;
#8506 = ORIENTED_EDGE ( 'NONE', *, *, #4846, .T. ) ;
#8507 = CARTESIAN_POINT ( 'NONE',  ( -21.62060379597427229, -8.213497014787716211, 2.286000000000000032 ) ) ;
#8508 = EDGE_CURVE ( 'NONE', #4357, #6800, #2258, .T. ) ;
#8509 = VERTEX_POINT ( 'NONE', #1570 ) ;
#8510 = CC_DESIGN_APPROVAL ( #8473, ( #680 ) ) ;
#8511 = LINE ( 'NONE', #4982, #8974 ) ;
#8512 = AXIS2_PLACEMENT_3D ( 'NONE', #5007, #8354, #2814 ) ;
#8513 = ORIENTED_EDGE ( 'NONE', *, *, #8198, .F. ) ;
#8514 = DIRECTION ( 'NONE',  ( 0.7071067811865475727, -0.7071067811865475727, 0.000000000000000000 ) ) ;
#8515 = FACE_OUTER_BOUND ( 'NONE', #6387, .T. ) ;
#8516 = VECTOR ( 'NONE', #8492, 1000.000000000000000 ) ;
#8517 = DIRECTION ( 'NONE',  ( 0.000000000000000000, 0.000000000000000000, 1.000000000000000000 ) ) ;
#8518 = CARTESIAN_POINT ( 'NONE',  ( -14.91623517531649412, -2.923341956503026307, 3.049999999999999822 ) ) ;
#8519 = VECTOR ( 'NONE', #7165, 1000.000000000000000 ) ;
#8520 = DIRECTION ( 'NONE',  ( 1.000000000000000000, 0.000000000000000000, 0.000000000000000000 ) ) ;
#8521 = AXIS2_PLACEMENT_3D ( 'NONE', #8915, #5206, #6656 ) ;
#8522 = VECTOR ( 'NONE', #1314, 1000.000000000000000 ) ;
#8523 = DIRECTION ( 'NONE',  ( -1.000000000000000000, 0.000000000000000000, 0.000000000000000000 ) ) ;
#8524 = CARTESIAN_POINT ( 'NONE',  ( 5.929780400498404269, -11.23237096883249997, 3.049999999999999822 ) ) ;
#8525 = ORIENTED_EDGE ( 'NONE', *, *, #3781, .T. ) ;
#8526 = VERTEX_POINT ( 'NONE', #7240 ) ;
#8527 = ORIENTED_EDGE ( 'NONE', *, *, #5280, .F. ) ;
#8528 = VECTOR ( 'NONE', #8928, 1000.000000000000000 ) ;
#8529 = CONICAL_SURFACE ( 'NONE', #8386, 11.85355339059327662, 0.7853981633974531640 ) ;
#8530 = VECTOR ( 'NONE', #2589, 1000.000000000000000 ) ;
#8531 = DIRECTION ( 'NONE',  ( -0.000000000000000000, -0.000000000000000000, 1.000000000000000000 ) ) ;
#8532 = VERTEX_POINT ( 'NONE', #863 ) ;
#8533 = DIRECTION ( 'NONE',  ( -0.7071067811865531239, -0.7071067811865420216, 0.000000000000000000 ) ) ;
#8534 = VERTEX_POINT ( 'NONE', #5901 ) ;
#8535 = AXIS2_PLACEMENT_3D ( 'NONE', #2670, #1182, #6859 ) ;
#8536 = FACE_OUTER_BOUND ( 'NONE', #716, .T. ) ;
#8537 = CARTESIAN_POINT ( 'NONE',  ( -25.25000000000001066, 1.131370849898481579, -3.049999999999999822 ) ) ;
#8538 = CARTESIAN_POINT ( 'NONE',  ( -14.91623517531649412, 2.923341956503026307, 2.286000000000000032 ) ) ;
#8539 = CARTESIAN_POINT ( 'NONE',  ( 20.88847763108503841, -7.481370849898481445, 2.286000000000000032 ) ) ;
#8540 = VECTOR ( 'NONE', #7233, 1000.000000000000000 ) ;
#8541 = VECTOR ( 'NONE', #914, 1000.000000000000000 ) ;
#8542 = EDGE_CURVE ( 'NONE', #1353, #3314, #8223, .T. ) ;
#8543 = ADVANCED_FACE ( 'NONE', ( #5846 ), #2357, .T. ) ;
#8544 = VERTEX_POINT ( 'NONE', #4718 ) ;
#8545 = CARTESIAN_POINT ( 'NONE',  ( 22.35636464127575707, -10.36347142246229502, 3.049999999999999822 ) ) ;
#8546 = EDGE_LOOP ( 'NONE', ( #4856, #4977, #7557, #805, #2957, #283, #2242, #6436, #3611, #4706, #5401, #4422, #2141, #5879, #8805, #5460, #6410, #4431 ) ) ;
#8547 = VERTEX_POINT ( 'NONE', #3193 ) ;
#8548 = LINE ( 'NONE', #8593, #8516 ) ;
#8549 = ORIENTED_EDGE ( 'NONE', *, *, #8274, .F. ) ;
#8550 = AXIS2_PLACEMENT_3D ( 'NONE', #7667, #8236, #1196 ) ;
#8551 = ORIENTED_EDGE ( 'NONE', *, *, #6739, .F. ) ;
#8552 = DIRECTION ( 'NONE',  ( -1.000000000000000000, 0.000000000000000000, 0.000000000000000000 ) ) ;
#8553 = DIRECTION ( 'NONE',  ( 1.000000000000000000, 0.000000000000000000, 0.000000000000000000 ) ) ;
#8554 = DIRECTION ( 'NONE',  ( 0.000000000000000000, -0.000000000000000000, -1.000000000000000000 ) ) ;
#8555 = CARTESIAN_POINT ( 'NONE',  ( 12.36528292158590858, -8.840045416445590831, 4.098298426292187102 ) ) ;
#8556 = DIRECTION ( 'NONE',  ( 0.7071067811865474617, 0.7071067811865474617, -0.000000000000000000 ) ) ;
#8557 = VECTOR ( 'NONE', #1672, 1000.000000000000000 ) ;
#8558 = ADVANCED_FACE ( 'NONE', ( #1789 ), #6855, .T. ) ;
#8560 = EDGE_CURVE ( 'NONE', #8126, #2678, #4191, .T. ) ;
#8559 = EDGE_CURVE ( 'NONE', #7318, #2632, #7466, .T. ) ;
#8561 = AXIS2_PLACEMENT_3D ( 'NONE', #7270, #5138, #8857 ) ;
#8562 = CARTESIAN_POINT ( 'NONE',  ( -17.18650298521229658, 8.920603795974260564, 1.000000000000000000 ) ) ;
#8563 = VERTEX_POINT ( 'NONE', #1752 ) ;
#8564 = CARTESIAN_POINT ( 'NONE',  ( -19.05000000000001137, -6.349999999999999645, -2.286000000000000032 ) ) ;
#8565 = ORIENTED_EDGE ( 'NONE', *, *, #6348, .T. ) ;
#8566 = CARTESIAN_POINT ( 'NONE',  ( 14.91623517531649412, -2.923341956503026307, 2.286000000000000032 ) ) ;
#8567 = ORIENTED_EDGE ( 'NONE', *, *, #3540, .T. ) ;
#8568 = FACE_OUTER_BOUND ( 'NONE', #1574, .T. ) ;
#8569 = LINE ( 'NONE', #8466, #2319 ) ;
#8570 = VECTOR ( 'NONE', #1442, 1000.000000000000000 ) ;
#8571 = CARTESIAN_POINT ( 'NONE',  ( -20.91349701478772616, 8.920603795974260564, 2.286000000000000032 ) ) ;
#8572 = DIRECTION ( 'NONE',  ( 1.000000000000000000, 0.000000000000000000, 0.000000000000000000 ) ) ;
#8573 = ADVANCED_FACE ( 'NONE', ( #1138 ), #1886, .T. ) ;
#8574 = CARTESIAN_POINT ( 'NONE',  ( -16.47939620402574690, -4.486502985212284855, 2.286000000000000032 ) ) ;
#8575 = CIRCLE ( 'NONE', #2024, 2.100000000000008082 ) ;
#8576 = CARTESIAN_POINT ( 'NONE',  ( 20.91349701478772971, -3.779396204025732953, 2.286000000000000032 ) ) ;
#8577 = ORIENTED_EDGE ( 'NONE', *, *, #5250, .T. ) ;
#8578 = ORIENTED_EDGE ( 'NONE', *, *, #1665, .F. ) ;
#8579 = VERTEX_POINT ( 'NONE', #5420 ) ;
#8580 = ORIENTED_EDGE ( 'NONE', *, *, #5221, .F. ) ;
#8581 = CARTESIAN_POINT ( 'NONE',  ( -21.62060379597427229, 4.486502985212285743, 2.286000000000000032 ) ) ;
#8582 = DIRECTION ( 'NONE',  ( -0.000000000000000000, -0.000000000000000000, -1.000000000000000000 ) ) ;
#8583 = VERTEX_POINT ( 'NONE', #4759 ) ;
#8584 = EDGE_LOOP ( 'NONE', ( #1924, #7932, #3679, #2570 ) ) ;
#8585 = CARTESIAN_POINT ( 'NONE',  ( 0.000000000000000000, 0.000000000000000000, 3.049999999999999822 ) ) ;
#8586 = FACE_OUTER_BOUND ( 'NONE', #4391, .T. ) ;
#8587 = FACE_OUTER_BOUND ( 'NONE', #2759, .T. ) ;
#8588 = CARTESIAN_POINT ( 'NONE',  ( -24.11862915010152975, 0.000000000000000000, -3.049999999999999822 ) ) ;
#8589 = EDGE_LOOP ( 'NONE', ( #9109, #6970, #4459, #1448, #766, #8813, #3185, #4074, #6345, #3628, #7418, #5465, #4922, #7517, #3737, #5891 ) ) ;
#8590 = CARTESIAN_POINT ( 'NONE',  ( -17.91862915010153401, 8.188477631085024910, 2.286000000000000032 ) ) ;
#8591 = ORIENTED_EDGE ( 'NONE', *, *, #6740, .F. ) ;
#8592 = ORIENTED_EDGE ( 'NONE', *, *, #4000, .T. ) ;
#8593 = CARTESIAN_POINT ( 'NONE',  ( -22.70441558772843393, 1.287490079826536515E-15, -2.286000000000000032 ) ) ;
#8594 = EDGE_LOOP ( 'NONE', ( #8941, #1571, #3174, #3449 ) ) ;
#8595 = ORIENTED_EDGE ( 'NONE', *, *, #9116, .F. ) ;
#8596 = LINE ( 'NONE', #2219, #231 ) ;
#8597 = ADVANCED_FACE ( 'NONE', ( #1043 ), #8264, .F. ) ;
#8598 = CARTESIAN_POINT ( 'NONE',  ( 14.55710678118654933, -11.54999999999999893, 3.049999999999999822 ) ) ;
#8599 = PLANE ( 'NONE',  #6920 ) ;
#8600 = CARTESIAN_POINT ( 'NONE',  ( 12.96828766779717590, -7.930719154898211443, 3.084988928164310362 ) ) ;
#8601 = CARTESIAN_POINT ( 'NONE',  ( -17.91862915010153401, -8.188477631085023134, 2.286000000000000032 ) ) ;
#8602 = LINE ( 'NONE', #1384, #482 ) ;
#8603 = ORIENTED_EDGE ( 'NONE', *, *, #5536, .F. ) ;
#8604 = DIRECTION ( 'NONE',  ( 0.7071067811865471286, 0.7071067811865479058, 0.000000000000000000 ) ) ;
#8605 = ORIENTED_EDGE ( 'NONE', *, *, #425, .T. ) ;
#8606 = DIRECTION ( 'NONE',  ( 0.7071067811865482389, -0.7071067811865469066, 0.000000000000000000 ) ) ;
#8607 = EDGE_CURVE ( 'NONE', #273, #961, #7179, .T. ) ;
#8608 = ORIENTED_EDGE ( 'NONE', *, *, #267, .F. ) ;
#8610 = EDGE_CURVE ( 'NONE', #3409, #7176, #4675, .T. ) ;
#8609 = EDGE_CURVE ( 'NONE', #3107, #8495, #4585, .T. ) ;
#8611 = CARTESIAN_POINT ( 'NONE',  ( -24.25000000000001066, -6.349999999999998757, -3.049999999999999822 ) ) ;
#8612 = CARTESIAN_POINT ( 'NONE',  ( -22.22500000000001208, 6.349999999999999645, 2.286000000000000032 ) ) ;
#8613 = CARTESIAN_POINT ( 'NONE',  ( -17.91862915010153401, -4.511522368914974379, -2.286000000000000032 ) ) ;
#8614 = DIRECTION ( 'NONE',  ( -0.000000000000000000, -0.000000000000000000, -1.000000000000000000 ) ) ;
#8615 = DIRECTION ( 'NONE',  ( -0.000000000000000000, -0.000000000000000000, -1.000000000000000000 ) ) ;
#8616 = LINE ( 'NONE', #5820, #4660 ) ;
#8617 = ORIENTED_EDGE ( 'NONE', *, *, #3547, .F. ) ;
#8618 = ORIENTED_EDGE ( 'NONE', *, *, #2516, .F. ) ;
#8619 = AXIS2_PLACEMENT_3D ( 'NONE', #3437, #9160, #4837 ) ;
#8620 = ORIENTED_EDGE ( 'NONE', *, *, #1271, .T. ) ;
#8622 = EDGE_CURVE ( 'NONE', #7579, #1555, #1979, .T. ) ;
#8621 = ADVANCED_FACE ( 'NONE', ( #8907 ), #2451, .F. ) ;
#8623 = ORIENTED_EDGE ( 'NONE', *, *, #4048, .F. ) ;
#8624 = FACE_OUTER_BOUND ( 'NONE', #3451, .T. ) ;
#8625 = DIRECTION ( 'NONE',  ( -0.000000000000000000, -0.000000000000000000, -1.000000000000000000 ) ) ;
#8626 = VERTEX_POINT ( 'NONE', #2631 ) ;
#8627 = COORDINATED_UNIVERSAL_TIME_OFFSET ( 6, 0, .BEHIND. ) ;
#8628 = ORIENTED_EDGE ( 'NONE', *, *, #8047, .F. ) ;
#8629 = DIRECTION ( 'NONE',  ( 0.000000000000000000, 0.000000000000000000, 1.000000000000000000 ) ) ;
#8630 = EDGE_CURVE ( 'NONE', #3206, #2017, #3144, .T. ) ;
#8631 = DIRECTION ( 'NONE',  ( -0.000000000000000000, -0.000000000000000000, -1.000000000000000000 ) ) ;
#8632 = CARTESIAN_POINT ( 'NONE',  ( 8.605724036130173005, 12.52935589358519941, 3.596007646933542468 ) ) ;
#8633 = PLANE ( 'NONE',  #4054 ) ;
#8634 = ORIENTED_EDGE ( 'NONE', *, *, #8607, .T. ) ;
#8635 = CARTESIAN_POINT ( 'NONE',  ( 24.25000000000001066, 1.857106781186553146, -2.286000000000000032 ) ) ;
#8636 = ORIENTED_EDGE ( 'NONE', *, *, #7739, .T. ) ;
#8637 = ORIENTED_EDGE ( 'NONE', *, *, #8944, .T. ) ;
#8638 = CARTESIAN_POINT ( 'NONE',  ( 12.33241833471673132, 8.885463297855812570, 4.484570918952004881 ) ) ;
#8639 = VERTEX_POINT ( 'NONE', #3880 ) ;
#8640 = ORIENTED_EDGE ( 'NONE', *, *, #5195, .F. ) ;
#8641 = AXIS2_PLACEMENT_3D ( 'NONE', #702, #8517, #4276 ) ;
#8642 = CARTESIAN_POINT ( 'NONE',  ( 19.05000000000001137, 6.349999999999999645, -2.286000000000000032 ) ) ;
#8643 = DIRECTION ( 'NONE',  ( 0.000000000000000000, -1.000000000000000000, 0.000000000000000000 ) ) ;
#8644 = PLANE ( 'NONE',  #1543 ) ;
#8645 = DIRECTION ( 'NONE',  ( 1.000000000000000000, 0.000000000000000000, 0.000000000000000000 ) ) ;
#8646 = AXIS2_PLACEMENT_3D ( 'NONE', #8201, #1307, #3404 ) ;
#8647 = CC_DESIGN_PERSON_AND_ORGANIZATION_ASSIGNMENT ( #5890, #8863, ( #1686 ) ) ;
#8648 = LINE ( 'NONE', #280, #1364 ) ;
#8649 = VERTEX_POINT ( 'NONE', #351 ) ;
#8650 = CARTESIAN_POINT ( 'NONE',  ( 10.00446747355705490, -11.44336622548361859, 4.049999999999999822 ) ) ;
#8651 = EDGE_LOOP ( 'NONE', ( #2364, #8789, #711, #5914 ) ) ;
#8652 = DIRECTION ( 'NONE',  ( -0.000000000000000000, -0.000000000000000000, -1.000000000000000000 ) ) ;
#8653 = ORIENTED_EDGE ( 'NONE', *, *, #2191, .T. ) ;
#8654 = DIRECTION ( 'NONE',  ( 0.000000000000000000, -1.000000000000000000, 0.000000000000000000 ) ) ;
#8655 = VECTOR ( 'NONE', #5314, 1000.000000000000000 ) ;
#8656 = CARTESIAN_POINT ( 'NONE',  ( -19.05000000000001137, -11.54999999999999893, 1.000000000000000000 ) ) ;
#8657 = CARTESIAN_POINT ( 'NONE',  ( -19.40355339059328443, 6.703553390593272709, 1.000000000000000000 ) ) ;
#8658 = AXIS2_PLACEMENT_3D ( 'NONE', #5853, #4451, #2635 ) ;
#8659 = EDGE_CURVE ( 'NONE', #5502, #7967, #1085, .T. ) ;
#8660 = ADVANCED_FACE ( 'NONE', ( #2579 ), #8305, .T. ) ;
#8661 = LINE ( 'NONE', #2285, #7606 ) ;
#8662 = VECTOR ( 'NONE', #5580, 999.9999999999998863 ) ;
#8663 = CARTESIAN_POINT ( 'NONE',  ( 19.05000000000001137, 6.349999999999999645, 2.286000000000000032 ) ) ;
#8664 = ORIENTED_EDGE ( 'NONE', *, *, #3658, .F. ) ;
#8665 = ORIENTED_EDGE ( 'NONE', *, *, #5209, .F. ) ;
#8666 = CIRCLE ( 'NONE', #2271, 3.175000000000000711 ) ;
#8667 = ORIENTED_EDGE ( 'NONE', *, *, #6572, .F. ) ;
#8668 = DIRECTION ( 'NONE',  ( 0.000000000000000000, 0.000000000000000000, -1.000000000000000000 ) ) ;
#8669 = CARTESIAN_POINT ( 'NONE',  ( 17.21152236891498788, 7.481370849898475228, -2.286000000000000032 ) ) ;
#8670 = AXIS2_PLACEMENT_3D ( 'NONE', #9144, #4957, #6396 ) ;
#8671 = VECTOR ( 'NONE', #493, 1000.000000000000000 ) ;
#8672 = EDGE_CURVE ( 'NONE', #754, #6981, #6727, .T. ) ;
#8674 = EDGE_CURVE ( 'NONE', #4836, #5656, #6141, .T. ) ;
#8673 = EDGE_CURVE ( 'NONE', #5812, #7241, #5551, .T. ) ;
#8675 = CARTESIAN_POINT ( 'NONE',  ( -6.098899953120922035, 11.14122073372837995, 3.084225627802475334 ) ) ;
#8676 = ORIENTED_EDGE ( 'NONE', *, *, #1896, .T. ) ;
#8677 = ORIENTED_EDGE ( 'NONE', *, *, #2516, .T. ) ;
#8678 = AXIS2_PLACEMENT_3D ( 'NONE', #2383, #2429, #3728 ) ;
#8679 = CARTESIAN_POINT ( 'NONE',  ( 24.25000000000001066, -6.350000000000000533, 3.049999999999999822 ) ) ;
#8680 = ORIENTED_EDGE ( 'NONE', *, *, #5823, .F. ) ;
#8681 = AXIS2_PLACEMENT_3D ( 'NONE', #6392, #3699, #4252 ) ;
#8682 = DIRECTION ( 'NONE',  ( -1.000000000000000000, 0.000000000000000000, 0.000000000000000000 ) ) ;
#8683 = CIRCLE ( 'NONE', #3328, 8.000000000000000000 ) ;
#8684 = CARTESIAN_POINT ( 'NONE',  ( 10.24994121339577724, -7.498580207074583726, 15.75000000000000000 ) ) ;
#8685 = CARTESIAN_POINT ( 'NONE',  ( 24.25000000000001066, 1.857106781186553146, -1.000000000000000000 ) ) ;
#8686 = EDGE_CURVE ( 'NONE', #110, #1835, #7830, .T. ) ;
#8687 = VECTOR ( 'NONE', #2466, 999.9999999999998863 ) ;
#8688 = VERTEX_POINT ( 'NONE', #6423 ) ;
#8689 = AXIS2_PLACEMENT_3D ( 'NONE', #4611, #6203, #7455 ) ;
#8690 = DIRECTION ( 'NONE',  ( 1.000000000000000000, 0.000000000000000000, -0.000000000000000000 ) ) ;
#8691 = ORIENTED_EDGE ( 'NONE', *, *, #2241, .T. ) ;
#8692 = VERTEX_POINT ( 'NONE', #2 ) ;
#8693 = CARTESIAN_POINT ( 'NONE',  ( -6.896730010323596005, -9.697516450994360326, 14.94953492838987685 ) ) ;
#8694 = ORIENTED_EDGE ( 'NONE', *, *, #3592, .F. ) ;
#8695 = CARTESIAN_POINT ( 'NONE',  ( 7.598307058890007681, -13.16456341238940908, 3.049999999999999822 ) ) ;
#8696 = CARTESIAN_POINT ( 'NONE',  ( -17.91862915010153401, -4.511522368914974379, 2.286000000000000032 ) ) ;
#8697 = DIRECTION ( 'NONE',  ( -0.000000000000000000, -0.000000000000000000, -1.000000000000000000 ) ) ;
#8698 = FACE_OUTER_BOUND ( 'NONE', #8980, .T. ) ;
#8699 = VECTOR ( 'NONE', #6458, 1000.000000000000114 ) ;
#8700 = VECTOR ( 'NONE', #1252, 1000.000000000000000 ) ;
#8701 = DIRECTION ( 'NONE',  ( 0.000000000000000000, -0.000000000000000000, -1.000000000000000000 ) ) ;
#8702 = FACE_OUTER_BOUND ( 'NONE', #5726, .T. ) ;
#8703 = VERTEX_POINT ( 'NONE', #5079 ) ;
#8704 = VECTOR ( 'NONE', #650, 1000.000000000000000 ) ;
#8705 = CARTESIAN_POINT ( 'NONE',  ( 0.8638577348518092780, -0.8638577348518219345, 15.75000000000000000 ) ) ;
#8706 = ORIENTED_EDGE ( 'NONE', *, *, #5808, .T. ) ;
#8707 = CARTESIAN_POINT ( 'NONE',  ( 21.62060379597427584, -8.213497014787721540, 2.286000000000000032 ) ) ;
#8708 = VERTEX_POINT ( 'NONE', #706 ) ;
#8709 = FACE_OUTER_BOUND ( 'NONE', #5570, .T. ) ;
#8710 = DIRECTION ( 'NONE',  ( -1.000000000000000000, 0.000000000000000000, 0.000000000000000000 ) ) ;
#8711 = DIRECTION ( 'NONE',  ( 0.7071067811865470176, 0.7071067811865479058, -0.000000000000000000 ) ) ;
#8712 = CARTESIAN_POINT ( 'NONE',  ( 24.25000000000001066, 1.545584412271583163, 2.286000000000000032 ) ) ;
#8713 = AXIS2_PLACEMENT_3D ( 'NONE', #1991, #4123, #4081 ) ;
#8714 = CARTESIAN_POINT ( 'NONE',  ( 0.000000000000000000, 0.000000000000000000, 14.55000000000000782 ) ) ;
#8715 = DIRECTION ( 'NONE',  ( -1.000000000000000000, 0.000000000000000000, 0.000000000000000000 ) ) ;
#8716 = VERTEX_POINT ( 'NONE', #4324 ) ;
#8717 = ORIENTED_EDGE ( 'NONE', *, *, #5600, .T. ) ;
#8718 = VECTOR ( 'NONE', #7069, 1000.000000000000000 ) ;
#8719 = EDGE_LOOP ( 'NONE', ( #8920, #5653, #8513, #6498 ) ) ;
#8720 = LINE ( 'NONE', #5881, #3219 ) ;
#8721 = EDGE_CURVE ( 'NONE', #7677, #4614, #56, .T. ) ;
#8722 = CARTESIAN_POINT ( 'NONE',  ( -10.00446747355705668, 11.44336622548362392, 4.049999999999999822 ) ) ;
#8723 = DIRECTION ( 'NONE',  ( -1.000000000000000000, 0.000000000000000000, 0.000000000000000000 ) ) ;
#8724 = ORIENTED_EDGE ( 'NONE', *, *, #6497, .F. ) ;
#8725 = ORIENTED_EDGE ( 'NONE', *, *, #982, .F. ) ;
#8726 = FACE_OUTER_BOUND ( 'NONE', #3805, .T. ) ;
#8727 = DIRECTION ( 'NONE',  ( -0.000000000000000000, -0.000000000000000000, -1.000000000000000000 ) ) ;
#8728 = EDGE_CURVE ( 'NONE', #7499, #4173, #1447, .T. ) ;
#8730 = EDGE_CURVE ( 'NONE', #2300, #7176, #8188, .T. ) ;
#8729 = EDGE_CURVE ( 'NONE', #745, #6131, #7119, .T. ) ;
#8731 = CARTESIAN_POINT ( 'NONE',  ( 15.87500000000000355, -6.349999999999999645, -1.000000000000000000 ) ) ;
#8732 = CARTESIAN_POINT ( 'NONE',  ( -17.18650298521229303, -8.920603795974260564, -2.286000000000000032 ) ) ;
#8733 = ORIENTED_EDGE ( 'NONE', *, *, #2757, .F. ) ;
#8734 = LINE ( 'NONE', #8035, #6004 ) ;
#8735 = VERTEX_POINT ( 'NONE', #6479 ) ;
#8736 = ORIENTED_EDGE ( 'NONE', *, *, #8730, .T. ) ;
#8737 = CARTESIAN_POINT ( 'NONE',  ( 11.44336622548373050, -10.00446747355692523, 4.049999999999999822 ) ) ;
#8738 = ORIENTED_EDGE ( 'NONE', *, *, #6393, .T. ) ;
#8739 = DIRECTION ( 'NONE',  ( -0.7071067811865482389, 0.7071067811865469066, 0.000000000000000000 ) ) ;
#8741 = ADVANCED_FACE ( 'NONE', ( #4382 ), #2149, .T. ) ;
#8740 = EDGE_CURVE ( 'NONE', #6651, #6085, #2839, .T. ) ;
#8742 = CARTESIAN_POINT ( 'NONE',  ( 17.21152236891498788, 7.481370849898475228, -2.286000000000000032 ) ) ;
#8743 = CARTESIAN_POINT ( 'NONE',  ( -7.036051717019504714, -10.57281960538447585, 4.102871481124305220 ) ) ;
#8744 = DIRECTION ( 'NONE',  ( -0.000000000000000000, -0.000000000000000000, -1.000000000000000000 ) ) ;
#8745 = DIRECTION ( 'NONE',  ( -0.7071067811865479058, 0.7071067811865472397, 0.000000000000000000 ) ) ;
#8746 = LINE ( 'NONE', #234, #6280 ) ;
#8747 = ORIENTED_EDGE ( 'NONE', *, *, #5732, .F. ) ;
#8748 = DIRECTION ( 'NONE',  ( 0.000000000000000000, 0.000000000000000000, -1.000000000000000000 ) ) ;
#8749 = ORIENTED_EDGE ( 'NONE', *, *, #6012, .F. ) ;
#8750 = CARTESIAN_POINT ( 'NONE',  ( 12.34644660940673688, -0.3535533905932681797, -1.000000000000000000 ) ) ;
#8751 = ORIENTED_EDGE ( 'NONE', *, *, #7835, .F. ) ;
#8752 = EDGE_CURVE ( 'NONE', #7531, #4879, #2944, .T. ) ;
#8753 = DIRECTION ( 'NONE',  ( 1.000000000000000000, 0.000000000000000000, 0.000000000000000000 ) ) ;
#8754 = DIRECTION ( 'NONE',  ( 0.000000000000000000, 0.000000000000000000, 1.000000000000000000 ) ) ;
#8755 = CARTESIAN_POINT ( 'NONE',  ( -4.341914580254017331, 14.56666666666667354, 3.049999999999999822 ) ) ;
#8756 = CARTESIAN_POINT ( 'NONE',  ( -8.575400865265715211, -12.55000000000000071, 3.049999999999999822 ) ) ;
#8757 = DIRECTION ( 'NONE',  ( 1.000000000000000000, 0.000000000000000000, -0.000000000000000000 ) ) ;
#8758 = LINE ( 'NONE', #4428, #642 ) ;
#8759 = CARTESIAN_POINT ( 'NONE',  ( -10.33092136583382015, 7.341271514852127922, 11.89081495460114368 ) ) ;
#8760 = EDGE_LOOP ( 'NONE', ( #5932, #2055, #4171, #210, #4, #5405 ) ) ;
#8761 = ORIENTED_EDGE ( 'NONE', *, *, #2689, .T. ) ;
#8762 = CARTESIAN_POINT ( 'NONE',  ( 19.05000000000001137, -6.349999999999999645, 1.000000000000000000 ) ) ;
#8763 = CARTESIAN_POINT ( 'NONE',  ( -19.05000000000001137, -11.55000000000000071, 3.049999999999999822 ) ) ;
#8764 = CARTESIAN_POINT ( 'NONE',  ( -19.05000000000001137, -6.349999999999999645, -2.286000000000000032 ) ) ;
#8765 = ORIENTED_EDGE ( 'NONE', *, *, #7315, .T. ) ;
#8766 = ORIENTED_EDGE ( 'NONE', *, *, #3101, .T. ) ;
#8767 = ORIENTED_EDGE ( 'NONE', *, *, #8119, .F. ) ;
#8768 = DIRECTION ( 'NONE',  ( -0.7071067811865474617, 0.7071067811865476838, 0.000000000000000000 ) ) ;
#8769 = CIRCLE ( 'NONE', #8619, 12.69999999999999929 ) ;
#8770 = CARTESIAN_POINT ( 'NONE',  ( 16.47939620402574334, -4.486502985212279526, 2.286000000000000032 ) ) ;
#8771 = VERTEX_POINT ( 'NONE', #7974 ) ;
#8772 = EDGE_CURVE ( 'NONE', #2632, #666, #6210, .T. ) ;
#8774 = EDGE_CURVE ( 'NONE', #8509, #3206, #9124, .T. ) ;
#8773 = EDGE_CURVE ( 'NONE', #273, #6595, #5033, .T. ) ;
#8775 = CARTESIAN_POINT ( 'NONE',  ( 25.25000000000001066, -6.349999999999999645, 3.049999999999999822 ) ) ;
#8776 = VERTEX_POINT ( 'NONE', #3584 ) ;
#8777 = ORIENTED_EDGE ( 'NONE', *, *, #6854, .F. ) ;
#8778 = DIRECTION ( 'NONE',  ( 0.000000000000000000, 0.000000000000000000, 1.000000000000000000 ) ) ;
#8779 = ORIENTED_EDGE ( 'NONE', *, *, #7173, .F. ) ;
#8780 = CARTESIAN_POINT ( 'NONE',  ( 8.377669298579084156, -12.68363609346445742, 3.328432456780554549 ) ) ;
#8781 = DIRECTION ( 'NONE',  ( 0.000000000000000000, 0.000000000000000000, 1.000000000000000000 ) ) ;
#8782 = CARTESIAN_POINT ( 'NONE',  ( -7.089843379135174928, -10.53679841599587164, 4.484570918952053731 ) ) ;
#8783 = DIRECTION ( 'NONE',  ( -0.000000000000000000, 1.000000000000000000, 0.000000000000000000 ) ) ;
#8784 = CARTESIAN_POINT ( 'NONE',  ( 21.62060379597427939, -4.486502985212279526, 1.000000000000000000 ) ) ;
#8785 = EDGE_CURVE ( 'NONE', #6887, #8942, #8616, .T. ) ;
#8787 = EDGE_CURVE ( 'NONE', #3370, #3578, #5068, .T. ) ;
#8786 = EDGE_CURVE ( 'NONE', #3120, #5900, #7486, .T. ) ;
#8788 = CARTESIAN_POINT ( 'NONE',  ( 19.05000000000001137, 6.349999999999999645, 3.049999999999999822 ) ) ;
#8789 = ORIENTED_EDGE ( 'NONE', *, *, #1327, .T. ) ;
#8790 = DIRECTION ( 'NONE',  ( -0.000000000000000000, -0.000000000000000000, -1.000000000000000000 ) ) ;
#8791 = ORIENTED_EDGE ( 'NONE', *, *, #3374, .T. ) ;
#8792 = DIRECTION ( 'NONE',  ( 0.000000000000000000, 0.000000000000000000, 1.000000000000000000 ) ) ;
#8793 = EDGE_LOOP ( 'NONE', ( #3962, #7858, #8185, #8172 ) ) ;
#8794 = CARTESIAN_POINT ( 'NONE',  ( 8.885463297855924480, -12.33241833471664961, 4.484570918951977347 ) ) ;
#8795 = CARTESIAN_POINT ( 'NONE',  ( 19.05000000000001137, 11.55000000000000071, 3.049999999999999822 ) ) ;
#8796 = CARTESIAN_POINT ( 'NONE',  ( -11.57710886669494954, 9.849393396991162675, 15.75000000000000000 ) ) ;
#8797 = CARTESIAN_POINT ( 'NONE',  ( 6.897811456368780014, 10.66365408853581620, 3.750923870974016694 ) ) ;
#8798 = AXIS2_PLACEMENT_3D ( 'NONE', #7767, #4882, #4377 ) ;
#8799 = EDGE_CURVE ( 'NONE', #4006, #2277, #6709, .T. ) ;
#8800 = CARTESIAN_POINT ( 'NONE',  ( 18.69644660940673830, 5.996446609406726580, 1.000000000000000000 ) ) ;
#8801 = DIRECTION ( 'NONE',  ( -0.000000000000000000, -0.000000000000000000, -1.000000000000000000 ) ) ;
#8802 = DIRECTION ( 'NONE',  ( -1.000000000000000000, 0.000000000000000000, 0.000000000000000000 ) ) ;
#8803 = EDGE_LOOP ( 'NONE', ( #6033, #6984, #6114, #8694 ) ) ;
#8804 = AXIS2_PLACEMENT_3D ( 'NONE', #1267, #7591, #1963 ) ;
#8805 = ORIENTED_EDGE ( 'NONE', *, *, #4000, .F. ) ;
#8806 = CARTESIAN_POINT ( 'NONE',  ( 24.25000000000001066, -6.350000000000000533, 1.000000000000000000 ) ) ;
#8807 = VECTOR ( 'NONE', #2321, 1000.000000000000114 ) ;
#8808 = DIRECTION ( 'NONE',  ( 1.000000000000000000, 0.000000000000000000, 0.000000000000000000 ) ) ;
#8809 = VECTOR ( 'NONE', #1, 1000.000000000000000 ) ;
#8810 = CARTESIAN_POINT ( 'NONE',  ( 0.000000000000000000, 0.000000000000000000, 3.049999999999999822 ) ) ;
#8811 = ORIENTED_EDGE ( 'NONE', *, *, #208, .F. ) ;
#8812 = ORIENTED_EDGE ( 'NONE', *, *, #3724, .F. ) ;
#8813 = ORIENTED_EDGE ( 'NONE', *, *, #5038, .T. ) ;
#8814 = DIRECTION ( 'NONE',  ( 0.7071067811865476838, 0.7071067811865474617, -0.000000000000000000 ) ) ;
#8815 = AXIS2_PLACEMENT_3D ( 'NONE', #4203, #3467, #3516 ) ;
#8816 = PLANE ( 'NONE',  #6442 ) ;
#8817 = VECTOR ( 'NONE', #4298, 1000.000000000000000 ) ;
#8818 = EDGE_LOOP ( 'NONE', ( #2247, #1620, #2993, #9128 ) ) ;
#8819 = DIRECTION ( 'NONE',  ( -0.000000000000000000, -0.000000000000000000, -1.000000000000000000 ) ) ;
#8820 = VERTEX_POINT ( 'NONE', #5924 ) ;
#8821 = ORIENTED_EDGE ( 'NONE', *, *, #6740, .T. ) ;
#8822 = VECTOR ( 'NONE', #5236, 1000.000000000000000 ) ;
#8823 = VECTOR ( 'NONE', #277, 1000.000000000000000 ) ;
#8824 = DIRECTION ( 'NONE',  ( 0.000000000000000000, 0.000000000000000000, 1.000000000000000000 ) ) ;
#8825 = ORIENTED_EDGE ( 'NONE', *, *, #2990, .T. ) ;
#8826 = CARTESIAN_POINT ( 'NONE',  ( 12.23555549275333121, -9.019902330254987888, 8.230599130153709808 ) ) ;
#8827 = DIRECTION ( 'NONE',  ( -0.000000000000000000, -0.000000000000000000, -1.000000000000000000 ) ) ;
#8828 = CARTESIAN_POINT ( 'NONE',  ( 21.62060379597428295, 4.486502985212280414, 1.000000000000000000 ) ) ;
#8829 = CIRCLE ( 'NONE', #8385, 15.19999999999998863 ) ;
#8830 = EDGE_CURVE ( 'NONE', #5982, #6226, #1027, .T. ) ;
#8831 = ADVANCED_FACE ( 'NONE', ( #3826 ), #3128, .T. ) ;
#8832 = DIRECTION ( 'NONE',  ( -1.000000000000000000, 0.000000000000000000, -0.000000000000000000 ) ) ;
#8833 = AXIS2_PLACEMENT_3D ( 'NONE', #3121, #8792, #8102 ) ;
#8834 = VECTOR ( 'NONE', #6978, 1000.000000000000000 ) ;
#8835 = CARTESIAN_POINT ( 'NONE',  ( -8.160742877681402163, -12.82382444988719783, 3.189433621072524705 ) ) ;
#8836 = ORIENTED_EDGE ( 'NONE', *, *, #4616, .T. ) ;
#8837 = DIRECTION ( 'NONE',  ( -0.7071067811865514585, -0.7071067811865435759, 0.000000000000000000 ) ) ;
#8838 = ORIENTED_EDGE ( 'NONE', *, *, #922, .T. ) ;
#8839 = VECTOR ( 'NONE', #4731, 1000.000000000000000 ) ;
#8840 = CARTESIAN_POINT ( 'NONE',  ( 19.05000000000001137, 11.55000000000000071, -1.000000000000000000 ) ) ;
#8841 = CIRCLE ( 'NONE', #6024, 15.19999999999999929 ) ;
#8842 = EDGE_LOOP ( 'NONE', ( #6504, #4189, #1838, #3394 ) ) ;
#8843 = CARTESIAN_POINT ( 'NONE',  ( 16.47939620402574334, -4.486502985212279526, -1.000000000000000444 ) ) ;
#8844 = CARTESIAN_POINT ( 'NONE',  ( -15.10488494811827387, -1.697778166931715571, 2.286000000000000032 ) ) ;
#8845 = ADVANCED_FACE ( 'NONE', ( #3085 ), #6759, .F. ) ;
#8846 = CARTESIAN_POINT ( 'NONE',  ( 20.91349701478773326, 8.920603795974265893, -2.286000000000000032 ) ) ;
#8848 = EDGE_CURVE ( 'NONE', #6002, #6541, #5270, .T. ) ;
#8847 = EDGE_CURVE ( 'NONE', #3067, #259, #6755, .T. ) ;
#8849 = CARTESIAN_POINT ( 'NONE',  ( 0.000000000000000000, 0.000000000000000000, 2.286000000000000032 ) ) ;
#8850 = CIRCLE ( 'NONE', #6315, 15.19999999999997975 ) ;
#8851 = CARTESIAN_POINT ( 'NONE',  ( -17.18650298521229658, 8.920603795974260564, 2.286000000000000032 ) ) ;
#8852 = DIRECTION ( 'NONE',  ( -0.7071067811865471286, -0.7071067811865479058, 0.000000000000000000 ) ) ;
#8853 = LINE ( 'NONE', #6057, #1183 ) ;
#8854 = EDGE_LOOP ( 'NONE', ( #5083, #7746, #568, #4367, #24, #7395 ) ) ;
#8855 = VECTOR ( 'NONE', #1803, 1000.000000000000000 ) ;
#8856 = EDGE_LOOP ( 'NONE', ( #2214, #196, #3927, #8242, #4555 ) ) ;
#8857 = DIRECTION ( 'NONE',  ( 1.000000000000000000, 0.000000000000000000, 0.000000000000000000 ) ) ;
#8858 = VECTOR ( 'NONE', #843, 1000.000000000000000 ) ;
#8859 = CARTESIAN_POINT ( 'NONE',  ( -19.40355339059328443, 6.703553390593272709, -1.000000000000000000 ) ) ;
#8860 = ADVANCED_FACE ( 'NONE', ( #6567 ), #4603, .F. ) ;
#8861 = PLANE ( 'NONE',  #5376 ) ;
#8862 = AXIS2_PLACEMENT_3D ( 'NONE', #6574, #5278, #3133 ) ;
#8863 = PERSON_AND_ORGANIZATION_ROLE ( 'design_supplier' ) ;
#8864 = VERTEX_POINT ( 'NONE', #4521 ) ;
#8865 = ORIENTED_EDGE ( 'NONE', *, *, #7622, .F. ) ;
#8866 = CARTESIAN_POINT ( 'NONE',  ( 11.57710886669494954, 9.849393396991160898, 15.75000000000000000 ) ) ;
#8867 = CIRCLE ( 'NONE', #1740, 15.19999999999999929 ) ;
#8868 = EDGE_LOOP ( 'NONE', ( #7377, #3007, #7245, #8551 ) ) ;
#8869 = DIRECTION ( 'NONE',  ( -0.000000000000000000, -0.000000000000000000, -1.000000000000000000 ) ) ;
#8870 = ORIENTED_EDGE ( 'NONE', *, *, #2437, .F. ) ;
#8871 = ORIENTED_EDGE ( 'NONE', *, *, #7471, .F. ) ;
#8872 = DIRECTION ( 'NONE',  ( 0.000000000000000000, 0.000000000000000000, 1.000000000000000000 ) ) ;
#8873 = CARTESIAN_POINT ( 'NONE',  ( -22.22500000000001208, -6.349999999999999645, 2.286000000000000032 ) ) ;
#8874 = DIRECTION ( 'NONE',  ( 0.000000000000000000, 0.000000000000000000, 1.000000000000000000 ) ) ;
#8875 = DIRECTION ( 'NONE',  ( 0.000000000000000000, 0.000000000000000000, 1.000000000000000000 ) ) ;
#8876 = DIRECTION ( 'NONE',  ( -1.000000000000000000, 0.000000000000000000, 0.000000000000000000 ) ) ;
#8877 = PLANE ( 'NONE',  #4499 ) ;
#8878 = ORIENTED_EDGE ( 'NONE', *, *, #1723, .T. ) ;
#8879 = EDGE_CURVE ( 'NONE', #5656, #1291, #5179, .T. ) ;
#8880 = CARTESIAN_POINT ( 'NONE',  ( 20.91349701478773326, 8.920603795974265893, 1.000000000000000000 ) ) ;
#8881 = VERTEX_POINT ( 'NONE', #934 ) ;
#8882 = CARTESIAN_POINT ( 'NONE',  ( 0.000000000000000000, 0.000000000000000000, 3.049999999999999822 ) ) ;
#8883 = EDGE_LOOP ( 'NONE', ( #4021, #6155, #3273, #8306, #4768, #3802, #2225, #867 ) ) ;
#8884 = CARTESIAN_POINT ( 'NONE',  ( -2.056696380120320633, -14.89999999999999858, -3.049999999999999822 ) ) ;
#8885 = PLANE ( 'NONE',  #4541 ) ;
#8886 = LINE ( 'NONE', #3990, #3153 ) ;
#8887 = DIRECTION ( 'NONE',  ( -0.000000000000000000, -0.000000000000000000, -1.000000000000000000 ) ) ;
#8888 = DIRECTION ( 'NONE',  ( 1.000000000000000000, -4.553079989440435000E-17, 0.000000000000000000 ) ) ;
#8889 = EDGE_CURVE ( 'NONE', #2872, #3845, #8758, .T. ) ;
#8890 = CARTESIAN_POINT ( 'NONE',  ( -19.05000000000001137, -6.349999999999999645, -1.000000000000000000 ) ) ;
#8893 = EDGE_CURVE ( 'NONE', #3277, #7545, #4517, .T. ) ;
#8892 = ADVANCED_FACE ( 'NONE', ( #7362, #3778 ), #3172, .T. ) ;
#8891 = CARTESIAN_POINT ( 'NONE',  ( -17.18650298521229658, 3.779396204025738282, -1.000000000000000000 ) ) ;
#8894 = ORIENTED_EDGE ( 'NONE', *, *, #7869, .F. ) ;
#8895 = ORIENTED_EDGE ( 'NONE', *, *, #4396, .F. ) ;
#8896 = FACE_OUTER_BOUND ( 'NONE', #2776, .T. ) ;
#8897 = DIRECTION ( 'NONE',  ( -1.000000000000000000, 0.000000000000000000, 0.000000000000000000 ) ) ;
#8898 = LINE ( 'NONE', #2524, #3189 ) ;
#8899 = LINE ( 'NONE', #1603, #4779 ) ;
#8901 = ADVANCED_FACE ( 'NONE', ( #2339 ), #6056, .F. ) ;
#8900 = EDGE_CURVE ( 'NONE', #6616, #3741, #1735, .T. ) ;
#8902 = ORIENTED_EDGE ( 'NONE', *, *, #2237, .F. ) ;
#8903 = VERTEX_POINT ( 'NONE', #1067 ) ;
#8904 = LINE ( 'NONE', #6071, #6176 ) ;
#8905 = ORIENTED_EDGE ( 'NONE', *, *, #994, .T. ) ;
#8906 = EDGE_CURVE ( 'NONE', #1347, #2632, #3865, .T. ) ;
#8907 = FACE_OUTER_BOUND ( 'NONE', #3909, .T. ) ;
#8908 = VERTEX_POINT ( 'NONE', #2479 ) ;
#8909 = ORIENTED_EDGE ( 'NONE', *, *, #5996, .F. ) ;
#8910 = CARTESIAN_POINT ( 'NONE',  ( 19.05000000000001137, -11.55000000000000071, 3.049999999999999822 ) ) ;
#8911 = DIRECTION ( 'NONE',  ( 0.000000000000000000, 0.000000000000000000, 1.000000000000000000 ) ) ;
#8912 = CIRCLE ( 'NONE', #7878, 15.19999999999999929 ) ;
#8913 = DIRECTION ( 'NONE',  ( -0.000000000000000000, -0.000000000000000000, -1.000000000000000000 ) ) ;
#8914 = FACE_OUTER_BOUND ( 'NONE', #3818, .T. ) ;
#8915 = CARTESIAN_POINT ( 'NONE',  ( 19.05000000000001137, 6.349999999999999645, -1.000000000000000000 ) ) ;
#8916 = CARTESIAN_POINT ( 'NONE',  ( -8.885463297855947573, -12.33241833471662829, 4.484570918952019092 ) ) ;
#8917 = DIRECTION ( 'NONE',  ( -0.7071067811865474617, 0.7071067811865474617, 0.000000000000000000 ) ) ;
#8918 = ORIENTED_EDGE ( 'NONE', *, *, #550, .F. ) ;
#8919 = DIRECTION ( 'NONE',  ( 1.000000000000000000, 0.000000000000000000, 0.000000000000000000 ) ) ;
#8920 = ORIENTED_EDGE ( 'NONE', *, *, #5361, .F. ) ;
#8921 = DIRECTION ( 'NONE',  ( 0.000000000000000000, 0.000000000000000000, 1.000000000000000000 ) ) ;
#8922 = ORIENTED_EDGE ( 'NONE', *, *, #6025, .T. ) ;
#8923 = LINE ( 'NONE', #551, #7526 ) ;
#8924 = CARTESIAN_POINT ( 'NONE',  ( 14.91623517531649412, -2.923341956503026307, -2.286000000000000920 ) ) ;
#8925 = LINE ( 'NONE', #2651, #1348 ) ;
#8926 = CARTESIAN_POINT ( 'NONE',  ( -19.05000000000001137, -12.55000000000000071, 1.000000000000000000 ) ) ;
#8927 = CARTESIAN_POINT ( 'NONE',  ( -18.69644660940673830, 5.996446609406726580, -1.000000000000000000 ) ) ;
#8928 = DIRECTION ( 'NONE',  ( -1.000000000000000000, -0.000000000000000000, -0.000000000000000000 ) ) ;
#8929 = DIRECTION ( 'NONE',  ( -0.000000000000000000, 1.000000000000000000, -0.000000000000000000 ) ) ;
#8930 = ORIENTED_EDGE ( 'NONE', *, *, #822, .F. ) ;
#8931 = LINE ( 'NONE', #6146, #3187 ) ;
#8932 = ORIENTED_EDGE ( 'NONE', *, *, #7640, .T. ) ;
#8933 = PLANE ( 'NONE',  #2326 ) ;
#8934 = VECTOR ( 'NONE', #1877, 1000.000000000000000 ) ;
#8935 = CARTESIAN_POINT ( 'NONE',  ( -6.595342854572493252, 9.420798938022166169, 14.55000000000000782 ) ) ;
#8936 = CARTESIAN_POINT ( 'NONE',  ( -19.05000000000001137, 6.349999999999999645, 3.049999999999999822 ) ) ;
#8937 = EDGE_CURVE ( 'NONE', #920, #3055, #4368, .T. ) ;
#8938 = EDGE_CURVE ( 'NONE', #8692, #5036, #1834, .T. ) ;
#8939 = DIRECTION ( 'NONE',  ( 0.000000000000000000, -1.000000000000000000, -0.000000000000000000 ) ) ;
#8940 = AXIS2_PLACEMENT_3D ( 'NONE', #1295, #4125, #3951 ) ;
#8941 = ORIENTED_EDGE ( 'NONE', *, *, #3674, .T. ) ;
#8942 = VERTEX_POINT ( 'NONE', #6798 ) ;
#8943 = CIRCLE ( 'NONE', #2856, 3.175000000000000711 ) ;
#8944 = EDGE_CURVE ( 'NONE', #8359, #5091, #2611, .T. ) ;
#8946 = ADVANCED_FACE ( 'NONE', ( #3299 ), #7580, .T. ) ;
#8945 = ADVANCED_FACE ( 'NONE', ( #1122 ), #8245, .T. ) ;
#8947 = VECTOR ( 'NONE', #1646, 1000.000000000000000 ) ;
#8948 = ORIENTED_EDGE ( 'NONE', *, *, #5500, .T. ) ;
#8949 = DIRECTION ( 'NONE',  ( 0.000000000000000000, 0.000000000000000000, 1.000000000000000000 ) ) ;
#8950 = ORIENTED_EDGE ( 'NONE', *, *, #302, .F. ) ;
#8951 = ORIENTED_EDGE ( 'NONE', *, *, #5489, .F. ) ;
#8952 = AXIS2_PLACEMENT_3D ( 'NONE', #8788, #5953, #6696 ) ;
#8953 = LINE ( 'NONE', #8307, #6869 ) ;
#8954 = DIRECTION ( 'NONE',  ( -0.000000000000000000, 0.000000000000000000, -1.000000000000000000 ) ) ;
#8955 = VECTOR ( 'NONE', #3287, 1000.000000000000114 ) ;
#8956 = DIRECTION ( 'NONE',  ( -1.000000000000000000, 0.000000000000000000, 0.000000000000000000 ) ) ;
#8957 = CARTESIAN_POINT ( 'NONE',  ( 9.881168959186965139, -11.54999999999999716, -3.049999999999999822 ) ) ;
#8958 = DIRECTION ( 'NONE',  ( 0.000000000000000000, 0.000000000000000000, 1.000000000000000000 ) ) ;
#8959 = EDGE_CURVE ( 'NONE', #6314, #3518, #6094, .T. ) ;
#8960 = VECTOR ( 'NONE', #8171, 1000.000000000000000 ) ;
#8961 = CIRCLE ( 'NONE', #8377, 5.200000000000000178 ) ;
#8962 = VECTOR ( 'NONE', #5374, 999.9999999999998863 ) ;
#8963 = CARTESIAN_POINT ( 'NONE',  ( 8.575400865265715211, 12.55000000000000071, 3.049999999999999822 ) ) ;
#8964 = DIRECTION ( 'NONE',  ( -0.000000000000000000, -0.000000000000000000, -1.000000000000000000 ) ) ;
#8965 = ORIENTED_EDGE ( 'NONE', *, *, #4785, .F. ) ;
#8966 = CARTESIAN_POINT ( 'NONE',  ( -15.10488494811827564, 1.697778166931711130, -2.286000000000000032 ) ) ;
#8967 = VERTEX_POINT ( 'NONE', #9027 ) ;
#8968 = CARTESIAN_POINT ( 'NONE',  ( 9.092383191922387198, 10.62755498454967729, 7.950032466500704942 ) ) ;
#8969 = AXIS2_PLACEMENT_3D ( 'NONE', #889, #291, #8114 ) ;
#8970 = ORIENTED_EDGE ( 'NONE', *, *, #3684, .F. ) ;
#8971 = DIRECTION ( 'NONE',  ( 0.000000000000000000, 0.000000000000000000, 1.000000000000000000 ) ) ;
#8972 = CARTESIAN_POINT ( 'NONE',  ( -10.63682055471434396, -6.939002775446406979, 3.833204501437525114 ) ) ;
#8973 = DIRECTION ( 'NONE',  ( 1.000000000000000000, 0.000000000000000000, 0.000000000000000000 ) ) ;
#8974 = VECTOR ( 'NONE', #8606, 1000.000000000000000 ) ;
#8975 = CIRCLE ( 'NONE', #6153, 3.175000000000000711 ) ;
#8976 = CARTESIAN_POINT ( 'NONE',  ( 12.33241833471673132, 8.885463297855812570, 4.484570918952004881 ) ) ;
#8977 = CARTESIAN_POINT ( 'NONE',  ( -23.06347142246230320, -9.656364641275748895, -1.000000000000000000 ) ) ;
#8978 = B_SPLINE_CURVE_WITH_KNOTS ( 'NONE', 3,
 ( #8006, #1628, #835, #8835, #8048, #4501, #7345, #7903, #1528, #4366, #2641, #4019, #4766, #8916 ),
 .UNSPECIFIED., .F., .F.,
 ( 4, 2, 2, 2, 2, 2, 4 ),
 ( 0.000000000000000000, 0.0005768627563301547898, 0.0008652941344952302331, 0.001153725512660305460, 0.001442156890825380903, 0.001730588268990456346, 0.002307451025320607016 ),
 .UNSPECIFIED. ) ;
#8979 = CARTESIAN_POINT ( 'NONE',  ( -17.21152236891498788, 5.218629150101523173, -2.286000000000000032 ) ) ;
#8980 = EDGE_LOOP ( 'NONE', ( #5161, #3843, #3644, #5173 ) ) ;
#8981 = AXIS2_PLACEMENT_3D ( 'NONE', #4746, #7583, #4654 ) ;
#8982 = VECTOR ( 'NONE', #4378, 1000.000000000000000 ) ;
#8983 = DIRECTION ( 'NONE',  ( -0.7071067811865474617, 0.7071067811865474617, 0.000000000000000000 ) ) ;
#8984 = DIRECTION ( 'NONE',  ( -0.000000000000000000, -0.000000000000000000, -1.000000000000000000 ) ) ;
#8985 = ORIENTED_EDGE ( 'NONE', *, *, #3416, .F. ) ;
#8986 = CARTESIAN_POINT ( 'NONE',  ( 10.96248442393424938, 6.412546621332637642, 3.229968010100368048 ) ) ;
#8987 = ORIENTED_EDGE ( 'NONE', *, *, #468, .T. ) ;
#8988 = CARTESIAN_POINT ( 'NONE',  ( 24.25000000000001066, 1.545584412271583163, 3.049999999999999822 ) ) ;
#8989 = CARTESIAN_POINT ( 'NONE',  ( -7.349571513238235099, 10.35731490781755149, 11.59778263506280460 ) ) ;
#8990 = CARTESIAN_POINT ( 'NONE',  ( 8.885463297855924480, -12.33241833471664961, 4.484570918951977347 ) ) ;
#8991 = AXIS2_PLACEMENT_3D ( 'NONE', #1425, #4159, #7748 ) ;
#8992 = CIRCLE ( 'NONE', #7044, 3.175000000000007816 ) ;
#8993 = LINE ( 'NONE', #9036, #3443 ) ;
#8994 = ORIENTED_EDGE ( 'NONE', *, *, #1038, .T. ) ;
#8995 = VERTEX_POINT ( 'NONE', #5449 ) ;
#8996 = ORIENTED_EDGE ( 'NONE', *, *, #8274, .T. ) ;
#8997 = AXIS2_PLACEMENT_3D ( 'NONE', #2090, #1483, #2791 ) ;
#8998 = ORIENTED_EDGE ( 'NONE', *, *, #67, .T. ) ;
#8999 = DIRECTION ( 'NONE',  ( -1.000000000000000000, 2.485324980005233120E-14, 0.000000000000000000 ) ) ;
#9000 = ORIENTED_EDGE ( 'NONE', *, *, #3940, .T. ) ;
#9001 = EDGE_CURVE ( 'NONE', #2918, #2441, #7464, .T. ) ;
#9002 = CYLINDRICAL_SURFACE ( 'NONE', #1527, 3.175000000000007816 ) ;
#9004 = ADVANCED_FACE ( 'NONE', ( #8329 ), #1162, .T. ) ;
#9003 = EDGE_CURVE ( 'NONE', #2359, #3578, #3773, .T. ) ;
#9005 = VECTOR ( 'NONE', #1580, 1000.000000000000000 ) ;
#9006 = DIRECTION ( 'NONE',  ( 0.000000000000000000, 0.000000000000000000, 1.000000000000000000 ) ) ;
#9007 = DIRECTION ( 'NONE',  ( 1.000000000000000000, 0.000000000000000000, -0.000000000000000000 ) ) ;
#9008 = LINE ( 'NONE', #8404, #8530 ) ;
#9009 = CARTESIAN_POINT ( 'NONE',  ( -21.15000000000001279, 6.349999999999999645, 2.286000000000000032 ) ) ;
#9010 = VECTOR ( 'NONE', #9194, 1000.000000000000000 ) ;
#9011 = PLANE ( 'NONE',  #4938 ) ;
#9012 = CARTESIAN_POINT ( 'NONE',  ( 20.88847763108503486, -5.218629150101523173, 2.286000000000000032 ) ) ;
#9013 = ORIENTED_EDGE ( 'NONE', *, *, #694, .T. ) ;
#9014 = DIRECTION ( 'NONE',  ( 1.000000000000000000, -8.881784197001253901E-15, 0.000000000000000000 ) ) ;
#9016 = EDGE_CURVE ( 'NONE', #598, #1788, #4743, .T. ) ;
#9015 = EDGE_CURVE ( 'NONE', #314, #8433, #457, .T. ) ;
#9017 = VERTEX_POINT ( 'NONE', #6885 ) ;
#9018 = CARTESIAN_POINT ( 'NONE',  ( 20.88847763108503486, 5.218629150101524061, -2.286000000000000032 ) ) ;
#9019 = ORIENTED_EDGE ( 'NONE', *, *, #8483, .T. ) ;
#9020 = DIRECTION ( 'NONE',  ( -0.7071067811865510144, -0.7071067811865441310, 0.000000000000000000 ) ) ;
#9021 = CYLINDRICAL_SURFACE ( 'NONE', #1575, 3.175000000000007816 ) ;
#9022 = DIRECTION ( 'NONE',  ( 1.000000000000000000, 0.000000000000000000, 0.000000000000000000 ) ) ;
#9023 = CARTESIAN_POINT ( 'NONE',  ( 24.25000000000001066, 1.545584412271583163, 3.049999999999999822 ) ) ;
#9024 = DIRECTION ( 'NONE',  ( -0.7071067811865476838, 0.7071067811865474617, 0.000000000000000000 ) ) ;
#9025 = DIRECTION ( 'NONE',  ( -0.000000000000000000, -0.000000000000000000, -1.000000000000000000 ) ) ;
#9026 = ORIENTED_EDGE ( 'NONE', *, *, #1217, .T. ) ;
#9027 = CARTESIAN_POINT ( 'NONE',  ( 2.056696380120324186, -14.89999999999999680, 3.049999999999999822 ) ) ;
#9028 = LINE ( 'NONE', #6886, #3868 ) ;
#9029 = ADVANCED_FACE ( 'NONE', ( #3353 ), #2246, .T. ) ;
#9030 = ORIENTED_EDGE ( 'NONE', *, *, #8559, .T. ) ;
#9031 = CARTESIAN_POINT ( 'NONE',  ( 11.14122073372842969, 6.098899953120819895, 3.084225627802475334 ) ) ;
#9032 = ORIENTED_EDGE ( 'NONE', *, *, #4906, .F. ) ;
#9033 = CARTESIAN_POINT ( 'NONE',  ( 24.25000000000001066, 6.349999999999999645, -1.000000000000000000 ) ) ;
#9034 = FACE_BOUND ( 'NONE', #4838, .T. ) ;
#9035 = CARTESIAN_POINT ( 'NONE',  ( -13.14289321881345352, -11.55000000000000071, -1.000000000000000000 ) ) ;
#9036 = CARTESIAN_POINT ( 'NONE',  ( 2.783128176749750438, -2.783128176749770422, 3.049999999999999822 ) ) ;
#9037 = ORIENTED_EDGE ( 'NONE', *, *, #8033, .T. ) ;
#9038 = ORIENTED_EDGE ( 'NONE', *, *, #31, .T. ) ;
#9039 = ORIENTED_EDGE ( 'NONE', *, *, #7086, .T. ) ;
#9040 = VERTEX_POINT ( 'NONE', #2847 ) ;
#9041 = CARTESIAN_POINT ( 'NONE',  ( 0.000000000000000000, 0.000000000000000000, 3.049999999999999822 ) ) ;
#9042 = CARTESIAN_POINT ( 'NONE',  ( 0.000000000000000000, 0.000000000000000000, 3.049999999999999822 ) ) ;
#9043 = CARTESIAN_POINT ( 'NONE',  ( 19.05000000000001137, 11.55000000000000071, -1.000000000000000000 ) ) ;
#9044 = DIRECTION ( 'NONE',  ( 1.000000000000000000, -1.912293595564983661E-15, 0.000000000000000000 ) ) ;
#9045 = DIRECTION ( 'NONE',  ( -1.000000000000000000, 0.000000000000000000, 0.000000000000000000 ) ) ;
#9046 = EDGE_CURVE ( 'NONE', #8820, #4133, #4336, .T. ) ;
#9048 = EDGE_CURVE ( 'NONE', #4430, #4353, #5090, .T. ) ;
#9047 = EDGE_CURVE ( 'NONE', #5389, #3919, #5785, .T. ) ;
#9049 = CARTESIAN_POINT ( 'NONE',  ( -7.115487864601373502, -10.01742162713499340, 13.31141278938900285 ) ) ;
#9050 = CARTESIAN_POINT ( 'NONE',  ( 19.05000000000001137, 6.349999999999999645, 2.286000000000000032 ) ) ;
#9051 = ORIENTED_EDGE ( 'NONE', *, *, #2930, .T. ) ;
#9052 = CARTESIAN_POINT ( 'NONE',  ( -23.69865440327095030, 0.9942388155425151419, 2.286000000000000032 ) ) ;
#9053 = ORIENTED_EDGE ( 'NONE', *, *, #2687, .T. ) ;
#9054 = DIRECTION ( 'NONE',  ( 0.000000000000000000, 0.000000000000000000, 1.000000000000000000 ) ) ;
#9055 = ORIENTED_EDGE ( 'NONE', *, *, #526, .F. ) ;
#9056 = DIRECTION ( 'NONE',  ( -0.7071067811865477948, 0.7071067811865473507, -0.000000000000000000 ) ) ;
#9057 = FACE_OUTER_BOUND ( 'NONE', #3, .T. ) ;
#9058 = CARTESIAN_POINT ( 'NONE',  ( -19.05000000000001137, -6.349999999999999645, -1.000000000000000000 ) ) ;
#9059 = PLANE ( 'NONE',  #6720 ) ;
#9060 = CARTESIAN_POINT ( 'NONE',  ( -19.05000000000001137, 6.349999999999999645, 2.286000000000000032 ) ) ;
#9061 = AXIS2_PLACEMENT_3D ( 'NONE', #7062, #1387, #7760 ) ;
#9062 = EDGE_CURVE ( 'NONE', #7994, #82, #360, .T. ) ;
#9064 = EDGE_CURVE ( 'NONE', #367, #1518, #2477, .T. ) ;
#9063 = EDGE_CURVE ( 'NONE', #8583, #7579, #7226, .T. ) ;
#9065 =( BOUNDED_CURVE ( )  B_SPLINE_CURVE ( 3, ( #3300, #6276, #8421, #6143 ),
 .UNSPECIFIED., .F., .T. ) 
 B_SPLINE_CURVE_WITH_KNOTS ( ( 4, 4 ),
 ( 1.377679687205386916, 1.401502160714581668 ),
 .UNSPECIFIED. ) 
 CURVE ( )  GEOMETRIC_REPRESENTATION_ITEM ( )  RATIONAL_B_SPLINE_CURVE ( ( 1.000000000000000000, 0.9999527080388015410, 0.9999527080388015410, 1.000000000000000000 ) ) 
 REPRESENTATION_ITEM ( '' )  );
#9066 = CARTESIAN_POINT ( 'NONE',  ( 19.05000000000001137, -6.349999999999999645, 2.286000000000000032 ) ) ;
#9067 = ORIENTED_EDGE ( 'NONE', *, *, #3539, .F. ) ;
#9068 = DIRECTION ( 'NONE',  ( -0.7071067811865526798, 0.7071067811865422437, -0.000000000000000000 ) ) ;
#9069 = ORIENTED_EDGE ( 'NONE', *, *, #2408, .F. ) ;
#9070 = CARTESIAN_POINT ( 'NONE',  ( 19.05000000000001137, -6.349999999999999645, 3.049999999999999822 ) ) ;
#9071 = ORIENTED_EDGE ( 'NONE', *, *, #423, .F. ) ;
#9072 = LINE ( 'NONE', #8988, #4997 ) ;
#9073 = DIRECTION ( 'NONE',  ( 1.000000000000000000, 0.000000000000000000, 0.000000000000000000 ) ) ;
#9074 = DIRECTION ( 'NONE',  ( -0.000000000000000000, -0.000000000000000000, -1.000000000000000000 ) ) ;
#9075 = LINE ( 'NONE', #4883, #5416 ) ;
#9076 = EDGE_CURVE ( 'NONE', #8864, #882, #4998, .T. ) ;
#9077 = CARTESIAN_POINT ( 'NONE',  ( -19.05000000000001137, -6.349999999999999645, 1.000000000000000000 ) ) ;
#9078 = AXIS2_PLACEMENT_3D ( 'NONE', #2281, #7403, #243 ) ;
#9079 = ORIENTED_EDGE ( 'NONE', *, *, #5251, .T. ) ;
#9080 = EDGE_LOOP ( 'NONE', ( #8408, #3436, #6686, #7458 ) ) ;
#9081 = VECTOR ( 'NONE', #592, 1000.000000000000000 ) ;
#9082 = ORIENTED_EDGE ( 'NONE', *, *, #5945, .F. ) ;
#9083 = ORIENTED_EDGE ( 'NONE', *, *, #78, .F. ) ;
#9084 = FACE_OUTER_BOUND ( 'NONE', #557, .T. ) ;
#9085 = DIRECTION ( 'NONE',  ( 0.7071067811865476838, 0.7071067811865474617, 0.000000000000000000 ) ) ;
#9086 = AXIS2_PLACEMENT_3D ( 'NONE', #9066, #508, #3220 ) ;
#9087 = CARTESIAN_POINT ( 'NONE',  ( 19.05000000000001137, 6.349999999999999645, 3.049999999999999822 ) ) ;
#9088 = CARTESIAN_POINT ( 'NONE',  ( -7.089843379135174928, -10.53679841599587164, 4.484570918952053731 ) ) ;
#9089 = VECTOR ( 'NONE', #2488, 1000.000000000000000 ) ;
#9090 = DIRECTION ( 'NONE',  ( 1.000000000000000000, 0.000000000000000000, 0.000000000000000000 ) ) ;
#9091 = CC_DESIGN_SECURITY_CLASSIFICATION ( #2860, ( #1686 ) ) ;
#9092 = AXIS2_PLACEMENT_3D ( 'NONE', #1935, #492, #1053 ) ;
#9093 = CARTESIAN_POINT ( 'NONE',  ( 20.18137084989848873, -4.511522368914976155, 2.286000000000000032 ) ) ;
#9094 = ORIENTED_EDGE ( 'NONE', *, *, #6835, .F. ) ;
#9095 = ORIENTED_EDGE ( 'NONE', *, *, #1797, .F. ) ;
#9096 = AXIS2_PLACEMENT_3D ( 'NONE', #6037, #8872, #2500 ) ;
#9097 = LINE ( 'NONE', #5569, #3759 ) ;
#9098 = ORIENTED_EDGE ( 'NONE', *, *, #4975, .T. ) ;
#9099 = DIRECTION ( 'NONE',  ( 0.000000000000000000, 0.000000000000000000, 1.000000000000000000 ) ) ;
#9100 = EDGE_CURVE ( 'NONE', #8534, #6325, #6386, .T. ) ;
#9101 = DIRECTION ( 'NONE',  ( 0.7071067811865470176, 0.7071067811865479058, -0.000000000000000000 ) ) ;
#9102 = CARTESIAN_POINT ( 'NONE',  ( -14.91623517531649412, 2.923341956503026307, -2.286000000000000920 ) ) ;
#9103 = LINE ( 'NONE', #7617, #7636 ) ;
#9104 = AXIS2_PLACEMENT_3D ( 'NONE', #6124, #5341, #3336 ) ;
#9105 = PLANE ( 'NONE',  #1215 ) ;
#9106 = CARTESIAN_POINT ( 'NONE',  ( 15.87500000000000355, -6.349999999999999645, 1.000000000000000000 ) ) ;
#9107 = VECTOR ( 'NONE', #2305, 1000.000000000000000 ) ;
#9108 = DIRECTION ( 'NONE',  ( 1.000000000000000000, 0.000000000000000000, -0.000000000000000000 ) ) ;
#9109 = ORIENTED_EDGE ( 'NONE', *, *, #6103, .F. ) ;
#9110 = AXIS2_PLACEMENT_3D ( 'NONE', #7515, #7425, #4621 ) ;
#9111 = CARTESIAN_POINT ( 'NONE',  ( -12.82382444988729731, 8.160742877681240515, 3.189433621072524261 ) ) ;
#9112 = EDGE_LOOP ( 'NONE', ( #7555, #4559, #7440, #7776, #7389, #7631, #8998, #7725, #2534, #2945, #862, #2784, #1606, #3162, #8356, #4924, #8422, #407, #4118, #697, #4851, #7417, #5976, #4525, #5635, #3487, #3749, #5441, #2453, #7918, #97, #8392, #9094, #3397 ) ) ;
#9113 = VECTOR ( 'NONE', #6121, 1000.000000000000114 ) ;
#9114 = LINE ( 'NONE', #5496, #1101 ) ;
#9115 = VECTOR ( 'NONE', #6252, 1000.000000000000000 ) ;
#9116 = EDGE_CURVE ( 'NONE', #2264, #4542, #8829, .T. ) ;
#9117 = VERTEX_POINT ( 'NONE', #9 ) ;
#9119 = ADVANCED_FACE ( 'NONE', ( #4941 ), #5686, .T. ) ;
#9118 = EDGE_CURVE ( 'NONE', #2921, #4185, #1407, .T. ) ;
#9120 = PLANE ( 'NONE',  #529 ) ;
#9121 = DIRECTION ( 'NONE',  ( 1.000000000000000000, 0.000000000000000000, 0.000000000000000000 ) ) ;
#9122 = CARTESIAN_POINT ( 'NONE',  ( 19.05000000000001137, 6.349999999999999645, 2.286000000000000032 ) ) ;
#9123 = CARTESIAN_POINT ( 'NONE',  ( -19.05000000000001137, -6.349999999999999645, 2.286000000000000032 ) ) ;
#9124 = CIRCLE ( 'NONE', #1244, 15.20000000000001350 ) ;
#9125 = CIRCLE ( 'NONE', #5123, 5.200000000000000178 ) ;
#9126 = VECTOR ( 'NONE', #7768, 1000.000000000000000 ) ;
#9127 = CARTESIAN_POINT ( 'NONE',  ( 19.05000000000001137, 6.349999999999999645, 1.000000000000000000 ) ) ;
#9128 = ORIENTED_EDGE ( 'NONE', *, *, #2065, .F. ) ;
#9129 = ORIENTED_EDGE ( 'NONE', *, *, #8786, .T. ) ;
#9130 = ADVANCED_FACE ( 'NONE', ( #804 ), #3323, .F. ) ;
#9131 = EDGE_LOOP ( 'NONE', ( #9082, #60, #7138, #3191 ) ) ;
#9132 = VECTOR ( 'NONE', #1373, 1000.000000000000000 ) ;
#9133 = AXIS2_PLACEMENT_3D ( 'NONE', #3937, #4683, #8832 ) ;
#9134 = ORIENTED_EDGE ( 'NONE', *, *, #1565, .T. ) ;
#9135 = CARTESIAN_POINT ( 'NONE',  ( -22.22500000000001208, 6.349999999999999645, 1.000000000000000000 ) ) ;
#9136 = EDGE_LOOP ( 'NONE', ( #3767, #5799, #8578, #1715, #6248, #7255 ) ) ;
#9137 = DIRECTION ( 'NONE',  ( -0.000000000000000000, -0.000000000000000000, -1.000000000000000000 ) ) ;
#9138 = AXIS2_PLACEMENT_3D ( 'NONE', #3208, #7439, #8182 ) ;
#9139 = CARTESIAN_POINT ( 'NONE',  ( -8.881966905867615836, 12.33493747263784002, 4.387146958128425922 ) ) ;
#9140 = FACE_OUTER_BOUND ( 'NONE', #100, .T. ) ;
#9141 = AXIS2_PLACEMENT_3D ( 'NONE', #4376, #6333, #102 ) ;
#9142 = CARTESIAN_POINT ( 'NONE',  ( -16.47939620402575045, 8.213497014787712658, -2.286000000000000032 ) ) ;
#9143 = ORIENTED_EDGE ( 'NONE', *, *, #594, .F. ) ;
#9144 = CARTESIAN_POINT ( 'NONE',  ( 0.000000000000000000, 0.000000000000000000, 4.049999999999999822 ) ) ;
#9145 = ORIENTED_EDGE ( 'NONE', *, *, #5475, .F. ) ;
#9146 = EDGE_LOOP ( 'NONE', ( #1385, #4140, #449, #4404 ) ) ;
#9147 = AXIS2_PLACEMENT_3D ( 'NONE', #462, #562, #3400 ) ;
#9148 = LINE ( 'NONE', #5707, #5681 ) ;
#9149 = ORIENTED_EDGE ( 'NONE', *, *, #4197, .T. ) ;
#9150 = CARTESIAN_POINT ( 'NONE',  ( 19.05000000000001137, 6.349999999999999645, 2.286000000000000032 ) ) ;
#9151 = CARTESIAN_POINT ( 'NONE',  ( -19.05000000000001137, 6.349999999999999645, 2.286000000000000032 ) ) ;
#9152 = CARTESIAN_POINT ( 'NONE',  ( -19.05000000000001137, -6.349999999999999645, 2.286000000000000032 ) ) ;
#9153 = DIRECTION ( 'NONE',  ( -0.000000000000000000, 0.000000000000000000, -1.000000000000000000 ) ) ;
#9154 = CARTESIAN_POINT ( 'NONE',  ( -12.96677170979231164, -7.933160750777729753, 3.085915785068495509 ) ) ;
#9155 = DIRECTION ( 'NONE',  ( -1.000000000000000000, 0.000000000000000000, 0.000000000000000000 ) ) ;
#9156 = VECTOR ( 'NONE', #186, 1000.000000000000114 ) ;
#9157 = EDGE_CURVE ( 'NONE', #1291, #8105, #4808, .T. ) ;
#9158 = LINE ( 'NONE', #5719, #5392 ) ;
#9159 = EDGE_LOOP ( 'NONE', ( #6676, #281, #5735, #5968 ) ) ;
#9160 = DIRECTION ( 'NONE',  ( -0.000000000000000000, -0.000000000000000000, 1.000000000000000000 ) ) ;
#9161 = ORIENTED_EDGE ( 'NONE', *, *, #6172, .T. ) ;
#9162 = CARTESIAN_POINT ( 'NONE',  ( 11.57710886669494954, -9.849393396991160898, 15.75000000000000000 ) ) ;
#9163 = ORIENTED_EDGE ( 'NONE', *, *, #570, .T. ) ;
#9164 = CARTESIAN_POINT ( 'NONE',  ( 25.25000000000001066, -6.349999999999999645, -3.049999999999999822 ) ) ;
#9165 = CARTESIAN_POINT ( 'NONE',  ( 16.47939620402574334, -4.486502985212279526, 2.286000000000000032 ) ) ;
#9166 = CARTESIAN_POINT ( 'NONE',  ( 0.000000000000000000, 0.000000000000000000, -3.049999999999999822 ) ) ;
#9167 = DIRECTION ( 'NONE',  ( 0.000000000000000000, 0.000000000000000000, 1.000000000000000000 ) ) ;
#9168 = EDGE_CURVE ( 'NONE', #2844, #754, #2845, .T. ) ;
#9170 = ADVANCED_FACE ( 'NONE', ( #1457 ), #2059, .F. ) ;
#9169 = EDGE_CURVE ( 'NONE', #3558, #8703, #2249, .T. ) ;
#9171 = DIRECTION ( 'NONE',  ( -0.000000000000000000, -0.000000000000000000, -1.000000000000000000 ) ) ;
#9172 = CARTESIAN_POINT ( 'NONE',  ( 7.115487864601351298, 10.01742162713501472, 13.31141278938899930 ) ) ;
#9173 = ORIENTED_EDGE ( 'NONE', *, *, #209, .F. ) ;
#9174 = VERTEX_POINT ( 'NONE', #1354 ) ;
#9175 = VERTEX_POINT ( 'NONE', #9135 ) ;
#9177 = ADVANCED_FACE ( 'NONE', ( #2159 ), #4891, .F. ) ;
#9176 = EDGE_CURVE ( 'NONE', #6480, #6701, #507, .T. ) ;
#9178 = DIRECTION ( 'NONE',  ( -0.7071067811865472397, -0.7071067811865479058, -0.000000000000000000 ) ) ;
#9179 = ORIENTED_EDGE ( 'NONE', *, *, #4457, .T. ) ;
#9180 = VERTEX_POINT ( 'NONE', #8438 ) ;
#9181 = FACE_OUTER_BOUND ( 'NONE', #4771, .T. ) ;
#9182 = LINE ( 'NONE', #3599, #2459 ) ;
#9183 = FACE_OUTER_BOUND ( 'NONE', #6857, .T. ) ;
#9184 = CARTESIAN_POINT ( 'NONE',  ( -21.62060379597427229, 8.213497014787714434, 1.000000000000000000 ) ) ;
#9185 = ADVANCED_FACE ( 'NONE', ( #7784 ), #8478, .T. ) ;
#9186 = ORIENTED_EDGE ( 'NONE', *, *, #266, .T. ) ;
#9187 = PLANE ( 'NONE',  #5994 ) ;
#9188 = ORIENTED_EDGE ( 'NONE', *, *, #7639, .T. ) ;
#9189 = ORIENTED_EDGE ( 'NONE', *, *, #194, .F. ) ;
#9190 = PLANE ( 'NONE',  #7474 ) ;
#9191 = ORIENTED_EDGE ( 'NONE', *, *, #3503, .T. ) ;
#9192 = VERTEX_POINT ( 'NONE', #1410 ) ;
#9193 = CARTESIAN_POINT ( 'NONE',  ( 0.7194493759633187047, 0.7194493759633292518, 4.049999999999999822 ) ) ;
#9194 = DIRECTION ( 'NONE',  ( -0.000000000000000000, -0.000000000000000000, -1.000000000000000000 ) ) ;
#9195 = CYLINDRICAL_SURFACE ( 'NONE', #3359, 3.175000000000000711 ) ;
#9196 = APPLICATION_CONTEXT ( 'configuration controlled 3d designs of mechanical parts and assemblies' ) ;
#9197 = DIRECTION ( 'NONE',  ( -0.000000000000000000, -0.000000000000000000, -1.000000000000000000 ) ) ;
#9198 = CARTESIAN_POINT ( 'NONE',  ( 12.96677170979228499, 7.933160750777782155, 3.085915785068496842 ) ) ;
#9199 = LINE ( 'NONE', #2128, #4979 ) ;
#9200 = PLANE ( 'NONE',  #3171 ) ;
#9201 = ORIENTED_EDGE ( 'NONE', *, *, #7068, .T. ) ;
#9202 = LINE ( 'NONE', #8507, #8 ) ;
#9203 = VERTEX_POINT ( 'NONE', #5602 ) ;
#9204 = CARTESIAN_POINT ( 'NONE',  ( 6.839108940646672963, -9.693270199239210072, 14.08510797874434672 ) ) ;
#9205 = ORIENTED_EDGE ( 'NONE', *, *, #7383, .F. ) ;
#9206 = CYLINDRICAL_SURFACE ( 'NONE', #7225, 8.000000000000000000 ) ;
#9207 = CYLINDRICAL_SURFACE ( 'NONE', #7217, 2.100000000000008082 ) ;
#9208 = DIRECTION ( 'NONE',  ( 0.7071067811865472397, 0.7071067811865479058, 0.000000000000000000 ) ) ;
#9209 = CARTESIAN_POINT ( 'NONE',  ( 6.896730010323575577, 9.697516450994372761, 14.94953492838987685 ) ) ;
ENDSEC;
END-ISO-10303-21;
