ISO-10303-21;
HEADER;
FILE_DESCRIPTION (( 'STEP AP203' ),
    '1' );
FILE_NAME ('228-2500-2022.step',
    '2022-06-06T19:39:42',
    ( '' ),
    ( '' ),
    'SwSTEP 2.0',
    'SolidWorks 2021',
    '' );
FILE_SCHEMA (( 'CONFIG_CONTROL_DESIGN' ));
ENDSEC;

DATA;
#1 = CARTESIAN_POINT ( 'NONE',  ( 31.91252286379453551, 3.051133787028160071, 37.53176469340958477 ) ) ;
#2 = CARTESIAN_POINT ( 'NONE',  ( -4.700000000000000178, 2.424999999999986944, 1.974817603806031441 ) ) ;
#3 = ORIENTED_EDGE ( 'NONE', *, *, #98, .F. ) ;
#4 = VERTEX_POINT ( 'NONE', #10011 ) ;
#5 = CARTESIAN_POINT ( 'NONE',  ( 44.30000000000000426, -1.016666666666666385, 13.69300376512407524 ) ) ;
#6 = EDGE_CURVE ( 'NONE', #1179, #7101, #2765, .T. ) ;
#7 = DIRECTION ( 'NONE',  ( -0.7071067811865472397, 0.000000000000000000, 0.7071067811865479058 ) ) ;
#8 = CARTESIAN_POINT ( 'NONE',  ( 43.03440395050350986, 1.700846290648292847, -6.993372730858878228 ) ) ;
#9 = CARTESIAN_POINT ( 'NONE',  ( 44.30000000000000426, -3.049999999999999822, -5.034869972618864153 ) ) ;
#10 = ORIENTED_EDGE ( 'NONE', *, *, #446, .F. ) ;
#11 = DIRECTION ( 'NONE',  ( 0.000000000000000000, -1.000000000000000000, 0.000000000000000000 ) ) ;
#12 = CARTESIAN_POINT ( 'NONE',  ( 37.03253367230245630, 4.610880422525369227, -3.963639656190613536 ) ) ;
#13 = EDGE_CURVE ( 'NONE', #4103, #5249, #2803, .T. ) ;
#14 = LINE ( 'NONE', #6269, #10067 ) ;
#15 = CARTESIAN_POINT ( 'NONE',  ( 26.67457683256908396, 3.050000000000020250, 30.77780926349575452 ) ) ;
#16 = LINE ( 'NONE', #2550, #9896 ) ;
#17 = ORIENTED_EDGE ( 'NONE', *, *, #8769, .T. ) ;
#18 = VERTEX_POINT ( 'NONE', #8856 ) ;
#19 = ORIENTED_EDGE ( 'NONE', *, *, #3378, .F. ) ;
#20 = DIRECTION ( 'NONE',  ( -1.000000000000000000, 0.000000000000000000, 0.000000000000000000 ) ) ;
#21 = ADVANCED_FACE ( 'NONE', ( #3771 ), #10444, .T. ) ;
#22 = CARTESIAN_POINT ( 'NONE',  ( 33.86889221386705628, 2.160259742996841315, 21.52154630890196430 ) ) ;
#23 = CARTESIAN_POINT ( 'NONE',  ( 8.290643355984006035, 2.819351960663567080, -16.35981551999784855 ) ) ;
#24 = DIRECTION ( 'NONE',  ( 0.000000000000000000, 0.000000000000000000, -1.000000000000000000 ) ) ;
#25 = DIRECTION ( 'NONE',  ( -0.000000000000000000, 1.000000000000000000, -0.000000000000000000 ) ) ;
#26 = DIRECTION ( 'NONE',  ( -0.000000000000000000, -1.000000000000000000, -0.000000000000000000 ) ) ;
#27 = ADVANCED_FACE ( 'NONE', ( #2396 ), #6223, .T. ) ;
#28 = EDGE_CURVE ( 'NONE', #3813, #7896, #3057, .T. ) ;
#29 = CARTESIAN_POINT ( 'NONE',  ( -0.5000000000000065503, 4.353727160371737348, 13.87409428215698703 ) ) ;
#30 = CALENDAR_DATE ( 2022, 6, 6 ) ;
#31 = ORIENTED_EDGE ( 'NONE', *, *, #8763, .T. ) ;
#32 = B_SPLINE_CURVE_WITH_KNOTS ( 'NONE', 3,
 ( #8775, #3902, #4576, #5489 ),
 .UNSPECIFIED., .F., .F.,
 ( 4, 4 ),
 ( 0.003946247941108232092, 0.01364327990275164201 ),
 .UNSPECIFIED. ) ;
#33 = EDGE_LOOP ( 'NONE', ( #7739, #9292, #596, #4618, #6156, #4006, #8512, #4102, #1990, #1450, #4546, #757, #10127, #5327, #181, #771, #6736, #4632 ) ) ;
#34 = CARTESIAN_POINT ( 'NONE',  ( -3.361915027453274085, 5.252156440679522476, 16.51787152021933025 ) ) ;
#35 = EDGE_CURVE ( 'NONE', #3578, #939, #3421, .T. ) ;
#36 = CARTESIAN_POINT ( 'NONE',  ( 21.90466052825726706, 2.553008042418043910, 20.10832908334085189 ) ) ;
#37 = DIRECTION ( 'NONE',  ( -0.000000000000000000, 1.000000000000000000, 0.000000000000000000 ) ) ;
#38 = CARTESIAN_POINT ( 'NONE',  ( 10.12939620402573837, -2.286000000000000032, 29.88650298521228521 ) ) ;
#39 = DIRECTION ( 'NONE',  ( -0.7071067811865477948, 0.000000000000000000, 0.7071067811865473507 ) ) ;
#40 = CARTESIAN_POINT ( 'NONE',  ( -4.199999999999999289, -3.049999999999999822, 23.25000000000000000 ) ) ;
#41 = CARTESIAN_POINT ( 'NONE',  ( 46.34692486780160436, 2.855749938492997408, -2.812351571408102213 ) ) ;
#42 = CARTESIAN_POINT ( 'NONE',  ( 29.29783334762158375, 3.324597705584992458, 8.726481178185052201 ) ) ;
#43 = B_SPLINE_SURFACE_WITH_KNOTS ( 'NONE', 3, 1, ( 
 ( #8694, #7057 ),
 ( #6325, #3029 ),
 ( #1445, #5581 ),
 ( #6383, #2389 ),
 ( #4833, #4042 ),
 ( #9600, #3197 ) ),
 .UNSPECIFIED., .F., .F., .F.,
 ( 4, 1, 1, 4 ),
 ( 2, 2 ),
 ( 0.000000000000000000, 0.1346552645983937202, 0.3681235791081031716, 0.4861860958089753160 ),
 ( 0.000000000000000000, 1.000000000000000000 ),
 .UNSPECIFIED. ) ;
#44 = ADVANCED_FACE ( 'NONE', ( #9493 ), #2291, .F. ) ;
#45 = CARTESIAN_POINT ( 'NONE',  ( 35.79461640058618599, 1.594796437575814352, 30.71094943257402576 ) ) ;
#46 = CARTESIAN_POINT ( 'NONE',  ( 5.144790323749769634, 2.635999999999999233, -19.80573310411192978 ) ) ;
#47 = CARTESIAN_POINT ( 'NONE',  ( 18.35845606546604714, 2.691144095815196202, 19.43449627324411466 ) ) ;
#48 = CARTESIAN_POINT ( 'NONE',  ( 0.5000000000000000000, -2.286000000000000032, -22.22500000000000142 ) ) ;
#49 = CARTESIAN_POINT ( 'NONE',  ( 40.04618334688559145, -3.050000000000003819, -7.660667425314104939 ) ) ;
#50 = AXIS2_PLACEMENT_3D ( 'NONE', #5334, #6253, #10253 ) ;
#51 = DIRECTION ( 'NONE',  ( 0.000000000000000000, 0.000000000000000000, 1.000000000000000000 ) ) ;
#52 = B_SPLINE_CURVE_WITH_KNOTS ( 'NONE', 3,
 ( #3969, #7200, #840, #7301, #3276, #9740, #2480 ),
 .UNSPECIFIED., .F., .F.,
 ( 4, 3, 4 ),
 ( 0.007121693762810809430, 0.007622511632180580671, 0.01018941377483071307 ),
 .UNSPECIFIED. ) ;
#53 = CARTESIAN_POINT ( 'NONE',  ( 33.33962867263043250, 2.114700550473044061, -7.907227750311043302 ) ) ;
#54 = ORIENTED_EDGE ( 'NONE', *, *, #8226, .T. ) ;
#55 = ORIENTED_EDGE ( 'NONE', *, *, #2654, .T. ) ;
#56 = CARTESIAN_POINT ( 'NONE',  ( -1.602788469411837724, 4.263636477211284692, -14.09797535424334214 ) ) ;
#57 = PLANE ( 'NONE',  #3500 ) ;
#58 = CARTESIAN_POINT ( 'NONE',  ( 16.23753921553213786, 7.420545500269754235, 3.845986991951101608 ) ) ;
#59 = CARTESIAN_POINT ( 'NONE',  ( -4.699999999999999289, 0.000000000000000000, -18.55000000000000071 ) ) ;
#60 = VECTOR ( 'NONE', #2398, 1000.000000000000000 ) ;
#61 = VERTEX_POINT ( 'NONE', #1709 ) ;
#62 = CARTESIAN_POINT ( 'NONE',  ( 12.87985763222340552, 1.877578295452144497, -21.24833970957440243 ) ) ;
#63 = CARTESIAN_POINT ( 'NONE',  ( -4.206891550956104453, 3.924999999999987388, 2.475706400512054373 ) ) ;
#64 = DIRECTION ( 'NONE',  ( 0.000000000000000000, -1.000000000000000000, -0.000000000000000000 ) ) ;
#65 = CARTESIAN_POINT ( 'NONE',  ( 25.57783057601033150, 3.050000000000010925, 29.82396802286024950 ) ) ;
#66 = DIRECTION ( 'NONE',  ( 0.000000000000000000, 0.000000000000000000, 1.000000000000000000 ) ) ;
#67 = ORIENTED_EDGE ( 'NONE', *, *, #333, .F. ) ;
#68 = EDGE_LOOP ( 'NONE', ( #6387, #8553, #3858, #9663 ) ) ;
#69 = VECTOR ( 'NONE', #2905, 1000.000000000000000 ) ;
#70 = DIRECTION ( 'NONE',  ( 0.000000000000000000, 1.000000000000000000, 0.000000000000000000 ) ) ;
#71 = ORIENTED_EDGE ( 'NONE', *, *, #7319, .T. ) ;
#72 = CARTESIAN_POINT ( 'NONE',  ( 0.000000000000000000, -2.286000000000000032, 31.75000000000000000 ) ) ;
#73 = AXIS2_PLACEMENT_3D ( 'NONE', #4494, #324, #6787 ) ;
#74 = CARTESIAN_POINT ( 'NONE',  ( 6.045682713239593831, 3.340372213817685232, 17.66094074632795952 ) ) ;
#75 = CARTESIAN_POINT ( 'NONE',  ( -4.546501241834550855E-16, 2.286000000000000032, -15.82500000000000284 ) ) ;
#76 = DIRECTION ( 'NONE',  ( 3.412570772413391368E-15, 1.000000000000000000, 2.275047181608927447E-15 ) ) ;
#77 = CARTESIAN_POINT ( 'NONE',  ( 12.42947177860802199, -1.016666666666666385, -25.21326748342012181 ) ) ;
#78 = B_SPLINE_CURVE_WITH_KNOTS ( 'NONE', 3,
 ( #9141, #306, #9836, #2587 ),
 .UNSPECIFIED., .F., .F.,
 ( 4, 4 ),
 ( 0.004040528025244734950, 0.005053352311577927192 ),
 .UNSPECIFIED. ) ;
#79 = CARTESIAN_POINT ( 'NONE',  ( -4.452725133797536650, 2.465760455211460922, -21.39801512995381572 ) ) ;
#80 = AXIS2_PLACEMENT_3D ( 'NONE', #8796, #10320, #1547 ) ;
#81 = CARTESIAN_POINT ( 'NONE',  ( 35.29988259888150282, 1.568690393185079746, 20.64932816184277442 ) ) ;
#82 = EDGE_CURVE ( 'NONE', #4989, #4947, #6592, .T. ) ;
#83 = ORIENTED_EDGE ( 'NONE', *, *, #9073, .T. ) ;
#84 = EDGE_LOOP ( 'NONE', ( #2328, #9994, #9807, #10201 ) ) ;
#85 = ORIENTED_EDGE ( 'NONE', *, *, #3701, .T. ) ;
#86 = AXIS2_PLACEMENT_3D ( 'NONE', #8089, #6712, #51 ) ;
#87 = ORIENTED_EDGE ( 'NONE', *, *, #3448, .F. ) ;
#88 = AXIS2_PLACEMENT_3D ( 'NONE', #2738, #3490, #9144 ) ;
#89 = EDGE_CURVE ( 'NONE', #10455, #666, #5844, .T. ) ;
#90 = CARTESIAN_POINT ( 'NONE',  ( -1.882415063372347763, 3.666608413433893876, 22.81470797436571374 ) ) ;
#91 = CARTESIAN_POINT ( 'NONE',  ( 0.5000000000000000000, 2.636000000109106622, -13.87409428215698881 ) ) ;
#92 = CARTESIAN_POINT ( 'NONE',  ( 0.000000000000000000, -3.049999999999999822, 23.75000000000000000 ) ) ;
#93 = PLANE ( 'NONE',  #8215 ) ;
#94 = CARTESIAN_POINT ( 'NONE',  ( 37.73233246389614948, 2.277016688407169198, -2.099999999999996092 ) ) ;
#95 = CARTESIAN_POINT ( 'NONE',  ( 44.93664073375195755, 3.058976874615807251, -5.612532785621397124 ) ) ;
#96 = B_SPLINE_CURVE_WITH_KNOTS ( 'NONE', 3,
 ( #5750, #1617, #23, #8157 ),
 .UNSPECIFIED., .F., .F.,
 ( 4, 4 ),
 ( 0.001215574833620128086, 0.003432691293084142760 ),
 .UNSPECIFIED. ) ;
#97 = CARTESIAN_POINT ( 'NONE',  ( 21.19971253759409535, 4.222025848329781006, 7.763693911652226554 ) ) ;
#98 = EDGE_CURVE ( 'NONE', #1000, #3767, #2006, .T. ) ;
#99 = CARTESIAN_POINT ( 'NONE',  ( 17.39238441727515294, 3.299827976741190216, 16.50002763895021118 ) ) ;
#100 = CARTESIAN_POINT ( 'NONE',  ( 17.03812601927056747, 5.428222697771609262, 3.174999999999099654 ) ) ;
#101 =( BOUNDED_SURFACE ( )  B_SPLINE_SURFACE ( 2, 3, ( 
 ( #9215, #9369, #2172, #2758, #4499, #8468, #6842, #6004, #6944, #2912 ),
 ( #6056, #4399, #7680, #2063, #1969, #9266, #5198, #1126, #7783, #6161 ),
 ( #2972, #5245, #10159, #425, #6217, #5355, #3656, #3604, #8423, #5409 ) ),
 .UNSPECIFIED., .F., .F., .F. ) 
 B_SPLINE_SURFACE_WITH_KNOTS ( ( 3, 3 ),
 ( 4, 2, 2, 2, 4 ),
 ( 0.000000000000000000, 1.000000000000000000 ),
 ( 0.007550130687740082280, 0.01312355448558832904, 0.01869697828343657581, 0.02427040208128482257, 0.02984382587913306586 ),
 .UNSPECIFIED. ) 
 GEOMETRIC_REPRESENTATION_ITEM ( )  RATIONAL_B_SPLINE_SURFACE ( (
 ( 1.000000000000000000, 1.000000000000000000, 1.000000000000000000, 1.000000000000000000, 1.000000000000000000, 1.000000000000000000, 1.000000000000000000, 1.000000000000000000, 1.000000000000000000, 1.000000000000000000),
 ( 0.7527097112513065902, 0.7594075737242060864, 0.7627136431760593860, 0.7666290758147146223, 0.7671595267663365858, 0.7663764778329934524, 0.7650345987271400805, 0.7604580047313882485, 0.7572132624309486637, 0.7527214915990463329),
 ( 1.000000000000000000, 1.000000000000000000, 1.000000000000000000, 1.000000000000000000, 1.000000000000000000, 1.000000000000000000, 1.000000000000000000, 1.000000000000000000, 1.000000000000000000, 1.000000000000000000) ) ) 
 REPRESENTATION_ITEM ( '' )  SURFACE ( )  );
#102 = CARTESIAN_POINT ( 'NONE',  ( 2.106264241026988504, 1.910078503668979133, -23.33545554337281303 ) ) ;
#103 = B_SPLINE_CURVE_WITH_KNOTS ( 'NONE', 3,
 ( #9145, #1894, #9098, #6823, #5125, #4478, #3689, #10096 ),
 .UNSPECIFIED., .F., .F.,
 ( 4, 2, 2, 4 ),
 ( 3.632653160366052557E-15, 0.0003321984412376346118, 0.0006643968824716364957, 0.001328793764939650455 ),
 .UNSPECIFIED. ) ;
#104 = DIRECTION ( 'NONE',  ( 1.224646799147352714E-16, 0.000000000000000000, 1.000000000000000000 ) ) ;
#105 = CARTESIAN_POINT ( 'NONE',  ( 36.69387817845056077, 3.350334429950228454, -10.02105231359576720 ) ) ;
#106 = CARTESIAN_POINT ( 'NONE',  ( 34.40784126481213434, 2.086082138005565856, -7.165908285362243113 ) ) ;
#107 = ORIENTED_EDGE ( 'NONE', *, *, #8615, .T. ) ;
#108 = CIRCLE ( 'NONE', #8054, 3.175000000000000711 ) ;
#109 = CARTESIAN_POINT ( 'NONE',  ( -2.389000000000000234, 3.924999999999992717, 12.34999999999999787 ) ) ;
#110 = CARTESIAN_POINT ( 'NONE',  ( 10.03117206214534107, 4.640033806741305611, -16.93780033852175038 ) ) ;
#111 = DIRECTION ( 'NONE',  ( 1.000000000000000000, 0.000000000000000000, 2.587956596580264873E-15 ) ) ;
#112 = CARTESIAN_POINT ( 'NONE',  ( 5.175905717843011900, 2.635999999995419785, -19.55000000000000071 ) ) ;
#113 = ORIENTED_EDGE ( 'NONE', *, *, #1708, .F. ) ;
#114 = CARTESIAN_POINT ( 'NONE',  ( 12.86700893459561712, -2.285999999999999144, 25.25000000000000000 ) ) ;
#115 = CARTESIAN_POINT ( 'NONE',  ( -2.133543437776343143, 5.487508150044294375, -15.42180143547516025 ) ) ;
#116 = AXIS2_PLACEMENT_3D ( 'NONE', #9385, #8712, #7178 ) ;
#117 = AXIS2_PLACEMENT_3D ( 'NONE', #5462, #8692, #645 ) ;
#118 = DIRECTION ( 'NONE',  ( 1.000000000000000000, -0.000000000000000000, -0.000000000000000000 ) ) ;
#119 = CARTESIAN_POINT ( 'NONE',  ( 39.84174769430144636, 3.050000000000000711, 27.01510415892410677 ) ) ;
#120 = CARTESIAN_POINT ( 'NONE',  ( 38.54443461209416455, 1.878794969456976993, -4.014870866360102042 ) ) ;
#121 = CARTESIAN_POINT ( 'NONE',  ( 15.27099842614388336, 5.797252319547783195, 4.724055100093928594 ) ) ;
#122 = EDGE_LOOP ( 'NONE', ( #8205, #6555, #2385, #3 ) ) ;
#123 = VERTEX_POINT ( 'NONE', #3750 ) ;
#124 = ORIENTED_EDGE ( 'NONE', *, *, #1567, .F. ) ;
#125 = AXIS2_PLACEMENT_3D ( 'NONE', #8172, #1629, #9778 ) ;
#126 = VECTOR ( 'NONE', #4460, 1000.000000000000000 ) ;
#127 = CARTESIAN_POINT ( 'NONE',  ( 44.29999999999227356, -0.5589452964137218149, -5.951212292921008284 ) ) ;
#128 = LINE ( 'NONE', #4050, #2493 ) ;
#129 = CARTESIAN_POINT ( 'NONE',  ( 19.63937490567455413, 3.050000000000000266, 26.46425558262120248 ) ) ;
#130 = DIRECTION ( 'NONE',  ( 1.000000000000000000, -0.000000000000000000, -0.000000000000000000 ) ) ;
#131 = CARTESIAN_POINT ( 'NONE',  ( 44.29999999999998295, -1.016666666666666385, -5.937663020359962296 ) ) ;
#132 = CARTESIAN_POINT ( 'NONE',  ( 28.91953937640819206, 2.286000000000009358, 35.59343593660189242 ) ) ;
#133 = AXIS2_PLACEMENT_3D ( 'NONE', #2436, #6480, #8795 ) ;
#134 = EDGE_CURVE ( 'NONE', #1683, #2231, #5449, .T. ) ;
#135 = ORIENTED_EDGE ( 'NONE', *, *, #7209, .T. ) ;
#136 = ORIENTED_EDGE ( 'NONE', *, *, #6625, .T. ) ;
#137 = ORIENTED_EDGE ( 'NONE', *, *, #6929, .F. ) ;
#138 = ORIENTED_EDGE ( 'NONE', *, *, #1880, .F. ) ;
#139 = LINE ( 'NONE', #4358, #8321 ) ;
#140 = CARTESIAN_POINT ( 'NONE',  ( 19.54891800476914199, 2.245313095872017328, 19.03051851243886716 ) ) ;
#141 = LINE ( 'NONE', #3218, #8673 ) ;
#142 = CARTESIAN_POINT ( 'NONE',  ( 42.94353991473134613, 3.390707473085039503, 0.0007265308738261487802 ) ) ;
#143 = EDGE_CURVE ( 'NONE', #1493, #2495, #8191, .T. ) ;
#144 = FACE_OUTER_BOUND ( 'NONE', #9805, .T. ) ;
#145 = CARTESIAN_POINT ( 'NONE',  ( 46.21548261335802721, 3.067953749231613347, -4.348494509947200548 ) ) ;
#146 = CARTESIAN_POINT ( 'NONE',  ( 33.16343302550500027, 2.787468988631223610, 9.488198774738426877 ) ) ;
#147 = EDGE_CURVE ( 'NONE', #9865, #3428, #9138, .T. ) ;
#148 = EDGE_CURVE ( 'NONE', #5250, #8419, #8591, .T. ) ;
#149 = CARTESIAN_POINT ( 'NONE',  ( 23.86954658086482794, 2.275285901614199524, 22.15763375778262656 ) ) ;
#150 = B_SPLINE_CURVE_WITH_KNOTS ( 'NONE', 3,
 ( #7175, #10338, #2925, #1395 ),
 .UNSPECIFIED., .F., .F.,
 ( 4, 4 ),
 ( 0.000000000000000000, 1.000000000000000000 ),
 .UNSPECIFIED. ) ;
#151 = CARTESIAN_POINT ( 'NONE',  ( 0.9499728015283157578, 2.959290416916104949, 19.44117884861357126 ) ) ;
#152 = CARTESIAN_POINT ( 'NONE',  ( 0.000000000000000000, 2.286000000000000032, 19.05000000000000071 ) ) ;
#153 = LINE ( 'NONE', #5614, #5275 ) ;
#154 = DIRECTION ( 'NONE',  ( 0.000000000000000000, 0.000000000000000000, 1.000000000000000000 ) ) ;
#155 = EDGE_CURVE ( 'NONE', #7772, #2068, #8737, .T. ) ;
#156 = DIRECTION ( 'NONE',  ( 1.000000000000000000, -0.000000000000000000, -0.000000000000000000 ) ) ;
#157 = B_SPLINE_CURVE_WITH_KNOTS ( 'NONE', 3,
 ( #9290, #4371, #6768, #5113, #8549, #4271, #3575, #300, #7704, #399 ),
 .UNSPECIFIED., .F., .F.,
 ( 4, 2, 2, 2, 4 ),
 ( 6.579232161065577361E-16, 0.0004033223476083892963, 0.0008066446952161205903, 0.001209967042823851830, 0.001613289390431583287 ),
 .UNSPECIFIED. ) ;
#158 = CARTESIAN_POINT ( 'NONE',  ( -0.000000000000000000, -3.049999999999999822, -12.84999999999999964 ) ) ;
#159 = EDGE_CURVE ( 'NONE', #6404, #5635, #8224, .T. ) ;
#160 = CARTESIAN_POINT ( 'NONE',  ( 8.290643552261336424, 3.334851839272387597, -16.35981585996015042 ) ) ;
#161 = CARTESIAN_POINT ( 'NONE',  ( -0.8890000000000007896, 6.676890789411264571, 4.500227598685903274 ) ) ;
#162 = CARTESIAN_POINT ( 'NONE',  ( -4.179872422616641714, 2.678857799572326392, -25.21921751791635913 ) ) ;
#163 = ORIENTED_EDGE ( 'NONE', *, *, #4582, .T. ) ;
#164 = CARTESIAN_POINT ( 'NONE',  ( -1.895233660445558410, 4.354600414132101527, -13.77204001298284020 ) ) ;
#165 = CARTESIAN_POINT ( 'NONE',  ( 24.19290562530130018, 2.137924359411782493, 19.44977402753163176 ) ) ;
#166 = CARTESIAN_POINT ( 'NONE',  ( -3.523657060577888917E-16, 3.554936833065815982, 23.25000000000000355 ) ) ;
#167 = CARTESIAN_POINT ( 'NONE',  ( 16.01464017328647671, 3.050000000000042899, 25.51598491379551703 ) ) ;
#168 = CARTESIAN_POINT ( 'NONE',  ( 29.94757145113845809, 1.729231653239195143, -15.06849841193698047 ) ) ;
#169 = CARTESIAN_POINT ( 'NONE',  ( 16.15545396768565212, 6.162149317678609961, 2.458738710583547427 ) ) ;
#170 = ORIENTED_EDGE ( 'NONE', *, *, #8091, .F. ) ;
#171 = EDGE_LOOP ( 'NONE', ( #8152, #3215, #2136, #1738, #1824, #2040 ) ) ;
#172 = VERTEX_POINT ( 'NONE', #10451 ) ;
#173 = ORIENTED_EDGE ( 'NONE', *, *, #4994, .T. ) ;
#174 = CARTESIAN_POINT ( 'NONE',  ( 44.30000000000778471, -2.236649486278042609, -5.945613820349755052 ) ) ;
#175 = CARTESIAN_POINT ( 'NONE',  ( 28.41015423893993486, 3.968534333652997681, 20.44095213401360311 ) ) ;
#176 = CARTESIAN_POINT ( 'NONE',  ( 23.71798044544667050, 3.050000000000000711, 28.47845382058048713 ) ) ;
#177 = CARTESIAN_POINT ( 'NONE',  ( 32.12299493312961829, -3.049999999999999822, 35.75000000000254374 ) ) ;
#178 = PLANE ( 'NONE',  #7229 ) ;
#179 = CARTESIAN_POINT ( 'NONE',  ( -0.8890000000000000124, -3.049999999999999822, 12.84999999999999964 ) ) ;
#180 = ORIENTED_EDGE ( 'NONE', *, *, #2013, .F. ) ;
#181 = ORIENTED_EDGE ( 'NONE', *, *, #8271, .F. ) ;
#182 = ORIENTED_EDGE ( 'NONE', *, *, #1370, .T. ) ;
#183 = ORIENTED_EDGE ( 'NONE', *, *, #155, .T. ) ;
#184 = CARTESIAN_POINT ( 'NONE',  ( 36.94342130321557960, 2.646052888097232270, 2.174999999999982503 ) ) ;
#185 = LINE ( 'NONE', #5003, #6562 ) ;
#186 = CARTESIAN_POINT ( 'NONE',  ( 15.27099842614388159, 5.285633061176468139, 4.724055100093921489 ) ) ;
#187 = CARTESIAN_POINT ( 'NONE',  ( 28.76012610227512667, 3.058335167111181363, -9.795069203963892690 ) ) ;
#188 = LINE ( 'NONE', #2626, #10242 ) ;
#189 = PLANE ( 'NONE',  #4134 ) ;
#190 = DIRECTION ( 'NONE',  ( 0.000000000000000000, -1.000000000000000000, 0.000000000000000000 ) ) ;
#191 = CARTESIAN_POINT ( 'NONE',  ( 18.65035310850262107, 2.660505235915104905, 16.93878661388722406 ) ) ;
#192 = EDGE_CURVE ( 'NONE', #8073, #7276, #5182, .T. ) ;
#193 = EDGE_CURVE ( 'NONE', #7018, #1599, #5701, .T. ) ;
#194 = CARTESIAN_POINT ( 'NONE',  ( 27.30667601429157898, 4.597742937041627620, 4.488442167257488791 ) ) ;
#195 = CARTESIAN_POINT ( 'NONE',  ( -4.700000000000000178, 3.174999999999987388, 6.349999999999999645 ) ) ;
#196 = CARTESIAN_POINT ( 'NONE',  ( 8.444418044455584749, 5.547193682997972886, -13.60381162667565036 ) ) ;
#197 = PLANE ( 'NONE',  #5538 ) ;
#198 = EDGE_CURVE ( 'NONE', #5757, #1150, #3307, .T. ) ;
#199 = CARTESIAN_POINT ( 'NONE',  ( 44.30000000000000426, -3.049999999999999822, -1.207950251375300763E-14 ) ) ;
#200 = ORIENTED_EDGE ( 'NONE', *, *, #9604, .T. ) ;
#201 = ORIENTED_EDGE ( 'NONE', *, *, #9386, .F. ) ;
#202 = CARTESIAN_POINT ( 'NONE',  ( -0.7245480351342774572, 4.296378182315604199, -13.89578594805747080 ) ) ;
#203 = EDGE_CURVE ( 'NONE', #10102, #4794, #3799, .T. ) ;
#204 = DIRECTION ( 'NONE',  ( 0.000000000000000000, -1.000000000000000000, 0.000000000000000000 ) ) ;
#205 = CARTESIAN_POINT ( 'NONE',  ( 41.64821255150765467, -3.050000000000000266, 11.94681550391384839 ) ) ;
#206 = CARTESIAN_POINT ( 'NONE',  ( -4.748105113912173714, 2.947611171523037310, -25.14238875371616189 ) ) ;
#207 = DIRECTION ( 'NONE',  ( 0.000000000000000000, -1.000000000000000000, -0.000000000000000000 ) ) ;
#208 = CARTESIAN_POINT ( 'NONE',  ( 22.39042184612824471, 5.624521098156113119, -1.100000000000735279 ) ) ;
#209 = VECTOR ( 'NONE', #3092, 1000.000000000000000 ) ;
#210 = DIRECTION ( 'NONE',  ( -1.000000000000000000, 0.000000000000000000, 0.000000000000000000 ) ) ;
#211 = CARTESIAN_POINT ( 'NONE',  ( 18.64708653571859287, 3.049999999999999822, 26.13380496550243492 ) ) ;
#212 = DIRECTION ( 'NONE',  ( 0.000000000000000000, -1.000000000000000000, 0.000000000000000000 ) ) ;
#213 = CARTESIAN_POINT ( 'NONE',  ( 16.02551506008718007, 6.158211702025265133, 2.544616042891017837 ) ) ;
#214 = EDGE_CURVE ( 'NONE', #380, #9005, #4054, .T. ) ;
#215 = ORIENTED_EDGE ( 'NONE', *, *, #28, .T. ) ;
#216 = EDGE_LOOP ( 'NONE', ( #1016, #3048, #5259, #3868 ) ) ;
#217 = ORIENTED_EDGE ( 'NONE', *, *, #1458, .T. ) ;
#218 = B_SPLINE_CURVE_WITH_KNOTS ( 'NONE', 3,
 ( #6064, #5099, #9274, #2024, #10014, #5253, #1228, #4455, #3667, #6903, #10120, #4621, #2983, #9380, #7120, #9554, #9439, #2180 ),
 .UNSPECIFIED., .F., .F.,
 ( 4, 2, 2, 2, 2, 2, 2, 2, 4 ),
 ( 0.001510026296735364612, 0.005407397847101374708, 0.009304769397467384587, 0.01320214094783339447, 0.01709951249819940261, 0.02099688404856540902, 0.02489425559893142237, 0.02879162714929742184, 0.03268899869966342825 ),
 .UNSPECIFIED. ) ;
#219 = ORIENTED_EDGE ( 'NONE', *, *, #9852, .F. ) ;
#220 = CIRCLE ( 'NONE', #2420, 2.100000000000004530 ) ;
#221 = CARTESIAN_POINT ( 'NONE',  ( 32.09466722563806229, 2.131093248746596114, 22.95401003784633076 ) ) ;
#222 = CARTESIAN_POINT ( 'NONE',  ( 30.01131565710609195, 5.764687963522199254, -2.100000000000000089 ) ) ;
#223 = DIRECTION ( 'NONE',  ( 0.000000000000000000, 0.000000000000000000, 1.000000000000000000 ) ) ;
#224 = CARTESIAN_POINT ( 'NONE',  ( 29.62541894764057915, 0.7859999999999998099, 34.25000813203591576 ) ) ;
#225 = VECTOR ( 'NONE', #8783, 1000.000000000000000 ) ;
#226 = CARTESIAN_POINT ( 'NONE',  ( 31.68579669920319830, -3.049999999999999822, 34.25000000000000000 ) ) ;
#227 = DIRECTION ( 'NONE',  ( 0.000000000000000000, 0.7071067811865463515, -0.7071067811865487940 ) ) ;
#228 = CARTESIAN_POINT ( 'NONE',  ( 1.957198252604980260, -2.286000000000000032, 34.25000000000000000 ) ) ;
#229 = VECTOR ( 'NONE', #3094, 1000.000000000000000 ) ;
#230 = ORIENTED_EDGE ( 'NONE', *, *, #2206, .T. ) ;
#231 = ORIENTED_EDGE ( 'NONE', *, *, #4808, .F. ) ;
#232 = ORIENTED_EDGE ( 'NONE', *, *, #1511, .T. ) ;
#233 = VECTOR ( 'NONE', #5019, 1000.000000000000000 ) ;
#234 = VERTEX_POINT ( 'NONE', #9499 ) ;
#235 = CARTESIAN_POINT ( 'NONE',  ( 3.135382751754560271, 1.136000000000000343, -18.55000000000000071 ) ) ;
#236 = CARTESIAN_POINT ( 'NONE',  ( 13.03223399260671300, 5.942294412446694096, -2.008756561085481174 ) ) ;
#237 = CARTESIAN_POINT ( 'NONE',  ( 17.29975218963375028, 1.794598719498367689, 24.21780107126400949 ) ) ;
#238 = PLANE ( 'NONE',  #8008 ) ;
#239 = DIRECTION ( 'NONE',  ( 0.000000000000000000, -1.000000000000000000, 0.000000000000000000 ) ) ;
#240 = CARTESIAN_POINT ( 'NONE',  ( 3.175000000000001155, -2.286000000000000032, -19.55000000000000071 ) ) ;
#241 = AXIS2_PLACEMENT_3D ( 'NONE', #3906, #8079, #6411 ) ;
#242 = CARTESIAN_POINT ( 'NONE',  ( 0.000000000000000000, 9.402733490373224257, -19.05000000000000071 ) ) ;
#243 = CARTESIAN_POINT ( 'NONE',  ( 14.32987544488716480, 2.212963881357046247, 19.60142086041532750 ) ) ;
#244 = CARTESIAN_POINT ( 'NONE',  ( 10.62736069498282632, 2.537143981867571174, -16.95625608541687157 ) ) ;
#245 = CIRCLE ( 'NONE', #2777, 3.700000000000001954 ) ;
#246 = VECTOR ( 'NONE', #2835, 1000.000000000000000 ) ;
#247 = CARTESIAN_POINT ( 'NONE',  ( 27.05776486492355559, 2.743556500778848495, 18.42391130833521018 ) ) ;
#248 = DIRECTION ( 'NONE',  ( 0.000000000000000000, 0.000000000000000000, 1.000000000000000000 ) ) ;
#249 = VECTOR ( 'NONE', #10468, 1000.000000000000000 ) ;
#250 = CARTESIAN_POINT ( 'NONE',  ( 19.53185579432284769, 2.120213016101824444, -20.75721521465272446 ) ) ;
#251 = DIRECTION ( 'NONE',  ( -1.000000000000000000, 0.000000000000000000, 0.000000000000000000 ) ) ;
#252 = AXIS2_PLACEMENT_3D ( 'NONE', #408, #2797, #8302 ) ;
#253 = VERTEX_POINT ( 'NONE', #5367 ) ;
#254 = DIRECTION ( 'NONE',  ( -0.000000000000000000, 1.000000000000000000, -0.000000000000000000 ) ) ;
#255 = CARTESIAN_POINT ( 'NONE',  ( 1.863497014787711681, 500000.0000000000582, 29.17939620402573908 ) ) ;
#256 = CARTESIAN_POINT ( 'NONE',  ( -0.5000000000000000000, -2.286000000000000032, -22.22500000000000142 ) ) ;
#257 = CARTESIAN_POINT ( 'NONE',  ( -4.749388965776780047, 2.948169675610450291, -25.14202370581793033 ) ) ;
#258 = EDGE_CURVE ( 'NONE', #9791, #10279, #150, .T. ) ;
#259 = FACE_OUTER_BOUND ( 'NONE', #651, .T. ) ;
#260 = CARTESIAN_POINT ( 'NONE',  ( 6.200000000000001954, 2.628427980153681176, 20.61709070582559278 ) ) ;
#261 = DIRECTION ( 'NONE',  ( 0.000000000000000000, -1.000000000000000000, 0.000000000000000000 ) ) ;
#262 = CARTESIAN_POINT ( 'NONE',  ( 22.00753717047543034, 2.285999999999983601, 28.99224012255024263 ) ) ;
#263 = CARTESIAN_POINT ( 'NONE',  ( 34.33557527369075757, 3.162178263314688653, -3.851403973228978206 ) ) ;
#264 = EDGE_CURVE ( 'NONE', #8315, #6507, #9748, .T. ) ;
#265 = DIRECTION ( 'NONE',  ( -0.000000000000000000, -1.000000000000000000, -0.000000000000000000 ) ) ;
#266 = EDGE_CURVE ( 'NONE', #7320, #965, #9857, .T. ) ;
#267 = ORIENTED_EDGE ( 'NONE', *, *, #6874, .T. ) ;
#268 = EDGE_LOOP ( 'NONE', ( #10105, #2871, #4877, #5850, #10185, #6007 ) ) ;
#269 = ORIENTED_EDGE ( 'NONE', *, *, #1289, .F. ) ;
#270 = ORIENTED_EDGE ( 'NONE', *, *, #1174, .F. ) ;
#271 = CARTESIAN_POINT ( 'NONE',  ( 42.88902002922790047, 3.355000000000005755, -7.165897858374420615 ) ) ;
#272 = DIRECTION ( 'NONE',  ( 0.000000000000000000, 0.000000000000000000, 1.000000000000000000 ) ) ;
#273 = CARTESIAN_POINT ( 'NONE',  ( 0.000000000000000000, -3.049999999999999822, 12.84999999999999964 ) ) ;
#274 = CIRCLE ( 'NONE', #116, 4.200000000000001954 ) ;
#275 = CARTESIAN_POINT ( 'NONE',  ( -3.060203748147237057, 2.159971124466099734, 22.65467609938576032 ) ) ;
#276 = AXIS2_PLACEMENT_3D ( 'NONE', #2238, #712, #6955 ) ;
#277 = EDGE_CURVE ( 'NONE', #4631, #8219, #3664, .T. ) ;
#278 = CARTESIAN_POINT ( 'NONE',  ( -6.199999999999961098, 9.399999999999977263, 0.000000000000000000 ) ) ;
#279 = CARTESIAN_POINT ( 'NONE',  ( 32.60809949258616314, 2.100872034616191542, 23.11925940892978204 ) ) ;
#280 = CARTESIAN_POINT ( 'NONE',  ( 32.63186465182258900, 3.058473764061473865, 35.68417982860889026 ) ) ;
#281 = EDGE_CURVE ( 'NONE', #6749, #9436, #786, .T. ) ;
#282 = ORIENTED_EDGE ( 'NONE', *, *, #7224, .T. ) ;
#283 = AXIS2_PLACEMENT_3D ( 'NONE', #6337, #2295, #5541 ) ;
#284 = EDGE_LOOP ( 'NONE', ( #85, #2345, #9152, #4708, #1452 ) ) ;
#285 = CIRCLE ( 'NONE', #2813, 3.174999999999997158 ) ;
#286 = ORIENTED_EDGE ( 'NONE', *, *, #7503, .F. ) ;
#287 = DIRECTION ( 'NONE',  ( 0.000000000000000000, 0.000000000000000000, -1.000000000000000000 ) ) ;
#288 = DIRECTION ( 'NONE',  ( -1.000000000000000000, 0.000000000000000000, 0.000000000000000000 ) ) ;
#289 = CARTESIAN_POINT ( 'NONE',  ( 12.69999999999999929, 2.286000000000000032, 33.85000000000000853 ) ) ;
#290 = DIRECTION ( 'NONE',  ( -1.000000000000000000, 0.000000000000000000, -2.797941090285164208E-16 ) ) ;
#291 = CIRCLE ( 'NONE', #8921, 3.174999999999999378 ) ;
#292 = DIRECTION ( 'NONE',  ( -1.000000000000000000, 0.000000000000000000, 0.000000000000000000 ) ) ;
#293 = CIRCLE ( 'NONE', #3662, 4.438999999996125823 ) ;
#294 = CARTESIAN_POINT ( 'NONE',  ( 28.66359200013817699, 5.852979263102095153, -6.113669817389692618 ) ) ;
#295 = CARTESIAN_POINT ( 'NONE',  ( 16.67126163429908914, 5.238979853819770049, 4.392414075372205851 ) ) ;
#296 = CARTESIAN_POINT ( 'NONE',  ( -4.700000000000000178, 3.924999999999987388, 0.7500000000000003331 ) ) ;
#297 = CARTESIAN_POINT ( 'NONE',  ( 15.83430396219685043, 6.713758945716186588, -0.2744242901399872037 ) ) ;
#298 = PLANE ( 'NONE',  #9875 ) ;
#299 = CARTESIAN_POINT ( 'NONE',  ( -2.982133224795346038, 3.049999636291519156, -25.18657677188632249 ) ) ;
#300 = CARTESIAN_POINT ( 'NONE',  ( 32.77645519986958078, 1.666460911361309805, 22.13808671494654590 ) ) ;
#301 = ORIENTED_EDGE ( 'NONE', *, *, #3576, .T. ) ;
#302 = EDGE_CURVE ( 'NONE', #8806, #9240, #10068, .T. ) ;
#303 = B_SPLINE_CURVE_WITH_KNOTS ( 'NONE', 3,
 ( #9942, #10094, #6726, #2690, #6773, #2641, #5930, #3436, #1005, #4427, #9246, #1995, #2845, #9143, #6820, #9986, #6085, #5224, #1102, #1892, #5888, #5121, #8449, #8402, #7607, #1846, #2737, #5981, #5075, #9194, #5174, #1947, #1154, #4237, #8300, #3582, #355, #7461, #1052, #10044 ),
 .UNSPECIFIED., .F., .F.,
 ( 4, 2, 2, 2, 2, 2, 2, 2, 2, 2, 2, 2, 2, 2, 2, 2, 2, 2, 2, 4 ),
 ( 0.000000000000000000, 0.1250000000000000278, 0.1875000000000000278, 0.2500000000000000555, 0.2812500000000001110, 0.3125000000000000555, 0.3437500000000000000, 0.3750000000000000555, 0.4375000000000000000, 0.5000000000000000000, 0.5625000000000000000, 0.5937500000000001110, 0.6250000000000000000, 0.6562500000000000000, 0.6875000000000000000, 0.7187500000000000000, 0.7500000000000000000, 0.8125000000000001110, 0.8750000000000000000, 1.000000000000000000 ),
 .UNSPECIFIED. ) ;
#304 = ORIENTED_EDGE ( 'NONE', *, *, #9065, .F. ) ;
#305 = CARTESIAN_POINT ( 'NONE',  ( 28.75871740114591546, 3.434210805060175620, -4.592195640536237633 ) ) ;
#306 = CARTESIAN_POINT ( 'NONE',  ( 0.5000000000000025535, 1.611452933683306332, -23.19549675944045930 ) ) ;
#307 = DIRECTION ( 'NONE',  ( -0.7071067811865479058, 0.000000000000000000, 0.7071067811865470176 ) ) ;
#308 = CARTESIAN_POINT ( 'NONE',  ( -4.809601087316379697, 2.974353288786806271, -25.12476022994836100 ) ) ;
#309 = EDGE_CURVE ( 'NONE', #7939, #4238, #7124, .T. ) ;
#310 = DIRECTION ( 'NONE',  ( 0.000000000000000000, 0.000000000000000000, -1.000000000000000000 ) ) ;
#311 = LINE ( 'NONE', #2847, #6131 ) ;
#312 = DIRECTION ( 'NONE',  ( 0.000000000000000000, 1.000000000000000000, 0.000000000000000000 ) ) ;
#313 = CARTESIAN_POINT ( 'NONE',  ( 19.63937490567455413, 3.050000000000000266, 26.46425558262120248 ) ) ;
#314 = CARTESIAN_POINT ( 'NONE',  ( 41.03290296959921335, 1.599755317060074233, -8.069241858225488784 ) ) ;
#315 = LINE ( 'NONE', #6092, #4641 ) ;
#316 = ORIENTED_EDGE ( 'NONE', *, *, #6623, .T. ) ;
#317 = ORIENTED_EDGE ( 'NONE', *, *, #6764, .T. ) ;
#318 = ORIENTED_EDGE ( 'NONE', *, *, #5584, .F. ) ;
#319 = ADVANCED_FACE ( 'NONE', ( #2130 ), #1459, .T. ) ;
#320 = ORIENTED_EDGE ( 'NONE', *, *, #6455, .F. ) ;
#321 = CARTESIAN_POINT ( 'NONE',  ( 43.61459722870022659, -3.075416666666376919, -6.541909514836428130 ) ) ;
#322 = DIRECTION ( 'NONE',  ( 1.000000000000000000, -0.000000000000000000, -0.000000000000000000 ) ) ;
#323 = DIRECTION ( 'NONE',  ( 0.000000000000000000, 0.000000000000000000, -1.000000000000000000 ) ) ;
#324 = DIRECTION ( 'NONE',  ( 1.000000000000000000, -0.000000000000000000, -0.000000000000000000 ) ) ;
#325 = EDGE_CURVE ( 'NONE', #6629, #1251, #4182, .T. ) ;
#326 = FACE_OUTER_BOUND ( 'NONE', #6848, .T. ) ;
#327 = CARTESIAN_POINT ( 'NONE',  ( 0.9448016719769257721, 1.880212509653015562, -23.39262301286068890 ) ) ;
#328 = CARTESIAN_POINT ( 'NONE',  ( 8.360103593673841260, 3.281245956225954608, -14.45672778154408711 ) ) ;
#329 = CARTESIAN_POINT ( 'NONE',  ( 34.23622158370593382, 3.069721430381193272, 33.26650113485283811 ) ) ;
#330 = ORIENTED_EDGE ( 'NONE', *, *, #396, .T. ) ;
#331 = ORIENTED_EDGE ( 'NONE', *, *, #1289, .T. ) ;
#332 = EDGE_LOOP ( 'NONE', ( #575, #7068, #9463, #9774 ) ) ;
#333 = EDGE_CURVE ( 'NONE', #3921, #4046, #7701, .T. ) ;
#334 = CARTESIAN_POINT ( 'NONE',  ( 41.93866739300585067, 1.933200930370240433, 17.18241174359419077 ) ) ;
#335 = DIRECTION ( 'NONE',  ( 0.000000000000000000, -1.000000000000000000, 0.000000000000000000 ) ) ;
#336 = FACE_OUTER_BOUND ( 'NONE', #1549, .T. ) ;
#337 = EDGE_CURVE ( 'NONE', #4946, #7786, #7013, .T. ) ;
#338 = CARTESIAN_POINT ( 'NONE',  ( -9.523959420588980435E-13, 4.602597152414820592, 12.84999999999691589 ) ) ;
#339 = ADVANCED_FACE ( 'NONE', ( #2986 ), #5421, .F. ) ;
#340 = CARTESIAN_POINT ( 'NONE',  ( -0.4999999999999958922, -0.5699552530855711563, -23.52043695468963236 ) ) ;
#341 = APPLICATION_CONTEXT ( 'configuration controlled 3d designs of mechanical parts and assemblies' ) ;
#342 = CARTESIAN_POINT ( 'NONE',  ( -6.199999999999952216, 7.283333333333308346, -8.416666666666667851 ) ) ;
#343 = CARTESIAN_POINT ( 'NONE',  ( 19.13393080478073571, 4.415645448016094932, 7.626951998208802763 ) ) ;
#344 = DIRECTION ( 'NONE',  ( -9.143980543418562639E-17, 0.000000000000000000, -1.000000000000000000 ) ) ;
#345 = EDGE_CURVE ( 'NONE', #2947, #546, #660, .T. ) ;
#346 = CARTESIAN_POINT ( 'NONE',  ( 15.97789911305478405, 4.202558711658779700, 12.30663625558714003 ) ) ;
#347 = DIRECTION ( 'NONE',  ( 1.000000000000000000, -0.000000000000000000, -0.000000000000000000 ) ) ;
#348 = CARTESIAN_POINT ( 'NONE',  ( 37.59140692558189301, 3.039183090529813835, -11.28980449769903593 ) ) ;
#349 = CYLINDRICAL_SURFACE ( 'NONE', #9069, 0.5000000000000004441 ) ;
#350 = CARTESIAN_POINT ( 'NONE',  ( 30.39740060505592467, 4.390363086262242476, 2.174999999999982947 ) ) ;
#351 = EDGE_LOOP ( 'NONE', ( #9573, #6469, #7166, #5776 ) ) ;
#352 = CARTESIAN_POINT ( 'NONE',  ( 12.72343828957656697, 3.603667196773986614, -12.20595888395127382 ) ) ;
#353 = CARTESIAN_POINT ( 'NONE',  ( 16.51034038153090222, -1.408942299790222563, 23.75000000000000000 ) ) ;
#354 = CARTESIAN_POINT ( 'NONE',  ( 0.000000000000000000, 2.286000000000000032, 19.05000000000000071 ) ) ;
#355 = CARTESIAN_POINT ( 'NONE',  ( 26.85335662633669429, 2.286000000000009802, 32.84640759116420128 ) ) ;
#356 = CARTESIAN_POINT ( 'NONE',  ( 12.69999999999999929, 0.7859999999999998099, 31.75000000000000000 ) ) ;
#357 = FACE_BOUND ( 'NONE', #3911, .T. ) ;
#358 = CARTESIAN_POINT ( 'NONE',  ( -1.924351844890935581, 2.549705643273140421, -20.96548241646252819 ) ) ;
#359 = CARTESIAN_POINT ( 'NONE',  ( 26.04855835880223935, 2.285999999999945409, 32.01077333492968080 ) ) ;
#360 = CARTESIAN_POINT ( 'NONE',  ( 42.48364894448184259, 1.724263955347690835, -4.555381102415115180 ) ) ;
#361 = CARTESIAN_POINT ( 'NONE',  ( 5.175905717843012788, 2.635999999995419785, 18.55000000000000071 ) ) ;
#362 = ORIENTED_EDGE ( 'NONE', *, *, #10087, .F. ) ;
#363 = VERTEX_POINT ( 'NONE', #3841 ) ;
#364 = ORIENTED_EDGE ( 'NONE', *, *, #4732, .F. ) ;
#365 = ORIENTED_EDGE ( 'NONE', *, *, #6453, .F. ) ;
#366 = CARTESIAN_POINT ( 'NONE',  ( 31.60000000000000142, -1.016666666666666385, 37.94999999999999574 ) ) ;
#367 = DIRECTION ( 'NONE',  ( -0.000000000000000000, 1.000000000000000000, 0.000000000000000000 ) ) ;
#368 = CARTESIAN_POINT ( 'NONE',  ( 9.518329979527754503, 3.052584894236903601, -16.48623112774832222 ) ) ;
#369 = CYLINDRICAL_SURFACE ( 'NONE', #73, 2.100000000000000977 ) ;
#370 = ORIENTED_EDGE ( 'NONE', *, *, #1864, .F. ) ;
#371 = LINE ( 'NONE', #8933, #1925 ) ;
#372 = CARTESIAN_POINT ( 'NONE',  ( 4.698242574753201950, 2.573062686290160439, -24.48719752759253510 ) ) ;
#373 = CARTESIAN_POINT ( 'NONE',  ( -4.700000000000000178, 3.924999999999992717, 12.34999999999999787 ) ) ;
#374 = CARTESIAN_POINT ( 'NONE',  ( 42.73056999023639690, 3.417427979998563181, 2.432149014462273051 ) ) ;
#375 = VERTEX_POINT ( 'NONE', #9326 ) ;
#376 = EDGE_LOOP ( 'NONE', ( #5747, #31, #320, #8143 ) ) ;
#377 = AXIS2_PLACEMENT_3D ( 'NONE', #8823, #3102, #1574 ) ;
#378 = ADVANCED_FACE ( 'NONE', ( #5309 ), #932, .T. ) ;
#379 = ORIENTED_EDGE ( 'NONE', *, *, #3748, .T. ) ;
#380 = VERTEX_POINT ( 'NONE', #9927 ) ;
#381 = DIRECTION ( 'NONE',  ( -3.412570772413391368E-15, -1.000000000000000000, -2.275047181608927447E-15 ) ) ;
#382 = LINE ( 'NONE', #8325, #2133 ) ;
#383 = CARTESIAN_POINT ( 'NONE',  ( 15.02132988101815592, 1.820766274380997585, 23.86798620067445498 ) ) ;
#384 = CARTESIAN_POINT ( 'NONE',  ( 42.80000000000000426, 1.145406258475230016E-14, -5.034648370084314983 ) ) ;
#385 = CARTESIAN_POINT ( 'NONE',  ( -3.361408098189458293, 5.229317441124035071, -16.51720669273116471 ) ) ;
#386 = EDGE_CURVE ( 'NONE', #7001, #1122, #6075, .T. ) ;
#387 = LINE ( 'NONE', #8481, #808 ) ;
#388 = CARTESIAN_POINT ( 'NONE',  ( 14.80994209826140739, 2.198871806245298099, 19.61477250189967947 ) ) ;
#389 = AXIS2_PLACEMENT_3D ( 'NONE', #931, #9926, #7392 ) ;
#390 = B_SPLINE_CURVE_WITH_KNOTS ( 'NONE', 3,
 ( #4179, #889, #1791, #3381, #1645, #8985, #4967, #6525, #8135, #1690, #4873, #5730, #9832, #5775, #6619, #3334, #7356, #4918, #105, #2534, #8088, #7304, #8190, #8943 ),
 .UNSPECIFIED., .F., .F.,
 ( 4, 2, 2, 2, 2, 2, 2, 2, 2, 2, 2, 4 ),
 ( 0.000000000000000000, 0.001654503082340081895, 0.01985403961255121502, 0.09265218573339574493, 0.2382484779750848047, 0.3838447702167738229, 0.5294410624584630076, 0.6750373547001520258, 0.8206336469418411550, 0.8934317930626856086, 0.9662299391835301732, 1.000000000000000000 ),
 .UNSPECIFIED. ) ;
#391 = ORIENTED_EDGE ( 'NONE', *, *, #10017, .F. ) ;
#392 = EDGE_CURVE ( 'NONE', #9921, #7772, #7490, .T. ) ;
#393 = AXIS2_PLACEMENT_3D ( 'NONE', #3625, #1986, #2631 ) ;
#394 = CARTESIAN_POINT ( 'NONE',  ( 16.08747496092479778, 5.889841239776870019, 3.978595436384445794 ) ) ;
#395 = CARTESIAN_POINT ( 'NONE',  ( 38.63156365679890314, 2.389267658075866940, -3.944258942591587047 ) ) ;
#396 = EDGE_CURVE ( 'NONE', #10368, #4046, #4952, .T. ) ;
#397 = CARTESIAN_POINT ( 'NONE',  ( 33.32424303574755697, 3.046330482837435127, -14.13596183591349309 ) ) ;
#398 = AXIS2_PLACEMENT_3D ( 'NONE', #10157, #6322, #1442 ) ;
#399 = CARTESIAN_POINT ( 'NONE',  ( 32.51909110275887116, 1.684202714062928763, 22.04854638691176305 ) ) ;
#400 = CIRCLE ( 'NONE', #8342, 0.5000000000000004441 ) ;
#401 = ORIENTED_EDGE ( 'NONE', *, *, #4584, .T. ) ;
#402 = ORIENTED_EDGE ( 'NONE', *, *, #4273, .F. ) ;
#403 = AXIS2_PLACEMENT_3D ( 'NONE', #4083, #6378, #10377 ) ;
#404 = LINE ( 'NONE', #3634, #3600 ) ;
#405 = LINE ( 'NONE', #4533, #8181 ) ;
#406 = CYLINDRICAL_SURFACE ( 'NONE', #4286, 3.175000000000000711 ) ;
#407 = DIRECTION ( 'NONE',  ( 0.000000000000000000, 0.000000000000000000, 1.000000000000000000 ) ) ;
#408 = CARTESIAN_POINT ( 'NONE',  ( -57.14999999999999147, 500000.0000000000582, 25.39999999999999858 ) ) ;
#409 = CARTESIAN_POINT ( 'NONE',  ( 0.5000000000000000000, -2.286000000000000032, 15.91461724824544000 ) ) ;
#410 = CARTESIAN_POINT ( 'NONE',  ( 33.08737267980220764, 2.975943168798365512, 35.50311623874859634 ) ) ;
#411 = CARTESIAN_POINT ( 'NONE',  ( 40.21047998013825975, 1.612325624823072623, -8.661721752111565920 ) ) ;
#412 = CARTESIAN_POINT ( 'NONE',  ( 18.83135238234728703, 4.430251761694709245, 18.27442976731157032 ) ) ;
#413 = ORIENTED_EDGE ( 'NONE', *, *, #5853, .T. ) ;
#414 = ORIENTED_EDGE ( 'NONE', *, *, #7397, .F. ) ;
#415 = ORIENTED_EDGE ( 'NONE', *, *, #9392, .T. ) ;
#416 = EDGE_LOOP ( 'NONE', ( #9761, #6164, #5633, #9119 ) ) ;
#417 = DIRECTION ( 'NONE',  ( 0.000000000000000000, 0.000000000000000000, 1.000000000000000000 ) ) ;
#418 = DIRECTION ( 'NONE',  ( -1.776356839400249873E-15, 0.000000000000000000, -1.000000000000000000 ) ) ;
#419 = EDGE_CURVE ( 'NONE', #534, #5757, #108, .T. ) ;
#420 = CARTESIAN_POINT ( 'NONE',  ( -4.453284474319833208, 2.424999999999986500, -10.47486821056230077 ) ) ;
#421 = CARTESIAN_POINT ( 'NONE',  ( -4.700000000000044587, 2.555791633642385374, 21.08033651697926203 ) ) ;
#422 = VECTOR ( 'NONE', #8104, 1000.000000000000000 ) ;
#423 = DIRECTION ( 'NONE',  ( -0.000000000000000000, 1.000000000000000000, -0.000000000000000000 ) ) ;
#424 = LINE ( 'NONE', #5292, #442 ) ;
#425 = CARTESIAN_POINT ( 'NONE',  ( 42.46251816355265163, 3.220273876874284458, -4.949888876727791320 ) ) ;
#426 = CARTESIAN_POINT ( 'NONE',  ( 12.86089389281637452, 500000.0000000000582, -2.362752869132546341 ) ) ;
#427 = ORIENTED_EDGE ( 'NONE', *, *, #7275, .T. ) ;
#428 = ORIENTED_EDGE ( 'NONE', *, *, #8769, .F. ) ;
#429 = ORIENTED_EDGE ( 'NONE', *, *, #6946, .F. ) ;
#430 = ORIENTED_EDGE ( 'NONE', *, *, #9894, .F. ) ;
#431 = CIRCLE ( 'NONE', #8376, 3.174999999999997158 ) ;
#432 = VECTOR ( 'NONE', #10228, 1000.000000000000000 ) ;
#433 = FACE_OUTER_BOUND ( 'NONE', #2188, .T. ) ;
#434 = FACE_OUTER_BOUND ( 'NONE', #1799, .T. ) ;
#435 = EDGE_CURVE ( 'NONE', #4388, #2256, #188, .T. ) ;
#436 = CARTESIAN_POINT ( 'NONE',  ( 0.5000000000000001110, 0.7860000000050604285, 28.61461724824544106 ) ) ;
#437 = DIRECTION ( 'NONE',  ( 0.000000000000000000, 1.000000000000000000, 0.000000000000000000 ) ) ;
#438 = ADVANCED_FACE ( 'NONE', ( #6608 ), #93, .F. ) ;
#439 = FACE_OUTER_BOUND ( 'NONE', #6622, .T. ) ;
#440 = AXIS2_PLACEMENT_3D ( 'NONE', #1952, #6930, #9351 ) ;
#441 = CARTESIAN_POINT ( 'NONE',  ( 15.29237667306989046, 2.184225493316070299, 19.63687756166574161 ) ) ;
#442 = VECTOR ( 'NONE', #10213, 1000.000000000000000 ) ;
#443 = DIRECTION ( 'NONE',  ( 0.000000000000000000, 0.000000000000000000, 1.000000000000000000 ) ) ;
#444 = ORIENTED_EDGE ( 'NONE', *, *, #2675, .F. ) ;
#445 = EDGE_LOOP ( 'NONE', ( #67, #10332, #8868, #330 ) ) ;
#446 = EDGE_CURVE ( 'NONE', #1235, #2475, #2674, .T. ) ;
#447 = CARTESIAN_POINT ( 'NONE',  ( -4.011049329900977511, 1.477824253049337067, 18.55000000000000071 ) ) ;
#448 = AXIS2_PLACEMENT_3D ( 'NONE', #1220, #4448, #7681 ) ;
#449 = CARTESIAN_POINT ( 'NONE',  ( 16.03437132263728060, 3.362317113418500369, 16.42006051398089639 ) ) ;
#450 = CARTESIAN_POINT ( 'NONE',  ( -0.000000000000000000, -2.286000000000000032, -19.05000000000000071 ) ) ;
#451 = B_SPLINE_CURVE_WITH_KNOTS ( 'NONE', 3,
 ( #4974, #1742, #8195, #895 ),
 .UNSPECIFIED., .F., .F.,
 ( 4, 4 ),
 ( 0.02484728205499549258, 0.02988650150139066097 ),
 .UNSPECIFIED. ) ;
#452 = EDGE_CURVE ( 'NONE', #7164, #2915, #3824, .T. ) ;
#453 = CARTESIAN_POINT ( 'NONE',  ( 36.53375633776174425, 3.041391182938435023, -12.02467577355613848 ) ) ;
#454 = CARTESIAN_POINT ( 'NONE',  ( 5.175905717843008347, 2.896874810118619692, 19.55000000000003268 ) ) ;
#455 = CIRCLE ( 'NONE', #2826, 3.174999999999997158 ) ;
#456 = EDGE_LOOP ( 'NONE', ( #1270, #1191, #5361, #1509 ) ) ;
#457 = EDGE_CURVE ( 'NONE', #5405, #6148, #2636, .T. ) ;
#458 = VERTEX_POINT ( 'NONE', #4908 ) ;
#459 = CARTESIAN_POINT ( 'NONE',  ( 12.69999999999999218, -1.408942299790222563, 23.75000000000000000 ) ) ;
#460 = CARTESIAN_POINT ( 'NONE',  ( 39.25551721776069058, -3.050000000000000711, 20.64041032670989395 ) ) ;
#461 = EDGE_CURVE ( 'NONE', #10217, #4904, #9025, .T. ) ;
#462 = CARTESIAN_POINT ( 'NONE',  ( -4.000000000000000000, 2.286000000000000032, 31.75000000000000000 ) ) ;
#463 = EDGE_CURVE ( 'NONE', #3935, #4619, #3163, .T. ) ;
#464 = FACE_OUTER_BOUND ( 'NONE', #6258, .T. ) ;
#465 = PLANE ( 'NONE',  #3419 ) ;
#466 = DIRECTION ( 'NONE',  ( 1.000000000000000000, -0.000000000000000000, -0.000000000000000000 ) ) ;
#467 = CARTESIAN_POINT ( 'NONE',  ( 33.23504164087309221, 2.917548133638557584, 35.41237740313112425 ) ) ;
#468 = CARTESIAN_POINT ( 'NONE',  ( 42.10292470401593334, 3.331919122709819714, 10.13504012862193449 ) ) ;
#469 = LINE ( 'NONE', #3495, #8042 ) ;
#470 = ORIENTED_EDGE ( 'NONE', *, *, #9604, .F. ) ;
#471 = VERTEX_POINT ( 'NONE', #6409 ) ;
#472 = EDGE_CURVE ( 'NONE', #3648, #6182, #1471, .T. ) ;
#473 = ORIENTED_EDGE ( 'NONE', *, *, #9713, .F. ) ;
#474 = DIRECTION ( 'NONE',  ( 0.000000000000000000, 0.000000000000000000, -1.000000000000000000 ) ) ;
#475 = CARTESIAN_POINT ( 'NONE',  ( 0.6479319397007455850, 1.852609366145482106, -23.42134787474424229 ) ) ;
#476 = LINE ( 'NONE', #2112, #2760 ) ;
#477 = CARTESIAN_POINT ( 'NONE',  ( 5.200000000000001954, 2.896602915671143030, 19.55000000000000071 ) ) ;
#478 = ORIENTED_EDGE ( 'NONE', *, *, #8613, .T. ) ;
#479 = CARTESIAN_POINT ( 'NONE',  ( 12.69999999999999929, 0.7859999999999998099, 31.75000000000000000 ) ) ;
#480 = CARTESIAN_POINT ( 'NONE',  ( 3.177234401298037803, 5.131216388542198636, -16.28959890491396223 ) ) ;
#481 = CARTESIAN_POINT ( 'NONE',  ( -3.929664568422532422, 6.298782450486394069, 12.34999999999999254 ) ) ;
#482 = CARTESIAN_POINT ( 'NONE',  ( 2.131069377038846469, 3.692962070648502237, 22.67962286160943464 ) ) ;
#483 = EDGE_LOOP ( 'NONE', ( #9449, #2107, #4142, #4997 ) ) ;
#484 = ORIENTED_EDGE ( 'NONE', *, *, #1889, .T. ) ;
#485 = ORIENTED_EDGE ( 'NONE', *, *, #9528, .F. ) ;
#486 = ORIENTED_EDGE ( 'NONE', *, *, #4763, .T. ) ;
#487 = CARTESIAN_POINT ( 'NONE',  ( -4.700000000000000178, 3.924999999999992717, 12.34999999999999787 ) ) ;
#488 = CARTESIAN_POINT ( 'NONE',  ( 17.19415689518921653, 500000.0000000000582, 2.174999999999982503 ) ) ;
#489 = CARTESIAN_POINT ( 'NONE',  ( -4.000000000000000000, 2.286000000000000032, 31.75000000000000000 ) ) ;
#490 = FACE_OUTER_BOUND ( 'NONE', #3592, .T. ) ;
#491 = CARTESIAN_POINT ( 'NONE',  ( 39.09999999999747189, 1.952293452694883635, -2.600000000007963052 ) ) ;
#492 = CARTESIAN_POINT ( 'NONE',  ( -2.389000000000000234, 2.424999999999986500, -3.264854136349466529 ) ) ;
#493 = CYLINDRICAL_SURFACE ( 'NONE', #4493, 1.000000000000000000 ) ;
#494 = ORIENTED_EDGE ( 'NONE', *, *, #1226, .F. ) ;
#495 = ORIENTED_EDGE ( 'NONE', *, *, #8480, .F. ) ;
#496 = EDGE_CURVE ( 'NONE', #8606, #9357, #1910, .T. ) ;
#497 = PLANE ( 'NONE',  #1252 ) ;
#498 = CARTESIAN_POINT ( 'NONE',  ( 12.87147143005346805, 1.772161897156023791, 24.07240212554029668 ) ) ;
#499 = DIRECTION ( 'NONE',  ( 0.000000000000000000, -1.000000000000000000, 0.000000000000000000 ) ) ;
#500 = CARTESIAN_POINT ( 'NONE',  ( 44.57245437356633744, 2.954884259128508717, -5.694548105752531342 ) ) ;
#501 = CARTESIAN_POINT ( 'NONE',  ( 42.74488418056291295, 1.866619572411775341, 3.009774151889744065 ) ) ;
#502 = EDGE_CURVE ( 'NONE', #8206, #6260, #5714, .T. ) ;
#503 = ORIENTED_EDGE ( 'NONE', *, *, #3831, .F. ) ;
#504 = ORIENTED_EDGE ( 'NONE', *, *, #3035, .F. ) ;
#505 = ORIENTED_EDGE ( 'NONE', *, *, #4205, .F. ) ;
#506 = CARTESIAN_POINT ( 'NONE',  ( 44.29154433416872649, 1.673921888764708932, 0.03371815485993996664 ) ) ;
#507 = DIRECTION ( 'NONE',  ( 0.000000000000000000, -1.000000000000000000, 0.000000000000000000 ) ) ;
#508 = DIRECTION ( 'NONE',  ( 1.000000000000000000, 0.000000000000000000, 0.000000000000000000 ) ) ;
#509 = CARTESIAN_POINT ( 'NONE',  ( 0.000000000000000000, 4.540856564801742934, -12.84999999999999964 ) ) ;
#510 = DIRECTION ( 'NONE',  ( 0.000000000000000000, 0.000000000000000000, 1.000000000000000000 ) ) ;
#511 = DIRECTION ( 'NONE',  ( 1.000000000000000000, -0.000000000000000000, -0.000000000000000000 ) ) ;
#512 = CARTESIAN_POINT ( 'NONE',  ( 32.68449288226437233, 3.058110565105363499, 35.67033369475247895 ) ) ;
#513 = EDGE_CURVE ( 'NONE', #8119, #4488, #8778, .T. ) ;
#514 = CARTESIAN_POINT ( 'NONE',  ( 42.77658478731205349, 3.430136708449303740, 0.2753935075887044559 ) ) ;
#515 = B_SPLINE_CURVE_WITH_KNOTS ( 'NONE', 3,
 ( #1172, #1819, #1023, #1125, #2815, #2613, #5904, #9214, #4351, #6790, #5092, #7532, #279, #4398, #7624, #3508 ),
 .UNSPECIFIED., .F., .F.,
 ( 4, 2, 2, 2, 2, 2, 2, 4 ),
 ( 1.964421154105868485E-16, 0.0004031868026332316186, 0.0008063736052662667797, 0.001209560407899301941, 0.001612747210532337102, 0.002419120815798387909, 0.002822307618431413746, 0.003225494421064439583 ),
 .UNSPECIFIED. ) ;
#516 = LINE ( 'NONE', #7100, #5497 ) ;
#517 = VERTEX_POINT ( 'NONE', #1527 ) ;
#518 = EDGE_CURVE ( 'NONE', #4388, #9760, #6225, .T. ) ;
#519 = ORIENTED_EDGE ( 'NONE', *, *, #6734, .F. ) ;
#520 = EDGE_CURVE ( 'NONE', #8221, #8207, #7869, .T. ) ;
#521 = EDGE_LOOP ( 'NONE', ( #1755, #9851, #5437, #2993 ) ) ;
#522 = FACE_OUTER_BOUND ( 'NONE', #5618, .T. ) ;
#523 = DIRECTION ( 'NONE',  ( 0.7071067811865476838, 0.000000000000000000, -0.7071067811865474617 ) ) ;
#524 = CARTESIAN_POINT ( 'NONE',  ( 37.86033457245626010, 4.299591938631065702, -2.153775790543045243 ) ) ;
#525 = CARTESIAN_POINT ( 'NONE',  ( -5.430865638175171206, 3.155495318020763662, 24.83186834582723534 ) ) ;
#526 = ORIENTED_EDGE ( 'NONE', *, *, #6028, .T. ) ;
#527 = PLANE ( 'NONE',  #1420 ) ;
#528 = FACE_OUTER_BOUND ( 'NONE', #1358, .T. ) ;
#529 = CARTESIAN_POINT ( 'NONE',  ( 36.94342130321557960, 2.646052888097232270, 2.174999999999982503 ) ) ;
#530 = CARTESIAN_POINT ( 'NONE',  ( 3.658254067500548157, 5.088030466108127037, 16.96839409770478824 ) ) ;
#531 = EDGE_CURVE ( 'NONE', #8372, #9375, #2367, .T. ) ;
#532 = LINE ( 'NONE', #3031, #9732 ) ;
#533 = ORIENTED_EDGE ( 'NONE', *, *, #8045, .F. ) ;
#534 = VERTEX_POINT ( 'NONE', #8876 ) ;
#535 = ORIENTED_EDGE ( 'NONE', *, *, #4757, .T. ) ;
#536 = ORIENTED_EDGE ( 'NONE', *, *, #4748, .T. ) ;
#537 = CARTESIAN_POINT ( 'NONE',  ( -4.700000000000000178, 3.924999999999987388, 0.7500000000000003331 ) ) ;
#538 = CARTESIAN_POINT ( 'NONE',  ( 0.5000000000000000000, -2.286000000026433554, -13.87409428215698881 ) ) ;
#539 = CARTESIAN_POINT ( 'NONE',  ( 17.83672408471816695, 0.7859999999999998099, 25.90616913409527555 ) ) ;
#540 = CARTESIAN_POINT ( 'NONE',  ( 37.94081386392079480, 4.392236615437743019, 4.249839068775280282 ) ) ;
#541 = B_SPLINE_CURVE_WITH_KNOTS ( 'NONE', 3,
 ( #1316, #512, #1259, #6881, #1367, #4481, #7663, #2955, #10143, #7719, #9350, #5337, #410, #6201, #4543, #467, #3691, #4593, #10098, #6928, #3744, #2895, #2103, #9415, #2158, #7767, #6978, #10197, #5395, #2849, #9300, #4729, #9697, #6439, #10271, #8055 ),
 .UNSPECIFIED., .F., .F.,
 ( 4, 2, 2, 1, 1, 2, 2, 2, 2, 1, 1, 1, 2, 2, 2, 2, 2, 1, 2, 2, 4 ),
 ( 0.000000000000000000, 0.1249999999998216982, 0.1874999999997325473, 0.2187499999996823374, 0.2343749999996572464, 0.2421874999996395939, 0.2499999999996219135, 0.3749999999993796629, 0.4374999999992586486, 0.4687499999992061905, 0.4843749999991755484, 0.4921874999991603383, 0.4960937499991526778, 0.4999999999991450728, 0.6249999999994173550, 0.6874999999995448086, 0.7187499999996085354, 0.7343749999996375122, 0.7421874999996491695, 0.7499999999996609379, 1.000000000000000000 ),
 .UNSPECIFIED. ) ;
#542 = DIRECTION ( 'NONE',  ( 3.604635827994760689E-17, 0.000000000000000000, -1.000000000000000000 ) ) ;
#543 = FACE_OUTER_BOUND ( 'NONE', #4719, .T. ) ;
#544 = CARTESIAN_POINT ( 'NONE',  ( 13.92313825141314254, 1.878794969456975661, -17.12197356751436672 ) ) ;
#545 = ORIENTED_EDGE ( 'NONE', *, *, #1591, .T. ) ;
#546 = VERTEX_POINT ( 'NONE', #4061 ) ;
#547 = PLANE ( 'NONE',  #2942 ) ;
#548 = CARTESIAN_POINT ( 'NONE',  ( -5.460999999999999410, 3.174999999999987388, 6.349999999999999645 ) ) ;
#549 = CARTESIAN_POINT ( 'NONE',  ( 38.26180963438861227, 1.748694055358400279, -5.462380023777467564 ) ) ;
#550 = AXIS2_PLACEMENT_3D ( 'NONE', #6578, #8138, #9939 ) ;
#551 = CARTESIAN_POINT ( 'NONE',  ( -2.500000000000000000, -2.286000000000000032, 25.25000000000000355 ) ) ;
#552 = CARTESIAN_POINT ( 'NONE',  ( 38.09999999999847375, 2.159105817853639753, -2.466196752037040252 ) ) ;
#553 = AXIS2_PLACEMENT_3D ( 'NONE', #5503, #4587, #9294 ) ;
#554 = CARTESIAN_POINT ( 'NONE',  ( 22.70193363628682803, 3.011517414525913150, -12.77554463614903746 ) ) ;
#555 = CARTESIAN_POINT ( 'NONE',  ( 42.52375077883957033, 1.850708663624152317, 6.017470856002812063 ) ) ;
#556 = AXIS2_PLACEMENT_3D ( 'NONE', #1393, #1284, #4686 ) ;
#557 = VERTEX_POINT ( 'NONE', #7293 ) ;
#558 = ORIENTED_EDGE ( 'NONE', *, *, #8805, .F. ) ;
#559 = VECTOR ( 'NONE', #8951, 1000.000000000000000 ) ;
#560 = ORIENTED_EDGE ( 'NONE', *, *, #2903, .F. ) ;
#561 = CARTESIAN_POINT ( 'NONE',  ( 44.20217363032914903, 2.107227311115793533, 0.02646067375369396540 ) ) ;
#562 = CARTESIAN_POINT ( 'NONE',  ( 43.10731845725756983, 0.8319203940733448377, -6.979869723849013496 ) ) ;
#563 = CARTESIAN_POINT ( 'NONE',  ( 34.67882386955727014, 1.565972757929144921, 22.14567712710408287 ) ) ;
#564 = CIRCLE ( 'NONE', #4815, 3.700000000000000178 ) ;
#565 = PLANE ( 'NONE',  #9368 ) ;
#566 = FACE_OUTER_BOUND ( 'NONE', #9995, .T. ) ;
#567 = DIRECTION ( 'NONE',  ( 0.000000000000000000, 0.000000000000000000, -1.000000000000000000 ) ) ;
#568 = VECTOR ( 'NONE', #4063, 1000.000000000000000 ) ;
#569 = CARTESIAN_POINT ( 'NONE',  ( 44.11530796367615892, 3.057395434391046773, 5.137244648135668612 ) ) ;
#570 = CARTESIAN_POINT ( 'NONE',  ( 37.76625425953468351, 2.416620727881510611, 3.590327733492062912 ) ) ;
#571 = AXIS2_PLACEMENT_3D ( 'NONE', #8286, #1930, #5157 ) ;
#572 = ORIENTED_EDGE ( 'NONE', *, *, #5710, .T. ) ;
#573 = ORIENTED_EDGE ( 'NONE', *, *, #9665, .T. ) ;
#574 = AXIS2_PLACEMENT_3D ( 'NONE', #7818, #9346, #6822 ) ;
#575 = ORIENTED_EDGE ( 'NONE', *, *, #2857, .F. ) ;
#576 = ORIENTED_EDGE ( 'NONE', *, *, #8226, .F. ) ;
#577 = DIRECTION ( 'NONE',  ( 0.000000000000000000, -1.000000000000000000, -0.000000000000000000 ) ) ;
#578 = EDGE_CURVE ( 'NONE', #8761, #9074, #949, .T. ) ;
#579 = CARTESIAN_POINT ( 'NONE',  ( 31.17250727948124833, -3.049999999999999822, 34.24999999999999289 ) ) ;
#580 = DIRECTION ( 'NONE',  ( 0.000000000000000000, 0.000000000000000000, -1.000000000000000000 ) ) ;
#581 = CARTESIAN_POINT ( 'NONE',  ( 26.37679434403893097, -3.050000000000001155, 28.53658781756057294 ) ) ;
#582 = ORIENTED_EDGE ( 'NONE', *, *, #8478, .F. ) ;
#583 = CARTESIAN_POINT ( 'NONE',  ( 17.84734059573787590, 2.370376833395613225, 18.48963659666357628 ) ) ;
#584 = CARTESIAN_POINT ( 'NONE',  ( 2.792874033615356133, 5.241480036009257937, -15.90127211736215962 ) ) ;
#585 = CARTESIAN_POINT ( 'NONE',  ( 44.30000000000002558, -1.118333333333410007, -4.829521097426828113 ) ) ;
#586 = EDGE_CURVE ( 'NONE', #8137, #1278, #6548, .T. ) ;
#587 = VECTOR ( 'NONE', #8002, 1000.000000000000000 ) ;
#588 = EDGE_CURVE ( 'NONE', #939, #10455, #8065, .T. ) ;
#589 = CARTESIAN_POINT ( 'NONE',  ( 0.5000000000000001110, -2.286000000000000032, 28.61461724824544106 ) ) ;
#590 = CARTESIAN_POINT ( 'NONE',  ( -4.361368905310207822, 5.166192869685544586, 16.89711564462677629 ) ) ;
#591 = DIRECTION ( 'NONE',  ( 0.000000000000000000, -1.000000000000000000, 0.000000000000000000 ) ) ;
#592 = ORIENTED_EDGE ( 'NONE', *, *, #8269, .F. ) ;
#593 = VERTEX_POINT ( 'NONE', #1565 ) ;
#594 = ORIENTED_EDGE ( 'NONE', *, *, #6625, .F. ) ;
#595 = CARTESIAN_POINT ( 'NONE',  ( 0.000000000000000000, 2.286000000000000032, 31.75000000000000000 ) ) ;
#596 = ORIENTED_EDGE ( 'NONE', *, *, #9602, .F. ) ;
#597 = VECTOR ( 'NONE', #9150, 1000.000000000000000 ) ;
#598 = CARTESIAN_POINT ( 'NONE',  ( 28.68749293830035896, 2.286000000000008026, 35.22887337289851217 ) ) ;
#599 = EDGE_CURVE ( 'NONE', #2065, #9070, #611, .T. ) ;
#600 = CARTESIAN_POINT ( 'NONE',  ( 0.9188722145830801047, 1.875150605638241652, -23.41542139312667103 ) ) ;
#601 = CARTESIAN_POINT ( 'NONE',  ( -0.4999999999999980571, 1.387530634910272287, -22.96991979671010853 ) ) ;
#602 = CARTESIAN_POINT ( 'NONE',  ( -4.699999999999999289, 2.252498605370258478, -17.96136263056233418 ) ) ;
#603 = CARTESIAN_POINT ( 'NONE',  ( 0.000000000000000000, 9.402733490373224257, -23.25000000000000355 ) ) ;
#604 = ADVANCED_FACE ( 'NONE', ( #822 ), #4691, .T. ) ;
#605 = CARTESIAN_POINT ( 'NONE',  ( 10.46606121370452769, 4.601681610765488095, -16.98623112774830446 ) ) ;
#606 = DIRECTION ( 'NONE',  ( 0.000000000000000000, 0.000000000000000000, -1.000000000000000000 ) ) ;
#607 = CALENDAR_DATE ( 2022, 6, 6 ) ;
#608 = VERTEX_POINT ( 'NONE', #711 ) ;
#609 = VECTOR ( 'NONE', #64, 1000.000000000000000 ) ;
#610 = ORIENTED_EDGE ( 'NONE', *, *, #4099, .T. ) ;
#611 = CIRCLE ( 'NONE', #6382, 3.175000000000000711 ) ;
#612 = LINE ( 'NONE', #5488, #6682 ) ;
#613 = LINE ( 'NONE', #7968, #5177 ) ;
#614 = CARTESIAN_POINT ( 'NONE',  ( 35.99958509599566270, 1.506200606296072886, -9.309663467468640263 ) ) ;
#615 = CARTESIAN_POINT ( 'NONE',  ( 10.38466709400338495, 6.348038086223596110, 3.891660758156201272 ) ) ;
#616 = VECTOR ( 'NONE', #6413, 1000.000000000000000 ) ;
#617 = DIRECTION ( 'NONE',  ( -1.000000000000000000, 0.000000000000000000, 0.000000000000000000 ) ) ;
#618 = CIRCLE ( 'NONE', #6031, 5.200000000025959856 ) ;
#619 = CARTESIAN_POINT ( 'NONE',  ( -4.456659396469336620, 1.895105005607074178, -23.66809047611470973 ) ) ;
#620 = CARTESIAN_POINT ( 'NONE',  ( 39.09920840547010812, 2.193606155667466417, 2.141414439524262470 ) ) ;
#621 = VERTEX_POINT ( 'NONE', #4788 ) ;
#622 = CIRCLE ( 'NONE', #7394, 3.174999999999997158 ) ;
#623 = VECTOR ( 'NONE', #3554, 1000.000000000000000 ) ;
#624 = VERTEX_POINT ( 'NONE', #765 ) ;
#625 = CARTESIAN_POINT ( 'NONE',  ( 43.87585083764106031, 2.720949187530851354, 0.01446933557580950928 ) ) ;
#626 = CARTESIAN_POINT ( 'NONE',  ( 38.03829234249430158, 2.830927827505665295, 5.663707662533961518 ) ) ;
#627 = CARTESIAN_POINT ( 'NONE',  ( 3.135382751754560271, 2.286000000000000032, -18.55000000000000071 ) ) ;
#628 = CARTESIAN_POINT ( 'NONE',  ( 37.08077020002122026, 3.128872722067542522, 2.174999999999983391 ) ) ;
#629 = DIRECTION ( 'NONE',  ( 0.000000000000000000, 1.000000000000000000, 0.000000000000000000 ) ) ;
#630 = AXIS2_PLACEMENT_3D ( 'NONE', #7942, #6938, #3754 ) ;
#631 = CARTESIAN_POINT ( 'NONE',  ( 0.5000000000000000000, -2.286000000000000032, -22.22500000000000142 ) ) ;
#632 = CARTESIAN_POINT ( 'NONE',  ( 44.30000000000001137, 3.055285922633701468, -1.934563325900605202 ) ) ;
#633 = CARTESIAN_POINT ( 'NONE',  ( 37.57980557578133585, 2.462867331291084927, 3.391522269674506429 ) ) ;
#634 = EDGE_CURVE ( 'NONE', #3607, #8372, #9659, .T. ) ;
#635 = EDGE_LOOP ( 'NONE', ( #3362, #3061, #5147, #6782 ) ) ;
#636 = ORIENTED_EDGE ( 'NONE', *, *, #10026, .F. ) ;
#637 = ORIENTED_EDGE ( 'NONE', *, *, #10034, .F. ) ;
#638 = ORIENTED_EDGE ( 'NONE', *, *, #3128, .F. ) ;
#639 = CARTESIAN_POINT ( 'NONE',  ( 10.53333907524394242, 1.855326940238974043, 23.75000000000000000 ) ) ;
#640 = CARTESIAN_POINT ( 'NONE',  ( 44.29999370831886552, 1.288328599821053411, -4.656863099282921858 ) ) ;
#641 = DIRECTION ( 'NONE',  ( 0.7071067811865474617, 0.000000000000000000, -0.7071067811865476838 ) ) ;
#642 = CARTESIAN_POINT ( 'NONE',  ( 10.03835346694796193, 2.579992277760322583, -16.92855663136673527 ) ) ;
#643 = ORIENTED_EDGE ( 'NONE', *, *, #8139, .T. ) ;
#644 = PLANE ( 'NONE',  #5487 ) ;
#645 = DIRECTION ( 'NONE',  ( 0.000000000000000000, 0.000000000000000000, -1.000000000000000000 ) ) ;
#646 = CARTESIAN_POINT ( 'NONE',  ( 44.29999999999999716, -2.795833333333434201, -5.031397350277385883 ) ) ;
#647 = CARTESIAN_POINT ( 'NONE',  ( 17.83672408471637283, -2.286000000000000032, 25.90616913409708744 ) ) ;
#648 = CARTESIAN_POINT ( 'NONE',  ( 3.784715769836795918, 5.027613011176450541, 17.20900261892791150 ) ) ;
#649 = PLANE ( 'NONE',  #4151 ) ;
#650 = EDGE_CURVE ( 'NONE', #5975, #8760, #9398, .T. ) ;
#651 = EDGE_LOOP ( 'NONE', ( #1389, #5202, #3258, #2517 ) ) ;
#652 = ORIENTED_EDGE ( 'NONE', *, *, #1573, .T. ) ;
#653 = VERTEX_POINT ( 'NONE', #4995 ) ;
#654 = ORIENTED_EDGE ( 'NONE', *, *, #2069, .F. ) ;
#655 = EDGE_CURVE ( 'NONE', #4155, #3734, #8863, .T. ) ;
#656 = CARTESIAN_POINT ( 'NONE',  ( -4.185496259871324121, -3.049999999999994493, -23.71874924611536173 ) ) ;
#657 = CARTESIAN_POINT ( 'NONE',  ( 3.807085770634073718, 2.434133779810083276, -20.84096042863071929 ) ) ;
#658 = DIRECTION ( 'NONE',  ( 0.000000000000000000, 0.000000000000000000, -1.000000000000000000 ) ) ;
#659 = CARTESIAN_POINT ( 'NONE',  ( 30.54470175951582434, 3.049999999999999822, 35.75000010347762469 ) ) ;
#660 = LINE ( 'NONE', #603, #9064 ) ;
#661 = CARTESIAN_POINT ( 'NONE',  ( -2.389000000000000234, 2.424999999999986944, 3.264854136349466085 ) ) ;
#662 = CARTESIAN_POINT ( 'NONE',  ( 12.69999999999998863, 1.843810239194162426, 23.75000000000000000 ) ) ;
#663 = EDGE_CURVE ( 'NONE', #1131, #2379, #3306, .T. ) ;
#664 = DATE_AND_TIME ( #30, #6847 ) ;
#665 = ORIENTED_EDGE ( 'NONE', *, *, #7914, .T. ) ;
#666 = VERTEX_POINT ( 'NONE', #1765 ) ;
#667 = EDGE_CURVE ( 'NONE', #8724, #773, #7220, .T. ) ;
#668 = ADVANCED_FACE ( 'NONE', ( #4152 ), #4844, .F. ) ;
#669 = DIRECTION ( 'NONE',  ( -0.000000000000000000, 1.000000000000000000, -0.000000000000000000 ) ) ;
#670 = LINE ( 'NONE', #8716, #2485 ) ;
#671 = CARTESIAN_POINT ( 'NONE',  ( 18.73517190162075607, 2.122976074649203237, -16.36122342380448202 ) ) ;
#672 = CARTESIAN_POINT ( 'NONE',  ( -0.2963317305186076722, 4.605892204397464162, 12.84999999997364029 ) ) ;
#673 = CARTESIAN_POINT ( 'NONE',  ( -4.700000000013915269, 4.375026936551267731, 13.84999999999999609 ) ) ;
#674 = CARTESIAN_POINT ( 'NONE',  ( 36.94342130321557249, 2.455024395828786510, 4.174999999999995381 ) ) ;
#675 = DIRECTION ( 'NONE',  ( 0.000000000000000000, 0.000000000000000000, 1.000000000000000000 ) ) ;
#676 = CARTESIAN_POINT ( 'NONE',  ( 33.56619525088107281, 1.311695799778327620, 27.20159907604670124 ) ) ;
#677 = EDGE_CURVE ( 'NONE', #4734, #7828, #5700, .T. ) ;
#678 = VERTEX_POINT ( 'NONE', #8917 ) ;
#679 = DIRECTION ( 'NONE',  ( 1.000000000000000000, 0.000000000000000000, 0.000000000000000000 ) ) ;
#680 = CARTESIAN_POINT ( 'NONE',  ( 42.62838698765576595, 0.2562750768317139660, -5.411692116005633935 ) ) ;
#681 = CARTESIAN_POINT ( 'NONE',  ( 37.71823325929004511, 4.292851600137506551, 7.215621629915133894 ) ) ;
#682 = CARTESIAN_POINT ( 'NONE',  ( 12.69999999999999929, 2.286000000000000032, 31.75000000000000000 ) ) ;
#683 = CARTESIAN_POINT ( 'NONE',  ( -4.000000000000000000, 2.286000000000000032, 31.75000000000000000 ) ) ;
#684 = EDGE_CURVE ( 'NONE', #2818, #1179, #9013, .T. ) ;
#685 = DIRECTION ( 'NONE',  ( 0.000000000000000000, 0.000000000000000000, -1.000000000000000000 ) ) ;
#686 = CARTESIAN_POINT ( 'NONE',  ( 44.29999999999999716, 3.056001697126397687, -0.3847078688722562201 ) ) ;
#687 = CARTESIAN_POINT ( 'NONE',  ( 17.28292414164137014, 3.851190770242403971, 13.68163527186729667 ) ) ;
#688 = ORIENTED_EDGE ( 'NONE', *, *, #2324, .T. ) ;
#689 = CARTESIAN_POINT ( 'NONE',  ( 17.09920409524367102, 2.274518628362865336, -16.07134577891407545 ) ) ;
#690 = ORIENTED_EDGE ( 'NONE', *, *, #4146, .F. ) ;
#691 = EDGE_LOOP ( 'NONE', ( #4987, #1542, #8518, #6346 ) ) ;
#692 = LINE ( 'NONE', #4077, #7165 ) ;
#693 = CARTESIAN_POINT ( 'NONE',  ( 0.000000000000000000, 1.136000000000000343, -18.55000000000000071 ) ) ;
#694 = CARTESIAN_POINT ( 'NONE',  ( 7.584892087439454755, 3.658749342580230213, -13.09271953202650884 ) ) ;
#695 = CARTESIAN_POINT ( 'NONE',  ( 32.12299493312961118, -0.7342627683027047603, 33.75000000000002132 ) ) ;
#696 = ORIENTED_EDGE ( 'NONE', *, *, #2419, .F. ) ;
#697 = CARTESIAN_POINT ( 'NONE',  ( 6.199999999999908695, 1.879496328347489253, -22.68666876557448475 ) ) ;
#698 = CARTESIAN_POINT ( 'NONE',  ( 45.09206392720923873, 1.098671722497958303, -5.230893106900050604 ) ) ;
#699 = CARTESIAN_POINT ( 'NONE',  ( -0.5586948378013618655, 3.503053918241147979, -23.22190882656503774 ) ) ;
#700 = CARTESIAN_POINT ( 'NONE',  ( -2.389000000000000234, -3.049999999999999822, -0.7500000000000000000 ) ) ;
#701 = CARTESIAN_POINT ( 'NONE',  ( 0.2818335155738337927, 5.650043098971329947, 14.84999999999999609 ) ) ;
#702 = FACE_OUTER_BOUND ( 'NONE', #3987, .T. ) ;
#703 = ORIENTED_EDGE ( 'NONE', *, *, #203, .F. ) ;
#704 = EDGE_LOOP ( 'NONE', ( #4199, #8700, #6165, #6603 ) ) ;
#705 = ORIENTED_EDGE ( 'NONE', *, *, #6453, .T. ) ;
#706 = EDGE_LOOP ( 'NONE', ( #83, #9365, #3663, #1918 ) ) ;
#707 = DIRECTION ( 'NONE',  ( 0.000000000000000000, -1.000000000000000000, -0.000000000000000000 ) ) ;
#708 = CARTESIAN_POINT ( 'NONE',  ( 0.5000000000000016653, 1.881521351217044336, 23.75000000000000711 ) ) ;
#709 = CARTESIAN_POINT ( 'NONE',  ( 32.63186465182258900, 3.058473764061473865, 35.68417982860889026 ) ) ;
#710 = DIRECTION ( 'NONE',  ( 0.000000000000000000, 0.000000000000000000, -1.000000000000000000 ) ) ;
#711 = CARTESIAN_POINT ( 'NONE',  ( -6.200000000000000178, -3.049999999999999822, 23.25000000000000000 ) ) ;
#712 = DIRECTION ( 'NONE',  ( -0.000000000000000000, -1.000000000000000000, -0.000000000000000000 ) ) ;
#713 = DIRECTION ( 'NONE',  ( 0.000000000000000000, -1.000000000000000000, -0.000000000000000000 ) ) ;
#714 = PLANE ( 'NONE',  #8734 ) ;
#715 = ORIENTED_EDGE ( 'NONE', *, *, #10022, .F. ) ;
#716 = ORIENTED_EDGE ( 'NONE', *, *, #8534, .T. ) ;
#717 = B_SPLINE_CURVE_WITH_KNOTS ( 'NONE', 3,
 ( #7819, #1314, #9523, #4713 ),
 .UNSPECIFIED., .F., .F.,
 ( 4, 4 ),
 ( 1.084202172485504434E-18, 0.01195971726714137318 ),
 .UNSPECIFIED. ) ;
#718 = CARTESIAN_POINT ( 'NONE',  ( -3.992266697016211729, 4.950657580177895589, 17.71735653084528650 ) ) ;
#719 = CARTESIAN_POINT ( 'NONE',  ( -6.047059959416841934, 3.363597805596485024, -24.00258788296571311 ) ) ;
#720 = PLANE ( 'NONE',  #8335 ) ;
#721 = CARTESIAN_POINT ( 'NONE',  ( 0.4172020514304604077, 4.530237177253771286, -12.84999999999996945 ) ) ;
#722 = EDGE_CURVE ( 'NONE', #9753, #7786, #285, .T. ) ;
#723 = CARTESIAN_POINT ( 'NONE',  ( 5.140569401592014032, 2.808548236774572437, 19.91579488264204656 ) ) ;
#724 = CARTESIAN_POINT ( 'NONE',  ( 37.08112007472323057, 4.613155024185171982, 3.174999999999976286 ) ) ;
#725 = CARTESIAN_POINT ( 'NONE',  ( -1.718006875961755942, 3.146443805176342146, -24.73555182378665052 ) ) ;
#726 = B_SPLINE_CURVE_WITH_KNOTS ( 'NONE', 3,
 ( #1829, #6756, #2717, #1185, #5055, #8278, #8707, #6065 ),
 .UNSPECIFIED., .F., .F.,
 ( 4, 2, 2, 4 ),
 ( 0.002171568874526482069, 0.006711173117856756437, 0.01125077736118703167, 0.02032998584784758561 ),
 .UNSPECIFIED. ) ;
#727 = DIRECTION ( 'NONE',  ( 0.000000000000000000, -1.000000000000000000, -0.000000000000000000 ) ) ;
#728 = EDGE_CURVE ( 'NONE', #7874, #2917, #5070, .T. ) ;
#729 = AXIS2_PLACEMENT_3D ( 'NONE', #7660, #1104, #4284 ) ;
#730 = EDGE_CURVE ( 'NONE', #6901, #546, #6549, .T. ) ;
#731 = PLANE ( 'NONE',  #2081 ) ;
#732 = CARTESIAN_POINT ( 'NONE',  ( 31.84950193357720494, 2.368755072328272426, 20.43371274315355279 ) ) ;
#733 = CARTESIAN_POINT ( 'NONE',  ( -3.159292524972968863, 6.274806326738691986, -12.35000000000000142 ) ) ;
#734 = DIRECTION ( 'NONE',  ( 0.000000000000000000, 0.000000000000000000, -1.000000000000000000 ) ) ;
#735 = CARTESIAN_POINT ( 'NONE',  ( 23.81064252166237694, 4.709146200066977705, 3.174999999999993161 ) ) ;
#736 = CIRCLE ( 'NONE', #6659, 4.200000000000001954 ) ;
#737 = DIRECTION ( 'NONE',  ( 0.000000000000000000, 0.000000000000000000, 1.000000000000000000 ) ) ;
#738 = CARTESIAN_POINT ( 'NONE',  ( 41.93866739300585778, 1.933200930370231774, 17.18241174359419077 ) ) ;
#739 = DIRECTION ( 'NONE',  ( 0.000000000000000000, 0.000000000000000000, -1.000000000000000000 ) ) ;
#740 = AXIS2_PLACEMENT_3D ( 'NONE', #3614, #8327, #6117 ) ;
#741 = EDGE_LOOP ( 'NONE', ( #5469, #9664 ) ) ;
#742 = EDGE_LOOP ( 'NONE', ( #2274, #10063, #665, #4959 ) ) ;
#743 = VECTOR ( 'NONE', #9640, 1000.000000000000000 ) ;
#744 = FACE_OUTER_BOUND ( 'NONE', #2748, .T. ) ;
#745 = CARTESIAN_POINT ( 'NONE',  ( -2.389000000000000234, 2.424999999999986944, 0.7500000000000000000 ) ) ;
#746 = CARTESIAN_POINT ( 'NONE',  ( 42.26486625279684262, 3.131433100412463588, -6.003919782651486514 ) ) ;
#747 = CARTESIAN_POINT ( 'NONE',  ( -4.415685187732838912, 2.794074497529227319, -25.20731337967214003 ) ) ;
#748 = ORIENTED_EDGE ( 'NONE', *, *, #1426, .T. ) ;
#749 = CARTESIAN_POINT ( 'NONE',  ( 7.880827533651150851, 1.879149131980589083, -22.38482524662000017 ) ) ;
#750 = CARTESIAN_POINT ( 'NONE',  ( -5.403989930913366990, 2.660172277949155895, -25.24444081896225711 ) ) ;
#751 = CARTESIAN_POINT ( 'NONE',  ( -3.993808646191337353, 4.932914904497418540, -17.72197930540887612 ) ) ;
#752 = LINE ( 'NONE', #10435, #7538 ) ;
#753 = FACE_OUTER_BOUND ( 'NONE', #4599, .T. ) ;
#754 = CIRCLE ( 'NONE', #7678, 4.000000000000003553 ) ;
#755 = VECTOR ( 'NONE', #507, 1000.000000000000000 ) ;
#756 = CARTESIAN_POINT ( 'NONE',  ( 17.40624556624534236, 4.277571322284365429, 8.946538484693602911 ) ) ;
#757 = ORIENTED_EDGE ( 'NONE', *, *, #6364, .F. ) ;
#758 = VERTEX_POINT ( 'NONE', #7582 ) ;
#759 = AXIS2_PLACEMENT_3D ( 'NONE', #10270, #4671, #10325 ) ;
#760 = CARTESIAN_POINT ( 'NONE',  ( -4.699999999999999289, -3.049999999999999822, 23.25000000000000000 ) ) ;
#761 = CARTESIAN_POINT ( 'NONE',  ( 0.000000000000000000, 1.135999999974046659, -19.05000000000000071 ) ) ;
#762 = FACE_OUTER_BOUND ( 'NONE', #7654, .T. ) ;
#763 = LINE ( 'NONE', #4000, #4276 ) ;
#764 = VECTOR ( 'NONE', #2245, 1000.000000000000000 ) ;
#765 = CARTESIAN_POINT ( 'NONE',  ( -0.8890000000000016778, 7.781481604885549963, 0.003761723464346230974 ) ) ;
#766 = CARTESIAN_POINT ( 'NONE',  ( -2.700420242190274323, 2.086250519410632887, -22.84150501361189001 ) ) ;
#767 = CARTESIAN_POINT ( 'NONE',  ( -3.689180014854181788, 3.991776000106285416, 15.37855311674442937 ) ) ;
#768 = B_SPLINE_CURVE_WITH_KNOTS ( 'NONE', 3,
 ( #7885, #3866, #6310, #9527 ),
 .UNSPECIFIED., .F., .F.,
 ( 4, 4 ),
 ( 0.000000000000000000, 1.000000000000000000 ),
 .UNSPECIFIED. ) ;
#769 = CARTESIAN_POINT ( 'NONE',  ( 10.38435538331219909, 3.052584894476240152, -16.98623112774832578 ) ) ;
#770 = PERSON_AND_ORGANIZATION ( #9736, #8355 ) ;
#771 = ORIENTED_EDGE ( 'NONE', *, *, #5978, .F. ) ;
#772 = VERTEX_POINT ( 'NONE', #3459 ) ;
#773 = VERTEX_POINT ( 'NONE', #5197 ) ;
#774 = CARTESIAN_POINT ( 'NONE',  ( -2.802573399227481055, 5.403929680169621719, 15.90981902302421602 ) ) ;
#775 = CARTESIAN_POINT ( 'NONE',  ( 10.87080467290709862, 2.803357751481901250, -17.92159849394938220 ) ) ;
#776 = PLANE ( 'NONE',  #5285 ) ;
#777 = EDGE_CURVE ( 'NONE', #5041, #6147, #9160, .T. ) ;
#778 = DIRECTION ( 'NONE',  ( 0.000000000000000000, 1.000000000000000000, 0.000000000000000000 ) ) ;
#779 = CARTESIAN_POINT ( 'NONE',  ( 13.97362309810730530, 6.920246041473972376, -0.2885154797329402276 ) ) ;
#780 = LINE ( 'NONE', #8977, #2440 ) ;
#781 = DIRECTION ( 'NONE',  ( -0.000000000000000000, -1.000000000000000000, -0.000000000000000000 ) ) ;
#782 = VECTOR ( 'NONE', #466, 1000.000000000000000 ) ;
#783 = CARTESIAN_POINT ( 'NONE',  ( 17.69879932761462626, 2.107087804331436942, 19.84761053811268638 ) ) ;
#784 = EDGE_CURVE ( 'NONE', #3607, #3530, #9919, .T. ) ;
#785 = EDGE_CURVE ( 'NONE', #9539, #4598, #5046, .T. ) ;
#787 = EDGE_CURVE ( 'NONE', #2789, #2449, #1283, .T. ) ;
#786 = CIRCLE ( 'NONE', #3324, 2.100000000000004530 ) ;
#788 = CARTESIAN_POINT ( 'NONE',  ( 37.61855599229771485, 2.129976824263548174, 17.37242076171629890 ) ) ;
#789 = CARTESIAN_POINT ( 'NONE',  ( -0.4999999999999988343, 1.939087293050998806, 23.52524247042226335 ) ) ;
#790 = CARTESIAN_POINT ( 'NONE',  ( 38.94830581510927914, 2.663373019860455049, 4.184569371726762022 ) ) ;
#791 = CARTESIAN_POINT ( 'NONE',  ( 18.13549653413663165, 2.747665790604081781, 19.15101810225201007 ) ) ;
#792 = CARTESIAN_POINT ( 'NONE',  ( -4.453299613088007369, 3.924999999999987388, -10.47488357014867510 ) ) ;
#793 = CARTESIAN_POINT ( 'NONE',  ( 38.25470866890539412, 2.396203592521508607, 26.99712577084007847 ) ) ;
#794 = VECTOR ( 'NONE', #9936, 1000.000000000000000 ) ;
#795 = CARTESIAN_POINT ( 'NONE',  ( 0.000000000000000000, 2.286000000000000032, 16.94999999999999929 ) ) ;
#796 = ADVANCED_FACE ( 'NONE', ( #5141 ), #178, .T. ) ;
#797 = EDGE_LOOP ( 'NONE', ( #8798, #9437 ) ) ;
#798 = ORIENTED_EDGE ( 'NONE', *, *, #9671, .F. ) ;
#799 = EDGE_CURVE ( 'NONE', #1493, #3446, #2645, .T. ) ;
#800 = CARTESIAN_POINT ( 'NONE',  ( 6.907106781186543643, 500000.0000000000582, 25.25000000000000000 ) ) ;
#801 = EDGE_CURVE ( 'NONE', #10104, #7044, #515, .T. ) ;
#802 = CARTESIAN_POINT ( 'NONE',  ( 7.931277374677582870, 3.506919381880889919, -15.73737538186326823 ) ) ;
#803 = B_SPLINE_SURFACE_WITH_KNOTS ( 'NONE', 3, 3, ( 
 ( #4235, #4376, #7655, #5026 ),
 ( #6724, #1100, #8248, #3532 ),
 ( #7459, #4329, #7562, #6670 ),
 ( #3580, #6771, #7605, #9984 ),
 ( #2735, #5979, #9192, #1945 ),
 ( #5172, #353, #2792, #6035 ),
 ( #3064, #459, #1253, #8611 ) ),
 .UNSPECIFIED., .F., .F., .F.,
 ( 4, 3, 4 ),
 ( 4, 4 ),
 ( 0.000000000000000000, 0.4281847693055275128, 0.8563695386110550256 ),
 ( -4.195783736573853662E-16, 0.8070775574802179220 ),
 .UNSPECIFIED. ) ;
#804 = DIRECTION ( 'NONE',  ( 0.000000000000000000, 0.000000000000000000, 1.000000000000000000 ) ) ;
#805 = AXIS2_PLACEMENT_3D ( 'NONE', #6395, #2351, #4685 ) ;
#806 = CARTESIAN_POINT ( 'NONE',  ( 42.63765248996356405, 3.316774932788391972, -2.950427400410739587 ) ) ;
#807 = ORIENTED_EDGE ( 'NONE', *, *, #8907, .F. ) ;
#808 = VECTOR ( 'NONE', #9173, 1000.000000000000000 ) ;
#809 = DIRECTION ( 'NONE',  ( 1.000000000000000000, -3.469446951953614189E-15, 0.000000000000000000 ) ) ;
#810 = CARTESIAN_POINT ( 'NONE',  ( 37.59999999999744347, 2.947652384969239758, -1.100000000000732836 ) ) ;
#811 = DIRECTION ( 'NONE',  ( -2.764605985400094306E-17, 0.000000000000000000, -1.000000000000000000 ) ) ;
#812 = DIRECTION ( 'NONE',  ( 0.000000000000000000, 0.000000000000000000, -1.000000000000000000 ) ) ;
#813 = PLANE ( 'NONE',  #9570 ) ;
#814 = EDGE_CURVE ( 'NONE', #7874, #1431, #3602, .T. ) ;
#815 = ORIENTED_EDGE ( 'NONE', *, *, #8588, .F. ) ;
#816 = ORIENTED_EDGE ( 'NONE', *, *, #6427, .T. ) ;
#817 = ORIENTED_EDGE ( 'NONE', *, *, #6, .F. ) ;
#818 = LINE ( 'NONE', #3301, #3098 ) ;
#819 = CARTESIAN_POINT ( 'NONE',  ( 27.35584323266731133, 4.023996779811363389, 20.13618368274396886 ) ) ;
#820 = CARTESIAN_POINT ( 'NONE',  ( 29.15628652098233076, 3.049999999999998046, 33.55433468791122209 ) ) ;
#821 = CARTESIAN_POINT ( 'NONE',  ( -3.159279515070827049, 9.190143435436109343, 0.7499999999999991118 ) ) ;
#822 = FACE_OUTER_BOUND ( 'NONE', #2566, .T. ) ;
#823 = CARTESIAN_POINT ( 'NONE',  ( -4.699999999999995737, 2.550500497153702639, -21.06695694937968355 ) ) ;
#824 = CARTESIAN_POINT ( 'NONE',  ( 5.199999999999560529, 2.697054916766524535, -19.55000000000000426 ) ) ;
#825 = DATE_TIME_ROLE ( 'classification_date' ) ;
#826 = ORIENTED_EDGE ( 'NONE', *, *, #9268, .T. ) ;
#827 = ORIENTED_EDGE ( 'NONE', *, *, #2273, .F. ) ;
#828 = B_SPLINE_CURVE_WITH_KNOTS ( 'NONE', 3,
 ( #112, #8196, #854, #4081 ),
 .UNSPECIFIED., .F., .F.,
 ( 4, 4 ),
 ( 0.003959777630847290467, 0.006088078427685300609 ),
 .UNSPECIFIED. ) ;
#829 = ORIENTED_EDGE ( 'NONE', *, *, #2995, .F. ) ;
#830 = DIRECTION ( 'NONE',  ( 0.000000000000000000, 0.000000000000000000, -1.000000000000000000 ) ) ;
#831 = CARTESIAN_POINT ( 'NONE',  ( -0.2837798439912342929, 2.319177266681106353, 22.01716979542365493 ) ) ;
#832 = DIRECTION ( 'NONE',  ( -0.000000000000000000, 1.000000000000000000, -0.000000000000000000 ) ) ;
#833 = CARTESIAN_POINT ( 'NONE',  ( 5.200000000000000178, -2.286000000026433554, 19.05000000000000071 ) ) ;
#834 = DIRECTION ( 'NONE',  ( 0.000000000000000000, 0.000000000000000000, 1.000000000000000000 ) ) ;
#835 = CARTESIAN_POINT ( 'NONE',  ( 37.59999999999791243, 2.302794727137012387, -2.099999999999999645 ) ) ;
#836 = LINE ( 'NONE', #3372, #8070 ) ;
#837 = CARTESIAN_POINT ( 'NONE',  ( 33.41466200122188468, 3.087004395311984339, 5.667068968842475130 ) ) ;
#838 = B_SPLINE_CURVE_WITH_KNOTS ( 'NONE', 3,
 ( #6154, #420, #7673, #10108 ),
 .UNSPECIFIED., .F., .F.,
 ( 4, 4 ),
 ( 0.02418464098649310279, 0.02523901038953911546 ),
 .UNSPECIFIED. ) ;
#839 = CARTESIAN_POINT ( 'NONE',  ( 35.91248422577816513, 3.476683437235631224, -0.06049284742148438448 ) ) ;
#840 = CARTESIAN_POINT ( 'NONE',  ( -4.699999999999997513, 3.698327742982760569, -16.50133796791249452 ) ) ;
#841 = ADVANCED_FACE ( 'NONE', ( #10060 ), #2757, .T. ) ;
#842 = FACE_OUTER_BOUND ( 'NONE', #445, .T. ) ;
#843 = DIRECTION ( 'NONE',  ( 0.000000000000000000, -1.000000000000000000, -0.000000000000000000 ) ) ;
#844 = CARTESIAN_POINT ( 'NONE',  ( 28.52826718440758214, 2.286000000000000032, 34.98983243056316894 ) ) ;
#845 = EDGE_CURVE ( 'NONE', #6814, #1670, #424, .T. ) ;
#846 = CARTESIAN_POINT ( 'NONE',  ( 14.51567008739592701, -3.050000000000000711, -20.79151804510296841 ) ) ;
#847 = FACE_OUTER_BOUND ( 'NONE', #1164, .T. ) ;
#848 = PRODUCT_RELATED_PRODUCT_CATEGORY ( 'detail', '', ( #2123 ) ) ;
#849 = ORIENTED_EDGE ( 'NONE', *, *, #3764, .F. ) ;
#850 = B_SPLINE_CURVE_WITH_KNOTS ( 'NONE', 3,
 ( #1608, #8052, #956, #4192, #165, #5032, #4832, #1009 ),
 .UNSPECIFIED., .F., .F.,
 ( 4, 2, 2, 4 ),
 ( 0.001032818892616523465, 0.007581909067804566173, 0.01085645415539858785, 0.01413099924299260866 ),
 .UNSPECIFIED. ) ;
#851 = CARTESIAN_POINT ( 'NONE',  ( 0.000000000000000000, -3.049999999999999822, 23.75000000000000000 ) ) ;
#852 = DIRECTION ( 'NONE',  ( -0.000000000000000000, -1.000000000000000000, -0.000000000000000000 ) ) ;
#853 = CARTESIAN_POINT ( 'NONE',  ( 42.86492381658428030, 2.375170518633580308, -6.753338290453718251 ) ) ;
#854 = CARTESIAN_POINT ( 'NONE',  ( 4.170003389874136879, 1.635320255610980267, -19.55000000000000071 ) ) ;
#855 = ORIENTED_EDGE ( 'NONE', *, *, #3417, .T. ) ;
#856 = EDGE_CURVE ( 'NONE', #3578, #380, #5602, .T. ) ;
#857 = FACE_OUTER_BOUND ( 'NONE', #3091, .T. ) ;
#858 = CARTESIAN_POINT ( 'NONE',  ( 37.91674972479282246, 2.594684321499560298, -3.239690846911741140 ) ) ;
#859 = CARTESIAN_POINT ( 'NONE',  ( 0.000000000000000000, 2.286000000000000032, -19.05000000000000071 ) ) ;
#860 = CARTESIAN_POINT ( 'NONE',  ( 10.35594574214163188, 4.924763940098526582, 17.40737413497432584 ) ) ;
#861 = CARTESIAN_POINT ( 'NONE',  ( 0.5000000000000006661, 1.919399304474949330, 23.59965523197993420 ) ) ;
#862 = ADVANCED_FACE ( 'NONE', ( #2970 ), #2866, .T. ) ;
#863 = VERTEX_POINT ( 'NONE', #1272 ) ;
#864 = ORIENTED_EDGE ( 'NONE', *, *, #3627, .T. ) ;
#865 = ORIENTED_EDGE ( 'NONE', *, *, #9547, .T. ) ;
#866 = LINE ( 'NONE', #10334, #209 ) ;
#867 = CARTESIAN_POINT ( 'NONE',  ( -4.000000000000000000, 0.04441743770059033980, 30.45582170424567892 ) ) ;
#868 = CARTESIAN_POINT ( 'NONE',  ( 34.49048797306425485, 1.650877637587200741, 20.00173705463582152 ) ) ;
#869 = LINE ( 'NONE', #9657, #8678 ) ;
#870 = EDGE_CURVE ( 'NONE', #9951, #2947, #6720, .T. ) ;
#871 = DIRECTION ( 'NONE',  ( 0.000000000000000000, 0.000000000000000000, -1.000000000000000000 ) ) ;
#872 = CARTESIAN_POINT ( 'NONE',  ( 42.05298215698559261, -3.049999999999999822, 16.75249214394451869 ) ) ;
#873 = CARTESIAN_POINT ( 'NONE',  ( 29.01502886821507587, 2.286000000000000032, 35.75000000000000711 ) ) ;
#874 = ORIENTED_EDGE ( 'NONE', *, *, #925, .T. ) ;
#875 = ORIENTED_EDGE ( 'NONE', *, *, #9923, .F. ) ;
#876 = VERTEX_POINT ( 'NONE', #2117 ) ;
#877 = ORIENTED_EDGE ( 'NONE', *, *, #8281, .T. ) ;
#878 = CARTESIAN_POINT ( 'NONE',  ( -4.069484999595677444, 4.344967162140241257, 20.12333307607765676 ) ) ;
#879 = CARTESIAN_POINT ( 'NONE',  ( -3.216870183616026502, 2.557601296088599874, 21.08429942417506808 ) ) ;
#880 = CARTESIAN_POINT ( 'NONE',  ( 44.30000000000003268, 1.420998365940052688, -1.436273429172286953 ) ) ;
#881 = CARTESIAN_POINT ( 'NONE',  ( -4.699999999999999289, 5.282422870903583519E-14, -23.21895964886240904 ) ) ;
#882 = CARTESIAN_POINT ( 'NONE',  ( 37.21673455267575292, 4.585024374357875132, 3.203482049261237474 ) ) ;
#883 = CARTESIAN_POINT ( 'NONE',  ( 46.22660343756237467, 3.049999999999999822, -4.218527357112153986 ) ) ;
#884 = CARTESIAN_POINT ( 'NONE',  ( 22.36253288179846876, 3.014260751203081234, 14.27206027010995015 ) ) ;
#885 = CARTESIAN_POINT ( 'NONE',  ( 26.01908102360107478, 1.652673980310873203, 28.57583605297633511 ) ) ;
#886 = CARTESIAN_POINT ( 'NONE',  ( -4.199999999999999289, -3.049999999999999822, 23.75000000000000000 ) ) ;
#887 = CARTESIAN_POINT ( 'NONE',  ( 5.199999999996696154, 0.2567190024459859998, -22.85041977248752687 ) ) ;
#888 = PLANE ( 'NONE',  #1120 ) ;
#889 = CARTESIAN_POINT ( 'NONE',  ( -5.306349049217844005, 3.145073743712074599, -24.86490624652638104 ) ) ;
#890 = AXIS2_PLACEMENT_3D ( 'NONE', #6226, #8475, #2023 ) ;
#891 = EDGE_LOOP ( 'NONE', ( #4464, #696, #826, #5632, #6166 ) ) ;
#892 = ORIENTED_EDGE ( 'NONE', *, *, #8161, .F. ) ;
#893 = CARTESIAN_POINT ( 'NONE',  ( -4.699999999999996625, 3.616922239544046569, -16.82514045387129897 ) ) ;
#894 = CARTESIAN_POINT ( 'NONE',  ( 14.72005140847272031, 5.759082415044490588, -2.100000000000000977 ) ) ;
#895 = CARTESIAN_POINT ( 'NONE',  ( 42.80000000000000426, 1.664361729648572652, -5.034648370084310542 ) ) ;
#896 = DIRECTION ( 'NONE',  ( 0.000000000000000000, -1.000000000000000000, 0.000000000000000000 ) ) ;
#897 = EDGE_CURVE ( 'NONE', #3697, #8471, #902, .T. ) ;
#898 = AXIS2_PLACEMENT_3D ( 'NONE', #1630, #4013, #2366 ) ;
#899 = VERTEX_POINT ( 'NONE', #10269 ) ;
#900 = CARTESIAN_POINT ( 'NONE',  ( -3.961000000003878085, 3.174999999999990052, -6.349999999999999645 ) ) ;
#901 = CARTESIAN_POINT ( 'NONE',  ( 10.62736066874737695, 4.610880422525369227, -16.95625609198923200 ) ) ;
#902 = B_SPLINE_CURVE_WITH_KNOTS ( 'NONE', 3,
 ( #1330, #4557, #7782, #6996 ),
 .UNSPECIFIED., .F., .F.,
 ( 4, 4 ),
 ( 0.000000000000000000, 0.0004407126670928244528 ),
 .UNSPECIFIED. ) ;
#903 = LINE ( 'NONE', #2498, #2971 ) ;
#904 = VECTOR ( 'NONE', #6643, 1000.000000000000000 ) ;
#905 = CARTESIAN_POINT ( 'NONE',  ( 15.43743562238367950, 6.546058489200657249, 8.843332939553675942 ) ) ;
#906 = B_SPLINE_CURVE_WITH_KNOTS ( 'NONE', 3,
 ( #4124, #49, #2582, #6576, #946, #5826, #9040, #5022, #9790, #846, #4073, #3280, #9744, #2484, #8522, #4352 ),
 .UNSPECIFIED., .F., .F.,
 ( 4, 2, 2, 2, 2, 2, 2, 4 ),
 ( 0.0002271095015675574764, 0.01046646426874323077, 0.01558614165233105676, 0.02070581903591887235, 0.03094517380309450699, 0.03606485118668231737, 0.03862468987847622603, 0.04118452857027013470 ),
 .UNSPECIFIED. ) ;
#907 = CARTESIAN_POINT ( 'NONE',  ( 6.199999999999999289, 1.870513483387126419, 23.75000000000000000 ) ) ;
#908 = EDGE_LOOP ( 'NONE', ( #9163, #1236, #8566, #6220 ) ) ;
#909 = ORIENTED_EDGE ( 'NONE', *, *, #7507, .T. ) ;
#910 = EDGE_CURVE ( 'NONE', #9375, #6169, #5353, .T. ) ;
#911 = CARTESIAN_POINT ( 'NONE',  ( 44.30000000000388383, 1.118491294345290488, -5.961160461679432032 ) ) ;
#912 = VECTOR ( 'NONE', #4443, 1000.000000000000000 ) ;
#913 = CARTESIAN_POINT ( 'NONE',  ( 44.30000000000003268, 1.508612259485027085, 0.4648296863333732931 ) ) ;
#914 = CARTESIAN_POINT ( 'NONE',  ( 10.38435538331219909, 3.052584894476240152, -15.98623112774832578 ) ) ;
#915 = CARTESIAN_POINT ( 'NONE',  ( 6.349999999999996092, -2.286000000000000032, 24.69289321881345245 ) ) ;
#916 = ADVANCED_FACE ( 'NONE', ( #528 ), #6216, .F. ) ;
#917 = CARTESIAN_POINT ( 'NONE',  ( 3.175000000000001155, -2.286000000000000032, 19.55000000000000071 ) ) ;
#918 = CARTESIAN_POINT ( 'NONE',  ( 38.64359691908180849, -3.049999999999999378, 26.11270464064791597 ) ) ;
#919 = VECTOR ( 'NONE', #9312, 1000.000000000000000 ) ;
#920 = LINE ( 'NONE', #7435, #1655 ) ;
#921 = CIRCLE ( 'NONE', #3617, 3.175000000000000711 ) ;
#922 = EDGE_LOOP ( 'NONE', ( #1111, #10290, #6735, #6207 ) ) ;
#923 = ORIENTED_EDGE ( 'NONE', *, *, #6618, .T. ) ;
#924 = ORIENTED_EDGE ( 'NONE', *, *, #1511, .F. ) ;
#925 = EDGE_CURVE ( 'NONE', #2515, #2787, #618, .T. ) ;
#926 = VERTEX_POINT ( 'NONE', #5067 ) ;
#927 = VECTOR ( 'NONE', #1201, 1000.000000000000000 ) ;
#928 = CARTESIAN_POINT ( 'NONE',  ( -3.991277418920103237, 4.278950590850109315, 20.38573821609098857 ) ) ;
#929 = FACE_OUTER_BOUND ( 'NONE', #3192, .T. ) ;
#930 = CARTESIAN_POINT ( 'NONE',  ( 0.000000000000000000, 0.7859999999999998099, 31.75000000000000000 ) ) ;
#931 = CARTESIAN_POINT ( 'NONE',  ( 12.69999999999999929, 2.286000000000000032, 31.75000000000000000 ) ) ;
#932 = CYLINDRICAL_SURFACE ( 'NONE', #1638, 31.75000000000001421 ) ;
#933 = EDGE_CURVE ( 'NONE', #10384, #5792, #8736, .T. ) ;
#934 = CARTESIAN_POINT ( 'NONE',  ( 2.792221895297170242, 7.684191407331955936, 0.007322058701174396535 ) ) ;
#935 = FACE_BOUND ( 'NONE', #6504, .T. ) ;
#936 = LOCAL_TIME ( 14, 39, 42.00000000000000000, #7862 ) ;
#937 = CARTESIAN_POINT ( 'NONE',  ( 24.20161078982664193, 1.853332181626833108, 21.48078480966378834 ) ) ;
#938 = EDGE_CURVE ( 'NONE', #3529, #7812, #6717, .T. ) ;
#939 = VERTEX_POINT ( 'NONE', #196 ) ;
#940 = CARTESIAN_POINT ( 'NONE',  ( 20.32271525203267970, 1.710923543113910705, 25.37273459613546223 ) ) ;
#941 = DIRECTION ( 'NONE',  ( 0.000000000000000000, 1.785396518828237072E-15, 1.000000000000000000 ) ) ;
#942 = CIRCLE ( 'NONE', #7026, 0.5000000000000000000 ) ;
#943 = CARTESIAN_POINT ( 'NONE',  ( 46.72907673155535946, 2.813145501666070913, -3.770163286597778107 ) ) ;
#944 = CARTESIAN_POINT ( 'NONE',  ( -4.699999999999962874, 7.268764819646782449, 8.483678855789777984 ) ) ;
#945 = CARTESIAN_POINT ( 'NONE',  ( 3.703218237419360737, 2.151262605856838039, -21.97848844674700786 ) ) ;
#946 = CARTESIAN_POINT ( 'NONE',  ( 31.56516454855893272, -3.049999999999994937, -13.41514709344459888 ) ) ;
#947 = AXIS2_PLACEMENT_3D ( 'NONE', #958, #8056, #812 ) ;
#948 = VERTEX_POINT ( 'NONE', #8242 ) ;
#949 = CIRCLE ( 'NONE', #4009, 3.175000000000000711 ) ;
#950 = PLANE ( 'NONE',  #550 ) ;
#951 = CARTESIAN_POINT ( 'NONE',  ( 12.69999999999999218, 2.795333333333330561, 25.69109560566087325 ) ) ;
#952 = CARTESIAN_POINT ( 'NONE',  ( 9.564617248245438574, 500000.0000000000582, 31.25000000000000000 ) ) ;
#953 = CARTESIAN_POINT ( 'NONE',  ( -0.4999999999999950040, 1.880326820667500343, -23.52043695468963236 ) ) ;
#954 = ORIENTED_EDGE ( 'NONE', *, *, #1429, .T. ) ;
#955 = CARTESIAN_POINT ( 'NONE',  ( -3.296134560617110409, 3.861157950737088562, -15.81900154802129421 ) ) ;
#956 = CARTESIAN_POINT ( 'NONE',  ( 28.46903684950546065, 1.961252943543724703, 20.40054936220330006 ) ) ;
#957 = CARTESIAN_POINT ( 'NONE',  ( -6.199999999999961098, 9.399999999999977263, 0.000000000000000000 ) ) ;
#958 = CARTESIAN_POINT ( 'NONE',  ( 10.38435538331219554, 3.052584894237436508, -15.98623112774832578 ) ) ;
#959 = ADVANCED_FACE ( 'NONE', ( #5823 ), #1789, .F. ) ;
#960 = CARTESIAN_POINT ( 'NONE',  ( 14.08327780631978143, 5.342985781222008512, -6.858791429474306867 ) ) ;
#961 = CARTESIAN_POINT ( 'NONE',  ( 0.5000000000000026645, 1.938330394404943924, 23.52448086157672691 ) ) ;
#962 = ORIENTED_EDGE ( 'NONE', *, *, #586, .T. ) ;
#963 = EDGE_LOOP ( 'NONE', ( #2537, #560, #4340, #2992, #8438 ) ) ;
#964 = ORIENTED_EDGE ( 'NONE', *, *, #845, .F. ) ;
#965 = VERTEX_POINT ( 'NONE', #3930 ) ;
#966 = AXIS2_PLACEMENT_3D ( 'NONE', #7791, #10168, #5418 ) ;
#967 = VECTOR ( 'NONE', #6120, 1000.000000000000000 ) ;
#968 = CARTESIAN_POINT ( 'NONE',  ( 43.61354795062300838, -3.354999999999999094, -6.542823353769599670 ) ) ;
#969 = CARTESIAN_POINT ( 'NONE',  ( 4.131980765026695757, 4.157668213317336381, 14.40992526642669702 ) ) ;
#970 = CARTESIAN_POINT ( 'NONE',  ( 19.24544916096559888, 3.049999999999998490, 26.32629283316820690 ) ) ;
#971 = CARTESIAN_POINT ( 'NONE',  ( -0.000000000000000000, -2.286000000000000032, -21.15000000000000213 ) ) ;
#972 = B_SPLINE_CURVE_WITH_KNOTS ( 'NONE', 3,
 ( #9044, #5887, #1051, #4924 ),
 .UNSPECIFIED., .F., .F.,
 ( 4, 4 ),
 ( 0.001341934495086353780, 0.002396265139393489660 ),
 .UNSPECIFIED. ) ;
#973 = CARTESIAN_POINT ( 'NONE',  ( 19.53185579432284769, 2.120213016101824444, -20.75721521465272446 ) ) ;
#974 = ADVANCED_FACE ( 'NONE', ( #1840 ), #1176, .F. ) ;
#975 = CARTESIAN_POINT ( 'NONE',  ( -3.844641274624131633, 3.950829091068817078, 15.54167902455588823 ) ) ;
#976 = B_SPLINE_SURFACE_WITH_KNOTS ( 'NONE', 3, 3, ( 
 ( #7141, #10412, #4651, #1483, #1589, #45, #9630 ),
 ( #4710, #7931, #3860, #10466, #2205, #10356, #9520 ),
 ( #8833, #7879, #8035, #788, #3913, #4868, #3119 ),
 ( #7979, #626, #6359, #1418, #5441, #2422, #6470 ),
 ( #839, #9577, #9678, #8784, #1639, #8885, #2319 ),
 ( #7094, #8667, #10305, #1534, #732, #4067, #3065 ),
 ( #3968, #7199, #3177, #6417, #7403, #1730, #885 ),
 ( #8981, #5821, #8130, #1787, #6570, #3329, #9785 ),
 ( #7450, #5769, #5109, #4318, #247, #995, #8184 ),
 ( #2479, #194, #2530, #4961, #5064, #149, #5725 ),
 ( #2681, #8939, #6715, #1040, #3275, #5922, #940 ),
 ( #3376, #3420, #2630, #6520, #4174, #4268, #4224 ),
 ( #1684, #7498, #9035, #9739, #6661, #5018, #6614 ),
 ( #8288, #9827, #4914, #8240, #9881, #2578, #3476 ),
 ( #4119, #5879, #9088, #1838, #9933, #9133, #1881 ),
 ( #7352, #8337, #1092, #7551, #99, #2726, #4523 ),
 ( #3524, #3675, #2035, #4418, #6808, #1145, #2938 ),
 ( #7698, #5379, #6765, #6021, #1300, #6860, #10081 ),
 ( #1242, #2780, #7598, #6074, #449, #9234, #6912 ),
 ( #4368, #10129, #7750, #2883, #1192, #4467, #9180 ),
 ( #6127, #1352, #9335, #2088, #10027, #1985, #8389 ),
 ( #3727, #5320, #8543, #346, #3572, #5214, #498 ),
 ( #8599, #1935, #8439, #4578, #5159, #2834, #9286 ),
 ( #6962, #10179, #6187, #2143, #7646, #9395, #5262 ),
 ( #297, #394, #3624, #8488, #9978, #5967, #7133 ),
 ( #779, #3957, #8827, #2250, #6410, #2414, #7191 ),
 ( #6293, #5431, #3853, #3054, #10348, #2194, #6351 ),
 ( #7870, #615, #7803, #1529, #10296, #9672, #8878 ),
 ( #5557, #5493, #3108, #7022, #4753, #7086, #3905 ),
 ( #5607, #9456, #7246, #10239, #6465, #9509, #5659 ),
 ( #8719, #1472, #4638, #3001, #4703, #7923, #6240 ) ),
 .UNSPECIFIED., .F., .F., .F.,
 ( 4, 3, 3, 3, 3, 3, 3, 3, 3, 3, 4 ),
 ( 4, 3, 4 ),
 ( 0.000000000000000000, 0.1106507436342032413, 0.2213014872684065937, 0.3319522309026099460, 0.4426029745368131874, 0.4979283463539148080, 0.5255910322624656184, 0.5394223752167410790, 0.5532537181710164287, 0.6639044618052196700, 0.8852059490736262637 ),
 ( 0.000000000000000000, 0.4814559710940227166, 0.9629119421880454333 ),
 .UNSPECIFIED. ) ;
#977 = B_SPLINE_CURVE_WITH_KNOTS ( 'NONE', 3,
 ( #7106, #475, #8743, #4491 ),
 .UNSPECIFIED., .F., .F.,
 ( 4, 4 ),
 ( 0.006157149524665889509, 0.006603499358186768094 ),
 .UNSPECIFIED. ) ;
#978 = CIRCLE ( 'NONE', #10086, 2.100000000000000977 ) ;
#979 = VERTEX_POINT ( 'NONE', #8659 ) ;
#980 = ORIENTED_EDGE ( 'NONE', *, *, #3179, .F. ) ;
#981 = VERTEX_POINT ( 'NONE', #3056 ) ;
#982 = ORIENTED_EDGE ( 'NONE', *, *, #3247, .F. ) ;
#983 = CARTESIAN_POINT ( 'NONE',  ( 38.93783575028795951, 2.149182097266372438, 4.324368715964554966 ) ) ;
#984 = CARTESIAN_POINT ( 'NONE',  ( 30.13994493792244711, 2.256428437106147822, 22.09943361193726830 ) ) ;
#985 = CARTESIAN_POINT ( 'NONE',  ( -2.389000000000000234, 3.174999999999987388, 6.349999999999999645 ) ) ;
#986 = DIRECTION ( 'NONE',  ( 0.000000000000000000, 0.000000000000000000, -1.000000000000000000 ) ) ;
#987 = B_SPLINE_CURVE_WITH_KNOTS ( 'NONE', 3,
 ( #8787, #1537, #3805, #3068, #4762, #8671, #1423 ),
 .UNSPECIFIED., .F., .F.,
 ( 4, 3, 4 ),
 ( 0.0003715798419065967665, 0.007326667890553498382, 0.01362242337348956028 ),
 .UNSPECIFIED. ) ;
#988 = CARTESIAN_POINT ( 'NONE',  ( 42.56631919755414373, 3.238727972713843162, -4.426654030811232765 ) ) ;
#989 = DIRECTION ( 'NONE',  ( 1.000000000000000000, -1.077948494354607140E-10, 0.000000000000000000 ) ) ;
#990 = EDGE_CURVE ( 'NONE', #6686, #61, #8601, .T. ) ;
#991 = CARTESIAN_POINT ( 'NONE',  ( 44.98230828926722324, 2.985249979497658579, -3.576411866184901811 ) ) ;
#992 = CARTESIAN_POINT ( 'NONE',  ( 35.20268837693041775, 3.016148211900100407, 1.912235728139852098 ) ) ;
#993 = EDGE_CURVE ( 'NONE', #4405, #5898, #2312, .T. ) ;
#994 = EDGE_CURVE ( 'NONE', #2686, #6260, #2786, .T. ) ;
#995 = CARTESIAN_POINT ( 'NONE',  ( 25.48652267854642517, 2.212099391301047380, 22.75390492880099913 ) ) ;
#996 = LINE ( 'NONE', #3525, #3116 ) ;
#997 = EDGE_CURVE ( 'NONE', #3428, #1163, #7708, .T. ) ;
#998 = DIRECTION ( 'NONE',  ( 0.000000000000000000, -1.000000000000000000, 0.000000000000000000 ) ) ;
#999 = CARTESIAN_POINT ( 'NONE',  ( 17.19415689518923074, 5.600301641519048523, 2.174999999999983391 ) ) ;
#1000 = VERTEX_POINT ( 'NONE', #2197 ) ;
#1001 = ORIENTED_EDGE ( 'NONE', *, *, #7449, .T. ) ;
#1002 = CARTESIAN_POINT ( 'NONE',  ( -1.385049429907501350, 4.275821818343085390, -14.03280225608151355 ) ) ;
#1003 = CARTESIAN_POINT ( 'NONE',  ( -5.461000000025251211, 3.174999999999987388, 6.349999999999999645 ) ) ;
#1004 = CARTESIAN_POINT ( 'NONE',  ( 44.30000000000000426, -0.02504973529333286500, -1.158225982667416698E-14 ) ) ;
#1005 = CARTESIAN_POINT ( 'NONE',  ( 17.69770397533646289, 2.286000000000016463, 27.23738256514496570 ) ) ;
#1006 = VERTEX_POINT ( 'NONE', #1531 ) ;
#1007 = B_SPLINE_CURVE_WITH_KNOTS ( 'NONE', 3,
 ( #1060, #2049, #5279, #8506, #7721, #3540 ),
 .UNSPECIFIED., .F., .F.,
 ( 4, 2, 4 ),
 ( 0.001357390228752780592, 0.008481980029446974448, 0.01560656983014116830 ),
 .UNSPECIFIED. ) ;
#1008 = CARTESIAN_POINT ( 'NONE',  ( -3.316809609875376097, 4.365016899820870933, -13.81447271507029306 ) ) ;
#1009 = CARTESIAN_POINT ( 'NONE',  ( 19.79196846283270261, 2.237852469958253376, 19.05867074616814705 ) ) ;
#1010 = LINE ( 'NONE', #6537, #8213 ) ;
#1011 = CARTESIAN_POINT ( 'NONE',  ( 26.59075686408611716, 2.286000000000072419, 32.56245729465366168 ) ) ;
#1012 = CARTESIAN_POINT ( 'NONE',  ( 25.78487151145812462, 3.032124396580738512, -11.12133177514609095 ) ) ;
#1013 = DIRECTION ( 'NONE',  ( -1.000000000000000000, 0.000000000000000000, 0.000000000000000000 ) ) ;
#1014 = VERTEX_POINT ( 'NONE', #9399 ) ;
#1015 = VERTEX_POINT ( 'NONE', #6964 ) ;
#1016 = ORIENTED_EDGE ( 'NONE', *, *, #3058, .T. ) ;
#1017 = ORIENTED_EDGE ( 'NONE', *, *, #203, .T. ) ;
#1018 = CARTESIAN_POINT ( 'NONE',  ( 44.30000000000000426, 3.215208333332866708, -4.116803683335415798 ) ) ;
#1019 = DIRECTION ( 'NONE',  ( 0.000000000000000000, 0.000000000000000000, -1.000000000000000000 ) ) ;
#1020 = CARTESIAN_POINT ( 'NONE',  ( 24.06576501188850159, 3.049999999999998934, 28.70647871361562409 ) ) ;
#1021 = CARTESIAN_POINT ( 'NONE',  ( 1.957198252604980704, 0.7859999999999998099, 34.25000000000000000 ) ) ;
#1022 = FACE_OUTER_BOUND ( 'NONE', #9776, .T. ) ;
#1023 = CARTESIAN_POINT ( 'NONE',  ( 34.67900291786647671, 2.068095444186073717, 22.14524511245740968 ) ) ;
#1024 = LINE ( 'NONE', #9959, #9595 ) ;
#1025 = VERTEX_POINT ( 'NONE', #3961 ) ;
#1026 = EDGE_LOOP ( 'NONE', ( #7484, #2082, #2914, #2881, #9151 ) ) ;
#1027 = ORIENTED_EDGE ( 'NONE', *, *, #6133, .T. ) ;
#1028 = ORIENTED_EDGE ( 'NONE', *, *, #650, .T. ) ;
#1029 = CARTESIAN_POINT ( 'NONE',  ( 38.57943683525854794, 2.274104338018383409, 3.016343274689960996 ) ) ;
#1030 = PLANE ( 'NONE',  #2141 ) ;
#1031 = CARTESIAN_POINT ( 'NONE',  ( 8.444418044455584749, 5.547193682997972886, -13.60381162667565036 ) ) ;
#1032 = CARTESIAN_POINT ( 'NONE',  ( 9.518329979527747398, 2.718665503905680403, -16.48623112774832933 ) ) ;
#1033 = DIRECTION ( 'NONE',  ( 0.000000000000000000, 0.000000000000000000, 1.000000000000000000 ) ) ;
#1034 = DIRECTION ( 'NONE',  ( -1.000000000000000000, -0.000000000000000000, -0.000000000000000000 ) ) ;
#1035 = CARTESIAN_POINT ( 'NONE',  ( -4.699999999999999289, -2.286000000000000032, 19.55000000000000071 ) ) ;
#1036 = CARTESIAN_POINT ( 'NONE',  ( 17.83558813370229146, 4.526611272781691397, 7.575411444098710589 ) ) ;
#1037 = DIRECTION ( 'NONE',  ( -1.000000000000000000, 0.000000000000000000, 0.000000000000000000 ) ) ;
#1038 = ADVANCED_FACE ( 'NONE', ( #4640 ), #7973, .F. ) ;
#1039 = EDGE_CURVE ( 'NONE', #1222, #10217, #2293, .T. ) ;
#1040 = CARTESIAN_POINT ( 'NONE',  ( 24.44805011336474010, 3.595361012719011207, 13.13246596700080993 ) ) ;
#1041 = EDGE_CURVE ( 'NONE', #9111, #1374, #4705, .T. ) ;
#1042 = CARTESIAN_POINT ( 'NONE',  ( 38.90647189456964128, 2.383505628935749243, -3.594782266196455467 ) ) ;
#1043 = EDGE_CURVE ( 'NONE', #4155, #772, #10364, .T. ) ;
#1044 = CARTESIAN_POINT ( 'NONE',  ( 44.48834006953994447, 1.154301991148496187, -5.769604496196635957 ) ) ;
#1045 = DIRECTION ( 'NONE',  ( 0.000000000000000000, -1.000000000000000000, -0.000000000000000000 ) ) ;
#1046 = ORIENTED_EDGE ( 'NONE', *, *, #9081, .F. ) ;
#1047 = EDGE_CURVE ( 'NONE', #4781, #5301, #10406, .T. ) ;
#1048 = EDGE_LOOP ( 'NONE', ( #3327, #9918, #7685, #3395 ) ) ;
#1049 = CARTESIAN_POINT ( 'NONE',  ( 0.5000000000000013323, 1.136000000000000343, -22.71606055596467399 ) ) ;
#1050 = CARTESIAN_POINT ( 'NONE',  ( 10.38435538331219554, 3.052584894237436508, -15.98623112774832578 ) ) ;
#1051 = CARTESIAN_POINT ( 'NONE',  ( -4.206887588227781194, 3.924999999999989164, 10.22428955275065121 ) ) ;
#1052 = CARTESIAN_POINT ( 'NONE',  ( 28.08961713800777460, 2.286000000000008914, 34.33936563789742991 ) ) ;
#1053 = ADVANCED_FACE ( 'NONE', ( #4806 ), #8538, .F. ) ;
#1054 = CARTESIAN_POINT ( 'NONE',  ( -3.285800262734365873, 3.609228548434276984, -16.82126600790208215 ) ) ;
#1055 = CARTESIAN_POINT ( 'NONE',  ( 13.19999999999999396, -2.286000000000000032, 28.61461724824544106 ) ) ;
#1056 = VECTOR ( 'NONE', #4620, 1000.000000000000000 ) ;
#1057 = CARTESIAN_POINT ( 'NONE',  ( 42.80014015321026477, 1.880237998053895465, 0.005707694854414802933 ) ) ;
#1058 = CARTESIAN_POINT ( 'NONE',  ( 23.81007944967916501, 2.286000000000014243, 30.13899233546690226 ) ) ;
#1059 = CARTESIAN_POINT ( 'NONE',  ( 13.57282682859818301, 7.102670169592765426, 0.3488831140203342285 ) ) ;
#1060 = CARTESIAN_POINT ( 'NONE',  ( 16.23257766066656060, 7.303231440348002756, 4.449527550046965985 ) ) ;
#1061 = ORIENTED_EDGE ( 'NONE', *, *, #3907, .T. ) ;
#1062 = ORIENTED_EDGE ( 'NONE', *, *, #5921, .F. ) ;
#1063 = ORIENTED_EDGE ( 'NONE', *, *, #5727, .F. ) ;
#1064 = ORIENTED_EDGE ( 'NONE', *, *, #897, .F. ) ;
#1065 = VECTOR ( 'NONE', #7263, 1000.000000000000000 ) ;
#1066 = CARTESIAN_POINT ( 'NONE',  ( 43.55626455647958295, -1.957083333333528907, -6.592681906217872978 ) ) ;
#1067 = CARTESIAN_POINT ( 'NONE',  ( 3.140041890162715621, 4.348227898680546488, 13.70002603333586677 ) ) ;
#1068 = DIRECTION ( 'NONE',  ( -0.000000000000000000, 0.000000000000000000, -1.000000000000000000 ) ) ;
#1069 = CARTESIAN_POINT ( 'NONE',  ( 19.07172101901273109, -3.049999999999992273, 24.69108643534815428 ) ) ;
#1070 = ORIENTED_EDGE ( 'NONE', *, *, #4205, .T. ) ;
#1071 = AXIS2_PLACEMENT_3D ( 'NONE', #1818, #9709, #24 ) ;
#1072 = CARTESIAN_POINT ( 'NONE',  ( -0.5000000000000001110, 2.135520838100398944, 14.37690321717511566 ) ) ;
#1073 = CARTESIAN_POINT ( 'NONE',  ( 36.51967093119225893, 1.489402084043516483, -12.03417646077006786 ) ) ;
#1074 = CARTESIAN_POINT ( 'NONE',  ( 42.77873800114997493, 3.431230831346241406, 0.02010470440730897923 ) ) ;
#1075 = AXIS2_PLACEMENT_3D ( 'NONE', #8745, #5737, #641 ) ;
#1076 = ORIENTED_EDGE ( 'NONE', *, *, #4510, .T. ) ;
#1077 = ORIENTED_EDGE ( 'NONE', *, *, #2551, .T. ) ;
#1078 = ORIENTED_EDGE ( 'NONE', *, *, #6671, .T. ) ;
#1079 = VECTOR ( 'NONE', #8797, 1000.000000000000000 ) ;
#1080 = CARTESIAN_POINT ( 'NONE',  ( 12.86089389281639939, 6.389716021004075763, -2.362752869132572542 ) ) ;
#1081 = DIRECTION ( 'NONE',  ( 1.000000000000000000, -0.000000000000000000, -0.000000000000000000 ) ) ;
#1082 = CARTESIAN_POINT ( 'NONE',  ( 24.92685019078974307, 1.692751905181582917, 27.38633197666735697 ) ) ;
#1083 = CARTESIAN_POINT ( 'NONE',  ( 39.21576965685269300, -1.396551213416160842, 23.96319281224999997 ) ) ;
#1084 = VECTOR ( 'NONE', #6725, 1000.000000000000000 ) ;
#1085 = FACE_OUTER_BOUND ( 'NONE', #8988, .T. ) ;
#1086 = AXIS2_PLACEMENT_3D ( 'NONE', #10082, #499, #7871 ) ;
#1087 = CARTESIAN_POINT ( 'NONE',  ( 13.19999999999999396, -2.286000000000000032, 28.61461724824544106 ) ) ;
#1088 = CARTESIAN_POINT ( 'NONE',  ( 17.32287404897674321, 5.760600743044956396, 1.233590918705014028 ) ) ;
#1089 = CARTESIAN_POINT ( 'NONE',  ( 3.666060555964672840, 1.136000000000000343, -19.55000000000000071 ) ) ;
#1090 = AXIS2_PLACEMENT_3D ( 'NONE', #8995, #1746, #8199 ) ;
#1091 = EDGE_CURVE ( 'NONE', #7723, #3344, #6610, .T. ) ;
#1092 = CARTESIAN_POINT ( 'NONE',  ( 18.72103216333957221, 4.841909772193058181, 8.288382934341569808 ) ) ;
#1093 = CARTESIAN_POINT ( 'NONE',  ( 29.62541894764057915, 0.7859999999999998099, 34.25000813203591576 ) ) ;
#1094 = CARTESIAN_POINT ( 'NONE',  ( 43.26370955962787690, 3.149550366566535420, -4.465632593205869583 ) ) ;
#1095 = CYLINDRICAL_SURFACE ( 'NONE', #9756, 2.000000000000000000 ) ;
#1096 = EDGE_CURVE ( 'NONE', #6932, #9539, #7717, .T. ) ;
#1097 = ORIENTED_EDGE ( 'NONE', *, *, #10415, .T. ) ;
#1098 = ADVANCED_FACE ( 'NONE', ( #7398 ), #7347, .F. ) ;
#1099 = DIRECTION ( 'NONE',  ( 0.7071067811865473507, 0.000000000000000000, 0.7071067811865477948 ) ) ;
#1100 = CARTESIAN_POINT ( 'NONE',  ( 29.28191610937156142, -1.408942299790222119, 30.85901042595915555 ) ) ;
#1101 = DIRECTION ( 'NONE',  ( 0.000000000000000000, 0.000000000000000000, 1.000000000000000000 ) ) ;
#1102 = CARTESIAN_POINT ( 'NONE',  ( 21.32471866628435819, 2.286000000000033339, 28.62875551568762944 ) ) ;
#1103 = CARTESIAN_POINT ( 'NONE',  ( -0.4577250048342155209, 4.088761060855673257, -14.70025387761838687 ) ) ;
#1104 = DIRECTION ( 'NONE',  ( -0.000000000000000000, -1.000000000000000000, -0.000000000000000000 ) ) ;
#1105 = CARTESIAN_POINT ( 'NONE',  ( 32.53964364722485669, -3.049999999999999822, 34.02641246180804302 ) ) ;
#1106 = CARTESIAN_POINT ( 'NONE',  ( 22.65297153615863834, 3.049999999999987388, 27.83672347874315989 ) ) ;
#1107 = EDGE_CURVE ( 'NONE', #7163, #6959, #4101, .T. ) ;
#1108 = CARTESIAN_POINT ( 'NONE',  ( -1.260653765793584791, 5.875571484747363016, -7.640354937557200188 ) ) ;
#1109 = AXIS2_PLACEMENT_3D ( 'NONE', #2102, #8562, #4542 ) ;
#1110 = CARTESIAN_POINT ( 'NONE',  ( 42.29999999999999716, -3.049999999999999822, -5.034648370084322089 ) ) ;
#1111 = ORIENTED_EDGE ( 'NONE', *, *, #1703, .T. ) ;
#1112 = ORIENTED_EDGE ( 'NONE', *, *, #938, .T. ) ;
#1113 = EDGE_CURVE ( 'NONE', #7953, #3608, #836, .T. ) ;
#1114 = VERTEX_POINT ( 'NONE', #9083 ) ;
#1115 = EDGE_CURVE ( 'NONE', #7667, #9376, #4064, .T. ) ;
#1116 = ORIENTED_EDGE ( 'NONE', *, *, #325, .T. ) ;
#1117 = CARTESIAN_POINT ( 'NONE',  ( 44.30000000000000426, -3.355000000000002203, -5.034648370084313207 ) ) ;
#1118 = CARTESIAN_POINT ( 'NONE',  ( 22.39029092170282809, 5.108230229939670686, -1.100000000000617151 ) ) ;
#1119 = CARTESIAN_POINT ( 'NONE',  ( 18.04430107867326782, 3.049999999999999378, 25.96022059351058076 ) ) ;
#1120 = AXIS2_PLACEMENT_3D ( 'NONE', #3279, #7454, #8086 ) ;
#1121 = CARTESIAN_POINT ( 'NONE',  ( 5.199999999999997513, 2.215894560149528569, 22.35037083106628941 ) ) ;
#1122 = VERTEX_POINT ( 'NONE', #9028 ) ;
#1123 = AXIS2_PLACEMENT_3D ( 'NONE', #9616, #7284, #9710 ) ;
#1124 = CARTESIAN_POINT ( 'NONE',  ( 5.175905717843012788, 500000.0000000000582, -18.55000000000000071 ) ) ;
#1125 = CARTESIAN_POINT ( 'NONE',  ( 34.52923487787369794, 2.062070910643452493, 22.36855310153346466 ) ) ;
#1126 = CARTESIAN_POINT ( 'NONE',  ( 43.38236068247140764, 2.991713597958469695, -6.657277380163844072 ) ) ;
#1127 = CARTESIAN_POINT ( 'NONE',  ( 42.10292470401593334, 3.331919122709819714, 10.13504012862193449 ) ) ;
#1128 = ADVANCED_FACE ( 'NONE', ( #935, #1680, #8080, #8126 ), #5347, .T. ) ;
#1129 = ORIENTED_EDGE ( 'NONE', *, *, #7650, .T. ) ;
#1130 = AXIS2_PLACEMENT_3D ( 'NONE', #3468, #6850, #10070 ) ;
#1131 = VERTEX_POINT ( 'NONE', #3566 ) ;
#1132 = VERTEX_POINT ( 'NONE', #5960 ) ;
#1133 = ORIENTED_EDGE ( 'NONE', *, *, #4078, .F. ) ;
#1134 = CARTESIAN_POINT ( 'NONE',  ( 38.49534124684961967, 2.295830136216189477, 2.906095369536917605 ) ) ;
#1135 = CARTESIAN_POINT ( 'NONE',  ( 14.65719825260497799, 0.7859999999999998099, 34.25000000000000000 ) ) ;
#1136 = DIRECTION ( 'NONE',  ( 0.000000000000000000, -1.000000000000000000, -0.000000000000000000 ) ) ;
#1137 = CARTESIAN_POINT ( 'NONE',  ( 0.5000000000000001110, -2.286000000000000032, 25.25000000000000000 ) ) ;
#1138 = VECTOR ( 'NONE', #2166, 1000.000000000000000 ) ;
#1139 = DIRECTION ( 'NONE',  ( 0.000000000000000000, -1.000000000000000000, 0.000000000000000000 ) ) ;
#1140 = B_SPLINE_CURVE_WITH_KNOTS ( 'NONE', 3,
 ( #3569, #7797, #4462, #1190 ),
 .UNSPECIFIED., .F., .F.,
 ( 4, 4 ),
 ( 0.002001003244480314795, 0.002025099050980631865 ),
 .UNSPECIFIED. ) ;
#1141 = CONICAL_SURFACE ( 'NONE', #7064, 3.700000000000001954, 0.7853981633974500554 ) ;
#1142 = CARTESIAN_POINT ( 'NONE',  ( -4.185496259871320568, 1.880495530486058220, -23.71874924611535818 ) ) ;
#1143 = CARTESIAN_POINT ( 'NONE',  ( 17.05685195660188569, 3.351376381980989638, 13.74155856548994237 ) ) ;
#1144 = DIRECTION ( 'NONE',  ( 0.000000000000000000, 0.000000000000000000, 1.000000000000000000 ) ) ;
#1145 = CARTESIAN_POINT ( 'NONE',  ( 15.82919992173481916, 2.541409928078806058, 20.42100857057392815 ) ) ;
#1146 = LINE ( 'NONE', #3002, #5299 ) ;
#1147 = CARTESIAN_POINT ( 'NONE',  ( 42.91094868310610622, 3.175082268449472611, -4.801867234594913825 ) ) ;
#1148 = DIRECTION ( 'NONE',  ( 0.000000000000000000, -1.000000000000000000, 0.000000000000000000 ) ) ;
#1149 = ORIENTED_EDGE ( 'NONE', *, *, #281, .F. ) ;
#1150 = VERTEX_POINT ( 'NONE', #1035 ) ;
#1151 = CARTESIAN_POINT ( 'NONE',  ( 26.88854436636114897, 1.877392311395521984, -13.48169461725149176 ) ) ;
#1152 = DIRECTION ( 'NONE',  ( -1.000000000000000000, 0.000000000000000000, 0.000000000000000000 ) ) ;
#1153 = LINE ( 'NONE', #10043, #8022 ) ;
#1154 = CARTESIAN_POINT ( 'NONE',  ( 25.33672561186579486, 2.285999999999998700, 31.35368431938275435 ) ) ;
#1155 = CARTESIAN_POINT ( 'NONE',  ( 0.5000000000000000000, 1.635327846854423672, -14.87998894860464461 ) ) ;
#1156 = CARTESIAN_POINT ( 'NONE',  ( 17.19415689518924495, 5.412953278550340919, 3.175000000000001599 ) ) ;
#1157 = CC_DESIGN_DATE_AND_TIME_ASSIGNMENT ( #5703, #4630, ( #3959 ) ) ;
#1158 = CARTESIAN_POINT ( 'NONE',  ( -1.911133271709867465, 2.324873020335723517, -21.86053367001909109 ) ) ;
#1159 = CARTESIAN_POINT ( 'NONE',  ( 23.96864872446290207, 2.286000000000012466, 30.25367347735265255 ) ) ;
#1160 = CARTESIAN_POINT ( 'NONE',  ( 43.32815285687178175, 1.636694906488482371, -4.165597868687929584 ) ) ;
#1161 = DIRECTION ( 'NONE',  ( 0.000000000000000000, -1.000000000000000000, 0.000000000000000000 ) ) ;
#1162 = VERTEX_POINT ( 'NONE', #1087 ) ;
#1163 = VERTEX_POINT ( 'NONE', #2029 ) ;
#1164 = EDGE_LOOP ( 'NONE', ( #4306, #716, #10445, #2462 ) ) ;
#1165 = DIRECTION ( 'NONE',  ( 0.000000000000000000, 0.000000000000000000, -1.000000000000000000 ) ) ;
#1166 = EDGE_CURVE ( 'NONE', #7939, #9004, #1686, .T. ) ;
#1167 = FACE_OUTER_BOUND ( 'NONE', #1909, .T. ) ;
#1168 = CARTESIAN_POINT ( 'NONE',  ( 26.05607224837782354, 3.050000000000040234, 30.22491008127498091 ) ) ;
#1169 = DIRECTION ( 'NONE',  ( 0.000000000000000000, -1.000000000000000000, 0.000000000000000000 ) ) ;
#1170 = EDGE_LOOP ( 'NONE', ( #8361, #8757, #6949, #7481 ) ) ;
#1171 = CARTESIAN_POINT ( 'NONE',  ( -0.5000000000000001110, 1.135999999986903486, 15.38393944402235114 ) ) ;
#1172 = CARTESIAN_POINT ( 'NONE',  ( 34.79407701662650254, 2.077386254086377448, 21.90044223003762625 ) ) ;
#1173 = EDGE_CURVE ( 'NONE', #6276, #1374, #2721, .T. ) ;
#1174 = EDGE_CURVE ( 'NONE', #4126, #4946, #387, .T. ) ;
#1175 = CARTESIAN_POINT ( 'NONE',  ( -4.700000000000000178, 6.298245073656640436, 12.34999999999999787 ) ) ;
#1176 =( BOUNDED_SURFACE ( )  B_SPLINE_SURFACE ( 2, 3, ( 
 ( #1732, #3423, #1551, #10433, #9598, #698, #5020, #1044, #9829, #7453, #8290, #5626, #9884, #8751, #6663, #4775, #5881, #4270, #9090, #3379, #7500, #9038, #3195, #250, #6379, #3479, #2281, #5525, #1501, #7157, #10378, #2339, #6436, #750, #3141, #7997, #5579, #6616, #9644, #4963 ),
 ( #2387, #8187, #943, #4176, #1883, #4420, #6767, #500, #8391, #9980, #2729, #5264, #7648, #6811, #3626, #9288, #2683, #348, #453, #397, #8490, #5112, #3677, #5216, #5924, #2836, #1194, #3574, #5969, #10131, #299, #7553, #6865, #4526, #9136, #5163, #6914, #10083, #6077, #8339 ),
 ( #9183, #2090, #4321, #3526, #6129, #2037, #1244, #1938, #1094, #5322, #1147, #3730, #7702, #10029, #4370, #1987, #4470, #7600, #2885, #6025, #2783, #9236, #9337, #8548, #8441, #1302, #7752, #9935, #3792, #725, #9571, #8032, #2146, #3110, #1476, #2313, #6296, #5433, #5609, #4755 ) ),
 .UNSPECIFIED., .F., .F., .F. ) 
 B_SPLINE_SURFACE_WITH_KNOTS ( ( 3, 3 ),
 ( 4, 2, 2, 2, 2, 2, 2, 2, 2, 2, 2, 2, 2, 2, 2, 2, 2, 2, 2, 4 ),
 ( 0.000000000000000000, 1.000000000000000000 ),
 ( -0.07690439260029696689, -0.04215819617605925940, -0.02478509796394040218, -0.007411999751821544968, 0.001274549354237882771, 0.009961098460297310511, 0.02733419667241616599, 0.06208039309665387695, 0.1315727859451293058, 0.2010651787936047208, 0.3400499644905555785, 0.4790347501875064085, 0.6180195358844573494, 0.7570043215814081794, 0.8959891072783590094, 0.9654815001268344243, 0.9828545983389532781, 0.9915411474450126494, 1.000227696551072132, 1.034973892975309839 ),
 .UNSPECIFIED. ) 
 GEOMETRIC_REPRESENTATION_ITEM ( )  RATIONAL_B_SPLINE_SURFACE ( (
 ( 1.000000000000000000, 1.000000000000000000, 1.000000000000000000, 1.000000000000000000, 1.000000000000000000, 1.000000000000000000, 1.000000000000000000, 1.000000000000000000, 1.000000000000000000, 1.000000000000000000, 1.000000000000000000, 1.000000000000000000, 1.000000000000000000, 1.000000000000000000, 1.000000000000000000, 1.000000000000000000, 1.000000000000000000, 1.000000000000000000, 1.000000000000000000, 1.000000000000000000, 1.000000000000000000, 1.000000000000000000, 1.000000000000000000, 1.000000000000000000, 1.000000000000000000, 1.000000000000000000, 1.000000000000000000, 1.000000000000000000, 1.000000000000000000, 1.000000000000000000, 1.000000000000000000, 1.000000000000000000, 1.000000000000000000, 1.000000000000000000, 1.000000000000000000, 1.000000000000000000, 1.000000000000000000, 1.000000000000000000, 1.000000000000000000, 1.000000000000000000),
 ( 0.7097418130356916155, 0.7147136815657111342, 0.7207768508482628178, 0.7292663227588961350, 0.7321390636444832234, 0.7370571666673199074, 0.7393489365757833776, 0.7425374968299832679, 0.7435940050493089482, 0.7454318988327665041, 0.7463246626769418635, 0.7489231484040724807, 0.7505486398920350188, 0.7551196253987398910, 0.7577537567398969776, 0.7646673311950895613, 0.7680090415880570509, 0.7733672680954325473, 0.7753727247582286042, 0.7802892555811549169, 0.7821455817287141787, 0.7849077196387290734, 0.7857590429928955622, 0.7870254580943756295, 0.7874272881118111744, 0.7880182082828934842, 0.7882032964077080317, 0.7884651397793139838, 0.7885405428932291683, 0.7886075322255809983, 0.7886218142973226986, 0.7886311406983730343, 0.7886325742198111444, 0.7886340903470797636, 0.7886344899558360710, 0.7886350789892585533, 0.7886349795478510005, 0.7886369771763842573, 0.7886385750430401353, 0.7886401726719779459),
 ( 1.000000000000000000, 1.000000000000000000, 1.000000000000000000, 1.000000000000000000, 1.000000000000000000, 1.000000000000000000, 1.000000000000000000, 1.000000000000000000, 1.000000000000000000, 1.000000000000000000, 1.000000000000000000, 1.000000000000000000, 1.000000000000000000, 1.000000000000000000, 1.000000000000000000, 1.000000000000000000, 1.000000000000000000, 1.000000000000000000, 1.000000000000000000, 1.000000000000000000, 1.000000000000000000, 1.000000000000000000, 1.000000000000000000, 1.000000000000000000, 1.000000000000000000, 1.000000000000000000, 1.000000000000000000, 1.000000000000000000, 1.000000000000000000, 1.000000000000000000, 1.000000000000000000, 1.000000000000000000, 1.000000000000000000, 1.000000000000000000, 1.000000000000000000, 1.000000000000000000, 1.000000000000000000, 1.000000000000000000, 1.000000000000000000, 1.000000000000000000) ) ) 
 REPRESENTATION_ITEM ( '' )  SURFACE ( )  );
#1177 = CARTESIAN_POINT ( 'NONE',  ( 35.36840575766808570, 3.078972003570763949, 31.40127441407097919 ) ) ;
#1178 = EDGE_LOOP ( 'NONE', ( #3150, #1960, #3658, #3463, #2407, #9833, #5708, #5809 ) ) ;
#1179 = VERTEX_POINT ( 'NONE', #10074 ) ;
#1180 = ORIENTED_EDGE ( 'NONE', *, *, #1539, .T. ) ;
#1181 = EDGE_LOOP ( 'NONE', ( #7472, #6602, #4885, #8895 ) ) ;
#1182 = CARTESIAN_POINT ( 'NONE',  ( 29.14366875718383199, 2.286000000000009358, 35.96388958761015431 ) ) ;
#1183 = EDGE_CURVE ( 'NONE', #8593, #876, #5311, .T. ) ;
#1184 = CARTESIAN_POINT ( 'NONE',  ( 0.000000000000000000, 2.286000000000000032, 19.05000000000000071 ) ) ;
#1185 = CARTESIAN_POINT ( 'NONE',  ( 36.80703233915345152, 1.794763850831256224, 16.19595258297081131 ) ) ;
#1186 = CARTESIAN_POINT ( 'NONE',  ( 0.000000000000000000, 1.136000000000000343, 18.55000000000000071 ) ) ;
#1187 = DIRECTION ( 'NONE',  ( 0.000000000000000000, 1.636613475592550649E-15, 1.000000000000000000 ) ) ;
#1188 = DIRECTION ( 'NONE',  ( -0.000000000000000000, -1.000000000000000000, -0.000000000000000000 ) ) ;
#1189 = CARTESIAN_POINT ( 'NONE',  ( 18.09382817652437936, 5.673441807160044981, 1.246164580465269234 ) ) ;
#1190 = CARTESIAN_POINT ( 'NONE',  ( 5.200000000000001954, 2.896602915671143030, 19.55000000000000071 ) ) ;
#1191 = ORIENTED_EDGE ( 'NONE', *, *, #6694, .T. ) ;
#1192 = CARTESIAN_POINT ( 'NONE',  ( 15.80781976551994283, 3.372442147633898823, 16.41057547895383806 ) ) ;
#1193 = CARTESIAN_POINT ( 'NONE',  ( 38.54443461097273627, 2.395524939963442623, -4.014870867268939492 ) ) ;
#1194 = CARTESIAN_POINT ( 'NONE',  ( 9.732135577205694332, 3.049974198290254179, -23.57488864564071562 ) ) ;
#1195 = FACE_OUTER_BOUND ( 'NONE', #68, .T. ) ;
#1196 = VERTEX_POINT ( 'NONE', #5154 ) ;
#1197 = EDGE_LOOP ( 'NONE', ( #182, #6110, #1070, #5577 ) ) ;
#1198 = CARTESIAN_POINT ( 'NONE',  ( -4.700000000000001066, 8.232839851051283020, -4.616672438121616651 ) ) ;
#1199 = LINE ( 'NONE', #1994, #755 ) ;
#1200 = CARTESIAN_POINT ( 'NONE',  ( -5.255897328222925324, 3.130982204019045145, -24.92026912737975763 ) ) ;
#1201 = DIRECTION ( 'NONE',  ( 3.412570772413391368E-15, 1.000000000000000000, 2.275047181608927447E-15 ) ) ;
#1202 = LINE ( 'NONE', #1055, #6688 ) ;
#1203 = CARTESIAN_POINT ( 'NONE',  ( -3.319564944116776495, 2.327462793676271957, -21.92320157659035473 ) ) ;
#1204 = DIRECTION ( 'NONE',  ( 0.000000000000000000, -1.000000000000000000, 0.000000000000000000 ) ) ;
#1205 = CARTESIAN_POINT ( 'NONE',  ( 42.73056999023639690, 3.417427979998563181, 2.432149014462273051 ) ) ;
#1206 = CARTESIAN_POINT ( 'NONE',  ( -4.699999999999999289, 2.162520919212313153, 19.54999999999857963 ) ) ;
#1207 = ORIENTED_EDGE ( 'NONE', *, *, #147, .T. ) ;
#1208 = VERTEX_POINT ( 'NONE', #9278 ) ;
#1209 = ORIENTED_EDGE ( 'NONE', *, *, #7760, .F. ) ;
#1210 = EDGE_LOOP ( 'NONE', ( #8359, #2806, #2151, #4156 ) ) ;
#1211 = ADVANCED_FACE ( 'NONE', ( #8435 ), #8383, .T. ) ;
#1212 = LINE ( 'NONE', #9360, #10019 ) ;
#1213 = DIRECTION ( 'NONE',  ( 0.000000000000000000, -1.000000000000000000, -0.000000000000000000 ) ) ;
#1214 = CARTESIAN_POINT ( 'NONE',  ( 6.907106781186543643, 0.7860000000050604285, 25.25000000000000000 ) ) ;
#1215 = DIRECTION ( 'NONE',  ( 0.000000000000000000, -1.000000000000000000, 0.000000000000000000 ) ) ;
#1216 = ORIENTED_EDGE ( 'NONE', *, *, #1183, .T. ) ;
#1217 = CARTESIAN_POINT ( 'NONE',  ( 0.5000000000000000000, -2.286000000000000032, 15.87500000000000000 ) ) ;
#1218 = CARTESIAN_POINT ( 'NONE',  ( 13.86350611195542193, 7.800958740198654873, -2.547203851443081035 ) ) ;
#1219 = CARTESIAN_POINT ( 'NONE',  ( 8.444418044455581196, 3.485010668882756679, -13.60381162667564858 ) ) ;
#1220 = CARTESIAN_POINT ( 'NONE',  ( 0.000000000000000000, 1.136000000000000343, 19.05000000000000071 ) ) ;
#1221 = ADVANCED_FACE ( 'NONE', ( #3670 ), #2828, .F. ) ;
#1222 = VERTEX_POINT ( 'NONE', #1142 ) ;
#1223 = ORIENTED_EDGE ( 'NONE', *, *, #1043, .T. ) ;
#1224 = AXIS2_PLACEMENT_3D ( 'NONE', #6394, #20, #5540 ) ;
#1225 = VERTEX_POINT ( 'NONE', #4263 ) ;
#1226 = EDGE_CURVE ( 'NONE', #4031, #4155, #6068, .T. ) ;
#1227 = CARTESIAN_POINT ( 'NONE',  ( -0.5000000000000002220, 500000.0000000000582, 13.87409428215698881 ) ) ;
#1228 = CARTESIAN_POINT ( 'NONE',  ( 20.74622170530448884, 2.776863801743921112, -14.67713801592303824 ) ) ;
#1229 = DIRECTION ( 'NONE',  ( 0.000000000000000000, -1.000000000000000000, 0.000000000000000000 ) ) ;
#1230 = CARTESIAN_POINT ( 'NONE',  ( 37.91674973933594117, 2.088455801128930034, -3.239690835004614744 ) ) ;
#1231 = DIRECTION ( 'NONE',  ( 0.000000000000000000, 0.000000000000000000, 1.000000000000000000 ) ) ;
#1232 = CARTESIAN_POINT ( 'NONE',  ( 15.52038859735083953, 5.954047865152042540, 1.209094225673829293 ) ) ;
#1233 = VECTOR ( 'NONE', #10283, 1000.000000000000000 ) ;
#1234 = EDGE_CURVE ( 'NONE', #979, #6169, #4181, .T. ) ;
#1235 = VERTEX_POINT ( 'NONE', #7691 ) ;
#1236 = ORIENTED_EDGE ( 'NONE', *, *, #7814, .T. ) ;
#1237 = ADVANCED_FACE ( 'NONE', ( #439 ), #7493, .F. ) ;
#1238 = AXIS2_PLACEMENT_3D ( 'NONE', #6786, #3549, #323 ) ;
#1239 = EDGE_CURVE ( 'NONE', #9951, #3608, #5917, .T. ) ;
#1240 = CARTESIAN_POINT ( 'NONE',  ( 18.81985554329789778, 4.453302196048824158, 18.15389423687086179 ) ) ;
#1241 = VECTOR ( 'NONE', #508, 1000.000000000000000 ) ;
#1242 = CARTESIAN_POINT ( 'NONE',  ( 17.22731559707280269, 6.554288339023408128, -0.2635059995396891730 ) ) ;
#1243 = DIRECTION ( 'NONE',  ( 0.000000000000000000, -1.000000000000000000, 0.000000000000000000 ) ) ;
#1244 = CARTESIAN_POINT ( 'NONE',  ( 43.74853328586821277, 3.108919139509074281, -3.999271245180961110 ) ) ;
#1245 = AXIS2_PLACEMENT_3D ( 'NONE', #256, #111, #9142 ) ;
#1246 = CARTESIAN_POINT ( 'NONE',  ( 6.200000000000000178, 500000.0000000000582, -19.05000000000000071 ) ) ;
#1247 = ADVANCED_FACE ( 'NONE', ( #6283 ), #3780, .F. ) ;
#1248 = CONICAL_SURFACE ( 'NONE', #9715, 3.700000000000001954, 0.7853981633974500554 ) ;
#1249 = EDGE_LOOP ( 'NONE', ( #3088, #6445, #4767, #7669 ) ) ;
#1250 = CIRCLE ( 'NONE', #86, 2.000000000000001776 ) ;
#1251 = VERTEX_POINT ( 'NONE', #7015 ) ;
#1252 = AXIS2_PLACEMENT_3D ( 'NONE', #5319, #4634, #8654 ) ;
#1253 = CARTESIAN_POINT ( 'NONE',  ( 12.69999999999999574, 0.2321154004195533915, 23.75000000000000711 ) ) ;
#1254 = CARTESIAN_POINT ( 'NONE',  ( 6.199999999999928235, 0.2562750768317098582, -22.68666876557479739 ) ) ;
#1255 = DIRECTION ( 'NONE',  ( 0.000000000000000000, -1.000000000000000000, 0.000000000000000000 ) ) ;
#1256 = CARTESIAN_POINT ( 'NONE',  ( 33.81430944360105428, 4.364441544039581622, -6.368457904430360195 ) ) ;
#1257 = DIRECTION ( 'NONE',  ( -8.846739153280301384E-15, 0.000000000000000000, -1.000000000000000000 ) ) ;
#1258 = CARTESIAN_POINT ( 'NONE',  ( 12.69999999999999929, 2.286000000000000032, 31.75000000000000000 ) ) ;
#1259 = CARTESIAN_POINT ( 'NONE',  ( 32.74148801206242609, 3.053966253944953468, 35.65292737751827445 ) ) ;
#1260 = CARTESIAN_POINT ( 'NONE',  ( 9.564617248245438574, -2.286000000000000032, 32.25000000000000000 ) ) ;
#1261 = VECTOR ( 'NONE', #5583, 1000.000000000000000 ) ;
#1262 = LINE ( 'NONE', #1899, #6366 ) ;
#1263 = EDGE_LOOP ( 'NONE', ( #8926, #6443, #3033, #4825, #807, #282 ) ) ;
#1264 = ORIENTED_EDGE ( 'NONE', *, *, #7561, .F. ) ;
#1265 = ORIENTED_EDGE ( 'NONE', *, *, #990, .T. ) ;
#1266 = CARTESIAN_POINT ( 'NONE',  ( 12.69999999999999929, 2.286000000000000032, 33.85000000000000853 ) ) ;
#1267 = CARTESIAN_POINT ( 'NONE',  ( 15.27099842614388336, 5.797252319547783195, 4.724055100093928594 ) ) ;
#1268 = CARTESIAN_POINT ( 'NONE',  ( 7.571893193904461583, 3.163308881503714254, -15.11490372132769089 ) ) ;
#1269 = CARTESIAN_POINT ( 'NONE',  ( -0.4999999999999988343, 1.939087293050998806, 23.52524247042226335 ) ) ;
#1270 = ORIENTED_EDGE ( 'NONE', *, *, #1717, .T. ) ;
#1271 = CARTESIAN_POINT ( 'NONE',  ( 18.83314748149382822, 2.109438207741990201, 19.80534733626431532 ) ) ;
#1272 = CARTESIAN_POINT ( 'NONE',  ( -6.368163355566236381E-16, -3.049999999999999822, -13.85000000000000142 ) ) ;
#1273 = FACE_OUTER_BOUND ( 'NONE', #8661, .T. ) ;
#1274 = CARTESIAN_POINT ( 'NONE',  ( -4.637767252061563816, 3.049999999999999378, 25.25000000000000000 ) ) ;
#1275 = ORIENTED_EDGE ( 'NONE', *, *, #7007, .F. ) ;
#1276 = VERTEX_POINT ( 'NONE', #661 ) ;
#1277 = ORIENTED_EDGE ( 'NONE', *, *, #6447, .T. ) ;
#1278 = VERTEX_POINT ( 'NONE', #10286 ) ;
#1279 = VECTOR ( 'NONE', #3880, 1000.000000000000000 ) ;
#1280 = AXIS2_PLACEMENT_3D ( 'NONE', #3945, #542, #7915 ) ;
#1281 = CARTESIAN_POINT ( 'NONE',  ( -5.460999999999999410, 3.174999999999990052, -6.349999999999999645 ) ) ;
#1282 = CARTESIAN_POINT ( 'NONE',  ( 13.76120175688456726, 6.031377722805319586, -1.342001810083406133 ) ) ;
#1283 = B_SPLINE_CURVE_WITH_KNOTS ( 'NONE', 3,
 ( #8422, #2707, #1968, #4303, #8317, #9913, #1073, #9958, #6055, #1863, #4204, #973, #6839, #6746, #7433, #372, #8268, #9066, #1913, #9860 ),
 .UNSPECIFIED., .F., .F.,
 ( 4, 2, 2, 2, 2, 2, 2, 2, 2, 4 ),
 ( 0.000000000000000000, 0.03454177898414820258, 0.1090020082072857693, 0.1834622374304233361, 0.3323826958766984974, 0.4813031543229736586, 0.6302236127692488754, 0.7791440712155239812, 0.9280645296617990869, 1.000000000000000000 ),
 .UNSPECIFIED. ) ;
#1284 = DIRECTION ( 'NONE',  ( -1.000000000000000000, 0.000000000000000000, 0.000000000000000000 ) ) ;
#1285 = CARTESIAN_POINT ( 'NONE',  ( 42.80000000000000426, 0.2568975731676761409, -1.158225982667416855E-14 ) ) ;
#1286 = EDGE_CURVE ( 'NONE', #7215, #4486, #7074, .T. ) ;
#1287 = CARTESIAN_POINT ( 'NONE',  ( 0.000000000000000000, 1.136000000000000343, 19.05000000000000071 ) ) ;
#1288 = CARTESIAN_POINT ( 'NONE',  ( 0.000000000000000000, 2.286000000000000032, 35.75000000000000711 ) ) ;
#1289 = EDGE_CURVE ( 'NONE', #4902, #8760, #10339, .T. ) ;
#1290 = AXIS2_PLACEMENT_3D ( 'NONE', #2038, #6130, #9185 ) ;
#1291 = CARTESIAN_POINT ( 'NONE',  ( 15.49839131792993996, 4.715090153617539137, 7.512395306512602566 ) ) ;
#1292 = ADVANCED_FACE ( 'NONE', ( #543 ), #5481, .T. ) ;
#1293 = VERTEX_POINT ( 'NONE', #1344 ) ;
#1294 = ORIENTED_EDGE ( 'NONE', *, *, #5252, .F. ) ;
#1295 = B_SPLINE_CURVE_WITH_KNOTS ( 'NONE', 3,
 ( #4285, #7420, #1658, #7516 ),
 .UNSPECIFIED., .F., .F.,
 ( 4, 4 ),
 ( 0.001878745452371653616, 0.002933059884338742439 ),
 .UNSPECIFIED. ) ;
#1296 = CARTESIAN_POINT ( 'NONE',  ( -57.14999999999999147, 500000.0000000000582, 25.39999999999999858 ) ) ;
#1297 = CIRCLE ( 'NONE', #125, 2.100000000000000977 ) ;
#1298 = AXIS2_PLACEMENT_3D ( 'NONE', #6792, #7626, #3605 ) ;
#1299 = EDGE_CURVE ( 'NONE', #8740, #5146, #8535, .T. ) ;
#1300 = CARTESIAN_POINT ( 'NONE',  ( 16.48747443687195613, 3.342067044987704794, 16.43903058403500239 ) ) ;
#1301 = CARTESIAN_POINT ( 'NONE',  ( 37.59999999999791243, 2.302794727137012387, -2.099999999999999645 ) ) ;
#1302 = CARTESIAN_POINT ( 'NONE',  ( 12.06268733613853072, 3.213108107219368570, -22.35761831073921968 ) ) ;
#1303 = EDGE_CURVE ( 'NONE', #3697, #593, #8776, .T. ) ;
#1304 = CARTESIAN_POINT ( 'NONE',  ( 42.35849318009707787, 1.842178653760870644, 7.510346034766342882 ) ) ;
#1305 = EDGE_CURVE ( 'NONE', #2563, #2787, #4569, .T. ) ;
#1306 = ORIENTED_EDGE ( 'NONE', *, *, #5771, .F. ) ;
#1307 = EDGE_LOOP ( 'NONE', ( #9204, #304, #7102, #9116 ) ) ;
#1308 = VERTEX_POINT ( 'NONE', #2185 ) ;
#1309 = EDGE_CURVE ( 'NONE', #2007, #9104, #5368, .T. ) ;
#1310 = CARTESIAN_POINT ( 'NONE',  ( 44.08667954499698283, 2.394952289137363799, 0.02093717474359433478 ) ) ;
#1311 = CARTESIAN_POINT ( 'NONE',  ( -4.200000000000000178, 3.049999999999999378, 25.25000000000000000 ) ) ;
#1312 = CARTESIAN_POINT ( 'NONE',  ( 33.41170774255915177, 1.568570337890736299, 23.09189753873691586 ) ) ;
#1313 = LINE ( 'NONE', #5392, #1931 ) ;
#1314 = CARTESIAN_POINT ( 'NONE',  ( -2.389000000000000679, 8.203378070415334733, -4.616701262059758726 ) ) ;
#1315 = DIRECTION ( 'NONE',  ( 0.000000000000000000, 0.000000000000000000, -1.000000000000000000 ) ) ;
#1316 = CARTESIAN_POINT ( 'NONE',  ( 32.63186465182258900, 3.058473764061473865, 35.68417982860889026 ) ) ;
#1317 = CARTESIAN_POINT ( 'NONE',  ( 42.67165005469912131, 1.573594629779085707, -6.873103774273248590 ) ) ;
#1318 = FACE_BOUND ( 'NONE', #797, .T. ) ;
#1319 = ORIENTED_EDGE ( 'NONE', *, *, #7253, .F. ) ;
#1320 = ORIENTED_EDGE ( 'NONE', *, *, #302, .F. ) ;
#1321 = CARTESIAN_POINT ( 'NONE',  ( 26.63958880290363496, 2.221937526435670662, -11.91927890312790161 ) ) ;
#1322 = ORIENTED_EDGE ( 'NONE', *, *, #192, .T. ) ;
#1323 = ORIENTED_EDGE ( 'NONE', *, *, #337, .T. ) ;
#1324 = CARTESIAN_POINT ( 'NONE',  ( -3.929608643762036113, 9.198751704534904761, -0.7500000000000000000 ) ) ;
#1325 = LINE ( 'NONE', #8686, #8393 ) ;
#1326 = CARTESIAN_POINT ( 'NONE',  ( 12.19999999999999929, 0.7859999999999998099, 25.25000000000000000 ) ) ;
#1327 = CARTESIAN_POINT ( 'NONE',  ( -4.700000000000000178, 3.924999999999987388, -12.35000000000000142 ) ) ;
#1328 = ORIENTED_EDGE ( 'NONE', *, *, #7503, .T. ) ;
#1329 = DIRECTION ( 'NONE',  ( 0.000000000000000000, 0.000000000000000000, -1.000000000000000000 ) ) ;
#1330 = CARTESIAN_POINT ( 'NONE',  ( 38.09999999999681819, 4.161465331203944906, -2.852819276697531770 ) ) ;
#1331 = DIRECTION ( 'NONE',  ( -0.000000000000000000, 1.000000000000000000, -0.000000000000000000 ) ) ;
#1332 = CARTESIAN_POINT ( 'NONE',  ( -3.523657060577888917E-16, 3.554936833065815982, 23.25000000000000355 ) ) ;
#1333 = CARTESIAN_POINT ( 'NONE',  ( -4.700000000000000178, -3.049999999999999822, -12.35000000000000142 ) ) ;
#1334 = VERTEX_POINT ( 'NONE', #3043 ) ;
#1335 = ORIENTED_EDGE ( 'NONE', *, *, #5634, .T. ) ;
#1336 = ORIENTED_EDGE ( 'NONE', *, *, #2672, .F. ) ;
#1337 = ORIENTED_EDGE ( 'NONE', *, *, #10418, .T. ) ;
#1338 = CARTESIAN_POINT ( 'NONE',  ( 2.571758278209443929E-16, 2.286000000000000032, 33.85000000000000853 ) ) ;
#1339 = CARTESIAN_POINT ( 'NONE',  ( 2.404160814921437517, 1.873069221425944342, -23.27781815460387094 ) ) ;
#1340 = CARTESIAN_POINT ( 'NONE',  ( -0.5000000000000002220, 1.891196959086389739, -23.47705093086629802 ) ) ;
#1341 = CARTESIAN_POINT ( 'NONE',  ( 0.000000000000000000, 2.286000000000000032, -19.05000000000000071 ) ) ;
#1342 = B_SPLINE_CURVE_WITH_KNOTS ( 'NONE', 3,
 ( #6626, #1198, #1890, #3385 ),
 .UNSPECIFIED., .F., .F.,
 ( 4, 4 ),
 ( 6.505213034913026604E-19, 0.01196094221189125326 ),
 .UNSPECIFIED. ) ;
#1343 = CARTESIAN_POINT ( 'NONE',  ( 38.89765714657087159, 2.078383220475876758, -1.841233513084471918 ) ) ;
#1344 = CARTESIAN_POINT ( 'NONE',  ( 0.5000000000000000000, 1.136000000000000343, 15.91461724824544000 ) ) ;
#1345 = CARTESIAN_POINT ( 'NONE',  ( 15.13649712831791483, 4.096093942845634217, 10.58736820025904635 ) ) ;
#1346 = CARTESIAN_POINT ( 'NONE',  ( -1.976732169409745499, 3.867676891888310209, 15.86845012431104962 ) ) ;
#1347 = ORIENTED_EDGE ( 'NONE', *, *, #6034, .T. ) ;
#1348 = ORIENTED_EDGE ( 'NONE', *, *, #5961, .T. ) ;
#1349 = CARTESIAN_POINT ( 'NONE',  ( 14.65719825260497799, -2.286000000000000032, 34.25000000000000000 ) ) ;
#1350 = DIRECTION ( 'NONE',  ( 0.000000000000000000, 0.000000000000000000, -1.000000000000000000 ) ) ;
#1351 = CARTESIAN_POINT ( 'NONE',  ( 32.40105113872579778, 3.546265367361889798, -0.5805614948896500316 ) ) ;
#1352 = CARTESIAN_POINT ( 'NONE',  ( 17.03263619030602172, 5.801325249813896967, 3.993865770117424940 ) ) ;
#1353 = CARTESIAN_POINT ( 'NONE',  ( 33.80933337790415294, 3.029418514489314429, -2.100000000000000089 ) ) ;
#1354 = CARTESIAN_POINT ( 'NONE',  ( 13.44497994792330076, -3.049999999999999378, -24.70774973260877516 ) ) ;
#1355 = CARTESIAN_POINT ( 'NONE',  ( -2.388999999999999790, 9.176075699005698638, 0.7499999999999987788 ) ) ;
#1356 = ADVANCED_FACE ( 'NONE', ( #2239 ), #3097, .T. ) ;
#1357 = EDGE_CURVE ( 'NONE', #9791, #4103, #8649, .T. ) ;
#1358 = EDGE_LOOP ( 'NONE', ( #370, #2304, #5473, #6795 ) ) ;
#1359 = ORIENTED_EDGE ( 'NONE', *, *, #8343, .F. ) ;
#1360 = EDGE_CURVE ( 'NONE', #981, #5041, #6956, .T. ) ;
#1361 = CARTESIAN_POINT ( 'NONE',  ( 44.26708421980340802, 1.852007065017963860, 0.03113406694581672546 ) ) ;
#1362 = CARTESIAN_POINT ( 'NONE',  ( 43.55626455647960427, -1.957083333333528907, -6.592681906217855214 ) ) ;
#1363 = CARTESIAN_POINT ( 'NONE',  ( 0.000000000000000000, 2.286000000000000032, 31.75000000000000000 ) ) ;
#1364 = CARTESIAN_POINT ( 'NONE',  ( 3.135382751754560271, -2.286000000000000032, -19.55000000000000071 ) ) ;
#1365 = LINE ( 'NONE', #2953, #9007 ) ;
#1366 = CARTESIAN_POINT ( 'NONE',  ( 5.200000000000000178, 500000.0000000000582, 23.75000000000000000 ) ) ;
#1367 = CARTESIAN_POINT ( 'NONE',  ( 32.86288195835757620, 3.035322867866091734, 35.60833123239824261 ) ) ;
#1368 = CARTESIAN_POINT ( 'NONE',  ( 32.54560277542802993, 3.057881600610518280, 35.81765334306738424 ) ) ;
#1369 = DIRECTION ( 'NONE',  ( -0.000000000000000000, 0.000000000000000000, -1.000000000000000000 ) ) ;
#1370 = EDGE_CURVE ( 'NONE', #3734, #1132, #8250, .T. ) ;
#1371 = VERTEX_POINT ( 'NONE', #3842 ) ;
#1372 = ORIENTED_EDGE ( 'NONE', *, *, #3695, .T. ) ;
#1373 = ORIENTED_EDGE ( 'NONE', *, *, #396, .F. ) ;
#1374 = VERTEX_POINT ( 'NONE', #492 ) ;
#1375 = CARTESIAN_POINT ( 'NONE',  ( 0.000000000000000000, 1.136000000000000343, 19.05000000000000071 ) ) ;
#1376 = EDGE_CURVE ( 'NONE', #3797, #1671, #6342, .T. ) ;
#1377 = CARTESIAN_POINT ( 'NONE',  ( 31.26224373803044543, 1.583996660878447704, 34.01571204165747275 ) ) ;
#1378 = LINE ( 'NONE', #10057, #69 ) ;
#1379 = CARTESIAN_POINT ( 'NONE',  ( -6.187447014455318417, 3.487990443541538088, 23.50848606185196132 ) ) ;
#1380 = ORIENTED_EDGE ( 'NONE', *, *, #7137, .F. ) ;
#1381 = LINE ( 'NONE', #10111, #919 ) ;
#1382 = CARTESIAN_POINT ( 'NONE',  ( 2.806257817660993137, 3.675577352696861144, -22.18699173707896577 ) ) ;
#1383 = CARTESIAN_POINT ( 'NONE',  ( -4.199585551509806614, 4.531328066478803152, -19.32645943161172752 ) ) ;
#1384 = CARTESIAN_POINT ( 'NONE',  ( 6.200000000000001066, -3.049999999999999822, -19.05000000000000071 ) ) ;
#1385 = CARTESIAN_POINT ( 'NONE',  ( 3.992531859901150781, 4.249955389939735539, 20.38192548478173194 ) ) ;
#1386 = DIRECTION ( 'NONE',  ( 0.000000000000000000, 0.000000000000000000, 1.000000000000000000 ) ) ;
#1387 = ORIENTED_EDGE ( 'NONE', *, *, #264, .F. ) ;
#1388 = EDGE_LOOP ( 'NONE', ( #7748, #1328, #9219, #8411 ) ) ;
#1389 = ORIENTED_EDGE ( 'NONE', *, *, #8473, .F. ) ;
#1390 = ORIENTED_EDGE ( 'NONE', *, *, #10101, .T. ) ;
#1391 = CARTESIAN_POINT ( 'NONE',  ( 29.79572782671668207, 3.049999999999999822, 34.50568353940136035 ) ) ;
#1392 = CARTESIAN_POINT ( 'NONE',  ( 0.5000000000000000000, -2.286000000000000032, 22.18538275175455965 ) ) ;
#1393 = CARTESIAN_POINT ( 'NONE',  ( -5.460999999999999410, 3.174999999999987388, 6.349999999999999645 ) ) ;
#1394 = DIRECTION ( 'NONE',  ( -1.000000000000000000, 0.000000000000000000, 5.608889349156317435E-16 ) ) ;
#1395 = CARTESIAN_POINT ( 'NONE',  ( 30.54470175951582434, 3.049999999999999822, 35.75000010347762469 ) ) ;
#1396 = DIRECTION ( 'NONE',  ( -1.000000000000000000, 0.000000000000000000, 0.000000000000000000 ) ) ;
#1397 = VECTOR ( 'NONE', #7339, 1000.000000000000000 ) ;
#1398 = CARTESIAN_POINT ( 'NONE',  ( 0.000000000000000000, 0.7859999999999998099, 31.75000000000000000 ) ) ;
#1399 = CARTESIAN_POINT ( 'NONE',  ( 8.444418044455581196, 3.485010668882756679, -13.60381162667564858 ) ) ;
#1400 = ORIENTED_EDGE ( 'NONE', *, *, #8615, .F. ) ;
#1401 = ORIENTED_EDGE ( 'NONE', *, *, #9073, .F. ) ;
#1402 = DIRECTION ( 'NONE',  ( 1.000000000000000000, -0.000000000000000000, -0.000000000000000000 ) ) ;
#1403 = DIRECTION ( 'NONE',  ( 0.000000000000000000, 0.000000000000000000, -1.000000000000000000 ) ) ;
#1404 = DIRECTION ( 'NONE',  ( -0.000000000000000000, -1.000000000000000000, -0.000000000000000000 ) ) ;
#1405 = CIRCLE ( 'NONE', #4791, 3.174999999999997158 ) ;
#1406 = CARTESIAN_POINT ( 'NONE',  ( -0.8890000000000000124, 3.174999999999986944, 4.249999999999998224 ) ) ;
#1407 = CARTESIAN_POINT ( 'NONE',  ( -5.461000000025251211, 3.174999999999990052, -6.349999999999999645 ) ) ;
#1408 = CONICAL_SURFACE ( 'NONE', #6506, 3.700000000000001954, 0.7853981633974500554 ) ;
#1409 = CARTESIAN_POINT ( 'NONE',  ( -2.389000000000000234, 6.292615397155794099, 12.34999999999999787 ) ) ;
#1410 = CARTESIAN_POINT ( 'NONE',  ( 37.00961310558181339, 1.686300455142190735, 26.19199052034483444 ) ) ;
#1411 = EDGE_CURVE ( 'NONE', #557, #1196, #2317, .T. ) ;
#1412 = AXIS2_PLACEMENT_3D ( 'NONE', #2057, #4442, #9363 ) ;
#1413 = ORIENTED_EDGE ( 'NONE', *, *, #5169, .T. ) ;
#1414 = ORIENTED_EDGE ( 'NONE', *, *, #4867, .F. ) ;
#1415 = VECTOR ( 'NONE', #3066, 1000.000000000000000 ) ;
#1416 = ORIENTED_EDGE ( 'NONE', *, *, #7690, .F. ) ;
#1417 = CARTESIAN_POINT ( 'NONE',  ( 44.29335397544077324, 1.652092791725767285, 0.03387869932939232415 ) ) ;
#1418 = CARTESIAN_POINT ( 'NONE',  ( 36.10555336687083638, 2.336432133937891287, 16.70766331772301427 ) ) ;
#1419 = CARTESIAN_POINT ( 'NONE',  ( 33.91966960886238525, 1.557339766755668098, 22.90884830919436865 ) ) ;
#1420 = AXIS2_PLACEMENT_3D ( 'NONE', #5291, #2061, #8519 ) ;
#1421 = ADVANCED_FACE ( 'NONE', ( #7962 ), #3159, .F. ) ;
#1422 = PLANE ( 'NONE',  #1775 ) ;
#1423 = CARTESIAN_POINT ( 'NONE',  ( -0.8890000000000000124, 4.561906534945592284, -12.84999999999999964 ) ) ;
#1424 = DIRECTION ( 'NONE',  ( -0.000000000000000000, 1.000000000000000000, -0.000000000000000000 ) ) ;
#1425 = AXIS2_PLACEMENT_3D ( 'NONE', #7395, #5209, #1874 ) ;
#1426 = EDGE_CURVE ( 'NONE', #1334, #899, #293, .T. ) ;
#1427 = CARTESIAN_POINT ( 'NONE',  ( 34.64929440490384849, 3.051150607608754228, 33.52661831600202191 ) ) ;
#1428 = FACE_OUTER_BOUND ( 'NONE', #4724, .T. ) ;
#1429 = EDGE_CURVE ( 'NONE', #172, #5282, #9650, .T. ) ;
#1430 = AXIS2_PLACEMENT_3D ( 'NONE', #2135, #10175, #9231 ) ;
#1431 = VERTEX_POINT ( 'NONE', #4206 ) ;
#1432 = ORIENTED_EDGE ( 'NONE', *, *, #2650, .F. ) ;
#1433 = AXIS2_PLACEMENT_3D ( 'NONE', #356, #6583, #9097 ) ;
#1434 = ORIENTED_EDGE ( 'NONE', *, *, #2190, .T. ) ;
#1435 = ORIENTED_EDGE ( 'NONE', *, *, #8271, .T. ) ;
#1436 = CARTESIAN_POINT ( 'NONE',  ( -0.4999999999855582189, 4.296627208398689390, -13.87409428215559082 ) ) ;
#1437 = DIRECTION ( 'NONE',  ( -0.000000000000000000, -1.000000000000000000, -0.000000000000000000 ) ) ;
#1438 = CYLINDRICAL_SURFACE ( 'NONE', #7176, 2.099999999999999645 ) ;
#1439 = CYLINDRICAL_SURFACE ( 'NONE', #3282, 0.5000000000000004441 ) ;
#1440 = ORIENTED_EDGE ( 'NONE', *, *, #10298, .T. ) ;
#1441 = EDGE_CURVE ( 'NONE', #10176, #9187, #2576, .T. ) ;
#1442 = DIRECTION ( 'NONE',  ( 1.000000000000000000, 0.000000000000000000, 3.529482314967940561E-17 ) ) ;
#1443 = CARTESIAN_POINT ( 'NONE',  ( 3.665793823987154365, 3.913047347965755485, -21.11799868039100048 ) ) ;
#1444 = CYLINDRICAL_SURFACE ( 'NONE', #759, 3.175000000000000711 ) ;
#1445 = CARTESIAN_POINT ( 'NONE',  ( 36.00704256706371353, 4.405628476672387883, 15.77897102529202833 ) ) ;
#1446 = CARTESIAN_POINT ( 'NONE',  ( -0.3669784349523323996, 9.340408332945658643, 0.000000000000000000 ) ) ;
#1447 = EDGE_CURVE ( 'NONE', #7118, #4488, #9764, .T. ) ;
#1448 = FACE_OUTER_BOUND ( 'NONE', #4307, .T. ) ;
#1449 = EDGE_CURVE ( 'NONE', #10177, #1572, #920, .T. ) ;
#1450 = ORIENTED_EDGE ( 'NONE', *, *, #7322, .F. ) ;
#1451 = EDGE_LOOP ( 'NONE', ( #8841, #9270, #6313, #7065 ) ) ;
#1452 = ORIENTED_EDGE ( 'NONE', *, *, #8107, .T. ) ;
#1453 = ORIENTED_EDGE ( 'NONE', *, *, #5284, .F. ) ;
#1454 = LINE ( 'NONE', #10388, #10353 ) ;
#1455 = CARTESIAN_POINT ( 'NONE',  ( -5.460999999999999410, 3.174999999999987388, 3.124999999999999112 ) ) ;
#1456 = CARTESIAN_POINT ( 'NONE',  ( -0.5000000000000007772, -2.286000000000000032, 28.61461724824544106 ) ) ;
#1457 = DIRECTION ( 'NONE',  ( -1.000000000000000000, 0.000000000000000000, 0.000000000000000000 ) ) ;
#1458 = EDGE_CURVE ( 'NONE', #4031, #6685, #9242, .T. ) ;
#1459 = PLANE ( 'NONE',  #1280 ) ;
#1460 = CARTESIAN_POINT ( 'NONE',  ( 6.349999999999996092, 0.7860000000050604285, 24.69289321881345245 ) ) ;
#1461 = B_SPLINE_CURVE_WITH_KNOTS ( 'NONE', 3,
 ( #1656, #1607, #8799, #1550, #5740, #8953, #4886, #6484, #5578, #3140, #7996, #3292, #62, #7364, #7946, #749, #3345, #697 ),
 .UNSPECIFIED., .F., .F.,
 ( 4, 2, 2, 2, 2, 2, 2, 2, 4 ),
 ( 0.0002272201859299760964, 0.005346865777180212671, 0.01046651136843044887, 0.01558615695968068593, 0.02070580255093092126, 0.03094509373343139538, 0.03606473932468162724, 0.03862456212030674491, 0.04118438491593186257 ),
 .UNSPECIFIED. ) ;
#1462 = CARTESIAN_POINT ( 'NONE',  ( 14.97883651997030086, 4.753929441601449923, 7.500095075034567849 ) ) ;
#1463 = APPROVAL_ROLE ( '' ) ;
#1464 = ORIENTED_EDGE ( 'NONE', *, *, #728, .F. ) ;
#1465 = AXIS2_PLACEMENT_3D ( 'NONE', #8201, #4931, #2646 ) ;
#1466 = ORIENTED_EDGE ( 'NONE', *, *, #6236, .F. ) ;
#1467 = VECTOR ( 'NONE', #2413, 1000.000000000000000 ) ;
#1468 = CARTESIAN_POINT ( 'NONE',  ( -2.389000000000000234, 3.174999999999987388, 6.349999999999999645 ) ) ;
#1469 = DIRECTION ( 'NONE',  ( 1.000000000000000000, 0.000000000000000000, 0.000000000000000000 ) ) ;
#1470 = CARTESIAN_POINT ( 'NONE',  ( 35.38628994607960720, 2.521242741218688188, -3.442506787039101290 ) ) ;
#1471 = LINE ( 'NONE', #5491, #4485 ) ;
#1472 = CARTESIAN_POINT ( 'NONE',  ( -1.141590976026327642, 6.869497989280634265, 3.741797827137307131 ) ) ;
#1473 = VECTOR ( 'NONE', #3678, 1000.000000000000000 ) ;
#1474 = CARTESIAN_POINT ( 'NONE',  ( 37.59999999999791243, 2.302794727137012387, -2.099999999999999645 ) ) ;
#1475 = AXIS2_PLACEMENT_3D ( 'NONE', #8012, #2455, #4001 ) ;
#1476 = CARTESIAN_POINT ( 'NONE',  ( -5.569558550754141635, 3.145074423124984531, -24.86824211942723295 ) ) ;
#1477 = LINE ( 'NONE', #5499, #8552 ) ;
#1478 = VERTEX_POINT ( 'NONE', #179 ) ;
#1479 = VECTOR ( 'NONE', #4739, 1000.000000000000000 ) ;
#1480 = AXIS2_PLACEMENT_3D ( 'NONE', #8711, #7795, #8589 ) ;
#1481 = EDGE_LOOP ( 'NONE', ( #4768, #8539, #2553, #1323 ) ) ;
#1482 = DIRECTION ( 'NONE',  ( 0.000000000000000000, 0.000000000000000000, -1.000000000000000000 ) ) ;
#1483 = CARTESIAN_POINT ( 'NONE',  ( 40.39720314599495765, 1.682414243963200162, 18.84792916242338734 ) ) ;
#1484 = FACE_OUTER_BOUND ( 'NONE', #4387, .T. ) ;
#1485 = CARTESIAN_POINT ( 'NONE',  ( 36.94342130321677331, 3.156799611979030917, 2.174999999999983391 ) ) ;
#1486 = CARTESIAN_POINT ( 'NONE',  ( 0.000000000000000000, -2.286000000000000032, 31.75000000000000000 ) ) ;
#1487 = VECTOR ( 'NONE', #4036, 1000.000000000000000 ) ;
#1488 = DIRECTION ( 'NONE',  ( -0.000000000000000000, 1.000000000000000000, -0.000000000000000000 ) ) ;
#1489 = CARTESIAN_POINT ( 'NONE',  ( 44.28599275221500164, 1.484245203821503933, 1.596684788247172859 ) ) ;
#1490 = CARTESIAN_POINT ( 'NONE',  ( 27.15544815666535072, -2.286000000000000032, 31.24999999999999289 ) ) ;
#1491 = ORIENTED_EDGE ( 'NONE', *, *, #3117, .T. ) ;
#1492 = EDGE_LOOP ( 'NONE', ( #1380, #7063, #7537, #5024, #9232, #3631 ) ) ;
#1493 = VERTEX_POINT ( 'NONE', #5804 ) ;
#1494 = DIRECTION ( 'NONE',  ( -0.000000000000000000, 1.000000000000000000, -0.000000000000000000 ) ) ;
#1495 = CARTESIAN_POINT ( 'NONE',  ( 43.67020065354665093, 1.307594575195835329, -6.348606984611540938 ) ) ;
#1496 = LINE ( 'NONE', #10373, #6821 ) ;
#1497 = CARTESIAN_POINT ( 'NONE',  ( 26.01055308623481821, -3.049999999999995826, 28.25044459967924837 ) ) ;
#1498 = EDGE_CURVE ( 'NONE', #9848, #9791, #5876, .T. ) ;
#1499 = ORIENTED_EDGE ( 'NONE', *, *, #4071, .T. ) ;
#1500 = CARTESIAN_POINT ( 'NONE',  ( -3.961000000000000298, 2.424999999999986500, -3.264854136349466973 ) ) ;
#1501 = CARTESIAN_POINT ( 'NONE',  ( 2.152800896798593655, 2.619085637207043682, -24.81738871231620180 ) ) ;
#1502 = CARTESIAN_POINT ( 'NONE',  ( 10.87080467290706665, 2.803357751474777615, -17.92159849394939286 ) ) ;
#1503 = CARTESIAN_POINT ( 'NONE',  ( 37.79809976929440296, 2.906759117370538270, -1.100000000000733946 ) ) ;
#1504 = CARTESIAN_POINT ( 'NONE',  ( 3.187443253315793701, 3.050000000000003375, 25.25000000000000355 ) ) ;
#1506 = B_SPLINE_CURVE_WITH_KNOTS ( 'NONE', 3,
 ( #3181, #8888, #6523, #9633, #8836, #1593, #8039, #47, #9742, #791, #4026, #8085, #2481, #9724 ),
 .UNSPECIFIED., .F., .F.,
 ( 4, 2, 2, 2, 2, 2, 4 ),
 ( 1.990327828676581836E-15, 0.0007289261889742350981, 0.001093389283460355615, 0.001457852377946475915, 0.001822315472432596431, 0.002186778566918716731, 0.002915704755890971642 ),
 .UNSPECIFIED. ) ;
#1505 = LINE ( 'NONE', #2228, #3305 ) ;
#1507 = ADVANCED_FACE ( 'NONE', ( #4900 ), #3078, .F. ) ;
#1508 = ORIENTED_EDGE ( 'NONE', *, *, #8358, .T. ) ;
#1509 = ORIENTED_EDGE ( 'NONE', *, *, #1518, .T. ) ;
#1510 = ORIENTED_EDGE ( 'NONE', *, *, #7843, .T. ) ;
#1511 = EDGE_CURVE ( 'NONE', #458, #3006, #3577, .T. ) ;
#1512 = ORIENTED_EDGE ( 'NONE', *, *, #10470, .F. ) ;
#1513 = DIRECTION ( 'NONE',  ( 0.000000000000000000, -1.000000000000000000, -0.000000000000000000 ) ) ;
#1514 = CARTESIAN_POINT ( 'NONE',  ( 3.633336138034292340, 1.877293289549712973, 23.75000000000000711 ) ) ;
#1515 = CARTESIAN_POINT ( 'NONE',  ( 33.86889221450621790, 2.869336261426269630, 21.52154630733920371 ) ) ;
#1516 = EDGE_CURVE ( 'NONE', #8419, #2945, #1024, .T. ) ;
#1517 = LINE ( 'NONE', #4741, #2597 ) ;
#1518 = EDGE_CURVE ( 'NONE', #6428, #7887, #1576, .T. ) ;
#1519 = DIRECTION ( 'NONE',  ( -1.000000000000000000, 0.000000000000000000, -8.205241711830808422E-14 ) ) ;
#1520 = DIRECTION ( 'NONE',  ( 0.000000000000000000, 0.000000000000000000, 1.000000000000000000 ) ) ;
#1521 = DIRECTION ( 'NONE',  ( 0.000000000000000000, 0.000000000000000000, -1.000000000000000000 ) ) ;
#1522 = EDGE_LOOP ( 'NONE', ( #2653, #6593, #4660, #4295 ) ) ;
#1523 = ORIENTED_EDGE ( 'NONE', *, *, #2535, .F. ) ;
#1524 = EDGE_CURVE ( 'NONE', #5301, #7164, #6005, .T. ) ;
#1525 = CARTESIAN_POINT ( 'NONE',  ( 10.71003205213264842, 2.803519440876375501, -17.96211616685585000 ) ) ;
#1526 = DIRECTION ( 'NONE',  ( 0.000000000000000000, 0.000000000000000000, -1.000000000000000000 ) ) ;
#1527 = CARTESIAN_POINT ( 'NONE',  ( -4.699999999999999289, 2.162520919212313153, 19.54999999999857963 ) ) ;
#1528 = B_SPLINE_CURVE_WITH_KNOTS ( 'NONE', 3,
 ( #1206, #3589, #8409, #4434 ),
 .UNSPECIFIED., .F., .F.,
 ( 4, 4 ),
 ( 0.003301607340770236054, 0.004758582007100866686 ),
 .UNSPECIFIED. ) ;
#1529 = CARTESIAN_POINT ( 'NONE',  ( 9.754894076187389018, 4.528815232598162765, 12.14982963359243939 ) ) ;
#1530 = DIRECTION ( 'NONE',  ( 0.000000000000000000, 0.000000000000000000, -1.000000000000000000 ) ) ;
#1531 = CARTESIAN_POINT ( 'NONE',  ( -0.4999999999881785118, 4.302661133098683699, -13.84999999999999787 ) ) ;
#1532 = CARTESIAN_POINT ( 'NONE',  ( 39.15407630886803503, 2.044739387994702007, 6.518183872313200844 ) ) ;
#1533 = CARTESIAN_POINT ( 'NONE',  ( 32.63186465182258900, 3.058473764061473865, 35.68417982860889026 ) ) ;
#1534 = CARTESIAN_POINT ( 'NONE',  ( 33.00033914580336614, 2.737813780851150902, 15.43387159077826531 ) ) ;
#1535 = CARTESIAN_POINT ( 'NONE',  ( 16.19160606448788897, 5.319881536467238270, 4.149540704094171417 ) ) ;
#1536 = PLANE ( 'NONE',  #6841 ) ;
#1537 = CARTESIAN_POINT ( 'NONE',  ( -0.8890000000000047864, 7.218360845009255122, -2.245171476789678877 ) ) ;
#1538 = CARTESIAN_POINT ( 'NONE',  ( 10.38435538331219909, 3.052584894476240152, -15.98623112774832578 ) ) ;
#1539 = EDGE_CURVE ( 'NONE', #363, #8574, #6697, .T. ) ;
#1540 = CARTESIAN_POINT ( 'NONE',  ( 38.98217932328183366, 2.326856514504878071, 25.40390345385425164 ) ) ;
#1541 = CARTESIAN_POINT ( 'NONE',  ( 15.90064686539298400, 5.303153200657379607, 6.929505387792557869 ) ) ;
#1542 = ORIENTED_EDGE ( 'NONE', *, *, #9359, .F. ) ;
#1543 = ORIENTED_EDGE ( 'NONE', *, *, #8480, .T. ) ;
#1544 = ORIENTED_EDGE ( 'NONE', *, *, #258, .F. ) ;
#1545 = PLANE ( 'NONE',  #9334 ) ;
#1546 = PLANE ( 'NONE',  #133 ) ;
#1547 = DIRECTION ( 'NONE',  ( 0.000000000000000000, 0.000000000000000000, -1.000000000000000000 ) ) ;
#1548 = CARTESIAN_POINT ( 'NONE',  ( -4.700000000000000178, -3.049999999999995381, 12.34999999999999787 ) ) ;
#1549 = EDGE_LOOP ( 'NONE', ( #9203, #8640, #4473, #4403 ) ) ;
#1550 = CARTESIAN_POINT ( 'NONE',  ( 37.29040342903063987, 1.805001262583528998, -9.672064593149265477 ) ) ;
#1551 = CARTESIAN_POINT ( 'NONE',  ( 46.54100118562045907, 0.9057476505885837526, -3.937985772583822985 ) ) ;
#1552 = CARTESIAN_POINT ( 'NONE',  ( 44.29999999999999716, -3.011874999999978986, -5.034684348034345724 ) ) ;
#1553 = DIRECTION ( 'NONE',  ( 0.000000000000000000, -1.000000000000000000, -0.000000000000000000 ) ) ;
#1554 = CARTESIAN_POINT ( 'NONE',  ( 24.06576501188850159, 3.049999999999998934, 28.70647871361562409 ) ) ;
#1555 = EDGE_CURVE ( 'NONE', #10115, #5829, #1970, .T. ) ;
#1556 = CARTESIAN_POINT ( 'NONE',  ( -4.700000000011731238, 2.636000000000000121, 16.82514045386574608 ) ) ;
#1557 = ORIENTED_EDGE ( 'NONE', *, *, #1837, .T. ) ;
#1558 = ORIENTED_EDGE ( 'NONE', *, *, #8696, .T. ) ;
#1559 = ADVANCED_FACE ( 'NONE', ( #6747 ), #8922, .T. ) ;
#1560 = DIRECTION ( 'NONE',  ( 0.000000000000000000, 0.000000000000000000, 1.000000000000000000 ) ) ;
#1561 = CARTESIAN_POINT ( 'NONE',  ( 42.56631919755414373, 3.238727972713843162, -4.426654030811232765 ) ) ;
#1562 = CARTESIAN_POINT ( 'NONE',  ( 5.225022221031011327, 2.702542592622642292, -19.52366082514453538 ) ) ;
#1563 = LINE ( 'NONE', #9656, #229 ) ;
#1564 = DIRECTION ( 'NONE',  ( 0.000000000000000000, 0.000000000000000000, 1.000000000000000000 ) ) ;
#1565 = CARTESIAN_POINT ( 'NONE',  ( 38.09999999999789821, 4.194470663693895318, -2.600000000002220979 ) ) ;
#1566 = DIRECTION ( 'NONE',  ( -1.000000000000000000, 0.000000000000000000, 0.000000000000000000 ) ) ;
#1567 = EDGE_CURVE ( 'NONE', #6182, #1308, #3570, .T. ) ;
#1568 = CARTESIAN_POINT ( 'NONE',  ( 38.82831030306395803, 2.666301065801235382, 5.703110973975284992 ) ) ;
#1569 = CARTESIAN_POINT ( 'NONE',  ( 37.90132103526454443, 2.620731438124577650, -3.146615893455758428 ) ) ;
#1570 = SECURITY_CLASSIFICATION_LEVEL ( 'unclassified' ) ;
#1571 = ORIENTED_EDGE ( 'NONE', *, *, #266, .F. ) ;
#1572 = VERTEX_POINT ( 'NONE', #5246 ) ;
#1573 = EDGE_CURVE ( 'NONE', #4794, #5806, #7897, .T. ) ;
#1574 = DIRECTION ( 'NONE',  ( 0.000000000000000000, 0.000000000000000000, -1.000000000000000000 ) ) ;
#1575 = DIRECTION ( 'NONE',  ( 1.734723475976805517E-15, 0.000000000000000000, 1.000000000000000000 ) ) ;
#1576 = B_SPLINE_CURVE_WITH_KNOTS ( 'NONE', 3,
 ( #5048, #1074, #9916, #5144, #1865, #5199, #374, #2759, #8270, #1127, #2709, #4254, #7585, #2663, #3657, #4305, #5905, #8318, #1177, #329, #5948, #6898, #6843, #7533, #4353, #280 ),
 .UNSPECIFIED., .F., .F.,
 ( 4, 2, 2, 2, 2, 2, 2, 2, 2, 2, 2, 2, 4 ),
 ( 0.000000000000000000, 0.001553855484796565342, 0.01874150428166063490, 0.08749209946911690183, 0.2249932898440294704, 0.3624944802189420390, 0.4999956705938545798, 0.6374968609687670096, 0.7749980513436797169, 0.9124992417185923133, 0.9468745393123204623, 0.9812498369060485004, 1.000000000000000000 ),
 .UNSPECIFIED. ) ;
#1577 = LINE ( 'NONE', #7187, #7651 ) ;
#1578 = CARTESIAN_POINT ( 'NONE',  ( 5.815143826272451300, 3.328198600781088867, -16.89023131153474466 ) ) ;
#1579 = DIRECTION ( 'NONE',  ( -0.000000000000000000, -1.000000000000000000, -0.000000000000000000 ) ) ;
#1580 = CARTESIAN_POINT ( 'NONE',  ( 42.80000000000001137, 0.2365573895283434869, -1.158225982667416855E-14 ) ) ;
#1581 = CIRCLE ( 'NONE', #9684, 3.700000000000001954 ) ;
#1582 = EDGE_CURVE ( 'NONE', #1014, #6737, #2615, .T. ) ;
#1583 = CARTESIAN_POINT ( 'NONE',  ( 20.36414007654564529, 3.024356588542457036, -13.79237769420382875 ) ) ;
#1584 = CARTESIAN_POINT ( 'NONE',  ( 27.26570755025666770, 2.160480253161026098, 18.96013040643817860 ) ) ;
#1585 = EDGE_CURVE ( 'NONE', #1867, #6315, #9067, .T. ) ;
#1586 = EDGE_CURVE ( 'NONE', #2617, #2361, #4559, .T. ) ;
#1587 = AXIS2_PLACEMENT_3D ( 'NONE', #10152, #7831, #5995 ) ;
#1588 = AXIS2_PLACEMENT_3D ( 'NONE', #6971, #10189, #1482 ) ;
#1589 = CARTESIAN_POINT ( 'NONE',  ( 38.56020722894641040, 1.637673942517401837, 24.91963560073542538 ) ) ;
#1590 = CARTESIAN_POINT ( 'NONE',  ( 2.260657033803628924, 2.228052979973065728, 22.36082242615644944 ) ) ;
#1591 = EDGE_CURVE ( 'NONE', #10424, #2012, #6867, .T. ) ;
#1592 = FACE_OUTER_BOUND ( 'NONE', #1808, .T. ) ;
#1593 = CARTESIAN_POINT ( 'NONE',  ( 18.63199551591243974, 2.643347342461316529, 19.67583530467950581 ) ) ;
#1594 = AXIS2_PLACEMENT_3D ( 'NONE', #6496, #9767, #10390 ) ;
#1595 = DIRECTION ( 'NONE',  ( -0.000000000000000000, -1.000000000000000000, -0.000000000000000000 ) ) ;
#1596 = CARTESIAN_POINT ( 'NONE',  ( 35.79991832102005844, 3.051256203091922359, 31.66519585505664480 ) ) ;
#1597 = DIRECTION ( 'NONE',  ( 0.000000000000000000, -1.000000000000000000, 0.000000000000000000 ) ) ;
#1598 = CIRCLE ( 'NONE', #9706, 0.5000000000000004441 ) ;
#1599 = VERTEX_POINT ( 'NONE', #7902 ) ;
#1600 = CARTESIAN_POINT ( 'NONE',  ( 8.444418044455581196, 3.485010668882756679, -13.60381162667564858 ) ) ;
#1601 = AXIS2_PLACEMENT_3D ( 'NONE', #8556, #1946, #2844 ) ;
#1602 = DIRECTION ( 'NONE',  ( -1.000000000000000000, 0.000000000000000000, 0.000000000000000000 ) ) ;
#1603 = CARTESIAN_POINT ( 'NONE',  ( 10.83650298521228450, -2.286000000000000032, 29.17939620402573908 ) ) ;
#1604 = CARTESIAN_POINT ( 'NONE',  ( 43.05137899671687052, 1.467144042436357099, -7.027645778566465218 ) ) ;
#1605 = DIRECTION ( 'NONE',  ( 0.000000000000000000, 0.000000000000000000, -1.000000000000000000 ) ) ;
#1606 = ORIENTED_EDGE ( 'NONE', *, *, #7350, .T. ) ;
#1607 = CARTESIAN_POINT ( 'NONE',  ( 41.33790053674604792, 1.728442248368541545, -6.535643813412209013 ) ) ;
#1608 = CARTESIAN_POINT ( 'NONE',  ( 32.51909110275887116, 1.684202714062928763, 22.04854638691176305 ) ) ;
#1609 = FACE_BOUND ( 'NONE', #10342, .T. ) ;
#1610 = CARTESIAN_POINT ( 'NONE',  ( 37.56961222446504678, 4.684184616195626205, 0.000000000000000000 ) ) ;
#1611 = DIRECTION ( 'NONE',  ( 0.000000000000000000, 0.000000000000000000, -1.000000000000000000 ) ) ;
#1612 = ORIENTED_EDGE ( 'NONE', *, *, #5665, .T. ) ;
#1613 = ORIENTED_EDGE ( 'NONE', *, *, #3429, .F. ) ;
#1614 = ORIENTED_EDGE ( 'NONE', *, *, #2478, .F. ) ;
#1615 = DIRECTION ( 'NONE',  ( -0.000000000000000000, -1.000000000000000000, -0.000000000000000000 ) ) ;
#1616 = CARTESIAN_POINT ( 'NONE',  ( 37.94081386392048927, 2.862112198322895207, 4.249839068779118101 ) ) ;
#1617 = CARTESIAN_POINT ( 'NONE',  ( 7.931277183965997679, 2.991404931664923161, -15.73737505154110572 ) ) ;
#1618 = CARTESIAN_POINT ( 'NONE',  ( 37.94081386392048927, 2.862112198322895207, 4.249839068779118101 ) ) ;
#1619 = CIRCLE ( 'NONE', #8881, 4.200000000000001954 ) ;
#1620 = CARTESIAN_POINT ( 'NONE',  ( 10.62736069498282276, 3.052584894419396733, -16.95625608541687157 ) ) ;
#1621 = CARTESIAN_POINT ( 'NONE',  ( 4.673096903394142743, 2.135520958110997736, 18.55000000000000071 ) ) ;
#1622 = CARTESIAN_POINT ( 'NONE',  ( 38.49237194528833328, 2.666301065801235382, 8.724755689063092845 ) ) ;
#1623 = B_SPLINE_CURVE_WITH_KNOTS ( 'NONE', 3,
 ( #9261, #1962, #9907, #1118, #1906, #4249 ),
 .UNSPECIFIED., .F., .F.,
 ( 4, 2, 4 ),
 ( 0.001531891360634555707, 0.01311384135629204382, 0.02469579135194953368 ),
 .UNSPECIFIED. ) ;
#1624 = ORIENTED_EDGE ( 'NONE', *, *, #2869, .F. ) ;
#1625 = ORIENTED_EDGE ( 'NONE', *, *, #520, .T. ) ;
#1626 = ORIENTED_EDGE ( 'NONE', *, *, #9230, .F. ) ;
#1627 = EDGE_CURVE ( 'NONE', #8665, #2818, #5479, .T. ) ;
#1628 = CARTESIAN_POINT ( 'NONE',  ( -1.123142586338438109, 5.633177637268100391, 14.96532988392025132 ) ) ;
#1629 = DIRECTION ( 'NONE',  ( -0.000000000000000000, 1.000000000000000000, -0.000000000000000000 ) ) ;
#1630 = CARTESIAN_POINT ( 'NONE',  ( 0.000000000000000000, 2.286000000000000032, 19.05000000000000071 ) ) ;
#1631 = ADVANCED_FACE ( 'NONE', ( #7950, #6218, #7058, #9432 ), #3173, .F. ) ;
#1632 = LINE ( 'NONE', #9568, #4633 ) ;
#1633 = CARTESIAN_POINT ( 'NONE',  ( 37.76658069248631477, 4.457811327546438385, 3.590790416812223995 ) ) ;
#1634 = CC_DESIGN_PERSON_AND_ORGANIZATION_ASSIGNMENT ( #3100, #8923, ( #3959 ) ) ;
#1635 = CARTESIAN_POINT ( 'NONE',  ( 29.53169590510182374, 4.451489631551046600, -12.22733963477938524 ) ) ;
#1636 = CARTESIAN_POINT ( 'NONE',  ( 30.65623600691053952, 2.720528769271813641, 12.64848259515852114 ) ) ;
#1637 = ADVANCED_FACE ( 'NONE', ( #5629 ), #1141, .T. ) ;
#1638 = AXIS2_PLACEMENT_3D ( 'NONE', #8175, #7444, #1726 ) ;
#1639 = CARTESIAN_POINT ( 'NONE',  ( 33.33872895946220183, 2.233350331295192781, 21.23164508902026171 ) ) ;
#1640 = DIRECTION ( 'NONE',  ( 0.000000000000000000, 0.000000000000000000, 1.000000000000000000 ) ) ;
#1641 = EDGE_CURVE ( 'NONE', #7241, #9306, #3198, .T. ) ;
#1642 = LINE ( 'NONE', #7096, #2271 ) ;
#1643 = CARTESIAN_POINT ( 'NONE',  ( 28.11639153544687630, 1.856397536870131093, 21.39744967839754963 ) ) ;
#1644 = DIRECTION ( 'NONE',  ( 1.000000000000000000, 0.000000000000000000, -0.000000000000000000 ) ) ;
#1645 = CARTESIAN_POINT ( 'NONE',  ( -4.604810142409138329, 3.145071283002585982, -24.85266121630362690 ) ) ;
#1646 = AXIS2_PLACEMENT_3D ( 'NONE', #548, #4635, #1350 ) ;
#1647 = CARTESIAN_POINT ( 'NONE',  ( 10.46640546059804855, 2.539864196756312253, -16.98623112774832578 ) ) ;
#1648 = ORIENTED_EDGE ( 'NONE', *, *, #8394, .T. ) ;
#1649 = ADVANCED_FACE ( 'NONE', ( #4778 ), #8001, .F. ) ;
#1650 = DIRECTION ( 'NONE',  ( 0.000000000000000000, 0.000000000000000000, -1.000000000000000000 ) ) ;
#1651 = CYLINDRICAL_SURFACE ( 'NONE', #9412, 1.000000000000000888 ) ;
#1652 = FACE_OUTER_BOUND ( 'NONE', #2635, .T. ) ;
#1653 = DIRECTION ( 'NONE',  ( 0.000000000000000000, -1.000000000000000000, 0.000000000000000000 ) ) ;
#1654 = ORIENTED_EDGE ( 'NONE', *, *, #6245, .T. ) ;
#1655 = VECTOR ( 'NONE', #4996, 1000.000000000000000 ) ;
#1656 = CARTESIAN_POINT ( 'NONE',  ( 42.62838698765575174, 1.661986663886078741, -5.411692116005633935 ) ) ;
#1657 = CARTESIAN_POINT ( 'NONE',  ( -2.802099176443300976, 5.375108808301258811, -15.90915058722146647 ) ) ;
#1658 = CARTESIAN_POINT ( 'NONE',  ( -4.453297610555715380, 2.424999999999986500, -2.225118461593097674 ) ) ;
#1659 = CARTESIAN_POINT ( 'NONE',  ( 19.80289480639000033, 6.224882730342337744, 8.930249919980683515 ) ) ;
#1660 = CARTESIAN_POINT ( 'NONE',  ( 7.584892087439454755, 3.658749342580230213, -13.09271953202650884 ) ) ;
#1661 = ORIENTED_EDGE ( 'NONE', *, *, #6416, .T. ) ;
#1662 = ORIENTED_EDGE ( 'NONE', *, *, #3981, .F. ) ;
#1663 = ORIENTED_EDGE ( 'NONE', *, *, #5066, .T. ) ;
#1664 = CARTESIAN_POINT ( 'NONE',  ( 17.83672408471637283, -2.286000000000000032, 25.90616913409708744 ) ) ;
#1665 = DIRECTION ( 'NONE',  ( -0.7071067811865476838, 0.000000000000000000, -0.7071067811865474617 ) ) ;
#1666 = CARTESIAN_POINT ( 'NONE',  ( -0.000000000000000000, -3.049999999999999822, -19.05000000000000071 ) ) ;
#1667 = DIRECTION ( 'NONE',  ( 1.000000000000000000, 0.000000000000000000, 0.000000000000000000 ) ) ;
#1668 = CARTESIAN_POINT ( 'NONE',  ( -4.700000000000000178, 3.924999999999987388, 9.435145863650534537 ) ) ;
#1669 = CARTESIAN_POINT ( 'NONE',  ( 28.60849450318477949, 2.286000000000008026, 35.10881289334568578 ) ) ;
#1670 = VERTEX_POINT ( 'NONE', #7161 ) ;
#1671 = VERTEX_POINT ( 'NONE', #4043 ) ;
#1672 = EDGE_LOOP ( 'NONE', ( #1654, #8703 ) ) ;
#1673 = EDGE_LOOP ( 'NONE', ( #3696, #3075, #9218, #7738 ) ) ;
#1674 = PLANE ( 'NONE',  #7994 ) ;
#1675 = CARTESIAN_POINT ( 'NONE',  ( 19.76859937739117967, 2.567945708544007388, 20.05839765180071055 ) ) ;
#1676 = CARTESIAN_POINT ( 'NONE',  ( -500000.0000000000582, 4.890558722962143889, 13.84999999999999609 ) ) ;
#1677 = CARTESIAN_POINT ( 'NONE',  ( 2.035259966606160376, 4.398932875229686346, -13.17938397433239572 ) ) ;
#1678 = FACE_OUTER_BOUND ( 'NONE', #6780, .T. ) ;
#1679 = CARTESIAN_POINT ( 'NONE',  ( 0.5000000000000000000, -2.286000000000000032, 22.22500000000000142 ) ) ;
#1680 = FACE_BOUND ( 'NONE', #4563, .T. ) ;
#1681 = CARTESIAN_POINT ( 'NONE',  ( 23.53912339354304706, 2.399767650012327724, 17.80326056144512492 ) ) ;
#1682 = ADVANCED_FACE ( 'NONE', ( #753 ), #9677, .F. ) ;
#1683 = VERTEX_POINT ( 'NONE', #9051 ) ;
#1684 = CARTESIAN_POINT ( 'NONE',  ( 21.38247252786809227, 6.020210150938223315, -0.2242616180821351279 ) ) ;
#1685 = PLANE ( 'NONE',  #4810 ) ;
#1686 = B_SPLINE_CURVE_WITH_KNOTS ( 'NONE', 3,
 ( #4314, #6761, #6855, #9228 ),
 .UNSPECIFIED., .F., .F.,
 ( 4, 4 ),
 ( 0.0007160073491178283464, 0.0009671757548830729571 ),
 .UNSPECIFIED. ) ;
#1687 = CARTESIAN_POINT ( 'NONE',  ( -1.028018368034691266, 1.910078503668976246, -23.62712021050326072 ) ) ;
#1688 = DIRECTION ( 'NONE',  ( 0.000000000000000000, 0.000000000000000000, -1.000000000000000000 ) ) ;
#1689 = EDGE_CURVE ( 'NONE', #3428, #7163, #2694, .T. ) ;
#1690 = CARTESIAN_POINT ( 'NONE',  ( 9.610936745859101293, 3.195149469939298381, -23.00678350959279328 ) ) ;
#1691 = ORIENTED_EDGE ( 'NONE', *, *, #5911, .F. ) ;
#1692 = EDGE_CURVE ( 'NONE', #3833, #6300, #9900, .T. ) ;
#1693 = CARTESIAN_POINT ( 'NONE',  ( 10.51577027765917727, 4.216748362869394029, -10.12032786866394041 ) ) ;
#1694 = CARTESIAN_POINT ( 'NONE',  ( 38.09999999999681108, 2.110126027841585206, -2.852819276697523776 ) ) ;
#1695 = CARTESIAN_POINT ( 'NONE',  ( -4.200000000000009948, 1.882343667452188729, 23.75000000000001421 ) ) ;
#1696 = LINE ( 'NONE', #9941, #1084 ) ;
#1697 = FACE_OUTER_BOUND ( 'NONE', #3653, .T. ) ;
#1698 = ORIENTED_EDGE ( 'NONE', *, *, #4934, .T. ) ;
#1699 = CARTESIAN_POINT ( 'NONE',  ( 12.69999999999999218, -2.286000000000000032, 25.25000000000000000 ) ) ;
#1700 = CARTESIAN_POINT ( 'NONE',  ( -1.372288586151621415, 5.562088932132556174, -15.07067659241549684 ) ) ;
#1701 = CARTESIAN_POINT ( 'NONE',  ( 42.80000000000000426, 1.657166482523023010, -5.178052426719817802 ) ) ;
#1702 = CARTESIAN_POINT ( 'NONE',  ( 27.83415465572003455, 3.049999999999998934, 31.95767526600200270 ) ) ;
#1703 = EDGE_CURVE ( 'NONE', #8579, #6832, #4432, .T. ) ;
#1704 = B_SPLINE_CURVE_WITH_KNOTS ( 'NONE', 3,
 ( #2863, #5902, #5090, #8314, #1069, #6319, #2966, #9364, #9593, #5404, #4772, #1497, #581, #7779, #6264, #5458, #6940, #9538, #10266, #6213, #9427, #7993 ),
 .UNSPECIFIED., .F., .F.,
 ( 4, 2, 2, 2, 2, 2, 2, 2, 2, 2, 4 ),
 ( 3.469446951953613804E-18, 0.005519523413300209298, 0.006899404266625266610, 0.008279285119950323055, 0.01103904682660043421, 0.01379880853325054189, 0.01517868938657559660, 0.01655857023990064958, 0.01931833194655075900, 0.02069821279987579810, 0.02207809365320084066 ),
 .UNSPECIFIED. ) ;
#1705 = CARTESIAN_POINT ( 'NONE',  ( 0.000000000000000000, 2.286000000000000032, -21.15000000000000213 ) ) ;
#1706 = EDGE_LOOP ( 'NONE', ( #2978, #4386, #9475, #6970, #6094, #8511, #2888 ) ) ;
#1707 = ORIENTED_EDGE ( 'NONE', *, *, #8155, .F. ) ;
#1708 = EDGE_CURVE ( 'NONE', #5513, #6639, #3640, .T. ) ;
#1709 = CARTESIAN_POINT ( 'NONE',  ( -4.141984608261886969, -3.049999999999999822, -25.21813292446620380 ) ) ;
#1710 = CARTESIAN_POINT ( 'NONE',  ( 44.30000000000001847, -1.957083333333287323, -4.960753661835378914 ) ) ;
#1711 = CARTESIAN_POINT ( 'NONE',  ( 44.30000000000003268, 1.384886260524185619, -2.289946376489122581 ) ) ;
#1712 = CARTESIAN_POINT ( 'NONE',  ( 19.79196846283270261, 2.237852469958253376, 19.05867074616814705 ) ) ;
#1713 = CARTESIAN_POINT ( 'NONE',  ( -57.14999999999999147, 9.402733490373224257, 25.39999999999999858 ) ) ;
#1714 = CARTESIAN_POINT ( 'NONE',  ( 30.39979981006544918, -1.016666666666666385, -18.34100945216909295 ) ) ;
#1715 = CARTESIAN_POINT ( 'NONE',  ( -1.337775444786442058, 1.934854436538310241, -23.36540853720545385 ) ) ;
#1716 = CARTESIAN_POINT ( 'NONE',  ( -0.7246952294814371642, 4.350295554725159164, 13.89580016724561773 ) ) ;
#1717 = EDGE_CURVE ( 'NONE', #7887, #2083, #541, .T. ) ;
#1718 = EDGE_LOOP ( 'NONE', ( #1413, #5386, #9303, #9704 ) ) ;
#1719 = EDGE_LOOP ( 'NONE', ( #7848, #9747, #5517, #3017 ) ) ;
#1720 = ORIENTED_EDGE ( 'NONE', *, *, #4530, .F. ) ;
#1721 = EDGE_LOOP ( 'NONE', ( #8679, #10166, #7684, #1916, #1624, #2968 ) ) ;
#1722 = CARTESIAN_POINT ( 'NONE',  ( -9.215718466126787689E-16, 5.652637603913651887, 14.84999999999999432 ) ) ;
#1723 = CARTESIAN_POINT ( 'NONE',  ( 19.66879412881488065, 2.239573230473802745, 19.05579148832293512 ) ) ;
#1724 = CARTESIAN_POINT ( 'NONE',  ( -4.700000000000000178, 2.424999999999986500, -0.7500000000000000000 ) ) ;
#1725 = CARTESIAN_POINT ( 'NONE',  ( 32.29605247495299380, 3.060524554128426722, 35.75000000000002132 ) ) ;
#1726 = DIRECTION ( 'NONE',  ( 0.000000000000000000, 0.000000000000000000, -1.000000000000000000 ) ) ;
#1727 = CARTESIAN_POINT ( 'NONE',  ( 12.69999999999998863, -3.049999999999999822, 25.25000000000000000 ) ) ;
#1728 = CARTESIAN_POINT ( 'NONE',  ( 45.02241543268031876, 2.920499958995318668, -1.788205933092450906 ) ) ;
#1729 = CARTESIAN_POINT ( 'NONE',  ( 23.20653157818452428, 5.033891389992914078, 1.367305851110740766 ) ) ;
#1730 = CARTESIAN_POINT ( 'NONE',  ( 28.48736685900078669, 2.073126727774955214, 24.34713524460945422 ) ) ;
#1731 = CARTESIAN_POINT ( 'NONE',  ( 2.570603795974259143, 0.7860000001187472662, 29.88650298521228521 ) ) ;
#1732 = CARTESIAN_POINT ( 'NONE',  ( 47.50695935788836266, 0.6896928614226487397, -3.076047549711923956 ) ) ;
#1733 = CARTESIAN_POINT ( 'NONE',  ( -4.185496259871348101, -3.049999999999998934, -23.71874924611535818 ) ) ;
#1734 = CARTESIAN_POINT ( 'NONE',  ( 4.753140701544921853, 2.436820008847181640, -20.67344727875702404 ) ) ;
#1735 = B_SPLINE_CURVE_WITH_KNOTS ( 'NONE', 3,
 ( #8312, #2657, #4441, #7578 ),
 .UNSPECIFIED., .F., .F.,
 ( 4, 4 ),
 ( 7.757919228897728493E-18, 0.001367626133075346140 ),
 .UNSPECIFIED. ) ;
#1736 = LINE ( 'NONE', #7409, #7706 ) ;
#1737 = ORIENTED_EDGE ( 'NONE', *, *, #9513, .F. ) ;
#1738 = ORIENTED_EDGE ( 'NONE', *, *, #10041, .F. ) ;
#1739 = LINE ( 'NONE', #4972, #4801 ) ;
#1740 = ADVANCED_FACE ( 'NONE', ( #1609, #4777 ), #10326, .T. ) ;
#1741 = CARTESIAN_POINT ( 'NONE',  ( 33.04493640884356154, 3.661699206343009827, 22.14692684802284361 ) ) ;
#1742 = CARTESIAN_POINT ( 'NONE',  ( 42.79999999999999005, 1.819419360579353162, -1.678685677535906917 ) ) ;
#1743 = DIRECTION ( 'NONE',  ( 0.000000000000000000, -1.000000000000000000, -0.000000000000000000 ) ) ;
#1744 = VECTOR ( 'NONE', #6833, 1000.000000000000000 ) ;
#1745 = ORIENTED_EDGE ( 'NONE', *, *, #345, .T. ) ;
#1746 = DIRECTION ( 'NONE',  ( 0.000000000000000000, -1.000000000000000000, 0.000000000000000000 ) ) ;
#1747 = LINE ( 'NONE', #2594, #7505 ) ;
#1748 = EDGE_CURVE ( 'NONE', #1671, #10219, #431, .T. ) ;
#1749 = DIRECTION ( 'NONE',  ( 0.000000000000000000, -1.000000000000000000, 0.000000000000000000 ) ) ;
#1750 = VECTOR ( 'NONE', #6905, 1000.000000000000000 ) ;
#1751 = CARTESIAN_POINT ( 'NONE',  ( 30.76307995994582356, 6.055512711626479749, 0.000000000000000000 ) ) ;
#1752 = CARTESIAN_POINT ( 'NONE',  ( 36.55116219467436167, 1.878794969456975661, -5.630277077579279421 ) ) ;
#1753 = CARTESIAN_POINT ( 'NONE',  ( 7.304837196003682642, 3.468551704817896653, -13.92953424779142679 ) ) ;
#1754 = ORIENTED_EDGE ( 'NONE', *, *, #1441, .T. ) ;
#1755 = ORIENTED_EDGE ( 'NONE', *, *, #6489, .F. ) ;
#1756 = VECTOR ( 'NONE', #2400, 1000.000000000000000 ) ;
#1757 = ORIENTED_EDGE ( 'NONE', *, *, #1627, .T. ) ;
#1758 = EDGE_LOOP ( 'NONE', ( #5692, #855, #2976, #7017 ) ) ;
#1759 = CARTESIAN_POINT ( 'NONE',  ( 43.58279401727700275, -2.236666666666943915, -6.569597746889865419 ) ) ;
#1760 = CIRCLE ( 'NONE', #5986, 3.174999999999997158 ) ;
#1761 = EDGE_CURVE ( 'NONE', #2361, #4341, #5464, .T. ) ;
#1762 = CARTESIAN_POINT ( 'NONE',  ( 5.399734811531992307, 3.755896057463364190, 15.97685262155813746 ) ) ;
#1763 = CARTESIAN_POINT ( 'NONE',  ( 22.65297153615863834, 3.049999999999987388, 27.83672347874315989 ) ) ;
#1764 = CARTESIAN_POINT ( 'NONE',  ( -2.388999999999999790, 9.176075699005698638, 0.7499999999999987788 ) ) ;
#1765 = CARTESIAN_POINT ( 'NONE',  ( 13.79047265064387240, 5.700638086938242921, -2.731376434565912614 ) ) ;
#1766 = ADVANCED_FACE ( 'NONE', ( #3240 ), #43, .F. ) ;
#1767 = VECTOR ( 'NONE', #5668, 1000.000000000000000 ) ;
#1768 = EDGE_CURVE ( 'NONE', #876, #6983, #10394, .T. ) ;
#1769 = CARTESIAN_POINT ( 'NONE',  ( -2.237990409379970291, 4.250319983370932420, 14.33484020134065950 ) ) ;
#1770 = VECTOR ( 'NONE', #4754, 1000.000000000000000 ) ;
#1771 = EDGE_LOOP ( 'NONE', ( #2898, #9762, #2290, #3556 ) ) ;
#1772 = ORIENTED_EDGE ( 'NONE', *, *, #3831, .T. ) ;
#1773 = ORIENTED_EDGE ( 'NONE', *, *, #193, .T. ) ;
#1774 = ORIENTED_EDGE ( 'NONE', *, *, #1886, .F. ) ;
#1775 = AXIS2_PLACEMENT_3D ( 'NONE', #2796, #8450, #4816 ) ;
#1776 = CARTESIAN_POINT ( 'NONE',  ( 38.78200961845271877, 2.218314684903693212, 3.375858547800953069 ) ) ;
#1777 = EDGE_CURVE ( 'NONE', #8569, #2346, #4214, .T. ) ;
#1778 = CARTESIAN_POINT ( 'NONE',  ( -4.798252011141678430, 1.878514180042871962, 23.76352988601635374 ) ) ;
#1779 = CARTESIAN_POINT ( 'NONE',  ( 31.26224373803044543, 1.583996660878447704, 34.01571204165747275 ) ) ;
#1780 = CARTESIAN_POINT ( 'NONE',  ( 3.175000000000001155, -2.286000000000000032, -19.55000000000000071 ) ) ;
#1781 = DIRECTION ( 'NONE',  ( -0.000000000000000000, -1.000000000000000000, -2.275047181608927447E-15 ) ) ;
#1782 = DIRECTION ( 'NONE',  ( 0.000000000000000000, 0.000000000000000000, -1.000000000000000000 ) ) ;
#1783 = CARTESIAN_POINT ( 'NONE',  ( 45.74483086536058352, 2.790999917990657497, -1.597190859398250895 ) ) ;
#1784 = CARTESIAN_POINT ( 'NONE',  ( 19.75579855073758040, 3.767705721093217885, 10.79611468571126842 ) ) ;
#1785 = ORIENTED_EDGE ( 'NONE', *, *, #8281, .F. ) ;
#1786 = CIRCLE ( 'NONE', #3152, 0.5000000000000004441 ) ;
#1787 = CARTESIAN_POINT ( 'NONE',  ( 29.69041879807177864, 3.104378807355045566, 14.35897338581724014 ) ) ;
#1788 = CARTESIAN_POINT ( 'NONE',  ( 38.84662936066330730, 2.382546329698953080, -3.691075091149308207 ) ) ;
#1789 = CYLINDRICAL_SURFACE ( 'NONE', #8222, 5.200000000000000178 ) ;
#1790 = CARTESIAN_POINT ( 'NONE',  ( 1.424381966763634821, 1.891567154239746085, -23.29990351829274786 ) ) ;
#1791 = CARTESIAN_POINT ( 'NONE',  ( -5.277107566322253973, 3.145073660844205587, -24.86449753302769139 ) ) ;
#1792 = VECTOR ( 'NONE', #811, 1000.000000000000000 ) ;
#1793 = EDGE_LOOP ( 'NONE', ( #4450, #8295, #8526, #486 ) ) ;
#1794 = VECTOR ( 'NONE', #3209, 1000.000000000000000 ) ;
#1795 = CARTESIAN_POINT ( 'NONE',  ( 0.000000000000000000, -2.286000000000000032, 35.75000000000000711 ) ) ;
#1796 = FACE_OUTER_BOUND ( 'NONE', #9503, .T. ) ;
#1797 = LINE ( 'NONE', #3386, #7509 ) ;
#1798 = CARTESIAN_POINT ( 'NONE',  ( -4.392655645081107174, 2.782963443600924958, -25.20976741711136171 ) ) ;
#1799 = EDGE_LOOP ( 'NONE', ( #5585, #2150, #2853, #8106 ) ) ;
#1800 = DIRECTION ( 'NONE',  ( 0.000000000000000000, -1.000000000000000000, 0.000000000000000000 ) ) ;
#1801 = DIRECTION ( 'NONE',  ( 0.000000000000000000, -1.000000000000000000, 0.000000000000000000 ) ) ;
#1802 = AXIS2_PLACEMENT_3D ( 'NONE', #5550, #4517, #1521 ) ;
#1803 = AXIS2_PLACEMENT_3D ( 'NONE', #8829, #6243, #675 ) ;
#1804 = CARTESIAN_POINT ( 'NONE',  ( 42.62838698765575174, 1.661986663886078741, -5.411692116005633935 ) ) ;
#1805 = CARTESIAN_POINT ( 'NONE',  ( 17.84273276247173001, 3.049999999999989164, 25.90663257622413695 ) ) ;
#1806 = CARTESIAN_POINT ( 'NONE',  ( 20.99478290379929390, 6.090803704843137822, 0.3193837612396970838 ) ) ;
#1807 = CARTESIAN_POINT ( 'NONE',  ( 5.199999999999560529, 2.697054916766524535, -19.55000000000000426 ) ) ;
#1808 = EDGE_LOOP ( 'NONE', ( #9775, #816, #316, #6830, #1028, #8456 ) ) ;
#1809 = EDGE_LOOP ( 'NONE', ( #9291, #2698, #1772, #6934 ) ) ;
#1810 = ORIENTED_EDGE ( 'NONE', *, *, #4379, .F. ) ;
#1811 = VERTEX_POINT ( 'NONE', #1384 ) ;
#1812 = CIRCLE ( 'NONE', #6402, 2.000000000000001776 ) ;
#1813 = VECTOR ( 'NONE', #2064, 1000.000000000000000 ) ;
#1814 = CARTESIAN_POINT ( 'NONE',  ( 44.30000000000001847, -0.5591666666602185254, -4.703825081493959281 ) ) ;
#1815 = CYLINDRICAL_SURFACE ( 'NONE', #7727, 1.000000000000000888 ) ;
#1816 = B_SPLINE_CURVE_WITH_KNOTS ( 'NONE', 3,
 ( #3170, #4111, #9729, #1727 ),
 .UNSPECIFIED., .F., .F.,
 ( 4, 4 ),
 ( 0.8747540983606557630, 1.000000000000000000 ),
 .UNSPECIFIED. ) ;
#1817 = CARTESIAN_POINT ( 'NONE',  ( 12.70000000000200124, 3.049999999999999822, 25.25000000000000000 ) ) ;
#1818 = CARTESIAN_POINT ( 'NONE',  ( -0.8890000000000000124, 3.174999999999990052, -6.349999999999999645 ) ) ;
#1819 = CARTESIAN_POINT ( 'NONE',  ( 34.74247666849277039, 2.072137443258686318, 22.02652047393047852 ) ) ;
#1820 = CARTESIAN_POINT ( 'NONE',  ( -4.700000000013915269, 4.880441712109890418, -13.84999999999999787 ) ) ;
#1821 = VECTOR ( 'NONE', #3434, 1000.000000000000000 ) ;
#1822 = EDGE_CURVE ( 'NONE', #8723, #4116, #14, .T. ) ;
#1823 = ORIENTED_EDGE ( 'NONE', *, *, #1226, .T. ) ;
#1824 = ORIENTED_EDGE ( 'NONE', *, *, #5853, .F. ) ;
#1825 = VERTEX_POINT ( 'NONE', #9646 ) ;
#1826 = EDGE_CURVE ( 'NONE', #4116, #4247, #6486, .T. ) ;
#1827 = CARTESIAN_POINT ( 'NONE',  ( 43.94885766656054216, 1.548138483870662663, 6.873392509380712667 ) ) ;
#1828 = CARTESIAN_POINT ( 'NONE',  ( -4.700000000000000178, 3.924999999999986500, -0.7499999999999992228 ) ) ;
#1829 = CARTESIAN_POINT ( 'NONE',  ( 34.79407701662811547, 1.575197966264297422, 21.90044223003207335 ) ) ;
#1830 = CYLINDRICAL_SURFACE ( 'NONE', #389, 2.100000000000000977 ) ;
#1831 = CARTESIAN_POINT ( 'NONE',  ( 44.29999863751692146, 1.479298300483664397, -4.321872415654311794 ) ) ;
#1832 = LINE ( 'NONE', #240, #7850 ) ;
#1833 = DIRECTION ( 'NONE',  ( 0.000000000000000000, 1.000000000000000000, 0.000000000000000000 ) ) ;
#1834 = CARTESIAN_POINT ( 'NONE',  ( 16.41383800280208050, 2.764032775315148793, 16.75363476926994366 ) ) ;
#1835 = EDGE_CURVE ( 'NONE', #4089, #8021, #752, .T. ) ;
#1836 = DIRECTION ( 'NONE',  ( 0.000000000000000000, 0.000000000000000000, -1.000000000000000000 ) ) ;
#1837 = EDGE_CURVE ( 'NONE', #9004, #4572, #9372, .T. ) ;
#1838 = CARTESIAN_POINT ( 'NONE',  ( 18.97944261582881964, 4.009828204595157430, 12.45043438161173555 ) ) ;
#1839 = CARTESIAN_POINT ( 'NONE',  ( 16.23257766066656771, 5.257642605700359795, 4.449527550046966873 ) ) ;
#1840 = FACE_OUTER_BOUND ( 'NONE', #6248, .T. ) ;
#1841 = CARTESIAN_POINT ( 'NONE',  ( 3.341513832525269567, 2.085594572112779321, -22.29178707606680376 ) ) ;
#1842 = ORIENTED_EDGE ( 'NONE', *, *, #4154, .F. ) ;
#1843 = CARTESIAN_POINT ( 'NONE',  ( -4.512124943251010656, 3.715530932945651621, -16.42825572994888006 ) ) ;
#1844 = CARTESIAN_POINT ( 'NONE',  ( 0.000000000000000000, 2.286000000000000032, 35.75000000000000711 ) ) ;
#1845 = CARTESIAN_POINT ( 'NONE',  ( -0.8889999999999979030, 7.230002642130878066, 2.252194598759539979 ) ) ;
#1846 = CARTESIAN_POINT ( 'NONE',  ( 23.81007944967916501, 2.286000000000014243, 30.13899233546690226 ) ) ;
#1847 = PLANE ( 'NONE',  #10392 ) ;
#1848 = DIRECTION ( 'NONE',  ( -0.000000000000000000, 1.000000000000000000, -0.000000000000000000 ) ) ;
#1849 = LINE ( 'NONE', #5841, #2634 ) ;
#1850 = CARTESIAN_POINT ( 'NONE',  ( 24.43778433862193467, 2.285999999999996923, 30.60786031107136651 ) ) ;
#1851 = CARTESIAN_POINT ( 'NONE',  ( 2.293882522371336830, 2.047412448569299936, 23.07732763349758898 ) ) ;
#1852 = DIRECTION ( 'NONE',  ( 0.000000000000000000, 1.000000000000000000, 0.000000000000000000 ) ) ;
#1853 = ORIENTED_EDGE ( 'NONE', *, *, #1692, .T. ) ;
#1854 = ORIENTED_EDGE ( 'NONE', *, *, #7014, .T. ) ;
#1855 = B_SPLINE_CURVE_WITH_KNOTS ( 'NONE', 3,
 ( #810, #4240, #7465, #208, #9248, #3638 ),
 .UNSPECIFIED., .F., .F.,
 ( 4, 2, 4 ),
 ( 0.001532009545483033718, 0.01311407281500006489, 0.02469613608451709519 ),
 .UNSPECIFIED. ) ;
#1856 = ORIENTED_EDGE ( 'NONE', *, *, #7825, .F. ) ;
#1857 = VERTEX_POINT ( 'NONE', #3144 ) ;
#1858 = CARTESIAN_POINT ( 'NONE',  ( 44.30000000000001847, 1.118333333322920842, -4.324721006937595646 ) ) ;
#1859 = DIRECTION ( 'NONE',  ( 0.000000000000000000, 0.000000000000000000, -1.000000000000000000 ) ) ;
#1860 = PLANE ( 'NONE',  #10024 ) ;
#1861 = LINE ( 'NONE', #7731, #7836 ) ;
#1862 = CARTESIAN_POINT ( 'NONE',  ( 15.40619981263400717, 5.571686504509334448, 3.226891176296057484 ) ) ;
#1863 = CARTESIAN_POINT ( 'NONE',  ( 26.58008138277686072, 1.848797049479537158, -17.80099238066550882 ) ) ;
#1864 = EDGE_CURVE ( 'NONE', #6097, #9949, #5527, .T. ) ;
#1865 = CARTESIAN_POINT ( 'NONE',  ( 42.77397066270359716, 3.429108155194686702, 0.4913559335431923469 ) ) ;
#1866 = ORIENTED_EDGE ( 'NONE', *, *, #8023, .F. ) ;
#1867 = VERTEX_POINT ( 'NONE', #6678 ) ;
#1868 = ORIENTED_EDGE ( 'NONE', *, *, #2267, .T. ) ;
#1869 = CARTESIAN_POINT ( 'NONE',  ( 13.93995609680749403, 6.552405887697125841, -1.247516994742980057 ) ) ;
#1870 = CARTESIAN_POINT ( 'NONE',  ( 5.175905717843014564, 2.698047546120090345, -19.54999999999999005 ) ) ;
#1871 = CARTESIAN_POINT ( 'NONE',  ( 22.91326511503456231, 1.721215890936532045, 26.27074515804848431 ) ) ;
#1872 = CARTESIAN_POINT ( 'NONE',  ( 32.12299493312965382, 3.061075395543187305, 35.75000000000252953 ) ) ;
#1873 = ADVANCED_FACE ( 'NONE', ( #4241 ), #9757, .T. ) ;
#1874 = DIRECTION ( 'NONE',  ( 0.000000000000000000, 0.000000000000000000, -1.000000000000000000 ) ) ;
#1875 = CARTESIAN_POINT ( 'NONE',  ( 5.143516556418887858E-16, 9.402733490373224257, -14.84999999999999787 ) ) ;
#1876 = CARTESIAN_POINT ( 'NONE',  ( 17.71150881473286987, 5.139943592980376508, 4.414570033321181697 ) ) ;
#1877 = EDGE_CURVE ( 'NONE', #1163, #9920, #1849, .T. ) ;
#1878 = CARTESIAN_POINT ( 'NONE',  ( -4.700000000000000178, 2.424999999999986500, -12.35000000000000142 ) ) ;
#1879 = B_SPLINE_CURVE_WITH_KNOTS ( 'NONE', 3,
 ( #6203, #2269, #10199, #9352, #4596, #6144, #2957, #6367, #4658, #9417 ),
 .UNSPECIFIED., .F., .F.,
 ( 4, 2, 2, 2, 4 ),
 ( 0.0004922877420793851351, 0.001020646026555254793, 0.001549004311031124560, 0.002077362595506994109, 0.002605720879982863659 ),
 .UNSPECIFIED. ) ;
#1880 = EDGE_CURVE ( 'NONE', #7182, #7241, #9003, .T. ) ;
#1881 = CARTESIAN_POINT ( 'NONE',  ( 15.52624262901935737, 1.751921529016011059, 24.23963898414870144 ) ) ;
#1882 = CARTESIAN_POINT ( 'NONE',  ( 39.09999999999666898, 2.409972033551343706, -3.072673005397726254 ) ) ;
#1883 = CARTESIAN_POINT ( 'NONE',  ( 45.70395206020201329, 2.896354929486091301, -4.684896618553890946 ) ) ;
#1884 = EDGE_CURVE ( 'NONE', #2012, #4190, #3440, .T. ) ;
#1885 = LINE ( 'NONE', #5971, #5877 ) ;
#1886 = EDGE_CURVE ( 'NONE', #10261, #981, #1010, .T. ) ;
#1887 = ORIENTED_EDGE ( 'NONE', *, *, #1717, .F. ) ;
#1888 = CARTESIAN_POINT ( 'NONE',  ( 38.09999999999620002, 2.091351009063584510, -3.000601837329196719 ) ) ;
#1889 = EDGE_CURVE ( 'NONE', #6687, #8761, #903, .T. ) ;
#1890 = CARTESIAN_POINT ( 'NONE',  ( -4.700000000000000178, 7.260776692377639563, -8.483338782169035142 ) ) ;
#1891 = CARTESIAN_POINT ( 'NONE',  ( -1.899818364460594378, 4.334985210662634536, -13.84999999999998721 ) ) ;
#1892 = CARTESIAN_POINT ( 'NONE',  ( 22.00753717047543034, 2.285999999999983601, 28.99224012255024263 ) ) ;
#1893 = DIRECTION ( 'NONE',  ( 1.000000000000000000, 0.000000000000000000, 0.000000000000000000 ) ) ;
#1894 = CARTESIAN_POINT ( 'NONE',  ( 39.09999999999683951, 1.911087988999043752, -2.961105518569809636 ) ) ;
#1895 = VECTOR ( 'NONE', #3013, 1000.000000000000000 ) ;
#1896 = CARTESIAN_POINT ( 'NONE',  ( 29.71123746358342999, 3.049999999999998046, 34.37727650571154925 ) ) ;
#1897 = CARTESIAN_POINT ( 'NONE',  ( 15.79996462213204644, 2.286000000000075083, 26.82202076029939875 ) ) ;
#1898 = CARTESIAN_POINT ( 'NONE',  ( -6.200000000000000178, 3.174999999999990052, -10.31400000000000361 ) ) ;
#1899 = CARTESIAN_POINT ( 'NONE',  ( 5.200000000000001066, -2.286000000026433554, -19.05000000000000071 ) ) ;
#1900 = ORIENTED_EDGE ( 'NONE', *, *, #677, .F. ) ;
#1901 = VERTEX_POINT ( 'NONE', #9897 ) ;
#1902 = VERTEX_POINT ( 'NONE', #8147 ) ;
#1903 = VERTEX_POINT ( 'NONE', #1057 ) ;
#1904 = CIRCLE ( 'NONE', #2590, 3.224999999999998757 ) ;
#1905 = CARTESIAN_POINT ( 'NONE',  ( 14.72005140847410942, 5.993393159623918720, -1.100000000000561418 ) ) ;
#1906 = CARTESIAN_POINT ( 'NONE',  ( 18.56183536933039591, 5.603703583439680891, -1.100000000000588951 ) ) ;
#1907 = CARTESIAN_POINT ( 'NONE',  ( 21.55215652437388130, 3.049999999999901235, 27.26492529653524599 ) ) ;
#1908 = FACE_OUTER_BOUND ( 'NONE', #5269, .T. ) ;
#1909 = EDGE_LOOP ( 'NONE', ( #1499, #1207, #9806, #5399 ) ) ;
#1910 = B_SPLINE_CURVE_WITH_KNOTS ( 'NONE', 3,
 ( #9727, #8718, #3219, #3106, #6512, #2466, #1578, #6292, #3904, #6464, #8932, #4014, #9670, #7131, #9567, #4702, #5657, #1677, #9508, #8027, #721, #2248 ),
 .UNSPECIFIED., .F., .F.,
 ( 4, 2, 2, 2, 2, 2, 2, 2, 2, 2, 4 ),
 ( 8.136139752013646303E-16, 0.001233174019138319043, 0.001849761028707076543, 0.002466348038275834043, 0.003699522057413349909, 0.004932696076550865776, 0.006165870095688381208, 0.006782457105257138491, 0.007399044114825898376, 0.008632218133963417278, 0.009865392153100935313 ),
 .UNSPECIFIED. ) ;
#1911 = AXIS2_PLACEMENT_3D ( 'NONE', #10391, #6450, #3776 ) ;
#1912 = LINE ( 'NONE', #1124, #8510 ) ;
#1913 = CARTESIAN_POINT ( 'NONE',  ( -2.894850292995468699, 2.659759964327629511, -25.18192657176916427 ) ) ;
#1914 = CARTESIAN_POINT ( 'NONE',  ( 29.62546225982116965, -2.286000000000000032, 34.25001626411468436 ) ) ;
#1915 = VECTOR ( 'NONE', #2752, 1000.000000000000000 ) ;
#1916 = ORIENTED_EDGE ( 'NONE', *, *, #1173, .F. ) ;
#1917 = ORIENTED_EDGE ( 'NONE', *, *, #6985, .F. ) ;
#1918 = ORIENTED_EDGE ( 'NONE', *, *, #1641, .F. ) ;
#1919 = AXIS2_PLACEMENT_3D ( 'NONE', #8185, #8083, #8785 ) ;
#1920 = ORIENTED_EDGE ( 'NONE', *, *, #8291, .T. ) ;
#1921 = CARTESIAN_POINT ( 'NONE',  ( 43.15736137647036941, 1.711205168171660684, 12.07660861243468453 ) ) ;
#1922 = CARTESIAN_POINT ( 'NONE',  ( 13.42670898788522038, 6.011517453391738819, -1.561504040802385029 ) ) ;
#1923 = CARTESIAN_POINT ( 'NONE',  ( -3.961000000000000298, 2.424999999999986944, 2.726810797105496675 ) ) ;
#1924 = CARTESIAN_POINT ( 'NONE',  ( 10.38435538331219554, 3.052584894237436508, -16.98623112774832578 ) ) ;
#1925 = VECTOR ( 'NONE', #4302, 1000.000000000000000 ) ;
#1926 = PLANE ( 'NONE',  #2773 ) ;
#1927 = CARTESIAN_POINT ( 'NONE',  ( 15.27060379597426198, -2.286000000000000032, 29.88650298521228521 ) ) ;
#1928 = CARTESIAN_POINT ( 'NONE',  ( 15.91571124561276207, 2.785920228483279804, 16.72840683521244287 ) ) ;
#1929 = AXIS2_PLACEMENT_3D ( 'NONE', #4289, #6828, #2744 ) ;
#1930 = DIRECTION ( 'NONE',  ( 0.000000000000000000, -1.000000000000000000, -0.000000000000000000 ) ) ;
#1931 = VECTOR ( 'NONE', #5225, 1000.000000000000000 ) ;
#1932 = ADVANCED_FACE ( 'NONE', ( #9945 ), #5078, .F. ) ;
#1933 = CC_DESIGN_PERSON_AND_ORGANIZATION_ASSIGNMENT ( #3046, #7180, ( #9880 ) ) ;
#1934 = CC_DESIGN_SECURITY_CLASSIFICATION ( #5501, ( #9880 ) ) ;
#1935 = CARTESIAN_POINT ( 'NONE',  ( 16.56028972344424588, 5.846066869754653617, 3.986198694931232911 ) ) ;
#1936 = CARTESIAN_POINT ( 'NONE',  ( 28.63897919176810092, 0.7859999999999998099, 32.88131857261166147 ) ) ;
#1937 = VECTOR ( 'NONE', #7115, 1000.000000000000000 ) ;
#1938 = CARTESIAN_POINT ( 'NONE',  ( 43.38611207263629410, 3.139868179204403642, -4.348013875386230964 ) ) ;
#1939 = LINE ( 'NONE', #6812, #1473 ) ;
#1940 = ADVANCED_FACE ( 'NONE', ( #3492 ), #8955, .F. ) ;
#1941 = CARTESIAN_POINT ( 'NONE',  ( 33.67745888181266878, 3.820861538349574538, 2.174999999999982947 ) ) ;
#1942 = EDGE_LOOP ( 'NONE', ( #5690, #9041, #1373, #5241 ) ) ;
#1943 = CARTESIAN_POINT ( 'NONE',  ( 32.74937411768479478, 2.904336868056454080, -3.918358449560671808 ) ) ;
#1944 = EDGE_CURVE ( 'NONE', #7052, #4046, #4137, .T. ) ;
#1945 = CARTESIAN_POINT ( 'NONE',  ( 20.16325504235057409, 1.873173100629329291, 24.73863309098717167 ) ) ;
#1946 = DIRECTION ( 'NONE',  ( 0.000000000000000000, -1.000000000000000000, -0.000000000000000000 ) ) ;
#1947 = CARTESIAN_POINT ( 'NONE',  ( 25.19050633890156377, 2.286000000000069310, 31.22594192539011004 ) ) ;
#1948 = LINE ( 'NONE', #7514, #4642 ) ;
#1949 = CARTESIAN_POINT ( 'NONE',  ( 0.000000000000000000, 2.286000000000000032, 19.05000000000000071 ) ) ;
#1950 = CARTESIAN_POINT ( 'NONE',  ( -4.736584885871810258, 2.554558100542370536, -21.05165565914579773 ) ) ;
#1951 = CARTESIAN_POINT ( 'NONE',  ( 26.85335662633669429, 2.286000000000009802, 32.84640759116420128 ) ) ;
#1952 = CARTESIAN_POINT ( 'NONE',  ( 12.69999999999999929, 0.7859999999999998099, 31.75000000000000000 ) ) ;
#1953 = AXIS2_PLACEMENT_3D ( 'NONE', #859, #1749, #5786 ) ;
#1954 = CARTESIAN_POINT ( 'NONE',  ( 42.80000000000000426, -3.049999999999999822, -5.034648370084322089 ) ) ;
#1955 = VECTOR ( 'NONE', #4164, 1000.000000000000000 ) ;
#1956 = ADVANCED_FACE ( 'NONE', ( #5686 ), #7366, .F. ) ;
#1957 = ORIENTED_EDGE ( 'NONE', *, *, #6231, .F. ) ;
#1958 = ORIENTED_EDGE ( 'NONE', *, *, #9792, .T. ) ;
#1959 = ORIENTED_EDGE ( 'NONE', *, *, #7401, .F. ) ;
#1960 = ORIENTED_EDGE ( 'NONE', *, *, #8938, .F. ) ;
#1961 = LINE ( 'NONE', #7670, #3769 ) ;
#1962 = CARTESIAN_POINT ( 'NONE',  ( 33.81806392189821509, 3.212353309806768920, -1.100000000000697531 ) ) ;
#1963 = CARTESIAN_POINT ( 'NONE',  ( 14.36953546381878333, 3.049999999999971401, 25.30118137435887959 ) ) ;
#1964 = CARTESIAN_POINT ( 'NONE',  ( -4.190282789238657379, 2.392863361009181400, 21.72959286838722903 ) ) ;
#1965 = ORIENTED_EDGE ( 'NONE', *, *, #8485, .T. ) ;
#1966 = VECTOR ( 'NONE', #10003, 1000.000000000000000 ) ;
#1967 = CARTESIAN_POINT ( 'NONE',  ( 15.78945601119304598, 5.630823867058539989, 2.742850952091049788 ) ) ;
#1968 = CARTESIAN_POINT ( 'NONE',  ( 42.12893903844525312, 1.290888386192580395, -7.805866130328234398 ) ) ;
#1969 = CARTESIAN_POINT ( 'NONE',  ( 43.94683739869235239, 2.990869416452237139, -5.705762695399296369 ) ) ;
#1970 = LINE ( 'NONE', #3510, #5723 ) ;
#1971 = EDGE_LOOP ( 'NONE', ( #7989, #1544, #6095, #9864, #1523, #9494, #4847, #6221 ) ) ;
#1972 = VECTOR ( 'NONE', #3562, 1000.000000000000000 ) ;
#1973 = VERTEX_POINT ( 'NONE', #4193 ) ;
#1974 = VECTOR ( 'NONE', #6804, 1000.000000000000000 ) ;
#1975 = ORIENTED_EDGE ( 'NONE', *, *, #6299, .T. ) ;
#1976 = CARTESIAN_POINT ( 'NONE',  ( 38.20475989761290236, 2.367554016107031423, 2.616874099846704826 ) ) ;
#1977 = CARTESIAN_POINT ( 'NONE',  ( 10.83650298521228450, 500000.0000000000582, 29.17939620402573908 ) ) ;
#1978 = CARTESIAN_POINT ( 'NONE',  ( 0.000000000000000000, 2.286000000000000032, 19.05000000000000071 ) ) ;
#1979 = LINE ( 'NONE', #4362, #6336 ) ;
#1980 = DIRECTION ( 'NONE',  ( -0.000000000000000000, 1.000000000000000000, -0.000000000000000000 ) ) ;
#1981 = CARTESIAN_POINT ( 'NONE',  ( 0.000000000000000000, -3.049999999999999822, 19.05000000000000071 ) ) ;
#1982 = CARTESIAN_POINT ( 'NONE',  ( 16.93178620310495575, 3.975201453616693748, 10.63818391218748616 ) ) ;
#1983 = MECHANICAL_CONTEXT ( 'NONE', #7575, 'mechanical' ) ;
#1984 = VERTEX_POINT ( 'NONE', #957 ) ;
#1985 = CARTESIAN_POINT ( 'NONE',  ( 14.52390771355146626, 2.576593536543552165, 20.35777965646244425 ) ) ;
#1986 = DIRECTION ( 'NONE',  ( -1.000000000000000000, 0.000000000000000000, 0.000000000000000000 ) ) ;
#1987 = CARTESIAN_POINT ( 'NONE',  ( 39.67615981526481761, 3.310779034237333107, -7.672336989872365010 ) ) ;
#1988 = CARTESIAN_POINT ( 'NONE',  ( 3.135382751754560271, 0.7859999999999998099, 31.25000000000000000 ) ) ;
#1989 = EDGE_CURVE ( 'NONE', #2745, #899, #1295, .T. ) ;
#1990 = ORIENTED_EDGE ( 'NONE', *, *, #4048, .T. ) ;
#1991 = ORIENTED_EDGE ( 'NONE', *, *, #5584, .T. ) ;
#1992 = CARTESIAN_POINT ( 'NONE',  ( 34.07181446612506193, 2.717837062013559901, -3.684026557904422461 ) ) ;
#1993 = CARTESIAN_POINT ( 'NONE',  ( 33.81732357621987717, 3.660298201867410839, 21.64763226035794119 ) ) ;
#1994 = CARTESIAN_POINT ( 'NONE',  ( 31.68579669920319830, -3.049999999999999822, 34.25000000000000000 ) ) ;
#1995 = CARTESIAN_POINT ( 'NONE',  ( 18.63533012752798612, 2.286000000000005805, 27.51788177296847593 ) ) ;
#1996 = ADVANCED_FACE ( 'NONE', ( #3347 ), #6585, .T. ) ;
#1997 = DIRECTION ( 'NONE',  ( 0.000000000000000000, 0.000000000000000000, -1.000000000000000000 ) ) ;
#1998 = CARTESIAN_POINT ( 'NONE',  ( -4.200000000000009948, 1.882343667452188729, 23.75000000000001421 ) ) ;
#1999 = CARTESIAN_POINT ( 'NONE',  ( -0.5253346319751500682, 2.544413408171783963, -20.87179407875299120 ) ) ;
#2000 = CARTESIAN_POINT ( 'NONE',  ( 16.56284008621289416, 2.285999999999954291, 26.96343594570909730 ) ) ;
#2001 = CARTESIAN_POINT ( 'NONE',  ( 42.78712593675069797, 3.435606679376971062, -1.046682149804968542 ) ) ;
#2002 = CARTESIAN_POINT ( 'NONE',  ( -4.700000000000044587, 2.555791633642385374, 21.08033651697926203 ) ) ;
#2003 = EDGE_CURVE ( 'NONE', #2380, #8652, #9801, .T. ) ;
#2004 = ORIENTED_EDGE ( 'NONE', *, *, #6859, .T. ) ;
#2005 = EDGE_LOOP ( 'NONE', ( #2555, #7388, #7092, #4402 ) ) ;
#2006 = LINE ( 'NONE', #5170, #4170 ) ;
#2007 = VERTEX_POINT ( 'NONE', #8997 ) ;
#2008 = LINE ( 'NONE', #5286, #6141 ) ;
#2009 = CARTESIAN_POINT ( 'NONE',  ( -2.389000000000000234, 3.174999999999990052, -6.349999999999999645 ) ) ;
#2010 = DIRECTION ( 'NONE',  ( 0.000000000000000000, -1.000000000000000000, -3.448954456052295927E-16 ) ) ;
#2011 = CARTESIAN_POINT ( 'NONE',  ( -4.699999999999999289, -3.049999999999999822, -23.21895964886241259 ) ) ;
#2012 = VERTEX_POINT ( 'NONE', #166 ) ;
#2013 = EDGE_CURVE ( 'NONE', #9419, #2552, #6632, .T. ) ;
#2014 = CARTESIAN_POINT ( 'NONE',  ( 0.000000000000000000, 2.286000000000000032, -19.05000000000000071 ) ) ;
#2015 = DIRECTION ( 'NONE',  ( -1.000000000000000000, 0.000000000000000000, 0.000000000000000000 ) ) ;
#2016 = CARTESIAN_POINT ( 'NONE',  ( 8.303564821522957828, 3.347690519855314850, -14.19827888585948372 ) ) ;
#2017 = CARTESIAN_POINT ( 'NONE',  ( 9.158202081250770732, 4.953880666623605933, -15.86247131070958538 ) ) ;
#2018 = EDGE_CURVE ( 'NONE', #981, #4033, #9249, .T. ) ;
#2019 = ORIENTED_EDGE ( 'NONE', *, *, #9596, .T. ) ;
#2020 = ORIENTED_EDGE ( 'NONE', *, *, #3200, .T. ) ;
#2021 = VERTEX_POINT ( 'NONE', #1105 ) ;
#2022 = ORIENTED_EDGE ( 'NONE', *, *, #5237, .F. ) ;
#2023 = DIRECTION ( 'NONE',  ( 0.000000000000000000, 0.000000000000000000, 1.000000000000000000 ) ) ;
#2024 = CARTESIAN_POINT ( 'NONE',  ( 15.86970972465995899, 2.792508780196325535, -16.49167633067851568 ) ) ;
#2025 = CARTESIAN_POINT ( 'NONE',  ( 36.94342130321677331, 3.156799611979030917, 2.174999999999983391 ) ) ;
#2026 = FACE_OUTER_BOUND ( 'NONE', #4985, .T. ) ;
#2027 = ADVANCED_FACE ( 'NONE', ( #2741 ), #2693, .F. ) ;
#2028 = CARTESIAN_POINT ( 'NONE',  ( 44.30000000000002558, -1.957083333333287323, -4.960753661835383355 ) ) ;
#2029 = CARTESIAN_POINT ( 'NONE',  ( 32.51909110275907011, 2.160259742879588885, 22.04854638691156055 ) ) ;
#2030 = CARTESIAN_POINT ( 'NONE',  ( 15.78549853428815730, 3.422829712751397135, 13.69189132269508313 ) ) ;
#2031 = DIRECTION ( 'NONE',  ( 0.000000000000000000, -1.643598451783743867E-10, 1.000000000000000000 ) ) ;
#2032 = ORIENTED_EDGE ( 'NONE', *, *, #7976, .T. ) ;
#2033 = ORIENTED_EDGE ( 'NONE', *, *, #277, .T. ) ;
#2034 = CARTESIAN_POINT ( 'NONE',  ( -0.5000000000000000000, 500000.0000000000582, -13.87409428215698881 ) ) ;
#2035 = CARTESIAN_POINT ( 'NONE',  ( 18.25038268446161283, 4.881544716299260678, 8.266478651549492795 ) ) ;
#2036 = CARTESIAN_POINT ( 'NONE',  ( 0.5000000000000004441, 1.136000000000000343, 19.05000000000000071 ) ) ;
#2037 = CARTESIAN_POINT ( 'NONE',  ( 43.99059554197229716, 3.085322208939682120, -3.765128296442206590 ) ) ;
#2038 = CARTESIAN_POINT ( 'NONE',  ( -0.000000000000000000, -3.049999999999999822, -19.05000000000000071 ) ) ;
#2039 = ORIENTED_EDGE ( 'NONE', *, *, #8890, .F. ) ;
#2040 = ORIENTED_EDGE ( 'NONE', *, *, #5832, .F. ) ;
#2041 = CYLINDRICAL_SURFACE ( 'NONE', #1588, 3.174999999999997158 ) ;
#2042 = FACE_OUTER_BOUND ( 'NONE', #706, .T. ) ;
#2043 = CARTESIAN_POINT ( 'NONE',  ( -5.028909349874126633, 3.059844130192708622, -25.03910453379379319 ) ) ;
#2044 = DIRECTION ( 'NONE',  ( 0.000000000000000000, -1.000000000000000000, -0.000000000000000000 ) ) ;
#2045 = CARTESIAN_POINT ( 'NONE',  ( 6.200000000000004619, 2.250268589952951537, 22.18373937207465829 ) ) ;
#2046 = CARTESIAN_POINT ( 'NONE',  ( 29.79572782671668207, 3.049999999999999822, 34.50568353940136035 ) ) ;
#2047 = CARTESIAN_POINT ( 'NONE',  ( 3.135382751754560271, 500000.0000000000582, 32.25000000000000000 ) ) ;
#2048 = CARTESIAN_POINT ( 'NONE',  ( 0.000000000000000000, 1.136000000000000343, -19.05000000000000071 ) ) ;
#2049 = CARTESIAN_POINT ( 'NONE',  ( 16.87067494667931200, 6.809122355731112464, 6.684571354321557024 ) ) ;
#2050 = EDGE_LOOP ( 'NONE', ( #1853, #1612, #7666, #9068 ) ) ;
#2051 = ORIENTED_EDGE ( 'NONE', *, *, #3300, .T. ) ;
#2052 = ORIENTED_EDGE ( 'NONE', *, *, #4229, .F. ) ;
#2053 = EDGE_CURVE ( 'NONE', #4598, #8683, #7876, .T. ) ;
#2054 = ORIENTED_EDGE ( 'NONE', *, *, #9195, .T. ) ;
#2055 = CARTESIAN_POINT ( 'NONE',  ( 20.99333583098146860, -1.016666666666666385, 25.25000000000000355 ) ) ;
#2056 = LINE ( 'NONE', #579, #2999 ) ;
#2057 = CARTESIAN_POINT ( 'NONE',  ( 0.000000000000000000, 2.286000000000000032, 31.75000000000000000 ) ) ;
#2058 = CARTESIAN_POINT ( 'NONE',  ( -2.521884585763283670, 2.079996472108357697, 22.97139460852583071 ) ) ;
#2059 = VERTEX_POINT ( 'NONE', #9989 ) ;
#2060 = APPROVAL ( #10398, 'UNSPECIFIED' ) ;
#2061 = DIRECTION ( 'NONE',  ( 0.000000000000000000, 1.000000000000000000, 0.000000000000000000 ) ) ;
#2062 = CARTESIAN_POINT ( 'NONE',  ( 1.889171564547632576, 3.547237360213015833, -22.81135943707548108 ) ) ;
#2063 = CARTESIAN_POINT ( 'NONE',  ( 44.03768840609053825, 2.991915380415097303, -5.487760901625203580 ) ) ;
#2064 = DIRECTION ( 'NONE',  ( 0.000000000000000000, -1.000000000000000000, 0.000000000000000000 ) ) ;
#2065 = VERTEX_POINT ( 'NONE', #409 ) ;
#2066 = EDGE_LOOP ( 'NONE', ( #8857, #2710 ) ) ;
#2067 = VECTOR ( 'NONE', #7325, 1000.000000000000000 ) ;
#2068 = VERTEX_POINT ( 'NONE', #9198 ) ;
#2069 = EDGE_CURVE ( 'NONE', #6224, #965, #7766, .T. ) ;
#2070 = VERTEX_POINT ( 'NONE', #7610 ) ;
#2071 = CARTESIAN_POINT ( 'NONE',  ( 30.51367430595279373, 3.049999999999999822, 35.69230338065007402 ) ) ;
#2072 = CARTESIAN_POINT ( 'NONE',  ( 13.67343692302445746, 6.027826216653846991, -1.392802229620756505 ) ) ;
#2073 = DIRECTION ( 'NONE',  ( 0.000000000000000000, -1.000000000000000000, 0.000000000000000000 ) ) ;
#2074 = CARTESIAN_POINT ( 'NONE',  ( 42.80000000000000426, -1.396551213416160842, 12.13083899229904183 ) ) ;
#2075 = ADVANCED_FACE ( 'NONE', ( #3690 ), #10340, .F. ) ;
#2076 = CARTESIAN_POINT ( 'NONE',  ( 12.69999999999998863, -3.049999999999999822, 25.25000000000000000 ) ) ;
#2077 = CIRCLE ( 'NONE', #8005, 3.174999999999997158 ) ;
#2078 = CARTESIAN_POINT ( 'NONE',  ( -6.199999999999984190, 2.756547563649971000, -26.41687779808476932 ) ) ;
#2079 = B_SPLINE_CURVE_WITH_KNOTS ( 'NONE', 3,
 ( #8779, #7970, #723, #10404 ),
 .UNSPECIFIED., .F., .F.,
 ( 4, 4 ),
 ( 0.000000000000000000, 0.001133050537686599701 ),
 .UNSPECIFIED. ) ;
#2080 = DIRECTION ( 'NONE',  ( 0.000000000000000000, 0.000000000000000000, -1.000000000000000000 ) ) ;
#2081 = AXIS2_PLACEMENT_3D ( 'NONE', #7978, #3966, #679 ) ;
#2082 = ORIENTED_EDGE ( 'NONE', *, *, #5634, .F. ) ;
#2083 = VERTEX_POINT ( 'NONE', #7661 ) ;
#2084 = EDGE_CURVE ( 'NONE', #6148, #5405, #7219, .T. ) ;
#2085 = B_SPLINE_CURVE_WITH_KNOTS ( 'NONE', 3,
 ( #6530, #8194, #7212, #1695 ),
 .UNSPECIFIED., .F., .F.,
 ( 4, 4 ),
 ( 0.01320005270542686654, 0.01690004386885050544 ),
 .UNSPECIFIED. ) ;
#2086 = VECTOR ( 'NONE', #6263, 1000.000000000000000 ) ;
#2087 = LINE ( 'NONE', #2034, #764 ) ;
#2088 = CARTESIAN_POINT ( 'NONE',  ( 16.20805879038869435, 4.188637296427806689, 12.31261914534198532 ) ) ;
#2089 = CARTESIAN_POINT ( 'NONE',  ( 42.12629892268314791, 3.222141030866217726, -5.517696385395955971 ) ) ;
#2090 = CARTESIAN_POINT ( 'NONE',  ( 45.95078770376105837, 2.794309051712735581, -1.841335910594881886 ) ) ;
#2091 = AXIS2_PLACEMENT_3D ( 'NONE', #7110, #10323, #1329 ) ;
#2092 = DIRECTION ( 'NONE',  ( 0.000000000000000000, 1.000000000000000000, 0.000000000000000000 ) ) ;
#2093 = ORIENTED_EDGE ( 'NONE', *, *, #6020, .T. ) ;
#2094 = ORIENTED_EDGE ( 'NONE', *, *, #3766, .F. ) ;
#2095 = LOCAL_TIME ( 14, 39, 42.00000000000000000, #10454 ) ;
#2096 = ORIENTED_EDGE ( 'NONE', *, *, #10415, .F. ) ;
#2097 = CARTESIAN_POINT ( 'NONE',  ( 44.29949987338113004, 1.535301531207625247, 0.03208090189885577648 ) ) ;
#2098 = CARTESIAN_POINT ( 'NONE',  ( 9.690114406749051668, 2.887686158659541036, -17.86691275190851158 ) ) ;
#2099 = LINE ( 'NONE', #6197, #1241 ) ;
#2100 = CARTESIAN_POINT ( 'NONE',  ( 22.70197699138192959, 4.556332558826751367, -12.77552489374237155 ) ) ;
#2101 = CARTESIAN_POINT ( 'NONE',  ( 0.4999999999999917843, 1.136000000000000343, -19.05000000000000071 ) ) ;
#2102 = CARTESIAN_POINT ( 'NONE',  ( 0.000000000000000000, 2.286000000000000032, 31.75000000000000000 ) ) ;
#2103 = CARTESIAN_POINT ( 'NONE',  ( 33.32311341341813460, 2.876504433039593245, 35.35006164502492254 ) ) ;
#2104 = CARTESIAN_POINT ( 'NONE',  ( 39.48469346111933476, 3.165016652909641071, 21.86217629188352873 ) ) ;
#2105 = CARTESIAN_POINT ( 'NONE',  ( 37.93187340284700326, 2.366552455888572659, 3.969542561962125848 ) ) ;
#2106 = ORIENTED_EDGE ( 'NONE', *, *, #3633, .T. ) ;
#2107 = ORIENTED_EDGE ( 'NONE', *, *, #6567, .T. ) ;
#2108 = VERTEX_POINT ( 'NONE', #10142 ) ;
#2109 = ORIENTED_EDGE ( 'NONE', *, *, #3325, .F. ) ;
#2110 = CARTESIAN_POINT ( 'NONE',  ( -4.700000000000000178, 9.204878767889816515, -0.7500000000000001110 ) ) ;
#2111 = CARTESIAN_POINT ( 'NONE',  ( -0.4999999999999988343, 1.939087293050998806, 23.52524247042226335 ) ) ;
#2112 = CARTESIAN_POINT ( 'NONE',  ( 2.570603795974259143, 500000.0000000000582, 29.88650298521228521 ) ) ;
#2113 = CARTESIAN_POINT ( 'NONE',  ( -4.334142923151441451, 3.049999999999999378, 25.25000000000000000 ) ) ;
#2114 = VECTOR ( 'NONE', #7614, 1000.000000000000000 ) ;
#2115 = VERTEX_POINT ( 'NONE', #3639 ) ;
#2116 = CARTESIAN_POINT ( 'NONE',  ( -4.700000000000000178, 3.174999999999987388, 6.349999999999999645 ) ) ;
#2117 = CARTESIAN_POINT ( 'NONE',  ( 18.93280180749617614, -2.286000000000000032, 26.22430497369037283 ) ) ;
#2118 = CONICAL_SURFACE ( 'NONE', #9389, 3.700000000000000178, 0.7853981633974500554 ) ;
#2119 = FACE_OUTER_BOUND ( 'NONE', #3047, .T. ) ;
#2120 = CARTESIAN_POINT ( 'NONE',  ( 0.5612513118117353761, 3.561224313586512924, 23.22160150434907067 ) ) ;
#2121 = EDGE_LOOP ( 'NONE', ( #962, #6273, #7267, #6649, #923, #2602, #8050, #5085 ) ) ;
#2122 = ORIENTED_EDGE ( 'NONE', *, *, #7386, .F. ) ;
#2123 = PRODUCT ( '228-2500-2022', '228-2500-2022', '', ( #1983 ) ) ;
#2124 = EDGE_LOOP ( 'NONE', ( #4039, #4184, #8072, #7261 ) ) ;
#2125 = VECTOR ( 'NONE', #4688, 1000.000000000000000 ) ;
#2126 = CARTESIAN_POINT ( 'NONE',  ( -4.700000000000004619, 2.370156359072066898, -21.78429134016221269 ) ) ;
#2127 = DIRECTION ( 'NONE',  ( 0.000000000000000000, -1.000000000000000000, 0.000000000000000000 ) ) ;
#2128 = FACE_OUTER_BOUND ( 'NONE', #7426, .T. ) ;
#2129 = CARTESIAN_POINT ( 'NONE',  ( 32.12299493312965382, 3.061075395543187305, 35.75000000000252953 ) ) ;
#2130 = FACE_OUTER_BOUND ( 'NONE', #2124, .T. ) ;
#2131 = EDGE_CURVE ( 'NONE', #10279, #1857, #8122, .T. ) ;
#2132 = CARTESIAN_POINT ( 'NONE',  ( 5.175905717843011900, 500000.0000000000582, 19.55000000000000071 ) ) ;
#2133 = VECTOR ( 'NONE', #2670, 1000.000000000000000 ) ;
#2134 = DIRECTION ( 'NONE',  ( -0.000000000000000000, 1.000000000000000000, 0.000000000000000000 ) ) ;
#2135 = CARTESIAN_POINT ( 'NONE',  ( 0.000000000000000000, 2.636000000000000121, 19.05000000000000071 ) ) ;
#2136 = ORIENTED_EDGE ( 'NONE', *, *, #1234, .F. ) ;
#2137 = ORIENTED_EDGE ( 'NONE', *, *, #2478, .T. ) ;
#2138 = ADVANCED_FACE ( 'NONE', ( #8502 ), #6142, .T. ) ;
#2139 = CARTESIAN_POINT ( 'NONE',  ( -4.700000000000000178, 3.924999999999992717, 12.34999999999999787 ) ) ;
#2140 = CARTESIAN_POINT ( 'NONE',  ( 0.000000000000000000, 1.136000000000000343, -19.05000000000000071 ) ) ;
#2141 = AXIS2_PLACEMENT_3D ( 'NONE', #2411, #5654, #6755 ) ;
#2142 = AXIS2_PLACEMENT_3D ( 'NONE', #4690, #9500, #2301 ) ;
#2143 = CARTESIAN_POINT ( 'NONE',  ( 15.51754214420132882, 4.230201184236131340, 12.29469017872437853 ) ) ;
#2144 = CARTESIAN_POINT ( 'NONE',  ( 18.56243596711311028, 5.376152797630863844, -2.100000000000000977 ) ) ;
#2145 = ADVANCED_FACE ( 'NONE', ( #9348 ), #4335, .F. ) ;
#2146 = CARTESIAN_POINT ( 'NONE',  ( -4.926231123165995207, 3.145072627082662109, -24.85938997830013619 ) ) ;
#2147 = CARTESIAN_POINT ( 'NONE',  ( -4.334233419275537180, 1.882264159390292679, 23.75000000000001066 ) ) ;
#2148 = EDGE_CURVE ( 'NONE', #1225, #4989, #7568, .T. ) ;
#2149 = VERTEX_POINT ( 'NONE', #7098 ) ;
#2150 = ORIENTED_EDGE ( 'NONE', *, *, #4479, .T. ) ;
#2151 = ORIENTED_EDGE ( 'NONE', *, *, #2995, .T. ) ;
#2152 = CARTESIAN_POINT ( 'NONE',  ( 43.87919167558776223, 2.716656914730571248, 0.01455450455665000670 ) ) ;
#2153 = CARTESIAN_POINT ( 'NONE',  ( 6.199999999999912248, -3.049999999999998490, -22.68666876557479384 ) ) ;
#2154 = CARTESIAN_POINT ( 'NONE',  ( 31.68579669920087127, 1.582230972995311014, 34.25000000000001421 ) ) ;
#2155 = CARTESIAN_POINT ( 'NONE',  ( 42.62838698765574463, -3.050000000000003375, -5.411692116005640152 ) ) ;
#2156 = FACE_OUTER_BOUND ( 'NONE', #2666, .T. ) ;
#2157 = CYLINDRICAL_SURFACE ( 'NONE', #2310, 4.200000000000001954 ) ;
#2158 = CARTESIAN_POINT ( 'NONE',  ( 33.42496409386907885, 2.822868117108133124, 35.26822883513478502 ) ) ;
#2159 = CARTESIAN_POINT ( 'NONE',  ( 33.28638809885931948, 3.062922647986546565, 34.73386598549737414 ) ) ;
#2160 = CARTESIAN_POINT ( 'NONE',  ( 37.94081386392075927, 2.351998453354301688, 4.249839068775351336 ) ) ;
#2161 = ORIENTED_EDGE ( 'NONE', *, *, #2672, .T. ) ;
#2162 = ORIENTED_EDGE ( 'NONE', *, *, #2642, .T. ) ;
#2163 = ORIENTED_EDGE ( 'NONE', *, *, #7224, .F. ) ;
#2164 = ORIENTED_EDGE ( 'NONE', *, *, #5318, .T. ) ;
#2165 = CARTESIAN_POINT ( 'NONE',  ( 31.60000000000000142, 1.016666666666666607, 37.94999999999999574 ) ) ;
#2166 = DIRECTION ( 'NONE',  ( -0.000000000000000000, -1.000000000000000000, -0.000000000000000000 ) ) ;
#2167 = CARTESIAN_POINT ( 'NONE',  ( -4.185496259871331226, -3.049999999999997602, -23.71874924611536173 ) ) ;
#2168 = CARTESIAN_POINT ( 'NONE',  ( -4.200000000000000178, 3.049999999999999378, 25.25000000000000000 ) ) ;
#2169 = ORIENTED_EDGE ( 'NONE', *, *, #3443, .F. ) ;
#2170 = CARTESIAN_POINT ( 'NONE',  ( 19.52205451640731937, 2.061771991530658266, 20.05263455000852701 ) ) ;
#2171 = CARTESIAN_POINT ( 'NONE',  ( 3.778820412973154408, 4.883461161446783549, -17.19674324954365119 ) ) ;
#2172 = CARTESIAN_POINT ( 'NONE',  ( 44.25177849576304823, 1.302172198316394747, -4.949208207283885663 ) ) ;
#2173 = CARTESIAN_POINT ( 'NONE',  ( -0.4999999999881765689, 4.359709390086512926, 13.84999999999999609 ) ) ;
#2174 = CARTESIAN_POINT ( 'NONE',  ( 0.000000000000000000, 500000.0000000000582, -12.84999999999999964 ) ) ;
#2175 = ORIENTED_EDGE ( 'NONE', *, *, #7644, .F. ) ;
#2176 = ORIENTED_EDGE ( 'NONE', *, *, #4044, .T. ) ;
#2177 = EDGE_LOOP ( 'NONE', ( #6389, #3796, #4562, #6257, #10422, #5706 ) ) ;
#2178 = ORIENTED_EDGE ( 'NONE', *, *, #3603, .T. ) ;
#2179 = FACE_OUTER_BOUND ( 'NONE', #704, .T. ) ;
#2180 = CARTESIAN_POINT ( 'NONE',  ( 38.54443461097273627, 2.395524939963442623, -4.014870867268939492 ) ) ;
#2181 = LINE ( 'NONE', #436, #3112 ) ;
#2182 = LINE ( 'NONE', #7122, #10366 ) ;
#2183 = DIRECTION ( 'NONE',  ( -0.000000000000000000, -1.000000000000000000, -0.000000000000000000 ) ) ;
#2184 = EDGE_CURVE ( 'NONE', #2021, #1235, #9909, .T. ) ;
#2185 = CARTESIAN_POINT ( 'NONE',  ( 9.518329979527749174, 4.780582887084208643, -16.48623112774831867 ) ) ;
#2186 = CARTESIAN_POINT ( 'NONE',  ( 14.62393816464891927, 4.128417383575532895, 10.57392494763979407 ) ) ;
#2187 = PERSON_AND_ORGANIZATION ( #9736, #8355 ) ;
#2188 = EDGE_LOOP ( 'NONE', ( #3497, #5351 ) ) ;
#2189 = ORIENTED_EDGE ( 'NONE', *, *, #5795, .F. ) ;
#2190 = EDGE_CURVE ( 'NONE', #1293, #2591, #3322, .T. ) ;
#2191 = CARTESIAN_POINT ( 'NONE',  ( 7.329115884748480525, 4.026325087914048417, -13.75235493571933354 ) ) ;
#2192 = CARTESIAN_POINT ( 'NONE',  ( 0.000000000000000000, 1.135999999974046659, 19.05000000000000071 ) ) ;
#2193 = CARTESIAN_POINT ( 'NONE',  ( 23.76002506363346356, 2.990954063117526651, -9.903661125511712626 ) ) ;
#2194 = CARTESIAN_POINT ( 'NONE',  ( 10.22575866816154111, 2.678154078254294301, 20.25164083155715744 ) ) ;
#2195 = CARTESIAN_POINT ( 'NONE',  ( 35.70552839611559648, 2.671833139472582719, -2.099999999999999201 ) ) ;
#2196 = EDGE_CURVE ( 'NONE', #5260, #9904, #9634, .T. ) ;
#2197 = CARTESIAN_POINT ( 'NONE',  ( 15.27099842614388159, 5.285633061176468139, 4.724055100093921489 ) ) ;
#2198 = B_SPLINE_CURVE_WITH_KNOTS ( 'NONE', 3,
 ( #2207, #5391, #7763, #6137, #9578, #5272, #7816, #1312, #8729, #1419, #6304, #10191, #6973, #563, #3803, #2951 ),
 .UNSPECIFIED., .F., .F.,
 ( 4, 2, 2, 2, 2, 2, 2, 4 ),
 ( 6.942281208919283290E-18, 0.0004031821675822690556, 0.0008063643351645311723, 0.001209546502746793343, 0.001612728670329055406, 0.002419093005493560232, 0.002822275173075812753, 0.003225457340658065275 ),
 .UNSPECIFIED. ) ;
#2199 = CARTESIAN_POINT ( 'NONE',  ( 41.05029253092652652, 1.793458958219070754, 14.87802398564695494 ) ) ;
#2200 = ORIENTED_EDGE ( 'NONE', *, *, #1689, .T. ) ;
#2201 = ORIENTED_EDGE ( 'NONE', *, *, #2592, .F. ) ;
#2202 = EDGE_CURVE ( 'NONE', #8419, #758, #4672, .T. ) ;
#2203 = ORIENTED_EDGE ( 'NONE', *, *, #933, .F. ) ;
#2204 = CARTESIAN_POINT ( 'NONE',  ( 43.51076816101011957, 3.096709113732964980, 0.006905148810555841905 ) ) ;
#2205 = CARTESIAN_POINT ( 'NONE',  ( 37.39442978317194388, 1.796198870633725075, 23.92464539198050133 ) ) ;
#2206 = EDGE_CURVE ( 'NONE', #2686, #3683, #8674, .T. ) ;
#2207 = CARTESIAN_POINT ( 'NONE',  ( 32.09466722563809071, 1.629338056816716396, 22.95401003784633076 ) ) ;
#2208 = ADVANCED_FACE ( 'NONE', ( #8837 ), #4656, .F. ) ;
#2209 = CARTESIAN_POINT ( 'NONE',  ( -4.700000000000000178, -3.049999999999995381, 12.34999999999999787 ) ) ;
#2210 = CARTESIAN_POINT ( 'NONE',  ( -2.389000000000000234, -3.049999999999995381, 12.34999999999999787 ) ) ;
#2211 = CARTESIAN_POINT ( 'NONE',  ( 32.12299493312961118, -3.049999999999999822, 33.75000000000002132 ) ) ;
#2212 = CARTESIAN_POINT ( 'NONE',  ( 44.30000000000000426, 1.501073908028688564, -1.943628089056321562 ) ) ;
#2213 = CARTESIAN_POINT ( 'NONE',  ( 14.65719825260497977, -2.286000000000000032, 34.25000000000000000 ) ) ;
#2214 = ORIENTED_EDGE ( 'NONE', *, *, #3260, .T. ) ;
#2215 = ORIENTED_EDGE ( 'NONE', *, *, #1376, .F. ) ;
#2216 = ADVANCED_FACE ( 'NONE', ( #7883 ), #6308, .T. ) ;
#2217 = EDGE_LOOP ( 'NONE', ( #2733, #4615, #429, #1434 ) ) ;
#2218 = CARTESIAN_POINT ( 'NONE',  ( 44.30000000000000426, -1.016666666666666385, -1.158225982667416855E-14 ) ) ;
#2219 = FACE_BOUND ( 'NONE', #741, .T. ) ;
#2220 = CARTESIAN_POINT ( 'NONE',  ( -3.961000000000000298, 2.424999999999986500, -9.973189202894502614 ) ) ;
#2221 = CARTESIAN_POINT ( 'NONE',  ( 9.561793418050049453, 2.697759220203628239, -16.56151201154058228 ) ) ;
#2222 = ORIENTED_EDGE ( 'NONE', *, *, #1989, .T. ) ;
#2223 = DIRECTION ( 'NONE',  ( 0.000000000000000000, 0.000000000000000000, 1.000000000000000000 ) ) ;
#2224 = CARTESIAN_POINT ( 'NONE',  ( 0.2784812877216198967, 5.580208508750100549, -14.85000000000000853 ) ) ;
#2225 = CARTESIAN_POINT ( 'NONE',  ( -2.798688330792085566, 3.796872304229470974, -22.19358318369063099 ) ) ;
#2226 = CARTESIAN_POINT ( 'NONE',  ( 38.72597925847227884, 2.653971971857512102, -1.604181816254156567 ) ) ;
#2227 = CARTESIAN_POINT ( 'NONE',  ( -6.200000000000000178, 3.049999999999999822, 25.25000000000000000 ) ) ;
#2228 = CARTESIAN_POINT ( 'NONE',  ( -0.5000000000000000000, 0.000000000000000000, 23.75000000000000000 ) ) ;
#2229 = VERTEX_POINT ( 'NONE', #2376 ) ;
#2230 = ORIENTED_EDGE ( 'NONE', *, *, #5978, .T. ) ;
#2231 = VERTEX_POINT ( 'NONE', #3183 ) ;
#2232 = CARTESIAN_POINT ( 'NONE',  ( 10.51580054232006134, 6.279108412826370333, -10.12027697125840575 ) ) ;
#2233 = EDGE_LOOP ( 'NONE', ( #5926, #4707, #9609, #8664 ) ) ;
#2234 = DIRECTION ( 'NONE',  ( -0.000000000000000000, 1.000000000000000000, -0.000000000000000000 ) ) ;
#2235 = CARTESIAN_POINT ( 'NONE',  ( -2.500000000000000000, 0.7859999999999998099, 29.79280174739501774 ) ) ;
#2236 = CARTESIAN_POINT ( 'NONE',  ( 0.000000000000000000, 0.000000000000000000, 25.25000000000000000 ) ) ;
#2237 = CARTESIAN_POINT ( 'NONE',  ( 36.94361823928815625, 2.599414533486213763, 3.174999999999984279 ) ) ;
#2238 = CARTESIAN_POINT ( 'NONE',  ( 31.68579669920320541, -3.049999999999999822, 33.74999999999998579 ) ) ;
#2239 = FACE_OUTER_BOUND ( 'NONE', #5248, .T. ) ;
#2240 = AXIS2_PLACEMENT_3D ( 'NONE', #5362, #8583, #4049 ) ;
#2241 = FACE_OUTER_BOUND ( 'NONE', #4851, .T. ) ;
#2242 = PERSON_AND_ORGANIZATION ( #9736, #8355 ) ;
#2243 = ORIENTED_EDGE ( 'NONE', *, *, #1043, .F. ) ;
#2244 = ORIENTED_EDGE ( 'NONE', *, *, #2540, .T. ) ;
#2245 = DIRECTION ( 'NONE',  ( 0.000000000000000000, -1.000000000000000000, 0.000000000000000000 ) ) ;
#2246 = DIRECTION ( 'NONE',  ( -1.000000000000000000, 0.000000000000000000, 0.000000000000000000 ) ) ;
#2247 = CARTESIAN_POINT ( 'NONE',  ( 18.32409311180789402, 3.347957419242436394, -11.22705364232174752 ) ) ;
#2248 = CARTESIAN_POINT ( 'NONE',  ( 0.000000000000000000, 4.540856564801742934, -12.84999999999999964 ) ) ;
#2249 = VECTOR ( 'NONE', #3955, 1000.000000000000000 ) ;
#2250 = CARTESIAN_POINT ( 'NONE',  ( 13.44543351071613557, 4.351875861156960568, 12.24119805603515942 ) ) ;
#2251 = CARTESIAN_POINT ( 'NONE',  ( 38.09999999999790532, 2.142178090387947709, -2.600000000002133049 ) ) ;
#2252 = AXIS2_PLACEMENT_3D ( 'NONE', #1780, #6706, #5562 ) ;
#2253 = CARTESIAN_POINT ( 'NONE',  ( 27.26774149703644667, 2.968031184112573495, -10.48487157522300528 ) ) ;
#2254 = DIRECTION ( 'NONE',  ( 1.000000000000000000, 0.000000000000000000, 0.000000000000000000 ) ) ;
#2255 = AXIS2_PLACEMENT_3D ( 'NONE', #5348, #2010, #8687 ) ;
#2256 = VERTEX_POINT ( 'NONE', #3864 ) ;
#2257 = AXIS2_PLACEMENT_3D ( 'NONE', #3478, #2682, #9828 ) ;
#2258 = ORIENTED_EDGE ( 'NONE', *, *, #3243, .F. ) ;
#2259 = CARTESIAN_POINT ( 'NONE',  ( 44.29735218823202558, 1.592924008893795706, 0.03396730370303496088 ) ) ;
#2260 = CARTESIAN_POINT ( 'NONE',  ( 32.24743716414360506, 1.909412615247569889, -14.45300066024020680 ) ) ;
#2261 = CARTESIAN_POINT ( 'NONE',  ( 37.94081386392079480, 4.392236615437743019, 4.249839068775280282 ) ) ;
#2262 = AXIS2_PLACEMENT_3D ( 'NONE', #354, #5331, #6819 ) ;
#2263 = CARTESIAN_POINT ( 'NONE',  ( 0.000000000000000000, 2.286000000000000032, 35.75000000000000711 ) ) ;
#2264 = DIRECTION ( 'NONE',  ( 1.000000000000000000, -0.000000000000000000, -0.000000000000000000 ) ) ;
#2265 = DIRECTION ( 'NONE',  ( 0.000000000000000000, -1.000000000000000000, 1.729781243851514516E-16 ) ) ;
#2266 = CONICAL_SURFACE ( 'NONE', #4819, 3.225000000000000533, 0.7853981633974500554 ) ;
#2267 = EDGE_CURVE ( 'NONE', #10163, #363, #3840, .T. ) ;
#2268 = CARTESIAN_POINT ( 'NONE',  ( 44.29847643619262243, 1.487016538878618066, 0.4910458416812324978 ) ) ;
#2269 = CARTESIAN_POINT ( 'NONE',  ( 10.20562729973793559, 2.313795189237930039, -17.98223806858355545 ) ) ;
#2270 = VERTEX_POINT ( 'NONE', #7822 ) ;
#2271 = VECTOR ( 'NONE', #669, 1000.000000000000000 ) ;
#2272 = ORIENTED_EDGE ( 'NONE', *, *, #7196, .T. ) ;
#2273 = EDGE_CURVE ( 'NONE', #9917, #2059, #3642, .T. ) ;
#2274 = ORIENTED_EDGE ( 'NONE', *, *, #6854, .F. ) ;
#2275 = CARTESIAN_POINT ( 'NONE',  ( 0.000000000000000000, 9.402733490373224257, -19.05000000000000071 ) ) ;
#2276 = CARTESIAN_POINT ( 'NONE',  ( 44.01894115427408849, 1.320072178324180889, -5.715001924880824369 ) ) ;
#2277 = CARTESIAN_POINT ( 'NONE',  ( 10.38204998952949332, 2.303146761574917267, -17.98223806858347018 ) ) ;
#2278 = CARTESIAN_POINT ( 'NONE',  ( -6.099965673083477036, 3.392732221477325449, 23.88775998897964570 ) ) ;
#2279 = VERTEX_POINT ( 'NONE', #3069 ) ;
#2280 = CYLINDRICAL_SURFACE ( 'NONE', #3297, 0.5000000000000000000 ) ;
#2281 = CARTESIAN_POINT ( 'NONE',  ( 9.731639292712650047, 2.451487935365516790, -23.57498037415875558 ) ) ;
#2282 = CARTESIAN_POINT ( 'NONE',  ( 35.62261776995545404, 3.532254165745802865, 0.07757942719542744447 ) ) ;
#2283 = CC_DESIGN_APPROVAL ( #2060, ( #5501 ) ) ;
#2284 = CARTESIAN_POINT ( 'NONE',  ( 3.666060555964672840, 1.136000000000000343, -18.55000000000000071 ) ) ;
#2285 = CARTESIAN_POINT ( 'NONE',  ( 5.636297168705771909, 7.075460248098226046, 8.649393724605035416 ) ) ;
#2286 = EDGE_CURVE ( 'NONE', #2805, #5863, #4592, .T. ) ;
#2287 = DIRECTION ( 'NONE',  ( 0.7071067811865476838, 0.000000000000000000, 0.7071067811865474617 ) ) ;
#2288 = ORIENTED_EDGE ( 'NONE', *, *, #9547, .F. ) ;
#2289 = ORIENTED_EDGE ( 'NONE', *, *, #9676, .T. ) ;
#2290 = ORIENTED_EDGE ( 'NONE', *, *, #7650, .F. ) ;
#2291 = PLANE ( 'NONE',  #8726 ) ;
#2292 = EDGE_LOOP ( 'NONE', ( #6689, #8639, #6701, #7747 ) ) ;
#2293 = B_SPLINE_CURVE_WITH_KNOTS ( 'NONE', 3,
 ( #2940, #7872, #619, #6353, #3855, #7088 ),
 .UNSPECIFIED., .F., .F.,
 ( 4, 2, 4 ),
 ( 6.075403082579774675E-18, 0.0004041141623003270005, 0.0008082283246006479295 ),
 .UNSPECIFIED. ) ;
#2294 = LINE ( 'NONE', #4738, #9339 ) ;
#2295 = DIRECTION ( 'NONE',  ( -1.000000000000000000, 0.000000000000000000, 0.000000000000000000 ) ) ;
#2296 = B_SPLINE_CURVE_WITH_KNOTS ( 'NONE', 3,
 ( #6289, #7867, #9506, #7920 ),
 .UNSPECIFIED., .F., .F.,
 ( 4, 4 ),
 ( 8.795168043777829286E-16, 0.0004899717832545981856 ),
 .UNSPECIFIED. ) ;
#2297 = DIRECTION ( 'NONE',  ( 0.000000000000000000, 0.000000000000000000, 1.000000000000000000 ) ) ;
#2298 = CARTESIAN_POINT ( 'NONE',  ( -3.961000000000000298, 3.174999999999987388, 6.349999999999999645 ) ) ;
#2299 = CIRCLE ( 'NONE', #729, 2.100000000000004530 ) ;
#2300 = CARTESIAN_POINT ( 'NONE',  ( 30.54465794105359677, -3.049999999999999822, 35.74990112819453714 ) ) ;
#2301 = DIRECTION ( 'NONE',  ( 0.000000000000000000, 0.000000000000000000, -1.000000000000000000 ) ) ;
#2302 = CARTESIAN_POINT ( 'NONE',  ( 0.000000000000000000, 2.636000000000000121, -19.05000000000000071 ) ) ;
#2303 = APPROVAL_STATUS ( 'not_yet_approved' ) ;
#2304 = ORIENTED_EDGE ( 'NONE', *, *, #6552, .T. ) ;
#2305 = ORIENTED_EDGE ( 'NONE', *, *, #3915, .F. ) ;
#2306 = CARTESIAN_POINT ( 'NONE',  ( -1.372415238220999090, 3.612163620491183558, 23.02906886305863665 ) ) ;
#2307 = CYLINDRICAL_SURFACE ( 'NONE', #8060, 3.175000000000000711 ) ;
#2308 = CARTESIAN_POINT ( 'NONE',  ( 15.27060379597426021, 0.7859999999999998099, 29.88650298521228521 ) ) ;
#2309 = FACE_OUTER_BOUND ( 'NONE', #3995, .T. ) ;
#2310 = AXIS2_PLACEMENT_3D ( 'NONE', #8618, #6524, #1688 ) ;
#2311 = CARTESIAN_POINT ( 'NONE',  ( -4.206887588227781194, 3.924999999999987388, -2.475710447249344526 ) ) ;
#2312 = CIRCLE ( 'NONE', #1803, 3.175000000000000711 ) ;
#2313 = CARTESIAN_POINT ( 'NONE',  ( -5.891406611429577111, 3.145074975279614105, -24.87087550655938273 ) ) ;
#2314 = CARTESIAN_POINT ( 'NONE',  ( 38.18541820122047170, 1.715679726464820920, 23.43110306227615425 ) ) ;
#2315 = B_SPLINE_SURFACE_WITH_KNOTS ( 'NONE', 3, 3, ( 
 ( #600, #8584, #3154, #6952 ),
 ( #1339, #5590, #7071, #3940 ),
 ( #8811, #6171, #657, #10281 ),
 ( #3039, #8705, #10335, #1562 ) ),
 .UNSPECIFIED., .F., .F., .F.,
 ( 4, 4 ),
 ( 4, 4 ),
 ( 0.000000000000000000, 0.08138557209403540771 ),
 ( 0.04486914551963851194, 0.1827282937201583912 ),
 .UNSPECIFIED. ) ;
#2316 = AXIS2_PLACEMENT_3D ( 'NONE', #3716, #10389, #3774 ) ;
#2317 = CIRCLE ( 'NONE', #3844, 2.100000000000004530 ) ;
#2318 = FACE_OUTER_BOUND ( 'NONE', #4733, .T. ) ;
#2319 = CARTESIAN_POINT ( 'NONE',  ( 28.49623668862466630, 1.622477131613452972, 30.70478842300949296 ) ) ;
#2320 = CARTESIAN_POINT ( 'NONE',  ( -0.5000000000000000000, 1.136000000000000343, 22.71606055596467399 ) ) ;
#2321 = CARTESIAN_POINT ( 'NONE',  ( 38.94407875206067615, 2.669769225976489135, 4.045797414111375723 ) ) ;
#2322 = DIRECTION ( 'NONE',  ( -0.000000000000000000, 1.000000000000000000, -0.000000000000000000 ) ) ;
#2323 = AXIS2_PLACEMENT_3D ( 'NONE', #9639, #6431, #6579 ) ;
#2324 = EDGE_CURVE ( 'NONE', #4528, #9054, #5339, .T. ) ;
#2325 = CARTESIAN_POINT ( 'NONE',  ( -0.000000000000000000, -2.286000000000000032, -19.05000000000000071 ) ) ;
#2326 = CARTESIAN_POINT ( 'NONE',  ( 38.97726883373114504, 3.052530378081538931, 25.41562509098941192 ) ) ;
#2327 = CARTESIAN_POINT ( 'NONE',  ( 34.79407701662650254, 2.077386254086377448, 21.90044223003762625 ) ) ;
#2328 = ORIENTED_EDGE ( 'NONE', *, *, #9716, .T. ) ;
#2329 = CARTESIAN_POINT ( 'NONE',  ( 19.53685204386301422, 2.266763741375854124, -15.16468102687808894 ) ) ;
#2330 = ORIENTED_EDGE ( 'NONE', *, *, #3053, .T. ) ;
#2331 = CARTESIAN_POINT ( 'NONE',  ( 11.39055281501533123, 5.126055952602100341, -6.070594583151221357 ) ) ;
#2332 = EDGE_CURVE ( 'NONE', #6869, #7370, #7935, .T. ) ;
#2333 = CARTESIAN_POINT ( 'NONE',  ( 32.94331444457827018, 2.160259743050119141, 21.14298879279855470 ) ) ;
#2334 = CARTESIAN_POINT ( 'NONE',  ( 10.87080467290706842, 2.287943241524368787, -17.92159849394939286 ) ) ;
#2335 = CARTESIAN_POINT ( 'NONE',  ( -4.465923150996506941, 3.053383631958493272, 25.23664127320589046 ) ) ;
#2336 = ORIENTED_EDGE ( 'NONE', *, *, #7677, .T. ) ;
#2337 = B_SPLINE_CURVE_WITH_KNOTS ( 'NONE', 3,
 ( #2441, #5684, #114, #1699 ),
 .UNSPECIFIED., .F., .F.,
 ( 4, 4 ),
 ( 0.000000000000000000, 0.0005000370839948671021 ),
 .UNSPECIFIED. ) ;
#2338 = CARTESIAN_POINT ( 'NONE',  ( -4.700000000011731238, 2.636000000000000121, 16.82514045386574608 ) ) ;
#2339 = CARTESIAN_POINT ( 'NONE',  ( -4.596102663082469952, 2.660168342481576964, -25.23062525345877205 ) ) ;
#2340 = CARTESIAN_POINT ( 'NONE',  ( -3.784433985198143446, 4.134486059383955414, -20.89154527256825133 ) ) ;
#2341 = EDGE_CURVE ( 'NONE', #7812, #4619, #2684, .T. ) ;
#2342 = CARTESIAN_POINT ( 'NONE',  ( 18.20572813420984204, -2.286000000000000920, 26.00214803791226004 ) ) ;
#2343 = CARTESIAN_POINT ( 'NONE',  ( 24.23820721395120614, 3.049999999999999378, 28.82332952858223507 ) ) ;
#2344 = CARTESIAN_POINT ( 'NONE',  ( -0.000000000000000000, -3.049999999999999822, -12.84999999999999964 ) ) ;
#2345 = ORIENTED_EDGE ( 'NONE', *, *, #8669, .T. ) ;
#2346 = VERTEX_POINT ( 'NONE', #5394 ) ;
#2347 = ORIENTED_EDGE ( 'NONE', *, *, #7350, .F. ) ;
#2348 = EDGE_LOOP ( 'NONE', ( #576, #4893, #3020, #7695 ) ) ;
#2349 = CARTESIAN_POINT ( 'NONE',  ( 0.5000000000000000000, 2.286000000000000032, 15.91461724824544000 ) ) ;
#2350 = ADVANCED_FACE ( 'NONE', ( #4027 ), #2118, .T. ) ;
#2351 = DIRECTION ( 'NONE',  ( 3.412570772413391368E-15, 1.000000000000000000, 2.275047181608927447E-15 ) ) ;
#2352 = CARTESIAN_POINT ( 'NONE',  ( -6.368163355566236381E-16, -2.286000000026433554, -13.85000000000000142 ) ) ;
#2353 = DIRECTION ( 'NONE',  ( 0.000000000000000000, 1.000000000000000000, 0.000000000000000000 ) ) ;
#2354 = CARTESIAN_POINT ( 'NONE',  ( 44.29999999999998295, -3.049999999999999822, -5.937663020359966737 ) ) ;
#2355 = CARTESIAN_POINT ( 'NONE',  ( 35.43727774535825858, -3.049999999999999822, 32.24374090402814375 ) ) ;
#2356 = EDGE_CURVE ( 'NONE', #4659, #3559, #4483, .T. ) ;
#2357 = ADVANCED_FACE ( 'NONE', ( #8788 ), #2157, .F. ) ;
#2358 = CARTESIAN_POINT ( 'NONE',  ( 38.09999999999755005, 4.183487565027084187, -2.684275528633403241 ) ) ;
#2359 = CARTESIAN_POINT ( 'NONE',  ( 22.05417351532156545, 3.215912360933702807, -12.10308291325113572 ) ) ;
#2360 = ORIENTED_EDGE ( 'NONE', *, *, #9975, .T. ) ;
#2361 = VERTEX_POINT ( 'NONE', #2581 ) ;
#2362 = CARTESIAN_POINT ( 'NONE',  ( -2.592338991785345659, 5.447518333923909495, 15.73391978776372824 ) ) ;
#2363 = ADVANCED_FACE ( 'NONE', ( #2482 ), #3333, .T. ) ;
#2364 = CARTESIAN_POINT ( 'NONE',  ( 12.69999999999999929, 0.7859999999999998099, 31.75000000000000000 ) ) ;
#2365 = B_SPLINE_CURVE_WITH_KNOTS ( 'NONE', 3,
 ( #2768, #2823, #9924, #1870 ),
 .UNSPECIFIED., .F., .F.,
 ( 4, 4 ),
 ( 0.000000000000000000, 0.0002622113430139481243 ),
 .UNSPECIFIED. ) ;
#2366 = DIRECTION ( 'NONE',  ( 0.000000000000000000, 0.000000000000000000, -1.000000000000000000 ) ) ;
#2367 = LINE ( 'NONE', #833, #1467 ) ;
#2368 = CARTESIAN_POINT ( 'NONE',  ( 12.69999999999999929, -2.286000000000000032, 31.75000000000000000 ) ) ;
#2369 = DIRECTION ( 'NONE',  ( 0.000000000000000000, -1.000000000000000000, -0.000000000000000000 ) ) ;
#2370 = CARTESIAN_POINT ( 'NONE',  ( -2.389000000000000679, 7.257384810025241606, 8.484232172270118610 ) ) ;
#2371 = CARTESIAN_POINT ( 'NONE',  ( -4.700000000013915269, 4.375026936551267731, 13.84999999999999609 ) ) ;
#2372 = CARTESIAN_POINT ( 'NONE',  ( 42.62838698765575174, -3.050000000000001155, -5.411692116005640152 ) ) ;
#2373 = CARTESIAN_POINT ( 'NONE',  ( 16.19924094741852016, 5.289607766074106543, 4.301089653657515832 ) ) ;
#2374 = CARTESIAN_POINT ( 'NONE',  ( 38.58808309163280370, 2.783821188391323975, 3.004792946381718011 ) ) ;
#2375 = CARTESIAN_POINT ( 'NONE',  ( 0.000000000000000000, 1.136000000000000343, -19.05000000000000071 ) ) ;
#2376 = CARTESIAN_POINT ( 'NONE',  ( -3.961000000000000298, 3.924999999999987388, 2.726810797105497119 ) ) ;
#2377 = CARTESIAN_POINT ( 'NONE',  ( 40.30153129690364722, 2.175823000091010595, 22.16463857301352647 ) ) ;
#2378 = CARTESIAN_POINT ( 'NONE',  ( -4.700000000000000178, 12.69999999999999929, 0.7499999999999987788 ) ) ;
#2379 = VERTEX_POINT ( 'NONE', #9039 ) ;
#2380 = VERTEX_POINT ( 'NONE', #2428 ) ;
#2381 = CARTESIAN_POINT ( 'NONE',  ( 42.62838698765575174, 1.661986663886078741, -5.411692116005633935 ) ) ;
#2382 = CARTESIAN_POINT ( 'NONE',  ( 8.649999181959591610, 3.162696292092648243, -16.98223806858347018 ) ) ;
#2383 = CARTESIAN_POINT ( 'NONE',  ( 6.349999999999997868, 0.7860000001187472662, 26.10710678118654471 ) ) ;
#2384 = DIRECTION ( 'NONE',  ( 0.000000000000000000, 0.000000000000000000, 1.000000000000000000 ) ) ;
#2385 = ORIENTED_EDGE ( 'NONE', *, *, #10204, .F. ) ;
#2386 = CARTESIAN_POINT ( 'NONE',  ( 11.39055963850929309, 5.641746898230530327, -6.070577375960670707 ) ) ;
#2387 = CARTESIAN_POINT ( 'NONE',  ( 47.79257202981753494, 2.637558709684838743, -2.821191298230197653 ) ) ;
#2388 = DIRECTION ( 'NONE',  ( 0.000000000000000000, -1.000000000000000000, 0.000000000000000000 ) ) ;
#2389 = CARTESIAN_POINT ( 'NONE',  ( 37.34482880191718834, 2.146867881762197339, 9.992397596629079004 ) ) ;
#2390 = DIRECTION ( 'NONE',  ( 0.000000000000000000, 1.000000000000000000, 0.000000000000000000 ) ) ;
#2391 = CARTESIAN_POINT ( 'NONE',  ( -4.699999999999999289, 2.518459171204858293, 17.09985995724755270 ) ) ;
#2392 = EDGE_CURVE ( 'NONE', #9848, #1857, #8238, .T. ) ;
#2393 = VERTEX_POINT ( 'NONE', #3229 ) ;
#2394 = VERTEX_POINT ( 'NONE', #8292 ) ;
#2395 = B_SPLINE_CURVE_WITH_KNOTS ( 'NONE', 3,
 ( #121, #4045, #9901, #4244, #3350, #6588, #9804, #8204, #7469, #213, #169, #3394, #9847, #3445, #2696, #10100 ),
 .UNSPECIFIED., .F., .F.,
 ( 4, 2, 2, 2, 2, 2, 2, 4 ),
 ( 1.734723475976807094E-18, 0.0004636567830886246058, 0.0009273135661772474768, 0.001854627132354493219, 0.002318283915443112783, 0.002781940698531732998, 0.003245597481620352779, 0.003709254264708972994 ),
 .UNSPECIFIED. ) ;
#2396 = FACE_OUTER_BOUND ( 'NONE', #8980, .T. ) ;
#2397 = ORIENTED_EDGE ( 'NONE', *, *, #3326, .T. ) ;
#2398 = DIRECTION ( 'NONE',  ( 0.000000000000000000, -1.000000000000000000, 0.000000000000000000 ) ) ;
#2399 = CARTESIAN_POINT ( 'NONE',  ( 32.51909110275906301, 3.692150865603335497, 22.04854638691155699 ) ) ;
#2400 = DIRECTION ( 'NONE',  ( 0.000000000000000000, 1.000000000000000000, 0.000000000000000000 ) ) ;
#2401 = CARTESIAN_POINT ( 'NONE',  ( -4.453297610555716268, 2.424999999999988720, 10.47488153840690117 ) ) ;
#2402 = DIRECTION ( 'NONE',  ( 1.000000000000000000, -0.000000000000000000, -0.000000000000000000 ) ) ;
#2403 = CARTESIAN_POINT ( 'NONE',  ( 40.66977454098412892, -3.050000000000000266, 21.14090603093416476 ) ) ;
#2404 = CARTESIAN_POINT ( 'NONE',  ( 27.35419743958308558, 2.452604977202915926, -10.43817371521272364 ) ) ;
#2405 = EDGE_CURVE ( 'NONE', #5247, #5460, #3169, .T. ) ;
#2406 = ORIENTED_EDGE ( 'NONE', *, *, #8994, .T. ) ;
#2407 = ORIENTED_EDGE ( 'NONE', *, *, #3058, .F. ) ;
#2408 = VERTEX_POINT ( 'NONE', #999 ) ;
#2409 = ADVANCED_FACE ( 'NONE', ( #7303 ), #888, .T. ) ;
#2410 = CARTESIAN_POINT ( 'NONE',  ( -4.199912775778259721, 4.546123431783702706, 19.32395023289853242 ) ) ;
#2411 = CARTESIAN_POINT ( 'NONE',  ( 0.000000000000000000, 1.136000000000000343, 19.05000000000000071 ) ) ;
#2412 = CARTESIAN_POINT ( 'NONE',  ( -4.700000000000000178, -3.049999999999999822, -12.35000000000000142 ) ) ;
#2413 = DIRECTION ( 'NONE',  ( 0.000000000000000000, 0.000000000000000000, -1.000000000000000000 ) ) ;
#2414 = CARTESIAN_POINT ( 'NONE',  ( 11.94185037353063450, 2.640740439080799362, 20.29323494204225042 ) ) ;
#2415 = CARTESIAN_POINT ( 'NONE',  ( 27.15544815666536138, 0.7859999999999998099, 31.24999999999999289 ) ) ;
#2416 = VECTOR ( 'NONE', #3917, 1000.000000000000000 ) ;
#2417 = CARTESIAN_POINT ( 'NONE',  ( 44.30000000000008242, 3.049999999999969624, 0.000000000000000000 ) ) ;
#2418 = CARTESIAN_POINT ( 'NONE',  ( 31.82552874541624277, 2.190959073942457813, 16.91128740496667504 ) ) ;
#2419 = EDGE_CURVE ( 'NONE', #5268, #6884, #3380, .T. ) ;
#2420 = AXIS2_PLACEMENT_3D ( 'NONE', #9983, #1404, #4636 ) ;
#2421 = AXIS2_PLACEMENT_3D ( 'NONE', #9011, #4843, #5751 ) ;
#2422 = CARTESIAN_POINT ( 'NONE',  ( 32.51542095822046008, 1.846263188620791196, 27.25183010646466641 ) ) ;
#2423 = B_SPLINE_CURVE_WITH_KNOTS ( 'NONE', 3,
 ( #1219, #10061, #4447, #2867, #9431, #2016, #7584, #328, #10214, #10113 ),
 .UNSPECIFIED., .F., .F.,
 ( 4, 2, 2, 2, 4 ),
 ( 1.788112030672749005E-18, 0.0002710044617735044535, 0.0005420089235470070639, 0.0008130133853205096742, 0.001084017847094012393 ),
 .UNSPECIFIED. ) ;
#2424 = DIRECTION ( 'NONE',  ( 0.000000000000000000, 0.000000000000000000, -1.000000000000000000 ) ) ;
#2425 = DIRECTION ( 'NONE',  ( 0.000000000000000000, 0.000000000000000000, 1.000000000000000000 ) ) ;
#2426 = CARTESIAN_POINT ( 'NONE',  ( 21.90463742410298664, 2.046741312999853513, 20.10832854327021835 ) ) ;
#2427 = VECTOR ( 'NONE', #3137, 1000.000000000000000 ) ;
#2428 = CARTESIAN_POINT ( 'NONE',  ( -2.500000000000000000, 0.7859999999999998099, 25.25000000000000355 ) ) ;
#2429 = CARTESIAN_POINT ( 'NONE',  ( 44.28572480547101975, 3.056678098159196999, 1.608092215005811898 ) ) ;
#2430 = DIRECTION ( 'NONE',  ( 0.000000000000000000, 0.000000000000000000, -1.000000000000000000 ) ) ;
#2431 = AXIS2_PLACEMENT_3D ( 'NONE', #3120, #1255, #5505 ) ;
#2432 = EDGE_LOOP ( 'NONE', ( #9319, #2330 ) ) ;
#2433 = VERTEX_POINT ( 'NONE', #4917 ) ;
#2434 = AXIS2_PLACEMENT_3D ( 'NONE', #5715, #7623, #834 ) ;
#2435 = CARTESIAN_POINT ( 'NONE',  ( 8.366672286893248156, 1.864172590761316695, 23.75000000000000000 ) ) ;
#2436 = CARTESIAN_POINT ( 'NONE',  ( 3.175000000000001155, -2.286000000000000032, 19.55000000000000071 ) ) ;
#2437 = LINE ( 'NONE', #7107, #8014 ) ;
#2438 = CARTESIAN_POINT ( 'NONE',  ( 42.77866005973528729, 3.431371464420772899, 3.743839587402915804E-05 ) ) ;
#2439 = ORIENTED_EDGE ( 'NONE', *, *, #496, .T. ) ;
#2440 = VECTOR ( 'NONE', #8780, 1000.000000000000000 ) ;
#2441 = CARTESIAN_POINT ( 'NONE',  ( 13.19999999999999396, -2.285999999999999588, 25.25608977586498938 ) ) ;
#2442 = CARTESIAN_POINT ( 'NONE',  ( 2.571758278209442450E-16, 2.286000000000000032, -16.94999999999999929 ) ) ;
#2443 = CARTESIAN_POINT ( 'NONE',  ( 39.05109119117715011, 2.518948890580822830, -2.207488095334764644 ) ) ;
#2444 = CARTESIAN_POINT ( 'NONE',  ( 23.71798044544667050, 3.050000000000000711, 28.47845382058048713 ) ) ;
#2445 = AXIS2_PLACEMENT_3D ( 'NONE', #3389, #310, #1893 ) ;
#2446 = CARTESIAN_POINT ( 'NONE',  ( 7.329387759767899801, 3.511063753437650092, -13.75112211714215071 ) ) ;
#2447 = ORIENTED_EDGE ( 'NONE', *, *, #7405, .T. ) ;
#2448 = ORIENTED_EDGE ( 'NONE', *, *, #8532, .F. ) ;
#2449 = VERTEX_POINT ( 'NONE', #4123 ) ;
#2450 = CARTESIAN_POINT ( 'NONE',  ( 12.19999999999999929, 0.7860000000050604285, 28.61461724824544106 ) ) ;
#2451 = CARTESIAN_POINT ( 'NONE',  ( 19.79196846283267774, 4.270031201140487731, 19.05867074616812573 ) ) ;
#2452 = CC_DESIGN_APPROVAL ( #3186, ( #9880 ) ) ;
#2453 = CARTESIAN_POINT ( 'NONE',  ( 34.49048797306425485, 2.869336261426269630, 20.00173705463582152 ) ) ;
#2454 = CARTESIAN_POINT ( 'NONE',  ( 3.135382751754560271, 2.286000000000000032, 18.55000000000000071 ) ) ;
#2455 = DIRECTION ( 'NONE',  ( 3.412570772413391368E-15, 1.000000000000000000, 2.275047181608927447E-15 ) ) ;
#2456 = CARTESIAN_POINT ( 'NONE',  ( -4.178901419670915551, 2.385417115377853392, -21.70987944040679807 ) ) ;
#2457 = CARTESIAN_POINT ( 'NONE',  ( 22.75757693691407368, 2.496288555783015006, -12.75084995203677174 ) ) ;
#2458 = APPROVAL_DATE_TIME ( #6345, #6613 ) ;
#2459 = ORIENTED_EDGE ( 'NONE', *, *, #856, .F. ) ;
#2460 = EDGE_LOOP ( 'NONE', ( #8368, #2856, #10205 ) ) ;
#2461 = VERTEX_POINT ( 'NONE', #6665 ) ;
#2462 = ORIENTED_EDGE ( 'NONE', *, *, #2206, .F. ) ;
#2463 = CARTESIAN_POINT ( 'NONE',  ( 5.199999999996657962, -3.049999999999999822, -22.85041977248753753 ) ) ;
#2464 = CARTESIAN_POINT ( 'NONE',  ( 27.09498664718438832, 2.402744986046436715, 21.10216635033301102 ) ) ;
#2465 = CARTESIAN_POINT ( 'NONE',  ( 0.5000000000000075495, 1.849405852229433433, -23.43499158684736017 ) ) ;
#2466 = CARTESIAN_POINT ( 'NONE',  ( 5.882712012700102910, 3.277825352307101259, -17.08175712152709025 ) ) ;
#2467 = ADVANCED_FACE ( 'NONE', ( #7355 ), #6574, .T. ) ;
#2468 = CARTESIAN_POINT ( 'NONE',  ( 15.28077507915696742, 5.525292152299219772, 3.517487953865578554 ) ) ;
#2469 = CARTESIAN_POINT ( 'NONE',  ( 42.80000000000000426, -3.049999999999999822, -1.207950251375300763E-14 ) ) ;
#2470 = CARTESIAN_POINT ( 'NONE',  ( 33.86889221386747550, 1.658101700442993653, 21.52154630890091980 ) ) ;
#2471 = VECTOR ( 'NONE', #1204, 1000.000000000000000 ) ;
#2472 = CARTESIAN_POINT ( 'NONE',  ( 26.78428352819459235, 3.135796744439595773, 11.78237115761764287 ) ) ;
#2474 = ADVANCED_FACE ( 'NONE', ( #9091 ), #197, .F. ) ;
#2473 = AXIS2_PLACEMENT_3D ( 'NONE', #10295, #9455, #871 ) ;
#2475 = VERTEX_POINT ( 'NONE', #4178 ) ;
#2476 = AXIS2_PLACEMENT_3D ( 'NONE', #9743, #5729, #3425 ) ;
#2477 = AXIS2_PLACEMENT_3D ( 'NONE', #9430, #10324, #4446 ) ;
#2478 = EDGE_CURVE ( 'NONE', #10261, #7668, #4574, .T. ) ;
#2479 = CARTESIAN_POINT ( 'NONE',  ( 26.87249460235747378, 5.181120865619911697, -0.1618604801923466396 ) ) ;
#2480 = CARTESIAN_POINT ( 'NONE',  ( -4.700000000013915269, 4.364883035253662946, -13.84999999999999787 ) ) ;
#2481 = CARTESIAN_POINT ( 'NONE',  ( 17.84732892831028295, 2.879857993687182205, 18.48951427265818026 ) ) ;
#2482 = FACE_OUTER_BOUND ( 'NONE', #7079, .T. ) ;
#2483 = EDGE_CURVE ( 'NONE', #5359, #2917, #7123, .T. ) ;
#2484 = CARTESIAN_POINT ( 'NONE',  ( 7.880760021561150630, -3.049999999999997158, -22.38483797423962685 ) ) ;
#2485 = VECTOR ( 'NONE', #2246, 1000.000000000000000 ) ;
#2486 = PLANE ( 'NONE',  #9721 ) ;
#2487 = AXIS2_PLACEMENT_3D ( 'NONE', #6644, #4253, #3553 ) ;
#2488 = B_SPLINE_CURVE_WITH_KNOTS ( 'NONE', 3,
 ( #2984, #3775, #10282, #6279 ),
 .UNSPECIFIED., .F., .F.,
 ( 4, 4 ),
 ( 0.0007159192551708993581, 0.0009670555636504045384 ),
 .UNSPECIFIED. ) ;
#2489 = ORIENTED_EDGE ( 'NONE', *, *, #9716, .F. ) ;
#2490 = CARTESIAN_POINT ( 'NONE',  ( 15.27060379597426021, 500000.0000000000582, 29.88650298521228521 ) ) ;
#2491 = CARTESIAN_POINT ( 'NONE',  ( 10.38435538331265739, 4.606709381957317717, -16.98623112774832933 ) ) ;
#2492 = DIRECTION ( 'NONE',  ( 0.000000000000000000, 0.000000000000000000, -1.000000000000000000 ) ) ;
#2493 = VECTOR ( 'NONE', #6495, 1000.000000000000000 ) ;
#2494 = FACE_BOUND ( 'NONE', #2066, .T. ) ;
#2495 = VERTEX_POINT ( 'NONE', #5068 ) ;
#2496 = DIRECTION ( 'NONE',  ( 3.412570772413391368E-15, 1.000000000000000000, 2.275047181608927447E-15 ) ) ;
#2497 = PLANE ( 'NONE',  #10196 ) ;
#2498 = CARTESIAN_POINT ( 'NONE',  ( -0.5000000000000000000, -2.286000000000000032, -15.87500000000000000 ) ) ;
#2499 = CARTESIAN_POINT ( 'NONE',  ( 18.17634967792891842, 4.637441365171168783, 17.67786410413823006 ) ) ;
#2500 = CARTESIAN_POINT ( 'NONE',  ( 12.69999999999999929, -2.286000000000000032, 29.64999999999999858 ) ) ;
#2501 = ORIENTED_EDGE ( 'NONE', *, *, #4092, .F. ) ;
#2502 = ORIENTED_EDGE ( 'NONE', *, *, #5369, .F. ) ;
#2503 = ADVANCED_FACE ( 'NONE', ( #5882 ), #6474, .T. ) ;
#2504 = DIRECTION ( 'NONE',  ( 0.000000000000000000, 0.000000000000000000, 1.000000000000000000 ) ) ;
#2505 = EDGE_LOOP ( 'NONE', ( #7977, #9814, #3828, #9816 ) ) ;
#2506 = CARTESIAN_POINT ( 'NONE',  ( 10.83650298521228450, 0.7859999999999998099, 29.17939620402573908 ) ) ;
#2507 = CARTESIAN_POINT ( 'NONE',  ( 5.882790976399321359, 3.481953141150234909, 17.08197755001894791 ) ) ;
#2508 = CYLINDRICAL_SURFACE ( 'NONE', #10184, 1.000000000000000888 ) ;
#2509 = DIRECTION ( 'NONE',  ( 0.000000000000000000, -1.000000000000000000, 0.000000000000000000 ) ) ;
#2510 = CARTESIAN_POINT ( 'NONE',  ( 5.199999999996655298, 1.879675573903843544, -22.85041977248721423 ) ) ;
#2511 = CARTESIAN_POINT ( 'NONE',  ( 35.82707049605597405, -3.050000000000000711, 31.57946129031659410 ) ) ;
#2512 = B_SPLINE_CURVE_WITH_KNOTS ( 'NONE', 3,
 ( #4964, #2426, #7407, #6572, #1643, #4817, #4070, #3277 ),
 .UNSPECIFIED., .F., .F.,
 ( 4, 2, 2, 4 ),
 ( 0.0007098158645268013095, 0.007052313887019336612, 0.01022356289826560974, 0.01339481190951188200 ),
 .UNSPECIFIED. ) ;
#2513 = CARTESIAN_POINT ( 'NONE',  ( -2.642786350748862478, 4.198048733800788135, 14.54945464548562661 ) ) ;
#2514 = ORIENTED_EDGE ( 'NONE', *, *, #1096, .F. ) ;
#2515 = VERTEX_POINT ( 'NONE', #5324 ) ;
#2516 = ORIENTED_EDGE ( 'NONE', *, *, #2273, .T. ) ;
#2517 = ORIENTED_EDGE ( 'NONE', *, *, #4802, .F. ) ;
#2518 = DIRECTION ( 'NONE',  ( 0.000000000000000000, 0.000000000000000000, -1.000000000000000000 ) ) ;
#2519 = DIRECTION ( 'NONE',  ( -8.659560562354948882E-17, 0.7071067811865463515, 0.7071067811865487940 ) ) ;
#2520 = CARTESIAN_POINT ( 'NONE',  ( -3.961000000000000298, 3.924999999999988276, -6.349999999999999645 ) ) ;
#2521 = EDGE_CURVE ( 'NONE', #7163, #10065, #157, .T. ) ;
#2522 = CARTESIAN_POINT ( 'NONE',  ( 18.93280180749617614, -1.131999999999999229, 26.22430497369037639 ) ) ;
#2523 = DIRECTION ( 'NONE',  ( -0.000000000000000000, -1.000000000000000000, -0.000000000000000000 ) ) ;
#2524 = CARTESIAN_POINT ( 'NONE',  ( 3.135382751754560271, -2.286000000000000032, 32.25000000000000000 ) ) ;
#2525 = CARTESIAN_POINT ( 'NONE',  ( -5.461000000025251211, 3.174999999999987388, 6.349999999999999645 ) ) ;
#2526 = CARTESIAN_POINT ( 'NONE',  ( 24.82303245644358469, 3.335340423995379222, 11.39402220832090329 ) ) ;
#2527 = ADVANCED_FACE ( 'NONE', ( #5266 ), #7502, .T. ) ;
#2528 = ADVANCED_FACE ( 'NONE', ( #4421 ), #8392, .F. ) ;
#2529 = ADVANCED_FACE ( 'NONE', ( #8491 ), #1095, .T. ) ;
#2530 = CARTESIAN_POINT ( 'NONE',  ( 27.06945293071867198, 4.016308744338757286, 9.095877813085749608 ) ) ;
#2531 = CARTESIAN_POINT ( 'NONE',  ( -4.700000000000000178, 6.288693143447854794, -12.35000000000000142 ) ) ;
#2532 = CARTESIAN_POINT ( 'NONE',  ( 2.571758278209442943E-16, 9.402733490373224257, -16.94999999999999929 ) ) ;
#2533 = DIRECTION ( 'NONE',  ( -0.000000000000000000, 1.000000000000000000, -0.000000000000000000 ) ) ;
#2534 = CARTESIAN_POINT ( 'NONE',  ( 38.69308020599738995, 3.327676244138474626, -8.472960404063156759 ) ) ;
#2535 = EDGE_CURVE ( 'NONE', #3006, #7382, #1885, .T. ) ;
#2536 = CARTESIAN_POINT ( 'NONE',  ( 38.54443461096892065, 1.884309260302749589, -4.014870867272024135 ) ) ;
#2537 = ORIENTED_EDGE ( 'NONE', *, *, #925, .F. ) ;
#2538 = EDGE_CURVE ( 'NONE', #9817, #1811, #6392, .T. ) ;
#2539 = CARTESIAN_POINT ( 'NONE',  ( -4.700000000000000178, 3.174999999999987388, 6.349999999999999645 ) ) ;
#2540 = EDGE_CURVE ( 'NONE', #10077, #10104, #1939, .T. ) ;
#2541 = CARTESIAN_POINT ( 'NONE',  ( 32.51909110275906301, 3.692150865603335497, 22.04854638691155699 ) ) ;
#2542 = DIRECTION ( 'NONE',  ( 1.000000000000000000, -0.000000000000000000, -0.000000000000000000 ) ) ;
#2543 = DIRECTION ( 'NONE',  ( -0.000000000000000000, -1.000000000000000000, -0.000000000000000000 ) ) ;
#2544 = EDGE_LOOP ( 'NONE', ( #7694, #4797, #180, #4208, #1543 ) ) ;
#2545 = CARTESIAN_POINT ( 'NONE',  ( -1.849519312827997863, 3.601648561673935323, -16.76972548159517373 ) ) ;
#2546 = FACE_BOUND ( 'NONE', #5038, .T. ) ;
#2547 = DIRECTION ( 'NONE',  ( 0.000000000000000000, 0.000000000000000000, -1.000000000000000000 ) ) ;
#2548 = CARTESIAN_POINT ( 'NONE',  ( 26.05607224837782354, 3.050000000000040234, 30.22491008127498091 ) ) ;
#2549 = LINE ( 'NONE', #8305, #8220 ) ;
#2550 = CARTESIAN_POINT ( 'NONE',  ( -4.700000000000000178, -3.049999999999999822, -12.35000000000000142 ) ) ;
#2551 = EDGE_CURVE ( 'NONE', #7829, #6132, #3481, .T. ) ;
#2552 = VERTEX_POINT ( 'NONE', #2685 ) ;
#2553 = ORIENTED_EDGE ( 'NONE', *, *, #7628, .F. ) ;
#2554 = MANIFOLD_SOLID_BREP ( '228-2500-2022', #5341 ) ;
#2555 = ORIENTED_EDGE ( 'NONE', *, *, #4923, .T. ) ;
#2556 = ORIENTED_EDGE ( 'NONE', *, *, #4099, .F. ) ;
#2557 = CARTESIAN_POINT ( 'NONE',  ( 12.19999999999999929, -2.286000000000000032, 25.25000000000000000 ) ) ;
#2558 = DIRECTION ( 'NONE',  ( 0.000000000000000000, 0.000000000000000000, -1.000000000000000000 ) ) ;
#2559 = CARTESIAN_POINT ( 'NONE',  ( 16.83054483986832750, 3.049999999999955858, 25.66723021204952460 ) ) ;
#2560 = FACE_OUTER_BOUND ( 'NONE', #3311, .T. ) ;
#2561 = CARTESIAN_POINT ( 'NONE',  ( 30.39979981006544207, -3.049999999999999822, -18.34100945216909295 ) ) ;
#2562 = CARTESIAN_POINT ( 'NONE',  ( 29.57474823165073019, 2.422725141300251739, -9.162655132639113020 ) ) ;
#2563 = VERTEX_POINT ( 'NONE', #454 ) ;
#2564 = ORIENTED_EDGE ( 'NONE', *, *, #2903, .T. ) ;
#2565 = ORIENTED_EDGE ( 'NONE', *, *, #9081, .T. ) ;
#2566 = EDGE_LOOP ( 'NONE', ( #6900, #1265, #5413, #7116 ) ) ;
#2567 = CARTESIAN_POINT ( 'NONE',  ( 38.25470866890540123, 2.396203592521514381, 26.99712577084007492 ) ) ;
#2568 = CYLINDRICAL_SURFACE ( 'NONE', #4021, 3.175000000000000711 ) ;
#2569 = DIRECTION ( 'NONE',  ( 1.000000000000000000, -0.000000000000000000, -0.000000000000000000 ) ) ;
#2570 = CYLINDRICAL_SURFACE ( 'NONE', #3430, 5.200000000000000178 ) ;
#2571 = DIRECTION ( 'NONE',  ( -0.000000000000000000, 1.000000000000000000, -0.000000000000000000 ) ) ;
#2572 = CARTESIAN_POINT ( 'NONE',  ( -2.389000000000000234, -3.049999999999995381, 12.34999999999999787 ) ) ;
#2573 = DIRECTION ( 'NONE',  ( 0.000000000000000000, 1.000000000000000000, 0.000000000000000000 ) ) ;
#2574 = CARTESIAN_POINT ( 'NONE',  ( 30.82818280242954145, 1.508511873166776818, 24.89933145526044811 ) ) ;
#2575 = B_SPLINE_SURFACE_WITH_KNOTS ( 'NONE', 3, 3, ( 
 ( #6122, #6018, #6070, #2776 ),
 ( #3783, #5371, #1346, #9448 ),
 ( #9387, #6908, #2991, #4571 ),
 ( #10076, #8437, #8651, #7597 ) ),
 .UNSPECIFIED., .F., .F., .F.,
 ( 4, 4 ),
 ( 4, 4 ),
 ( 0.000000000000000000, 0.08602022068396603105 ),
 ( 0.5573122723651068311, 0.6803506088996527090 ),
 .UNSPECIFIED. ) ;
#2576 = B_SPLINE_CURVE_WITH_KNOTS ( 'NONE', 3,
 ( #824, #9813, #5754, #4944 ),
 .UNSPECIFIED., .F., .F.,
 ( 4, 4 ),
 ( 4.511876408391527008E-05, 6.923334476733778602E-05 ),
 .UNSPECIFIED. ) ;
#2577 = B_SPLINE_CURVE_WITH_KNOTS ( 'NONE', 3,
 ( #2168, #2113, #2335, #8630, #3704, #4723, #3817, #525, #9480, #8688, #10155, #2278, #3024, #1379, #4605, #10374 ),
 .UNSPECIFIED., .F., .F.,
 ( 4, 2, 2, 2, 2, 2, 2, 4 ),
 ( 0.000000000000000000, 0.0003966412680157268937, 0.0007932825360314537874, 0.001189923804047180681, 0.001586565072062907575, 0.002379847608094361362, 0.002776488876110088256, 0.003173130144125815150 ),
 .UNSPECIFIED. ) ;
#2578 = CARTESIAN_POINT ( 'NONE',  ( 17.99650508185197140, 2.478656985798932233, 20.64943754245864582 ) ) ;
#2579 = CARTESIAN_POINT ( 'NONE',  ( 29.15266227528679721, 0.7859999999999998099, 33.54888883619776152 ) ) ;
#2580 = DIRECTION ( 'NONE',  ( 0.000000000000000000, 0.000000000000000000, -1.000000000000000000 ) ) ;
#2581 = CARTESIAN_POINT ( 'NONE',  ( 0.5000000000000001110, -2.286000000000000032, 28.61461724824544106 ) ) ;
#2582 = CARTESIAN_POINT ( 'NONE',  ( 37.32418408365666096, -3.049999999999997158, -9.720220656163734319 ) ) ;
#2583 = AXIS2_PLACEMENT_3D ( 'NONE', #2375, #8983, #6420 ) ;
#2584 = CARTESIAN_POINT ( 'NONE',  ( 31.15901471250613497, 2.161644455093203909, -9.328663141892530319 ) ) ;
#2585 = ORIENTED_EDGE ( 'NONE', *, *, #4534, .T. ) ;
#2586 = CARTESIAN_POINT ( 'NONE',  ( -0.5000000000000259792, 4.357715342954130655, 13.85803143469489207 ) ) ;
#2587 = CARTESIAN_POINT ( 'NONE',  ( 0.5000000000000013323, 1.136000000000000343, -22.71606055596467399 ) ) ;
#2588 = DIRECTION ( 'NONE',  ( -0.000000000000000000, -1.000000000000000000, -0.000000000000000000 ) ) ;
#2589 = CARTESIAN_POINT ( 'NONE',  ( -6.200000000000000178, 3.552970297029702795, 23.25000000000000000 ) ) ;
#2590 = AXIS2_PLACEMENT_3D ( 'NONE', #2687, #254, #5885 ) ;
#2591 = VERTEX_POINT ( 'NONE', #5925 ) ;
#2592 = EDGE_CURVE ( 'NONE', #8471, #772, #6079, .T. ) ;
#2593 = CARTESIAN_POINT ( 'NONE',  ( -4.700000000000000178, 3.924999999999987388, -9.435145863650536313 ) ) ;
#2594 = CARTESIAN_POINT ( 'NONE',  ( 6.200000000000000178, 500000.0000000000582, 23.75000000000000000 ) ) ;
#2595 = B_SPLINE_CURVE_WITH_KNOTS ( 'NONE', 3,
 ( #3488, #3341, #1891, #5120 ),
 .UNSPECIFIED., .F., .F.,
 ( 4, 4 ),
 ( 2.273746512251872964E-13, 0.004200462396745974908 ),
 .UNSPECIFIED. ) ;
#2596 = DIRECTION ( 'NONE',  ( 0.000000000000000000, -1.000000000000000000, -0.000000000000000000 ) ) ;
#2597 = VECTOR ( 'NONE', #3943, 1000.000000000000000 ) ;
#2598 = CARTESIAN_POINT ( 'NONE',  ( 16.94248890403582664, 2.286000000000037780, 27.04586178576730049 ) ) ;
#2599 = CARTESIAN_POINT ( 'NONE',  ( 34.75198504940669153, 2.418719506187772872, -7.939075248585544919 ) ) ;
#2600 = DIRECTION ( 'NONE',  ( 0.000000000000000000, -1.000000000000000000, -0.000000000000000000 ) ) ;
#2601 = ADVANCED_FACE ( 'NONE', ( #9137 ), #4322, .T. ) ;
#2602 = ORIENTED_EDGE ( 'NONE', *, *, #4078, .T. ) ;
#2603 = VERTEX_POINT ( 'NONE', #1988 ) ;
#2604 = VECTOR ( 'NONE', #5520, 1000.000000000000000 ) ;
#2605 = ORIENTED_EDGE ( 'NONE', *, *, #28, .F. ) ;
#2606 = EDGE_LOOP ( 'NONE', ( #6950, #3313, #5050, #2106 ) ) ;
#2607 = CARTESIAN_POINT ( 'NONE',  ( 44.30000000000001137, 3.215208333332865376, -5.967818955114029045 ) ) ;
#2608 = AXIS2_PLACEMENT_3D ( 'NONE', #9882, #5110, #248 ) ;
#2609 = CARTESIAN_POINT ( 'NONE',  ( 13.79047265064386352, 7.764305637367407087, -2.731376434565907285 ) ) ;
#2610 = CARTESIAN_POINT ( 'NONE',  ( 19.83486231626465823, 3.050000000000007816, 26.53611459550102936 ) ) ;
#2611 = CARTESIAN_POINT ( 'NONE',  ( -3.961000000000000298, 2.424999999999987832, 9.973189202894502614 ) ) ;
#2612 = ADVANCED_FACE ( 'NONE', ( #1195 ), #349, .F. ) ;
#2613 = CARTESIAN_POINT ( 'NONE',  ( 34.24912893945893444, 2.058133988528825231, 22.66359008772949224 ) ) ;
#2614 = AXIS2_PLACEMENT_3D ( 'NONE', #4397, #7294, #3601 ) ;
#2615 = LINE ( 'NONE', #426, #3336 ) ;
#2616 = VECTOR ( 'NONE', #1530, 1000.000000000000000 ) ;
#2617 = VERTEX_POINT ( 'NONE', #6027 ) ;
#2618 = ORIENTED_EDGE ( 'NONE', *, *, #993, .T. ) ;
#2619 = ORIENTED_EDGE ( 'NONE', *, *, #2131, .F. ) ;
#2620 = ORIENTED_EDGE ( 'NONE', *, *, #4749, .T. ) ;
#2621 = VECTOR ( 'NONE', #8558, 1000.000000000000000 ) ;
#2622 = CARTESIAN_POINT ( 'NONE',  ( 35.80695508974270069, 2.544725955613263313, 31.65371000724490713 ) ) ;
#2623 = CARTESIAN_POINT ( 'NONE',  ( 18.81985554329787291, 2.417604997615089513, 18.15389423687085468 ) ) ;
#2624 = DIRECTION ( 'NONE',  ( 0.000000000000000000, 1.000000000000000000, 0.000000000000000000 ) ) ;
#2625 = FACE_OUTER_BOUND ( 'NONE', #1048, .T. ) ;
#2626 = CARTESIAN_POINT ( 'NONE',  ( 0.000000000000000000, 500000.0000000000582, 12.84999999999999964 ) ) ;
#2627 = CARTESIAN_POINT ( 'NONE',  ( 13.19999999999999396, -2.285999999999999588, 25.25608977586498938 ) ) ;
#2628 = CARTESIAN_POINT ( 'NONE',  ( -4.699999999999999289, 0.000000000000000000, -19.55000000000000071 ) ) ;
#2629 = CARTESIAN_POINT ( 'NONE',  ( 27.68208431039104056, 1.689114301628131143, 22.97018392250889107 ) ) ;
#2630 = CARTESIAN_POINT ( 'NONE',  ( 23.40272538711903039, 4.416051837126165225, 8.615981735697827659 ) ) ;
#2631 = DIRECTION ( 'NONE',  ( 0.000000000000000000, 0.000000000000000000, -1.000000000000000000 ) ) ;
#2632 = DIRECTION ( 'NONE',  ( -0.000000000000000000, 1.000000000000000000, -0.000000000000000000 ) ) ;
#2633 = CARTESIAN_POINT ( 'NONE',  ( 2.535974883460637042, 1.978108739993995391, -22.82598867093840056 ) ) ;
#2634 = VECTOR ( 'NONE', #8255, 1000.000000000000000 ) ;
#2635 = EDGE_LOOP ( 'NONE', ( #1400, #2620, #1842, #10289 ) ) ;
#2636 = CIRCLE ( 'NONE', #5528, 2.100000000000000977 ) ;
#2637 = ADVANCED_FACE ( 'NONE', ( #9237 ), #9338, .T. ) ;
#2638 = CARTESIAN_POINT ( 'NONE',  ( 19.76859937739117967, 2.567945708544007388, 20.05839765180071055 ) ) ;
#2639 = CARTESIAN_POINT ( 'NONE',  ( 33.43169539123087475, 3.652428734046140768, 22.02592251718016669 ) ) ;
#2640 = CARTESIAN_POINT ( 'NONE',  ( 44.30000000000000426, -3.049999999999999822, -1.207950251375300763E-14 ) ) ;
#2641 = CARTESIAN_POINT ( 'NONE',  ( 16.56284008621289416, 2.285999999999954291, 26.96343594570909730 ) ) ;
#2642 = EDGE_CURVE ( 'NONE', #1478, #9760, #7649, .T. ) ;
#2643 = CARTESIAN_POINT ( 'NONE',  ( 5.200000000000000178, 500000.0000000000582, 19.05000000000000071 ) ) ;
#2644 = CARTESIAN_POINT ( 'NONE',  ( 8.437918597688003786, 5.300246027715088459, -14.61490372132615967 ) ) ;
#2645 = CIRCLE ( 'NONE', #2487, 3.225000000000000533 ) ;
#2646 = DIRECTION ( 'NONE',  ( -1.000000000000000000, 0.000000000000000000, 0.000000000000000000 ) ) ;
#2647 = CARTESIAN_POINT ( 'NONE',  ( 20.97797446232529239, 2.285999999999862364, 28.45745284717641610 ) ) ;
#2648 = CARTESIAN_POINT ( 'NONE',  ( 15.10146392488172040, 1.824092571015675013, -21.27446614737512931 ) ) ;
#2649 = FACE_OUTER_BOUND ( 'NONE', #3406, .T. ) ;
#2650 = EDGE_CURVE ( 'NONE', #2270, #3344, #7025, .T. ) ;
#2651 = EDGE_LOOP ( 'NONE', ( #827, #5001 ) ) ;
#2652 = ORIENTED_EDGE ( 'NONE', *, *, #1524, .F. ) ;
#2653 = ORIENTED_EDGE ( 'NONE', *, *, #5777, .T. ) ;
#2654 = EDGE_CURVE ( 'NONE', #5282, #8665, #4957, .T. ) ;
#2655 = ORIENTED_EDGE ( 'NONE', *, *, #7452, .F. ) ;
#2656 = VECTOR ( 'NONE', #10396, 1000.000000000000000 ) ;
#2657 = CARTESIAN_POINT ( 'NONE',  ( 27.78816964971906600, -2.286000000000000920, 31.90574054396228121 ) ) ;
#2658 = DIRECTION ( 'NONE',  ( 1.000000000000000000, -0.000000000000000000, -0.000000000000000000 ) ) ;
#2659 = DIRECTION ( 'NONE',  ( -0.000000000000000000, -1.000000000000000000, -0.000000000000000000 ) ) ;
#2660 = ADVANCED_FACE ( 'NONE', ( #9400 ), #9572, .T. ) ;
#2661 = CARTESIAN_POINT ( 'NONE',  ( 16.58392876121530080, 5.645582443421204744, 2.264097100521011985 ) ) ;
#2662 = CARTESIAN_POINT ( 'NONE',  ( 0.000000000000000000, 2.286000000000000032, -22.27499999999999858 ) ) ;
#2663 = CARTESIAN_POINT ( 'NONE',  ( 39.99214314743732501, 3.186485127252161487, 20.21357920833081678 ) ) ;
#2664 = ORIENTED_EDGE ( 'NONE', *, *, #1303, .F. ) ;
#2665 = ORIENTED_EDGE ( 'NONE', *, *, #2778, .F. ) ;
#2666 = EDGE_LOOP ( 'NONE', ( #6590, #1900, #9341, #219, #7045, #748 ) ) ;
#2667 = ADVANCED_FACE ( 'NONE', ( #6965 ), #3856, .T. ) ;
#2668 = ORIENTED_EDGE ( 'NONE', *, *, #9322, .T. ) ;
#2669 = CARTESIAN_POINT ( 'NONE',  ( 36.66709655221387720, 2.505125803547462837, 30.12202904738241216 ) ) ;
#2670 = DIRECTION ( 'NONE',  ( -0.000000000000000000, -1.000000000000000000, -0.000000000000000000 ) ) ;
#2671 = DIRECTION ( 'NONE',  ( -0.000000000000000000, -1.000000000000000000, -6.080943644713174412E-16 ) ) ;
#2672 = EDGE_CURVE ( 'NONE', #7904, #6687, #3795, .T. ) ;
#2673 = DIRECTION ( 'NONE',  ( 1.000000000000000000, 0.000000000000000000, 0.000000000000000000 ) ) ;
#2674 = LINE ( 'NONE', #5057, #5162 ) ;
#2675 = EDGE_CURVE ( 'NONE', #8272, #6941, #3059, .T. ) ;
#2676 = DIRECTION ( 'NONE',  ( 0.000000000000000000, 0.000000000000000000, -1.000000000000000000 ) ) ;
#2677 = DIRECTION ( 'NONE',  ( 0.000000000000000000, 0.000000000000000000, -1.000000000000000000 ) ) ;
#2678 = CARTESIAN_POINT ( 'NONE',  ( 18.73100845113170010, 3.846347628748746139, 10.72101054421804633 ) ) ;
#2679 = FACE_OUTER_BOUND ( 'NONE', #8470, .T. ) ;
#2680 = EDGE_CURVE ( 'NONE', #7370, #6222, #8604, .T. ) ;
#2681 = CARTESIAN_POINT ( 'NONE',  ( 25.05144792705757339, 5.484550969156090972, -0.1834253010926320260 ) ) ;
#2682 = DIRECTION ( 'NONE',  ( 0.000000000000000000, -6.080943644713174412E-16, 1.000000000000000000 ) ) ;
#2683 = CARTESIAN_POINT ( 'NONE',  ( 39.67192170284387487, 3.031521338467792592, -9.764582320316614883 ) ) ;
#2684 = B_SPLINE_CURVE_WITH_KNOTS ( 'NONE', 3,
 ( #3124, #7204, #792, #6363 ),
 .UNSPECIFIED., .F., .F.,
 ( 4, 4 ),
 ( 0.000000000000000000, 0.001054307824413964383 ),
 .UNSPECIFIED. ) ;
#2685 = CARTESIAN_POINT ( 'NONE',  ( -0.8890000000000000124, -3.049999999999999822, -12.84999999999999964 ) ) ;
#2686 = VERTEX_POINT ( 'NONE', #1355 ) ;
#2687 = CARTESIAN_POINT ( 'NONE',  ( 0.000000000000000000, 2.286000000000000032, 19.05000000000000071 ) ) ;
#2688 = CARTESIAN_POINT ( 'NONE',  ( 0.000000000000000000, 2.636000000000000121, -19.05000000000000071 ) ) ;
#2689 = CARTESIAN_POINT ( 'NONE',  ( 5.200000000000000178, -2.286000000026433554, 19.55000000000000071 ) ) ;
#2690 = CARTESIAN_POINT ( 'NONE',  ( 15.41673481549692326, 2.286000000000036003, 26.76303260890817981 ) ) ;
#2691 = DIRECTION ( 'NONE',  ( -0.000000000000000000, 0.000000000000000000, -1.000000000000000000 ) ) ;
#2692 = CARTESIAN_POINT ( 'NONE',  ( 5.200000000000000178, -3.049999999999999822, 19.05000000000000071 ) ) ;
#2693 = PLANE ( 'NONE',  #6861 ) ;
#2694 = LINE ( 'NONE', #5128, #2471 ) ;
#2695 = CARTESIAN_POINT ( 'NONE',  ( 3.469964656685835092, 2.222784405531547769, 22.35521121959075685 ) ) ;
#2696 = CARTESIAN_POINT ( 'NONE',  ( 17.03814345397244878, 6.127604423430801361, 2.174999999999075229 ) ) ;
#2697 = ORIENTED_EDGE ( 'NONE', *, *, #722, .T. ) ;
#2698 = ORIENTED_EDGE ( 'NONE', *, *, #1113, .T. ) ;
#2699 = ORIENTED_EDGE ( 'NONE', *, *, #2184, .F. ) ;
#2700 = ORIENTED_EDGE ( 'NONE', *, *, #6886, .F. ) ;
#2701 = B_SPLINE_CURVE_WITH_KNOTS ( 'NONE', 3,
 ( #10212, #583, #4445, #6266, #2969, #8466, #5406, #6215, #6159, #1271, #2865, #4669, #2170, #8632 ),
 .UNSPECIFIED., .F., .F.,
 ( 4, 2, 2, 2, 2, 2, 4 ),
 ( 4.336808689942017736E-19, 0.0007290631874477825113, 0.001093594781171680326, 0.001458126374895578250, 0.001822657968619476173, 0.002187189562343374097, 0.002916252749791159969 ),
 .UNSPECIFIED. ) ;
#2702 = CARTESIAN_POINT ( 'NONE',  ( 44.30000000000001137, 3.355000000000006644, -5.967818955114029045 ) ) ;
#2703 = CYLINDRICAL_SURFACE ( 'NONE', #9239, 4.200000000000001954 ) ;
#2704 = CARTESIAN_POINT ( 'NONE',  ( 23.01229024215789565, 3.050000000000007372, 28.04219733698407069 ) ) ;
#2705 = LINE ( 'NONE', #7580, #10376 ) ;
#2706 = DIRECTION ( 'NONE',  ( -0.000000000000000000, 1.000000000000000000, -0.000000000000000000 ) ) ;
#2707 = CARTESIAN_POINT ( 'NONE',  ( 42.58890039953989515, 1.271338667497077912, -7.422485224049702346 ) ) ;
#2708 = EDGE_CURVE ( 'NONE', #1903, #7586, #5323, .T. ) ;
#2709 = CARTESIAN_POINT ( 'NONE',  ( 41.85715086672871621, 3.307377217788450174, 11.83296522462447342 ) ) ;
#2710 = ORIENTED_EDGE ( 'NONE', *, *, #8550, .T. ) ;
#2711 = ORIENTED_EDGE ( 'NONE', *, *, #3486, .F. ) ;
#2712 = EDGE_CURVE ( 'NONE', #2393, #4488, #1477, .T. ) ;
#2713 = ORIENTED_EDGE ( 'NONE', *, *, #1166, .F. ) ;
#2714 = ORIENTED_EDGE ( 'NONE', *, *, #1586, .T. ) ;
#2715 = CARTESIAN_POINT ( 'NONE',  ( 44.11645981944545269, 1.512218994712607012, 5.121215863355780051 ) ) ;
#2716 = CARTESIAN_POINT ( 'NONE',  ( 12.86089389281613471, 5.873811912777643585, -2.362752869132455302 ) ) ;
#2717 = CARTESIAN_POINT ( 'NONE',  ( 35.88450355861115071, 1.688637985393907526, 19.07770628726787976 ) ) ;
#2718 = CARTESIAN_POINT ( 'NONE',  ( 37.03253368218814501, 3.058335167111181363, -3.963639648492397694 ) ) ;
#2719 = CARTESIAN_POINT ( 'NONE',  ( 0.000000000000000000, 500000.0000000000582, -19.05000000000000071 ) ) ;
#2720 = ADVANCED_FACE ( 'NONE', ( #3172, #9628 ), #8744, .T. ) ;
#2721 = LINE ( 'NONE', #6906, #967 ) ;
#2722 = B_SPLINE_CURVE_WITH_KNOTS ( 'NONE', 3,
 ( #2334, #6481, #4883, #2277 ),
 .UNSPECIFIED., .F., .F.,
 ( 4, 4 ),
 ( 4.550067246440896944E-15, 0.0004922877420793851351 ),
 .UNSPECIFIED. ) ;
#2723 = CARTESIAN_POINT ( 'NONE',  ( 18.09525666791797960, 4.504418107828572104, 7.585719554920729912 ) ) ;
#2724 = CARTESIAN_POINT ( 'NONE',  ( -3.961000000000000298, 3.174999999999987388, 6.349999999999999645 ) ) ;
#2725 = EDGE_CURVE ( 'NONE', #5649, #5359, #4016, .T. ) ;
#2726 = CARTESIAN_POINT ( 'NONE',  ( 16.26327334266192182, 2.529117556955845725, 20.45905961230411307 ) ) ;
#2727 = CARTESIAN_POINT ( 'NONE',  ( 9.564617248245438574, 500000.0000000000582, 32.25000000000000000 ) ) ;
#2728 = ADVANCED_FACE ( 'NONE', ( #7963 ), #493, .F. ) ;
#2729 = CARTESIAN_POINT ( 'NONE',  ( 44.07590644998553842, 2.972020001273501411, -6.137152538665964663 ) ) ;
#2730 = B_SPLINE_CURVE_WITH_KNOTS ( 'NONE', 3,
 ( #4313, #9972, #3414, #9874 ),
 .UNSPECIFIED., .F., .F.,
 ( 4, 4 ),
 ( 0.000000000000000000, 1.000000000000000000 ),
 .UNSPECIFIED. ) ;
#2731 = DIRECTION ( 'NONE',  ( 2.387869865561634326E-14, 0.000000000000000000, 1.000000000000000000 ) ) ;
#2732 = DIRECTION ( 'NONE',  ( -0.7071067811865463515, -8.659560562354948882E-17, 0.7071067811865487940 ) ) ;
#2733 = ORIENTED_EDGE ( 'NONE', *, *, #4674, .T. ) ;
#2734 = FACE_BOUND ( 'NONE', #3735, .T. ) ;
#2735 = CARTESIAN_POINT ( 'NONE',  ( 20.16325504235057409, -3.049999999999998490, 24.73863309098716812 ) ) ;
#2736 = CARTESIAN_POINT ( 'NONE',  ( 37.91674973932852311, 4.144652103356290418, -3.239690835010700098 ) ) ;
#2737 = CARTESIAN_POINT ( 'NONE',  ( 23.96864872446290207, 2.286000000000012466, 30.25367347735265255 ) ) ;
#2738 = CARTESIAN_POINT ( 'NONE',  ( 0.000000000000000000, 2.286000000000000032, -19.05000000000000071 ) ) ;
#2739 = DIRECTION ( 'NONE',  ( -4.265179193849230519E-12, 0.000000000000000000, -1.000000000000000000 ) ) ;
#2740 = AXIS2_PLACEMENT_3D ( 'NONE', #7882, #2264, #5508 ) ;
#2741 = FACE_OUTER_BOUND ( 'NONE', #9529, .T. ) ;
#2742 = CARTESIAN_POINT ( 'NONE',  ( 25.33672561186579486, 2.285999999999998700, 31.35368431938275435 ) ) ;
#2743 = FACE_OUTER_BOUND ( 'NONE', #456, .T. ) ;
#2744 = DIRECTION ( 'NONE',  ( 0.000000000000000000, 0.000000000000000000, 1.000000000000000000 ) ) ;
#2745 = VERTEX_POINT ( 'NONE', #5312 ) ;
#2746 = EDGE_LOOP ( 'NONE', ( #2004, #4737, #9421, #1432, #5938, #2585, #8294, #7811, #7798, #2754, #4696 ) ) ;
#2747 = ORIENTED_EDGE ( 'NONE', *, *, #2184, .T. ) ;
#2748 = EDGE_LOOP ( 'NONE', ( #8151, #7725, #1416, #5134, #2019, #8223, #364 ) ) ;
#2749 = VECTOR ( 'NONE', #9553, 1000.000000000000000 ) ;
#2750 = DIRECTION ( 'NONE',  ( 0.000000000000000000, 0.000000000000000000, 1.000000000000000000 ) ) ;
#2751 = CARTESIAN_POINT ( 'NONE',  ( 0.5000000000000000000, 1.136000000000000343, 22.71606055596467399 ) ) ;
#2752 = DIRECTION ( 'NONE',  ( 1.000000000000000000, -0.000000000000000000, -0.000000000000000000 ) ) ;
#2753 = LINE ( 'NONE', #9211, #8503 ) ;
#2754 = ORIENTED_EDGE ( 'NONE', *, *, #7047, .T. ) ;
#2755 = VECTOR ( 'NONE', #1457, 1000.000000000000000 ) ;
#2756 = CARTESIAN_POINT ( 'NONE',  ( -2.389000000000000234, 3.924999999999987388, -3.264854136349464753 ) ) ;
#2757 = PLANE ( 'NONE',  #7385 ) ;
#2758 = CARTESIAN_POINT ( 'NONE',  ( 44.11232951321632356, 1.318355062030915459, -5.478708089454773500 ) ) ;
#2759 = CARTESIAN_POINT ( 'NONE',  ( 42.61200061644412784, 3.395549866523538629, 5.011590018895569543 ) ) ;
#2760 = VECTOR ( 'NONE', #6939, 1000.000000000000000 ) ;
#2761 = VERTEX_POINT ( 'NONE', #662 ) ;
#2762 = ORIENTED_EDGE ( 'NONE', *, *, #5063, .T. ) ;
#2763 = ORIENTED_EDGE ( 'NONE', *, *, #9251, .T. ) ;
#2764 = VECTOR ( 'NONE', #8289, 1000.000000000000000 ) ;
#2765 = LINE ( 'NONE', #6009, #10409 ) ;
#2766 = ORIENTED_EDGE ( 'NONE', *, *, #10162, .F. ) ;
#2767 = CARTESIAN_POINT ( 'NONE',  ( 34.41537392648591975, 2.564674404027714516, 33.89633889443978632 ) ) ;
#2768 = CARTESIAN_POINT ( 'NONE',  ( 5.144790323749769634, 2.635999999999999233, -19.80573310411192978 ) ) ;
#2769 = LINE ( 'NONE', #3613, #5824 ) ;
#2770 = CARTESIAN_POINT ( 'NONE',  ( -0.5000000000000000000, 500000.0000000000582, 25.25000000000000000 ) ) ;
#2771 = AXIS2_PLACEMENT_3D ( 'NONE', #2116, #6104, #4556 ) ;
#2772 = DIRECTION ( 'NONE',  ( 3.412570772413391368E-15, 1.000000000000000000, 2.275047181608927447E-15 ) ) ;
#2773 = AXIS2_PLACEMENT_3D ( 'NONE', #5916, #5815, #9227 ) ;
#2774 = DIRECTION ( 'NONE',  ( 1.000000000000000000, -0.000000000000000000, -0.000000000000000000 ) ) ;
#2775 = CARTESIAN_POINT ( 'NONE',  ( 16.16482591234743893, 2.775062806007306371, 16.73980273089112814 ) ) ;
#2776 = CARTESIAN_POINT ( 'NONE',  ( -0.6569100350501279051, 3.594503458331375079, 16.92902842826180176 ) ) ;
#2777 = AXIS2_PLACEMENT_3D ( 'NONE', #7675, #423, #3654 ) ;
#2778 = EDGE_CURVE ( 'NONE', #2149, #4190, #274, .T. ) ;
#2779 = LOCAL_TIME ( 14, 39, 42.00000000000000000, #8867 ) ;
#2780 = CARTESIAN_POINT ( 'NONE',  ( 17.50528686181478477, 5.755529415086546585, 4.002311873857565594 ) ) ;
#2781 = DIRECTION ( 'NONE',  ( 1.000000000000000000, -0.000000000000000000, -0.000000000000000000 ) ) ;
#2782 = ADVANCED_FACE ( 'NONE', ( #10174 ), #10240, .T. ) ;
#2783 = CARTESIAN_POINT ( 'NONE',  ( 30.45442564530517160, 3.353812443688498401, -14.27421928873727275 ) ) ;
#2784 = DIRECTION ( 'NONE',  ( 0.000000000000000000, 1.000000000000000000, 0.000000000000000000 ) ) ;
#2785 = AXIS2_PLACEMENT_3D ( 'NONE', #3146, #7785, #7000 ) ;
#2786 = B_SPLINE_CURVE_WITH_KNOTS ( 'NONE', 3,
 ( #9458, #5381, #2370, #1409 ),
 .UNSPECIFIED., .F., .F.,
 ( 4, 4 ),
 ( 0.000000000000000000, 0.01195300561835157746 ),
 .UNSPECIFIED. ) ;
#2787 = VERTEX_POINT ( 'NONE', #3722 ) ;
#2788 = ADVANCED_FACE ( 'NONE', ( #6121 ), #714, .T. ) ;
#2789 = VERTEX_POINT ( 'NONE', #2929 ) ;
#2790 = B_SPLINE_CURVE_WITH_KNOTS ( 'NONE', 3,
 ( #2816, #10004, #481, #1175 ),
 .UNSPECIFIED., .F., .F.,
 ( 4, 4 ),
 ( 4.336808689942017736E-19, 0.002311006857033856207 ),
 .UNSPECIFIED. ) ;
#2791 = FACE_OUTER_BOUND ( 'NONE', #8493, .T. ) ;
#2792 = CARTESIAN_POINT ( 'NONE',  ( 16.51034038153090577, 0.2321154004195533638, 23.75000000000000711 ) ) ;
#2793 = CARTESIAN_POINT ( 'NONE',  ( 10.02877243789819595, 2.845490060561034262, -17.95859038641466299 ) ) ;
#2794 = CARTESIAN_POINT ( 'NONE',  ( -4.938346851767236423, 3.026307370799981467, -25.07782645051581483 ) ) ;
#2795 = ADVANCED_FACE ( 'NONE', ( #6179 ), #7126, .F. ) ;
#2796 = CARTESIAN_POINT ( 'NONE',  ( 0.000000000000000000, 1.136000000000000343, 19.05000000000000071 ) ) ;
#2797 = DIRECTION ( 'NONE',  ( 0.000000000000000000, -1.000000000000000000, 0.000000000000000000 ) ) ;
#2798 = DIRECTION ( 'NONE',  ( 0.000000000000000000, -1.000000000000000000, 0.000000000000000000 ) ) ;
#2799 = CARTESIAN_POINT ( 'NONE',  ( 19.91632571400402085, 2.285999999999987153, 27.98545274446278341 ) ) ;
#2800 = PLANE ( 'NONE',  #440 ) ;
#2801 = AXIS2_PLACEMENT_3D ( 'NONE', #1538, #7038, #567 ) ;
#2802 = CARTESIAN_POINT ( 'NONE',  ( -0.5000000000000001110, 2.636000000000000121, -13.87409428215698881 ) ) ;
#2803 = CIRCLE ( 'NONE', #5699, 4.000000000000003553 ) ;
#2804 = ORIENTED_EDGE ( 'NONE', *, *, #4479, .F. ) ;
#2805 = VERTEX_POINT ( 'NONE', #9329 ) ;
#2806 = ORIENTED_EDGE ( 'NONE', *, *, #994, .T. ) ;
#2807 = EDGE_LOOP ( 'NONE', ( #8457, #7289, #2176, #877 ) ) ;
#2808 = CARTESIAN_POINT ( 'NONE',  ( 0.000000000000000000, 2.286000000000000032, 31.75000000000000000 ) ) ;
#2809 = CARTESIAN_POINT ( 'NONE',  ( 8.437918597688003786, 3.238131594561466819, -14.61490372132615967 ) ) ;
#2810 = CARTESIAN_POINT ( 'NONE',  ( 38.93783575028795951, 2.149182097266372438, 4.324368715964554966 ) ) ;
#2811 = CARTESIAN_POINT ( 'NONE',  ( 5.199999999971584685, 1.873262802426090889, 23.74999999999999289 ) ) ;
#2812 = EDGE_LOOP ( 'NONE', ( #1347, #10135, #3512, #9058 ) ) ;
#2813 = AXIS2_PLACEMENT_3D ( 'NONE', #4096, #9769, #7330 ) ;
#2814 = CARTESIAN_POINT ( 'NONE',  ( -0.5000000000000002220, 1.635320220538125868, 14.87999664552341450 ) ) ;
#2815 = CARTESIAN_POINT ( 'NONE',  ( 34.44172831297854032, 2.060085673441854670, 22.47418799002991108 ) ) ;
#2816 = CARTESIAN_POINT ( 'NONE',  ( -2.389000000000000234, 6.292615397155794099, 12.34999999999999787 ) ) ;
#2817 = DIRECTION ( 'NONE',  ( 0.000000000000000000, 1.000000000000000000, 0.000000000000000000 ) ) ;
#2818 = VERTEX_POINT ( 'NONE', #7861 ) ;
#2819 = AXIS2_PLACEMENT_3D ( 'NONE', #9168, #288, #3517 ) ;
#2820 = ORIENTED_EDGE ( 'NONE', *, *, #1585, .T. ) ;
#2821 = ORIENTED_EDGE ( 'NONE', *, *, #8753, .T. ) ;
#2822 = CARTESIAN_POINT ( 'NONE',  ( 29.62543265607458309, 3.049999999999999822, 34.25002439615035854 ) ) ;
#2823 = CARTESIAN_POINT ( 'NONE',  ( 5.157323387000343651, 2.656616061872437484, -19.72041200037222097 ) ) ;
#2824 = CARTESIAN_POINT ( 'NONE',  ( 15.90063919030277795, 4.791736698147446738, 6.929478504486642265 ) ) ;
#2825 = CARTESIAN_POINT ( 'NONE',  ( 32.53964364722485669, 1.910346359751518008, 34.02641246180803591 ) ) ;
#2826 = AXIS2_PLACEMENT_3D ( 'NONE', #5192, #367, #272 ) ;
#2827 = CARTESIAN_POINT ( 'NONE',  ( -4.068474920173267506, 4.328916804726230083, -20.12761366665579388 ) ) ;
#2828 = PLANE ( 'NONE',  #6041 ) ;
#2829 = CARTESIAN_POINT ( 'NONE',  ( 15.41682250626360684, 2.807503567215853923, 16.70870792613845168 ) ) ;
#2830 = DIRECTION ( 'NONE',  ( 0.000000000000000000, 0.000000000000000000, 1.000000000000000000 ) ) ;
#2831 = ORIENTED_EDGE ( 'NONE', *, *, #7463, .T. ) ;
#2832 = ORIENTED_EDGE ( 'NONE', *, *, #5181, .T. ) ;
#2833 = CARTESIAN_POINT ( 'NONE',  ( 18.81985554329787291, 2.417604997615089513, 18.15389423687085468 ) ) ;
#2834 = CARTESIAN_POINT ( 'NONE',  ( 14.09331151120183812, 2.587535286064536866, 20.34695448987133659 ) ) ;
#2835 = DIRECTION ( 'NONE',  ( 0.000000000000000000, 0.000000000000000000, -1.000000000000000000 ) ) ;
#2836 = CARTESIAN_POINT ( 'NONE',  ( 12.22063395227918647, 3.049957575524252729, -22.99266387509277720 ) ) ;
#2837 = B_SPLINE_CURVE_WITH_KNOTS ( 'NONE', 3,
 ( #7051, #2221, #3756, #3927, #2906, #6992, #642, #4667, #3875, #10210 ),
 .UNSPECIFIED., .F., .F.,
 ( 4, 2, 2, 2, 4 ),
 ( 0.000000000000000000, 0.0002644892015523559901, 0.0005289784031047119802, 0.0007934676046570679703, 0.001057956806209423960 ),
 .UNSPECIFIED. ) ;
#2838 = DIRECTION ( 'NONE',  ( 1.000000000000000000, -0.000000000000000000, -0.000000000000000000 ) ) ;
#2839 = EDGE_CURVE ( 'NONE', #4781, #8579, #8053, .T. ) ;
#2840 = DIRECTION ( 'NONE',  ( 0.000000000000000000, -1.000000000000000000, 0.000000000000000000 ) ) ;
#2841 = EDGE_LOOP ( 'NONE', ( #4773, #7615, #4901, #6214 ) ) ;
#2842 = ORIENTED_EDGE ( 'NONE', *, *, #7401, .T. ) ;
#2843 = CARTESIAN_POINT ( 'NONE',  ( 44.14293347338475115, 2.279248022038428356, 0.02317390525384923142 ) ) ;
#2844 = DIRECTION ( 'NONE',  ( 0.000000000000000000, 0.000000000000000000, -1.000000000000000000 ) ) ;
#2845 = CARTESIAN_POINT ( 'NONE',  ( 18.82083408972587435, 2.286000000000006693, 27.57967765688324135 ) ) ;
#2846 = CARTESIAN_POINT ( 'NONE',  ( 13.13141681552572493, 4.594853833182600766, -16.32895373283018969 ) ) ;
#2847 = CARTESIAN_POINT ( 'NONE',  ( -0.5000000000000000000, 1.136000000000000343, 19.05000000000000071 ) ) ;
#2848 = CARTESIAN_POINT ( 'NONE',  ( 29.96204107889436585, 3.049999999999999822, 34.76480606396692963 ) ) ;
#2849 = CARTESIAN_POINT ( 'NONE',  ( 33.54376715937441844, 2.750381780537679788, 35.15768996153191495 ) ) ;
#2850 = ADVANCED_FACE ( 'NONE', ( #6343 ), #9396, .T. ) ;
#2851 = CARTESIAN_POINT ( 'NONE',  ( 42.30972596762712357, 1.883556715242479251, -2.237694072982867599 ) ) ;
#2852 = FACE_OUTER_BOUND ( 'NONE', #10385, .T. ) ;
#2853 = ORIENTED_EDGE ( 'NONE', *, *, #419, .F. ) ;
#2854 = ORIENTED_EDGE ( 'NONE', *, *, #2053, .F. ) ;
#2855 = ADVANCED_FACE ( 'NONE', ( #2241 ), #5548, .F. ) ;
#2856 = ORIENTED_EDGE ( 'NONE', *, *, #2725, .T. ) ;
#2857 = EDGE_CURVE ( 'NONE', #653, #4894, #7468, .T. ) ;
#2858 = B_SPLINE_CURVE_WITH_KNOTS ( 'NONE', 3,
 ( #8110, #7326, #9655, #74, #9766, #2507, #5749, #9009, #1762, #4991, #8211, #969, #4201, #9856, #1067, #7475, #7672, #3504, #2861, #10056, #9156, #7620 ),
 .UNSPECIFIED., .F., .F.,
 ( 4, 2, 2, 2, 2, 2, 2, 2, 2, 2, 4 ),
 ( 7.314492958066761574E-16, 0.001229748743516998529, 0.001844623115275132418, 0.002459497487033266306, 0.003689246230549543624, 0.004918994974065823977, 0.006148743717582104765, 0.006763618089340246893, 0.007378492461098389889, 0.008608241204614675013, 0.009837989948130961004 ),
 .UNSPECIFIED. ) ;
#2859 = ORIENTED_EDGE ( 'NONE', *, *, #2650, .T. ) ;
#2860 = CARTESIAN_POINT ( 'NONE',  ( 12.69999999999999218, -3.049999999999999822, 25.25000000000000000 ) ) ;
#2861 = CARTESIAN_POINT ( 'NONE',  ( 1.641437745695097705, 4.530256061757846453, 13.05687883288221229 ) ) ;
#2862 = CARTESIAN_POINT ( 'NONE',  ( 38.04467275173362850, 4.239399831758018600, -2.337024186309227591 ) ) ;
#2863 = CARTESIAN_POINT ( 'NONE',  ( 12.69999999999998863, -3.049999999999999822, 23.75000000000000000 ) ) ;
#2864 = ORIENTED_EDGE ( 'NONE', *, *, #7197, .T. ) ;
#2865 = CARTESIAN_POINT ( 'NONE',  ( 18.94252317797570129, 2.098340795373849765, 19.86256919574592672 ) ) ;
#2866 = CYLINDRICAL_SURFACE ( 'NONE', #2477, 2.000000000000001776 ) ;
#2867 = CARTESIAN_POINT ( 'NONE',  ( 8.316513181258256893, 3.411686156452710783, -13.93371039920362975 ) ) ;
#2868 = CARTESIAN_POINT ( 'NONE',  ( 3.354978583650092272, 5.204555643949752231, 16.50834214377627873 ) ) ;
#2869 = EDGE_CURVE ( 'NONE', #7828, #6276, #2549, .T. ) ;
#2870 = ORIENTED_EDGE ( 'NONE', *, *, #3627, .F. ) ;
#2871 = ORIENTED_EDGE ( 'NONE', *, *, #938, .F. ) ;
#2872 = EDGE_LOOP ( 'NONE', ( #5952, #7307, #5570, #3672, #2489, #8699, #9840, #8309 ) ) ;
#2873 = CARTESIAN_POINT ( 'NONE',  ( 29.96204107889436585, 3.049999999999999822, 34.76480606396692963 ) ) ;
#2874 = DIRECTION ( 'NONE',  ( 0.000000000000000000, 0.000000000000000000, -1.000000000000000000 ) ) ;
#2875 = DIRECTION ( 'NONE',  ( 0.000000000000000000, 1.000000000000000000, 0.000000000000000000 ) ) ;
#2876 = CARTESIAN_POINT ( 'NONE',  ( 0.000000000000000000, 500000.0000000000582, -12.84999999999999964 ) ) ;
#2877 = CARTESIAN_POINT ( 'NONE',  ( 12.42947177860806995, 3.049999999999999822, -25.21326748342011470 ) ) ;
#2878 = CARTESIAN_POINT ( 'NONE',  ( 14.18367096262263516, 2.858368389303379331, 16.67256985115692203 ) ) ;
#2879 = LINE ( 'NONE', #6857, #9189 ) ;
#2880 = EDGE_LOOP ( 'NONE', ( #427, #7909, #8414, #533 ) ) ;
#2881 = ORIENTED_EDGE ( 'NONE', *, *, #6109, .T. ) ;
#2882 = CARTESIAN_POINT ( 'NONE',  ( -4.700000000013915269, 4.890558722962143889, 13.84999999999999609 ) ) ;
#2883 = CARTESIAN_POINT ( 'NONE',  ( 16.43957260951532362, 4.174396625654938298, 12.31898104034808483 ) ) ;
#2884 = LINE ( 'NONE', #6913, #4977 ) ;
#2885 = CARTESIAN_POINT ( 'NONE',  ( 35.67789695859363519, 3.355695835863418797, -10.76833468504548463 ) ) ;
#2886 = DIRECTION ( 'NONE',  ( 0.000000000000000000, 0.000000000000000000, -1.000000000000000000 ) ) ;
#2887 = ORIENTED_EDGE ( 'NONE', *, *, #9033, .F. ) ;
#2888 = ORIENTED_EDGE ( 'NONE', *, *, #1286, .F. ) ;
#2889 = CARTESIAN_POINT ( 'NONE',  ( 44.29999666364016520, 1.489338440238882511, 0.02051696259675955467 ) ) ;
#2890 = CYLINDRICAL_SURFACE ( 'NONE', #1601, 3.174999999999997158 ) ;
#2891 = CARTESIAN_POINT ( 'NONE',  ( 3.618666611348289486, 1.865788203873121276, 23.79633830735195232 ) ) ;
#2892 = CARTESIAN_POINT ( 'NONE',  ( 36.91801450261971240, 4.220303688655089758, -4.057401827430183516 ) ) ;
#2893 = LINE ( 'NONE', #2210, #2907 ) ;
#2894 = CARTESIAN_POINT ( 'NONE',  ( 30.48476540097155052, 3.049999999999999822, 35.64121177865803958 ) ) ;
#2895 = CARTESIAN_POINT ( 'NONE',  ( 33.30486029864342612, 2.885330428132054870, 35.36344188867937532 ) ) ;
#2896 = CARTESIAN_POINT ( 'NONE',  ( 41.24078754271496194, 3.257871846536351867, 15.20891455803876546 ) ) ;
#2897 = CARTESIAN_POINT ( 'NONE',  ( 37.21580895850294723, 2.544165666496383427, 3.203169053660448906 ) ) ;
#2898 = ORIENTED_EDGE ( 'NONE', *, *, #4934, .F. ) ;
#2899 = ORIENTED_EDGE ( 'NONE', *, *, #518, .T. ) ;
#2900 = ORIENTED_EDGE ( 'NONE', *, *, #8883, .F. ) ;
#2901 = VERTEX_POINT ( 'NONE', #1898 ) ;
#2902 = LINE ( 'NONE', #6152, #1744 ) ;
#2903 = EDGE_CURVE ( 'NONE', #4, #2515, #3810, .T. ) ;
#2904 = PLANE ( 'NONE',  #3182 ) ;
#2905 = DIRECTION ( 'NONE',  ( 0.000000000000000000, 1.000000000000000000, 0.000000000000000000 ) ) ;
#2906 = CARTESIAN_POINT ( 'NONE',  ( 9.805998068980970928, 2.623588057276126317, -16.80662012358634172 ) ) ;
#2907 = VECTOR ( 'NONE', #629, 1000.000000000000000 ) ;
#2908 = ORIENTED_EDGE ( 'NONE', *, *, #8883, .T. ) ;
#2909 = FACE_OUTER_BOUND ( 'NONE', #8809, .T. ) ;
#2910 = CARTESIAN_POINT ( 'NONE',  ( 3.191755836087821763, 3.761060548819618710, -21.79381026685237899 ) ) ;
#2911 = ADVANCED_FACE ( 'NONE', ( #6732, #8356 ), #3925, .F. ) ;
#2912 = CARTESIAN_POINT ( 'NONE',  ( 43.04473270161822285, 1.247870045548323592, -7.033312251701631546 ) ) ;
#2913 = CARTESIAN_POINT ( 'NONE',  ( 1.372672842104435631, 5.583428040958934524, 15.07094908497988506 ) ) ;
#2914 = ORIENTED_EDGE ( 'NONE', *, *, #9188, .T. ) ;
#2915 = VERTEX_POINT ( 'NONE', #1260 ) ;
#2916 = VECTOR ( 'NONE', #6624, 1000.000000000000000 ) ;
#2917 = VERTEX_POINT ( 'NONE', #5183 ) ;
#2918 = ORIENTED_EDGE ( 'NONE', *, *, #2857, .T. ) ;
#2919 = FACE_OUTER_BOUND ( 'NONE', #5084, .T. ) ;
#2920 = VECTOR ( 'NONE', #3519, 1000.000000000000000 ) ;
#2921 = EDGE_CURVE ( 'NONE', #10315, #7338, #9584, .T. ) ;
#2922 = CARTESIAN_POINT ( 'NONE',  ( 42.80000000000000426, -3.049999999999999822, -1.207950251375300763E-14 ) ) ;
#2923 = CARTESIAN_POINT ( 'NONE',  ( 16.34068789222606455, 0.7859999999999998099, 25.51704626668023934 ) ) ;
#2924 = LINE ( 'NONE', #384, #1750 ) ;
#2925 = CARTESIAN_POINT ( 'NONE',  ( 30.02122356232727185, 2.785531229636434070, 35.75000000014869528 ) ) ;
#2926 = VECTOR ( 'NONE', #2624, 1000.000000000000000 ) ;
#2927 = ADVANCED_FACE ( 'NONE', ( #8505 ), #2800, .F. ) ;
#2928 = CARTESIAN_POINT ( 'NONE',  ( -4.700000000000000178, 3.174999999999990052, -6.349999999999999645 ) ) ;
#2929 = CARTESIAN_POINT ( 'NONE',  ( 43.04469286468209788, 1.247884251470437578, -7.033349702158986361 ) ) ;
#2930 = AXIS2_PLACEMENT_3D ( 'NONE', #5139, #8366, #5194 ) ;
#2931 = APPLICATION_PROTOCOL_DEFINITION ( 'international standard', 'config_control_design', 1994, #341 ) ;
#2932 = ORIENTED_EDGE ( 'NONE', *, *, #6364, .T. ) ;
#2933 = ORIENTED_EDGE ( 'NONE', *, *, #518, .F. ) ;
#2934 = AXIS2_PLACEMENT_3D ( 'NONE', #4131, #9095, #7415 ) ;
#2935 = CARTESIAN_POINT ( 'NONE',  ( 0.000000000000000000, -2.286000000000000032, 23.75000000000000000 ) ) ;
#2936 = ADVANCED_FACE ( 'NONE', ( #2743 ), #4537, .F. ) ;
#2937 = VECTOR ( 'NONE', #2772, 1000.000000000000000 ) ;
#2938 = CARTESIAN_POINT ( 'NONE',  ( 14.30145717902668778, 1.761540297596015270, 24.12660934483046660 ) ) ;
#2939 = CARTESIAN_POINT ( 'NONE',  ( 5.175905717843011900, 2.635999999995419785, -19.55000000000000071 ) ) ;
#2940 = CARTESIAN_POINT ( 'NONE',  ( -4.185496259871320568, 1.880495530486058220, -23.71874924611535818 ) ) ;
#2941 = CONICAL_SURFACE ( 'NONE', #8870, 3.224999999999998757, 0.7853981633974500554 ) ;
#2942 = AXIS2_PLACEMENT_3D ( 'NONE', #1468, #4698, #3901 ) ;
#2943 = CARTESIAN_POINT ( 'NONE',  ( 0.000000000000000000, 2.286000000000000032, 31.75000000000000000 ) ) ;
#2944 = AXIS2_PLACEMENT_3D ( 'NONE', #5890, #6039, #4381 ) ;
#2945 = VERTEX_POINT ( 'NONE', #8041 ) ;
#2946 = ORIENTED_EDGE ( 'NONE', *, *, #9923, .T. ) ;
#2947 = VERTEX_POINT ( 'NONE', #4029 ) ;
#2948 = VECTOR ( 'NONE', #3583, 1000.000000000000000 ) ;
#2949 = CARTESIAN_POINT ( 'NONE',  ( 44.29451217620677284, 1.637270589662292997, 0.03396607749774177565 ) ) ;
#2950 = CARTESIAN_POINT ( 'NONE',  ( 43.04469286468209788, 1.247884251470437578, -7.033349702158986361 ) ) ;
#2951 = CARTESIAN_POINT ( 'NONE',  ( 34.79407701662811547, 1.575197966264297422, 21.90044223003207335 ) ) ;
#2952 = CARTESIAN_POINT ( 'NONE',  ( 5.200000000000000178, -2.286000000026433554, 19.05000000000000071 ) ) ;
#2953 = CARTESIAN_POINT ( 'NONE',  ( 37.94081386392078059, 2.862112198215527314, 4.249839068775274065 ) ) ;
#2954 = CARTESIAN_POINT ( 'NONE',  ( 0.000000000000000000, 2.636000000000000121, 19.05000000000000071 ) ) ;
#2955 = CARTESIAN_POINT ( 'NONE',  ( 32.96251524580590342, 3.012593364559670750, 35.56530153443287645 ) ) ;
#2956 = CARTESIAN_POINT ( 'NONE',  ( 34.23622158370593382, 3.069721430381193272, 33.26650113485283811 ) ) ;
#2957 = CARTESIAN_POINT ( 'NONE',  ( 9.086267305293583618, 2.492494744821165842, -17.51556310104301062 ) ) ;
#2958 = ORIENTED_EDGE ( 'NONE', *, *, #9373, .T. ) ;
#2959 = ORIENTED_EDGE ( 'NONE', *, *, #4613, .T. ) ;
#2960 = ORIENTED_EDGE ( 'NONE', *, *, #4867, .T. ) ;
#2961 = ORIENTED_EDGE ( 'NONE', *, *, #5805, .F. ) ;
#2962 = EDGE_CURVE ( 'NONE', #3529, #5975, #1736, .T. ) ;
#2963 = CARTESIAN_POINT ( 'NONE',  ( 28.46628668079866031, -1.016666666666666385, 30.27150665569725874 ) ) ;
#2964 = LINE ( 'NONE', #10153, #5721 ) ;
#2965 = CARTESIAN_POINT ( 'NONE',  ( 7.571893193904450925, 3.678836365475329107, -15.11490372132768556 ) ) ;
#2966 = CARTESIAN_POINT ( 'NONE',  ( 20.38888158595248612, -3.050000000000000266, 25.13780569267461118 ) ) ;
#2967 = AXIS2_PLACEMENT_3D ( 'NONE', #6883, #1161, #3694 ) ;
#2968 = ORIENTED_EDGE ( 'NONE', *, *, #7457, .T. ) ;
#2969 = CARTESIAN_POINT ( 'NONE',  ( 18.13432463184690491, 2.238931086824776262, 19.14916987442570218 ) ) ;
#2970 = FACE_OUTER_BOUND ( 'NONE', #4531, .T. ) ;
#2971 = VECTOR ( 'NONE', #5033, 1000.000000000000000 ) ;
#2972 = CARTESIAN_POINT ( 'NONE',  ( 42.56628763764891943, 3.238925584220353038, -4.426576075537411725 ) ) ;
#2973 = CARTESIAN_POINT ( 'NONE',  ( 1.885222519589710766, 3.660346073165235303, 22.81347599301386353 ) ) ;
#2974 = FACE_OUTER_BOUND ( 'NONE', #8483, .T. ) ;
#2975 = EDGE_CURVE ( 'NONE', #3758, #8090, #390, .T. ) ;
#2976 = ORIENTED_EDGE ( 'NONE', *, *, #7561, .T. ) ;
#2977 = ORIENTED_EDGE ( 'NONE', *, *, #4928, .T. ) ;
#2978 = ORIENTED_EDGE ( 'NONE', *, *, #6810, .T. ) ;
#2979 = ORIENTED_EDGE ( 'NONE', *, *, #4404, .T. ) ;
#2981 = EDGE_CURVE ( 'NONE', #9306, #7771, #906, .T. ) ;
#2980 = VECTOR ( 'NONE', #2840, 1000.000000000000000 ) ;
#2982 = CARTESIAN_POINT ( 'NONE',  ( 2.571758278209439985E-16, 2.286000000000000032, 33.85000000000000853 ) ) ;
#2983 = CARTESIAN_POINT ( 'NONE',  ( 31.15898901277932609, 2.675074937201667336, -9.328679523331132373 ) ) ;
#2984 = CARTESIAN_POINT ( 'NONE',  ( 39.09999999999701004, 1.923843482732224164, -2.849519733242339203 ) ) ;
#2985 = CARTESIAN_POINT ( 'NONE',  ( -0.5000000000000002220, 2.635999999995419785, 13.87409428215698881 ) ) ;
#2986 = FACE_OUTER_BOUND ( 'NONE', #9491, .T. ) ;
#2987 = DIRECTION ( 'NONE',  ( 1.000000000000000000, -0.000000000000000000, -0.000000000000000000 ) ) ;
#2988 = VECTOR ( 'NONE', #10447, 999.9999999999998863 ) ;
#2989 = CARTESIAN_POINT ( 'NONE',  ( 12.90264325940524692, 2.252615957363006238, 19.56653904629493113 ) ) ;
#2990 = ADVANCED_FACE ( 'NONE', ( #1273 ), #3708, .F. ) ;
#2991 = CARTESIAN_POINT ( 'NONE',  ( -3.365111634436235732, 3.878350038407349487, 15.83792252249552668 ) ) ;
#2992 = ORIENTED_EDGE ( 'NONE', *, *, #264, .T. ) ;
#2993 = ORIENTED_EDGE ( 'NONE', *, *, #3193, .F. ) ;
#2994 = B_SPLINE_CURVE_WITH_KNOTS ( 'NONE', 3,
 ( #3166, #880, #3317, #6463 ),
 .UNSPECIFIED., .F., .F.,
 ( 4, 4 ),
 ( 0.000000000000000000, 1.000000000000000000 ),
 .UNSPECIFIED. ) ;
#2995 = EDGE_CURVE ( 'NONE', #6260, #1670, #2790, .T. ) ;
#2996 = EDGE_CURVE ( 'NONE', #10455, #3648, #2423, .T. ) ;
#2997 = CARTESIAN_POINT ( 'NONE',  ( 7.416215363928842841, 3.764795268324313327, -14.79843045556823178 ) ) ;
#2998 = CARTESIAN_POINT ( 'NONE',  ( -4.200000000000000178, -3.049999999999999822, 23.25000000000000000 ) ) ;
#2999 = VECTOR ( 'NONE', #3815, 1000.000000000000000 ) ;
#3000 = CARTESIAN_POINT ( 'NONE',  ( 28.36268206777216960, 4.260442156068069863, -0.6905078774845472278 ) ) ;
#3001 = CARTESIAN_POINT ( 'NONE',  ( -1.342524616330906362, 4.852995106387433921, 11.89377483619085574 ) ) ;
#3002 = CARTESIAN_POINT ( 'NONE',  ( 13.19999999999999396, 0.7860000000050604285, 28.61461724824544106 ) ) ;
#3003 = CARTESIAN_POINT ( 'NONE',  ( 43.61372196318700389, -3.049999999999999822, -6.542676607850895998 ) ) ;
#3004 = DIRECTION ( 'NONE',  ( 0.000000000000000000, 0.000000000000000000, -1.000000000000000000 ) ) ;
#3005 = ADVANCED_FACE ( 'NONE', ( #2119 ), #101, .F. ) ;
#3006 = VERTEX_POINT ( 'NONE', #7625 ) ;
#3007 = ORIENTED_EDGE ( 'NONE', *, *, #4525, .T. ) ;
#3008 = ORIENTED_EDGE ( 'NONE', *, *, #5325, .F. ) ;
#3009 = CARTESIAN_POINT ( 'NONE',  ( 43.89431541350396770, 2.697012973889871823, 0.01494504697811095684 ) ) ;
#3010 = CARTESIAN_POINT ( 'NONE',  ( 15.27060379597426021, -2.286000000000000032, 29.88650298521228521 ) ) ;
#3011 = CARTESIAN_POINT ( 'NONE',  ( 37.26707920661464613, 4.183075085141036986, 10.14527629534286213 ) ) ;
#3012 = LINE ( 'NONE', #2209, #4139 ) ;
#3013 = DIRECTION ( 'NONE',  ( 0.000000000000000000, 0.000000000000000000, 1.000000000000000000 ) ) ;
#3014 = CARTESIAN_POINT ( 'NONE',  ( 38.09999999999790532, 2.142178090387947709, -2.600000000002133049 ) ) ;
#3015 = CARTESIAN_POINT ( 'NONE',  ( 34.41537392648591975, 2.564674404027710519, 33.89633889443978632 ) ) ;
#3016 = CARTESIAN_POINT ( 'NONE',  ( 17.82437353831945615, 2.927304116758207453, 18.24884463320602990 ) ) ;
#3017 = ORIENTED_EDGE ( 'NONE', *, *, #392, .T. ) ;
#3018 = ORIENTED_EDGE ( 'NONE', *, *, #4171, .F. ) ;
#3019 = ORIENTED_EDGE ( 'NONE', *, *, #1449, .T. ) ;
#3020 = ORIENTED_EDGE ( 'NONE', *, *, #6810, .F. ) ;
#3021 = CARTESIAN_POINT ( 'NONE',  ( 31.60000000000000142, -3.049999999999999822, 37.95000000000000284 ) ) ;
#3022 = DIRECTION ( 'NONE',  ( 0.000000000000000000, -1.000000000000000000, 0.000000000000000000 ) ) ;
#3023 = CARTESIAN_POINT ( 'NONE',  ( 1.863497014787711681, -2.286000000000000032, 29.17939620402573908 ) ) ;
#3024 = CARTESIAN_POINT ( 'NONE',  ( -6.137536275695937960, 3.424170175941533945, 23.76255620160270965 ) ) ;
#3025 = ORIENTED_EDGE ( 'NONE', *, *, #6287, .F. ) ;
#3026 = CARTESIAN_POINT ( 'NONE',  ( -4.700000000000000178, 2.424999999999991829, 12.34999999999999787 ) ) ;
#3027 = CARTESIAN_POINT ( 'NONE',  ( 5.200000000000000178, 500000.0000000000582, 19.05000000000000071 ) ) ;
#3028 = CARTESIAN_POINT ( 'NONE',  ( -1.130021360976041743E-15, 3.484368460139444235, -23.25000000000000711 ) ) ;
#3029 = CARTESIAN_POINT ( 'NONE',  ( 34.49048797268398658, 2.146867881762197339, 20.00173705569463323 ) ) ;
#3030 = CARTESIAN_POINT ( 'NONE',  ( 4.069714843250317848, 4.312714033819734283, 20.12272731123071168 ) ) ;
#3031 = CARTESIAN_POINT ( 'NONE',  ( 13.19999999999999396, 500000.0000000000582, 28.61461724824544106 ) ) ;
#3032 = VERTEX_POINT ( 'NONE', #6897 ) ;
#3033 = ORIENTED_EDGE ( 'NONE', *, *, #8037, .T. ) ;
#3034 = VERTEX_POINT ( 'NONE', #6106 ) ;
#3035 = EDGE_CURVE ( 'NONE', #2461, #8020, #9315, .T. ) ;
#3036 = CARTESIAN_POINT ( 'NONE',  ( 12.29780468087527723, 7.015184459124964356, -6.495521126602735507 ) ) ;
#3037 = ORIENTED_EDGE ( 'NONE', *, *, #2725, .F. ) ;
#3038 = CARTESIAN_POINT ( 'NONE',  ( 0.000000000000000000, -3.049999999999999822, 19.05000000000000071 ) ) ;
#3039 = CARTESIAN_POINT ( 'NONE',  ( 5.352156326210805837, 1.866974635596200693, -22.87758896567157407 ) ) ;
#3040 = PLANE ( 'NONE',  #5122 ) ;
#3041 = FACE_OUTER_BOUND ( 'NONE', #8019, .T. ) ;
#3042 = CARTESIAN_POINT ( 'NONE',  ( 37.59999999999748610, 2.433024646861195794, -1.100000000000725286 ) ) ;
#3043 = CARTESIAN_POINT ( 'NONE',  ( -4.700000000000000178, 2.424999999999986500, -10.72518239619396851 ) ) ;
#3044 = DIRECTION ( 'NONE',  ( 1.000000000000000000, -0.000000000000000000, -0.000000000000000000 ) ) ;
#3045 = CC_DESIGN_PERSON_AND_ORGANIZATION_ASSIGNMENT ( #3723, #6958, ( #2123 ) ) ;
#3046 = PERSON_AND_ORGANIZATION ( #9736, #8355 ) ;
#3047 = EDGE_LOOP ( 'NONE', ( #592, #8362, #8374, #1061 ) ) ;
#3048 = ORIENTED_EDGE ( 'NONE', *, *, #3509, .F. ) ;
#3049 = CARTESIAN_POINT ( 'NONE',  ( -5.461000000025251211, 3.174999999999987388, 8.450000000000001066 ) ) ;
#3050 = CARTESIAN_POINT ( 'NONE',  ( -5.806793316734059296, 3.258058239425760672, -24.42094217571567683 ) ) ;
#3051 = LINE ( 'NONE', #1724, #5646 ) ;
#3052 = CARTESIAN_POINT ( 'NONE',  ( -0.5926650646448554660, 4.608843598869055036, 12.84999999999999609 ) ) ;
#3053 = EDGE_CURVE ( 'NONE', #7953, #6901, #3659, .T. ) ;
#3054 = CARTESIAN_POINT ( 'NONE',  ( 11.60119501693603894, 4.447120607591949160, 12.19490475990909495 ) ) ;
#3055 = DIRECTION ( 'NONE',  ( -0.000000000000000000, -1.000000000000000000, -0.000000000000000000 ) ) ;
#3056 = CARTESIAN_POINT ( 'NONE',  ( -4.700000000000000178, 2.424999999999986944, 0.7500000000000000000 ) ) ;
#3057 = B_SPLINE_CURVE_WITH_KNOTS ( 'NONE', 3,
 ( #6275, #6333, #9552, #5415 ),
 .UNSPECIFIED., .F., .F.,
 ( 4, 4 ),
 ( 0.001340946245317661562, 0.001572764815289275911 ),
 .UNSPECIFIED. ) ;
#3058 = EDGE_CURVE ( 'NONE', #9921, #2408, #3432, .T. ) ;
#3059 = LINE ( 'NONE', #10244, #4323 ) ;
#3060 = ADVANCED_FACE ( 'NONE', ( #6349 ), #2307, .T. ) ;
#3061 = ORIENTED_EDGE ( 'NONE', *, *, #2202, .F. ) ;
#3062 = ORIENTED_EDGE ( 'NONE', *, *, #5840, .F. ) ;
#3063 = EDGE_CURVE ( 'NONE', #6648, #7052, #670, .T. ) ;
#3064 = CARTESIAN_POINT ( 'NONE',  ( 12.69999999999999218, -3.049999999999999822, 23.75000000000000000 ) ) ;
#3065 = CARTESIAN_POINT ( 'NONE',  ( 27.31581144188621124, 1.637737272122024246, 29.56871257009547094 ) ) ;
#3066 = DIRECTION ( 'NONE',  ( 0.000000000000000000, 1.000000000000000000, 2.275047181608927447E-15 ) ) ;
#3067 = CARTESIAN_POINT ( 'NONE',  ( 38.73556972924895092, 2.743975091568498836, 3.245628842237358036 ) ) ;
#3068 = CARTESIAN_POINT ( 'NONE',  ( -0.8890000000000001235, 6.091835505776908910, -6.742966804084629118 ) ) ;
#3069 = CARTESIAN_POINT ( 'NONE',  ( -4.700000000000000178, 2.424999999999991829, 12.34999999999999787 ) ) ;
#3070 = CARTESIAN_POINT ( 'NONE',  ( 44.30007597850470091, 3.056171460188887412, -0.05251975442503310776 ) ) ;
#3071 = CARTESIAN_POINT ( 'NONE',  ( -4.699999999999997513, 2.009466202051466421, -23.21895964886240193 ) ) ;
#3072 = ORIENTED_EDGE ( 'NONE', *, *, #5805, .T. ) ;
#3073 = ORIENTED_EDGE ( 'NONE', *, *, #4879, .F. ) ;
#3074 = ORIENTED_EDGE ( 'NONE', *, *, #4655, .F. ) ;
#3075 = ORIENTED_EDGE ( 'NONE', *, *, #799, .T. ) ;
#3076 = DIRECTION ( 'NONE',  ( -0.000000000000000000, -1.636613475592550649E-15, -1.000000000000000000 ) ) ;
#3077 = DIRECTION ( 'NONE',  ( -0.000000000000000000, 1.000000000000000000, -0.000000000000000000 ) ) ;
#3078 = B_SPLINE_SURFACE_WITH_KNOTS ( 'NONE', 3, 1, ( 
 ( #6551, #3404 ),
 ( #5596, #4100 ),
 ( #1568, #7332 ),
 ( #1622, #4790 ),
 ( #5645, #4003 ),
 ( #10453, #8115 ),
 ( #8865, #81 ),
 ( #9161, #5093 ),
 ( #8371, #10005 ) ),
 .UNSPECIFIED., .F., .F., .F.,
 ( 4, 1, 1, 1, 1, 1, 4 ),
 ( 2, 2 ),
 ( 0.000000000000000000, 0.01743511021661969806, 0.09279525000297406123, 0.2435155295756826765, 0.3942358091483912919, 0.4695959489347455995, 0.4861177725729879939 ),
 ( 0.000000000000000000, 1.000000000000000000 ),
 .UNSPECIFIED. ) ;
#3079 = CARTESIAN_POINT ( 'NONE',  ( 16.19051893190481550, 7.335799514878553751, 4.302209730029348478 ) ) ;
#3080 = LINE ( 'NONE', #5521, #4125 ) ;
#3081 = ORIENTED_EDGE ( 'NONE', *, *, #9460, .T. ) ;
#3082 = FACE_OUTER_BOUND ( 'NONE', #216, .T. ) ;
#3083 = CARTESIAN_POINT ( 'NONE',  ( 3.352127314313077644, 5.071263627197977186, -16.50501097458770161 ) ) ;
#3084 = CARTESIAN_POINT ( 'NONE',  ( -2.584051291186681532, 3.749252500809185484, -22.37249737149040385 ) ) ;
#3085 = DIRECTION ( 'NONE',  ( -1.000000000000000000, 0.000000000000000000, 0.000000000000000000 ) ) ;
#3086 = CARTESIAN_POINT ( 'NONE',  ( -1.513303082458658189, 3.049999999999998046, 25.25000000000001066 ) ) ;
#3087 = FACE_OUTER_BOUND ( 'NONE', #9305, .T. ) ;
#3088 = ORIENTED_EDGE ( 'NONE', *, *, #3208, .F. ) ;
#3089 = ORIENTED_EDGE ( 'NONE', *, *, #3847, .F. ) ;
#3090 = EDGE_LOOP ( 'NONE', ( #2655, #7411 ) ) ;
#3091 = EDGE_LOOP ( 'NONE', ( #2222, #8427, #643, #7003 ) ) ;
#3092 = DIRECTION ( 'NONE',  ( 0.000000000000000000, -1.000000000000000000, 0.000000000000000000 ) ) ;
#3093 = PLANE ( 'NONE',  #283 ) ;
#3094 = DIRECTION ( 'NONE',  ( 0.000000000000000000, -1.000000000000000000, -0.000000000000000000 ) ) ;
#3095 = CARTESIAN_POINT ( 'NONE',  ( 10.83650298521228450, -2.286000000000000032, 29.17939620402573908 ) ) ;
#3096 = CARTESIAN_POINT ( 'NONE',  ( 38.34794005302531161, 2.254283914724848348, -1.296144066477010970 ) ) ;
#3097 = CYLINDRICAL_SURFACE ( 'NONE', #3501, 5.200000000000000178 ) ;
#3098 = VECTOR ( 'NONE', #4895, 1000.000000000000000 ) ;
#3099 = DIRECTION ( 'NONE',  ( 0.000000000000000000, 0.000000000000000000, 1.000000000000000000 ) ) ;
#3100 = PERSON_AND_ORGANIZATION ( #9736, #8355 ) ;
#3101 = EDGE_LOOP ( 'NONE', ( #7506, #365, #5451, #8323, #9420 ) ) ;
#3102 = DIRECTION ( 'NONE',  ( 0.000000000000000000, -1.000000000000000000, 0.000000000000000000 ) ) ;
#3103 = CARTESIAN_POINT ( 'NONE',  ( -6.104747398116225909, 3.402160939622031144, -23.84943113707938878 ) ) ;
#3104 = CARTESIAN_POINT ( 'NONE',  ( 33.74356754643927303, 3.295080827629405018, -0.5437369144060383297 ) ) ;
#3105 = ADVANCED_FACE ( 'NONE', ( #5554 ), #3335, .T. ) ;
#3106 = CARTESIAN_POINT ( 'NONE',  ( 6.045540264682820464, 3.127554323208373344, -17.66032500009567840 ) ) ;
#3107 = VECTOR ( 'NONE', #5605, 1000.000000000000000 ) ;
#3108 = CARTESIAN_POINT ( 'NONE',  ( 6.431889601900352638, 5.651294780407381424, 7.986105610531585519 ) ) ;
#3109 = CARTESIAN_POINT ( 'NONE',  ( 37.94081386392079480, 4.392236615437743019, 4.249839068775280282 ) ) ;
#3110 = CARTESIAN_POINT ( 'NONE',  ( -5.408686238303566540, 3.145074048504801212, -24.86641286613491530 ) ) ;
#3111 = CARTESIAN_POINT ( 'NONE',  ( -4.648005443713014273, 1.943303660687298873, 23.50758241795599091 ) ) ;
#3112 = VECTOR ( 'NONE', #5306, 1000.000000000000000 ) ;
#3113 = EDGE_CURVE ( 'NONE', #5829, #9903, #32, .T. ) ;
#3114 = ORIENTED_EDGE ( 'NONE', *, *, #9676, .F. ) ;
#3115 = ORIENTED_EDGE ( 'NONE', *, *, #472, .F. ) ;
#3116 = VECTOR ( 'NONE', #3573, 1000.000000000000000 ) ;
#3117 = EDGE_CURVE ( 'NONE', #621, #3213, #8103, .T. ) ;
#3118 = CARTESIAN_POINT ( 'NONE',  ( -2.389000000000000679, -3.049999999999999822, -0.7500000000000006661 ) ) ;
#3119 = CARTESIAN_POINT ( 'NONE',  ( 30.55786266765219494, 1.591092422980345367, 33.20307122911621889 ) ) ;
#3120 = CARTESIAN_POINT ( 'NONE',  ( 37.59999999999681819, 2.606638053323526716, -2.852819276695400585 ) ) ;
#3121 = CONICAL_SURFACE ( 'NONE', #7184, 3.700000000000000622, 0.7853981633974500554 ) ;
#3122 = CARTESIAN_POINT ( 'NONE',  ( 37.48060313521956743, 3.043859781436865752, 2.243746882512428709 ) ) ;
#3123 = CARTESIAN_POINT ( 'NONE',  ( -4.700000000000000178, 3.174999999999990052, -6.349999999999999645 ) ) ;
#3124 = CARTESIAN_POINT ( 'NONE',  ( -3.961000000000000298, 3.924999999999987388, -9.973189202894504390 ) ) ;
#3125 = AXIS2_PLACEMENT_3D ( 'NONE', #4364, #1980, #9125 ) ;
#3126 = CARTESIAN_POINT ( 'NONE',  ( 43.15398301014892724, 3.056946704254209113, 12.09285399558223872 ) ) ;
#3127 = CARTESIAN_POINT ( 'NONE',  ( 37.46575452605211609, 2.489338316789867278, 3.311335207424415117 ) ) ;
#3128 = EDGE_CURVE ( 'NONE', #3446, #1493, #5549, .T. ) ;
#3129 = ORIENTED_EDGE ( 'NONE', *, *, #2332, .F. ) ;
#3130 = CONICAL_SURFACE ( 'NONE', #8521, 3.700000000000000178, 0.7853981633974500554 ) ;
#3131 = ORIENTED_EDGE ( 'NONE', *, *, #2654, .F. ) ;
#3132 = EDGE_CURVE ( 'NONE', #2475, #7586, #2296, .T. ) ;
#3133 = CARTESIAN_POINT ( 'NONE',  ( 0.000000000000000000, 500000.0000000000582, 13.85000000000000142 ) ) ;
#3134 = EDGE_CURVE ( 'NONE', #608, #2108, #1812, .T. ) ;
#3135 = CARTESIAN_POINT ( 'NONE',  ( -6.199999999999963762, 5.507184322896984341, -15.47930643257492811 ) ) ;
#3136 = B_SPLINE_CURVE_WITH_KNOTS ( 'NONE', 3,
 ( #9725, #1723, #140, #7291, #7340, #5712, #6462, #2623 ),
 .UNSPECIFIED., .F., .F.,
 ( 4, 2, 2, 4 ),
 ( 0.000000000000000000, 0.0003643720038179004369, 0.0007287440076358008738, 0.001457488015271587436 ),
 .UNSPECIFIED. ) ;
#3137 = DIRECTION ( 'NONE',  ( 0.000000000000000000, 0.000000000000000000, 1.000000000000000000 ) ) ;
#3138 = LINE ( 'NONE', #1548, #4453 ) ;
#3139 = ORIENTED_EDGE ( 'NONE', *, *, #496, .F. ) ;
#3140 = CARTESIAN_POINT ( 'NONE',  ( 22.50290789882531328, 1.870871183211960886, -18.02536408267147294 ) ) ;
#3141 = CARTESIAN_POINT ( 'NONE',  ( -5.565664853256649280, 2.660172811076456423, -25.24627856150455685 ) ) ;
#3142 = CARTESIAN_POINT ( 'NONE',  ( 44.30000000000002558, 0.4200544399468758017, -4.482822976030546691 ) ) ;
#3143 = AXIS2_PLACEMENT_3D ( 'NONE', #10328, #4614, #1386 ) ;
#3144 = CARTESIAN_POINT ( 'NONE',  ( 29.62507990677799086, 3.049999999999999378, 34.25026200706238200 ) ) ;
#3145 = CARTESIAN_POINT ( 'NONE',  ( 25.25126967045869364, 3.049999999999988276, 29.56406343991224972 ) ) ;
#3146 = CARTESIAN_POINT ( 'NONE',  ( -3.961000000000000298, 3.174999999999990052, -6.349999999999999645 ) ) ;
#3147 = EDGE_CURVE ( 'NONE', #4735, #9304, #613, .T. ) ;
#3148 = ORIENTED_EDGE ( 'NONE', *, *, #10276, .T. ) ;
#3149 = VERTEX_POINT ( 'NONE', #6238 ) ;
#3150 = ORIENTED_EDGE ( 'NONE', *, *, #6508, .F. ) ;
#3151 = ORIENTED_EDGE ( 'NONE', *, *, #89, .T. ) ;
#3152 = AXIS2_PLACEMENT_3D ( 'NONE', #1110, #265, #4385 ) ;
#3153 = CARTESIAN_POINT ( 'NONE',  ( -0.5000000000000000000, 1.887573582896176827, -23.49151293962987808 ) ) ;
#3154 = CARTESIAN_POINT ( 'NONE',  ( 0.8641846565043157513, 2.448578805226048871, -21.12733612434264430 ) ) ;
#3155 = CARTESIAN_POINT ( 'NONE',  ( 5.199999999996655298, 1.879675573903843544, -22.85041977248721423 ) ) ;
#3156 = LINE ( 'NONE', #3095, #1233 ) ;
#3157 = CARTESIAN_POINT ( 'NONE',  ( 44.29999999999999716, 1.016666666666666607, -5.937663020359956967 ) ) ;
#3158 = CARTESIAN_POINT ( 'NONE',  ( -4.580714309119901628, 2.507400089699657109, -21.23562970756085377 ) ) ;
#3159 = PLANE ( 'NONE',  #8234 ) ;
#3160 = CARTESIAN_POINT ( 'NONE',  ( 14.59277752304845421, 3.583488289639632285, -14.06658518946122172 ) ) ;
#3161 = ORIENTED_EDGE ( 'NONE', *, *, #5005, .F. ) ;
#3162 = ORIENTED_EDGE ( 'NONE', *, *, #667, .T. ) ;
#3163 = CIRCLE ( 'NONE', #6863, 4.438999999996125823 ) ;
#3164 = CARTESIAN_POINT ( 'NONE',  ( -0.2784892121409030530, 3.555332765935556694, 23.25000000000001776 ) ) ;
#3165 = CARTESIAN_POINT ( 'NONE',  ( -3.175000000000001155, -2.286000000000000032, 18.55000000000000071 ) ) ;
#3166 = CARTESIAN_POINT ( 'NONE',  ( 44.30000000000000426, 1.487425397060000209, -1.158225982667416540E-14 ) ) ;
#3167 = DIRECTION ( 'NONE',  ( 0.000000000000000000, -1.000000000000000000, 0.000000000000000000 ) ) ;
#3168 = CARTESIAN_POINT ( 'NONE',  ( -3.961000000003878085, 3.174999999999990052, -6.349999999999999645 ) ) ;
#3169 = CIRCLE ( 'NONE', #6710, 3.700000000000001954 ) ;
#3170 = CARTESIAN_POINT ( 'NONE',  ( 12.69999999999999218, -2.286000000000000032, 25.25000000000000000 ) ) ;
#3171 = CARTESIAN_POINT ( 'NONE',  ( 1.957198252604980704, 2.286000000000000032, 34.25000000000000000 ) ) ;
#3172 = FACE_BOUND ( 'NONE', #2872, .T. ) ;
#3173 = B_SPLINE_SURFACE_WITH_KNOTS ( 'NONE', 3, 3, ( 
 ( #8637, #6326, #10272, #2227 ),
 ( #8523, #5530, #590, #1274 ),
 ( #1446, #4676, #10327, #3086 ),
 ( #9544, #2285, #8755, #1504 ),
 ( #4730, #4500, #860, #5787 ),
 ( #3992, #905, #9758, #8202 ),
 ( #3295, #1659, #2499, #6487 ),
 ( #8998, #4932, #8803, #6586 ),
 ( #1751, #9647, #4981, #8148 ),
 ( #1610, #7222, #9601, #4834 ),
 ( #5582, #6538, #10436, #4087 ),
 ( #4138, #6440, #119, #9802 ) ),
 .UNSPECIFIED., .F., .F., .F.,
 ( 4, 1, 1, 1, 2, 1, 1, 1, 4 ),
 ( 4, 4 ),
 ( 0.000000000000000000, 0.1115657803549179455, 0.2231315607098358911, 0.3346973410647537950, 0.4462631214196718932, 0.5846973410647540170, 0.7231315607098359743, 0.8615657803549179317, 1.000000000000000000 ),
 ( 0.000000000000000000, 1.000000000000000000 ),
 .UNSPECIFIED. ) ;
#3174 = VECTOR ( 'NONE', #9618, 1000.000000000000000 ) ;
#3175 = DIRECTION ( 'NONE',  ( -0.000000000000000000, -1.000000000000000000, -0.000000000000000000 ) ) ;
#3176 = ADVANCED_FACE ( 'NONE', ( #5376 ), #3849, .T. ) ;
#3177 = CARTESIAN_POINT ( 'NONE',  ( 32.41132497739543084, 3.345891488402195524, 10.06136199983754409 ) ) ;
#3178 = CARTESIAN_POINT ( 'NONE',  ( 0.4387286767906018459, 1.875242044463521607, 23.77514351560352068 ) ) ;
#3179 = EDGE_CURVE ( 'NONE', #9220, #3758, #8817, .T. ) ;
#3180 = CARTESIAN_POINT ( 'NONE',  ( -6.200000000000000178, 3.174999999999989608, -2.385999999999996568 ) ) ;
#3181 = CARTESIAN_POINT ( 'NONE',  ( 19.76859937739117967, 2.567945708544007388, 20.05839765180071055 ) ) ;
#3182 = AXIS2_PLACEMENT_3D ( 'NONE', #4665, #7893, #10372 ) ;
#3183 = CARTESIAN_POINT ( 'NONE',  ( 38.54443461096892065, 1.884309260302749589, -4.014870867272024135 ) ) ;
#3184 = CARTESIAN_POINT ( 'NONE',  ( 32.95117192093254488, 2.557919693712139342, 36.09835500517048246 ) ) ;
#3185 = CARTESIAN_POINT ( 'NONE',  ( 0.000000000000000000, -2.286000000000000032, 31.75000000000000000 ) ) ;
#3186 = APPROVAL ( #2303, 'UNSPECIFIED' ) ;
#3187 = ORIENTED_EDGE ( 'NONE', *, *, #8410, .F. ) ;
#3188 = CARTESIAN_POINT ( 'NONE',  ( -4.700000000000000178, 12.69999999999999929, -0.7500000000000006661 ) ) ;
#3189 = CARTESIAN_POINT ( 'NONE',  ( 32.77513303986876281, 3.674368109130503157, 22.13794289096521695 ) ) ;
#3190 = CARTESIAN_POINT ( 'NONE',  ( -0.000000000000000000, -3.049999999999999822, -13.85000000000000142 ) ) ;
#3191 = CARTESIAN_POINT ( 'NONE',  ( -4.524047957817936449, 2.846008525901910335, -25.19405587848396522 ) ) ;
#3192 = EDGE_LOOP ( 'NONE', ( #1390, #3785, #215, #5535, #8166 ) ) ;
#3193 = EDGE_CURVE ( 'NONE', #4849, #7667, #5023, .T. ) ;
#3194 = CARTESIAN_POINT ( 'NONE',  ( 35.88450554274366056, 2.191834037077962538, 19.07770062297101887 ) ) ;
#3195 = CARTESIAN_POINT ( 'NONE',  ( 24.26204519371982826, 1.939416545893729360, -18.86567549220708884 ) ) ;
#3196 = CARTESIAN_POINT ( 'NONE',  ( 33.81802207965495910, 3.901765420960319197, 0.07831328157145586721 ) ) ;
#3197 = CARTESIAN_POINT ( 'NONE',  ( 37.94081386192964800, 2.146867881762196451, 4.249839095306092496 ) ) ;
#3198 = LINE ( 'NONE', #8852, #10255 ) ;
#3199 = CARTESIAN_POINT ( 'NONE',  ( -4.699999999999998401, 2.414506594870358569, 17.38506569316777473 ) ) ;
#3200 = EDGE_CURVE ( 'NONE', #8021, #7424, #10402, .T. ) ;
#3201 = ORIENTED_EDGE ( 'NONE', *, *, #3193, .T. ) ;
#3202 = VERTEX_POINT ( 'NONE', #9623 ) ;
#3203 = ORIENTED_EDGE ( 'NONE', *, *, #6694, .F. ) ;
#3204 = CARTESIAN_POINT ( 'NONE',  ( 38.09999999999790532, 2.205170227065386790, -2.600000000002132605 ) ) ;
#3205 = LINE ( 'NONE', #867, #2988 ) ;
#3206 = PLANE ( 'NONE',  #4282 ) ;
#3207 = DIRECTION ( 'NONE',  ( 0.000000000000000000, -1.000000000000000000, -0.000000000000000000 ) ) ;
#3208 = EDGE_CURVE ( 'NONE', #9120, #3632, #622, .T. ) ;
#3209 = DIRECTION ( 'NONE',  ( 1.000000000000000000, 0.000000000000000000, 0.000000000000000000 ) ) ;
#3210 = CARTESIAN_POINT ( 'NONE',  ( -2.130265409767044371, 2.012298233691543814, -23.10555005432935616 ) ) ;
#3211 = CARTESIAN_POINT ( 'NONE',  ( 13.12237527017075145, 2.533283970344413660, -16.33121877099194208 ) ) ;
#3212 = APPROVAL_ROLE ( '' ) ;
#3213 = VERTEX_POINT ( 'NONE', #775 ) ;
#3214 = VERTEX_POINT ( 'NONE', #8929 ) ;
#3215 = ORIENTED_EDGE ( 'NONE', *, *, #3576, .F. ) ;
#3216 = CARTESIAN_POINT ( 'NONE',  ( 2.094969646663147778, -3.049999999999998490, -23.33722630943394805 ) ) ;
#3217 = CARTESIAN_POINT ( 'NONE',  ( -3.308645022555416038, 2.104600036134102847, 22.87619246683448893 ) ) ;
#3218 = CARTESIAN_POINT ( 'NONE',  ( -4.200000000000000178, 3.049999999999999822, 25.25000000000000000 ) ) ;
#3219 = CARTESIAN_POINT ( 'NONE',  ( 6.160734677569073448, 2.977412480055098065, -18.24727774315223172 ) ) ;
#3220 = CARTESIAN_POINT ( 'NONE',  ( 5.792893218813448541, 0.7860000000050604285, 25.25000000000000000 ) ) ;
#3221 = DIRECTION ( 'NONE',  ( 0.000000000000000000, 0.000000000000000000, 1.000000000000000000 ) ) ;
#3222 = CARTESIAN_POINT ( 'NONE',  ( 44.30000000000005400, 3.049999999999979394, -1.979221006786650916 ) ) ;
#3223 = CARTESIAN_POINT ( 'NONE',  ( 20.77430755656559924, 3.684708574186994046, 10.89579295899058664 ) ) ;
#3224 = B_SPLINE_CURVE_WITH_KNOTS ( 'NONE', 3,
 ( #2611, #7432, #2401, #8266 ),
 .UNSPECIFIED., .F., .F.,
 ( 4, 4 ),
 ( 0.001878745452371652098, 0.002933059884338741138 ),
 .UNSPECIFIED. ) ;
#3225 = FACE_BOUND ( 'NONE', #3609, .T. ) ;
#3226 = DIRECTION ( 'NONE',  ( 1.000000000000000000, 0.000000000000000000, -1.224646799147352714E-16 ) ) ;
#3227 = DIRECTION ( 'NONE',  ( 1.000000000000000000, 0.000000000000000000, -0.000000000000000000 ) ) ;
#3228 = CARTESIAN_POINT ( 'NONE',  ( -1.028018368034718133, -3.049999999999999378, -23.62712021050326427 ) ) ;
#3229 = CARTESIAN_POINT ( 'NONE',  ( 10.12939620402573837, 0.7860000001187472662, 29.88650298521228521 ) ) ;
#3230 = CARTESIAN_POINT ( 'NONE',  ( 43.46678600242346135, 3.057279391569618365, 10.36720653110528012 ) ) ;
#3231 = CARTESIAN_POINT ( 'NONE',  ( 10.38435538331220620, 2.544905253073417306, -16.98623112774831512 ) ) ;
#3232 = VERTEX_POINT ( 'NONE', #1828 ) ;
#3233 = PLANE ( 'NONE',  #9172 ) ;
#3234 = CARTESIAN_POINT ( 'NONE',  ( 12.69999999999999218, 2.540666666666665741, 26.13219121132175005 ) ) ;
#3235 = DIRECTION ( 'NONE',  ( 0.000000000000000000, -1.000000000000000000, 0.000000000000000000 ) ) ;
#3236 = CARTESIAN_POINT ( 'NONE',  ( -4.700000000000000178, 2.424999999999986944, 3.264854136349466085 ) ) ;
#3237 = VERTEX_POINT ( 'NONE', #91 ) ;
#3238 = CARTESIAN_POINT ( 'NONE',  ( 7.584892087439663477, 4.174306947982141303, -13.09271953202662786 ) ) ;
#3239 = LINE ( 'NONE', #8850, #5837 ) ;
#3240 = FACE_OUTER_BOUND ( 'NONE', #1170, .T. ) ;
#3241 = CARTESIAN_POINT ( 'NONE',  ( 24.58015637485431526, 3.050000000000000266, 29.06277129014356930 ) ) ;
#3242 = DIRECTION ( 'NONE',  ( -1.000000000000000000, 0.000000000000000000, 0.000000000000000000 ) ) ;
#3243 = EDGE_CURVE ( 'NONE', #3559, #4659, #1297, .T. ) ;
#3244 = EDGE_CURVE ( 'NONE', #4230, #4190, #4259, .T. ) ;
#3245 = ORIENTED_EDGE ( 'NONE', *, *, #8994, .F. ) ;
#3246 = EDGE_LOOP ( 'NONE', ( #3498, #7952, #4255, #1063 ) ) ;
#3247 = EDGE_CURVE ( 'NONE', #7363, #7044, #7427, .T. ) ;
#3248 = ORIENTED_EDGE ( 'NONE', *, *, #9492, .F. ) ;
#3249 = DIRECTION ( 'NONE',  ( 0.000000000000000000, 0.000000000000000000, -1.000000000000000000 ) ) ;
#3250 = CARTESIAN_POINT ( 'NONE',  ( 37.71823270728427246, 2.767673418672625729, 7.215628985131216311 ) ) ;
#3251 = CARTESIAN_POINT ( 'NONE',  ( -0.5000000000204236628, 1.882307816903916908, 23.75000000000000711 ) ) ;
#3252 = CARTESIAN_POINT ( 'NONE',  ( 37.59999999999748610, 2.433024646861195794, -1.100000000000725286 ) ) ;
#3253 = ADVANCED_FACE ( 'NONE', ( #929 ), #8832, .T. ) ;
#3254 = DIRECTION ( 'NONE',  ( 0.000000000000000000, -1.000000000000000000, 0.000000000000000000 ) ) ;
#3255 = CARTESIAN_POINT ( 'NONE',  ( 34.83430227406469015, -3.049999999999999378, 33.22945011558087458 ) ) ;
#3256 = CARTESIAN_POINT ( 'NONE',  ( -4.273399686476505366, 3.821967173107679194, 16.05393833362866474 ) ) ;
#3257 = PERSON_AND_ORGANIZATION ( #9736, #8355 ) ;
#3258 = ORIENTED_EDGE ( 'NONE', *, *, #7400, .F. ) ;
#3259 = ORIENTED_EDGE ( 'NONE', *, *, #3777, .T. ) ;
#3260 = EDGE_CURVE ( 'NONE', #3683, #3214, #4059, .T. ) ;
#3261 = ORIENTED_EDGE ( 'NONE', *, *, #10307, .F. ) ;
#3262 = B_SPLINE_CURVE_WITH_KNOTS ( 'NONE', 3,
 ( #4880, #2331, #3872, #5831 ),
 .UNSPECIFIED., .F., .F.,
 ( 4, 4 ),
 ( 0.001376292415203260759, 0.01354568523722377363 ),
 .UNSPECIFIED. ) ;
#3263 = CARTESIAN_POINT ( 'NONE',  ( -2.389000000000000234, 3.924999999999987388, -12.35000000000000142 ) ) ;
#3264 = CARTESIAN_POINT ( 'NONE',  ( -0.3780158658453281473, 2.096300251513049329, 22.90290006901609843 ) ) ;
#3265 = LINE ( 'NONE', #6606, #7333 ) ;
#3266 = CARTESIAN_POINT ( 'NONE',  ( -0.000000000000000000, -2.286000000000000032, -19.05000000000000071 ) ) ;
#3267 = EDGE_CURVE ( 'NONE', #8020, #5896, #3136, .T. ) ;
#3268 = EDGE_CURVE ( 'NONE', #1371, #534, #3316, .T. ) ;
#3269 = CARTESIAN_POINT ( 'NONE',  ( 16.88502151951735542, 5.628633608985876613, 2.192990013588516529 ) ) ;
#3270 = CARTESIAN_POINT ( 'NONE',  ( -4.453297610555716268, 3.924999999999986500, -2.225118461593096342 ) ) ;
#3271 = CIRCLE ( 'NONE', #9164, 5.200000000000000178 ) ;
#3272 = DIRECTION ( 'NONE',  ( 0.000000000000000000, 0.000000000000000000, -1.000000000000000000 ) ) ;
#3273 = CARTESIAN_POINT ( 'NONE',  ( 28.19323585226960915, 2.547908424182631304, 15.61495903564370913 ) ) ;
#3274 = VECTOR ( 'NONE', #9590, 1000.000000000000000 ) ;
#3275 = CARTESIAN_POINT ( 'NONE',  ( 23.64383402717069771, 2.966630060697512672, 17.43728028751718284 ) ) ;
#3276 = CARTESIAN_POINT ( 'NONE',  ( -4.699999999999997513, 3.947648893254640079, -15.50962470579002428 ) ) ;
#3277 = CARTESIAN_POINT ( 'NONE',  ( 32.09466722563809071, 1.629338056816716396, 22.95401003784633076 ) ) ;
#3278 = VECTOR ( 'NONE', #2658, 1000.000000000000000 ) ;
#3279 = CARTESIAN_POINT ( 'NONE',  ( 5.200000000000001066, 500000.0000000000582, -19.05000000000000071 ) ) ;
#3280 = CARTESIAN_POINT ( 'NONE',  ( 10.39222945145156274, -3.050000000000000266, -21.85153479834977119 ) ) ;
#3281 = CARTESIAN_POINT ( 'NONE',  ( 0.000000000000000000, 0.000000000000000000, 23.75000000000000000 ) ) ;
#3282 = AXIS2_PLACEMENT_3D ( 'NONE', #695, #7834, #7153 ) ;
#3283 = CARTESIAN_POINT ( 'NONE',  ( 36.50483577023252479, 2.006886350035357758, -5.629337212637455679 ) ) ;
#3284 = ORIENTED_EDGE ( 'NONE', *, *, #4881, .T. ) ;
#3285 = VECTOR ( 'NONE', #2542, 1000.000000000000000 ) ;
#3286 = CARTESIAN_POINT ( 'NONE',  ( -3.842473660664380564, 3.933345014296362407, -15.53938409783612862 ) ) ;
#3287 = CARTESIAN_POINT ( 'NONE',  ( 12.69999999999999218, 2.286000000000000032, 26.57328681698263040 ) ) ;
#3288 = CARTESIAN_POINT ( 'NONE',  ( 16.18293413080948184, 7.366897963363769897, 4.146796005635779991 ) ) ;
#3289 = CARTESIAN_POINT ( 'NONE',  ( 42.70943426049148428, 3.380554823969148526, -1.474623264136219358 ) ) ;
#3290 = ORIENTED_EDGE ( 'NONE', *, *, #9784, .T. ) ;
#3291 = VECTOR ( 'NONE', #6760, 1000.000000000000000 ) ;
#3292 = CARTESIAN_POINT ( 'NONE',  ( 14.51605116385259109, 1.876831649593412976, -20.79140901126520546 ) ) ;
#3293 = CARTESIAN_POINT ( 'NONE',  ( -0.4999999999999987232, 1.136000000000000343, -22.71606055596467399 ) ) ;
#3294 = DIRECTION ( 'NONE',  ( 1.000000000000000000, 0.000000000000000000, 1.427085626035518227E-14 ) ) ;
#3295 = CARTESIAN_POINT ( 'NONE',  ( 19.23416145186017800, 7.812324095513504041, 0.000000000000000000 ) ) ;
#3296 = AXIS2_PLACEMENT_3D ( 'NONE', #8592, #3620, #2031 ) ;
#3297 = AXIS2_PLACEMENT_3D ( 'NONE', #9597, #2496, #809 ) ;
#3298 = CARTESIAN_POINT ( 'NONE',  ( 7.571893193904461583, 3.163308881503714254, -15.11490372132769089 ) ) ;
#3299 = ORIENTED_EDGE ( 'NONE', *, *, #10133, .T. ) ;
#3300 = EDGE_CURVE ( 'NONE', #8474, #8606, #4501, .T. ) ;
#3301 = CARTESIAN_POINT ( 'NONE',  ( 0.000000000000000000, 2.286000000000000032, 15.82500000000000284 ) ) ;
#3302 = CARTESIAN_POINT ( 'NONE',  ( 42.52780484776588565, 3.216129421074834127, -5.167458074684889269 ) ) ;
#3303 = DIRECTION ( 'NONE',  ( 8.796892153616541600E-13, 0.000000000000000000, 1.000000000000000000 ) ) ;
#3304 = CARTESIAN_POINT ( 'NONE',  ( 29.62541620596223524, -1.262000000000000011, 34.25000000000122924 ) ) ;
#3305 = VECTOR ( 'NONE', #5466, 1000.000000000000000 ) ;
#3306 = LINE ( 'NONE', #1668, #4850 ) ;
#3307 = LINE ( 'NONE', #9617, #9911 ) ;
#3308 = EDGE_CURVE ( 'NONE', #3797, #9642, #185, .T. ) ;
#3309 = CARTESIAN_POINT ( 'NONE',  ( 28.84299678066334494, 2.286000000000009802, 35.47115441629329524 ) ) ;
#3310 = ORIENTED_EDGE ( 'NONE', *, *, #2975, .T. ) ;
#3311 = EDGE_LOOP ( 'NONE', ( #7683, #4145, #3938, #6059 ) ) ;
#3312 = ADVANCED_FACE ( 'NONE', ( #8229 ), #2568, .T. ) ;
#3313 = ORIENTED_EDGE ( 'NONE', *, *, #2332, .T. ) ;
#3314 = EDGE_LOOP ( 'NONE', ( #4076, #9139, #7616, #6206 ) ) ;
#3315 = DIRECTION ( 'NONE',  ( -1.000000000000000000, 0.000000000000000000, 0.000000000000000000 ) ) ;
#3316 = LINE ( 'NONE', #6652, #8560 ) ;
#3317 = CARTESIAN_POINT ( 'NONE',  ( 44.30000000000001137, 1.345612943576397935, -2.872538278006814494 ) ) ;
#3318 = CARTESIAN_POINT ( 'NONE',  ( 36.94342130321557249, 500000.0000000000582, 2.174999999999983391 ) ) ;
#3319 = LINE ( 'NONE', #1679, #3462 ) ;
#3320 = ADVANCED_FACE ( 'NONE', ( #5867 ), #1030, .T. ) ;
#3321 = CARTESIAN_POINT ( 'NONE',  ( 44.93849420445268095, 3.055984583077204775, -5.529894456840048989 ) ) ;
#3322 = CIRCLE ( 'NONE', #9221, 3.175000000000000711 ) ;
#3323 = CARTESIAN_POINT ( 'NONE',  ( 18.65030838255136558, 2.073490814565142060, 20.00541772600137236 ) ) ;
#3324 = AXIS2_PLACEMENT_3D ( 'NONE', #3720, #6340, #4625 ) ;
#3325 = EDGE_CURVE ( 'NONE', #4902, #3529, #8069, .T. ) ;
#3326 = EDGE_CURVE ( 'NONE', #7812, #5131, #4692, .T. ) ;
#3327 = ORIENTED_EDGE ( 'NONE', *, *, #6623, .F. ) ;
#3328 = VECTOR ( 'NONE', #5610, 1000.000000000000000 ) ;
#3329 = CARTESIAN_POINT ( 'NONE',  ( 27.03671395818760104, 2.144649901396316505, 23.48997577900298594 ) ) ;
#3330 = CARTESIAN_POINT ( 'NONE',  ( 2.027285820954726425, 1.871306438883912016, 23.78500747048267527 ) ) ;
#3331 = EDGE_CURVE ( 'NONE', #6871, #3921, #5913, .T. ) ;
#3332 = CARTESIAN_POINT ( 'NONE',  ( -1.028018368034709251, -1.396640498777006467, -23.62712021050326427 ) ) ;
#3333 = PLANE ( 'NONE',  #2476 ) ;
#3334 = CARTESIAN_POINT ( 'NONE',  ( 30.45442564530517160, 3.353812443688498401, -14.27421928873727275 ) ) ;
#3335 = CONICAL_SURFACE ( 'NONE', #8387, 3.700000000000001954, 0.7853981633974500554 ) ;
#3336 = VECTOR ( 'NONE', #5860, 1000.000000000000000 ) ;
#3337 = ORIENTED_EDGE ( 'NONE', *, *, #9114, .F. ) ;
#3338 = ORIENTED_EDGE ( 'NONE', *, *, #7381, .T. ) ;
#3339 = LINE ( 'NONE', #9042, #9524 ) ;
#3340 = FACE_OUTER_BOUND ( 'NONE', #6831, .T. ) ;
#3341 = CARTESIAN_POINT ( 'NONE',  ( -3.299836050873142135, 4.355747681271678218, -13.85000000000000142 ) ) ;
#3342 = AXIS2_PLACEMENT_3D ( 'NONE', #761, #3356, #2558 ) ;
#3343 = CARTESIAN_POINT ( 'NONE',  ( -0.2963252346244685809, 4.548399175127413763, -12.84999999999999787 ) ) ;
#3344 = VERTEX_POINT ( 'NONE', #8430 ) ;
#3345 = CARTESIAN_POINT ( 'NONE',  ( 7.041280038781208006, 1.879335527111977822, -22.54303071805032843 ) ) ;
#3346 = CARTESIAN_POINT ( 'NONE',  ( 16.20382059488791882, 2.594684321499560298, -15.37971531688205218 ) ) ;
#3347 = FACE_OUTER_BOUND ( 'NONE', #7709, .T. ) ;
#3348 = CARTESIAN_POINT ( 'NONE',  ( 26.21241314520658605, 3.049999999999989608, 30.36149501877342161 ) ) ;
#3349 = CARTESIAN_POINT ( 'NONE',  ( 2.707218526639915801, 2.097504359071352020, 22.87204743507599858 ) ) ;
#3350 = CARTESIAN_POINT ( 'NONE',  ( 15.19894412865162003, 5.954186828389111064, 3.969287296843115431 ) ) ;
#3351 = ORIENTED_EDGE ( 'NONE', *, *, #2003, .T. ) ;
#3352 = ORIENTED_EDGE ( 'NONE', *, *, #3895, .T. ) ;
#3353 = ORIENTED_EDGE ( 'NONE', *, *, #9713, .T. ) ;
#3354 = VERTEX_POINT ( 'NONE', #9224 ) ;
#3355 = CARTESIAN_POINT ( 'NONE',  ( 42.92144602118320762, 2.236666666665395820, -7.138352941271939756 ) ) ;
#3356 = DIRECTION ( 'NONE',  ( 0.000000000000000000, 1.000000000000000000, 0.000000000000000000 ) ) ;
#3357 = CARTESIAN_POINT ( 'NONE',  ( 18.44643146065003236, 3.050000000000000266, 26.07379213737151602 ) ) ;
#3358 = CARTESIAN_POINT ( 'NONE',  ( -4.699999999999995737, 2.550500497153702639, -21.06695694937968355 ) ) ;
#3359 = CARTESIAN_POINT ( 'NONE',  ( -6.200000000000049027, -3.049999999999999822, -25.25000000000000000 ) ) ;
#3360 = B_SPLINE_CURVE_WITH_KNOTS ( 'NONE', 3,
 ( #3358, #6101, #9110, #5289 ),
 .UNSPECIFIED., .F., .F.,
 ( 4, 4 ),
 ( 0.004286834861067231189, 0.005848072840593993016 ),
 .UNSPECIFIED. ) ;
#3361 = CARTESIAN_POINT ( 'NONE',  ( -1.392072341747746300, 4.320585738747325877, 14.03468413591206065 ) ) ;
#3362 = ORIENTED_EDGE ( 'NONE', *, *, #4732, .T. ) ;
#3363 = ORIENTED_EDGE ( 'NONE', *, *, #446, .T. ) ;
#3364 = ORIENTED_EDGE ( 'NONE', *, *, #4863, .F. ) ;
#3365 = VERTEX_POINT ( 'NONE', #6115 ) ;
#3366 = CARTESIAN_POINT ( 'NONE',  ( 37.08073651993596798, 2.618069638658113263, 2.174999999999995826 ) ) ;
#3367 = CARTESIAN_POINT ( 'NONE',  ( 31.12892374746989788, 2.197635224415740662, 22.50160011041463903 ) ) ;
#3368 = DIRECTION ( 'NONE',  ( 0.000000000000000000, -3.035089936190465843E-16, -1.000000000000000000 ) ) ;
#3369 = CARTESIAN_POINT ( 'NONE',  ( -4.700000000000000178, 3.924999999999987388, -12.35000000000000142 ) ) ;
#3370 = CARTESIAN_POINT ( 'NONE',  ( 0.000000000000000000, -2.286000000000000032, 19.05000000000000071 ) ) ;
#3371 = DIRECTION ( 'NONE',  ( 0.000000000000000000, 0.000000000000000000, 1.000000000000000000 ) ) ;
#3372 = CARTESIAN_POINT ( 'NONE',  ( -3.949485927250213853E-16, 2.286000000000000032, -15.82500000000000284 ) ) ;
#3373 = B_SPLINE_CURVE_WITH_KNOTS ( 'NONE', 3,
 ( #3597, #10209, #3703, #6891 ),
 .UNSPECIFIED., .F., .F.,
 ( 4, 4 ),
 ( 0.0005081953002108938189, 0.0009453936316006511130 ),
 .UNSPECIFIED. ) ;
#3374 = CARTESIAN_POINT ( 'NONE',  ( 19.63463752960528197, 2.610407390356837443, 17.08078884632488226 ) ) ;
#3375 = EDGE_CURVE ( 'NONE', #1308, #8108, #382, .T. ) ;
#3376 = CARTESIAN_POINT ( 'NONE',  ( 23.22176827669447974, 5.764478274318993734, -0.2049066126202018223 ) ) ;
#3377 = CARTESIAN_POINT ( 'NONE',  ( -0.5000000000000000000, 1.403470371462559152, 22.98600709923638874 ) ) ;
#3378 = EDGE_CURVE ( 'NONE', #6737, #7018, #4144, .T. ) ;
#3379 = CARTESIAN_POINT ( 'NONE',  ( 33.30932552243850608, 1.598787710622992631, -14.14529832873767390 ) ) ;
#3380 = LINE ( 'NONE', #48, #6029 ) ;
#3381 = CARTESIAN_POINT ( 'NONE',  ( -4.926231123165995207, 3.145072627082662109, -24.85938997830013619 ) ) ;
#3382 = EDGE_LOOP ( 'NONE', ( #7226, #4969, #2870, #6858 ) ) ;
#3383 = ADVANCED_FACE ( 'NONE', ( #7591 ), #3612, .F. ) ;
#3384 = FACE_OUTER_BOUND ( 'NONE', #2233, .T. ) ;
#3385 = CARTESIAN_POINT ( 'NONE',  ( -4.700000000000000178, 6.288693143447854794, -12.35000000000000142 ) ) ;
#3386 = CARTESIAN_POINT ( 'NONE',  ( 14.56349701478771230, -2.286000000000000032, 29.17939620402573908 ) ) ;
#3387 = CARTESIAN_POINT ( 'NONE',  ( -4.300488813440992431, 2.738065067152943399, -25.21660898463278500 ) ) ;
#3388 = EDGE_LOOP ( 'NONE', ( #3698, #10211 ) ) ;
#3389 = CARTESIAN_POINT ( 'NONE',  ( 3.135382751754559827, 500000.0000000000582, 31.25000000000000000 ) ) ;
#3390 = CARTESIAN_POINT ( 'NONE',  ( 34.44884191357297709, 4.610880422525369227, -5.975620328964331485 ) ) ;
#3391 = DIRECTION ( 'NONE',  ( 0.000000000000000000, 0.000000000000000000, 1.000000000000000000 ) ) ;
#3392 = CARTESIAN_POINT ( 'NONE',  ( 22.83965723946324289, 2.286000000000005805, 29.48847819797028791 ) ) ;
#3393 = CARTESIAN_POINT ( 'NONE',  ( 29.43298155543822503, 2.810650662527447441, -9.950141107811081298 ) ) ;
#3394 = CARTESIAN_POINT ( 'NONE',  ( 16.43484654471732398, 6.161559468026120534, 2.318146646388032028 ) ) ;
#3395 = ORIENTED_EDGE ( 'NONE', *, *, #82, .T. ) ;
#3396 = ORIENTED_EDGE ( 'NONE', *, *, #667, .F. ) ;
#3397 = VERTEX_POINT ( 'NONE', #9122 ) ;
#3398 = ORIENTED_EDGE ( 'NONE', *, *, #10298, .F. ) ;
#3399 = CARTESIAN_POINT ( 'NONE',  ( 44.29999999999614602, -1.957045577049656648, -5.946192880683359050 ) ) ;
#3400 = CARTESIAN_POINT ( 'NONE',  ( 42.39915091724559204, 3.024152359295206427, -7.941943557606320425 ) ) ;
#3401 = CARTESIAN_POINT ( 'NONE',  ( -4.700000000000000178, 2.424999999999986944, 9.435145863650534537 ) ) ;
#3402 = CARTESIAN_POINT ( 'NONE',  ( 32.53964364722485669, 1.584678002434803723, 34.02641246180805013 ) ) ;
#3403 = DIRECTION ( 'NONE',  ( 0.000000000000000000, 0.000000000000000000, 1.000000000000000000 ) ) ;
#3404 = CARTESIAN_POINT ( 'NONE',  ( 38.93783574197293973, 1.568690393185079746, 4.324368826989234194 ) ) ;
#3405 = EDGE_LOOP ( 'NONE', ( #9666, #3072, #9515, #6112 ) ) ;
#3406 = EDGE_LOOP ( 'NONE', ( #1149, #9153, #10218, #3645 ) ) ;
#3407 = ORIENTED_EDGE ( 'NONE', *, *, #6242, .T. ) ;
#3408 = ORIENTED_EDGE ( 'NONE', *, *, #9831, .F. ) ;
#3409 = CARTESIAN_POINT ( 'NONE',  ( -0.4999999999881765689, -2.286000000000000920, -13.85000000000000320 ) ) ;
#3410 = CARTESIAN_POINT ( 'NONE',  ( 0.000000000000000000, 2.286000000000000032, -19.05000000000000071 ) ) ;
#3411 = DIRECTION ( 'NONE',  ( 0.000000000000000000, 0.000000000000000000, 1.000000000000000000 ) ) ;
#3412 = CARTESIAN_POINT ( 'NONE',  ( 28.76012610227512667, 2.088455801128930034, -9.795069203963892690 ) ) ;
#3413 = CARTESIAN_POINT ( 'NONE',  ( 42.78389349570176847, 3.209725083382426014, -4.424938212631055912 ) ) ;
#3414 = CARTESIAN_POINT ( 'NONE',  ( 44.30000000000002558, 1.488063356531988957, 0.006838967171439713603 ) ) ;
#3415 = CARTESIAN_POINT ( 'NONE',  ( 44.30000000000000426, 3.050000000000001155, -6.212060135249733328 ) ) ;
#3416 = CARTESIAN_POINT ( 'NONE',  ( 31.46295642855795904, 3.411732519145945997, 5.410059273878967012 ) ) ;
#3417 = EDGE_CURVE ( 'NONE', #7351, #6554, #5304, .T. ) ;
#3418 = ORIENTED_EDGE ( 'NONE', *, *, #13, .T. ) ;
#3419 = AXIS2_PLACEMENT_3D ( 'NONE', #6926, #6775, #2739 ) ;
#3420 = CARTESIAN_POINT ( 'NONE',  ( 23.61137808873873567, 5.089462188403900633, 4.224947671257513804 ) ) ;
#3421 = B_SPLINE_CURVE_WITH_KNOTS ( 'NONE', 3,
 ( #8642, #3036, #2232, #5472 ),
 .UNSPECIFIED., .F., .F.,
 ( 4, 4 ),
 ( 0.0006872269870418519890, 0.01300411283194554714 ),
 .UNSPECIFIED. ) ;
#3422 = PLANE ( 'NONE',  #2257 ) ;
#3423 = CARTESIAN_POINT ( 'NONE',  ( 47.02405873876990228, 0.8168781362780723754, -3.506946643913355199 ) ) ;
#3424 = ADVANCED_FACE ( 'NONE', ( #4359, #5206 ), #8476, .F. ) ;
#3425 = DIRECTION ( 'NONE',  ( 0.000000000000000000, 0.000000000000000000, -1.000000000000000000 ) ) ;
#3426 = ADVANCED_FACE ( 'NONE', ( #434 ), #8529, .T. ) ;
#3427 = CIRCLE ( 'NONE', #7154, 3.964000000000003965 ) ;
#3428 = VERTEX_POINT ( 'NONE', #6798 ) ;
#3429 = EDGE_CURVE ( 'NONE', #5359, #9187, #2365, .T. ) ;
#3430 = AXIS2_PLACEMENT_3D ( 'NONE', #10410, #9124, #6415 ) ;
#3431 = ORIENTED_EDGE ( 'NONE', *, *, #6438, .T. ) ;
#3432 = B_SPLINE_CURVE_WITH_KNOTS ( 'NONE', 3,
 ( #529, #3762, #4012, #8597, #9565, #3787 ),
 .UNSPECIFIED., .F., .F.,
 ( 4, 2, 4 ),
 ( 0.002168229401770903255, 0.01215272897159865376, 0.02213722854142640209 ),
 .UNSPECIFIED. ) ;
#3433 = LINE ( 'NONE', #109, #5470 ) ;
#3434 = DIRECTION ( 'NONE',  ( 0.000000000000000000, -1.000000000000000000, 0.000000000000000000 ) ) ;
#3435 = CARTESIAN_POINT ( 'NONE',  ( 40.99162033316968490, -3.050000000000000266, 14.88636510011485115 ) ) ;
#3436 = CARTESIAN_POINT ( 'NONE',  ( 17.50923490264453619, 2.285999999999994259, 27.18727708393114284 ) ) ;
#3437 = CIRCLE ( 'NONE', #4115, 3.174999999999997158 ) ;
#3438 = CARTESIAN_POINT ( 'NONE',  ( 37.91674973932853021, 2.606638053464394034, -3.239690835010690773 ) ) ;
#3439 = DIRECTION ( 'NONE',  ( 0.000000000000000000, 0.000000000000000000, 1.000000000000000000 ) ) ;
#3440 = LINE ( 'NONE', #5742, #5329 ) ;
#3441 = VECTOR ( 'NONE', #7542, 1000.000000000000000 ) ;
#3442 = CARTESIAN_POINT ( 'NONE',  ( 25.19050633890156377, 2.286000000000069310, 31.22594192539011004 ) ) ;
#3443 = EDGE_CURVE ( 'NONE', #3213, #9815, #218, .T. ) ;
#3444 = CARTESIAN_POINT ( 'NONE',  ( 26.32370081132497219, 1.756626333538708895, -16.83457840398876115 ) ) ;
#3445 = CARTESIAN_POINT ( 'NONE',  ( 16.88172049057886426, 6.140163086304590401, 2.193483630683893626 ) ) ;
#3446 = VERTEX_POINT ( 'NONE', #1455 ) ;
#3447 = ORIENTED_EDGE ( 'NONE', *, *, #5186, .F. ) ;
#3448 = EDGE_CURVE ( 'NONE', #2115, #3149, #5358, .T. ) ;
#3449 = AXIS2_PLACEMENT_3D ( 'NONE', #985, #3518, #3411 ) ;
#3450 = EDGE_LOOP ( 'NONE', ( #9489, #9868, #9092, #4197 ) ) ;
#3451 = ADVANCED_FACE ( 'NONE', ( #3890 ), #6227, .T. ) ;
#3452 = VERTEX_POINT ( 'NONE', #3836 ) ;
#3453 = LINE ( 'NONE', #6690, #3594 ) ;
#3454 = VECTOR ( 'NONE', #2424, 1000.000000000000000 ) ;
#3455 = CARTESIAN_POINT ( 'NONE',  ( 18.56279040212382725, 7.440464781738562294, -2.100000000000001865 ) ) ;
#3456 = LINE ( 'NONE', #273, #7658 ) ;
#3457 = CARTESIAN_POINT ( 'NONE',  ( -0.5000000000000000000, 1.136000000000000343, -15.91461724824544000 ) ) ;
#3458 = DIRECTION ( 'NONE',  ( 1.000000000000000000, -0.000000000000000000, -0.000000000000000000 ) ) ;
#3459 = CARTESIAN_POINT ( 'NONE',  ( 37.91674973932459380, 2.606638053323823812, -3.239690835013905978 ) ) ;
#3460 = DIRECTION ( 'NONE',  ( 0.000000000000000000, 1.000000000000000000, 6.080943644713174412E-16 ) ) ;
#3461 = EDGE_CURVE ( 'NONE', #9904, #7410, #9690, .T. ) ;
#3462 = VECTOR ( 'NONE', #5765, 1000.000000000000000 ) ;
#3463 = ORIENTED_EDGE ( 'NONE', *, *, #8822, .F. ) ;
#3464 = EDGE_LOOP ( 'NONE', ( #4209, #9377, #2979, #10186, #10375 ) ) ;
#3465 = B_SPLINE_CURVE_WITH_KNOTS ( 'NONE', 3,
 ( #7087, #2144, #8600, #7700, #9510, #1353, #2195, #1474 ),
 .UNSPECIFIED., .F., .F.,
 ( 4, 2, 2, 4 ),
 ( 0.0006848066947832177637, 0.01225457113490901334, 0.01803945335497190300, 0.02382433557503479613 ),
 .UNSPECIFIED. ) ;
#3466 = VERTEX_POINT ( 'NONE', #7911 ) ;
#3467 = CARTESIAN_POINT ( 'NONE',  ( 44.25741546676818672, 1.487586152030626829, 2.479499039027819762 ) ) ;
#3468 = CARTESIAN_POINT ( 'NONE',  ( 0.000000000000000000, -2.286000000000000032, 19.05000000000000071 ) ) ;
#3469 = CARTESIAN_POINT ( 'NONE',  ( 8.360025798594586277, 5.343411562026770589, -14.45659419707364890 ) ) ;
#3470 = CARTESIAN_POINT ( 'NONE',  ( 12.92767350545318195, 3.058335167111181363, -16.37999438508620997 ) ) ;
#3471 = CARTESIAN_POINT ( 'NONE',  ( 0.000000000000000000, -2.286000000000000032, 19.05000000000000071 ) ) ;
#3472 = CARTESIAN_POINT ( 'NONE',  ( -5.460999999999999410, 3.174999999999990052, -6.349999999999999645 ) ) ;
#3473 = CARTESIAN_POINT ( 'NONE',  ( -3.175000000000001155, -2.286000000000000032, -19.55000000000000071 ) ) ;
#3474 = CARTESIAN_POINT ( 'NONE',  ( 16.80241874614685216, 3.366014726916810584, 13.72885172739421478 ) ) ;
#3475 = DIRECTION ( 'NONE',  ( 0.000000000000000000, 0.000000000000000000, -1.000000000000000000 ) ) ;
#3476 = CARTESIAN_POINT ( 'NONE',  ( 16.33924123189935429, 1.745300220357963505, 24.36068463378352789 ) ) ;
#3477 = AXIS2_PLACEMENT_3D ( 'NONE', #4431, #511, #3586 ) ;
#3478 = CARTESIAN_POINT ( 'NONE',  ( -500000.0000000000582, 4.880441712109890418, -13.84999999999999787 ) ) ;
#3479 = CARTESIAN_POINT ( 'NONE',  ( 12.21959433300756537, 2.375947777660559979, -22.99295440539591340 ) ) ;
#3480 = B_SPLINE_CURVE_WITH_KNOTS ( 'NONE', 3,
 ( #5680, #802, #160, #2382 ),
 .UNSPECIFIED., .F., .F.,
 ( 4, 4 ),
 ( 0.001215579446336566500, 0.003432706114151691350 ),
 .UNSPECIFIED. ) ;
#3481 = LINE ( 'NONE', #5164, #794 ) ;
#3482 = AXIS2_PLACEMENT_3D ( 'NONE', #1398, #2134, #3099 ) ;
#3483 = ORIENTED_EDGE ( 'NONE', *, *, #1582, .F. ) ;
#3484 = VECTOR ( 'NONE', #3254, 1000.000000000000000 ) ;
#3485 = LINE ( 'NONE', #158, #6501 ) ;
#3486 = EDGE_CURVE ( 'NONE', #1114, #9406, #7957, .T. ) ;
#3487 = CARTESIAN_POINT ( 'NONE',  ( 10.62736069497283431, 3.052584894236950674, -16.95625608541937979 ) ) ;
#3488 = CARTESIAN_POINT ( 'NONE',  ( -4.700000000013915269, 4.364883035253662946, -13.84999999999999787 ) ) ;
#3489 = CARTESIAN_POINT ( 'NONE',  ( -4.996240383431524101, 3.048063767351849584, -25.05364713535105636 ) ) ;
#3490 = DIRECTION ( 'NONE',  ( -0.000000000000000000, 1.000000000000000000, -0.000000000000000000 ) ) ;
#3491 = DIRECTION ( 'NONE',  ( 0.000000000000000000, 0.000000000000000000, -1.000000000000000000 ) ) ;
#3492 = FACE_OUTER_BOUND ( 'NONE', #7482, .T. ) ;
#3493 = CARTESIAN_POINT ( 'NONE',  ( 14.26167857559420860, 2.285999999999964061, 26.62116496782267561 ) ) ;
#3494 = CARTESIAN_POINT ( 'NONE',  ( 33.92076021648218642, 3.906963139629802129, 0.2361724338620432018 ) ) ;
#3495 = CARTESIAN_POINT ( 'NONE',  ( -6.349999999972432363, -3.049999999999999822, 35.74999999993219291 ) ) ;
#3496 = VERTEX_POINT ( 'NONE', #2922 ) ;
#3497 = ORIENTED_EDGE ( 'NONE', *, *, #5961, .F. ) ;
#3498 = ORIENTED_EDGE ( 'NONE', *, *, #3503, .T. ) ;
#3499 = ORIENTED_EDGE ( 'NONE', *, *, #4409, .F. ) ;
#3500 = AXIS2_PLACEMENT_3D ( 'NONE', #5736, #9591, #7 ) ;
#3501 = AXIS2_PLACEMENT_3D ( 'NONE', #5422, #9384, #3947 ) ;
#3502 = CARTESIAN_POINT ( 'NONE',  ( 42.89695073988931284, 2.656041666667309453, -7.159163859515479622 ) ) ;
#3503 = EDGE_CURVE ( 'NONE', #6832, #5301, #4180, .T. ) ;
#3504 = CARTESIAN_POINT ( 'NONE',  ( 2.031966346837731141, 4.494376535302539111, 13.17826385136968881 ) ) ;
#3505 = CARTESIAN_POINT ( 'NONE',  ( 25.73878091364174026, 3.049999999999959410, 29.95614663466647443 ) ) ;
#3506 = CARTESIAN_POINT ( 'NONE',  ( -4.461523307585490095, 2.470973923079976764, 21.41850284737942189 ) ) ;
#3507 = CARTESIAN_POINT ( 'NONE',  ( 10.30876041258631126, 9.387930722252230353, 0.000000000000000000 ) ) ;
#3508 = CARTESIAN_POINT ( 'NONE',  ( 32.09466722563806229, 2.131093248746596114, 22.95401003784633076 ) ) ;
#3509 = EDGE_CURVE ( 'NONE', #2068, #2408, #8645, .T. ) ;
#3510 = CARTESIAN_POINT ( 'NONE',  ( 27.15544815666536138, -1.131999999999999229, 31.24999999999999289 ) ) ;
#3511 = EDGE_LOOP ( 'NONE', ( #3245, #7109, #6332, #8105 ) ) ;
#3512 = ORIENTED_EDGE ( 'NONE', *, *, #8602, .T. ) ;
#3513 = VERTEX_POINT ( 'NONE', #538 ) ;
#3514 = ORIENTED_EDGE ( 'NONE', *, *, #5671, .F. ) ;
#3515 = CARTESIAN_POINT ( 'NONE',  ( 33.78958978951061454, 2.563718390800207025, 34.85564984723212234 ) ) ;
#3516 = ADVANCED_FACE ( 'NONE', ( #10224 ), #9496, .T. ) ;
#3517 = DIRECTION ( 'NONE',  ( 0.000000000000000000, -9.561467977824918306E-16, -1.000000000000000000 ) ) ;
#3518 = DIRECTION ( 'NONE',  ( 1.000000000000000000, -0.000000000000000000, -0.000000000000000000 ) ) ;
#3519 = DIRECTION ( 'NONE',  ( -1.000000000000000000, 0.000000000000000000, 0.000000000000000000 ) ) ;
#3520 = CARTESIAN_POINT ( 'NONE',  ( 12.19999999999999929, 500000.0000000000582, 25.25000000000000000 ) ) ;
#3521 = CARTESIAN_POINT ( 'NONE',  ( 27.79548809517451957, 7.254468894653143707, 0.000000000000000000 ) ) ;
#3522 = CARTESIAN_POINT ( 'NONE',  ( 16.53601913976809357, 4.633424507375212720, 7.537386147971780304 ) ) ;
#3523 = FACE_OUTER_BOUND ( 'NONE', #5097, .T. ) ;
#3524 = CARTESIAN_POINT ( 'NONE',  ( 18.15385376541866691, 6.443316446834161049, -0.2556862601733243534 ) ) ;
#3525 = CARTESIAN_POINT ( 'NONE',  ( 19.76859937738916528, 500000.0000000000582, 20.05839765180065726 ) ) ;
#3526 = CARTESIAN_POINT ( 'NONE',  ( 44.71833007806570492, 2.998745437714559703, -3.054507160946681399 ) ) ;
#3527 = CARTESIAN_POINT ( 'NONE',  ( -4.699999999999999289, 0.000000000000000000, 0.000000000000000000 ) ) ;
#3528 = B_SPLINE_CURVE_WITH_KNOTS ( 'NONE', 3,
 ( #3786, #7019, #10292, #9505 ),
 .UNSPECIFIED., .F., .F.,
 ( 4, 4 ),
 ( 2.602085213965211027E-18, 0.001003643816742615406 ),
 .UNSPECIFIED. ) ;
#3529 = VERTEX_POINT ( 'NONE', #8764 ) ;
#3530 = VERTEX_POINT ( 'NONE', #1392 ) ;
#3531 = CARTESIAN_POINT ( 'NONE',  ( 38.51954170253371501, 1.381612143926981728, -7.972918852566184711 ) ) ;
#3532 = CARTESIAN_POINT ( 'NONE',  ( 29.28191610937156142, 1.873173100629327292, 30.85901042595915555 ) ) ;
#3533 = CARTESIAN_POINT ( 'NONE',  ( -0.8890000000000007896, 6.122147830500345833, 6.747857392626166018 ) ) ;
#3534 = CARTESIAN_POINT ( 'NONE',  ( -5.042884329922532771, 3.064773552771365761, -25.03268634891747269 ) ) ;
#3535 = DIRECTION ( 'NONE',  ( 1.000000000000000000, 0.000000000000000000, 0.000000000000000000 ) ) ;
#3536 = LINE ( 'NONE', #10046, #3757 ) ;
#3537 = CARTESIAN_POINT ( 'NONE',  ( -3.328548467376214681, 2.553087721175571811, -21.02560714196346225 ) ) ;
#3538 = CARTESIAN_POINT ( 'NONE',  ( 12.69999999999999218, 3.049999999999999822, 25.25000000000000000 ) ) ;
#3539 = CARTESIAN_POINT ( 'NONE',  ( 43.05758172520645388, 1.817136662933011237, 0.04147664737946408359 ) ) ;
#3540 = CARTESIAN_POINT ( 'NONE',  ( 18.81985554329789778, 4.453302196048824158, 18.15389423687086179 ) ) ;
#3541 = ORIENTED_EDGE ( 'NONE', *, *, #3486, .T. ) ;
#3542 = ORIENTED_EDGE ( 'NONE', *, *, #4749, .F. ) ;
#3543 = ORIENTED_EDGE ( 'NONE', *, *, #5059, .T. ) ;
#3544 = DIRECTION ( 'NONE',  ( 1.000000000000000000, -0.000000000000000000, -0.000000000000000000 ) ) ;
#3545 = VERTEX_POINT ( 'NONE', #2235 ) ;
#3546 = ADVANCED_FACE ( 'NONE', ( #7853 ), #2315, .F. ) ;
#3547 = CARTESIAN_POINT ( 'NONE',  ( 44.30000000000192273, 3.075417716873549701, -5.967865306999767583 ) ) ;
#3548 = CARTESIAN_POINT ( 'NONE',  ( 0.5000000000000026645, 1.938330394404943924, 23.52448086157672691 ) ) ;
#3549 = DIRECTION ( 'NONE',  ( 0.000000000000000000, -1.000000000000000000, 0.000000000000000000 ) ) ;
#3550 = FACE_OUTER_BOUND ( 'NONE', #9271, .T. ) ;
#3551 = ORIENTED_EDGE ( 'NONE', *, *, #5866, .T. ) ;
#3552 = CARTESIAN_POINT ( 'NONE',  ( 10.12939620402573837, 500000.0000000000582, 29.88650298521228521 ) ) ;
#3553 = DIRECTION ( 'NONE',  ( 0.000000000000000000, 0.000000000000000000, -1.000000000000000000 ) ) ;
#3554 = DIRECTION ( 'NONE',  ( -0.000000000000000000, 1.000000000000000000, -0.000000000000000000 ) ) ;
#3555 = ADVANCED_FACE ( 'NONE', ( #7171 ), #3093, .F. ) ;
#3556 = ORIENTED_EDGE ( 'NONE', *, *, #7081, .F. ) ;
#3557 = ORIENTED_EDGE ( 'NONE', *, *, #4584, .F. ) ;
#3558 = VERTEX_POINT ( 'NONE', #9612 ) ;
#3559 = VERTEX_POINT ( 'NONE', #6595 ) ;
#3560 = EDGE_CURVE ( 'NONE', #8458, #4735, #3205, .T. ) ;
#3561 = CARTESIAN_POINT ( 'NONE',  ( 12.86089389281613471, 5.873811912777643585, -2.362752869132455302 ) ) ;
#3562 = DIRECTION ( 'NONE',  ( -1.000000000000000000, 0.000000000000000000, -8.205241711830808422E-14 ) ) ;
#3563 = CARTESIAN_POINT ( 'NONE',  ( 8.316649366546474909, 5.473994728362459483, -13.93309279256398980 ) ) ;
#3564 = LINE ( 'NONE', #5101, #2920 ) ;
#3565 = CARTESIAN_POINT ( 'NONE',  ( -0.5000000000000000000, -2.286000000000000032, 22.22500000000000142 ) ) ;
#3566 = CARTESIAN_POINT ( 'NONE',  ( -3.961000000000000298, 3.924999999999987388, 9.435145863650534537 ) ) ;
#3567 = CARTESIAN_POINT ( 'NONE',  ( 18.23105357815607519, 5.088623489765339514, 4.428804959892408633 ) ) ;
#3568 = ADVANCED_FACE ( 'NONE', ( #9707 ), #5644, .F. ) ;
#3569 = CARTESIAN_POINT ( 'NONE',  ( 5.175905717843008347, 2.896874810118619692, 19.55000000000003268 ) ) ;
#3570 = B_SPLINE_CURVE_WITH_KNOTS ( 'NONE', 3,
 ( #10062, #9267, #2017, #8469 ),
 .UNSPECIFIED., .F., .F.,
 ( 4, 4 ),
 ( 0.0006052738616229863143, 0.002827706041852520290 ),
 .UNSPECIFIED. ) ;
#3571 = EDGE_CURVE ( 'NONE', #3428, #4649, #10319, .T. ) ;
#3572 = CARTESIAN_POINT ( 'NONE',  ( 15.35598396924208053, 3.392137647172786430, 16.39720838215074039 ) ) ;
#3573 = DIRECTION ( 'NONE',  ( -0.000000000000000000, 1.000000000000000000, -0.000000000000000000 ) ) ;
#3574 = CARTESIAN_POINT ( 'NONE',  ( 4.698685000955094004, 3.049994762003295889, -24.48711913024318676 ) ) ;
#3575 = CARTESIAN_POINT ( 'NONE',  ( 33.04510189856264901, 1.653859686048814615, 22.14683200586490841 ) ) ;
#3576 = EDGE_CURVE ( 'NONE', #6169, #5260, #128, .T. ) ;
#3577 = B_SPLINE_CURVE_WITH_KNOTS ( 'NONE', 3,
 ( #1914, #9115, #6057, #9216 ),
 .UNSPECIFIED., .F., .F.,
 ( 4, 4 ),
 ( 0.000000000000000000, 1.000000000000000000 ),
 .UNSPECIFIED. ) ;
#3578 = VERTEX_POINT ( 'NONE', #2609 ) ;
#3579 = CARTESIAN_POINT ( 'NONE',  ( 31.78390502219179936, 2.378432084928093992, -7.668847305756619548 ) ) ;
#3580 = CARTESIAN_POINT ( 'NONE',  ( 23.35538871796791938, -3.049999999999998490, 26.51574786720089350 ) ) ;
#3581 = CARTESIAN_POINT ( 'NONE',  ( 43.61372196318700389, -3.049999999999999822, -6.542676607850895998 ) ) ;
#3582 = CARTESIAN_POINT ( 'NONE',  ( 26.59075686408611716, 2.286000000000072419, 32.56245729465366168 ) ) ;
#3583 = DIRECTION ( 'NONE',  ( -2.387869865561634641E-14, 0.000000000000000000, -1.000000000000000000 ) ) ;
#3584 = DIRECTION ( 'NONE',  ( 0.000000000000000000, 0.000000000000000000, -1.000000000000000000 ) ) ;
#3585 = CIRCLE ( 'NONE', #9516, 3.174999999999997158 ) ;
#3586 = DIRECTION ( 'NONE',  ( 0.000000000000000000, 0.000000000000000000, -1.000000000000000000 ) ) ;
#3587 = CARTESIAN_POINT ( 'NONE',  ( 20.27377787794251063, 2.285999999999871690, 28.13580167332951021 ) ) ;
#3588 = CARTESIAN_POINT ( 'NONE',  ( 43.49200692338796159, 1.561188330887360642, -6.269044274530114258 ) ) ;
#3589 = CARTESIAN_POINT ( 'NONE',  ( -4.355622928431464480, 1.820076177291790609, 19.55000000000000071 ) ) ;
#3590 = ORIENTED_EDGE ( 'NONE', *, *, #148, .T. ) ;
#3591 = ORIENTED_EDGE ( 'NONE', *, *, #6727, .T. ) ;
#3592 = EDGE_LOOP ( 'NONE', ( #6505, #9773, #415, #7335 ) ) ;
#3593 = VERTEX_POINT ( 'NONE', #6448 ) ;
#3594 = VECTOR ( 'NONE', #9808, 1000.000000000000000 ) ;
#3595 = DIRECTION ( 'NONE',  ( 0.000000000000000000, -1.000000000000000000, -0.000000000000000000 ) ) ;
#3596 = CARTESIAN_POINT ( 'NONE',  ( 0.000000000000000000, 1.136000000000000343, 19.05000000000000071 ) ) ;
#3597 = CARTESIAN_POINT ( 'NONE',  ( 32.12299493312871590, 1.582523224854947452, 34.25000000000004263 ) ) ;
#3598 = DIRECTION ( 'NONE',  ( -1.000000000000000000, 0.000000000000000000, 0.000000000000000000 ) ) ;
#3599 = VERTEX_POINT ( 'NONE', #9060 ) ;
#3600 = VECTOR ( 'NONE', #8496, 1000.000000000000114 ) ;
#3601 = DIRECTION ( 'NONE',  ( 0.000000000000000000, 0.000000000000000000, -1.000000000000000000 ) ) ;
#3602 = LINE ( 'NONE', #9265, #1966 ) ;
#3603 = EDGE_CURVE ( 'NONE', #2461, #9920, #8672, .T. ) ;
#3604 = CARTESIAN_POINT ( 'NONE',  ( 42.12629892268311949, 3.222141030866219946, -5.517696385395943537 ) ) ;
#3605 = DIRECTION ( 'NONE',  ( 0.000000000000000000, 0.000000000000000000, -1.000000000000000000 ) ) ;
#3606 = VECTOR ( 'NONE', #6953, 1000.000000000000000 ) ;
#3607 = VERTEX_POINT ( 'NONE', #5695 ) ;
#3608 = VERTEX_POINT ( 'NONE', #8914 ) ;
#3609 = EDGE_LOOP ( 'NONE', ( #8681, #5794, #6591, #7002, #7652, #3248, #183, #6205 ) ) ;
#3610 = ORIENTED_EDGE ( 'NONE', *, *, #5906, .F. ) ;
#3611 = DIRECTION ( 'NONE',  ( -1.224646799147352714E-16, 0.000000000000000000, -1.000000000000000000 ) ) ;
#3612 = CYLINDRICAL_SURFACE ( 'NONE', #6040, 0.5000000000000004441 ) ;
#3613 = CARTESIAN_POINT ( 'NONE',  ( -0.4999999999881765689, 4.880441712109890418, -13.84999999999999787 ) ) ;
#3614 = CARTESIAN_POINT ( 'NONE',  ( 0.000000000000000000, 0.7859999999999998099, 31.75000000000000000 ) ) ;
#3615 = ADVANCED_FACE ( 'NONE', ( #8156 ), #5555, .T. ) ;
#3616 = CARTESIAN_POINT ( 'NONE',  ( -3.190246509415523679, 5.280840607396545927, -16.30427203868672592 ) ) ;
#3617 = AXIS2_PLACEMENT_3D ( 'NONE', #7056, #7112, #10073 ) ;
#3618 = CARTESIAN_POINT ( 'NONE',  ( -6.199999999999966427, 5.166666666666653640, -16.83333333333333570 ) ) ;
#3619 = CARTESIAN_POINT ( 'NONE',  ( 16.79529769328445710, 4.612679016469193094, 7.543666551744360405 ) ) ;
#3620 = DIRECTION ( 'NONE',  ( 9.489330795420944430E-11, -1.000000000000000000, -1.643600306749721093E-10 ) ) ;
#3621 = VERTEX_POINT ( 'NONE', #8963 ) ;
#3622 = B_SPLINE_CURVE_WITH_KNOTS ( 'NONE', 3,
 ( #1340, #10169, #601, #9324 ),
 .UNSPECIFIED., .F., .F.,
 ( 4, 4 ),
 ( 0.003981236533298821746, 0.005053352311577926324 ),
 .UNSPECIFIED. ) ;
#3623 = EDGE_CURVE ( 'NONE', #6871, #8169, #3997, .T. ) ;
#3624 = CARTESIAN_POINT ( 'NONE',  ( 15.89339366845739931, 5.066632399008458520, 8.199361046268911934 ) ) ;
#3625 = CARTESIAN_POINT ( 'NONE',  ( 0.5000000000000000000, -2.286000000000000032, -15.87500000000000000 ) ) ;
#3626 = CARTESIAN_POINT ( 'NONE',  ( 42.20796492536680233, 3.010325925562843175, -7.741040955068154261 ) ) ;
#3627 = EDGE_CURVE ( 'NONE', #5756, #4388, #2858, .T. ) ;
#3628 = CARTESIAN_POINT ( 'NONE',  ( -0.8890000000000000124, 500000.0000000000582, 12.84999999999999964 ) ) ;
#3629 = EDGE_CURVE ( 'NONE', #123, #380, #4372, .T. ) ;
#3630 = VECTOR ( 'NONE', #6441, 1000.000000000000000 ) ;
#3631 = ORIENTED_EDGE ( 'NONE', *, *, #463, .T. ) ;
#3632 = VERTEX_POINT ( 'NONE', #9108 ) ;
#3633 = EDGE_CURVE ( 'NONE', #6222, #5398, #9209, .T. ) ;
#3634 = CARTESIAN_POINT ( 'NONE',  ( 14.56349701478771230, 0.7860000000050604285, 29.17939620402573908 ) ) ;
#3635 = CARTESIAN_POINT ( 'NONE',  ( 8.736921923943119950, 3.121054444931106620, -17.13279267403211747 ) ) ;
#3636 = CARTESIAN_POINT ( 'NONE',  ( -4.863690738052649287, 2.996856321212171270, -25.10633706131947918 ) ) ;
#3637 = FACE_OUTER_BOUND ( 'NONE', #2880, .T. ) ;
#3638 = CARTESIAN_POINT ( 'NONE',  ( 14.72005140847409344, 6.509423643454631758, -1.100000000000735723 ) ) ;
#3639 = CARTESIAN_POINT ( 'NONE',  ( -0.8890000000000000124, 3.174999999999990052, -4.250000000000000000 ) ) ;
#3640 = LINE ( 'NONE', #6090, #5873 ) ;
#3641 = CARTESIAN_POINT ( 'NONE',  ( 41.85715086672871621, 3.307377217788450174, 11.83296522462447342 ) ) ;
#3642 = CIRCLE ( 'NONE', #8725, 2.100000000000004530 ) ;
#3643 = CARTESIAN_POINT ( 'NONE',  ( 34.79407701662811547, 1.575197966264297422, 21.90044223003207335 ) ) ;
#3644 = VECTOR ( 'NONE', #2732, 1000.000000000000000 ) ;
#3645 = ORIENTED_EDGE ( 'NONE', *, *, #7914, .F. ) ;
#3646 = ORIENTED_EDGE ( 'NONE', *, *, #663, .F. ) ;
#3647 = ORIENTED_EDGE ( 'NONE', *, *, #1309, .T. ) ;
#3648 = VERTEX_POINT ( 'NONE', #2809 ) ;
#3649 = CARTESIAN_POINT ( 'NONE',  ( -3.159275311625066252, 9.188334024025378355, -0.7499999999999987788 ) ) ;
#3650 = CARTESIAN_POINT ( 'NONE',  ( -2.389000000000000234, 3.924999999999987388, 0.7500000000000003331 ) ) ;
#3651 = CARTESIAN_POINT ( 'NONE',  ( 3.135382751754559827, 0.7860000000050604285, 31.25000000000000000 ) ) ;
#3652 = CARTESIAN_POINT ( 'NONE',  ( -0.000000000000000000, -2.286000000000000032, -19.05000000000000071 ) ) ;
#3653 = EDGE_LOOP ( 'NONE', ( #7240, #5677 ) ) ;
#3654 = DIRECTION ( 'NONE',  ( 0.000000000000000000, 0.000000000000000000, -1.000000000000000000 ) ) ;
#3655 = CARTESIAN_POINT ( 'NONE',  ( 3.986364545039712937, 4.750625585040500809, -17.69983630227111604 ) ) ;
#3656 = CARTESIAN_POINT ( 'NONE',  ( 42.25555096237171426, 3.218798956286613056, -5.349645068448167784 ) ) ;
#3657 = CARTESIAN_POINT ( 'NONE',  ( 39.48469346111933476, 3.165016652909641071, 21.86217629188352873 ) ) ;
#3658 = ORIENTED_EDGE ( 'NONE', *, *, #7710, .F. ) ;
#3659 = CIRCLE ( 'NONE', #4503, 3.224999999999998757 ) ;
#3660 = EDGE_LOOP ( 'NONE', ( #9950, #10329, #7988, #7788 ) ) ;
#3661 = B_SPLINE_CURVE_WITH_KNOTS ( 'NONE', 3,
 ( #3231, #1647, #9636, #244 ),
 .UNSPECIFIED., .F., .F.,
 ( 4, 4 ),
 ( 0.001057956806209423960, 0.001301581413382532420 ),
 .UNSPECIFIED. ) ;
#3662 = AXIS2_PLACEMENT_3D ( 'NONE', #2928, #6500, #4055 ) ;
#3663 = ORIENTED_EDGE ( 'NONE', *, *, #2981, .F. ) ;
#3664 = B_SPLINE_CURVE_WITH_KNOTS ( 'NONE', 3,
 ( #3042, #8587, #7960, #10395, #3096, #7744, #4568, #9383, #8648, #1343, #8710, #3893, #6281, #491 ),
 .UNSPECIFIED., .F., .F.,
 ( 4, 2, 2, 2, 2, 2, 4 ),
 ( 2.907926436840383405E-17, 0.0005982196402791524915, 0.0008973294604187141005, 0.001196439280558275709, 0.001495549100697837318, 0.001794658920837399144, 0.002392878561116523230 ),
 .UNSPECIFIED. ) ;
#3665 = EDGE_LOOP ( 'NONE', ( #9473, #5030, #9154, #7847 ) ) ;
#3666 = PLANE ( 'NONE',  #890 ) ;
#3667 = CARTESIAN_POINT ( 'NONE',  ( 24.31449833178040265, 2.756241681714618696, -13.08555029776126410 ) ) ;
#3668 = FACE_BOUND ( 'NONE', #9588, .T. ) ;
#3669 = LINE ( 'NONE', #1186, #5475 ) ;
#3670 = FACE_OUTER_BOUND ( 'NONE', #1026, .T. ) ;
#3671 = CARTESIAN_POINT ( 'NONE',  ( 16.93106917031549585, 5.214756002550409164, 4.397390516572970753 ) ) ;
#3672 = ORIENTED_EDGE ( 'NONE', *, *, #5302, .F. ) ;
#3673 = EDGE_LOOP ( 'NONE', ( #4127, #1275, #2664, #7288, #4104 ) ) ;
#3674 = CARTESIAN_POINT ( 'NONE',  ( -3.666060555964672840, 1.136000000000000343, 18.55000000000000071 ) ) ;
#3675 = CARTESIAN_POINT ( 'NONE',  ( 18.44963745888573214, 5.661960131973043708, 4.022639515172695468 ) ) ;
#3676 = CARTESIAN_POINT ( 'NONE',  ( 0.000000000000000000, 1.136000000000000343, -19.55000000000000071 ) ) ;
#3677 = CARTESIAN_POINT ( 'NONE',  ( 24.26522629430132838, 3.049347693330010323, -18.86436868330615368 ) ) ;
#3678 = DIRECTION ( 'NONE',  ( -0.000000000000000000, 1.000000000000000000, -0.000000000000000000 ) ) ;
#3679 = EDGE_CURVE ( 'NONE', #5235, #10115, #1735, .T. ) ;
#3680 = ADVANCED_FACE ( 'NONE', ( #1167 ), #1815, .F. ) ;
#3681 = CARTESIAN_POINT ( 'NONE',  ( 44.30000000000000426, -3.049999999999999822, 1.549619227810649535 ) ) ;
#3682 = ORIENTED_EDGE ( 'NONE', *, *, #345, .F. ) ;
#3683 = VERTEX_POINT ( 'NONE', #3650 ) ;
#3684 = EDGE_CURVE ( 'NONE', #4631, #7018, #1623, .T. ) ;
#3685 = CARTESIAN_POINT ( 'NONE',  ( 44.27383760340752161, 1.811681293433127227, 0.03179787382833558496 ) ) ;
#3686 = CARTESIAN_POINT ( 'NONE',  ( 19.62568391786998490, -3.049999999999999378, -20.39440110707059262 ) ) ;
#3687 = CARTESIAN_POINT ( 'NONE',  ( 4.368041863341792563, 2.917890646980113800, 19.50717240372754091 ) ) ;
#3688 = CARTESIAN_POINT ( 'NONE',  ( -6.200000000000000178, -3.049999999999999822, 25.25000000000000000 ) ) ;
#3689 = CARTESIAN_POINT ( 'NONE',  ( 38.71869819574913407, 1.871831007248477174, -3.873642566125994779 ) ) ;
#3690 = FACE_OUTER_BOUND ( 'NONE', #6769, .T. ) ;
#3691 = CARTESIAN_POINT ( 'NONE',  ( 33.25593369884227002, 2.908308166396906813, 35.39830142382031397 ) ) ;
#3692 = B_SPLINE_CURVE_WITH_KNOTS ( 'NONE', 3,
 ( #1193, #395, #6809, #1788, #1042, #6662, #1882, #9089 ),
 .UNSPECIFIED., .F., .F.,
 ( 4, 2, 2, 4 ),
 ( 8.899758048967261600E-16, 0.0003321975851893997633, 0.0006643951703779096135, 0.001328790340754929097 ),
 .UNSPECIFIED. ) ;
#3693 = CARTESIAN_POINT ( 'NONE',  ( 42.77397066270359716, 3.429108155194686702, 0.4913559335431923469 ) ) ;
#3694 = DIRECTION ( 'NONE',  ( 0.000000000000000000, 0.000000000000000000, -1.000000000000000000 ) ) ;
#3695 = EDGE_CURVE ( 'NONE', #1374, #3202, #291, .T. ) ;
#3696 = ORIENTED_EDGE ( 'NONE', *, *, #143, .F. ) ;
#3697 = VERTEX_POINT ( 'NONE', #5238 ) ;
#3698 = ORIENTED_EDGE ( 'NONE', *, *, #2084, .T. ) ;
#3699 = ORIENTED_EDGE ( 'NONE', *, *, #5439, .T. ) ;
#3700 = DIRECTION ( 'NONE',  ( 0.000000000000000000, -1.000000000000000000, -0.000000000000000000 ) ) ;
#3701 = EDGE_CURVE ( 'NONE', #2603, #5416, #455, .T. ) ;
#3702 = FACE_OUTER_BOUND ( 'NONE', #6702, .T. ) ;
#3703 = CARTESIAN_POINT ( 'NONE',  ( 31.83152918355980177, 1.582737081237593157, 34.25000000000001421 ) ) ;
#3704 = CARTESIAN_POINT ( 'NONE',  ( -4.853630909921808900, 3.076601253830288485, 25.14479739866280283 ) ) ;
#3705 = ORIENTED_EDGE ( 'NONE', *, *, #6984, .T. ) ;
#3706 = DIRECTION ( 'NONE',  ( 0.000000000000000000, 1.000000000000000000, 0.000000000000000000 ) ) ;
#3707 = CARTESIAN_POINT ( 'NONE',  ( 1.370759183166905038, 5.494716462960204773, -15.07041249485331491 ) ) ;
#3708 = PLANE ( 'NONE',  #8912 ) ;
#3709 = CARTESIAN_POINT ( 'NONE',  ( 3.187274597757446593, 3.906872343896585331, 21.79917747301929509 ) ) ;
#3710 = EDGE_CURVE ( 'NONE', #4089, #7215, #4188, .T. ) ;
#3711 = ORIENTED_EDGE ( 'NONE', *, *, #1518, .F. ) ;
#3712 = ORIENTED_EDGE ( 'NONE', *, *, #4417, .T. ) ;
#3713 = ORIENTED_EDGE ( 'NONE', *, *, #6618, .F. ) ;
#3714 = ORIENTED_EDGE ( 'NONE', *, *, #8831, .T. ) ;
#3715 = DIRECTION ( 'NONE',  ( 0.000000000000000000, 0.000000000000000000, -1.000000000000000000 ) ) ;
#3716 = CARTESIAN_POINT ( 'NONE',  ( 0.000000000000000000, 1.136000000000000343, -19.05000000000000071 ) ) ;
#3717 = B_SPLINE_CURVE_WITH_KNOTS ( 'NONE', 3,
 ( #9311, #6742, #7530, #4394 ),
 .UNSPECIFIED., .F., .F.,
 ( 4, 4 ),
 ( 0.000000000000000000, 1.000000000000000000 ),
 .UNSPECIFIED. ) ;
#3718 = FACE_OUTER_BOUND ( 'NONE', #10088, .T. ) ;
#3719 = FACE_OUTER_BOUND ( 'NONE', #3405, .T. ) ;
#3720 = CARTESIAN_POINT ( 'NONE',  ( 0.000000000000000000, 2.286000000000000032, 31.75000000000000000 ) ) ;
#3721 = DIRECTION ( 'NONE',  ( 0.000000000000000000, 1.000000000000000000, 0.000000000000000000 ) ) ;
#3722 = CARTESIAN_POINT ( 'NONE',  ( 5.175905717868852562, 2.636000000000000121, 19.55000000000249472 ) ) ;
#3723 = PERSON_AND_ORGANIZATION ( #9736, #8355 ) ;
#3724 = ORIENTED_EDGE ( 'NONE', *, *, #6093, .T. ) ;
#3725 = ORIENTED_EDGE ( 'NONE', *, *, #2712, .F. ) ;
#3726 = DIRECTION ( 'NONE',  ( -1.000000000000000000, 0.000000000000000000, 0.000000000000000000 ) ) ;
#3727 = CARTESIAN_POINT ( 'NONE',  ( 16.53141734945062780, 6.635176798712281609, -0.2690632163593999482 ) ) ;
#3728 = CARTESIAN_POINT ( 'NONE',  ( 42.55892924062081306, 3.230851671870872632, -4.578763521957132099 ) ) ;
#3729 = B_SPLINE_CURVE_WITH_KNOTS ( 'NONE', 3,
 ( #10154, #6836, #524, #2862, #6100, #9426 ),
 .UNSPECIFIED., .F., .F.,
 ( 4, 2, 4 ),
 ( 7.269816092100958512E-18, 0.0003990620819669483607, 0.0007981241639338894573 ),
 .UNSPECIFIED. ) ;
#3730 = CARTESIAN_POINT ( 'NONE',  ( 42.55712936475423902, 3.198028322839249427, -5.134514497502952857 ) ) ;
#3731 = DIRECTION ( 'NONE',  ( 0.000000000000000000, 0.000000000000000000, -1.000000000000000000 ) ) ;
#3732 = ADVANCED_FACE ( 'NONE', ( #9954 ), #2703, .F. ) ;
#3733 = ORIENTED_EDGE ( 'NONE', *, *, #1429, .F. ) ;
#3734 = VERTEX_POINT ( 'NONE', #5087 ) ;
#3735 = EDGE_LOOP ( 'NONE', ( #3151, #10260, #5884, #6372, #1868, #7682, #6722, #3261, #4183, #4172, #7535 ) ) ;
#3736 = CARTESIAN_POINT ( 'NONE',  ( 43.88368547414704324, 2.710866528813090870, 0.01466946288275133674 ) ) ;
#3737 = ADVANCED_FACE ( 'NONE', ( #5942 ), #5137, .T. ) ;
#3738 = CARTESIAN_POINT ( 'NONE',  ( 6.199999999999937117, 1.909412615247565448, -22.68666876557479384 ) ) ;
#3739 = DIRECTION ( 'NONE',  ( -0.000000000000000000, -1.000000000000000000, -0.000000000000000000 ) ) ;
#3740 = EDGE_CURVE ( 'NONE', #4, #8315, #6290, .T. ) ;
#3741 = CARTESIAN_POINT ( 'NONE',  ( 27.26778604543878970, 4.511404645438513938, -10.48484721626659422 ) ) ;
#3742 = DIRECTION ( 'NONE',  ( 0.000000000000000000, 1.000000000000000000, -1.606225440719263655E-16 ) ) ;
#3743 = DIRECTION ( 'NONE',  ( -0.000000000000000000, 1.000000000000000000, -0.000000000000000000 ) ) ;
#3744 = CARTESIAN_POINT ( 'NONE',  ( 33.30185756105575479, 2.886779290030904832, 35.36563838170941665 ) ) ;
#3745 = CARTESIAN_POINT ( 'NONE',  ( 40.87017875059133587, 3.232925187384505961, 16.88696208345911032 ) ) ;
#3746 = CARTESIAN_POINT ( 'NONE',  ( -0.5000000000000000000, -2.286000000000000032, 22.22500000000000142 ) ) ;
#3747 = ADVANCED_FACE ( 'NONE', ( #4346 ), #5997, .T. ) ;
#3748 = EDGE_CURVE ( 'NONE', #9949, #4659, #7832, .T. ) ;
#3749 = ORIENTED_EDGE ( 'NONE', *, *, #2003, .F. ) ;
#3750 = CARTESIAN_POINT ( 'NONE',  ( 37.59999999999789821, 4.358086594490474752, -2.100000000000000089 ) ) ;
#3751 = ORIENTED_EDGE ( 'NONE', *, *, #2202, .T. ) ;
#3752 = ORIENTED_EDGE ( 'NONE', *, *, #2921, .T. ) ;
#3753 = CARTESIAN_POINT ( 'NONE',  ( 33.86889221386747550, 1.658101700442993653, 21.52154630890091980 ) ) ;
#3754 = DIRECTION ( 'NONE',  ( 0.4999999999999955591, 0.000000000000000000, -0.8660254037844412611 ) ) ;
#3755 = LINE ( 'NONE', #5288, #7343 ) ;
#3756 = CARTESIAN_POINT ( 'NONE',  ( 9.614083971173577936, 2.678038775822046524, -16.62979046629449087 ) ) ;
#3757 = VECTOR ( 'NONE', #6088, 1000.000000000000000 ) ;
#3758 = VERTEX_POINT ( 'NONE', #9478 ) ;
#3759 = EDGE_CURVE ( 'NONE', #2346, #6721, #6153, .T. ) ;
#3760 = FACE_OUTER_BOUND ( 'NONE', #10001, .T. ) ;
#3761 = CARTESIAN_POINT ( 'NONE',  ( 14.51947042250211695, 7.842958544738332982, -2.099999999999998312 ) ) ;
#3762 = CARTESIAN_POINT ( 'NONE',  ( 33.67768718618339818, 3.311571645460055890, 2.174999999999983391 ) ) ;
#3763 = CARTESIAN_POINT ( 'NONE',  ( -1.899970159584260188, 4.371942485172482407, 13.85000000000000142 ) ) ;
#3764 = EDGE_CURVE ( 'NONE', #1235, #8806, #2056, .T. ) ;
#3765 = DIRECTION ( 'NONE',  ( 0.000000000000000000, 0.000000000000000000, -1.000000000000000000 ) ) ;
#3766 = EDGE_CURVE ( 'NONE', #9220, #1984, #5780, .T. ) ;
#3767 = VERTEX_POINT ( 'NONE', #1267 ) ;
#3768 = ORIENTED_EDGE ( 'NONE', *, *, #3268, .T. ) ;
#3769 = VECTOR ( 'NONE', #417, 1000.000000000000000 ) ;
#3770 = ORIENTED_EDGE ( 'NONE', *, *, #7975, .F. ) ;
#3771 = FACE_OUTER_BOUND ( 'NONE', #5994, .T. ) ;
#3772 = ORIENTED_EDGE ( 'NONE', *, *, #7837, .T. ) ;
#3773 = LINE ( 'NONE', #1227, #6967 ) ;
#3774 = DIRECTION ( 'NONE',  ( -0.000000000000000000, 0.000000000000000000, -1.000000000000000000 ) ) ;
#3775 = CARTESIAN_POINT ( 'NONE',  ( 39.09999999999718767, 1.933350794636011116, -2.766349227487589157 ) ) ;
#3776 = DIRECTION ( 'NONE',  ( 1.000000000000000000, 0.000000000000000000, -5.608889349156317435E-16 ) ) ;
#3777 = EDGE_CURVE ( 'NONE', #7439, #9903, #10318, .T. ) ;
#3778 = CARTESIAN_POINT ( 'NONE',  ( 26.97853583649428089, -3.049999999999999822, 29.32642460596179035 ) ) ;
#3779 = VECTOR ( 'NONE', #1136, 1000.000000000000000 ) ;
#3780 = PLANE ( 'NONE',  #1480 ) ;
#3781 = CARTESIAN_POINT ( 'NONE',  ( 18.73895057658076624, 2.808872042578514083, -15.56065593930606639 ) ) ;
#3782 = VECTOR ( 'NONE', #1215, 1000.000000000000000 ) ;
#3783 = CARTESIAN_POINT ( 'NONE',  ( -1.889453669030580985, 4.384370910169224089, 13.80005028992285432 ) ) ;
#3784 = ORIENTED_EDGE ( 'NONE', *, *, #5949, .F. ) ;
#3785 = ORIENTED_EDGE ( 'NONE', *, *, #4863, .T. ) ;
#3786 = CARTESIAN_POINT ( 'NONE',  ( 0.4999999999999940603, -2.286000000000000032, -23.43499158684736727 ) ) ;
#3787 = CARTESIAN_POINT ( 'NONE',  ( 17.19415689518923074, 5.600301641519048523, 2.174999999999983391 ) ) ;
#3788 = CARTESIAN_POINT ( 'NONE',  ( 38.00718145470650455, 2.117944533886454650, -2.951907171408011621 ) ) ;
#3789 = AXIS2_PLACEMENT_3D ( 'NONE', #450, #3055, #6294 ) ;
#3790 = CARTESIAN_POINT ( 'NONE',  ( -4.700000000000000178, 3.924999999999990052, 10.72518239619396674 ) ) ;
#3791 = CARTESIAN_POINT ( 'NONE',  ( 42.53277986213805661, 3.226349020738963347, -4.709984082438369413 ) ) ;
#3792 = CARTESIAN_POINT ( 'NONE',  ( 2.106884135674916614, 3.154967082848645354, -24.40177349883347091 ) ) ;
#3793 = AXIS2_PLACEMENT_3D ( 'NONE', #2378, #9085, #7495 ) ;
#3794 = VECTOR ( 'NONE', #7764, 1000.000000000000000 ) ;
#3795 = LINE ( 'NONE', #5382, #3328 ) ;
#3796 = ORIENTED_EDGE ( 'NONE', *, *, #6295, .F. ) ;
#3797 = VERTEX_POINT ( 'NONE', #3924 ) ;
#3798 = LOCAL_TIME ( 14, 39, 42.00000000000000000, #9561 ) ;
#3799 = B_SPLINE_CURVE_WITH_KNOTS ( 'NONE', 3,
 ( #4789, #1621, #8013, #4845 ),
 .UNSPECIFIED., .F., .F.,
 ( 4, 4 ),
 ( 0.003900375395866089237, 0.006028675766015032488 ),
 .UNSPECIFIED. ) ;
#3800 = ORIENTED_EDGE ( 'NONE', *, *, #10031, .T. ) ;
#3801 = CARTESIAN_POINT ( 'NONE',  ( 44.00323776270732168, 2.539166800235874710, 0.01809510164049204020 ) ) ;
#3802 = FACE_OUTER_BOUND ( 'NONE', #7756, .T. ) ;
#3803 = CARTESIAN_POINT ( 'NONE',  ( 34.74247525379710311, 1.569990635393223144, 22.02652393054219360 ) ) ;
#3804 = CARTESIAN_POINT ( 'NONE',  ( 6.200000000000000178, 500000.0000000000582, 19.05000000000000071 ) ) ;
#3805 = CARTESIAN_POINT ( 'NONE',  ( -0.8890000000000001235, 6.655142296139237246, -4.494080193039030391 ) ) ;
#3806 = CARTESIAN_POINT ( 'NONE',  ( 38.09999999999754294, 2.131516171913310664, -2.684275891396091573 ) ) ;
#3807 = CARTESIAN_POINT ( 'NONE',  ( 44.30006641843010584, 1.489807471765267843, -0.06218508319605044882 ) ) ;
#3808 = DIRECTION ( 'NONE',  ( 0.000000000000000000, -1.000000000000000000, -0.000000000000000000 ) ) ;
#3809 = VERTEX_POINT ( 'NONE', #5346 ) ;
#3810 = B_SPLINE_CURVE_WITH_KNOTS ( 'NONE', 3,
 ( #7237, #5845, #5789, #1851, #3349, #4004, #2695, #10397, #9052, #8017, #5129, #9803 ),
 .UNSPECIFIED., .F., .F.,
 ( 4, 2, 2, 2, 2, 4 ),
 ( 0.006420862439682772232, 0.007805250342351474115, 0.009189638245020175997, 0.009881832196354526504, 0.01057402614768887875, 0.01195841405035758150 ),
 .UNSPECIFIED. ) ;
#3811 = EDGE_LOOP ( 'NONE', ( #6234, #7557, #6032, #5195, #5940, #9390, #9517 ) ) ;
#3812 = EDGE_LOOP ( 'NONE', ( #2854, #7617 ) ) ;
#3813 = VERTEX_POINT ( 'NONE', #2111 ) ;
#3814 = DIRECTION ( 'NONE',  ( 0.000000000000000000, 1.000000000000000000, 0.000000000000000000 ) ) ;
#3815 = DIRECTION ( 'NONE',  ( -1.000000000000000000, 0.000000000000000000, -1.427085626035518227E-14 ) ) ;
#3816 = FACE_OUTER_BOUND ( 'NONE', #2505, .T. ) ;
#3817 = CARTESIAN_POINT ( 'NONE',  ( -5.212851650437125173, 3.118284648183306640, 24.97958642946149510 ) ) ;
#3818 = VERTEX_POINT ( 'NONE', #8628 ) ;
#3819 = EDGE_CURVE ( 'NONE', #10065, #1163, #5287, .T. ) ;
#3820 = DIRECTION ( 'NONE',  ( 1.000000000000000000, -0.000000000000000000, -0.000000000000000000 ) ) ;
#3821 = CARTESIAN_POINT ( 'NONE',  ( 4.171226164224290045, 4.547333016098421332, -18.49011583959393334 ) ) ;
#3822 = CARTESIAN_POINT ( 'NONE',  ( 24.75950680466806020, 5.524160674859388109, 0.05884167079598885686 ) ) ;
#3823 = AXIS2_PLACEMENT_3D ( 'NONE', #7466, #3391, #210 ) ;
#3824 = CIRCLE ( 'NONE', #9222, 3.174999999999997158 ) ;
#3825 = DIRECTION ( 'NONE',  ( -0.000000000000000000, -1.000000000000000000, -0.000000000000000000 ) ) ;
#3826 = CARTESIAN_POINT ( 'NONE',  ( 2.798855766796793709, 5.359503688624037032, 15.90656456975248290 ) ) ;
#3827 = LINE ( 'NONE', #2174, #587 ) ;
#3828 = ORIENTED_EDGE ( 'NONE', *, *, #5795, .T. ) ;
#3829 = ORIENTED_EDGE ( 'NONE', *, *, #513, .F. ) ;
#3830 = ORIENTED_EDGE ( 'NONE', *, *, #5448, .T. ) ;
#3831 = EDGE_CURVE ( 'NONE', #3608, #546, #4513, .T. ) ;
#3832 = DIRECTION ( 'NONE',  ( -0.000000000000000000, -1.000000000000000000, -0.000000000000000000 ) ) ;
#3833 = VERTEX_POINT ( 'NONE', #5456 ) ;
#3834 = AXIS2_PLACEMENT_3D ( 'NONE', #1246, #6718, #2731 ) ;
#3835 = CARTESIAN_POINT ( 'NONE',  ( 29.28808308889324863, 2.286000000000008470, 36.21311253372765293 ) ) ;
#3836 = CARTESIAN_POINT ( 'NONE',  ( 10.38204998952949332, 2.303146761574917267, -17.98223806858347018 ) ) ;
#3837 = CARTESIAN_POINT ( 'NONE',  ( -4.700000000000000178, 3.924999999999986500, -0.7499999999999992228 ) ) ;
#3838 = CARTESIAN_POINT ( 'NONE',  ( -0.5000000000000000000, -2.286000000000000032, 15.91461724824544000 ) ) ;
#3839 = EDGE_CURVE ( 'NONE', #7471, #2917, #977, .T. ) ;
#3840 = B_SPLINE_CURVE_WITH_KNOTS ( 'NONE', 3,
 ( #3014, #3806, #5615, #10195 ),
 .UNSPECIFIED., .F., .F.,
 ( 4, 4 ),
 ( 0.0005039523229573282005, 0.0007587952481176706574 ),
 .UNSPECIFIED. ) ;
#3841 = CARTESIAN_POINT ( 'NONE',  ( 38.09999999999681108, 2.110126027841585206, -2.852819276697523776 ) ) ;
#3842 = CARTESIAN_POINT ( 'NONE',  ( -0.5000000000000000000, 1.136000000000000343, 22.18538275175455965 ) ) ;
#3843 = DIRECTION ( 'NONE',  ( 0.000000000000000000, 0.000000000000000000, 1.000000000000000000 ) ) ;
#3844 = AXIS2_PLACEMENT_3D ( 'NONE', #5547, #8770, #1520 ) ;
#3845 = ORIENTED_EDGE ( 'NONE', *, *, #1360, .F. ) ;
#3846 = ORIENTED_EDGE ( 'NONE', *, *, #8540, .T. ) ;
#3847 = EDGE_CURVE ( 'NONE', #8606, #1811, #1325, .T. ) ;
#3848 = LINE ( 'NONE', #1349, #7194 ) ;
#3849 = CYLINDRICAL_SURFACE ( 'NONE', #7716, 3.175000000000000711 ) ;
#3850 = AXIS2_PLACEMENT_3D ( 'NONE', #9750, #9689, #8047 ) ;
#3851 = CARTESIAN_POINT ( 'NONE',  ( 39.53083432073607639, 1.605516314215640117, -4.987614437392368316 ) ) ;
#3852 = DIRECTION ( 'NONE',  ( -0.000000000000000000, -1.000000000000000000, -0.000000000000000000 ) ) ;
#3853 = CARTESIAN_POINT ( 'NONE',  ( 12.11821835840007466, 5.331765286148706373, 8.111841195680561611 ) ) ;
#3854 = CYLINDRICAL_SURFACE ( 'NONE', #5310, 2.000000000000000000 ) ;
#3855 = CARTESIAN_POINT ( 'NONE',  ( -4.699999999999992184, 1.976170858471735681, -23.35139378068665650 ) ) ;
#3856 = PLANE ( 'NONE',  #10420 ) ;
#3857 = ORIENTED_EDGE ( 'NONE', *, *, #5217, .F. ) ;
#3858 = ORIENTED_EDGE ( 'NONE', *, *, #5244, .T. ) ;
#3859 = CARTESIAN_POINT ( 'NONE',  ( 44.23245074556297851, 2.005796972190549976, 0.02836194310456714371 ) ) ;
#3860 = CARTESIAN_POINT ( 'NONE',  ( 40.71118631790933762, 2.027738892448850194, 12.26050256134290528 ) ) ;
#3861 = CARTESIAN_POINT ( 'NONE',  ( 36.24403195880519490, 4.001191576894755464, 14.48496458393263531 ) ) ;
#3862 = CARTESIAN_POINT ( 'NONE',  ( -4.699999999999999289, 2.162520919212469472, -19.55000000000005755 ) ) ;
#3863 = CARTESIAN_POINT ( 'NONE',  ( -2.389000000000000234, 12.69999999999999929, -0.7500000000000006661 ) ) ;
#3864 = CARTESIAN_POINT ( 'NONE',  ( 0.000000000000000000, -3.049999999999999822, 12.84999999999999964 ) ) ;
#3865 = CARTESIAN_POINT ( 'NONE',  ( 44.30000000000000426, 1.495867676053612039, -1.058245754814029160 ) ) ;
#3866 = CARTESIAN_POINT ( 'NONE',  ( 30.54516754708532389, -2.795333333333333226, 35.74999999999966604 ) ) ;
#3867 = ORIENTED_EDGE ( 'NONE', *, *, #4411, .F. ) ;
#3868 = ORIENTED_EDGE ( 'NONE', *, *, #392, .F. ) ;
#3869 = CARTESIAN_POINT ( 'NONE',  ( 13.38739177816915493, 2.282821573026223572, -17.25973541128001898 ) ) ;
#3870 = ORIENTED_EDGE ( 'NONE', *, *, #3325, .T. ) ;
#3871 = VERTEX_POINT ( 'NONE', #10207 ) ;
#3872 = CARTESIAN_POINT ( 'NONE',  ( 9.625400856853223885, 4.387953181941503189, -9.661106577748908464 ) ) ;
#3873 = CARTESIAN_POINT ( 'NONE',  ( 44.25177394719145951, 1.302172726171906270, -4.949225478604716066 ) ) ;
#3874 = FACE_OUTER_BOUND ( 'NONE', #3382, .T. ) ;
#3875 = CARTESIAN_POINT ( 'NONE',  ( 10.29527834105259920, 2.550378037517323726, -16.98623112774833288 ) ) ;
#3876 = ORIENTED_EDGE ( 'NONE', *, *, #5066, .F. ) ;
#3877 = DIRECTION ( 'NONE',  ( -1.224646799147352714E-16, 0.000000000000000000, -1.000000000000000000 ) ) ;
#3878 = CARTESIAN_POINT ( 'NONE',  ( 14.32016174423834087, 7.847918835861666942, -2.162030546873212611 ) ) ;
#3879 = CARTESIAN_POINT ( 'NONE',  ( -2.126618560648118716, 3.665174480607928942, -22.68232753982224281 ) ) ;
#3880 = DIRECTION ( 'NONE',  ( 0.000000000000000000, 0.000000000000000000, 1.000000000000000000 ) ) ;
#3881 = CARTESIAN_POINT ( 'NONE',  ( 4.199751868774924013, 4.640385788692857005, 18.77566559004297275 ) ) ;
#3882 = CARTESIAN_POINT ( 'NONE',  ( 10.83650298521228450, 500000.0000000000582, 29.17939620402573908 ) ) ;
#3883 = EDGE_LOOP ( 'NONE', ( #10038, #4547, #4616, #1785 ) ) ;
#3884 = EDGE_LOOP ( 'NONE', ( #1920, #7888, #1133, #10110, #4782 ) ) ;
#3885 = EDGE_CURVE ( 'NONE', #2761, #3397, #2964, .T. ) ;
#3886 = ORIENTED_EDGE ( 'NONE', *, *, #3461, .F. ) ;
#3887 = CARTESIAN_POINT ( 'NONE',  ( -4.700000000000000178, 3.174999999999987388, 6.349999999999999645 ) ) ;
#3888 = ORIENTED_EDGE ( 'NONE', *, *, #7534, .F. ) ;
#3889 = CARTESIAN_POINT ( 'NONE',  ( 12.70000000000200124, 3.049999999999999822, 25.25000000000000000 ) ) ;
#3890 = FACE_OUTER_BOUND ( 'NONE', #9103, .T. ) ;
#3891 = CARTESIAN_POINT ( 'NONE',  ( 19.04999999999999361, 500000.0000000000582, 50.80000000000001137 ) ) ;
#3892 = CARTESIAN_POINT ( 'NONE',  ( -4.699999999999999289, 2.518461216106370859, -17.09985517785018772 ) ) ;
#3893 = CARTESIAN_POINT ( 'NONE',  ( 39.05907398628660587, 2.005391252064917751, -2.200473558297918242 ) ) ;
#3894 = B_SPLINE_CURVE_WITH_KNOTS ( 'NONE', 3,
 ( #3028, #4776, #699, #9599, #6268, #9484, #3879, #3084, #2225, #9542, #6067, #10379, #2340, #5580, #2827, #8801, #1383, #8634, #7998, #4412, #751, #5408, #7638, #385, #3616, #1657, #5839, #115, #9842, #1700, #5741, #4084, #8954, #7365 ),
 .UNSPECIFIED., .F., .F.,
 ( 4, 2, 2, 2, 2, 2, 2, 2, 2, 2, 2, 2, 2, 2, 2, 2, 4 ),
 ( 4.339176939868685044E-19, 0.0008336988694990031925, 0.001667397738998005951, 0.002501096608497008818, 0.003334795477996011469, 0.004168494347495014553, 0.005002193216994017637, 0.005835892086493019854, 0.006669590955992022938, 0.007503289825491026022, 0.008336988694990027371, 0.009170687564489030455, 0.01000438643398803354, 0.01083808530348703662, 0.01167178417298603797, 0.01250548304248504106, 0.01333918191198404414 ),
 .UNSPECIFIED. ) ;
#3895 = EDGE_CURVE ( 'NONE', #9642, #5235, #6210, .T. ) ;
#3896 = CARTESIAN_POINT ( 'NONE',  ( -4.700000000000000178, 3.924999999999987388, -3.264854136349464753 ) ) ;
#3897 = DIRECTION ( 'NONE',  ( -1.000000000000000000, 0.000000000000000000, 0.000000000000000000 ) ) ;
#3898 = VERTEX_POINT ( 'NONE', #1377 ) ;
#3899 = EDGE_LOOP ( 'NONE', ( #610, #10036, #2804, #7425, #637 ) ) ;
#3900 = ADVANCED_FACE ( 'NONE', ( #2219, #6262 ), #2904, .F. ) ;
#3901 = DIRECTION ( 'NONE',  ( 0.000000000000000000, 0.000000000000000000, 1.000000000000000000 ) ) ;
#3902 = CARTESIAN_POINT ( 'NONE',  ( 24.86079227390398927, 0.7859999999999998099, 28.95005160743191652 ) ) ;
#3903 = CARTESIAN_POINT ( 'NONE',  ( 12.01474749388976093, 6.332855630586328388, -1.061933677126679632 ) ) ;
#3904 = CARTESIAN_POINT ( 'NONE',  ( 5.400152191081107667, 3.572409960456127909, -15.97765974737111883 ) ) ;
#3905 = CARTESIAN_POINT ( 'NONE',  ( 4.265365732085626860, 1.815987744572808760, 23.99610028562781139 ) ) ;
#3906 = CARTESIAN_POINT ( 'NONE',  ( -6.200000000000000178, 0.000000000000000000, 0.000000000000000000 ) ) ;
#3907 = EDGE_CURVE ( 'NONE', #1122, #2789, #5655, .T. ) ;
#3908 = DIRECTION ( 'NONE',  ( 0.000000000000000000, -1.000000000000000000, -0.000000000000000000 ) ) ;
#3909 = CARTESIAN_POINT ( 'NONE',  ( 33.37055343157559406, 1.602573130051758943, 32.77394543874255106 ) ) ;
#3910 = ADVANCED_FACE ( 'NONE', ( #3702 ), #1546, .T. ) ;
#3911 = EDGE_LOOP ( 'NONE', ( #3543, #4824 ) ) ;
#3912 = CARTESIAN_POINT ( 'NONE',  ( 39.09999999999701004, 1.923843482732224164, -2.849519733242339203 ) ) ;
#3913 = CARTESIAN_POINT ( 'NONE',  ( 36.11090507144994177, 1.947081414451976578, 22.97733255729750113 ) ) ;
#3914 = CARTESIAN_POINT ( 'NONE',  ( 5.215004426697082529, 1.858727562493258878, 23.80922180344457928 ) ) ;
#3915 = EDGE_CURVE ( 'NONE', #7896, #6222, #2085, .T. ) ;
#3916 = DIRECTION ( 'NONE',  ( 0.000000000000000000, -1.000000000000000000, -0.000000000000000000 ) ) ;
#3917 = DIRECTION ( 'NONE',  ( 0.000000000000000000, -1.000000000000000000, -0.000000000000000000 ) ) ;
#3918 = CARTESIAN_POINT ( 'NONE',  ( -4.699999999999999289, 0.000000000000000000, 23.25000000000000000 ) ) ;
#3919 = CARTESIAN_POINT ( 'NONE',  ( 43.94885766656054216, 1.548138483870650450, 6.873392509380710891 ) ) ;
#3920 = CARTESIAN_POINT ( 'NONE',  ( 0.000000000000000000, 2.286000000000000032, 19.05000000000000071 ) ) ;
#3921 = VERTEX_POINT ( 'NONE', #1603 ) ;
#3922 = ORIENTED_EDGE ( 'NONE', *, *, #8218, .F. ) ;
#3923 = CARTESIAN_POINT ( 'NONE',  ( 44.30000000000000426, -3.049999999999999822, -1.158225982667416540E-14 ) ) ;
#3924 = CARTESIAN_POINT ( 'NONE',  ( 15.83538275175456000, 0.7859999999999998099, 32.25000000000000000 ) ) ;
#3925 = B_SPLINE_SURFACE_WITH_KNOTS ( 'NONE', 3, 3, ( 
 ( #5036, #6587, #1108, #8999 ),
 ( #4982, #5893, #8258, #7422 ),
 ( #2648, #3160, #960, #1059 ),
 ( #9101, #2359, #4288, #1806 ),
 ( #3444, #1012, #4195, #8203 ),
 ( #168, #3393, #4243, #4337 ),
 ( #6634, #7519, #6681, #5080 ),
 ( #9846, #2599, #263, #3494 ),
 ( #9947, #5935, #6403, #9619 ),
 ( #5597, #8818, #1569, #4792 ),
 ( #4384, #10099, #6827, #10144 ),
 ( #411, #9301, #5396, #8454 ),
 ( #314, #6202, #6091, #7570 ),
 ( #7613, #8408, #5278, #9201 ),
 ( #1317, #360, #2851, #10050 ),
 ( #3588, #1160, #10198, #3539 ) ),
 .UNSPECIFIED., .F., .F., .F.,
 ( 4, 3, 3, 3, 3, 4 ),
 ( 4, 4 ),
 ( 0.000000000000000000, 0.4438211834408214984, 0.6657317751612322754, 0.7766870710214376361, 0.8321647189515403165, 0.8876423668816429968 ),
 ( 0.04159650601435935235, 1.000000000000000000 ),
 .UNSPECIFIED. ) ;
#3926 = CARTESIAN_POINT ( 'NONE',  ( 42.53654131525686921, 2.907833244099030878, -6.335902941755178652 ) ) ;
#3927 = CARTESIAN_POINT ( 'NONE',  ( 9.736072866999695208, 2.640914634813342321, -16.75253162339708979 ) ) ;
#3928 = EDGE_LOOP ( 'NONE', ( #3062, #3772, #7890, #5746, #269, #3888 ) ) ;
#3929 = CARTESIAN_POINT ( 'NONE',  ( 0.000000000000000000, 1.136000000000000343, 19.55000000000000071 ) ) ;
#3930 = CARTESIAN_POINT ( 'NONE',  ( 17.19415689518923784, 7.457690561061469658, 3.174999999999999822 ) ) ;
#3931 = CARTESIAN_POINT ( 'NONE',  ( 17.46083532856196285, 6.506522223392431137, 0.03544664475813500554 ) ) ;
#3932 = DIRECTION ( 'NONE',  ( 0.000000000000000000, 0.000000000000000000, -1.000000000000000000 ) ) ;
#3933 = CARTESIAN_POINT ( 'NONE',  ( 2.798696529964441293, 3.811100902274921598, 22.19388197501618265 ) ) ;
#3934 = PLANE ( 'NONE',  #2785 ) ;
#3935 = VERTEX_POINT ( 'NONE', #4973 ) ;
#3936 = EDGE_LOOP ( 'NONE', ( #7907, #230, #2214, #6948, #1606, #8653 ) ) ;
#3937 = ORIENTED_EDGE ( 'NONE', *, *, #8343, .T. ) ;
#3938 = ORIENTED_EDGE ( 'NONE', *, *, #2996, .T. ) ;
#3939 = CARTESIAN_POINT ( 'NONE',  ( 0.000000000000000000, 9.402733490373224257, 14.84999999999999787 ) ) ;
#3940 = CARTESIAN_POINT ( 'NONE',  ( 2.306128254557390012, 2.726945626050501836, -19.86569570779358429 ) ) ;
#3941 = EDGE_CURVE ( 'NONE', #1132, #1308, #10439, .T. ) ;
#3942 = CARTESIAN_POINT ( 'NONE',  ( 37.83220033190686138, 1.650877637587200741, 5.697063635625011280 ) ) ;
#3943 = DIRECTION ( 'NONE',  ( 0.000000000000000000, 0.000000000000000000, -1.000000000000000000 ) ) ;
#3944 = DIRECTION ( 'NONE',  ( 0.000000000000000000, 0.000000000000000000, 1.000000000000000000 ) ) ;
#3945 = CARTESIAN_POINT ( 'NONE',  ( 38.10000000000003695, 9.402733490373224257, -2.100000000000000089 ) ) ;
#3946 = EDGE_CURVE ( 'NONE', #7904, #863, #7414, .T. ) ;
#3947 = DIRECTION ( 'NONE',  ( 0.000000000000000000, 0.000000000000000000, -1.000000000000000000 ) ) ;
#3948 = VECTOR ( 'NONE', #10167, 1000.000000000000000 ) ;
#3949 = DIRECTION ( 'NONE',  ( 0.000000000000000000, 0.000000000000000000, -1.000000000000000000 ) ) ;
#3950 = COORDINATED_UNIVERSAL_TIME_OFFSET ( 6, 0, .BEHIND. ) ;
#3951 = EDGE_LOOP ( 'NONE', ( #6893, #8900, #3829, #3337, #267 ) ) ;
#3952 = ADVANCED_FACE ( 'NONE', ( #7264 ), #57, .T. ) ;
#3953 = CARTESIAN_POINT ( 'NONE',  ( -4.173349222558877081, 4.478166889005605888, 19.59397455887548034 ) ) ;
#3954 = CARTESIAN_POINT ( 'NONE',  ( -6.199999999999999289, 3.520153305986981618, -23.38049275965805052 ) ) ;
#3955 = DIRECTION ( 'NONE',  ( 0.000000000000000000, 0.000000000000000000, -1.000000000000000000 ) ) ;
#3956 = VECTOR ( 'NONE', #1099, 999.9999999999998863 ) ;
#3957 = CARTESIAN_POINT ( 'NONE',  ( 14.19560309843726920, 6.063643580047301640, 3.948267316659807680 ) ) ;
#3958 = CARTESIAN_POINT ( 'NONE',  ( -3.666060555964672840, 1.136000000000000343, 19.55000000000000071 ) ) ;
#3959 = PRODUCT_DEFINITION ( 'UNKNOWN', '', #9880, #5213 ) ;
#3960 = VECTOR ( 'NONE', #5698, 1000.000000000000000 ) ;
#3961 = CARTESIAN_POINT ( 'NONE',  ( -0.4999999999999950040, 1.880326820667500343, -23.52043695468963236 ) ) ;
#3962 = DIRECTION ( 'NONE',  ( -0.000000000000000000, 1.000000000000000000, -0.000000000000000000 ) ) ;
#3963 = AXIS2_PLACEMENT_3D ( 'NONE', #8898, #3235, #2492 ) ;
#3964 = AXIS2_PLACEMENT_3D ( 'NONE', #195, #8390, #8338 ) ;
#3965 = EDGE_CURVE ( 'NONE', #9304, #6966, #4624, .T. ) ;
#3966 = DIRECTION ( 'NONE',  ( 0.000000000000000000, -0.8660254037844411501, -0.4999999999999956146 ) ) ;
#3967 = AXIS2_PLACEMENT_3D ( 'NONE', #2724, #8043, #1836 ) ;
#3968 = CARTESIAN_POINT ( 'NONE',  ( 32.31072228807087754, 4.200504585418274317, -0.09875179631450600737 ) ) ;
#3969 = CARTESIAN_POINT ( 'NONE',  ( -4.699999999999996625, 3.616922239544046569, -16.82514045387129897 ) ) ;
#3970 = AXIS2_PLACEMENT_3D ( 'NONE', #3552, #39, #9213 ) ;
#3971 = EDGE_CURVE ( 'NONE', #2059, #9917, #7555, .T. ) ;
#3972 = CARTESIAN_POINT ( 'NONE',  ( -4.700000000000000178, 3.924999999999987388, 3.264854136349466085 ) ) ;
#3973 = CARTESIAN_POINT ( 'NONE',  ( 30.39612617849516241, 3.787659145700309704, 3.174999999999988276 ) ) ;
#3974 = DIRECTION ( 'NONE',  ( 0.000000000000000000, 1.000000000000000000, 0.000000000000000000 ) ) ;
#3975 = AXIS2_PLACEMENT_3D ( 'NONE', #4219, #6802, #2676 ) ;
#3976 = CARTESIAN_POINT ( 'NONE',  ( 34.65068308603723324, 2.562671997143514790, 33.52439716495585742 ) ) ;
#3977 = CARTESIAN_POINT ( 'NONE',  ( -3.961000000000000298, 3.924999999999988276, 9.973189202894502614 ) ) ;
#3978 = CC_DESIGN_APPROVAL ( #6613, ( #3959 ) ) ;
#3979 = CONICAL_SURFACE ( 'NONE', #5670, 3.700000000000000622, 0.7853981633974500554 ) ;
#3980 = ORIENTED_EDGE ( 'NONE', *, *, #6620, .F. ) ;
#3981 = EDGE_CURVE ( 'NONE', #8221, #1572, #3480, .T. ) ;
#3982 = ORIENTED_EDGE ( 'NONE', *, *, #6997, .T. ) ;
#3983 = CARTESIAN_POINT ( 'NONE',  ( 39.84174769430145346, 3.049999999999999822, 27.01510415892409611 ) ) ;
#3984 = CARTESIAN_POINT ( 'NONE',  ( 13.86350107692101297, 5.737242616914879356, -2.547216548572288186 ) ) ;
#3985 = CARTESIAN_POINT ( 'NONE',  ( 16.48533977109418913, 7.473538809454403520, 3.452857186653426780 ) ) ;
#3986 = CARTESIAN_POINT ( 'NONE',  ( 1.863497014787711681, 0.7860000001187472662, 29.17939620402573908 ) ) ;
#3987 = EDGE_LOOP ( 'NONE', ( #6235, #3870, #1112, #2397 ) ) ;
#3988 = DIRECTION ( 'NONE',  ( -1.000000000000000000, 0.000000000000000000, 0.000000000000000000 ) ) ;
#3989 = DIRECTION ( 'NONE',  ( 0.000000000000000000, -1.000000000000000000, 0.000000000000000000 ) ) ;
#3990 = CARTESIAN_POINT ( 'NONE',  ( 44.30000000000002558, 0.8401088798951629188, -4.387734503260626973 ) ) ;
#3991 = CARTESIAN_POINT ( 'NONE',  ( 39.09999999999743636, 2.464461727060612173, -2.600000000002955503 ) ) ;
#3992 = CARTESIAN_POINT ( 'NONE',  ( 15.00911565307943007, 8.294087733800981965, 0.000000000000000000 ) ) ;
#3993 = CARTESIAN_POINT ( 'NONE',  ( 6.349999999999997868, 500000.0000000000582, 26.10710678118654471 ) ) ;
#3994 = ORIENTED_EDGE ( 'NONE', *, *, #5911, .T. ) ;
#3995 = EDGE_LOOP ( 'NONE', ( #4158, #6356, #4555, #5280 ) ) ;
#3996 = LINE ( 'NONE', #2349, #7986 ) ;
#3997 = LINE ( 'NONE', #6641, #7062 ) ;
#3998 = CARTESIAN_POINT ( 'NONE',  ( 37.83220033190686138, 2.869336261426269630, 5.697063635625011280 ) ) ;
#3999 = AXIS2_PLACEMENT_3D ( 'NONE', #242, #9930, #2677 ) ;
#4000 = CARTESIAN_POINT ( 'NONE',  ( 6.199999999999906031, -0.5699552530855712673, -22.68666876557479384 ) ) ;
#4001 = DIRECTION ( 'NONE',  ( 1.000000000000000000, -3.469446951953611033E-15, 0.000000000000000000 ) ) ;
#4002 = CARTESIAN_POINT ( 'NONE',  ( 39.84649989796412228, -3.049999999999999378, 23.28818738594285520 ) ) ;
#4003 = CARTESIAN_POINT ( 'NONE',  ( 37.63526885672102651, 1.568690393185079746, 13.33976011849527232 ) ) ;
#4004 = CARTESIAN_POINT ( 'NONE',  ( 3.283702679742085184, 2.189173476025098708, 22.49409912295763547 ) ) ;
#4005 = DATE_AND_TIME ( #4793, #2095 ) ;
#4006 = ORIENTED_EDGE ( 'NONE', *, *, #198, .T. ) ;
#4007 = AXIS2_PLACEMENT_3D ( 'NONE', #5228, #3743, #6927 ) ;
#4008 = ORIENTED_EDGE ( 'NONE', *, *, #5059, .F. ) ;
#4009 = AXIS2_PLACEMENT_3D ( 'NONE', #3266, #3852, #7085 ) ;
#4010 = ORIENTED_EDGE ( 'NONE', *, *, #1239, .F. ) ;
#4011 = CARTESIAN_POINT ( 'NONE',  ( 43.61372196318700389, -3.049999999999999822, -6.542676607850895998 ) ) ;
#4012 = CARTESIAN_POINT ( 'NONE',  ( 30.39773310479760582, 3.881696923975102465, 2.174999999999982947 ) ) ;
#4013 = DIRECTION ( 'NONE',  ( -0.000000000000000000, 1.000000000000000000, -0.000000000000000000 ) ) ;
#4014 = CARTESIAN_POINT ( 'NONE',  ( 4.134440687641578904, 4.014239521371401054, -14.41214623133095607 ) ) ;
#4015 = CARTESIAN_POINT ( 'NONE',  ( 15.83538275175456000, 0.7860000001187472662, 31.25000000000000000 ) ) ;
#4016 = CIRCLE ( 'NONE', #7383, 5.200000000000000178 ) ;
#4017 = CARTESIAN_POINT ( 'NONE',  ( 0.000000000000000000, 1.136000000000000343, 19.05000000000000071 ) ) ;
#4018 = CARTESIAN_POINT ( 'NONE',  ( 44.30000000000002558, 3.049999999999988720, -3.958442013573301832 ) ) ;
#4019 = CARTESIAN_POINT ( 'NONE',  ( 19.12098271092222035, 5.555436408929113945, 1.264098456625995182 ) ) ;
#4020 = B_SPLINE_SURFACE_WITH_KNOTS ( 'NONE', 1, 3, ( 
 ( #7686, #5474, #598, #6849, #7852, #5417, #1182, #3835, #4454, #10119 ),
 ( #2822, #4406, #1391, #2873, #6951, #6114, #7070, #9321, #2071, #10280 ) ),
 .UNSPECIFIED., .F., .F., .F.,
 ( 2, 2 ),
 ( 4, 2, 2, 2, 4 ),
 ( 0.000000000000000000, 1.000000000000000000 ),
 ( 0.005646062307143097717, 0.006075996990576301715, 0.006505931674009505714, 0.006935866357442709712, 0.007365801040875913711 ),
 .UNSPECIFIED. ) ;
#4021 = AXIS2_PLACEMENT_3D ( 'NONE', #3410, #6605, #9022 ) ;
#4022 = VECTOR ( 'NONE', #6232, 1000.000000000000000 ) ;
#4023 = CARTESIAN_POINT ( 'NONE',  ( 38.09999999999682530, 4.130511212739298443, -2.852819276697532658 ) ) ;
#4024 = CARTESIAN_POINT ( 'NONE',  ( 16.88436530235472333, 5.436270979059138142, 3.211434652025661585 ) ) ;
#4025 = CARTESIAN_POINT ( 'NONE',  ( 0.5000000000000000000, -2.286000000000000032, -15.87500000000000000 ) ) ;
#4026 = CARTESIAN_POINT ( 'NONE',  ( 18.07201302178383528, 2.768569769648911993, 19.04646395448078167 ) ) ;
#4027 = FACE_OUTER_BOUND ( 'NONE', #6146, .T. ) ;
#4028 = ADVANCED_FACE ( 'NONE', ( #4922 ), #1651, .F. ) ;
#4029 = CARTESIAN_POINT ( 'NONE',  ( -1.130021360976041743E-15, 3.484368460139444235, -23.25000000000000711 ) ) ;
#4030 = CARTESIAN_POINT ( 'NONE',  ( 0.5000000000000000000, 1.136000000000000343, -15.91461724824544000 ) ) ;
#4031 = VERTEX_POINT ( 'NONE', #8140 ) ;
#4032 = EDGE_CURVE ( 'NONE', #7668, #3818, #6374, .T. ) ;
#4033 = VERTEX_POINT ( 'NONE', #745 ) ;
#4034 = B_SPLINE_CURVE_WITH_KNOTS ( 'NONE', 3,
 ( #3515, #5954, #5865, #2767, #6651, #2622, #2669, #2567, #9075, #9818, #4160, #334, #9167, #1921, #6010, #1827, #2715, #3467, #10013, #8378, #4258, #6604, #5053, #8276 ),
 .UNSPECIFIED., .F., .F.,
 ( 4, 2, 2, 2, 2, 2, 2, 2, 2, 2, 2, 4 ),
 ( 0.000000000000000000, 0.01901356520346115034, 0.05465850560171117006, 0.1972382671947111310, 0.3398180287877111128, 0.4823977903807109557, 0.6249775519737107432, 0.7675573135667107527, 0.9101370751597107622, 0.9814269559562106560, 0.9992494261553355184, 1.000000000000000000 ),
 .UNSPECIFIED. ) ;
#4035 = CARTESIAN_POINT ( 'NONE',  ( 31.60000000000000142, 1.016666666666666607, 37.95000000000000284 ) ) ;
#4036 = DIRECTION ( 'NONE',  ( 0.000000000000000000, 0.000000000000000000, 1.000000000000000000 ) ) ;
#4037 = CYLINDRICAL_SURFACE ( 'NONE', #80, 6.200000000000001066 ) ;
#4038 = CARTESIAN_POINT ( 'NONE',  ( 9.564617248245438574, 0.7859999999999998099, 32.25000000000000000 ) ) ;
#4039 = ORIENTED_EDGE ( 'NONE', *, *, #3629, .F. ) ;
#4040 = CARTESIAN_POINT ( 'NONE',  ( 37.21174477917500667, 2.350277046929854396, 14.73880887350227908 ) ) ;
#4041 = CARTESIAN_POINT ( 'NONE',  ( -3.961000000000000298, 3.924999999999987388, 2.726810797105497119 ) ) ;
#4042 = CARTESIAN_POINT ( 'NONE',  ( 37.83220032993109072, 2.146867881762197339, 5.697063653037930386 ) ) ;
#4043 = CARTESIAN_POINT ( 'NONE',  ( 15.83538275175456000, -2.286000000000000032, 32.25000000000000000 ) ) ;
#4044 = EDGE_CURVE ( 'NONE', #9005, #666, #5374, .T. ) ;
#4045 = CARTESIAN_POINT ( 'NONE',  ( 15.22893198111425583, 5.830262793532115850, 4.576710252548084057 ) ) ;
#4046 = VERTEX_POINT ( 'NONE', #4882 ) ;
#4047 = ORIENTED_EDGE ( 'NONE', *, *, #1516, .F. ) ;
#4048 = EDGE_CURVE ( 'NONE', #8021, #4486, #9772, .T. ) ;
#4049 = DIRECTION ( 'NONE',  ( -0.4999999999999963363, 0.000000000000000000, 0.8660254037844407060 ) ) ;
#4050 = CARTESIAN_POINT ( 'NONE',  ( 5.200000000000000178, -3.049999999999999822, 19.05000000000000071 ) ) ;
#4051 = LINE ( 'NONE', #6449, #1756 ) ;
#4052 = CARTESIAN_POINT ( 'NONE',  ( -4.000000000000000000, 2.286000000000000032, 26.57328681698263040 ) ) ;
#4053 = CARTESIAN_POINT ( 'NONE',  ( -6.200000000000038369, -1.016666666666666385, -25.25000000000000355 ) ) ;
#4054 = LINE ( 'NONE', #7285, #7032 ) ;
#4055 = DIRECTION ( 'NONE',  ( 0.000000000000000000, 0.000000000000000000, 1.000000000000000000 ) ) ;
#4056 = ORIENTED_EDGE ( 'NONE', *, *, #2018, .F. ) ;
#4057 = ORIENTED_EDGE ( 'NONE', *, *, #8420, .T. ) ;
#4058 = CARTESIAN_POINT ( 'NONE',  ( -0.5637048878062189683, 5.657826962299383311, 14.84999999999999609 ) ) ;
#4059 = LINE ( 'NONE', #7390, #9233 ) ;
#4060 = CARTESIAN_POINT ( 'NONE',  ( 8.393372377149480812, 5.321659324732879170, -14.53774740406826638 ) ) ;
#4061 = CARTESIAN_POINT ( 'NONE',  ( 0.000000000000000000, 3.261000000000000121, -23.25000000000000355 ) ) ;
#4062 = DIRECTION ( 'NONE',  ( 1.000000000000000000, -0.000000000000000000, -0.000000000000000000 ) ) ;
#4063 = DIRECTION ( 'NONE',  ( 1.000000000000000000, 0.000000000000000000, 0.000000000000000000 ) ) ;
#4064 = LINE ( 'NONE', #6515, #4694 ) ;
#4065 = CARTESIAN_POINT ( 'NONE',  ( 30.05453764058970378, 2.375501904593095404, 16.21560585175485514 ) ) ;
#4066 = ADVANCED_FACE ( 'NONE', ( #3340 ), #7310, .F. ) ;
#4067 = CARTESIAN_POINT ( 'NONE',  ( 29.93801975981397234, 2.001603554153593922, 25.20429471021591894 ) ) ;
#4068 = CARTESIAN_POINT ( 'NONE',  ( -4.700000000000000178, 2.424999999999986500, -9.435145863650532760 ) ) ;
#4069 = CARTESIAN_POINT ( 'NONE',  ( 37.86195807037288574, 2.958820291081056819, 2.393200967928509559 ) ) ;
#4070 = CARTESIAN_POINT ( 'NONE',  ( 31.12893159288300282, 1.695718369485428090, 22.50160378565873742 ) ) ;
#4071 = EDGE_CURVE ( 'NONE', #9920, #9865, #4360, .T. ) ;
#4072 = CARTESIAN_POINT ( 'NONE',  ( 0.000000000000000000, 1.136000000000000343, 19.05000000000000071 ) ) ;
#4073 = CARTESIAN_POINT ( 'NONE',  ( 12.87955691191066698, -3.050000000000001155, -21.24841790098802363 ) ) ;
#4074 = PLANE ( 'NONE',  #3793 ) ;
#4075 = ORIENTED_EDGE ( 'NONE', *, *, #6734, .T. ) ;
#4076 = ORIENTED_EDGE ( 'NONE', *, *, #5523, .F. ) ;
#4077 = CARTESIAN_POINT ( 'NONE',  ( -4.700000000000000178, 2.424999999999991829, 12.34999999999999787 ) ) ;
#4078 = EDGE_CURVE ( 'NONE', #3513, #3237, #5222, .T. ) ;
#4079 = CARTESIAN_POINT ( 'NONE',  ( 10.20791791021265205, 4.617566468167145999, -16.98623112774842880 ) ) ;
#4080 = CARTESIAN_POINT ( 'NONE',  ( 17.11618997388595531, 7.465410175015296801, 3.174999999999999822 ) ) ;
#4081 = CARTESIAN_POINT ( 'NONE',  ( 3.666060555964672840, 1.136000000000000343, -19.55000000000000071 ) ) ;
#4082 = ORIENTED_EDGE ( 'NONE', *, *, #9057, .T. ) ;
#4083 = CARTESIAN_POINT ( 'NONE',  ( -6.200000000000000178, 3.174999999999987388, 6.349999999999999645 ) ) ;
#4084 = CARTESIAN_POINT ( 'NONE',  ( -0.5615872657032519033, 5.593350505471184952, -14.87842358297814549 ) ) ;
#4085 = EDGE_CURVE ( 'NONE', #253, #1225, #1342, .T. ) ;
#4086 = DIRECTION ( 'NONE',  ( 0.000000000000000000, 0.000000000000000000, -1.000000000000000000 ) ) ;
#4087 = CARTESIAN_POINT ( 'NONE',  ( 30.83444284830217796, 3.049999999999999822, 36.07416615841132312 ) ) ;
#4088 = CARTESIAN_POINT ( 'NONE',  ( 0.5000000000000016653, 1.881521351217044336, 23.75000000000000711 ) ) ;
#4089 = VERTEX_POINT ( 'NONE', #5073 ) ;
#4090 = ORIENTED_EDGE ( 'NONE', *, *, #3941, .T. ) ;
#4091 = CYLINDRICAL_SURFACE ( 'NONE', #6320, 76.31464472825643952 ) ;
#4092 = EDGE_CURVE ( 'NONE', #9539, #6932, #978, .T. ) ;
#4093 = CARTESIAN_POINT ( 'NONE',  ( 37.26707610346069544, 2.662537621388141318, 10.14529654823136440 ) ) ;
#4094 = FACE_OUTER_BOUND ( 'NONE', #4645, .T. ) ;
#4095 = CARTESIAN_POINT ( 'NONE',  ( 17.82437353831945615, 2.927304116758207453, 18.24884463320602990 ) ) ;
#4096 = CARTESIAN_POINT ( 'NONE',  ( 0.000000000000000000, -2.286000000000000032, 31.75000000000000000 ) ) ;
#4097 = CARTESIAN_POINT ( 'NONE',  ( 37.65166310227772328, -3.049999999999999378, 28.19145668105894131 ) ) ;
#4098 = ADVANCED_FACE ( 'NONE', ( #1796 ), #9094, .F. ) ;
#4099 = EDGE_CURVE ( 'NONE', #517, #1150, #6818, .T. ) ;
#4100 = CARTESIAN_POINT ( 'NONE',  ( 38.92152476875597955, 1.568690393185079746, 4.542157669997896718 ) ) ;
#4101 = B_SPLINE_CURVE_WITH_KNOTS ( 'NONE', 3,
 ( #2470, #4167, #5872, #4860, #9824, #9731 ),
 .UNSPECIFIED., .F., .F.,
 ( 4, 2, 4 ),
 ( 0.001068341569122290523, 0.009990784525694348245, 0.01891322748226640510 ),
 .UNSPECIFIED. ) ;
#4102 = ORIENTED_EDGE ( 'NONE', *, *, #3200, .F. ) ;
#4103 = VERTEX_POINT ( 'NONE', #1844 ) ;
#4104 = ORIENTED_EDGE ( 'NONE', *, *, #1539, .F. ) ;
#4105 = ORIENTED_EDGE ( 'NONE', *, *, #5200, .T. ) ;
#4106 = DIRECTION ( 'NONE',  ( 0.000000000000000000, 0.000000000000000000, 1.000000000000000000 ) ) ;
#4107 = EDGE_CURVE ( 'NONE', #7471, #7338, #78, .T. ) ;
#4108 = CARTESIAN_POINT ( 'NONE',  ( -4.772625072023757298, 2.105628509213754107, 22.86452811050090261 ) ) ;
#4109 = CARTESIAN_POINT ( 'NONE',  ( 3.135382751754560271, -2.286000000000000032, 31.25000000000000000 ) ) ;
#4110 = CARTESIAN_POINT ( 'NONE',  ( 44.26290243376043065, 1.712767694767768800, -4.335785852568274201 ) ) ;
#4111 = CARTESIAN_POINT ( 'NONE',  ( 12.69999999999999218, -2.540666666666666629, 25.25000000000000000 ) ) ;
#4112 = CIRCLE ( 'NONE', #10173, 6.200000000000001066 ) ;
#4113 = CARTESIAN_POINT ( 'NONE',  ( 45.58440229170825120, 3.049999999999999822, -4.791572578194753795 ) ) ;
#4114 = CARTESIAN_POINT ( 'NONE',  ( 33.22635078008146081, 3.387725157274402932, 1.807537466912663371 ) ) ;
#4115 = AXIS2_PLACEMENT_3D ( 'NONE', #5637, #1615, #8858 ) ;
#4116 = VERTEX_POINT ( 'NONE', #4279 ) ;
#4117 = B_SPLINE_CURVE_WITH_KNOTS ( 'NONE', 3,
 ( #4771, #4080, #7311, #9691, #4828, #7992, #3985, #7213, #58, #3288, #3079, #6318 ),
 .UNSPECIFIED., .F., .F.,
 ( 4, 2, 2, 2, 2, 4 ),
 ( 0.000000000000000000, 0.0002317419910216418275, 0.0004634839820432836550, 0.0009269679640865580942, 0.001390451946129832479, 0.001853935928173106647 ),
 .UNSPECIFIED. ) ;
#4118 = VECTOR ( 'NONE', #5543, 1000.000000000000000 ) ;
#4119 = CARTESIAN_POINT ( 'NONE',  ( 19.54076646940992745, 6.269881182195065961, -0.2430861789303405129 ) ) ;
#4120 = LINE ( 'NONE', #4915, #4805 ) ;
#4121 = FACE_OUTER_BOUND ( 'NONE', #8854, .T. ) ;
#4122 = B_SPLINE_CURVE_WITH_KNOTS ( 'NONE', 3,
 ( #1032, #4216, #9079, #4951 ),
 .UNSPECIFIED., .F., .F.,
 ( 4, 4 ),
 ( 0.0007715807077213197081, 0.002993966820731820862 ),
 .UNSPECIFIED. ) ;
#4123 = CARTESIAN_POINT ( 'NONE',  ( -4.141985039485271969, 2.660145063241191377, -25.21811803787425177 ) ) ;
#4124 = CARTESIAN_POINT ( 'NONE',  ( 42.62838698765574463, -3.050000000000003375, -5.411692116005640152 ) ) ;
#4125 = VECTOR ( 'NONE', #8747, 1000.000000000000000 ) ;
#4126 = VERTEX_POINT ( 'NONE', #7511 ) ;
#4127 = ORIENTED_EDGE ( 'NONE', *, *, #2267, .F. ) ;
#4128 = AXIS2_PLACEMENT_3D ( 'NONE', #8991, #2588, #1101 ) ;
#4129 = FACE_OUTER_BOUND ( 'NONE', #2292, .T. ) ;
#4130 = CARTESIAN_POINT ( 'NONE',  ( 14.51953458552137732, 5.779065794929016953, -2.100000000000000533 ) ) ;
#4131 = CARTESIAN_POINT ( 'NONE',  ( -4.699999999999999289, 0.000000000000000000, 0.000000000000000000 ) ) ;
#4132 = LINE ( 'NONE', #4925, #8018 ) ;
#4133 = ORIENTED_EDGE ( 'NONE', *, *, #9130, .T. ) ;
#4134 = AXIS2_PLACEMENT_3D ( 'NONE', #6656, #9027, #9171 ) ;
#4135 = DIRECTION ( 'NONE',  ( 0.000000000000000000, 0.000000000000000000, 1.000000000000000000 ) ) ;
#4136 = CARTESIAN_POINT ( 'NONE',  ( 37.03253367230245630, 2.594684321499560298, -3.963639656190613536 ) ) ;
#4137 = LINE ( 'NONE', #8303, #4319 ) ;
#4138 = CARTESIAN_POINT ( 'NONE',  ( 44.29999999999999716, 3.049999999999997158, 0.000000000000000000 ) ) ;
#4139 = VECTOR ( 'NONE', #7881, 1000.000000000000000 ) ;
#4141 = B_SPLINE_CURVE_WITH_KNOTS ( 'NONE', 3,
 ( #5025, #202, #8247, #1002, #56, #7309, #4233, #9888, #5118, #4277, #3286, #9093, #1843, #893 ),
 .UNSPECIFIED., .F., .F.,
 ( 4, 2, 2, 2, 2, 2, 4 ),
 ( 0.009552578957977893997, 0.01022664278781825614, 0.01090070661765862002, 0.01224883427733934431, 0.01292289810717970472, 0.01359696193702006686, 0.01494508959670078248 ),
 .UNSPECIFIED. ) ;
#4140 = CYLINDRICAL_SURFACE ( 'NONE', #5155, 2.100000000000000977 ) ;
#4142 = ORIENTED_EDGE ( 'NONE', *, *, #5302, .T. ) ;
#4143 = EDGE_LOOP ( 'NONE', ( #5283, #8792, #1661, #2406 ) ) ;
#4144 = B_SPLINE_CURVE_WITH_KNOTS ( 'NONE', 3,
 ( #2716, #5955, #236, #4407, #1922, #2072, #1282, #7687, #5150, #7540, #6011, #7635 ),
 .UNSPECIFIED., .F., .F.,
 ( 4, 2, 2, 2, 2, 4 ),
 ( 4.340276750224304698E-17, 0.0005962013934667462515, 0.001192402786933449135, 0.001490503483666800631, 0.001788604180400151910, 0.002384805573866859672 ),
 .UNSPECIFIED. ) ;
#4145 = ORIENTED_EDGE ( 'NONE', *, *, #588, .T. ) ;
#4146 = EDGE_CURVE ( 'NONE', #5907, #926, #7402, .T. ) ;
#4147 = CARTESIAN_POINT ( 'NONE',  ( 43.60603984091122953, -2.656041666666528744, -6.549362612376292248 ) ) ;
#4148 = CARTESIAN_POINT ( 'NONE',  ( 44.29999999999999005, 1.031698250066944711, -7.799480515982281759 ) ) ;
#4149 = CARTESIAN_POINT ( 'NONE',  ( 37.34482880387780313, 2.869336261426269630, 9.992397588148472565 ) ) ;
#4150 = DIRECTION ( 'NONE',  ( 0.000000000000000000, 1.000000000000000000, 0.000000000000000000 ) ) ;
#4151 = AXIS2_PLACEMENT_3D ( 'NONE', #3882, #4677, #2287 ) ;
#4152 = FACE_OUTER_BOUND ( 'NONE', #4489, .T. ) ;
#4153 = DIRECTION ( 'NONE',  ( -0.000000000000000000, -1.000000000000000000, -0.000000000000000000 ) ) ;
#4154 = EDGE_CURVE ( 'NONE', #5146, #8245, #8348, .T. ) ;
#4155 = VERTEX_POINT ( 'NONE', #3487 ) ;
#4156 = ORIENTED_EDGE ( 'NONE', *, *, #6561, .F. ) ;
#4157 = ORIENTED_EDGE ( 'NONE', *, *, #7139, .F. ) ;
#4158 = ORIENTED_EDGE ( 'NONE', *, *, #5840, .T. ) ;
#4159 = ADVANCED_FACE ( 'NONE', ( #5928 ), #803, .F. ) ;
#4160 = CARTESIAN_POINT ( 'NONE',  ( 40.89341261627450308, 2.094108587166910507, 20.51859600885189394 ) ) ;
#4161 = CARTESIAN_POINT ( 'NONE',  ( -1.919788991474309148, 1.876424219555540729, 23.77668803052920765 ) ) ;
#4162 = FACE_OUTER_BOUND ( 'NONE', #1263, .T. ) ;
#4163 = LINE ( 'NONE', #2522, #4960 ) ;
#4164 = DIRECTION ( 'NONE',  ( -0.000000000000000000, 1.000000000000000000, -0.000000000000000000 ) ) ;
#4165 = B_SPLINE_CURVE_WITH_KNOTS ( 'NONE', 3,
 ( #983, #8228, #6797, #7389, #5912, #1776, #9223, #1029, #1134, #9121, #1976, #5810, #6754, #4212, #7486, #7440, #3366, #184 ),
 .UNSPECIFIED., .F., .F.,
 ( 4, 2, 2, 2, 2, 2, 2, 2, 4 ),
 ( 1.629490927238866933E-15, 0.0004146089109950323523, 0.0008292178219884351487, 0.001243826732981838162, 0.001658435643975240958, 0.002073044554968643538, 0.002487653465962046551, 0.002902262376955449131, 0.003316871287948852144 ),
 .UNSPECIFIED. ) ;
#4166 = DIRECTION ( 'NONE',  ( 0.000000000000000000, 0.000000000000000000, -1.000000000000000000 ) ) ;
#4167 = CARTESIAN_POINT ( 'NONE',  ( 34.99393065381419632, 1.796125796524943086, 18.77081352639388356 ) ) ;
#4168 = AXIS2_PLACEMENT_3D ( 'NONE', #8563, #8504, #8619 ) ;
#4169 = CARTESIAN_POINT ( 'NONE',  ( 22.41939652128915483, 1.932619344151355278, 20.81851442675794672 ) ) ;
#4170 = VECTOR ( 'NONE', #9405, 1000.000000000000000 ) ;
#4171 = EDGE_CURVE ( 'NONE', #4976, #9120, #404, .T. ) ;
#4172 = ORIENTED_EDGE ( 'NONE', *, *, #4266, .T. ) ;
#4173 = VECTOR ( 'NONE', #6598, 1000.000000000000000 ) ;
#4174 = CARTESIAN_POINT ( 'NONE',  ( 21.88146149851464983, 3.070012414164553061, 17.05628005370024169 ) ) ;
#4175 = DIRECTION ( 'NONE',  ( 1.224646799147352714E-16, 0.000000000000000000, 1.000000000000000000 ) ) ;
#4176 = CARTESIAN_POINT ( 'NONE',  ( 45.95715199027618780, 2.879715025443063681, -4.458962717867674286 ) ) ;
#4177 = CARTESIAN_POINT ( 'NONE',  ( -4.185496259871320568, 1.910078503668976468, -23.71874924611535818 ) ) ;
#4178 = CARTESIAN_POINT ( 'NONE',  ( 32.12299493312871590, 1.582523224854947452, 34.25000000000004263 ) ) ;
#4179 = CARTESIAN_POINT ( 'NONE',  ( -5.335592306863317980, 3.145073821940426839, -24.86529804439152613 ) ) ;
#4180 = CIRCLE ( 'NONE', #966, 3.174999999999997158 ) ;
#4181 = CIRCLE ( 'NONE', #9929, 5.200000000000000178 ) ;
#4182 = B_SPLINE_CURVE_WITH_KNOTS ( 'NONE', 3,
 ( #2076, #9558, #3778, #2300 ),
 .UNSPECIFIED., .F., .F.,
 ( 4, 4 ),
 ( 0.000000000000000000, 0.9009956326877801569 ),
 .UNSPECIFIED. ) ;
#4183 = ORIENTED_EDGE ( 'NONE', *, *, #5000, .F. ) ;
#4184 = ORIENTED_EDGE ( 'NONE', *, *, #10085, .F. ) ;
#4185 = CARTESIAN_POINT ( 'NONE',  ( 29.62541894764057915, 0.7859999999999998099, 34.25000813203591576 ) ) ;
#4186 = CARTESIAN_POINT ( 'NONE',  ( 0.000000000000000000, -2.286000000000000032, 19.05000000000000071 ) ) ;
#4187 = DIRECTION ( 'NONE',  ( 0.000000000000000000, -1.000000000000000000, 0.000000000000000000 ) ) ;
#4188 = CIRCLE ( 'NONE', #9606, 3.175000000000000711 ) ;
#4189 = DIRECTION ( 'NONE',  ( 0.000000000000000000, 0.000000000000000000, 1.000000000000000000 ) ) ;
#4190 = VERTEX_POINT ( 'NONE', #5330 ) ;
#4191 = PLANE ( 'NONE',  #2445 ) ;
#4192 = CARTESIAN_POINT ( 'NONE',  ( 25.27640015072274693, 2.099396518354921692, 19.64731103538372636 ) ) ;
#4193 = CARTESIAN_POINT ( 'NONE',  ( 16.23257766066656060, 7.303231440348002756, 4.449527550046965985 ) ) ;
#4194 = CARTESIAN_POINT ( 'NONE',  ( 23.01229024215789565, 3.050000000000007372, 28.04219733698407069 ) ) ;
#4195 = CARTESIAN_POINT ( 'NONE',  ( 25.24553995114236216, 4.308180785886633224, -5.408256843873667563 ) ) ;
#4196 = CARTESIAN_POINT ( 'NONE',  ( 5.199999999998595079, 2.424673916376447469, -20.65015943190076086 ) ) ;
#4197 = ORIENTED_EDGE ( 'NONE', *, *, #309, .F. ) ;
#4198 = ORIENTED_EDGE ( 'NONE', *, *, #785, .F. ) ;
#4199 = ORIENTED_EDGE ( 'NONE', *, *, #2392, .F. ) ;
#4200 = CARTESIAN_POINT ( 'NONE',  ( 42.94935086637556054, 1.957083333338687003, -7.114634944342522971 ) ) ;
#4201 = CARTESIAN_POINT ( 'NONE',  ( 3.821859210006291807, 4.226234979523472823, 14.15108239273832424 ) ) ;
#4202 = CARTESIAN_POINT ( 'NONE',  ( 17.84273276247173001, 3.049999999999989164, 25.90663257622413695 ) ) ;
#4203 = LINE ( 'NONE', #915, #9175 ) ;
#4204 = CARTESIAN_POINT ( 'NONE',  ( 24.26204519371982826, 1.939416545893729804, -18.86567549220708884 ) ) ;
#4205 = EDGE_CURVE ( 'NONE', #653, #4155, #5290, .T. ) ;
#4206 = CARTESIAN_POINT ( 'NONE',  ( 5.199999999996657962, -3.049999999999999822, -22.85041977248753753 ) ) ;
#4207 = ADVANCED_FACE ( 'NONE', ( #9519 ), #2041, .T. ) ;
#4208 = ORIENTED_EDGE ( 'NONE', *, *, #6447, .F. ) ;
#4209 = ORIENTED_EDGE ( 'NONE', *, *, #6946, .T. ) ;
#4210 = ORIENTED_EDGE ( 'NONE', *, *, #9792, .F. ) ;
#4211 = ORIENTED_EDGE ( 'NONE', *, *, #10101, .F. ) ;
#4212 = CARTESIAN_POINT ( 'NONE',  ( 37.61331829119041004, 2.503695518998381608, 2.285647192668729843 ) ) ;
#4213 = CARTESIAN_POINT ( 'NONE',  ( -4.726447232505856633, 2.559871958442482498, 21.06395578592372075 ) ) ;
#4214 = B_SPLINE_CURVE_WITH_KNOTS ( 'NONE', 3,
 ( #7901, #9543, #7999, #2284 ),
 .UNSPECIFIED., .F., .F.,
 ( 4, 4 ),
 ( 0.003959777630844056075, 0.006088078427685300609 ),
 .UNSPECIFIED. ) ;
#4215 = CYLINDRICAL_SURFACE ( 'NONE', #10370, 3.175000000000000711 ) ;
#4216 = CARTESIAN_POINT ( 'NONE',  ( 9.158201223838817739, 2.891890499250637347, -15.86246982562851038 ) ) ;
#4217 = CARTESIAN_POINT ( 'NONE',  ( -4.700000000000000178, 2.424999999999986944, 0.7500000000000000000 ) ) ;
#4218 = EDGE_CURVE ( 'NONE', #6457, #6428, #7027, .T. ) ;
#4219 = CARTESIAN_POINT ( 'NONE',  ( -5.460999999999999410, 3.174999999999987388, 6.349999999999999645 ) ) ;
#4220 = CARTESIAN_POINT ( 'NONE',  ( 46.46724629804084827, 2.661499876985996771, -1.406175785704051107 ) ) ;
#4221 = CARTESIAN_POINT ( 'NONE',  ( 30.73894698540474835, 1.893980179825585308, 20.51328894792443336 ) ) ;
#4222 = ADVANCED_FACE ( 'NONE', ( #7930 ), #731, .F. ) ;
#4223 = ADVANCED_FACE ( 'NONE', ( #10355 ), #2570, .F. ) ;
#4224 = CARTESIAN_POINT ( 'NONE',  ( 18.75118283775306338, 1.725003200457406072, 24.85876768459733555 ) ) ;
#4225 = PLANE ( 'NONE',  #393 ) ;
#4226 = CARTESIAN_POINT ( 'NONE',  ( 0.000000000000000000, 500000.0000000000582, 19.05000000000000071 ) ) ;
#4227 = EDGE_CURVE ( 'NONE', #3809, #3032, #9872, .T. ) ;
#4228 = DIRECTION ( 'NONE',  ( 1.000000000000000000, 0.000000000000000000, -1.224646799147352714E-16 ) ) ;
#4229 = EDGE_CURVE ( 'NONE', #9903, #876, #4163, .T. ) ;
#4230 = VERTEX_POINT ( 'NONE', #6358 ) ;
#4231 = B_SPLINE_CURVE_WITH_KNOTS ( 'NONE', 3,
 ( #6837, #10058, #6053, #9910 ),
 .UNSPECIFIED., .F., .F.,
 ( 4, 4 ),
 ( 0.003968539934993227901, 0.006096840796776257024 ),
 .UNSPECIFIED. ) ;
#4232 = ADVANCED_FACE ( 'NONE', ( #9629 ), #5763, .F. ) ;
#4233 = CARTESIAN_POINT ( 'NONE',  ( -2.636058103566217170, 4.168734337702464821, -14.54524567054171769 ) ) ;
#4234 = EDGE_CURVE ( 'NONE', #7887, #10303, #9422, .T. ) ;
#4235 = CARTESIAN_POINT ( 'NONE',  ( 31.26224373803044543, -3.049999999999999822, 34.01571204165747275 ) ) ;
#4236 = PLANE ( 'NONE',  #2934 ) ;
#4237 = CARTESIAN_POINT ( 'NONE',  ( 25.76896046626334069, 2.286000000000036447, 31.74303886084042148 ) ) ;
#4238 = VERTEX_POINT ( 'NONE', #3912 ) ;
#4239 = CARTESIAN_POINT ( 'NONE',  ( -0.4179118165452470057, 3.589758937292266694, -16.68922646048302738 ) ) ;
#4240 = CARTESIAN_POINT ( 'NONE',  ( 33.81828418739133468, 3.728303050318141576, -1.100000000000733724 ) ) ;
#4241 = FACE_OUTER_BOUND ( 'NONE', #6582, .T. ) ;
#4242 = CARTESIAN_POINT ( 'NONE',  ( 23.49024453244409472, 2.286000000000019572, 29.91503554673313658 ) ) ;
#4243 = CARTESIAN_POINT ( 'NONE',  ( 28.91801167513408188, 3.892785394928720333, -4.831983700219449673 ) ) ;
#4244 = CARTESIAN_POINT ( 'NONE',  ( 15.18905451106629023, 5.924091595243785591, 4.124317988163334725 ) ) ;
#4245 = ORIENTED_EDGE ( 'NONE', *, *, #9268, .F. ) ;
#4246 = ORIENTED_EDGE ( 'NONE', *, *, #4417, .F. ) ;
#4247 = VERTEX_POINT ( 'NONE', #3118 ) ;
#4248 = CARTESIAN_POINT ( 'NONE',  ( 44.30000000000777760, -1.118182246987507344, -5.948616611709240942 ) ) ;
#4249 = CARTESIAN_POINT ( 'NONE',  ( 14.72005140847410942, 5.993393159623918720, -1.100000000000561418 ) ) ;
#4250 = PLANE ( 'NONE',  #4626 ) ;
#4251 = CARTESIAN_POINT ( 'NONE',  ( 3.666060555964672840, 1.136000000000000343, 18.55000000000000071 ) ) ;
#4252 = PLANE ( 'NONE',  #2434 ) ;
#4253 = DIRECTION ( 'NONE',  ( 1.000000000000000000, -0.000000000000000000, -0.000000000000000000 ) ) ;
#4254 = CARTESIAN_POINT ( 'NONE',  ( 41.24078754271496194, 3.257871846536351867, 15.20891455803876546 ) ) ;
#4255 = ORIENTED_EDGE ( 'NONE', *, *, #452, .T. ) ;
#4256 = ORIENTED_EDGE ( 'NONE', *, *, #9787, .T. ) ;
#4257 = ORIENTED_EDGE ( 'NONE', *, *, #2538, .F. ) ;
#4258 = CARTESIAN_POINT ( 'NONE',  ( 44.29981127684688147, 1.487918128488585401, 0.2698119956889555859 ) ) ;
#4259 = LINE ( 'NONE', #4906, #7549 ) ;
#4260 = CARTESIAN_POINT ( 'NONE',  ( 30.27992561400986204, 1.605609198666442694, 32.44986749939580051 ) ) ;
#4261 = CARTESIAN_POINT ( 'NONE',  ( 34.44884191873774881, 3.058335167111181363, -5.975620325496662666 ) ) ;
#4262 = CYLINDRICAL_SURFACE ( 'NONE', #4297, 5.200000000000000178 ) ;
#4263 = CARTESIAN_POINT ( 'NONE',  ( -4.700000000000000178, 6.288693143447854794, -12.35000000000000142 ) ) ;
#4264 = CARTESIAN_POINT ( 'NONE',  ( 16.54786524803078862, 3.380423704380957517, 13.71814846762719675 ) ) ;
#4265 = DIRECTION ( 'NONE',  ( 0.000000000000000000, 0.000000000000000000, -1.000000000000000000 ) ) ;
#4266 = EDGE_CURVE ( 'NONE', #8623, #3648, #4122, .T. ) ;
#4267 = AXIS2_PLACEMENT_3D ( 'NONE', #5149, #4309, #287 ) ;
#4268 = CARTESIAN_POINT ( 'NONE',  ( 20.56872919861725535, 2.397418881271074831, 21.10521185961039947 ) ) ;
#4269 = FACE_OUTER_BOUND ( 'NONE', #6533, .T. ) ;
#4270 = CARTESIAN_POINT ( 'NONE',  ( 37.57344264184440163, 1.454519570962618191, -11.30249189426228007 ) ) ;
#4271 = CARTESIAN_POINT ( 'NONE',  ( 33.18166606889948866, 1.649301331686262140, 22.12343483443132897 ) ) ;
#4272 = VECTOR ( 'NONE', #3700, 1000.000000000000000 ) ;
#4273 = EDGE_CURVE ( 'NONE', #8458, #9104, #5006, .T. ) ;
#4274 = CARTESIAN_POINT ( 'NONE',  ( -5.460999999999999410, 3.174999999999986944, 9.574999999999999289 ) ) ;
#4275 = EDGE_LOOP ( 'NONE', ( #982, #7938, #6181, #6458 ) ) ;
#4276 = VECTOR ( 'NONE', #76, 1000.000000000000000 ) ;
#4277 = CARTESIAN_POINT ( 'NONE',  ( -3.689556534698830603, 3.972157296044855013, -15.37892062064657850 ) ) ;
#4278 = EDGE_CURVE ( 'NONE', #9187, #5649, #9576, .T. ) ;
#4279 = CARTESIAN_POINT ( 'NONE',  ( -2.389000000000000234, -3.049999999999999822, -12.35000000000000142 ) ) ;
#4280 = LINE ( 'NONE', #952, #9184 ) ;
#4281 = CARTESIAN_POINT ( 'NONE',  ( -5.160624218821434184, 3.105642233452589274, -24.97742100964388001 ) ) ;
#4282 = AXIS2_PLACEMENT_3D ( 'NONE', #7172, #7374, #2297 ) ;
#4283 = CARTESIAN_POINT ( 'NONE',  ( 5.175905717843014564, 2.698047546120090345, -19.54999999999999005 ) ) ;
#4284 = DIRECTION ( 'NONE',  ( 0.000000000000000000, 0.000000000000000000, 1.000000000000000000 ) ) ;
#4285 = CARTESIAN_POINT ( 'NONE',  ( -3.961000000000000298, 2.424999999999986500, -2.726810797105497119 ) ) ;
#4286 = AXIS2_PLACEMENT_3D ( 'NONE', #1363, #4589, #6360 ) ;
#4287 = CARTESIAN_POINT ( 'NONE',  ( 18.26132716099838760, 2.286000000000017351, 27.39968934023576708 ) ) ;
#4288 = CARTESIAN_POINT ( 'NONE',  ( 21.52478590286817095, 4.653115784331758320, -5.891768372407213405 ) ) ;
#4289 = CARTESIAN_POINT ( 'NONE',  ( 32.12299493312961829, -3.049999999999999822, 33.75000000000000000 ) ) ;
#4290 = ADVANCED_FACE ( 'NONE', ( #2625 ), #238, .F. ) ;
#4291 = ORIENTED_EDGE ( 'NONE', *, *, #134, .F. ) ;
#4292 = EDGE_LOOP ( 'NONE', ( #7029, #6321, #2959, #2189 ) ) ;
#4293 = VECTOR ( 'NONE', #4062, 1000.000000000000000 ) ;
#4294 = ORIENTED_EDGE ( 'NONE', *, *, #1582, .T. ) ;
#4295 = ORIENTED_EDGE ( 'NONE', *, *, #6421, .T. ) ;
#4296 = CARTESIAN_POINT ( 'NONE',  ( 43.15663581713373276, 0.5591666666608318126, -6.937745168011106855 ) ) ;
#4297 = AXIS2_PLACEMENT_3D ( 'NONE', #2719, #1139, #1782 ) ;
#4298 = CARTESIAN_POINT ( 'NONE',  ( 28.10871064721601797, 6.080322291050397787, -2.100000000000002753 ) ) ;
#4299 = CARTESIAN_POINT ( 'NONE',  ( 27.55333581881505367, 3.050000000000042011, 31.65402524698321329 ) ) ;
#4300 = CARTESIAN_POINT ( 'NONE',  ( -0.9192999857266941355, 1.948772053943045535, 23.48814086749207419 ) ) ;
#4301 = ORIENTED_EDGE ( 'NONE', *, *, #10034, .T. ) ;
#4302 = DIRECTION ( 'NONE',  ( -1.000000000000000000, 0.000000000000000000, 0.000000000000000000 ) ) ;
#4303 = CARTESIAN_POINT ( 'NONE',  ( 40.66480527282708124, 1.349972691484675247, -8.997280121837457401 ) ) ;
#4304 = AXIS2_PLACEMENT_3D ( 'NONE', #6424, #4367, #1037 ) ;
#4305 = CARTESIAN_POINT ( 'NONE',  ( 38.32031764800033358, 3.128071378408718850, 25.11500937671583955 ) ) ;
#4306 = ORIENTED_EDGE ( 'NONE', *, *, #4689, .F. ) ;
#4307 = EDGE_LOOP ( 'NONE', ( #4075, #4294, #9694, #1773 ) ) ;
#4308 = ORIENTED_EDGE ( 'NONE', *, *, #8023, .T. ) ;
#4309 = DIRECTION ( 'NONE',  ( 0.000000000000000000, -1.000000000000000000, -0.000000000000000000 ) ) ;
#4310 = DIRECTION ( 'NONE',  ( 0.000000000000000000, 1.000000000000000000, 0.000000000000000000 ) ) ;
#4311 = CARTESIAN_POINT ( 'NONE',  ( 19.94912529628621201, 1.761294622284688360, 24.96274546091962065 ) ) ;
#4312 = CARTESIAN_POINT ( 'NONE',  ( 42.80000000000000426, -3.049999999999999822, 12.13083899229904183 ) ) ;
#4313 = CARTESIAN_POINT ( 'NONE',  ( 44.29999666364016520, 1.489338440238882511, 0.02051696259675955467 ) ) ;
#4314 = CARTESIAN_POINT ( 'NONE',  ( 39.09999999999702425, 2.435729891412659942, -2.849519733238611074 ) ) ;
#4315 = CARTESIAN_POINT ( 'NONE',  ( 17.65798065715161869, 2.708031197948710389, 16.83492642673391160 ) ) ;
#4316 = CARTESIAN_POINT ( 'NONE',  ( 0.5000000000000000000, 500000.0000000000582, 25.25000000000000000 ) ) ;
#4317 = AXIS2_PLACEMENT_3D ( 'NONE', #7951, #7223, #9603 ) ;
#4318 = CARTESIAN_POINT ( 'NONE',  ( 27.97220226340105853, 3.276041012357926441, 13.89400764401113442 ) ) ;
#4319 = VECTOR ( 'NONE', #5891, 1000.000000000000000 ) ;
#4320 = LINE ( 'NONE', #2727, #7179 ) ;
#4321 = CARTESIAN_POINT ( 'NONE',  ( 45.45302907123472380, 2.888290520866485078, -2.332802388363310886 ) ) ;
#4322 = PLANE ( 'NONE',  #4848 ) ;
#4323 = VECTOR ( 'NONE', #3962, 1000.000000000000000 ) ;
#4324 = CARTESIAN_POINT ( 'NONE',  ( 36.94342130321677331, 3.156799611979030917, 2.174999999999983391 ) ) ;
#4325 = ORIENTED_EDGE ( 'NONE', *, *, #5859, .T. ) ;
#4326 = VECTOR ( 'NONE', #25, 1000.000000000000000 ) ;
#4327 = EDGE_LOOP ( 'NONE', ( #413, #6274, #3131, #9435, #10202, #3284, #5572, #2556, #318, #4211, #3129 ) ) ;
#4328 = CARTESIAN_POINT ( 'NONE',  ( 17.91239039463319216, 4.573122945588480981, -6.092980167571495187 ) ) ;
#4329 = CARTESIAN_POINT ( 'NONE',  ( 26.54752239358526111, -1.408942299790221675, 28.29286264341461887 ) ) ;
#4330 = CARTESIAN_POINT ( 'NONE',  ( -0.8890000000000015667, 5.116573519546624205, 10.81633839635466110 ) ) ;
#4331 = CARTESIAN_POINT ( 'NONE',  ( -4.663968918828451216, 2.910498774302482161, -25.16448237305319680 ) ) ;
#4332 = ADVANCED_FACE ( 'NONE', ( #5869 ), #1830, .F. ) ;
#4333 = CARTESIAN_POINT ( 'NONE',  ( -0.4776376074501674229, 4.338262470615921629, -13.70576779129263123 ) ) ;
#4334 = CARTESIAN_POINT ( 'NONE',  ( 5.175905717868852562, 2.636000000000000121, 19.55000000000249472 ) ) ;
#4335 = CYLINDRICAL_SURFACE ( 'NONE', #1109, 2.100000000000000977 ) ;
#4336 = CARTESIAN_POINT ( 'NONE',  ( 13.53850320544413677, 3.050000000000057998, 25.25003176792804638 ) ) ;
#4337 = CARTESIAN_POINT ( 'NONE',  ( 28.40284232507734075, 4.975737909611851251, 0.2859755228021991225 ) ) ;
#4338 = CARTESIAN_POINT ( 'NONE',  ( 18.97046581904942997, 4.365012662250030040, 18.60743279536622907 ) ) ;
#4339 = ADVANCED_FACE ( 'NONE', ( #2318 ), #6401, .T. ) ;
#4340 = ORIENTED_EDGE ( 'NONE', *, *, #3740, .T. ) ;
#4341 = VERTEX_POINT ( 'NONE', #1137 ) ;
#4342 = ORIENTED_EDGE ( 'NONE', *, *, #4674, .F. ) ;
#4343 = ORIENTED_EDGE ( 'NONE', *, *, #6168, .F. ) ;
#4344 = VECTOR ( 'NONE', #3460, 1000.000000000000000 ) ;
#4345 = CARTESIAN_POINT ( 'NONE',  ( 43.61354795062300838, -3.215208333333551494, -6.542823353769599670 ) ) ;
#4346 = FACE_OUTER_BOUND ( 'NONE', #3665, .T. ) ;
#4347 = CARTESIAN_POINT ( 'NONE',  ( 21.92290485214777007, 3.050000000000011369, 27.44808725162227958 ) ) ;
#4348 = CARTESIAN_POINT ( 'NONE',  ( -3.732377419911679706, 2.286117205369186500, 22.15403673543590912 ) ) ;
#4349 = EDGE_CURVE ( 'NONE', #1132, #653, #6800, .T. ) ;
#4350 = DIRECTION ( 'NONE',  ( 0.000000000000000000, -1.000000000000000000, 0.000000000000000000 ) ) ;
#4351 = CARTESIAN_POINT ( 'NONE',  ( 33.79549672368676028, 2.061705128591836633, 22.95713654738895215 ) ) ;
#4352 = CARTESIAN_POINT ( 'NONE',  ( 6.199999999999913136, -3.049999999999999822, -22.68666876557478318 ) ) ;
#4353 = CARTESIAN_POINT ( 'NONE',  ( 32.76890502774740099, 3.059402782955180644, 35.48853470754746553 ) ) ;
#4354 = ADVANCED_FACE ( 'NONE', ( #2026 ), #7689, .T. ) ;
#4355 = ORIENTED_EDGE ( 'NONE', *, *, #9086, .T. ) ;
#4356 = ORIENTED_EDGE ( 'NONE', *, *, #5047, .F. ) ;
#4357 = VERTEX_POINT ( 'NONE', #5152 ) ;
#4358 = CARTESIAN_POINT ( 'NONE',  ( 3.135382751754560271, 0.7860000000050604285, 32.25000000000000000 ) ) ;
#4359 = FACE_BOUND ( 'NONE', #3388, .T. ) ;
#4360 = B_SPLINE_CURVE_WITH_KNOTS ( 'NONE', 3,
 ( #2541, #8990, #3189, #1741, #9940, #2639, #5886, #10042, #1993, #9890 ),
 .UNSPECIFIED., .F., .F.,
 ( 4, 2, 2, 2, 4 ),
 ( 7.770031522344853663E-18, 0.0004033223858339336082, 0.0008066447716678595186, 0.001209967157501785429, 0.001613289543335711231 ),
 .UNSPECIFIED. ) ;
#4361 = CARTESIAN_POINT ( 'NONE',  ( 13.62989917911867011, 1.835544700646077221, 23.76471719832102991 ) ) ;
#4362 = CARTESIAN_POINT ( 'NONE',  ( -0.5000000000000000000, -2.286000000000000032, -22.22500000000000142 ) ) ;
#4363 = EDGE_CURVE ( 'NONE', #4033, #6147, #8381, .T. ) ;
#4364 = CARTESIAN_POINT ( 'NONE',  ( 0.000000000000000000, -2.286000000026433554, 19.05000000000000071 ) ) ;
#4365 = CARTESIAN_POINT ( 'NONE',  ( -4.700000000000000178, 3.174999999999990052, -6.349999999999999645 ) ) ;
#4366 = CARTESIAN_POINT ( 'NONE',  ( 17.06569490772633202, 5.789204358629607583, 1.229693568656742952 ) ) ;
#4367 = DIRECTION ( 'NONE',  ( 0.000000000000000000, 0.000000000000000000, 1.000000000000000000 ) ) ;
#4368 = CARTESIAN_POINT ( 'NONE',  ( 16.99551739169367792, 6.581641157322446034, -0.2654088924183631848 ) ) ;
#4369 = FACE_OUTER_BOUND ( 'NONE', #3450, .T. ) ;
#4370 = CARTESIAN_POINT ( 'NONE',  ( 41.12682378031595931, 3.265779199581275716, -6.425508057924139926 ) ) ;
#4371 = CARTESIAN_POINT ( 'NONE',  ( 33.81732251313022886, 1.651774928786967411, 21.64763485962523504 ) ) ;
#4372 = B_SPLINE_CURVE_WITH_KNOTS ( 'NONE', 3,
 ( #6051, #4392, #10107, #222, #4298, #6099, #3455, #8364 ),
 .UNSPECIFIED., .F., .F.,
 ( 4, 2, 2, 4 ),
 ( 0.0005091258373664330579, 0.006294330307116119752, 0.01207953477686580547, 0.02364994371636517864 ),
 .UNSPECIFIED. ) ;
#4373 = ORIENTED_EDGE ( 'NONE', *, *, #457, .F. ) ;
#4374 = EDGE_CURVE ( 'NONE', #3833, #3607, #8479, .T. ) ;
#4375 = CARTESIAN_POINT ( 'NONE',  ( 6.764338057363727508, 5.208632041751007691, -6.965570673176936900 ) ) ;
#4376 = CARTESIAN_POINT ( 'NONE',  ( 31.26224373803044543, -1.408942299790222563, 34.01571204165747275 ) ) ;
#4377 = CARTESIAN_POINT ( 'NONE',  ( 32.53964364722485669, -3.049999999999999822, 34.02641246180804302 ) ) ;
#4378 = CARTESIAN_POINT ( 'NONE',  ( -5.335592306863317980, 3.145073821940426839, -24.86529804439152613 ) ) ;
#4379 = EDGE_CURVE ( 'NONE', #9902, #3558, #1979, .T. ) ;
#4380 = CARTESIAN_POINT ( 'NONE',  ( 0.5000000000000000000, 1.136000000000000343, -15.38393944403532920 ) ) ;
#4381 = DIRECTION ( 'NONE',  ( 0.000000000000000000, 0.000000000000000000, 1.000000000000000000 ) ) ;
#4382 = DIRECTION ( 'NONE',  ( -1.000000000000000000, 0.000000000000000000, 0.000000000000000000 ) ) ;
#4383 = CARTESIAN_POINT ( 'NONE',  ( 18.44643146065003236, 3.050000000000000266, 26.07379213737151602 ) ) ;
#4384 = CARTESIAN_POINT ( 'NONE',  ( 39.38263905985115088, 1.624191301302277290, -9.243685859783115077 ) ) ;
#4385 = DIRECTION ( 'NONE',  ( 0.000000000000000000, 0.000000000000000000, 1.000000000000000000 ) ) ;
#4386 = ORIENTED_EDGE ( 'NONE', *, *, #8831, .F. ) ;
#4387 = EDGE_LOOP ( 'NONE', ( #4585, #4661, #6102, #875, #2564, #9966 ) ) ;
#4388 = VERTEX_POINT ( 'NONE', #338 ) ;
#4389 = EDGE_CURVE ( 'NONE', #8167, #8169, #3564, .T. ) ;
#4390 = ORIENTED_EDGE ( 'NONE', *, *, #4515, .F. ) ;
#4391 = CARTESIAN_POINT ( 'NONE',  ( 20.99333583098146860, 1.016666666666666607, 25.25000000000000355 ) ) ;
#4392 = CARTESIAN_POINT ( 'NONE',  ( 35.70601129300141707, 4.730829722654652514, -2.100000000000000089 ) ) ;
#4393 = CARTESIAN_POINT ( 'NONE',  ( 24.23820721395120614, 3.049999999999999378, 28.82332952858223507 ) ) ;
#4394 = CARTESIAN_POINT ( 'NONE',  ( -4.000000000000000888, 3.049999999999999822, 25.25000000000000000 ) ) ;
#4395 = ORIENTED_EDGE ( 'NONE', *, *, #728, .T. ) ;
#4396 = EDGE_CURVE ( 'NONE', #8484, #4126, #4457, .T. ) ;
#4397 = CARTESIAN_POINT ( 'NONE',  ( 37.59999999999683240, 2.606638053350707196, -2.852819276695390815 ) ) ;
#4398 = CARTESIAN_POINT ( 'NONE',  ( 32.34524273040123887, 2.114925995881461240, 23.05621897568428835 ) ) ;
#4399 = CARTESIAN_POINT ( 'NONE',  ( 44.25779714021397382, 2.999489051204220935, -4.733487561686332334 ) ) ;
#4400 = CARTESIAN_POINT ( 'NONE',  ( 38.09999999999682530, 9.402733490373224257, -2.852819276697523332 ) ) ;
#4401 = ORIENTED_EDGE ( 'NONE', *, *, #5047, .T. ) ;
#4402 = ORIENTED_EDGE ( 'NONE', *, *, #10359, .T. ) ;
#4403 = ORIENTED_EDGE ( 'NONE', *, *, #1835, .F. ) ;
#4404 = EDGE_CURVE ( 'NONE', #234, #5082, #9226, .T. ) ;
#4405 = VERTEX_POINT ( 'NONE', #8432 ) ;
#4406 = CARTESIAN_POINT ( 'NONE',  ( 29.71123746358342999, 3.049999999999998046, 34.37727650571154925 ) ) ;
#4407 = CARTESIAN_POINT ( 'NONE',  ( 13.28014125830318015, 5.993015576376876652, -1.697787950513513833 ) ) ;
#4408 = CARTESIAN_POINT ( 'NONE',  ( 8.304381496033565568, 5.452857619190875305, -14.02231404013948790 ) ) ;
#4409 = EDGE_CURVE ( 'NONE', #2591, #4794, #3669, .T. ) ;
#4410 = DIRECTION ( 'NONE',  ( 1.000000000000000000, 0.000000000000000000, 0.000000000000000000 ) ) ;
#4411 = EDGE_CURVE ( 'NONE', #10008, #7182, #2924, .T. ) ;
#4412 = CARTESIAN_POINT ( 'NONE',  ( -4.070668536251597303, 4.868471684109934472, -17.98095600418004025 ) ) ;
#4413 = DIRECTION ( 'NONE',  ( 0.000000000000000000, 0.000000000000000000, -1.000000000000000000 ) ) ;
#4414 = CARTESIAN_POINT ( 'NONE',  ( 17.97138022128610046, 5.114480209500145591, 4.421330265428538908 ) ) ;
#4415 = DIRECTION ( 'NONE',  ( 1.000000000000000000, 0.000000000000000000, 0.000000000000000000 ) ) ;
#4416 = ORIENTED_EDGE ( 'NONE', *, *, #9652, .F. ) ;
#4417 = EDGE_CURVE ( 'NONE', #5146, #2617, #9867, .T. ) ;
#4418 = CARTESIAN_POINT ( 'NONE',  ( 17.59534112754663226, 4.101389209403107472, 12.36609073916296886 ) ) ;
#4419 = CARTESIAN_POINT ( 'NONE',  ( 39.10000000000003695, 500000.0000000000582, -1.100000000000736611 ) ) ;
#4420 = CARTESIAN_POINT ( 'NONE',  ( 45.19862048268963406, 2.927035136353279388, -5.135811176125423927 ) ) ;
#4421 = FACE_OUTER_BOUND ( 'NONE', #4327, .T. ) ;
#4422 = CARTESIAN_POINT ( 'NONE',  ( 23.81263601375675520, 5.364017735827703248, 2.174999999999982503 ) ) ;
#4423 = ORIENTED_EDGE ( 'NONE', *, *, #5284, .T. ) ;
#4424 = ORIENTED_EDGE ( 'NONE', *, *, #1826, .T. ) ;
#4425 = DIRECTION ( 'NONE',  ( 0.000000000000000000, 0.000000000000000000, -1.000000000000000000 ) ) ;
#4426 = CARTESIAN_POINT ( 'NONE',  ( 43.58279401727702407, -2.236666666666943915, -6.569597746889847656 ) ) ;
#4427 = CARTESIAN_POINT ( 'NONE',  ( 18.07370662065310896, 2.286000000000014687, 27.34357499078510045 ) ) ;
#4428 = DIRECTION ( 'NONE',  ( -1.000000000000000000, 0.000000000000000000, 0.000000000000000000 ) ) ;
#4429 = DIRECTION ( 'NONE',  ( -0.000000000000000000, -1.000000000000000000, -0.000000000000000000 ) ) ;
#4430 = VECTOR ( 'NONE', #381, 1000.000000000000000 ) ;
#4431 = CARTESIAN_POINT ( 'NONE',  ( -0.8890000000000000124, 3.174999999999987388, 6.349999999999999645 ) ) ;
#4432 = LINE ( 'NONE', #2047, #8893 ) ;
#4433 = CARTESIAN_POINT ( 'NONE',  ( 42.61200061644412784, 3.395549866523538629, 5.011590018895569543 ) ) ;
#4434 = CARTESIAN_POINT ( 'NONE',  ( -3.666060555964672840, 1.136000000000000343, 19.55000000000000071 ) ) ;
#4435 = ORIENTED_EDGE ( 'NONE', *, *, #309, .T. ) ;
#4436 = ORIENTED_EDGE ( 'NONE', *, *, #10208, .T. ) ;
#4437 = ORIENTED_EDGE ( 'NONE', *, *, #4891, .F. ) ;
#4438 = ORIENTED_EDGE ( 'NONE', *, *, #10437, .T. ) ;
#4439 = CIRCLE ( 'NONE', #898, 3.224999999999998757 ) ;
#4440 = DIRECTION ( 'NONE',  ( 0.000000000000000000, -1.000000000000000000, 0.000000000000000000 ) ) ;
#4441 = CARTESIAN_POINT ( 'NONE',  ( 27.47696728285309220, -2.286000000000000920, 31.57226069408083902 ) ) ;
#4442 = DIRECTION ( 'NONE',  ( 0.000000000000000000, -1.000000000000000000, -0.000000000000000000 ) ) ;
#4443 = DIRECTION ( 'NONE',  ( -0.000000000000000000, -1.785396518828237072E-15, -1.000000000000000000 ) ) ;
#4444 = VECTOR ( 'NONE', #7593, 1000.000000000000000 ) ;
#4445 = CARTESIAN_POINT ( 'NONE',  ( 17.91252418987026118, 2.324327826475490077, 18.72063814063221443 ) ) ;
#4446 = DIRECTION ( 'NONE',  ( 0.000000000000000000, 0.000000000000000000, 1.000000000000000000 ) ) ;
#4447 = CARTESIAN_POINT ( 'NONE',  ( 8.363755095716118859, 3.450759292695513736, -13.76291584343350038 ) ) ;
#4448 = DIRECTION ( 'NONE',  ( -0.000000000000000000, 1.000000000000000000, -0.000000000000000000 ) ) ;
#4449 = VECTOR ( 'NONE', #3303, 1000.000000000000000 ) ;
#4450 = ORIENTED_EDGE ( 'NONE', *, *, #1822, .F. ) ;
#4451 = ORIENTED_EDGE ( 'NONE', *, *, #8763, .F. ) ;
#4452 = ORIENTED_EDGE ( 'NONE', *, *, #6020, .F. ) ;
#4453 = VECTOR ( 'NONE', #10321, 1000.000000000000000 ) ;
#4454 = CARTESIAN_POINT ( 'NONE',  ( 29.35879590791166294, 2.286000000000011578, 36.33840197715790055 ) ) ;
#4455 = CARTESIAN_POINT ( 'NONE',  ( 23.13584871406005661, 2.764067825418014657, -13.63716222978810144 ) ) ;
#4456 = CYLINDRICAL_SURFACE ( 'NONE', #8684, 5.200000000000000178 ) ;
#4457 = LINE ( 'NONE', #2770, #7170 ) ;
#4458 = VECTOR ( 'NONE', #1187, 1000.000000000000000 ) ;
#4459 = ADVANCED_FACE ( 'NONE', ( #3719 ), #10427, .T. ) ;
#4460 = DIRECTION ( 'NONE',  ( -0.000000000000000000, 1.000000000000000000, -0.000000000000000000 ) ) ;
#4461 = CARTESIAN_POINT ( 'NONE',  ( 16.80829803884466855, 5.817356855784497682, 1.226176480883740538 ) ) ;
#4462 = CARTESIAN_POINT ( 'NONE',  ( 5.191968574125018776, 2.896693680925837455, 19.54999999999999005 ) ) ;
#4463 = VERTEX_POINT ( 'NONE', #7743 ) ;
#4464 = ORIENTED_EDGE ( 'NONE', *, *, #8890, .T. ) ;
#4465 = ADVANCED_FACE ( 'NONE', ( #490 ), #6954, .F. ) ;
#4466 = CARTESIAN_POINT ( 'NONE',  ( 0.000000000000000000, 3.261000000000000121, 19.05000000000000071 ) ) ;
#4467 = CARTESIAN_POINT ( 'NONE',  ( 14.74182745295867925, 2.570832808686060122, 20.36414401765767934 ) ) ;
#4468 = CARTESIAN_POINT ( 'NONE',  ( 42.25555096237172847, 3.218798956286611279, -5.349645068448179330 ) ) ;
#4469 = ADVANCED_FACE ( 'NONE', ( #8647 ), #1408, .T. ) ;
#4470 = CARTESIAN_POINT ( 'NONE',  ( 38.69308020599738995, 3.327676244138474626, -8.472960404063156759 ) ) ;
#4471 = DIRECTION ( 'NONE',  ( -1.000000000000000000, 0.000000000000000000, 0.000000000000000000 ) ) ;
#4472 = ORIENTED_EDGE ( 'NONE', *, *, #4879, .T. ) ;
#4473 = ORIENTED_EDGE ( 'NONE', *, *, #4048, .F. ) ;
#4474 = CARTESIAN_POINT ( 'NONE',  ( 44.28439826065146434, 1.738926244222768203, 0.03291024564295864929 ) ) ;
#4475 = DIRECTION ( 'NONE',  ( 0.000000000000000000, -1.000000000000000000, 1.729781243851514516E-16 ) ) ;
#4476 = CARTESIAN_POINT ( 'NONE',  ( 5.823770939664136392, 2.544865693177729593, 20.98137603698046050 ) ) ;
#4477 = LINE ( 'NONE', #9410, #7679 ) ;
#4478 = CARTESIAN_POINT ( 'NONE',  ( 38.85937585523329574, 1.868934684738933427, -3.693979180513469185 ) ) ;
#4479 = EDGE_CURVE ( 'NONE', #8970, #5757, #7959, .T. ) ;
#4480 = CARTESIAN_POINT ( 'NONE',  ( -4.731977784715011737, 2.328588747547747140, -21.95035192151750181 ) ) ;
#4481 = CARTESIAN_POINT ( 'NONE',  ( 32.91028425562759452, 3.025253722521040967, 35.58855555595986431 ) ) ;
#4482 = DIRECTION ( 'NONE',  ( -0.000000000000000000, 1.000000000000000000, -0.000000000000000000 ) ) ;
#4483 = CIRCLE ( 'NONE', #4842, 2.100000000000000977 ) ;
#4484 = CARTESIAN_POINT ( 'NONE',  ( 18.81985554329789778, 4.453302196048824158, 18.15389423687086179 ) ) ;
#4485 = VECTOR ( 'NONE', #778, 1000.000000000000000 ) ;
#4486 = VERTEX_POINT ( 'NONE', #3838 ) ;
#4487 = EDGE_LOOP ( 'NONE', ( #1754, #1613, #10089, #1464, #430 ) ) ;
#4488 = VERTEX_POINT ( 'NONE', #7856 ) ;
#4489 = EDGE_LOOP ( 'NONE', ( #8580, #8641, #2360, #7643 ) ) ;
#4490 = CARTESIAN_POINT ( 'NONE',  ( 28.46628668079866031, 1.016666666666666607, 30.27150665569725874 ) ) ;
#4491 = CARTESIAN_POINT ( 'NONE',  ( 0.9448016719769257721, 1.880212509653015562, -23.39262301286068890 ) ) ;
#4492 = FACE_OUTER_BOUND ( 'NONE', #3928, .T. ) ;
#4493 = AXIS2_PLACEMENT_3D ( 'NONE', #8590, #6957, #3949 ) ;
#4494 = CARTESIAN_POINT ( 'NONE',  ( -500000.0000000000582, 3.174999999999987388, 6.349999999999999645 ) ) ;
#4495 = VERTEX_POINT ( 'NONE', #540 ) ;
#4496 = AXIS2_PLACEMENT_3D ( 'NONE', #10182, #3908, #10350 ) ;
#4497 = DIRECTION ( 'NONE',  ( 0.000000000000000000, -1.000000000000000000, -0.000000000000000000 ) ) ;
#4498 = CARTESIAN_POINT ( 'NONE',  ( 4.065491847073083420, 4.682568220131790859, -17.96171050378809042 ) ) ;
#4499 = CARTESIAN_POINT ( 'NONE',  ( 44.01894115427408849, 1.320072178324180889, -5.715001924880824369 ) ) ;
#4500 = CARTESIAN_POINT ( 'NONE',  ( 11.52884173289385217, 6.799527880197057783, 8.765757253574218311 ) ) ;
#4501 = B_SPLINE_CURVE_WITH_KNOTS ( 'NONE', 3,
 ( #6558, #9076, #4949, #7487 ),
 .UNSPECIFIED., .F., .F.,
 ( 4, 4 ),
 ( 0.0001830848806372491558, 0.003928987588263089387 ),
 .UNSPECIFIED. ) ;
#4502 = EDGE_LOOP ( 'NONE', ( #7955, #2605, #10367, #6008, #3768, #4878 ) ) ;
#4503 = AXIS2_PLACEMENT_3D ( 'NONE', #8577, #1331, #4558 ) ;
#4504 = ORIENTED_EDGE ( 'NONE', *, *, #3147, .T. ) ;
#4505 = AXIS2_PLACEMENT_3D ( 'NONE', #10243, #2573, #3272 ) ;
#4506 = ORIENTED_EDGE ( 'NONE', *, *, #4092, .T. ) ;
#4507 = ORIENTED_EDGE ( 'NONE', *, *, #8155, .T. ) ;
#4508 = DIRECTION ( 'NONE',  ( 1.000000000000000000, -0.000000000000000000, -0.000000000000000000 ) ) ;
#4509 = DIRECTION ( 'NONE',  ( 0.000000000000000000, 0.000000000000000000, -1.000000000000000000 ) ) ;
#4510 = EDGE_CURVE ( 'NONE', #5829, #8714, #2182, .T. ) ;
#4511 = CARTESIAN_POINT ( 'NONE',  ( 0.000000000000000000, 500000.0000000000582, 19.05000000000000071 ) ) ;
#4512 = CARTESIAN_POINT ( 'NONE',  ( 42.80000000000000426, 1.910346359751515122, -1.158225982667416698E-14 ) ) ;
#4513 = CIRCLE ( 'NONE', #5190, 4.200000000000001954 ) ;
#4514 = DIRECTION ( 'NONE',  ( 0.000000000000000000, 0.000000000000000000, -1.000000000000000000 ) ) ;
#4515 = EDGE_CURVE ( 'NONE', #4103, #7382, #10337, .T. ) ;
#4516 = CARTESIAN_POINT ( 'NONE',  ( 12.69999999999999929, 0.7859999999999998099, 31.75000000000000000 ) ) ;
#4517 = DIRECTION ( 'NONE',  ( 0.000000000000000000, 1.000000000000000000, 0.000000000000000000 ) ) ;
#4518 = VERTEX_POINT ( 'NONE', #7233 ) ;
#4519 = ORIENTED_EDGE ( 'NONE', *, *, #4107, .F. ) ;
#4520 = EDGE_CURVE ( 'NONE', #1131, #1015, #5820, .T. ) ;
#4521 = ADVANCED_FACE ( 'NONE', ( #7073 ), #10226, .T. ) ;
#4522 = LINE ( 'NONE', #2882, #8186 ) ;
#4523 = CARTESIAN_POINT ( 'NONE',  ( 14.70971899569090979, 1.758334041402680681, 24.16428589126987703 ) ) ;
#4524 = FACE_OUTER_BOUND ( 'NONE', #7809, .T. ) ;
#4525 = EDGE_CURVE ( 'NONE', #10279, #10303, #9284, .T. ) ;
#4526 = CARTESIAN_POINT ( 'NONE',  ( -5.403988419337919069, 3.049999965219993392, -25.24444080044126082 ) ) ;
#4527 = CARTESIAN_POINT ( 'NONE',  ( 37.28168717773581875, 2.414919964326949220, 6.210987701067558930 ) ) ;
#4528 = VERTEX_POINT ( 'NONE', #2985 ) ;
#4529 = ORIENTED_EDGE ( 'NONE', *, *, #2483, .F. ) ;
#4530 = EDGE_CURVE ( 'NONE', #3921, #5513, #3156, .T. ) ;
#4531 = EDGE_LOOP ( 'NONE', ( #5586, #5791, #7906, #9016, #1887 ) ) ;
#4532 = CARTESIAN_POINT ( 'NONE',  ( 43.97554470358280554, 2.582430211179568502, 0.01723366950005067108 ) ) ;
#4533 = CARTESIAN_POINT ( 'NONE',  ( 36.94361823928894495, 2.895826276812840661, 3.174999999999982947 ) ) ;
#4534 = EDGE_CURVE ( 'NONE', #5250, #5907, #8793, .T. ) ;
#4535 = LINE ( 'NONE', #7035, #1415 ) ;
#4536 = ADVANCED_FACE ( 'NONE', ( #3041 ), #6339, .T. ) ;
#4537 =( BOUNDED_SURFACE ( )  B_SPLINE_SURFACE ( 2, 3, ( 
 ( #7664, #9252, #2001, #8620, #6778, #6882, #5230, #514, #3693, #8564, #1205, #4433, #7720, #468, #3641, #2896, #3745, #9991, #2104, #5338, #4544, #7768, #6979, #2956, #9416, #5988, #2159, #1368, #6475, #5675 ),
 ( #632, #4821, #9583, #8838, #686, #4715, #3070, #7936, #6365, #2429, #5510, #569, #7823, #3230, #3126, #4595, #7258, #4657, #5446, #2326, #6255, #8891, #1596, #1427, #10363, #7099, #6423, #7884, #8676, #1 ),
 ( #2212, #9683, #3865, #10311, #6309, #9526, #3807, #7985, #2268, #1489, #8733, #7039, #3919, #10257, #7146, #5568, #738, #8789, #2377, #1540, #793, #4765, #7205, #3976, #3015, #9471, #10419, #3184, #5616, #9635 ) ),
 .UNSPECIFIED., .F., .F., .T. ) 
 B_SPLINE_SURFACE_WITH_KNOTS ( ( 3, 3 ),
 ( 4, 2, 2, 2, 2, 2, 2, 2, 2, 2, 2, 2, 2, 2, 4 ),
 ( 0.000000000000000000, 1.000000000000000000 ),
 ( -0.04731438337405367844, -0.01498464953956405235, -0.006902216080941645827, 0.001180217377680760696, 0.01734508429492557374, 0.08200455196390482593, 0.2113234873018633442, 0.3406424226398218624, 0.4699613579777803807, 0.5992802933157388434, 0.7285992286536974172, 0.8579181639916559909, 0.8902478978261456621, 0.9225776316606352223, 0.9872370993296144537 ),
 .UNSPECIFIED. ) 
 GEOMETRIC_REPRESENTATION_ITEM ( )  RATIONAL_B_SPLINE_SURFACE ( (
 ( 1.000000000000000000, 1.000000000000000000, 1.000000000000000000, 1.000000000000000000, 1.000000000000000000, 1.000000000000000000, 1.000000000000000000, 1.000000000000000000, 1.000000000000000000, 1.000000000000000000, 1.000000000000000000, 1.000000000000000000, 1.000000000000000000, 1.000000000000000000, 1.000000000000000000, 1.000000000000000000, 1.000000000000000000, 1.000000000000000000, 1.000000000000000000, 1.000000000000000000, 1.000000000000000000, 1.000000000000000000, 1.000000000000000000, 1.000000000000000000, 1.000000000000000000, 1.000000000000000000, 1.000000000000000000, 1.000000000000000000, 1.000000000000000000, 1.000000000000000000),
 ( 0.7896041491425646042, 0.7890722650667982840, 0.7885314115287492820, 0.7878435934839429500, 0.7877054422487246299, 0.7874279506416177465, 0.7872847974318466502, 0.7868845489245346325, 0.7866156283437790719, 0.7852604754652532382, 0.7841426244515667943, 0.7806829780614956693, 0.7782355152208350058, 0.7730223478693739603, 0.7702565246035433244, 0.7643581825510297190, 0.7612253397092449969, 0.7545386097695534477, 0.7509841354118239609, 0.7434073125534846893, 0.7393840393449501169, 0.7308527228484630323, 0.7263434835530109268, 0.7204323777018520891, 0.7192366322986905036, 0.7168197191285952119, 0.7155968099262941529, 0.7119154076241412943, 0.7094392878180778572, 0.7069536798080885420),
 ( 1.000000000000000000, 1.000000000000000000, 1.000000000000000000, 1.000000000000000000, 1.000000000000000000, 1.000000000000000000, 1.000000000000000000, 1.000000000000000000, 1.000000000000000000, 1.000000000000000000, 1.000000000000000000, 1.000000000000000000, 1.000000000000000000, 1.000000000000000000, 1.000000000000000000, 1.000000000000000000, 1.000000000000000000, 1.000000000000000000, 1.000000000000000000, 1.000000000000000000, 1.000000000000000000, 1.000000000000000000, 1.000000000000000000, 1.000000000000000000, 1.000000000000000000, 1.000000000000000000, 1.000000000000000000, 1.000000000000000000, 1.000000000000000000, 1.000000000000000000) ) ) 
 REPRESENTATION_ITEM ( '' )  SURFACE ( )  );
#4538 = LINE ( 'NONE', #3688, #3794 ) ;
#4539 = FACE_OUTER_BOUND ( 'NONE', #5734, .T. ) ;
#4540 = ADVANCED_BREP_SHAPE_REPRESENTATION ( '228-2500-2022', ( #2554, #10049 ), #6667 ) ;
#4541 = B_SPLINE_CURVE_WITH_KNOTS ( 'NONE', 3,
 ( #6237, #7800, #9393, #2191, #10236, #6288, #6911, #2997, #5375, #10128 ),
 .UNSPECIFIED., .F., .F.,
 ( 4, 2, 2, 2, 4 ),
 ( 0.000000000000000000, 0.0005420924334311314667, 0.001084184866862262933, 0.001626277300293394075, 0.002168369733724525433 ),
 .UNSPECIFIED. ) ;
#4542 = DIRECTION ( 'NONE',  ( 0.000000000000000000, 0.000000000000000000, -1.000000000000000000 ) ) ;
#4543 = CARTESIAN_POINT ( 'NONE',  ( 33.19364580378723417, 2.935302425930446102, 35.43954282625812624 ) ) ;
#4544 = CARTESIAN_POINT ( 'NONE',  ( 37.66336258004606918, 3.112627672636274490, 26.71927384549425000 ) ) ;
#4545 = CARTESIAN_POINT ( 'NONE',  ( -3.961000000000000298, 2.424999999999986056, -9.435145863650532760 ) ) ;
#4546 = ORIENTED_EDGE ( 'NONE', *, *, #6, .T. ) ;
#4547 = ORIENTED_EDGE ( 'NONE', *, *, #588, .F. ) ;
#4548 = VERTEX_POINT ( 'NONE', #2237 ) ;
#4549 = ADVANCED_FACE ( 'NONE', ( #9556 ), #7336, .F. ) ;
#4550 = ORIENTED_EDGE ( 'NONE', *, *, #5063, .F. ) ;
#4551 = CARTESIAN_POINT ( 'NONE',  ( 0.000000000000000000, -2.286000000026433554, 13.85000000000000142 ) ) ;
#4552 = CARTESIAN_POINT ( 'NONE',  ( -6.199999999999977973, 3.560776484345494541, -23.21895964886239128 ) ) ;
#4553 = DIRECTION ( 'NONE',  ( -1.000000000000000000, 0.000000000000000000, 0.000000000000000000 ) ) ;
#4554 = CARTESIAN_POINT ( 'NONE',  ( -3.961000000000000298, 2.424999999999987832, 9.973189202894502614 ) ) ;
#4555 = ORIENTED_EDGE ( 'NONE', *, *, #2341, .T. ) ;
#4556 = DIRECTION ( 'NONE',  ( 0.000000000000000000, 0.000000000000000000, 1.000000000000000000 ) ) ;
#4557 = CARTESIAN_POINT ( 'NONE',  ( 38.09999999999619291, 4.142145902265539803, -3.000550154518093926 ) ) ;
#4558 = DIRECTION ( 'NONE',  ( 0.000000000000000000, 0.000000000000000000, -1.000000000000000000 ) ) ;
#4559 = LINE ( 'NONE', #10215, #1813 ) ;
#4560 = CARTESIAN_POINT ( 'NONE',  ( -4.699999999999999289, 2.162520919212474357, 18.55000000000147864 ) ) ;
#4561 = ORIENTED_EDGE ( 'NONE', *, *, #5313, .F. ) ;
#4562 = ORIENTED_EDGE ( 'NONE', *, *, #9464, .T. ) ;
#4563 = EDGE_LOOP ( 'NONE', ( #4998, #8375 ) ) ;
#4564 = CARTESIAN_POINT ( 'NONE',  ( -4.699999999999995737, 2.550500497153702639, -21.06695694937968355 ) ) ;
#4565 = CARTESIAN_POINT ( 'NONE',  ( -5.460999999999999410, 3.174999999999989608, -3.124999999999999112 ) ) ;
#4566 = LINE ( 'NONE', #489, #4809 ) ;
#4567 = DIRECTION ( 'NONE',  ( 0.000000000000000000, 0.000000000000000000, 1.000000000000000000 ) ) ;
#4568 = CARTESIAN_POINT ( 'NONE',  ( 38.58699797076960891, 2.184888336562759825, -1.466269466595587989 ) ) ;
#4569 = LINE ( 'NONE', #2132, #3174 ) ;
#4570 = CARTESIAN_POINT ( 'NONE',  ( 13.92313825141314254, 2.808872042578514083, -17.12197356751436672 ) ) ;
#4571 = CARTESIAN_POINT ( 'NONE',  ( -3.399979361061845839, 3.618800228121526796, 16.87033240820053592 ) ) ;
#4572 = VERTEX_POINT ( 'NONE', #8011 ) ;
#4573 = ORIENTED_EDGE ( 'NONE', *, *, #2190, .F. ) ;
#4574 = B_SPLINE_CURVE_WITH_KNOTS ( 'NONE', 3,
 ( #9830, #7256, #5674, #5825 ),
 .UNSPECIFIED., .F., .F.,
 ( 4, 4 ),
 ( 0.02418464098649309932, 0.02523901038953911546 ),
 .UNSPECIFIED. ) ;
#4575 = DIRECTION ( 'NONE',  ( 0.000000000000000000, 0.000000000000000000, -1.000000000000000000 ) ) ;
#4576 = CARTESIAN_POINT ( 'NONE',  ( 22.04064596847819146, 0.7859999999999998099, 27.22155775206109496 ) ) ;
#4577 = CARTESIAN_POINT ( 'NONE',  ( 36.98299265831931848, 1.884308222378327624, -5.927662684408096183 ) ) ;
#4578 = CARTESIAN_POINT ( 'NONE',  ( 15.74773943572087553, 4.216480126889752711, 12.30065336583229296 ) ) ;
#4579 = DIRECTION ( 'NONE',  ( -8.846739153280302962E-15, 0.000000000000000000, -1.000000000000000000 ) ) ;
#4580 = DIRECTION ( 'NONE',  ( 1.000000000000000000, -0.000000000000000000, -0.000000000000000000 ) ) ;
#4581 = CARTESIAN_POINT ( 'NONE',  ( 42.79999989756971956, 1.873947380153017317, 1.505150144605506224 ) ) ;
#4582 = EDGE_CURVE ( 'NONE', #3496, #10008, #1517, .T. ) ;
#4583 = ORIENTED_EDGE ( 'NONE', *, *, #513, .T. ) ;
#4584 = EDGE_CURVE ( 'NONE', #4126, #2380, #7173, .T. ) ;
#4585 = ORIENTED_EDGE ( 'NONE', *, *, #10470, .T. ) ;
#4586 = ORIENTED_EDGE ( 'NONE', *, *, #4664, .T. ) ;
#4587 = DIRECTION ( 'NONE',  ( 9.489330795420944430E-11, -1.000000000000000000, -1.643600306749721093E-10 ) ) ;
#4588 = CARTESIAN_POINT ( 'NONE',  ( 5.175905717843012788, 2.636000000000000121, -18.55000000000000071 ) ) ;
#4589 = DIRECTION ( 'NONE',  ( 0.000000000000000000, -1.000000000000000000, -0.000000000000000000 ) ) ;
#4590 = CARTESIAN_POINT ( 'NONE',  ( 35.89771451025215754, 4.275428445636160646, -4.846854161055269117 ) ) ;
#4591 = FACE_BOUND ( 'NONE', #3090, .T. ) ;
#4592 = LINE ( 'NONE', #9525, #7699 ) ;
#4593 = CARTESIAN_POINT ( 'NONE',  ( 33.28059050580031908, 2.896894904593323439, 35.38097724780549669 ) ) ;
#4594 = EDGE_CURVE ( 'NONE', #4947, #5975, #5592, .T. ) ;
#4595 = CARTESIAN_POINT ( 'NONE',  ( 42.38843972617735290, 3.056014720899951076, 15.50716544335646851 ) ) ;
#4596 = CARTESIAN_POINT ( 'NONE',  ( 9.525528811409673224, 2.398572542611978164, -17.79789100524646983 ) ) ;
#4597 = B_SPLINE_CURVE_WITH_KNOTS ( 'NONE', 3,
 ( #7416, #162, #9839, #3387, #6628, #9045, #1798, #747, #7214, #10430, #3191, #6673, #4331, #7564, #9296, #6037, #9892, #7657, #206, #6875, #257, #308, #3636, #2794, #8350, #3489, #9096, #2043, #8251, #3534, #4281, #1200, #4378 ),
 .UNSPECIFIED., .F., .F.,
 ( 4, 2, 2, 1, 2, 2, 2, 2, 1, 1, 1, 2, 2, 2, 2, 1, 2, 2, 4 ),
 ( 0.000000000000000000, 0.1250000000000093259, 0.1875000000000144884, 0.2187500000000171252, 0.2343750000000179023, 0.2500000000000186517, 0.3750000000000206501, 0.4375000000000214273, 0.4687500000000217604, 0.4843750000000234812, 0.4921875000000241474, 0.4960937500000245359, 0.5000000000000248690, 0.6250000000000279776, 0.6875000000000294209, 0.7187500000000278666, 0.7343750000000264233, 0.7500000000000250910, 1.000000000000000000 ),
 .UNSPECIFIED. ) ;
#4598 = VERTEX_POINT ( 'NONE', #4787 ) ;
#4599 = EDGE_LOOP ( 'NONE', ( #6887, #9532, #9587, #4308 ) ) ;
#4600 = ORIENTED_EDGE ( 'NONE', *, *, #5630, .F. ) ;
#4601 = EDGE_CURVE ( 'NONE', #7771, #8474, #763, .T. ) ;
#4602 = CARTESIAN_POINT ( 'NONE',  ( -6.199999999999997513, 7.450990099009897172, 7.749999999999999112 ) ) ;
#4603 = DIRECTION ( 'NONE',  ( 0.000000000000000000, 0.000000000000000000, -1.000000000000000000 ) ) ;
#4604 = PLANE ( 'NONE',  #5658 ) ;
#4605 = CARTESIAN_POINT ( 'NONE',  ( -6.200000000000001066, 3.520281281674066509, 23.37998387995745730 ) ) ;
#4606 = CIRCLE ( 'NONE', #9854, 5.200000000000000178 ) ;
#4607 = ORIENTED_EDGE ( 'NONE', *, *, #6929, .T. ) ;
#4608 = DIRECTION ( 'NONE',  ( 0.000000000000000000, -1.000000000000000000, -0.000000000000000000 ) ) ;
#4609 = CARTESIAN_POINT ( 'NONE',  ( 0.5000000000000000000, -2.286000000000000032, 22.22500000000000142 ) ) ;
#4610 = CARTESIAN_POINT ( 'NONE',  ( 41.01346615640817106, 2.324551168650626387, 0.05345138218882811848 ) ) ;
#4611 = CARTESIAN_POINT ( 'NONE',  ( 39.02170674918584581, 2.535703490507588587, -2.111641302256850317 ) ) ;
#4612 = CARTESIAN_POINT ( 'NONE',  ( 2.126732014952958494, 5.488529919228140486, 15.41773140286406196 ) ) ;
#4613 = EDGE_CURVE ( 'NONE', #3149, #2115, #10181, .T. ) ;
#4614 = DIRECTION ( 'NONE',  ( 0.000000000000000000, 1.000000000000000000, 0.000000000000000000 ) ) ;
#4615 = ORIENTED_EDGE ( 'NONE', *, *, #599, .F. ) ;
#4616 = ORIENTED_EDGE ( 'NONE', *, *, #35, .F. ) ;
#4617 = AXIS2_PLACEMENT_3D ( 'NONE', #2275, #5518, #5573 ) ;
#4618 = ORIENTED_EDGE ( 'NONE', *, *, #5919, .T. ) ;
#4619 = VERTEX_POINT ( 'NONE', #8916 ) ;
#4620 = DIRECTION ( 'NONE',  ( 1.000000000000000000, -0.000000000000000000, -0.000000000000000000 ) ) ;
#4621 = CARTESIAN_POINT ( 'NONE',  ( 30.04517543560568171, 2.693538809537317391, -10.00959920578359430 ) ) ;
#4622 = FACE_OUTER_BOUND ( 'NONE', #7737, .T. ) ;
#4623 = CARTESIAN_POINT ( 'NONE',  ( 0.000000000000000000, 1.135999999974046659, 19.05000000000000071 ) ) ;
#4624 = B_SPLINE_CURVE_WITH_KNOTS ( 'NONE', 3,
 ( #3287, #3234, #951, #10426 ),
 .UNSPECIFIED., .F., .F.,
 ( 4, 4 ),
 ( 0.000000000000000000, 1.000000000000000000 ),
 .UNSPECIFIED. ) ;
#4625 = DIRECTION ( 'NONE',  ( 0.000000000000000000, 0.000000000000000000, 1.000000000000000000 ) ) ;
#4626 = AXIS2_PLACEMENT_3D ( 'NONE', #7476, #5193, #223 ) ;
#4627 = CARTESIAN_POINT ( 'NONE',  ( -4.700000000000000178, 2.424999999999986944, 0.7500000000000000000 ) ) ;
#4628 = CARTESIAN_POINT ( 'NONE',  ( 32.21393523680595905, 1.878794969456975661, -8.831436587255026893 ) ) ;
#4629 = AXIS2_PLACEMENT_3D ( 'NONE', #5065, #6023, #9235 ) ;
#4630 = DATE_TIME_ROLE ( 'creation_date' ) ;
#4631 = VERTEX_POINT ( 'NONE', #3252 ) ;
#4632 = ORIENTED_EDGE ( 'NONE', *, *, #634, .F. ) ;
#4633 = VECTOR ( 'NONE', #4803, 999.9999999999998863 ) ;
#4634 = DIRECTION ( 'NONE',  ( 0.000000000000000000, 1.000000000000000000, 0.000000000000000000 ) ) ;
#4635 = DIRECTION ( 'NONE',  ( 1.000000000000000000, -0.000000000000000000, -0.000000000000000000 ) ) ;
#4636 = DIRECTION ( 'NONE',  ( 0.000000000000000000, 0.000000000000000000, 1.000000000000000000 ) ) ;
#4637 = AXIS2_PLACEMENT_3D ( 'NONE', #4017, #2369, #5608 ) ;
#4638 = CARTESIAN_POINT ( 'NONE',  ( -1.194927224080793327, 5.861168385548214843, 7.832998601485112289 ) ) ;
#4639 = CARTESIAN_POINT ( 'NONE',  ( 42.31423701156262496, 3.218092960447855866, -5.258196881060621664 ) ) ;
#4640 = FACE_OUTER_BOUND ( 'NONE', #10457, .T. ) ;
#4641 = VECTOR ( 'NONE', #7665, 1000.000000000000000 ) ;
#4642 = VECTOR ( 'NONE', #5931, 1000.000000000000000 ) ;
#4643 = B_SPLINE_CURVE_WITH_KNOTS ( 'NONE', 3,
 ( #9140, #8947, #1888, #1694 ),
 .UNSPECIFIED., .F., .F.,
 ( 4, 4 ),
 ( 9.781007420060400737E-16, 0.0004406211588835773373 ),
 .UNSPECIFIED. ) ;
#4644 = CARTESIAN_POINT ( 'NONE',  ( 32.53964364722485669, 1.584678002434802391, 34.02641246180804302 ) ) ;
#4645 = EDGE_LOOP ( 'NONE', ( #6986, #2961, #4057, #3867 ) ) ;
#4646 = B_SPLINE_CURVE_WITH_KNOTS ( 'NONE', 3,
 ( #5077, #2045, #260, #9988 ),
 .UNSPECIFIED., .F., .F.,
 ( 4, 4 ),
 ( 0.0002705761522300018443, 0.005105498755190783153 ),
 .UNSPECIFIED. ) ;
#4647 = CARTESIAN_POINT ( 'NONE',  ( 43.39407104149310612, -3.049999999999999822, 10.76070017141884350 ) ) ;
#4648 = APPROVAL_PERSON_ORGANIZATION ( #2187, #6613, #1463 ) ;
#4649 = VERTEX_POINT ( 'NONE', #1618 ) ;
#4650 = CARTESIAN_POINT ( 'NONE',  ( 44.25924354705530561, 1.894788300044333518, 0.03038458872635618063 ) ) ;
#4651 = CARTESIAN_POINT ( 'NONE',  ( 42.23419906304350491, 1.727154545408998709, 12.77622272411134752 ) ) ;
#4652 = CARTESIAN_POINT ( 'NONE',  ( 31.35259712831949130, 1.582008744729753946, 34.15973805481894487 ) ) ;
#4653 = FACE_OUTER_BOUND ( 'NONE', #9434, .T. ) ;
#4654 = LINE ( 'NONE', #683, #2416 ) ;
#4655 = EDGE_CURVE ( 'NONE', #4405, #8137, #7282, .T. ) ;
#4656 = CYLINDRICAL_SURFACE ( 'NONE', #2801, 1.000000000000000888 ) ;
#4657 = CARTESIAN_POINT ( 'NONE',  ( 40.88909144150750308, 3.054201496584555198, 20.53174313992992239 ) ) ;
#4658 = CARTESIAN_POINT ( 'NONE',  ( 8.736821265902461775, 2.605622983720984998, -17.13261832919152283 ) ) ;
#4659 = VERTEX_POINT ( 'NONE', #971 ) ;
#4660 = ORIENTED_EDGE ( 'NONE', *, *, #5958, .T. ) ;
#4661 = ORIENTED_EDGE ( 'NONE', *, *, #4820, .T. ) ;
#4662 = VERTEX_POINT ( 'NONE', #3457 ) ;
#4663 = LINE ( 'NONE', #3133, #1065 ) ;
#4664 = EDGE_CURVE ( 'NONE', #458, #7351, #4747, .T. ) ;
#4665 = CARTESIAN_POINT ( 'NONE',  ( 0.000000000000000000, -2.286000000000000032, -19.05000000000000071 ) ) ;
#4666 = LINE ( 'NONE', #7894, #2604 ) ;
#4667 = CARTESIAN_POINT ( 'NONE',  ( 10.20769550674790160, 2.558589538543829978, -16.97440417378312461 ) ) ;
#4668 = ORIENTED_EDGE ( 'NONE', *, *, #9001, .T. ) ;
#4669 = CARTESIAN_POINT ( 'NONE',  ( 19.28089988171122471, 2.071473923253917437, 20.00158476679716557 ) ) ;
#4670 = DIRECTION ( 'NONE',  ( 1.000000000000000000, 0.000000000000000000, -0.000000000000000000 ) ) ;
#4671 = DIRECTION ( 'NONE',  ( 0.000000000000000000, -1.000000000000000000, -0.000000000000000000 ) ) ;
#4672 = CIRCLE ( 'NONE', #9062, 3.700000000000001954 ) ;
#4674 = EDGE_CURVE ( 'NONE', #2591, #9070, #5045, .T. ) ;
#4673 = VECTOR ( 'NONE', #7245, 999.9999999999998863 ) ;
#4675 = CARTESIAN_POINT ( 'NONE',  ( 18.93280180749617614, -2.286000000000000032, 26.22430497369037283 ) ) ;
#4676 = CARTESIAN_POINT ( 'NONE',  ( -0.2767915139519620538, 7.243605555297107479, 8.533030195635856074 ) ) ;
#4677 = DIRECTION ( 'NONE',  ( 0.7071067811865474617, 0.000000000000000000, -0.7071067811865476838 ) ) ;
#4678 = ORIENTED_EDGE ( 'NONE', *, *, #6919, .F. ) ;
#4679 = ORIENTED_EDGE ( 'NONE', *, *, #5435, .T. ) ;
#4680 = ORIENTED_EDGE ( 'NONE', *, *, #3684, .T. ) ;
#4681 = EDGE_LOOP ( 'NONE', ( #9404, #4529, #3037, #6081, #3752, #4519 ) ) ;
#4682 = VECTOR ( 'NONE', #227, 1000.000000000000000 ) ;
#4683 = CARTESIAN_POINT ( 'NONE',  ( 7.584892087439663477, 4.174306947982141303, -13.09271953202662786 ) ) ;
#4684 = ADVANCED_FACE ( 'NONE', ( #2560 ), #9811, .F. ) ;
#4685 = DIRECTION ( 'NONE',  ( 1.000000000000000000, -3.412570772413390973E-15, 0.000000000000000000 ) ) ;
#4686 = DIRECTION ( 'NONE',  ( 0.000000000000000000, 0.000000000000000000, -1.000000000000000000 ) ) ;
#4687 = CARTESIAN_POINT ( 'NONE',  ( -3.135382751754560271, 2.286000000000000032, 19.55000000000000071 ) ) ;
#4688 = DIRECTION ( 'NONE',  ( 0.000000000000000000, -1.000000000000000000, 0.000000000000000000 ) ) ;
#4689 = EDGE_CURVE ( 'NONE', #1902, #2686, #8507, .T. ) ;
#4690 = CARTESIAN_POINT ( 'NONE',  ( 0.000000000000000000, 2.286000000000000032, -19.05000000000000071 ) ) ;
#4691 = B_SPLINE_SURFACE_WITH_KNOTS ( 'NONE', 3, 3, ( 
 ( #2354, #131, #3157, #9812 ),
 ( #2561, #1714, #10450, #5641 ),
 ( #6398, #77, #5803, #8113 ),
 ( #3359, #4053, #8159, #7174 ) ),
 .UNSPECIFIED., .F., .F., .F.,
 ( 4, 4 ),
 ( 4, 4 ),
 ( 0.000000000000000000, 1.000000000000000000 ),
 ( 0.000000000000000000, 1.000000000000000000 ),
 .UNSPECIFIED. ) ;
#4692 = CIRCLE ( 'NONE', #9763, 3.700000000000000178 ) ;
#4693 = CARTESIAN_POINT ( 'NONE',  ( -3.175000000000001155, -2.286000000000000032, 19.55000000000000071 ) ) ;
#4694 = VECTOR ( 'NONE', #8935, 1000.000000000000000 ) ;
#4695 = APPROVAL_ROLE ( '' ) ;
#4696 = ORIENTED_EDGE ( 'NONE', *, *, #461, .F. ) ;
#4697 = EDGE_LOOP ( 'NONE', ( #3353, #54, #6527, #2020, #8821 ) ) ;
#4698 = DIRECTION ( 'NONE',  ( 1.000000000000000000, 0.000000000000000000, -0.000000000000000000 ) ) ;
#4699 = CARTESIAN_POINT ( 'NONE',  ( -5.591056393928713675, 3.196173226458860928, -24.66516463657053393 ) ) ;
#4700 = VECTOR ( 'NONE', #7777, 1000.000000000000000 ) ;
#4701 = CARTESIAN_POINT ( 'NONE',  ( 39.30642294569128126, 1.900849616306967249, -2.702144330856127041 ) ) ;
#4702 = CARTESIAN_POINT ( 'NONE',  ( 2.783166910333610300, 4.291386153319460384, -13.50598212092172901 ) ) ;
#4703 = CARTESIAN_POINT ( 'NONE',  ( -1.490122008581019397, 3.844821827226653443, 15.95455107089659919 ) ) ;
#4704 = DIRECTION ( 'NONE',  ( 1.224646799147352714E-16, 0.000000000000000000, 1.000000000000000000 ) ) ;
#4705 = LINE ( 'NONE', #8781, #9071 ) ;
#4706 = CARTESIAN_POINT ( 'NONE',  ( 35.43582448047474287, 1.454824429592272983, 23.33279237658495475 ) ) ;
#4707 = ORIENTED_EDGE ( 'NONE', *, *, #663, .T. ) ;
#4708 = ORIENTED_EDGE ( 'NONE', *, *, #10443, .T. ) ;
#4709 = CARTESIAN_POINT ( 'NONE',  ( 44.28153135284927799, 1.761236043363595405, 0.03259182279069550159 ) ) ;
#4710 = CARTESIAN_POINT ( 'NONE',  ( 41.27595597814611494, 2.262044833342059746, -0.01563203047855997799 ) ) ;
#4711 = CARTESIAN_POINT ( 'NONE',  ( 6.080230639626670985, 2.888013293152815297, 19.54212992337248167 ) ) ;
#4712 = CARTESIAN_POINT ( 'NONE',  ( -3.666060555964672840, 1.136000000000000343, -19.55000000000000071 ) ) ;
#4713 = CARTESIAN_POINT ( 'NONE',  ( -2.388999999999998902, 6.262468642874358338, -12.35000000000000142 ) ) ;
#4714 = DIRECTION ( 'NONE',  ( 0.000000000000000000, 0.000000000000000000, -1.000000000000000000 ) ) ;
#4715 = CARTESIAN_POINT ( 'NONE',  ( 44.29999999999999005, 3.056107815710825459, -0.1633004821303178367 ) ) ;
#4716 = LINE ( 'NONE', #6256, #8706 ) ;
#4717 = VERTEX_POINT ( 'NONE', #4095 ) ;
#4718 = VERTEX_POINT ( 'NONE', #177 ) ;
#4719 = EDGE_LOOP ( 'NONE', ( #1508, #9620, #5502, #5452 ) ) ;
#4720 = DIRECTION ( 'NONE',  ( 0.000000000000000000, 0.000000000000000000, -1.000000000000000000 ) ) ;
#4721 = CARTESIAN_POINT ( 'NONE',  ( 43.38243417310884098, 1.284689151878712243, -6.714345968604026993 ) ) ;
#4722 = CARTESIAN_POINT ( 'NONE',  ( 43.04469286468209788, 1.247884251470437578, -7.033349702158986361 ) ) ;
#4723 = CARTESIAN_POINT ( 'NONE',  ( -5.097439080419444934, 3.102487002659427784, 25.04223147091006041 ) ) ;
#4724 = EDGE_LOOP ( 'NONE', ( #1348, #3541, #1209, #5864 ) ) ;
#4725 = LINE ( 'NONE', #3929, #8872 ) ;
#4726 = DIRECTION ( 'NONE',  ( 0.000000000000000000, 0.000000000000000000, -1.000000000000000000 ) ) ;
#4727 = CARTESIAN_POINT ( 'NONE',  ( 44.30000000000000426, -3.049999999999999822, -5.034869972618864153 ) ) ;
#4728 = B_SPLINE_CURVE_WITH_KNOTS ( 'NONE', 3,
 ( #1093, #2579, #1936, #5923 ),
 .UNSPECIFIED., .F., .F.,
 ( 4, 4 ),
 ( 6.577389278969411103E-05, 0.002578674119516026833 ),
 .UNSPECIFIED. ) ;
#4729 = CARTESIAN_POINT ( 'NONE',  ( 33.56392512492531921, 2.737032182053743323, 35.13699343765625116 ) ) ;
#4730 = CARTESIAN_POINT ( 'NONE',  ( 11.20957253113296481, 8.674291820295586319, 0.000000000000000000 ) ) ;
#4731 = CARTESIAN_POINT ( 'NONE',  ( 38.54443461097273627, 2.395524939963442623, -4.014870867268939492 ) ) ;
#4732 = EDGE_CURVE ( 'NONE', #4662, #758, #869, .T. ) ;
#4733 = EDGE_LOOP ( 'NONE', ( #217, #5759, #2243, #494 ) ) ;
#4734 = VERTEX_POINT ( 'NONE', #7328 ) ;
#4735 = VERTEX_POINT ( 'NONE', #4052 ) ;
#4736 = ADVANCED_FACE ( 'NONE', ( #8158 ), #9768, .T. ) ;
#4737 = ORIENTED_EDGE ( 'NONE', *, *, #4808, .T. ) ;
#4738 = CARTESIAN_POINT ( 'NONE',  ( 32.09466722563808361, 500000.0000000000582, 22.95401003784633431 ) ) ;
#4739 = DIRECTION ( 'NONE',  ( -0.7071067811865463515, -8.659560562354948882E-17, 0.7071067811865487940 ) ) ;
#4740 = CARTESIAN_POINT ( 'NONE',  ( 28.64926696667930273, 3.050000000000001155, 32.89478179071431896 ) ) ;
#4741 = CARTESIAN_POINT ( 'NONE',  ( 42.80000000000000426, -3.049999999999999822, 0.000000000000000000 ) ) ;
#4742 = CARTESIAN_POINT ( 'NONE',  ( 17.19415689518923784, 7.457690561061469658, 3.174999999999999822 ) ) ;
#4743 = CARTESIAN_POINT ( 'NONE',  ( 15.83538275175456000, 500000.0000000000582, 32.25000000000000000 ) ) ;
#4744 = CARTESIAN_POINT ( 'NONE',  ( 15.00375637608468438, 6.005892967537819871, 1.202512171581024303 ) ) ;
#4745 = EDGE_CURVE ( 'NONE', #1825, #10176, #8965, .T. ) ;
#4746 = ORIENTED_EDGE ( 'NONE', *, *, #1498, .F. ) ;
#4747 = B_SPLINE_CURVE_WITH_KNOTS ( 'NONE', 3,
 ( #6497, #3304, #8112, #224 ),
 .UNSPECIFIED., .F., .F.,
 ( 4, 4 ),
 ( 0.000000000000000000, 0.6719160104986877657 ),
 .UNSPECIFIED. ) ;
#4748 = EDGE_CURVE ( 'NONE', #4999, #8004, #3224, .T. ) ;
#4749 = EDGE_CURVE ( 'NONE', #6639, #8245, #4203, .T. ) ;
#4750 = CARTESIAN_POINT ( 'NONE',  ( 44.30000000000000426, -3.049999999999999822, -5.034869972618864153 ) ) ;
#4751 = CARTESIAN_POINT ( 'NONE',  ( 0.000000000000000000, 2.286000000000000032, 31.75000000000000000 ) ) ;
#4752 = FACE_OUTER_BOUND ( 'NONE', #1793, .T. ) ;
#4753 = CARTESIAN_POINT ( 'NONE',  ( 5.692694787479830154, 3.733114184813796754, 16.13325315138667904 ) ) ;
#4754 = DIRECTION ( 'NONE',  ( 0.000000000000000000, -1.000000000000000000, 0.000000000000000000 ) ) ;
#4755 = CARTESIAN_POINT ( 'NONE',  ( -8.155379302885469528, 3.145079612705254490, -24.87580809105806523 ) ) ;
#4756 = CARTESIAN_POINT ( 'NONE',  ( 32.27644116252005091, 1.412799686228231044, 26.00036595873073964 ) ) ;
#4757 = EDGE_CURVE ( 'NONE', #7586, #2021, #5856, .T. ) ;
#4758 = CARTESIAN_POINT ( 'NONE',  ( 43.12904830695985225, 3.323036021187814715, 0.002163037434093047131 ) ) ;
#4759 = CARTESIAN_POINT ( 'NONE',  ( 5.792893218813448541, 500000.0000000000582, 25.25000000000000000 ) ) ;
#4760 = CARTESIAN_POINT ( 'NONE',  ( 0.7984138551601520639, 2.597899363837011144, 20.89574524959536106 ) ) ;
#4761 = LINE ( 'NONE', #7143, #5498 ) ;
#4762 = CARTESIAN_POINT ( 'NONE',  ( -0.8890000000000001235, 5.581929406864683862, -8.778662127403212168 ) ) ;
#4763 = EDGE_CURVE ( 'NONE', #9718, #4116, #9859, .T. ) ;
#4764 = DIRECTION ( 'NONE',  ( -0.000000000000000000, -1.000000000000000000, -0.000000000000000000 ) ) ;
#4765 = CARTESIAN_POINT ( 'NONE',  ( 36.66709655221387720, 2.505125803547459729, 30.12202904738241571 ) ) ;
#4766 = PLANE ( 'NONE',  #10037 ) ;
#4767 = ORIENTED_EDGE ( 'NONE', *, *, #7014, .F. ) ;
#4768 = ORIENTED_EDGE ( 'NONE', *, *, #722, .F. ) ;
#4769 = CARTESIAN_POINT ( 'NONE',  ( 39.84174769430145346, -1.016666666666666385, 27.01510415892409611 ) ) ;
#4770 = DIRECTION ( 'NONE',  ( 0.000000000000000000, -1.000000000000000000, 0.000000000000000000 ) ) ;
#4771 = CARTESIAN_POINT ( 'NONE',  ( 17.19415689518923784, 7.457690561061469658, 3.174999999999999822 ) ) ;
#4772 = CARTESIAN_POINT ( 'NONE',  ( 24.88544233684039853, -3.049999999999995381, 27.42774787591304531 ) ) ;
#4773 = ORIENTED_EDGE ( 'NONE', *, *, #5237, .T. ) ;
#4774 = CARTESIAN_POINT ( 'NONE',  ( 3.135382751754560271, -2.286000000000000032, 18.55000000000000071 ) ) ;
#4775 = CARTESIAN_POINT ( 'NONE',  ( 40.66480527282708124, 1.349972691484674803, -8.997280121837457401 ) ) ;
#4776 = CARTESIAN_POINT ( 'NONE',  ( -0.2818943362660757956, 3.490449509587361554, -23.25000000000000711 ) ) ;
#4777 = FACE_OUTER_BOUND ( 'NONE', #9006, .T. ) ;
#4778 = FACE_OUTER_BOUND ( 'NONE', #1197, .T. ) ;
#4780 = B_SPLINE_CURVE_WITH_KNOTS ( 'NONE', 3,
 ( #2110, #1324, #3649, #6889 ),
 .UNSPECIFIED., .F., .F.,
 ( 4, 4 ),
 ( 8.673617379884035472E-19, 0.002311211313579082053 ),
 .UNSPECIFIED. ) ;
#4779 = CARTESIAN_POINT ( 'NONE',  ( 28.52826718440758214, 2.286000000000000032, 34.98983243056316894 ) ) ;
#4781 = VERTEX_POINT ( 'NONE', #1021 ) ;
#4782 = ORIENTED_EDGE ( 'NONE', *, *, #9460, .F. ) ;
#4783 = AXIS2_PLACEMENT_3D ( 'NONE', #7279, #6543, #7119 ) ;
#4784 = LINE ( 'NONE', #3939, #4954 ) ;
#4785 = CARTESIAN_POINT ( 'NONE',  ( 42.66732515219974431, 3.352697193096148887, -2.393218020620608844 ) ) ;
#4786 = DIRECTION ( 'NONE',  ( 0.000000000000000000, 0.000000000000000000, -1.000000000000000000 ) ) ;
#4787 = CARTESIAN_POINT ( 'NONE',  ( -0.8890000000000000124, 3.174999999999987388, 8.450000000000001066 ) ) ;
#4788 = CARTESIAN_POINT ( 'NONE',  ( 10.38204998952848790, 2.818573892456147423, -17.98223806858347729 ) ) ;
#4789 = CARTESIAN_POINT ( 'NONE',  ( 5.175905717843012788, 2.635999999995419785, 18.55000000000000071 ) ) ;
#4790 = CARTESIAN_POINT ( 'NONE',  ( 38.49237194528833328, 1.568690393185079746, 8.724755689063092845 ) ) ;
#4791 = AXIS2_PLACEMENT_3D ( 'NONE', #5429, #8656, #7084 ) ;
#4792 = CARTESIAN_POINT ( 'NONE',  ( 37.58491220367157837, 3.116833569324211517, 0.1858817927250427937 ) ) ;
#4793 = CALENDAR_DATE ( 2022, 6, 6 ) ;
#4794 = VERTEX_POINT ( 'NONE', #4251 ) ;
#4795 = ORIENTED_EDGE ( 'NONE', *, *, #9975, .F. ) ;
#4796 = AXIS2_PLACEMENT_3D ( 'NONE', #2298, #8766, #7793 ) ;
#4797 = ORIENTED_EDGE ( 'NONE', *, *, #9977, .T. ) ;
#4798 = DIRECTION ( 'NONE',  ( 0.000000000000000000, -1.000000000000000000, -0.000000000000000000 ) ) ;
#4799 = DIRECTION ( 'NONE',  ( 0.000000000000000000, -1.000000000000000000, -0.000000000000000000 ) ) ;
#4800 = DIRECTION ( 'NONE',  ( 0.000000000000000000, 0.000000000000000000, 1.000000000000000000 ) ) ;
#4801 = VECTOR ( 'NONE', #7359, 1000.000000000000000 ) ;
#4802 = EDGE_CURVE ( 'NONE', #1006, #7225, #10411, .T. ) ;
#4803 = DIRECTION ( 'NONE',  ( 0.7071067811865472397, 0.000000000000000000, -0.7071067811865479058 ) ) ;
#4804 = CARTESIAN_POINT ( 'NONE',  ( 42.80000000000000426, -1.406721305235827391, -1.158225982667416855E-14 ) ) ;
#4805 = VECTOR ( 'NONE', #941, 1000.000000000000000 ) ;
#4806 = FACE_OUTER_BOUND ( 'NONE', #6311, .T. ) ;
#4807 = CARTESIAN_POINT ( 'NONE',  ( 20.55332649242484067, 2.006296835032552739, 20.32103210177874075 ) ) ;
#4808 = EDGE_CURVE ( 'NONE', #7276, #7723, #3360, .T. ) ;
#4809 = VECTOR ( 'NONE', #6116, 1000.000000000000000 ) ;
#4810 = AXIS2_PLACEMENT_3D ( 'NONE', #8886, #1640, #4869 ) ;
#4811 = EDGE_CURVE ( 'NONE', #6966, #8458, #3717, .T. ) ;
#4812 = VECTOR ( 'NONE', #7305, 1000.000000000000000 ) ;
#4813 = CARTESIAN_POINT ( 'NONE',  ( 42.62838698765577305, 1.909412615247569667, -5.411692116005630382 ) ) ;
#4814 = CARTESIAN_POINT ( 'NONE',  ( 16.29981787729558818, 5.397226623206861085, 3.701863368151722344 ) ) ;
#4815 = AXIS2_PLACEMENT_3D ( 'NONE', #6838, #3458, #10059 ) ;
#4816 = DIRECTION ( 'NONE',  ( -0.000000000000000000, 0.000000000000000000, -1.000000000000000000 ) ) ;
#4817 = CARTESIAN_POINT ( 'NONE',  ( 30.13997424312695372, 1.754241835250162751, 22.09944439257024129 ) ) ;
#4818 = DIRECTION ( 'NONE',  ( 0.000000000000000000, 0.000000000000000000, 1.000000000000000000 ) ) ;
#4820 = EDGE_CURVE ( 'NONE', #678, #9904, #10030, .T. ) ;
#4819 = AXIS2_PLACEMENT_3D ( 'NONE', #3472, #9928, #5009 ) ;
#4821 = CARTESIAN_POINT ( 'NONE',  ( 44.30000000000001137, 3.055484033664974231, -1.491458339428657576 ) ) ;
#4822 = DIRECTION ( 'NONE',  ( -0.000000000000000000, -1.000000000000000000, -0.000000000000000000 ) ) ;
#4823 = VECTOR ( 'NONE', #11, 1000.000000000000000 ) ;
#4824 = ORIENTED_EDGE ( 'NONE', *, *, #8478, .T. ) ;
#4825 = ORIENTED_EDGE ( 'NONE', *, *, #7329, .F. ) ;
#4826 = CARTESIAN_POINT ( 'NONE',  ( 44.30000000000000426, -3.049999999999999822, 13.69300376512407347 ) ) ;
#4827 = CARTESIAN_POINT ( 'NONE',  ( -6.368163355566236381E-16, 500000.0000000000582, -13.85000000000000142 ) ) ;
#4828 = CARTESIAN_POINT ( 'NONE',  ( 16.81478761905386321, 7.481379728462445478, 3.246533374862778931 ) ) ;
#4829 = LINE ( 'NONE', #59, #6825 ) ;
#4830 = ORIENTED_EDGE ( 'NONE', *, *, #2540, .F. ) ;
#4831 = CARTESIAN_POINT ( 'NONE',  ( 36.80703417684725309, 2.299184290420676735, 16.19594630881725550 ) ) ;
#4832 = CARTESIAN_POINT ( 'NONE',  ( 20.89730751595569203, 2.222410748157415128, 19.08450856510750171 ) ) ;
#4833 = CARTESIAN_POINT ( 'NONE',  ( 37.83220032993109072, 4.405628476672387883, 5.697063653037930386 ) ) ;
#4834 = CARTESIAN_POINT ( 'NONE',  ( 28.74058691842848035, 3.049999999999998490, 32.55216938365263957 ) ) ;
#4835 = CARTESIAN_POINT ( 'NONE',  ( 5.199999999971584685, 1.873262802426090889, 23.74999999999999289 ) ) ;
#4836 = EDGE_LOOP ( 'NONE', ( #1856, #7005, #8971, #10064 ) ) ;
#4837 = EDGE_LOOP ( 'NONE', ( #2305, #3408, #8952, #9504, #3886, #6491, #135, #8118 ) ) ;
#4838 = VERTEX_POINT ( 'NONE', #8862 ) ;
#4839 = CARTESIAN_POINT ( 'NONE',  ( -2.388999999999998902, 6.262468642874358338, -12.35000000000000142 ) ) ;
#4840 = CARTESIAN_POINT ( 'NONE',  ( 44.29999999999999005, 1.228669637687794358, -5.044685684381666313 ) ) ;
#4841 = DIRECTION ( 'NONE',  ( 1.000000000000000000, 0.000000000000000000, 0.000000000000000000 ) ) ;
#4842 = AXIS2_PLACEMENT_3D ( 'NONE', #2325, #5567, #9414 ) ;
#4843 = DIRECTION ( 'NONE',  ( 0.000000000000000000, -1.000000000000000000, 0.000000000000000000 ) ) ;
#4844 = CYLINDRICAL_SURFACE ( 'NONE', #1475, 0.5000000000000004441 ) ;
#4845 = CARTESIAN_POINT ( 'NONE',  ( 3.666060555964672840, 1.136000000000000343, 18.55000000000000071 ) ) ;
#4846 = CARTESIAN_POINT ( 'NONE',  ( -3.361855828255857048, 4.067290797189874851, 15.07665169050007847 ) ) ;
#4847 = ORIENTED_EDGE ( 'NONE', *, *, #10026, .T. ) ;
#4848 = AXIS2_PLACEMENT_3D ( 'NONE', #10033, #7601, #6915 ) ;
#4849 = VERTEX_POINT ( 'NONE', #9158 ) ;
#4850 = VECTOR ( 'NONE', #5752, 1000.000000000000000 ) ;
#4851 = EDGE_LOOP ( 'NONE', ( #8307, #3073, #4291, #5808 ) ) ;
#4852 = CARTESIAN_POINT ( 'NONE',  ( -3.658269788118138965, 4.091371121448398540, 21.13118299837327996 ) ) ;
#4853 = CARTESIAN_POINT ( 'NONE',  ( -3.261180530015760137, 2.331096742114044051, 21.98105574071725599 ) ) ;
#4854 = DIRECTION ( 'NONE',  ( 0.000000000000000000, 1.000000000000000000, -1.636613475592550649E-15 ) ) ;
#4855 = ADVANCED_FACE ( 'NONE', ( #1908 ), #8517, .T. ) ;
#4856 = DIRECTION ( 'NONE',  ( 0.000000000000000000, 0.000000000000000000, 1.000000000000000000 ) ) ;
#4857 = FACE_OUTER_BOUND ( 'NONE', #10274, .T. ) ;
#4858 = VECTOR ( 'NONE', #2127, 1000.000000000000000 ) ;
#4859 = DIRECTION ( 'NONE',  ( 0.000000000000000000, 0.000000000000000000, -1.000000000000000000 ) ) ;
#4860 = CARTESIAN_POINT ( 'NONE',  ( 37.26764635426970784, 2.155755574806387465, 10.14279371422300535 ) ) ;
#4861 = CARTESIAN_POINT ( 'NONE',  ( 29.05626455264897956, 2.031609945402519823, 19.67853463205037201 ) ) ;
#4862 = EDGE_CURVE ( 'NONE', #8714, #5848, #5999, .T. ) ;
#4863 = EDGE_CURVE ( 'NONE', #7371, #3813, #7886, .T. ) ;
#4864 = B_SPLINE_SURFACE_WITH_KNOTS ( 'NONE', 3, 3, ( 
 ( #2860, #10206, #6098, #9424 ),
 ( #7775, #2055, #4391, #8627 ),
 ( #7619, #2963, #4490, #7728 ),
 ( #6209, #366, #2165, #5401 ) ),
 .UNSPECIFIED., .F., .F., .F.,
 ( 4, 4 ),
 ( 4, 4 ),
 ( 0.000000000000000000, 1.000000000000000000 ),
 ( 0.000000000000000000, 1.000000000000000000 ),
 .UNSPECIFIED. ) ;
#4865 = AXIS2_PLACEMENT_3D ( 'NONE', #4186, #852, #5574 ) ;
#4866 = VECTOR ( 'NONE', #5104, 1000.000000000000000 ) ;
#4867 = EDGE_CURVE ( 'NONE', #8740, #471, #2705, .T. ) ;
#4868 = CARTESIAN_POINT ( 'NONE',  ( 33.74082078060382628, 1.766543093006049503, 28.32257731047671712 ) ) ;
#4869 = DIRECTION ( 'NONE',  ( -1.000000000000000000, 0.000000000000000000, 0.000000000000000000 ) ) ;
#4870 = CARTESIAN_POINT ( 'NONE',  ( 37.61214400439681071, 3.014961170082187891, 2.285204367600679021 ) ) ;
#4871 = CARTESIAN_POINT ( 'NONE',  ( 3.666060555964672840, 1.136000000000000343, 19.55000000000000071 ) ) ;
#4872 = CARTESIAN_POINT ( 'NONE',  ( 3.874204979608887989, 2.187062401007624501, -21.81040163974151369 ) ) ;
#4873 = CARTESIAN_POINT ( 'NONE',  ( 12.06268733613853072, 3.213108107219368570, -22.35761831073921968 ) ) ;
#4875 = B_SPLINE_CURVE_WITH_KNOTS ( 'NONE', 3,
 ( #9196, #8404, #1155, #4380 ),
 .UNSPECIFIED., .F., .F.,
 ( 4, 4 ),
 ( 0.002197589191283302792, 0.004325881900177516899 ),
 .UNSPECIFIED. ) ;
#4874 = FACE_OUTER_BOUND ( 'NONE', #7588, .T. ) ;
#4876 = ADVANCED_FACE ( 'NONE', ( #3550 ), #369, .F. ) ;
#4877 = ORIENTED_EDGE ( 'NONE', *, *, #2962, .T. ) ;
#4878 = ORIENTED_EDGE ( 'NONE', *, *, #5919, .F. ) ;
#4879 = EDGE_CURVE ( 'NONE', #2231, #9815, #1861, .T. ) ;
#4880 = CARTESIAN_POINT ( 'NONE',  ( 12.86089389281613471, 5.873811912777643585, -2.362752869132455302 ) ) ;
#4881 = EDGE_CURVE ( 'NONE', #3871, #7424, #2753, .T. ) ;
#4882 = CARTESIAN_POINT ( 'NONE',  ( 12.19999999999999929, -2.286000000000000032, 28.61461724824544106 ) ) ;
#4883 = CARTESIAN_POINT ( 'NONE',  ( 10.54642846178986559, 2.293225292441388063, -17.98223806858338492 ) ) ;
#4884 = LINE ( 'NONE', #9752, #559 ) ;
#4885 = ORIENTED_EDGE ( 'NONE', *, *, #8822, .T. ) ;
#4886 = CARTESIAN_POINT ( 'NONE',  ( 31.56629624363299769, 1.847018303590622468, -13.41448134014111204 ) ) ;
#4887 = CARTESIAN_POINT ( 'NONE',  ( 37.91674972479282246, 4.610880422525369227, -3.239690846911741140 ) ) ;
#4888 = CARTESIAN_POINT ( 'NONE',  ( -500000.0000000000582, 3.174999999999987388, 6.349999999999999645 ) ) ;
#4889 = DIRECTION ( 'NONE',  ( -3.412570772413391368E-15, -1.000000000000000000, -2.275047181608927447E-15 ) ) ;
#4890 = FACE_OUTER_BOUND ( 'NONE', #4143, .T. ) ;
#4891 = EDGE_CURVE ( 'NONE', #5082, #5806, #4231, .T. ) ;
#4892 = ORIENTED_EDGE ( 'NONE', *, *, #7577, .T. ) ;
#4893 = ORIENTED_EDGE ( 'NONE', *, *, #2405, .F. ) ;
#4894 = VERTEX_POINT ( 'NONE', #7622 ) ;
#4895 = DIRECTION ( 'NONE',  ( 0.000000000000000000, 0.7071067811865463515, -0.7071067811865487940 ) ) ;
#4896 = CARTESIAN_POINT ( 'NONE',  ( 37.94081386389618871, 1.650877637587200741, 4.249839069102961275 ) ) ;
#4897 = CARTESIAN_POINT ( 'NONE',  ( -3.929612852282713842, 9.200008484597177016, 0.7499999999999995559 ) ) ;
#4898 = CARTESIAN_POINT ( 'NONE',  ( -0.4999999999881765689, 4.890558722962143889, 13.84999999999999609 ) ) ;
#4899 = CARTESIAN_POINT ( 'NONE',  ( 42.44277938666423466, -3.050000000000000711, 15.26758614308263518 ) ) ;
#4900 = FACE_OUTER_BOUND ( 'NONE', #5315, .T. ) ;
#4901 = ORIENTED_EDGE ( 'NONE', *, *, #1039, .T. ) ;
#4902 = VERTEX_POINT ( 'NONE', #9263 ) ;
#4903 = ORIENTED_EDGE ( 'NONE', *, *, #6757, .T. ) ;
#4904 = VERTEX_POINT ( 'NONE', #2011 ) ;
#4905 = CARTESIAN_POINT ( 'NONE',  ( -2.128516369095262206, 3.700403576562516061, 22.68130773692648816 ) ) ;
#4906 = CARTESIAN_POINT ( 'NONE',  ( -3.949485927250213853E-16, 2.286000000000000032, 22.27499999999999858 ) ) ;
#4907 = CARTESIAN_POINT ( 'NONE',  ( 32.53964364722485669, 1.584678002434802391, 34.02641246180804302 ) ) ;
#4908 = CARTESIAN_POINT ( 'NONE',  ( 29.62546225982116965, -2.286000000000000032, 34.25001626411468436 ) ) ;
#4909 = CARTESIAN_POINT ( 'NONE',  ( -4.700000000000000178, 2.424999999999986944, 3.264854136349466085 ) ) ;
#4910 = LINE ( 'NONE', #5660, #6177 ) ;
#4911 = DIRECTION ( 'NONE',  ( 0.000000000000000000, 0.000000000000000000, 1.000000000000000000 ) ) ;
#4912 = CARTESIAN_POINT ( 'NONE',  ( 23.26011825464479088, 4.023167809546011497, 7.918238740988496005 ) ) ;
#4913 = B_SPLINE_CURVE_WITH_KNOTS ( 'NONE', 3,
 ( #6937, #8461, #4602, #7048 ),
 .UNSPECIFIED., .F., .F.,
 ( 4, 4 ),
 ( 0.07920792079207926439, 1.000000000000000000 ),
 .UNSPECIFIED. ) ;
#4914 = CARTESIAN_POINT ( 'NONE',  ( 20.60085646695400285, 4.679108268929619285, 8.391625656663306287 ) ) ;
#4915 = CARTESIAN_POINT ( 'NONE',  ( -4.700000000000000178, 3.924999999999992717, 12.34999999999999787 ) ) ;
#4916 = CARTESIAN_POINT ( 'NONE',  ( 2.106264241026970740, -1.396640498777005579, -23.33545554337281303 ) ) ;
#4917 = CARTESIAN_POINT ( 'NONE',  ( -3.666060555964672840, 1.136000000000000343, -19.55000000000000071 ) ) ;
#4918 = CARTESIAN_POINT ( 'NONE',  ( 35.67789695859363519, 3.355695835863418797, -10.76833468504548463 ) ) ;
#4919 = ORIENTED_EDGE ( 'NONE', *, *, #8269, .T. ) ;
#4920 = ORIENTED_EDGE ( 'NONE', *, *, #3113, .F. ) ;
#4921 = LINE ( 'NONE', #9794, #3956 ) ;
#4922 = FACE_OUTER_BOUND ( 'NONE', #7632, .T. ) ;
#4923 = EDGE_CURVE ( 'NONE', #10148, #1131, #5240, .T. ) ;
#4924 = CARTESIAN_POINT ( 'NONE',  ( -3.961000000000000298, 3.924999999999988276, 9.973189202894502614 ) ) ;
#4925 = CARTESIAN_POINT ( 'NONE',  ( 5.200000000000001066, 500000.0000000000582, -19.05000000000000071 ) ) ;
#4926 = ORIENTED_EDGE ( 'NONE', *, *, #777, .T. ) ;
#4927 = B_SPLINE_CURVE_WITH_KNOTS ( 'NONE', 3,
 ( #961, #861, #8957, #4088 ),
 .UNSPECIFIED., .F., .F.,
 ( 4, 4 ),
 ( 0.001339921796418085988, 0.001572486070636169983 ),
 .UNSPECIFIED. ) ;
#4928 = EDGE_CURVE ( 'NONE', #6884, #9376, #8178, .T. ) ;
#4929 = LINE ( 'NONE', #8144, #9883 ) ;
#4930 = CARTESIAN_POINT ( 'NONE',  ( 12.92767348781309522, 4.610880422525369227, -16.37999439047211681 ) ) ;
#4931 = DIRECTION ( 'NONE',  ( 0.000000000000000000, 0.000000000000000000, 1.000000000000000000 ) ) ;
#4932 = CARTESIAN_POINT ( 'NONE',  ( 24.62220861614542500, 5.817331479667154248, 9.221280955552895620 ) ) ;
#4933 = CARTESIAN_POINT ( 'NONE',  ( 18.93280180749617614, 0.7859999999999998099, 26.22430497369037639 ) ) ;
#4934 = EDGE_CURVE ( 'NONE', #3397, #9240, #1704, .T. ) ;
#4935 = ORIENTED_EDGE ( 'NONE', *, *, #3777, .F. ) ;
#4936 = ORIENTED_EDGE ( 'NONE', *, *, #3417, .F. ) ;
#4937 = CARTESIAN_POINT ( 'NONE',  ( 44.29999999999999005, 2.656041666666799195, -4.126660756939026342 ) ) ;
#4938 = CARTESIAN_POINT ( 'NONE',  ( 34.93937993832501832, 2.296653886800653854, 18.74997207080324912 ) ) ;
#4939 = DIRECTION ( 'NONE',  ( 1.000000000000000000, 0.000000000000000000, 0.000000000000000000 ) ) ;
#4940 = CARTESIAN_POINT ( 'NONE',  ( 5.199999999999560529, 500000.0000000000582, -19.55000000000000071 ) ) ;
#4941 = EDGE_CURVE ( 'NONE', #8582, #5167, #2577, .T. ) ;
#4942 = CARTESIAN_POINT ( 'NONE',  ( 0.000000000000000000, -2.286000000000000032, 19.05000000000000071 ) ) ;
#4943 = CARTESIAN_POINT ( 'NONE',  ( -1.935192027724571551, 1.991057312958002479, -23.17877156379065795 ) ) ;
#4944 = CARTESIAN_POINT ( 'NONE',  ( 5.175905717843014564, 2.698047546120090345, -19.54999999999999005 ) ) ;
#4945 = ORIENTED_EDGE ( 'NONE', *, *, #7524, .F. ) ;
#4946 = VERTEX_POINT ( 'NONE', #5350 ) ;
#4947 = VERTEX_POINT ( 'NONE', #8573 ) ;
#4948 = DIRECTION ( 'NONE',  ( -0.000000000000000000, 1.000000000000000000, -0.000000000000000000 ) ) ;
#4949 = CARTESIAN_POINT ( 'NONE',  ( 6.199999999999964650, 2.478285834139142718, -20.26225110573058075 ) ) ;
#4950 = CARTESIAN_POINT ( 'NONE',  ( 14.56349701478771230, 500000.0000000000582, 29.17939620402573908 ) ) ;
#4951 = CARTESIAN_POINT ( 'NONE',  ( 8.437918597688003786, 3.238131594561466819, -14.61490372132615967 ) ) ;
#4952 = LINE ( 'NONE', #5870, #5707 ) ;
#4953 = LINE ( 'NONE', #2524, #568 ) ;
#4954 = VECTOR ( 'NONE', #707, 1000.000000000000000 ) ;
#4955 = DIRECTION ( 'NONE',  ( 0.000000000000000000, 0.000000000000000000, -1.000000000000000000 ) ) ;
#4956 = CARTESIAN_POINT ( 'NONE',  ( 27.24455152157861448, 4.423209055406687185, 1.522268073959903045 ) ) ;
#4957 = B_SPLINE_CURVE_WITH_KNOTS ( 'NONE', 3,
 ( #10183, #7807, #7136, #2371 ),
 .UNSPECIFIED., .F., .F.,
 ( 4, 4 ),
 ( 0.007141397151977412275, 0.01020907176522848660 ),
 .UNSPECIFIED. ) ;
#4958 = CIRCLE ( 'NONE', #6331, 3.174999999999997158 ) ;
#4959 = ORIENTED_EDGE ( 'NONE', *, *, #7452, .T. ) ;
#4960 = VECTOR ( 'NONE', #3175, 1000.000000000000000 ) ;
#4961 = CARTESIAN_POINT ( 'NONE',  ( 26.21012618838290109, 3.435701012538468824, 13.51323680550597217 ) ) ;
#4962 = LINE ( 'NONE', #8241, #2764 ) ;
#4963 = CARTESIAN_POINT ( 'NONE',  ( -8.154635456514760961, 2.660180254835595726, -25.25385403731073808 ) ) ;
#4964 = CARTESIAN_POINT ( 'NONE',  ( 19.76859937738915818, 2.060216647312932636, 20.05839765180066081 ) ) ;
#4965 = AXIS2_PLACEMENT_3D ( 'NONE', #7281, #4786, #4939 ) ;
#4966 = CARTESIAN_POINT ( 'NONE',  ( 4.196217600060818675, 2.264753643367719338, -21.45110539121596815 ) ) ;
#4967 = CARTESIAN_POINT ( 'NONE',  ( -1.718006875961755942, 3.146443805176342146, -24.73555182378665052 ) ) ;
#4968 = AXIS2_PLACEMENT_3D ( 'NONE', #6521, #3226, #4175 ) ;
#4969 = ORIENTED_EDGE ( 'NONE', *, *, #435, .F. ) ;
#4970 = ORIENTED_EDGE ( 'NONE', *, *, #801, .T. ) ;
#4971 = VECTOR ( 'NONE', #3820, 1000.000000000000000 ) ;
#4972 = CARTESIAN_POINT ( 'NONE',  ( -2.389000000000000234, 2.424999999999991829, 12.34999999999999787 ) ) ;
#4973 = CARTESIAN_POINT ( 'NONE',  ( -4.700000000000000178, 3.924999999999986500, -1.974817603806029664 ) ) ;
#4974 = CARTESIAN_POINT ( 'NONE',  ( 42.80014015321026477, 1.880237998053895465, 0.005707694854414802933 ) ) ;
#4975 = CARTESIAN_POINT ( 'NONE',  ( -2.953388055750772345, 1.880465858083175901, -23.68299384564044274 ) ) ;
#4976 = VERTEX_POINT ( 'NONE', #5576 ) ;
#4977 = VECTOR ( 'NONE', #9457, 1000.000000000000000 ) ;
#4978 = PLANE ( 'NONE',  #7012 ) ;
#4979 = CARTESIAN_POINT ( 'NONE',  ( -2.389000000000000234, -3.049999999999999822, 0.7500000000000000000 ) ) ;
#4980 = CARTESIAN_POINT ( 'NONE',  ( 42.80000000000000426, 1.664361729648572652, -5.034648370084310542 ) ) ;
#4981 = CARTESIAN_POINT ( 'NONE',  ( 29.28558676693963037, 4.051837570542162759, 20.19583405882382365 ) ) ;
#4982 = CARTESIAN_POINT ( 'NONE',  ( 7.155465213562327342, 1.849096129049850656, -23.09268789722271009 ) ) ;
#4983 = VECTOR ( 'NONE', #9451, 1000.000000000000000 ) ;
#4984 = LINE ( 'NONE', #6488, #422 ) ;
#4985 = EDGE_LOOP ( 'NONE', ( #3338, #8772, #1663, #9937 ) ) ;
#4986 = ORIENTED_EDGE ( 'NONE', *, *, #4379, .T. ) ;
#4987 = ORIENTED_EDGE ( 'NONE', *, *, #452, .F. ) ;
#4988 = ADVANCED_FACE ( 'NONE', ( #7944 ), #1439, .F. ) ;
#4989 = VERTEX_POINT ( 'NONE', #1327 ) ;
#4990 = FACE_OUTER_BOUND ( 'NONE', #2812, .T. ) ;
#4991 = CARTESIAN_POINT ( 'NONE',  ( 4.958022784252705151, 3.925677404531460191, 15.30575362518362326 ) ) ;
#4992 = CARTESIAN_POINT ( 'NONE',  ( 20.41694991593522346, 3.049999999999982947, 26.76022177187398654 ) ) ;
#4993 = DIRECTION ( 'NONE',  ( 0.000000000000000000, 0.000000000000000000, 1.000000000000000000 ) ) ;
#4994 = EDGE_CURVE ( 'NONE', #2394, #2901, #7895, .T. ) ;
#4995 = CARTESIAN_POINT ( 'NONE',  ( 10.38435538331219554, 3.052584894401263682, -16.98623112774832578 ) ) ;
#4996 = DIRECTION ( 'NONE',  ( -0.000000000000000000, 1.000000000000000000, -0.000000000000000000 ) ) ;
#4997 = ORIENTED_EDGE ( 'NONE', *, *, #2069, .T. ) ;
#4998 = ORIENTED_EDGE ( 'NONE', *, *, #6093, .F. ) ;
#4999 = VERTEX_POINT ( 'NONE', #4554 ) ;
#5000 = EDGE_CURVE ( 'NONE', #8623, #4894, #2837, .T. ) ;
#5001 = ORIENTED_EDGE ( 'NONE', *, *, #3971, .F. ) ;
#5002 = CARTESIAN_POINT ( 'NONE',  ( 37.91674973932995130, 2.094206073914703481, -3.239690835009517933 ) ) ;
#5003 = CARTESIAN_POINT ( 'NONE',  ( 15.83538275175456000, 0.7860000000050604285, 32.25000000000000000 ) ) ;
#5004 = DIRECTION ( 'NONE',  ( 0.000000000000000000, 0.000000000000000000, -1.000000000000000000 ) ) ;
#5005 = EDGE_CURVE ( 'NONE', #5041, #3809, #3138, .T. ) ;
#5006 = LINE ( 'NONE', #8231, #5116 ) ;
#5007 = DIRECTION ( 'NONE',  ( -0.000000000000000000, -1.000000000000000000, -0.000000000000000000 ) ) ;
#5008 = EDGE_CURVE ( 'NONE', #9687, #4548, #3080, .T. ) ;
#5009 = DIRECTION ( 'NONE',  ( 0.000000000000000000, 0.000000000000000000, -1.000000000000000000 ) ) ;
#5010 = CARTESIAN_POINT ( 'NONE',  ( 45.66461657853441380, 2.920499958995327994, -3.194381718796501790 ) ) ;
#5011 = VECTOR ( 'NONE', #8040, 1000.000000000000000 ) ;
#5012 = CARTESIAN_POINT ( 'NONE',  ( 26.27020662479048951, 2.707593553041164114, 15.12906341291889234 ) ) ;
#5013 = AXIS2_PLACEMENT_3D ( 'NONE', #5546, #2183, #6230 ) ;
#5014 = B_SPLINE_CURVE_WITH_KNOTS ( 'NONE', 3,
 ( #7295, #3270, #2311, #7247 ),
 .UNSPECIFIED., .F., .F.,
 ( 4, 4 ),
 ( 0.001341934495046777365, 0.002396265139353915413 ),
 .UNSPECIFIED. ) ;
#5015 = EDGE_CURVE ( 'NONE', #8714, #7439, #1760, .T. ) ;
#5016 = VERTEX_POINT ( 'NONE', #9 ) ;
#5017 = AXIS2_PLACEMENT_3D ( 'NONE', #2048, #4482, #6044 ) ;
#5018 = CARTESIAN_POINT ( 'NONE',  ( 18.85391312077373627, 2.451577617622979766, 20.80136231484256726 ) ) ;
#5019 = DIRECTION ( 'NONE',  ( 0.000000000000000000, -1.000000000000000000, -0.000000000000000000 ) ) ;
#5020 = CARTESIAN_POINT ( 'NONE',  ( 44.85057438414270337, 1.122575570213593332, -5.446377662617625681 ) ) ;
#5021 = DIRECTION ( 'NONE',  ( -2.587956596580264873E-15, 0.000000000000000000, 1.000000000000000000 ) ) ;
#5022 = CARTESIAN_POINT ( 'NONE',  ( 22.50214947307535240, -3.049999999999999378, -18.02567374557355606 ) ) ;
#5023 = CIRCLE ( 'NONE', #10429, 3.175000000000000711 ) ;
#5024 = ORIENTED_EDGE ( 'NONE', *, *, #7275, .F. ) ;
#5025 = CARTESIAN_POINT ( 'NONE',  ( -0.4999999999855582189, 4.296627208398689390, -13.87409428215559082 ) ) ;
#5026 = CARTESIAN_POINT ( 'NONE',  ( 31.26224373803044543, 1.873173100629327736, 34.01571204165747275 ) ) ;
#5027 = CARTESIAN_POINT ( 'NONE',  ( 44.30000000000000426, -1.537524867646665960, -1.158225982667416698E-14 ) ) ;
#5028 = VECTOR ( 'NONE', #523, 1000.000000000000000 ) ;
#5029 = DIRECTION ( 'NONE',  ( 0.000000000000000000, 1.000000000000000000, 0.000000000000000000 ) ) ;
#5030 = ORIENTED_EDGE ( 'NONE', *, *, #520, .F. ) ;
#5031 = CARTESIAN_POINT ( 'NONE',  ( -6.199999999999977973, 3.560776484345494541, -23.21895964886239128 ) ) ;
#5032 = CARTESIAN_POINT ( 'NONE',  ( 21.99856896368135395, 2.199532214336063607, 19.16786305255364908 ) ) ;
#5033 = DIRECTION ( 'NONE',  ( 0.000000000000000000, 0.000000000000000000, -1.000000000000000000 ) ) ;
#5034 = CARTESIAN_POINT ( 'NONE',  ( 18.04430107867326782, 3.049999999999999378, 25.96022059351058076 ) ) ;
#5035 = ADVANCED_FACE ( 'NONE', ( #8992 ), #9641, .F. ) ;
#5036 = CARTESIAN_POINT ( 'NONE',  ( -0.9769231345161061286, 1.856872552713430213, -23.65009995154940725 ) ) ;
#5037 = FACE_OUTER_BOUND ( 'NONE', #7061, .T. ) ;
#5038 = EDGE_LOOP ( 'NONE', ( #87, #5485 ) ) ;
#5039 = ORIENTED_EDGE ( 'NONE', *, *, #6552, .F. ) ;
#5040 = ORIENTED_EDGE ( 'NONE', *, *, #9454, .F. ) ;
#5041 = VERTEX_POINT ( 'NONE', #9797 ) ;
#5042 = CARTESIAN_POINT ( 'NONE',  ( 44.30000000000001847, -1.118333333333410007, -4.829521097426822784 ) ) ;
#5043 = DIRECTION ( 'NONE',  ( 0.000000000000000000, 0.000000000000000000, -1.000000000000000000 ) ) ;
#5044 = CYLINDRICAL_SURFACE ( 'NONE', #1238, 2.000000000000001776 ) ;
#5045 = LINE ( 'NONE', #2454, #3960 ) ;
#5046 = LINE ( 'NONE', #9113, #7053 ) ;
#5047 = EDGE_CURVE ( 'NONE', #1025, #1222, #8257, .T. ) ;
#5048 = CARTESIAN_POINT ( 'NONE',  ( 42.77866005973528729, 3.431371464420772899, 3.743839587402915804E-05 ) ) ;
#5049 = ORIENTED_EDGE ( 'NONE', *, *, #3063, .F. ) ;
#5050 = ORIENTED_EDGE ( 'NONE', *, *, #2680, .T. ) ;
#5051 = EDGE_LOOP ( 'NONE', ( #5798, #3937, #2820, #9461, #5132, #1336 ) ) ;
#5052 = ORIENTED_EDGE ( 'NONE', *, *, #7976, .F. ) ;
#5053 = CARTESIAN_POINT ( 'NONE',  ( 44.29999462336780169, 1.489284341889206997, 0.02983826145015397793 ) ) ;
#5054 = CARTESIAN_POINT ( 'NONE',  ( -0.1956676352252059714, 2.542068350481717864, 21.12819527571186384 ) ) ;
#5055 = CARTESIAN_POINT ( 'NONE',  ( 37.21174332246418004, 1.845178526973575872, 14.73881452271919201 ) ) ;
#5056 = CARTESIAN_POINT ( 'NONE',  ( 10.62736069558259011, 3.058335167111181363, -16.95625608526662020 ) ) ;
#5057 = CARTESIAN_POINT ( 'NONE',  ( 32.12299493312960408, 500000.0000000000582, 34.25000000000000711 ) ) ;
#5058 = CARTESIAN_POINT ( 'NONE',  ( 36.94361823928894495, 2.862112198323019996, 4.174999999999982947 ) ) ;
#5059 = EDGE_CURVE ( 'NONE', #8910, #7736, #10025, .T. ) ;
#5060 = CARTESIAN_POINT ( 'NONE',  ( 45.57698840890535052, 3.061969166154409283, -4.939194483393624324 ) ) ;
#5061 = CARTESIAN_POINT ( 'NONE',  ( 15.63129781441505450, 5.334339068703527253, 4.372647830714456063 ) ) ;
#5062 = FACE_OUTER_BOUND ( 'NONE', #2177, .T. ) ;
#5063 = EDGE_CURVE ( 'NONE', #7001, #6428, #9030, .T. ) ;
#5064 = CARTESIAN_POINT ( 'NONE',  ( 25.35079944604712665, 2.855093280738180361, 17.93059579792619473 ) ) ;
#5065 = CARTESIAN_POINT ( 'NONE',  ( 0.5000000000000001110, 500000.0000000000582, 28.61461724824544106 ) ) ;
#5066 = EDGE_CURVE ( 'NONE', #9357, #9419, #9914, .T. ) ;
#5067 = CARTESIAN_POINT ( 'NONE',  ( -0.5000000000000001110, 2.636000000000000121, -13.87409428215698881 ) ) ;
#5068 = CARTESIAN_POINT ( 'NONE',  ( -6.200000000000000178, 3.174999999999986944, 10.31400000000000361 ) ) ;
#5069 = ORIENTED_EDGE ( 'NONE', *, *, #9826, .T. ) ;
#5070 = B_SPLINE_CURVE_WITH_KNOTS ( 'NONE', 3,
 ( #2510, #8966, #10393, #327 ),
 .UNSPECIFIED., .F., .F.,
 ( 4, 4 ),
 ( 0.04219781603506439494, 0.04649188966160255898 ),
 .UNSPECIFIED. ) ;
#5071 = ORIENTED_EDGE ( 'NONE', *, *, #6299, .F. ) ;
#5072 = DIRECTION ( 'NONE',  ( 0.000000000000000000, 1.785396518828237072E-15, 1.000000000000000000 ) ) ;
#5073 = CARTESIAN_POINT ( 'NONE',  ( -3.135382751754560271, 1.136000000000000343, 18.55000000000000071 ) ) ;
#5074 = CARTESIAN_POINT ( 'NONE',  ( -0.8890000000000026770, 4.611451854357751401, 12.84999999999999787 ) ) ;
#5075 = CARTESIAN_POINT ( 'NONE',  ( 24.43778433862193467, 2.285999999999996923, 30.60786031107136651 ) ) ;
#5076 = LINE ( 'NONE', #9799, #6354 ) ;
#5077 = CARTESIAN_POINT ( 'NONE',  ( 6.199999999999999289, 1.870513483387126419, 23.75000000000000000 ) ) ;
#5078 = PLANE ( 'NONE',  #3823 ) ;
#5079 = CARTESIAN_POINT ( 'NONE',  ( 19.37199508834974537, 2.286000000000024457, 27.77588223503604681 ) ) ;
#5080 = CARTESIAN_POINT ( 'NONE',  ( 32.08145425268057238, 4.263221396290484577, 0.2527734635087618420 ) ) ;
#5081 = CARTESIAN_POINT ( 'NONE',  ( 32.51909110275887116, 1.684202714062928763, 22.04854638691176305 ) ) ;
#5082 = VERTEX_POINT ( 'NONE', #8899 ) ;
#5083 = ORIENTED_EDGE ( 'NONE', *, *, #2405, .T. ) ;
#5084 = EDGE_LOOP ( 'NONE', ( #5732, #5939, #8097, #124, #3115 ) ) ;
#5085 = ORIENTED_EDGE ( 'NONE', *, *, #8753, .F. ) ;
#5086 = CARTESIAN_POINT ( 'NONE',  ( 44.30000000000000426, -3.215208333333504864, -5.944956599305334599 ) ) ;
#5087 = CARTESIAN_POINT ( 'NONE',  ( 10.62736069498314428, 4.598926690701105713, -16.95625608541677920 ) ) ;
#5088 = B_SPLINE_CURVE_WITH_KNOTS ( 'NONE', 3,
 ( #789, #10467, #3377, #2320 ),
 .UNSPECIFIED., .F., .F.,
 ( 4, 4 ),
 ( 0.003755837047548844353, 0.004895891764604842419 ),
 .UNSPECIFIED. ) ;
#5089 = CARTESIAN_POINT ( 'NONE',  ( 0.000000000000000000, 1.136000000000000343, -19.05000000000000071 ) ) ;
#5090 = CARTESIAN_POINT ( 'NONE',  ( 16.38687932676571535, -3.049999999999995381, 23.98251746401573925 ) ) ;
#5091 = CARTESIAN_POINT ( 'NONE',  ( 15.27099842614388159, 5.285633061176468139, 4.724055100093921489 ) ) ;
#5092 = CARTESIAN_POINT ( 'NONE',  ( 33.14672814422807079, 2.077808524069648666, 23.15056457179138150 ) ) ;
#5093 = CARTESIAN_POINT ( 'NONE',  ( 34.87187244346767301, 1.568690393185079746, 21.71035996986359251 ) ) ;
#5094 = ORIENTED_EDGE ( 'NONE', *, *, #5601, .F. ) ;
#5095 = ORIENTED_EDGE ( 'NONE', *, *, #7808, .T. ) ;
#5096 = ORIENTED_EDGE ( 'NONE', *, *, #386, .F. ) ;
#5097 = EDGE_LOOP ( 'NONE', ( #4423, #7602, #2821, #6540, #10399 ) ) ;
#5098 = CARTESIAN_POINT ( 'NONE',  ( 13.26427658442715618, 6.516950071734016525, -1.671668072316336406 ) ) ;
#5099 = CARTESIAN_POINT ( 'NONE',  ( 12.13322259259732228, 2.802088134932405161, -17.60344583776468497 ) ) ;
#5100 = CARTESIAN_POINT ( 'NONE',  ( 26.41003928270850309, 1.670723818572543706, 28.46861316836818645 ) ) ;
#5101 = CARTESIAN_POINT ( 'NONE',  ( 0.000000000000000000, 0.7859999999999998099, 25.25000000000000000 ) ) ;
#5102 = DIRECTION ( 'NONE',  ( 0.000000000000000000, 3.738628180984499102E-16, 1.000000000000000000 ) ) ;
#5103 = B_SPLINE_CURVE_WITH_KNOTS ( 'NONE', 3,
 ( #7714, #2846, #7659, #6252, #2100, #3741, #8670, #10045, #1256, #4590, #2892, #6139 ),
 .UNSPECIFIED., .F., .F.,
 ( 4, 2, 2, 2, 2, 4 ),
 ( 0.0007455567229891638462, 0.008393550231642503412, 0.01604154374029583691, 0.02368953724894917040, 0.02751353400327583368, 0.03133753075760249002 ),
 .UNSPECIFIED. ) ;
#5104 = DIRECTION ( 'NONE',  ( 0.000000000000000000, -1.000000000000000000, -0.000000000000000000 ) ) ;
#5105 = CARTESIAN_POINT ( 'NONE',  ( 16.03820331162553003, 3.409043780358164355, 13.69931055875549397 ) ) ;
#5106 = CARTESIAN_POINT ( 'NONE',  ( 32.12299493312965382, 3.061075395543187305, 35.75000000000252953 ) ) ;
#5107 = EDGE_CURVE ( 'NONE', #1371, #8970, #5483, .T. ) ;
#5108 = VECTOR ( 'NONE', #3742, 1000.000000000000000 ) ;
#5109 = CARTESIAN_POINT ( 'NONE',  ( 28.88663966187856502, 3.808525523937003943, 9.364103979687060431 ) ) ;
#5110 = DIRECTION ( 'NONE',  ( 1.000000000000000000, 0.000000000000000000, -0.000000000000000000 ) ) ;
#5111 = EDGE_CURVE ( 'NONE', #5250, #2270, #4829, .T. ) ;
#5112 = CARTESIAN_POINT ( 'NONE',  ( 26.58590513810657541, 3.049029566950580250, -17.79808322274280030 ) ) ;
#5113 = CARTESIAN_POINT ( 'NONE',  ( 33.54830553581900432, 1.644013144422764361, 21.95060031000410916 ) ) ;
#5114 = AXIS2_PLACEMENT_3D ( 'NONE', #1375, #1494, #8046 ) ;
#5115 = VERTEX_POINT ( 'NONE', #4038 ) ;
#5116 = VECTOR ( 'NONE', #8975, 1000.000000000000000 ) ;
#5117 = EDGE_CURVE ( 'NONE', #9428, #10102, #4884, .T. ) ;
#5118 = CARTESIAN_POINT ( 'NONE',  ( -3.361989026695584748, 4.044495948026393783, -15.07675434730651709 ) ) ;
#5119 = CARTESIAN_POINT ( 'NONE',  ( -4.699999999999999289, 0.000000000000000000, 19.55000000000000071 ) ) ;
#5120 = CARTESIAN_POINT ( 'NONE',  ( -0.4999999999881785118, 4.302661133098683699, -13.84999999999999787 ) ) ;
#5121 = CARTESIAN_POINT ( 'NONE',  ( 22.83965723946324289, 2.286000000000005805, 29.48847819797028791 ) ) ;
#5122 = AXIS2_PLACEMENT_3D ( 'NONE', #2236, #658, #4841 ) ;
#5123 = ADVANCED_FACE ( 'NONE', ( #2494, #1697 ), #7362, .F. ) ;
#5124 = CARTESIAN_POINT ( 'NONE',  ( -1.864754341801747817, 3.852632394637466984, -15.77049692049807206 ) ) ;
#5125 = CARTESIAN_POINT ( 'NONE',  ( 39.00219475728525254, 1.878880512660255020, -3.393702320559128349 ) ) ;
#5126 = DIRECTION ( 'NONE',  ( 0.000000000000000000, 0.000000000000000000, -1.000000000000000000 ) ) ;
#5127 = AXIS2_PLACEMENT_3D ( 'NONE', #3236, #5029, #2384 ) ;
#5128 = CARTESIAN_POINT ( 'NONE',  ( 33.86889221386705628, 2.160259742879588885, 21.52154630890196785 ) ) ;
#5129 = CARTESIAN_POINT ( 'NONE',  ( 4.726333619936793795, 2.540966474597532443, 21.03082610896128557 ) ) ;
#5130 = CYLINDRICAL_SURFACE ( 'NONE', #2967, 2.000000000000001776 ) ;
#5131 = VERTEX_POINT ( 'NONE', #5835 ) ;
#5132 = ORIENTED_EDGE ( 'NONE', *, *, #7690, .T. ) ;
#5133 = ORIENTED_EDGE ( 'NONE', *, *, #6870, .F. ) ;
#5134 = ORIENTED_EDGE ( 'NONE', *, *, #4802, .T. ) ;
#5135 = CARTESIAN_POINT ( 'NONE',  ( 44.29999999999805027, 2.236684872562934689, -5.966472653973132090 ) ) ;
#5136 = AXIS2_PLACEMENT_3D ( 'NONE', #1407, #6963, #9336 ) ;
#5137 = CYLINDRICAL_SURFACE ( 'NONE', #7905, 2.000000000000001776 ) ;
#5138 = CARTESIAN_POINT ( 'NONE',  ( 23.54263742230685352, 3.049999999999995826, 28.36727942094919186 ) ) ;
#5139 = CARTESIAN_POINT ( 'NONE',  ( 37.59999999999745768, 500000.0000000000582, -2.600000000000736833 ) ) ;
#5140 = DIRECTION ( 'NONE',  ( 1.000000000000000000, -0.000000000000000000, -0.000000000000000000 ) ) ;
#5141 = FACE_OUTER_BOUND ( 'NONE', #1942, .T. ) ;
#5142 = VECTOR ( 'NONE', #3808, 1000.000000000000000 ) ;
#5143 = CIRCLE ( 'NONE', #88, 3.224999999999998757 ) ;
#5144 = CARTESIAN_POINT ( 'NONE',  ( 42.77658478731205349, 3.430136708449303740, 0.2753935075887044559 ) ) ;
#5145 = ORIENTED_EDGE ( 'NONE', *, *, #9850, .F. ) ;
#5146 = VERTEX_POINT ( 'NONE', #3986 ) ;
#5147 = ORIENTED_EDGE ( 'NONE', *, *, #1516, .T. ) ;
#5148 = AXIS2_PLACEMENT_3D ( 'NONE', #6271, #8638, #3765 ) ;
#5149 = CARTESIAN_POINT ( 'NONE',  ( 0.000000000000000000, 2.286000000000000032, 19.05000000000000071 ) ) ;
#5150 = CARTESIAN_POINT ( 'NONE',  ( 14.03335050746815327, 6.033935158952349553, -1.218950857879018246 ) ) ;
#5151 = CARTESIAN_POINT ( 'NONE',  ( -3.135382751754560271, 2.286000000000000032, -18.55000000000000071 ) ) ;
#5152 = CARTESIAN_POINT ( 'NONE',  ( -2.389000000000000234, 2.424999999999986944, 9.435145863650534537 ) ) ;
#5153 = LINE ( 'NONE', #3565, #6167 ) ;
#5154 = CARTESIAN_POINT ( 'NONE',  ( 0.000000000000000000, -2.286000000000000032, 29.64999999999999858 ) ) ;
#5155 = AXIS2_PLACEMENT_3D ( 'NONE', #7369, #5847, #7423 ) ;
#5156 = CARTESIAN_POINT ( 'NONE',  ( 16.01746203273535585, 4.674915489187251971, 7.524825340426622766 ) ) ;
#5157 = DIRECTION ( 'NONE',  ( -0.000000000000000000, 0.000000000000000000, -1.000000000000000000 ) ) ;
#5158 = EDGE_CURVE ( 'NONE', #5649, #10315, #828, .T. ) ;
#5159 = CARTESIAN_POINT ( 'NONE',  ( 15.13104159651000735, 3.401834662948904686, 16.39082988626909554 ) ) ;
#5160 = AXIS2_PLACEMENT_3D ( 'NONE', #2211, #1595, #737 ) ;
#5161 = DIRECTION ( 'NONE',  ( 0.000000000000000000, -1.000000000000000000, 0.000000000000000000 ) ) ;
#5162 = VECTOR ( 'NONE', #9822, 1000.000000000000000 ) ;
#5163 = CARTESIAN_POINT ( 'NONE',  ( -5.889117738476589814, 3.049999991499841467, -25.24892414267455010 ) ) ;
#5164 = CARTESIAN_POINT ( 'NONE',  ( -0.5000000000000082157, 1.136000000000000343, -19.05000000000000071 ) ) ;
#5165 = EDGE_CURVE ( 'NONE', #1278, #3466, #4132, .T. ) ;
#5166 = AXIS2_PLACEMENT_3D ( 'NONE', #5218, #2838, #8442 ) ;
#5167 = VERTEX_POINT ( 'NONE', #2589 ) ;
#5169 = EDGE_CURVE ( 'NONE', #10368, #6871, #7346, .T. ) ;
#5168 = VECTOR ( 'NONE', #6267, 1000.000000000000000 ) ;
#5170 = CARTESIAN_POINT ( 'NONE',  ( 15.27099842614389225, 500000.0000000000582, 4.724055100093927706 ) ) ;
#5171 = CARTESIAN_POINT ( 'NONE',  ( 24.17075354478101801, 1.959253565813415809, -14.44153755276915518 ) ) ;
#5172 = CARTESIAN_POINT ( 'NONE',  ( 16.51034038153090222, -3.049999999999999822, 23.75000000000000000 ) ) ;
#5173 = CARTESIAN_POINT ( 'NONE',  ( 43.61103016528949894, -2.795833333333611392, -6.545016175452787799 ) ) ;
#5174 = CARTESIAN_POINT ( 'NONE',  ( 24.89375191412459642, 2.285999999999948518, 30.97457438591984769 ) ) ;
#5175 = FACE_OUTER_BOUND ( 'NONE', #268, .T. ) ;
#5176 = CARTESIAN_POINT ( 'NONE',  ( 4.170003623809927618, 1.635320487400919287, 19.55000000000000071 ) ) ;
#5177 = VECTOR ( 'NONE', #1469, 1000.000000000000000 ) ;
#5178 = VECTOR ( 'NONE', #7480, 1000.000000000000000 ) ;
#5179 = CARTESIAN_POINT ( 'NONE',  ( -4.727371552897799312, 2.102619407000524632, -22.84904819138331433 ) ) ;
#5180 = CARTESIAN_POINT ( 'NONE',  ( 14.36953546381878333, 3.049999999999971401, 25.30118137435887959 ) ) ;
#5181 = EDGE_CURVE ( 'NONE', #2449, #3758, #4597, .T. ) ;
#5182 = B_SPLINE_CURVE_WITH_KNOTS ( 'NONE', 3,
 ( #9711, #5642, #1715, #4943, #3210, #8864, #766, #5595, #7331, #8160, #2456, #79, #3158, #823 ),
 .UNSPECIFIED., .F., .F.,
 ( 4, 2, 2, 2, 2, 2, 4 ),
 ( 0.007244066602745879643, 0.008497714053155138239, 0.009124537778359767537, 0.009751361503564396835, 0.01100500895397365717, 0.01163183267917828473, 0.01225865640438291403 ),
 .UNSPECIFIED. ) ;
#5183 = CARTESIAN_POINT ( 'NONE',  ( 0.9448016719769257721, 1.880212509653015562, -23.39262301286068890 ) ) ;
#5184 = CARTESIAN_POINT ( 'NONE',  ( 19.79196846283267774, 4.270031201140487731, 19.05867074616812573 ) ) ;
#5185 = ORIENTED_EDGE ( 'NONE', *, *, #5244, .F. ) ;
#5186 = EDGE_CURVE ( 'NONE', #9304, #9848, #303, .T. ) ;
#5187 = ORIENTED_EDGE ( 'NONE', *, *, #5378, .T. ) ;
#5188 = ADVANCED_FACE ( 'NONE', ( #7513 ), #406, .T. ) ;
#5189 = ORIENTED_EDGE ( 'NONE', *, *, #814, .T. ) ;
#5190 = AXIS2_PLACEMENT_3D ( 'NONE', #8571, #3077, #4603 ) ;
#5191 = LINE ( 'NONE', #1266, #4272 ) ;
#5192 = CARTESIAN_POINT ( 'NONE',  ( 0.000000000000000000, 0.7859999999999998099, 31.75000000000000000 ) ) ;
#5193 = DIRECTION ( 'NONE',  ( 1.000000000000000000, 0.000000000000000000, -0.000000000000000000 ) ) ;
#5194 = DIRECTION ( 'NONE',  ( 0.000000000000000000, 0.000000000000000000, -1.000000000000000000 ) ) ;
#5195 = ORIENTED_EDGE ( 'NONE', *, *, #1441, .F. ) ;
#5196 = CARTESIAN_POINT ( 'NONE',  ( 15.17173551378978757, 5.415172772008754798, 4.118752148768606958 ) ) ;
#5197 = CARTESIAN_POINT ( 'NONE',  ( -4.700000000000000178, 3.924999999999987388, 1.974817603806030553 ) ) ;
#5198 = CARTESIAN_POINT ( 'NONE',  ( 43.63057079857890130, 2.990096279481805119, -6.300249758888996965 ) ) ;
#5199 = CARTESIAN_POINT ( 'NONE',  ( 42.75692418055820809, 3.423480734753422183, 1.570592715963338604 ) ) ;
#5200 = EDGE_CURVE ( 'NONE', #3599, #10077, #2198, .T. ) ;
#5201 = ORIENTED_EDGE ( 'NONE', *, *, #6046, .T. ) ;
#5202 = ORIENTED_EDGE ( 'NONE', *, *, #5388, .F. ) ;
#5203 = ORIENTED_EDGE ( 'NONE', *, *, #4349, .F. ) ;
#5204 = EDGE_LOOP ( 'NONE', ( #7863, #6082, #6285, #6918, #3431, #5909 ) ) ;
#5205 = CARTESIAN_POINT ( 'NONE',  ( 13.75928668883306649, 6.549373319444655728, -1.334558337982473475 ) ) ;
#5206 = FACE_OUTER_BOUND ( 'NONE', #33, .T. ) ;
#5207 = CARTESIAN_POINT ( 'NONE',  ( -2.389000000000000234, 2.424999999999986500, -0.7500000000000000000 ) ) ;
#5208 = CARTESIAN_POINT ( 'NONE',  ( 0.4999999999999997780, 500000.0000000000582, 13.87409428215698881 ) ) ;
#5209 = DIRECTION ( 'NONE',  ( 1.000000000000000000, -0.000000000000000000, -0.000000000000000000 ) ) ;
#5210 = CARTESIAN_POINT ( 'NONE',  ( 12.45408550329562480, 2.952374328764316491, -25.60166090973794439 ) ) ;
#5211 = CARTESIAN_POINT ( 'NONE',  ( 17.31109878477804287, 3.336511067481071180, 13.75626067043741330 ) ) ;
#5212 = ORIENTED_EDGE ( 'NONE', *, *, #7507, .F. ) ;
#5213 = DESIGN_CONTEXT ( 'detailed design', #341, 'design' ) ;
#5214 = CARTESIAN_POINT ( 'NONE',  ( 14.30860961237665308, 2.582064411304044516, 20.35236707316688864 ) ) ;
#5215 = FACE_OUTER_BOUND ( 'NONE', #376, .T. ) ;
#5216 = CARTESIAN_POINT ( 'NONE',  ( 19.53427173018491203, 3.049771906578953473, -20.75628378736366386 ) ) ;
#5217 = EDGE_CURVE ( 'NONE', #9117, #9220, #4535, .T. ) ;
#5218 = CARTESIAN_POINT ( 'NONE',  ( -4.700000000000000178, 3.174999999999990052, -6.349999999999999645 ) ) ;
#5219 = CARTESIAN_POINT ( 'NONE',  ( -4.355622933119978946, 1.820076181953997674, -18.55000000000000071 ) ) ;
#5220 = ORIENTED_EDGE ( 'NONE', *, *, #3117, .F. ) ;
#5221 = ORIENTED_EDGE ( 'NONE', *, *, #3895, .F. ) ;
#5222 = LINE ( 'NONE', #8298, #6568 ) ;
#5223 = CARTESIAN_POINT ( 'NONE',  ( 37.58573336434516676, -3.049999999999998490, 24.83822508829725351 ) ) ;
#5224 = CARTESIAN_POINT ( 'NONE',  ( 20.97797446232529239, 2.285999999999862364, 28.45745284717641610 ) ) ;
#5225 = DIRECTION ( 'NONE',  ( -0.000000000000000000, 1.000000000000000000, -0.000000000000000000 ) ) ;
#5226 = CYLINDRICAL_SURFACE ( 'NONE', #252, 75.31464472825643952 ) ;
#5227 = EDGE_CURVE ( 'NONE', #1671, #5235, #2099, .T. ) ;
#5228 = CARTESIAN_POINT ( 'NONE',  ( 0.000000000000000000, -2.286000000000000032, 19.05000000000000071 ) ) ;
#5229 = CARTESIAN_POINT ( 'NONE',  ( 24.28290735233601438, 2.286000000000010690, 30.48841193813648687 ) ) ;
#5230 = CARTESIAN_POINT ( 'NONE',  ( 42.77932271574291434, 3.431526848038403354, -0.04872633333399269129 ) ) ;
#5231 = CARTESIAN_POINT ( 'NONE',  ( 0.000000000000000000, 9.402733490373224257, 16.94999999999999929 ) ) ;
#5232 = ORIENTED_EDGE ( 'NONE', *, *, #7808, .F. ) ;
#5233 = ORIENTED_EDGE ( 'NONE', *, *, #2538, .T. ) ;
#5234 = EDGE_LOOP ( 'NONE', ( #582, #7774, #6191, #7827 ) ) ;
#5235 = VERTEX_POINT ( 'NONE', #7713 ) ;
#5236 = PLANE ( 'NONE',  #7492 ) ;
#5237 = EDGE_CURVE ( 'NONE', #4904, #6936, #1598, .T. ) ;
#5238 = CARTESIAN_POINT ( 'NONE',  ( 38.09999999999681819, 4.161465331203944906, -2.852819276697531770 ) ) ;
#5239 = DIRECTION ( 'NONE',  ( 3.412570772413391368E-15, 1.000000000000000000, 2.275047181608927447E-15 ) ) ;
#5240 = LINE ( 'NONE', #6892, #912 ) ;
#5241 = ORIENTED_EDGE ( 'NONE', *, *, #6916, .F. ) ;
#5242 = CARTESIAN_POINT ( 'NONE',  ( 0.4999999999999998890, 2.286000000000000032, -22.18538275175455965 ) ) ;
#5243 = CARTESIAN_POINT ( 'NONE',  ( 14.72005140847272386, 7.822991637286929034, -2.100000000000001421 ) ) ;
#5244 = EDGE_CURVE ( 'NONE', #3898, #6794, #8635, .T. ) ;
#5245 = CARTESIAN_POINT ( 'NONE',  ( 42.55893915045585629, 3.230853378349579863, -4.578713791253032461 ) ) ;
#5246 = CARTESIAN_POINT ( 'NONE',  ( 8.649999181959591610, 3.162696292092648243, -16.98223806858347018 ) ) ;
#5247 = VERTEX_POINT ( 'NONE', #9344 ) ;
#5248 = EDGE_LOOP ( 'NONE', ( #6993, #874, #6750 ) ) ;
#5249 = VERTEX_POINT ( 'NONE', #462 ) ;
#5250 = VERTEX_POINT ( 'NONE', #10358 ) ;
#5251 = DIRECTION ( 'NONE',  ( -1.000000000000000000, 0.000000000000000000, 0.000000000000000000 ) ) ;
#5252 = EDGE_CURVE ( 'NONE', #9865, #4495, #5354, .T. ) ;
#5253 = CARTESIAN_POINT ( 'NONE',  ( 19.53676761118629557, 2.781814233331640018, -15.16471372015901586 ) ) ;
#5254 = CARTESIAN_POINT ( 'NONE',  ( 6.199999999999913136, -3.049999999999999822, -22.68666876557478318 ) ) ;
#5255 = DIRECTION ( 'NONE',  ( -2.797941090285164208E-16, 0.000000000000000000, 1.000000000000000000 ) ) ;
#5256 = CARTESIAN_POINT ( 'NONE',  ( 10.83162695874561798, 9.387548463293176937, 0.000000000000000000 ) ) ;
#5257 = CARTESIAN_POINT ( 'NONE',  ( 15.64877550617438473, 4.062658533362557556, 10.60093909550044344 ) ) ;
#5258 =( NAMED_UNIT ( * ) SI_UNIT ( $, .STERADIAN. ) SOLID_ANGLE_UNIT ( ) );
#5259 = ORIENTED_EDGE ( 'NONE', *, *, #155, .F. ) ;
#5260 = VERTEX_POINT ( 'NONE', #8614 ) ;
#5261 = CARTESIAN_POINT ( 'NONE',  ( 28.08840112432768166, 0.7859999999999998099, 32.24999999999960920 ) ) ;
#5262 = CARTESIAN_POINT ( 'NONE',  ( 12.46832357616173326, 1.774658130789775967, 24.06823186205139820 ) ) ;
#5263 = CARTESIAN_POINT ( 'NONE',  ( -4.699999999999999289, 2.218214952367494774, 20.07647802556799022 ) ) ;
#5264 = CARTESIAN_POINT ( 'NONE',  ( 43.70418559254256508, 2.982725882776960713, -6.464766364214180605 ) ) ;
#5265 = B_SPLINE_CURVE_WITH_KNOTS ( 'NONE', 3,
 ( #9021, #9968, #7589, #1869, #5205, #5098, #8324, #1080 ),
 .UNSPECIFIED., .F., .F.,
 ( 4, 2, 2, 4 ),
 ( 7.023086426956682172E-18, 0.0005961369471271891086, 0.001192273894254371061, 0.002384547788508730413 ),
 .UNSPECIFIED. ) ;
#5266 = FACE_OUTER_BOUND ( 'NONE', #5300, .T. ) ;
#5267 = ADVANCED_FACE ( 'NONE', ( #6251 ), #5442, .F. ) ;
#5268 = VERTEX_POINT ( 'NONE', #8668 ) ;
#5269 = EDGE_LOOP ( 'NONE', ( #1557, #5862, #2033, #5522 ) ) ;
#5270 = CARTESIAN_POINT ( 'NONE',  ( 44.29971354469244460, 1.523439640625414704, 0.03076403662843295306 ) ) ;
#5271 = CARTESIAN_POINT ( 'NONE',  ( 43.61357582761066709, -3.011875000000121094, -6.542799082523373499 ) ) ;
#5272 = CARTESIAN_POINT ( 'NONE',  ( 33.01151886531957302, 1.581711408058900314, 23.14626952593018672 ) ) ;
#5273 = DIRECTION ( 'NONE',  ( 0.000000000000000000, -1.000000000000000000, 0.000000000000000000 ) ) ;
#5274 = FACE_BOUND ( 'NONE', #1672, .T. ) ;
#5275 = VECTOR ( 'NONE', #5673, 1000.000000000000000 ) ;
#5276 = CARTESIAN_POINT ( 'NONE',  ( 29.62507990677799086, 3.049999999999999378, 34.25026200706238200 ) ) ;
#5277 = DIRECTION ( 'NONE',  ( 0.000000000000000000, -1.000000000000000000, 0.000000000000000000 ) ) ;
#5278 = CARTESIAN_POINT ( 'NONE',  ( 41.43305225770455280, 2.037588196885320890, -2.420591545137683820 ) ) ;
#5279 = CARTESIAN_POINT ( 'NONE',  ( 17.40637315903274285, 6.321117028443048014, 8.947135008059916572 ) ) ;
#5280 = ORIENTED_EDGE ( 'NONE', *, *, #463, .F. ) ;
#5281 = ORIENTED_EDGE ( 'NONE', *, *, #8425, .F. ) ;
#5282 = VERTEX_POINT ( 'NONE', #7880 ) ;
#5283 = ORIENTED_EDGE ( 'NONE', *, *, #6989, .T. ) ;
#5284 = EDGE_CURVE ( 'NONE', #6721, #4405, #8557, .T. ) ;
#5285 = AXIS2_PLACEMENT_3D ( 'NONE', #4950, #7341, #9820 ) ;
#5286 = CARTESIAN_POINT ( 'NONE',  ( 17.82437353831947746, 500000.0000000000582, 18.24884463320609029 ) ) ;
#5287 = LINE ( 'NONE', #10264, #10254 ) ;
#5288 = CARTESIAN_POINT ( 'NONE',  ( -0.5000000000000000000, -2.286000000000000032, 28.61461724824544106 ) ) ;
#5289 = CARTESIAN_POINT ( 'NONE',  ( -4.699999999999999289, 2.162520919212469472, -19.55000000000005755 ) ) ;
#5290 = CIRCLE ( 'NONE', #553, 1.000000000000000888 ) ;
#5291 = CARTESIAN_POINT ( 'NONE',  ( -4.700000000000000178, 2.424999999999986500, -9.435145863650532760 ) ) ;
#5292 = CARTESIAN_POINT ( 'NONE',  ( -4.700000000000000178, 3.924999999999992717, 12.34999999999999787 ) ) ;
#5293 = CARTESIAN_POINT ( 'NONE',  ( 19.79196846283270261, 9.402733490373224257, 19.05867074616813994 ) ) ;
#5294 = CARTESIAN_POINT ( 'NONE',  ( 4.173615095624180427, 4.706153479824964236, 18.50707311464873683 ) ) ;
#5295 = ADVANCED_FACE ( 'NONE', ( #1484 ), #8068, .T. ) ;
#5296 = ORIENTED_EDGE ( 'NONE', *, *, #2592, .T. ) ;
#5297 = VERTEX_POINT ( 'NONE', #9631 ) ;
#5298 = ORIENTED_EDGE ( 'NONE', *, *, #266, .T. ) ;
#5299 = VECTOR ( 'NONE', #4579, 1000.000000000000000 ) ;
#5300 = EDGE_LOOP ( 'NONE', ( #5486, #9462, #2051, #5450 ) ) ;
#5301 = VERTEX_POINT ( 'NONE', #8982 ) ;
#5302 = EDGE_CURVE ( 'NONE', #5471, #6224, #9132, .T. ) ;
#5303 = LINE ( 'NONE', #7634, #10009 ) ;
#5304 = LINE ( 'NONE', #1135, #1972 ) ;
#5305 = CIRCLE ( 'NONE', #8183, 3.174999999999997158 ) ;
#5306 = DIRECTION ( 'NONE',  ( -2.764605985400094614E-17, 0.000000000000000000, -1.000000000000000000 ) ) ;
#5307 = CARTESIAN_POINT ( 'NONE',  ( 42.80000000000000426, -3.049999999999999822, -1.158225982667416540E-14 ) ) ;
#5308 = CIRCLE ( 'NONE', #2091, 3.174999999999998934 ) ;
#5309 = FACE_OUTER_BOUND ( 'NONE', #6272, .T. ) ;
#5310 = AXIS2_PLACEMENT_3D ( 'NONE', #674, #1243, #6241 ) ;
#5311 = LINE ( 'NONE', #1927, #1974 ) ;
#5312 = CARTESIAN_POINT ( 'NONE',  ( -3.961000000000000298, 2.424999999999986500, -2.726810797105497119 ) ) ;
#5313 = EDGE_CURVE ( 'NONE', #3813, #10275, #5088, .T. ) ;
#5314 =( NAMED_UNIT ( * ) PLANE_ANGLE_UNIT ( ) SI_UNIT ( $, .RADIAN. ) );
#5315 = EDGE_LOOP ( 'NONE', ( #6388, #7462, #6668, #4830 ) ) ;
#5316 = VECTOR ( 'NONE', #1800, 1000.000000000000000 ) ;
#5317 = ADVANCED_FACE ( 'NONE', ( #8036 ), #5564, .T. ) ;
#5318 = EDGE_CURVE ( 'NONE', #1334, #10267, #7980, .T. ) ;
#5319 = CARTESIAN_POINT ( 'NONE',  ( 12.69999999999999929, 0.7859999999999998099, 31.75000000000000000 ) ) ;
#5320 = CARTESIAN_POINT ( 'NONE',  ( 16.79646295687513202, 5.823696059784275292, 3.990032232524328926 ) ) ;
#5321 = CARTESIAN_POINT ( 'NONE',  ( -4.699999999999999289, 2.162520919212313153, 19.54999999999857963 ) ) ;
#5322 = CARTESIAN_POINT ( 'NONE',  ( 43.02866228297282447, 3.166951203079451549, -4.690281349832076785 ) ) ;
#5323 = B_SPLINE_CURVE_WITH_KNOTS ( 'NONE', 3,
 ( #8660, #4581, #501, #555, #1304, #9459, #2199, #7926, #5434, #2314, #1410, #7974, #8722, #3909, #4644 ),
 .UNSPECIFIED., .F., .F.,
 ( 4, 2, 2, 2, 2, 1, 2, 4 ),
 ( 0.1631494909339061827, 0.1676649747784032252, 0.1721804586229002676, 0.1812114263118943247, 0.1857269101563913671, 0.1902423940008884096, 0.1947578778453854520, 0.1992733616898824944 ),
 .UNSPECIFIED. ) ;
#5324 = CARTESIAN_POINT ( 'NONE',  ( 4.953368491854868161, 2.635999999997959975, 20.63244765605317710 ) ) ;
#5325 = EDGE_CURVE ( 'NONE', #6910, #1225, #5878, .T. ) ;
#5326 = ORIENTED_EDGE ( 'NONE', *, *, #6886, .T. ) ;
#5327 = ORIENTED_EDGE ( 'NONE', *, *, #599, .T. ) ;
#5328 = ORIENTED_EDGE ( 'NONE', *, *, #2975, .F. ) ;
#5329 = VECTOR ( 'NONE', #2596, 1000.000000000000000 ) ;
#5330 = CARTESIAN_POINT ( 'NONE',  ( -5.143516556418887858E-16, 3.261000000000000121, 23.25000000000000355 ) ) ;
#5331 = DIRECTION ( 'NONE',  ( 0.000000000000000000, -1.000000000000000000, 0.000000000000000000 ) ) ;
#5332 = DIRECTION ( 'NONE',  ( 0.000000000000000000, 0.000000000000000000, 1.000000000000000000 ) ) ;
#5333 = CARTESIAN_POINT ( 'NONE',  ( 12.69999999999999218, 2.286000000000000032, 26.57328681698263040 ) ) ;
#5334 = CARTESIAN_POINT ( 'NONE',  ( 0.000000000000000000, -2.286000000026433554, 19.05000000000000071 ) ) ;
#5335 = B_SPLINE_SURFACE_WITH_KNOTS ( 'NONE', 3, 3, ( 
 ( #6033, #7560, #4375, #7921 ),
 ( #7604, #352, #5556, #3903 ),
 ( #671, #2247, #4328, #7130 ),
 ( #5171, #2193, #5977, #8777 ),
 ( #1151, #10238, #6817, #6291 ),
 ( #8399, #10346, #305, #3000 ),
 ( #9566, #3579, #5490, #6239 ),
 ( #6770, #7868, #1943, #1351 ),
 ( #10040, #9243, #1992, #3104 ),
 ( #614, #5377, #1470, #8598 ),
 ( #6350, #4577, #10294, #7802 ),
 ( #3531, #549, #3788, #9507 ),
 ( #9191, #3851, #4701, #7021 ) ),
 .UNSPECIFIED., .F., .F., .F.,
 ( 4, 3, 3, 3, 4 ),
 ( 4, 4 ),
 ( 0.000000000000000000, 0.3263850681993432090, 0.4895776022990148135, 0.5711738693488506158, 0.6527701363986864180 ),
 ( 0.2018843448172491228, 0.9332002389683290433 ),
 .UNSPECIFIED. ) ;
#5336 = CARTESIAN_POINT ( 'NONE',  ( -3.301602632774815138, 1.876213037795321226, -23.71839050690485706 ) ) ;
#5337 = CARTESIAN_POINT ( 'NONE',  ( 33.03732333469820759, 2.992006482359523378, 35.52950699864613426 ) ) ;
#5338 = CARTESIAN_POINT ( 'NONE',  ( 38.32031764800033358, 3.128071378408718850, 25.11500937671583955 ) ) ;
#5339 = CIRCLE ( 'NONE', #9574, 5.200000000025959856 ) ;
#5340 = CARTESIAN_POINT ( 'NONE',  ( 38.09999999999790532, 2.142178090387947709, -2.600000000002133049 ) ) ;
#5341 = CLOSED_SHELL ( 'NONE', ( #10006, #2208, #1649, #5970, #10227, #7076, #3732, #10139, #4549, #916, #6108, #4332, #9960, #2795, #4876, #8937, #8162, #5188, #4536, #9615, #4207, #44, #9446, #6751, #2467, #2927, #7060, #8547, #7080, #1421, #319, #6896, #6864, #6303, #3747, #9658, #7697, #4339, #2855, #5545, #1128, #1631, #2911, #8625, #8209, #1211, #9178, #2637, #8958, #8884, #2990, #7379, #10369, #5531, #7641, #5035, #1956, #8237, #7776, #9401, #6684, #5295, #2850, #1356, #8608, #3253, #4469, #6078, #5606, #5796, #7703, #6517, #1292, #3615, #8102, #1559, #8948, #9238, #2782, #7066, #3312, #5963, #2528, #10423, #2667, #7759, #8609, #7918, #8445, #3546, #3105, #1637, #6502, #2075, #7188, #7858, #339, #2027, #3060, #5366, #2138, #8774, #604, #5755, #7257, #7972, #10301, #4159, #4459, #9518, #6184, #6385, #2660, #1247, #2145, #9719, #1873, #9730, #3516, #3900, #3176, #3320, #3424, #3426, #1038, #7268, #10156, #1053, #5123, #6314, #2357, #1237, #4222, #1682, #6803, #7590, #5533, #6138, #2527, #9314, #4354, #4223, #2409, #9126, #959, #7961, #8334, #9391, #5972, #1221, #5512, #7283, #4232, #10285, #2474, #5317, #8459, #2216, #2788, #1932, #841, #10146, #7207, #3910, #1940, #10291, #27, #8087, #9258, #4290, #2503, #9514, #4465, #438, #8931, #9702, #9906, #7633, #6369, #5506, #5966, #6759, #7806, #1740, #2350, #8227, #9371, #3555, #9012, #9889, #8682, #9845, #1766, #378, #4736, #2601, #6103, #8946, #6175, #7966, #1507, #7846, #7434, #2720, #8768, #3952, #8297, #9741, #7618, #5858, #796, #7344, #4521, #10357, #9135, #6675, #2363, #5496, #5267, #8742, #8347, #8808, #4855, #4098, #7981, #3680, #4028, #2728, #4066, #1098, #9256, #8293, #4684, #1996, #8034, #9834, #10343, #5650, #2529, #21, #862, #3451, #7042, #974, #2936, #3005, #3568, #3383, #2612, #4988, #668, #9046, #3737 ) ) ;
#5342 = ORIENTED_EDGE ( 'NONE', *, *, #677, .T. ) ;
#5343 = ORIENTED_EDGE ( 'NONE', *, *, #2839, .T. ) ;
#5344 = ORIENTED_EDGE ( 'NONE', *, *, #5724, .T. ) ;
#5345 = CARTESIAN_POINT ( 'NONE',  ( 0.000000000000000000, 9.402733490373224257, -19.05000000000000071 ) ) ;
#5346 = CARTESIAN_POINT ( 'NONE',  ( -4.700000000000000178, -3.049999999999995381, 12.34999999999999787 ) ) ;
#5347 = B_SPLINE_SURFACE_WITH_KNOTS ( 'NONE', 3, 3, ( 
 ( #7248, #145, #8978, #883, #41, #4220, #7296 ),
 ( #8179, #5060, #10463, #4113, #5010, #1783, #8235 ),
 ( #95, #3321, #6565, #9782, #991, #1728, #7446 ),
 ( #3415, #6657, #9876, #8283, #4018, #3222, #2417 ),
 ( #6467, #9674, #5663, #8880, #1635, #294, #3521 ),
 ( #10123, #7544, #5210, #2877, #9127, #8330, #5256 ),
 ( #2078, #6709, #7639, #6015, #3618, #342, #9973 ) ),
 .UNSPECIFIED., .F., .F., .F.,
 ( 4, 3, 4 ),
 ( 4, 3, 4 ),
 ( -0.04620085589264771864, 0.000000000000000000, 1.000000000000000000 ),
 ( -0.04621298210236692711, 0.000000000000000000, 1.000000000000000000 ),
 .UNSPECIFIED. ) ;
#5348 = CARTESIAN_POINT ( 'NONE',  ( -4.700000000000000178, 3.924999999999986500, -0.7499999999999992228 ) ) ;
#5349 = VECTOR ( 'NONE', #212, 1000.000000000000000 ) ;
#5350 = CARTESIAN_POINT ( 'NONE',  ( -0.4999999999999997780, 0.7859999999999998099, 28.61461724824544106 ) ) ;
#5351 = ORIENTED_EDGE ( 'NONE', *, *, #6984, .F. ) ;
#5352 = DIRECTION ( 'NONE',  ( 0.000000000000000000, 0.000000000000000000, -1.000000000000000000 ) ) ;
#5353 = LINE ( 'NONE', #3027, #5168 ) ;
#5354 = B_SPLINE_CURVE_WITH_KNOTS ( 'NONE', 3,
 ( #10306, #9521, #7142, #9409, #3861, #3011, #681, #2261 ),
 .UNSPECIFIED., .F., .F.,
 ( 4, 2, 2, 4 ),
 ( 0.001066652400567304985, 0.005525062378973722918, 0.009983472357380141285, 0.01890029231419297975 ),
 .UNSPECIFIED. ) ;
#5355 = CARTESIAN_POINT ( 'NONE',  ( 42.31423701156262496, 3.218092960447858086, -5.258196881060611005 ) ) ;
#5356 = CARTESIAN_POINT ( 'NONE',  ( 3.358657435624138099, 3.958421950087849694, 21.58643445326218924 ) ) ;
#5357 = EDGE_LOOP ( 'NONE', ( #6647, #7456, #5326, #798 ) ) ;
#5358 = CIRCLE ( 'NONE', #8746, 2.099999999999999645 ) ;
#5359 = VERTEX_POINT ( 'NONE', #46 ) ;
#5360 = ORIENTED_EDGE ( 'NONE', *, *, #10443, .F. ) ;
#5361 = ORIENTED_EDGE ( 'NONE', *, *, #4218, .T. ) ;
#5362 = CARTESIAN_POINT ( 'NONE',  ( 9.893422898528591247, 9.402733490373224257, -17.13591112101709513 ) ) ;
#5363 = DIRECTION ( 'NONE',  ( 0.000000000000000000, 0.000000000000000000, -1.000000000000000000 ) ) ;
#5364 = CARTESIAN_POINT ( 'NONE',  ( -4.700000000000000178, 2.424999999999986500, -0.7500000000000000000 ) ) ;
#5365 = CARTESIAN_POINT ( 'NONE',  ( 31.59674188409968565, 3.062750456745439553, 35.75000000000157740 ) ) ;
#5366 = ADVANCED_FACE ( 'NONE', ( #6571 ), #1685, .F. ) ;
#5367 = CARTESIAN_POINT ( 'NONE',  ( -4.700000000000000178, 9.204878767889816515, -0.7500000000000001110 ) ) ;
#5368 = LINE ( 'NONE', #7916, #10080 ) ;
#5369 = EDGE_CURVE ( 'NONE', #3621, #7829, #7497, .T. ) ;
#5370 = DIRECTION ( 'NONE',  ( 0.000000000000000000, 1.000000000000000000, 0.000000000000000000 ) ) ;
#5371 = CARTESIAN_POINT ( 'NONE',  ( -1.930335550995118998, 4.126018869863046667, 14.83525001218750639 ) ) ;
#5372 = ORIENTED_EDGE ( 'NONE', *, *, #8595, .F. ) ;
#5373 = EDGE_LOOP ( 'NONE', ( #8197, #1965, #7964, #3018 ) ) ;
#5374 = B_SPLINE_CURVE_WITH_KNOTS ( 'NONE', 3,
 ( #894, #4130, #8843, #8897, #3984, #7360 ),
 .UNSPECIFIED., .F., .F.,
 ( 4, 2, 4 ),
 ( 5.275955480050202716E-18, 0.0005960282221664207512, 0.001192056444332836081 ),
 .UNSPECIFIED. ) ;
#5375 = CARTESIAN_POINT ( 'NONE',  ( 7.482758310725542650, 3.721475416019427662, -14.96051757493992262 ) ) ;
#5376 = FACE_OUTER_BOUND ( 'NONE', #9105, .T. ) ;
#5377 = CARTESIAN_POINT ( 'NONE',  ( 35.69211582765628776, 2.012968138048154110, -6.376029354912361669 ) ) ;
#5378 = EDGE_CURVE ( 'NONE', #8724, #6814, #4120, .T. ) ;
#5379 = CARTESIAN_POINT ( 'NONE',  ( 17.97774894901910514, 5.709405353197231747, 4.011441195611526567 ) ) ;
#5380 = CARTESIAN_POINT ( 'NONE',  ( -4.699999999999999289, 2.359141774161730876, 20.58445502299499452 ) ) ;
#5381 = CARTESIAN_POINT ( 'NONE',  ( -2.388999999999999790, 8.218093052526532105, 4.617454842511290458 ) ) ;
#5382 = CARTESIAN_POINT ( 'NONE',  ( -500000.0000000000582, -2.286000000000000032, -13.85000000000000320 ) ) ;
#5383 = EDGE_CURVE ( 'NONE', #4463, #4781, #8131, .T. ) ;
#5384 = EDGE_LOOP ( 'NONE', ( #5095, #8739, #1737, #231, #9996 ) ) ;
#5385 = CARTESIAN_POINT ( 'NONE',  ( 43.73268570732629712, -3.049999999999999822, 8.474559455018626508 ) ) ;
#5386 = ORIENTED_EDGE ( 'NONE', *, *, #3623, .T. ) ;
#5387 = ORIENTED_EDGE ( 'NONE', *, *, #897, .T. ) ;
#5388 = EDGE_CURVE ( 'NONE', #3593, #6315, #52, .T. ) ;
#5389 = CARTESIAN_POINT ( 'NONE',  ( 43.87620989109679215, 2.720484729367786514, 0.01447856656869072473 ) ) ;
#5390 = CARTESIAN_POINT ( 'NONE',  ( 19.62568391786999555, -1.396862461584139847, -20.39440110707058906 ) ) ;
#5391 = CARTESIAN_POINT ( 'NONE',  ( 32.21788020806591391, 1.620868952000661167, 23.01173010295566712 ) ) ;
#5392 = CARTESIAN_POINT ( 'NONE',  ( 18.81985554329787647, 9.402733490373224257, 18.15389423687085468 ) ) ;
#5393 = PLANE ( 'NONE',  #5459 ) ;
#5394 = CARTESIAN_POINT ( 'NONE',  ( 3.666060555964672840, 1.136000000000000343, -18.55000000000000071 ) ) ;
#5395 = CARTESIAN_POINT ( 'NONE',  ( 33.53197910100364254, 2.758009653323434840, 35.16943231388623303 ) ) ;
#5396 = CARTESIAN_POINT ( 'NONE',  ( 39.67257240592527978, 2.336137798363234541, -2.785229701967032234 ) ) ;
#5397 = FACE_OUTER_BOUND ( 'NONE', #4502, .T. ) ;
#5398 = VERTEX_POINT ( 'NONE', #886 ) ;
#5399 = ORIENTED_EDGE ( 'NONE', *, *, #1877, .T. ) ;
#5400 = ORIENTED_EDGE ( 'NONE', *, *, #6575, .F. ) ;
#5401 = CARTESIAN_POINT ( 'NONE',  ( 31.60000000000000142, 3.049999999999999822, 37.94999999999999574 ) ) ;
#5402 = CARTESIAN_POINT ( 'NONE',  ( -6.199999999999961098, 9.399999999999977263, 0.000000000000000000 ) ) ;
#5403 = CARTESIAN_POINT ( 'NONE',  ( 0.000000000000000000, 1.136000000000000343, 18.55000000000000071 ) ) ;
#5404 = CARTESIAN_POINT ( 'NONE',  ( 24.10831441243107065, -3.049999999999995826, 26.93224740503934456 ) ) ;
#5405 = VERTEX_POINT ( 'NONE', #7353 ) ;
#5406 = CARTESIAN_POINT ( 'NONE',  ( 18.35763797480960591, 2.182431820343817996, 19.43366955066593604 ) ) ;
#5407 = CARTESIAN_POINT ( 'NONE',  ( 1.879499608192929161, 5.425783976063581093, -15.28389077798338036 ) ) ;
#5408 = CARTESIAN_POINT ( 'NONE',  ( -3.788896427341405193, 5.057836864688524336, -17.21740339121384977 ) ) ;
#5409 = CARTESIAN_POINT ( 'NONE',  ( 41.97929374606627562, 3.228498637927246229, -5.663452438289318991 ) ) ;
#5410 = CARTESIAN_POINT ( 'NONE',  ( 4.200244646820302741, 4.508393801844702509, 19.31668339772529563 ) ) ;
#5411 = CARTESIAN_POINT ( 'NONE',  ( -4.699999999999999289, 500000.0000000000582, 16.82514045387129897 ) ) ;
#5412 = ORIENTED_EDGE ( 'NONE', *, *, #10235, .F. ) ;
#5413 = ORIENTED_EDGE ( 'NONE', *, *, #6757, .F. ) ;
#5414 = ORIENTED_EDGE ( 'NONE', *, *, #3375, .T. ) ;
#5415 = CARTESIAN_POINT ( 'NONE',  ( -0.5000000000204236628, 1.882307816903916908, 23.75000000000000711 ) ) ;
#5416 = VERTEX_POINT ( 'NONE', #1731 ) ;
#5417 = CARTESIAN_POINT ( 'NONE',  ( 29.06997943192342859, 2.286000000000008470, 35.83997603975324608 ) ) ;
#5418 = DIRECTION ( 'NONE',  ( 0.000000000000000000, 0.000000000000000000, 1.000000000000000000 ) ) ;
#5419 = DIRECTION ( 'NONE',  ( 0.000000000000000000, 0.000000000000000000, -1.000000000000000000 ) ) ;
#5420 = CARTESIAN_POINT ( 'NONE',  ( 31.07048883506971038, 3.058890218614803480, 35.75000000485357532 ) ) ;
#5421 = PLANE ( 'NONE',  #7377 ) ;
#5422 = CARTESIAN_POINT ( 'NONE',  ( 0.000000000000000000, 500000.0000000000582, 19.05000000000000071 ) ) ;
#5423 = CARTESIAN_POINT ( 'NONE',  ( 11.72750982262498454, 1.878794969456975661, -17.70569295688671474 ) ) ;
#5424 = APPROVAL_STATUS ( 'not_yet_approved' ) ;
#5425 = EDGE_LOOP ( 'NONE', ( #2230, #8260, #1097, #6650, #2932, #7470, #7773, #6753 ) ) ;
#5426 = ORIENTED_EDGE ( 'NONE', *, *, #10022, .T. ) ;
#5427 = LINE ( 'NONE', #2139, #4983 ) ;
#5428 = DIRECTION ( 'NONE',  ( 0.000000000000000000, -1.000000000000000000, -0.000000000000000000 ) ) ;
#5429 = CARTESIAN_POINT ( 'NONE',  ( 0.000000000000000000, -2.286000000000000032, 31.75000000000000000 ) ) ;
#5430 = EDGE_CURVE ( 'NONE', #7351, #9642, #4728, .T. ) ;
#5431 = CARTESIAN_POINT ( 'NONE',  ( 12.29393503615185956, 6.216716326195565578, 3.919296311163466662 ) ) ;
#5432 = CARTESIAN_POINT ( 'NONE',  ( 41.97929374606626851, 3.228498637927243120, -5.663452438289318991 ) ) ;
#5433 = CARTESIAN_POINT ( 'NONE',  ( -6.860772741109850692, 3.145076707574556263, -24.87325042040725620 ) ) ;
#5434 = CARTESIAN_POINT ( 'NONE',  ( 39.26094283885353775, 1.743489466682400790, 20.62482334156112884 ) ) ;
#5435 = EDGE_CURVE ( 'NONE', #8372, #678, #4962, .T. ) ;
#5436 = EDGE_CURVE ( 'NONE', #8683, #4598, #8690, .T. ) ;
#5437 = ORIENTED_EDGE ( 'NONE', *, *, #7069, .F. ) ;
#5438 = ORIENTED_EDGE ( 'NONE', *, *, #997, .F. ) ;
#5439 = EDGE_CURVE ( 'NONE', #9815, #7939, #3692, .T. ) ;
#5440 = CARTESIAN_POINT ( 'NONE',  ( 44.29837511883443568, 1.569677276094568086, 0.03361741927670910957 ) ) ;
#5441 = CARTESIAN_POINT ( 'NONE',  ( 34.72481701545607535, 2.090215872873584679, 22.10448882315888142 ) ) ;
#5442 = CYLINDRICAL_SURFACE ( 'NONE', #2431, 0.5000000000000000000 ) ;
#5443 = FACE_OUTER_BOUND ( 'NONE', #7103, .T. ) ;
#5444 = DIRECTION ( 'NONE',  ( 0.000000000000000000, 0.000000000000000000, 1.000000000000000000 ) ) ;
#5445 = DIRECTION ( 'NONE',  ( 0.000000000000000000, -1.000000000000000000, 0.000000000000000000 ) ) ;
#5446 = CARTESIAN_POINT ( 'NONE',  ( 40.29633812158397177, 3.053586257444310448, 22.17772001644657109 ) ) ;
#5447 = CARTESIAN_POINT ( 'NONE',  ( 37.83989599491555822, 2.396518231509463082, 3.710729376426704640 ) ) ;
#5448 = EDGE_CURVE ( 'NONE', #7929, #7363, #996, .T. ) ;
#5449 = B_SPLINE_CURVE_WITH_KNOTS ( 'NONE', 3,
 ( #7889, #5515, #3869, #9531, #689, #2329, #7724, #10149, #9356, #1321, #6477, #7357, #2584, #53, #106, #3283, #6425, #2536 ),
 .UNSPECIFIED., .F., .F.,
 ( 4, 2, 2, 2, 2, 2, 2, 2, 4 ),
 ( 0.001510044891397158010, 0.005407457468121448785, 0.009304870044845739777, 0.01320228262157003077, 0.01709969519829432349, 0.02099710777501861622, 0.02489452035174290548, 0.02879193292846719820, 0.03268934550519149440 ),
 .UNSPECIFIED. ) ;
#5450 = ORIENTED_EDGE ( 'NONE', *, *, #3847, .T. ) ;
#5451 = ORIENTED_EDGE ( 'NONE', *, *, #7770, .T. ) ;
#5452 = ORIENTED_EDGE ( 'NONE', *, *, #5369, .T. ) ;
#5453 = ORIENTED_EDGE ( 'NONE', *, *, #5008, .F. ) ;
#5454 = LINE ( 'NONE', #851, #5819 ) ;
#5455 = EDGE_CURVE ( 'NONE', #4662, #8761, #9979, .T. ) ;
#5456 = CARTESIAN_POINT ( 'NONE',  ( 3.135382751754560271, 1.136000000000000343, 19.55000000000000071 ) ) ;
#5457 = CARTESIAN_POINT ( 'NONE',  ( 41.97929374606626851, 3.228498637927243120, -5.663452438289318991 ) ) ;
#5458 = CARTESIAN_POINT ( 'NONE',  ( 28.43130278782140152, -3.050000000000000266, 30.38041888741527785 ) ) ;
#5459 = AXIS2_PLACEMENT_3D ( 'NONE', #1486, #10194, #510 ) ;
#5460 = VERTEX_POINT ( 'NONE', #8440 ) ;
#5461 = CARTESIAN_POINT ( 'NONE',  ( -3.135382751754560271, 1.136000000000000343, 19.55000000000000071 ) ) ;
#5462 = CARTESIAN_POINT ( 'NONE',  ( 0.000000000000000000, 9.402733490373224257, -19.05000000000000071 ) ) ;
#5463 = CARTESIAN_POINT ( 'NONE',  ( 9.518329979527754503, 9.402733490373224257, -16.48623112774832222 ) ) ;
#5464 = LINE ( 'NONE', #589, #1792 ) ;
#5465 = CARTESIAN_POINT ( 'NONE',  ( 1.884485242670618899, 5.524033292207953139, 15.28625289293632861 ) ) ;
#5466 = DIRECTION ( 'NONE',  ( 0.000000000000000000, 1.000000000000000000, 0.000000000000000000 ) ) ;
#5467 = EDGE_CURVE ( 'NONE', #5115, #2915, #4320, .T. ) ;
#5468 = ORIENTED_EDGE ( 'NONE', *, *, #1837, .F. ) ;
#5469 = ORIENTED_EDGE ( 'NONE', *, *, #2356, .T. ) ;
#5470 = VECTOR ( 'NONE', #5072, 1000.000000000000000 ) ;
#5471 = VERTEX_POINT ( 'NONE', #1839 ) ;
#5472 = CARTESIAN_POINT ( 'NONE',  ( 8.444418044455584749, 5.547193682997972886, -13.60381162667565036 ) ) ;
#5473 = ORIENTED_EDGE ( 'NONE', *, *, #2356, .F. ) ;
#5474 = CARTESIAN_POINT ( 'NONE',  ( 28.60849450318477949, 2.286000000000008026, 35.10881289334568578 ) ) ;
#5475 = VECTOR ( 'NONE', #4410, 1000.000000000000000 ) ;
#5476 = CARTESIAN_POINT ( 'NONE',  ( 5.199999999971584685, 1.873262802426090889, 23.74999999999999289 ) ) ;
#5477 = LINE ( 'NONE', #3837, #9345 ) ;
#5478 = DIRECTION ( 'NONE',  ( 0.000000000000000000, 0.000000000000000000, -1.000000000000000000 ) ) ;
#5479 = B_SPLINE_CURVE_WITH_KNOTS ( 'NONE', 3,
 ( #7114, #7784, #3763, #2173 ),
 .UNSPECIFIED., .F., .F.,
 ( 4, 4 ),
 ( 2.273716696692129613E-13, 0.004200028515090485637 ),
 .UNSPECIFIED. ) ;
#5480 = CARTESIAN_POINT ( 'NONE',  ( 23.81771774607578607, 6.801882534865208108, 3.174999999999994049 ) ) ;
#5481 = CYLINDRICAL_SURFACE ( 'NONE', #2142, 3.175000000000000711 ) ;
#5482 = DIRECTION ( 'NONE',  ( -0.000000000000000000, 1.000000000000000000, -0.000000000000000000 ) ) ;
#5483 = CIRCLE ( 'NONE', #8859, 3.175000000000000711 ) ;
#5484 = PERSON_AND_ORGANIZATION_ROLE ( 'creator' ) ;
#5485 = ORIENTED_EDGE ( 'NONE', *, *, #4613, .F. ) ;
#5486 = ORIENTED_EDGE ( 'NONE', *, *, #9386, .T. ) ;
#5487 = AXIS2_PLACEMENT_3D ( 'NONE', #479, #3706, #6995 ) ;
#5488 = CARTESIAN_POINT ( 'NONE',  ( -6.200000000000000178, -3.049999999999999822, 25.25000000000000000 ) ) ;
#5489 = CARTESIAN_POINT ( 'NONE',  ( 18.93280180749617614, 0.7859999999999998099, 26.22430497369037639 ) ) ;
#5490 = CARTESIAN_POINT ( 'NONE',  ( 31.41915521217183382, 3.080961513724361556, -4.142970846552527675 ) ) ;
#5491 = CARTESIAN_POINT ( 'NONE',  ( 8.437918597688003786, 5.441667072037003727, -14.61490372132615967 ) ) ;
#5492 = CIRCLE ( 'NONE', #3125, 5.200000000000000178 ) ;
#5493 = CARTESIAN_POINT ( 'NONE',  ( 6.566131209706433935, 6.610681606279658951, 3.836389652141670936 ) ) ;
#5494 = FACE_OUTER_BOUND ( 'NONE', #1719, .T. ) ;
#5495 = CARTESIAN_POINT ( 'NONE',  ( 32.75114065623733239, 2.857573523994303866, -7.100597846685036352 ) ) ;
#5496 = ADVANCED_FACE ( 'NONE', ( #9134 ), #10028, .T. ) ;
#5497 = VECTOR ( 'NONE', #9585, 1000.000000000000000 ) ;
#5498 = VECTOR ( 'NONE', #3916, 1000.000000000000000 ) ;
#5499 = CARTESIAN_POINT ( 'NONE',  ( 10.12939620402573837, 500000.0000000000582, 29.88650298521228521 ) ) ;
#5500 = ORIENTED_EDGE ( 'NONE', *, *, #502, .F. ) ;
#5501 = SECURITY_CLASSIFICATION ( '', '', #1570 ) ;
#5502 = ORIENTED_EDGE ( 'NONE', *, *, #9188, .F. ) ;
#5503 = CARTESIAN_POINT ( 'NONE',  ( 10.38435538331219554, 3.052584894236903601, -15.98623112774832578 ) ) ;
#5504 = LINE ( 'NONE', #4759, #1767 ) ;
#5505 = DIRECTION ( 'NONE',  ( 0.000000000000000000, 0.000000000000000000, -1.000000000000000000 ) ) ;
#5506 = ADVANCED_FACE ( 'NONE', ( #4269 ), #7499, .F. ) ;
#5507 = DIRECTION ( 'NONE',  ( 1.000000000000000000, 0.000000000000000000, 0.000000000000000000 ) ) ;
#5508 = DIRECTION ( 'NONE',  ( 0.000000000000000000, 0.000000000000000000, 1.000000000000000000 ) ) ;
#5509 = DIRECTION ( 'NONE',  ( -2.587956596580264873E-15, 0.000000000000000000, 1.000000000000000000 ) ) ;
#5510 = CARTESIAN_POINT ( 'NONE',  ( 44.25693910442641510, 3.056897595754616059, 2.491193855728644824 ) ) ;
#5511 = DIRECTION ( 'NONE',  ( 1.000000000000000000, 0.000000000000000000, -0.000000000000000000 ) ) ;
#5512 = ADVANCED_FACE ( 'NONE', ( #9934 ), #4225, .F. ) ;
#5513 = VERTEX_POINT ( 'NONE', #5822 ) ;
#5514 = ORIENTED_EDGE ( 'NONE', *, *, #4218, .F. ) ;
#5515 = CARTESIAN_POINT ( 'NONE',  ( 12.13322182537058325, 2.286704151203174273, -17.60344603112000428 ) ) ;
#5516 = ORIENTED_EDGE ( 'NONE', *, *, #6561, .T. ) ;
#5517 = ORIENTED_EDGE ( 'NONE', *, *, #6699, .T. ) ;
#5518 = DIRECTION ( 'NONE',  ( 0.000000000000000000, -1.000000000000000000, -0.000000000000000000 ) ) ;
#5519 = CARTESIAN_POINT ( 'NONE',  ( 43.79803335559255828, 1.314742388920776772, -6.150141920487476987 ) ) ;
#5520 = DIRECTION ( 'NONE',  ( 0.000000000000000000, -1.000000000000000000, 0.000000000000000000 ) ) ;
#5521 = CARTESIAN_POINT ( 'NONE',  ( 36.94361823928895205, 9.402733490373224257, 3.174999999999982947 ) ) ;
#5522 = ORIENTED_EDGE ( 'NONE', *, *, #8944, .T. ) ;
#5523 = EDGE_CURVE ( 'NONE', #6932, #8683, #9036, .T. ) ;
#5524 = CARTESIAN_POINT ( 'NONE',  ( 38.25351245442712411, 2.496238078342848166, 10.31785822558383714 ) ) ;
#5525 = CARTESIAN_POINT ( 'NONE',  ( 4.698242574753201950, 2.573062686290160439, -24.48719752759253510 ) ) ;
#5526 = LINE ( 'NONE', #1502, #9551 ) ;
#5527 = CIRCLE ( 'NONE', #1953, 2.100000000000000977 ) ;
#5528 = AXIS2_PLACEMENT_3D ( 'NONE', #3471, #2571, #6707 ) ;
#5529 = CARTESIAN_POINT ( 'NONE',  ( 38.35237139250737215, 2.768422641647777738, -1.287917137347889929 ) ) ;
#5530 = CARTESIAN_POINT ( 'NONE',  ( -4.225673430391756469, 7.282385739371091127, 8.455454509656394890 ) ) ;
#5531 = ADVANCED_FACE ( 'NONE', ( #5215 ), #7552, .T. ) ;
#5532 = CARTESIAN_POINT ( 'NONE',  ( 12.69999999999999929, 2.286000000000000032, 29.64999999999999858 ) ) ;
#5533 = ADVANCED_FACE ( 'NONE', ( #6766 ), #3422, .F. ) ;
#5534 = EDGE_LOOP ( 'NONE', ( #505, #2918, #7758, #1823 ) ) ;
#5535 = ORIENTED_EDGE ( 'NONE', *, *, #3915, .T. ) ;
#5536 = ORIENTED_EDGE ( 'NONE', *, *, #7273, .F. ) ;
#5537 = ORIENTED_EDGE ( 'NONE', *, *, #5455, .F. ) ;
#5538 = AXIS2_PLACEMENT_3D ( 'NONE', #6617, #4228, #104 ) ;
#5539 = AXIS2_PLACEMENT_3D ( 'NONE', #152, #998, #4726 ) ;
#5540 = DIRECTION ( 'NONE',  ( 0.000000000000000000, 0.000000000000000000, -1.000000000000000000 ) ) ;
#5541 = DIRECTION ( 'NONE',  ( 0.000000000000000000, 0.000000000000000000, -1.000000000000000000 ) ) ;
#5542 = CARTESIAN_POINT ( 'NONE',  ( -3.135382751754560271, -2.286000000000000032, 18.55000000000000071 ) ) ;
#5543 = DIRECTION ( 'NONE',  ( 0.000000000000000000, -1.000000000000000000, -0.000000000000000000 ) ) ;
#5544 = B_SPLINE_CURVE_WITH_KNOTS ( 'NONE', 3,
 ( #8076, #4060, #3469, #7592, #8326, #4408, #3563, #9123, #7442, #1031 ),
 .UNSPECIFIED., .F., .F.,
 ( 4, 2, 2, 2, 4 ),
 ( 0.000000000000000000, 0.0002709763758528576554, 0.0005419527517057153108, 0.0008129291275585729662, 0.001083905503411430622 ),
 .UNSPECIFIED. ) ;
#5545 = ADVANCED_FACE ( 'NONE', ( #4369 ), #298, .T. ) ;
#5546 = CARTESIAN_POINT ( 'NONE',  ( 12.69999999999999929, -2.286000000000000032, 31.75000000000000000 ) ) ;
#5547 = CARTESIAN_POINT ( 'NONE',  ( 0.000000000000000000, -2.286000000000000032, 31.75000000000000000 ) ) ;
#5548 = B_SPLINE_SURFACE_WITH_KNOTS ( 'NONE', 3, 1, ( 
 ( #9501, #10287 ),
 ( #9447, #5423 ),
 ( #4570, #544 ),
 ( #3781, #7016 ),
 ( #10230, #6233 ),
 ( #8650, #4628 ),
 ( #6284, #1752 ),
 ( #9899, #120 ) ),
 .UNSPECIFIED., .F., .F., .F.,
 ( 4, 1, 1, 1, 1, 4 ),
 ( 2, 2 ),
 ( 0.000000000000000000, 0.05181103549571353106, 0.1332153531669870716, 0.2960239885095342083, 0.4588326238520813449, 0.6077541113446711663 ),
 ( 0.000000000000000000, 1.000000000000000000 ),
 .UNSPECIFIED. ) ;
#5549 = CIRCLE ( 'NONE', #1646, 3.225000000000000533 ) ;
#5550 = CARTESIAN_POINT ( 'NONE',  ( 0.000000000000000000, 1.135999999974046659, -19.05000000000000071 ) ) ;
#5551 = VECTOR ( 'NONE', #1396, 1000.000000000000000 ) ;
#5552 = ORIENTED_EDGE ( 'NONE', *, *, #3764, .T. ) ;
#5553 = CARTESIAN_POINT ( 'NONE',  ( 12.69999999999998863, -3.049999999999999822, 25.25000000000000000 ) ) ;
#5554 = FACE_OUTER_BOUND ( 'NONE', #6405, .T. ) ;
#5555 = CONICAL_SURFACE ( 'NONE', #3342, 3.700000000000001954, 0.7853981633974500554 ) ;
#5556 = CARTESIAN_POINT ( 'NONE',  ( 12.36938777935573697, 4.968190953250144482, -6.633912225718426647 ) ) ;
#5557 = CARTESIAN_POINT ( 'NONE',  ( 6.445499161450892522, 7.570355091762399624, -0.3335290586806130553 ) ) ;
#5558 = CARTESIAN_POINT ( 'NONE',  ( 37.58026447516424895, 4.504097062289378783, 3.391897448090674061 ) ) ;
#5559 = CARTESIAN_POINT ( 'NONE',  ( 32.94331444457825597, 2.160259742879588885, 21.14298879279854049 ) ) ;
#5560 = CARTESIAN_POINT ( 'NONE',  ( 37.77483016703178009, 1.748491081201155151, 15.05180640259206371 ) ) ;
#5561 = B_SPLINE_CURVE_WITH_KNOTS ( 'NONE', 3,
 ( #8704, #7956, #3153, #8061 ),
 .UNSPECIFIED., .F., .F.,
 ( 4, 4 ),
 ( 2.805541352088834683E-05, 7.278244083504863625E-05 ),
 .UNSPECIFIED. ) ;
#5562 = DIRECTION ( 'NONE',  ( -1.000000000000000000, 0.000000000000000000, 0.000000000000000000 ) ) ;
#5563 = CARTESIAN_POINT ( 'NONE',  ( 32.24743716414359795, 0.2562750768317145766, -14.45300066024020680 ) ) ;
#5564 = PLANE ( 'NONE',  #4968 ) ;
#5565 = CARTESIAN_POINT ( 'NONE',  ( 38.93783575028793109, 2.659793492563270245, 4.324368715964962639 ) ) ;
#5566 = LINE ( 'NONE', #6199, #1895 ) ;
#5567 = DIRECTION ( 'NONE',  ( -0.000000000000000000, 1.000000000000000000, -0.000000000000000000 ) ) ;
#5568 = CARTESIAN_POINT ( 'NONE',  ( 42.39204085045859927, 1.853984220202513189, 15.49227004220556303 ) ) ;
#5569 = CARTESIAN_POINT ( 'NONE',  ( 2.571758278209442943E-16, 9.402733490373224257, 21.15000000000000213 ) ) ;
#5570 = ORIENTED_EDGE ( 'NONE', *, *, #6461, .F. ) ;
#5571 = ORIENTED_EDGE ( 'NONE', *, *, #8139, .F. ) ;
#5572 = ORIENTED_EDGE ( 'NONE', *, *, #7526, .F. ) ;
#5573 = DIRECTION ( 'NONE',  ( 0.000000000000000000, 0.000000000000000000, -1.000000000000000000 ) ) ;
#5574 = DIRECTION ( 'NONE',  ( 0.000000000000000000, 0.000000000000000000, 1.000000000000000000 ) ) ;
#5575 = CARTESIAN_POINT ( 'NONE',  ( 0.5000000000000000000, 1.136000000000000343, 22.71606055596467399 ) ) ;
#5576 = CARTESIAN_POINT ( 'NONE',  ( 17.83672408471816695, 0.7859999999999998099, 25.90616913409527555 ) ) ;
#5577 = ORIENTED_EDGE ( 'NONE', *, *, #655, .T. ) ;
#5578 = CARTESIAN_POINT ( 'NONE',  ( 27.08883370958945846, 1.861791574616412204, -15.85440704360100206 ) ) ;
#5579 = CARTESIAN_POINT ( 'NONE',  ( -6.050899777992110096, 2.660173473568403502, -25.24970601279295579 ) ) ;
#5580 = CARTESIAN_POINT ( 'NONE',  ( -3.989466625399346711, 4.262159255186649176, -20.39066611207486091 ) ) ;
#5581 = CARTESIAN_POINT ( 'NONE',  ( 36.00704256706371353, 2.146867881762197339, 15.77897102529202833 ) ) ;
#5582 = CARTESIAN_POINT ( 'NONE',  ( 42.06294505523933225, 3.619882222819699624, 0.000000000000000000 ) ) ;
#5583 = DIRECTION ( 'NONE',  ( 0.000000000000000000, -1.000000000000000000, -0.000000000000000000 ) ) ;
#5584 = EDGE_CURVE ( 'NONE', #7371, #517, #9886, .T. ) ;
#5585 = ORIENTED_EDGE ( 'NONE', *, *, #5107, .T. ) ;
#5586 = ORIENTED_EDGE ( 'NONE', *, *, #4234, .T. ) ;
#5587 = EDGE_CURVE ( 'NONE', #3632, #2805, #1146, .T. ) ;
#5588 = VERTEX_POINT ( 'NONE', #1301 ) ;
#5589 = DIRECTION ( 'NONE',  ( 0.000000000000000000, -1.000000000000000000, 0.000000000000000000 ) ) ;
#5590 = CARTESIAN_POINT ( 'NONE',  ( 2.371490248736781936, 2.157694134455764523, -22.14044367625430709 ) ) ;
#5591 = DIRECTION ( 'NONE',  ( -0.000000000000000000, -1.000000000000000000, -0.000000000000000000 ) ) ;
#5592 = LINE ( 'NONE', #8813, #8494 ) ;
#5593 = EDGE_CURVE ( 'NONE', #8090, #7001, #7612, .T. ) ;
#5594 = DIRECTION ( 'NONE',  ( 0.000000000000000000, 1.000000000000000000, 0.000000000000000000 ) ) ;
#5595 = CARTESIAN_POINT ( 'NONE',  ( -3.243030658151290879, 2.171918600944317213, -22.52612954044096583 ) ) ;
#5596 = CARTESIAN_POINT ( 'NONE',  ( 38.92152476875597955, 2.666301065801235382, 4.542157669997896718 ) ) ;
#5597 = CARTESIAN_POINT ( 'NONE',  ( 38.54662390040843434, 1.635306976066785767, -9.811602932789277531 ) ) ;
#5598 = APPROVAL_DATE_TIME ( #9502, #2060 ) ;
#5599 = ORIENTED_EDGE ( 'NONE', *, *, #6236, .T. ) ;
#5600 = ORIENTED_EDGE ( 'NONE', *, *, #10133, .F. ) ;
#5601 = EDGE_CURVE ( 'NONE', #3365, #6414, #6158, .T. ) ;
#5602 = B_SPLINE_CURVE_WITH_KNOTS ( 'NONE', 3,
 ( #6160, #1218, #8467, #3878, #3761, #5243 ),
 .UNSPECIFIED., .F., .F.,
 ( 4, 2, 4 ),
 ( 0.000000000000000000, 0.0005960992982429190760, 0.001192198596485838152 ),
 .UNSPECIFIED. ) ;
#5603 = CARTESIAN_POINT ( 'NONE',  ( -2.134743764081508122, 5.523996061884771436, 15.42240045153400274 ) ) ;
#5604 = DIRECTION ( 'NONE',  ( -0.000000000000000000, 1.000000000000000000, 0.000000000000000000 ) ) ;
#5605 = DIRECTION ( 'NONE',  ( -1.000000000000000000, 0.000000000000000000, 0.000000000000000000 ) ) ;
#5606 = ADVANCED_FACE ( 'NONE', ( #4524 ), #1248, .T. ) ;
#5607 = CARTESIAN_POINT ( 'NONE',  ( 2.634469330280017285, 7.778897904431406829, -0.3488471177697472503 ) ) ;
#5608 = DIRECTION ( 'NONE',  ( -0.000000000000000000, 0.000000000000000000, -1.000000000000000000 ) ) ;
#5609 = CARTESIAN_POINT ( 'NONE',  ( -7.508076021997766247, 3.145078160261503442, -24.87452925590860531 ) ) ;
#5610 = DIRECTION ( 'NONE',  ( -1.000000000000000000, 0.000000000000000000, 0.000000000000000000 ) ) ;
#5611 = FACE_OUTER_BOUND ( 'NONE', #6748, .T. ) ;
#5612 = CARTESIAN_POINT ( 'NONE',  ( 16.19656429967094624, 5.334572074937971919, 4.071988960490033449 ) ) ;
#5613 = CARTESIAN_POINT ( 'NONE',  ( 38.87376050919844772, 2.700387875944094684, 3.634008103296180181 ) ) ;
#5614 = CARTESIAN_POINT ( 'NONE',  ( 16.23257766066657481, 9.402733490373224257, 4.449527550046964208 ) ) ;
#5615 = CARTESIAN_POINT ( 'NONE',  ( 38.09999999999718767, 2.120832137212695923, -2.768548987758063351 ) ) ;
#5616 = CARTESIAN_POINT ( 'NONE',  ( 32.44037082999575006, 2.554437249733438442, 36.81919130420378394 ) ) ;
#5617 = CARTESIAN_POINT ( 'NONE',  ( 3.135382751754559827, 500000.0000000000582, 31.25000000000000000 ) ) ;
#5618 = EDGE_LOOP ( 'NONE', ( #4133, #6459, #5343, #3591 ) ) ;
#5619 = CARTESIAN_POINT ( 'NONE',  ( 3.175000000000001155, -2.286000000000000032, 18.55000000000000071 ) ) ;
#5620 = CARTESIAN_POINT ( 'NONE',  ( 9.730746806292886575, 4.700640846777236703, -16.76277362451794417 ) ) ;
#5621 = B_SPLINE_SURFACE_WITH_KNOTS ( 'NONE', 3, 1, ( 
 ( #4887, #858 ),
 ( #12, #4136 ),
 ( #3390, #5627 ),
 ( #8996, #9696 ),
 ( #7315, #6677 ),
 ( #9049, #3346 ),
 ( #4930, #8145 ),
 ( #901, #6584 ) ),
 .UNSPECIFIED., .F., .F., .F.,
 ( 4, 1, 1, 1, 1, 4 ),
 ( 2, 2 ),
 ( 0.000000000000000000, 0.06699641967653935382, 0.1919964196765393538, 0.4045691406014811919, 0.4670691406014811919, 0.6077059503297815857 ),
 ( 0.000000000000000000, 1.000000000000000000 ),
 .UNSPECIFIED. ) ;
#5622 = CYLINDRICAL_SURFACE ( 'NONE', #6347, 0.5000000000000000000 ) ;
#5623 = CARTESIAN_POINT ( 'NONE',  ( -0.8890000000000000124, 4.561906534945592284, -12.84999999999999964 ) ) ;
#5624 = ORIENTED_EDGE ( 'NONE', *, *, #5665, .F. ) ;
#5625 = LINE ( 'NONE', #7156, #4823 ) ;
#5626 = CARTESIAN_POINT ( 'NONE',  ( 43.64051565018183965, 1.215090915973730201, -6.520236095184396063 ) ) ;
#5627 = CARTESIAN_POINT ( 'NONE',  ( 34.44884191357297709, 2.594684321499560298, -5.975620328964331485 ) ) ;
#5628 = CARTESIAN_POINT ( 'NONE',  ( 39.09999999999762821, 2.476008677038543215, -2.499478386817676423 ) ) ;
#5629 = FACE_OUTER_BOUND ( 'NONE', #5384, .T. ) ;
#5630 = EDGE_CURVE ( 'NONE', #5806, #1293, #10180, .T. ) ;
#5631 = CARTESIAN_POINT ( 'NONE',  ( 18.59814155778877520, 2.859341506136261035, 15.82939332539357302 ) ) ;
#5632 = ORIENTED_EDGE ( 'NONE', *, *, #4107, .T. ) ;
#5633 = ORIENTED_EDGE ( 'NONE', *, *, #4862, .F. ) ;
#5634 = EDGE_CURVE ( 'NONE', #3621, #2433, #8658, .T. ) ;
#5635 = VERTEX_POINT ( 'NONE', #7751 ) ;
#5636 = VECTOR ( 'NONE', #8559, 1000.000000000000000 ) ;
#5637 = CARTESIAN_POINT ( 'NONE',  ( 12.69999999999999929, -2.286000000000000032, 31.75000000000000000 ) ) ;
#5638 = CARTESIAN_POINT ( 'NONE',  ( 44.29999999999999005, 2.930041139908012404, -7.935214483896292137 ) ) ;
#5639 = DIRECTION ( 'NONE',  ( 0.000000000000000000, -1.000000000000000000, 0.000000000000000000 ) ) ;
#5640 = CARTESIAN_POINT ( 'NONE',  ( -0.4999999999855582189, 4.296627208398689390, -13.87409428215559082 ) ) ;
#5641 = CARTESIAN_POINT ( 'NONE',  ( 30.39979981006546339, 3.049999999999999822, -18.34100945216909295 ) ) ;
#5642 = CARTESIAN_POINT ( 'NONE',  ( -0.9179699706971521378, 1.907249688651716069, -23.44599935374407806 ) ) ;
#5643 = EDGE_CURVE ( 'NONE', #4662, #2945, #9361, .T. ) ;
#5644 =( BOUNDED_SURFACE ( )  B_SPLINE_SURFACE ( 2, 3, ( 
 ( #3400, #3302, #4785, #7430 ),
 ( #5638, #7280, #8860, #5854 ),
 ( #4148, #4840, #1711, #913 ) ),
 .UNSPECIFIED., .F., .F., .T. ) 
 B_SPLINE_SURFACE_WITH_KNOTS ( ( 3, 3 ),
 ( 4, 4 ),
 ( 0.000000000000000000, 1.000000000000000000 ),
 ( -0.3135606532802984736, 1.078284955670180345 ),
 .UNSPECIFIED. ) 
 GEOMETRIC_REPRESENTATION_ITEM ( )  RATIONAL_B_SPLINE_SURFACE ( (
 ( 1.000000000000000000, 1.000000000000000000, 1.000000000000000000, 1.000000000000000000),
 ( 0.7244223418085597999, 0.7466207150698442874, 0.7695922351554582708, 0.7899418628412488985),
 ( 1.000000000000000000, 1.000000000000000000, 1.000000000000000000, 1.000000000000000000) ) ) 
 REPRESENTATION_ITEM ( '' )  SURFACE ( )  );
#5645 = CARTESIAN_POINT ( 'NONE',  ( 37.63526885672102651, 2.666301065801235382, 13.33976011849527232 ) ) ;
#5646 = VECTOR ( 'NONE', #1526, 1000.000000000000000 ) ;
#5647 = PERSON_AND_ORGANIZATION_ROLE ( 'classification_officer' ) ;
#5648 = ORIENTED_EDGE ( 'NONE', *, *, #8420, .F. ) ;
#5649 = VERTEX_POINT ( 'NONE', #2939 ) ;
#5650 = ADVANCED_FACE ( 'NONE', ( #5494 ), #3854, .T. ) ;
#5651 = VECTOR ( 'NONE', #1667, 1000.000000000000000 ) ;
#5652 = ORIENTED_EDGE ( 'NONE', *, *, #586, .F. ) ;
#5653 = CARTESIAN_POINT ( 'NONE',  ( -3.786793627557806019, 5.077569723900038134, 17.21306613666331486 ) ) ;
#5654 = DIRECTION ( 'NONE',  ( 0.000000000000000000, -1.000000000000000000, -0.000000000000000000 ) ) ;
#5655 = B_SPLINE_CURVE_WITH_KNOTS ( 'NONE', 3,
 ( #6317, #640, #3873, #9536, #2276, #5519, #1495, #4721, #9309, #8515 ),
 .UNSPECIFIED., .F., .F.,
 ( 4, 2, 2, 2, 4 ),
 ( 0.000000000000000000, 0.2499877679841653599, 0.4999918453227769621, 0.7499959226613887031, 1.000000000000000000 ),
 .UNSPECIFIED. ) ;
#5656 = DIRECTION ( 'NONE',  ( 0.000000000000000000, 0.000000000000000000, -1.000000000000000000 ) ) ;
#5657 = CARTESIAN_POINT ( 'NONE',  ( 2.599005171877123210, 4.320052741073475921, -13.41734733631837351 ) ) ;
#5658 = AXIS2_PLACEMENT_3D ( 'NONE', #9479, #7833, #580 ) ;
#5659 = CARTESIAN_POINT ( 'NONE',  ( 1.097700038353094154, 1.825265554153831182, 23.97647973200491833 ) ) ;
#5660 = CARTESIAN_POINT ( 'NONE',  ( -4.699999999999999289, -3.049999999999999822, 50.82485211947506798 ) ) ;
#5661 = VECTOR ( 'NONE', #7095, 1000.000000000000000 ) ;
#5662 = EDGE_CURVE ( 'NONE', #1276, #4033, #6188, .T. ) ;
#5663 = CARTESIAN_POINT ( 'NONE',  ( 30.43991748028855326, 2.985232984740478379, -18.62354036601988838 ) ) ;
#5664 = CARTESIAN_POINT ( 'NONE',  ( 32.49448088546061797, 2.489214031286840711, 13.19974308985255185 ) ) ;
#5665 = EDGE_CURVE ( 'NONE', #6300, #3530, #2884, .T. ) ;
#5666 = AXIS2_PLACEMENT_3D ( 'NONE', #6695, #8078, #8267 ) ;
#5667 = EDGE_CURVE ( 'NONE', #9005, #5588, #3465, .T. ) ;
#5668 = DIRECTION ( 'NONE',  ( 0.000000000000000000, 1.000000000000000000, 0.000000000000000000 ) ) ;
#5669 = CARTESIAN_POINT ( 'NONE',  ( -3.929625835844391180, 6.283549806356710121, -12.35000000000000320 ) ) ;
#5670 = AXIS2_PLACEMENT_3D ( 'NONE', #900, #3988, #8098 ) ;
#5671 = EDGE_CURVE ( 'NONE', #8458, #8582, #7260, .T. ) ;
#5672 = FACE_OUTER_BOUND ( 'NONE', #1971, .T. ) ;
#5673 = DIRECTION ( 'NONE',  ( 0.000000000000000000, -1.000000000000000000, 0.000000000000000000 ) ) ;
#5674 = CARTESIAN_POINT ( 'NONE',  ( -4.206873392266027523, 2.424999999999986944, 2.475724944162298602 ) ) ;
#5675 = CARTESIAN_POINT ( 'NONE',  ( 31.51057508762555059, 3.050917200399778206, 37.23401559314346798 ) ) ;
#5676 = FACE_OUTER_BOUND ( 'NONE', #1451, .T. ) ;
#5677 = ORIENTED_EDGE ( 'NONE', *, *, #7518, .T. ) ;
#5678 = ORIENTED_EDGE ( 'NONE', *, *, #6744, .F. ) ;
#5679 = CARTESIAN_POINT ( 'NONE',  ( -4.699999999999995737, 2.550500497153702639, -21.06695694937968355 ) ) ;
#5680 = CARTESIAN_POINT ( 'NONE',  ( 7.571893193904450925, 3.678836365475329107, -15.11490372132768556 ) ) ;
#5681 = CARTESIAN_POINT ( 'NONE',  ( 0.5000000000000000000, 1.136000000000000343, -19.05000000000000071 ) ) ;
#5682 = CARTESIAN_POINT ( 'NONE',  ( -0.5926585629038793046, 4.555416160064003961, -12.84999999999999609 ) ) ;
#5683 = ORIENTED_EDGE ( 'NONE', *, *, #5015, .T. ) ;
#5684 = CARTESIAN_POINT ( 'NONE',  ( 13.03368518006380938, -2.285999999999999144, 25.25203636183750433 ) ) ;
#5685 = CARTESIAN_POINT ( 'NONE',  ( 0.000000000000000000, 9.402733490373224257, 19.05000000000000071 ) ) ;
#5686 = FACE_OUTER_BOUND ( 'NONE', #3314, .T. ) ;
#5687 = CARTESIAN_POINT ( 'NONE',  ( 24.74969007444441615, 3.049999999999999378, 29.18538214859902880 ) ) ;
#5688 = PLANE ( 'NONE',  #8367 ) ;
#5689 = ORIENTED_EDGE ( 'NONE', *, *, #3839, .F. ) ;
#5690 = ORIENTED_EDGE ( 'NONE', *, *, #5947, .F. ) ;
#5691 = B_SPLINE_CURVE_WITH_KNOTS ( 'NONE', 3,
 ( #2833, #5631, #9648, #756, #10216, #7903 ),
 .UNSPECIFIED., .F., .F.,
 ( 4, 2, 4 ),
 ( 0.0009143811023169124558, 0.008037792179196069642, 0.01516120325607522683 ),
 .UNSPECIFIED. ) ;
#5692 = ORIENTED_EDGE ( 'NONE', *, *, #5430, .F. ) ;
#5693 = VECTOR ( 'NONE', #1852, 1000.000000000000000 ) ;
#5694 = DIRECTION ( 'NONE',  ( 0.000000000000000000, 0.000000000000000000, 1.000000000000000000 ) ) ;
#5695 = CARTESIAN_POINT ( 'NONE',  ( 3.135382751754560271, -2.286000000000000032, 19.55000000000000071 ) ) ;
#5696 = CYLINDRICAL_SURFACE ( 'NONE', #1594, 5.200000000000000178 ) ;
#5697 = AXIS2_PLACEMENT_3D ( 'NONE', #1258, #7718, #5126 ) ;
#5698 = DIRECTION ( 'NONE',  ( 0.000000000000000000, -1.000000000000000000, -0.000000000000000000 ) ) ;
#5699 = AXIS2_PLACEMENT_3D ( 'NONE', #595, #3832, #1560 ) ;
#5700 = LINE ( 'NONE', #7378, #7550 ) ;
#5701 = LINE ( 'NONE', #8918, #7877 ) ;
#5702 = CARTESIAN_POINT ( 'NONE',  ( 36.92278963459155960, 2.169546492411193572, -4.053492204779428398 ) ) ;
#5703 = DATE_AND_TIME ( #10288, #3798 ) ;
#5704 = EDGE_LOOP ( 'NONE', ( #5571, #2164, #4892, #1306, #8426, #8509 ) ) ;
#5705 = AXIS2_PLACEMENT_3D ( 'NONE', #7075, #5370, #2080 ) ;
#5706 = ORIENTED_EDGE ( 'NONE', *, *, #9443, .T. ) ;
#5707 = VECTOR ( 'NONE', #239, 1000.000000000000000 ) ;
#5708 = ORIENTED_EDGE ( 'NONE', *, *, #7755, .F. ) ;
#5709 = ORIENTED_EDGE ( 'NONE', *, *, #1886, .T. ) ;
#5710 = EDGE_CURVE ( 'NONE', #5297, #3558, #7190, .T. ) ;
#5711 = CARTESIAN_POINT ( 'NONE',  ( 0.000000000000000000, 2.636000000000000121, -19.05000000000000071 ) ) ;
#5712 = CARTESIAN_POINT ( 'NONE',  ( 18.95473847989713789, 2.327302545350581120, 18.62281477307204014 ) ) ;
#5713 = DIRECTION ( 'NONE',  ( 0.000000000000000000, 1.000000000000000000, 0.000000000000000000 ) ) ;
#5714 = LINE ( 'NONE', #7189, #7547 ) ;
#5715 = CARTESIAN_POINT ( 'NONE',  ( 44.30000000000000426, 0.000000000000000000, 0.000000000000000000 ) ) ;
#5716 = VECTOR ( 'NONE', #6407, 1000.000000000000000 ) ;
#5717 = LINE ( 'NONE', #7345, #2616 ) ;
#5718 = DIRECTION ( 'NONE',  ( -1.000000000000000000, 0.000000000000000000, 0.000000000000000000 ) ) ;
#5719 = CARTESIAN_POINT ( 'NONE',  ( 29.47481366464269925, 3.713868177035676510, 5.183224755916574722 ) ) ;
#5720 = B_SPLINE_SURFACE_WITH_KNOTS ( 'NONE', 3, 3, ( 
 ( #3923, #2218, #8794, #10425 ),
 ( #4826, #5, #7892, #6316 ),
 ( #8842, #4769, #7150, #3983 ),
 ( #3021, #10371, #4035, #7990 ) ),
 .UNSPECIFIED., .F., .F., .F.,
 ( 4, 4 ),
 ( 4, 4 ),
 ( 0.000000000000000000, 1.000000000000000000 ),
 ( 0.000000000000000000, 1.000000000000000000 ),
 .UNSPECIFIED. ) ;
#5721 = VECTOR ( 'NONE', #1437, 1000.000000000000000 ) ;
#5722 = EDGE_LOOP ( 'NONE', ( #2162, #2933, #8182, #9964 ) ) ;
#5723 = VECTOR ( 'NONE', #2817, 1000.000000000000000 ) ;
#5724 = EDGE_CURVE ( 'NONE', #10163, #5588, #6752, .T. ) ;
#5725 = CARTESIAN_POINT ( 'NONE',  ( 21.81547773157586789, 1.696581126047740140, 26.05385790252902467 ) ) ;
#5726 = CARTESIAN_POINT ( 'NONE',  ( 0.6278604711753023038, 2.236546313061031466, 22.34097931342736132 ) ) ;
#5727 = EDGE_CURVE ( 'NONE', #6832, #2915, #4953, .T. ) ;
#5728 = CARTESIAN_POINT ( 'NONE',  ( -4.185496259871328562, 0.2567190024459859998, -23.71874924611535818 ) ) ;
#5729 = DIRECTION ( 'NONE',  ( -1.000000000000000000, 0.000000000000000000, 0.000000000000000000 ) ) ;
#5730 = CARTESIAN_POINT ( 'NONE',  ( 16.87127439517252370, 3.251494639069925530, -20.80748757054600873 ) ) ;
#5731 = CARTESIAN_POINT ( 'NONE',  ( 32.94310086632999912, 1.740767511421381641, 21.14288873949487879 ) ) ;
#5732 = ORIENTED_EDGE ( 'NONE', *, *, #4266, .F. ) ;
#5733 = EDGE_CURVE ( 'NONE', #3530, #9866, #3319, .T. ) ;
#5734 = EDGE_LOOP ( 'NONE', ( #8446, #7437, #4395, #5689, #4245, #2289, #3551, #4401, #6601 ) ) ;
#5735 = CARTESIAN_POINT ( 'NONE',  ( -4.700000000000044587, 2.555791633642385374, 21.08033651697926203 ) ) ;
#5736 = CARTESIAN_POINT ( 'NONE',  ( 6.349999999999997868, 500000.0000000000582, 26.10710678118654471 ) ) ;
#5737 = DIRECTION ( 'NONE',  ( -0.7071067811865476838, 0.000000000000000000, -0.7071067811865474617 ) ) ;
#5738 = CARTESIAN_POINT ( 'NONE',  ( -1.724900131417507421, 1.880411291187001899, -23.61679869546307842 ) ) ;
#5739 = VERTEX_POINT ( 'NONE', #3958 ) ;
#5740 = CARTESIAN_POINT ( 'NONE',  ( 35.89475396409272179, 1.818757844652042044, -10.65484793408108999 ) ) ;
#5741 = CARTESIAN_POINT ( 'NONE',  ( -1.107021827128252589, 5.577328453835498578, -14.98897393085015928 ) ) ;
#5742 = CARTESIAN_POINT ( 'NONE',  ( 5.143516556418887858E-16, 9.402733490373224257, 23.25000000000000355 ) ) ;
#5743 = DIRECTION ( 'NONE',  ( 0.000000000000000000, 0.000000000000000000, -1.000000000000000000 ) ) ;
#5744 = CARTESIAN_POINT ( 'NONE',  ( 32.51909110275906301, 3.692150865603335497, 22.04854638691155699 ) ) ;
#5745 = ORIENTED_EDGE ( 'NONE', *, *, #655, .F. ) ;
#5746 = ORIENTED_EDGE ( 'NONE', *, *, #7337, .F. ) ;
#5747 = ORIENTED_EDGE ( 'NONE', *, *, #6935, .F. ) ;
#5748 = CARTESIAN_POINT ( 'NONE',  ( 44.29999999999808580, 1.957122840334918568, -5.965326974701334883 ) ) ;
#5749 = CARTESIAN_POINT ( 'NONE',  ( 5.815161549651274520, 3.529114448353550593, 16.89026394438633716 ) ) ;
#5750 = CARTESIAN_POINT ( 'NONE',  ( 7.571893193904461583, 3.163308881503714254, -15.11490372132769089 ) ) ;
#5751 = DIRECTION ( 'NONE',  ( 0.000000000000000000, 0.000000000000000000, -1.000000000000000000 ) ) ;
#5752 = DIRECTION ( 'NONE',  ( 1.000000000000000000, -0.000000000000000000, -0.000000000000000000 ) ) ;
#5753 = CARTESIAN_POINT ( 'NONE',  ( 34.21461625323879474, -3.049999999999999822, 34.20853641012678992 ) ) ;
#5754 = CARTESIAN_POINT ( 'NONE',  ( 5.183937159028166874, 2.697717004800114449, -19.55000000000000426 ) ) ;
#5755 = ADVANCED_FACE ( 'NONE', ( #8125, #6466, #6563 ), #7192, .T. ) ;
#5756 = VERTEX_POINT ( 'NONE', #8879 ) ;
#5757 = VERTEX_POINT ( 'NONE', #6514 ) ;
#5758 = ORIENTED_EDGE ( 'NONE', *, *, #8336, .F. ) ;
#5759 = ORIENTED_EDGE ( 'NONE', *, *, #9195, .F. ) ;
#5760 = CARTESIAN_POINT ( 'NONE',  ( -1.887606576890919818, 5.556597707000721087, 15.28789470940954942 ) ) ;
#5761 = CARTESIAN_POINT ( 'NONE',  ( 24.00291379433241801, 2.510824348168870568, 20.37774368176101092 ) ) ;
#5762 = LINE ( 'NONE', #92, #3107 ) ;
#5763 = PLANE ( 'NONE',  #2252 ) ;
#5764 = DIRECTION ( 'NONE',  ( 0.000000000000000000, -1.000000000000000000, 0.000000000000000000 ) ) ;
#5765 = DIRECTION ( 'NONE',  ( 0.000000000000000000, 0.000000000000000000, 1.000000000000000000 ) ) ;
#5766 = CARTESIAN_POINT ( 'NONE',  ( 19.81533754827625415, 9.402733490373224257, 18.05894384053563684 ) ) ;
#5767 = CARTESIAN_POINT ( 'NONE',  ( 25.40241547189985738, 2.280123951586676689, 18.38169548394165176 ) ) ;
#5768 = UNCERTAINTY_MEASURE_WITH_UNIT (LENGTH_MEASURE( 1.000000000000000082E-05 ), #9281, 'distance_accuracy_value', 'NONE');
#5769 = CARTESIAN_POINT ( 'NONE',  ( 29.14397512524899625, 4.342086711066865057, 4.634461531470694950 ) ) ;
#5770 = DIRECTION ( 'NONE',  ( -1.000000000000000000, 0.000000000000000000, 0.000000000000000000 ) ) ;
#5771 = EDGE_CURVE ( 'NONE', #3202, #8723, #5717, .T. ) ;
#5772 = CARTESIAN_POINT ( 'NONE',  ( 5.199999999996680167, -3.049999999999998934, -22.85041977248753042 ) ) ;
#5773 = CARTESIAN_POINT ( 'NONE',  ( 4.974016717263126885, 2.532108739104018014, -20.25345709535053373 ) ) ;
#5774 = EDGE_CURVE ( 'NONE', #1208, #8165, #7134, .T. ) ;
#5775 = CARTESIAN_POINT ( 'NONE',  ( 23.83225209148818990, 3.310176825426303093, -17.87558723250324988 ) ) ;
#5776 = ORIENTED_EDGE ( 'NONE', *, *, #9353, .T. ) ;
#5777 = EDGE_CURVE ( 'NONE', #4495, #7320, #6621, .T. ) ;
#5778 = CARTESIAN_POINT ( 'NONE',  ( -4.700000000000001066, 2.008311135681220438, 23.25000000000000355 ) ) ;
#5779 = CARTESIAN_POINT ( 'NONE',  ( 9.518329979527749174, 4.780582887084208643, -16.48623112774831867 ) ) ;
#5780 = B_SPLINE_CURVE_WITH_KNOTS ( 'NONE', 3,
 ( #4552, #3135, #7729, #5402 ),
 .UNSPECIFIED., .F., .F.,
 ( 4, 4 ),
 ( 0.08043724162921227216, 1.000000000000000000 ),
 .UNSPECIFIED. ) ;
#5781 = CARTESIAN_POINT ( 'NONE',  ( -0.8890000000000007896, 5.620031239805934220, 8.782263041491191302 ) ) ;
#5782 = DIRECTION ( 'NONE',  ( -0.000000000000000000, 1.000000000000000000, 0.000000000000000000 ) ) ;
#5783 = ORIENTED_EDGE ( 'NONE', *, *, #9915, .F. ) ;
#5784 = CYLINDRICAL_SURFACE ( 'NONE', #1090, 1.000000000000000000 ) ;
#5785 = DIRECTION ( 'NONE',  ( 1.000000000000000000, 0.000000000000000000, -0.000000000000000000 ) ) ;
#5786 = DIRECTION ( 'NONE',  ( 0.000000000000000000, 0.000000000000000000, -1.000000000000000000 ) ) ;
#5787 = CARTESIAN_POINT ( 'NONE',  ( 7.916723904893265384, 3.049999999999995381, 25.24999999999999289 ) ) ;
#5788 = EDGE_CURVE ( 'NONE', #6648, #6629, #1816, .T. ) ;
#5789 = CARTESIAN_POINT ( 'NONE',  ( 1.413345693496378397, 1.972153348677075480, 23.38535249738007593 ) ) ;
#5790 = CARTESIAN_POINT ( 'NONE',  ( 7.303099824356782399, 3.382454791202610167, -14.28047074785592585 ) ) ;
#5791 = ORIENTED_EDGE ( 'NONE', *, *, #8433, .T. ) ;
#5792 = VERTEX_POINT ( 'NONE', #9626 ) ;
#5793 = B_SPLINE_CURVE_WITH_KNOTS ( 'NONE', 3,
 ( #4041, #63, #9895, #7270 ),
 .UNSPECIFIED., .F., .F.,
 ( 4, 4 ),
 ( 0.000000000000000000, 0.001054307824413972189 ),
 .UNSPECIFIED. ) ;
#5794 = ORIENTED_EDGE ( 'NONE', *, *, #6569, .F. ) ;
#5795 = EDGE_CURVE ( 'NONE', #3365, #2115, #780, .T. ) ;
#5796 = ADVANCED_FACE ( 'NONE', ( #10462 ), #8934, .T. ) ;
#5797 = CARTESIAN_POINT ( 'NONE',  ( -4.700000000000000178, 3.924999999999987388, -12.35000000000000142 ) ) ;
#5798 = ORIENTED_EDGE ( 'NONE', *, *, #3946, .T. ) ;
#5799 = CARTESIAN_POINT ( 'NONE',  ( 42.88902002922790047, 3.215208333332864488, -7.165897858374420615 ) ) ;
#5800 = CARTESIAN_POINT ( 'NONE',  ( 34.43176906882839461, 2.229732291508121911, 20.14530549571709983 ) ) ;
#5801 = DIRECTION ( 'NONE',  ( -1.000000000000000000, 0.000000000000000000, 0.000000000000000000 ) ) ;
#5802 = CARTESIAN_POINT ( 'NONE',  ( 3.175000000000001155, -2.286000000000000032, -18.55000000000000071 ) ) ;
#5803 = CARTESIAN_POINT ( 'NONE',  ( 12.42947177860803265, 1.016666666666666607, -25.21326748342011825 ) ) ;
#5804 = CARTESIAN_POINT ( 'NONE',  ( -5.460999999999999410, 3.174999999999986944, 9.574999999999999289 ) ) ;
#5805 = EDGE_CURVE ( 'NONE', #1903, #3496, #10452, .T. ) ;
#5806 = VERTEX_POINT ( 'NONE', #6352 ) ;
#5807 = ORIENTED_EDGE ( 'NONE', *, *, #8877, .F. ) ;
#5808 = ORIENTED_EDGE ( 'NONE', *, *, #6046, .F. ) ;
#5809 = ORIENTED_EDGE ( 'NONE', *, *, #5200, .F. ) ;
#5810 = CARTESIAN_POINT ( 'NONE',  ( 37.98074645997588306, 2.420386801677851363, 2.459573554594386202 ) ) ;
#5811 = CARTESIAN_POINT ( 'NONE',  ( 28.11638934449502969, 2.359308170725718856, 21.39744953280755624 ) ) ;
#5812 = LINE ( 'NONE', #6408, #6813 ) ;
#5813 = CARTESIAN_POINT ( 'NONE',  ( 12.92767350545318195, 2.088455801128930034, -16.37999438508620997 ) ) ;
#5814 = CARTESIAN_POINT ( 'NONE',  ( 44.30000000000001137, 1.260168174698028443, -4.308767661416483818 ) ) ;
#5815 = DIRECTION ( 'NONE',  ( 0.000000000000000000, 0.000000000000000000, 1.000000000000000000 ) ) ;
#5816 = CIRCLE ( 'NONE', #1224, 3.174999999999999822 ) ;
#5817 = DIRECTION ( 'NONE',  ( -8.659560562354948882E-17, 0.7071067811865463515, 0.7071067811865487940 ) ) ;
#5818 = CARTESIAN_POINT ( 'NONE',  ( 20.30526913356531793, 4.875475751861352514, 4.500040896065157447 ) ) ;
#5819 = VECTOR ( 'NONE', #6479, 1000.000000000000000 ) ;
#5820 = CIRCLE ( 'NONE', #4796, 3.174999999999999822 ) ;
#5821 = CARTESIAN_POINT ( 'NONE',  ( 30.96058010306374442, 4.066834371789107117, 4.808899052271449648 ) ) ;
#5822 = CARTESIAN_POINT ( 'NONE',  ( 6.907106781186545419, -2.286000000000000032, 25.25000000000000000 ) ) ;
#5823 = FACE_OUTER_BOUND ( 'NONE', #5425, .T. ) ;
#5824 = VECTOR ( 'NONE', #2671, 1000.000000000000000 ) ;
#5825 = CARTESIAN_POINT ( 'NONE',  ( -3.961000000000000298, 2.424999999999986944, 2.726810797105496675 ) ) ;
#5826 = CARTESIAN_POINT ( 'NONE',  ( 28.59493532819329786, -3.049999999999996270, -15.07791605904613697 ) ) ;
#5827 = AXIS2_PLACEMENT_3D ( 'NONE', #6482, #2543, #8049 ) ;
#5828 = ORIENTED_EDGE ( 'NONE', *, *, #9735, .T. ) ;
#5829 = VERTEX_POINT ( 'NONE', #2415 ) ;
#5830 = VECTOR ( 'NONE', #3877, 1000.000000000000000 ) ;
#5831 = CARTESIAN_POINT ( 'NONE',  ( 7.584892087439454755, 3.658749342580230213, -13.09271953202650884 ) ) ;
#5832 = EDGE_CURVE ( 'NONE', #5398, #6869, #400, .T. ) ;
#5833 = DIRECTION ( 'NONE',  ( 0.000000000000000000, 0.000000000000000000, -1.000000000000000000 ) ) ;
#5834 = CARTESIAN_POINT ( 'NONE',  ( 42.57964849015525743, -3.049999999999999822, 6.008385533254134714 ) ) ;
#5835 = CARTESIAN_POINT ( 'NONE',  ( -3.961000000000000298, 3.924999999999987388, -2.726810797105496231 ) ) ;
#5836 = ORIENTED_EDGE ( 'NONE', *, *, #3179, .T. ) ;
#5837 = VECTOR ( 'NONE', #8902, 1000.000000000000000 ) ;
#5838 = CARTESIAN_POINT ( 'NONE',  ( -4.741304434859297423, 4.369502439582366726, -13.83268426046049093 ) ) ;
#5839 = CARTESIAN_POINT ( 'NONE',  ( -2.589014057736957142, 5.416773473256449201, -15.73144027726801042 ) ) ;
#5840 = EDGE_CURVE ( 'NONE', #3935, #5131, #5014, .T. ) ;
#5841 = CARTESIAN_POINT ( 'NONE',  ( 32.51909110275907722, 9.402733490373224257, 22.04854638691155699 ) ) ;
#5842 = CARTESIAN_POINT ( 'NONE',  ( 12.69999999999999218, 2.286000000000008026, 26.57328681698263040 ) ) ;
#5843 = AXIS2_PLACEMENT_3D ( 'NONE', #6526, #9685, #2430 ) ;
#5844 = B_SPLINE_CURVE_WITH_KNOTS ( 'NONE', 3,
 ( #1600, #1693, #9793, #7558 ),
 .UNSPECIFIED., .F., .F.,
 ( 4, 4 ),
 ( 0.0005921194878474207723, 0.01290873819559404216 ),
 .UNSPECIFIED. ) ;
#5845 = CARTESIAN_POINT ( 'NONE',  ( 0.9621049669122568870, 1.948281908574808652, 23.48285648447009066 ) ) ;
#5846 = VECTOR ( 'NONE', #4135, 1000.000000000000000 ) ;
#5847 = DIRECTION ( 'NONE',  ( 0.000000000000000000, -1.000000000000000000, -0.000000000000000000 ) ) ;
#5848 = VERTEX_POINT ( 'NONE', #8030 ) ;
#5849 = ORIENTED_EDGE ( 'NONE', *, *, #1174, .T. ) ;
#5850 = ORIENTED_EDGE ( 'NONE', *, *, #4594, .F. ) ;
#5851 = EDGE_LOOP ( 'NONE', ( #9318, #5453, #815, #5298, #654 ) ) ;
#5852 = CARTESIAN_POINT ( 'NONE',  ( 44.29999999999999005, -3.075416666666563881, -5.036003194656501591 ) ) ;
#5853 = EDGE_CURVE ( 'NONE', #6869, #10322, #4910, .T. ) ;
#5854 = CARTESIAN_POINT ( 'NONE',  ( 44.30000000000003979, 3.059521897315092165, 0.3951732641520632194 ) ) ;
#5855 = CARTESIAN_POINT ( 'NONE',  ( 25.08568099124720518, 3.050000000000000266, 29.43635374830623874 ) ) ;
#5856 = LINE ( 'NONE', #3402, #904 ) ;
#5857 = CARTESIAN_POINT ( 'NONE',  ( 12.19999999999999929, 500000.0000000000582, 28.61461724824544106 ) ) ;
#5858 = ADVANCED_FACE ( 'NONE', ( #6609 ), #189, .T. ) ;
#5859 = EDGE_CURVE ( 'NONE', #6457, #3034, #2730, .T. ) ;
#5860 = DIRECTION ( 'NONE',  ( 0.000000000000000000, -1.000000000000000000, 0.000000000000000000 ) ) ;
#5861 = ORIENTED_EDGE ( 'NONE', *, *, #7627, .T. ) ;
#5862 = ORIENTED_EDGE ( 'NONE', *, *, #9065, .T. ) ;
#5863 = VERTEX_POINT ( 'NONE', #2627 ) ;
#5864 = ORIENTED_EDGE ( 'NONE', *, *, #4994, .F. ) ;
#5865 = CARTESIAN_POINT ( 'NONE',  ( 34.04836453733237533, 2.565034384928940092, 34.46320872215882503 ) ) ;
#5866 = EDGE_CURVE ( 'NONE', #9902, #1025, #5959, .T. ) ;
#5867 = FACE_OUTER_BOUND ( 'NONE', #2348, .T. ) ;
#5868 = CARTESIAN_POINT ( 'NONE',  ( 21.23710335980787534, 1.744198964630444326, 25.47610495119707608 ) ) ;
#5869 = FACE_OUTER_BOUND ( 'NONE', #5234, .T. ) ;
#5870 = CARTESIAN_POINT ( 'NONE',  ( 12.19999999999999929, 500000.0000000000582, 28.61461724824544106 ) ) ;
#5871 = CARTESIAN_POINT ( 'NONE',  ( 15.83538275175456000, -2.286000000000000032, 31.25000000000000000 ) ) ;
#5872 = CARTESIAN_POINT ( 'NONE',  ( 35.90260324139589443, 1.923913986251669872, 15.93335590151432157 ) ) ;
#5873 = VECTOR ( 'NONE', #6143, 1000.000000000000000 ) ;
#5874 = CARTESIAN_POINT ( 'NONE',  ( 15.17016408528470350, 2.817807498188363180, 16.70145406081535100 ) ) ;
#5875 = AXIS2_PLACEMENT_3D ( 'NONE', #10221, #6444, #9653 ) ;
#5876 = B_SPLINE_CURVE_WITH_KNOTS ( 'NONE', 3,
 ( #8816, #1669, #9014, #3309, #132, #8015, #8217, #873 ),
 .UNSPECIFIED., .F., .F.,
 ( 4, 2, 2, 4 ),
 ( 0.000000000000000000, 0.4784717317197400011, 0.9569434634394800021, 1.000000000000000000 ),
 .UNSPECIFIED. ) ;
#5877 = VECTOR ( 'NONE', #251, 1000.000000000000000 ) ;
#5878 = B_SPLINE_CURVE_WITH_KNOTS ( 'NONE', 3,
 ( #6471, #733, #5669, #2531 ),
 .UNSPECIFIED., .F., .F.,
 ( 4, 4 ),
 ( 0.000000000000000000, 0.002311148788899220104 ),
 .UNSPECIFIED. ) ;
#5879 = CARTESIAN_POINT ( 'NONE',  ( 19.86326343966519659, 5.515704393751023282, 4.062371178248214143 ) ) ;
#5880 = CARTESIAN_POINT ( 'NONE',  ( -0.8890000000000000124, 3.174999999999987388, 6.349999999999999645 ) ) ;
#5881 = CARTESIAN_POINT ( 'NONE',  ( 39.64600981257220980, 1.384633633080289972, -9.784043724861399838 ) ) ;
#5882 = FACE_OUTER_BOUND ( 'NONE', #1492, .T. ) ;
#5883 = AXIS2_PLACEMENT_3D ( 'NONE', #8968, #4153, #8067 ) ;
#5884 = ORIENTED_EDGE ( 'NONE', *, *, #5667, .T. ) ;
#5885 = DIRECTION ( 'NONE',  ( 0.000000000000000000, 0.000000000000000000, -1.000000000000000000 ) ) ;
#5886 = CARTESIAN_POINT ( 'NONE',  ( 33.54812185544469116, 3.652144948212732611, 21.95064011343863442 ) ) ;
#5887 = CARTESIAN_POINT ( 'NONE',  ( -4.453297610555715380, 3.924999999999989164, 10.47488153840690117 ) ) ;
#5888 = CARTESIAN_POINT ( 'NONE',  ( 22.34361167266428794, 2.286000000000014687, 29.18442166560939910 ) ) ;
#5889 = DIRECTION ( 'NONE',  ( -1.000000000000000000, 0.000000000000000000, 0.000000000000000000 ) ) ;
#5890 = CARTESIAN_POINT ( 'NONE',  ( 0.000000000000000000, 2.286000000000000032, 31.75000000000000000 ) ) ;
#5891 = DIRECTION ( 'NONE',  ( 0.000000000000000000, 0.000000000000000000, 1.000000000000000000 ) ) ;
#5892 = CARTESIAN_POINT ( 'NONE',  ( 27.61555498644357698, 2.286000000000006693, 33.72268117474051508 ) ) ;
#5893 = CARTESIAN_POINT ( 'NONE',  ( 6.802620887567595531, 3.799946716958203297, -15.27494628359985995 ) ) ;
#5894 = CARTESIAN_POINT ( 'NONE',  ( 19.54543158553845572, 4.274137700665655792, 19.05290783099803420 ) ) ;
#5895 = EDGE_LOOP ( 'NONE', ( #1077, #5232, #7780, #7587, #4986, #6259 ) ) ;
#5896 = VERTEX_POINT ( 'NONE', #7445 ) ;
#5897 = EDGE_LOOP ( 'NONE', ( #9056, #6246 ) ) ;
#5898 = VERTEX_POINT ( 'NONE', #7543 ) ;
#5899 = FACE_OUTER_BOUND ( 'NONE', #7631, .T. ) ;
#5900 = CARTESIAN_POINT ( 'NONE',  ( 0.5000000000000000000, 1.670704066994863624, 23.25518880613506667 ) ) ;
#5901 = LINE ( 'NONE', #9955, #1915 ) ;
#5902 = CARTESIAN_POINT ( 'NONE',  ( 14.56121020006551880, -3.050000000000000266, 23.75000000000000711 ) ) ;
#5903 = CARTESIAN_POINT ( 'NONE',  ( 17.19415689518923074, 5.600301641519048523, 2.174999999999983391 ) ) ;
#5904 = CARTESIAN_POINT ( 'NONE',  ( 34.14429683012587446, 2.058135212638500633, 22.74768832071396574 ) ) ;
#5905 = CARTESIAN_POINT ( 'NONE',  ( 37.66336258004606918, 3.112627672636274490, 26.71927384549425000 ) ) ;
#5906 = EDGE_CURVE ( 'NONE', #10115, #5848, #8233, .T. ) ;
#5907 = VERTEX_POINT ( 'NONE', #9082 ) ;
#5908 = EDGE_LOOP ( 'NONE', ( #6134, #8969, #4210, #8273 ) ) ;
#5909 = ORIENTED_EDGE ( 'NONE', *, *, #7329, .T. ) ;
#5910 = ORIENTED_EDGE ( 'NONE', *, *, #5008, .T. ) ;
#5911 = EDGE_CURVE ( 'NONE', #10261, #8004, #8866, .T. ) ;
#5912 = CARTESIAN_POINT ( 'NONE',  ( 38.87432515679403622, 2.189261621414570147, 3.635885576352035908 ) ) ;
#5913 = LINE ( 'NONE', #1977, #6719 ) ;
#5914 = CARTESIAN_POINT ( 'NONE',  ( 16.42965914969645880, 4.302955619121616948, 9.163805209614345415 ) ) ;
#5915 = CARTESIAN_POINT ( 'NONE',  ( 16.20382060347326458, 2.088455801128930034, -15.37971531355483279 ) ) ;
#5916 = CARTESIAN_POINT ( 'NONE',  ( -3.175000000000001155, -2.286000000000000032, -18.55000000000000071 ) ) ;
#5917 = LINE ( 'NONE', #1875, #4866 ) ;
#5918 = CARTESIAN_POINT ( 'NONE',  ( 16.73814883584767088, 2.139052400585633951, 19.73472000570174956 ) ) ;
#5919 = EDGE_CURVE ( 'NONE', #18, #534, #5153, .T. ) ;
#5920 = DIRECTION ( 'NONE',  ( 0.000000000000000000, 0.000000000000000000, 1.000000000000000000 ) ) ;
#5921 = EDGE_CURVE ( 'NONE', #1825, #9376, #1832, .T. ) ;
#5922 = CARTESIAN_POINT ( 'NONE',  ( 22.25257048318322362, 2.338472411927352113, 21.56136258676425754 ) ) ;
#5923 = CARTESIAN_POINT ( 'NONE',  ( 28.08840112432768166, 0.7859999999999998099, 32.24999999999960920 ) ) ;
#5924 = CARTESIAN_POINT ( 'NONE',  ( 17.12096328632419073, 3.049853680231390918, -21.58370095951532264 ) ) ;
#5925 = CARTESIAN_POINT ( 'NONE',  ( 3.135382751754560271, 1.136000000000000343, 18.55000000000000071 ) ) ;
#5926 = ORIENTED_EDGE ( 'NONE', *, *, #4520, .F. ) ;
#5927 = DIRECTION ( 'NONE',  ( 0.000000000000000000, -1.000000000000000000, 0.000000000000000000 ) ) ;
#5928 = FACE_OUTER_BOUND ( 'NONE', #1771, .T. ) ;
#5929 = CARTESIAN_POINT ( 'NONE',  ( -4.000000000000000888, 3.049999999999999822, 25.25000000000000000 ) ) ;
#5930 = CARTESIAN_POINT ( 'NONE',  ( 16.94248890403582664, 2.286000000000037780, 27.04586178576730049 ) ) ;
#5931 = DIRECTION ( 'NONE',  ( -0.000000000000000000, -1.000000000000000000, -0.000000000000000000 ) ) ;
#5932 = FACE_OUTER_BOUND ( 'NONE', #122, .T. ) ;
#5933 = CARTESIAN_POINT ( 'NONE',  ( -3.310583013358813442, 2.101837899722585945, -22.82079603180619642 ) ) ;
#5934 = CARTESIAN_POINT ( 'NONE',  ( 19.24544916096559888, 3.049999999999998490, 26.32629283316820690 ) ) ;
#5935 = CARTESIAN_POINT ( 'NONE',  ( 36.49935921531636041, 2.278100605011166735, -7.226157203710946497 ) ) ;
#5936 = LINE ( 'NONE', #8357, #2114 ) ;
#5937 = ORIENTED_EDGE ( 'NONE', *, *, #6427, .F. ) ;
#5938 = ORIENTED_EDGE ( 'NONE', *, *, #5111, .F. ) ;
#5939 = ORIENTED_EDGE ( 'NONE', *, *, #6080, .F. ) ;
#5940 = ORIENTED_EDGE ( 'NONE', *, *, #4745, .F. ) ;
#5941 = CARTESIAN_POINT ( 'NONE',  ( 44.30000000000000426, -3.215208333333415602, -5.034648370084313207 ) ) ;
#5942 = FACE_OUTER_BOUND ( 'NONE', #1388, .T. ) ;
#5943 = CARTESIAN_POINT ( 'NONE',  ( 26.21241314520658605, 3.049999999999989608, 30.36149501877342161 ) ) ;
#5944 = CARTESIAN_POINT ( 'NONE',  ( 5.200000000000002842, 2.557006404247744502, 20.95036871621718433 ) ) ;
#5945 = PLANE ( 'NONE',  #3970 ) ;
#5946 = CARTESIAN_POINT ( 'NONE',  ( -4.700000000000000178, -3.049999999999999822, 0.7500000000000000000 ) ) ;
#5947 = EDGE_CURVE ( 'NONE', #7052, #8167, #6014, .T. ) ;
#5948 = CARTESIAN_POINT ( 'NONE',  ( 34.00436893349572642, 3.067967340555118216, 33.63661025794702653 ) ) ;
#5949 = EDGE_CURVE ( 'NONE', #6147, #3032, #10018, .T. ) ;
#5950 = ORIENTED_EDGE ( 'NONE', *, *, #1822, .T. ) ;
#5951 = ORIENTED_EDGE ( 'NONE', *, *, #1573, .F. ) ;
#5952 = ORIENTED_EDGE ( 'NONE', *, *, #1107, .T. ) ;
#5953 = ORIENTED_EDGE ( 'NONE', *, *, #1370, .F. ) ;
#5954 = CARTESIAN_POINT ( 'NONE',  ( 33.91954904391470649, 2.564502507317119928, 34.65975652216957315 ) ) ;
#5955 = CARTESIAN_POINT ( 'NONE',  ( 12.93390635360939633, 5.910943095162020100, -2.178633244191624296 ) ) ;
#5956 = CARTESIAN_POINT ( 'NONE',  ( 19.07566588561256893, 1.772537893577841750, 24.67733771111509355 ) ) ;
#5957 = DIRECTION ( 'NONE',  ( 0.000000000000000000, -1.000000000000000000, 0.000000000000000000 ) ) ;
#5958 = EDGE_CURVE ( 'NONE', #9687, #4649, #8514, .T. ) ;
#5959 = LINE ( 'NONE', #340, #2937 ) ;
#5960 = CARTESIAN_POINT ( 'NONE',  ( 10.38435538331265739, 4.606709381957317717, -16.98623112774832933 ) ) ;
#5961 = EDGE_CURVE ( 'NONE', #2394, #1114, #5996, .T. ) ;
#5962 = CARTESIAN_POINT ( 'NONE',  ( 16.03612551285981525, 5.900423398581687628, 1.215832609979176526 ) ) ;
#5963 = ADVANCED_FACE ( 'NONE', ( #9823 ), #4262, .T. ) ;
#5964 = CARTESIAN_POINT ( 'NONE',  ( 12.19999999999999929, 0.7859999999999998099, 28.61461724824544106 ) ) ;
#5965 = VECTOR ( 'NONE', #4798, 1000.000000000000000 ) ;
#5966 = ADVANCED_FACE ( 'NONE', ( #8328 ), #2266, .F. ) ;
#5967 = CARTESIAN_POINT ( 'NONE',  ( 13.66295659092429737, 2.598239864568259616, 20.33619352377114353 ) ) ;
#5968 = DIRECTION ( 'NONE',  ( 0.000000000000000000, 0.000000000000000000, -1.000000000000000000 ) ) ;
#5969 = CARTESIAN_POINT ( 'NONE',  ( 2.152962121131881013, 3.049997035189169203, -24.81737575476536506 ) ) ;
#5970 = ADVANCED_FACE ( 'NONE', ( #144 ), #10035, .F. ) ;
#5971 = CARTESIAN_POINT ( 'NONE',  ( 0.000000000000000000, -2.286000000000000032, 35.75000000000000711 ) ) ;
#5972 = ADVANCED_FACE ( 'NONE', ( #1085 ), #1926, .T. ) ;
#5973 = AXIS2_PLACEMENT_3D ( 'NONE', #2539, #9749, #7413 ) ;
#5974 = CARTESIAN_POINT ( 'NONE',  ( -4.011049391269129849, 1.477824313854570581, -18.55000000000000071 ) ) ;
#5975 = VERTEX_POINT ( 'NONE', #8382 ) ;
#5976 = AXIS2_PLACEMENT_3D ( 'NONE', #2876, #5255, #290 ) ;
#5977 = CARTESIAN_POINT ( 'NONE',  ( 23.34888340042749633, 4.023045849518188888, -5.365908848439331358 ) ) ;
#5978 = EDGE_CURVE ( 'NONE', #9375, #9428, #5492, .T. ) ;
#5979 = CARTESIAN_POINT ( 'NONE',  ( 20.16325504235057053, -1.408942299790221675, 24.73863309098716812 ) ) ;
#5980 = CARTESIAN_POINT ( 'NONE',  ( -3.666060555964672840, 1.136000000000000343, -18.55000000000000071 ) ) ;
#5981 = CARTESIAN_POINT ( 'NONE',  ( 24.28290735233601438, 2.286000000000010690, 30.48841193813648687 ) ) ;
#5982 = AXIS2_PLACEMENT_3D ( 'NONE', #2412, #5656, #7969 ) ;
#5983 = CARTESIAN_POINT ( 'NONE',  ( -3.135382751754560271, 2.286000000000000032, -19.55000000000000071 ) ) ;
#5984 = CARTESIAN_POINT ( 'NONE',  ( 0.000000000000000000, 1.136000000000000343, -19.05000000000000071 ) ) ;
#5985 = CARTESIAN_POINT ( 'NONE',  ( -2.500000000000000000, 2.286000000000000032, 29.79280174739501774 ) ) ;
#5986 = AXIS2_PLACEMENT_3D ( 'NONE', #6376, #6155, #6433 ) ;
#5987 = CARTESIAN_POINT ( 'NONE',  ( 22.34361167266428794, 2.286000000000014687, 29.18442166560939910 ) ) ;
#5988 = CARTESIAN_POINT ( 'NONE',  ( 33.52967632364920547, 3.064564505155261909, 34.37044711099468941 ) ) ;
#5989 = DIRECTION ( 'NONE',  ( -8.796892153616541600E-13, 0.000000000000000000, -1.000000000000000000 ) ) ;
#5990 = EDGE_LOOP ( 'NONE', ( #5648, #4452, #1277, #3876, #3139, #6981, #1401, #138 ) ) ;
#5991 = ORIENTED_EDGE ( 'NONE', *, *, #650, .F. ) ;
#5992 = CIRCLE ( 'NONE', #4128, 2.100000000000004530 ) ;
#5993 = EDGE_LOOP ( 'NONE', ( #10165, #2459, #7799, #2175, #7757, #9282, #5953, #2958, #1064, #6247, #1707 ) ) ;
#5994 = EDGE_LOOP ( 'NONE', ( #6123, #7965, #9269, #3830 ) ) ;
#5995 = DIRECTION ( 'NONE',  ( -0.000000000000000000, 0.000000000000000000, -1.000000000000000000 ) ) ;
#5996 = CIRCLE ( 'NONE', #1425, 3.225000000000000533 ) ;
#5997 = PLANE ( 'NONE',  #630 ) ;
#5998 = FACE_OUTER_BOUND ( 'NONE', #10150, .T. ) ;
#5999 = LINE ( 'NONE', #7674, #3782 ) ;
#6000 = CARTESIAN_POINT ( 'NONE',  ( 16.02798589664862661, 5.646860306438081345, 2.542737560594927615 ) ) ;
#6001 = CARTESIAN_POINT ( 'NONE',  ( 0.000000000000000000, -2.286000000000000032, 19.05000000000000071 ) ) ;
#6002 = CIRCLE ( 'NONE', #3967, 3.700000000000000178 ) ;
#6003 = VECTOR ( 'NONE', #10360, 1000.000000000000000 ) ;
#6004 = CARTESIAN_POINT ( 'NONE',  ( 43.38243417310884098, 1.284689151878712243, -6.714345968604026993 ) ) ;
#6005 = LINE ( 'NONE', #228, #5178 ) ;
#6006 = EDGE_LOOP ( 'NONE', ( #5039, #3980, #379, #2258 ) ) ;
#6007 = ORIENTED_EDGE ( 'NONE', *, *, #7137, .T. ) ;
#6008 = ORIENTED_EDGE ( 'NONE', *, *, #6287, .T. ) ;
#6009 = CARTESIAN_POINT ( 'NONE',  ( -500000.0000000000582, -2.286000000000000032, 13.84999999999999787 ) ) ;
#6010 = CARTESIAN_POINT ( 'NONE',  ( 43.46930844509591196, 1.647625809530446350, 10.35108888375242664 ) ) ;
#6011 = CARTESIAN_POINT ( 'NONE',  ( 14.51947253870224586, 6.013738784351959410, -1.099999999999577760 ) ) ;
#6012 = DIRECTION ( 'NONE',  ( 0.000000000000000000, -1.000000000000000000, -0.000000000000000000 ) ) ;
#6013 = CARTESIAN_POINT ( 'NONE',  ( -2.389000000000000234, 2.424999999999986944, 0.7500000000000000000 ) ) ;
#6014 = LINE ( 'NONE', #3520, #3291 ) ;
#6015 = CARTESIAN_POINT ( 'NONE',  ( -6.199999999999981526, 3.049999999999999822, -25.25000000000000000 ) ) ;
#6016 = B_SPLINE_CURVE_WITH_KNOTS ( 'NONE', 3,
 ( #8249, #1004, #5027, #2640 ),
 .UNSPECIFIED., .F., .F.,
 ( 4, 4 ),
 ( 0.2561597709737704065, 0.9999999999999998890 ),
 .UNSPECIFIED. ) ;
#6017 = CARTESIAN_POINT ( 'NONE',  ( 17.31570715817912642, 4.569979202852429978, 7.558219356747775564 ) ) ;
#6018 = CARTESIAN_POINT ( 'NONE',  ( -0.5267827368280948441, 4.107414975617264652, 14.86726779310647828 ) ) ;
#6019 = EDGE_LOOP ( 'NONE', ( #2842, #1216, #2052, #4935 ) ) ;
#6020 = EDGE_CURVE ( 'NONE', #624, #1903, #8541, .T. ) ;
#6021 = CARTESIAN_POINT ( 'NONE',  ( 17.13325726020303463, 4.131090650605823811, 12.34375538385959103 ) ) ;
#6022 = AXIS2_PLACEMENT_3D ( 'NONE', #631, #10256, #5509 ) ;
#6023 = DIRECTION ( 'NONE',  ( 1.000000000000000000, 0.000000000000000000, -2.764605985400094614E-17 ) ) ;
#6024 = AXIS2_PLACEMENT_3D ( 'NONE', #3887, #7067, #10278 ) ;
#6025 = CARTESIAN_POINT ( 'NONE',  ( 32.58208850652825816, 3.362159422002357623, -12.93322106638309776 ) ) ;
#6026 = B_SPLINE_CURVE_WITH_KNOTS ( 'NONE', 3,
 ( #8731, #10361, #735, #3973, #10141, #6140 ),
 .UNSPECIFIED., .F., .F.,
 ( 4, 2, 4 ),
 ( 0.001342086818780472389, 0.01131651942157087948, 0.02129095202436128570 ),
 .UNSPECIFIED. ) ;
#6027 = CARTESIAN_POINT ( 'NONE',  ( 0.4999999999999998890, 0.7859999999999998099, 28.61461724824544106 ) ) ;
#6028 = EDGE_CURVE ( 'NONE', #6721, #10387, #921, .T. ) ;
#6029 = VECTOR ( 'NONE', #5021, 1000.000000000000000 ) ;
#6030 = ORIENTED_EDGE ( 'NONE', *, *, #7825, .T. ) ;
#6031 = AXIS2_PLACEMENT_3D ( 'NONE', #8800, #2632, #7406 ) ;
#6032 = ORIENTED_EDGE ( 'NONE', *, *, #4278, .F. ) ;
#6033 = CARTESIAN_POINT ( 'NONE',  ( 7.287338360441402152, 2.310069625282659356, -18.64708334381817068 ) ) ;
#6034 = EDGE_CURVE ( 'NONE', #1122, #5016, #9289, .T. ) ;
#6035 = CARTESIAN_POINT ( 'NONE',  ( 16.51034038153090222, 1.873173100629327736, 23.75000000000000355 ) ) ;
#6036 = CARTESIAN_POINT ( 'NONE',  ( 3.135382751754560271, 0.7859999999999998099, 32.25000000000000000 ) ) ;
#6037 = CARTESIAN_POINT ( 'NONE',  ( -4.727020936684228403, 2.938422120633130685, -25.14828147721672735 ) ) ;
#6038 = PLANE ( 'NONE',  #574 ) ;
#6039 = DIRECTION ( 'NONE',  ( 0.000000000000000000, 1.000000000000000000, 0.000000000000000000 ) ) ;
#6040 = AXIS2_PLACEMENT_3D ( 'NONE', #9323, #4310, #8379 ) ;
#6041 = AXIS2_PLACEMENT_3D ( 'NONE', #3473, #1231, #10020 ) ;
#6042 = CARTESIAN_POINT ( 'NONE',  ( -0.5080709118060022789, 2.320820100148949461, -21.76288210991245009 ) ) ;
#6043 = CARTESIAN_POINT ( 'NONE',  ( 18.82083408972587435, 2.286000000000006693, 27.57967765688324135 ) ) ;
#6044 = DIRECTION ( 'NONE',  ( 0.000000000000000000, 0.000000000000000000, -1.000000000000000000 ) ) ;
#6045 = CARTESIAN_POINT ( 'NONE',  ( -4.700000000000001066, 2.190953103409131408, 22.52681631887406510 ) ) ;
#6046 = EDGE_CURVE ( 'NONE', #3213, #1683, #5526, .T. ) ;
#6047 = ORIENTED_EDGE ( 'NONE', *, *, #159, .F. ) ;
#6048 = ORIENTED_EDGE ( 'NONE', *, *, #1768, .T. ) ;
#6049 = ORIENTED_EDGE ( 'NONE', *, *, #9665, .F. ) ;
#6050 = CARTESIAN_POINT ( 'NONE',  ( 12.69999999999999929, 0.7859999999999998099, 31.75000000000000000 ) ) ;
#6051 = CARTESIAN_POINT ( 'NONE',  ( 37.59999999999789821, 4.358086594490474752, -2.100000000000000089 ) ) ;
#6052 = CARTESIAN_POINT ( 'NONE',  ( 5.175905717843012788, -2.286000000026433554, -18.55000000000000071 ) ) ;
#6053 = CARTESIAN_POINT ( 'NONE',  ( 0.4999999999999997780, 1.635320220543178715, 14.87999664551831280 ) ) ;
#6054 = CARTESIAN_POINT ( 'NONE',  ( 16.15891611691848695, 5.650732338043948921, 2.456809406635253268 ) ) ;
#6055 = CARTESIAN_POINT ( 'NONE',  ( 31.10372154695966884, 1.678260549536010560, -15.44080379902417377 ) ) ;
#6056 = CARTESIAN_POINT ( 'NONE',  ( 44.30000000000072191, 3.006430862050425201, -4.412728953030625512 ) ) ;
#6057 = CARTESIAN_POINT ( 'NONE',  ( 30.26000415111316499, -2.286000000000000032, 35.23641154886292526 ) ) ;
#6058 = B_SPLINE_CURVE_WITH_KNOTS ( 'NONE', 3,
 ( #7105, #639, #2435, #10263 ),
 .UNSPECIFIED., .F., .F.,
 ( 4, 4 ),
 ( 0.000000000000000000, 0.006500042957928760766 ),
 .UNSPECIFIED. ) ;
#6059 = ORIENTED_EDGE ( 'NONE', *, *, #472, .T. ) ;
#6060 = ORIENTED_EDGE ( 'NONE', *, *, #4862, .T. ) ;
#6061 = EDGE_LOOP ( 'NONE', ( #3025, #7239, #9849, #9205 ) ) ;
#6062 = ORIENTED_EDGE ( 'NONE', *, *, #1884, .T. ) ;
#6063 = LINE ( 'NONE', #1338, #3948 ) ;
#6064 = CARTESIAN_POINT ( 'NONE',  ( 10.87080467290709862, 2.803357751481901250, -17.92159849394938220 ) ) ;
#6065 = CARTESIAN_POINT ( 'NONE',  ( 38.93783575028795951, 2.149182097266372438, 4.324368715964554966 ) ) ;
#6066 = CARTESIAN_POINT ( 'NONE',  ( 39.21576965685269300, -3.049999999999999822, 23.96319281224999997 ) ) ;
#6067 = CARTESIAN_POINT ( 'NONE',  ( -3.354677792319546104, 3.954287575917665887, -21.59204030214572967 ) ) ;
#6068 = LINE ( 'NONE', #7595, #126 ) ;
#6069 = CARTESIAN_POINT ( 'NONE',  ( 17.57572631227354876, 4.548465861523839138, 7.566242741392954940 ) ) ;
#6070 = CARTESIAN_POINT ( 'NONE',  ( -0.5882660245324075055, 3.850952342394317274, 15.89969523680444929 ) ) ;
#6071 = EDGE_LOOP ( 'NONE', ( #7573, #703, #7168, #1435, #4342 ) ) ;
#6072 = ORIENTED_EDGE ( 'NONE', *, *, #6876, .T. ) ;
#6073 = CARTESIAN_POINT ( 'NONE',  ( -4.699999999999999289, 2.162520919212474357, 18.55000000000147864 ) ) ;
#6074 = CARTESIAN_POINT ( 'NONE',  ( 16.67080082641122729, 4.159961300638566506, 12.32723915485192201 ) ) ;
#6075 = B_SPLINE_CURVE_WITH_KNOTS ( 'NONE', 3,
 ( #988, #3413, #8124, #7393, #9080, #8232, #9873, #4110, #1831, #5814 ),
 .UNSPECIFIED., .F., .F.,
 ( 4, 2, 2, 2, 4 ),
 ( 0.000000000000000000, 0.2500000000000000000, 0.5000000000000000000, 0.7500000000000000000, 1.000000000000000000 ),
 .UNSPECIFIED. ) ;
#6076 = CARTESIAN_POINT ( 'NONE',  ( -4.000000000000000888, 3.049999999999999822, 25.25000000000000000 ) ) ;
#6077 = CARTESIAN_POINT ( 'NONE',  ( -7.507329603018775721, 3.049999992175450370, -25.25257771701919296 ) ) ;
#6078 = ADVANCED_FACE ( 'NONE', ( #6380 ), #1444, .T. ) ;
#6079 = LINE ( 'NONE', #6866, #6713 ) ;
#6080 = EDGE_CURVE ( 'NONE', #8108, #8623, #6324, .T. ) ;
#6081 = ORIENTED_EDGE ( 'NONE', *, *, #5158, .T. ) ;
#6082 = ORIENTED_EDGE ( 'NONE', *, *, #5662, .T. ) ;
#6083 = CARTESIAN_POINT ( 'NONE',  ( 44.29901603830876411, 1.552117251818959209, 0.03305073215136372644 ) ) ;
#6084 = CARTESIAN_POINT ( 'NONE',  ( 43.18214505863323183, 0.4159601970363918100, -6.915804842445794520 ) ) ;
#6085 = CARTESIAN_POINT ( 'NONE',  ( 20.27377787794251063, 2.285999999999871690, 28.13580167332951021 ) ) ;
#6086 = EDGE_CURVE ( 'NONE', #8344, #4999, #8752, .T. ) ;
#6087 = LINE ( 'NONE', #10140, #927 ) ;
#6088 = DIRECTION ( 'NONE',  ( 0.000000000000000000, 0.000000000000000000, -1.000000000000000000 ) ) ;
#6089 = CARTESIAN_POINT ( 'NONE',  ( -0.4735522083424687501, 1.873633949258313169, -23.54505845485470772 ) ) ;
#6090 = CARTESIAN_POINT ( 'NONE',  ( 0.000000000000000000, -2.286000000000000032, 25.25000000000000000 ) ) ;
#6091 = CARTESIAN_POINT ( 'NONE',  ( 40.55281233181491984, 2.186862997624277938, -2.602910623552358249 ) ) ;
#6092 = CARTESIAN_POINT ( 'NONE',  ( 9.552245033349356544E-16, -3.049999999999999822, 13.85000000000000142 ) ) ;
#6093 = EDGE_CURVE ( 'NONE', #2947, #9951, #3894, .T. ) ;
#6094 = ORIENTED_EDGE ( 'NONE', *, *, #684, .T. ) ;
#6095 = ORIENTED_EDGE ( 'NONE', *, *, #1357, .T. ) ;
#6096 = ORIENTED_EDGE ( 'NONE', *, *, #4763, .F. ) ;
#6097 = VERTEX_POINT ( 'NONE', #2442 ) ;
#6098 = CARTESIAN_POINT ( 'NONE',  ( 12.69999999999999396, 1.016666666666666607, 25.25000000000000355 ) ) ;
#6099 = CARTESIAN_POINT ( 'NONE',  ( 22.38993338188018356, 6.954567645545817633, -2.100000000000002753 ) ) ;
#6100 = CARTESIAN_POINT ( 'NONE',  ( 38.09999999999867271, 4.211915863312061248, -2.466139468971658033 ) ) ;
#6101 = CARTESIAN_POINT ( 'NONE',  ( -4.699999999999999289, 2.356571845416841615, -20.57520218682490665 ) ) ;
#6102 = ORIENTED_EDGE ( 'NONE', *, *, #3461, .T. ) ;
#6103 = ADVANCED_FACE ( 'NONE', ( #8099 ), #5621, .F. ) ;
#6104 = DIRECTION ( 'NONE',  ( 1.000000000000000000, 0.000000000000000000, -0.000000000000000000 ) ) ;
#6105 = CARTESIAN_POINT ( 'NONE',  ( 2.582674598245516595, 5.292301181251484188, -15.72642380821897845 ) ) ;
#6106 = CARTESIAN_POINT ( 'NONE',  ( 44.30000000000000426, 1.487425397060000209, -1.158225982667416540E-14 ) ) ;
#6107 = CARTESIAN_POINT ( 'NONE',  ( 4.173771248078959495, 4.441651706424875279, 19.59125443032056779 ) ) ;
#6108 = ADVANCED_FACE ( 'NONE', ( #6631 ), #7419, .F. ) ;
#6109 = EDGE_CURVE ( 'NONE', #5297, #3344, #3239, .T. ) ;
#6110 = ORIENTED_EDGE ( 'NONE', *, *, #4349, .T. ) ;
#6111 = EDGE_LOOP ( 'NONE', ( #3514, #8554, #1866, #2619, #3007, #8208, #3711, #2900, #9530, #9887 ) ) ;
#6112 = ORIENTED_EDGE ( 'NONE', *, *, #4757, .F. ) ;
#6113 = ORIENTED_EDGE ( 'NONE', *, *, #5439, .F. ) ;
#6114 = CARTESIAN_POINT ( 'NONE',  ( 30.20479799582880887, 3.049999999999999378, 35.15925912165252498 ) ) ;
#6115 = CARTESIAN_POINT ( 'NONE',  ( -5.461000000025251211, 3.174999999999990052, -4.250000000000000000 ) ) ;
#6116 = DIRECTION ( 'NONE',  ( 0.000000000000000000, 0.000000000000000000, -1.000000000000000000 ) ) ;
#6117 = DIRECTION ( 'NONE',  ( 0.000000000000000000, 0.000000000000000000, 1.000000000000000000 ) ) ;
#6118 = EDGE_CURVE ( 'NONE', #2229, #773, #5793, .T. ) ;
#6119 = DIRECTION ( 'NONE',  ( 0.000000000000000000, -1.000000000000000000, -0.000000000000000000 ) ) ;
#6120 = DIRECTION ( 'NONE',  ( 0.000000000000000000, 0.000000000000000000, -1.000000000000000000 ) ) ;
#6121 = FACE_OUTER_BOUND ( 'NONE', #3899, .T. ) ;
#6122 = CARTESIAN_POINT ( 'NONE',  ( -0.4725799562363814932, 4.363890211245405659, 13.83218987327972727 ) ) ;
#6123 = ORIENTED_EDGE ( 'NONE', *, *, #6569, .T. ) ;
#6124 = ORIENTED_EDGE ( 'NONE', *, *, #4396, .F. ) ;
#6125 = CARTESIAN_POINT ( 'NONE',  ( -4.700000000000000178, 2.424999999999986500, -9.435145863650532760 ) ) ;
#6126 = B_SPLINE_CURVE_WITH_KNOTS ( 'NONE', 3,
 ( #6534, #6435, #3194, #4831, #4040, #5524, #9754, #8051 ),
 .UNSPECIFIED., .F., .F.,
 ( 4, 2, 2, 4 ),
 ( 0.002171592839481430517, 0.006711263194488124688, 0.01125093354949481886, 0.02033027425950820199 ),
 .UNSPECIFIED. ) ;
#6127 = CARTESIAN_POINT ( 'NONE',  ( 16.76357242594216501, 6.608600426165744501, -0.2672505334268228117 ) ) ;
#6128 = CARTESIAN_POINT ( 'NONE',  ( 42.05570943567195030, 3.224782298313232598, -5.594272353526578812 ) ) ;
#6129 = CARTESIAN_POINT ( 'NONE',  ( 44.47676059738935095, 3.029978096350152583, -3.292580033895496250 ) ) ;
#6130 = DIRECTION ( 'NONE',  ( -0.000000000000000000, 1.000000000000000000, -0.000000000000000000 ) ) ;
#6131 = VECTOR ( 'NONE', #3584, 1000.000000000000000 ) ;
#6132 = VERTEX_POINT ( 'NONE', #3293 ) ;
#6133 = EDGE_CURVE ( 'NONE', #9952, #10277, #1747, .T. ) ;
#6134 = ORIENTED_EDGE ( 'NONE', *, *, #8218, .T. ) ;
#6135 = CARTESIAN_POINT ( 'NONE',  ( 44.28932505148773657, 1.697426939823538872, 0.03346258921842910905 ) ) ;
#6136 = CARTESIAN_POINT ( 'NONE',  ( 9.525422952619663874, 2.914048203133631887, -17.79781932856068138 ) ) ;
#6137 = CARTESIAN_POINT ( 'NONE',  ( 32.60597496212558610, 1.599281356495829476, 23.11883900141775783 ) ) ;
#6138 = ADVANCED_FACE ( 'NONE', ( #6535, #2546, #9755 ), #2497, .T. ) ;
#6139 = CARTESIAN_POINT ( 'NONE',  ( 37.91674973932852311, 4.144652103356290418, -3.239690835010700098 ) ) ;
#6140 = CARTESIAN_POINT ( 'NONE',  ( 36.94361823928815625, 2.599414533486213763, 3.174999999999984279 ) ) ;
#6141 = VECTOR ( 'NONE', #4440, 1000.000000000000000 ) ;
#6142 = CYLINDRICAL_SURFACE ( 'NONE', #5697, 3.174999999999997158 ) ;
#6143 = DIRECTION ( 'NONE',  ( -1.000000000000000000, 0.000000000000000000, 0.000000000000000000 ) ) ;
#6144 = CARTESIAN_POINT ( 'NONE',  ( 9.225089943089818334, 2.458454972615854217, -17.62286830295184714 ) ) ;
#6145 = AXIS2_PLACEMENT_3D ( 'NONE', #1341, #2353, #5478 ) ;
#6146 = EDGE_LOOP ( 'NONE', ( #536, #1691, #2137, #428 ) ) ;
#6147 = VERTEX_POINT ( 'NONE', #4979 ) ;
#6148 = VERTEX_POINT ( 'NONE', #8200 ) ;
#6149 = EDGE_CURVE ( 'NONE', #10065, #8020, #850, .T. ) ;
#6150 = ORIENTED_EDGE ( 'NONE', *, *, #578, .F. ) ;
#6151 = AXIS2_PLACEMENT_3D ( 'NONE', #1666, #5591, #8812 ) ;
#6152 = CARTESIAN_POINT ( 'NONE',  ( 0.000000000000000000, 1.136000000000000343, -19.55000000000000071 ) ) ;
#6153 = LINE ( 'NONE', #693, #4700 ) ;
#6154 = CARTESIAN_POINT ( 'NONE',  ( -4.700000000000000178, 2.424999999999986500, -10.72518239619396851 ) ) ;
#6155 = DIRECTION ( 'NONE',  ( -0.000000000000000000, 1.000000000000000000, 0.000000000000000000 ) ) ;
#6156 = ORIENTED_EDGE ( 'NONE', *, *, #419, .T. ) ;
#6157 = CC_DESIGN_DATE_AND_TIME_ASSIGNMENT ( #4005, #825, ( #5501 ) ) ;
#6158 = CIRCLE ( 'NONE', #5136, 2.099999999999999645 ) ;
#6159 = CARTESIAN_POINT ( 'NONE',  ( 18.62989029476143443, 2.135029762937270981, 19.67428817111020223 ) ) ;
#6160 = CARTESIAN_POINT ( 'NONE',  ( 13.79047265064386352, 7.764305637367407087, -2.731376434565907285 ) ) ;
#6161 = CARTESIAN_POINT ( 'NONE',  ( 43.09789165810197176, 2.995697436203487385, -6.987961941640238983 ) ) ;
#6162 = CARTESIAN_POINT ( 'NONE',  ( 1.370935840320473664, 3.607679016389864213, 23.02974250675651291 ) ) ;
#6163 = AXIS2_PLACEMENT_3D ( 'NONE', #7742, #7688, #5419 ) ;
#6164 = ORIENTED_EDGE ( 'NONE', *, *, #5906, .T. ) ;
#6165 = ORIENTED_EDGE ( 'NONE', *, *, #258, .T. ) ;
#6166 = ORIENTED_EDGE ( 'NONE', *, *, #6489, .T. ) ;
#6167 = VECTOR ( 'NONE', #4166, 1000.000000000000000 ) ;
#6168 = EDGE_CURVE ( 'NONE', #4572, #1599, #1855, .T. ) ;
#6169 = VERTEX_POINT ( 'NONE', #2692 ) ;
#6170 = CARTESIAN_POINT ( 'NONE',  ( -4.699999999999997513, 2.009466202051466421, -23.21895964886240193 ) ) ;
#6171 = CARTESIAN_POINT ( 'NONE',  ( 3.844798074719300018, 2.152239339024956788, -21.96963501381662098 ) ) ;
#6172 = CARTESIAN_POINT ( 'NONE',  ( 14.78679402737596860, 0.7859999999999998099, 25.29476301720193376 ) ) ;
#6173 = DIRECTION ( 'NONE',  ( -0.000000000000000000, 1.000000000000000000, -0.000000000000000000 ) ) ;
#6174 = CIRCLE ( 'NONE', #2262, 2.100000000000000977 ) ;
#6175 = ADVANCED_FACE ( 'NONE', ( #5932 ), #5226, .F. ) ;
#6176 = CARTESIAN_POINT ( 'NONE',  ( 36.94361823928894495, 4.640040388005757244, 3.174999999999982503 ) ) ;
#6177 = VECTOR ( 'NONE', #4859, 1000.000000000000000 ) ;
#6178 = CARTESIAN_POINT ( 'NONE',  ( 38.09999999999719478, 4.172485782063169779, -2.768548624360850141 ) ) ;
#6179 = FACE_OUTER_BOUND ( 'NONE', #4292, .T. ) ;
#6180 = FACE_OUTER_BOUND ( 'NONE', #8092, .T. ) ;
#6181 = ORIENTED_EDGE ( 'NONE', *, *, #6508, .T. ) ;
#6182 = VERTEX_POINT ( 'NONE', #2644 ) ;
#6183 = VECTOR ( 'NONE', #1402, 1000.000000000000000 ) ;
#6184 = ADVANCED_FACE ( 'NONE', ( #5274, #8451, #357 ), #8405, .T. ) ;
#6185 = CARTESIAN_POINT ( 'NONE',  ( 6.200000000000001066, -3.049999999999999822, 19.05000000000000071 ) ) ;
#6186 = CARTESIAN_POINT ( 'NONE',  ( -6.180712852173428473, 3.480319255771722631, -23.53885579657302429 ) ) ;
#6187 = CARTESIAN_POINT ( 'NONE',  ( 16.12896292169949319, 5.049010352742969943, 8.204909173916695053 ) ) ;
#6188 = LINE ( 'NONE', #9397, #246 ) ;
#6189 = CARTESIAN_POINT ( 'NONE',  ( 10.62736069497283431, 3.052584894236950674, -16.95625608541937979 ) ) ;
#6190 = CARTESIAN_POINT ( 'NONE',  ( 35.27742124915777566, 1.809702183653267626, 18.39692882030598042 ) ) ;
#6191 = ORIENTED_EDGE ( 'NONE', *, *, #3971, .T. ) ;
#6192 = ORIENTED_EDGE ( 'NONE', *, *, #7007, .T. ) ;
#6193 = ORIENTED_EDGE ( 'NONE', *, *, #8425, .T. ) ;
#6194 = AXIS2_PLACEMENT_3D ( 'NONE', #6730, #9050, #3294 ) ;
#6195 = CARTESIAN_POINT ( 'NONE',  ( 44.19612123973981710, 2.125560413799405080, 0.02611242261353264801 ) ) ;
#6196 = CARTESIAN_POINT ( 'NONE',  ( 6.200000000000001066, 2.777509348732110084, -19.05000000000000071 ) ) ;
#6197 = CARTESIAN_POINT ( 'NONE',  ( 15.83538275175456000, -2.286000000000000032, 32.25000000000000000 ) ) ;
#6198 = FACE_OUTER_BOUND ( 'NONE', #7030, .T. ) ;
#6199 = CARTESIAN_POINT ( 'NONE',  ( -4.700000000000000178, -3.049999999999999822, -0.7500000000000000000 ) ) ;
#6200 = CARTESIAN_POINT ( 'NONE',  ( -3.961000000003878085, 3.174999999999987388, 6.349999999999999645 ) ) ;
#6201 = CARTESIAN_POINT ( 'NONE',  ( 33.16656759670365773, 2.946168601316134339, 35.45633851940079495 ) ) ;
#6202 = CARTESIAN_POINT ( 'NONE',  ( 40.78848749212563263, 1.890490533587626532, -5.336046171290912632 ) ) ;
#6203 = CARTESIAN_POINT ( 'NONE',  ( 10.38204998952949332, 2.303146761574917267, -17.98223806858347018 ) ) ;
#6204 = VECTOR ( 'NONE', #3544, 1000.000000000000000 ) ;
#6205 = ORIENTED_EDGE ( 'NONE', *, *, #9962, .F. ) ;
#6206 = ORIENTED_EDGE ( 'NONE', *, *, #2053, .T. ) ;
#6207 = ORIENTED_EDGE ( 'NONE', *, *, #6727, .F. ) ;
#6208 = EDGE_LOOP ( 'NONE', ( #5683, #3259, #4920, #1076 ) ) ;
#6209 = CARTESIAN_POINT ( 'NONE',  ( 31.60000000000000142, -3.049999999999999822, 37.94999999999999574 ) ) ;
#6210 = LINE ( 'NONE', #9425, #1138 ) ;
#6211 = LINE ( 'NONE', #5403, #2086 ) ;
#6212 = VECTOR ( 'NONE', #7734, 1000.000000000000000 ) ;
#6213 = CARTESIAN_POINT ( 'NONE',  ( 30.75494935871069302, -3.049999999999999822, 33.23514082167813655 ) ) ;
#6214 = ORIENTED_EDGE ( 'NONE', *, *, #461, .T. ) ;
#6215 = CARTESIAN_POINT ( 'NONE',  ( 18.53475123902563482, 2.149609920498038562, 19.60000111693082658 ) ) ;
#6216 = CYLINDRICAL_SURFACE ( 'NONE', #117, 2.100000000000000977 ) ;
#6217 = CARTESIAN_POINT ( 'NONE',  ( 42.41766251516764896, 3.218844031463387712, -5.058252489003966623 ) ) ;
#6218 = FACE_BOUND ( 'NONE', #9354, .T. ) ;
#6219 = PLANE ( 'NONE',  #3143 ) ;
#6220 = ORIENTED_EDGE ( 'NONE', *, *, #8107, .F. ) ;
#6221 = ORIENTED_EDGE ( 'NONE', *, *, #8433, .F. ) ;
#6222 = VERTEX_POINT ( 'NONE', #1998 ) ;
#6223 = PLANE ( 'NONE',  #6024 ) ;
#6224 = VERTEX_POINT ( 'NONE', #1156 ) ;
#6225 = B_SPLINE_CURVE_WITH_KNOTS ( 'NONE', 3,
 ( #7922, #672, #3052, #8826 ),
 .UNSPECIFIED., .F., .F.,
 ( 4, 4 ),
 ( 0.000000000000000000, 0.0008890316402031151095 ),
 .UNSPECIFIED. ) ;
#6226 = CARTESIAN_POINT ( 'NONE',  ( 12.69999999999999929, 0.7859999999999998099, 31.75000000000000000 ) ) ;
#6227 = CYLINDRICAL_SURFACE ( 'NONE', #805, 2.000000000000000000 ) ;
#6228 = CARTESIAN_POINT ( 'NONE',  ( 14.56349701478771230, -2.286000000000000032, 29.17939620402573908 ) ) ;
#6229 = CARTESIAN_POINT ( 'NONE',  ( -4.699999999999999289, 2.162520919212630677, -18.55000000000000071 ) ) ;
#6230 = DIRECTION ( 'NONE',  ( 0.000000000000000000, 0.000000000000000000, 1.000000000000000000 ) ) ;
#6231 = EDGE_CURVE ( 'NONE', #1162, #5863, #1202, .T. ) ;
#6232 = DIRECTION ( 'NONE',  ( -0.7071067811865474617, 0.000000000000000000, 0.7071067811865476838 ) ) ;
#6233 = CARTESIAN_POINT ( 'NONE',  ( 25.14752940028673933, 1.878794969456975661, -12.84720728313583393 ) ) ;
#6234 = ORIENTED_EDGE ( 'NONE', *, *, #7069, .T. ) ;
#6235 = ORIENTED_EDGE ( 'NONE', *, *, #7534, .T. ) ;
#6236 = EDGE_CURVE ( 'NONE', #4238, #2231, #103, .T. ) ;
#6237 = CARTESIAN_POINT ( 'NONE',  ( 7.584892087439663477, 4.174306947982141303, -13.09271953202662786 ) ) ;
#6238 = CARTESIAN_POINT ( 'NONE',  ( -0.8890000000000000124, 3.174999999999989608, -8.449999999999999289 ) ) ;
#6239 = CARTESIAN_POINT ( 'NONE',  ( 31.05492811507458839, 3.784324296930616782, -0.6172102890879490600 ) ) ;
#6240 = CARTESIAN_POINT ( 'NONE',  ( -2.062911657610214444, 1.829014502960103261, 23.96260870701187073 ) ) ;
#6241 = DIRECTION ( 'NONE',  ( 0.000000000000000000, 0.000000000000000000, -1.000000000000000000 ) ) ;
#6242 = EDGE_CURVE ( 'NONE', #772, #8574, #942, .T. ) ;
#6243 = DIRECTION ( 'NONE',  ( -0.000000000000000000, -1.000000000000000000, -0.000000000000000000 ) ) ;
#6244 = CARTESIAN_POINT ( 'NONE',  ( -4.699999999999998401, 1.975472226637888351, 23.38002796359863211 ) ) ;
#6245 = EDGE_CURVE ( 'NONE', #9436, #6749, #2299, .T. ) ;
#6246 = ORIENTED_EDGE ( 'NONE', *, *, #6870, .T. ) ;
#6247 = ORIENTED_EDGE ( 'NONE', *, *, #1303, .T. ) ;
#6248 = EDGE_LOOP ( 'NONE', ( #2832, #3310, #4919, #7384 ) ) ;
#6249 = CARTESIAN_POINT ( 'NONE',  ( 43.70675679440056172, 2.936410417014247543, 0.01020175359606924348 ) ) ;
#6250 = CARTESIAN_POINT ( 'NONE',  ( 32.24743716414357664, -1.396862461584140069, -14.45300066024021035 ) ) ;
#6251 = FACE_OUTER_BOUND ( 'NONE', #7321, .T. ) ;
#6252 = CARTESIAN_POINT ( 'NONE',  ( 20.36417863406015272, 4.569649706468968731, -13.79236209263785362 ) ) ;
#6253 = DIRECTION ( 'NONE',  ( -0.000000000000000000, 1.000000000000000000, -0.000000000000000000 ) ) ;
#6254 = DIRECTION ( 'NONE',  ( 0.000000000000000000, -1.000000000000000000, -0.000000000000000000 ) ) ;
#6255 = CARTESIAN_POINT ( 'NONE',  ( 38.24875487847133115, 3.052091454013302396, 27.00901190967790910 ) ) ;
#6256 = CARTESIAN_POINT ( 'NONE',  ( -3.175000000000001155, -2.286000000000000032, -18.55000000000000071 ) ) ;
#6257 = ORIENTED_EDGE ( 'NONE', *, *, #3260, .F. ) ;
#6258 = EDGE_LOOP ( 'NONE', ( #1648, #7523, #8624, #3396 ) ) ;
#6259 = ORIENTED_EDGE ( 'NONE', *, *, #8358, .F. ) ;
#6260 = VERTEX_POINT ( 'NONE', #7715 ) ;
#6261 = CARTESIAN_POINT ( 'NONE',  ( -0.5000000000000000000, -2.286000000000000032, -15.87500000000000000 ) ) ;
#6262 = FACE_OUTER_BOUND ( 'NONE', #7306, .T. ) ;
#6263 = DIRECTION ( 'NONE',  ( 1.000000000000000000, 0.000000000000000000, 0.000000000000000000 ) ) ;
#6264 = CARTESIAN_POINT ( 'NONE',  ( 27.43032855066830678, -3.050000000000000266, 29.43345092217759529 ) ) ;
#6265 = ORIENTED_EDGE ( 'NONE', *, *, #5733, .F. ) ;
#6266 = CARTESIAN_POINT ( 'NONE',  ( 18.07203086616665288, 2.259365008436554856, 19.04662613663684567 ) ) ;
#6267 = DIRECTION ( 'NONE',  ( 0.000000000000000000, -1.000000000000000000, 0.000000000000000000 ) ) ;
#6268 = CARTESIAN_POINT ( 'NONE',  ( -1.372584048815669533, 3.566312367899782121, -23.02908158154820484 ) ) ;
#6269 = CARTESIAN_POINT ( 'NONE',  ( -2.389000000000000234, -3.049999999999999822, -12.35000000000000142 ) ) ;
#6270 = CARTESIAN_POINT ( 'NONE',  ( 2.586136047457539000, 3.768109832257047653, 22.37077086702940676 ) ) ;
#6271 = CARTESIAN_POINT ( 'NONE',  ( 12.69999999999999929, 2.286000000000000032, 31.75000000000000000 ) ) ;
#6272 = EDGE_LOOP ( 'NONE', ( #2178, #8116, #8551, #7138, #504 ) ) ;
#6273 = ORIENTED_EDGE ( 'NONE', *, *, #5165, .T. ) ;
#6274 = ORIENTED_EDGE ( 'NONE', *, *, #9535, .F. ) ;
#6275 = CARTESIAN_POINT ( 'NONE',  ( -0.4999999999999988343, 1.939087293050998806, 23.52524247042226335 ) ) ;
#6276 = VERTEX_POINT ( 'NONE', #6878 ) ;
#6277 = FACE_BOUND ( 'NONE', #8136, .T. ) ;
#6278 = DIRECTION ( 'NONE',  ( 1.000000000000000000, -0.000000000000000000, -0.000000000000000000 ) ) ;
#6279 = CARTESIAN_POINT ( 'NONE',  ( 39.09999999999747189, 1.952293452694883635, -2.600000000007963052 ) ) ;
#6280 = DIRECTION ( 'NONE',  ( 0.000000000000000000, -1.000000000000000000, -0.000000000000000000 ) ) ;
#6281 = CARTESIAN_POINT ( 'NONE',  ( 39.09999999999772768, 1.975161757332397849, -2.398918732939371079 ) ) ;
#6282 = EDGE_CURVE ( 'NONE', #2787, #6507, #7412, .T. ) ;
#6283 = FACE_OUTER_BOUND ( 'NONE', #3101, .T. ) ;
#6284 = CARTESIAN_POINT ( 'NONE',  ( 36.55116219467436167, 2.808872042578514083, -5.630277077579279421 ) ) ;
#6285 = ORIENTED_EDGE ( 'NONE', *, *, #4363, .T. ) ;
#6286 = ORIENTED_EDGE ( 'NONE', *, *, #6919, .T. ) ;
#6287 = EDGE_CURVE ( 'NONE', #10275, #1371, #311, .T. ) ;
#6288 = CARTESIAN_POINT ( 'NONE',  ( 7.303168823880063165, 3.897755718012157811, -14.28143756345179405 ) ) ;
#6289 = CARTESIAN_POINT ( 'NONE',  ( 32.12299493312871590, 1.582523224854947452, 34.25000000000004263 ) ) ;
#6290 = B_SPLINE_CURVE_WITH_KNOTS ( 'NONE', 3,
 ( #3548, #5900, #6785, #2751 ),
 .UNSPECIFIED., .F., .F.,
 ( 4, 4 ),
 ( 0.003756910799278351427, 0.004895891764604842419 ),
 .UNSPECIFIED. ) ;
#6291 = CARTESIAN_POINT ( 'NONE',  ( 25.65600992483464537, 4.684093453840648458, -0.7629232810049746405 ) ) ;
#6292 = CARTESIAN_POINT ( 'NONE',  ( 5.586696598246133405, 3.476587471794916784, -16.33139463128951974 ) ) ;
#6293 = CARTESIAN_POINT ( 'NONE',  ( 12.09939167336495025, 7.102147352391161128, -0.3009719078805896952 ) ) ;
#6294 = DIRECTION ( 'NONE',  ( 0.000000000000000000, 0.000000000000000000, 1.000000000000000000 ) ) ;
#6295 = EDGE_CURVE ( 'NONE', #1015, #2229, #3536, .T. ) ;
#6296 = CARTESIAN_POINT ( 'NONE',  ( -6.051643640002074775, 3.145074891416875573, -24.87165187557006973 ) ) ;
#6297 = CARTESIAN_POINT ( 'NONE',  ( 38.70441309299726385, 1.895987545053744672, 10.84823316576554930 ) ) ;
#6298 = ORIENTED_EDGE ( 'NONE', *, *, #9862, .F. ) ;
#6299 = EDGE_CURVE ( 'NONE', #9952, #5756, #4646, .T. ) ;
#6300 = VERTEX_POINT ( 'NONE', #9298 ) ;
#6301 = CARTESIAN_POINT ( 'NONE',  ( 44.29386812032890930, 1.645708701201359592, 0.03392132686158841337 ) ) ;
#6302 = LINE ( 'NONE', #4023, #7501 ) ;
#6303 = ADVANCED_FACE ( 'NONE', ( #8500 ), #465, .T. ) ;
#6304 = CARTESIAN_POINT ( 'NONE',  ( 34.15244993150850661, 1.555296968040683181, 22.75837656484104699 ) ) ;
#6305 = EDGE_CURVE ( 'NONE', #6132, #2433, #1581, .T. ) ;
#6306 = CARTESIAN_POINT ( 'NONE',  ( -4.700000000000000178, 3.924999999999986500, 3.264854136349465197 ) ) ;
#6307 = CARTESIAN_POINT ( 'NONE',  ( -3.961000000000000298, 2.424999999999986500, -6.349999999999999645 ) ) ;
#6308 = PLANE ( 'NONE',  #6022 ) ;
#6309 = CARTESIAN_POINT ( 'NONE',  ( 44.29999999999999716, 1.491861856514865581, -0.3942090041323806360 ) ) ;
#6310 = CARTESIAN_POINT ( 'NONE',  ( 30.54516754708532389, -2.540666666666666629, 35.74999999999966604 ) ) ;
#6311 = EDGE_LOOP ( 'NONE', ( #8626, #8698, #8924, #5861 ) ) ;
#6312 = ORIENTED_EDGE ( 'NONE', *, *, #4227, .T. ) ;
#6313 = ORIENTED_EDGE ( 'NONE', *, *, #3885, .T. ) ;
#6314 = ADVANCED_FACE ( 'NONE', ( #9197 ), #8662, .F. ) ;
#6315 = VERTEX_POINT ( 'NONE', #7983 ) ;
#6316 = CARTESIAN_POINT ( 'NONE',  ( 44.30000000000000426, 3.049999999999999822, 13.69300376512407347 ) ) ;
#6317 = CARTESIAN_POINT ( 'NONE',  ( 44.30000000000001137, 1.260168174698028443, -4.308767661416483818 ) ) ;
#6318 = CARTESIAN_POINT ( 'NONE',  ( 16.23257766066656060, 7.303231440348002756, 4.449527550046965985 ) ) ;
#6319 = CARTESIAN_POINT ( 'NONE',  ( 19.95436134174432041, -3.049999999999992273, 24.98002443870053213 ) ) ;
#6320 = AXIS2_PLACEMENT_3D ( 'NONE', #9705, #8810, #7169 ) ;
#6321 = ORIENTED_EDGE ( 'NONE', *, *, #6806, .T. ) ;
#6322 = DIRECTION ( 'NONE',  ( 3.529482314967940561E-17, 0.000000000000000000, -1.000000000000000000 ) ) ;
#6323 = CARTESIAN_POINT ( 'NONE',  ( 3.651916704553491488, 4.947612161680811305, -16.95781667776554258 ) ) ;
#6324 = LINE ( 'NONE', #5463, #9032 ) ;
#6325 = CARTESIAN_POINT ( 'NONE',  ( 34.49048797268398658, 4.405628476672387883, 20.00173705569463323 ) ) ;
#6326 = CARTESIAN_POINT ( 'NONE',  ( -6.199999999999999289, 7.283333333333328774, 8.416666666666666075 ) ) ;
#6327 = CARTESIAN_POINT ( 'NONE',  ( 29.01502886821507587, 2.286000000000000032, 35.75000000000000711 ) ) ;
#6328 =( BOUNDED_SURFACE ( )  B_SPLINE_SURFACE ( 2, 3, ( 
 ( #968, #4345, #321, #9905, #4147, #1759, #1066, #6784, #9107, #4296, #8210, #4200, #3355, #3502, #9997, #6640, #5799, #271 ),
 ( #7372, #5086, #7527, #7429, #7576, #174, #3399, #4248, #127, #9855, #911, #5748, #5135, #6739, #9953, #3547, #2607, #2702 ),
 ( #1117, #5941, #5852, #9059, #6594, #8962, #1710, #5042, #1814, #9155, #1858, #8363, #8263, #4937, #8154, #8311, #1018, #7474 ) ),
 .UNSPECIFIED., .F., .F., .F. ) 
 B_SPLINE_SURFACE_WITH_KNOTS ( ( 3, 3 ),
 ( 4, 2, 2, 2, 2, 2, 2, 2, 4 ),
 ( 0.000000000000000000, 1.000000000000000000 ),
 ( -0.05000000000000000278, 0.01874999999999999584, 0.08749999999999999445, 0.2250000000000000056, 0.5000000000000000000, 0.7750000000000000222, 0.9125000000000000888, 0.9812500000000000666, 1.050000000000000044 ),
 .UNSPECIFIED. ) 
 GEOMETRIC_REPRESENTATION_ITEM ( )  RATIONAL_B_SPLINE_SURFACE ( (
 ( 1.000000000000000000, 1.000000000000000000, 1.000000000000000000, 1.000000000000000000, 1.000000000000000000, 1.000000000000000000, 1.000000000000000000, 1.000000000000000000, 1.000000000000000000, 1.000000000000000000, 1.000000000000000000, 1.000000000000000000, 1.000000000000000000, 1.000000000000000000, 1.000000000000000000, 1.000000000000000000, 1.000000000000000000, 1.000000000000000000),
 ( 0.9101576718655677301, 0.9101576718655677301, 0.9101614579950402240, 0.9101485869086943792, 0.9101305803603849665, 0.9100466968396504486, 0.9099509594248851307, 0.9095823069061224064, 0.9092273545919244970, 0.9085074408488618136, 0.9081424293487115884, 0.9077576126691672131, 0.9076566205628038286, 0.9075679634373635674, 0.9075488823924051651, 0.9075352463983923368, 0.9075392573621743342, 0.9075392573621743342),
 ( 1.000000000000000000, 1.000000000000000000, 1.000000000000000000, 1.000000000000000000, 1.000000000000000000, 1.000000000000000000, 1.000000000000000000, 1.000000000000000000, 1.000000000000000000, 1.000000000000000000, 1.000000000000000000, 1.000000000000000000, 1.000000000000000000, 1.000000000000000000, 1.000000000000000000, 1.000000000000000000, 1.000000000000000000, 1.000000000000000000) ) ) 
 REPRESENTATION_ITEM ( '' )  SURFACE ( )  );
#6329 = ORIENTED_EDGE ( 'NONE', *, *, #4396, .T. ) ;
#6330 = ORIENTED_EDGE ( 'NONE', *, *, #6430, .T. ) ;
#6331 = AXIS2_PLACEMENT_3D ( 'NONE', #9624, #37, #4800 ) ;
#6332 = ORIENTED_EDGE ( 'NONE', *, *, #3695, .F. ) ;
#6333 = CARTESIAN_POINT ( 'NONE',  ( -0.4999999999999971689, 1.920165701617960075, 23.60016288479808111 ) ) ;
#6334 = ORIENTED_EDGE ( 'NONE', *, *, #6109, .F. ) ;
#6335 = LINE ( 'NONE', #9654, #2749 ) ;
#6336 = VECTOR ( 'NONE', #7637, 1000.000000000000000 ) ;
#6337 = CARTESIAN_POINT ( 'NONE',  ( -3.961000000000000298, 3.174999999999987388, 6.349999999999999645 ) ) ;
#6338 = CARTESIAN_POINT ( 'NONE',  ( 39.09999999999702425, 2.435729891412659942, -2.849519733238611074 ) ) ;
#6339 = CYLINDRICAL_SURFACE ( 'NONE', #9019, 3.174999999999997158 ) ;
#6340 = DIRECTION ( 'NONE',  ( -0.000000000000000000, -1.000000000000000000, -0.000000000000000000 ) ) ;
#6341 = CIRCLE ( 'NONE', #6151, 5.200000000000000178 ) ;
#6342 = LINE ( 'NONE', #4743, #2656 ) ;
#6343 = FACE_OUTER_BOUND ( 'NONE', #963, .T. ) ;
#6344 = AXIS2_PLACEMENT_3D ( 'NONE', #5880, #2781, #5968 ) ;
#6345 = DATE_AND_TIME ( #7238, #2779 ) ;
#6346 = ORIENTED_EDGE ( 'NONE', *, *, #5467, .T. ) ;
#6347 = AXIS2_PLACEMENT_3D ( 'NONE', #9751, #8048, #804 ) ;
#6348 = LINE ( 'NONE', #9564, #1397 ) ;
#6349 = FACE_OUTER_BOUND ( 'NONE', #6528, .T. ) ;
#6350 = CARTESIAN_POINT ( 'NONE',  ( 37.26748866703982088, 1.445766323899198236, -8.654432376563459428 ) ) ;
#6351 = CARTESIAN_POINT ( 'NONE',  ( 9.053729547983380144, 1.794203762007274605, 24.03518638844463240 ) ) ;
#6352 = CARTESIAN_POINT ( 'NONE',  ( 0.4999999999999998890, 1.135999999986903486, 15.38393944402235114 ) ) ;
#6353 = CARTESIAN_POINT ( 'NONE',  ( -4.645531375839974331, 1.943085014832781399, -23.48181766933444692 ) ) ;
#6354 = VECTOR ( 'NONE', #8301, 1000.000000000000000 ) ;
#6355 = CARTESIAN_POINT ( 'NONE',  ( 36.91991501913286555, 2.212221101522662714, 10.35338939827870597 ) ) ;
#6356 = ORIENTED_EDGE ( 'NONE', *, *, #3326, .F. ) ;
#6357 = ORIENTED_EDGE ( 'NONE', *, *, #7381, .F. ) ;
#6358 = CARTESIAN_POINT ( 'NONE',  ( -4.546501241834550855E-16, 2.286000000000000032, 22.27499999999999858 ) ) ;
#6359 = CARTESIAN_POINT ( 'NONE',  ( 37.48628971828560452, 2.582648395002198338, 11.31083781228715246 ) ) ;
#6360 = DIRECTION ( 'NONE',  ( 0.000000000000000000, 0.000000000000000000, -1.000000000000000000 ) ) ;
#6361 = CARTESIAN_POINT ( 'NONE',  ( 38.30823201142242596, 2.853622261054838294, 2.706713254361280629 ) ) ;
#6362 = FACE_BOUND ( 'NONE', #3951, .T. ) ;
#6363 = CARTESIAN_POINT ( 'NONE',  ( -4.700000000000000178, 3.924999999999987388, -10.72518239619397029 ) ) ;
#6364 = EDGE_CURVE ( 'NONE', #234, #7101, #8153, .T. ) ;
#6365 = CARTESIAN_POINT ( 'NONE',  ( 44.29839923345701891, 3.056347402987718453, 0.5009590614351150384 ) ) ;
#6366 = VECTOR ( 'NONE', #5989, 1000.000000000000000 ) ;
#6367 = CARTESIAN_POINT ( 'NONE',  ( 8.841446680346379594, 2.566380045048760383, -17.26935883357299417 ) ) ;
#6368 = ORIENTED_EDGE ( 'NONE', *, *, #10041, .T. ) ;
#6369 = ADVANCED_FACE ( 'NONE', ( #2156 ), #9411, .T. ) ;
#6370 = EDGE_LOOP ( 'NONE', ( #1414, #8319, #3712, #10302 ) ) ;
#6371 = EDGE_CURVE ( 'NONE', #7438, #4838, #7097, .T. ) ;
#6372 = ORIENTED_EDGE ( 'NONE', *, *, #5724, .F. ) ;
#6373 = CYLINDRICAL_SURFACE ( 'NONE', #4617, 2.100000000000000977 ) ;
#6374 = LINE ( 'NONE', #7991, #1487 ) ;
#6375 = PLANE ( 'NONE',  #1075 ) ;
#6376 = CARTESIAN_POINT ( 'NONE',  ( 12.69999999999999929, 0.7859999999999998099, 31.75000000000000000 ) ) ;
#6377 = ORIENTED_EDGE ( 'NONE', *, *, #1376, .T. ) ;
#6378 = DIRECTION ( 'NONE',  ( 1.000000000000000000, -0.000000000000000000, -0.000000000000000000 ) ) ;
#6379 = CARTESIAN_POINT ( 'NONE',  ( 17.11970258365687059, 2.210295574921703921, -21.58407182568826954 ) ) ;
#6380 = FACE_OUTER_BOUND ( 'NONE', #2050, .T. ) ;
#6381 = AXIS2_PLACEMENT_3D ( 'NONE', #4888, #118, #8905 ) ;
#6382 = AXIS2_PLACEMENT_3D ( 'NONE', #4942, #6498, #3944 ) ;
#6383 = CARTESIAN_POINT ( 'NONE',  ( 37.34482880191718834, 4.405628476672387883, 9.992397596629079004 ) ) ;
#6384 = CARTESIAN_POINT ( 'NONE',  ( 25.08568099124720518, 3.050000000000000266, 29.43635374830623874 ) ) ;
#6385 = ADVANCED_FACE ( 'NONE', ( #9469, #566, #4591, #6362, #7765 ), #5393, .F. ) ;
#6386 = CARTESIAN_POINT ( 'NONE',  ( -2.500000000000000000, -2.286000000000000032, 29.79280174739501774 ) ) ;
#6387 = ORIENTED_EDGE ( 'NONE', *, *, #302, .T. ) ;
#6388 = ORIENTED_EDGE ( 'NONE', *, *, #7755, .T. ) ;
#6389 = ORIENTED_EDGE ( 'NONE', *, *, #6118, .F. ) ;
#6390 = DIRECTION ( 'NONE',  ( 1.000000000000000000, 0.000000000000000000, 0.000000000000000000 ) ) ;
#6391 = ORIENTED_EDGE ( 'NONE', *, *, #4923, .F. ) ;
#6392 = CIRCLE ( 'NONE', #1290, 6.200000000000001066 ) ;
#6393 = VECTOR ( 'NONE', #2580, 1000.000000000000000 ) ;
#6394 = CARTESIAN_POINT ( 'NONE',  ( -3.961000000000000298, 3.174999999999987388, 6.349999999999999645 ) ) ;
#6395 = CARTESIAN_POINT ( 'NONE',  ( -4.199999999999996625, 1.714611917903827727E-16, -23.21895964886239838 ) ) ;
#6396 = CARTESIAN_POINT ( 'NONE',  ( 19.76859937738915818, 2.060216647312932636, 20.05839765180066081 ) ) ;
#6397 = DIRECTION ( 'NONE',  ( -1.000000000000000000, 0.000000000000000000, 0.000000000000000000 ) ) ;
#6398 = CARTESIAN_POINT ( 'NONE',  ( 12.42947177860801133, -3.049999999999999822, -25.21326748342012891 ) ) ;
#6399 = DIRECTION ( 'NONE',  ( -0.000000000000000000, 1.000000000000000000, -0.000000000000000000 ) ) ;
#6400 = DIRECTION ( 'NONE',  ( 0.000000000000000000, 0.000000000000000000, -1.000000000000000000 ) ) ;
#6401 = B_SPLINE_SURFACE_WITH_KNOTS ( 'NONE', 3, 1, ( 
 ( #5056, #9821 ),
 ( #3470, #5813 ),
 ( #9024, #5915 ),
 ( #8279, #7443 ),
 ( #187, #3412 ),
 ( #4261, #7489 ),
 ( #2718, #9382 ),
 ( #10016, #1230 ) ),
 .UNSPECIFIED., .F., .F., .F.,
 ( 4, 1, 1, 1, 1, 4 ),
 ( 2, 2 ),
 ( 0.000000000000000000, 0.1406368091814155230, 0.2031368091814155230, 0.4157095301063573611, 0.5407095301063573611, 0.6077059501502038996 ),
 ( 0.000000000000000000, 1.000000000000000000 ),
 .UNSPECIFIED. ) ;
#6402 = AXIS2_PLACEMENT_3D ( 'NONE', #2998, #10237, #1575 ) ;
#6403 = CARTESIAN_POINT ( 'NONE',  ( 36.12620276547186648, 2.900691774017933433, -3.505038023240351741 ) ) ;
#6404 = VERTEX_POINT ( 'NONE', #10309 ) ;
#6405 = EDGE_LOOP ( 'NONE', ( #1017, #652, #4437, #2096 ) ) ;
#6406 = CARTESIAN_POINT ( 'NONE',  ( -4.070566099714096886, 4.884316122320984555, 17.98078682407032503 ) ) ;
#6407 = DIRECTION ( 'NONE',  ( -1.000000000000000000, 0.000000000000000000, 0.000000000000000000 ) ) ;
#6408 = CARTESIAN_POINT ( 'NONE',  ( 0.000000000000000000, -2.286000000000000032, 25.25000000000000000 ) ) ;
#6409 = CARTESIAN_POINT ( 'NONE',  ( 0.5000000000000000000, 0.7859999999999998099, 25.25000000000000000 ) ) ;
#6410 = CARTESIAN_POINT ( 'NONE',  ( 12.88202737891163174, 3.496142953181549551, 16.32742008698367897 ) ) ;
#6411 = DIRECTION ( 'NONE',  ( 0.000000000000000000, 0.000000000000000000, -1.000000000000000000 ) ) ;
#6412 = DIRECTION ( 'NONE',  ( 0.000000000000000000, -1.000000000000000000, -0.000000000000000000 ) ) ;
#6413 = DIRECTION ( 'NONE',  ( 0.000000000000000000, 0.000000000000000000, -1.000000000000000000 ) ) ;
#6414 = VERTEX_POINT ( 'NONE', #7037 ) ;
#6415 = DIRECTION ( 'NONE',  ( 0.000000000000000000, 0.000000000000000000, -1.000000000000000000 ) ) ;
#6416 = EDGE_CURVE ( 'NONE', #8262, #10134, #8617, .T. ) ;
#6417 = CARTESIAN_POINT ( 'NONE',  ( 31.34537897193757061, 2.921096294103098234, 14.89642248829775184 ) ) ;
#6418 = CARTESIAN_POINT ( 'NONE',  ( 16.23257766066656771, 5.257642605700359795, 4.449527550046966873 ) ) ;
#6419 = CARTESIAN_POINT ( 'NONE',  ( 38.20329288680030544, 2.879026762276163165, 2.615741717921819642 ) ) ;
#6420 = DIRECTION ( 'NONE',  ( -0.000000000000000000, 0.000000000000000000, -1.000000000000000000 ) ) ;
#6421 = EDGE_CURVE ( 'NONE', #4649, #4495, #1365, .T. ) ;
#6422 = DIRECTION ( 'NONE',  ( 0.000000000000000000, 0.000000000000000000, -1.000000000000000000 ) ) ;
#6423 = CARTESIAN_POINT ( 'NONE',  ( 33.69183596471602726, 3.051127779302531096, 35.00532073033799207 ) ) ;
#6424 = CARTESIAN_POINT ( 'NONE',  ( 3.175000000000001155, -2.286000000000000032, -18.55000000000000071 ) ) ;
#6425 = CARTESIAN_POINT ( 'NONE',  ( 37.53361819238048724, 1.956689402359566010, -4.834066029289419753 ) ) ;
#6426 = ORIENTED_EDGE ( 'NONE', *, *, #8485, .F. ) ;
#6427 = EDGE_CURVE ( 'NONE', #4838, #6910, #717, .T. ) ;
#6428 = VERTEX_POINT ( 'NONE', #7934 ) ;
#6429 = LINE ( 'NONE', #800, #3274 ) ;
#6430 = EDGE_CURVE ( 'NONE', #9718, #4734, #5566, .T. ) ;
#6431 = DIRECTION ( 'NONE',  ( 0.000000000000000000, -1.000000000000000000, 0.000000000000000000 ) ) ;
#6432 = FACE_OUTER_BOUND ( 'NONE', #2807, .T. ) ;
#6433 = DIRECTION ( 'NONE',  ( 0.000000000000000000, 0.000000000000000000, 1.000000000000000000 ) ) ;
#6434 = ORIENTED_EDGE ( 'NONE', *, *, #6282, .T. ) ;
#6435 = CARTESIAN_POINT ( 'NONE',  ( 35.36687896953208110, 2.135651928575844849, 20.50088065860111541 ) ) ;
#6436 = CARTESIAN_POINT ( 'NONE',  ( -4.919127611862437632, 2.660170255159224340, -25.23738530707161587 ) ) ;
#6437 = DIRECTION ( 'NONE',  ( 0.000000000000000000, -1.000000000000000000, 0.000000000000000000 ) ) ;
#6438 = EDGE_CURVE ( 'NONE', #3032, #375, #2893, .T. ) ;
#6439 = CARTESIAN_POINT ( 'NONE',  ( 33.67220351497306297, 2.664084244803556878, 35.02320272752300667 ) ) ;
#6440 = CARTESIAN_POINT ( 'NONE',  ( 44.30000000000000426, 3.049999999999999378, 13.69300376512407169 ) ) ;
#6441 = DIRECTION ( 'NONE',  ( 0.000000000000000000, -1.000000000000000000, 0.000000000000000000 ) ) ;
#6442 = ORIENTED_EDGE ( 'NONE', *, *, #325, .F. ) ;
#6443 = ORIENTED_EDGE ( 'NONE', *, *, #6086, .F. ) ;
#6444 = DIRECTION ( 'NONE',  ( 0.000000000000000000, -1.000000000000000000, 0.000000000000000000 ) ) ;
#6445 = ORIENTED_EDGE ( 'NONE', *, *, #8287, .T. ) ;
#6446 = DIRECTION ( 'NONE',  ( 0.000000000000000000, -1.000000000000000000, -0.000000000000000000 ) ) ;
#6447 = EDGE_CURVE ( 'NONE', #624, #9419, #987, .T. ) ;
#6448 = CARTESIAN_POINT ( 'NONE',  ( -4.699999999999996625, 3.616922239544046569, -16.82514045387129897 ) ) ;
#6449 = CARTESIAN_POINT ( 'NONE',  ( 33.78958978951061454, -3.049999999999999822, 34.85564984723212234 ) ) ;
#6450 = DIRECTION ( 'NONE',  ( -5.608889349156317435E-16, 0.000000000000000000, -1.000000000000000000 ) ) ;
#6451 = CARTESIAN_POINT ( 'NONE',  ( -2.389000000000000234, 3.174999999999990052, -6.349999999999999645 ) ) ;
#6452 = CARTESIAN_POINT ( 'NONE',  ( 34.63083987700623112, -3.050000000000000711, 33.55533747803416134 ) ) ;
#6453 = EDGE_CURVE ( 'NONE', #5249, #2007, #4654, .T. ) ;
#6454 = B_SPLINE_CURVE_WITH_KNOTS ( 'NONE', 3,
 ( #2463, #3216, #9667, #8074 ),
 .UNSPECIFIED., .F., .F.,
 ( 4, 4 ),
 ( 0.04219800708922190335, 0.05163097566682232908 ),
 .UNSPECIFIED. ) ;
#6455 = EDGE_CURVE ( 'NONE', #4357, #1276, #8839, .T. ) ;
#6456 = CARTESIAN_POINT ( 'NONE',  ( -1.607392603531628161, 4.305720341478632918, 14.09958362680869115 ) ) ;
#6457 = VERTEX_POINT ( 'NONE', #7144 ) ;
#6458 = ORIENTED_EDGE ( 'NONE', *, *, #6997, .F. ) ;
#6459 = ORIENTED_EDGE ( 'NONE', *, *, #5383, .T. ) ;
#6460 = DIRECTION ( 'NONE',  ( -0.000000000000000000, 1.000000000000000000, -0.000000000000000000 ) ) ;
#6461 = EDGE_CURVE ( 'NONE', #6224, #4548, #6026, .T. ) ;
#6462 = CARTESIAN_POINT ( 'NONE',  ( 18.84283645552712727, 2.371818495209616628, 18.39483145741255044 ) ) ;
#6463 = CARTESIAN_POINT ( 'NONE',  ( 44.30000000000001137, 1.260168174698028443, -4.308767661416483818 ) ) ;
#6464 = CARTESIAN_POINT ( 'NONE',  ( 4.959218557223936230, 3.757606854219094128, -15.30739801522422816 ) ) ;
#6465 = CARTESIAN_POINT ( 'NONE',  ( 2.101071268201352815, 3.808958697223445711, 16.04160721983573268 ) ) ;
#6466 = FACE_BOUND ( 'NONE', #5897, .T. ) ;
#6467 = CARTESIAN_POINT ( 'NONE',  ( 30.52015282073471525, 2.855698954221435493, -19.18860219372151121 ) ) ;
#6468 = CARTESIAN_POINT ( 'NONE',  ( 31.25001318323250032, 3.759302102648705457, 1.702839205685474866 ) ) ;
#6469 = ORIENTED_EDGE ( 'NONE', *, *, #3035, .T. ) ;
#6470 = CARTESIAN_POINT ( 'NONE',  ( 29.52704967813842885, 1.606784777296899058, 31.95392982606285770 ) ) ;
#6471 = CARTESIAN_POINT ( 'NONE',  ( -2.388999999999998902, 6.262468642874358338, -12.35000000000000142 ) ) ;
#6472 = CARTESIAN_POINT ( 'NONE',  ( 37.98019315356137326, 2.931606553137613869, 2.459288215438192982 ) ) ;
#6473 = CARTESIAN_POINT ( 'NONE',  ( 2.106264241026978734, 0.2567190024459858333, -23.33545554337280947 ) ) ;
#6474 = PLANE ( 'NONE',  #8903 ) ;
#6475 = CARTESIAN_POINT ( 'NONE',  ( 32.03590648816851427, 3.054434754480956027, 36.53079079567282861 ) ) ;
#6476 = CARTESIAN_POINT ( 'NONE',  ( 30.54470175951582434, 3.049999999999999822, 35.75000010347762469 ) ) ;
#6477 = CARTESIAN_POINT ( 'NONE',  ( 27.78595044248762136, 2.210011000503776746, -11.30453261087604844 ) ) ;
#6478 = ORIENTED_EDGE ( 'NONE', *, *, #845, .T. ) ;
#6479 = DIRECTION ( 'NONE',  ( -1.000000000000000000, 0.000000000000000000, 0.000000000000000000 ) ) ;
#6480 = DIRECTION ( 'NONE',  ( 0.000000000000000000, 0.000000000000000000, 1.000000000000000000 ) ) ;
#6481 = CARTESIAN_POINT ( 'NONE',  ( 10.70936568291524438, 2.288101697347672658, -17.96228410421883481 ) ) ;
#6482 = CARTESIAN_POINT ( 'NONE',  ( 12.69999999999999929, 2.286000000000000032, 31.75000000000000000 ) ) ;
#6483 = ORIENTED_EDGE ( 'NONE', *, *, #3571, .T. ) ;
#6484 = CARTESIAN_POINT ( 'NONE',  ( 28.59595211888972344, 1.857959418329938384, -15.07737904165844434 ) ) ;
#6485 = DIRECTION ( 'NONE',  ( 0.000000000000000000, -1.000000000000000000, -0.000000000000000000 ) ) ;
#6486 = LINE ( 'NONE', #700, #1279 ) ;
#6487 = CARTESIAN_POINT ( 'NONE',  ( 14.68678167692231362, 3.049999999999999822, 25.25000000000000000 ) ) ;
#6488 = CARTESIAN_POINT ( 'NONE',  ( 6.200000000000000178, -3.049999999999999822, 19.05000000000000071 ) ) ;
#6489 = EDGE_CURVE ( 'NONE', #7338, #4849, #9347, .T. ) ;
#6490 = ORIENTED_EDGE ( 'NONE', *, *, #8133, .T. ) ;
#6491 = ORIENTED_EDGE ( 'NONE', *, *, #2196, .F. ) ;
#6492 = VECTOR ( 'NONE', #5444, 1000.000000000000000 ) ;
#6493 = CC_DESIGN_PERSON_AND_ORGANIZATION_ASSIGNMENT ( #770, #5647, ( #5501 ) ) ;
#6494 = CARTESIAN_POINT ( 'NONE',  ( 0.4999999999999998890, -2.286000000000000032, -22.18538275175455965 ) ) ;
#6495 = DIRECTION ( 'NONE',  ( 0.000000000000000000, 0.000000000000000000, 1.000000000000000000 ) ) ;
#6496 = CARTESIAN_POINT ( 'NONE',  ( 0.000000000000000000, 500000.0000000000582, -19.05000000000000071 ) ) ;
#6497 = CARTESIAN_POINT ( 'NONE',  ( 29.62546225982116965, -2.286000000000000032, 34.25001626411468436 ) ) ;
#6498 = DIRECTION ( 'NONE',  ( -0.000000000000000000, -1.000000000000000000, -0.000000000000000000 ) ) ;
#6499 = CARTESIAN_POINT ( 'NONE',  ( 38.95798926145957353, -3.049999999999999822, 25.41023961482099125 ) ) ;
#6500 = DIRECTION ( 'NONE',  ( -1.000000000000000000, -0.000000000000000000, -0.000000000000000000 ) ) ;
#6501 = VECTOR ( 'NONE', #7458, 1000.000000000000000 ) ;
#6502 = ADVANCED_FACE ( 'NONE', ( #4539 ), #8920, .F. ) ;
#6503 = SHAPE_DEFINITION_REPRESENTATION ( #9837, #4540 ) ;
#6504 = EDGE_LOOP ( 'NONE', ( #6743, #3008, #5937, #4157 ) ) ;
#6505 = ORIENTED_EDGE ( 'NONE', *, *, #6438, .F. ) ;
#6506 = AXIS2_PLACEMENT_3D ( 'NONE', #4623, #9441, #7913 ) ;
#6507 = VERTEX_POINT ( 'NONE', #4871 ) ;
#6508 = EDGE_CURVE ( 'NONE', #7929, #3599, #2512, .T. ) ;
#6509 = FACE_OUTER_BOUND ( 'NONE', #922, .T. ) ;
#6510 = CARTESIAN_POINT ( 'NONE',  ( -1.773272822338735510, 2.326569698816964848, 21.99855097892373834 ) ) ;
#6511 = CARTESIAN_POINT ( 'NONE',  ( -4.699999999999999289, -2.286000000000000032, 0.000000000000000000 ) ) ;
#6512 = CARTESIAN_POINT ( 'NONE',  ( 5.997690842407905620, 3.177628279838347947, -17.46633803735715418 ) ) ;
#6513 = CYLINDRICAL_SURFACE ( 'NONE', #2614, 0.5000000000000000000 ) ;
#6514 = CARTESIAN_POINT ( 'NONE',  ( -3.135382751754560271, -2.286000000000000032, 19.55000000000000071 ) ) ;
#6515 = CARTESIAN_POINT ( 'NONE',  ( 3.135382751754560271, 2.286000000000000032, -19.55000000000000071 ) ) ;
#6516 = CARTESIAN_POINT ( 'NONE',  ( 25.98382505836413259, 1.774045019102310716, 22.14305519256962640 ) ) ;
#6517 = ADVANCED_FACE ( 'NONE', ( #4121 ), #9788, .T. ) ;
#6518 = AXIS2_PLACEMENT_3D ( 'NONE', #9728, #4350, #6789 ) ;
#6519 = VECTOR ( 'NONE', #6708, 1000.000000000000000 ) ;
#6520 = CARTESIAN_POINT ( 'NONE',  ( 22.64209344281684011, 3.743032125645359365, 12.83613089469903557 ) ) ;
#6521 = CARTESIAN_POINT ( 'NONE',  ( 0.5000000000000000000, -2.286000000000000032, 15.87500000000000000 ) ) ;
#6522 = AXIS2_PLACEMENT_3D ( 'NONE', #8499, #5273, #1997 ) ;
#6523 = CARTESIAN_POINT ( 'NONE',  ( 19.28224635078449012, 2.579464080923133285, 20.00203979074505156 ) ) ;
#6524 = DIRECTION ( 'NONE',  ( 0.000000000000000000, -1.000000000000000000, -0.000000000000000000 ) ) ;
#6525 = CARTESIAN_POINT ( 'NONE',  ( 2.106884135674916614, 3.154967082848645354, -24.40177349883347091 ) ) ;
#6526 = CARTESIAN_POINT ( 'NONE',  ( -5.460999999999999410, 3.174999999999990052, -6.349999999999999645 ) ) ;
#6527 = ORIENTED_EDGE ( 'NONE', *, *, #1835, .T. ) ;
#6528 = EDGE_LOOP ( 'NONE', ( #4246, #6885, #8610, #6553 ) ) ;
#6529 = CARTESIAN_POINT ( 'NONE',  ( 0.5000000000000016653, 1.881521351217044336, 23.75000000000000711 ) ) ;
#6530 = CARTESIAN_POINT ( 'NONE',  ( -0.5000000000204236628, 1.882307816903916908, 23.75000000000000711 ) ) ;
#6531 = LINE ( 'NONE', #3190, #743 ) ;
#6532 = DIRECTION ( 'NONE',  ( 0.000000000000000000, -1.000000000000000000, 0.000000000000000000 ) ) ;
#6533 = EDGE_LOOP ( 'NONE', ( #1372, #7448, #5950, #4424, #8252, #8192 ) ) ;
#6534 = CARTESIAN_POINT ( 'NONE',  ( 34.79407701662650254, 2.077386254086377448, 21.90044223003762625 ) ) ;
#6535 = FACE_OUTER_BOUND ( 'NONE', #2544, .T. ) ;
#6536 = B_SPLINE_CURVE_WITH_KNOTS ( 'NONE', 3,
 ( #6580, #1845, #161, #3533, #5781, #4330, #5074 ),
 .UNSPECIFIED., .F., .F.,
 ( 4, 3, 4 ),
 ( 0.0003715338367599655789, 0.007316763487149960561, 0.01360312577605394743 ),
 .UNSPECIFIED. ) ;
#6537 = CARTESIAN_POINT ( 'NONE',  ( -4.700000000000000178, 2.424999999999986944, 3.264854136349466085 ) ) ;
#6538 = CARTESIAN_POINT ( 'NONE',  ( 42.35809825409445040, 3.429921481879801171, 13.01959668049056695 ) ) ;
#6539 = CARTESIAN_POINT ( 'NONE',  ( -4.700000000000000178, 2.424999999999986500, -0.7500000000000000000 ) ) ;
#6540 = ORIENTED_EDGE ( 'NONE', *, *, #1777, .T. ) ;
#6541 = ORIENTED_EDGE ( 'NONE', *, *, #4363, .F. ) ;
#6542 = ORIENTED_EDGE ( 'NONE', *, *, #5378, .F. ) ;
#6543 = DIRECTION ( 'NONE',  ( 1.000000000000000000, -0.000000000000000000, -0.000000000000000000 ) ) ;
#6544 = CARTESIAN_POINT ( 'NONE',  ( 31.52054397048230427, 3.770691371522929547, 21.58076056724390313 ) ) ;
#6545 = FACE_OUTER_BOUND ( 'NONE', #332, .T. ) ;
#6546 = VECTOR ( 'NONE', #6254, 1000.000000000000000 ) ;
#6547 = CARTESIAN_POINT ( 'NONE',  ( -4.700000000000000178, 9.205671755056227923, 0.7499999999999994449 ) ) ;
#6548 = CIRCLE ( 'NONE', #2473, 5.200000000000000178 ) ;
#6549 = LINE ( 'NONE', #2662, #4682 ) ;
#6550 = CARTESIAN_POINT ( 'NONE',  ( 36.94824717440471318, -3.050000000000000266, 29.55693793869324537 ) ) ;
#6551 = CARTESIAN_POINT ( 'NONE',  ( 38.93783574197293973, 2.666301065801235382, 4.324368826989234194 ) ) ;
#6552 = EDGE_CURVE ( 'NONE', #6097, #3559, #7354, .T. ) ;
#6553 = ORIENTED_EDGE ( 'NONE', *, *, #1586, .F. ) ;
#6554 = VERTEX_POINT ( 'NONE', #7202 ) ;
#6555 = ORIENTED_EDGE ( 'NONE', *, *, #7090, .F. ) ;
#6556 = ORIENTED_EDGE ( 'NONE', *, *, #10161, .T. ) ;
#6557 = CARTESIAN_POINT ( 'NONE',  ( -1.103996750108115155, 3.591022459855115923, 23.11196984050492276 ) ) ;
#6558 = CARTESIAN_POINT ( 'NONE',  ( 6.199999999999908695, 1.879496328347489253, -22.68666876557448475 ) ) ;
#6559 = LINE ( 'NONE', #6511, #2249 ) ;
#6560 = DIRECTION ( 'NONE',  ( 0.000000000000000000, 0.000000000000000000, -1.000000000000000000 ) ) ;
#6561 = EDGE_CURVE ( 'NONE', #1902, #1670, #6924, .T. ) ;
#6562 = VECTOR ( 'NONE', #9668, 1000.000000000000000 ) ;
#6563 = FACE_OUTER_BOUND ( 'NONE', #9255, .T. ) ;
#6564 = AXIS2_PLACEMENT_3D ( 'NONE', #5766, #1833, #4911 ) ;
#6565 = CARTESIAN_POINT ( 'NONE',  ( 44.94034767515340434, 3.052992291538602299, -5.447256128058700853 ) ) ;
#6566 = CARTESIAN_POINT ( 'NONE',  ( 34.33272576401070353, 2.257899293301867782, 13.75100358454658434 ) ) ;
#6567 = EDGE_CURVE ( 'NONE', #1973, #5471, #153, .T. ) ;
#6568 = VECTOR ( 'NONE', #8447, 1000.000000000000000 ) ;
#6569 = EDGE_CURVE ( 'NONE', #7363, #4717, #1506, .T. ) ;
#6570 = CARTESIAN_POINT ( 'NONE',  ( 28.70936399938221228, 2.623847127279729907, 19.02925321036236994 ) ) ;
#6571 = FACE_OUTER_BOUND ( 'NONE', #7299, .T. ) ;
#6572 = CARTESIAN_POINT ( 'NONE',  ( 27.09497882556466664, 1.899381775806332273, 21.10216401128196040 ) ) ;
#6573 = B_SPLINE_CURVE_WITH_KNOTS ( 'NONE', 3,
 ( #1485, #628, #9632, #3122, #4870, #4069, #6472, #6419, #6361, #2374, #3067, #5613, #9580, #2321, #790, #5565 ),
 .UNSPECIFIED., .F., .F.,
 ( 4, 2, 2, 2, 2, 2, 2, 4 ),
 ( 1.158406494545382086E-15, 0.0004145107189741356938, 0.0008290214379471129175, 0.001243532156920090087, 0.001658042875893067473, 0.002487064313839021813, 0.002901575032811994862, 0.003316085751784969213 ),
 .UNSPECIFIED. ) ;
#6574 = CYLINDRICAL_SURFACE ( 'NONE', #8384, 3.174999999999997158 ) ;
#6575 = EDGE_CURVE ( 'NONE', #3237, #8569, #3271, .T. ) ;
#6576 = CARTESIAN_POINT ( 'NONE',  ( 33.03232824590212147, -3.049999999999998490, -12.52655082382909768 ) ) ;
#6577 = ORIENTED_EDGE ( 'NONE', *, *, #8171, .T. ) ;
#6578 = CARTESIAN_POINT ( 'NONE',  ( 13.19999999999999396, 500000.0000000000582, 28.61461724824544106 ) ) ;
#6579 = DIRECTION ( 'NONE',  ( 0.000000000000000000, 0.000000000000000000, -1.000000000000000000 ) ) ;
#6580 = CARTESIAN_POINT ( 'NONE',  ( -0.8890000000000016778, 7.781481604885549963, 0.003761723464346230974 ) ) ;
#6581 = CARTESIAN_POINT ( 'NONE',  ( 12.69999999999999929, 0.7859999999999998099, 31.75000000000000000 ) ) ;
#6582 = EDGE_LOOP ( 'NONE', ( #8246, #10, #5552, #5372 ) ) ;
#6583 = DIRECTION ( 'NONE',  ( -0.000000000000000000, 1.000000000000000000, 0.000000000000000000 ) ) ;
#6584 = CARTESIAN_POINT ( 'NONE',  ( 10.62736066874737695, 2.594684321499560298, -16.95625609198923200 ) ) ;
#6585 = CYLINDRICAL_SURFACE ( 'NONE', #8544, 2.000000000000001776 ) ;
#6586 = CARTESIAN_POINT ( 'NONE',  ( 18.68014903995231890, 3.049999999999998490, 25.83431828209297265 ) ) ;
#6587 = CARTESIAN_POINT ( 'NONE',  ( -1.118683324864621964, 3.866217058944287022, -15.64522437407676847 ) ) ;
#6588 = CARTESIAN_POINT ( 'NONE',  ( 15.28016890553965190, 6.036543114695150258, 3.519701002981391547 ) ) ;
#6589 = ORIENTED_EDGE ( 'NONE', *, *, #2018, .T. ) ;
#6590 = ORIENTED_EDGE ( 'NONE', *, *, #7457, .F. ) ;
#6591 = ORIENTED_EDGE ( 'NONE', *, *, #3247, .T. ) ;
#6592 = LINE ( 'NONE', #5797, #6204 ) ;
#6593 = ORIENTED_EDGE ( 'NONE', *, *, #8588, .T. ) ;
#6594 = CARTESIAN_POINT ( 'NONE',  ( 44.30000000000003268, -2.656041666666378198, -5.024953283993575326 ) ) ;
#6595 = CARTESIAN_POINT ( 'NONE',  ( 2.571758278209442450E-16, -2.286000000000000032, -16.94999999999999929 ) ) ;
#6596 = CARTESIAN_POINT ( 'NONE',  ( -0.5000000000000002220, 1.891196959086389739, -23.47705093086629802 ) ) ;
#6597 = CARTESIAN_POINT ( 'NONE',  ( -0.4999999999881785118, 4.302661133098683699, -13.84999999999999787 ) ) ;
#6598 = DIRECTION ( 'NONE',  ( 3.716913175479997210E-32, -1.000000000000000000, 3.035089936190465843E-16 ) ) ;
#6599 = CARTESIAN_POINT ( 'NONE',  ( -4.699999999999995737, 3.627251257450359478, 16.82514045385690338 ) ) ;
#6600 = ORIENTED_EDGE ( 'NONE', *, *, #1115, .T. ) ;
#6601 = ORIENTED_EDGE ( 'NONE', *, *, #8146, .F. ) ;
#6602 = ORIENTED_EDGE ( 'NONE', *, *, #3509, .T. ) ;
#6603 = ORIENTED_EDGE ( 'NONE', *, *, #2131, .T. ) ;
#6604 = CARTESIAN_POINT ( 'NONE',  ( 44.29998853457489361, 1.489230735757193891, 0.03915948045967453106 ) ) ;
#6605 = DIRECTION ( 'NONE',  ( 0.000000000000000000, -1.000000000000000000, -0.000000000000000000 ) ) ;
#6606 = CARTESIAN_POINT ( 'NONE',  ( 37.94081386392078059, 2.351998453264059208, 4.249839068775277617 ) ) ;
#6607 = CARTESIAN_POINT ( 'NONE',  ( 5.175905717843011900, 500000.0000000000582, -19.55000000000000071 ) ) ;
#6608 = FACE_OUTER_BOUND ( 'NONE', #10054, .T. ) ;
#6609 = FACE_OUTER_BOUND ( 'NONE', #6019, .T. ) ;
#6610 = LINE ( 'NONE', #2628, #9413 ) ;
#6611 = CARTESIAN_POINT ( 'NONE',  ( 27.29836043159869163, 3.563999935838027433, 8.435678902316393390 ) ) ;
#6612 = EDGE_CURVE ( 'NONE', #2012, #10424, #6801, .T. ) ;
#6613 = APPROVAL ( #5424, 'UNSPECIFIED' ) ;
#6614 = CARTESIAN_POINT ( 'NONE',  ( 17.14322176718392399, 1.738534547057777768, 24.52671231738812807 ) ) ;
#6615 = CARTESIAN_POINT ( 'NONE',  ( 16.23723305427537511, 5.374708524723194714, 3.847119219431697434 ) ) ;
#6616 = CARTESIAN_POINT ( 'NONE',  ( -6.860028885115793784, 2.660176082106984197, -25.25130140683825530 ) ) ;
#6617 = CARTESIAN_POINT ( 'NONE',  ( -0.5000000000000000000, -2.286000000000000032, 15.87500000000000000 ) ) ;
#6618 = EDGE_CURVE ( 'NONE', #7904, #3513, #4606, .T. ) ;
#6619 = CARTESIAN_POINT ( 'NONE',  ( 26.07955609887344650, 3.328038632014975295, -16.74559133388180143 ) ) ;
#6620 = EDGE_CURVE ( 'NONE', #9949, #6097, #7645, .T. ) ;
#6621 = B_SPLINE_CURVE_WITH_KNOTS ( 'NONE', 3,
 ( #3109, #9781, #10405, #7971, #1633, #5558, #8177, #882, #724, #9673 ),
 .UNSPECIFIED., .F., .F.,
 ( 4, 2, 2, 2, 4 ),
 ( 7.854294591569230006E-18, 0.0004144915084860476061, 0.0008289830169720883817, 0.001243474525458129103, 0.001657966033944170041 ),
 .UNSPECIFIED. ) ;
#6622 = EDGE_LOOP ( 'NONE', ( #4010, #7927, #1745, #503 ) ) ;
#6623 = EDGE_CURVE ( 'NONE', #6910, #4947, #7290, .T. ) ;
#6624 = DIRECTION ( 'NONE',  ( 1.224646799147352714E-16, 0.000000000000000000, 1.000000000000000000 ) ) ;
#6625 = EDGE_CURVE ( 'NONE', #621, #3452, #6348, .T. ) ;
#6626 = CARTESIAN_POINT ( 'NONE',  ( -4.700000000000000178, 9.204878767889816515, -0.7500000000000001110 ) ) ;
#6627 = DIRECTION ( 'NONE',  ( 0.000000000000000000, -1.000000000000000000, 0.000000000000000000 ) ) ;
#6628 = CARTESIAN_POINT ( 'NONE',  ( -4.327534031991837615, 2.751299185001725878, -25.21511040283352045 ) ) ;
#6629 = VERTEX_POINT ( 'NONE', #5553 ) ;
#6630 = FACE_OUTER_BOUND ( 'NONE', #9853, .T. ) ;
#6631 = FACE_OUTER_BOUND ( 'NONE', #9340, .T. ) ;
#6632 = LINE ( 'NONE', #9843, #9746 ) ;
#6633 = CARTESIAN_POINT ( 'NONE',  ( 15.41673481549692326, 2.286000000000036003, 26.76303260890817981 ) ) ;
#6634 = CARTESIAN_POINT ( 'NONE',  ( 33.42900252371597247, 1.694351719135585688, -13.04078397929138688 ) ) ;
#6635 = CARTESIAN_POINT ( 'NONE',  ( 7.416061104907338830, 3.249334938909293147, -14.79816498469965680 ) ) ;
#6636 = EDGE_CURVE ( 'NONE', #5016, #6686, #8128, .T. ) ;
#6637 = ORIENTED_EDGE ( 'NONE', *, *, #5111, .T. ) ;
#6638 = ORIENTED_EDGE ( 'NONE', *, *, #10171, .T. ) ;
#6639 = VERTEX_POINT ( 'NONE', #7242 ) ;
#6640 = CARTESIAN_POINT ( 'NONE',  ( 42.88791190251661334, 3.075416666667324161, -7.166838815596440426 ) ) ;
#6641 = CARTESIAN_POINT ( 'NONE',  ( 10.83650298521228450, 0.7860000000050604285, 29.17939620402573908 ) ) ;
#6642 = CARTESIAN_POINT ( 'NONE',  ( 26.67457683256908396, 3.050000000000020250, 30.77780926349575452 ) ) ;
#6643 = DIRECTION ( 'NONE',  ( -0.000000000000000000, -1.000000000000000000, -0.000000000000000000 ) ) ;
#6644 = CARTESIAN_POINT ( 'NONE',  ( -5.460999999999999410, 3.174999999999987388, 6.349999999999999645 ) ) ;
#6645 = CARTESIAN_POINT ( 'NONE',  ( -4.510583061244194170, 3.728288853418513682, 16.42499851515542275 ) ) ;
#6646 = B_SPLINE_SURFACE_WITH_KNOTS ( 'NONE', 3, 3, ( 
 ( #6676, #8253, #7418, #5838 ),
 ( #1054, #955, #6728, #1008 ),
 ( #2545, #5124, #8351, #164 ),
 ( #4239, #9893, #1103, #4333 ) ),
 .UNSPECIFIED., .F., .F., .F.,
 ( 4, 4 ),
 ( 4, 4 ),
 ( 0.000000000000000000, 0.08000567849010087329 ),
 ( 0.3179574853933060941, 0.4372796598610081964 ),
 .UNSPECIFIED. ) ;
#6647 = ORIENTED_EDGE ( 'NONE', *, *, #1884, .F. ) ;
#6648 = VERTEX_POINT ( 'NONE', #10458 ) ;
#6649 = ORIENTED_EDGE ( 'NONE', *, *, #3946, .F. ) ;
#6650 = ORIENTED_EDGE ( 'NONE', *, *, #4404, .F. ) ;
#6651 = CARTESIAN_POINT ( 'NONE',  ( 34.65068308603721903, 2.562671997143518787, 33.52439716495585742 ) ) ;
#6652 = CARTESIAN_POINT ( 'NONE',  ( -0.5000000000000000000, 2.286000000000000032, 22.18538275175455965 ) ) ;
#6653 = CARTESIAN_POINT ( 'NONE',  ( -4.699999999999999289, 2.162520919212469472, -19.55000000000005755 ) ) ;
#6654 = CARTESIAN_POINT ( 'NONE',  ( -4.700000000000000178, -3.049999999999995381, 12.34999999999999787 ) ) ;
#6655 = DIRECTION ( 'NONE',  ( 1.000000000000000000, 0.000000000000000000, 0.000000000000000000 ) ) ;
#6656 = CARTESIAN_POINT ( 'NONE',  ( 15.27060379597426198, 500000.0000000000582, 29.88650298521228521 ) ) ;
#6657 = CARTESIAN_POINT ( 'NONE',  ( 44.30000000000000426, 3.050000000000000711, -6.120594430286472765 ) ) ;
#6658 = CARTESIAN_POINT ( 'NONE',  ( 25.29888751557579951, 3.803402166091061964, 8.144876626447734580 ) ) ;
#6659 = AXIS2_PLACEMENT_3D ( 'NONE', #8173, #832, #7391 ) ;
#6660 = ORIENTED_EDGE ( 'NONE', *, *, #10208, .F. ) ;
#6661 = CARTESIAN_POINT ( 'NONE',  ( 20.09232765978611468, 3.164614565761846521, 16.79738616173022692 ) ) ;
#6662 = CARTESIAN_POINT ( 'NONE',  ( 39.04949763042843358, 2.393578968359781012, -3.294600441358967124 ) ) ;
#6663 = CARTESIAN_POINT ( 'NONE',  ( 42.16504922604780603, 1.289431179618586443, -7.776482078299663314 ) ) ;
#6664 = AXIS2_PLACEMENT_3D ( 'NONE', #3891, #2073, #8646 ) ;
#6665 = CARTESIAN_POINT ( 'NONE',  ( 19.79196846283267774, 4.270031201140487731, 19.05867074616812573 ) ) ;
#6666 = VECTOR ( 'NONE', #130, 1000.000000000000000 ) ;
#6667 =( GEOMETRIC_REPRESENTATION_CONTEXT ( 3 ) GLOBAL_UNCERTAINTY_ASSIGNED_CONTEXT ( ( #5768 ) ) GLOBAL_UNIT_ASSIGNED_CONTEXT ( ( #9281, #5314, #5258 ) ) REPRESENTATION_CONTEXT ( 'NONE', 'WORKASPACE' ) );
#6668 = ORIENTED_EDGE ( 'NONE', *, *, #9078, .F. ) ;
#6669 = CARTESIAN_POINT ( 'NONE',  ( -0.4999999999999995559, 4.355721266394218638, 13.86606286208357020 ) ) ;
#6670 = CARTESIAN_POINT ( 'NONE',  ( 26.54752239358526467, 1.873173100629330179, 28.29286264341462243 ) ) ;
#6671 = EDGE_CURVE ( 'NONE', #1431, #6936, #6454, .T. ) ;
#6672 = CARTESIAN_POINT ( 'NONE',  ( 40.22892576331990000, -3.050000000000001599, 17.79454100556811369 ) ) ;
#6673 = CARTESIAN_POINT ( 'NONE',  ( -4.587915137336227467, 2.875909106304558982, -25.18157843735748003 ) ) ;
#6674 = AXIS2_PLACEMENT_3D ( 'NONE', #5685, #6485, #8254 ) ;
#6675 = ADVANCED_FACE ( 'NONE', ( #6509 ), #1674, .T. ) ;
#6676 = CARTESIAN_POINT ( 'NONE',  ( -4.725511943165497719, 3.612492682398230848, -16.84338660408709387 ) ) ;
#6677 = CARTESIAN_POINT ( 'NONE',  ( 22.72989360785202351, 2.594684321499560298, -12.85055984041370358 ) ) ;
#6678 = CARTESIAN_POINT ( 'NONE',  ( -4.699999999999999289, -3.049999999999999822, -13.85000000000000142 ) ) ;
#6679 = CARTESIAN_POINT ( 'NONE',  ( 21.32471866628435819, 2.286000000000033339, 28.62875551568762944 ) ) ;
#6680 = APPROVAL_PERSON_ORGANIZATION ( #3257, #3186, #3212 ) ;
#6681 = CARTESIAN_POINT ( 'NONE',  ( 32.52972074083853471, 3.405713973852699361, -4.178263882225802028 ) ) ;
#6682 = VECTOR ( 'NONE', #3726, 1000.000000000000000 ) ;
#6683 = CARTESIAN_POINT ( 'NONE',  ( 7.482763158099705159, 3.205942403383913231, -14.96052597083827607 ) ) ;
#6684 = ADVANCED_FACE ( 'NONE', ( #9922 ), #9869, .T. ) ;
#6685 = VERTEX_POINT ( 'NONE', #5002 ) ;
#6686 = VERTEX_POINT ( 'NONE', #7539 ) ;
#6687 = VERTEX_POINT ( 'NONE', #3409 ) ;
#6688 = VECTOR ( 'NONE', #1257, 1000.000000000000000 ) ;
#6689 = ORIENTED_EDGE ( 'NONE', *, *, #5587, .F. ) ;
#6690 = CARTESIAN_POINT ( 'NONE',  ( -4.699999999999999289, -3.049999999999999822, 50.82485211947506798 ) ) ;
#6691 = CARTESIAN_POINT ( 'NONE',  ( 32.94331444457825597, 2.160259742996841315, 21.14298879279854049 ) ) ;
#6692 = CARTESIAN_POINT ( 'NONE',  ( 19.04706512111526351, 3.049999999999998934, 26.26020621528136090 ) ) ;
#6693 = CARTESIAN_POINT ( 'NONE',  ( -2.138754923086915838, 2.036135063567009684, 23.14462397094195012 ) ) ;
#6694 = EDGE_CURVE ( 'NONE', #2083, #6457, #4034, .T. ) ;
#6695 = CARTESIAN_POINT ( 'NONE',  ( -3.961000000000000298, 3.174999999999987388, 6.349999999999999645 ) ) ;
#6696 = DIRECTION ( 'NONE',  ( 1.000000000000000000, -0.000000000000000000, -0.000000000000000000 ) ) ;
#6697 = LINE ( 'NONE', #4400, #623 ) ;
#6698 = B_SPLINE_CURVE_WITH_KNOTS ( 'NONE', 3,
 ( #10051, #6045, #9253, #2002 ),
 .UNSPECIFIED., .F., .F.,
 ( 4, 4 ),
 ( 0.0005157058031009677636, 0.002753377181869789622 ),
 .UNSPECIFIED. ) ;
#6699 = EDGE_CURVE ( 'NONE', #8165, #9921, #4165, .T. ) ;
#6700 = ORIENTED_EDGE ( 'NONE', *, *, #2869, .T. ) ;
#6701 = ORIENTED_EDGE ( 'NONE', *, *, #6231, .T. ) ;
#6702 = EDGE_LOOP ( 'NONE', ( #8360, #8927, #4679, #1512, #10352, #6434, #10386 ) ) ;
#6703 = DIRECTION ( 'NONE',  ( 1.000000000000000000, 0.000000000000000000, 0.000000000000000000 ) ) ;
#6704 = DIRECTION ( 'NONE',  ( 0.000000000000000000, -1.000000000000000000, -0.000000000000000000 ) ) ;
#6705 = CARTESIAN_POINT ( 'NONE',  ( 13.16528044572621070, 1.841337080734430920, 23.75000000000000355 ) ) ;
#6706 = DIRECTION ( 'NONE',  ( 0.000000000000000000, 0.000000000000000000, 1.000000000000000000 ) ) ;
#6707 = DIRECTION ( 'NONE',  ( 0.000000000000000000, 0.000000000000000000, -1.000000000000000000 ) ) ;
#6708 = DIRECTION ( 'NONE',  ( -1.000000000000000000, 0.000000000000000000, 5.608889349156317435E-16 ) ) ;
#6709 = CARTESIAN_POINT ( 'NONE',  ( -6.199999999999983302, 2.854365042433313793, -26.02791853205651407 ) ) ;
#6710 = AXIS2_PLACEMENT_3D ( 'NONE', #4072, #2533, #8942 ) ;
#6711 = CARTESIAN_POINT ( 'NONE',  ( 17.18907252921020046, 3.957240294220325083, 10.64754723439358486 ) ) ;
#6712 = DIRECTION ( 'NONE',  ( 0.000000000000000000, 1.000000000000000000, 0.000000000000000000 ) ) ;
#6713 = VECTOR ( 'NONE', #1148, 1000.000000000000000 ) ;
#6714 = AXIS2_PLACEMENT_3D ( 'NONE', #5559, #781, #8603 ) ;
#6715 = CARTESIAN_POINT ( 'NONE',  ( 25.25226619955878249, 4.224091964740510186, 8.827651646484437009 ) ) ;
#6716 = CARTESIAN_POINT ( 'NONE',  ( -500000.0000000000582, 3.174999999999986944, 4.249999999999998224 ) ) ;
#6717 = LINE ( 'NONE', #7947, #6393 ) ;
#6718 = DIRECTION ( 'NONE',  ( 1.000000000000000000, 0.000000000000000000, -2.387869865561634326E-14 ) ) ;
#6719 = VECTOR ( 'NONE', #335, 1000.000000000000000 ) ;
#6720 = B_SPLINE_CURVE_WITH_KNOTS ( 'NONE', 3,
 ( #9541, #2224, #7899, #8520, #3707, #5407, #7111, #6105, #584, #480, #3083, #6323, #2171, #3655, #4498, #3821, #7676, #8633, #7055, #7733, #6943, #10158, #1443, #6895, #2910, #1382, #10112, #9313, #2062, #9483, #7839, #9367 ),
 .UNSPECIFIED., .F., .F.,
 ( 4, 2, 2, 2, 2, 2, 2, 2, 2, 2, 2, 2, 2, 2, 2, 4 ),
 ( 0.01333918191198404414, 0.01417257261565377062, 0.01500596331932349710, 0.01583935402299322184, 0.01667274472666294832, 0.01750613543033267480, 0.01833952613400240128, 0.01917291683767212776, 0.02000630754134185424, 0.02083969824501158072, 0.02167308894868130720, 0.02250647965235103368, 0.02333987035602076016, 0.02417326105969048317, 0.02500665176336021311, 0.02667343317069965913 ),
 .UNSPECIFIED. ) ;
#6721 = VERTEX_POINT ( 'NONE', #235 ) ;
#6722 = ORIENTED_EDGE ( 'NONE', *, *, #1458, .F. ) ;
#6723 = DIRECTION ( 'NONE',  ( 0.000000000000000000, -3.448954456052295927E-16, 1.000000000000000000 ) ) ;
#6724 = CARTESIAN_POINT ( 'NONE',  ( 29.28191610937156142, -3.049999999999998934, 30.85901042595915555 ) ) ;
#6725 = DIRECTION ( 'NONE',  ( 0.000000000000000000, -1.000000000000000000, -0.000000000000000000 ) ) ;
#6726 = CARTESIAN_POINT ( 'NONE',  ( 14.26167857559420860, 2.285999999999964061, 26.62116496782267561 ) ) ;
#6727 = EDGE_CURVE ( 'NONE', #8579, #5115, #139, .T. ) ;
#6728 = CARTESIAN_POINT ( 'NONE',  ( -3.306470987479166901, 4.113087400350917022, -14.81673711668986293 ) ) ;
#6729 = DIRECTION ( 'NONE',  ( 0.000000000000000000, 1.000000000000000000, 0.000000000000000000 ) ) ;
#6730 = CARTESIAN_POINT ( 'NONE',  ( 31.17250727948124833, 500000.0000000000582, 34.24999999999999289 ) ) ;
#6731 = CARTESIAN_POINT ( 'NONE',  ( 23.32895388256968516, 2.286000000000012466, 29.80574127854184852 ) ) ;
#6732 = FACE_BOUND ( 'NONE', #9649, .T. ) ;
#6733 = CARTESIAN_POINT ( 'NONE',  ( 19.04246820052840405, 4.345559046377242218, 18.70502395061751955 ) ) ;
#6734 = EDGE_CURVE ( 'NONE', #1599, #1014, #5265, .T. ) ;
#6735 = ORIENTED_EDGE ( 'NONE', *, *, #5467, .F. ) ;
#6736 = ORIENTED_EDGE ( 'NONE', *, *, #531, .F. ) ;
#6737 = VERTEX_POINT ( 'NONE', #3561 ) ;
#6738 = EDGE_CURVE ( 'NONE', #10330, #3683, #8429, .T. ) ;
#6739 = CARTESIAN_POINT ( 'NONE',  ( 44.30000000000096350, 2.656046218586040286, -5.967486951695999409 ) ) ;
#6740 = DIRECTION ( 'NONE',  ( 0.000000000000000000, -1.000000000000000000, 0.000000000000000000 ) ) ;
#6741 = LINE ( 'NONE', #3651, #7496 ) ;
#6742 = CARTESIAN_POINT ( 'NONE',  ( 7.133333333336679516, 3.049999999999995381, 25.24999999999999645 ) ) ;
#6743 = ORIENTED_EDGE ( 'NONE', *, *, #4085, .T. ) ;
#6744 = EDGE_CURVE ( 'NONE', #9637, #2256, #4112, .T. ) ;
#6745 = CARTESIAN_POINT ( 'NONE',  ( 26.75385192178617899, 7.383440240601687243, 0.000000000000000000 ) ) ;
#6746 = CARTESIAN_POINT ( 'NONE',  ( 12.21959433300756537, 2.375947777660559979, -22.99295440539591340 ) ) ;
#6747 = FACE_OUTER_BOUND ( 'NONE', #9254, .T. ) ;
#6748 = EDGE_LOOP ( 'NONE', ( #1129, #2272, #1975, #864, #2899, #495, #2093, #9423, #6969, #6490, #5185 ) ) ;
#6749 = VERTEX_POINT ( 'NONE', #2982 ) ;
#6750 = ORIENTED_EDGE ( 'NONE', *, *, #1305, .F. ) ;
#6751 = ADVANCED_FACE ( 'NONE', ( #9273 ), #3666, .F. ) ;
#6752 = B_SPLINE_CURVE_WITH_KNOTS ( 'NONE', 3,
 ( #2251, #552, #8720, #10130, #94, #835 ),
 .UNSPECIFIED., .F., .F.,
 ( 4, 2, 4 ),
 ( 4.336808689942017255E-19, 0.0003987449148330448516, 0.0007974898296660892696 ),
 .UNSPECIFIED. ) ;
#6753 = ORIENTED_EDGE ( 'NONE', *, *, #910, .F. ) ;
#6754 = CARTESIAN_POINT ( 'NONE',  ( 37.86239883378915749, 2.447648941365829334, 2.393456763542018084 ) ) ;
#6755 = DIRECTION ( 'NONE',  ( -0.000000000000000000, 0.000000000000000000, -1.000000000000000000 ) ) ;
#6756 = CARTESIAN_POINT ( 'NONE',  ( 35.36687734262973493, 1.633001433951784875, 20.50088463370963510 ) ) ;
#6757 = EDGE_CURVE ( 'NONE', #2449, #61, #8528, .T. ) ;
#6758 = CARTESIAN_POINT ( 'NONE',  ( 42.80000000000000426, 0.2568975731676761409, 12.13083899229904183 ) ) ;
#6759 = ADVANCED_FACE ( 'NONE', ( #6277, #433 ), #9438, .T. ) ;
#6760 = DIRECTION ( 'NONE',  ( 0.000000000000000000, 1.000000000000000000, 0.000000000000000000 ) ) ;
#6761 = CARTESIAN_POINT ( 'NONE',  ( 39.09999999999717346, 2.445330005164640941, -2.766349121443582249 ) ) ;
#6762 = CARTESIAN_POINT ( 'NONE',  ( 15.77442835513102182, 2.169241781061939989, 19.66758544210818727 ) ) ;
#6763 = PLANE ( 'NONE',  #8508 ) ;
#6764 = EDGE_CURVE ( 'NONE', #172, #4528, #3773, .T. ) ;
#6765 = CARTESIAN_POINT ( 'NONE',  ( 17.77904008353411314, 4.920114256223943272, 8.248480183684179678 ) ) ;
#6766 = FACE_OUTER_BOUND ( 'NONE', #5051, .T. ) ;
#6767 = CARTESIAN_POINT ( 'NONE',  ( 44.94760772901591395, 2.939375223014515814, -5.359793428185030351 ) ) ;
#6768 = CARTESIAN_POINT ( 'NONE',  ( 33.74091551346553075, 1.647723379679540301, 21.76111751573063202 ) ) ;
#6769 = EDGE_LOOP ( 'NONE', ( #4356, #6072, #1322, #10234, #9272 ) ) ;
#6770 = CARTESIAN_POINT ( 'NONE',  ( 33.44829200396852542, 1.623371454148465620, -10.59429387554023094 ) ) ;
#6771 = CARTESIAN_POINT ( 'NONE',  ( 23.35538871796791582, -1.408942299790221675, 26.51574786720089350 ) ) ;
#6772 = CARTESIAN_POINT ( 'NONE',  ( 42.80000000000000426, -3.049999999999999822, -1.207950251375300763E-14 ) ) ;
#6773 = CARTESIAN_POINT ( 'NONE',  ( 15.79996462213204644, 2.286000000000075083, 26.82202076029939875 ) ) ;
#6774 = FACE_OUTER_BOUND ( 'NONE', #483, .T. ) ;
#6775 = DIRECTION ( 'NONE',  ( -1.000000000000000000, 0.000000000000000000, 4.265179193849230519E-12 ) ) ;
#6776 = CARTESIAN_POINT ( 'NONE',  ( -1.897916981522314250, 2.100040478803021138, -22.75558497409360470 ) ) ;
#6777 = CARTESIAN_POINT ( 'NONE',  ( 28.08961713800777460, 2.286000000000008914, 34.33936563789742991 ) ) ;
#6778 = CARTESIAN_POINT ( 'NONE',  ( 42.78191937799120126, 3.432896652313492059, -0.3824426625640445221 ) ) ;
#6779 = CARTESIAN_POINT ( 'NONE',  ( -0.5000000000000000000, 2.135522822432270207, -14.37690122360601030 ) ) ;
#6780 = EDGE_LOOP ( 'NONE', ( #9206, #2054, #2447, #1180 ) ) ;
#6781 = ORIENTED_EDGE ( 'NONE', *, *, #3147, .F. ) ;
#6782 = ORIENTED_EDGE ( 'NONE', *, *, #5643, .F. ) ;
#6783 = ORIENTED_EDGE ( 'NONE', *, *, #9322, .F. ) ;
#6784 = CARTESIAN_POINT ( 'NONE',  ( 43.45413713760637364, -1.118333333332923729, -6.681344842174928189 ) ) ;
#6785 = CARTESIAN_POINT ( 'NONE',  ( 0.5000000000000000000, 1.403218456559118588, 22.98575285216967856 ) ) ;
#6786 = CARTESIAN_POINT ( 'NONE',  ( 9.303944001473343661, 500000.0000000000582, -14.11490372132769622 ) ) ;
#6787 = DIRECTION ( 'NONE',  ( 0.000000000000000000, 0.000000000000000000, 1.000000000000000000 ) ) ;
#6788 = ORIENTED_EDGE ( 'NONE', *, *, #9915, .T. ) ;
#6789 = DIRECTION ( 'NONE',  ( 0.000000000000000000, 0.000000000000000000, -1.000000000000000000 ) ) ;
#6790 = CARTESIAN_POINT ( 'NONE',  ( 33.41978174497766219, 2.069413984013619423, 23.10377388765667561 ) ) ;
#6791 = DIRECTION ( 'NONE',  ( 0.000000000000000000, -1.000000000000000000, 1.785396518828237072E-15 ) ) ;
#6792 = CARTESIAN_POINT ( 'NONE',  ( 0.000000000000000000, 1.135999999974046659, -19.05000000000000071 ) ) ;
#6793 = ORIENTED_EDGE ( 'NONE', *, *, #1047, .T. ) ;
#6794 = VERTEX_POINT ( 'NONE', #10223 ) ;
#6795 = ORIENTED_EDGE ( 'NONE', *, *, #3748, .F. ) ;
#6796 = ORIENTED_EDGE ( 'NONE', *, *, #4032, .F. ) ;
#6797 = CARTESIAN_POINT ( 'NONE',  ( 38.94404495507072284, 2.158994857418422786, 4.046329264709148887 ) ) ;
#6798 = CARTESIAN_POINT ( 'NONE',  ( 33.86889221386705628, 2.160259742996841315, 21.52154630890196430 ) ) ;
#6799 = CARTESIAN_POINT ( 'NONE',  ( 13.34855112371996455, 500000.0000000000582, -1.100000000000735723 ) ) ;
#6800 = LINE ( 'NONE', #1924, #8168 ) ;
#6801 = B_SPLINE_CURVE_WITH_KNOTS ( 'NONE', 3,
 ( #7185, #3164, #8170, #6557, #2306, #90, #4905, #7128, #9777, #10401, #7967, #4852, #8773, #928, #878, #3953, #2410, #9622, #8928, #6406, #718, #5653, #10344, #34, #8873, #774, #2362, #5603, #5760, #1628, #4058, #1722 ),
 .UNSPECIFIED., .F., .F.,
 ( 4, 2, 2, 2, 2, 2, 2, 2, 2, 2, 2, 2, 2, 2, 2, 4 ),
 ( 0.01333344338265298260, 0.01416683956235165881, 0.01500023574205033329, 0.01583363192174900777, 0.01666702810144768399, 0.01750042428114636020, 0.01833382046084503642, 0.01916721664054370916, 0.02000061282024238538, 0.02083400899994106159, 0.02166740517963973434, 0.02250080135933841055, 0.02333419753903708677, 0.02416759371873575951, 0.02500098989843443920, 0.02666778225783179856 ),
 .UNSPECIFIED. ) ;
#6802 = DIRECTION ( 'NONE',  ( -1.000000000000000000, 0.000000000000000000, 0.000000000000000000 ) ) ;
#6803 = ADVANCED_FACE ( 'NONE', ( #2179 ), #4020, .F. ) ;
#6804 = DIRECTION ( 'NONE',  ( 0.7071067811865476838, 0.000000000000000000, -0.7071067811865474617 ) ) ;
#6805 = CARTESIAN_POINT ( 'NONE',  ( 17.83703954292491645, 5.702943156717777740, 1.241681111425087858 ) ) ;
#6806 = EDGE_CURVE ( 'NONE', #6414, #3149, #5303, .T. ) ;
#6807 = VECTOR ( 'NONE', #3611, 1000.000000000000000 ) ;
#6808 = CARTESIAN_POINT ( 'NONE',  ( 16.94029957063165526, 3.321233702506953822, 16.46570282677644315 ) ) ;
#6809 = CARTESIAN_POINT ( 'NONE',  ( 38.70930512734727813, 2.385466387895446516, -3.865266905391728791 ) ) ;
#6810 = EDGE_CURVE ( 'NONE', #7215, #5247, #7740, .T. ) ;
#6811 = CARTESIAN_POINT ( 'NONE',  ( 42.70951654428714761, 3.003549519844683768, -7.321549915293328326 ) ) ;
#6812 = CARTESIAN_POINT ( 'NONE',  ( 34.79407701662643149, 1.575197966417363205, 21.90044223003781099 ) ) ;
#6813 = VECTOR ( 'NONE', #9669, 1000.000000000000000 ) ;
#6814 = VERTEX_POINT ( 'NONE', #487 ) ;
#6815 = VECTOR ( 'NONE', #3207, 1000.000000000000000 ) ;
#6816 = ORIENTED_EDGE ( 'NONE', *, *, #1768, .F. ) ;
#6817 = CARTESIAN_POINT ( 'NONE',  ( 26.06712990332465196, 3.748007301483042397, -5.002373188873250776 ) ) ;
#6818 = LINE ( 'NONE', #5119, #1821 ) ;
#6819 = DIRECTION ( 'NONE',  ( 0.000000000000000000, 0.000000000000000000, -1.000000000000000000 ) ) ;
#6820 = CARTESIAN_POINT ( 'NONE',  ( 19.37199508834974537, 2.286000000000024457, 27.77588223503604681 ) ) ;
#6821 = VECTOR ( 'NONE', #8950, 1000.000000000000000 ) ;
#6822 = DIRECTION ( 'NONE',  ( 0.000000000000000000, -1.000000000000000000, 1.606225440719263409E-16 ) ) ;
#6823 = CARTESIAN_POINT ( 'NONE',  ( 39.03914245641792036, 1.884682217743357757, -3.286674949323955985 ) ) ;
#6824 = CARTESIAN_POINT ( 'NONE',  ( 17.19415689518923784, 7.586455418063811074, 3.174999999999999378 ) ) ;
#6825 = VECTOR ( 'NONE', #6532, 1000.000000000000000 ) ;
#6826 = CARTESIAN_POINT ( 'NONE',  ( 17.69770397533646289, 2.286000000000016463, 27.23738256514496570 ) ) ;
#6827 = CARTESIAN_POINT ( 'NONE',  ( 38.78888017016087275, 2.480751270177900203, -2.967404828563461994 ) ) ;
#6828 = DIRECTION ( 'NONE',  ( 0.000000000000000000, 1.000000000000000000, 0.000000000000000000 ) ) ;
#6829 = ORIENTED_EDGE ( 'NONE', *, *, #2419, .T. ) ;
#6830 = ORIENTED_EDGE ( 'NONE', *, *, #4594, .T. ) ;
#6831 = EDGE_LOOP ( 'NONE', ( #9562, #5910, #6556, #2831 ) ) ;
#6832 = VERTEX_POINT ( 'NONE', #10069 ) ;
#6833 = DIRECTION ( 'NONE',  ( 1.000000000000000000, 0.000000000000000000, 0.000000000000000000 ) ) ;
#6834 = AXIS2_PLACEMENT_3D ( 'NONE', #7491, #1034, #3371 ) ;
#6835 = CARTESIAN_POINT ( 'NONE',  ( -4.200000000000000178, 0.000000000000000000, 23.25000000000000000 ) ) ;
#6836 = CARTESIAN_POINT ( 'NONE',  ( 37.73242418968672496, 4.332025083919221586, -2.100000000000000533 ) ) ;
#6837 = CARTESIAN_POINT ( 'NONE',  ( 0.5000000000024961144, 2.636000000000000121, 13.87409428213114815 ) ) ;
#6838 = CARTESIAN_POINT ( 'NONE',  ( -3.961000000000000298, 3.174999999999990052, -6.349999999999999645 ) ) ;
#6839 = CARTESIAN_POINT ( 'NONE',  ( 17.11970258365687059, 2.210295574921703921, -21.58407182568826954 ) ) ;
#6840 = CONICAL_SURFACE ( 'NONE', #5843, 3.225000000000000533, 0.7853981633974500554 ) ;
#6841 = AXIS2_PLACEMENT_3D ( 'NONE', #8786, #3227, #2425 ) ;
#6842 = CARTESIAN_POINT ( 'NONE',  ( 43.67020065354665093, 1.307594575195835329, -6.348606984611540938 ) ) ;
#6843 = CARTESIAN_POINT ( 'NONE',  ( 33.28638809885931948, 3.062922647986546565, 34.73386598549737414 ) ) ;
#6844 = ORIENTED_EDGE ( 'NONE', *, *, #3244, .F. ) ;
#6845 = EDGE_LOOP ( 'NONE', ( #9283, #5328, #980, #7155, #2908, #4550 ) ) ;
#6846 = ORIENTED_EDGE ( 'NONE', *, *, #1748, .F. ) ;
#6847 = LOCAL_TIME ( 14, 39, 42.00000000000000000, #3950 ) ;
#6848 = EDGE_LOOP ( 'NONE', ( #3699, #4435, #5599, #4472 ) ) ;
#6849 = CARTESIAN_POINT ( 'NONE',  ( 28.84299678066334494, 2.286000000000009802, 35.47115441629329524 ) ) ;
#6850 = DIRECTION ( 'NONE',  ( 0.000000000000000000, 1.000000000000000000, 0.000000000000000000 ) ) ;
#6851 = FACE_OUTER_BOUND ( 'NONE', #1307, .T. ) ;
#6852 = CARTESIAN_POINT ( 'NONE',  ( 32.53964364722485669, -3.049999999999999822, 34.02641246180803591 ) ) ;
#6853 = CARTESIAN_POINT ( 'NONE',  ( 39.22001732370736704, 2.743698124017451612, 0.06434955327888979004 ) ) ;
#6854 = EDGE_CURVE ( 'NONE', #6749, #557, #6063, .T. ) ;
#6855 = CARTESIAN_POINT ( 'NONE',  ( 39.09999999999732267, 2.454907288038925550, -2.683175871175978777 ) ) ;
#6856 = CARTESIAN_POINT ( 'NONE',  ( 17.45146002595978274, 5.165010779004013841, 4.408529342260232298 ) ) ;
#6857 = CARTESIAN_POINT ( 'NONE',  ( -2.500000000000000444, 0.7859999999999998099, 25.05000000000562466 ) ) ;
#6858 = ORIENTED_EDGE ( 'NONE', *, *, #6985, .T. ) ;
#6859 = EDGE_CURVE ( 'NONE', #10217, #7276, #7308, .T. ) ;
#6860 = CARTESIAN_POINT ( 'NONE',  ( 15.39436164246584049, 2.553379425790109902, 20.39250037575607521 ) ) ;
#6861 = AXIS2_PLACEMENT_3D ( 'NONE', #5985, #4382, #1315 ) ;
#6862 = CARTESIAN_POINT ( 'NONE',  ( 0.000000000000000000, 1.135999999974046659, 19.05000000000000071 ) ) ;
#6864 = ADVANCED_FACE ( 'NONE', ( #2919 ), #7790, .T. ) ;
#6863 = AXIS2_PLACEMENT_3D ( 'NONE', #9780, #8976, #4856 ) ;
#6865 = CARTESIAN_POINT ( 'NONE',  ( -4.919125103411492006, 3.049999924759305703, -25.23738526362006240 ) ) ;
#6866 = CARTESIAN_POINT ( 'NONE',  ( 37.91674973932850179, 4.144652103356289530, -3.239690835010706316 ) ) ;
#6867 = B_SPLINE_CURVE_WITH_KNOTS ( 'NONE', 3,
 ( #6945, #701, #8578, #10160, #2913, #5465, #4612, #6999, #3826, #9486, #2868, #530, #648, #7842, #8695, #5294, #3881, #5410, #6107, #3030, #1385, #9370, #7735, #5356, #3709, #3933, #6270, #482, #2973, #6162, #9316, #2120, #10114, #1332 ),
 .UNSPECIFIED., .F., .F.,
 ( 4, 2, 2, 2, 2, 2, 2, 2, 2, 2, 2, 2, 2, 2, 2, 2, 4 ),
 ( 1.634034791991922748E-18, 0.0008333402114158123880, 0.001666680422831623258, 0.002500020634247434020, 0.003333360845663244781, 0.004166701057079055109, 0.005000041268494866305, 0.005833381479910677500, 0.006666721691326487828, 0.007500061902742299023, 0.008333402114158108484, 0.009166742325573922281, 0.01000008253698973261, 0.01083342274840554641, 0.01166676295982135847, 0.01250010317123717053, 0.01333344338265298260 ),
 .UNSPECIFIED. ) ;
#6868 = AXIS2_PLACEMENT_3D ( 'NONE', #10341, #3044, #7746 ) ;
#6869 = VERTEX_POINT ( 'NONE', #760 ) ;
#6870 = EDGE_CURVE ( 'NONE', #9406, #2901, #3427, .T. ) ;
#6871 = VERTEX_POINT ( 'NONE', #2506 ) ;
#6872 = CARTESIAN_POINT ( 'NONE',  ( 44.29874391220184293, 1.559965660633128026, 0.03334499336233578970 ) ) ;
#6873 = CARTESIAN_POINT ( 'NONE',  ( 43.45413713760639496, -1.118333333332923729, -6.681344842174908649 ) ) ;
#6874 = EDGE_CURVE ( 'NONE', #1901, #7559, #3585, .T. ) ;
#6875 = CARTESIAN_POINT ( 'NONE',  ( -4.749678658575728463, 2.948295617943013536, -25.14194005541209620 ) ) ;
#6876 = EDGE_CURVE ( 'NONE', #1025, #8073, #5561, .T. ) ;
#6877 = LINE ( 'NONE', #9297, #2621 ) ;
#6878 = CARTESIAN_POINT ( 'NONE',  ( -2.389000000000000234, 2.424999999999986500, -0.7500000000000000000 ) ) ;
#6879 = VECTOR ( 'NONE', #7125, 1000.000000000000000 ) ;
#6880 = CARTESIAN_POINT ( 'NONE',  ( 30.04390373953490467, 3.050000000000000266, 34.89558675102576757 ) ) ;
#6881 = CARTESIAN_POINT ( 'NONE',  ( 32.83192182095172029, 3.040842376992659357, 35.62029912700589307 ) ) ;
#6882 = CARTESIAN_POINT ( 'NONE',  ( 42.78017103280528488, 3.431983960028389902, -0.1610287348811222097 ) ) ;
#6883 = CARTESIAN_POINT ( 'NONE',  ( 10.38204998952847546, 2.545371488395176129, -15.98223806858347551 ) ) ;
#6884 = VERTEX_POINT ( 'NONE', #6494 ) ;
#6885 = ORIENTED_EDGE ( 'NONE', *, *, #4154, .T. ) ;
#6886 = EDGE_CURVE ( 'NONE', #10424, #2149, #4784, .T. ) ;
#6887 = ORIENTED_EDGE ( 'NONE', *, *, #3965, .F. ) ;
#6888 = AXIS2_PLACEMENT_3D ( 'NONE', #2688, #9244, #8400 ) ;
#6889 = CARTESIAN_POINT ( 'NONE',  ( -2.389000000000000234, 9.173625991758045828, -0.7500000000000001110 ) ) ;
#6890 = DIRECTION ( 'NONE',  ( 0.000000000000000000, -1.000000000000000000, 0.000000000000000000 ) ) ;
#6891 = CARTESIAN_POINT ( 'NONE',  ( 31.68579669920087127, 1.582230972995311014, 34.25000000000001421 ) ) ;
#6892 = CARTESIAN_POINT ( 'NONE',  ( -3.961000000000000298, 3.924999999999982503, 6.349999999999997868 ) ) ;
#6893 = ORIENTED_EDGE ( 'NONE', *, *, #7814, .F. ) ;
#6894 = CARTESIAN_POINT ( 'NONE',  ( 39.09999999999743636, 2.464461727060612173, -2.600000000002955503 ) ) ;
#6895 = CARTESIAN_POINT ( 'NONE',  ( 3.366945889622363186, 3.809511982253939610, -21.57553722570789745 ) ) ;
#6896 = ADVANCED_FACE ( 'NONE', ( #7230 ), #4091, .T. ) ;
#6897 = CARTESIAN_POINT ( 'NONE',  ( -2.389000000000000679, -3.049999999999999822, 12.34999999999999254 ) ) ;
#6898 = CARTESIAN_POINT ( 'NONE',  ( 33.52967632364920547, 3.064564505155261909, 34.37044711099468941 ) ) ;
#6899 = ORIENTED_EDGE ( 'NONE', *, *, #8394, .F. ) ;
#6900 = ORIENTED_EDGE ( 'NONE', *, *, #8602, .F. ) ;
#6901 = VERTEX_POINT ( 'NONE', #8007 ) ;
#6902 = CARTESIAN_POINT ( 'NONE',  ( -4.141985039485270192, 3.049999999999999378, -25.21811803787425177 ) ) ;
#6903 = CARTESIAN_POINT ( 'NONE',  ( 26.63956463225174431, 2.736249605495189918, -11.91929186890983594 ) ) ;
#6904 = DIRECTION ( 'NONE',  ( 0.000000000000000000, 0.000000000000000000, 1.000000000000000000 ) ) ;
#6905 = DIRECTION ( 'NONE',  ( 0.000000000000000000, 1.000000000000000000, 2.275047181608927447E-15 ) ) ;
#6906 = CARTESIAN_POINT ( 'NONE',  ( -2.389000000000000234, 2.424999999999986500, -0.7500000000000000000 ) ) ;
#6907 = CARTESIAN_POINT ( 'NONE',  ( 18.32808609748266093, 3.277049809481396014, 13.81506909022729168 ) ) ;
#6908 = CARTESIAN_POINT ( 'NONE',  ( -3.333955970400681146, 4.137907287499397846, 14.80394401587774666 ) ) ;
#6909 = ORIENTED_EDGE ( 'NONE', *, *, #4820, .F. ) ;
#6910 = VERTEX_POINT ( 'NONE', #4839 ) ;
#6911 = CARTESIAN_POINT ( 'NONE',  ( 7.326092387620035673, 3.852772829860310555, -14.45962273592511593 ) ) ;
#6912 = CARTESIAN_POINT ( 'NONE',  ( 13.48298704073212129, 1.767786735194355696, 24.08561160028298076 ) ) ;
#6913 = CARTESIAN_POINT ( 'NONE',  ( 0.5000000000000000000, 2.286000000000000032, 22.18538275175455965 ) ) ;
#6914 = CARTESIAN_POINT ( 'NONE',  ( -6.050898439228634906, 3.049999998212956420, -25.24970601015322558 ) ) ;
#6915 = DIRECTION ( 'NONE',  ( -1.000000000000000000, 0.000000000000000000, 8.417329000786213717E-16 ) ) ;
#6916 = EDGE_CURVE ( 'NONE', #8167, #10368, #8109, .T. ) ;
#6917 = CARTESIAN_POINT ( 'NONE',  ( 44.07201145211167415, -3.049999999999999378, 5.413113634270719565 ) ) ;
#6918 = ORIENTED_EDGE ( 'NONE', *, *, #5949, .T. ) ;
#6919 = EDGE_CURVE ( 'NONE', #3354, #2149, #818, .T. ) ;
#6920 = ORIENTED_EDGE ( 'NONE', *, *, #3134, .F. ) ;
#6921 = CARTESIAN_POINT ( 'NONE',  ( 44.19259792879406490, 2.135956879579165246, 0.02591422454307149709 ) ) ;
#6922 = CARTESIAN_POINT ( 'NONE',  ( 19.62568391787000266, 0.2562750768317114125, -20.39440110707059262 ) ) ;
#6923 = CARTESIAN_POINT ( 'NONE',  ( 4.145833725050858121, 2.567137759742518011, 20.95147411669654147 ) ) ;
#6924 = B_SPLINE_CURVE_WITH_KNOTS ( 'NONE', 3,
 ( #8188, #10469, #944, #10416 ),
 .UNSPECIFIED., .F., .F.,
 ( 4, 4 ),
 ( 5.421010862427522170E-19, 0.01195880971952118128 ),
 .UNSPECIFIED. ) ;
#6925 = LINE ( 'NONE', #9468, #8709 ) ;
#6926 = CARTESIAN_POINT ( 'NONE',  ( 38.09999999999581632, 9.402733490373224257, -3.089137220696272390 ) ) ;
#6927 = DIRECTION ( 'NONE',  ( 0.000000000000000000, 0.000000000000000000, -1.000000000000000000 ) ) ;
#6928 = CARTESIAN_POINT ( 'NONE',  ( 33.29830578497936244, 2.888484464422944598, 35.36822357377707249 ) ) ;
#6929 = EDGE_CURVE ( 'NONE', #6554, #10219, #1454, .T. ) ;
#6930 = DIRECTION ( 'NONE',  ( 0.000000000000000000, 1.000000000000000000, 0.000000000000000000 ) ) ;
#6931 = CARTESIAN_POINT ( 'NONE',  ( 19.30811313548263897, 4.295143315281785057, 18.95432618590132634 ) ) ;
#6932 = VERTEX_POINT ( 'NONE', #8913 ) ;
#6933 = ORIENTED_EDGE ( 'NONE', *, *, #4389, .T. ) ;
#6934 = ORIENTED_EDGE ( 'NONE', *, *, #730, .F. ) ;
#6935 = EDGE_CURVE ( 'NONE', #3818, #8344, #5816, .T. ) ;
#6936 = VERTEX_POINT ( 'NONE', #656 ) ;
#6937 = CARTESIAN_POINT ( 'NONE',  ( -6.200000000000000178, 3.552970297029702795, 23.25000000000000000 ) ) ;
#6938 = DIRECTION ( 'NONE',  ( -0.8660254037844412611, 0.000000000000000000, -0.4999999999999955591 ) ) ;
#6939 = DIRECTION ( 'NONE',  ( 0.000000000000000000, -1.000000000000000000, 0.000000000000000000 ) ) ;
#6940 = CARTESIAN_POINT ( 'NONE',  ( 29.05694062901807229, -3.050000000000001599, 31.05146236104784307 ) ) ;
#6941 = VERTEX_POINT ( 'NONE', #4683 ) ;
#6942 = PLANE ( 'NONE',  #398 ) ;
#6943 = CARTESIAN_POINT ( 'NONE',  ( 3.996674065398521325, 4.087174210129907337, -20.36962329991414578 ) ) ;
#6944 = CARTESIAN_POINT ( 'NONE',  ( 43.22246056558488192, 1.268932520695691402, -6.881572931628594070 ) ) ;
#6945 = CARTESIAN_POINT ( 'NONE',  ( -9.215718466126787689E-16, 5.652637603913651887, 14.84999999999999432 ) ) ;
#6946 = EDGE_CURVE ( 'NONE', #1293, #2065, #3996, .T. ) ;
#6947 = ORIENTED_EDGE ( 'NONE', *, *, #7518, .F. ) ;
#6948 = ORIENTED_EDGE ( 'NONE', *, *, #7754, .T. ) ;
#6949 = ORIENTED_EDGE ( 'NONE', *, *, #3571, .F. ) ;
#6950 = ORIENTED_EDGE ( 'NONE', *, *, #5832, .T. ) ;
#6951 = CARTESIAN_POINT ( 'NONE',  ( 30.04390373953490467, 3.050000000000000266, 34.89558675102576757 ) ) ;
#6952 = CARTESIAN_POINT ( 'NONE',  ( 0.8368319896169217342, 2.735293504928820063, -19.98329384849846946 ) ) ;
#6953 = DIRECTION ( 'NONE',  ( -1.000000000000000000, 0.000000000000000000, 0.000000000000000000 ) ) ;
#6954 = PLANE ( 'NONE',  #7653 ) ;
#6955 = DIRECTION ( 'NONE',  ( 0.000000000000000000, 0.000000000000000000, 1.000000000000000000 ) ) ;
#6956 = LINE ( 'NONE', #4627, #6879 ) ;
#6957 = DIRECTION ( 'NONE',  ( 0.000000000000000000, -1.000000000000000000, 0.000000000000000000 ) ) ;
#6958 = PERSON_AND_ORGANIZATION_ROLE ( 'design_owner' ) ;
#6959 = VERTEX_POINT ( 'NONE', #7910 ) ;
#6960 = EDGE_LOOP ( 'NONE', ( #2747, #3363, #10116, #535 ) ) ;
#6961 = FACE_OUTER_BOUND ( 'NONE', #284, .T. ) ;
#6962 = CARTESIAN_POINT ( 'NONE',  ( 16.06688907020804535, 6.687948058746462365, -0.2726628914408680826 ) ) ;
#6963 = DIRECTION ( 'NONE',  ( -1.000000000000000000, 0.000000000000000000, 0.000000000000000000 ) ) ;
#6964 = CARTESIAN_POINT ( 'NONE',  ( -3.961000000000000298, 3.924999999999987388, 3.264854136349465197 ) ) ;
#6965 = FACE_OUTER_BOUND ( 'NONE', #4837, .T. ) ;
#6966 = VERTEX_POINT ( 'NONE', #3889 ) ;
#6967 = VECTOR ( 'NONE', #7006, 1000.000000000000000 ) ;
#6968 = CARTESIAN_POINT ( 'NONE',  ( 44.00122652779447208, -3.049999999999999378, 6.179496296094555419 ) ) ;
#6969 = ORIENTED_EDGE ( 'NONE', *, *, #3132, .F. ) ;
#6970 = ORIENTED_EDGE ( 'NONE', *, *, #7386, .T. ) ;
#6971 = CARTESIAN_POINT ( 'NONE',  ( 12.69999999999999929, 2.286000000000000032, 31.75000000000000000 ) ) ;
#6972 = CARTESIAN_POINT ( 'NONE',  ( 9.085505496964366046, 3.008176386262197077, -17.51485815123675849 ) ) ;
#6973 = CARTESIAN_POINT ( 'NONE',  ( 34.52789212165343713, 1.560003226213089178, 22.37038846304127659 ) ) ;
#6974 = LINE ( 'NONE', #10193, #2948 ) ;
#6975 = DIRECTION ( 'NONE',  ( 0.000000000000000000, 0.000000000000000000, 1.000000000000000000 ) ) ;
#6976 = AXIS2_PLACEMENT_3D ( 'NONE', #9638, #1602, #4720 ) ;
#6977 = CARTESIAN_POINT ( 'NONE',  ( 30.54470175951582434, 3.049999999999999822, 35.75000010347762469 ) ) ;
#6978 = CARTESIAN_POINT ( 'NONE',  ( 33.49388688952952720, 2.782068464337116964, 35.20626884730807404 ) ) ;
#6979 = CARTESIAN_POINT ( 'NONE',  ( 35.36840575766808570, 3.078972003570763949, 31.40127441407097919 ) ) ;
#6980 = LINE ( 'NONE', #5569, #5142 ) ;
#6981 = ORIENTED_EDGE ( 'NONE', *, *, #3300, .F. ) ;
#6982 = EDGE_LOOP ( 'NONE', ( #7436, #6312, #3784, #7127 ) ) ;
#6983 = VERTEX_POINT ( 'NONE', #1664 ) ;
#6984 = EDGE_CURVE ( 'NONE', #1114, #2394, #9328, .T. ) ;
#6985 = EDGE_CURVE ( 'NONE', #5756, #9637, #866, .T. ) ;
#6986 = ORIENTED_EDGE ( 'NONE', *, *, #4582, .F. ) ;
#6987 = CONICAL_SURFACE ( 'NONE', #556, 3.225000000000000533, 0.7853981633974500554 ) ;
#6988 = CYLINDRICAL_SURFACE ( 'NONE', #9015, 4.200000000000001954 ) ;
#6989 = EDGE_CURVE ( 'NONE', #9111, #2745, #6335, .T. ) ;
#6990 = CARTESIAN_POINT ( 'NONE',  ( 0.000000000000000000, 9.402733490373224257, -21.15000000000000213 ) ) ;
#6991 = CARTESIAN_POINT ( 'NONE',  ( 39.09999999999747189, 1.952293452694883635, -2.600000000007963052 ) ) ;
#6992 = CARTESIAN_POINT ( 'NONE',  ( 9.956013268709357433, 2.593346549084202923, -16.89400770840575561 ) ) ;
#6993 = ORIENTED_EDGE ( 'NONE', *, *, #8675, .F. ) ;
#6994 = AXIS2_PLACEMENT_3D ( 'NONE', #8096, #1743, #7266 ) ;
#6995 = DIRECTION ( 'NONE',  ( 0.000000000000000000, 0.000000000000000000, 1.000000000000000000 ) ) ;
#6996 = CARTESIAN_POINT ( 'NONE',  ( 37.91674973932852311, 4.144652103356290418, -3.239690835010700098 ) ) ;
#6997 = EDGE_CURVE ( 'NONE', #7044, #3599, #2294, .T. ) ;
#6998 = DIRECTION ( 'NONE',  ( -0.000000000000000000, -1.785396518828237072E-15, -1.000000000000000000 ) ) ;
#6999 = CARTESIAN_POINT ( 'NONE',  ( 2.584311030669196096, 5.406305879393179303, 15.72769647354018829 ) ) ;
#7000 = DIRECTION ( 'NONE',  ( 0.000000000000000000, 0.000000000000000000, -1.000000000000000000 ) ) ;
#7001 = VERTEX_POINT ( 'NONE', #1561 ) ;
#7002 = ORIENTED_EDGE ( 'NONE', *, *, #801, .F. ) ;
#7003 = ORIENTED_EDGE ( 'NONE', *, *, #8819, .F. ) ;
#7004 = VECTOR ( 'NONE', #617, 1000.000000000000000 ) ;
#7005 = ORIENTED_EDGE ( 'NONE', *, *, #4171, .T. ) ;
#7006 = DIRECTION ( 'NONE',  ( 0.000000000000000000, -1.000000000000000000, 0.000000000000000000 ) ) ;
#7007 = EDGE_CURVE ( 'NONE', #593, #10163, #10446, .T. ) ;
#7008 = CARTESIAN_POINT ( 'NONE',  ( 2.066669428263610886, 1.880026499607243995, 23.75000000000000711 ) ) ;
#7009 = CIRCLE ( 'NONE', #1929, 2.000000000000001776 ) ;
#7010 = FACE_OUTER_BOUND ( 'NONE', #4275, .T. ) ;
#7011 = CARTESIAN_POINT ( 'NONE',  ( 12.69999999999999929, 2.286000000000000032, 31.75000000000000000 ) ) ;
#7012 = AXIS2_PLACEMENT_3D ( 'NONE', #2643, #5889, #7608 ) ;
#7013 = LINE ( 'NONE', #8767, #432 ) ;
#7014 = EDGE_CURVE ( 'NONE', #1162, #7849, #3437, .T. ) ;
#7015 = CARTESIAN_POINT ( 'NONE',  ( 30.54465794105359677, -3.049999999999999822, 35.74990112819453714 ) ) ;
#7016 = CARTESIAN_POINT ( 'NONE',  ( 18.73895057658076624, 1.878794969456975661, -15.56065593930606639 ) ) ;
#7017 = ORIENTED_EDGE ( 'NONE', *, *, #3308, .T. ) ;
#7018 = VERTEX_POINT ( 'NONE', #1905 ) ;
#7019 = CARTESIAN_POINT ( 'NONE',  ( 0.1668659315245930030, -2.286000000000000032, -23.46571642781960065 ) ) ;
#7020 = DIRECTION ( 'NONE',  ( 0.000000000000000000, 1.000000000000000000, 0.000000000000000000 ) ) ;
#7021 = CARTESIAN_POINT ( 'NONE',  ( 39.08670496175648168, 2.197948969583951140, -0.4165639999879424127 ) ) ;
#7022 = CARTESIAN_POINT ( 'NONE',  ( 6.062292194690091840, 4.692204482610589089, 12.05967938095913006 ) ) ;
#7023 = DIRECTION ( 'NONE',  ( 0.000000000000000000, 1.000000000000000000, 0.000000000000000000 ) ) ;
#7024 = CARTESIAN_POINT ( 'NONE',  ( 29.49745397771699729, 2.938253342465217521, -9.210097254468214700 ) ) ;
#7025 = LINE ( 'NONE', #7195, #616 ) ;
#7026 = AXIS2_PLACEMENT_3D ( 'NONE', #8352, #4429, #7609 ) ;
#7027 = B_SPLINE_CURVE_WITH_KNOTS ( 'NONE', 3,
 ( #2889, #9342, #9407, #5270, #2097, #6083, #6872, #7093, #5440, #8666, #2259, #8555, #9465, #2949, #6301, #1417, #506, #6135, #4474, #4709, #10092, #10249, #3685, #7813, #7033, #1361, #4650, #10136, #3859, #10304, #7711, #561, #6195, #6921, #2843, #1310, #3801, #4532, #8727, #7878, #7761, #3009, #3736, #2152, #5389, #625, #6249, #2204, #4758, #142, #7198 ),
 .UNSPECIFIED., .F., .F.,
 ( 4, 2, 1, 1, 2, 2, 2, 1, 2, 2, 2, 1, 1, 1, 2, 2, 2, 2, 1, 2, 2, 2, 2, 2, 1, 1, 2, 2, 2, 4 ),
 ( 0.000000000000000000, 0.01562500000000666481, 0.02343750000000987058, 0.02734375000001138672, 0.02929687500001222633, 0.03125000000001306594, 0.04687500000001834644, 0.05468750000002064321, 0.05859375000002191997, 0.06250000000002318978, 0.09375000000003676226, 0.1093750000000432293, 0.1171875000000458800, 0.1210937500000466294, 0.1230468750000465183, 0.1250000000000464073, 0.1875000000000566214, 0.2187500000000616451, 0.2343750000000630607, 0.2421875000000644762, 0.2500000000000658917, 0.3750000000001020850, 0.4375000000001202372, 0.4687500000001292855, 0.4843750000001368350, 0.4921875000001438294, 0.4960937500001439959, 0.5000000000001441069, 0.7500000000000720535, 1.000000000000000000 ),
 .UNSPECIFIED. ) ;
#7028 = ORIENTED_EDGE ( 'NONE', *, *, #3819, .T. ) ;
#7029 = ORIENTED_EDGE ( 'NONE', *, *, #5601, .T. ) ;
#7030 = EDGE_LOOP ( 'NONE', ( #1917, #5071, #1027, #6788 ) ) ;
#7031 = AXIS2_PLACEMENT_3D ( 'NONE', #7271, #3085, #3932 ) ;
#7032 = VECTOR ( 'NONE', #26, 1000.000000000000000 ) ;
#7033 = CARTESIAN_POINT ( 'NONE',  ( 44.27252346478807254, 1.819621521817438969, 0.03166785744051728996 ) ) ;
#7034 = CARTESIAN_POINT ( 'NONE',  ( 8.841504718032531684, 3.081852964818291962, -17.26935585861746603 ) ) ;
#7035 = CARTESIAN_POINT ( 'NONE',  ( -6.200000000000000178, 3.049999999999987832, -23.21895964886239128 ) ) ;
#7036 = DIRECTION ( 'NONE',  ( 1.000000000000000000, 0.000000000000000000, -0.000000000000000000 ) ) ;
#7037 = CARTESIAN_POINT ( 'NONE',  ( -5.461000000025251211, 3.174999999999989608, -8.449999999999999289 ) ) ;
#7038 = DIRECTION ( 'NONE',  ( 0.000000000000000000, -1.000000000000000000, 0.000000000000000000 ) ) ;
#7039 = CARTESIAN_POINT ( 'NONE',  ( 44.11645981944545269, 1.512218994712595022, 5.121215863355779163 ) ) ;
#7040 = AXIS2_PLACEMENT_3D ( 'NONE', #3527, #4471, #8341 ) ;
#7041 = CARTESIAN_POINT ( 'NONE',  ( 8.649999181959593386, 2.647212660763766490, -16.98223806858346308 ) ) ;
#7042 = ADVANCED_FACE ( 'NONE', ( #4990 ), #6328, .F. ) ;
#7043 = EDGE_LOOP ( 'NONE', ( #7875, #6062, #2665, #2700 ) ) ;
#7044 = VERTEX_POINT ( 'NONE', #221 ) ;
#7045 = ORIENTED_EDGE ( 'NONE', *, *, #5318, .F. ) ;
#7046 = ORIENTED_EDGE ( 'NONE', *, *, #10090, .F. ) ;
#7047 = EDGE_CURVE ( 'NONE', #1867, #4904, #3453, .T. ) ;
#7048 = CARTESIAN_POINT ( 'NONE',  ( -6.199999999999961098, 9.399999999999977263, 0.000000000000000000 ) ) ;
#7049 = CARTESIAN_POINT ( 'NONE',  ( 15.27060379597426198, 0.7860000000050604285, 29.88650298521228521 ) ) ;
#7050 = DIRECTION ( 'NONE',  ( 1.000000000000000000, -0.000000000000000000, -0.000000000000000000 ) ) ;
#7051 = CARTESIAN_POINT ( 'NONE',  ( 9.518329979527747398, 2.718665503905680403, -16.48623112774832933 ) ) ;
#7052 = VERTEX_POINT ( 'NONE', #2557 ) ;
#7053 = VECTOR ( 'NONE', #6696, 1000.000000000000000 ) ;
#7054 = PLANE ( 'NONE',  #9879 ) ;
#7055 = CARTESIAN_POINT ( 'NONE',  ( 4.175837678722476909, 4.277897946505841986, -19.57477910473921767 ) ) ;
#7056 = CARTESIAN_POINT ( 'NONE',  ( 0.000000000000000000, 1.136000000000000343, -19.05000000000000071 ) ) ;
#7057 = CARTESIAN_POINT ( 'NONE',  ( 33.86889221386707760, 2.146867881762197339, 21.52154630890190035 ) ) ;
#7058 = FACE_BOUND ( 'NONE', #1210, .T. ) ;
#7059 = CARTESIAN_POINT ( 'NONE',  ( -4.699999999999999289, 2.252489217301941071, 17.96140149215760928 ) ) ;
#7060 = ADVANCED_FACE ( 'NONE', ( #5899 ), #9008, .T. ) ;
#7061 = EDGE_LOOP ( 'NONE', ( #8680, #7830, #5342, #6700 ) ) ;
#7062 = VECTOR ( 'NONE', #1665, 1000.000000000000000 ) ;
#7063 = ORIENTED_EDGE ( 'NONE', *, *, #2148, .F. ) ;
#7064 = AXIS2_PLACEMENT_3D ( 'NONE', #9699, #2390, #5743 ) ;
#7065 = ORIENTED_EDGE ( 'NONE', *, *, #7583, .T. ) ;
#7066 = ADVANCED_FACE ( 'NONE', ( #10055 ), #8513, .T. ) ;
#7067 = DIRECTION ( 'NONE',  ( 1.000000000000000000, 0.000000000000000000, -0.000000000000000000 ) ) ;
#7068 = ORIENTED_EDGE ( 'NONE', *, *, #10418, .F. ) ;
#7069 = EDGE_CURVE ( 'NONE', #7667, #10315, #2902, .T. ) ;
#7070 = CARTESIAN_POINT ( 'NONE',  ( 30.28360698909077087, 3.050000000000000266, 35.29178179358823542 ) ) ;
#7071 = CARTESIAN_POINT ( 'NONE',  ( 2.338812802004298863, 2.442319592348782820, -21.00306952271875360 ) ) ;
#7072 = FACE_OUTER_BOUND ( 'NONE', #1673, .T. ) ;
#7073 = FACE_OUTER_BOUND ( 'NONE', #416, .T. ) ;
#7074 = LINE ( 'NONE', #10229, #7396 ) ;
#7075 = CARTESIAN_POINT ( 'NONE',  ( 0.000000000000000000, 1.135999999974046659, 19.05000000000000071 ) ) ;
#7076 = ADVANCED_FACE ( 'NONE', ( #9208 ), #6988, .F. ) ;
#7077 = PERSON_AND_ORGANIZATION ( #9736, #8355 ) ;
#7078 = ORIENTED_EDGE ( 'NONE', *, *, #3679, .F. ) ;
#7079 = EDGE_LOOP ( 'NONE', ( #6124, #6577, #8308, #270 ) ) ;
#7080 = ADVANCED_FACE ( 'NONE', ( #522 ), #5236, .F. ) ;
#7081 = EDGE_CURVE ( 'NONE', #9240, #3898, #1212, .T. ) ;
#7082 = DIRECTION ( 'NONE',  ( -0.000000000000000000, 1.000000000000000000, -0.000000000000000000 ) ) ;
#7083 = DIRECTION ( 'NONE',  ( 0.000000000000000000, 0.000000000000000000, -1.000000000000000000 ) ) ;
#7084 = DIRECTION ( 'NONE',  ( 0.000000000000000000, 0.000000000000000000, 1.000000000000000000 ) ) ;
#7085 = DIRECTION ( 'NONE',  ( 0.000000000000000000, 0.000000000000000000, 1.000000000000000000 ) ) ;
#7086 = CARTESIAN_POINT ( 'NONE',  ( 5.087785954501775620, 2.774312304350798897, 20.13078318757236929 ) ) ;
#7087 = CARTESIAN_POINT ( 'NONE',  ( 14.72005140847272031, 5.759082415044490588, -2.100000000000000977 ) ) ;
#7088 = CARTESIAN_POINT ( 'NONE',  ( -4.699999999999997513, 2.009466202051466421, -23.21895964886240193 ) ) ;
#7089 = CARTESIAN_POINT ( 'NONE',  ( -4.700000000000001066, 2.008311135681220438, 23.25000000000000355 ) ) ;
#7090 = EDGE_CURVE ( 'NONE', #4717, #2070, #2008, .T. ) ;
#7091 = ORIENTED_EDGE ( 'NONE', *, *, #3740, .F. ) ;
#7092 = ORIENTED_EDGE ( 'NONE', *, *, #6295, .T. ) ;
#7093 = CARTESIAN_POINT ( 'NONE',  ( 44.29854639815366824, 1.565340946337663741, 0.03351419583171088429 ) ) ;
#7094 = CARTESIAN_POINT ( 'NONE',  ( 34.11545936771351251, 3.850262719527027144, -0.07880076389451888541 ) ) ;
#7095 = DIRECTION ( 'NONE',  ( 0.000000000000000000, -1.000000000000000000, -0.000000000000000000 ) ) ;
#7096 = CARTESIAN_POINT ( 'NONE',  ( -4.699999999999999289, 500000.0000000000582, -16.82514045387129897 ) ) ;
#7097 = LINE ( 'NONE', #3863, #5108 ) ;
#7098 = CARTESIAN_POINT ( 'NONE',  ( 0.000000000000000000, 3.261000000000000121, 14.84999999999999787 ) ) ;
#7099 = CARTESIAN_POINT ( 'NONE',  ( 33.93525094818540566, 3.051124044661378321, 34.63789570642011029 ) ) ;
#7100 = CARTESIAN_POINT ( 'NONE',  ( 44.30000000000000426, -3.049999999999999822, -5.937663020359973842 ) ) ;
#7101 = VERTEX_POINT ( 'NONE', #4551 ) ;
#7102 = ORIENTED_EDGE ( 'NONE', *, *, #6168, .T. ) ;
#7103 = EDGE_LOOP ( 'NONE', ( #4573, #4600, #5951, #3499 ) ) ;
#7104 = EDGE_LOOP ( 'NONE', ( #8044, #4438, #3557, #5849 ) ) ;
#7105 = CARTESIAN_POINT ( 'NONE',  ( 12.69999999999998863, 1.843810239194162426, 23.75000000000000000 ) ) ;
#7106 = CARTESIAN_POINT ( 'NONE',  ( 0.5000000000000075495, 1.849405852229433433, -23.43499158684736017 ) ) ;
#7107 = CARTESIAN_POINT ( 'NONE',  ( 3.175000000000001155, -2.286000000000000032, 18.55000000000000071 ) ) ;
#7108 = CARTESIAN_POINT ( 'NONE',  ( -5.460999999999999410, 3.174999999999990052, -9.574999999999999289 ) ) ;
#7109 = ORIENTED_EDGE ( 'NONE', *, *, #9579, .T. ) ;
#7110 = CARTESIAN_POINT ( 'NONE',  ( -3.961000000000000298, 3.174999999999990052, -6.349999999999999645 ) ) ;
#7111 = CARTESIAN_POINT ( 'NONE',  ( 2.124934967947636366, 5.384754698590572097, -15.41667945743984092 ) ) ;
#7112 = DIRECTION ( 'NONE',  ( 0.000000000000000000, -1.000000000000000000, 0.000000000000000000 ) ) ;
#7113 = CARTESIAN_POINT ( 'NONE',  ( 39.08999784877806150, 2.489206316725641965, -2.400907933225107982 ) ) ;
#7114 = CARTESIAN_POINT ( 'NONE',  ( -4.700000000013915269, 4.375026936551267731, 13.84999999999999609 ) ) ;
#7115 = DIRECTION ( 'NONE',  ( 0.000000000000000000, 0.000000000000000000, -1.000000000000000000 ) ) ;
#7116 = ORIENTED_EDGE ( 'NONE', *, *, #787, .F. ) ;
#7117 = ORIENTED_EDGE ( 'NONE', *, *, #7463, .F. ) ;
#7118 = VERTEX_POINT ( 'NONE', #9307 ) ;
#7119 = DIRECTION ( 'NONE',  ( 0.000000000000000000, 0.000000000000000000, -1.000000000000000000 ) ) ;
#7120 = CARTESIAN_POINT ( 'NONE',  ( 34.40784672606786643, 2.598583763812379654, -7.165904475558504849 ) ) ;
#7121 = FACE_BOUND ( 'NONE', #171, .T. ) ;
#7122 = CARTESIAN_POINT ( 'NONE',  ( 15.83538275175456000, 0.7860000000050604285, 31.25000000000000000 ) ) ;
#7123 = B_SPLINE_CURVE_WITH_KNOTS ( 'NONE', 3,
 ( #8984, #5773, #1734, #9885, #4966, #4872, #945, #1841, #10471, #8189, #2633, #7408, #1790, #9682 ),
 .UNSPECIFIED., .F., .F.,
 ( 4, 2, 2, 2, 2, 2, 4 ),
 ( 1.718037939769726161E-14, 0.001450189997925951024, 0.002175284996880335643, 0.002900379995834720913, 0.003625474994789106183, 0.004350569993743491452, 0.005800759991652268063 ),
 .UNSPECIFIED. ) ;
#7124 = LINE ( 'NONE', #7794, #2125 ) ;
#7125 = DIRECTION ( 'NONE',  ( 0.000000000000000000, -1.000000000000000000, 0.000000000000000000 ) ) ;
#7126 = CYLINDRICAL_SURFACE ( 'NONE', #6868, 2.099999999999999645 ) ;
#7127 = ORIENTED_EDGE ( 'NONE', *, *, #777, .F. ) ;
#7128 = CARTESIAN_POINT ( 'NONE',  ( -2.587698422484704608, 3.779180785248923868, 22.36975822734711272 ) ) ;
#7129 = CARTESIAN_POINT ( 'NONE',  ( -5.335592306863317980, 3.145073821940426839, -24.86529804439152613 ) ) ;
#7130 = CARTESIAN_POINT ( 'NONE',  ( 17.50001391227587533, 5.798530911222885109, -0.9590212079717596039 ) ) ;
#7131 = CARTESIAN_POINT ( 'NONE',  ( 3.319928286269835827, 4.195887227205783887, -13.80981837335170503 ) ) ;
#7132 = EDGE_CURVE ( 'NONE', #5167, #1984, #4913, .T. ) ;
#7133 = CARTESIAN_POINT ( 'NONE',  ( 12.26695532125306798, 1.775878362839998559, 24.06618708606612955 ) ) ;
#7134 = LINE ( 'NONE', #10349, #1770 ) ;
#7135 = CARTESIAN_POINT ( 'NONE',  ( 36.91801671664492801, 2.682347251800334398, -4.057400014704628965 ) ) ;
#7136 = CARTESIAN_POINT ( 'NONE',  ( -4.700000000000001066, 4.125912519407317625, 14.84174970246024827 ) ) ;
#7137 = EDGE_CURVE ( 'NONE', #4989, #4619, #1961, .T. ) ;
#7138 = ORIENTED_EDGE ( 'NONE', *, *, #6149, .T. ) ;
#7139 = EDGE_CURVE ( 'NONE', #253, #4838, #4780, .T. ) ;
#7140 = CARTESIAN_POINT ( 'NONE',  ( 32.46565194230346663, 3.059620730130610866, 35.72790927583254472 ) ) ;
#7141 = CARTESIAN_POINT ( 'NONE',  ( 43.05298599317357144, 1.817704178304254237, -0.005022308306179596067 ) ) ;
#7142 = CARTESIAN_POINT ( 'NONE',  ( 34.93938956361271408, 3.805891943682345957, 18.74994488059560283 ) ) ;
#7143 = CARTESIAN_POINT ( 'NONE',  ( 0.5000000000000000000, 2.286000000000000032, -15.91461724824544000 ) ) ;
#7144 = CARTESIAN_POINT ( 'NONE',  ( 44.29999666364016520, 1.489338440238882511, 0.02051696259675955467 ) ) ;
#7145 = DIRECTION ( 'NONE',  ( -1.000000000000000000, 0.000000000000000000, 0.000000000000000000 ) ) ;
#7146 = CARTESIAN_POINT ( 'NONE',  ( 43.15736137647037651, 1.711205168171650248, 12.07660861243468631 ) ) ;
#7147 = FACE_OUTER_BOUND ( 'NONE', #7726, .T. ) ;
#7148 = ORIENTED_EDGE ( 'NONE', *, *, #7583, .F. ) ;
#7149 = EDGE_LOOP ( 'NONE', ( #5514, #4325, #909, #5096, #2762 ) ) ;
#7150 = CARTESIAN_POINT ( 'NONE',  ( 39.84174769430145346, 1.016666666666666607, 27.01510415892409611 ) ) ;
#7151 = DIRECTION ( 'NONE',  ( -0.000000000000000000, 1.000000000000000000, -0.000000000000000000 ) ) ;
#7152 = CARTESIAN_POINT ( 'NONE',  ( 42.66230220779610249, 2.751848662559983616, -6.492812311035679684 ) ) ;
#7153 = DIRECTION ( 'NONE',  ( 0.000000000000000000, 0.000000000000000000, 1.000000000000000000 ) ) ;
#7154 = AXIS2_PLACEMENT_3D ( 'NONE', #9611, #8762, #3249 ) ;
#7155 = ORIENTED_EDGE ( 'NONE', *, *, #3766, .T. ) ;
#7156 = CARTESIAN_POINT ( 'NONE',  ( 37.59999999999745768, 500000.0000000000582, -1.100000000000736611 ) ) ;
#7157 = CARTESIAN_POINT ( 'NONE',  ( -1.694740204166074626, 2.654419891092213213, -25.11854629502916580 ) ) ;
#7158 = CARTESIAN_POINT ( 'NONE',  ( 42.80014015321026477, 1.880237998053895465, 0.005707694854414802933 ) ) ;
#7159 = B_SPLINE_CURVE_WITH_KNOTS ( 'NONE', 3,
 ( #8765, #820, #4740, #7958, #4299, #9010, #6642, #5943, #1168, #3505, #9157, #9858, #5855, #8212, #8365, #4393, #1020, #176, #5138, #2704, #1763, #4347, #1907, #8417, #4992, #2610, #129, #970, #6692, #9908, #3357, #1119, #4202, #9999, #2559, #9210, #9061, #1963, #7579, #1817 ),
 .UNSPECIFIED., .F., .F.,
 ( 4, 2, 2, 2, 2, 2, 2, 2, 2, 2, 2, 2, 2, 2, 2, 2, 2, 2, 2, 4 ),
 ( 0.000000000000000000, 0.1250000000000000000, 0.1875000000000000000, 0.2500000000000000000, 0.2812500000000000000, 0.3124999999999999445, 0.3437499999999999445, 0.3750000000000000000, 0.4062500000000000000, 0.4375000000000000000, 0.5000000000000000000, 0.5625000000000000000, 0.6249999999999998890, 0.6562500000000000000, 0.6874999999999998890, 0.7187499999999998890, 0.7500000000000000000, 0.8125000000000000000, 0.8750000000000000000, 1.000000000000000000 ),
 .UNSPECIFIED. ) ;
#7160 = CARTESIAN_POINT ( 'NONE',  ( 38.51866749662897149, 2.720700093381431817, -1.398341723702783757 ) ) ;
#7161 = CARTESIAN_POINT ( 'NONE',  ( -4.700000000000000178, 6.298245073656640436, 12.34999999999999787 ) ) ;
#7162 = DIRECTION ( 'NONE',  ( 0.000000000000000000, -1.000000000000000000, 0.000000000000000000 ) ) ;
#7163 = VERTEX_POINT ( 'NONE', #3753 ) ;
#7164 = VERTEX_POINT ( 'NONE', #8570 ) ;
#7165 = VECTOR ( 'NONE', #3076, 1000.000000000000000 ) ;
#7166 = ORIENTED_EDGE ( 'NONE', *, *, #3267, .T. ) ;
#7167 = EDGE_CURVE ( 'NONE', #7736, #2059, #5191, .T. ) ;
#7168 = ORIENTED_EDGE ( 'NONE', *, *, #5117, .F. ) ;
#7169 = DIRECTION ( 'NONE',  ( 0.000000000000000000, 0.000000000000000000, -1.000000000000000000 ) ) ;
#7170 = VECTOR ( 'NONE', #437, 1000.000000000000000 ) ;
#7171 = FACE_OUTER_BOUND ( 'NONE', #2005, .T. ) ;
#7172 = CARTESIAN_POINT ( 'NONE',  ( 42.80000000000000426, 0.000000000000000000, 0.000000000000000000 ) ) ;
#7173 = LINE ( 'NONE', #8708, #2755 ) ;
#7174 = CARTESIAN_POINT ( 'NONE',  ( -6.200000000000015277, 3.049999999999999822, -25.25000000000000000 ) ) ;
#7175 = CARTESIAN_POINT ( 'NONE',  ( 29.01502886821507587, 2.286000000000000032, 35.75000000000000711 ) ) ;
#7176 = AXIS2_PLACEMENT_3D ( 'NONE', #7621, #7050, #10265 ) ;
#7177 = CARTESIAN_POINT ( 'NONE',  ( 10.38435538331265739, 4.606709381957317717, -16.98623112774832933 ) ) ;
#7178 = DIRECTION ( 'NONE',  ( 0.000000000000000000, 0.000000000000000000, -1.000000000000000000 ) ) ;
#7179 = VECTOR ( 'NONE', #5161, 1000.000000000000000 ) ;
#7180 = PERSON_AND_ORGANIZATION_ROLE ( 'design_supplier' ) ;
#7181 = ORIENTED_EDGE ( 'NONE', *, *, #1708, .T. ) ;
#7182 = VERTEX_POINT ( 'NONE', #10106 ) ;
#7183 = VECTOR ( 'NONE', #8333, 1000.000000000000000 ) ;
#7184 = AXIS2_PLACEMENT_3D ( 'NONE', #3168, #8657, #9625 ) ;
#7185 = CARTESIAN_POINT ( 'NONE',  ( -3.523657060577888917E-16, 3.554936833065815982, 23.25000000000000355 ) ) ;
#7186 = DIRECTION ( 'NONE',  ( 0.000000000000000000, 0.000000000000000000, -1.000000000000000000 ) ) ;
#7187 = CARTESIAN_POINT ( 'NONE',  ( -4.700000000000000178, 2.424999999999986500, -12.35000000000000142 ) ) ;
#7188 = ADVANCED_FACE ( 'NONE', ( #8415 ), #4864, .T. ) ;
#7189 = CARTESIAN_POINT ( 'NONE',  ( -2.389000000000000234, 3.924999999999992717, 12.34999999999999787 ) ) ;
#7190 = CIRCLE ( 'NONE', #3789, 3.175000000000000711 ) ;
#7191 = CARTESIAN_POINT ( 'NONE',  ( 10.65600928198375641, 1.785640219241777960, 24.04982887818397685 ) ) ;
#7192 = PLANE ( 'NONE',  #241 ) ;
#7193 = CARTESIAN_POINT ( 'NONE',  ( 37.91674973932459380, 2.606638053323823812, -3.239690835013905978 ) ) ;
#7194 = VECTOR ( 'NONE', #8486, 1000.000000000000000 ) ;
#7195 = CARTESIAN_POINT ( 'NONE',  ( -4.699999999999999289, -2.286000000000000032, 0.000000000000000000 ) ) ;
#7196 = EDGE_CURVE ( 'NONE', #2761, #9952, #6058, .T. ) ;
#7197 = EDGE_CURVE ( 'NONE', #5739, #10275, #7820, .T. ) ;
#7198 = CARTESIAN_POINT ( 'NONE',  ( 42.77866005973528729, 3.431371464420772899, 3.743839587402915804E-05 ) ) ;
#7199 = CARTESIAN_POINT ( 'NONE',  ( 32.75083205755871774, 3.772333292085054079, 5.006762285988092920 ) ) ;
#7200 = CARTESIAN_POINT ( 'NONE',  ( -4.699999999999995737, 3.657625008428199376, -16.66323921520721285 ) ) ;
#7201 = LINE ( 'NONE', #4025, #6003 ) ;
#7202 = CARTESIAN_POINT ( 'NONE',  ( 14.65719825260497977, 0.7859999999999998099, 34.25000000000000000 ) ) ;
#7203 = B_SPLINE_CURVE_WITH_KNOTS ( 'NONE', 3,
 ( #4560, #8756, #7059, #3199, #2391, #1556 ),
 .UNSPECIFIED., .F., .F.,
 ( 4, 2, 4 ),
 ( 0.006877631330539249119, 0.007768439268848908660, 0.008659247207158568202 ),
 .UNSPECIFIED. ) ;
#7204 = CARTESIAN_POINT ( 'NONE',  ( -4.206891550956103565, 3.924999999999987388, -10.22429359948794492 ) ) ;
#7205 = CARTESIAN_POINT ( 'NONE',  ( 35.80695508974269359, 2.544725955613259316, 31.65371000724490003 ) ) ;
#7206 = CARTESIAN_POINT ( 'NONE',  ( 0.000000000000000000, 2.286000000000000032, -19.05000000000000071 ) ) ;
#7207 = ADVANCED_FACE ( 'NONE', ( #8685 ), #3233, .F. ) ;
#7208 = EDGE_LOOP ( 'NONE', ( #10232, #170, #5678, #5783, #7148, #1698, #1320, #849, #2699, #2448, #163, #4795, #9020, #201, #4257, #6357 ) ) ;
#7209 = EDGE_CURVE ( 'NONE', #5260, #5398, #5454, .T. ) ;
#7210 = DIRECTION ( 'NONE',  ( 0.000000000000000000, 0.000000000000000000, 1.000000000000000000 ) ) ;
#7211 = EDGE_CURVE ( 'NONE', #8169, #5513, #6429, .T. ) ;
#7212 = CARTESIAN_POINT ( 'NONE',  ( -2.966665036775912867, 1.883074186522075699, 23.74999999999998934 ) ) ;
#7213 = CARTESIAN_POINT ( 'NONE',  ( 16.30032525021147549, 7.443006854137364847, 3.700682649785163481 ) ) ;
#7214 = CARTESIAN_POINT ( 'NONE',  ( -4.431241766565809037, 2.801561895771809585, -25.20556251570695494 ) ) ;
#7215 = VERTEX_POINT ( 'NONE', #8093 ) ;
#7216 = LINE ( 'NONE', #8849, #5846 ) ;
#7217 = DIRECTION ( 'NONE',  ( 0.000000000000000000, 0.000000000000000000, -1.000000000000000000 ) ) ;
#7218 = CARTESIAN_POINT ( 'NONE',  ( 28.39275334869917344, 4.935146756027802617, 0.07281879458433870855 ) ) ;
#7219 = CIRCLE ( 'NONE', #4007, 2.100000000000000977 ) ;
#7220 = CIRCLE ( 'NONE', #1123, 4.438999999996124934 ) ;
#7221 = CARTESIAN_POINT ( 'NONE',  ( 38.94544615744070626, 2.571808751446464480, -1.929538266736904317 ) ) ;
#7222 = CARTESIAN_POINT ( 'NONE',  ( 38.27389892595535059, 4.139456410797084374, 11.74933948069645417 ) ) ;
#7223 = DIRECTION ( 'NONE',  ( 0.000000000000000000, -1.000000000000000000, 0.000000000000000000 ) ) ;
#7224 = EDGE_CURVE ( 'NONE', #2279, #8004, #692, .T. ) ;
#7225 = VERTEX_POINT ( 'NONE', #1436 ) ;
#7226 = ORIENTED_EDGE ( 'NONE', *, *, #6744, .T. ) ;
#7227 = EDGE_LOOP ( 'NONE', ( #1078, #2022, #8310, #1359, #7334, #5052 ) ) ;
#7228 = AXIS2_PLACEMENT_3D ( 'NONE', #2943, #727, #3731 ) ;
#7229 = AXIS2_PLACEMENT_3D ( 'NONE', #5857, #2015, #7479 ) ;
#7230 = FACE_OUTER_BOUND ( 'NONE', #3883, .T. ) ;
#7231 = CARTESIAN_POINT ( 'NONE',  ( 36.24402282501829831, 2.486732098460989082, 14.48499978393042831 ) ) ;
#7232 = CARTESIAN_POINT ( 'NONE',  ( 37.34482880387780313, 1.650877637587200741, 9.992397588148472565 ) ) ;
#7233 = CARTESIAN_POINT ( 'NONE',  ( 9.564617248245438574, 0.7859999999999998099, 31.25000000000000000 ) ) ;
#7234 = CARTESIAN_POINT ( 'NONE',  ( 8.444418044455586525, 9.402733490373224257, -13.60381162667564858 ) ) ;
#7235 = CARTESIAN_POINT ( 'NONE',  ( 33.78959212532348033, -3.049999999999999822, 34.85565139675032498 ) ) ;
#7236 = CARTESIAN_POINT ( 'NONE',  ( 33.84289830746632077, 2.310472599335488653, -6.348135614712966834 ) ) ;
#7237 = CARTESIAN_POINT ( 'NONE',  ( 0.5000000000000026645, 1.938330394404943924, 23.52448086157672691 ) ) ;
#7238 = CALENDAR_DATE ( 2022, 6, 6 ) ;
#7239 = ORIENTED_EDGE ( 'NONE', *, *, #7197, .F. ) ;
#7240 = ORIENTED_EDGE ( 'NONE', *, *, #7397, .T. ) ;
#7241 = VERTEX_POINT ( 'NONE', #2381 ) ;
#7242 = CARTESIAN_POINT ( 'NONE',  ( 5.792893218813448541, -2.286000000000000032, 25.25000000000000000 ) ) ;
#7243 = CARTESIAN_POINT ( 'NONE',  ( 10.87080467290709862, 2.803357751481901250, -17.92159849394938220 ) ) ;
#7244 = DIRECTION ( 'NONE',  ( -0.000000000000000000, 1.000000000000000000, 0.000000000000000000 ) ) ;
#7245 = DIRECTION ( 'NONE',  ( 0.7071067811865473507, 0.000000000000000000, 0.7071067811865477948 ) ) ;
#7246 = CARTESIAN_POINT ( 'NONE',  ( 2.621588115845620237, 5.793550493645367006, 7.907149412161555091 ) ) ;
#7247 = CARTESIAN_POINT ( 'NONE',  ( -3.961000000000000298, 3.924999999999987388, -2.726810797105496231 ) ) ;
#7248 = CARTESIAN_POINT ( 'NONE',  ( 46.20992220125584993, 3.076930623847420332, -4.413478086364723829 ) ) ;
#7249 = CARTESIAN_POINT ( 'NONE',  ( 24.34717739731137343, 2.867278681899696480, 14.64316779019407377 ) ) ;
#7250 = ORIENTED_EDGE ( 'NONE', *, *, #2778, .T. ) ;
#7251 = CARTESIAN_POINT ( 'NONE',  ( 42.62838698765575174, -1.396862461584141180, -5.411692116005638375 ) ) ;
#7252 = CARTESIAN_POINT ( 'NONE',  ( 16.48353494866860203, 5.427894656923072603, 3.454779894444102606 ) ) ;
#7253 = EDGE_CURVE ( 'NONE', #6414, #3365, #8846, .T. ) ;
#7254 = DIRECTION ( 'NONE',  ( 0.000000000000000000, -1.000000000000000000, -0.000000000000000000 ) ) ;
#7255 = CARTESIAN_POINT ( 'NONE',  ( 5.199999999996705924, 1.910078503668979577, -22.85041977248753042 ) ) ;
#7256 = CARTESIAN_POINT ( 'NONE',  ( -4.453284474319831432, 2.424999999999986944, 2.225131789437700292 ) ) ;
#7257 = ADVANCED_FACE ( 'NONE', ( #9688 ), #5720, .F. ) ;
#7258 = CARTESIAN_POINT ( 'NONE',  ( 41.93423653029790188, 3.055417161550773031, 17.19719319859895990 ) ) ;
#7259 = PLANE ( 'NONE',  #4304 ) ;
#7260 = B_SPLINE_CURVE_WITH_KNOTS ( 'NONE', 3,
 ( #6076, #7804, #9287, #10297 ),
 .UNSPECIFIED., .F., .F.,
 ( 4, 4 ),
 ( 0.8835978835978834933, 0.8941798941798940747 ),
 .UNSPECIFIED. ) ;
#7261 = ORIENTED_EDGE ( 'NONE', *, *, #214, .F. ) ;
#7262 = ORIENTED_EDGE ( 'NONE', *, *, #134, .T. ) ;
#7263 = DIRECTION ( 'NONE',  ( 0.000000000000000000, -1.000000000000000000, 0.000000000000000000 ) ) ;
#7264 = FACE_OUTER_BOUND ( 'NONE', #5908, .T. ) ;
#7265 = CARTESIAN_POINT ( 'NONE',  ( 42.11962546033761612, 3.199294952331845909, -5.829619542411889732 ) ) ;
#7266 = DIRECTION ( 'NONE',  ( -0.000000000000000000, 0.000000000000000000, -1.000000000000000000 ) ) ;
#7267 = ORIENTED_EDGE ( 'NONE', *, *, #7908, .T. ) ;
#7268 = ADVANCED_FACE ( 'NONE', ( #9534 ), #6373, .F. ) ;
#7269 = CARTESIAN_POINT ( 'NONE',  ( 9.625407844962055037, 4.903553355906263178, -9.661094825542900111 ) ) ;
#7270 = CARTESIAN_POINT ( 'NONE',  ( -4.700000000000000178, 3.924999999999987388, 1.974817603806030553 ) ) ;
#7271 = CARTESIAN_POINT ( 'NONE',  ( -5.460999999999999410, 3.174999999999987388, 6.349999999999999645 ) ) ;
#7272 = CARTESIAN_POINT ( 'NONE',  ( 29.15628652098233076, 3.049999999999998046, 33.55433468791122209 ) ) ;
#7273 = EDGE_CURVE ( 'NONE', #7101, #979, #4663, .T. ) ;
#7274 = CARTESIAN_POINT ( 'NONE',  ( -0.4999999999999952260, -2.285999999999999144, -23.52043695468963946 ) ) ;
#7275 = EDGE_CURVE ( 'NONE', #3232, #253, #7941, .T. ) ;
#7276 = VERTEX_POINT ( 'NONE', #5679 ) ;
#7277 = ORIENTED_EDGE ( 'NONE', *, *, #9392, .F. ) ;
#7278 = ORIENTED_EDGE ( 'NONE', *, *, #6305, .F. ) ;
#7279 = CARTESIAN_POINT ( 'NONE',  ( -5.460999999999999410, 3.174999999999990052, -6.349999999999999645 ) ) ;
#7280 = CARTESIAN_POINT ( 'NONE',  ( 44.30000000009273009, 3.003651679008750186, -5.236057922798031505 ) ) ;
#7281 = CARTESIAN_POINT ( 'NONE',  ( 0.000000000000000000, 500000.0000000000582, 12.84999999999999964 ) ) ;
#7282 = LINE ( 'NONE', #5802, #5651 ) ;
#7283 = ADVANCED_FACE ( 'NONE', ( #744 ), #1545, .T. ) ;
#7284 = DIRECTION ( 'NONE',  ( -1.000000000000000000, -0.000000000000000000, -0.000000000000000000 ) ) ;
#7285 = CARTESIAN_POINT ( 'NONE',  ( 14.72005140847272564, 5.825998175249794464, -2.100000000000000977 ) ) ;
#7286 = CARTESIAN_POINT ( 'NONE',  ( -0.9509055038980918084, 4.342906627660289232, 13.93267283204478346 ) ) ;
#7287 = ORIENTED_EDGE ( 'NONE', *, *, #9308, .T. ) ;
#7288 = ORIENTED_EDGE ( 'NONE', *, *, #8613, .F. ) ;
#7289 = ORIENTED_EDGE ( 'NONE', *, *, #214, .T. ) ;
#7290 = LINE ( 'NONE', #3263, #5965 ) ;
#7291 = CARTESIAN_POINT ( 'NONE',  ( 19.32277109655664304, 2.264644204869740829, 18.93775838689155222 ) ) ;
#7292 = LINE ( 'NONE', #2520, #8164 ) ;
#7293 = CARTESIAN_POINT ( 'NONE',  ( 2.571758278209439985E-16, -2.286000000000000032, 33.85000000000000853 ) ) ;
#7294 = DIRECTION ( 'NONE',  ( 0.000000000000000000, -1.000000000000000000, 0.000000000000000000 ) ) ;
#7295 = CARTESIAN_POINT ( 'NONE',  ( -4.700000000000000178, 3.924999999999986500, -1.974817603806029664 ) ) ;
#7296 = CARTESIAN_POINT ( 'NONE',  ( 46.58756772828008508, 2.467249815478995245, 0.000000000000000000 ) ) ;
#7297 = B_SPLINE_CURVE_WITH_KNOTS ( 'NONE', 3,
 ( #539, #2923, #6172, #10336 ),
 .UNSPECIFIED., .F., .F.,
 ( 4, 4 ),
 ( 0.01478080318277746191, 0.01947475382567162572 ),
 .UNSPECIFIED. ) ;
#7298 = CARTESIAN_POINT ( 'NONE',  ( 29.25541604514769745, 4.104563296542514728, 1.606179065771173420 ) ) ;
#7299 = EDGE_LOOP ( 'NONE', ( #8594, #8607, #2652, #10316 ) ) ;
#7300 = CARTESIAN_POINT ( 'NONE',  ( 32.24743716414357664, -3.049999999999997158, -14.45300066024020857 ) ) ;
#7301 = CARTESIAN_POINT ( 'NONE',  ( -4.699999999999997513, 3.739030442961585710, -16.33943671192528413 ) ) ;
#7302 = CARTESIAN_POINT ( 'NONE',  ( -4.185496259871339220, -1.396640498777006023, -23.71874924611535818 ) ) ;
#7303 = FACE_OUTER_BOUND ( 'NONE', #9165, .T. ) ;
#7304 = CARTESIAN_POINT ( 'NONE',  ( 41.09189786045669024, 3.266862607356433745, -6.455526482869235139 ) ) ;
#7305 = DIRECTION ( 'NONE',  ( 0.000000000000000000, -1.000000000000000000, 0.000000000000000000 ) ) ;
#7306 = EDGE_LOOP ( 'NONE', ( #10465, #4436, #2859, #6334, #572, #1810, #3114, #6829, #2977, #1062, #10010, #5652, #3074, #2618, #5040, #3713, #2161, #484 ) ) ;
#7307 = ORIENTED_EDGE ( 'NONE', *, *, #10161, .F. ) ;
#7308 = B_SPLINE_CURVE_WITH_KNOTS ( 'NONE', 3,
 ( #6170, #9379, #2126, #4564 ),
 .UNSPECIFIED., .F., .F.,
 ( 4, 4 ),
 ( 0.0005289068854191236475, 0.002747878207235276288 ),
 .UNSPECIFIED. ) ;
#7309 = CARTESIAN_POINT ( 'NONE',  ( -2.240629796447452193, 4.215392152519166657, -14.33560778098668997 ) ) ;
#7310 = CYLINDRICAL_SURFACE ( 'NONE', #2323, 1.000000000000000000 ) ;
#7311 = CARTESIAN_POINT ( 'NONE',  ( 17.03959767856554564, 7.471265595761622968, 3.183995307958763732 ) ) ;
#7312 = CARTESIAN_POINT ( 'NONE',  ( -4.185496259871320568, 1.880495530486058220, -23.71874924611535818 ) ) ;
#7313 = ORIENTED_EDGE ( 'NONE', *, *, #10354, .T. ) ;
#7314 = FACE_OUTER_BOUND ( 'NONE', #2841, .T. ) ;
#7315 = CARTESIAN_POINT ( 'NONE',  ( 22.72989360785202351, 4.610880422525369227, -12.85055984041370358 ) ) ;
#7316 = CARTESIAN_POINT ( 'NONE',  ( -2.500000000000000000, 2.286000000000000032, 25.25000000000000355 ) ) ;
#7317 = CARTESIAN_POINT ( 'NONE',  ( 28.64926696667930273, 3.050000000000001155, 32.89478179071431896 ) ) ;
#7318 = CARTESIAN_POINT ( 'NONE',  ( 7.492704739988976570, 3.625804927583770265, -13.24775503125193232 ) ) ;
#7319 = EDGE_CURVE ( 'NONE', #6737, #8272, #3262, .T. ) ;
#7320 = VERTEX_POINT ( 'NONE', #9477 ) ;
#7321 = EDGE_LOOP ( 'NONE', ( #5387, #5296, #3407, #478 ) ) ;
#7322 = EDGE_CURVE ( 'NONE', #1179, #4486, #8346, .T. ) ;
#7323 = ORIENTED_EDGE ( 'NONE', *, *, #8171, .F. ) ;
#7324 = AXIS2_PLACEMENT_3D ( 'NONE', #3123, #9581, #6975 ) ;
#7325 = DIRECTION ( 'NONE',  ( 0.000000000000000000, 0.000000000000000000, 1.000000000000000000 ) ) ;
#7326 = CARTESIAN_POINT ( 'NONE',  ( 6.200000000000001954, 3.101826440378509631, 18.64571504244296207 ) ) ;
#7327 = CARTESIAN_POINT ( 'NONE',  ( 5.200000000000001066, -3.049999999999999822, -19.05000000000000071 ) ) ;
#7328 = CARTESIAN_POINT ( 'NONE',  ( -4.700000000000000178, -3.049999999999999822, -0.7500000000000000000 ) ) ;
#7329 = EDGE_CURVE ( 'NONE', #375, #4357, #1739, .T. ) ;
#7330 = DIRECTION ( 'NONE',  ( 0.000000000000000000, 0.000000000000000000, 1.000000000000000000 ) ) ;
#7331 = CARTESIAN_POINT ( 'NONE',  ( -3.575566966266889857, 2.237103244442717465, -22.27987480770405071 ) ) ;
#7332 = CARTESIAN_POINT ( 'NONE',  ( 38.82831030306395803, 1.568690393185079746, 5.703110973975284992 ) ) ;
#7333 = VECTOR ( 'NONE', #8026, 1000.000000000000000 ) ;
#7334 = ORIENTED_EDGE ( 'NONE', *, *, #7908, .F. ) ;
#7335 = ORIENTED_EDGE ( 'NONE', *, *, #8907, .T. ) ;
#7336 = CONICAL_SURFACE ( 'NONE', #6145, 3.224999999999998757, 0.7853981633974500554 ) ;
#7337 = EDGE_CURVE ( 'NONE', #8760, #7438, #3339, .T. ) ;
#7338 = VERTEX_POINT ( 'NONE', #1049 ) ;
#7339 = DIRECTION ( 'NONE',  ( 0.000000000000000000, -1.000000000000000000, 0.000000000000000000 ) ) ;
#7340 = CARTESIAN_POINT ( 'NONE',  ( 19.21956233247858492, 2.278047423953025952, 18.87116129202563997 ) ) ;
#7341 = DIRECTION ( 'NONE',  ( -0.7071067811865471286, 0.000000000000000000, -0.7071067811865480168 ) ) ;
#7342 = DIRECTION ( 'NONE',  ( 0.000000000000000000, 0.000000000000000000, 1.000000000000000000 ) ) ;
#7343 = VECTOR ( 'NONE', #8516, 1000.000000000000000 ) ;
#7344 = ADVANCED_FACE ( 'NONE', ( #4129 ), #950, .T. ) ;
#7345 = CARTESIAN_POINT ( 'NONE',  ( -2.389000000000000234, 2.424999999999986500, -9.435145863650532760 ) ) ;
#7346 = CIRCLE ( 'NONE', #7662, 3.174999999999997158 ) ;
#7347 = CYLINDRICAL_SURFACE ( 'NONE', #6564, 1.000000000000000888 ) ;
#7348 = CARTESIAN_POINT ( 'NONE',  ( 21.33631638522505014, 4.759652148128314941, 4.552431735362622689 ) ) ;
#7349 = VECTOR ( 'NONE', #4497, 1000.000000000000000 ) ;
#7350 = EDGE_CURVE ( 'NONE', #2379, #8206, #3433, .T. ) ;
#7351 = VERTEX_POINT ( 'NONE', #4185 ) ;
#7352 = CARTESIAN_POINT ( 'NONE',  ( 18.61615800008242161, 6.385504691954462686, -0.2514862330923297584 ) ) ;
#7353 = CARTESIAN_POINT ( 'NONE',  ( 2.571758278209442450E-16, -2.286000000000000032, 21.15000000000000213 ) ) ;
#7354 = LINE ( 'NONE', #2532, #7810 ) ;
#7355 = FACE_OUTER_BOUND ( 'NONE', #1249, .T. ) ;
#7356 = CARTESIAN_POINT ( 'NONE',  ( 32.58208850652825816, 3.362159422002357623, -12.93322106638309776 ) ) ;
#7357 = CARTESIAN_POINT ( 'NONE',  ( 30.04520624728438705, 2.179850436783953072, -10.00958090413829993 ) ) ;
#7358 = EDGE_LOOP ( 'NONE', ( #6844, #414, #6286, #7250 ) ) ;
#7359 = DIRECTION ( 'NONE',  ( -0.000000000000000000, -1.636613475592550649E-15, -1.000000000000000000 ) ) ;
#7360 = CARTESIAN_POINT ( 'NONE',  ( 13.79047265064387240, 5.700638086938242921, -2.731376434565912614 ) ) ;
#7361 = FACE_OUTER_BOUND ( 'NONE', #5895, .T. ) ;
#7362 = PLANE ( 'NONE',  #6994 ) ;
#7363 = VERTEX_POINT ( 'NONE', #2638 ) ;
#7364 = CARTESIAN_POINT ( 'NONE',  ( 10.39240560670691416, 1.878457914437717147, -21.85149472142787985 ) ) ;
#7365 = CARTESIAN_POINT ( 'NONE',  ( -3.398296184384252171E-15, 5.587077878127460373, -14.85000000000000142 ) ) ;
#7366 = CYLINDRICAL_SURFACE ( 'NONE', #6381, 2.100000000000000977 ) ;
#7367 = CARTESIAN_POINT ( 'NONE',  ( 26.97354643711802780, 3.049999999999957634, 31.06409279955757086 ) ) ;
#7368 = EDGE_CURVE ( 'NONE', #8274, #2393, #4921, .T. ) ;
#7369 = CARTESIAN_POINT ( 'NONE',  ( 0.000000000000000000, 2.286000000000000032, 31.75000000000000000 ) ) ;
#7370 = VERTEX_POINT ( 'NONE', #5778 ) ;
#7371 = VERTEX_POINT ( 'NONE', #5735 ) ;
#7372 = CARTESIAN_POINT ( 'NONE',  ( 44.30000000000000426, -3.355000000000000426, -5.944956599305334599 ) ) ;
#7373 = CARTESIAN_POINT ( 'NONE',  ( 35.84511235712783872, 2.425096646347718821, 15.92146400330357636 ) ) ;
#7374 = DIRECTION ( 'NONE',  ( 1.000000000000000000, 0.000000000000000000, -0.000000000000000000 ) ) ;
#7375 = VECTOR ( 'NONE', #2265, 1000.000000000000000 ) ;
#7376 = DIRECTION ( 'NONE',  ( -0.7071067811865474617, 0.000000000000000000, 0.7071067811865476838 ) ) ;
#7377 = AXIS2_PLACEMENT_3D ( 'NONE', #9444, #7859, #1519 ) ;
#7378 = CARTESIAN_POINT ( 'NONE',  ( -4.700000000000000178, 2.424999999999986500, -0.7500000000000000000 ) ) ;
#7379 = ADVANCED_FACE ( 'NONE', ( #3384 ), #8193, .T. ) ;
#7380 = CARTESIAN_POINT ( 'NONE',  ( 35.90911182014851022, 2.223576242993428043, -4.837961871006421610 ) ) ;
#7381 = EDGE_CURVE ( 'NONE', #2552, #9817, #3485, .T. ) ;
#7382 = VERTEX_POINT ( 'NONE', #1795 ) ;
#7383 = AXIS2_PLACEMENT_3D ( 'NONE', #2302, #5482, #606 ) ;
#7384 = ORIENTED_EDGE ( 'NONE', *, *, #787, .T. ) ;
#7386 = EDGE_CURVE ( 'NONE', #172, #2818, #9442, .T. ) ;
#7385 = AXIS2_PLACEMENT_3D ( 'NONE', #4609, #4670, #8576 ) ;
#7387 = ORIENTED_EDGE ( 'NONE', *, *, #3244, .T. ) ;
#7388 = ORIENTED_EDGE ( 'NONE', *, *, #4520, .T. ) ;
#7389 = CARTESIAN_POINT ( 'NONE',  ( 38.90740248372521393, 2.177184864311158652, 3.772720150782569171 ) ) ;
#7390 = CARTESIAN_POINT ( 'NONE',  ( -2.389000000000000234, 3.924999999999987388, 3.264854136349466085 ) ) ;
#7391 = DIRECTION ( 'NONE',  ( 0.000000000000000000, 0.000000000000000000, -1.000000000000000000 ) ) ;
#7392 = DIRECTION ( 'NONE',  ( 0.000000000000000000, 0.000000000000000000, -1.000000000000000000 ) ) ;
#7393 = CARTESIAN_POINT ( 'NONE',  ( 43.43962568662445989, 2.918543790960303141, -4.407613496500183636 ) ) ;
#7394 = AXIS2_PLACEMENT_3D ( 'NONE', #2364, #5604, #8025 ) ;
#7395 = CARTESIAN_POINT ( 'NONE',  ( -5.460999999999999410, 3.174999999999990052, -6.349999999999999645 ) ) ;
#7396 = VECTOR ( 'NONE', #713, 1000.000000000000000 ) ;
#7397 = EDGE_CURVE ( 'NONE', #3354, #4230, #1904, .T. ) ;
#7398 = FACE_OUTER_BOUND ( 'NONE', #351, .T. ) ;
#7399 = CARTESIAN_POINT ( 'NONE',  ( 23.39841088854451101, 4.528004940662239797, 4.657213413957551396 ) ) ;
#7400 = EDGE_CURVE ( 'NONE', #7225, #3593, #4141, .T. ) ;
#7401 = EDGE_CURVE ( 'NONE', #7439, #8593, #7510, .T. ) ;
#7402 = CIRCLE ( 'NONE', #6888, 5.200000000000000178 ) ;
#7403 = CARTESIAN_POINT ( 'NONE',  ( 30.27943296647970683, 2.496301099804001389, 19.73148297675795959 ) ) ;
#7404 = CARTESIAN_POINT ( 'NONE',  ( 2.471196652052976894, 2.584855760391455259, 20.92295062040571452 ) ) ;
#7405 = EDGE_CURVE ( 'NONE', #6685, #363, #4643, .T. ) ;
#7406 = DIRECTION ( 'NONE',  ( 0.000000000000000000, 0.000000000000000000, -1.000000000000000000 ) ) ;
#7407 = CARTESIAN_POINT ( 'NONE',  ( 24.00288759008866180, 2.005892734528857080, 20.37773855568480386 ) ) ;
#7408 = CARTESIAN_POINT ( 'NONE',  ( 1.881880674574458512, 1.917568404372556046, -23.14597478943613496 ) ) ;
#7409 = CARTESIAN_POINT ( 'NONE',  ( -4.700000000000000178, 3.924999999999986500, -9.435145863650536313 ) ) ;
#7410 = VERTEX_POINT ( 'NONE', #6529 ) ;
#7411 = ORIENTED_EDGE ( 'NONE', *, *, #1411, .F. ) ;
#7412 = B_SPLINE_CURVE_WITH_KNOTS ( 'NONE', 3,
 ( #4334, #7567, #5176, #7515 ),
 .UNSPECIFIED., .F., .F.,
 ( 4, 4 ),
 ( 0.003900375395844552211, 0.006028675766015032488 ),
 .UNSPECIFIED. ) ;
#7413 = DIRECTION ( 'NONE',  ( 0.000000000000000000, 0.000000000000000000, 1.000000000000000000 ) ) ;
#7414 = LINE ( 'NONE', #4827, #10441 ) ;
#7415 = DIRECTION ( 'NONE',  ( 0.000000000000000000, 0.000000000000000000, -1.000000000000000000 ) ) ;
#7416 = CARTESIAN_POINT ( 'NONE',  ( -4.141985039485271969, 2.660145063241191377, -25.21811803787425177 ) ) ;
#7417 = EDGE_LOOP ( 'NONE', ( #9017, #2336, #6150, #5537 ) ) ;
#7418 = CARTESIAN_POINT ( 'NONE',  ( -4.736039092822812435, 4.117165835854222244, -14.83625169776286512 ) ) ;
#7419 = CYLINDRICAL_SURFACE ( 'NONE', #6674, 2.100000000000000977 ) ;
#7420 = CARTESIAN_POINT ( 'NONE',  ( -4.206887588227781194, 2.424999999999986500, -2.475710447249345858 ) ) ;
#7421 = CARTESIAN_POINT ( 'NONE',  ( 19.83486231626465823, 3.050000000000007816, 26.53611459550102936 ) ) ;
#7422 = CARTESIAN_POINT ( 'NONE',  ( 6.095278230038966072, 7.701787938351848162, 0.3604550652797855470 ) ) ;
#7423 = DIRECTION ( 'NONE',  ( 0.000000000000000000, 0.000000000000000000, -1.000000000000000000 ) ) ;
#7424 = VERTEX_POINT ( 'NONE', #8717 ) ;
#7425 = ORIENTED_EDGE ( 'NONE', *, *, #9118, .F. ) ;
#7426 = EDGE_LOOP ( 'NONE', ( #317, #688, #5145, #3733 ) ) ;
#7427 = B_SPLINE_CURVE_WITH_KNOTS ( 'NONE', 3,
 ( #1675, #36, #5761, #2464, #5811, #984, #3367, #8874 ),
 .UNSPECIFIED., .F., .F.,
 ( 4, 2, 2, 4 ),
 ( 0.0007098169527382924967, 0.007052399876692935256, 0.01022369133867025333, 0.01339498280064756880 ),
 .UNSPECIFIED. ) ;
#7428 = ORIENTED_EDGE ( 'NONE', *, *, #3679, .T. ) ;
#7429 = CARTESIAN_POINT ( 'NONE',  ( 44.30000000000193694, -2.795832344884723319, -5.945009593686044091 ) ) ;
#7430 = CARTESIAN_POINT ( 'NONE',  ( 42.79603258667643217, 3.444172756992206264, 0.3778973365154542075 ) ) ;
#7431 = LINE ( 'NONE', #3401, #3278 ) ;
#7432 = CARTESIAN_POINT ( 'NONE',  ( -4.206887588227781194, 2.424999999999988276, 10.22428955275065299 ) ) ;
#7433 = CARTESIAN_POINT ( 'NONE',  ( 9.731639292712650047, 2.451487935365516790, -23.57498037415875558 ) ) ;
#7434 = ADVANCED_FACE ( 'NONE', ( #2734, #2791 ), #5335, .F. ) ;
#7435 = CARTESIAN_POINT ( 'NONE',  ( 8.649999181959596939, 500000.0000000000582, -16.98223806858346308 ) ) ;
#7436 = ORIENTED_EDGE ( 'NONE', *, *, #5005, .T. ) ;
#7437 = ORIENTED_EDGE ( 'NONE', *, *, #814, .F. ) ;
#7438 = VERTEX_POINT ( 'NONE', #9453 ) ;
#7439 = VERTEX_POINT ( 'NONE', #2308 ) ;
#7440 = CARTESIAN_POINT ( 'NONE',  ( 37.21578204672171353, 2.589756049145612860, 2.188991003014473691 ) ) ;
#7441 = CARTESIAN_POINT ( 'NONE',  ( -0.4783068230644952346, 1.873439959890931705, 23.78503979861842055 ) ) ;
#7442 = CARTESIAN_POINT ( 'NONE',  ( 8.398314089883161415, 5.530903034848884126, -13.68134666603722138 ) ) ;
#7443 = CARTESIAN_POINT ( 'NONE',  ( 22.72989360785202351, 2.088455801128930034, -12.85055984041370358 ) ) ;
#7444 = DIRECTION ( 'NONE',  ( 0.000000000000000000, -1.000000000000000000, 0.000000000000000000 ) ) ;
#7445 = CARTESIAN_POINT ( 'NONE',  ( 18.81985554329787291, 2.417604997615089513, 18.15389423687085468 ) ) ;
#7446 = CARTESIAN_POINT ( 'NONE',  ( 45.06252257609341427, 2.855749938492977869, 0.000000000000000000 ) ) ;
#7447 = CARTESIAN_POINT ( 'NONE',  ( 25.44252423229011129, 4.272005527677904091, 4.806750906205524032 ) ) ;
#7448 = ORIENTED_EDGE ( 'NONE', *, *, #5771, .T. ) ;
#7449 = EDGE_CURVE ( 'NONE', #2361, #8245, #1405, .T. ) ;
#7450 = CARTESIAN_POINT ( 'NONE',  ( 28.69354127765737417, 4.877690762083731535, -0.1402956592920611978 ) ) ;
#7451 = CARTESIAN_POINT ( 'NONE',  ( -0.5000000000000000000, 2.286000000000000032, -15.91461724824544000 ) ) ;
#7452 = EDGE_CURVE ( 'NONE', #1196, #557, #220, .T. ) ;
#7453 = CARTESIAN_POINT ( 'NONE',  ( 44.12599585034478622, 1.182391032394439767, -6.092681879124352662 ) ) ;
#7454 = DIRECTION ( 'NONE',  ( -1.000000000000000000, 0.000000000000000000, 8.796892153616541600E-13 ) ) ;
#7455 = CARTESIAN_POINT ( 'NONE',  ( 17.19415689518923074, 6.111502466770016184, 2.174999999999983391 ) ) ;
#7456 = ORIENTED_EDGE ( 'NONE', *, *, #1591, .F. ) ;
#7457 = EDGE_CURVE ( 'NONE', #7828, #899, #3051, .T. ) ;
#7458 = DIRECTION ( 'NONE',  ( 1.000000000000000000, 0.000000000000000000, 2.797941090285164208E-16 ) ) ;
#7459 = CARTESIAN_POINT ( 'NONE',  ( 26.54752239358526467, -3.049999999999998490, 28.29286264341461887 ) ) ;
#7460 = CARTESIAN_POINT ( 'NONE',  ( 41.92255617876822527, -3.049999999999999378, 10.46424645839912237 ) ) ;
#7461 = CARTESIAN_POINT ( 'NONE',  ( 27.61555498644357698, 2.286000000000006693, 33.72268117474051508 ) ) ;
#7462 = ORIENTED_EDGE ( 'NONE', *, *, #5774, .F. ) ;
#7463 = EDGE_CURVE ( 'NONE', #6959, #4649, #3265, .T. ) ;
#7464 = CARTESIAN_POINT ( 'NONE',  ( 14.56349701478771230, 0.7860000001187472662, 29.17939620402573908 ) ) ;
#7465 = CARTESIAN_POINT ( 'NONE',  ( 30.02176687688353596, 4.429838229930528115, -1.100000000000735723 ) ) ;
#7466 = CARTESIAN_POINT ( 'NONE',  ( -3.175000000000001155, -2.286000000000000032, 18.55000000000000071 ) ) ;
#7467 = CARTESIAN_POINT ( 'NONE',  ( 18.63533012752798612, 2.286000000000005805, 27.51788177296847593 ) ) ;
#7468 = LINE ( 'NONE', #769, #5349 ) ;
#7469 = CARTESIAN_POINT ( 'NONE',  ( 15.78895558754378214, 6.142278870545069047, 2.743467649217480986 ) ) ;
#7470 = ORIENTED_EDGE ( 'NONE', *, *, #7273, .T. ) ;
#7471 = VERTEX_POINT ( 'NONE', #2465 ) ;
#7472 = ORIENTED_EDGE ( 'NONE', *, *, #9962, .T. ) ;
#7473 = ORIENTED_EDGE ( 'NONE', *, *, #9894, .T. ) ;
#7474 = CARTESIAN_POINT ( 'NONE',  ( 44.30000000000000426, 3.355000000000007532, -4.116803683335415798 ) ) ;
#7475 = CARTESIAN_POINT ( 'NONE',  ( 2.779522058593516309, 4.402264337279717665, 13.50415996969326393 ) ) ;
#7476 = CARTESIAN_POINT ( 'NONE',  ( -2.389000000000000234, 3.174999999999987388, 6.349999999999999645 ) ) ;
#7477 = CARTESIAN_POINT ( 'NONE',  ( -0.5000000000000146549, 4.300649826029927958, -13.85803142767683838 ) ) ;
#7478 = DIRECTION ( 'NONE',  ( 0.000000000000000000, 0.000000000000000000, -1.000000000000000000 ) ) ;
#7479 = DIRECTION ( 'NONE',  ( 0.000000000000000000, 0.000000000000000000, -1.000000000000000000 ) ) ;
#7480 = DIRECTION ( 'NONE',  ( 1.000000000000000000, 0.000000000000000000, 0.000000000000000000 ) ) ;
#7481 = ORIENTED_EDGE ( 'NONE', *, *, #147, .F. ) ;
#7482 = EDGE_LOOP ( 'NONE', ( #829, #5500, #470, #6478 ) ) ;
#7483 = AXIS2_PLACEMENT_3D ( 'NONE', #1281, #5251, #3715 ) ;
#7484 = ORIENTED_EDGE ( 'NONE', *, *, #9513, .T. ) ;
#7485 = ORIENTED_EDGE ( 'NONE', *, *, #5435, .F. ) ;
#7486 = CARTESIAN_POINT ( 'NONE',  ( 37.48153541804911271, 2.532695086069707280, 2.243978169432673475 ) ) ;
#7487 = CARTESIAN_POINT ( 'NONE',  ( 6.200000000000001066, 2.777509348732110084, -19.05000000000000071 ) ) ;
#7488 = CARTESIAN_POINT ( 'NONE',  ( 21.66420423316160893, 1.738434839196945969, 25.66220883347387627 ) ) ;
#7489 = CARTESIAN_POINT ( 'NONE',  ( 34.44884191873774881, 2.088455801128930034, -5.975620325496662666 ) ) ;
#7490 = LINE ( 'NONE', #3318, #1955 ) ;
#7491 = CARTESIAN_POINT ( 'NONE',  ( -4.700000000000000178, 3.174999999999987388, 6.349999999999999645 ) ) ;
#7492 = AXIS2_PLACEMENT_3D ( 'NONE', #6050, #3814, #2750 ) ;
#7493 = CYLINDRICAL_SURFACE ( 'NONE', #3999, 4.200000000000001954 ) ;
#7494 = CARTESIAN_POINT ( 'NONE',  ( 16.41675050245499534, 4.010861398413679169, 10.62148855524992719 ) ) ;
#7495 = DIRECTION ( 'NONE',  ( 0.000000000000000000, 1.000000000000000000, -1.729781243851514516E-16 ) ) ;
#7496 = VECTOR ( 'NONE', #4553, 1000.000000000000000 ) ;
#7497 = CIRCLE ( 'NONE', #1919, 3.175000000000000711 ) ;
#7498 = CARTESIAN_POINT ( 'NONE',  ( 21.73909946212225464, 5.305136574455799447, 4.139678446712907522 ) ) ;
#7499 = PLANE ( 'NONE',  #2608 ) ;
#7500 = CARTESIAN_POINT ( 'NONE',  ( 31.10372154695966884, 1.678260549536010116, -15.44080379902417377 ) ) ;
#7501 = VECTOR ( 'NONE', #9466, 1000.000000000000000 ) ;
#7502 = PLANE ( 'NONE',  #3834 ) ;
#7503 = EDGE_CURVE ( 'NONE', #2108, #8582, #141, .T. ) ;
#7504 = B_SPLINE_CURVE_WITH_KNOTS ( 'NONE', 3,
 ( #278, #3507, #6745, #9957 ),
 .UNSPECIFIED., .F., .F.,
 ( 4, 4 ),
 ( 0.000000000000000000, 0.9693002584292965684 ),
 .UNSPECIFIED. ) ;
#7505 = VECTOR ( 'NONE', #1801, 1000.000000000000000 ) ;
#7506 = ORIENTED_EDGE ( 'NONE', *, *, #1309, .F. ) ;
#7507 = EDGE_CURVE ( 'NONE', #3034, #1122, #2994, .T. ) ;
#7508 = VECTOR ( 'NONE', #9302, 1000.000000000000000 ) ;
#7509 = VECTOR ( 'NONE', #307, 1000.000000000000114 ) ;
#7510 = LINE ( 'NONE', #2490, #8492 ) ;
#7511 = CARTESIAN_POINT ( 'NONE',  ( -0.5000000000000000000, 0.7859999999999998099, 25.25000000000000000 ) ) ;
#7512 = CARTESIAN_POINT ( 'NONE',  ( 32.12299493312961829, -3.050000000000000266, 35.75000000000000711 ) ) ;
#7513 = FACE_OUTER_BOUND ( 'NONE', #9332, .T. ) ;
#7514 = CARTESIAN_POINT ( 'NONE',  ( -6.200000000000000178, -3.049999999999999822, 23.25000000000000000 ) ) ;
#7515 = CARTESIAN_POINT ( 'NONE',  ( 3.666060555964672840, 1.136000000000000343, 19.55000000000000071 ) ) ;
#7516 = CARTESIAN_POINT ( 'NONE',  ( -4.700000000000000178, 2.424999999999986500, -1.974817603806031441 ) ) ;
#7517 = CARTESIAN_POINT ( 'NONE',  ( 13.48449515488339401, 2.286000000000106613, 26.57331800854331050 ) ) ;
#7518 = EDGE_CURVE ( 'NONE', #4230, #3354, #4439, .T. ) ;
#7519 = CARTESIAN_POINT ( 'NONE',  ( 32.97898388475053366, 2.549363224967664543, -8.609430534994057638 ) ) ;
#7520 = AXIS2_PLACEMENT_3D ( 'NONE', #1296, #8596, #10079 ) ;
#7521 = CARTESIAN_POINT ( 'NONE',  ( -0.5000000000000000000, 1.635327846836368781, -14.87998894862286825 ) ) ;
#7522 = ORIENTED_EDGE ( 'NONE', *, *, #1689, .F. ) ;
#7523 = ORIENTED_EDGE ( 'NONE', *, *, #10359, .F. ) ;
#7524 = EDGE_CURVE ( 'NONE', #4341, #8484, #5812, .T. ) ;
#7525 = ORIENTED_EDGE ( 'NONE', *, *, #684, .F. ) ;
#7526 = EDGE_CURVE ( 'NONE', #1150, #7424, #6559, .T. ) ;
#7527 = CARTESIAN_POINT ( 'NONE',  ( 44.29999999999805738, -3.075415678231587346, -5.944934503124097880 ) ) ;
#7528 = DIRECTION ( 'NONE',  ( 0.000000000000000000, -1.000000000000000000, 0.000000000000000000 ) ) ;
#7529 = FACE_OUTER_BOUND ( 'NONE', #3936, .T. ) ;
#7530 = CARTESIAN_POINT ( 'NONE',  ( 1.566666666668339092, 3.049999999999995381, 25.24999999999999645 ) ) ;
#7531 = FACE_OUTER_BOUND ( 'NONE', #5704, .T. ) ;
#7532 = CARTESIAN_POINT ( 'NONE',  ( 32.74381666012729397, 2.094506759874700030, 23.13746698667674195 ) ) ;
#7533 = CARTESIAN_POINT ( 'NONE',  ( 32.90477141155981400, 3.060325744755190591, 35.29218069294487492 ) ) ;
#7534 = EDGE_CURVE ( 'NONE', #5131, #4902, #7292, .T. ) ;
#7535 = ORIENTED_EDGE ( 'NONE', *, *, #2996, .F. ) ;
#7536 = ORIENTED_EDGE ( 'NONE', *, *, #7817, .F. ) ;
#7537 = ORIENTED_EDGE ( 'NONE', *, *, #4085, .F. ) ;
#7538 = VECTOR ( 'NONE', #9485, 1000.000000000000000 ) ;
#7539 = CARTESIAN_POINT ( 'NONE',  ( 43.61372196318700389, -3.049999999999999822, -6.542676607850895998 ) ) ;
#7540 = CARTESIAN_POINT ( 'NONE',  ( 14.31854496688839973, 6.026641772525397123, -1.130632439732018213 ) ) ;
#7541 = CARTESIAN_POINT ( 'NONE',  ( 17.82437353831949522, 2.417779601774804998, 18.24884463320608319 ) ) ;
#7542 = DIRECTION ( 'NONE',  ( 0.000000000000000000, -1.000000000000000000, -0.000000000000000000 ) ) ;
#7543 = CARTESIAN_POINT ( 'NONE',  ( 0.5000000000000000000, -2.286000000000000032, -15.91461724824544000 ) ) ;
#7544 = CARTESIAN_POINT ( 'NONE',  ( 12.47869922798317788, 2.854748657528633160, -25.99005433605577053 ) ) ;
#7545 = VECTOR ( 'NONE', #2092, 1000.000000000000000 ) ;
#7546 = CARTESIAN_POINT ( 'NONE',  ( 17.05568800408470409, 4.591492544181021707, 7.550195972102595299 ) ) ;
#7547 = VECTOR ( 'NONE', #10347, 1000.000000000000000 ) ;
#7548 = CYLINDRICAL_SURFACE ( 'NONE', #9034, 1.999999999999998224 ) ;
#7549 = VECTOR ( 'NONE', #2519, 1000.000000000000000 ) ;
#7550 = VECTOR ( 'NONE', #5594, 1000.000000000000000 ) ;
#7551 = CARTESIAN_POINT ( 'NONE',  ( 18.05670829030736257, 4.070868874467123533, 12.39420528664589050 ) ) ;
#7552 = CYLINDRICAL_SURFACE ( 'NONE', #3964, 3.174999999999998934 ) ;
#7553 = CARTESIAN_POINT ( 'NONE',  ( -4.596099344023812705, 3.049999886404696881, -25.23062517571202079 ) ) ;
#7554 = CARTESIAN_POINT ( 'NONE',  ( 31.68579669920320541, -0.7346136612495340890, 33.74999999999998579 ) ) ;
#7555 = CIRCLE ( 'NONE', #3850, 2.100000000000004530 ) ;
#7556 = AXIS2_PLACEMENT_3D ( 'NONE', #2525, #5718, #4955 ) ;
#7557 = ORIENTED_EDGE ( 'NONE', *, *, #5158, .F. ) ;
#7558 = CARTESIAN_POINT ( 'NONE',  ( 13.79047265064387240, 5.700638086938242921, -2.731376434565912614 ) ) ;
#7559 = VERTEX_POINT ( 'NONE', #4109 ) ;
#7560 = CARTESIAN_POINT ( 'NONE',  ( 7.026033336409663654, 3.759322021826164040, -12.80631139101933158 ) ) ;
#7561 = EDGE_CURVE ( 'NONE', #6554, #3797, #4958, .T. ) ;
#7562 = CARTESIAN_POINT ( 'NONE',  ( 26.54752239358526467, 0.2321154004195530862, 28.29286264341462243 ) ) ;
#7563 = CARTESIAN_POINT ( 'NONE',  ( -0.5000000000000007772, -2.286000000000000032, 25.25000000000000000 ) ) ;
#7564 = CARTESIAN_POINT ( 'NONE',  ( -4.686030370939389122, 2.920350343780973468, -25.15902985806851788 ) ) ;
#7565 = B_SPLINE_CURVE_WITH_KNOTS ( 'NONE', 3,
 ( #2802, #6779, #7521, #9948 ),
 .UNSPECIFIED., .F., .F.,
 ( 4, 4 ),
 ( 0.002197589191360257727, 0.004325881900177516899 ),
 .UNSPECIFIED. ) ;
#7566 = CARTESIAN_POINT ( 'NONE',  ( 31.26224373803043832, -3.049999999999999822, 34.01571204165746565 ) ) ;
#7567 = CARTESIAN_POINT ( 'NONE',  ( 4.673096903404324820, 2.135520958121119861, 19.55000000000000071 ) ) ;
#7568 = LINE ( 'NONE', #7984, #6546 ) ;
#7569 = CARTESIAN_POINT ( 'NONE',  ( 21.92290485214777007, 3.050000000000011369, 27.44808725162227958 ) ) ;
#7570 = CARTESIAN_POINT ( 'NONE',  ( 40.32518049097542701, 2.485613938528019595, 0.1304612881080030595 ) ) ;
#7571 = DIRECTION ( 'NONE',  ( 1.000000000000000000, 0.000000000000000000, 1.828696340950442540E-12 ) ) ;
#7572 = ORIENTED_EDGE ( 'NONE', *, *, #5430, .T. ) ;
#7573 = ORIENTED_EDGE ( 'NONE', *, *, #4409, .T. ) ;
#7574 = EDGE_LOOP ( 'NONE', ( #690, #8622, #3590, #3751, #7046 ) ) ;
#7575 = APPLICATION_CONTEXT ( 'configuration controlled 3d designs of mechanical parts and assemblies' ) ;
#7576 = CARTESIAN_POINT ( 'NONE',  ( 44.29999999999614602, -2.656037371965121796, -5.945114440993412686 ) ) ;
#7577 = EDGE_CURVE ( 'NONE', #10267, #8723, #1577, .T. ) ;
#7578 = CARTESIAN_POINT ( 'NONE',  ( 27.15544815666535072, -2.286000000000000032, 31.24999999999999289 ) ) ;
#7579 = CARTESIAN_POINT ( 'NONE',  ( 13.53850320544413677, 3.050000000000057998, 25.25003176792804638 ) ) ;
#7580 = CARTESIAN_POINT ( 'NONE',  ( 0.000000000000000000, 0.7859999999999998099, 25.25000000000000000 ) ) ;
#7581 = CYLINDRICAL_SURFACE ( 'NONE', #6518, 1.499999999999999556 ) ;
#7582 = CARTESIAN_POINT ( 'NONE',  ( -0.5000000000000000000, 1.136000000000000343, -15.38393944403532920 ) ) ;
#7583 = EDGE_CURVE ( 'NONE', #3397, #10277, #5762, .T. ) ;
#7584 = CARTESIAN_POINT ( 'NONE',  ( 8.315038306027627613, 3.325239900326644182, -14.28736800474190538 ) ) ;
#7585 = CARTESIAN_POINT ( 'NONE',  ( 40.87017875059133587, 3.232925187384505961, 16.88696208345911032 ) ) ;
#7586 = VERTEX_POINT ( 'NONE', #4907 ) ;
#7587 = ORIENTED_EDGE ( 'NONE', *, *, #5866, .F. ) ;
#7588 = EDGE_LOOP ( 'NONE', ( #4970, #3982, #4105, #2244 ) ) ;
#7589 = CARTESIAN_POINT ( 'NONE',  ( 14.32341021963724081, 6.542443304151720262, -1.129487947926747449 ) ) ;
#7590 = ADVANCED_FACE ( 'NONE', ( #8875 ), #10460, .F. ) ;
#7591 = FACE_OUTER_BOUND ( 'NONE', #2606, .T. ) ;
#7592 = CARTESIAN_POINT ( 'NONE',  ( 8.314876912092392658, 5.387578261394426526, -14.28660185074515887 ) ) ;
#7593 = DIRECTION ( 'NONE',  ( 0.000000000000000000, -1.000000000000000000, 0.000000000000000000 ) ) ;
#7594 = CARTESIAN_POINT ( 'NONE',  ( -0.8890000000000016778, 7.781481604885549963, 0.003761723464346230974 ) ) ;
#7595 = CARTESIAN_POINT ( 'NONE',  ( 10.62736069498282454, 2.537143981783174240, -16.95625608541687157 ) ) ;
#7596 = CARTESIAN_POINT ( 'NONE',  ( 13.85378547383442083, 2.226618246017050051, 19.58964896324977190 ) ) ;
#7597 = CARTESIAN_POINT ( 'NONE',  ( -4.771314619661194634, 3.622839384078665237, 16.84206599848137387 ) ) ;
#7598 = CARTESIAN_POINT ( 'NONE',  ( 17.30723033018517398, 4.957605487858632642, 8.234417795722945854 ) ) ;
#7599 = CARTESIAN_POINT ( 'NONE',  ( -4.700000000000044587, 2.555791633642385374, 21.08033651697926203 ) ) ;
#7600 = CARTESIAN_POINT ( 'NONE',  ( 36.69387817845056077, 3.350334429950228454, -10.02105231359576720 ) ) ;
#7601 = DIRECTION ( 'NONE',  ( 8.417329000786213717E-16, 0.000000000000000000, 1.000000000000000000 ) ) ;
#7602 = ORIENTED_EDGE ( 'NONE', *, *, #4655, .T. ) ;
#7603 = ORIENTED_EDGE ( 'NONE', *, *, #5217, .T. ) ;
#7604 = CARTESIAN_POINT ( 'NONE',  ( 13.07697086047307877, 2.239252963222424953, -17.77806170892137061 ) ) ;
#7605 = CARTESIAN_POINT ( 'NONE',  ( 23.35538871796791938, 0.2321154004195529474, 26.51574786720089705 ) ) ;
#7606 = FACE_OUTER_BOUND ( 'NONE', #691, .T. ) ;
#7607 = CARTESIAN_POINT ( 'NONE',  ( 23.49024453244409472, 2.286000000000019572, 29.91503554673313658 ) ) ;
#7608 = DIRECTION ( 'NONE',  ( 0.000000000000000000, 0.000000000000000000, -1.000000000000000000 ) ) ;
#7609 = DIRECTION ( 'NONE',  ( 0.000000000000000000, 0.000000000000000000, 1.000000000000000000 ) ) ;
#7610 = CARTESIAN_POINT ( 'NONE',  ( 17.82437353831949522, 2.417779601774804998, 18.24884463320608319 ) ) ;
#7611 = CARTESIAN_POINT ( 'NONE',  ( 18.07370662065310896, 2.286000000000014687, 27.34357499078510045 ) ) ;
#7612 = B_SPLINE_CURVE_WITH_KNOTS ( 'NONE', 3,
 ( #5432, #6128, #2089, #4468, #4639, #7924, #8489, #3791, #3728, #8545 ),
 .UNSPECIFIED., .F., .F.,
 ( 4, 2, 2, 2, 4 ),
 ( 0.000000000000000000, 0.2500118415209464651, 0.5000236830418931522, 0.7500355245628398393, 1.000000000000000000 ),
 .UNSPECIFIED. ) ;
#7613 = CARTESIAN_POINT ( 'NONE',  ( 41.85532595906016695, 1.587185009297075844, -7.476761964339410760 ) ) ;
#7614 = DIRECTION ( 'NONE',  ( 0.000000000000000000, 0.000000000000000000, -1.000000000000000000 ) ) ;
#7615 = ORIENTED_EDGE ( 'NONE', *, *, #8146, .T. ) ;
#7616 = ORIENTED_EDGE ( 'NONE', *, *, #785, .T. ) ;
#7617 = ORIENTED_EDGE ( 'NONE', *, *, #5436, .F. ) ;
#7618 = ADVANCED_FACE ( 'NONE', ( #8974 ), #776, .T. ) ;
#7619 = CARTESIAN_POINT ( 'NONE',  ( 28.46628668079866031, -3.049999999999999822, 30.27150665569725874 ) ) ;
#7620 = CARTESIAN_POINT ( 'NONE',  ( -9.523959420588980435E-13, 4.602597152414820592, 12.84999999999691589 ) ) ;
#7621 = CARTESIAN_POINT ( 'NONE',  ( -500000.0000000000582, 3.174999999999990052, -6.349999999999999645 ) ) ;
#7622 = CARTESIAN_POINT ( 'NONE',  ( 10.38435538331220620, 2.544905253073417306, -16.98623112774831512 ) ) ;
#7623 = DIRECTION ( 'NONE',  ( 1.000000000000000000, 0.000000000000000000, -0.000000000000000000 ) ) ;
#7624 = CARTESIAN_POINT ( 'NONE',  ( 32.21787811929348777, 2.122603731112637337, 23.01172912445423790 ) ) ;
#7625 = CARTESIAN_POINT ( 'NONE',  ( 30.54471284310929846, -2.286000000000000032, 35.74999999999942446 ) ) ;
#7626 = DIRECTION ( 'NONE',  ( 0.000000000000000000, 1.000000000000000000, 0.000000000000000000 ) ) ;
#7627 = EDGE_CURVE ( 'NONE', #546, #3608, #736, .T. ) ;
#7628 = EDGE_CURVE ( 'NONE', #4946, #3545, #2077, .T. ) ;
#7629 = ORIENTED_EDGE ( 'NONE', *, *, #10220, .T. ) ;
#7630 = ORIENTED_EDGE ( 'NONE', *, *, #5015, .F. ) ;
#7631 = EDGE_LOOP ( 'NONE', ( #7722, #6793, #9722, #10259 ) ) ;
#7632 = EDGE_LOOP ( 'NONE', ( #5438, #2200, #10052, #7028 ) ) ;
#7633 = ADVANCED_FACE ( 'NONE', ( #4752 ), #9726, .F. ) ;
#7634 = CARTESIAN_POINT ( 'NONE',  ( -500000.0000000000582, 3.174999999999989608, -8.449999999999999289 ) ) ;
#7635 = CARTESIAN_POINT ( 'NONE',  ( 14.72005140847410942, 5.993393159623918720, -1.100000000000561418 ) ) ;
#7636 = CARTESIAN_POINT ( 'NONE',  ( 12.69999999999998863, 1.843810239194162426, 23.75000000000000000 ) ) ;
#7637 = DIRECTION ( 'NONE',  ( -2.587956596580264873E-15, 0.000000000000000000, 1.000000000000000000 ) ) ;
#7638 = CARTESIAN_POINT ( 'NONE',  ( -3.660238047491629398, 5.118177578965298125, -16.97231769136518409 ) ) ;
#7639 = CARTESIAN_POINT ( 'NONE',  ( -6.199999999999982414, 2.952182521216657030, -25.63895926602825881 ) ) ;
#7640 = CARTESIAN_POINT ( 'NONE',  ( 16.67449987699971459, 3.993162613013062856, 10.62882058998138746 ) ) ;
#7641 = ADVANCED_FACE ( 'NONE', ( #4162 ), #720, .F. ) ;
#7642 = DIRECTION ( 'NONE',  ( -0.000000000000000000, 1.000000000000000000, 0.000000000000000000 ) ) ;
#7643 = ORIENTED_EDGE ( 'NONE', *, *, #4411, .T. ) ;
#7644 = EDGE_CURVE ( 'NONE', #6182, #939, #5544, .T. ) ;
#7645 = CIRCLE ( 'NONE', #377, 2.100000000000000977 ) ;
#7646 = CARTESIAN_POINT ( 'NONE',  ( 14.90612136670316090, 3.411392015729292293, 16.38447118353206022 ) ) ;
#7647 = DIRECTION ( 'NONE',  ( 1.720101691663110637E-12, 0.000000000000000000, 1.000000000000000000 ) ) ;
#7648 = CARTESIAN_POINT ( 'NONE',  ( 43.45558190731775028, 2.988575355836193381, -6.681016083411023487 ) ) ;
#7649 = LINE ( 'NONE', #3628, #7545 ) ;
#7650 = EDGE_CURVE ( 'NONE', #3898, #2761, #9293, .T. ) ;
#7651 = VECTOR ( 'NONE', #2569, 1000.000000000000000 ) ;
#7652 = ORIENTED_EDGE ( 'NONE', *, *, #9078, .T. ) ;
#7653 = AXIS2_PLACEMENT_3D ( 'NONE', #10170, #4567, #6397 ) ;
#7654 = EDGE_LOOP ( 'NONE', ( #6483, #7117, #9610, #7522 ) ) ;
#7655 = CARTESIAN_POINT ( 'NONE',  ( 31.26224373803044543, 0.2321154004195512266, 34.01571204165747275 ) ) ;
#7656 = CARTESIAN_POINT ( 'NONE',  ( 10.38204998952848790, 2.818573892456147423, -17.98223806858347729 ) ) ;
#7657 = CARTESIAN_POINT ( 'NONE',  ( -4.745706169543767672, 2.946567530207504504, -25.14307097087916532 ) ) ;
#7658 = VECTOR ( 'NONE', #5801, 1000.000000000000000 ) ;
#7659 = CARTESIAN_POINT ( 'NONE',  ( 15.57888067344590510, 4.589030955210755991, -15.56903239726597299 ) ) ;
#7660 = CARTESIAN_POINT ( 'NONE',  ( 0.000000000000000000, 2.286000000000000032, 31.75000000000000000 ) ) ;
#7661 = CARTESIAN_POINT ( 'NONE',  ( 33.78958978951061454, 2.563718390800207025, 34.85564984723212234 ) ) ;
#7662 = AXIS2_PLACEMENT_3D ( 'NONE', #6581, #5782, #4189 ) ;
#7663 = CARTESIAN_POINT ( 'NONE',  ( 32.93422540317211400, 3.019772735199802494, 35.57821143485384852 ) ) ;
#7664 = CARTESIAN_POINT ( 'NONE',  ( 42.79389884937261712, 3.439097685480954958, -1.932324787854383663 ) ) ;
#7665 = DIRECTION ( 'NONE',  ( 1.000000000000000000, -0.000000000000000000, -0.000000000000000000 ) ) ;
#7666 = ORIENTED_EDGE ( 'NONE', *, *, #784, .F. ) ;
#7667 = VERTEX_POINT ( 'NONE', #9925 ) ;
#7668 = VERTEX_POINT ( 'NONE', #1923 ) ;
#7669 = ORIENTED_EDGE ( 'NONE', *, *, #9734, .F. ) ;
#7670 = CARTESIAN_POINT ( 'NONE',  ( -4.700000000000000178, 3.924999999999987388, -9.435145863650536313 ) ) ;
#7671 = VECTOR ( 'NONE', #5102, 1000.000000000000000 ) ;
#7672 = CARTESIAN_POINT ( 'NONE',  ( 2.595444190968489995, 4.427000325870380948, 13.41571099338868223 ) ) ;
#7673 = CARTESIAN_POINT ( 'NONE',  ( -4.206873392266027523, 2.424999999999986500, -10.22427505583770113 ) ) ;
#7674 = CARTESIAN_POINT ( 'NONE',  ( 15.83538275175456000, 500000.0000000000582, 31.25000000000000000 ) ) ;
#7675 = CARTESIAN_POINT ( 'NONE',  ( 0.000000000000000000, 1.136000000000000343, -19.05000000000000071 ) ) ;
#7676 = CARTESIAN_POINT ( 'NONE',  ( 4.198819396888245237, 4.479468357080409469, -18.75926015986822648 ) ) ;
#7677 = EDGE_CURVE ( 'NONE', #2945, #9074, #9077, .T. ) ;
#7678 = AXIS2_PLACEMENT_3D ( 'NONE', #3185, #4822, #1144 ) ;
#7679 = VECTOR ( 'NONE', #8616, 1000.000000000000000 ) ;
#7680 = CARTESIAN_POINT ( 'NONE',  ( 44.19246359836971294, 2.996311752717760513, -5.002475497467197663 ) ) ;
#7681 = DIRECTION ( 'NONE',  ( 0.000000000000000000, 0.000000000000000000, -1.000000000000000000 ) ) ;
#7682 = ORIENTED_EDGE ( 'NONE', *, *, #7405, .F. ) ;
#7683 = ORIENTED_EDGE ( 'NONE', *, *, #7644, .T. ) ;
#7684 = ORIENTED_EDGE ( 'NONE', *, *, #1041, .T. ) ;
#7685 = ORIENTED_EDGE ( 'NONE', *, *, #2148, .T. ) ;
#7686 = CARTESIAN_POINT ( 'NONE',  ( 28.52826718440758214, 2.286000000000008914, 34.98983243056316894 ) ) ;
#7687 = CARTESIAN_POINT ( 'NONE',  ( 13.94088751673011473, 6.034400573340414908, -1.255317393179435248 ) ) ;
#7688 = DIRECTION ( 'NONE',  ( 1.000000000000000000, -0.000000000000000000, -0.000000000000000000 ) ) ;
#7689 = PLANE ( 'NONE',  #5976 ) ;
#7690 = EDGE_CURVE ( 'NONE', #1006, #6687, #2769, .T. ) ;
#7691 = CARTESIAN_POINT ( 'NONE',  ( 32.12299493312960408, -3.049999999999999822, 34.25000000000000711 ) ) ;
#7692 = CARTESIAN_POINT ( 'NONE',  ( 16.29331174991472508, 3.394832681845104450, 13.70744520786017873 ) ) ;
#7693 = CARTESIAN_POINT ( 'NONE',  ( 0.000000000000000000, 0.000000000000000000, 0.000000000000000000 ) ) ;
#7694 = ORIENTED_EDGE ( 'NONE', *, *, #2642, .F. ) ;
#7695 = ORIENTED_EDGE ( 'NONE', *, *, #3710, .F. ) ;
#7696 = LINE ( 'NONE', #2935, #9037 ) ;
#7697 = ADVANCED_FACE ( 'NONE', ( #6851 ), #10071, .T. ) ;
#7698 = CARTESIAN_POINT ( 'NONE',  ( 17.69091200783105222, 6.499582702425332315, -0.2597002137823411494 ) ) ;
#7699 = VECTOR ( 'NONE', #4764, 1000.000000000000000 ) ;
#7700 = CARTESIAN_POINT ( 'NONE',  ( 28.10785428132739128, 4.016486629954552079, -2.099999999999998312 ) ) ;
#7701 = CIRCLE ( 'NONE', #5013, 3.174999999999997158 ) ;
#7702 = CARTESIAN_POINT ( 'NONE',  ( 42.32033826111479868, 3.211407805743553556, -5.353469106698428348 ) ) ;
#7703 = ADVANCED_FACE ( 'NONE', ( #336 ), #4215, .T. ) ;
#7704 = CARTESIAN_POINT ( 'NONE',  ( 32.64227344476889670, 1.674585962396922589, 22.10625318007439333 ) ) ;
#7705 = EDGE_CURVE ( 'NONE', #4247, #6276, #9225, .T. ) ;
#7706 = VECTOR ( 'NONE', #156, 1000.000000000000000 ) ;
#7707 = ORIENTED_EDGE ( 'NONE', *, *, #4032, .T. ) ;
#7708 = CIRCLE ( 'NONE', #6714, 1.000000000000000888 ) ;
#7709 = EDGE_LOOP ( 'NONE', ( #594, #1491, #5201, #8847 ) ) ;
#7710 = EDGE_CURVE ( 'NONE', #1000, #2070, #10314, .T. ) ;
#7711 = CARTESIAN_POINT ( 'NONE',  ( 44.21086793840834872, 2.080222698184766461, 0.02697192458020571462 ) ) ;
#7712 = DIRECTION ( 'NONE',  ( -0.000000000000000000, 0.000000000000000000, -1.000000000000000000 ) ) ;
#7713 = CARTESIAN_POINT ( 'NONE',  ( 28.08840112432802982, -2.286000000000000032, 32.25000000000000000 ) ) ;
#7714 = CARTESIAN_POINT ( 'NONE',  ( 10.62736069498314428, 4.598926690701105713, -16.95625608541677920 ) ) ;
#7715 = CARTESIAN_POINT ( 'NONE',  ( -2.389000000000000234, 6.292615397155794099, 12.34999999999999787 ) ) ;
#7716 = AXIS2_PLACEMENT_3D ( 'NONE', #9452, #4799, #7083 ) ;
#7717 = CIRCLE ( 'NONE', #7556, 2.100000000000000977 ) ;
#7718 = DIRECTION ( 'NONE',  ( 0.000000000000000000, -1.000000000000000000, -0.000000000000000000 ) ) ;
#7719 = CARTESIAN_POINT ( 'NONE',  ( 32.98285384438263890, 3.007148496181513586, 35.55573001120936283 ) ) ;
#7720 = CARTESIAN_POINT ( 'NONE',  ( 42.48034148697497159, 3.376010693099988469, 6.724362021443708315 ) ) ;
#7721 = CARTESIAN_POINT ( 'NONE',  ( 18.59816111958741658, 4.897785478666745185, 15.82959841583300786 ) ) ;
#7722 = ORIENTED_EDGE ( 'NONE', *, *, #2839, .F. ) ;
#7723 = VERTEX_POINT ( 'NONE', #6653 ) ;
#7724 = CARTESIAN_POINT ( 'NONE',  ( 20.74635619985060941, 2.261899476293816491, -14.67708170741116369 ) ) ;
#7725 = ORIENTED_EDGE ( 'NONE', *, *, #1889, .F. ) ;
#7726 = EDGE_LOOP ( 'NONE', ( #6947, #7387, #8373, #4678 ) ) ;
#7727 = AXIS2_PLACEMENT_3D ( 'NONE', #6691, #7528, #5043 ) ;
#7728 = CARTESIAN_POINT ( 'NONE',  ( 28.46628668079866031, 3.049999999999999822, 30.27150665569725874 ) ) ;
#7729 = CARTESIAN_POINT ( 'NONE',  ( -6.199999999999951328, 7.453592161448472808, -7.739653216287464055 ) ) ;
#7730 = PLANE ( 'NONE',  #2255 ) ;
#7731 = CARTESIAN_POINT ( 'NONE',  ( 38.54443461096892776, 1.884309260276495479, -4.014870867272023247 ) ) ;
#7732 = FACE_OUTER_BOUND ( 'NONE', #7104, .T. ) ;
#7733 = CARTESIAN_POINT ( 'NONE',  ( 4.074166156813315176, 4.149895160520860493, -20.10554893514522590 ) ) ;
#7734 = DIRECTION ( 'NONE',  ( 0.000000000000000000, -1.000000000000000000, 0.000000000000000000 ) ) ;
#7735 = CARTESIAN_POINT ( 'NONE',  ( 3.657931772332661868, 4.068507270578932022, 21.13173356953477722 ) ) ;
#7736 = VERTEX_POINT ( 'NONE', #289 ) ;
#7737 = EDGE_LOOP ( 'NONE', ( #4416, #10151, #8525, #9358, #6933, #8894, #7181, #107, #2960, #1440, #7864, #6329, #401, #3351, #6783, #402, #10078, #286 ) ) ;
#7738 = ORIENTED_EDGE ( 'NONE', *, *, #9057, .F. ) ;
#7739 = ORIENTED_EDGE ( 'NONE', *, *, #784, .T. ) ;
#7740 = LINE ( 'NONE', #9495, #6807 ) ;
#7741 = CARTESIAN_POINT ( 'NONE',  ( -0.8890000000000000124, 3.174999999999990052, -6.349999999999999645 ) ) ;
#7742 = CARTESIAN_POINT ( 'NONE',  ( -6.200000000000000178, 3.174999999999990052, -6.349999999999999645 ) ) ;
#7743 = CARTESIAN_POINT ( 'NONE',  ( 10.74280174739502058, 0.7859999999999998099, 34.25000000000000000 ) ) ;
#7744 = CARTESIAN_POINT ( 'NONE',  ( 38.51001357962790905, 2.208085144185172322, -1.403617994453796758 ) ) ;
#7745 = CARTESIAN_POINT ( 'NONE',  ( 38.09999999999681819, 4.161465331203944906, -2.852819276697531770 ) ) ;
#7746 = DIRECTION ( 'NONE',  ( 0.000000000000000000, 0.000000000000000000, 1.000000000000000000 ) ) ;
#7747 = ORIENTED_EDGE ( 'NONE', *, *, #2286, .F. ) ;
#7748 = ORIENTED_EDGE ( 'NONE', *, *, #3134, .T. ) ;
#7749 = DIRECTION ( 'NONE',  ( 1.000000000000000000, 0.000000000000000000, 0.000000000000000000 ) ) ;
#7750 = CARTESIAN_POINT ( 'NONE',  ( 17.07132545351070263, 4.976351103675977328, 8.227386601742331607 ) ) ;
#7751 = CARTESIAN_POINT ( 'NONE',  ( 33.78959212532348033, -3.049999999999999822, 34.85565139675032498 ) ) ;
#7752 = CARTESIAN_POINT ( 'NONE',  ( 9.610936745859101293, 3.195149469939298381, -23.00678350959279328 ) ) ;
#7753 = CARTESIAN_POINT ( 'NONE',  ( 36.09866813414532061, 2.010961642587965059, 14.37515910929234231 ) ) ;
#7754 = EDGE_CURVE ( 'NONE', #3214, #2379, #8855, .T. ) ;
#7755 = EDGE_CURVE ( 'NONE', #10077, #8165, #726, .T. ) ;
#7756 = EDGE_LOOP ( 'NONE', ( #5807, #1387, #5069, #9476 ) ) ;
#7757 = ORIENTED_EDGE ( 'NONE', *, *, #1567, .T. ) ;
#7758 = ORIENTED_EDGE ( 'NONE', *, *, #10307, .T. ) ;
#7759 = ADVANCED_FACE ( 'NONE', ( #2128 ), #4456, .T. ) ;
#7760 = EDGE_CURVE ( 'NONE', #2901, #9406, #9177, .T. ) ;
#7761 = CARTESIAN_POINT ( 'NONE',  ( 43.90366234551513713, 2.684544202122759682, 0.01519381931947275284 ) ) ;
#7762 = PLANE ( 'NONE',  #9712 ) ;
#7763 = CARTESIAN_POINT ( 'NONE',  ( 32.34484522243391780, 1.613233695306889537, 23.05603366276264055 ) ) ;
#7764 = DIRECTION ( 'NONE',  ( 0.000000000000000000, 0.000000000000000000, -1.000000000000000000 ) ) ;
#7765 = FACE_BOUND ( 'NONE', #2651, .T. ) ;
#7766 = LINE ( 'NONE', #6824, #10233 ) ;
#7767 = CARTESIAN_POINT ( 'NONE',  ( 33.45102007317140647, 2.808015898646826436, 35.24574639323699898 ) ) ;
#7768 = CARTESIAN_POINT ( 'NONE',  ( 36.18742671579678927, 3.088060113021219077, 29.86239596469479807 ) ) ;
#7769 = DIRECTION ( 'NONE',  ( 0.000000000000000000, -1.000000000000000000, -0.000000000000000000 ) ) ;
#7770 = EDGE_CURVE ( 'NONE', #5249, #4735, #4566, .T. ) ;
#7771 = VERTEX_POINT ( 'NONE', #5254 ) ;
#7772 = VERTEX_POINT ( 'NONE', #2025 ) ;
#7773 = ORIENTED_EDGE ( 'NONE', *, *, #1234, .T. ) ;
#7774 = ORIENTED_EDGE ( 'NONE', *, *, #7167, .T. ) ;
#7775 = CARTESIAN_POINT ( 'NONE',  ( 20.99333583098147216, -3.049999999999999822, 25.25000000000000000 ) ) ;
#7776 = ADVANCED_FACE ( 'NONE', ( #7792, #8477, #7121, #3718, #9497, #3668 ), #8530, .F. ) ;
#7777 = DIRECTION ( 'NONE',  ( -1.000000000000000000, 0.000000000000000000, 0.000000000000000000 ) ) ;
#7778 = LINE ( 'NONE', #2167, #9026 ) ;
#7779 = CARTESIAN_POINT ( 'NONE',  ( 27.08622053069329283, -3.050000000000000711, 29.12775675145079290 ) ) ;
#7780 = ORIENTED_EDGE ( 'NONE', *, *, #6876, .F. ) ;
#7781 = LINE ( 'NONE', #3026, #4971 ) ;
#7782 = CARTESIAN_POINT ( 'NONE',  ( 38.03185517215811018, 4.135933167493464957, -3.145448663280034918 ) ) ;
#7783 = CARTESIAN_POINT ( 'NONE',  ( 43.24637859113660454, 2.993194952800376729, -6.826462647407303130 ) ) ;
#7784 = CARTESIAN_POINT ( 'NONE',  ( -3.299977133141716923, 4.377011495728227786, 13.84999999999999609 ) ) ;
#7785 = DIRECTION ( 'NONE',  ( -1.000000000000000000, 0.000000000000000000, 0.000000000000000000 ) ) ;
#7786 = VERTEX_POINT ( 'NONE', #1456 ) ;
#7787 = ORIENTED_EDGE ( 'NONE', *, *, #1761, .F. ) ;
#7788 = ORIENTED_EDGE ( 'NONE', *, *, #6028, .F. ) ;
#7789 = ORIENTED_EDGE ( 'NONE', *, *, #4928, .F. ) ;
#7790 = PLANE ( 'NONE',  #2240 ) ;
#7791 = CARTESIAN_POINT ( 'NONE',  ( 0.000000000000000000, -2.286000000000000032, 31.75000000000000000 ) ) ;
#7792 = FACE_BOUND ( 'NONE', #6982, .T. ) ;
#7793 = DIRECTION ( 'NONE',  ( 0.000000000000000000, 0.000000000000000000, -1.000000000000000000 ) ) ;
#7794 = CARTESIAN_POINT ( 'NONE',  ( 39.09999999999702425, 500000.0000000000582, -2.849519733238879748 ) ) ;
#7795 = DIRECTION ( 'NONE',  ( 1.000000000000000000, 0.000000000000000000, -0.000000000000000000 ) ) ;
#7796 = CARTESIAN_POINT ( 'NONE',  ( 15.11026008221139882, 5.379692043610885044, 4.362973028599490988 ) ) ;
#7797 = CARTESIAN_POINT ( 'NONE',  ( 5.183937146737111590, 2.896784312406953443, 19.54999999999999716 ) ) ;
#7798 = ORIENTED_EDGE ( 'NONE', *, *, #1585, .F. ) ;
#7799 = ORIENTED_EDGE ( 'NONE', *, *, #35, .T. ) ;
#7800 = CARTESIAN_POINT ( 'NONE',  ( 7.492704851552226764, 4.141360762498688786, -13.24775484363114764 ) ) ;
#7801 = CARTESIAN_POINT ( 'NONE',  ( 10.38204998952848790, 2.818573892456147423, -17.98223806858347729 ) ) ;
#7802 = CARTESIAN_POINT ( 'NONE',  ( 36.42092106830065035, 2.766313390144497841, -0.4743186562031967424 ) ) ;
#7803 = CARTESIAN_POINT ( 'NONE',  ( 10.22277543956683488, 5.438275117568264427, 8.069929333964234175 ) ) ;
#7804 = CARTESIAN_POINT ( 'NONE',  ( -4.066666666666664653, 3.049999999999999822, 25.25000000000000000 ) ) ;
#7805 = CARTESIAN_POINT ( 'NONE',  ( -4.141984608261886969, -3.049999999999999822, -25.21813292446620380 ) ) ;
#7806 = ADVANCED_FACE ( 'NONE', ( #7072 ), #6987, .F. ) ;
#7807 = CARTESIAN_POINT ( 'NONE',  ( -4.700000000000007283, 3.876665599802838980, 15.83346613686173043 ) ) ;
#7808 = EDGE_CURVE ( 'NONE', #8073, #6132, #3622, .T. ) ;
#7809 = EDGE_LOOP ( 'NONE', ( #4256, #7945, #3714, #5083, #473 ) ) ;
#7810 = VECTOR ( 'NONE', #843, 1000.000000000000000 ) ;
#7811 = ORIENTED_EDGE ( 'NONE', *, *, #5388, .T. ) ;
#7812 = VERTEX_POINT ( 'NONE', #9440 ) ;
#7813 = CARTESIAN_POINT ( 'NONE',  ( 44.27310799387547036, 1.816117627145310554, 0.03172543838879385292 ) ) ;
#7814 = EDGE_CURVE ( 'NONE', #7118, #7559, #10121, .T. ) ;
#7815 = CARTESIAN_POINT ( 'NONE',  ( 43.35584354253478523, -0.5591666666608421377, -6.766407954769691813 ) ) ;
#7816 = CARTESIAN_POINT ( 'NONE',  ( 33.14551424698137083, 1.576872047234749941, 23.13719476598765823 ) ) ;
#7817 = EDGE_CURVE ( 'NONE', #2617, #471, #2181, .T. ) ;
#7818 = CARTESIAN_POINT ( 'NONE',  ( -4.700000000000000178, 12.69999999999999929, -0.7500000000000006661 ) ) ;
#7819 = CARTESIAN_POINT ( 'NONE',  ( -2.389000000000000234, 9.173625991758045828, -0.7500000000000001110 ) ) ;
#7820 = CIRCLE ( 'NONE', #5114, 3.700000000000001954 ) ;
#7821 = B_SPLINE_CURVE_WITH_KNOTS ( 'NONE', 3,
 ( #6073, #9285, #447, #3674 ),
 .UNSPECIFIED., .F., .F.,
 ( 4, 4 ),
 ( 0.003301607340770122429, 0.004758582007100866686 ),
 .UNSPECIFIED. ) ;
#7822 = CARTESIAN_POINT ( 'NONE',  ( -4.699999999999999289, -2.286000000000000032, -18.55000000000000071 ) ) ;
#7823 = CARTESIAN_POINT ( 'NONE',  ( 43.94686141870570850, 3.057503533958986441, 6.890029886223477007 ) ) ;
#7824 = CARTESIAN_POINT ( 'NONE',  ( 36.94361823928815625, 2.599414533486213763, 3.174999999999984279 ) ) ;
#7825 = EDGE_CURVE ( 'NONE', #4976, #2805, #7297, .T. ) ;
#7826 = VECTOR ( 'NONE', #6173, 1000.000000000000000 ) ;
#7827 = ORIENTED_EDGE ( 'NONE', *, *, #9735, .F. ) ;
#7828 = VERTEX_POINT ( 'NONE', #5364 ) ;
#7829 = VERTEX_POINT ( 'NONE', #8585 ) ;
#7830 = ORIENTED_EDGE ( 'NONE', *, *, #8403, .F. ) ;
#7831 = DIRECTION ( 'NONE',  ( 0.000000000000000000, -1.000000000000000000, -0.000000000000000000 ) ) ;
#7832 = LINE ( 'NONE', #6990, #9087 ) ;
#7833 = DIRECTION ( 'NONE',  ( -1.000000000000000000, 0.000000000000000000, 0.000000000000000000 ) ) ;
#7834 = DIRECTION ( 'NONE',  ( 0.000000000000000000, 1.000000000000000000, 0.000000000000000000 ) ) ;
#7835 = ORIENTED_EDGE ( 'NONE', *, *, #7400, .T. ) ;
#7836 = VECTOR ( 'NONE', #10000, 1000.000000000000000 ) ;
#7837 = EDGE_CURVE ( 'NONE', #3935, #3232, #5477, .T. ) ;
#7838 = FACE_OUTER_BOUND ( 'NONE', #1721, .T. ) ;
#7839 = CARTESIAN_POINT ( 'NONE',  ( 0.5635802754595801156, 3.472210856803616075, -23.25000000000001066 ) ) ;
#7840 = CARTESIAN_POINT ( 'NONE',  ( 44.29999999999999716, -2.973749999999978577, -5.034328342155008684 ) ) ;
#7841 = CARTESIAN_POINT ( 'NONE',  ( 38.78941588574257082, 2.632096642093812111, -1.680817468377037827 ) ) ;
#7842 = CARTESIAN_POINT ( 'NONE',  ( 3.989811006023191720, 4.902653394923013330, 17.71031610005126211 ) ) ;
#7843 = EDGE_CURVE ( 'NONE', #4238, #8219, #2488, .T. ) ;
#7844 = CIRCLE ( 'NONE', #9031, 3.174999999999997158 ) ;
#7845 = CYLINDRICAL_SURFACE ( 'NONE', #5148, 2.100000000000000977 ) ;
#7846 = ADVANCED_FACE ( 'NONE', ( #7010 ), #10225, .F. ) ;
#7847 = ORIENTED_EDGE ( 'NONE', *, *, #1449, .F. ) ;
#7848 = ORIENTED_EDGE ( 'NONE', *, *, #9492, .T. ) ;
#7849 = VERTEX_POINT ( 'NONE', #6228 ) ;
#7850 = VECTOR ( 'NONE', #292, 1000.000000000000000 ) ;
#7851 = ORIENTED_EDGE ( 'NONE', *, *, #2962, .F. ) ;
#7852 = CARTESIAN_POINT ( 'NONE',  ( 28.91953937640819206, 2.286000000000009358, 35.59343593660189242 ) ) ;
#7853 = FACE_OUTER_BOUND ( 'NONE', #4487, .T. ) ;
#7854 = CIRCLE ( 'NONE', #1430, 5.200000000025959856 ) ;
#7855 = CARTESIAN_POINT ( 'NONE',  ( -6.349999999999999645, -3.049999999999999822, 50.82485211947506798 ) ) ;
#7856 = CARTESIAN_POINT ( 'NONE',  ( 10.12939620402573837, -2.286000000000000032, 29.88650298521228521 ) ) ;
#7857 = VECTOR ( 'NONE', #10308, 1000.000000000000000 ) ;
#7858 = ADVANCED_FACE ( 'NONE', ( #4622 ), #3040, .F. ) ;
#7859 = DIRECTION ( 'NONE',  ( -8.205241711830808422E-14, 0.000000000000000000, 1.000000000000000000 ) ) ;
#7860 = CARTESIAN_POINT ( 'NONE',  ( 10.54707221596393474, 4.599057280240540280, -16.97636951313159770 ) ) ;
#7861 = CARTESIAN_POINT ( 'NONE',  ( -0.4999999999881765689, 4.359709390086512926, 13.84999999999999609 ) ) ;
#7862 = COORDINATED_UNIVERSAL_TIME_OFFSET ( 6, 0, .BEHIND. ) ;
#7863 = ORIENTED_EDGE ( 'NONE', *, *, #6455, .T. ) ;
#7864 = ORIENTED_EDGE ( 'NONE', *, *, #7524, .T. ) ;
#7865 = VECTOR ( 'NONE', #7162, 1000.000000000000000 ) ;
#7866 = DIRECTION ( 'NONE',  ( 0.000000000000000000, -1.000000000000000000, 3.035089936190465843E-16 ) ) ;
#7867 = CARTESIAN_POINT ( 'NONE',  ( 32.28866995904427739, 1.582165143085996206, 34.25000000000000711 ) ) ;
#7868 = CARTESIAN_POINT ( 'NONE',  ( 33.09850314018885342, 2.263333902881344173, -7.256257282685364629 ) ) ;
#7869 = LINE ( 'NONE', #8077, #8904 ) ;
#7870 = CARTESIAN_POINT ( 'NONE',  ( 10.21476083606026464, 7.258216598848240331, -0.3118242914805974819 ) ) ;
#7871 = DIRECTION ( 'NONE',  ( 0.000000000000000000, 0.000000000000000000, -1.000000000000000000 ) ) ;
#7872 = CARTESIAN_POINT ( 'NONE',  ( -4.322107724405342744, 1.880498820449066688, -23.72271366872656628 ) ) ;
#7873 = DIRECTION ( 'NONE',  ( 0.000000000000000000, -1.000000000000000000, 0.000000000000000000 ) ) ;
#7874 = VERTEX_POINT ( 'NONE', #3155 ) ;
#7875 = ORIENTED_EDGE ( 'NONE', *, *, #6612, .F. ) ;
#7876 = CIRCLE ( 'NONE', #3477, 2.100000000000000977 ) ;
#7877 = VECTOR ( 'NONE', #6399, 1000.000000000000000 ) ;
#7878 = CARTESIAN_POINT ( 'NONE',  ( 43.92263600802681367, 2.658796161869227959, 0.01570800402953062558 ) ) ;
#7879 = CARTESIAN_POINT ( 'NONE',  ( 39.77144012498045811, 2.497805014420265923, 5.901813736980639824 ) ) ;
#7880 = CARTESIAN_POINT ( 'NONE',  ( -4.699999999999995737, 3.627251257450359478, 16.82514045385690338 ) ) ;
#7881 = DIRECTION ( 'NONE',  ( 0.000000000000000000, 1.000000000000000000, 0.000000000000000000 ) ) ;
#7882 = CARTESIAN_POINT ( 'NONE',  ( -2.389000000000000234, 3.174999999999987388, 6.349999999999999645 ) ) ;
#7883 = FACE_OUTER_BOUND ( 'NONE', #891, .T. ) ;
#7884 = CARTESIAN_POINT ( 'NONE',  ( 32.94834911316400650, 3.051132532528310737, 36.10247276404618333 ) ) ;
#7885 = CARTESIAN_POINT ( 'NONE',  ( 30.54465794105359677, -3.049999999999999822, 35.74990112819453714 ) ) ;
#7886 = B_SPLINE_CURVE_WITH_KNOTS ( 'NONE', 3,
 ( #421, #3506, #1964, #4348, #8464, #9956, #275, #2058, #6693, #8418, #4300, #1269 ),
 .UNSPECIFIED., .F., .F.,
 ( 4, 2, 2, 2, 2, 4 ),
 ( 0.0003876417777631454837, 0.001647812205700887548, 0.002277897419669754758, 0.002907982633638621969, 0.004168153061576355956, 0.005428323489514090376 ),
 .UNSPECIFIED. ) ;
#7887 = VERTEX_POINT ( 'NONE', #709 ) ;
#7888 = ORIENTED_EDGE ( 'NONE', *, *, #9251, .F. ) ;
#7889 = CARTESIAN_POINT ( 'NONE',  ( 10.87080467290706842, 2.287943241524368787, -17.92159849394939286 ) ) ;
#7890 = ORIENTED_EDGE ( 'NONE', *, *, #8045, .T. ) ;
#7891 = EDGE_LOOP ( 'NONE', ( #362, #5758, #1571, #8261, #1294, #8059, #9331, #391 ) ) ;
#7892 = CARTESIAN_POINT ( 'NONE',  ( 44.30000000000000426, 1.016666666666666607, 13.69300376512407524 ) ) ;
#7893 = DIRECTION ( 'NONE',  ( 0.000000000000000000, 1.000000000000000000, 0.000000000000000000 ) ) ;
#7894 = CARTESIAN_POINT ( 'NONE',  ( 14.56349701478771230, 500000.0000000000582, 29.17939620402573908 ) ) ;
#7895 = LINE ( 'NONE', #7108, #1079 ) ;
#7896 = VERTEX_POINT ( 'NONE', #3251 ) ;
#7897 = CIRCLE ( 'NONE', #448, 3.700000000000001954 ) ;
#7898 = CYLINDRICAL_SURFACE ( 'NONE', #10382, 3.175000000000000711 ) ;
#7899 = CARTESIAN_POINT ( 'NONE',  ( 0.5547857728586661485, 5.566079349456164671, -14.87742399460082154 ) ) ;
#7900 = CARTESIAN_POINT ( 'NONE',  ( 44.30000000000001137, 1.260168174698028443, -4.308767661416483818 ) ) ;
#7901 = CARTESIAN_POINT ( 'NONE',  ( 5.175905717843012788, 2.636000000000000121, -18.55000000000000071 ) ) ;
#7902 = CARTESIAN_POINT ( 'NONE',  ( 14.72005140847409344, 6.509423643454631758, -1.100000000000735723 ) ) ;
#7903 = CARTESIAN_POINT ( 'NONE',  ( 16.23257766066656771, 5.257642605700359795, 4.449527550046966873 ) ) ;
#7904 = VERTEX_POINT ( 'NONE', #2352 ) ;
#7905 = AXIS2_PLACEMENT_3D ( 'NONE', #6835, #6890, #1019 ) ;
#7906 = ORIENTED_EDGE ( 'NONE', *, *, #10091, .T. ) ;
#7907 = ORIENTED_EDGE ( 'NONE', *, *, #994, .F. ) ;
#7908 = EDGE_CURVE ( 'NONE', #3466, #863, #6341, .T. ) ;
#7909 = ORIENTED_EDGE ( 'NONE', *, *, #7139, .T. ) ;
#7910 = CARTESIAN_POINT ( 'NONE',  ( 37.94081386392075927, 2.351998453354301688, 4.249839068775351336 ) ) ;
#7911 = CARTESIAN_POINT ( 'NONE',  ( 5.200000000000001066, -3.049999999999999822, -19.05000000000000071 ) ) ;
#7912 = DIRECTION ( 'NONE',  ( 0.000000000000000000, -3.448954456052295927E-16, 1.000000000000000000 ) ) ;
#7913 = DIRECTION ( 'NONE',  ( 0.000000000000000000, 0.000000000000000000, -1.000000000000000000 ) ) ;
#7914 = EDGE_CURVE ( 'NONE', #9436, #1196, #1563, .T. ) ;
#7915 = DIRECTION ( 'NONE',  ( 1.000000000000000000, 0.000000000000000000, 3.604635827994760689E-17 ) ) ;
#7916 = CARTESIAN_POINT ( 'NONE',  ( -4.000000000000000000, -2.286000000000000032, 31.75000000000000000 ) ) ;
#7917 = CARTESIAN_POINT ( 'NONE',  ( 13.69061967175350780, 2.877656640492667783, 16.65832316027838189 ) ) ;
#7918 = ADVANCED_FACE ( 'NONE', ( #8010 ), #5696, .T. ) ;
#7919 = CARTESIAN_POINT ( 'NONE',  ( 36.94361823928894495, 2.862112198323019996, 3.174999999999982947 ) ) ;
#7920 = CARTESIAN_POINT ( 'NONE',  ( 32.53964364722485669, 1.584678002434802391, 34.02641246180804302 ) ) ;
#7921 = CARTESIAN_POINT ( 'NONE',  ( 6.502188851826033122, 6.658017594104186365, -1.124868396789994618 ) ) ;
#7922 = CARTESIAN_POINT ( 'NONE',  ( -9.523959420588980435E-13, 4.602597152414820592, 12.84999999999691589 ) ) ;
#7923 = CARTESIAN_POINT ( 'NONE',  ( -1.731802888745590074, 2.836794674290679996, 19.98494325046526399 ) ) ;
#7924 = CARTESIAN_POINT ( 'NONE',  ( 42.41766251516766317, 3.218844031463385491, -5.058252489003972840 ) ) ;
#7925 = CARTESIAN_POINT ( 'NONE',  ( 35.89770695758949870, 2.736877325423622054, -4.846860105339995783 ) ) ;
#7926 = CARTESIAN_POINT ( 'NONE',  ( 39.74956945171840061, 1.756640328471924084, 19.19512497804178963 ) ) ;
#7927 = ORIENTED_EDGE ( 'NONE', *, *, #870, .T. ) ;
#7928 = CARTESIAN_POINT ( 'NONE',  ( 44.24300286302793950, -3.049999999999999822, 3.096600039854664033 ) ) ;
#7929 = VERTEX_POINT ( 'NONE', #6396 ) ;
#7930 = FACE_OUTER_BOUND ( 'NONE', #9018, .T. ) ;
#7931 = CARTESIAN_POINT ( 'NONE',  ( 41.47384968238701930, 2.145307115087850214, 6.156941481588299681 ) ) ;
#7932 = CARTESIAN_POINT ( 'NONE',  ( 5.535055730229848869, 2.201766883058770219, 22.40472272854364277 ) ) ;
#7933 = CARTESIAN_POINT ( 'NONE',  ( -0.8890000000000000124, 4.561906534945592284, -12.84999999999999964 ) ) ;
#7934 = CARTESIAN_POINT ( 'NONE',  ( 42.77866005973528729, 3.431371464420772899, 3.743839587402915804E-05 ) ) ;
#7935 = LINE ( 'NONE', #3918, #5011 ) ;
#7936 = CARTESIAN_POINT ( 'NONE',  ( 44.29976972295076365, 3.056278571261322519, 0.2796502444605450388 ) ) ;
#7937 = CARTESIAN_POINT ( 'NONE',  ( 16.42967370488667456, 4.814223192915238592, 9.163870976753360154 ) ) ;
#7938 = ORIENTED_EDGE ( 'NONE', *, *, #5448, .F. ) ;
#7939 = VERTEX_POINT ( 'NONE', #6338 ) ;
#7940 = ORIENTED_EDGE ( 'NONE', *, *, #2712, .T. ) ;
#7941 = LINE ( 'NONE', #3188, #9693 ) ;
#7942 = CARTESIAN_POINT ( 'NONE',  ( 9.400392136112419195, 500000.0000000000582, -18.28195679081786906 ) ) ;
#7943 = CYLINDRICAL_SURFACE ( 'NONE', #3963, 1.000000000000000000 ) ;
#7944 = FACE_OUTER_BOUND ( 'NONE', #6960, .T. ) ;
#7945 = ORIENTED_EDGE ( 'NONE', *, *, #2324, .F. ) ;
#7946 = CARTESIAN_POINT ( 'NONE',  ( 9.556433528347813677, 1.878710376257667569, -22.03907845669631982 ) ) ;
#7947 = CARTESIAN_POINT ( 'NONE',  ( -3.961000000000000298, 3.924999999999987388, -6.349999999999999645 ) ) ;
#7948 = CARTESIAN_POINT ( 'NONE',  ( -3.961000000000000298, 2.424999999999982059, 6.350000000000000533 ) ) ;
#7949 = DIRECTION ( 'NONE',  ( 0.000000000000000000, 0.000000000000000000, 1.000000000000000000 ) ) ;
#7950 = FACE_OUTER_BOUND ( 'NONE', #6111, .T. ) ;
#7951 = CARTESIAN_POINT ( 'NONE',  ( 14.72005140847409876, 500000.0000000000582, -3.100000000000733280 ) ) ;
#7952 = ORIENTED_EDGE ( 'NONE', *, *, #1524, .T. ) ;
#7953 = VERTEX_POINT ( 'NONE', #75 ) ;
#7954 = EDGE_CURVE ( 'NONE', #8207, #10177, #96, .T. ) ;
#7955 = ORIENTED_EDGE ( 'NONE', *, *, #9831, .T. ) ;
#7956 = CARTESIAN_POINT ( 'NONE',  ( -0.4999999999999939493, 1.883950203422535497, -23.50597494757082018 ) ) ;
#7957 = LINE ( 'NONE', #4565, #1479 ) ;
#7958 = CARTESIAN_POINT ( 'NONE',  ( 27.83415465572003455, 3.049999999999998934, 31.95767526600200270 ) ) ;
#7959 = LINE ( 'NONE', #4687, #4118 ) ;
#7960 = CARTESIAN_POINT ( 'NONE',  ( 37.99116325837779584, 2.347217352619682451, -1.138761962745513223 ) ) ;
#7961 = ADVANCED_FACE ( 'NONE', ( #9613 ), #9555, .T. ) ;
#7962 = FACE_OUTER_BOUND ( 'NONE', #6370, .T. ) ;
#7963 = FACE_OUTER_BOUND ( 'NONE', #1522, .T. ) ;
#7964 = ORIENTED_EDGE ( 'NONE', *, *, #8287, .F. ) ;
#7965 = ORIENTED_EDGE ( 'NONE', *, *, #7090, .T. ) ;
#7966 = ADVANCED_FACE ( 'NONE', ( #762 ), #9490, .T. ) ;
#7967 = CARTESIAN_POINT ( 'NONE',  ( -3.358664015884761600, 3.976730708356221999, 21.58646142170087145 ) ) ;
#7968 = CARTESIAN_POINT ( 'NONE',  ( 0.000000000000000000, 2.286000000000000032, 26.57328681698263040 ) ) ;
#7969 = DIRECTION ( 'NONE',  ( 1.000000000000000000, 0.000000000000000000, 0.000000000000000000 ) ) ;
#7970 = CARTESIAN_POINT ( 'NONE',  ( 5.067015508509446597, 2.721648793536754596, 20.27671042226466724 ) ) ;
#7971 = CARTESIAN_POINT ( 'NONE',  ( 37.84007989990647758, 4.437639985653548003, 3.710926977565002449 ) ) ;
#7972 = ADVANCED_FACE ( 'NONE', ( #4094 ), #3206, .F. ) ;
#7973 = CYLINDRICAL_SURFACE ( 'NONE', #4496, 2.100000000000000977 ) ;
#7974 = CARTESIAN_POINT ( 'NONE',  ( 35.63419129621052406, 1.653880524495300763, 28.86252177481457437 ) ) ;
#7975 = EDGE_CURVE ( 'NONE', #5635, #2083, #4051, .T. ) ;
#7976 = EDGE_CURVE ( 'NONE', #1431, #3466, #8063, .T. ) ;
#7977 = ORIENTED_EDGE ( 'NONE', *, *, #6806, .F. ) ;
#7978 = CARTESIAN_POINT ( 'NONE',  ( 0.000000000000000000, 2.286000000000000032, 26.57328681698263040 ) ) ;
#7979 = CARTESIAN_POINT ( 'NONE',  ( 37.70261805102579444, 3.079632952868035289, -0.04470790266881666253 ) ) ;
#7980 = LINE ( 'NONE', #4068, #3454 ) ;
#7981 = ADVANCED_FACE ( 'NONE', ( #6545 ), #2508, .F. ) ;
#7982 = DIRECTION ( 'NONE',  ( 0.000000000000000000, 0.000000000000000000, -1.000000000000000000 ) ) ;
#7983 = CARTESIAN_POINT ( 'NONE',  ( -4.700000000013915269, 4.364883035253662946, -13.84999999999999787 ) ) ;
#7984 = CARTESIAN_POINT ( 'NONE',  ( -4.700000000000000178, 3.924999999999987388, -12.35000000000000142 ) ) ;
#7985 = CARTESIAN_POINT ( 'NONE',  ( 44.29981127684688147, 1.487918128488572522, 0.2698119956889554749 ) ) ;
#7986 = VECTOR ( 'NONE', #1513, 1000.000000000000000 ) ;
#7987 = CARTESIAN_POINT ( 'NONE',  ( 37.08109772528663228, 2.572288773140482654, 3.174999999999983835 ) ) ;
#7988 = ORIENTED_EDGE ( 'NONE', *, *, #8291, .F. ) ;
#7989 = ORIENTED_EDGE ( 'NONE', *, *, #4525, .F. ) ;
#7990 = CARTESIAN_POINT ( 'NONE',  ( 31.60000000000000142, 3.049999999999999822, 37.95000000000000284 ) ) ;
#7991 = CARTESIAN_POINT ( 'NONE',  ( -3.961000000000000298, 2.424999999999986944, 6.349999999999999645 ) ) ;
#7992 = CARTESIAN_POINT ( 'NONE',  ( 16.60758102242651901, 7.481566534337959595, 3.350491642147041205 ) ) ;
#7993 = CARTESIAN_POINT ( 'NONE',  ( 31.26224373803043832, -3.049999999999999822, 34.01571204165746565 ) ) ;
#7994 = AXIS2_PLACEMENT_3D ( 'NONE', #8120, #4106, #3315 ) ;
#7995 = ORIENTED_EDGE ( 'NONE', *, *, #5436, .T. ) ;
#7996 = CARTESIAN_POINT ( 'NONE',  ( 19.35982888013401393, 1.873785218151193588, -19.25990725451121932 ) ) ;
#7997 = CARTESIAN_POINT ( 'NONE',  ( -5.889118525078309574, 2.660173596873314672, -25.24892414708402555 ) ) ;
#7998 = CARTESIAN_POINT ( 'NONE',  ( -4.174185005435878892, 4.735833669855501249, -18.51206232942683272 ) ) ;
#7999 = CARTESIAN_POINT ( 'NONE',  ( 4.170003389874902489, 1.635320255611738993, -18.55000000000000071 ) ) ;
#8000 = VECTOR ( 'NONE', #8174, 1000.000000000000000 ) ;
#8001 = CYLINDRICAL_SURFACE ( 'NONE', #947, 1.000000000000000888 ) ;
#8002 = DIRECTION ( 'NONE',  ( 0.000000000000000000, -1.000000000000000000, 0.000000000000000000 ) ) ;
#8003 = ORIENTED_EDGE ( 'NONE', *, *, #4146, .T. ) ;
#8004 = VERTEX_POINT ( 'NONE', #8861 ) ;
#8005 = AXIS2_PLACEMENT_3D ( 'NONE', #930, #7244, #8123 ) ;
#8006 = ORIENTED_EDGE ( 'NONE', *, *, #1357, .F. ) ;
#8007 = CARTESIAN_POINT ( 'NONE',  ( 0.000000000000000000, 2.286000000000000032, -22.27499999999999858 ) ) ;
#8008 = AXIS2_PLACEMENT_3D ( 'NONE', #3369, #986, #2673 ) ;
#8009 = CARTESIAN_POINT ( 'NONE',  ( 30.49876338343804250, 3.841512536307276182, 21.16539030633190421 ) ) ;
#8010 = FACE_OUTER_BOUND ( 'NONE', #2460, .T. ) ;
#8011 = CARTESIAN_POINT ( 'NONE',  ( 37.59999999999744347, 2.947652384969239758, -1.100000000000732836 ) ) ;
#8012 = CARTESIAN_POINT ( 'NONE',  ( 42.30000000000000426, -0.6985574645015683037, -5.034648370084316760 ) ) ;
#8013 = CARTESIAN_POINT ( 'NONE',  ( 4.170003623804828585, 1.635320487395866440, 18.55000000000000071 ) ) ;
#8014 = VECTOR ( 'NONE', #9592, 1000.000000000000000 ) ;
#8015 = CARTESIAN_POINT ( 'NONE',  ( 29.00152827609809592, 2.286000000000008914, 35.72779876781454078 ) ) ;
#8016 = B_SPLINE_CURVE_WITH_KNOTS ( 'NONE', 3,
 ( #9643, #2386, #7269, #3238 ),
 .UNSPECIFIED., .F., .F.,
 ( 4, 4 ),
 ( 0.001376306914913035624, 0.01354576300652635124 ),
 .UNSPECIFIED. ) ;
#8017 = CARTESIAN_POINT ( 'NONE',  ( 4.453863960673218436, 2.452375624834401524, 21.40120036287091665 ) ) ;
#8018 = VECTOR ( 'NONE', #896, 1000.000000000000000 ) ;
#8019 = EDGE_LOOP ( 'NONE', ( #5360, #7940, #10333, #3187 ) ) ;
#8020 = VERTEX_POINT ( 'NONE', #1712 ) ;
#8021 = VERTEX_POINT ( 'NONE', #5542 ) ;
#8022 = VECTOR ( 'NONE', #4475, 1000.000000000000000 ) ;
#8023 = EDGE_CURVE ( 'NONE', #1857, #6966, #7159, .T. ) ;
#8024 = CARTESIAN_POINT ( 'NONE',  ( 44.29999999999915872, -3.049999809878737089, -5.944952979713538532 ) ) ;
#8025 = DIRECTION ( 'NONE',  ( 0.000000000000000000, 0.000000000000000000, 1.000000000000000000 ) ) ;
#8026 = DIRECTION ( 'NONE',  ( -0.000000000000000000, 1.000000000000000000, -0.000000000000000000 ) ) ;
#8027 = CARTESIAN_POINT ( 'NONE',  ( 0.8317006368923444137, 4.508111384186938686, -12.89205325002083313 ) ) ;
#8028 = AXIS2_PLACEMENT_3D ( 'NONE', #5058, #8282, #989 ) ;
#8029 = DIRECTION ( 'NONE',  ( 0.000000000000000000, 0.000000000000000000, 1.000000000000000000 ) ) ;
#8030 = CARTESIAN_POINT ( 'NONE',  ( 15.83538275175456000, -2.286000000000000032, 31.25000000000000000 ) ) ;
#8031 = CC_DESIGN_PERSON_AND_ORGANIZATION_ASSIGNMENT ( #7077, #5484, ( #9880 ) ) ;
#8032 = CARTESIAN_POINT ( 'NONE',  ( -4.604810142409138329, 3.145071283002585982, -24.85266121630362690 ) ) ;
#8033 = CARTESIAN_POINT ( 'NONE',  ( 28.74553459994559645, 2.936253064883811881, 12.17072010691438066 ) ) ;
#8034 = ADVANCED_FACE ( 'NONE', ( #5998 ), #5044, .T. ) ;
#8035 = CARTESIAN_POINT ( 'NONE',  ( 39.12620691314548793, 2.312872234075119771, 11.76750896613509489 ) ) ;
#8036 = FACE_OUTER_BOUND ( 'NONE', #3464, .T. ) ;
#8037 = EDGE_CURVE ( 'NONE', #8344, #4357, #7431, .T. ) ;
#8038 = LINE ( 'NONE', #3972, #7857 ) ;
#8039 = CARTESIAN_POINT ( 'NONE',  ( 18.53496248282939618, 2.658291573134290875, 19.60014072667962992 ) ) ;
#8040 = DIRECTION ( 'NONE',  ( 0.000000000000000000, 1.000000000000000000, 0.000000000000000000 ) ) ;
#8041 = CARTESIAN_POINT ( 'NONE',  ( -3.135382751754560271, 1.136000000000000343, -18.55000000000000071 ) ) ;
#8042 = VECTOR ( 'NONE', #7571, 1000.000000000000000 ) ;
#8043 = DIRECTION ( 'NONE',  ( 1.000000000000000000, -0.000000000000000000, -0.000000000000000000 ) ) ;
#8044 = ORIENTED_EDGE ( 'NONE', *, *, #7628, .T. ) ;
#8045 = EDGE_CURVE ( 'NONE', #3232, #7438, #5901, .T. ) ;
#8046 = DIRECTION ( 'NONE',  ( 0.000000000000000000, 0.000000000000000000, -1.000000000000000000 ) ) ;
#8047 = DIRECTION ( 'NONE',  ( 0.000000000000000000, 0.000000000000000000, 1.000000000000000000 ) ) ;
#8048 = DIRECTION ( 'NONE',  ( 0.000000000000000000, 1.000000000000000000, 0.000000000000000000 ) ) ;
#8049 = DIRECTION ( 'NONE',  ( 0.000000000000000000, 0.000000000000000000, 1.000000000000000000 ) ) ;
#8050 = ORIENTED_EDGE ( 'NONE', *, *, #6575, .T. ) ;
#8051 = CARTESIAN_POINT ( 'NONE',  ( 38.93783575028793109, 2.659793492563270245, 4.324368715964962639 ) ) ;
#8052 = CARTESIAN_POINT ( 'NONE',  ( 30.52893202257804717, 1.839572918409484004, 21.11622364870643054 ) ) ;
#8053 = CIRCLE ( 'NONE', #3482, 3.174999999999997158 ) ;
#8054 = AXIS2_PLACEMENT_3D ( 'NONE', #3370, #2523, #7342 ) ;
#8055 = CARTESIAN_POINT ( 'NONE',  ( 33.78958978951061454, 2.563718390800207025, 34.85564984723212234 ) ) ;
#8056 = DIRECTION ( 'NONE',  ( 0.000000000000000000, -1.000000000000000000, 0.000000000000000000 ) ) ;
#8057 = CARTESIAN_POINT ( 'NONE',  ( 36.94342130321557960, 2.646052888097232270, 2.174999999999982503 ) ) ;
#8058 = ORIENTED_EDGE ( 'NONE', *, *, #7132, .T. ) ;
#8059 = ORIENTED_EDGE ( 'NONE', *, *, #4071, .F. ) ;
#8060 = AXIS2_PLACEMENT_3D ( 'NONE', #4751, #5428, #1403 ) ;
#8061 = CARTESIAN_POINT ( 'NONE',  ( -0.5000000000000002220, 1.891196959086389739, -23.47705093086629802 ) ) ;
#8062 = CARTESIAN_POINT ( 'NONE',  ( 24.16392736476825931, 4.167761671959428149, 19.38842731278608866 ) ) ;
#8063 = LINE ( 'NONE', #7327, #4449 ) ;
#8064 = CARTESIAN_POINT ( 'NONE',  ( -0.5000000000000022204, 4.298638517796479874, -13.86606285506200997 ) ) ;
#8065 = LINE ( 'NONE', #7234, #3484 ) ;
#8066 = CARTESIAN_POINT ( 'NONE',  ( 39.55902781826051751, -3.049999999999999378, 23.99890201238630638 ) ) ;
#8067 = DIRECTION ( 'NONE',  ( 0.000000000000000000, 0.000000000000000000, 1.000000000000000000 ) ) ;
#8068 = B_SPLINE_SURFACE_WITH_KNOTS ( 'NONE', 3, 3, ( 
 ( #4711, #4476, #7932, #3914 ),
 ( #3687, #6923, #10138, #2891 ),
 ( #10413, #7404, #1590, #3330 ),
 ( #151, #4760, #5726, #3178 ) ),
 .UNSPECIFIED., .F., .F., .F.,
 ( 4, 4 ),
 ( 4, 4 ),
 ( 0.000000000000000000, 0.1106238078497642774 ),
 ( 0.7793633614830036693, 0.9547751038753388153 ),
 .UNSPECIFIED. ) ;
#8069 = CIRCLE ( 'NONE', #2819, 3.175000000000000711 ) ;
#8070 = VECTOR ( 'NONE', #5817, 1000.000000000000000 ) ;
#8071 = VERTEX_POINT ( 'NONE', #8265 ) ;
#8072 = ORIENTED_EDGE ( 'NONE', *, *, #5667, .F. ) ;
#8073 = VERTEX_POINT ( 'NONE', #6596 ) ;
#8074 = CARTESIAN_POINT ( 'NONE',  ( -4.185496259871324121, -3.049999999999994493, -23.71874924611536173 ) ) ;
#8075 = DIRECTION ( 'NONE',  ( 0.000000000000000000, 0.000000000000000000, 1.000000000000000000 ) ) ;
#8076 = CARTESIAN_POINT ( 'NONE',  ( 8.437918597688003786, 5.300246027715088459, -14.61490372132615967 ) ) ;
#8077 = CARTESIAN_POINT ( 'NONE',  ( 7.571893193904456254, 500000.0000000000582, -15.11490372132769089 ) ) ;
#8078 = DIRECTION ( 'NONE',  ( 1.000000000000000000, -0.000000000000000000, -0.000000000000000000 ) ) ;
#8079 = DIRECTION ( 'NONE',  ( -1.000000000000000000, 0.000000000000000000, 0.000000000000000000 ) ) ;
#8080 = FACE_OUTER_BOUND ( 'NONE', #6845, .T. ) ;
#8081 = CARTESIAN_POINT ( 'NONE',  ( 31.25793437323136459, 3.065555633950531877, 9.081359338562185357 ) ) ;
#8082 = CARTESIAN_POINT ( 'NONE',  ( 9.518329979527747398, 2.718665503905680403, -16.48623112774832933 ) ) ;
#8083 = DIRECTION ( 'NONE',  ( 0.000000000000000000, -1.000000000000000000, 0.000000000000000000 ) ) ;
#8084 = CYLINDRICAL_SURFACE ( 'NONE', #10039, 3.174999999999997158 ) ;
#8085 = CARTESIAN_POINT ( 'NONE',  ( 17.91377100191671090, 2.833129102993261483, 18.72343627108735475 ) ) ;
#8086 = DIRECTION ( 'NONE',  ( -8.796892153616541600E-13, 0.000000000000000000, -1.000000000000000000 ) ) ;
#8087 = ADVANCED_FACE ( 'NONE', ( #7529 ), #4250, .F. ) ;
#8088 = CARTESIAN_POINT ( 'NONE',  ( 39.67615981526481761, 3.310779034237333107, -7.672336989872365010 ) ) ;
#8089 = CARTESIAN_POINT ( 'NONE',  ( -4.200000000000006395, -3.049999999999999822, -23.21895964886240549 ) ) ;
#8090 = VERTEX_POINT ( 'NONE', #9810 ) ;
#8091 = EDGE_CURVE ( 'NONE', #2256, #1478, #3456, .T. ) ;
#8092 = EDGE_LOOP ( 'NONE', ( #954, #55, #1757, #2122 ) ) ;
#8093 = CARTESIAN_POINT ( 'NONE',  ( -0.5000000000000000000, 1.136000000000000343, 15.91461724824544000 ) ) ;
#8094 = DIRECTION ( 'NONE',  ( 0.000000000000000000, 0.000000000000000000, -1.000000000000000000 ) ) ;
#8095 = CARTESIAN_POINT ( 'NONE',  ( 42.94131415885182435, 2.155351418561156862, -6.856350103436876786 ) ) ;
#8096 = CARTESIAN_POINT ( 'NONE',  ( 0.000000000000000000, 2.286000000000000032, 19.05000000000000071 ) ) ;
#8097 = ORIENTED_EDGE ( 'NONE', *, *, #3375, .F. ) ;
#8098 = DIRECTION ( 'NONE',  ( 0.000000000000000000, 0.000000000000000000, 1.000000000000000000 ) ) ;
#8099 = FACE_OUTER_BOUND ( 'NONE', #9257, .T. ) ;
#8100 = CARTESIAN_POINT ( 'NONE',  ( 10.38204998952847546, 2.545371488395176129, -15.98223806858347551 ) ) ;
#8101 = CARTESIAN_POINT ( 'NONE',  ( 27.55333581881505367, 3.050000000000042011, 31.65402524698321329 ) ) ;
#8102 = ADVANCED_FACE ( 'NONE', ( #9109 ), #1860, .T. ) ;
#8103 = B_SPLINE_CURVE_WITH_KNOTS ( 'NONE', 3,
 ( #7801, #8655, #1525, #7243 ),
 .UNSPECIFIED., .F., .F.,
 ( 4, 4 ),
 ( 0.002115349231907434537, 0.002605447163187060537 ),
 .UNSPECIFIED. ) ;
#8104 = DIRECTION ( 'NONE',  ( 0.000000000000000000, -0.000000000000000000, -1.000000000000000000 ) ) ;
#8105 = ORIENTED_EDGE ( 'NONE', *, *, #1041, .F. ) ;
#8106 = ORIENTED_EDGE ( 'NONE', *, *, #3268, .F. ) ;
#8107 = EDGE_CURVE ( 'NONE', #4518, #2603, #6741, .T. ) ;
#8108 = VERTEX_POINT ( 'NONE', #368 ) ;
#8109 = LINE ( 'NONE', #2450, #2067 ) ;
#8110 = CARTESIAN_POINT ( 'NONE',  ( 6.199999999999979750, 3.004743028041839015, 19.04999999999927596 ) ) ;
#8111 = CARTESIAN_POINT ( 'NONE',  ( 36.00704256719070173, 2.869336261426269630, 15.77897102474273439 ) ) ;
#8112 = CARTESIAN_POINT ( 'NONE',  ( 29.62541620596223524, -0.2380000000000001559, 34.25000000000122924 ) ) ;
#8113 = CARTESIAN_POINT ( 'NONE',  ( 12.42947177860804508, 3.049999999999999822, -25.21326748342011470 ) ) ;
#8114 = CARTESIAN_POINT ( 'NONE',  ( 37.99073305121314803, -3.049999999999999822, 27.50261002144986833 ) ) ;
#8115 = CARTESIAN_POINT ( 'NONE',  ( 36.33792114294308817, 1.568690393185079746, 17.83122877983953458 ) ) ;
#8116 = ORIENTED_EDGE ( 'NONE', *, *, #1877, .F. ) ;
#8117 = ORIENTED_EDGE ( 'NONE', *, *, #5227, .T. ) ;
#8118 = ORIENTED_EDGE ( 'NONE', *, *, #3633, .F. ) ;
#8119 = VERTEX_POINT ( 'NONE', #8463 ) ;
#8120 = CARTESIAN_POINT ( 'NONE',  ( 3.135382751754560271, 500000.0000000000582, 32.25000000000000000 ) ) ;
#8121 = CARTESIAN_POINT ( 'NONE',  ( -1.706956362293245100, 2.551660700468840304, 21.10570019936569963 ) ) ;
#8122 = B_SPLINE_CURVE_WITH_KNOTS ( 'NONE', 3,
 ( #6977, #2894, #9147, #10097, #9299, #6880, #2848, #2046, #1896, #5276 ),
 .UNSPECIFIED., .F., .F.,
 ( 4, 2, 2, 2, 4 ),
 ( 0.000000000000000000, 0.2124424949559861608, 0.4749616633039907554, 0.7374808316519954055, 1.000000000000000000 ),
 .UNSPECIFIED. ) ;
#8123 = DIRECTION ( 'NONE',  ( 0.000000000000000000, 0.000000000000000000, 1.000000000000000000 ) ) ;
#8124 = CARTESIAN_POINT ( 'NONE',  ( 43.01075442082663614, 3.141925345336493258, -4.420907612416110410 ) ) ;
#8125 = FACE_BOUND ( 'NONE', #10007, .T. ) ;
#8126 = FACE_BOUND ( 'NONE', #5993, .T. ) ;
#8127 = CARTESIAN_POINT ( 'NONE',  ( 22.81132556822162982, 3.518714280374546366, 11.09514950554922308 ) ) ;
#8128 =( BOUNDED_CURVE ( )  B_SPLINE_CURVE ( 2, ( #4750, #8024, #4011 ),
 .UNSPECIFIED., .F., .T. ) 
 B_SPLINE_CURVE_WITH_KNOTS ( ( 3, 3 ),
 ( 0.000000000000000000, 1.000000000000000000 ),
 .UNSPECIFIED. ) 
 CURVE ( )  GEOMETRIC_REPRESENTATION_ITEM ( )  RATIONAL_B_SPLINE_CURVE ( ( 1.000000000000000000, 0.9101582911833114853, 1.000000000000000000 ) ) 
 REPRESENTATION_ITEM ( '' )  );
#8129 = ORIENTED_EDGE ( 'NONE', *, *, #277, .F. ) ;
#8130 = CARTESIAN_POINT ( 'NONE',  ( 30.67147359676134499, 3.584910487430361226, 9.688693561272108568 ) ) ;
#8131 = LINE ( 'NONE', #9786, #9179 ) ;
#8132 = CARTESIAN_POINT ( 'NONE',  ( 5.199999999996687272, -1.396640498777005801, -22.85041977248753042 ) ) ;
#8133 = EDGE_CURVE ( 'NONE', #2475, #6794, #3373, .T. ) ;
#8134 = CARTESIAN_POINT ( 'NONE',  ( 29.62507990677799086, 3.049999999999999378, 34.25026200706238200 ) ) ;
#8135 = CARTESIAN_POINT ( 'NONE',  ( 4.633041200107467006, 3.166083431236796919, -24.02889279717671656 ) ) ;
#8136 = EDGE_LOOP ( 'NONE', ( #5094, #1319 ) ) ;
#8137 = VERTEX_POINT ( 'NONE', #6052 ) ;
#8138 = DIRECTION ( 'NONE',  ( 1.000000000000000000, 0.000000000000000000, -8.846739153280302962E-15 ) ) ;
#8139 = EDGE_CURVE ( 'NONE', #1334, #8262, #838, .T. ) ;
#8140 = CARTESIAN_POINT ( 'NONE',  ( 10.62736069498282632, 2.537143981867571174, -16.95625608541687157 ) ) ;
#8141 = CARTESIAN_POINT ( 'NONE',  ( -4.700000000000000178, -3.049999999999999822, -0.7500000000000000000 ) ) ;
#8142 = CARTESIAN_POINT ( 'NONE',  ( 0.000000000000000000, 4.540856564801742934, -12.84999999999999964 ) ) ;
#8143 = ORIENTED_EDGE ( 'NONE', *, *, #8037, .F. ) ;
#8144 = CARTESIAN_POINT ( 'NONE',  ( 6.349999999999997868, -2.286000000000000032, 26.10710678118654471 ) ) ;
#8145 = CARTESIAN_POINT ( 'NONE',  ( 12.92767348781309522, 2.594684321499560298, -16.37999439047211681 ) ) ;
#8146 = EDGE_CURVE ( 'NONE', #6936, #1222, #7778, .T. ) ;
#8147 = CARTESIAN_POINT ( 'NONE',  ( -4.700000000000000178, 9.205671755056227923, 0.7499999999999994449 ) ) ;
#8148 = CARTESIAN_POINT ( 'NONE',  ( 24.19892377120864424, 3.050000000000001155, 28.43338216740165336 ) ) ;
#8149 = CARTESIAN_POINT ( 'NONE',  ( -3.398296184384252171E-15, 5.587077878127460373, -14.85000000000000142 ) ) ;
#8150 = ORIENTED_EDGE ( 'NONE', *, *, #4229, .T. ) ;
#8151 = ORIENTED_EDGE ( 'NONE', *, *, #5455, .T. ) ;
#8152 = ORIENTED_EDGE ( 'NONE', *, *, #7209, .F. ) ;
#8153 = CIRCLE ( 'NONE', #50, 5.200000000000000178 ) ;
#8154 = CARTESIAN_POINT ( 'NONE',  ( 44.29999999999997584, 2.795833333332655268, -4.120108887977909085 ) ) ;
#8155 = EDGE_CURVE ( 'NONE', #123, #593, #3729, .T. ) ;
#8156 = FACE_OUTER_BOUND ( 'NONE', #4681, .T. ) ;
#8157 = CARTESIAN_POINT ( 'NONE',  ( 8.649999181959593386, 2.647212660763766490, -16.98223806858346308 ) ) ;
#8158 = FACE_OUTER_BOUND ( 'NONE', #84, .T. ) ;
#8159 = CARTESIAN_POINT ( 'NONE',  ( -6.200000000000026823, 1.016666666666666607, -25.25000000000000355 ) ) ;
#8160 = CARTESIAN_POINT ( 'NONE',  ( -4.032847960412154542, 2.346702198953391605, -21.85939102390060995 ) ) ;
#8161 = EDGE_CURVE ( 'NONE', #9866, #7410, #1378, .T. ) ;
#8162 = ADVANCED_FACE ( 'NONE', ( #9310 ), #8572, .T. ) ;
#8163 = CARTESIAN_POINT ( 'NONE',  ( -3.189020694241167408, 4.102176973934770210, 14.93661282424969450 ) ) ;
#8164 = VECTOR ( 'NONE', #9779, 1000.000000000000000 ) ;
#8165 = VERTEX_POINT ( 'NONE', #2810 ) ;
#8166 = ORIENTED_EDGE ( 'NONE', *, *, #2680, .F. ) ;
#8167 = VERTEX_POINT ( 'NONE', #1326 ) ;
#8168 = VECTOR ( 'NONE', #5957, 1000.000000000000000 ) ;
#8169 = VERTEX_POINT ( 'NONE', #1214 ) ;
#8170 = CARTESIAN_POINT ( 'NONE',  ( -0.5549997456544443208, 3.562569086999383572, 23.22257511517102202 ) ) ;
#8171 = EDGE_CURVE ( 'NONE', #8484, #7786, #3755, .T. ) ;
#8172 = CARTESIAN_POINT ( 'NONE',  ( -0.000000000000000000, -2.286000000000000032, -19.05000000000000071 ) ) ;
#8173 = CARTESIAN_POINT ( 'NONE',  ( 0.000000000000000000, 3.261000000000000121, -19.05000000000000071 ) ) ;
#8174 = DIRECTION ( 'NONE',  ( 0.000000000000000000, -1.000000000000000000, 0.000000000000000000 ) ) ;
#8175 = CARTESIAN_POINT ( 'NONE',  ( 19.04999999999999361, 9.402733490373224257, 50.80000000000001137 ) ) ;
#8176 = AXIS2_PLACEMENT_3D ( 'NONE', #7855, #2875, #6904 ) ;
#8177 = CARTESIAN_POINT ( 'NONE',  ( 37.46591740337559173, 4.530590110869574971, 3.311493640764572532 ) ) ;
#8178 = CIRCLE ( 'NONE', #9349, 3.175000000000000711 ) ;
#8179 = CARTESIAN_POINT ( 'NONE',  ( 45.57328146750390374, 3.067953749231613791, -5.013005435993060033 ) ) ;
#8180 = CARTESIAN_POINT ( 'NONE',  ( 20.34890257553709958, 3.147391300044206641, 14.02789200632894584 ) ) ;
#8181 = VECTOR ( 'NONE', #8448, 1000.000000000000000 ) ;
#8182 = ORIENTED_EDGE ( 'NONE', *, *, #435, .T. ) ;
#8183 = AXIS2_PLACEMENT_3D ( 'NONE', #9330, #7642, #2830 ) ;
#8184 = CARTESIAN_POINT ( 'NONE',  ( 23.30824021111905608, 1.682238708981569575, 26.73498120892259067 ) ) ;
#8185 = CARTESIAN_POINT ( 'NONE',  ( 0.000000000000000000, 1.136000000000000343, -19.05000000000000071 ) ) ;
#8186 = VECTOR ( 'NONE', #7866, 1000.000000000000000 ) ;
#8187 = CARTESIAN_POINT ( 'NONE',  ( 47.25209283029253271, 2.752064799085769398, -3.303468579072184941 ) ) ;
#8188 = CARTESIAN_POINT ( 'NONE',  ( -4.700000000000000178, 9.205671755056227923, 0.7499999999999994449 ) ) ;
#8189 = CARTESIAN_POINT ( 'NONE',  ( 2.748929588406538116, 2.002052846665523411, -22.70371916195123418 ) ) ;
#8190 = CARTESIAN_POINT ( 'NONE',  ( 41.53735146292093106, 3.250002239240966428, -6.063655902152565780 ) ) ;
#8191 = LINE ( 'NONE', #4274, #3644 ) ;
#8192 = ORIENTED_EDGE ( 'NONE', *, *, #1173, .T. ) ;
#8193 = CYLINDRICAL_SURFACE ( 'NONE', #5973, 3.174999999999998934 ) ;
#8194 = CARTESIAN_POINT ( 'NONE',  ( -1.733331682908125337, 1.883071593528735210, 23.75000000000001066 ) ) ;
#8195 = CARTESIAN_POINT ( 'NONE',  ( 42.80000000000001847, 1.748537201263857366, -3.356998681587025857 ) ) ;
#8196 = CARTESIAN_POINT ( 'NONE',  ( 4.673096798735111079, 2.135520853936906160, -19.55000000000000071 ) ) ;
#8197 = ORIENTED_EDGE ( 'NONE', *, *, #10031, .F. ) ;
#8198 = B_SPLINE_CURVE_WITH_KNOTS ( 'NONE', 3,
 ( #1807, #4196, #9000, #8908 ),
 .UNSPECIFIED., .F., .F.,
 ( 4, 4 ),
 ( 0.0005150950481121702000, 0.003915224408027120039 ),
 .UNSPECIFIED. ) ;
#8199 = DIRECTION ( 'NONE',  ( 0.000000000000000000, 0.000000000000000000, -1.000000000000000000 ) ) ;
#8200 = CARTESIAN_POINT ( 'NONE',  ( 0.000000000000000000, -2.286000000000000032, 16.94999999999999929 ) ) ;
#8201 = CARTESIAN_POINT ( 'NONE',  ( -4.700000000000000178, 3.924999999999992717, 12.34999999999999787 ) ) ;
#8202 = CARTESIAN_POINT ( 'NONE',  ( 11.09882905579816637, 3.050000000000000266, 25.25000000000000000 ) ) ;
#8203 = CARTESIAN_POINT ( 'NONE',  ( 24.70576094139984846, 5.584870472468323577, 0.3046340848493785392 ) ) ;
#8204 = CARTESIAN_POINT ( 'NONE',  ( 15.68072390777064662, 6.130035024583304626, 2.858480350439220441 ) ) ;
#8205 = ORIENTED_EDGE ( 'NONE', *, *, #7710, .T. ) ;
#8206 = VERTEX_POINT ( 'NONE', #9262 ) ;
#8207 = VERTEX_POINT ( 'NONE', #1268 ) ;
#8208 = ORIENTED_EDGE ( 'NONE', *, *, #4234, .F. ) ;
#8209 = ADVANCED_FACE ( 'NONE', ( #4492 ), #7730, .F. ) ;
#8210 = CARTESIAN_POINT ( 'NONE',  ( 43.05570920277011027, 1.118333333322673706, -7.024022040655002463 ) ) ;
#8211 = CARTESIAN_POINT ( 'NONE',  ( 4.699743404674152636, 4.007692917131889132, 14.98601543975401640 ) ) ;
#8212 = CARTESIAN_POINT ( 'NONE',  ( 24.74969007444441615, 3.049999999999999378, 29.18538214859902880 ) ) ;
#8213 = VECTOR ( 'NONE', #4086, 1000.000000000000000 ) ;
#8214 = DIRECTION ( 'NONE',  ( 0.000000000000000000, 0.000000000000000000, -1.000000000000000000 ) ) ;
#8215 = AXIS2_PLACEMENT_3D ( 'NONE', #4217, #6560, #6655 ) ;
#8216 = DIRECTION ( 'NONE',  ( 1.000000000000000000, -0.000000000000000000, -0.000000000000000000 ) ) ;
#8217 = CARTESIAN_POINT ( 'NONE',  ( 29.00828475274852636, 2.286000000000008914, 35.73889675833852664 ) ) ;
#8218 = EDGE_CURVE ( 'NONE', #5416, #1901, #476, .T. ) ;
#8219 = VERTEX_POINT ( 'NONE', #6991 ) ;
#8220 = VECTOR ( 'NONE', #9149, 1000.000000000000000 ) ;
#8221 = VERTEX_POINT ( 'NONE', #2965 ) ;
#8222 = AXIS2_PLACEMENT_3D ( 'NONE', #4226, #3989, #7217 ) ;
#8223 = ORIENTED_EDGE ( 'NONE', *, *, #10090, .T. ) ;
#8224 = B_SPLINE_CURVE_WITH_KNOTS ( 'NONE', 3,
 ( #199, #3681, #7928, #6917, #6968, #8663, #5385, #4647, #8815, #4899, #872, #9660, #2403, #4002, #8066, #6499, #918, #8114, #4097, #6550, #9770, #2511, #2355, #3255, #6452, #5753, #8967, #7235 ),
 .UNSPECIFIED., .F., .F.,
 ( 4, 2, 2, 2, 2, 2, 2, 2, 2, 2, 2, 2, 2, 4 ),
 ( 0.000000000000000000, 0.1134273852852590581, 0.1701410779278886010, 0.2268547705705181161, 0.3402821558557773129, 0.4537095411410364543, 0.5671369264262955401, 0.6238506190689250275, 0.6805643117115545149, 0.7372780043541838912, 0.7939916969968133786, 0.8507053896394427550, 0.8790622359607578318, 0.9074190822820729085 ),
 .UNSPECIFIED. ) ;
#8225 = EDGE_LOOP ( 'NONE', ( #5412, #4390, #3418, #705 ) ) ;
#8226 = EDGE_CURVE ( 'NONE', #5460, #4089, #6211, .T. ) ;
#8227 = ADVANCED_FACE ( 'NONE', ( #8629 ), #4604, .F. ) ;
#8228 = CARTESIAN_POINT ( 'NONE',  ( 38.94830429982244624, 2.152682474063861484, 4.184589604277093144 ) ) ;
#8229 = FACE_OUTER_BOUND ( 'NONE', #7417, .T. ) ;
#8230 = CARTESIAN_POINT ( 'NONE',  ( 17.28291319723643582, 3.340593040280413817, 13.68156602486821960 ) ) ;
#8231 = CARTESIAN_POINT ( 'NONE',  ( -4.000000000000000000, 2.286000000000000032, 25.25000000000000355 ) ) ;
#8232 = CARTESIAN_POINT ( 'NONE',  ( 43.97030399546486734, 2.386413381818359714, -4.375922461320351786 ) ) ;
#8233 = LINE ( 'NONE', #5871, #6519 ) ;
#8234 = AXIS2_PLACEMENT_3D ( 'NONE', #4516, #3721, #10172 ) ;
#8235 = CARTESIAN_POINT ( 'NONE',  ( 45.82504515218675323, 2.661499876985986557, 0.000000000000000000 ) ) ;
#8236 = CARTESIAN_POINT ( 'NONE',  ( 19.34208742240641143, 3.213956574464769123, 13.90580787443844457 ) ) ;
#8237 = ADVANCED_FACE ( 'NONE', ( #3816 ), #1438, .F. ) ;
#8238 = B_SPLINE_CURVE_WITH_KNOTS ( 'NONE', 1,
 ( #844, #8134 ),
 .UNSPECIFIED., .F., .F.,
 ( 2, 2 ),
 ( 0.000000000000000000, 1.000000000000000000 ),
 .UNSPECIFIED. ) ;
#8239 = VECTOR ( 'NONE', #9998, 1000.000000000000000 ) ;
#8240 = CARTESIAN_POINT ( 'NONE',  ( 19.89930860368792764, 3.945511955245056157, 12.52978243620426291 ) ) ;
#8241 = CARTESIAN_POINT ( 'NONE',  ( 5.200000000000000178, 500000.0000000000582, 19.55000000000000071 ) ) ;
#8242 = CARTESIAN_POINT ( 'NONE',  ( -6.200000000000000178, 3.174999999999987388, 2.385999999999996568 ) ) ;
#8243 = DIRECTION ( 'NONE',  ( 0.000000000000000000, 0.000000000000000000, -1.000000000000000000 ) ) ;
#8244 = CARTESIAN_POINT ( 'NONE',  ( 20.50812366077787985, 5.769472005688898619, 2.174999999999984279 ) ) ;
#8245 = VERTEX_POINT ( 'NONE', #3023 ) ;
#8246 = ORIENTED_EDGE ( 'NONE', *, *, #8133, .F. ) ;
#8247 = CARTESIAN_POINT ( 'NONE',  ( -0.9464594552489019597, 4.292151296585852371, -13.93190957246342698 ) ) ;
#8248 = CARTESIAN_POINT ( 'NONE',  ( 29.28191610937155787, 0.2321154004195520870, 30.85901042595915555 ) ) ;
#8249 = CARTESIAN_POINT ( 'NONE',  ( 44.30000000000000426, 1.487425397060000209, -1.158225982667416540E-14 ) ) ;
#8250 = B_SPLINE_CURVE_WITH_KNOTS ( 'NONE', 3,
 ( #9559, #7860, #605, #7177 ),
 .UNSPECIFIED., .F., .F.,
 ( 4, 4 ),
 ( 3.276010472373046812E-16, 0.0002447404059919148557 ),
 .UNSPECIFIED. ) ;
#8251 = CARTESIAN_POINT ( 'NONE',  ( -5.039461145188984581, 3.063569965074162127, -25.03426541614308931 ) ) ;
#8252 = ORIENTED_EDGE ( 'NONE', *, *, #7705, .T. ) ;
#8253 = CARTESIAN_POINT ( 'NONE',  ( -4.730774941081132390, 3.864829250439715480, -15.83981914577963224 ) ) ;
#8254 = DIRECTION ( 'NONE',  ( 0.000000000000000000, 0.000000000000000000, -1.000000000000000000 ) ) ;
#8255 = DIRECTION ( 'NONE',  ( -0.000000000000000000, 1.000000000000000000, -0.000000000000000000 ) ) ;
#8256 = CARTESIAN_POINT ( 'NONE',  ( 21.55215652437388130, 3.049999999999901235, 27.26492529653524599 ) ) ;
#8257 = B_SPLINE_CURVE_WITH_KNOTS ( 'NONE', 3,
 ( #953, #5738, #4975, #7312 ),
 .UNSPECIFIED., .F., .F.,
 ( 4, 4 ),
 ( 0.04794323657527356508, 0.05163032837752255799 ),
 .UNSPECIFIED. ) ;
#8258 = CARTESIAN_POINT ( 'NONE',  ( 6.449268295304769971, 5.750837404341145209, -7.457229065280974289 ) ) ;
#8259 = CARTESIAN_POINT ( 'NONE',  ( 33.86889221386704918, 3.666776991323428270, 21.52154630890196074 ) ) ;
#8260 = ORIENTED_EDGE ( 'NONE', *, *, #5117, .T. ) ;
#8261 = ORIENTED_EDGE ( 'NONE', *, *, #5777, .F. ) ;
#8262 = VERTEX_POINT ( 'NONE', #2220 ) ;
#8263 = CARTESIAN_POINT ( 'NONE',  ( 44.29999999999999005, 2.236666666666431436, -4.157131758163854052 ) ) ;
#8264 = DIRECTION ( 'NONE',  ( 0.000000000000000000, 0.000000000000000000, 1.000000000000000000 ) ) ;
#8265 = CARTESIAN_POINT ( 'NONE',  ( 0.5000000000000000000, 1.136000000000000343, -15.38393944403532920 ) ) ;
#8266 = CARTESIAN_POINT ( 'NONE',  ( -4.700000000000000178, 2.424999999999989164, 10.72518239619396851 ) ) ;
#8267 = DIRECTION ( 'NONE',  ( 0.000000000000000000, 0.000000000000000000, -1.000000000000000000 ) ) ;
#8268 = CARTESIAN_POINT ( 'NONE',  ( 2.152800896798593655, 2.619085637207043682, -24.81738871231620180 ) ) ;
#8269 = EDGE_CURVE ( 'NONE', #8090, #2789, #9563, .T. ) ;
#8270 = CARTESIAN_POINT ( 'NONE',  ( 42.48034148697497159, 3.376010693099988469, 6.724362021443708315 ) ) ;
#8271 = EDGE_CURVE ( 'NONE', #9428, #9070, #2437, .T. ) ;
#8272 = VERTEX_POINT ( 'NONE', #694 ) ;
#8273 = ORIENTED_EDGE ( 'NONE', *, *, #8669, .F. ) ;
#8274 = VERTEX_POINT ( 'NONE', #2383 ) ;
#8275 = ORIENTED_EDGE ( 'NONE', *, *, #10437, .F. ) ;
#8276 = CARTESIAN_POINT ( 'NONE',  ( 44.29999666364016520, 1.489338440238882511, 0.02051696259675955467 ) ) ;
#8277 = CARTESIAN_POINT ( 'NONE',  ( -4.748701790145267942, 2.332748318360180928, 21.96464169261204447 ) ) ;
#8278 = CARTESIAN_POINT ( 'NONE',  ( 38.25351217483366639, 1.988956441751573712, 10.31786047734935430 ) ) ;
#8279 = CARTESIAN_POINT ( 'NONE',  ( 22.72989360785202351, 3.058335167111181363, -12.85055984041370358 ) ) ;
#8280 = CARTESIAN_POINT ( 'NONE',  ( 12.69999999999999929, -2.286000000000000032, 31.75000000000000000 ) ) ;
#8281 = EDGE_CURVE ( 'NONE', #666, #3578, #1496, .T. ) ;
#8282 = DIRECTION ( 'NONE',  ( -1.077948711512432777E-10, -1.000000000000000000, -0.000000000000000000 ) ) ;
#8283 = CARTESIAN_POINT ( 'NONE',  ( 44.30000000000000426, 3.049999999999999822, -5.937663020359952526 ) ) ;
#8284 = CARTESIAN_POINT ( 'NONE',  ( 19.26974700563597764, 4.985196610826116981, 4.458703737747889306 ) ) ;
#8285 = EDGE_CURVE ( 'NONE', #1683, #3452, #2722, .T. ) ;
#8286 = CARTESIAN_POINT ( 'NONE',  ( -4.700000000000000178, 3.924999999999987388, 3.264854136349466085 ) ) ;
#8287 = EDGE_CURVE ( 'NONE', #9120, #7849, #4666, .T. ) ;
#8288 = CARTESIAN_POINT ( 'NONE',  ( 20.46282465345489854, 6.148076089247838105, -0.2339391208131017807 ) ) ;
#8289 = DIRECTION ( 'NONE',  ( 0.000000000000000000, 1.000000000000000000, 0.000000000000000000 ) ) ;
#8290 = CARTESIAN_POINT ( 'NONE',  ( 44.00485421454694546, 1.190906739637631384, -6.199884184398432474 ) ) ;
#8291 = EDGE_CURVE ( 'NONE', #10387, #8071, #10428, .T. ) ;
#8292 = CARTESIAN_POINT ( 'NONE',  ( -5.460999999999999410, 3.174999999999990052, -9.574999999999999289 ) ) ;
#8293 = ADVANCED_FACE ( 'NONE', ( #6432 ), #7943, .F. ) ;
#8294 = ORIENTED_EDGE ( 'NONE', *, *, #9528, .T. ) ;
#8295 = ORIENTED_EDGE ( 'NONE', *, *, #7577, .F. ) ;
#8296 = CARTESIAN_POINT ( 'NONE',  ( -0.4999999999881765689, 4.359709390086512926, 13.84999999999999609 ) ) ;
#8297 = ADVANCED_FACE ( 'NONE', ( #1652 ), #6375, .T. ) ;
#8298 = CARTESIAN_POINT ( 'NONE',  ( 0.5000000000000000000, 500000.0000000000582, -13.87409428215698881 ) ) ;
#8299 = LINE ( 'NONE', #7512, #9545 ) ;
#8300 = CARTESIAN_POINT ( 'NONE',  ( 26.04855835880223935, 2.285999999999945409, 32.01077333492968080 ) ) ;
#8301 = DIRECTION ( 'NONE',  ( -0.7071067811865463515, 0.000000000000000000, -0.7071067811865487940 ) ) ;
#8302 = DIRECTION ( 'NONE',  ( 0.000000000000000000, 0.000000000000000000, -1.000000000000000000 ) ) ;
#8303 = CARTESIAN_POINT ( 'NONE',  ( 12.19999999999999929, -2.286000000000000032, 28.61461724824544106 ) ) ;
#8304 = CARTESIAN_POINT ( 'NONE',  ( 19.04706512111526351, 3.049999999999998934, 26.26020621528136090 ) ) ;
#8305 = CARTESIAN_POINT ( 'NONE',  ( -4.700000000000000178, 2.424999999999986500, -0.7500000000000000000 ) ) ;
#8306 = LINE ( 'NONE', #9992, #7508 ) ;
#8307 = ORIENTED_EDGE ( 'NONE', *, *, #3443, .T. ) ;
#8308 = ORIENTED_EDGE ( 'NONE', *, *, #337, .F. ) ;
#8309 = ORIENTED_EDGE ( 'NONE', *, *, #2521, .F. ) ;
#8310 = ORIENTED_EDGE ( 'NONE', *, *, #7047, .F. ) ;
#8311 = CARTESIAN_POINT ( 'NONE',  ( 44.29999999999997584, 3.075416666667325050, -4.115426301424687239 ) ) ;
#8312 = CARTESIAN_POINT ( 'NONE',  ( 28.08840112432802982, -2.286000000000000032, 32.25000000000000000 ) ) ;
#8313 = DIRECTION ( 'NONE',  ( 0.000000000000000000, -1.000000000000000000, -0.000000000000000000 ) ) ;
#8314 = CARTESIAN_POINT ( 'NONE',  ( 18.62504474284450851, -3.049999999999996270, 24.56050501784681117 ) ) ;
#8315 = VERTEX_POINT ( 'NONE', #5575 ) ;
#8316 = CARTESIAN_POINT ( 'NONE',  ( -6.200000000000000178, 3.174999999999987388, 6.349999999999999645 ) ) ;
#8317 = CARTESIAN_POINT ( 'NONE',  ( 39.64600981257220980, 1.384633633080290416, -9.784043724861399838 ) ) ;
#8318 = CARTESIAN_POINT ( 'NONE',  ( 36.18742671579678927, 3.088060113021219077, 29.86239596469479807 ) ) ;
#8319 = ORIENTED_EDGE ( 'NONE', *, *, #1299, .T. ) ;
#8320 = ORIENTED_EDGE ( 'NONE', *, *, #4664, .F. ) ;
#8321 = VECTOR ( 'NONE', #6703, 1000.000000000000000 ) ;
#8322 = ORIENTED_EDGE ( 'NONE', *, *, #5788, .T. ) ;
#8323 = ORIENTED_EDGE ( 'NONE', *, *, #3560, .F. ) ;
#8324 = CARTESIAN_POINT ( 'NONE',  ( 13.00690211983164524, 6.463991407816660484, -1.994555718887846663 ) ) ;
#8325 = CARTESIAN_POINT ( 'NONE',  ( 9.518329979527754503, 3.053682454161278148, -16.48623112774832222 ) ) ;
#8326 = CARTESIAN_POINT ( 'NONE',  ( 8.303530050646017457, 5.409960445279986985, -14.19778905376416311 ) ) ;
#8327 = DIRECTION ( 'NONE',  ( -0.000000000000000000, 1.000000000000000000, 0.000000000000000000 ) ) ;
#8328 = FACE_OUTER_BOUND ( 'NONE', #8537, .T. ) ;
#8329 = AXIS2_PLACEMENT_3D ( 'NONE', #2808, #3595, #474 ) ;
#8330 = CARTESIAN_POINT ( 'NONE',  ( 11.36424189869976864, 7.275032308862117603, -8.404422494473370975 ) ) ;
#8331 = CARTESIAN_POINT ( 'NONE',  ( 15.05115938566564893, 2.191548649780684421, 19.62582503178271054 ) ) ;
#8332 = VECTOR ( 'NONE', #4150, 1000.000000000000000 ) ;
#8333 = DIRECTION ( 'NONE',  ( 0.000000000000000000, -1.000000000000000000, 0.000000000000000000 ) ) ;
#8334 = ADVANCED_FACE ( 'NONE', ( #3874 ), #4037, .T. ) ;
#8335 = AXIS2_PLACEMENT_3D ( 'NONE', #10403, #4854, #8930 ) ;
#8336 = EDGE_CURVE ( 'NONE', #965, #1973, #4117, .T. ) ;
#8337 = CARTESIAN_POINT ( 'NONE',  ( 18.92084611914555126, 5.613208219232370233, 4.035883402864534730 ) ) ;
#8338 = DIRECTION ( 'NONE',  ( 0.000000000000000000, 0.000000000000000000, 1.000000000000000000 ) ) ;
#8339 = CARTESIAN_POINT ( 'NONE',  ( -8.154634200160465696, 3.049999989496499975, -25.25385403483352675 ) ) ;
#8340 = AXIS2_PLACEMENT_3D ( 'NONE', #8316, #5140, #7478 ) ;
#8341 = DIRECTION ( 'NONE',  ( 0.000000000000000000, 0.000000000000000000, -1.000000000000000000 ) ) ;
#8342 = AXIS2_PLACEMENT_3D ( 'NONE', #40, #9569, #3221 ) ;
#8343 = EDGE_CURVE ( 'NONE', #863, #1867, #6531, .T. ) ;
#8344 = VERTEX_POINT ( 'NONE', #8844 ) ;
#8345 = AXIS2_PLACEMENT_3D ( 'NONE', #2263, #7982, #5507 ) ;
#8346 = LINE ( 'NONE', #8989, #2916 ) ;
#8347 = ADVANCED_FACE ( 'NONE', ( #9537 ), #5622, .F. ) ;
#8348 = LINE ( 'NONE', #255, #9698 ) ;
#8349 = CARTESIAN_POINT ( 'NONE',  ( 6.199999999999908695, 1.879496328347489253, -22.68666876557448475 ) ) ;
#8350 = CARTESIAN_POINT ( 'NONE',  ( -4.962152738355514181, 3.035414187019229271, -25.06817431587690947 ) ) ;
#8351 = CARTESIAN_POINT ( 'NONE',  ( -1.879992426609672140, 4.103616343403167832, -14.77126843001642342 ) ) ;
#8352 = CARTESIAN_POINT ( 'NONE',  ( 37.59999999999681819, 2.606638053464394034, -2.852819276695400585 ) ) ;
#8353 = CARTESIAN_POINT ( 'NONE',  ( -4.700000000000000178, 2.424999999999986944, 0.7500000000000000000 ) ) ;
#8354 = CARTESIAN_POINT ( 'NONE',  ( 17.23659096842006733, 3.050000000000021139, 25.75538717272276656 ) ) ;
#8355 = ORGANIZATION ( 'UNSPECIFIED', 'UNSPECIFIED', '' ) ;
#8356 = FACE_OUTER_BOUND ( 'NONE', #5990, .T. ) ;
#8357 = CARTESIAN_POINT ( 'NONE',  ( -0.8890000000000000124, -3.049999999999999822, 12.84999999999999964 ) ) ;
#8358 = EDGE_CURVE ( 'NONE', #7829, #3558, #1696, .T. ) ;
#8359 = ORIENTED_EDGE ( 'NONE', *, *, #4689, .T. ) ;
#8360 = ORIENTED_EDGE ( 'NONE', *, *, #4374, .T. ) ;
#8361 = ORIENTED_EDGE ( 'NONE', *, *, #5252, .T. ) ;
#8362 = ORIENTED_EDGE ( 'NONE', *, *, #5593, .T. ) ;
#8363 = CARTESIAN_POINT ( 'NONE',  ( 44.30000000000001847, 1.957083333338570430, -4.191866537972672724 ) ) ;
#8364 = CARTESIAN_POINT ( 'NONE',  ( 14.72005140847272386, 7.822991637286929034, -2.100000000000001421 ) ) ;
#8365 = CARTESIAN_POINT ( 'NONE',  ( 24.58015637485431526, 3.050000000000000266, 29.06277129014356930 ) ) ;
#8366 = DIRECTION ( 'NONE',  ( 0.000000000000000000, -1.000000000000000000, 0.000000000000000000 ) ) ;
#8367 = AXIS2_PLACEMENT_3D ( 'NONE', #9700, #1013, #1611 ) ;
#8368 = ORIENTED_EDGE ( 'NONE', *, *, #4278, .T. ) ;
#8369 = CARTESIAN_POINT ( 'NONE',  ( 17.03822428747839623, 5.616353068810894023, 2.174999999999069900 ) ) ;
#8370 = DIRECTION ( 'NONE',  ( -0.000000000000000000, -1.000000000000000000, -0.000000000000000000 ) ) ;
#8371 = CARTESIAN_POINT ( 'NONE',  ( 34.79407701662668018, 2.666301065801235382, 21.90044223003719992 ) ) ;
#8372 = VERTEX_POINT ( 'NONE', #2689 ) ;
#8373 = ORIENTED_EDGE ( 'NONE', *, *, #9671, .T. ) ;
#8374 = ORIENTED_EDGE ( 'NONE', *, *, #386, .T. ) ;
#8375 = ORIENTED_EDGE ( 'NONE', *, *, #870, .F. ) ;
#8376 = AXIS2_PLACEMENT_3D ( 'NONE', #8802, #3825, #7949 ) ;
#8377 = VECTOR ( 'NONE', #1781, 1000.000000000000000 ) ;
#8378 = CARTESIAN_POINT ( 'NONE',  ( 44.29847643619262243, 1.487016538878630723, 0.4910458416812327198 ) ) ;
#8379 = DIRECTION ( 'NONE',  ( 0.000000000000000000, 0.000000000000000000, 1.000000000000000000 ) ) ;
#8380 = DIRECTION ( 'NONE',  ( -1.000000000000000000, 0.000000000000000000, 3.368205580025982751E-17 ) ) ;
#8381 = LINE ( 'NONE', #6013, #4444 ) ;
#8382 = CARTESIAN_POINT ( 'NONE',  ( -2.389000000000000234, 3.924999999999986500, -9.435145863650536313 ) ) ;
#8383 = CYLINDRICAL_SURFACE ( 'NONE', #8561, 3.175000000000000711 ) ;
#8384 = AXIS2_PLACEMENT_3D ( 'NONE', #9789, #1045, #8243 ) ;
#8385 = CARTESIAN_POINT ( 'NONE',  ( 14.67684724332689328, 2.838415360133381693, 16.68694633016915319 ) ) ;
#8386 = CARTESIAN_POINT ( 'NONE',  ( -0.5000000000000000000, 1.136000000000000343, 22.71606055596467399 ) ) ;
#8387 = AXIS2_PLACEMENT_3D ( 'NONE', #2192, #7020, #8824 ) ;
#8388 = VECTOR ( 'NONE', #2987, 1000.000000000000000 ) ;
#8389 = CARTESIAN_POINT ( 'NONE',  ( 13.07311555534551495, 1.770904567499335780, 24.07450078285680561 ) ) ;
#8390 = DIRECTION ( 'NONE',  ( 1.000000000000000000, -0.000000000000000000, -0.000000000000000000 ) ) ;
#8391 = CARTESIAN_POINT ( 'NONE',  ( 44.44760482510070432, 2.959488810261061253, -5.805952729411337998 ) ) ;
#8392 = PLANE ( 'NONE',  #7040 ) ;
#8393 = VECTOR ( 'NONE', #3022, 1000.000000000000000 ) ;
#8394 = EDGE_CURVE ( 'NONE', #8724, #10148, #972, .T. ) ;
#8395 = B_SPLINE_CURVE_WITH_KNOTS ( 'NONE', 3,
 ( #10137, #3635, #7034, #6972, #9193, #6136, #2098, #2793, #10093, #7656 ),
 .UNSPECIFIED., .F., .F.,
 ( 4, 2, 2, 2, 4 ),
 ( 3.903127820947815962E-18, 0.0005288373079768615617, 0.001057674615953719220, 0.001586511923930576879, 0.002115349231907434537 ),
 .UNSPECIFIED. ) ;
#8396 = CARTESIAN_POINT ( 'NONE',  ( 33.86889221386704918, 3.666776991323426937, 21.52154630890196074 ) ) ;
#8397 = ORIENTED_EDGE ( 'NONE', *, *, #6935, .T. ) ;
#8398 = ORIENTED_EDGE ( 'NONE', *, *, #3965, .T. ) ;
#8399 = CARTESIAN_POINT ( 'NONE',  ( 29.55055874898947010, 1.783669331400382418, -12.39600806220453322 ) ) ;
#8400 = DIRECTION ( 'NONE',  ( 0.000000000000000000, 0.000000000000000000, -1.000000000000000000 ) ) ;
#8401 = CARTESIAN_POINT ( 'NONE',  ( 6.199999999999920242, -1.396862461584140069, -22.68666876557479384 ) ) ;
#8402 = CARTESIAN_POINT ( 'NONE',  ( 23.32895388256968516, 2.286000000000012466, 29.80574127854184852 ) ) ;
#8403 = EDGE_CURVE ( 'NONE', #4734, #4247, #9796, .T. ) ;
#8404 = CARTESIAN_POINT ( 'NONE',  ( 0.5000000000000000000, 2.135522822468437720, -14.37690122356962519 ) ) ;
#8405 = PLANE ( 'NONE',  #2944 ) ;
#8406 = CARTESIAN_POINT ( 'NONE',  ( -1.884702914990900480, 1.875208015024717234, -23.65063632697722795 ) ) ;
#8407 = CARTESIAN_POINT ( 'NONE',  ( 20.79917901724975238, 3.049999999999901235, 26.92099277401273838 ) ) ;
#8408 = CARTESIAN_POINT ( 'NONE',  ( 41.63868047985197052, 1.808910891814382360, -4.948656609411250074 ) ) ;
#8409 = CARTESIAN_POINT ( 'NONE',  ( -4.011049329900949978, 1.477824253049310421, 19.55000000000000071 ) ) ;
#8410 = EDGE_CURVE ( 'NONE', #4518, #7118, #4280, .T. ) ;
#8411 = ORIENTED_EDGE ( 'NONE', *, *, #9230, .T. ) ;
#8412 = EDGE_LOOP ( 'NONE', ( #6781, #10246, #9481, #8006, #4746, #3447 ) ) ;
#8413 = ORIENTED_EDGE ( 'NONE', *, *, #10235, .T. ) ;
#8414 = ORIENTED_EDGE ( 'NONE', *, *, #6371, .F. ) ;
#8415 = FACE_OUTER_BOUND ( 'NONE', #8791, .T. ) ;
#8416 = CARTESIAN_POINT ( 'NONE',  ( -4.199999999999999289, 0.000000000000000000, 23.75000000000000000 ) ) ;
#8417 = CARTESIAN_POINT ( 'NONE',  ( 20.79917901724975238, 3.049999999999901235, 26.92099277401273838 ) ) ;
#8418 = CARTESIAN_POINT ( 'NONE',  ( -1.330959182562325482, 1.970039429009998733, 23.40488652889478516 ) ) ;
#8419 = VERTEX_POINT ( 'NONE', #5980 ) ;
#8420 = EDGE_CURVE ( 'NONE', #1903, #7182, #451, .T. ) ;
#8421 = CARTESIAN_POINT ( 'NONE',  ( -0.5000000000000002220, 2.635999999995419785, 13.87409428215698881 ) ) ;
#8422 = CARTESIAN_POINT ( 'NONE',  ( 43.04469286468209788, 1.247884251470437578, -7.033349702158986361 ) ) ;
#8423 = CARTESIAN_POINT ( 'NONE',  ( 42.05570943567192899, 3.224782298313235263, -5.594272353526563712 ) ) ;
#8424 = DIRECTION ( 'NONE',  ( 1.000000000000000000, 0.000000000000000000, 0.000000000000000000 ) ) ;
#8425 = EDGE_CURVE ( 'NONE', #3034, #6404, #6016, .T. ) ;
#8426 = ORIENTED_EDGE ( 'NONE', *, *, #9579, .F. ) ;
#8427 = ORIENTED_EDGE ( 'NONE', *, *, #1426, .F. ) ;
#8428 = ORIENTED_EDGE ( 'NONE', *, *, #3113, .T. ) ;
#8429 = LINE ( 'NONE', #537, #1056 ) ;
#8430 = CARTESIAN_POINT ( 'NONE',  ( -4.699999999999999289, -2.286000000000000032, -19.55000000000000071 ) ) ;
#8431 = CARTESIAN_POINT ( 'NONE',  ( 17.60570088279946077, 2.869108174384605192, 15.95622973160514313 ) ) ;
#8432 = CARTESIAN_POINT ( 'NONE',  ( 3.135382751754560271, -2.286000000000000032, -18.55000000000000071 ) ) ;
#8433 = EDGE_CURVE ( 'NONE', #10303, #4718, #8299, .T. ) ;
#8434 = CARTESIAN_POINT ( 'NONE',  ( 44.30000000000003979, -2.656041666666377754, -5.024953283993579767 ) ) ;
#8435 = FACE_OUTER_BOUND ( 'NONE', #10245, .T. ) ;
#8436 = CARTESIAN_POINT ( 'NONE',  ( 17.19141123718669917, 5.190077965027650286, 4.402488651199281122 ) ) ;
#8437 = CARTESIAN_POINT ( 'NONE',  ( -4.737569995714017601, 4.143044101890164477, 14.77334405488375957 ) ) ;
#8438 = ORIENTED_EDGE ( 'NONE', *, *, #6282, .F. ) ;
#8439 = CARTESIAN_POINT ( 'NONE',  ( 16.36443727493174549, 5.031125590830601624, 8.210476845395490386 ) ) ;
#8440 = CARTESIAN_POINT ( 'NONE',  ( -3.666060555964672840, 1.136000000000000343, 18.55000000000000071 ) ) ;
#8441 = CARTESIAN_POINT ( 'NONE',  ( 16.87127439517252370, 3.251494639069925530, -20.80748757054600873 ) ) ;
#8442 = DIRECTION ( 'NONE',  ( 0.000000000000000000, 0.000000000000000000, 1.000000000000000000 ) ) ;
#8443 = CARTESIAN_POINT ( 'NONE',  ( -4.699999999999999289, 2.162520919212630677, -18.55000000000000071 ) ) ;
#8444 = ORIENTED_EDGE ( 'NONE', *, *, #7211, .F. ) ;
#8445 = ADVANCED_FACE ( 'NONE', ( #9985 ), #4236, .F. ) ;
#8446 = ORIENTED_EDGE ( 'NONE', *, *, #6671, .F. ) ;
#8447 = DIRECTION ( 'NONE',  ( -0.000000000000000000, 1.000000000000000000, -0.000000000000000000 ) ) ;
#8448 = DIRECTION ( 'NONE',  ( -0.000000000000000000, -1.000000000000000000, -0.000000000000000000 ) ) ;
#8449 = CARTESIAN_POINT ( 'NONE',  ( 23.00366054123320581, 2.286000000000016907, 29.59246275357754286 ) ) ;
#8450 = DIRECTION ( 'NONE',  ( 0.000000000000000000, -1.000000000000000000, -0.000000000000000000 ) ) ;
#8451 = FACE_OUTER_BOUND ( 'NONE', #8412, .T. ) ;
#8452 = CARTESIAN_POINT ( 'NONE',  ( -4.722766167079854860, 1.876650078333715888, -23.74774446848350706 ) ) ;
#8453 = CARTESIAN_POINT ( 'NONE',  ( 17.50923490264453619, 2.285999999999994259, 27.18727708393114284 ) ) ;
#8454 = CARTESIAN_POINT ( 'NONE',  ( 39.41308291141709930, 2.702378641572494189, 0.1531563115243544937 ) ) ;
#8455 = CARTESIAN_POINT ( 'NONE',  ( 17.83672408471816695, -1.131999999999999229, 25.90616913409527555 ) ) ;
#8456 = ORIENTED_EDGE ( 'NONE', *, *, #7337, .T. ) ;
#8457 = ORIENTED_EDGE ( 'NONE', *, *, #856, .T. ) ;
#8458 = VERTEX_POINT ( 'NONE', #5929 ) ;
#8459 = ADVANCED_FACE ( 'NONE', ( #7361 ), #9891, .F. ) ;
#8460 = ORIENTED_EDGE ( 'NONE', *, *, #8540, .F. ) ;
#8461 = CARTESIAN_POINT ( 'NONE',  ( -6.199999999999999289, 5.501980198019799317, 15.49999999999999822 ) ) ;
#8462 = CARTESIAN_POINT ( 'NONE',  ( 0.000000000000000000, 9.402733490373224257, 19.05000000000000071 ) ) ;
#8463 = CARTESIAN_POINT ( 'NONE',  ( 6.349999999999997868, -2.286000000000000032, 26.10710678118654471 ) ) ;
#8464 = CARTESIAN_POINT ( 'NONE',  ( -3.570047344021992863, 2.252092981204834032, 22.28919833816059182 ) ) ;
#8465 = ORIENTED_EDGE ( 'NONE', *, *, #9652, .T. ) ;
#8466 = CARTESIAN_POINT ( 'NONE',  ( 18.27672758596622771, 2.200536024880198838, 19.34232866748567403 ) ) ;
#8467 = CARTESIAN_POINT ( 'NONE',  ( 13.99120016723426119, 7.826696474291699346, -2.386926156204283167 ) ) ;
#8468 = CARTESIAN_POINT ( 'NONE',  ( 43.79803335559255828, 1.314742388920776772, -6.150141920487476987 ) ) ;
#8469 = CARTESIAN_POINT ( 'NONE',  ( 9.518329979527749174, 4.780582887084208643, -16.48623112774831867 ) ) ;
#8470 = EDGE_LOOP ( 'NONE', ( #6377, #8117, #5221, #9717 ) ) ;
#8471 = VERTEX_POINT ( 'NONE', #2736 ) ;
#8472 = ORIENTED_EDGE ( 'NONE', *, *, #10162, .T. ) ;
#8473 = EDGE_CURVE ( 'NONE', #6315, #1006, #2595, .T. ) ;
#8474 = VERTEX_POINT ( 'NONE', #8349 ) ;
#8475 = DIRECTION ( 'NONE',  ( 0.000000000000000000, 1.000000000000000000, 0.000000000000000000 ) ) ;
#8476 = PLANE ( 'NONE',  #1130 ) ;
#8477 = FACE_BOUND ( 'NONE', #7208, .T. ) ;
#8478 = EDGE_CURVE ( 'NONE', #7736, #8910, #5992, .T. ) ;
#8479 = LINE ( 'NONE', #9170, #3441 ) ;
#8480 = EDGE_CURVE ( 'NONE', #624, #9760, #6536, .T. ) ;
#8481 = CARTESIAN_POINT ( 'NONE',  ( -0.5000000000000000000, 0.7860000000050604285, 28.61461724824544106 ) ) ;
#8482 = CARTESIAN_POINT ( 'NONE',  ( 15.28008897961341184, 3.450401577537862252, 13.67705285057426323 ) ) ;
#8483 = EDGE_LOOP ( 'NONE', ( #8959, #4008, #5828, #2516 ) ) ;
#8484 = VERTEX_POINT ( 'NONE', #7563 ) ;
#8485 = EDGE_CURVE ( 'NONE', #6983, #7849, #1797, .T. ) ;
#8486 = DIRECTION ( 'NONE',  ( 1.000000000000000000, 0.000000000000000000, 8.205241711830807160E-14 ) ) ;
#8487 = AXIS2_PLACEMENT_3D ( 'NONE', #1949, #6729, #9944 ) ;
#8488 = CARTESIAN_POINT ( 'NONE',  ( 15.28730785159186212, 4.243720592782890044, 12.28874660953668574 ) ) ;
#8489 = CARTESIAN_POINT ( 'NONE',  ( 42.46251816355265873, 3.220273876874282237, -4.949888876727797538 ) ) ;
#8490 = CARTESIAN_POINT ( 'NONE',  ( 31.11195059258471218, 3.047435117256068970, -15.43638051544047229 ) ) ;
#8491 = FACE_OUTER_BOUND ( 'NONE', #1181, .T. ) ;
#8492 = VECTOR ( 'NONE', #5927, 1000.000000000000000 ) ;
#8493 = EDGE_LOOP ( 'NONE', ( #7262, #1466, #1510, #8129, #4680, #19, #71, #6298, #9217, #5600, #8567 ) ) ;
#8494 = VECTOR ( 'NONE', #1564, 1000.000000000000000 ) ;
#8495 = ORIENTED_EDGE ( 'NONE', *, *, #2084, .F. ) ;
#8496 = DIRECTION ( 'NONE',  ( -0.7071067811865479058, 0.000000000000000000, 0.7071067811865470176 ) ) ;
#8497 = CARTESIAN_POINT ( 'NONE',  ( 43.61330011473270218, -2.973750000000027427, -6.543039209606001272 ) ) ;
#8498 = CARTESIAN_POINT ( 'NONE',  ( 31.51576480162128391, 1.581640476338415091, 34.25000000000000000 ) ) ;
#8499 = CARTESIAN_POINT ( 'NONE',  ( 0.000000000000000000, 500000.0000000000582, -19.05000000000000071 ) ) ;
#8500 = FACE_OUTER_BOUND ( 'NONE', #3673, .T. ) ;
#8501 = B_SPLINE_CURVE_WITH_KNOTS ( 'NONE', 3,
 ( #5903, #8369, #3269, #2661, #10002, #6054, #6000, #1967, #9112, #1862, #2468, #5196, #9264, #5091 ),
 .UNSPECIFIED., .F., .F.,
 ( 4, 2, 2, 2, 2, 2, 4 ),
 ( 7.112895110951044004E-18, 0.0004636728000068467809, 0.0009273456000136865145, 0.001391018400020526194, 0.001854691200027365873, 0.002782036800041038944, 0.003709382400054712231 ),
 .UNSPECIFIED. ) ;
#8502 = FACE_OUTER_BOUND ( 'NONE', #9355, .T. ) ;
#8503 = VECTOR ( 'NONE', #1169, 1000.000000000000000 ) ;
#8504 = DIRECTION ( 'NONE',  ( 0.000000000000000000, -1.000000000000000000, 0.000000000000000000 ) ) ;
#8505 = FACE_OUTER_BOUND ( 'NONE', #4836, .T. ) ;
#8506 = CARTESIAN_POINT ( 'NONE',  ( 18.27093866036041092, 5.364827898421388852, 13.52432921212037265 ) ) ;
#8507 = B_SPLINE_CURVE_WITH_KNOTS ( 'NONE', 3,
 ( #6547, #4897, #821, #1764 ),
 .UNSPECIFIED., .F., .F.,
 ( 4, 4 ),
 ( 8.673617379884035472E-19, 0.002311189504678001164 ),
 .UNSPECIFIED. ) ;
#8508 = AXIS2_PLACEMENT_3D ( 'NONE', #9976, #5920, #9129 ) ;
#8509 = ORIENTED_EDGE ( 'NONE', *, *, #6416, .F. ) ;
#8510 = VECTOR ( 'NONE', #2706, 1000.000000000000000 ) ;
#8511 = ORIENTED_EDGE ( 'NONE', *, *, #7322, .T. ) ;
#8512 = ORIENTED_EDGE ( 'NONE', *, *, #7526, .T. ) ;
#8513 = PLANE ( 'NONE',  #1587 ) ;
#8514 = CIRCLE ( 'NONE', #8028, 1.000000000000000888 ) ;
#8515 = CARTESIAN_POINT ( 'NONE',  ( 43.04469286468209788, 1.247884251470437578, -7.033349702158986361 ) ) ;
#8516 = DIRECTION ( 'NONE',  ( 0.000000000000000000, 0.000000000000000000, 1.000000000000000000 ) ) ;
#8517 = CYLINDRICAL_SURFACE ( 'NONE', #2930, 1.500000000000000000 ) ;
#8518 = ORIENTED_EDGE ( 'NONE', *, *, #9130, .F. ) ;
#8519 = DIRECTION ( 'NONE',  ( 0.000000000000000000, 0.000000000000000000, 1.000000000000000000 ) ) ;
#8520 = CARTESIAN_POINT ( 'NONE',  ( 1.102993178738871594, 5.523239679610110642, -14.98778584731739549 ) ) ;
#8521 = AXIS2_PLACEMENT_3D ( 'NONE', #10095, #4428, #407 ) ;
#8522 = CARTESIAN_POINT ( 'NONE',  ( 7.041246047422386134, -3.050000000000001599, -22.54303652164983163 ) ) ;
#8523 = CARTESIAN_POINT ( 'NONE',  ( -4.255774087974749875, 9.398578609056633226, 0.000000000000000000 ) ) ;
#8524 = ORIENTED_EDGE ( 'NONE', *, *, #9967, .T. ) ;
#8525 = ORIENTED_EDGE ( 'NONE', *, *, #3063, .T. ) ;
#8526 = ORIENTED_EDGE ( 'NONE', *, *, #9852, .T. ) ;
#8527 = ORIENTED_EDGE ( 'NONE', *, *, #799, .F. ) ;
#8528 = LINE ( 'NONE', #6902, #4430 ) ;
#8529 = CYLINDRICAL_SURFACE ( 'NONE', #9403, 3.175000000000000711 ) ;
#8530 = PLANE ( 'NONE',  #8176 ) ;
#8531 = CARTESIAN_POINT ( 'NONE',  ( 42.80000000000000426, -1.396551213416160842, -1.158225982667416698E-14 ) ) ;
#8532 = EDGE_CURVE ( 'NONE', #3496, #2021, #9418, .T. ) ;
#8533 = CARTESIAN_POINT ( 'NONE',  ( 30.40873077990239892, 5.917789345445081395, 3.174999999999989164 ) ) ;
#8534 = EDGE_CURVE ( 'NONE', #1902, #10330, #1153, .T. ) ;
#8535 = LINE ( 'NONE', #1460, #4022 ) ;
#8536 = CARTESIAN_POINT ( 'NONE',  ( 14.77460293870588792, 3.477097732073729741, 13.66234109400549102 ) ) ;
#8537 = EDGE_LOOP ( 'NONE', ( #2711, #3705, #173, #5133 ) ) ;
#8538 = CONICAL_SURFACE ( 'NONE', #4505, 3.224999999999998757, 0.7853981633974500554 ) ;
#8539 = ORIENTED_EDGE ( 'NONE', *, *, #9308, .F. ) ;
#8540 = EDGE_CURVE ( 'NONE', #1572, #621, #8395, .T. ) ;
#8541 = B_SPLINE_CURVE_WITH_KNOTS ( 'NONE', 3,
 ( #7594, #934, #10434, #9277, #3931, #3822, #7218, #3196, #2282, #6853, #4610, #7158 ),
 .UNSPECIFIED., .F., .F.,
 ( 4, 2, 2, 2, 2, 4 ),
 ( 0.2100922257072986576, 0.2211400270495834652, 0.2321878283918682451, 0.2432356297341530527, 0.2487595304052954703, 0.2542834310764378603 ),
 .UNSPECIFIED. ) ;
#8542 = CYLINDRICAL_SURFACE ( 'NONE', #7520, 75.31464472825800271 ) ;
#8543 = CARTESIAN_POINT ( 'NONE',  ( 16.59981425686748935, 5.012979776144772970, 8.216064129023536111 ) ) ;
#8544 = AXIS2_PLACEMENT_3D ( 'NONE', #8100, #261, #2547 ) ;
#8545 = CARTESIAN_POINT ( 'NONE',  ( 42.56631919755414373, 3.238727972713843162, -4.426654030811232765 ) ) ;
#8546 = AXIS2_PLACEMENT_3D ( 'NONE', #6451, #2402, #8814 ) ;
#8547 = ADVANCED_FACE ( 'NONE', ( #7606 ), #2890, .T. ) ;
#8548 = CARTESIAN_POINT ( 'NONE',  ( 19.22813932807215664, 3.271946533505480037, -19.90659665664058764 ) ) ;
#8549 = CARTESIAN_POINT ( 'NONE',  ( 33.43222146081753721, 1.644403953324264700, 22.02563020744096534 ) ) ;
#8550 = EDGE_CURVE ( 'NONE', #5792, #10384, #6174, .T. ) ;
#8551 = ORIENTED_EDGE ( 'NONE', *, *, #3819, .F. ) ;
#8552 = VECTOR ( 'NONE', #7873, 1000.000000000000000 ) ;
#8553 = ORIENTED_EDGE ( 'NONE', *, *, #7081, .T. ) ;
#8554 = ORIENTED_EDGE ( 'NONE', *, *, #4811, .F. ) ;
#8555 = CARTESIAN_POINT ( 'NONE',  ( 44.29612223448446429, 1.613807831802880122, 0.03402173310183038285 ) ) ;
#8556 = CARTESIAN_POINT ( 'NONE',  ( 12.69999999999999929, 2.286000000000000032, 31.75000000000000000 ) ) ;
#8557 = LINE ( 'NONE', #627, #5661 ) ;
#8558 = DIRECTION ( 'NONE',  ( 1.000000000000000000, -0.000000000000000000, -0.000000000000000000 ) ) ;
#8559 = DIRECTION ( 'NONE',  ( -2.587956596580264873E-15, 0.000000000000000000, 1.000000000000000000 ) ) ;
#8560 = VECTOR ( 'NONE', #9819, 1000.000000000000000 ) ;
#8561 = AXIS2_PLACEMENT_3D ( 'NONE', #4365, #2774, #9327 ) ;
#8562 = DIRECTION ( 'NONE',  ( 0.000000000000000000, -1.000000000000000000, -0.000000000000000000 ) ) ;
#8563 = CARTESIAN_POINT ( 'NONE',  ( 0.000000000000000000, 1.136000000000000343, 19.05000000000000071 ) ) ;
#8564 = CARTESIAN_POINT ( 'NONE',  ( 42.75692418055820809, 3.423480734753422183, 1.570592715963338604 ) ) ;
#8565 = CARTESIAN_POINT ( 'NONE',  ( 15.27099842614388336, 5.797252319547783195, 4.724055100093928594 ) ) ;
#8566 = ORIENTED_EDGE ( 'NONE', *, *, #10276, .F. ) ;
#8567 = ORIENTED_EDGE ( 'NONE', *, *, #8285, .F. ) ;
#8568 = ORIENTED_EDGE ( 'NONE', *, *, #8403, .T. ) ;
#8569 = VERTEX_POINT ( 'NONE', #4588 ) ;
#8570 = CARTESIAN_POINT ( 'NONE',  ( 10.74280174739502058, -2.286000000000000032, 34.25000000000000000 ) ) ;
#8571 = CARTESIAN_POINT ( 'NONE',  ( 0.000000000000000000, 3.261000000000000121, -19.05000000000000071 ) ) ;
#8572 = CYLINDRICAL_SURFACE ( 'NONE', #1412, 3.175000000000000711 ) ;
#8573 = CARTESIAN_POINT ( 'NONE',  ( -2.389000000000000234, 3.924999999999987388, -12.35000000000000142 ) ) ;
#8574 = VERTEX_POINT ( 'NONE', #9343 ) ;
#8575 = DIRECTION ( 'NONE',  ( 0.000000000000000000, 1.000000000000000000, 0.000000000000000000 ) ) ;
#8576 = DIRECTION ( 'NONE',  ( 0.000000000000000000, 0.000000000000000000, 1.000000000000000000 ) ) ;
#8577 = CARTESIAN_POINT ( 'NONE',  ( 0.000000000000000000, 2.286000000000000032, -19.05000000000000071 ) ) ;
#8578 = CARTESIAN_POINT ( 'NONE',  ( 0.5586215096380586775, 5.640256127590387969, 14.87807895160209526 ) ) ;
#8579 = VERTEX_POINT ( 'NONE', #6036 ) ;
#8580 = ORIENTED_EDGE ( 'NONE', *, *, #1880, .T. ) ;
#8581 = ORIENTED_EDGE ( 'NONE', *, *, #1944, .F. ) ;
#8582 = VERTEX_POINT ( 'NONE', #1311 ) ;
#8583 = DIRECTION ( 'NONE',  ( 0.8660254037844408170, 0.000000000000000000, 0.4999999999999963918 ) ) ;
#8584 = CARTESIAN_POINT ( 'NONE',  ( 0.8915313348449552810, 2.161864512867372135, -22.27137864255761812 ) ) ;
#8585 = CARTESIAN_POINT ( 'NONE',  ( -0.5000000000000001110, 1.136000000000000343, -22.18538275175455965 ) ) ;
#8586 = CARTESIAN_POINT ( 'NONE',  ( -4.700000000011731238, 2.636000000000000121, -16.82514045386574608 ) ) ;
#8587 = CARTESIAN_POINT ( 'NONE',  ( 37.79815319997946688, 2.392191997865719344, -1.100000000000737055 ) ) ;
#8588 = EDGE_CURVE ( 'NONE', #7320, #9687, #405, .T. ) ;
#8589 = DIRECTION ( 'NONE',  ( 0.000000000000000000, 0.000000000000000000, 1.000000000000000000 ) ) ;
#8590 = CARTESIAN_POINT ( 'NONE',  ( 36.94361823928894495, 2.862112198427843701, 4.174999999999982059 ) ) ;
#8591 = B_SPLINE_CURVE_WITH_KNOTS ( 'NONE', 3,
 ( #8443, #5219, #5974, #9186 ),
 .UNSPECIFIED., .F., .F.,
 ( 4, 4 ),
 ( 0.003283626177305908663, 0.004740600827105200497 ),
 .UNSPECIFIED. ) ;
#8592 = CARTESIAN_POINT ( 'NONE',  ( 10.38435538331219554, 3.052584894236903601, -15.98623112774832578 ) ) ;
#8593 = VERTEX_POINT ( 'NONE', #3010 ) ;
#8594 = ORIENTED_EDGE ( 'NONE', *, *, #5383, .F. ) ;
#8595 = EDGE_CURVE ( 'NONE', #6794, #8806, #1199, .T. ) ;
#8596 = DIRECTION ( 'NONE',  ( 0.000000000000000000, -1.000000000000000000, 0.000000000000000000 ) ) ;
#8597 = CARTESIAN_POINT ( 'NONE',  ( 23.81291157036872974, 4.854818145577678656, 2.174999999999982059 ) ) ;
#8598 = CARTESIAN_POINT ( 'NONE',  ( 35.08224430736996169, 3.030697108886951430, -0.5090277853046175638 ) ) ;
#8599 = CARTESIAN_POINT ( 'NONE',  ( 16.29926227295909058, 6.661753171258818718, -0.2708758992919770847 ) ) ;
#8600 = CARTESIAN_POINT ( 'NONE',  ( 22.38926569524874211, 4.889852765311979432, -2.099999999999999201 ) ) ;
#8601 = B_SPLINE_CURVE_WITH_KNOTS ( 'NONE', 3,
 ( #3003, #9627, #1354, #7805 ),
 .UNSPECIFIED., .F., .F.,
 ( 4, 4 ),
 ( 0.01637913233876183566, 0.9631251880786717567 ),
 .UNSPECIFIED. ) ;
#8602 = EDGE_CURVE ( 'NONE', #6686, #2789, #9279, .T. ) ;
#8603 = DIRECTION ( 'NONE',  ( 0.000000000000000000, 0.000000000000000000, 1.000000000000000000 ) ) ;
#8604 = B_SPLINE_CURVE_WITH_KNOTS ( 'NONE', 3,
 ( #7089, #6244, #3111, #8605, #2147, #10407 ),
 .UNSPECIFIED., .F., .F.,
 ( 4, 2, 4 ),
 ( 1.734746515119979307E-15, 0.0003966847318120832210, 0.0007933694636224317186 ),
 .UNSPECIFIED. ) ;
#8605 = CARTESIAN_POINT ( 'NONE',  ( -4.464804339133364053, 1.896395448625735281, 23.69377498984585628 ) ) ;
#8606 = VERTEX_POINT ( 'NONE', #6196 ) ;
#8607 = ORIENTED_EDGE ( 'NONE', *, *, #9359, .T. ) ;
#8608 = ADVANCED_FACE ( 'NONE', ( #3802 ), #7762, .T. ) ;
#8609 = ADVANCED_FACE ( 'NONE', ( #2042 ), #10331, .F. ) ;
#8610 = ORIENTED_EDGE ( 'NONE', *, *, #7449, .F. ) ;
#8611 = CARTESIAN_POINT ( 'NONE',  ( 12.69999999999999396, 1.873173100629327514, 23.75000000000000355 ) ) ;
#8612 = CARTESIAN_POINT ( 'NONE',  ( 34.20314789977572190, -3.049999999999999378, 31.51893901729071956 ) ) ;
#8613 = EDGE_CURVE ( 'NONE', #8574, #3697, #6302, .T. ) ;
#8614 = CARTESIAN_POINT ( 'NONE',  ( 5.200000000000000178, -3.049999999999999822, 23.75000000000000000 ) ) ;
#8615 = EDGE_CURVE ( 'NONE', #6639, #8740, #5504, .T. ) ;
#8616 = DIRECTION ( 'NONE',  ( 0.000000000000000000, -1.000000000000000000, -0.000000000000000000 ) ) ;
#8617 = LINE ( 'NONE', #6307, #6492 ) ;
#8618 = CARTESIAN_POINT ( 'NONE',  ( 0.000000000000000000, 9.402733490373224257, 19.05000000000000071 ) ) ;
#8619 = DIRECTION ( 'NONE',  ( 8.881784197001249365E-16, 0.000000000000000000, -1.000000000000000000 ) ) ;
#8620 = CARTESIAN_POINT ( 'NONE',  ( 42.78279003547968529, 3.433350430948345799, -0.4931494162444146068 ) ) ;
#8621 = FACE_OUTER_BOUND ( 'NONE', #2432, .T. ) ;
#8622 = ORIENTED_EDGE ( 'NONE', *, *, #4534, .F. ) ;
#8623 = VERTEX_POINT ( 'NONE', #8082 ) ;
#8624 = ORIENTED_EDGE ( 'NONE', *, *, #6118, .T. ) ;
#8625 = ADVANCED_FACE ( 'NONE', ( #3225, #5611 ), #976, .T. ) ;
#8626 = ORIENTED_EDGE ( 'NONE', *, *, #1113, .F. ) ;
#8627 = CARTESIAN_POINT ( 'NONE',  ( 20.99333583098147216, 3.049999999999999822, 25.25000000000000000 ) ) ;
#8628 = CARTESIAN_POINT ( 'NONE',  ( -3.961000000000000298, 2.424999999999986944, 3.264854136349465197 ) ) ;
#8629 = FACE_OUTER_BOUND ( 'NONE', #9166, .T. ) ;
#8630 = CARTESIAN_POINT ( 'NONE',  ( -4.724968591783405891, 3.066595821084097118, 25.18439051080229518 ) ) ;
#8631 = ORIENTED_EDGE ( 'NONE', *, *, #333, .T. ) ;
#8632 = CARTESIAN_POINT ( 'NONE',  ( 19.76859937738915818, 2.060216647312932636, 20.05839765180066081 ) ) ;
#8633 = CARTESIAN_POINT ( 'NONE',  ( 4.201106962386305987, 4.343765256092069649, -19.30556657237228890 ) ) ;
#8634 = CARTESIAN_POINT ( 'NONE',  ( -4.200404788176674842, 4.667110167411888888, -18.78628000220029648 ) ) ;
#8635 = B_SPLINE_CURVE_WITH_KNOTS ( 'NONE', 3,
 ( #9467, #4652, #8498, #2154 ),
 .UNSPECIFIED., .F., .F.,
 ( 4, 4 ),
 ( 0.000000000000000000, 0.0005028588537795309222 ),
 .UNSPECIFIED. ) ;
#8636 = CARTESIAN_POINT ( 'NONE',  ( 18.57121221321956739, -2.286000000000000920, 26.10827720368521909 ) ) ;
#8637 = CARTESIAN_POINT ( 'NONE',  ( -6.199999999999985079, 9.399999999999991473, 0.000000000000000000 ) ) ;
#8638 = DIRECTION ( 'NONE',  ( 0.000000000000000000, -1.000000000000000000, -0.000000000000000000 ) ) ;
#8639 = ORIENTED_EDGE ( 'NONE', *, *, #9734, .T. ) ;
#8640 = ORIENTED_EDGE ( 'NONE', *, *, #1286, .T. ) ;
#8641 = ORIENTED_EDGE ( 'NONE', *, *, #1641, .T. ) ;
#8642 = CARTESIAN_POINT ( 'NONE',  ( 13.79047265064386352, 7.764305637367407087, -2.731376434565907285 ) ) ;
#8643 = ORIENTED_EDGE ( 'NONE', *, *, #8696, .F. ) ;
#8644 = DIRECTION ( 'NONE',  ( 0.000000000000000000, 0.000000000000000000, -1.000000000000000000 ) ) ;
#8645 = LINE ( 'NONE', #488, #4858 ) ;
#8646 = DIRECTION ( 'NONE',  ( 0.000000000000000000, 0.000000000000000000, -1.000000000000000000 ) ) ;
#8647 = FACE_OUTER_BOUND ( 'NONE', #10431, .T. ) ;
#8648 = CARTESIAN_POINT ( 'NONE',  ( 38.78767367305824365, 2.119261663773644777, -1.678549025700637465 ) ) ;
#8649 = LINE ( 'NONE', #1288, #5551 ) ;
#8650 = CARTESIAN_POINT ( 'NONE',  ( 32.21393523680595905, 2.808872042578514083, -8.831436587255026893 ) ) ;
#8651 = CARTESIAN_POINT ( 'NONE',  ( -4.753448486928144590, 3.882940027030010732, 15.80810466529665170 ) ) ;
#8652 = VERTEX_POINT ( 'NONE', #551 ) ;
#8653 = ORIENTED_EDGE ( 'NONE', *, *, #502, .T. ) ;
#8654 = DIRECTION ( 'NONE',  ( 0.000000000000000000, 0.000000000000000000, 1.000000000000000000 ) ) ;
#8655 = CARTESIAN_POINT ( 'NONE',  ( 10.54710396246890802, 2.808607154222322766, -17.98223806858346308 ) ) ;
#8656 = DIRECTION ( 'NONE',  ( -0.000000000000000000, -1.000000000000000000, -0.000000000000000000 ) ) ;
#8657 = DIRECTION ( 'NONE',  ( -1.000000000000000000, 0.000000000000000000, 0.000000000000000000 ) ) ;
#8658 = LINE ( 'NONE', #3676, #7004 ) ;
#8659 = CARTESIAN_POINT ( 'NONE',  ( 0.000000000000000000, -3.049999999999999822, 13.85000000000000142 ) ) ;
#8660 = CARTESIAN_POINT ( 'NONE',  ( 42.80014015321026477, 1.880237998053895465, 0.005707694854414802933 ) ) ;
#8661 = EDGE_LOOP ( 'NONE', ( #6899, #5187, #200, #2347, #3646, #6391 ) ) ;
#8662 = CONICAL_SURFACE ( 'NONE', #8487, 3.224999999999998757, 0.7853981633974500554 ) ;
#8663 = CARTESIAN_POINT ( 'NONE',  ( 43.83154249353103182, -3.049999999999999378, 7.710728061047112725 ) ) ;
#8664 = ORIENTED_EDGE ( 'NONE', *, *, #9464, .F. ) ;
#8665 = VERTEX_POINT ( 'NONE', #673 ) ;
#8666 = CARTESIAN_POINT ( 'NONE',  ( 44.29791381198111822, 1.580960459243423211, 0.03384712085757619199 ) ) ;
#8667 = CARTESIAN_POINT ( 'NONE',  ( 34.54108401205368750, 3.477832212381000154, 5.204625519704736192 ) ) ;
#8668 = CARTESIAN_POINT ( 'NONE',  ( 0.4999999999999940603, -2.286000000000000032, -23.43499158684736727 ) ) ;
#8669 = EDGE_CURVE ( 'NONE', #5416, #8274, #1632, .T. ) ;
#8670 = CARTESIAN_POINT ( 'NONE',  ( 29.49748985430612080, 4.480632961164760175, -9.210075642333297452 ) ) ;
#8671 = CARTESIAN_POINT ( 'NONE',  ( -0.8890000000000004565, 5.071950982101403937, -10.81433933549460669 ) ) ;
#8672 = B_SPLINE_CURVE_WITH_KNOTS ( 'NONE', 3,
 ( #2451, #9809, #8062, #819, #175, #8009, #6544, #2399 ),
 .UNSPECIFIED., .F., .F.,
 ( 4, 2, 2, 4 ),
 ( 0.0007329624040849289091, 0.007282878081257675509, 0.01055783591984404274, 0.01383279375843040997 ),
 .UNSPECIFIED. ) ;
#8673 = VECTOR ( 'NONE', #5713, 1000.000000000000000 ) ;
#8674 = LINE ( 'NONE', #10417, #7375 ) ;
#8675 = EDGE_CURVE ( 'NONE', #2515, #2563, #2079, .T. ) ;
#8676 = CARTESIAN_POINT ( 'NONE',  ( 32.43736999917391017, 3.051133953688980327, 36.82328935626223654 ) ) ;
#8677 = DIRECTION ( 'NONE',  ( 0.000000000000000000, 1.000000000000000000, 0.000000000000000000 ) ) ;
#8678 = VECTOR ( 'NONE', #4993, 1000.000000000000000 ) ;
#8679 = ORIENTED_EDGE ( 'NONE', *, *, #1989, .F. ) ;
#8680 = ORIENTED_EDGE ( 'NONE', *, *, #7705, .F. ) ;
#8681 = ORIENTED_EDGE ( 'NONE', *, *, #10204, .T. ) ;
#8682 = ADVANCED_FACE ( 'NONE', ( #2309 ), #3121, .T. ) ;
#8683 = VERTEX_POINT ( 'NONE', #1406 ) ;
#8684 = AXIS2_PLACEMENT_3D ( 'NONE', #4511, #1229, #9275 ) ;
#8685 = FACE_OUTER_BOUND ( 'NONE', #6071, .T. ) ;
#8686 = CARTESIAN_POINT ( 'NONE',  ( 6.200000000000001066, 500000.0000000000582, -19.05000000000000071 ) ) ;
#8687 = DIRECTION ( 'NONE',  ( 0.000000000000000000, 3.448954456052295927E-16, -1.000000000000000000 ) ) ;
#8688 = CARTESIAN_POINT ( 'NONE',  ( -5.807370545723999911, 3.246948901836548274, 24.46829178290834150 ) ) ;
#8689 = ORIENTED_EDGE ( 'NONE', *, *, #3560, .T. ) ;
#8690 = CIRCLE ( 'NONE', #6344, 2.100000000000000977 ) ;
#8691 = LINE ( 'NONE', #1217, #5830 ) ;
#8692 = DIRECTION ( 'NONE',  ( 0.000000000000000000, -1.000000000000000000, -0.000000000000000000 ) ) ;
#8693 = CARTESIAN_POINT ( 'NONE',  ( 44.30000000000002558, -0.5591666666602185254, -4.703825081493964611 ) ) ;
#8694 = CARTESIAN_POINT ( 'NONE',  ( 33.86889221386707760, 4.405628476672387883, 21.52154630890190035 ) ) ;
#8695 = CARTESIAN_POINT ( 'NONE',  ( 4.068866073506160141, 4.837424070911318985, 17.97382090471436200 ) ) ;
#8696 = EDGE_CURVE ( 'NONE', #8593, #5848, #7844, .T. ) ;
#8697 = LINE ( 'NONE', #9487, #1937 ) ;
#8698 = ORIENTED_EDGE ( 'NONE', *, *, #9131, .F. ) ;
#8699 = ORIENTED_EDGE ( 'NONE', *, *, #3267, .F. ) ;
#8700 = ORIENTED_EDGE ( 'NONE', *, *, #1498, .T. ) ;
#8701 = VECTOR ( 'NONE', #4704, 1000.000000000000000 ) ;
#8702 = CARTESIAN_POINT ( 'NONE',  ( 12.69999999999999929, 0.7859999999999998099, 31.75000000000000000 ) ) ;
#8703 = ORIENTED_EDGE ( 'NONE', *, *, #281, .T. ) ;
#8704 = CARTESIAN_POINT ( 'NONE',  ( -0.4999999999999950040, 1.880326820667500343, -23.52043695468963236 ) ) ;
#8705 = CARTESIAN_POINT ( 'NONE',  ( 5.309787201301110926, 2.145496243403162584, -21.75961232808003132 ) ) ;
#8706 = VECTOR ( 'NONE', #9472, 1000.000000000000000 ) ;
#8707 = CARTESIAN_POINT ( 'NONE',  ( 38.71224492938939932, 2.073751123900374971, 7.336522830172650167 ) ) ;
#8708 = CARTESIAN_POINT ( 'NONE',  ( 0.000000000000000000, 0.7859999999999998099, 25.25000000000000000 ) ) ;
#8709 = VECTOR ( 'NONE', #2044, 1000.000000000000000 ) ;
#8710 = CARTESIAN_POINT ( 'NONE',  ( 38.94514565774942128, 2.058867069923794979, -1.929021067244705012 ) ) ;
#8711 = CARTESIAN_POINT ( 'NONE',  ( -4.000000000000000000, 2.286000000000000032, 31.75000000000000000 ) ) ;
#8712 = DIRECTION ( 'NONE',  ( -0.000000000000000000, 1.000000000000000000, -0.000000000000000000 ) ) ;
#8713 = EDGE_LOOP ( 'NONE', ( #4507, #6192, #5344, #8909 ) ) ;
#8714 = VERTEX_POINT ( 'NONE', #4015 ) ;
#8715 = FACE_OUTER_BOUND ( 'NONE', #5204, .T. ) ;
#8716 = CARTESIAN_POINT ( 'NONE',  ( 12.69999999999999929, -2.286000000000000032, 25.25000000000000000 ) ) ;
#8717 = CARTESIAN_POINT ( 'NONE',  ( -4.699999999999999289, -2.286000000000000032, 18.55000000000000071 ) ) ;
#8718 = CARTESIAN_POINT ( 'NONE',  ( 6.199999999999999289, 2.877430114521341675, -18.64518870376388548 ) ) ;
#8719 = CARTESIAN_POINT ( 'NONE',  ( -1.189470426719821727, 7.877981648357381239, -0.3577969573140099557 ) ) ;
#8720 = CARTESIAN_POINT ( 'NONE',  ( 38.04473369207961753, 2.185925897720594424, -2.337182648031693066 ) ) ;
#8721 = CARTESIAN_POINT ( 'NONE',  ( 33.81428681448424811, 2.824645654507740744, -6.368474003240566894 ) ) ;
#8722 = CARTESIAN_POINT ( 'NONE',  ( 34.15781747831400139, 1.620104432500979463, 31.48735926516806671 ) ) ;
#8723 = VERTEX_POINT ( 'NONE', #10461 ) ;
#8724 = VERTEX_POINT ( 'NONE', #3790 ) ;
#8725 = AXIS2_PLACEMENT_3D ( 'NONE', #10310, #10362, #4818 ) ;
#8726 = AXIS2_PLACEMENT_3D ( 'NONE', #8702, #70, #2504 ) ;
#8727 = CARTESIAN_POINT ( 'NONE',  ( 43.93565905312114950, 2.640549874863302726, 0.01607297918698217740 ) ) ;
#8728 = CARTESIAN_POINT ( 'NONE',  ( 19.62568391787000976, 1.909412615247567668, -20.39440110707058906 ) ) ;
#8729 = CARTESIAN_POINT ( 'NONE',  ( 33.54385390954676893, 1.565129575367315340, 23.05526179639092987 ) ) ;
#8730 = CARTESIAN_POINT ( 'NONE',  ( 5.175905717843012788, -2.286000000026433554, 18.55000000000000071 ) ) ;
#8731 = CARTESIAN_POINT ( 'NONE',  ( 17.19415689518924495, 5.412953278550340919, 3.175000000000001599 ) ) ;
#8732 = CARTESIAN_POINT ( 'NONE',  ( 0.000000000000000000, 1.136000000000000343, -19.05000000000000071 ) ) ;
#8733 = CARTESIAN_POINT ( 'NONE',  ( 44.25741546676818672, 1.487586152030614395, 2.479499039027819318 ) ) ;
#8734 = AXIS2_PLACEMENT_3D ( 'NONE', #4693, #3843, #3897 ) ;
#8735 = PLANE ( 'NONE',  #10200 ) ;
#8736 = CIRCLE ( 'NONE', #5539, 2.100000000000000977 ) ;
#8737 = B_SPLINE_CURVE_WITH_KNOTS ( 'NONE', 3,
 ( #4324, #1941, #350, #4422, #8244, #7455 ),
 .UNSPECIFIED., .F., .F.,
 ( 4, 2, 4 ),
 ( 0.002168069401074333366, 0.01215260245095284471, 0.02213713550083135778 ),
 .UNSPECIFIED. ) ;
#8738 = ORIENTED_EDGE ( 'NONE', *, *, #1183, .F. ) ;
#8739 = ORIENTED_EDGE ( 'NONE', *, *, #6305, .T. ) ;
#8740 = VERTEX_POINT ( 'NONE', #3220 ) ;
#8741 = DIRECTION ( 'NONE',  ( 0.000000000000000000, 1.000000000000000000, -1.606225440719263655E-16 ) ) ;
#8742 = ADVANCED_FACE ( 'NONE', ( #1678 ), #6513, .F. ) ;
#8743 = CARTESIAN_POINT ( 'NONE',  ( 0.7962000601941973121, 1.862891442963298116, -23.40722721631426850 ) ) ;
#8744 = B_SPLINE_SURFACE_WITH_KNOTS ( 'NONE', 3, 3, ( 
 ( #620, #1532, #6297, #5560, #9512, #4706, #676 ),
 ( #10351, #4527, #6355, #7753, #6190, #8782, #4756 ),
 ( #992, #8882, #9675, #6566, #10464, #9877, #2574 ),
 ( #4114, #837, #146, #5664, #2418, #4221, #8830 ),
 ( #6468, #3416, #8081, #1636, #4065, #4861, #2629 ),
 ( #7298, #5719, #42, #8033, #3273, #1584, #6516 ),
 ( #4956, #9733, #6611, #2472, #5012, #5767, #937 ),
 ( #8936, #7447, #6658, #2526, #7249, #1681, #4169 ),
 ( #1729, #7399, #4912, #8127, #884, #9825, #4807 ),
 ( #8979, #7348, #97, #3223, #8180, #3374, #3323 ),
 ( #9783, #5818, #9029, #1784, #8236, #191, #783 ),
 ( #4019, #8284, #343, #2678, #6907, #4315, #5918 ),
 ( #1189, #3567, #2723, #10021, #5211, #9084, #6762 ),
 ( #6805, #4414, #1036, #10075, #1143, #1834, #9229 ),
 ( #9974, #1876, #6069, #6711, #3474, #2775, #441 ),
 ( #1088, #6856, #6017, #1982, #4264, #1928, #8331 ),
 ( #4366, #8436, #7546, #7640, #7692, #9931, #388 ),
 ( #4461, #3671, #3619, #7494, #5105, #2829, #10124 ),
 ( #9280, #295, #3522, #9128, #2030, #5874, #243 ),
 ( #5962, #9174, #5156, #5257, #8482, #8385, #7596 ),
 ( #1232, #5061, #1291, #1345, #8536, #2878, #9560 ),
 ( #4744, #7796, #1462, #2186, #8771, #7917, #2989 ) ),
 .UNSPECIFIED., .F., .F., .F.,
 ( 4, 3, 3, 3, 3, 3, 3, 4 ),
 ( 4, 3, 4 ),
 ( 0.000000000000000000, 0.1222878794445217965, 0.2445757588890435930, 0.3668636383335653894, 0.4280075780558262877, 0.4432935629863915539, 0.4585795479169567646, 0.4891515177780871859 ),
 ( 0.05972744244117731555, 0.4192558095047883016, 0.7787841765683992667 ),
 .UNSPECIFIED. ) ;
#8745 = CARTESIAN_POINT ( 'NONE',  ( 6.349999999999996092, 500000.0000000000582, 24.69289321881345245 ) ) ;
#8746 = AXIS2_PLACEMENT_3D ( 'NONE', #7741, #6278, #5363 ) ;
#8747 = DIRECTION ( 'NONE',  ( 0.000000000000000000, -1.000000000000000000, 0.000000000000000000 ) ) ;
#8748 = ORIENTED_EDGE ( 'NONE', *, *, #6874, .F. ) ;
#8749 = VECTOR ( 'NONE', #6412, 1000.000000000000000 ) ;
#8750 = CARTESIAN_POINT ( 'NONE',  ( -6.200000000000000178, -3.049999999999999822, -23.21895964886240549 ) ) ;
#8751 = CARTESIAN_POINT ( 'NONE',  ( 42.66047233765402780, 1.268290610184771960, -7.362773957238289313 ) ) ;
#8752 = LINE ( 'NONE', #7948, #4458 ) ;
#8753 = EDGE_CURVE ( 'NONE', #8137, #8569, #1912, .T. ) ;
#8754 = CARTESIAN_POINT ( 'NONE',  ( 37.99386552726346622, 2.860984496927116538, -1.139693834442948583 ) ) ;
#8755 = CARTESIAN_POINT ( 'NONE',  ( 4.833978826509497395, 5.062730124049114266, 17.21602720109400053 ) ) ;
#8756 = CARTESIAN_POINT ( 'NONE',  ( -4.700000000000000178, 2.193898655817037469, 18.25338494308096671 ) ) ;
#8757 = ORIENTED_EDGE ( 'NONE', *, *, #6421, .F. ) ;
#8758 = AXIS2_PLACEMENT_3D ( 'NONE', #1050, #204, #5833 ) ;
#8759 = ORIENTED_EDGE ( 'NONE', *, *, #5181, .F. ) ;
#8760 = VERTEX_POINT ( 'NONE', #2756 ) ;
#8761 = VERTEX_POINT ( 'NONE', #9159 ) ;
#8762 = DIRECTION ( 'NONE',  ( 1.000000000000000000, -0.000000000000000000, -0.000000000000000000 ) ) ;
#8763 = EDGE_CURVE ( 'NONE', #3818, #1276, #9912, .T. ) ;
#8764 = CARTESIAN_POINT ( 'NONE',  ( -3.961000000000000298, 3.924999999999987388, -9.435145863650536313 ) ) ;
#8765 = CARTESIAN_POINT ( 'NONE',  ( 29.62507990677799086, 3.049999999999999378, 34.25026200706238200 ) ) ;
#8766 = DIRECTION ( 'NONE',  ( -1.000000000000000000, 0.000000000000000000, 0.000000000000000000 ) ) ;
#8767 = CARTESIAN_POINT ( 'NONE',  ( -0.5000000000000007772, 500000.0000000000582, 28.61461724824544106 ) ) ;
#8768 = ADVANCED_FACE ( 'NONE', ( #4857 ), #5945, .T. ) ;
#8769 = EDGE_CURVE ( 'NONE', #4999, #7668, #10192, .T. ) ;
#8770 = DIRECTION ( 'NONE',  ( -0.000000000000000000, -1.000000000000000000, -0.000000000000000000 ) ) ;
#8771 = CARTESIAN_POINT ( 'NONE',  ( 14.26903980932753768, 3.502905325549615423, 13.64775482024502296 ) ) ;
#8772 = ORIENTED_EDGE ( 'NONE', *, *, #9784, .F. ) ;
#8773 = CARTESIAN_POINT ( 'NONE',  ( -3.784836760741349337, 4.151801465563896620, 20.89106021391164703 ) ) ;
#8774 = ADVANCED_FACE ( 'NONE', ( #1022 ), #4252, .T. ) ;
#8775 = CARTESIAN_POINT ( 'NONE',  ( 27.15544815666536138, 0.7859999999999998099, 31.24999999999999289 ) ) ;
#8776 = B_SPLINE_CURVE_WITH_KNOTS ( 'NONE', 3,
 ( #7745, #6178, #2358, #9445 ),
 .UNSPECIFIED., .F., .F.,
 ( 4, 4 ),
 ( 0.0002383365338458265836, 0.0004933011101354014757 ),
 .UNSPECIFIED. ) ;
#8777 = CARTESIAN_POINT ( 'NONE',  ( 22.93734458731505654, 5.055572606301393712, -0.8282892566605696283 ) ) ;
#8778 = LINE ( 'NONE', #38, #4673 ) ;
#8779 = CARTESIAN_POINT ( 'NONE',  ( 4.953368491854868161, 2.635999999997959975, 20.63244765605317710 ) ) ;
#8780 = DIRECTION ( 'NONE',  ( 1.000000000000000000, -0.000000000000000000, -0.000000000000000000 ) ) ;
#8781 = CARTESIAN_POINT ( 'NONE',  ( -4.700000000000000178, 2.424999999999986500, -3.264854136349466529 ) ) ;
#8782 = CARTESIAN_POINT ( 'NONE',  ( 33.99675873242796342, 1.609918520627320548, 22.29826033348872016 ) ) ;
#8783 = DIRECTION ( 'NONE',  ( 1.000000000000000000, -0.000000000000000000, -0.000000000000000000 ) ) ;
#8784 = CARTESIAN_POINT ( 'NONE',  ( 34.59255074144395792, 2.542887443612235288, 16.04290587372973320 ) ) ;
#8785 = DIRECTION ( 'NONE',  ( -1.776356839400249873E-15, 0.000000000000000000, -1.000000000000000000 ) ) ;
#8786 = CARTESIAN_POINT ( 'NONE',  ( -2.389000000000000234, 3.174999999999990052, -6.349999999999999645 ) ) ;
#8787 = CARTESIAN_POINT ( 'NONE',  ( -0.8890000000000016778, 7.781481604885549963, 0.003761723464346230974 ) ) ;
#8788 = FACE_OUTER_BOUND ( 'NONE', #5357, .T. ) ;
#8789 = CARTESIAN_POINT ( 'NONE',  ( 40.89341261627450308, 2.094108587166903401, 20.51859600885189394 ) ) ;
#8790 = CARTESIAN_POINT ( 'NONE',  ( 5.199999999999560529, 2.697054916766524535, -19.55000000000000426 ) ) ;
#8791 = EDGE_LOOP ( 'NONE', ( #8428, #8150, #6048, #3800, #6030, #9488, #4355, #8322, #1116, #7629, #924, #4586, #7572, #3352, #7428, #10118 ) ) ;
#8792 = ORIENTED_EDGE ( 'NONE', *, *, #8819, .T. ) ;
#8793 = B_SPLINE_CURVE_WITH_KNOTS ( 'NONE', 3,
 ( #6229, #10449, #602, #9614, #3892, #8586 ),
 .UNSPECIFIED., .F., .F.,
 ( 4, 2, 4 ),
 ( 0.006837778755102020059, 0.007728531635023652875, 0.008619284514945285691 ),
 .UNSPECIFIED. ) ;
#8794 = CARTESIAN_POINT ( 'NONE',  ( 44.30000000000000426, 1.016666666666666607, -1.158225982667416698E-14 ) ) ;
#8795 = DIRECTION ( 'NONE',  ( -1.000000000000000000, 0.000000000000000000, 0.000000000000000000 ) ) ;
#8796 = CARTESIAN_POINT ( 'NONE',  ( 0.000000000000000000, 500000.0000000000582, 19.05000000000000071 ) ) ;
#8797 = DIRECTION ( 'NONE',  ( -0.7071067811865463515, 0.000000000000000000, -0.7071067811865487940 ) ) ;
#8798 = ORIENTED_EDGE ( 'NONE', *, *, #6620, .T. ) ;
#8799 = CARTESIAN_POINT ( 'NONE',  ( 40.01196312279559919, 1.758472040690868488, -7.612478789356950770 ) ) ;
#8800 = CARTESIAN_POINT ( 'NONE',  ( 0.000000000000000000, 2.636000000000000121, 19.05000000000000071 ) ) ;
#8801 = CARTESIAN_POINT ( 'NONE',  ( -4.173367758686200801, 4.463693183147718457, -19.59473933344372654 ) ) ;
#8802 = CARTESIAN_POINT ( 'NONE',  ( 12.69999999999999929, -2.286000000000000032, 31.75000000000000000 ) ) ;
#8803 = CARTESIAN_POINT ( 'NONE',  ( 22.75727867487230327, 4.433665739833577923, 18.22569569610067575 ) ) ;
#8804 = CARTESIAN_POINT ( 'NONE',  ( -0.8890000000000026770, 4.611451854357751401, 12.84999999999999787 ) ) ;
#8805 = EDGE_CURVE ( 'NONE', #948, #2495, #10032, .T. ) ;
#8806 = VERTEX_POINT ( 'NONE', #226 ) ;
#8807 = EDGE_LOOP ( 'NONE', ( #7525, #9589, #10440, #6368, #5536, #817 ) ) ;
#8808 = ADVANCED_FACE ( 'NONE', ( #326 ), #7581, .T. ) ;
#8809 = EDGE_LOOP ( 'NONE', ( #3201, #6600, #7789, #2039 ) ) ;
#8810 = DIRECTION ( 'NONE',  ( 0.000000000000000000, -1.000000000000000000, 0.000000000000000000 ) ) ;
#8811 = CARTESIAN_POINT ( 'NONE',  ( 3.882502483624497458, 1.870345654349087283, -23.09831004192540860 ) ) ;
#8812 = DIRECTION ( 'NONE',  ( 0.000000000000000000, 0.000000000000000000, -1.000000000000000000 ) ) ;
#8813 = CARTESIAN_POINT ( 'NONE',  ( -2.389000000000000234, 3.924999999999987388, -9.435145863650536313 ) ) ;
#8814 = DIRECTION ( 'NONE',  ( 0.000000000000000000, 0.000000000000000000, 1.000000000000000000 ) ) ;
#8815 = CARTESIAN_POINT ( 'NONE',  ( 43.11357816714667024, -3.050000000000000266, 12.27039026263829058 ) ) ;
#8816 = CARTESIAN_POINT ( 'NONE',  ( 28.52826718440758214, 2.286000000000000032, 34.98983243056316894 ) ) ;
#8817 = B_SPLINE_CURVE_WITH_KNOTS ( 'NONE', 3,
 ( #10459, #3954, #6186, #3103, #719, #10293, #3050, #4699, #9394, #7129 ),
 .UNSPECIFIED., .F., .F.,
 ( 4, 2, 2, 2, 4 ),
 ( 0.000000000000000000, 0.0004926715169810056121, 0.0009853430339620112242, 0.001478014550943016836, 0.001970686067924022448 ),
 .UNSPECIFIED. ) ;
#8818 = CARTESIAN_POINT ( 'NONE',  ( 38.22191670186644785, 2.126471294719708638, -6.479047993252844861 ) ) ;
#8819 = EDGE_CURVE ( 'NONE', #2745, #8262, #564, .T. ) ;
#8820 = ORIENTED_EDGE ( 'NONE', *, *, #6034, .F. ) ;
#8821 = ORIENTED_EDGE ( 'NONE', *, *, #4881, .F. ) ;
#8822 = EDGE_CURVE ( 'NONE', #2408, #1000, #8501, .T. ) ;
#8823 = CARTESIAN_POINT ( 'NONE',  ( 0.000000000000000000, 2.286000000000000032, -19.05000000000000071 ) ) ;
#8824 = DIRECTION ( 'NONE',  ( 0.000000000000000000, 0.000000000000000000, -1.000000000000000000 ) ) ;
#8825 = DIRECTION ( 'NONE',  ( 0.000000000000000000, 1.000000000000000000, -3.035089936190465843E-16 ) ) ;
#8826 = CARTESIAN_POINT ( 'NONE',  ( -0.8890000000000026770, 4.611451854357751401, 12.84999999999999787 ) ) ;
#8827 = CARTESIAN_POINT ( 'NONE',  ( 14.00883964252063940, 5.207608769132372473, 8.154976025086639879 ) ) ;
#8828 = CARTESIAN_POINT ( 'NONE',  ( 42.80014015321026477, 1.880237998053895465, 0.005707694854414802933 ) ) ;
#8829 = CARTESIAN_POINT ( 'NONE',  ( -0.000000000000000000, -2.286000000000000032, -19.05000000000000071 ) ) ;
#8830 = CARTESIAN_POINT ( 'NONE',  ( 29.25513355641029278, 1.598813087397453980, 23.93475768888466959 ) ) ;
#8831 = EDGE_CURVE ( 'NONE', #4528, #5247, #9146, .T. ) ;
#8832 = B_SPLINE_SURFACE_WITH_KNOTS ( 'NONE', 3, 3, ( 
 ( #5054, #831, #3264, #7441 ),
 ( #8121, #6510, #8973, #4161 ),
 ( #879, #4853, #3217, #9870 ),
 ( #4213, #8277, #4108, #1778 ) ),
 .UNSPECIFIED., .F., .F., .F.,
 ( 4, 4 ),
 ( 4, 4 ),
 ( 0.000000000000000000, 0.1004760161244559469 ),
 ( 0.8479338559626061755, 0.9554012513481399127 ),
 .UNSPECIFIED. ) ;
#8833 = CARTESIAN_POINT ( 'NONE',  ( 39.49275187627342376, 2.682582468500440243, -0.02892295791614895445 ) ) ;
#8834 = CARTESIAN_POINT ( 'NONE',  ( 17.19415689518924495, 5.412953278550340919, 3.175000000000001599 ) ) ;
#8835 = CARTESIAN_POINT ( 'NONE',  ( -4.011049391269103204, 1.477824313854543492, -19.55000000000000071 ) ) ;
#8836 = CARTESIAN_POINT ( 'NONE',  ( 18.83552365069772705, 2.617620929240815464, 19.80668555442998624 ) ) ;
#8837 = FACE_OUTER_BOUND ( 'NONE', #5534, .T. ) ;
#8838 = CARTESIAN_POINT ( 'NONE',  ( 44.30000000000001137, 3.055949007397608330, -0.4954115128692588854 ) ) ;
#8839 = CIRCLE ( 'NONE', #2740, 3.174999999999998934 ) ;
#8840 = CARTESIAN_POINT ( 'NONE',  ( 6.200000000000001066, -3.049999999999999822, 23.75000000000000000 ) ) ;
#8841 = ORIENTED_EDGE ( 'NONE', *, *, #6133, .F. ) ;
#8842 = CARTESIAN_POINT ( 'NONE',  ( 39.84174769430145346, -3.049999999999999822, 27.01510415892409611 ) ) ;
#8843 = CARTESIAN_POINT ( 'NONE',  ( 14.32221625366358353, 5.784092725458197748, -2.161083214928862795 ) ) ;
#8844 = CARTESIAN_POINT ( 'NONE',  ( -3.961000000000000298, 2.424999999999986944, 9.435145863650534537 ) ) ;
#8845 = CARTESIAN_POINT ( 'NONE',  ( 0.000000000000000000, 1.136000000000000343, 19.05000000000000071 ) ) ;
#8846 = CIRCLE ( 'NONE', #6976, 2.099999999999999645 ) ;
#8847 = ORIENTED_EDGE ( 'NONE', *, *, #8285, .T. ) ;
#8848 = B_SPLINE_CURVE_WITH_KNOTS ( 'NONE', 3,
 ( #8565, #1541, #7937, #687, #10258, #3016 ),
 .UNSPECIFIED., .F., .F.,
 ( 4, 2, 4 ),
 ( 0.002724180140586035092, 0.009760686958337788655, 0.01679719377608954178 ),
 .UNSPECIFIED. ) ;
#8849 = CARTESIAN_POINT ( 'NONE',  ( -2.500000000000000000, -2.286000000000000032, 29.79280174739501774 ) ) ;
#8850 = CARTESIAN_POINT ( 'NONE',  ( -3.175000000000001155, -2.286000000000000032, -19.55000000000000071 ) ) ;
#8851 = CARTESIAN_POINT ( 'NONE',  ( 38.89891487234326917, 2.591074576551059661, -1.843411056053075203 ) ) ;
#8852 = CARTESIAN_POINT ( 'NONE',  ( 42.62838698765575884, 1.661986663886082294, -5.411692116005625053 ) ) ;
#8853 = CARTESIAN_POINT ( 'NONE',  ( 7.325773351003084244, 3.337622561792073395, -14.45810725104328576 ) ) ;
#8854 = EDGE_LOOP ( 'NONE', ( #2502, #1335, #7278, #10188 ) ) ;
#8855 = CIRCLE ( 'NONE', #3449, 3.174999999999998934 ) ;
#8856 = CARTESIAN_POINT ( 'NONE',  ( -0.5000000000000000000, -2.286000000000000032, 23.75000000000000000 ) ) ;
#8857 = ORIENTED_EDGE ( 'NONE', *, *, #933, .T. ) ;
#8858 = DIRECTION ( 'NONE',  ( 0.000000000000000000, 0.000000000000000000, 1.000000000000000000 ) ) ;
#8859 = AXIS2_PLACEMENT_3D ( 'NONE', #8845, #1653, #1605 ) ;
#8860 = CARTESIAN_POINT ( 'NONE',  ( 44.29999999976459435, 3.041136470178140261, -2.449492033947289205 ) ) ;
#8861 = CARTESIAN_POINT ( 'NONE',  ( -4.700000000000000178, 2.424999999999989164, 10.72518239619396851 ) ) ;
#8862 = CARTESIAN_POINT ( 'NONE',  ( -2.389000000000000234, 9.173625991758045828, -0.7500000000000001110 ) ) ;
#8863 = LINE ( 'NONE', #1620, #4326 ) ;
#8864 = CARTESIAN_POINT ( 'NONE',  ( -2.512337100594191686, 2.059804164125461412, -22.93725335895370776 ) ) ;
#8865 = CARTESIAN_POINT ( 'NONE',  ( 35.29988259888150282, 2.666301065801235382, 20.64932816184277442 ) ) ;
#8866 = CIRCLE ( 'NONE', #6834, 4.438999999996124934 ) ;
#8867 = COORDINATED_UNIVERSAL_TIME_OFFSET ( 6, 0, .BEHIND. ) ;
#8868 = ORIENTED_EDGE ( 'NONE', *, *, #5169, .F. ) ;
#8869 = ORIENTED_EDGE ( 'NONE', *, *, #5662, .F. ) ;
#8870 = AXIS2_PLACEMENT_3D ( 'NONE', #3920, #8677, #739 ) ;
#8871 = ORIENTED_EDGE ( 'NONE', *, *, #5227, .F. ) ;
#8872 = VECTOR ( 'NONE', #3535, 1000.000000000000000 ) ;
#8873 = CARTESIAN_POINT ( 'NONE',  ( -3.186987463717825708, 5.306507371398359041, 16.30077008376463965 ) ) ;
#8874 = CARTESIAN_POINT ( 'NONE',  ( 32.09466722563806229, 2.131093248746596114, 22.95401003784633076 ) ) ;
#8875 = FACE_OUTER_BOUND ( 'NONE', #8807, .T. ) ;
#8876 = CARTESIAN_POINT ( 'NONE',  ( -0.5000000000000000000, -2.286000000000000032, 22.18538275175455965 ) ) ;
#8877 = EDGE_CURVE ( 'NONE', #6507, #3833, #371, .T. ) ;
#8878 = CARTESIAN_POINT ( 'NONE',  ( 7.457608276017463567, 1.801465089529119323, 24.02215768750569325 ) ) ;
#8879 = CARTESIAN_POINT ( 'NONE',  ( 6.199999999999979750, 3.004743028041839015, 19.04999999999927596 ) ) ;
#8880 = CARTESIAN_POINT ( 'NONE',  ( 30.39979981006547050, 3.049999999999999822, -18.34100945216907874 ) ) ;
#8881 = AXIS2_PLACEMENT_3D ( 'NONE', #4466, #7082, #4575 ) ;
#8882 = CARTESIAN_POINT ( 'NONE',  ( 35.36636757388580321, 2.762276271478023126, 5.924078663805982359 ) ) ;
#8883 = EDGE_CURVE ( 'NONE', #1984, #6428, #7504, .T. ) ;
#8884 = ADVANCED_FACE ( 'NONE', ( #7531 ), #527, .F. ) ;
#8885 = CARTESIAN_POINT ( 'NONE',  ( 31.29002113583708677, 1.925983284235533111, 26.18108290245261927 ) ) ;
#8886 = CARTESIAN_POINT ( 'NONE',  ( 1.957198252604980260, 2.286000000000000032, 34.25000000000000000 ) ) ;
#8887 = PLANE ( 'NONE',  #8345 ) ;
#8888 = CARTESIAN_POINT ( 'NONE',  ( 19.52217745647121916, 2.569668959013548637, 20.05263742378984659 ) ) ;
#8889 = CARTESIAN_POINT ( 'NONE',  ( -4.700000000000000178, 3.174999999999990052, -6.349999999999999645 ) ) ;
#8890 = EDGE_CURVE ( 'NONE', #4849, #6884, #9429, .T. ) ;
#8891 = CARTESIAN_POINT ( 'NONE',  ( 36.66135589172005638, 3.051455487621986151, 30.13315919050883451 ) ) ;
#8892 = DIRECTION ( 'NONE',  ( 1.000000000000000000, 0.000000000000000000, 0.000000000000000000 ) ) ;
#8893 = VECTOR ( 'NONE', #5277, 1000.000000000000000 ) ;
#8894 = ORIENTED_EDGE ( 'NONE', *, *, #7211, .T. ) ;
#8895 = ORIENTED_EDGE ( 'NONE', *, *, #98, .T. ) ;
#8896 = DIRECTION ( 'NONE',  ( -1.000000000000000000, 0.000000000000000000, 0.000000000000000000 ) ) ;
#8897 = CARTESIAN_POINT ( 'NONE',  ( 13.99225537627070892, 5.763110914542219021, -2.385751811201921146 ) ) ;
#8898 = CARTESIAN_POINT ( 'NONE',  ( 14.72005140847272564, 9.402733490373224257, -3.099999999999999645 ) ) ;
#8899 = CARTESIAN_POINT ( 'NONE',  ( 0.5000000000024961144, 2.636000000000000121, 13.87409428213114815 ) ) ;
#8900 = ORIENTED_EDGE ( 'NONE', *, *, #1447, .T. ) ;
#8901 = CARTESIAN_POINT ( 'NONE',  ( 14.72005140847272031, 5.759082415044490588, -2.100000000000000977 ) ) ;
#8902 = DIRECTION ( 'NONE',  ( -1.000000000000000000, 0.000000000000000000, 0.000000000000000000 ) ) ;
#8903 = AXIS2_PLACEMENT_3D ( 'NONE', #8889, #1644, #154 ) ;
#8904 = VECTOR ( 'NONE', #3167, 1000.000000000000000 ) ;
#8905 = DIRECTION ( 'NONE',  ( 0.000000000000000000, 0.000000000000000000, 1.000000000000000000 ) ) ;
#8906 = CARTESIAN_POINT ( 'NONE',  ( 23.54263742230685352, 3.049999999999995826, 28.36727942094919186 ) ) ;
#8907 = EDGE_CURVE ( 'NONE', #2279, #375, #7781, .T. ) ;
#8908 = CARTESIAN_POINT ( 'NONE',  ( 5.199999999996655298, 1.879675573903843544, -22.85041977248721423 ) ) ;
#8909 = ORIENTED_EDGE ( 'NONE', *, *, #10085, .T. ) ;
#8910 = VERTEX_POINT ( 'NONE', #9366 ) ;
#8911 = EDGE_LOOP ( 'NONE', ( #3203, #3770, #6047, #5281, #9686 ) ) ;
#8912 = AXIS2_PLACEMENT_3D ( 'NONE', #373, #6791, #6998 ) ;
#8913 = CARTESIAN_POINT ( 'NONE',  ( -5.461000000025251211, 3.174999999999986944, 4.249999999999998224 ) ) ;
#8914 = CARTESIAN_POINT ( 'NONE',  ( -5.143516556418887858E-16, 3.261000000000000121, -14.84999999999999787 ) ) ;
#8915 = CARTESIAN_POINT ( 'NONE',  ( 36.00704256719070173, 1.650877637587200741, 15.77897102474273439 ) ) ;
#8916 = CARTESIAN_POINT ( 'NONE',  ( -4.700000000000000178, 3.924999999999987388, -10.72518239619397029 ) ) ;
#8917 = CARTESIAN_POINT ( 'NONE',  ( 5.200000000000001954, 2.896602915671143030, 19.55000000000000071 ) ) ;
#8918 = CARTESIAN_POINT ( 'NONE',  ( 14.72005140847409876, 500000.0000000000582, -1.100000000000735723 ) ) ;
#8919 = CARTESIAN_POINT ( 'NONE',  ( 37.91674973932995130, 2.094206073914703481, -3.239690835009517933 ) ) ;
#8920 = B_SPLINE_SURFACE_WITH_KNOTS ( 'NONE', 3, 3, ( 
 ( #1733, #7302, #5728, #4177 ),
 ( #3228, #3332, #8941, #1687 ),
 ( #9681, #4916, #6473, #102 ),
 ( #5772, #8132, #887, #7255 ) ),
 .UNSPECIFIED., .F., .F., .F.,
 ( 4, 4 ),
 ( 4, 4 ),
 ( 0.000000000000000000, 0.1733918010630792761 ),
 ( -3.604637165173499557E-16, 0.8131276235522912899 ),
 .UNSPECIFIED. ) ;
#8921 = AXIS2_PLACEMENT_3D ( 'NONE', #2009, #322, #8264 ) ;
#8922 = CONICAL_SURFACE ( 'NONE', #1298, 3.700000000000001954, 0.7853981633974500554 ) ;
#8923 = PERSON_AND_ORGANIZATION_ROLE ( 'creator' ) ;
#8924 = ORIENTED_EDGE ( 'NONE', *, *, #730, .T. ) ;
#8925 = ORIENTED_EDGE ( 'NONE', *, *, #4745, .T. ) ;
#8926 = ORIENTED_EDGE ( 'NONE', *, *, #4748, .F. ) ;
#8927 = ORIENTED_EDGE ( 'NONE', *, *, #634, .T. ) ;
#8928 = CARTESIAN_POINT ( 'NONE',  ( -4.173881701203199235, 4.751009073220514800, 18.51015119516262075 ) ) ;
#8929 = CARTESIAN_POINT ( 'NONE',  ( -2.389000000000000234, 3.924999999999986500, 3.264854136349465197 ) ) ;
#8930 = DIRECTION ( 'NONE',  ( 0.000000000000000000, 1.636613475592550649E-15, 1.000000000000000000 ) ) ;
#8931 = ADVANCED_FACE ( 'NONE', ( #3760 ), #10268, .T. ) ;
#8932 = CARTESIAN_POINT ( 'NONE',  ( 4.701456338740695351, 3.847826529301388021, -14.98803056706493919 ) ) ;
#8933 = CARTESIAN_POINT ( 'NONE',  ( 0.000000000000000000, 1.136000000000000343, 19.55000000000000071 ) ) ;
#8934 = PLANE ( 'NONE',  #4637 ) ;
#8935 = DIRECTION ( 'NONE',  ( 0.000000000000000000, -1.000000000000000000, -0.000000000000000000 ) ) ;
#8936 = CARTESIAN_POINT ( 'NONE',  ( 25.23368699800953507, 4.741854814270859642, 1.438357082148632893 ) ) ;
#8937 = ADVANCED_FACE ( 'NONE', ( #7732 ), #644, .F. ) ;
#8938 = EDGE_CURVE ( 'NONE', #2070, #7929, #2701, .T. ) ;
#8939 = CARTESIAN_POINT ( 'NONE',  ( 25.46937690333416526, 4.853399163016389295, 4.342422803044282631 ) ) ;
#8940 = CARTESIAN_POINT ( 'NONE',  ( 16.60511653716373459, 5.436193337653029367, 3.351920133021685455 ) ) ;
#8941 = CARTESIAN_POINT ( 'NONE',  ( -1.028018368034700369, 0.2567190024459857778, -23.62712021050326072 ) ) ;
#8942 = DIRECTION ( 'NONE',  ( 0.000000000000000000, 0.000000000000000000, -1.000000000000000000 ) ) ;
#8943 = CARTESIAN_POINT ( 'NONE',  ( 41.97929374606626851, 3.228498637927243120, -5.663452438289318991 ) ) ;
#8944 = EDGE_CURVE ( 'NONE', #8219, #9004, #1381, .T. ) ;
#8945 = ORIENTED_EDGE ( 'NONE', *, *, #1777, .F. ) ;
#8946 = ADVANCED_FACE ( 'NONE', ( #3082 ), #6942, .T. ) ;
#8947 = CARTESIAN_POINT ( 'NONE',  ( 38.03182820004746389, 2.085483330031110416, -3.145470746580959709 ) ) ;
#8948 = ADVANCED_FACE ( 'NONE', ( #2909 ), #7898, .T. ) ;
#8949 = DIRECTION ( 'NONE',  ( 0.000000000000000000, -1.000000000000000000, 0.000000000000000000 ) ) ;
#8950 = DIRECTION ( 'NONE',  ( -0.000000000000000000, 1.000000000000000000, -0.000000000000000000 ) ) ;
#8951 = DIRECTION ( 'NONE',  ( -0.000000000000000000, 1.000000000000000000, -0.000000000000000000 ) ) ;
#8952 = ORIENTED_EDGE ( 'NONE', *, *, #9602, .T. ) ;
#8953 = CARTESIAN_POINT ( 'NONE',  ( 33.03352088058602476, 1.839967525498485745, -12.52580994674531745 ) ) ;
#8954 = CARTESIAN_POINT ( 'NONE',  ( -0.2785842627327360099, 5.593949787615840386, -14.85000000000001030 ) ) ;
#8955 = PLANE ( 'NONE',  #1465 ) ;
#8956 = CARTESIAN_POINT ( 'NONE',  ( 29.62543265607458309, 3.049999999999999822, 34.25002439615035854 ) ) ;
#8957 = CARTESIAN_POINT ( 'NONE',  ( 0.4999999999999970579, 1.900462986616910266, 23.67482828603900913 ) ) ;
#8958 = ADVANCED_FACE ( 'NONE', ( #7838 ), #7054, .F. ) ;
#8959 = ORIENTED_EDGE ( 'NONE', *, *, #7167, .F. ) ;
#8960 = EDGE_LOOP ( 'NONE', ( #3724, #10262, #9320, #3682 ) ) ;
#8961 = ORIENTED_EDGE ( 'NONE', *, *, #4811, .T. ) ;
#8962 = CARTESIAN_POINT ( 'NONE',  ( 44.30000000000003268, -2.236666666667248116, -4.994961221549285568 ) ) ;
#8963 = CARTESIAN_POINT ( 'NONE',  ( -3.135382751754560271, 1.136000000000000343, -19.55000000000000071 ) ) ;
#8964 = DIRECTION ( 'NONE',  ( 0.000000000000000000, 0.000000000000000000, -1.000000000000000000 ) ) ;
#8965 = LINE ( 'NONE', #4940, #8332 ) ;
#8966 = CARTESIAN_POINT ( 'NONE',  ( 3.786462519306124097, 1.879912682957609160, -23.07203412323942970 ) ) ;
#8967 = CARTESIAN_POINT ( 'NONE',  ( 34.00357171856616390, -3.050000000000000266, 34.53310841087208871 ) ) ;
#8968 = CARTESIAN_POINT ( 'NONE',  ( 12.69999999999999929, -2.286000000000000032, 31.75000000000000000 ) ) ;
#8969 = ORIENTED_EDGE ( 'NONE', *, *, #9114, .T. ) ;
#8970 = VERTEX_POINT ( 'NONE', #5461 ) ;
#8971 = ORIENTED_EDGE ( 'NONE', *, *, #3208, .T. ) ;
#8972 = CARTESIAN_POINT ( 'NONE',  ( -0.000000000000000000, -2.286000000026433554, -19.05000000000000071 ) ) ;
#8973 = CARTESIAN_POINT ( 'NONE',  ( -1.844228301712696805, 2.101490084401554714, 22.88896695816972482 ) ) ;
#8974 = FACE_OUTER_BOUND ( 'NONE', #5373, .T. ) ;
#8975 = DIRECTION ( 'NONE',  ( 0.000000000000000000, -1.000000000000000000, -0.000000000000000000 ) ) ;
#8976 = DIRECTION ( 'NONE',  ( -1.000000000000000000, -0.000000000000000000, -0.000000000000000000 ) ) ;
#8977 = CARTESIAN_POINT ( 'NONE',  ( -500000.0000000000582, 3.174999999999990052, -4.250000000000000000 ) ) ;
#8978 = CARTESIAN_POINT ( 'NONE',  ( 46.22104302546019738, 3.058976874615806363, -4.283510933529677267 ) ) ;
#8979 = CARTESIAN_POINT ( 'NONE',  ( 21.16549215707610898, 5.298145758487669887, 1.313561890691221423 ) ) ;
#8980 = EDGE_LOOP ( 'NONE', ( #10313, #9737, #5516, #964, #6542, #3162 ) ) ;
#8981 = CARTESIAN_POINT ( 'NONE',  ( 30.50598520842824257, 4.550746451309521490, -0.1187028287344931432 ) ) ;
#8982 = CARTESIAN_POINT ( 'NONE',  ( 1.957198252604980704, -2.286000000000000032, 34.25000000000000000 ) ) ;
#8983 = DIRECTION ( 'NONE',  ( 0.000000000000000000, -1.000000000000000000, -0.000000000000000000 ) ) ;
#8984 = CARTESIAN_POINT ( 'NONE',  ( 5.144790323749769634, 2.635999999999999233, -19.80573310411192978 ) ) ;
#8985 = CARTESIAN_POINT ( 'NONE',  ( -2.998872978571220926, 3.145062537695992866, -24.80881720733638218 ) ) ;
#8986 = EDGE_CURVE ( 'NONE', #2065, #234, #8691, .T. ) ;
#8987 = ORIENTED_EDGE ( 'NONE', *, *, #1360, .T. ) ;
#8988 = EDGE_LOOP ( 'NONE', ( #6637, #6660, #9938, #4047, #9317 ) ) ;
#8989 = CARTESIAN_POINT ( 'NONE',  ( -0.5000000000000000000, -2.286000000000000032, 15.87500000000000000 ) ) ;
#8990 = CARTESIAN_POINT ( 'NONE',  ( 32.64227101374676465, 3.682462176691831512, 22.10625204122212750 ) ) ;
#8991 = CARTESIAN_POINT ( 'NONE',  ( 12.69999999999999929, 2.286000000000000032, 31.75000000000000000 ) ) ;
#8992 = FACE_OUTER_BOUND ( 'NONE', #9963, .T. ) ;
#8993 = ORIENTED_EDGE ( 'NONE', *, *, #5523, .T. ) ;
#8994 = EDGE_CURVE ( 'NONE', #10134, #9111, #5308, .T. ) ;
#8995 = CARTESIAN_POINT ( 'NONE',  ( 17.19415689518923784, 9.402733490373224257, 4.175000000000001599 ) ) ;
#8996 = CARTESIAN_POINT ( 'NONE',  ( 28.76012610227512667, 4.610880422525369227, -9.795069203963892690 ) ) ;
#8997 = CARTESIAN_POINT ( 'NONE',  ( -4.000000000000000000, -2.286000000000000032, 31.75000000000000000 ) ) ;
#8998 = CARTESIAN_POINT ( 'NONE',  ( 23.88041028848079605, 7.200997219500730573, 0.000000000000000000 ) ) ;
#8999 = CARTESIAN_POINT ( 'NONE',  ( -1.402891586068330865, 7.884940887603830717, 0.3645060964818494509 ) ) ;
#9000 = CARTESIAN_POINT ( 'NONE',  ( 5.199999999997625189, 2.152212915111472391, -21.75029905973740085 ) ) ;
#9001 = EDGE_CURVE ( 'NONE', #8071, #2346, #245, .T. ) ;
#9002 = ORIENTED_EDGE ( 'NONE', *, *, #9378, .T. ) ;
#9003 = B_SPLINE_CURVE_WITH_KNOTS ( 'NONE', 3,
 ( #4980, #1701, #9099, #1804 ),
 .UNSPECIFIED., .F., .F.,
 ( 4, 4 ),
 ( 8.673617379884035472E-19, 0.0004246490377396999077 ),
 .UNSPECIFIED. ) ;
#9004 = VERTEX_POINT ( 'NONE', #6894 ) ;
#9005 = VERTEX_POINT ( 'NONE', #8901 ) ;
#9006 = EDGE_LOOP ( 'NONE', ( #638, #8527 ) ) ;
#9007 = VECTOR ( 'NONE', #2322, 1000.000000000000000 ) ;
#9008 = CYLINDRICAL_SURFACE ( 'NONE', #8329, 3.175000000000000711 ) ;
#9009 = CARTESIAN_POINT ( 'NONE',  ( 5.586519315181629253, 3.667394486990549041, 16.33098240996122996 ) ) ;
#9010 = CARTESIAN_POINT ( 'NONE',  ( 26.97354643711802780, 3.049999999999957634, 31.06409279955757086 ) ) ;
#9011 = CARTESIAN_POINT ( 'NONE',  ( 9.303944001472434167, 9.402733490373224257, -14.11490372132617033 ) ) ;
#9012 = ADVANCED_FACE ( 'NONE', ( #857 ), #3979, .T. ) ;
#9013 = LINE ( 'NONE', #4898, #4173 ) ;
#9014 = CARTESIAN_POINT ( 'NONE',  ( 28.68749293830035896, 2.286000000000008026, 35.22887337289851217 ) ) ;
#9015 = AXIS2_PLACEMENT_3D ( 'NONE', #5345, #577, #1165 ) ;
#9016 = ORIENTED_EDGE ( 'NONE', *, *, #7975, .T. ) ;
#9017 = ORIENTED_EDGE ( 'NONE', *, *, #5643, .T. ) ;
#9018 = EDGE_LOOP ( 'NONE', ( #8398, #8961, #8689, #4504 ) ) ;
#9019 = AXIS2_PLACEMENT_3D ( 'NONE', #7011, #6280, #710 ) ;
#9020 = ORIENTED_EDGE ( 'NONE', *, *, #2981, .T. ) ;
#9021 = CARTESIAN_POINT ( 'NONE',  ( 14.72005140847409344, 6.509423643454631758, -1.100000000000735723 ) ) ;
#9022 = DIRECTION ( 'NONE',  ( 0.000000000000000000, 0.000000000000000000, -1.000000000000000000 ) ) ;
#9023 = DIRECTION ( 'NONE',  ( 3.368205580025982751E-17, 0.000000000000000000, 1.000000000000000000 ) ) ;
#9024 = CARTESIAN_POINT ( 'NONE',  ( 16.20382060347326458, 3.058335167111181363, -15.37971531355483279 ) ) ;
#9025 = LINE ( 'NONE', #881, #8377 ) ;
#9026 = VECTOR ( 'NONE', #5239, 1000.000000000000000 ) ;
#9027 = DIRECTION ( 'NONE',  ( 0.7071067811865474617, 0.000000000000000000, 0.7071067811865476838 ) ) ;
#9028 = CARTESIAN_POINT ( 'NONE',  ( 44.30000000000001137, 1.260168174698028443, -4.308767661416483818 ) ) ;
#9029 = CARTESIAN_POINT ( 'NONE',  ( 20.16950967906875292, 4.321454867721666204, 7.686421496984091384 ) ) ;
#9030 = B_SPLINE_CURVE_WITH_KNOTS ( 'NONE', 3,
 ( #9692, #806, #3289, #2438 ),
 .UNSPECIFIED., .F., .F.,
 ( 4, 4 ),
 ( 0.000000000000000000, 1.000000000000000000 ),
 .UNSPECIFIED. ) ;
#9031 = AXIS2_PLACEMENT_3D ( 'NONE', #2368, #1579, #8029 ) ;
#9032 = VECTOR ( 'NONE', #2388, 1000.000000000000000 ) ;
#9033 = EDGE_CURVE ( 'NONE', #8652, #9753, #7216, .T. ) ;
#9034 = AXIS2_PLACEMENT_3D ( 'NONE', #5731, #1597, #3475 ) ;
#9035 = CARTESIAN_POINT ( 'NONE',  ( 21.53481277367567870, 4.591422791661801561, 8.466411016341480078 ) ) ;
#9036 = LINE ( 'NONE', #6716, #10187 ) ;
#9037 = VECTOR ( 'NONE', #7749, 1000.000000000000000 ) ;
#9038 = CARTESIAN_POINT ( 'NONE',  ( 26.58008138277686072, 1.848797049479536714, -17.80099238066550882 ) ) ;
#9039 = CARTESIAN_POINT ( 'NONE',  ( -2.389000000000000234, 3.924999999999987388, 9.435145863650534537 ) ) ;
#9040 = CARTESIAN_POINT ( 'NONE',  ( 27.08787892638094164, -3.049999999999998046, -15.85488370923797419 ) ) ;
#9041 = ORIENTED_EDGE ( 'NONE', *, *, #1944, .T. ) ;
#9042 = CARTESIAN_POINT ( 'NONE',  ( -2.389000000000000234, 3.924999999999986500, -0.7499999999999992228 ) ) ;
#9043 = DIRECTION ( 'NONE',  ( 0.000000000000000000, -1.000000000000000000, 0.000000000000000000 ) ) ;
#9044 = CARTESIAN_POINT ( 'NONE',  ( -4.700000000000000178, 3.924999999999990052, 10.72518239619396674 ) ) ;
#9045 = CARTESIAN_POINT ( 'NONE',  ( -4.370541794469311014, 2.772229534902616699, -25.21173648056472771 ) ) ;
#9046 = ADVANCED_FACE ( 'NONE', ( #7314 ), #2280, .F. ) ;
#9047 = ORIENTED_EDGE ( 'NONE', *, *, #910, .T. ) ;
#9048 = LINE ( 'NONE', #5983, #9557 ) ;
#9049 = CARTESIAN_POINT ( 'NONE',  ( 16.20382059488791882, 4.610880422525369227, -15.37971531688205218 ) ) ;
#9050 = DIRECTION ( 'NONE',  ( 1.427085626035518227E-14, 0.000000000000000000, -1.000000000000000000 ) ) ;
#9051 = CARTESIAN_POINT ( 'NONE',  ( 10.87080467290706842, 2.287943241524368787, -17.92159849394939286 ) ) ;
#9052 = CARTESIAN_POINT ( 'NONE',  ( 3.987549484783210918, 2.332454325539096818, 21.90043326495527509 ) ) ;
#9053 = CARTESIAN_POINT ( 'NONE',  ( 0.5000000000000000000, -2.286000000000000032, 23.75000000000000000 ) ) ;
#9054 = VERTEX_POINT ( 'NONE', #2338 ) ;
#9055 = ORIENTED_EDGE ( 'NONE', *, *, #6636, .F. ) ;
#9056 = ORIENTED_EDGE ( 'NONE', *, *, #7760, .T. ) ;
#9057 = EDGE_CURVE ( 'NONE', #2495, #948, #9190, .T. ) ;
#9058 = ORIENTED_EDGE ( 'NONE', *, *, #3907, .F. ) ;
#9059 = CARTESIAN_POINT ( 'NONE',  ( 44.29999999999999005, -2.795833333333434645, -5.031397350277381442 ) ) ;
#9060 = CARTESIAN_POINT ( 'NONE',  ( 32.09466722563809071, 1.629338056816716396, 22.95401003784633076 ) ) ;
#9061 = CARTESIAN_POINT ( 'NONE',  ( 15.60477822217404764, 3.050000000000013589, 25.45289810932667152 ) ) ;
#9062 = AXIS2_PLACEMENT_3D ( 'NONE', #8732, #1424, #685 ) ;
#9063 = CARTESIAN_POINT ( 'NONE',  ( -4.700000000000000178, -3.049999999999999822, -12.35000000000000142 ) ) ;
#9065 = EDGE_CURVE ( 'NONE', #4572, #4631, #5625, .T. ) ;
#9064 = VECTOR ( 'NONE', #6119, 1000.000000000000000 ) ;
#9066 = CARTESIAN_POINT ( 'NONE',  ( -1.651253393908798328, 2.654020525899233096, -25.11514246325367239 ) ) ;
#9067 = LINE ( 'NONE', #1820, #4344 ) ;
#9068 = ORIENTED_EDGE ( 'NONE', *, *, #4374, .F. ) ;
#9069 = AXIS2_PLACEMENT_3D ( 'NONE', #7554, #2784, #10132 ) ;
#9070 = VERTEX_POINT ( 'NONE', #4774 ) ;
#9071 = VECTOR ( 'NONE', #4580, 1000.000000000000000 ) ;
#9072 = ORIENTED_EDGE ( 'NONE', *, *, #5165, .F. ) ;
#9073 = EDGE_CURVE ( 'NONE', #7241, #8474, #1461, .T. ) ;
#9074 = VERTEX_POINT ( 'NONE', #10432 ) ;
#9075 = CARTESIAN_POINT ( 'NONE',  ( 38.98217932328182656, 2.326856514504883844, 25.40390345385425874 ) ) ;
#9076 = CARTESIAN_POINT ( 'NONE',  ( 6.199999999999937117, 2.178946214251770819, -21.47447355816592918 ) ) ;
#9077 = LINE ( 'NONE', #5151, #3779 ) ;
#9078 = EDGE_CURVE ( 'NONE', #10104, #1208, #6126, .T. ) ;
#9079 = CARTESIAN_POINT ( 'NONE',  ( 8.798066676273998965, 3.065067364658832894, -15.23869849168541357 ) ) ;
#9080 = CARTESIAN_POINT ( 'NONE',  ( 43.64061099773158503, 2.762714145106702990, -4.398335161311371699 ) ) ;
#9081 = EDGE_CURVE ( 'NONE', #1014, #6941, #8016, .T. ) ;
#9082 = CARTESIAN_POINT ( 'NONE',  ( -4.700000000011731238, 2.636000000000000121, -16.82514045386574608 ) ) ;
#9083 = CARTESIAN_POINT ( 'NONE',  ( -5.460999999999999410, 3.174999999999989608, -3.124999999999999112 ) ) ;
#9084 = CARTESIAN_POINT ( 'NONE',  ( 16.66266653367199169, 2.752832459841860757, 16.76989310076273654 ) ) ;
#9085 = DIRECTION ( 'NONE',  ( 0.000000000000000000, -1.729781243851514516E-16, -1.000000000000000000 ) ) ;
#9086 = EDGE_CURVE ( 'NONE', #5863, #6648, #2337, .T. ) ;
#9087 = VECTOR ( 'NONE', #9362, 1000.000000000000000 ) ;
#9088 = CARTESIAN_POINT ( 'NONE',  ( 19.66233112109549808, 4.762639883980652300, 8.332191499925722056 ) ) ;
#9089 = CARTESIAN_POINT ( 'NONE',  ( 39.09999999999702425, 2.435729891412659942, -2.849519733238611074 ) ) ;
#9090 = CARTESIAN_POINT ( 'NONE',  ( 36.51967093119225893, 1.489402084043516039, -12.03417646077006786 ) ) ;
#9091 = FACE_OUTER_BOUND ( 'NONE', #1706, .T. ) ;
#9092 = ORIENTED_EDGE ( 'NONE', *, *, #7843, .F. ) ;
#9093 = CARTESIAN_POINT ( 'NONE',  ( -4.269257657802834061, 3.809294724820336153, -16.04840868322532543 ) ) ;
#9094 = CYLINDRICAL_SURFACE ( 'NONE', #8758, 1.000000000000000888 ) ;
#9095 = DIRECTION ( 'NONE',  ( -1.000000000000000000, 0.000000000000000000, 0.000000000000000000 ) ) ;
#9096 = CARTESIAN_POINT ( 'NONE',  ( -5.012878928799062273, 3.054136329690352536, -25.04637090035242863 ) ) ;
#9097 = DIRECTION ( 'NONE',  ( 0.000000000000000000, 0.000000000000000000, 1.000000000000000000 ) ) ;
#9098 = CARTESIAN_POINT ( 'NONE',  ( 39.08770063695013164, 1.900791358355784944, -3.070839654696546628 ) ) ;
#9099 = CARTESIAN_POINT ( 'NONE',  ( 42.73658248278400862, 1.656414970466093095, -5.317459037994311188 ) ) ;
#9100 = CARTESIAN_POINT ( 'NONE',  ( 28.52826718440758214, 2.286000000000008914, 34.98983243056316894 ) ) ;
#9101 = CARTESIAN_POINT ( 'NONE',  ( 22.58295518251055256, 1.779115079364364194, -18.31454098511754935 ) ) ;
#9102 = LINE ( 'NONE', #8455, #5693 ) ;
#9103 = EDGE_LOOP ( 'NONE', ( #4903, #7313, #7603, #5836, #8759 ) ) ;
#9104 = VERTEX_POINT ( 'NONE', #9695 ) ;
#9105 = EDGE_LOOP ( 'NONE', ( #526, #3081, #9605, #1453 ) ) ;
#9106 = ORIENTED_EDGE ( 'NONE', *, *, #9182, .F. ) ;
#9107 = CARTESIAN_POINT ( 'NONE',  ( 43.35584354253475681, -0.5591666666608420266, -6.766407954769713129 ) ) ;
#9108 = CARTESIAN_POINT ( 'NONE',  ( 13.19999999999999396, 0.7859999999999998099, 28.61461724824544106 ) ) ;
#9109 = FACE_OUTER_BOUND ( 'NONE', #521, .T. ) ;
#9110 = CARTESIAN_POINT ( 'NONE',  ( -4.699999999999999289, 2.217699291603981937, -20.07160346279449215 ) ) ;
#9111 = VERTEX_POINT ( 'NONE', #1500 ) ;
#9112 = CARTESIAN_POINT ( 'NONE',  ( 15.68370343310682458, 5.618888700758423838, 2.854978956020036485 ) ) ;
#9113 = CARTESIAN_POINT ( 'NONE',  ( -500000.0000000000582, 3.174999999999987388, 8.450000000000001066 ) ) ;
#9114 = EDGE_CURVE ( 'NONE', #1901, #8119, #4929, .T. ) ;
#9115 = CARTESIAN_POINT ( 'NONE',  ( 29.95342885649023401, -2.286000000000000032, 34.73641154886387739 ) ) ;
#9116 = ORIENTED_EDGE ( 'NONE', *, *, #193, .F. ) ;
#9117 = VERTEX_POINT ( 'NONE', #8750 ) ;
#9118 = EDGE_CURVE ( 'NONE', #5739, #8970, #4725, .T. ) ;
#9119 = ORIENTED_EDGE ( 'NONE', *, *, #4510, .F. ) ;
#9120 = VERTEX_POINT ( 'NONE', #7464 ) ;
#9121 = CARTESIAN_POINT ( 'NONE',  ( 38.30885743484960670, 2.342341034459549221, 2.707294769687027092 ) ) ;
#9122 = CARTESIAN_POINT ( 'NONE',  ( 12.69999999999998863, -3.049999999999999822, 23.75000000000000000 ) ) ;
#9123 = CARTESIAN_POINT ( 'NONE',  ( 8.363820992050651881, 5.512958013582980321, -13.76280339879482639 ) ) ;
#9124 = DIRECTION ( 'NONE',  ( 0.000000000000000000, -1.000000000000000000, 0.000000000000000000 ) ) ;
#9125 = DIRECTION ( 'NONE',  ( 0.000000000000000000, 0.000000000000000000, -1.000000000000000000 ) ) ;
#9126 = ADVANCED_FACE ( 'NONE', ( #6630 ), #4978, .T. ) ;
#9127 = CARTESIAN_POINT ( 'NONE',  ( 11.89685683865391930, 5.162516154431058268, -16.80884498894674195 ) ) ;
#9128 = CARTESIAN_POINT ( 'NONE',  ( 16.16075883702812632, 4.028127110063304706, 10.61463873533343261 ) ) ;
#9129 = DIRECTION ( 'NONE',  ( -1.000000000000000000, 0.000000000000000000, 0.000000000000000000 ) ) ;
#9130 = EDGE_CURVE ( 'NONE', #5115, #4463, #9723, .T. ) ;
#9131 = EDGE_CURVE ( 'NONE', #6901, #7953, #5143, .T. ) ;
#9132 = B_SPLINE_CURVE_WITH_KNOTS ( 'NONE', 3,
 ( #6418, #9679, #2373, #1535, #5612, #6615, #4814, #7252, #8940, #4024, #100, #8834 ),
 .UNSPECIFIED., .F., .F.,
 ( 4, 2, 2, 2, 2, 4 ),
 ( 1.734723475976807094E-18, 0.0002317357129792121039, 0.0004634714259584224731, 0.0009269428519168426694, 0.001390414277875262703, 0.001853885703833682737 ),
 .UNSPECIFIED. ) ;
#9133 = CARTESIAN_POINT ( 'NONE',  ( 17.13142018451612714, 2.504532814709924171, 20.53516169576447581 ) ) ;
#9134 = FACE_OUTER_BOUND ( 'NONE', #9965, .T. ) ;
#9135 = ADVANCED_FACE ( 'NONE', ( #9943 ), #4191, .T. ) ;
#9136 = CARTESIAN_POINT ( 'NONE',  ( -5.565663612580666886, 3.049999975860685275, -25.24627854933255833 ) ) ;
#9137 = FACE_OUTER_BOUND ( 'NONE', #5851, .T. ) ;
#9138 = LINE ( 'NONE', #8396, #2980 ) ;
#9139 = ORIENTED_EDGE ( 'NONE', *, *, #1096, .T. ) ;
#9140 = CARTESIAN_POINT ( 'NONE',  ( 37.91674973932995130, 2.094206073914703481, -3.239690835009517933 ) ) ;
#9141 = CARTESIAN_POINT ( 'NONE',  ( 0.5000000000000075495, 1.849405852229433433, -23.43499158684736017 ) ) ;
#9142 = DIRECTION ( 'NONE',  ( -2.587956596580264873E-15, 0.000000000000000000, 1.000000000000000000 ) ) ;
#9143 = CARTESIAN_POINT ( 'NONE',  ( 19.18919195935463051, 2.286000000000010246, 27.70868588987037739 ) ) ;
#9144 = DIRECTION ( 'NONE',  ( 0.000000000000000000, 0.000000000000000000, -1.000000000000000000 ) ) ;
#9145 = CARTESIAN_POINT ( 'NONE',  ( 39.09999999999701004, 1.923843482732224164, -2.849519733242339203 ) ) ;
#9146 = B_SPLINE_CURVE_WITH_KNOTS ( 'NONE', 3,
 ( #8421, #1072, #2814, #1171 ),
 .UNSPECIFIED., .F., .F.,
 ( 4, 4 ),
 ( 0.003968539935014765360, 0.006096840796776257024 ),
 .UNSPECIFIED. ) ;
#9147 = CARTESIAN_POINT ( 'NONE',  ( 30.42332116541424369, 3.049999999999999822, 35.53289344911888747 ) ) ;
#9148 = CARTESIAN_POINT ( 'NONE',  ( 23.00366054123320581, 2.286000000000016907, 29.59246275357754286 ) ) ;
#9149 = DIRECTION ( 'NONE',  ( 1.000000000000000000, -0.000000000000000000, -0.000000000000000000 ) ) ;
#9150 = DIRECTION ( 'NONE',  ( 0.000000000000000000, -1.000000000000000000, -0.000000000000000000 ) ) ;
#9151 = ORIENTED_EDGE ( 'NONE', *, *, #1091, .F. ) ;
#9152 = ORIENTED_EDGE ( 'NONE', *, *, #7368, .T. ) ;
#9153 = ORIENTED_EDGE ( 'NONE', *, *, #6854, .T. ) ;
#9154 = ORIENTED_EDGE ( 'NONE', *, *, #3981, .T. ) ;
#9155 = CARTESIAN_POINT ( 'NONE',  ( 44.30000000000001847, 0.5591666666602113089, -4.451426496939237865 ) ) ;
#9156 = CARTESIAN_POINT ( 'NONE',  ( 0.4161102632582755478, 4.597970226545943007, 12.84999999999995168 ) ) ;
#9157 = CARTESIAN_POINT ( 'NONE',  ( 25.57783057601033150, 3.050000000000010925, 29.82396802286024950 ) ) ;
#9158 = CARTESIAN_POINT ( 'NONE',  ( 0.4999999999999998890, 1.136000000000000343, -22.18538275175455965 ) ) ;
#9159 = CARTESIAN_POINT ( 'NONE',  ( -0.5000000000000000000, -2.286000000000000032, -15.91461724824544000 ) ) ;
#9160 = LINE ( 'NONE', #5946, #10247 ) ;
#9161 = CARTESIAN_POINT ( 'NONE',  ( 34.87187244346767301, 2.666301065801235382, 21.71035996986359251 ) ) ;
#9162 = ORIENTED_EDGE ( 'NONE', *, *, #1748, .T. ) ;
#9163 = ORIENTED_EDGE ( 'NONE', *, *, #8410, .T. ) ;
#9164 = AXIS2_PLACEMENT_3D ( 'NONE', #5711, #6460, #2518 ) ;
#9165 = EDGE_LOOP ( 'NONE', ( #8524, #8925, #7473, #5189, #2032, #9072 ) ) ;
#9166 = EDGE_LOOP ( 'NONE', ( #9533, #17, #7707, #8397 ) ) ;
#9167 = CARTESIAN_POINT ( 'NONE',  ( 42.39204085045860637, 1.853984220202522515, 15.49227004220556303 ) ) ;
#9168 = CARTESIAN_POINT ( 'NONE',  ( -3.961000000000000298, 3.174999999999990052, -6.349999999999999645 ) ) ;
#9169 = CARTESIAN_POINT ( 'NONE',  ( 16.39729438004035700, 1.805356187900644116, 24.04368287185440423 ) ) ;
#9170 = CARTESIAN_POINT ( 'NONE',  ( 3.135382751754560271, 2.286000000000000032, 19.55000000000000071 ) ) ;
#9171 = DIRECTION ( 'NONE',  ( -0.7071067811865476838, 0.000000000000000000, 0.7071067811865474617 ) ) ;
#9172 = AXIS2_PLACEMENT_3D ( 'NONE', #5619, #7210, #10317 ) ;
#9173 = DIRECTION ( 'NONE',  ( 0.000000000000000000, 0.000000000000000000, 1.000000000000000000 ) ) ;
#9174 = CARTESIAN_POINT ( 'NONE',  ( 16.15164656226628281, 5.287427556358492708, 4.382461192970674269 ) ) ;
#9175 = VECTOR ( 'NONE', #7376, 1000.000000000000000 ) ;
#9176 = PLANE ( 'NONE',  #571 ) ;
#9177 = CIRCLE ( 'NONE', #6163, 3.964000000000003965 ) ;
#9178 = ADVANCED_FACE ( 'NONE', ( #5175 ), #1847, .F. ) ;
#9179 = VECTOR ( 'NONE', #5770, 1000.000000000000000 ) ;
#9180 = CARTESIAN_POINT ( 'NONE',  ( 13.27832292111577139, 1.769333036791856273, 24.07823949366405714 ) ) ;
#9181 = DIRECTION ( 'NONE',  ( 1.000000000000000000, 0.000000000000000000, -1.720101691663110637E-12 ) ) ;
#9182 = EDGE_CURVE ( 'NONE', #3446, #948, #5076, .T. ) ;
#9183 = CARTESIAN_POINT ( 'NONE',  ( 46.47306674531507298, 2.652103194792557073, -1.338153223117132473 ) ) ;
#9184 = VECTOR ( 'NONE', #4187, 1000.000000000000000 ) ;
#9185 = DIRECTION ( 'NONE',  ( 0.000000000000000000, 0.000000000000000000, -1.000000000000000000 ) ) ;
#9186 = CARTESIAN_POINT ( 'NONE',  ( -3.666060555964672840, 1.136000000000000343, -18.55000000000000071 ) ) ;
#9187 = VERTEX_POINT ( 'NONE', #4283 ) ;
#9188 = EDGE_CURVE ( 'NONE', #3621, #5297, #9048, .T. ) ;
#9189 = VECTOR ( 'NONE', #344, 1000.000000000000000 ) ;
#9190 = CIRCLE ( 'NONE', #403, 3.964000000000003077 ) ;
#9191 = CARTESIAN_POINT ( 'NONE',  ( 39.76011313598858266, 1.313189017451462881, -7.273116196840650360 ) ) ;
#9192 = CARTESIAN_POINT ( 'NONE',  ( 20.16325504235057409, 0.2321154004195527532, 24.73863309098717167 ) ) ;
#9193 = CARTESIAN_POINT ( 'NONE',  ( 9.225367899791642401, 2.973859012500871035, -17.62304023070590731 ) ) ;
#9194 = CARTESIAN_POINT ( 'NONE',  ( 24.74321685701692175, 2.286000000000031562, 30.85094915009997862 ) ) ;
#9195 = EDGE_CURVE ( 'NONE', #772, #6685, #9841, .T. ) ;
#9196 = CARTESIAN_POINT ( 'NONE',  ( 0.5000000000000000000, 2.636000000109106622, -13.87409428215698881 ) ) ;
#9197 = FACE_OUTER_BOUND ( 'NONE', #7358, .T. ) ;
#9198 = CARTESIAN_POINT ( 'NONE',  ( 17.19415689518923074, 6.111502466770016184, 2.174999999999983391 ) ) ;
#9199 = CARTESIAN_POINT ( 'NONE',  ( 19.18919195935463051, 2.286000000000010246, 27.70868588987037739 ) ) ;
#9200 = APPROVAL_PERSON_ORGANIZATION ( #2242, #2060, #4695 ) ;
#9201 = CARTESIAN_POINT ( 'NONE',  ( 41.23727807053376182, 2.268849235483545002, 0.1077662646916516670 ) ) ;
#9202 = CARTESIAN_POINT ( 'NONE',  ( 18.86400948082126661, 4.407772027646998936, 18.39003790645985958 ) ) ;
#9203 = ORIENTED_EDGE ( 'NONE', *, *, #3710, .T. ) ;
#9204 = ORIENTED_EDGE ( 'NONE', *, *, #3684, .F. ) ;
#9205 = ORIENTED_EDGE ( 'NONE', *, *, #5107, .F. ) ;
#9206 = ORIENTED_EDGE ( 'NONE', *, *, #6242, .F. ) ;
#9207 = B_SPLINE_CURVE_WITH_KNOTS ( 'NONE', 3,
 ( #3298, #6683, #6635, #8853, #5790, #1753, #2446, #9759, #7318, #1660 ),
 .UNSPECIFIED., .F., .F.,
 ( 4, 2, 2, 2, 4 ),
 ( 1.987375409620156722E-18, 0.0005420301081021451682, 0.001084060216204288385, 0.001626090324306431493, 0.002168120432408575035 ),
 .UNSPECIFIED. ) ;
#9208 = FACE_OUTER_BOUND ( 'NONE', #8960, .T. ) ;
#9209 = LINE ( 'NONE', #8416, #8239 ) ;
#9210 = CARTESIAN_POINT ( 'NONE',  ( 16.01464017328647671, 3.050000000000042899, 25.51598491379551703 ) ) ;
#9211 = CARTESIAN_POINT ( 'NONE',  ( -4.699999999999999289, 0.000000000000000000, 18.55000000000000071 ) ) ;
#9212 = ORIENTED_EDGE ( 'NONE', *, *, #3128, .T. ) ;
#9213 = DIRECTION ( 'NONE',  ( -0.7071067811865473507, 0.000000000000000000, -0.7071067811865477948 ) ) ;
#9214 = CARTESIAN_POINT ( 'NONE',  ( 33.91755165869211908, 2.059908485146173973, 22.89465901341359100 ) ) ;
#9215 = CARTESIAN_POINT ( 'NONE',  ( 44.30000000000001847, 1.260238479836697234, -4.308727711168797825 ) ) ;
#9216 = CARTESIAN_POINT ( 'NONE',  ( 30.54471284310929846, -2.286000000000000032, 35.74999999999942446 ) ) ;
#9217 = ORIENTED_EDGE ( 'NONE', *, *, #7954, .T. ) ;
#9218 = ORIENTED_EDGE ( 'NONE', *, *, #9182, .T. ) ;
#9219 = ORIENTED_EDGE ( 'NONE', *, *, #4941, .T. ) ;
#9220 = VERTEX_POINT ( 'NONE', #5031 ) ;
#9221 = AXIS2_PLACEMENT_3D ( 'NONE', #9470, #5445, #6422 ) ;
#9222 = AXIS2_PLACEMENT_3D ( 'NONE', #8280, #5007, #1033 ) ;
#9223 = CARTESIAN_POINT ( 'NONE',  ( 38.72303030092328413, 2.235265638949979650, 3.251948515265890904 ) ) ;
#9224 = CARTESIAN_POINT ( 'NONE',  ( 0.000000000000000000, 2.286000000000000032, 15.82500000000000284 ) ) ;
#9225 = LINE ( 'NONE', #5207, #2926 ) ;
#9226 = LINE ( 'NONE', #5208, #7826 ) ;
#9227 = DIRECTION ( 'NONE',  ( -1.000000000000000000, 0.000000000000000000, 0.000000000000000000 ) ) ;
#9228 = CARTESIAN_POINT ( 'NONE',  ( 39.09999999999743636, 2.464461727060612173, -2.600000000002955503 ) ) ;
#9229 = CARTESIAN_POINT ( 'NONE',  ( 15.53349823495185866, 2.176789126181016609, 19.65080180120979847 ) ) ;
#9230 = EDGE_CURVE ( 'NONE', #5167, #608, #1948, .T. ) ;
#9231 = DIRECTION ( 'NONE',  ( 0.000000000000000000, 0.000000000000000000, -1.000000000000000000 ) ) ;
#9232 = ORIENTED_EDGE ( 'NONE', *, *, #7837, .F. ) ;
#9233 = VECTOR ( 'NONE', #8075, 1000.000000000000000 ) ;
#9234 = CARTESIAN_POINT ( 'NONE',  ( 14.95933884946106573, 2.565015014387410197, 20.37359613702381012 ) ) ;
#9235 = DIRECTION ( 'NONE',  ( 2.764605985400094614E-17, 0.000000000000000000, 1.000000000000000000 ) ) ;
#9236 = CARTESIAN_POINT ( 'NONE',  ( 26.07955609887344650, 3.328038632014975295, -16.74559133388180143 ) ) ;
#9237 = FACE_OUTER_BOUND ( 'NONE', #3511, .T. ) ;
#9238 = ADVANCED_FACE ( 'NONE', ( #259 ), #6646, .F. ) ;
#9239 = AXIS2_PLACEMENT_3D ( 'NONE', #8462, #1213, #1859 ) ;
#9240 = VERTEX_POINT ( 'NONE', #7566 ) ;
#9241 = ORIENTED_EDGE ( 'NONE', *, *, #3623, .F. ) ;
#9242 = B_SPLINE_CURVE_WITH_KNOTS ( 'NONE', 3,
 ( #9661, #3211, #9771, #9714, #2457, #2404, #2562, #9861, #7236, #7380, #5702, #8919 ),
 .UNSPECIFIED., .F., .F.,
 ( 4, 2, 2, 2, 2, 4 ),
 ( 0.0007545904649374655590, 0.008462609183223482670, 0.01617062790150949891, 0.02387864661979551689, 0.02773265597893853282, 0.03158666533808154875 ),
 .UNSPECIFIED. ) ;
#9243 = CARTESIAN_POINT ( 'NONE',  ( 34.40123899699324994, 2.141628053717979707, -6.824396025416627154 ) ) ;
#9244 = DIRECTION ( 'NONE',  ( -0.000000000000000000, 1.000000000000000000, -0.000000000000000000 ) ) ;
#9245 = CARTESIAN_POINT ( 'NONE',  ( 38.17576682796821785, -3.049999999999999822, 23.45483514085462318 ) ) ;
#9246 = CARTESIAN_POINT ( 'NONE',  ( 18.26132716099838760, 2.286000000000017351, 27.39968934023576708 ) ) ;
#9247 = CYLINDRICAL_SURFACE ( 'NONE', #6522, 6.200000000000001066 ) ;
#9248 = CARTESIAN_POINT ( 'NONE',  ( 18.56189936773230187, 6.119860631206749169, -1.100000000000735723 ) ) ;
#9249 = LINE ( 'NONE', #8353, #782 ) ;
#9250 = CARTESIAN_POINT ( 'NONE',  ( 16.83054483986832750, 3.049999999999955858, 25.66723021204952460 ) ) ;
#9251 = EDGE_CURVE ( 'NONE', #3237, #8071, #4875, .T. ) ;
#9252 = CARTESIAN_POINT ( 'NONE',  ( 42.79053903106834156, 3.437371228461451711, -1.489505025759614742 ) ) ;
#9253 = CARTESIAN_POINT ( 'NONE',  ( -4.700000000000001066, 2.373436757295736221, 21.80359264318559553 ) ) ;
#9254 = EDGE_LOOP ( 'NONE', ( #5400, #2763, #4668, #8945 ) ) ;
#9255 = EDGE_LOOP ( 'NONE', ( #8058, #2094, #3857, #10164, #1626 ) ) ;
#9256 = ADVANCED_FACE ( 'NONE', ( #6774 ), #5784, .F. ) ;
#9257 = EDGE_LOOP ( 'NONE', ( #1223, #2201, #10103, #5745 ) ) ;
#9258 = ADVANCED_FACE ( 'NONE', ( #3637 ), #6038, .F. ) ;
#9259 = ORIENTED_EDGE ( 'NONE', *, *, #10354, .F. ) ;
#9260 = DIRECTION ( 'NONE',  ( 0.000000000000000000, 1.000000000000000000, 0.000000000000000000 ) ) ;
#9261 = CARTESIAN_POINT ( 'NONE',  ( 37.59999999999748610, 2.433024646861195794, -1.100000000000725286 ) ) ;
#9262 = CARTESIAN_POINT ( 'NONE',  ( -2.389000000000000234, 3.924999999999992717, 12.34999999999999787 ) ) ;
#9263 = CARTESIAN_POINT ( 'NONE',  ( -3.961000000000000298, 3.924999999999987388, -3.264854136349464753 ) ) ;
#9264 = CARTESIAN_POINT ( 'NONE',  ( 15.18689693709641730, 5.351603090324154266, 4.429475392363780628 ) ) ;
#9265 = CARTESIAN_POINT ( 'NONE',  ( 5.199999999996657074, -0.5699552530855709342, -22.85041977248753753 ) ) ;
#9266 = CARTESIAN_POINT ( 'NONE',  ( 43.74360539845961426, 2.989941901511664835, -6.111672036408282160 ) ) ;
#9267 = CARTESIAN_POINT ( 'NONE',  ( 8.798067510429403271, 5.127123020960858923, -15.23869993648496113 ) ) ;
#9268 = EDGE_CURVE ( 'NONE', #5268, #7471, #6087, .T. ) ;
#9269 = ORIENTED_EDGE ( 'NONE', *, *, #8938, .T. ) ;
#9270 = ORIENTED_EDGE ( 'NONE', *, *, #7196, .F. ) ;
#9271 = EDGE_LOOP ( 'NONE', ( #4506, #8993, #7995, #4198 ) ) ;
#9272 = ORIENTED_EDGE ( 'NONE', *, *, #1039, .F. ) ;
#9273 = FACE_OUTER_BOUND ( 'NONE', #1718, .T. ) ;
#9274 = CARTESIAN_POINT ( 'NONE',  ( 13.38738868920932745, 2.798167885773524155, -17.25973607260026554 ) ) ;
#9275 = DIRECTION ( 'NONE',  ( 0.000000000000000000, 0.000000000000000000, -1.000000000000000000 ) ) ;
#9276 = CARTESIAN_POINT ( 'NONE',  ( 39.21576965685268590, 0.2568975731676804708, 23.96319281224999997 ) ) ;
#9277 = CARTESIAN_POINT ( 'NONE',  ( 13.79941608020558697, 6.899642705054035652, 0.02708149867886177828 ) ) ;
#9278 = CARTESIAN_POINT ( 'NONE',  ( 38.93783575028793109, 2.659793492563270245, 4.324368715964962639 ) ) ;
#9279 = B_SPLINE_CURVE_WITH_KNOTS ( 'NONE', 3,
 ( #3581, #5271, #8497, #5173, #10190, #4426, #1362, #6873, #7815, #6084, #562, #2950 ),
 .UNSPECIFIED., .F., .F.,
 ( 4, 2, 2, 2, 2, 4 ),
 ( 0.000000000000000000, 0.01875000000212409881, 0.08750000000971104586, 0.2250000000248849330, 0.5000000000552327073, 0.7045705887863656924 ),
 .UNSPECIFIED. ) ;
#9280 = CARTESIAN_POINT ( 'NONE',  ( 16.55090719684971745, 5.845045703383561886, 1.222728523915552534 ) ) ;
#9281 =( LENGTH_UNIT ( ) NAMED_UNIT ( * ) SI_UNIT ( .MILLI., .METRE. ) );
#9282 = ORIENTED_EDGE ( 'NONE', *, *, #3941, .F. ) ;
#9283 = ORIENTED_EDGE ( 'NONE', *, *, #5593, .F. ) ;
#9284 = B_SPLINE_CURVE_WITH_KNOTS ( 'NONE', 3,
 ( #659, #5420, #5365, #2129 ),
 .UNSPECIFIED., .F., .F.,
 ( 4, 4 ),
 ( 0.000000000000000000, 0.001578759147089912190 ),
 .UNSPECIFIED. ) ;
#9285 = CARTESIAN_POINT ( 'NONE',  ( -4.355622928431518659, 1.820076177291844566, 18.55000000000000071 ) ) ;
#9286 = CARTESIAN_POINT ( 'NONE',  ( 12.66982730476142116, 1.773419226812711580, 24.07030346822378775 ) ) ;
#9287 = CARTESIAN_POINT ( 'NONE',  ( -4.133333333333332860, 3.049999999999999822, 25.25000000000000000 ) ) ;
#9288 = CARTESIAN_POINT ( 'NONE',  ( 40.69837361188444191, 3.026330191327162744, -8.970993470600856057 ) ) ;
#9289 = B_SPLINE_CURVE_WITH_KNOTS ( 'NONE', 3,
 ( #7900, #3990, #3142, #8693, #585, #2028, #9645, #8434, #646, #7840, #1552, #4727 ),
 .UNSPECIFIED., .F., .F.,
 ( 4, 2, 2, 2, 2, 4 ),
 ( 0.2934158492040542243, 0.4999999999999884537, 0.7749999999999930278, 0.9124999999999952038, 0.9812499999999961808, 1.000000000000000000 ),
 .UNSPECIFIED. ) ;
#9290 = CARTESIAN_POINT ( 'NONE',  ( 33.86889221386747550, 1.658101700442993653, 21.52154630890091980 ) ) ;
#9291 = ORIENTED_EDGE ( 'NONE', *, *, #3053, .F. ) ;
#9292 = ORIENTED_EDGE ( 'NONE', *, *, #5733, .T. ) ;
#9293 = B_SPLINE_CURVE_WITH_KNOTS ( 'NONE', 3,
 ( #1779, #4260, #10015, #5100, #1082, #1871, #9970, #7488, #5868, #4311, #5956, #237, #9169, #383, #9871, #4361, #6705, #7636 ),
 .UNSPECIFIED., .F., .F.,
 ( 4, 2, 2, 2, 2, 2, 2, 2, 4 ),
 ( 0.001167308771775075853, 0.006686327753685094959, 0.01220534673559511493, 0.01358510148107262491, 0.01496485622655013142, 0.01772436571750514445, 0.02048387520846015400, 0.02186362995393765704, 0.02324338469941516355 ),
 .UNSPECIFIED. ) ;
#9294 = DIRECTION ( 'NONE',  ( 0.000000000000000000, -1.643598451783743867E-10, 1.000000000000000000 ) ) ;
#9295 = CARTESIAN_POINT ( 'NONE',  ( 0.000000000000000000, 1.136000000000000343, 19.05000000000000071 ) ) ;
#9296 = CARTESIAN_POINT ( 'NONE',  ( -4.714180961614371945, 2.932787771131928789, -25.15172109281783719 ) ) ;
#9297 = CARTESIAN_POINT ( 'NONE',  ( -2.500000000000000000, -2.286000000000000032, 25.25000000000000355 ) ) ;
#9298 = CARTESIAN_POINT ( 'NONE',  ( 0.5000000000000000000, 1.136000000000000343, 22.18538275175455965 ) ) ;
#9299 = CARTESIAN_POINT ( 'NONE',  ( 30.20479799582880887, 3.049999999999999378, 35.15925912165252498 ) ) ;
#9300 = CARTESIAN_POINT ( 'NONE',  ( 33.55582753822929476, 2.742416538520480174, 35.14535264961739358 ) ) ;
#9301 = CARTESIAN_POINT ( 'NONE',  ( 39.93829450439930895, 1.972070175360870703, -5.723435733170575190 ) ) ;
#9302 = DIRECTION ( 'NONE',  ( -0.000000000000000000, 1.000000000000000000, -0.000000000000000000 ) ) ;
#9303 = ORIENTED_EDGE ( 'NONE', *, *, #4389, .F. ) ;
#9304 = VERTEX_POINT ( 'NONE', #5333 ) ;
#9305 = EDGE_LOOP ( 'NONE', ( #9701, #10066, #8444, #9241 ) ) ;
#9306 = VERTEX_POINT ( 'NONE', #2155 ) ;
#9307 = CARTESIAN_POINT ( 'NONE',  ( 9.564617248245438574, -2.286000000000000032, 31.25000000000000000 ) ) ;
#9308 = EDGE_CURVE ( 'NONE', #3545, #9753, #4477, .T. ) ;
#9309 = CARTESIAN_POINT ( 'NONE',  ( 43.22246056558488192, 1.268932520695691402, -6.881572931628594070 ) ) ;
#9310 = FACE_OUTER_BOUND ( 'NONE', #1481, .T. ) ;
#9311 = CARTESIAN_POINT ( 'NONE',  ( 12.70000000000200124, 3.049999999999999822, 25.25000000000000000 ) ) ;
#9312 = DIRECTION ( 'NONE',  ( -0.000000000000000000, 1.000000000000000000, -0.000000000000000000 ) ) ;
#9313 = CARTESIAN_POINT ( 'NONE',  ( 2.136930705474032521, 3.573834947058712075, -22.67636598492891409 ) ) ;
#9314 = ADVANCED_FACE ( 'NONE', ( #4653 ), #9247, .T. ) ;
#9315 = LINE ( 'NONE', #5293, #6212 ) ;
#9316 = CARTESIAN_POINT ( 'NONE',  ( 1.106110860068566071, 3.587849893199329898, 23.11125361327463068 ) ) ;
#9317 = ORIENTED_EDGE ( 'NONE', *, *, #148, .F. ) ;
#9318 = ORIENTED_EDGE ( 'NONE', *, *, #6461, .T. ) ;
#9319 = ORIENTED_EDGE ( 'NONE', *, *, #9131, .T. ) ;
#9320 = ORIENTED_EDGE ( 'NONE', *, *, #7627, .F. ) ;
#9321 = CARTESIAN_POINT ( 'NONE',  ( 30.43805166203436485, 3.049999999999999378, 35.55831459477731471 ) ) ;
#9322 = EDGE_CURVE ( 'NONE', #9104, #8652, #6877, .T. ) ;
#9323 = CARTESIAN_POINT ( 'NONE',  ( -4.199999999999999289, 0.000000000000000000, 23.25000000000000000 ) ) ;
#9324 = CARTESIAN_POINT ( 'NONE',  ( -0.4999999999999987232, 1.136000000000000343, -22.71606055596467399 ) ) ;
#9325 = CARTESIAN_POINT ( 'NONE',  ( 42.80000000000000426, 1.910346359751515122, 12.13083899229904183 ) ) ;
#9326 = CARTESIAN_POINT ( 'NONE',  ( -2.389000000000000234, 2.424999999999991829, 12.34999999999999787 ) ) ;
#9327 = DIRECTION ( 'NONE',  ( 0.000000000000000000, 0.000000000000000000, 1.000000000000000000 ) ) ;
#9328 = CIRCLE ( 'NONE', #4783, 3.225000000000000533 ) ;
#9329 = CARTESIAN_POINT ( 'NONE',  ( 13.19999999999996909, 0.7859999999999998099, 25.25608977586499648 ) ) ;
#9330 = CARTESIAN_POINT ( 'NONE',  ( 12.69999999999999929, 0.7859999999999998099, 31.75000000000000000 ) ) ;
#9331 = ORIENTED_EDGE ( 'NONE', *, *, #3603, .F. ) ;
#9332 = EDGE_LOOP ( 'NONE', ( #8748, #3922, #10117, #3148 ) ) ;
#9333 = LINE ( 'NONE', #6125, #6183 ) ;
#9334 = AXIS2_PLACEMENT_3D ( 'NONE', #6261, #8896, #1650 ) ;
#9335 = CARTESIAN_POINT ( 'NONE',  ( 16.83519123880323320, 4.994833961458945204, 8.221651412651583613 ) ) ;
#9336 = DIRECTION ( 'NONE',  ( 0.000000000000000000, 0.000000000000000000, -1.000000000000000000 ) ) ;
#9337 = CARTESIAN_POINT ( 'NONE',  ( 23.83225209148818990, 3.310176825426303093, -17.87558723250324988 ) ) ;
#9338 = CYLINDRICAL_SURFACE ( 'NONE', #5166, 3.174999999999999378 ) ;
#9339 = VECTOR ( 'NONE', #5589, 1000.000000000000000 ) ;
#9340 = EDGE_LOOP ( 'NONE', ( #10147, #6638, #8495, #715 ) ) ;
#9341 = ORIENTED_EDGE ( 'NONE', *, *, #6430, .F. ) ;
#9342 = CARTESIAN_POINT ( 'NONE',  ( 44.29999761218530807, 1.493997555452893922, 0.02443171477397927324 ) ) ;
#9343 = CARTESIAN_POINT ( 'NONE',  ( 38.09999999999682530, 2.606638053464394034, -2.852819276697532658 ) ) ;
#9344 = CARTESIAN_POINT ( 'NONE',  ( -0.5000000000000001110, 1.135999999986903486, 15.38393944402235114 ) ) ;
#9345 = VECTOR ( 'NONE', #7912, 1000.000000000000000 ) ;
#9346 = DIRECTION ( 'NONE',  ( 0.000000000000000000, 1.606225440719263409E-16, 1.000000000000000000 ) ) ;
#9347 = LINE ( 'NONE', #2101, #5636 ) ;
#9348 = FACE_OUTER_BOUND ( 'NONE', #742, .T. ) ;
#9349 = AXIS2_PLACEMENT_3D ( 'NONE', #3652, #2659, #10109 ) ;
#9350 = CARTESIAN_POINT ( 'NONE',  ( 32.98812606040404205, 3.005697855475321756, 35.55320782255097356 ) ) ;
#9351 = DIRECTION ( 'NONE',  ( 0.000000000000000000, 0.000000000000000000, 1.000000000000000000 ) ) ;
#9352 = CARTESIAN_POINT ( 'NONE',  ( 9.690201059217875112, 2.372236882679723102, -17.86690022953879264 ) ) ;
#9353 = EDGE_CURVE ( 'NONE', #5896, #9651, #1313, .T. ) ;
#9354 = EDGE_LOOP ( 'NONE', ( #545, #9993 ) ) ;
#9355 = EDGE_LOOP ( 'NONE', ( #1264, #4607, #6846, #2215 ) ) ;
#9356 = CARTESIAN_POINT ( 'NONE',  ( 24.31454801929194076, 2.241618785972953720, -13.08552621609731759 ) ) ;
#9357 = VERTEX_POINT ( 'NONE', #509 ) ;
#9358 = ORIENTED_EDGE ( 'NONE', *, *, #5947, .T. ) ;
#9359 = EDGE_CURVE ( 'NONE', #4463, #7164, #6925, .T. ) ;
#9360 = CARTESIAN_POINT ( 'NONE',  ( 31.26224373803044543, -3.049999999999999822, 34.01571204165747275 ) ) ;
#9361 = CIRCLE ( 'NONE', #1086, 3.175000000000000711 ) ;
#9362 = DIRECTION ( 'NONE',  ( 0.000000000000000000, -1.000000000000000000, -0.000000000000000000 ) ) ;
#9363 = DIRECTION ( 'NONE',  ( 0.000000000000000000, 0.000000000000000000, -1.000000000000000000 ) ) ;
#9364 = CARTESIAN_POINT ( 'NONE',  ( 21.67254483484505201, -3.049999999999999822, 25.65010291790997599 ) ) ;
#9365 = ORIENTED_EDGE ( 'NONE', *, *, #4601, .F. ) ;
#9366 = CARTESIAN_POINT ( 'NONE',  ( 12.69999999999999929, 2.286000000000000032, 29.64999999999999858 ) ) ;
#9367 = CARTESIAN_POINT ( 'NONE',  ( -1.130021360976041743E-15, 3.484368460139444235, -23.25000000000000711 ) ) ;
#9368 = AXIS2_PLACEMENT_3D ( 'NONE', #3804, #7036, #10252 ) ;
#9369 = CARTESIAN_POINT ( 'NONE',  ( 44.30000000000060112, 1.288326793398072656, -4.656824951365453380 ) ) ;
#9370 = CARTESIAN_POINT ( 'NONE',  ( 3.786822987358842152, 4.127731535033294819, 20.88692890764652788 ) ) ;
#9371 = ADVANCED_FACE ( 'NONE', ( #464 ), #3130, .T. ) ;
#9372 = B_SPLINE_CURVE_WITH_KNOTS ( 'NONE', 3,
 ( #3991, #5628, #7113, #2443, #4611, #7221, #8851, #7841, #2226, #7160, #5529, #8754, #1503, #10380 ),
 .UNSPECIFIED., .F., .F.,
 ( 4, 2, 2, 2, 2, 2, 4 ),
 ( 9.831938417155640929E-17, 0.0002991544429913180420, 0.0005983088859825377468, 0.0008974633289737574517, 0.001196617771964977048, 0.001794926657947416458, 0.002393235543929856084 ),
 .UNSPECIFIED. ) ;
#9373 = EDGE_CURVE ( 'NONE', #3734, #8471, #5103, .T. ) ;
#9374 = ORIENTED_EDGE ( 'NONE', *, *, #10091, .F. ) ;
#9375 = VERTEX_POINT ( 'NONE', #2952 ) ;
#9376 = VERTEX_POINT ( 'NONE', #1364 ) ;
#9377 = ORIENTED_EDGE ( 'NONE', *, *, #8986, .T. ) ;
#9378 = EDGE_CURVE ( 'NONE', #608, #9117, #4538, .T. ) ;
#9379 = CARTESIAN_POINT ( 'NONE',  ( -4.700000000000001066, 2.189811587577078278, -22.50162557169935695 ) ) ;
#9380 = CARTESIAN_POINT ( 'NONE',  ( 33.33962737400719334, 2.627539170145814840, -7.907228967769348138 ) ) ;
#9381 = CARTESIAN_POINT ( 'NONE',  ( 3.135382751754559827, -2.286000000000000032, 31.25000000000000000 ) ) ;
#9382 = CARTESIAN_POINT ( 'NONE',  ( 37.03253368218814501, 2.088455801128930034, -3.963639648492397694 ) ) ;
#9383 = CARTESIAN_POINT ( 'NONE',  ( 38.72548268815460659, 2.140564205111263885, -1.603607188233205028 ) ) ;
#9384 = DIRECTION ( 'NONE',  ( 0.000000000000000000, -1.000000000000000000, 0.000000000000000000 ) ) ;
#9385 = CARTESIAN_POINT ( 'NONE',  ( 0.000000000000000000, 3.261000000000000121, 19.05000000000000071 ) ) ;
#9386 = EDGE_CURVE ( 'NONE', #1811, #7771, #6974, .T. ) ;
#9387 = CARTESIAN_POINT ( 'NONE',  ( -3.306549477961393979, 4.397471470710248909, 13.76862108836788323 ) ) ;
#9388 = ORIENTED_EDGE ( 'NONE', *, *, #1826, .F. ) ;
#9389 = AXIS2_PLACEMENT_3D ( 'NONE', #6200, #7145, #9582 ) ;
#9390 = ORIENTED_EDGE ( 'NONE', *, *, #5921, .T. ) ;
#9391 = ADVANCED_FACE ( 'NONE', ( #6198 ), #565, .T. ) ;
#9392 = EDGE_CURVE ( 'NONE', #3809, #2279, #3012, .T. ) ;
#9393 = CARTESIAN_POINT ( 'NONE',  ( 7.423598393258415307, 4.105076703868469679, -13.41085251137354817 ) ) ;
#9394 = CARTESIAN_POINT ( 'NONE',  ( -5.469968975141758172, 3.168834221954596853, -24.77260925627023980 ) ) ;
#9395 = CARTESIAN_POINT ( 'NONE',  ( 13.87809486809850590, 2.592927292754191981, 20.34156334648725561 ) ) ;
#9396 = CONICAL_SURFACE ( 'NONE', #5705, 3.700000000000001954, 0.7853981633974500554 ) ;
#9397 = CARTESIAN_POINT ( 'NONE',  ( -2.389000000000000234, 2.424999999999986944, 3.264854136349466085 ) ) ;
#9398 = CIRCLE ( 'NONE', #8546, 3.175000000000000711 ) ;
#9399 = CARTESIAN_POINT ( 'NONE',  ( 12.86089389281639939, 6.389716021004075763, -2.362752869132572542 ) ) ;
#9400 = FACE_OUTER_BOUND ( 'NONE', #8225, .T. ) ;
#9401 = ADVANCED_FACE ( 'NONE', ( #5443 ), #1422, .T. ) ;
#9402 = ORIENTED_EDGE ( 'NONE', *, *, #9086, .F. ) ;
#9403 = AXIS2_PLACEMENT_3D ( 'NONE', #1184, #6704, #4509 ) ;
#9404 = ORIENTED_EDGE ( 'NONE', *, *, #3839, .T. ) ;
#9405 = DIRECTION ( 'NONE',  ( -0.000000000000000000, 1.000000000000000000, -0.000000000000000000 ) ) ;
#9406 = VERTEX_POINT ( 'NONE', #3180 ) ;
#9407 = CARTESIAN_POINT ( 'NONE',  ( 44.29999441004714811, 1.503082857386404569, 0.02748271896415415902 ) ) ;
#9408 = DIRECTION ( 'NONE',  ( 0.000000000000000000, -1.000000000000000000, -0.000000000000000000 ) ) ;
#9409 = CARTESIAN_POINT ( 'NONE',  ( 35.84512323182180893, 3.937680887564460885, 15.92142717413736008 ) ) ;
#9410 = CARTESIAN_POINT ( 'NONE',  ( -2.500000000000000000, 2.286000000000000032, 29.79280174739501774 ) ) ;
#9411 = PLANE ( 'NONE',  #7324 ) ;
#9412 = AXIS2_PLACEMENT_3D ( 'NONE', #2333, #8949, #8094 ) ;
#9413 = VECTOR ( 'NONE', #190, 1000.000000000000000 ) ;
#9414 = DIRECTION ( 'NONE',  ( 0.000000000000000000, 0.000000000000000000, -1.000000000000000000 ) ) ;
#9415 = CARTESIAN_POINT ( 'NONE',  ( 33.35621240273455612, 2.860527834508445277, 35.32544128481578838 ) ) ;
#9416 = CARTESIAN_POINT ( 'NONE',  ( 34.00436893349572642, 3.067967340555118216, 33.63661025794702653 ) ) ;
#9418 = B_SPLINE_CURVE_WITH_KNOTS ( 'NONE', 3,
 ( #6772, #9838, #5834, #7460, #205, #3435, #6672, #460, #9245, #5223, #10250, #8612, #4377 ),
 .UNSPECIFIED., .F., .F.,
 ( 4, 2, 2, 1, 2, 2, 4 ),
 ( 4.920696423411720810E-19, 0.008999287635529925472, 0.01349893145329489168, 0.01799857527105985788, 0.02249821908882482235, 0.02699786290658979029, 0.03599715054211971577 ),
 .UNSPECIFIED. ) ;
#9417 = CARTESIAN_POINT ( 'NONE',  ( 8.649999181959593386, 2.647212660763766490, -16.98223806858346308 ) ) ;
#9419 = VERTEX_POINT ( 'NONE', #7933 ) ;
#9420 = ORIENTED_EDGE ( 'NONE', *, *, #4273, .T. ) ;
#9421 = ORIENTED_EDGE ( 'NONE', *, *, #1091, .T. ) ;
#9422 = B_SPLINE_CURVE_WITH_KNOTS ( 'NONE', 3,
 ( #1533, #7140, #1725, #1872 ),
 .UNSPECIFIED., .F., .F.,
 ( 4, 4 ),
 ( 0.001448078071963340447, 0.001959883524301553499 ),
 .UNSPECIFIED. ) ;
#9423 = ORIENTED_EDGE ( 'NONE', *, *, #2708, .T. ) ;
#9424 = CARTESIAN_POINT ( 'NONE',  ( 12.69999999999999218, 3.049999999999999822, 25.25000000000000000 ) ) ;
#9425 = CARTESIAN_POINT ( 'NONE',  ( 28.08840112432768166, -1.131999999999999229, 32.24999999999960920 ) ) ;
#9426 = CARTESIAN_POINT ( 'NONE',  ( 38.09999999999789821, 4.194470663693895318, -2.600000000002220979 ) ) ;
#9427 = CARTESIAN_POINT ( 'NONE',  ( 31.01516863687628955, -3.049999999999999378, 33.62186692243327002 ) ) ;
#9428 = VERTEX_POINT ( 'NONE', #8730 ) ;
#9429 = LINE ( 'NONE', #5242, #7349 ) ;
#9430 = CARTESIAN_POINT ( 'NONE',  ( 32.12299493312961829, 1.084202172485504434E-16, 33.75000000000000000 ) ) ;
#9431 = CARTESIAN_POINT ( 'NONE',  ( 8.304342807604015775, 3.390613376813357949, -14.02266828912044794 ) ) ;
#9432 = FACE_BOUND ( 'NONE', #7891, .T. ) ;
#9433 = LINE ( 'NONE', #5532, #1261 ) ;
#9434 = EDGE_LOOP ( 'NONE', ( #5233, #3089, #2439, #3290 ) ) ;
#9435 = ORIENTED_EDGE ( 'NONE', *, *, #9850, .T. ) ;
#9436 = VERTEX_POINT ( 'NONE', #10414 ) ;
#9437 = ORIENTED_EDGE ( 'NONE', *, *, #1864, .T. ) ;
#9438 = PLANE ( 'NONE',  #7483 ) ;
#9439 = CARTESIAN_POINT ( 'NONE',  ( 37.53362381734245901, 2.468117585106016421, -4.834061470655999670 ) ) ;
#9440 = CARTESIAN_POINT ( 'NONE',  ( -3.961000000000000298, 3.924999999999987388, -9.973189202894504390 ) ) ;
#9441 = DIRECTION ( 'NONE',  ( 0.000000000000000000, 1.000000000000000000, 0.000000000000000000 ) ) ;
#9442 = B_SPLINE_CURVE_WITH_KNOTS ( 'NONE', 3,
 ( #9835, #6669, #2586, #8296 ),
 .UNSPECIFIED., .F., .F.,
 ( 4, 4 ),
 ( 0.002061819883472201971, 0.002086645705625160118 ),
 .UNSPECIFIED. ) ;
#9443 = EDGE_CURVE ( 'NONE', #10330, #773, #8038, .T. ) ;
#9444 = CARTESIAN_POINT ( 'NONE',  ( 14.65719825260497799, 2.286000000000000032, 34.25000000000000000 ) ) ;
#9445 = CARTESIAN_POINT ( 'NONE',  ( 38.09999999999789821, 4.194470663693895318, -2.600000000002220979 ) ) ;
#9446 = ADVANCED_FACE ( 'NONE', ( #842 ), #8084, .T. ) ;
#9447 = CARTESIAN_POINT ( 'NONE',  ( 11.72750982262498454, 2.808872042578514083, -17.70569295688671474 ) ) ;
#9448 = CARTESIAN_POINT ( 'NONE',  ( -2.028565122464387027, 3.609345837434779103, 16.89931650116881201 ) ) ;
#9449 = ORIENTED_EDGE ( 'NONE', *, *, #8336, .T. ) ;
#9450 = ORIENTED_EDGE ( 'NONE', *, *, #9596, .F. ) ;
#9451 = DIRECTION ( 'NONE',  ( 1.000000000000000000, -0.000000000000000000, -0.000000000000000000 ) ) ;
#9452 = CARTESIAN_POINT ( 'NONE',  ( 0.000000000000000000, 2.286000000000000032, -19.05000000000000071 ) ) ;
#9453 = CARTESIAN_POINT ( 'NONE',  ( -2.389000000000000234, 3.924999999999986500, -0.7499999999999992228 ) ) ;
#9454 = EDGE_CURVE ( 'NONE', #3513, #5898, #7201, .T. ) ;
#9455 = DIRECTION ( 'NONE',  ( -0.000000000000000000, 1.000000000000000000, -0.000000000000000000 ) ) ;
#9456 = CARTESIAN_POINT ( 'NONE',  ( 2.717048033575609534, 6.786102841559769061, 3.786435666614138551 ) ) ;
#9457 = DIRECTION ( 'NONE',  ( 0.000000000000000000, -1.000000000000000000, -0.000000000000000000 ) ) ;
#9458 = CARTESIAN_POINT ( 'NONE',  ( -2.388999999999999790, 9.176075699005698638, 0.7499999999999987788 ) ) ;
#9459 = CARTESIAN_POINT ( 'NONE',  ( 41.70179815535454537, 1.814569413158911848, 11.95668185498506553 ) ) ;
#9460 = EDGE_CURVE ( 'NONE', #10387, #5898, #4761, .T. ) ;
#9461 = ORIENTED_EDGE ( 'NONE', *, *, #8473, .T. ) ;
#9462 = ORIENTED_EDGE ( 'NONE', *, *, #4601, .T. ) ;
#9463 = ORIENTED_EDGE ( 'NONE', *, *, #6080, .T. ) ;
#9464 = EDGE_CURVE ( 'NONE', #1015, #3214, #9680, .T. ) ;
#9465 = CARTESIAN_POINT ( 'NONE',  ( 44.29540952042828650, 1.624984464888872049, 0.03401748685899175229 ) ) ;
#9466 = DIRECTION ( 'NONE',  ( 0.000000000000000000, 1.000000000000000000, 0.000000000000000000 ) ) ;
#9467 = CARTESIAN_POINT ( 'NONE',  ( 31.26224373803044543, 1.583996660878447704, 34.01571204165747275 ) ) ;
#9468 = CARTESIAN_POINT ( 'NONE',  ( 10.74280174739502058, 2.286000000000000032, 34.25000000000000000 ) ) ;
#9469 = FACE_BOUND ( 'NONE', #3246, .T. ) ;
#9470 = CARTESIAN_POINT ( 'NONE',  ( 0.000000000000000000, 1.136000000000000343, 19.05000000000000071 ) ) ;
#9471 = CARTESIAN_POINT ( 'NONE',  ( 33.93669169183782941, 2.565143919160897568, 34.63569468180251221 ) ) ;
#9472 = DIRECTION ( 'NONE',  ( -1.000000000000000000, 0.000000000000000000, 0.000000000000000000 ) ) ;
#9473 = ORIENTED_EDGE ( 'NONE', *, *, #7954, .F. ) ;
#9474 = ORIENTED_EDGE ( 'NONE', *, *, #2675, .T. ) ;
#9475 = ORIENTED_EDGE ( 'NONE', *, *, #6764, .F. ) ;
#9476 = ORIENTED_EDGE ( 'NONE', *, *, #1692, .F. ) ;
#9477 = CARTESIAN_POINT ( 'NONE',  ( 36.94361823928894495, 4.640040388005757244, 3.174999999999982503 ) ) ;
#9478 = CARTESIAN_POINT ( 'NONE',  ( -5.335592306863317980, 3.145073821940426839, -24.86529804439152613 ) ) ;
#9479 = CARTESIAN_POINT ( 'NONE',  ( -3.961000000000000298, 3.174999999999987388, 6.349999999999999645 ) ) ;
#9480 = CARTESIAN_POINT ( 'NONE',  ( -5.533063110932718409, 3.176948475929565419, 24.74663338101255761 ) ) ;
#9481 = ORIENTED_EDGE ( 'NONE', *, *, #13, .F. ) ;
#9482 = CARTESIAN_POINT ( 'NONE',  ( -4.700000000000000178, 2.424999999999986500, -0.7500000000000000000 ) ) ;
#9483 = CARTESIAN_POINT ( 'NONE',  ( 1.123305652750358430, 3.487303134602091959, -23.13477177712384147 ) ) ;
#9484 = CARTESIAN_POINT ( 'NONE',  ( -1.884402183815909515, 3.628592786084226862, -22.81378873122670825 ) ) ;
#9485 = DIRECTION ( 'NONE',  ( 0.000000000000000000, -1.000000000000000000, -0.000000000000000000 ) ) ;
#9486 = CARTESIAN_POINT ( 'NONE',  ( 3.182831951664325310, 5.258857977635558179, 16.29602820004784292 ) ) ;
#9487 = CARTESIAN_POINT ( 'NONE',  ( 0.5000000000000000000, 1.136000000000000343, 19.05000000000000071 ) ) ;
#9488 = ORIENTED_EDGE ( 'NONE', *, *, #2286, .T. ) ;
#9489 = ORIENTED_EDGE ( 'NONE', *, *, #1166, .T. ) ;
#9490 = B_SPLINE_SURFACE_WITH_KNOTS ( 'NONE', 3, 1, ( 
 ( #9708, #4896 ),
 ( #3998, #3942 ),
 ( #4149, #7232 ),
 ( #8111, #8915 ),
 ( #2453, #868 ),
 ( #1515, #10448 ) ),
 .UNSPECIFIED., .F., .F., .F.,
 ( 4, 1, 1, 4 ),
 ( 2, 2 ),
 ( 0.000000000000000000, 0.1180625174134101174, 0.3515308319231196243, 0.4861860964753616510 ),
 ( 0.000000000000000000, 1.000000000000000000 ),
 .UNSPECIFIED. ) ;
#9491 = EDGE_LOOP ( 'NONE', ( #4936, #8320, #6049, #137 ) ) ;
#9492 = EDGE_CURVE ( 'NONE', #7772, #1208, #6573, .T. ) ;
#9493 = FACE_OUTER_BOUND ( 'NONE', #6208, .T. ) ;
#9494 = ORIENTED_EDGE ( 'NONE', *, *, #10220, .F. ) ;
#9495 = CARTESIAN_POINT ( 'NONE',  ( -0.4999999999999995559, 1.136000000000000343, 19.05000000000000071 ) ) ;
#9496 = PLANE ( 'NONE',  #2316 ) ;
#9497 = FACE_BOUND ( 'NONE', #7227, .T. ) ;
#9498 = CARTESIAN_POINT ( 'NONE',  ( 0.000000000000000000, 2.286000000000000032, 35.75000000000000711 ) ) ;
#9499 = CARTESIAN_POINT ( 'NONE',  ( 0.4999999999999997780, -2.286000000000000032, 13.87409428215698881 ) ) ;
#9500 = DIRECTION ( 'NONE',  ( 0.000000000000000000, -1.000000000000000000, -0.000000000000000000 ) ) ;
#9501 = CARTESIAN_POINT ( 'NONE',  ( 10.87080467276912188, 2.808872042578514083, -17.92159849398415972 ) ) ;
#9502 = DATE_AND_TIME ( #607, #936 ) ;
#9503 = EDGE_LOOP ( 'NONE', ( #5203, #4090, #5414, #1337 ) ) ;
#9504 = ORIENTED_EDGE ( 'NONE', *, *, #8161, .T. ) ;
#9505 = CARTESIAN_POINT ( 'NONE',  ( -0.4999999999999952260, -2.285999999999999144, -23.52043695468963946 ) ) ;
#9506 = CARTESIAN_POINT ( 'NONE',  ( 32.44806068413095090, 1.582705599602425517, 34.16445950772094164 ) ) ;
#9507 = CARTESIAN_POINT ( 'NONE',  ( 37.75573116716606137, 2.488698051549392165, -0.4413883209396271545 ) ) ;
#9508 = CARTESIAN_POINT ( 'NONE',  ( 1.644531866078347671, 4.442096960184958476, -13.05770919710675848 ) ) ;
#9509 = CARTESIAN_POINT ( 'NONE',  ( 1.676132362637257067, 2.816909873827603938, 20.05542356587584507 ) ) ;
#9510 = CARTESIAN_POINT ( 'NONE',  ( 30.01044429927860335, 3.701399549998792171, -2.100000000000000089 ) ) ;
#9511 = CARTESIAN_POINT ( 'NONE',  ( 15.57885738318254276, 3.043048380029113265, -15.56903975833090570 ) ) ;
#9512 = CARTESIAN_POINT ( 'NONE',  ( 36.84524724106629634, 1.600994617348565852, 19.25537963941857811 ) ) ;
#9513 = EDGE_CURVE ( 'NONE', #7723, #2433, #9608, .T. ) ;
#9514 = ADVANCED_FACE ( 'NONE', ( #1592 ), #1536, .F. ) ;
#9515 = ORIENTED_EDGE ( 'NONE', *, *, #8532, .T. ) ;
#9516 = AXIS2_PLACEMENT_3D ( 'NONE', #72, #9765, #5694 ) ;
#9517 = ORIENTED_EDGE ( 'NONE', *, *, #1115, .F. ) ;
#9518 = ADVANCED_FACE ( 'NONE', ( #5672 ), #8887, .F. ) ;
#9519 = FACE_OUTER_BOUND ( 'NONE', #9548, .T. ) ;
#9520 = CARTESIAN_POINT ( 'NONE',  ( 31.43980097096264714, 1.574959093199593152, 34.56455308195528886 ) ) ;
#9521 = CARTESIAN_POINT ( 'NONE',  ( 34.43177597004231671, 3.737494495427853280, 20.14528862216445049 ) ) ;
#9522 = CARTESIAN_POINT ( 'NONE',  ( -4.355622933119923879, 1.820076181953943273, -19.55000000000000071 ) ) ;
#9523 = CARTESIAN_POINT ( 'NONE',  ( -2.389000000000002455, 7.232984596484270945, -8.483366003528001187 ) ) ;
#9524 = VECTOR ( 'NONE', #6723, 1000.000000000000000 ) ;
#9525 = CARTESIAN_POINT ( 'NONE',  ( 13.20000000000359819, -1.131999999999998785, 25.25608977586507109 ) ) ;
#9526 = CARTESIAN_POINT ( 'NONE',  ( 44.29999999999999716, 1.490516336901072103, -0.1728634205718203587 ) ) ;
#9527 = CARTESIAN_POINT ( 'NONE',  ( 30.54471284310929846, -2.286000000000000032, 35.74999999999942446 ) ) ;
#9528 = EDGE_CURVE ( 'NONE', #5907, #3593, #1642, .T. ) ;
#9529 = EDGE_LOOP ( 'NONE', ( #8275, #7287, #2887, #3749 ) ) ;
#9530 = ORIENTED_EDGE ( 'NONE', *, *, #7132, .F. ) ;
#9531 = CARTESIAN_POINT ( 'NONE',  ( 15.86973391220169027, 2.277257419284829609, -16.49166855232053663 ) ) ;
#9532 = ORIENTED_EDGE ( 'NONE', *, *, #5186, .T. ) ;
#9533 = ORIENTED_EDGE ( 'NONE', *, *, #6086, .T. ) ;
#9534 = FACE_OUTER_BOUND ( 'NONE', #6006, .T. ) ;
#9535 = EDGE_CURVE ( 'NONE', #8665, #10322, #4522, .T. ) ;
#9536 = CARTESIAN_POINT ( 'NONE',  ( 44.11232951321632356, 1.318355062030915459, -5.478708089454773500 ) ) ;
#9537 = FACE_OUTER_BOUND ( 'NONE', #8713, .T. ) ;
#9538 = CARTESIAN_POINT ( 'NONE',  ( 29.93246495171764820, -3.050000000000000266, 32.11802039723099256 ) ) ;
#9539 = VERTEX_POINT ( 'NONE', #3049 ) ;
#9540 = DIRECTION ( 'NONE',  ( 0.7071067811865472397, -0.000000000000000000, -0.7071067811865479058 ) ) ;
#9541 = CARTESIAN_POINT ( 'NONE',  ( -3.398296184384252171E-15, 5.587077878127460373, -14.85000000000000142 ) ) ;
#9542 = CARTESIAN_POINT ( 'NONE',  ( -3.182665264270366112, 3.899168538742499912, -21.80416292570014036 ) ) ;
#9543 = CARTESIAN_POINT ( 'NONE',  ( 4.673096798736639634, 2.135520853938426278, -18.55000000000000071 ) ) ;
#9544 = CARTESIAN_POINT ( 'NONE',  ( 5.443838715893310365, 9.088190372147332496, 0.000000000000000000 ) ) ;
#9545 = VECTOR ( 'NONE', #6627, 1000.000000000000000 ) ;
#9546 = FACE_OUTER_BOUND ( 'NONE', #1758, .T. ) ;
#9547 = EDGE_CURVE ( 'NONE', #6941, #8221, #4541, .T. ) ;
#9548 = EDGE_LOOP ( 'NONE', ( #8643, #1959, #7630, #6060 ) ) ;
#9549 = ORIENTED_EDGE ( 'NONE', *, *, #159, .T. ) ;
#9550 = EDGE_LOOP ( 'NONE', ( #7835, #485, #8003, #9450 ) ) ;
#9551 = VECTOR ( 'NONE', #6437, 1000.000000000000000 ) ;
#9552 = CARTESIAN_POINT ( 'NONE',  ( -0.4999999999999938383, 1.901239239903377509, 23.67508206933038295 ) ) ;
#9553 = DIRECTION ( 'NONE',  ( 0.000000000000000000, 0.000000000000000000, 1.000000000000000000 ) ) ;
#9554 = CARTESIAN_POINT ( 'NONE',  ( 36.50484485351370978, 2.518691217053552922, -5.629330364941884213 ) ) ;
#9555 = PLANE ( 'NONE',  #4965 ) ;
#9556 = FACE_OUTER_BOUND ( 'NONE', #1809, .T. ) ;
#9557 = VECTOR ( 'NONE', #207, 1000.000000000000000 ) ;
#9558 = CARTESIAN_POINT ( 'NONE',  ( 20.17225936412975074, -3.049999999999999822, 25.25000000000000000 ) ) ;
#9559 = CARTESIAN_POINT ( 'NONE',  ( 10.62736069498314428, 4.598926690701105713, -16.95625608541677920 ) ) ;
#9560 = CARTESIAN_POINT ( 'NONE',  ( 13.37805155634692333, 2.239838006517744340, 19.57802235105722843 ) ) ;
#9561 = COORDINATED_UNIVERSAL_TIME_OFFSET ( 6, 0, .BEHIND. ) ;
#9562 = ORIENTED_EDGE ( 'NONE', *, *, #5958, .F. ) ;
#9563 = B_SPLINE_CURVE_WITH_KNOTS ( 'NONE', 3,
 ( #5457, #7265, #746, #3926, #7152, #853, #8095, #8, #1604, #4722 ),
 .UNSPECIFIED., .F., .F.,
 ( 4, 2, 2, 2, 4 ),
 ( 0.000000000000000000, 0.2500000000000000000, 0.5000000000000000000, 0.7500000000000000000, 1.000000000000000000 ),
 .UNSPECIFIED. ) ;
#9564 = CARTESIAN_POINT ( 'NONE',  ( 10.38204998952847546, 2.545371488395176129, -17.98223806858347729 ) ) ;
#9565 = CARTESIAN_POINT ( 'NONE',  ( 20.50824405602062228, 5.259155361202597412, 2.174999999999981615 ) ) ;
#9566 = CARTESIAN_POINT ( 'NONE',  ( 32.14904758564217246, 1.676804079899104627, -11.19486527109499896 ) ) ;
#9567 = CARTESIAN_POINT ( 'NONE',  ( 3.143842873800683613, 4.229287719949041069, -13.70225241067156574 ) ) ;
#9568 = CARTESIAN_POINT ( 'NONE',  ( 6.349999999999997868, 0.7860000000050604285, 26.10710678118654471 ) ) ;
#9569 = DIRECTION ( 'NONE',  ( -0.000000000000000000, -1.000000000000000000, -0.000000000000000000 ) ) ;
#9570 = AXIS2_PLACEMENT_3D ( 'NONE', #6539, #66, #3242 ) ;
#9571 = CARTESIAN_POINT ( 'NONE',  ( -2.998872978571220926, 3.145062537695992866, -24.80881720733638218 ) ) ;
#9572 = CYLINDRICAL_SURFACE ( 'NONE', #7228, 4.000000000000003553 ) ;
#9573 = ORIENTED_EDGE ( 'NONE', *, *, #10017, .T. ) ;
#9574 = AXIS2_PLACEMENT_3D ( 'NONE', #2954, #1488, #4714 ) ;
#9575 = AXIS2_PLACEMENT_3D ( 'NONE', #1287, #10284, #4514 ) ;
#9576 = LINE ( 'NONE', #6607, #8000 ) ;
#9577 = CARTESIAN_POINT ( 'NONE',  ( 36.30514456000814505, 3.164050640591064667, 5.425601588087283211 ) ) ;
#9578 = CARTESIAN_POINT ( 'NONE',  ( 32.74173764916210416, 1.592904639872828820, 23.13729803871499513 ) ) ;
#9579 = EDGE_CURVE ( 'NONE', #10134, #3202, #9333, .T. ) ;
#9580 = CARTESIAN_POINT ( 'NONE',  ( 38.90696780486123885, 2.688253560457665170, 3.770267160098371484 ) ) ;
#9581 = DIRECTION ( 'NONE',  ( 1.000000000000000000, 0.000000000000000000, -0.000000000000000000 ) ) ;
#9582 = DIRECTION ( 'NONE',  ( 0.000000000000000000, 0.000000000000000000, 1.000000000000000000 ) ) ;
#9583 = CARTESIAN_POINT ( 'NONE',  ( 44.30000000000000426, 3.055687518552811621, -1.048638151001789698 ) ) ;
#9584 = CIRCLE ( 'NONE', #5017, 3.700000000000001954 ) ;
#9585 = DIRECTION ( 'NONE',  ( 0.000000000000000000, -0.000000000000000000, -1.000000000000000000 ) ) ;
#9586 = AXIS2_PLACEMENT_3D ( 'NONE', #6001, #8370, #3403 ) ;
#9587 = ORIENTED_EDGE ( 'NONE', *, *, #2392, .T. ) ;
#9588 = EDGE_LOOP ( 'NONE', ( #6330, #8568, #9388, #6096 ) ) ;
#9589 = ORIENTED_EDGE ( 'NONE', *, *, #1627, .F. ) ;
#9590 = DIRECTION ( 'NONE',  ( 0.000000000000000000, -1.000000000000000000, 0.000000000000000000 ) ) ;
#9591 = DIRECTION ( 'NONE',  ( 0.7071067811865479058, 0.000000000000000000, 0.7071067811865472397 ) ) ;
#9592 = DIRECTION ( 'NONE',  ( -1.000000000000000000, 0.000000000000000000, 0.000000000000000000 ) ) ;
#9593 = CARTESIAN_POINT ( 'NONE',  ( 22.50186897121583840, -3.049999999999995381, 26.04341844645019677 ) ) ;
#9594 = ORIENTED_EDGE ( 'NONE', *, *, #8805, .T. ) ;
#9595 = VECTOR ( 'NONE', #8424, 1000.000000000000000 ) ;
#9596 = EDGE_CURVE ( 'NONE', #7225, #926, #2087, .T. ) ;
#9597 = CARTESIAN_POINT ( 'NONE',  ( -4.200000000000003730, -0.5847467724508700337, -23.21895964886240904 ) ) ;
#9598 = CARTESIAN_POINT ( 'NONE',  ( 45.57504301334625296, 1.043579422290055403, -4.799923995461371717 ) ) ;
#9599 = CARTESIAN_POINT ( 'NONE',  ( -1.102580464601386590, 3.540781065339922318, -23.11217669458585533 ) ) ;
#9600 = CARTESIAN_POINT ( 'NONE',  ( 37.94081386192964800, 4.405628476672386995, 4.249839095306092496 ) ) ;
#9601 = CARTESIAN_POINT ( 'NONE',  ( 35.13710800066734663, 3.594728205398542542, 23.17912130884184307 ) ) ;
#9602 = EDGE_CURVE ( 'NONE', #18, #9866, #7696, .T. ) ;
#9603 = DIRECTION ( 'NONE',  ( 0.000000000000000000, 0.000000000000000000, -1.000000000000000000 ) ) ;
#9604 = EDGE_CURVE ( 'NONE', #6814, #8206, #5427, .T. ) ;
#9605 = ORIENTED_EDGE ( 'NONE', *, *, #993, .F. ) ;
#9606 = AXIS2_PLACEMENT_3D ( 'NONE', #3596, #6740, #418 ) ;
#9607 = ORIENTED_EDGE ( 'NONE', *, *, #143, .T. ) ;
#9608 = B_SPLINE_CURVE_WITH_KNOTS ( 'NONE', 3,
 ( #3862, #9522, #8835, #4712 ),
 .UNSPECIFIED., .F., .F.,
 ( 4, 4 ),
 ( 0.003283626177306023589, 0.004740600827105200497 ),
 .UNSPECIFIED. ) ;
#9609 = ORIENTED_EDGE ( 'NONE', *, *, #7754, .F. ) ;
#9610 = ORIENTED_EDGE ( 'NONE', *, *, #1107, .F. ) ;
#9611 = CARTESIAN_POINT ( 'NONE',  ( -6.200000000000000178, 3.174999999999990052, -6.349999999999999645 ) ) ;
#9612 = CARTESIAN_POINT ( 'NONE',  ( -0.5000000000000001110, -2.286000000000000032, -22.18538275175455965 ) ) ;
#9613 = FACE_OUTER_BOUND ( 'NONE', #5722, .T. ) ;
#9614 = CARTESIAN_POINT ( 'NONE',  ( -4.699999999999998401, 2.414513150499666860, -17.38504783963350064 ) ) ;
#9615 = ADVANCED_FACE ( 'NONE', ( #6961 ), #497, .F. ) ;
#9616 = CARTESIAN_POINT ( 'NONE',  ( -4.700000000000000178, 3.174999999999987388, 6.349999999999999645 ) ) ;
#9617 = CARTESIAN_POINT ( 'NONE',  ( -3.175000000000001155, -2.286000000000000032, 19.55000000000000071 ) ) ;
#9618 = DIRECTION ( 'NONE',  ( 0.000000000000000000, -1.000000000000000000, 0.000000000000000000 ) ) ;
#9619 = CARTESIAN_POINT ( 'NONE',  ( 35.75543793667009140, 3.524819520201723844, 0.2160454099876110978 ) ) ;
#9620 = ORIENTED_EDGE ( 'NONE', *, *, #5710, .F. ) ;
#9621 = ORIENTED_EDGE ( 'NONE', *, *, #7319, .F. ) ;
#9622 = CARTESIAN_POINT ( 'NONE',  ( -4.200086796355653185, 4.683376994771163204, 18.77873083970063206 ) ) ;
#9623 = CARTESIAN_POINT ( 'NONE',  ( -2.389000000000000234, 2.424999999999986500, -9.435145863650532760 ) ) ;
#9624 = CARTESIAN_POINT ( 'NONE',  ( 12.69999999999999929, 0.7859999999999998099, 31.75000000000000000 ) ) ;
#9625 = DIRECTION ( 'NONE',  ( 0.000000000000000000, 0.000000000000000000, 1.000000000000000000 ) ) ;
#9626 = CARTESIAN_POINT ( 'NONE',  ( 2.571758278209442450E-16, 2.286000000000000032, 21.15000000000000213 ) ) ;
#9627 = CARTESIAN_POINT ( 'NONE',  ( 30.32839627038059405, -3.049999999999998934, -18.11362203490253364 ) ) ;
#9628 = FACE_OUTER_BOUND ( 'NONE', #1178, .T. ) ;
#9629 = FACE_OUTER_BOUND ( 'NONE', #3811, .T. ) ;
#9630 = CARTESIAN_POINT ( 'NONE',  ( 32.15001903403206995, 1.558348107557900875, 35.99907832206117320 ) ) ;
#9631 = CARTESIAN_POINT ( 'NONE',  ( -3.135382751754560271, -2.286000000000000032, -19.55000000000000071 ) ) ;
#9632 = CARTESIAN_POINT ( 'NONE',  ( 37.21562365737361233, 3.100653840767867653, 2.188996776731857441 ) ) ;
#9633 = CARTESIAN_POINT ( 'NONE',  ( 18.94287857584470203, 2.606655536292092901, 19.86276405484960605 ) ) ;
#9634 = LINE ( 'NONE', #1366, #10408 ) ;
#9635 = CARTESIAN_POINT ( 'NONE',  ( 31.91371551948621388, 2.550921258456765095, 37.53015465649972526 ) ) ;
#9636 = CARTESIAN_POINT ( 'NONE',  ( 10.54741200167546467, 2.537267669583270546, -16.97628439188592608 ) ) ;
#9637 = VERTEX_POINT ( 'NONE', #6185 ) ;
#9638 = CARTESIAN_POINT ( 'NONE',  ( -5.461000000025251211, 3.174999999999990052, -6.349999999999999645 ) ) ;
#9639 = CARTESIAN_POINT ( 'NONE',  ( 36.94361823928895205, 2.862112198329214152, 4.174999999999991829 ) ) ;
#9640 = DIRECTION ( 'NONE',  ( -1.000000000000000000, 0.000000000000000000, 0.000000000000000000 ) ) ;
#9641 = PLANE ( 'NONE',  #5127 ) ;
#9642 = VERTEX_POINT ( 'NONE', #5261 ) ;
#9643 = CARTESIAN_POINT ( 'NONE',  ( 12.86089389281639939, 6.389716021004075763, -2.362752869132572542 ) ) ;
#9644 = CARTESIAN_POINT ( 'NONE',  ( -7.507332170815697481, 2.660178168627937101, -25.25257772207449491 ) ) ;
#9645 = CARTESIAN_POINT ( 'NONE',  ( 44.30000000000003979, -2.236666666667248116, -4.994961221549290009 ) ) ;
#9646 = CARTESIAN_POINT ( 'NONE',  ( 5.199999999999560529, -2.286000000026433554, -19.55000000000000071 ) ) ;
#9647 = CARTESIAN_POINT ( 'NONE',  ( 31.63628483737174335, 5.053675141084323030, 10.23202299630095702 ) ) ;
#9648 = CARTESIAN_POINT ( 'NONE',  ( 18.27088798057845054, 3.324379880416212796, 13.52398193875640686 ) ) ;
#9649 = EDGE_LOOP ( 'NONE', ( #1046, #519, #4343, #5468, #2713, #6113, #2169, #5220, #8460, #1662, #2288 ) ) ;
#9650 = B_SPLINE_CURVE_WITH_KNOTS ( 'NONE', 3,
 ( #29, #1716, #7286, #3361, #6456, #1769, #2513, #8163, #4846, #767, #975, #3256, #6645, #6599 ),
 .UNSPECIFIED., .F., .F.,
 ( 4, 2, 2, 2, 2, 2, 4 ),
 ( 0.01040186470320115728, 0.01107641856471333272, 0.01175097242622550990, 0.01310008014924986253, 0.01377463401076203797, 0.01444918787227421515, 0.01579829559529857472 ),
 .UNSPECIFIED. ) ;
#9651 = VERTEX_POINT ( 'NONE', #1240 ) ;
#9652 = EDGE_CURVE ( 'NONE', #6629, #2108, #612, .T. ) ;
#9653 = DIRECTION ( 'NONE',  ( 0.000000000000000000, 0.000000000000000000, -1.000000000000000000 ) ) ;
#9654 = CARTESIAN_POINT ( 'NONE',  ( -3.961000000000000298, 2.424999999999986500, -6.349999999999999645 ) ) ;
#9655 = CARTESIAN_POINT ( 'NONE',  ( 6.160831105983550771, 3.197754668134136224, 18.24798977497207986 ) ) ;
#9656 = CARTESIAN_POINT ( 'NONE',  ( 0.000000000000000000, 2.286000000000000032, 29.64999999999999858 ) ) ;
#9657 = CARTESIAN_POINT ( 'NONE',  ( -0.5000000000000000000, 1.136000000000000343, -19.05000000000000071 ) ) ;
#9658 = ADVANCED_FACE ( 'NONE', ( #10178 ), #8542, .F. ) ;
#9659 = LINE ( 'NONE', #917, #1794 ) ;
#9660 = CARTESIAN_POINT ( 'NONE',  ( 41.16685394682518506, -3.049999999999999378, 19.68797536231673106 ) ) ;
#9661 = CARTESIAN_POINT ( 'NONE',  ( 10.62736069498282632, 2.537143981867571174, -16.95625608541687157 ) ) ;
#9662 = APPROVAL_DATE_TIME ( #664, #3186 ) ;
#9663 = ORIENTED_EDGE ( 'NONE', *, *, #8595, .T. ) ;
#9664 = ORIENTED_EDGE ( 'NONE', *, *, #3243, .T. ) ;
#9665 = EDGE_CURVE ( 'NONE', #10219, #458, #3848, .T. ) ;
#9666 = ORIENTED_EDGE ( 'NONE', *, *, #2708, .F. ) ;
#9667 = CARTESIAN_POINT ( 'NONE',  ( -1.033456742627174796, -3.049999999999995826, -23.62727803045839536 ) ) ;
#9668 = DIRECTION ( 'NONE',  ( 1.000000000000000000, 0.000000000000000000, 0.000000000000000000 ) ) ;
#9669 = DIRECTION ( 'NONE',  ( -1.000000000000000000, 0.000000000000000000, 0.000000000000000000 ) ) ;
#9670 = CARTESIAN_POINT ( 'NONE',  ( 3.824733099425077665, 4.091020715437038824, -14.15335564461640061 ) ) ;
#9671 = EDGE_CURVE ( 'NONE', #4190, #2149, #1619, .T. ) ;
#9672 = CARTESIAN_POINT ( 'NONE',  ( 8.513101096941618096, 2.710206820286462648, 20.21135495022889472 ) ) ;
#9673 = CARTESIAN_POINT ( 'NONE',  ( 36.94361823928894495, 4.640040388005757244, 3.174999999999982503 ) ) ;
#9674 = CARTESIAN_POINT ( 'NONE',  ( 30.48003515051163248, 2.920465969480956936, -18.90607127987069802 ) ) ;
#9675 = CARTESIAN_POINT ( 'NONE',  ( 35.06893167777863596, 2.509382343311915342, 9.895038210914670174 ) ) ;
#9676 = EDGE_CURVE ( 'NONE', #5268, #9902, #3528, .T. ) ;
#9677 = B_SPLINE_SURFACE_WITH_KNOTS ( 'NONE', 1, 3, ( 
 ( #8956, #7272, #7317, #1702, #8101, #7367, #15, #3348, #2548, #10381, #65, #3145, #6384, #5687, #3241, #2343, #1554, #2444, #8906, #4194, #1106, #7569, #8256, #8407, #9946, #7421, #313, #5934, #8304, #211, #4383, #5034, #1805, #8354, #9250, #167, #9898, #5180, #4336, #3538 ),
 ( #9100, #6777, #5892, #1951, #1011, #359, #9990, #2742, #3442, #9844, #10048, #1850, #5229, #1159, #1058, #4242, #6731, #9148, #3392, #5987, #262, #6679, #2647, #3587, #2799, #5079, #9199, #6043, #7467, #4287, #7611, #6826, #8453, #2598, #2000, #1897, #6633, #3493, #7517, #5842 ) ),
 .UNSPECIFIED., .F., .F., .F.,
 ( 2, 2 ),
 ( 4, 2, 2, 2, 2, 2, 2, 2, 2, 2, 2, 2, 2, 2, 2, 2, 2, 2, 2, 4 ),
 ( 0.000000000000000000, 1.000000000000000000 ),
 ( 0.000000000000000000, 0.002320305534254159512, 0.003480458301381239052, 0.004640611068508319025, 0.005220687452071859011, 0.005800763835635398130, 0.006380840219198938117, 0.006960916602762478103, 0.007540992986326018090, 0.008121069369889558076, 0.009281222137016638049, 0.01044137490414371802, 0.01160152767127079626, 0.01218160405483433711, 0.01276168043839787623, 0.01334175682196141535, 0.01392183320552495621, 0.01508198597265203618, 0.01624213873977911615, 0.01856244427403327610 ),
 .UNSPECIFIED. ) ;
#9678 = CARTESIAN_POINT ( 'NONE',  ( 35.84637252342572111, 2.852424555929277350, 10.85416665843921180 ) ) ;
#9679 = CARTESIAN_POINT ( 'NONE',  ( 16.21153899429141987, 5.273905252879262484, 4.375836058227899450 ) ) ;
#9680 = LINE ( 'NONE', #6306, #249 ) ;
#9681 = CARTESIAN_POINT ( 'NONE',  ( 2.106264241026963191, -3.049999999999998490, -23.33545554337281303 ) ) ;
#9682 = CARTESIAN_POINT ( 'NONE',  ( 0.9448016719769257721, 1.880212509653015562, -23.39262301286068890 ) ) ;
#9683 = CARTESIAN_POINT ( 'NONE',  ( 44.30000000000000426, 1.498491962616731898, -1.500936921912388256 ) ) ;
#9684 = AXIS2_PLACEMENT_3D ( 'NONE', #5984, #1848, #3491 ) ;
#9685 = DIRECTION ( 'NONE',  ( -1.000000000000000000, 0.000000000000000000, 0.000000000000000000 ) ) ;
#9686 = ORIENTED_EDGE ( 'NONE', *, *, #5859, .F. ) ;
#9687 = VERTEX_POINT ( 'NONE', #7919 ) ;
#9688 = FACE_OUTER_BOUND ( 'NONE', #8911, .T. ) ;
#9689 = DIRECTION ( 'NONE',  ( -0.000000000000000000, -1.000000000000000000, -0.000000000000000000 ) ) ;
#9690 = B_SPLINE_CURVE_WITH_KNOTS ( 'NONE', 3,
 ( #5476, #1514, #7008, #708 ),
 .UNSPECIFIED., .F., .F.,
 ( 4, 4 ),
 ( 0.007500046583826661291, 0.01220005338845907110 ),
 .UNSPECIFIED. ) ;
#9691 = CARTESIAN_POINT ( 'NONE',  ( 16.88909073759843693, 7.479277845385021273, 3.219534934922339442 ) ) ;
#9692 = CARTESIAN_POINT ( 'NONE',  ( 42.56631919755414373, 3.238727972713843162, -4.426654030811232765 ) ) ;
#9693 = VECTOR ( 'NONE', #8741, 1000.000000000000000 ) ;
#9694 = ORIENTED_EDGE ( 'NONE', *, *, #3378, .T. ) ;
#9695 = CARTESIAN_POINT ( 'NONE',  ( -4.000000000000000000, -2.286000000000000032, 25.25000000000000355 ) ) ;
#9696 = CARTESIAN_POINT ( 'NONE',  ( 28.76012610227512667, 2.594684321499560298, -9.795069203963892690 ) ) ;
#9697 = CARTESIAN_POINT ( 'NONE',  ( 33.56897911565550174, 2.733644833905053417, 35.13172006641970313 ) ) ;
#9698 = VECTOR ( 'NONE', #9043, 1000.000000000000000 ) ;
#9699 = CARTESIAN_POINT ( 'NONE',  ( 0.000000000000000000, 1.135999999974046659, -19.05000000000000071 ) ) ;
#9700 = CARTESIAN_POINT ( 'NONE',  ( -3.961000000000000298, 3.174999999999990052, -6.349999999999999645 ) ) ;
#9701 = ORIENTED_EDGE ( 'NONE', *, *, #3331, .T. ) ;
#9702 = ADVANCED_FACE ( 'NONE', ( #8715 ), #547, .F. ) ;
#9703 = AXIS2_PLACEMENT_3D ( 'NONE', #6799, #9023, #8380 ) ;
#9704 = ORIENTED_EDGE ( 'NONE', *, *, #6916, .T. ) ;
#9705 = CARTESIAN_POINT ( 'NONE',  ( -57.14999999999999147, 9.402733490373224257, 25.39999999999999858 ) ) ;
#9706 = AXIS2_PLACEMENT_3D ( 'NONE', #10251, #3739, #5332 ) ;
#9707 = FACE_OUTER_BOUND ( 'NONE', #7149, .T. ) ;
#9708 = CARTESIAN_POINT ( 'NONE',  ( 37.94081386389618871, 2.869336261426269630, 4.249839069102961275 ) ) ;
#9709 = DIRECTION ( 'NONE',  ( 1.000000000000000000, -0.000000000000000000, -0.000000000000000000 ) ) ;
#9710 = DIRECTION ( 'NONE',  ( 0.000000000000000000, 0.000000000000000000, 1.000000000000000000 ) ) ;
#9711 = CARTESIAN_POINT ( 'NONE',  ( -0.5000000000000002220, 1.891196959086389739, -23.47705093086629802 ) ) ;
#9712 = AXIS2_PLACEMENT_3D ( 'NONE', #9295, #9408, #7712 ) ;
#9713 = EDGE_CURVE ( 'NONE', #3871, #5460, #7821, .T. ) ;
#9714 = CARTESIAN_POINT ( 'NONE',  ( 20.40134800622234224, 2.509117180848623896, -13.77779205225069603 ) ) ;
#9715 = AXIS2_PLACEMENT_3D ( 'NONE', #6862, #7023, #10241 ) ;
#9716 = EDGE_CURVE ( 'NONE', #5896, #5471, #5691, .T. ) ;
#9717 = ORIENTED_EDGE ( 'NONE', *, *, #3308, .F. ) ;
#9718 = VERTEX_POINT ( 'NONE', #1333 ) ;
#9719 = ADVANCED_FACE ( 'NONE', ( #2974 ), #7845, .F. ) ;
#9720 = ORIENTED_EDGE ( 'NONE', *, *, #9826, .F. ) ;
#9721 = AXIS2_PLACEMENT_3D ( 'NONE', #3281, #4265, #8892 ) ;
#9722 = ORIENTED_EDGE ( 'NONE', *, *, #3503, .F. ) ;
#9723 = CIRCLE ( 'NONE', #1433, 3.174999999999997158 ) ;
#9724 = CARTESIAN_POINT ( 'NONE',  ( 17.82437353831945615, 2.927304116758207453, 18.24884463320602990 ) ) ;
#9725 = CARTESIAN_POINT ( 'NONE',  ( 19.79196846283270261, 2.237852469958253376, 19.05867074616814705 ) ) ;
#9726 = PLANE ( 'NONE',  #5982 ) ;
#9727 = CARTESIAN_POINT ( 'NONE',  ( 6.200000000000001066, 2.777509348732110084, -19.05000000000000071 ) ) ;
#9728 = CARTESIAN_POINT ( 'NONE',  ( 37.59999999999703846, 2.097511657154882414, -2.849519733236300034 ) ) ;
#9729 = CARTESIAN_POINT ( 'NONE',  ( 12.69999999999999218, -2.795333333333333226, 25.25000000000000000 ) ) ;
#9730 = ADVANCED_FACE ( 'NONE', ( #9546 ), #6219, .F. ) ;
#9731 = CARTESIAN_POINT ( 'NONE',  ( 37.94081386392075927, 2.351998453354301688, 4.249839068775351336 ) ) ;
#9732 = VECTOR ( 'NONE', #591, 1000.000000000000000 ) ;
#9733 = CARTESIAN_POINT ( 'NONE',  ( 27.45866894846640349, 3.992936852356789856, 4.994987831061049377 ) ) ;
#9734 = EDGE_CURVE ( 'NONE', #3632, #1162, #532, .T. ) ;
#9735 = EDGE_CURVE ( 'NONE', #8910, #9917, #9433, .T. ) ;
#9736 = PERSON ( 'UNSPECIFIED', 'UNSPECIFIED', 'UNSPECIFIED', ('UNSPECIFIED'), ('UNSPECIFIED'), ('UNSPECIFIED') ) ;
#9737 = ORIENTED_EDGE ( 'NONE', *, *, #8534, .F. ) ;
#9738 = B_SPLINE_CURVE_WITH_KNOTS ( 'NONE', 3,
 ( #4484, #412, #9202, #4338, #6733, #6931, #5894, #5184 ),
 .UNSPECIFIED., .F., .F.,
 ( 4, 2, 2, 4 ),
 ( 1.110764993427085326E-17, 0.0003645628345021182564, 0.0007291256690042253455, 0.001458251338008431826 ),
 .UNSPECIFIED. ) ;
#9739 = CARTESIAN_POINT ( 'NONE',  ( 20.81357021673089847, 3.878018678711824041, 12.63189858903585439 ) ) ;
#9740 = CARTESIAN_POINT ( 'NONE',  ( -4.699999999999996625, 4.156266435368325851, -14.67981247133383960 ) ) ;
#9741 = ADVANCED_FACE ( 'NONE', ( #3087 ), #649, .T. ) ;
#9742 = CARTESIAN_POINT ( 'NONE',  ( 18.27861714772507540, 2.709034350268549218, 19.34462748607604610 ) ) ;
#9743 = CARTESIAN_POINT ( 'NONE',  ( -0.5000000000000000000, 500000.0000000000582, 28.61461724824544106 ) ) ;
#9744 = CARTESIAN_POINT ( 'NONE',  ( 9.556299917270548505, -3.049999999999996714, -22.03910722895655638 ) ) ;
#9745 = LINE ( 'NONE', #5617, #7183 ) ;
#9746 = VECTOR ( 'NONE', #2798, 1000.000000000000000 ) ;
#9747 = ORIENTED_EDGE ( 'NONE', *, *, #5774, .T. ) ;
#9748 = CIRCLE ( 'NONE', #9575, 3.700000000000001954 ) ;
#9749 = DIRECTION ( 'NONE',  ( 1.000000000000000000, -0.000000000000000000, -0.000000000000000000 ) ) ;
#9750 = CARTESIAN_POINT ( 'NONE',  ( 12.69999999999999929, -2.286000000000000032, 31.75000000000000000 ) ) ;
#9751 = CARTESIAN_POINT ( 'NONE',  ( 37.59999999999790532, 9.402733490373224257, -2.600000000000000533 ) ) ;
#9752 = CARTESIAN_POINT ( 'NONE',  ( 5.175905717843012788, 500000.0000000000582, 18.55000000000000071 ) ) ;
#9753 = VERTEX_POINT ( 'NONE', #6386 ) ;
#9754 = CARTESIAN_POINT ( 'NONE',  ( 38.71224483020046137, 2.582668005970040426, 7.336524154570730261 ) ) ;
#9755 = FACE_BOUND ( 'NONE', #3812, .T. ) ;
#9756 = AXIS2_PLACEMENT_3D ( 'NONE', #10084, #9981, #2886 ) ;
#9757 = PLANE ( 'NONE',  #6194 ) ;
#9758 = CARTESIAN_POINT ( 'NONE',  ( 14.04199813417189802, 4.798029244600328092, 17.53493875756122122 ) ) ;
#9759 = CARTESIAN_POINT ( 'NONE',  ( 7.423730359610061669, 3.589571103748322667, -13.41062673876273514 ) ) ;
#9760 = VERTEX_POINT ( 'NONE', #8804 ) ;
#9761 = ORIENTED_EDGE ( 'NONE', *, *, #1555, .F. ) ;
#9762 = ORIENTED_EDGE ( 'NONE', *, *, #3885, .F. ) ;
#9763 = AXIS2_PLACEMENT_3D ( 'NONE', #9969, #1081, #2874 ) ;
#9764 = CIRCLE ( 'NONE', #5883, 3.174999999999997158 ) ;
#9765 = DIRECTION ( 'NONE',  ( -0.000000000000000000, -1.000000000000000000, -0.000000000000000000 ) ) ;
#9766 = CARTESIAN_POINT ( 'NONE',  ( 5.997833375841229220, 3.387695812498921821, 17.46685855613601746 ) ) ;
#9767 = DIRECTION ( 'NONE',  ( 0.000000000000000000, -1.000000000000000000, 0.000000000000000000 ) ) ;
#9768 = CYLINDRICAL_SURFACE ( 'NONE', #10023, 76.31464472825643952 ) ;
#9769 = DIRECTION ( 'NONE',  ( -0.000000000000000000, -1.000000000000000000, -0.000000000000000000 ) ) ;
#9770 = CARTESIAN_POINT ( 'NONE',  ( 36.58227420378883465, -3.050000000000000266, 30.23662178420737234 ) ) ;
#9771 = CARTESIAN_POINT ( 'NONE',  ( 15.57830260619156348, 2.527755868614375512, -15.57001111482644262 ) ) ;
#9772 = CIRCLE ( 'NONE', #4865, 3.175000000000000711 ) ;
#9773 = ORIENTED_EDGE ( 'NONE', *, *, #4227, .F. ) ;
#9774 = ORIENTED_EDGE ( 'NONE', *, *, #5000, .T. ) ;
#9775 = ORIENTED_EDGE ( 'NONE', *, *, #6371, .T. ) ;
#9776 = EDGE_LOOP ( 'NONE', ( #6193, #8472, #8820, #5212 ) ) ;
#9777 = CARTESIAN_POINT ( 'NONE',  ( -2.798455891410823071, 3.823593009791424358, 22.19386381947779796 ) ) ;
#9778 = DIRECTION ( 'NONE',  ( 0.000000000000000000, 0.000000000000000000, -1.000000000000000000 ) ) ;
#9779 = DIRECTION ( 'NONE',  ( 0.000000000000000000, 3.448954456052295927E-16, -1.000000000000000000 ) ) ;
#9780 = CARTESIAN_POINT ( 'NONE',  ( -4.700000000000000178, 3.174999999999990052, -6.349999999999999645 ) ) ;
#9781 = CARTESIAN_POINT ( 'NONE',  ( 37.95129873131923404, 4.396918239465780864, 4.110133109499090942 ) ) ;
#9782 = CARTESIAN_POINT ( 'NONE',  ( 44.94220114585412773, 3.049999999999999822, -5.364617799277352717 ) ) ;
#9783 = CARTESIAN_POINT ( 'NONE',  ( 20.14497244652190489, 5.430272942735047792, 1.286689910481461752 ) ) ;
#9784 = EDGE_CURVE ( 'NONE', #9357, #9817, #3827, .T. ) ;
#9785 = CARTESIAN_POINT ( 'NONE',  ( 24.72235060531594186, 1.667610688499721938, 27.58295953585719928 ) ) ;
#9786 = CARTESIAN_POINT ( 'NONE',  ( 1.957198252604980704, 0.7859999999999998099, 34.25000000000000000 ) ) ;
#9787 = EDGE_CURVE ( 'NONE', #3871, #9054, #7203, .T. ) ;
#9788 = PLANE ( 'NONE',  #2583 ) ;
#9789 = CARTESIAN_POINT ( 'NONE',  ( 12.69999999999999929, 2.286000000000000032, 31.75000000000000000 ) ) ;
#9790 = CARTESIAN_POINT ( 'NONE',  ( 19.35921497572291017, -3.050000000000001155, -19.26012426265709365 ) ) ;
#9791 = VERTEX_POINT ( 'NONE', #6327 ) ;
#9792 = EDGE_CURVE ( 'NONE', #8274, #8119, #10273, .T. ) ;
#9793 = CARTESIAN_POINT ( 'NONE',  ( 12.29777503103637137, 4.952443205186124686, -6.495595896267500891 ) ) ;
#9794 = CARTESIAN_POINT ( 'NONE',  ( 10.12939620402573837, 0.7860000000050604285, 29.88650298521228521 ) ) ;
#9795 = CARTESIAN_POINT ( 'NONE',  ( 9.605153044311471433, 4.738802607323016503, -16.63661308722256393 ) ) ;
#9796 = LINE ( 'NONE', #8141, #3285 ) ;
#9797 = CARTESIAN_POINT ( 'NONE',  ( -4.700000000000000178, -3.049999999999999822, 0.7500000000000000000 ) ) ;
#9798 = EDGE_LOOP ( 'NONE', ( #6265, #5624, #9720, #7091, #2946, #892 ) ) ;
#9799 = CARTESIAN_POINT ( 'NONE',  ( -5.460999999999999410, 3.174999999999987388, 3.124999999999999112 ) ) ;
#9800 = CARTESIAN_POINT ( 'NONE',  ( -0.8890000000000000124, 6.612605818370066224, 6.986522462536979283 ) ) ;
#9801 = LINE ( 'NONE', #7316, #609 ) ;
#9802 = CARTESIAN_POINT ( 'NONE',  ( 31.59999999999999787, 3.049999999999999822, 37.94999999999999574 ) ) ;
#9803 = CARTESIAN_POINT ( 'NONE',  ( 4.953368491854868161, 2.635999999997959975, 20.63244765605317710 ) ) ;
#9804 = CARTESIAN_POINT ( 'NONE',  ( 15.40522637914164861, 6.082927677774573993, 3.229198123771305884 ) ) ;
#9805 = EDGE_LOOP ( 'NONE', ( #9212, #9607, #558, #9106 ) ) ;
#9806 = ORIENTED_EDGE ( 'NONE', *, *, #997, .T. ) ;
#9807 = ORIENTED_EDGE ( 'NONE', *, *, #10087, .T. ) ;
#9808 = DIRECTION ( 'NONE',  ( 0.000000000000000000, 0.000000000000000000, -1.000000000000000000 ) ) ;
#9809 = CARTESIAN_POINT ( 'NONE',  ( 21.99763170942995316, 4.233292052116440551, 19.11022915934981015 ) ) ;
#9810 = CARTESIAN_POINT ( 'NONE',  ( 41.97929374606626851, 3.228498637927243120, -5.663452438289318991 ) ) ;
#9811 = CYLINDRICAL_SURFACE ( 'NONE', #2421, 1.000000000000000888 ) ;
#9812 = CARTESIAN_POINT ( 'NONE',  ( 44.30000000000000426, 3.049999999999999822, -5.937663020359952526 ) ) ;
#9813 = CARTESIAN_POINT ( 'NONE',  ( 5.191968586426684240, 2.697386128324515742, -19.55000000000000426 ) ) ;
#9814 = ORIENTED_EDGE ( 'NONE', *, *, #7253, .T. ) ;
#9815 = VERTEX_POINT ( 'NONE', #4731 ) ;
#9816 = ORIENTED_EDGE ( 'NONE', *, *, #3448, .T. ) ;
#9817 = VERTEX_POINT ( 'NONE', #2344 ) ;
#9818 = CARTESIAN_POINT ( 'NONE',  ( 40.30153129690363301, 2.175823000091016368, 22.16463857301352647 ) ) ;
#9819 = DIRECTION ( 'NONE',  ( 0.000000000000000000, -1.000000000000000000, -0.000000000000000000 ) ) ;
#9820 = DIRECTION ( 'NONE',  ( 0.7071067811865479058, 0.000000000000000000, -0.7071067811865470176 ) ) ;
#9821 = CARTESIAN_POINT ( 'NONE',  ( 10.62736069558259011, 2.088455801128930034, -16.95625608526662020 ) ) ;
#9822 = DIRECTION ( 'NONE',  ( 0.000000000000000000, 1.000000000000000000, 0.000000000000000000 ) ) ;
#9823 = FACE_OUTER_BOUND ( 'NONE', #9550, .T. ) ;
#9824 = CARTESIAN_POINT ( 'NONE',  ( 37.71845364731855454, 2.259316805794080008, 7.212685062406766434 ) ) ;
#9825 = CARTESIAN_POINT ( 'NONE',  ( 21.60320637181060732, 2.510211699240303407, 17.36479331120020220 ) ) ;
#9826 = EDGE_CURVE ( 'NONE', #8315, #6300, #8697, .T. ) ;
#9827 = CARTESIAN_POINT ( 'NONE',  ( 20.80296014881401234, 5.412973767481748411, 4.097043834440604826 ) ) ;
#9828 = DIRECTION ( 'NONE',  ( -0.000000000000000000, -1.000000000000000000, -6.080943644713174412E-16 ) ) ;
#9829 = CARTESIAN_POINT ( 'NONE',  ( 44.36766554577344834, 1.164302642468886262, -5.877442308580205221 ) ) ;
#9830 = CARTESIAN_POINT ( 'NONE',  ( -4.700000000000000178, 2.424999999999986944, 1.974817603806031441 ) ) ;
#9831 = EDGE_CURVE ( 'NONE', #18, #7896, #1505, .T. ) ;
#9832 = CARTESIAN_POINT ( 'NONE',  ( 19.22813932807215664, 3.271946533505480037, -19.90659665664058764 ) ) ;
#9833 = ORIENTED_EDGE ( 'NONE', *, *, #6699, .F. ) ;
#9834 = ADVANCED_FACE ( 'NONE', ( #1448 ), #10383, .T. ) ;
#9835 = CARTESIAN_POINT ( 'NONE',  ( -0.5000000000000065503, 4.353727160371737348, 13.87409428215698703 ) ) ;
#9836 = CARTESIAN_POINT ( 'NONE',  ( 0.5000000000000019984, 1.373620172144153662, -22.95588055446384956 ) ) ;
#9837 = PRODUCT_DEFINITION_SHAPE ( 'NONE', 'NONE',  #3959 ) ;
#9838 = CARTESIAN_POINT ( 'NONE',  ( 42.79999999999999716, -3.049999999999999822, 3.015489317587673579 ) ) ;
#9839 = CARTESIAN_POINT ( 'NONE',  ( -4.224223101977563566, 2.700679003903177389, -25.21946626810006009 ) ) ;
#9840 = ORIENTED_EDGE ( 'NONE', *, *, #6149, .F. ) ;
#9841 = LINE ( 'NONE', #3438, #5316 ) ;
#9842 = CARTESIAN_POINT ( 'NONE',  ( -1.887706303112289374, 5.517063064770499459, -15.28771935403243809 ) ) ;
#9843 = CARTESIAN_POINT ( 'NONE',  ( -0.8890000000000000124, 500000.0000000000582, -12.84999999999999964 ) ) ;
#9844 = CARTESIAN_POINT ( 'NONE',  ( 24.89375191412459642, 2.285999999999948518, 30.97457438591984769 ) ) ;
#9845 = ADVANCED_FACE ( 'NONE', ( #702 ), #3934, .F. ) ;
#9846 = CARTESIAN_POINT ( 'NONE',  ( 35.16971806000473322, 1.676911752083781071, -12.02692676296858743 ) ) ;
#9847 = CARTESIAN_POINT ( 'NONE',  ( 16.58015830081292208, 6.157089955938143788, 2.265280294152748564 ) ) ;
#9848 = VERTEX_POINT ( 'NONE', #4779 ) ;
#9849 = ORIENTED_EDGE ( 'NONE', *, *, #9118, .T. ) ;
#9850 = EDGE_CURVE ( 'NONE', #5282, #9054, #10438, .T. ) ;
#9851 = ORIENTED_EDGE ( 'NONE', *, *, #2921, .F. ) ;
#9852 = EDGE_CURVE ( 'NONE', #10267, #9718, #16, .T. ) ;
#9853 = EDGE_LOOP ( 'NONE', ( #10456, #9047, #301, #10248, #6909, #7485 ) ) ;
#9854 = AXIS2_PLACEMENT_3D ( 'NONE', #8972, #4948, #830 ) ;
#9855 = CARTESIAN_POINT ( 'NONE',  ( 44.30000000000778471, 0.5593882123243768545, -5.957480971044793350 ) ) ;
#9856 = CARTESIAN_POINT ( 'NONE',  ( 3.316386858724920117, 4.318898320674489533, 13.80756940062734550 ) ) ;
#9857 = B_SPLINE_CURVE_WITH_KNOTS ( 'NONE', 3,
 ( #6176, #8533, #5480, #4742 ),
 .UNSPECIFIED., .F., .F.,
 ( 4, 4 ),
 ( 0.001086955720418689240, 0.02103640113799636058 ),
 .UNSPECIFIED. ) ;
#9858 = CARTESIAN_POINT ( 'NONE',  ( 25.25126967045869364, 3.049999999999988276, 29.56406343991224972 ) ) ;
#9859 = LINE ( 'NONE', #9063, #6666 ) ;
#9860 = CARTESIAN_POINT ( 'NONE',  ( -4.141985039485271969, 2.660145063241191377, -25.21811803787425177 ) ) ;
#9861 = CARTESIAN_POINT ( 'NONE',  ( 32.79033023451380302, 2.343010404590997187, -7.073805089026475201 ) ) ;
#9862 = EDGE_CURVE ( 'NONE', #8207, #8272, #9207, .T. ) ;
#9863 = AXIS2_PLACEMENT_3D ( 'NONE', #1676, #3368, #8825 ) ;
#9864 = ORIENTED_EDGE ( 'NONE', *, *, #4515, .T. ) ;
#9865 = VERTEX_POINT ( 'NONE', #8259 ) ;
#9866 = VERTEX_POINT ( 'NONE', #9053 ) ;
#9867 = CIRCLE ( 'NONE', #740, 3.174999999999997158 ) ;
#9868 = ORIENTED_EDGE ( 'NONE', *, *, #8944, .F. ) ;
#9869 = CYLINDRICAL_SURFACE ( 'NONE', #4267, 3.175000000000000711 ) ;
#9870 = CARTESIAN_POINT ( 'NONE',  ( -3.359264490532104741, 1.878113129357431577, 23.76953671655472888 ) ) ;
#9871 = CARTESIAN_POINT ( 'NONE',  ( 14.55789243011252942, 1.825795018161378902, 23.82366286335155081 ) ) ;
#9872 = LINE ( 'NONE', #6654, #225 ) ;
#9873 = CARTESIAN_POINT ( 'NONE',  ( 44.09824644315754227, 2.166815752474888779, -4.362840118896674113 ) ) ;
#9874 = CARTESIAN_POINT ( 'NONE',  ( 44.30000000000000426, 1.487425397060000209, -1.158225982667416540E-14 ) ) ;
#9875 = AXIS2_PLACEMENT_3D ( 'NONE', #4419, #9181, #7647 ) ;
#9876 = CARTESIAN_POINT ( 'NONE',  ( 44.30000000000000426, 3.050000000000000266, -6.029128725323213089 ) ) ;
#9877 = CARTESIAN_POINT ( 'NONE',  ( 32.42162941816050648, 1.756350414248650793, 21.34804326379849826 ) ) ;
#9878 = CIRCLE ( 'NONE', #3296, 1.000000000000000888 ) ;
#9879 = AXIS2_PLACEMENT_3D ( 'NONE', #9482, #8575, #2223 ) ;
#9880 = PRODUCT_DEFINITION_FORMATION_WITH_SPECIFIED_SOURCE ( 'ANY', '', #2123, .NOT_KNOWN. ) ;
#9881 = CARTESIAN_POINT ( 'NONE',  ( 19.19776074042184888, 3.211915641560493029, 16.66793921574522130 ) ) ;
#9882 = CARTESIAN_POINT ( 'NONE',  ( -2.389000000000000234, 3.174999999999990052, -6.349999999999999645 ) ) ;
#9883 = VECTOR ( 'NONE', #9540, 999.9999999999998863 ) ;
#9884 = CARTESIAN_POINT ( 'NONE',  ( 43.39640506458694347, 1.229405900696752152, -6.732130695709257928 ) ) ;
#9885 = CARTESIAN_POINT ( 'NONE',  ( 4.345794823717462840, 2.306367447608948851, -21.26121643756155066 ) ) ;
#9886 = B_SPLINE_CURVE_WITH_KNOTS ( 'NONE', 3,
 ( #7599, #5380, #5263, #5321 ),
 .UNSPECIFIED., .F., .F.,
 ( 4, 4 ),
 ( 0.004312247261446999422, 0.005887876502549498764 ),
 .UNSPECIFIED. ) ;
#9887 = ORIENTED_EDGE ( 'NONE', *, *, #4941, .F. ) ;
#9888 = CARTESIAN_POINT ( 'NONE',  ( -3.185946824453243398, 4.078227488997580252, -14.93415910107255229 ) ) ;
#9889 = ADVANCED_FACE ( 'NONE', ( #4890 ), #5688, .F. ) ;
#9890 = CARTESIAN_POINT ( 'NONE',  ( 33.86889221386704918, 3.666776991323428270, 21.52154630890196074 ) ) ;
#9891 = PLANE ( 'NONE',  #1245 ) ;
#9892 = CARTESIAN_POINT ( 'NONE',  ( -4.739838248553733813, 2.944013019095482520, -25.14472607231758516 ) ) ;
#9893 = CARTESIAN_POINT ( 'NONE',  ( -0.4378164465204916200, 3.839259886906204677, -15.69474010239936845 ) ) ;
#9894 = EDGE_CURVE ( 'NONE', #10176, #7874, #8198, .T. ) ;
#9895 = CARTESIAN_POINT ( 'NONE',  ( -4.453299613088010034, 3.924999999999987388, 2.225116429851321964 ) ) ;
#9896 = VECTOR ( 'NONE', #2600, 1000.000000000000000 ) ;
#9897 = CARTESIAN_POINT ( 'NONE',  ( 2.570603795974259143, -2.286000000000000032, 29.88650298521228521 ) ) ;
#9898 = CARTESIAN_POINT ( 'NONE',  ( 15.60477822217404764, 3.050000000000013589, 25.45289810932667152 ) ) ;
#9899 = CARTESIAN_POINT ( 'NONE',  ( 38.54443461209416455, 2.808872042578515416, -4.014870866360102042 ) ) ;
#9900 = CIRCLE ( 'NONE', #4168, 3.175000000000000711 ) ;
#9901 = CARTESIAN_POINT ( 'NONE',  ( 15.20434249868055510, 5.862253920690799092, 4.427275453764452529 ) ) ;
#9902 = VERTEX_POINT ( 'NONE', #7274 ) ;
#9903 = VERTEX_POINT ( 'NONE', #4933 ) ;
#9904 = VERTEX_POINT ( 'NONE', #4835 ) ;
#9905 = CARTESIAN_POINT ( 'NONE',  ( 43.61103016528947762, -2.795833333333611836, -6.545016175452804674 ) ) ;
#9906 = ADVANCED_FACE ( 'NONE', ( #5037 ), #813, .F. ) ;
#9907 = CARTESIAN_POINT ( 'NONE',  ( 30.02155059612546495, 3.913695435410168955, -1.100000000000671552 ) ) ;
#9908 = CARTESIAN_POINT ( 'NONE',  ( 18.64708653571859287, 3.049999999999999822, 26.13380496550243492 ) ) ;
#9909 = CIRCLE ( 'NONE', #5160, 0.5000000000000004441 ) ;
#9910 = CARTESIAN_POINT ( 'NONE',  ( 0.4999999999999998890, 1.135999999986903486, 15.38393944402235114 ) ) ;
#9911 = VECTOR ( 'NONE', #1566, 1000.000000000000000 ) ;
#9912 = LINE ( 'NONE', #4909, #4293 ) ;
#9913 = CARTESIAN_POINT ( 'NONE',  ( 37.57344264184440163, 1.454519570962618635, -11.30249189426228007 ) ) ;
#9914 = B_SPLINE_CURVE_WITH_KNOTS ( 'NONE', 3,
 ( #8142, #3343, #5682, #5623 ),
 .UNSPECIFIED., .F., .F.,
 ( 4, 4 ),
 ( 8.742801269315902494E-17, 0.0008892187185691021118 ),
 .UNSPECIFIED. ) ;
#9915 = EDGE_CURVE ( 'NONE', #10277, #9637, #4984, .T. ) ;
#9916 = CARTESIAN_POINT ( 'NONE',  ( 42.77857508852645907, 3.431147252217064736, 0.03977883419865940740 ) ) ;
#9917 = VERTEX_POINT ( 'NONE', #2500 ) ;
#9918 = ORIENTED_EDGE ( 'NONE', *, *, #5325, .T. ) ;
#9919 = CIRCLE ( 'NONE', #9586, 3.175000000000000711 ) ;
#9920 = VERTEX_POINT ( 'NONE', #5744 ) ;
#9921 = VERTEX_POINT ( 'NONE', #8057 ) ;
#9922 = FACE_OUTER_BOUND ( 'NONE', #2217, .T. ) ;
#9923 = EDGE_CURVE ( 'NONE', #4, #7410, #4927, .T. ) ;
#9924 = CARTESIAN_POINT ( 'NONE',  ( 5.167678356449910915, 2.677298547009899110, -19.63516809374992889 ) ) ;
#9925 = CARTESIAN_POINT ( 'NONE',  ( 3.135382751754560271, 1.136000000000000343, -19.55000000000000071 ) ) ;
#9926 = DIRECTION ( 'NONE',  ( 0.000000000000000000, -1.000000000000000000, -0.000000000000000000 ) ) ;
#9927 = CARTESIAN_POINT ( 'NONE',  ( 14.72005140847272386, 7.822991637286929034, -2.100000000000001421 ) ) ;
#9928 = DIRECTION ( 'NONE',  ( -1.000000000000000000, 0.000000000000000000, 0.000000000000000000 ) ) ;
#9929 = AXIS2_PLACEMENT_3D ( 'NONE', #1981, #1188, #4413 ) ;
#9930 = DIRECTION ( 'NONE',  ( 0.000000000000000000, -1.000000000000000000, -0.000000000000000000 ) ) ;
#9931 = CARTESIAN_POINT ( 'NONE',  ( 15.66659657887808521, 2.796777650959253236, 16.71701093953375761 ) ) ;
#9932 = LINE ( 'NONE', #4316, #4812 ) ;
#9933 = CARTESIAN_POINT ( 'NONE',  ( 18.29655411056214120, 3.257016525209663449, 16.56867726329774726 ) ) ;
#9934 = FACE_OUTER_BOUND ( 'NONE', #3884, .T. ) ;
#9935 = CARTESIAN_POINT ( 'NONE',  ( 4.633041200107467006, 3.166083431236796919, -24.02889279717671656 ) ) ;
#9936 = DIRECTION ( 'NONE',  ( 2.587956596580264873E-15, 0.000000000000000000, -1.000000000000000000 ) ) ;
#9937 = ORIENTED_EDGE ( 'NONE', *, *, #2013, .T. ) ;
#9938 = ORIENTED_EDGE ( 'NONE', *, *, #7677, .F. ) ;
#9939 = DIRECTION ( 'NONE',  ( 8.846739153280302962E-15, 0.000000000000000000, 1.000000000000000000 ) ) ;
#9940 = CARTESIAN_POINT ( 'NONE',  ( 33.18106733237004136, 3.657195573515175546, 22.12358120305388098 ) ) ;
#9941 = CARTESIAN_POINT ( 'NONE',  ( -0.5000000000000001110, 2.286000000000000032, -22.18538275175455965 ) ) ;
#9942 = CARTESIAN_POINT ( 'NONE',  ( 12.69999999999999218, 2.286000000000000032, 26.57328681698263040 ) ) ;
#9943 = FACE_OUTER_BOUND ( 'NONE', #908, .T. ) ;
#9944 = DIRECTION ( 'NONE',  ( 0.000000000000000000, 0.000000000000000000, -1.000000000000000000 ) ) ;
#9945 = FACE_OUTER_BOUND ( 'NONE', #4697, .T. ) ;
#9946 = CARTESIAN_POINT ( 'NONE',  ( 20.41694991593522346, 3.049999999999982947, 26.76022177187398654 ) ) ;
#9947 = CARTESIAN_POINT ( 'NONE',  ( 36.87459358152300837, 1.657538325595802720, -10.94743707880160244 ) ) ;
#9948 = CARTESIAN_POINT ( 'NONE',  ( -0.5000000000000000000, 1.136000000000000343, -15.38393944403532920 ) ) ;
#9949 = VERTEX_POINT ( 'NONE', #1705 ) ;
#9950 = ORIENTED_EDGE ( 'NONE', *, *, #3759, .F. ) ;
#9951 = VERTEX_POINT ( 'NONE', #8149 ) ;
#9952 = VERTEX_POINT ( 'NONE', #907 ) ;
#9953 = CARTESIAN_POINT ( 'NONE',  ( 44.29999999999802895, 2.795834383523100986, -5.967707699141301170 ) ) ;
#9954 = FACE_OUTER_BOUND ( 'NONE', #7043, .T. ) ;
#9955 = CARTESIAN_POINT ( 'NONE',  ( -4.700000000000000178, 3.924999999999986500, -0.7499999999999992228 ) ) ;
#9956 = CARTESIAN_POINT ( 'NONE',  ( -3.233969907774890906, 2.189052105368689549, 22.53938895235874895 ) ) ;
#9957 = CARTESIAN_POINT ( 'NONE',  ( 42.77866005973528729, 3.431371464420772899, 3.743839587402915804E-05 ) ) ;
#9958 = CARTESIAN_POINT ( 'NONE',  ( 33.30932552243850608, 1.598787710622993075, -14.14529832873767390 ) ) ;
#9959 = CARTESIAN_POINT ( 'NONE',  ( 0.000000000000000000, 1.136000000000000343, -18.55000000000000071 ) ) ;
#9960 = ADVANCED_FACE ( 'NONE', ( #2649 ), #4140, .F. ) ;
#9961 = B_SPLINE_CURVE_WITH_KNOTS ( 'NONE', 3,
 ( #7824, #7987, #2897, #3127, #633, #570, #5447, #2105, #10312, #2160 ),
 .UNSPECIFIED., .F., .F.,
 ( 4, 2, 2, 2, 4 ),
 ( 3.519183304401884893E-16, 0.0004144207779807806882, 0.0008288415559612094443, 0.001243262333941638200, 0.001657683111922066957 ),
 .UNSPECIFIED. ) ;
#9962 = EDGE_CURVE ( 'NONE', #3767, #2068, #2395, .T. ) ;
#9963 = EDGE_LOOP ( 'NONE', ( #1614, #5709, #6589, #8869, #4451, #6796 ) ) ;
#9964 = ORIENTED_EDGE ( 'NONE', *, *, #8091, .T. ) ;
#9965 = EDGE_LOOP ( 'NONE', ( #2714, #10053, #3398, #7536 ) ) ;
#9966 = ORIENTED_EDGE ( 'NONE', *, *, #8675, .T. ) ;
#9967 = EDGE_CURVE ( 'NONE', #1278, #1825, #1262, .T. ) ;
#9968 = CARTESIAN_POINT ( 'NONE',  ( 14.51953385790245576, 6.529756103728613148, -1.099999999999580202 ) ) ;
#9969 = CARTESIAN_POINT ( 'NONE',  ( -3.961000000000000298, 3.174999999999990052, -6.349999999999999645 ) ) ;
#9970 = CARTESIAN_POINT ( 'NONE',  ( 22.50244275259952786, 1.726940522325718819, 26.05967713313982870 ) ) ;
#9971 = CARTESIAN_POINT ( 'NONE',  ( 32.53964364722485669, -1.396551213416160842, 34.02641246180803591 ) ) ;
#9972 = CARTESIAN_POINT ( 'NONE',  ( 44.29999992256663432, 1.488701037563631813, 0.01367795502156005094 ) ) ;
#9973 = CARTESIAN_POINT ( 'NONE',  ( -6.199999999999938005, 9.399999999999963052, 0.000000000000000000 ) ) ;
#9974 = CARTESIAN_POINT ( 'NONE',  ( 17.58005319022716151, 5.731997127460305208, 1.237488268753285325 ) ) ;
#9975 = EDGE_CURVE ( 'NONE', #9306, #10008, #1786, .T. ) ;
#9976 = CARTESIAN_POINT ( 'NONE',  ( 15.83538275175456000, 500000.0000000000582, 32.25000000000000000 ) ) ;
#9977 = EDGE_CURVE ( 'NONE', #1478, #2552, #5936, .T. ) ;
#9978 = CARTESIAN_POINT ( 'NONE',  ( 14.68122203472632492, 3.420808786557321124, 16.37813217280446310 ) ) ;
#9979 = LINE ( 'NONE', #7451, #233 ) ;
#9980 = CARTESIAN_POINT ( 'NONE',  ( 44.19985805747567298, 2.968117199208243129, -6.027189697635436438 ) ) ;
#9981 = DIRECTION ( 'NONE',  ( 0.000000000000000000, -1.000000000000000000, 0.000000000000000000 ) ) ;
#9982 = ORIENTED_EDGE ( 'NONE', *, *, #9033, .T. ) ;
#9983 = CARTESIAN_POINT ( 'NONE',  ( 0.000000000000000000, -2.286000000000000032, 31.75000000000000000 ) ) ;
#9984 = CARTESIAN_POINT ( 'NONE',  ( 23.35538871796791938, 1.873173100629329735, 26.51574786720089705 ) ) ;
#9985 = FACE_OUTER_BOUND ( 'NONE', #2746, .T. ) ;
#9986 = CARTESIAN_POINT ( 'NONE',  ( 19.91632571400402085, 2.285999999999987153, 27.98545274446278341 ) ) ;
#9987 = DIRECTION ( 'NONE',  ( 0.000000000000000000, -1.000000000000000000, -0.000000000000000000 ) ) ;
#9988 = CARTESIAN_POINT ( 'NONE',  ( 6.199999999999979750, 3.004743028041839015, 19.04999999999927596 ) ) ;
#9989 = CARTESIAN_POINT ( 'NONE',  ( 12.69999999999999929, -2.286000000000000032, 33.85000000000000853 ) ) ;
#9990 = CARTESIAN_POINT ( 'NONE',  ( 25.76896046626334069, 2.286000000000036447, 31.74303886084042148 ) ) ;
#9991 = CARTESIAN_POINT ( 'NONE',  ( 39.99214314743732501, 3.186485127252161487, 20.21357920833081678 ) ) ;
#9992 = CARTESIAN_POINT ( 'NONE',  ( 37.59999999999790532, 4.259409482448848649, -2.100000000000000089 ) ) ;
#9993 = ORIENTED_EDGE ( 'NONE', *, *, #6612, .T. ) ;
#9994 = ORIENTED_EDGE ( 'NONE', *, *, #6567, .F. ) ;
#9995 = EDGE_LOOP ( 'NONE', ( #8631, #8581, #5049, #9402, #1957, #1854, #6426, #6816, #8738, #1558, #3610, #7078, #8871, #9162, #573, #232, #10442, #8413, #3647, #2668, #9982, #2697, #7323, #4945, #7787, #1001, #3542, #113, #1720 ) ) ;
#9996 = ORIENTED_EDGE ( 'NONE', *, *, #192, .F. ) ;
#9997 = CARTESIAN_POINT ( 'NONE',  ( 42.89167917453590917, 2.795833333332654824, -7.163639896041118504 ) ) ;
#9998 = DIRECTION ( 'NONE',  ( -0.000000000000000000, -1.000000000000000000, -0.000000000000000000 ) ) ;
#9999 = CARTESIAN_POINT ( 'NONE',  ( 17.23659096842006733, 3.050000000000021139, 25.75538717272276656 ) ) ;
#10000 = DIRECTION ( 'NONE',  ( -0.000000000000000000, 1.000000000000000000, -0.000000000000000000 ) ) ;
#10001 = EDGE_LOOP ( 'NONE', ( #2163, #7277, #3161, #3845, #1774, #3994 ) ) ;
#10002 = CARTESIAN_POINT ( 'NONE',  ( 16.43527613044597047, 5.650132903505078019, 2.318120259945663175 ) ) ;
#10003 = DIRECTION ( 'NONE',  ( -3.412570772413391368E-15, -1.000000000000000000, -2.275047181608927447E-15 ) ) ;
#10004 = CARTESIAN_POINT ( 'NONE',  ( -3.159323641497360668, 6.296911123840060576, 12.34999999999999964 ) ) ;
#10005 = CARTESIAN_POINT ( 'NONE',  ( 34.79407701662668018, 1.568690393185079746, 21.90044223003719992 ) ) ;
#10006 = ADVANCED_FACE ( 'NONE', ( #2852 ), #5130, .T. ) ;
#10007 = EDGE_LOOP ( 'NONE', ( #9594, #4082 ) ) ;
#10008 = VERTEX_POINT ( 'NONE', #1954 ) ;
#10009 = VECTOR ( 'NONE', #4508, 1000.000000000000000 ) ;
#10010 = ORIENTED_EDGE ( 'NONE', *, *, #9967, .F. ) ;
#10011 = CARTESIAN_POINT ( 'NONE',  ( 0.5000000000000026645, 1.938330394404943924, 23.52448086157672691 ) ) ;
#10012 = ORIENTED_EDGE ( 'NONE', *, *, #7368, .F. ) ;
#10013 = CARTESIAN_POINT ( 'NONE',  ( 44.28599275221500164, 1.484245203821516590, 1.596684788247172859 ) ) ;
#10014 = CARTESIAN_POINT ( 'NONE',  ( 17.09916332017323626, 2.789712666431247712, -16.07135965564293301 ) ) ;
#10015 = CARTESIAN_POINT ( 'NONE',  ( 29.11292335534865927, 1.626675721510606909, 31.02486111971316163 ) ) ;
#10016 = CARTESIAN_POINT ( 'NONE',  ( 37.91674973933594117, 3.058335167111181363, -3.239690835004614744 ) ) ;
#10017 = EDGE_CURVE ( 'NONE', #9651, #2461, #9738, .T. ) ;
#10018 = LINE ( 'NONE', #2572, #7671 ) ;
#10019 = VECTOR ( 'NONE', #9260, 1000.000000000000000 ) ;
#10020 = DIRECTION ( 'NONE',  ( -1.000000000000000000, 0.000000000000000000, 0.000000000000000000 ) ) ;
#10021 = CARTESIAN_POINT ( 'NONE',  ( 17.70317772634800946, 3.920464587654821642, 10.67099011267907116 ) ) ;
#10022 = EDGE_CURVE ( 'NONE', #10384, #6148, #10145, .T. ) ;
#10023 = AXIS2_PLACEMENT_3D ( 'NONE', #1713, #2509, #8214 ) ;
#10024 = AXIS2_PLACEMENT_3D ( 'NONE', #5089, #8313, #1068 ) ;
#10025 = CIRCLE ( 'NONE', #5827, 2.100000000000004530 ) ;
#10026 = EDGE_CURVE ( 'NONE', #1251, #4718, #469, .T. ) ;
#10027 = CARTESIAN_POINT ( 'NONE',  ( 15.58092634197415371, 3.382440631396668618, 16.40358687803238880 ) ) ;
#10028 = PLANE ( 'NONE',  #4629 ) ;
#10029 = CARTESIAN_POINT ( 'NONE',  ( 41.60668968856165151, 3.247359225309998099, -6.002603293593576694 ) ) ;
#10030 = B_SPLINE_CURVE_WITH_KNOTS ( 'NONE', 3,
 ( #477, #5944, #1121, #2811 ),
 .UNSPECIFIED., .F., .F.,
 ( 4, 4 ),
 ( 0.0005144758723025521542, 0.004837348171313437389 ),
 .UNSPECIFIED. ) ;
#10031 = EDGE_CURVE ( 'NONE', #6983, #4976, #9102, .T. ) ;
#10032 = CIRCLE ( 'NONE', #8340, 3.964000000000003077 ) ;
#10033 = CARTESIAN_POINT ( 'NONE',  ( 38.01129922737887057, 9.402733490373224257, 3.174999999999982059 ) ) ;
#10034 = EDGE_CURVE ( 'NONE', #517, #5739, #1528, .T. ) ;
#10035 = CONICAL_SURFACE ( 'NONE', #3975, 3.225000000000000533, 0.7853981633974500554 ) ;
#10036 = ORIENTED_EDGE ( 'NONE', *, *, #198, .F. ) ;
#10037 = AXIS2_PLACEMENT_3D ( 'NONE', #3746, #5511, #10365 ) ;
#10038 = ORIENTED_EDGE ( 'NONE', *, *, #89, .F. ) ;
#10039 = AXIS2_PLACEMENT_3D ( 'NONE', #682, #7254, #734 ) ;
#10040 = CARTESIAN_POINT ( 'NONE',  ( 34.73168152495150451, 1.566634888692947536, -9.964894558373819322 ) ) ;
#10041 = EDGE_CURVE ( 'NONE', #10322, #979, #315, .T. ) ;
#10042 = CARTESIAN_POINT ( 'NONE',  ( 33.74003712434067381, 3.656073635145023815, 21.76212176036110435 ) ) ;
#10043 = CARTESIAN_POINT ( 'NONE',  ( -4.700000000000000178, 12.69999999999999929, 0.7499999999999987788 ) ) ;
#10044 = CARTESIAN_POINT ( 'NONE',  ( 28.52826718440758214, 2.286000000000000032, 34.98983243056316894 ) ) ;
#10045 = CARTESIAN_POINT ( 'NONE',  ( 32.75116965373074152, 4.398064436264778720, -7.100578222325507838 ) ) ;
#10046 = CARTESIAN_POINT ( 'NONE',  ( -3.961000000000000298, 3.924999999999987388, 6.349999999999999645 ) ) ;
#10047 = CARTESIAN_POINT ( 'NONE',  ( -0.4908101286365939564, 2.097226949448857347, -22.65397023631873452 ) ) ;
#10048 = CARTESIAN_POINT ( 'NONE',  ( 24.74321685701692175, 2.286000000000031562, 30.85094915009997862 ) ) ;
#10049 = AXIS2_PLACEMENT_3D ( 'NONE', #7693, #443, #4415 ) ;
#10050 = CARTESIAN_POINT ( 'NONE',  ( 42.14801194938629436, 2.045681956556754777, 0.08036590663364495679 ) ) ;
#10051 = CARTESIAN_POINT ( 'NONE',  ( -4.700000000000001066, 2.008311135681220438, 23.25000000000000355 ) ) ;
#10052 = ORIENTED_EDGE ( 'NONE', *, *, #2521, .T. ) ;
#10053 = ORIENTED_EDGE ( 'NONE', *, *, #1761, .T. ) ;
#10054 = EDGE_LOOP ( 'NONE', ( #6541, #4056, #8987, #4926 ) ) ;
#10055 = FACE_OUTER_BOUND ( 'NONE', #3660, .T. ) ;
#10056 = CARTESIAN_POINT ( 'NONE',  ( 0.8290360545232063894, 4.582375440698128521, 12.89171140518338099 ) ) ;
#10057 = CARTESIAN_POINT ( 'NONE',  ( 0.5000000000000000000, 0.000000000000000000, 23.75000000000000000 ) ) ;
#10058 = CARTESIAN_POINT ( 'NONE',  ( 0.4999999999999998890, 2.135520838110521513, 14.37690321716493358 ) ) ;
#10059 = DIRECTION ( 'NONE',  ( 0.000000000000000000, 0.000000000000000000, -1.000000000000000000 ) ) ;
#10060 = FACE_OUTER_BOUND ( 'NONE', #9798, .T. ) ;
#10061 = CARTESIAN_POINT ( 'NONE',  ( 8.398314447661698878, 3.468723849547220794, -13.68134606434539613 ) ) ;
#10062 = CARTESIAN_POINT ( 'NONE',  ( 8.437918597688003786, 5.300246027715088459, -14.61490372132615967 ) ) ;
#10063 = ORIENTED_EDGE ( 'NONE', *, *, #6245, .F. ) ;
#10064 = ORIENTED_EDGE ( 'NONE', *, *, #5587, .T. ) ;
#10065 = VERTEX_POINT ( 'NONE', #5081 ) ;
#10066 = ORIENTED_EDGE ( 'NONE', *, *, #4530, .T. ) ;
#10067 = VECTOR ( 'NONE', #1553, 1000.000000000000000 ) ;
#10068 = CIRCLE ( 'NONE', #276, 0.5000000000000004441 ) ;
#10069 = CARTESIAN_POINT ( 'NONE',  ( 3.135382751754560271, -2.286000000000000032, 32.25000000000000000 ) ) ;
#10070 = DIRECTION ( 'NONE',  ( 0.000000000000000000, 0.000000000000000000, 1.000000000000000000 ) ) ;
#10071 = PLANE ( 'NONE',  #9703 ) ;
#10072 = CARTESIAN_POINT ( 'NONE',  ( 32.53964364722484959, 0.2568975731676804708, 34.02641246180803591 ) ) ;
#10073 = DIRECTION ( 'NONE',  ( 8.881784197001249365E-16, 0.000000000000000000, -1.000000000000000000 ) ) ;
#10074 = CARTESIAN_POINT ( 'NONE',  ( -0.5000000000000002220, -2.286000000000000032, 13.84999999999999787 ) ) ;
#10075 = CARTESIAN_POINT ( 'NONE',  ( 17.44622004515208857, 3.938993827381340740, 10.65848500479432737 ) ) ;
#10076 = CARTESIAN_POINT ( 'NONE',  ( -4.723675067426885477, 4.403151439215939433, 13.73789832308162140 ) ) ;
#10077 = VERTEX_POINT ( 'NONE', #3643 ) ;
#10078 = ORIENTED_EDGE ( 'NONE', *, *, #5671, .T. ) ;
#10079 = DIRECTION ( 'NONE',  ( 0.000000000000000000, 0.000000000000000000, -1.000000000000000000 ) ) ;
#10080 = VECTOR ( 'NONE', #6400, 1000.000000000000000 ) ;
#10081 = CARTESIAN_POINT ( 'NONE',  ( 13.89231527996481930, 1.764694131999354321, 24.10035581352082446 ) ) ;
#10082 = CARTESIAN_POINT ( 'NONE',  ( 0.000000000000000000, 1.136000000000000343, -19.05000000000000071 ) ) ;
#10083 = CARTESIAN_POINT ( 'NONE',  ( -6.860026316795867274, 3.049999994858139107, -25.25130140177431670 ) ) ;
#10084 = CARTESIAN_POINT ( 'NONE',  ( 17.19415689518921653, 500000.0000000000582, 4.174999999999990052 ) ) ;
#10085 = EDGE_CURVE ( 'NONE', #5588, #123, #8306, .T. ) ;
#10086 = AXIS2_PLACEMENT_3D ( 'NONE', #1003, #1152, #4425 ) ;
#10087 = EDGE_CURVE ( 'NONE', #1973, #9651, #1007, .T. ) ;
#10088 = EDGE_LOOP ( 'NONE', ( #9002, #9259, #10126, #9055, #2766, #9549, #9374, #636, #6442, #8465, #6920 ) ) ;
#10089 = ORIENTED_EDGE ( 'NONE', *, *, #2483, .T. ) ;
#10090 = EDGE_CURVE ( 'NONE', #926, #758, #7565, .T. ) ;
#10091 = EDGE_CURVE ( 'NONE', #4718, #5635, #7009, .T. ) ;
#10092 = CARTESIAN_POINT ( 'NONE',  ( 44.27728707488030579, 1.790005476933862250, 0.03214640274000356984 ) ) ;
#10093 = CARTESIAN_POINT ( 'NONE',  ( 10.20394946481744114, 2.829328443088761524, -17.98223806858346663 ) ) ;
#10094 = CARTESIAN_POINT ( 'NONE',  ( 13.48449515488339401, 2.286000000000106613, 26.57331800854331050 ) ) ;
#10095 = CARTESIAN_POINT ( 'NONE',  ( -3.961000000003878085, 3.174999999999987388, 6.349999999999999645 ) ) ;
#10096 = CARTESIAN_POINT ( 'NONE',  ( 38.54443461096892065, 1.884309260302749589, -4.014870867272024135 ) ) ;
#10097 = CARTESIAN_POINT ( 'NONE',  ( 30.28360698909077087, 3.050000000000000266, 35.29178179358823542 ) ) ;
#10098 = CARTESIAN_POINT ( 'NONE',  ( 33.29298225104487585, 2.891031074301690929, 35.37208462868267134 ) ) ;
#10099 = CARTESIAN_POINT ( 'NONE',  ( 39.08319544514149158, 2.050656639573979589, -6.105493388023793599 ) ) ;
#10100 = CARTESIAN_POINT ( 'NONE',  ( 17.19415689518923074, 6.111502466770016184, 2.174999999999983391 ) ) ;
#10101 = EDGE_CURVE ( 'NONE', #7370, #7371, #6698, .T. ) ;
#10102 = VERTEX_POINT ( 'NONE', #361 ) ;
#10103 = ORIENTED_EDGE ( 'NONE', *, *, #9373, .F. ) ;
#10104 = VERTEX_POINT ( 'NONE', #2327 ) ;
#10105 = ORIENTED_EDGE ( 'NONE', *, *, #2341, .F. ) ;
#10106 = CARTESIAN_POINT ( 'NONE',  ( 42.80000000000000426, 1.664361729648572652, -5.034648370084310542 ) ) ;
#10107 = CARTESIAN_POINT ( 'NONE',  ( 33.81001296881598961, 5.090253120904897344, -2.100000000000000533 ) ) ;
#10108 = CARTESIAN_POINT ( 'NONE',  ( -3.961000000000000298, 2.424999999999986500, -9.973189202894502614 ) ) ;
#10109 = DIRECTION ( 'NONE',  ( 0.000000000000000000, 0.000000000000000000, 1.000000000000000000 ) ) ;
#10110 = ORIENTED_EDGE ( 'NONE', *, *, #9454, .T. ) ;
#10111 = CARTESIAN_POINT ( 'NONE',  ( 39.09999999999745768, 500000.0000000000582, -2.600000000003316547 ) ) ;
#10112 = CARTESIAN_POINT ( 'NONE',  ( 2.595461159414545804, 3.638120950344584159, -22.36369649585137509 ) ) ;
#10113 = CARTESIAN_POINT ( 'NONE',  ( 8.437918597688003786, 3.238131594561466819, -14.61490372132615967 ) ) ;
#10114 = CARTESIAN_POINT ( 'NONE',  ( 0.2784705096757602028, 3.554540926785688004, 23.25000000000002487 ) ) ;
#10115 = VERTEX_POINT ( 'NONE', #1490 ) ;
#10116 = ORIENTED_EDGE ( 'NONE', *, *, #3132, .T. ) ;
#10117 = ORIENTED_EDGE ( 'NONE', *, *, #3701, .F. ) ;
#10118 = ORIENTED_EDGE ( 'NONE', *, *, #1555, .T. ) ;
#10119 = CARTESIAN_POINT ( 'NONE',  ( 29.42802450890552635, 2.286000000000008470, 36.46436479561805299 ) ) ;
#10120 = CARTESIAN_POINT ( 'NONE',  ( 27.78592993726010718, 2.724139447451319640, -11.30454372284645892 ) ) ;
#10121 = LINE ( 'NONE', #9381, #3606 ) ;
#10122 = CARTESIAN_POINT ( 'NONE',  ( 39.21576965685269300, 1.910346359751517786, 23.96319281224999997 ) ) ;
#10123 = CARTESIAN_POINT ( 'NONE',  ( 12.50331295267073273, 2.757122986292949385, -26.37844776237360023 ) ) ;
#10124 = CARTESIAN_POINT ( 'NONE',  ( 14.56792043041353679, 2.206136699027044568, 19.60730680899810707 ) ) ;
#10125 = CARTESIAN_POINT ( 'NONE',  ( -9.215718466126787689E-16, 5.652637603913651887, 14.84999999999999432 ) ) ;
#10126 = ORIENTED_EDGE ( 'NONE', *, *, #990, .F. ) ;
#10127 = ORIENTED_EDGE ( 'NONE', *, *, #8986, .F. ) ;
#10128 = CARTESIAN_POINT ( 'NONE',  ( 7.571893193904450925, 3.678836365475329107, -15.11490372132768556 ) ) ;
#10129 = CARTESIAN_POINT ( 'NONE',  ( 17.26905581821262459, 5.778591446031202672, 3.997747212980585552 ) ) ;
#10130 = CARTESIAN_POINT ( 'NONE',  ( 37.86065227975053915, 2.244944884203753599, -2.153993939023228332 ) ) ;
#10131 = CARTESIAN_POINT ( 'NONE',  ( -1.694696965296563773, 3.049999268214857118, -25.11854307963032795 ) ) ;
#10132 = DIRECTION ( 'NONE',  ( 0.000000000000000000, 0.000000000000000000, 1.000000000000000000 ) ) ;
#10133 = EDGE_CURVE ( 'NONE', #3452, #10177, #1879, .T. ) ;
#10134 = VERTEX_POINT ( 'NONE', #4545 ) ;
#10135 = ORIENTED_EDGE ( 'NONE', *, *, #6636, .T. ) ;
#10136 = CARTESIAN_POINT ( 'NONE',  ( 44.24008889444676385, 1.975927677248065617, 0.02891126557763976437 ) ) ;
#10137 = CARTESIAN_POINT ( 'NONE',  ( 8.649999181959591610, 3.162696292092648243, -16.98223806858347018 ) ) ;
#10138 = CARTESIAN_POINT ( 'NONE',  ( 3.895791925142135792, 2.216432897450026918, 22.38204669547061343 ) ) ;
#10139 = ADVANCED_FACE ( 'NONE', ( #7147 ), #2941, .F. ) ;
#10140 = CARTESIAN_POINT ( 'NONE',  ( 0.4999999999999998890, -0.5699552530855698240, -23.43499158684736372 ) ) ;
#10141 = CARTESIAN_POINT ( 'NONE',  ( 33.67704971769342137, 3.243933635699947970, 3.174999999999986944 ) ) ;
#10142 = CARTESIAN_POINT ( 'NONE',  ( -4.200000000000000178, -3.049999999999999822, 25.25000000000000000 ) ) ;
#10143 = CARTESIAN_POINT ( 'NONE',  ( 32.97470951614358370, 3.009348761594333954, 35.55958361567066817 ) ) ;
#10144 = CARTESIAN_POINT ( 'NONE',  ( 38.49964933717232185, 2.912840593885455132, 0.1707999840937586555 ) ) ;
#10145 = LINE ( 'NONE', #5231, #597 ) ;
#10146 = ADVANCED_FACE ( 'NONE', ( #5397 ), #4766, .F. ) ;
#10147 = ORIENTED_EDGE ( 'NONE', *, *, #8550, .F. ) ;
#10148 = VERTEX_POINT ( 'NONE', #3977 ) ;
#10149 = CARTESIAN_POINT ( 'NONE',  ( 23.13592022581176622, 2.249317575531978086, -13.63712888329565942 ) ) ;
#10150 = EDGE_LOOP ( 'NONE', ( #865, #1625, #10400, #9474 ) ) ;
#10151 = ORIENTED_EDGE ( 'NONE', *, *, #5788, .F. ) ;
#10152 = CARTESIAN_POINT ( 'NONE',  ( 0.000000000000000000, 1.136000000000000343, -19.05000000000000071 ) ) ;
#10153 = CARTESIAN_POINT ( 'NONE',  ( 12.69999999999999218, 0.000000000000000000, 23.75000000000000000 ) ) ;
#10154 = CARTESIAN_POINT ( 'NONE',  ( 37.59999999999789821, 4.358086594490474752, -2.100000000000000089 ) ) ;
#10155 = CARTESIAN_POINT ( 'NONE',  ( -5.953626416606301319, 3.302877555550177924, 24.24560225026655047 ) ) ;
#10156 = ADVANCED_FACE ( 'NONE', ( #1318, #8621 ), #8735, .F. ) ;
#10157 = CARTESIAN_POINT ( 'NONE',  ( 39.06898377778515652, 500000.0000000000582, 2.174999999999983391 ) ) ;
#10158 = CARTESIAN_POINT ( 'NONE',  ( 3.791770900483262263, 3.968533665770265895, -20.87682311047177564 ) ) ;
#10159 = CARTESIAN_POINT ( 'NONE',  ( 42.53278651849631586, 3.226349596277774179, -4.709961354660666899 ) ) ;
#10160 = CARTESIAN_POINT ( 'NONE',  ( 1.102578960507639705, 5.607148305067746641, 14.98782042975182094 ) ) ;
#10161 = EDGE_CURVE ( 'NONE', #4548, #6959, #9961, .T. ) ;
#10162 = EDGE_CURVE ( 'NONE', #6404, #5016, #516, .T. ) ;
#10163 = VERTEX_POINT ( 'NONE', #5340 ) ;
#10164 = ORIENTED_EDGE ( 'NONE', *, *, #9378, .F. ) ;
#10165 = ORIENTED_EDGE ( 'NONE', *, *, #3629, .T. ) ;
#10166 = ORIENTED_EDGE ( 'NONE', *, *, #6989, .F. ) ;
#10167 = DIRECTION ( 'NONE',  ( 0.000000000000000000, -1.000000000000000000, -0.000000000000000000 ) ) ;
#10168 = DIRECTION ( 'NONE',  ( -0.000000000000000000, -1.000000000000000000, -0.000000000000000000 ) ) ;
#10169 = CARTESIAN_POINT ( 'NONE',  ( -0.4999999999999973910, 1.639298730623424349, -23.22355119955994951 ) ) ;
#10170 = CARTESIAN_POINT ( 'NONE',  ( -4.700000000000000178, -3.049999999999995381, 12.34999999999999787 ) ) ;
#10171 = EDGE_CURVE ( 'NONE', #5792, #5405, #6980, .T. ) ;
#10172 = DIRECTION ( 'NONE',  ( 0.000000000000000000, 0.000000000000000000, 1.000000000000000000 ) ) ;
#10173 = AXIS2_PLACEMENT_3D ( 'NONE', #3038, #2234, #8644 ) ;
#10174 = FACE_OUTER_BOUND ( 'NONE', #7574, .T. ) ;
#10175 = DIRECTION ( 'NONE',  ( -0.000000000000000000, 1.000000000000000000, -0.000000000000000000 ) ) ;
#10176 = VERTEX_POINT ( 'NONE', #8790 ) ;
#10177 = VERTEX_POINT ( 'NONE', #7041 ) ;
#10178 = FACE_OUTER_BOUND ( 'NONE', #10222, .T. ) ;
#10179 = CARTESIAN_POINT ( 'NONE',  ( 16.32395894373574308, 5.868115947243066621, 3.982386451350025336 ) ) ;
#10180 = LINE ( 'NONE', #2036, #8701 ) ;
#10181 = CIRCLE ( 'NONE', #1071, 2.099999999999999645 ) ;
#10182 = CARTESIAN_POINT ( 'NONE',  ( 0.000000000000000000, 9.402733490373224257, 19.05000000000000071 ) ) ;
#10183 = CARTESIAN_POINT ( 'NONE',  ( -4.699999999999995737, 3.627251257450359478, 16.82514045385690338 ) ) ;
#10184 = AXIS2_PLACEMENT_3D ( 'NONE', #914, #5639, #8964 ) ;
#10185 = ORIENTED_EDGE ( 'NONE', *, *, #82, .F. ) ;
#10186 = ORIENTED_EDGE ( 'NONE', *, *, #4891, .T. ) ;
#10187 = VECTOR ( 'NONE', #347, 1000.000000000000000 ) ;
#10188 = ORIENTED_EDGE ( 'NONE', *, *, #2551, .F. ) ;
#10189 = DIRECTION ( 'NONE',  ( 0.000000000000000000, -1.000000000000000000, -0.000000000000000000 ) ) ;
#10190 = CARTESIAN_POINT ( 'NONE',  ( 43.60603984091125085, -2.656041666666527856, -6.549362612376275372 ) ) ;
#10191 = CARTESIAN_POINT ( 'NONE',  ( 34.44029103164661620, 1.558078986991214165, 22.47574399333966255 ) ) ;
#10192 = CIRCLE ( 'NONE', #5666, 3.700000000000000178 ) ;
#10193 = CARTESIAN_POINT ( 'NONE',  ( 6.200000000000000178, -3.049999999999999822, -19.05000000000000071 ) ) ;
#10194 = DIRECTION ( 'NONE',  ( 0.000000000000000000, 1.000000000000000000, 0.000000000000000000 ) ) ;
#10195 = CARTESIAN_POINT ( 'NONE',  ( 38.09999999999681108, 2.110126027841585206, -2.852819276697523776 ) ) ;
#10196 = AXIS2_PLACEMENT_3D ( 'NONE', #9800, #5785, #3439 ) ;
#10197 = CARTESIAN_POINT ( 'NONE',  ( 33.50880322746141360, 2.772809931650654924, 35.19214868664991513 ) ) ;
#10198 = CARTESIAN_POINT ( 'NONE',  ( 43.18453746096711399, 1.725409318957005000, -2.062180752259213712 ) ) ;
#10199 = CARTESIAN_POINT ( 'NONE',  ( 10.02792019533636747, 2.330150671206850266, -17.95839557550799981 ) ) ;
#10200 = AXIS2_PLACEMENT_3D ( 'NONE', #7206, #7769, #1369 ) ;
#10201 = ORIENTED_EDGE ( 'NONE', *, *, #9353, .F. ) ;
#10202 = ORIENTED_EDGE ( 'NONE', *, *, #9787, .F. ) ;
#10203 = ORIENTED_EDGE ( 'NONE', *, *, #10171, .F. ) ;
#10204 = EDGE_CURVE ( 'NONE', #3767, #4717, #8848, .T. ) ;
#10205 = ORIENTED_EDGE ( 'NONE', *, *, #3429, .T. ) ;
#10206 = CARTESIAN_POINT ( 'NONE',  ( 12.69999999999999396, -1.016666666666666385, 25.25000000000000355 ) ) ;
#10207 = CARTESIAN_POINT ( 'NONE',  ( -4.699999999999999289, 2.162520919212474357, 18.55000000000147864 ) ) ;
#10208 = EDGE_CURVE ( 'NONE', #9074, #2270, #4716, .T. ) ;
#10209 = CARTESIAN_POINT ( 'NONE',  ( 31.97726192584190130, 1.582838204935714588, 34.25000000000000711 ) ) ;
#10210 = CARTESIAN_POINT ( 'NONE',  ( 10.38435538331220620, 2.544905253073417306, -16.98623112774831512 ) ) ;
#10211 = ORIENTED_EDGE ( 'NONE', *, *, #457, .T. ) ;
#10212 = CARTESIAN_POINT ( 'NONE',  ( 17.82437353831949522, 2.417779601774804998, 18.24884463320608319 ) ) ;
#10213 = DIRECTION ( 'NONE',  ( 0.000000000000000000, 1.000000000000000000, 0.000000000000000000 ) ) ;
#10214 = CARTESIAN_POINT ( 'NONE',  ( 8.393369671393987375, 3.259538971361393589, -14.53774271756231506 ) ) ;
#10215 = CARTESIAN_POINT ( 'NONE',  ( 0.5000000000000001110, 500000.0000000000582, 28.61461724824544106 ) ) ;
#10216 = CARTESIAN_POINT ( 'NONE',  ( 16.87062957269491292, 4.764435814827186810, 6.684412424257113017 ) ) ;
#10217 = VERTEX_POINT ( 'NONE', #3071 ) ;
#10218 = ORIENTED_EDGE ( 'NONE', *, *, #1411, .T. ) ;
#10219 = VERTEX_POINT ( 'NONE', #2213 ) ;
#10220 = EDGE_CURVE ( 'NONE', #1251, #3006, #768, .T. ) ;
#10221 = CARTESIAN_POINT ( 'NONE',  ( 19.81533754827626836, 500000.0000000000582, 18.05894384053565460 ) ) ;
#10222 = EDGE_LOOP ( 'NONE', ( #9621, #3483, #2565, #444 ) ) ;
#10223 = CARTESIAN_POINT ( 'NONE',  ( 31.68579669920087127, 1.582230972995311014, 34.25000000000001421 ) ) ;
#10224 = FACE_OUTER_BOUND ( 'NONE', #635, .T. ) ;
#10225 = CYLINDRICAL_SURFACE ( 'NONE', #6664, 30.75000000000000000 ) ;
#10226 = PLANE ( 'NONE',  #1911 ) ;
#10227 = ADVANCED_FACE ( 'NONE', ( #1428 ), #6840, .F. ) ;
#10228 = DIRECTION ( 'NONE',  ( 0.000000000000000000, -1.000000000000000000, 0.000000000000000000 ) ) ;
#10229 = CARTESIAN_POINT ( 'NONE',  ( -0.5000000000000000000, 2.286000000000000032, 15.91461724824544000 ) ) ;
#10230 = CARTESIAN_POINT ( 'NONE',  ( 25.14752940028673933, 2.808872042578514083, -12.84720728313583393 ) ) ;
#10231 = APPLICATION_PROTOCOL_DEFINITION ( 'international standard', 'config_control_design', 1994, #7575 ) ;
#10232 = ORIENTED_EDGE ( 'NONE', *, *, #9977, .F. ) ;
#10233 = VECTOR ( 'NONE', #312, 1000.000000000000000 ) ;
#10234 = ORIENTED_EDGE ( 'NONE', *, *, #6859, .F. ) ;
#10235 = EDGE_CURVE ( 'NONE', #7382, #2007, #754, .T. ) ;
#10236 = CARTESIAN_POINT ( 'NONE',  ( 7.304760246913212463, 3.983928518012998410, -13.93024417684518568 ) ) ;
#10237 = DIRECTION ( 'NONE',  ( 0.000000000000000000, 1.000000000000000000, 0.000000000000000000 ) ) ;
#10238 = CARTESIAN_POINT ( 'NONE',  ( 26.47799103954624655, 2.812452385055071780, -9.241964867106698733 ) ) ;
#10239 = CARTESIAN_POINT ( 'NONE',  ( 2.361329692023486970, 4.801254595434405914, 11.97437831599864211 ) ) ;
#10240 = CONICAL_SURFACE ( 'NONE', #1802, 3.700000000000001954, 0.7853981633974500554 ) ;
#10241 = DIRECTION ( 'NONE',  ( 0.000000000000000000, 0.000000000000000000, -1.000000000000000000 ) ) ;
#10242 = VECTOR ( 'NONE', #5764, 1000.000000000000000 ) ;
#10243 = CARTESIAN_POINT ( 'NONE',  ( 0.000000000000000000, 2.286000000000000032, -19.05000000000000071 ) ) ;
#10244 = CARTESIAN_POINT ( 'NONE',  ( 7.584892087439641273, 500000.0000000000582, -13.09271953202662075 ) ) ;
#10245 = EDGE_LOOP ( 'NONE', ( #2109, #331, #5991, #7851 ) ) ;
#10246 = ORIENTED_EDGE ( 'NONE', *, *, #7770, .F. ) ;
#10247 = VECTOR ( 'NONE', #8216, 1000.000000000000000 ) ;
#10248 = ORIENTED_EDGE ( 'NONE', *, *, #2196, .T. ) ;
#10249 = CARTESIAN_POINT ( 'NONE',  ( 44.27491244765965916, 1.805075738494523074, 0.03190520607020955191 ) ) ;
#10250 = CARTESIAN_POINT ( 'NONE',  ( 35.67180910130721827, -3.049999999999999378, 28.90803370887679691 ) ) ;
#10251 = CARTESIAN_POINT ( 'NONE',  ( -4.200000000000012612, -3.049999999999999822, -23.21895964886241615 ) ) ;
#10252 = DIRECTION ( 'NONE',  ( 0.000000000000000000, 0.000000000000000000, 1.000000000000000000 ) ) ;
#10253 = DIRECTION ( 'NONE',  ( 0.000000000000000000, 0.000000000000000000, -1.000000000000000000 ) ) ;
#10254 = VECTOR ( 'NONE', #7151, 1000.000000000000000 ) ;
#10255 = VECTOR ( 'NONE', #4889, 1000.000000000000000 ) ;
#10256 = DIRECTION ( 'NONE',  ( 1.000000000000000000, 0.000000000000000000, 2.587956596580264873E-15 ) ) ;
#10257 = CARTESIAN_POINT ( 'NONE',  ( 43.46930844509591196, 1.647625809530435248, 10.35108888375242486 ) ) ;
#10258 = CARTESIAN_POINT ( 'NONE',  ( 17.60570583988624804, 3.379264834318672417, 15.95628170284714464 ) ) ;
#10259 = ORIENTED_EDGE ( 'NONE', *, *, #1703, .F. ) ;
#10260 = ORIENTED_EDGE ( 'NONE', *, *, #4044, .F. ) ;
#10261 = VERTEX_POINT ( 'NONE', #2 ) ;
#10262 = ORIENTED_EDGE ( 'NONE', *, *, #1239, .T. ) ;
#10263 = CARTESIAN_POINT ( 'NONE',  ( 6.199999999999999289, 1.870513483387126419, 23.75000000000000000 ) ) ;
#10264 = CARTESIAN_POINT ( 'NONE',  ( 32.51909110275909143, 9.402733490373224257, 22.04854638691156765 ) ) ;
#10265 = DIRECTION ( 'NONE',  ( 0.000000000000000000, 0.000000000000000000, 1.000000000000000000 ) ) ;
#10266 = CARTESIAN_POINT ( 'NONE',  ( 30.21378716287896893, -3.050000000000001599, 32.48356761260205161 ) ) ;
#10267 = VERTEX_POINT ( 'NONE', #1878 ) ;
#10268 = PLANE ( 'NONE',  #2771 ) ;
#10269 = CARTESIAN_POINT ( 'NONE',  ( -4.700000000000000178, 2.424999999999986500, -1.974817603806031441 ) ) ;
#10270 = CARTESIAN_POINT ( 'NONE',  ( 0.000000000000000000, 2.286000000000000032, 19.05000000000000071 ) ) ;
#10271 = CARTESIAN_POINT ( 'NONE',  ( 33.74061979666371514, 2.607009118951657101, 34.92946446983869890 ) ) ;
#10272 = CARTESIAN_POINT ( 'NONE',  ( -6.199999999999999289, 5.166666666666664298, 16.83333333333333215 ) ) ;
#10273 = LINE ( 'NONE', #3993, #7865 ) ;
#10274 = EDGE_LOOP ( 'NONE', ( #1958, #4583, #3725, #10012 ) ) ;
#10275 = VERTEX_POINT ( 'NONE', #8386 ) ;
#10276 = EDGE_CURVE ( 'NONE', #2603, #7559, #9745, .T. ) ;
#10277 = VERTEX_POINT ( 'NONE', #8840 ) ;
#10278 = DIRECTION ( 'NONE',  ( 0.000000000000000000, 0.000000000000000000, 1.000000000000000000 ) ) ;
#10279 = VERTEX_POINT ( 'NONE', #6476 ) ;
#10280 = CARTESIAN_POINT ( 'NONE',  ( 30.58770766085162052, 3.049999999999999378, 35.82700854743938379 ) ) ;
#10281 = CARTESIAN_POINT ( 'NONE',  ( 3.769365326617780898, 2.716029018750734103, -19.71228630479640032 ) ) ;
#10282 = CARTESIAN_POINT ( 'NONE',  ( 39.09999999999729425, 1.942834125103777287, -2.683175976880259661 ) ) ;
#10283 = DIRECTION ( 'NONE',  ( -0.7071067811865476838, 0.000000000000000000, -0.7071067811865474617 ) ) ;
#10284 = DIRECTION ( 'NONE',  ( -0.000000000000000000, 1.000000000000000000, -0.000000000000000000 ) ) ;
#10285 = ADVANCED_FACE ( 'NONE', ( #3523 ), #7259, .T. ) ;
#10286 = CARTESIAN_POINT ( 'NONE',  ( 5.200000000000001066, -2.286000000026433554, -19.05000000000000071 ) ) ;
#10287 = CARTESIAN_POINT ( 'NONE',  ( 10.87080467276912188, 1.878794969456975661, -17.92159849398415972 ) ) ;
#10288 = CALENDAR_DATE ( 2022, 6, 6 ) ;
#10289 = ORIENTED_EDGE ( 'NONE', *, *, #1299, .F. ) ;
#10290 = ORIENTED_EDGE ( 'NONE', *, *, #5727, .T. ) ;
#10291 = ADVANCED_FACE ( 'NONE', ( #847 ), #4074, .F. ) ;
#10292 = CARTESIAN_POINT ( 'NONE',  ( -0.1664825092309365762, -2.285999999999996479, -23.49419944751285882 ) ) ;
#10293 = CARTESIAN_POINT ( 'NONE',  ( -5.898641333629110584, 3.291930783698198582, -24.28681793658203958 ) ) ;
#10294 = CARTESIAN_POINT ( 'NONE',  ( 36.70076542603414538, 2.324648420423816919, -3.200987016173780120 ) ) ;
#10295 = CARTESIAN_POINT ( 'NONE',  ( -0.000000000000000000, -2.286000000026433554, -19.05000000000000071 ) ) ;
#10296 = CARTESIAN_POINT ( 'NONE',  ( 9.287012712807944936, 3.619355347628060215, 16.22972993322064639 ) ) ;
#10297 = CARTESIAN_POINT ( 'NONE',  ( -4.200000000000000178, 3.049999999999999378, 25.25000000000000000 ) ) ;
#10298 = EDGE_CURVE ( 'NONE', #471, #4341, #9932, .T. ) ;
#10299 = CARTESIAN_POINT ( 'NONE',  ( 13.13140402480159707, 3.048659407485694750, -16.32895693709236795 ) ) ;
#10300 = CARTESIAN_POINT ( 'NONE',  ( 0.000000000000000000, 0.000000000000000000, 23.75000000000000000 ) ) ;
#10301 = ADVANCED_FACE ( 'NONE', ( #5676 ), #2486, .T. ) ;
#10302 = ORIENTED_EDGE ( 'NONE', *, *, #7817, .T. ) ;
#10303 = VERTEX_POINT ( 'NONE', #5106 ) ;
#10304 = CARTESIAN_POINT ( 'NONE',  ( 44.21848208716836837, 2.054727326910890550, 0.02744993925900805071 ) ) ;
#10305 = CARTESIAN_POINT ( 'NONE',  ( 34.15117635802953089, 3.106872489374029822, 10.43403043840297961 ) ) ;
#10306 = CARTESIAN_POINT ( 'NONE',  ( 33.86889221386704918, 3.666776991323428270, 21.52154630890196074 ) ) ;
#10307 = EDGE_CURVE ( 'NONE', #4894, #4031, #3661, .T. ) ;
#10308 = DIRECTION ( 'NONE',  ( 0.000000000000000000, 0.000000000000000000, 1.000000000000000000 ) ) ;
#10309 = CARTESIAN_POINT ( 'NONE',  ( 44.30000000000000426, -3.049999999999999822, -1.207950251375300763E-14 ) ) ;
#10310 = CARTESIAN_POINT ( 'NONE',  ( 12.69999999999999929, -2.286000000000000032, 31.75000000000000000 ) ) ;
#10311 = CARTESIAN_POINT ( 'NONE',  ( 44.30000000000000426, 1.492531806585781995, -0.5048817959126739030 ) ) ;
#10312 = CARTESIAN_POINT ( 'NONE',  ( 37.95130138287272814, 2.356369741279880969, 4.110097778798498247 ) ) ;
#10313 = ORIENTED_EDGE ( 'NONE', *, *, #9443, .F. ) ;
#10314 = B_SPLINE_CURVE_WITH_KNOTS ( 'NONE', 3,
 ( #186, #2824, #5914, #8230, #8431, #7541 ),
 .UNSPECIFIED., .F., .F.,
 ( 4, 2, 4 ),
 ( 0.002724130707920312169, 0.009760427524790653980, 0.01679672434166099709 ),
 .UNSPECIFIED. ) ;
#10315 = VERTEX_POINT ( 'NONE', #1089 ) ;
#10316 = ORIENTED_EDGE ( 'NONE', *, *, #1047, .F. ) ;
#10317 = DIRECTION ( 'NONE',  ( -1.000000000000000000, 0.000000000000000000, 0.000000000000000000 ) ) ;
#10318 = LINE ( 'NONE', #7049, #5028 ) ;
#10319 = B_SPLINE_CURVE_WITH_KNOTS ( 'NONE', 3,
 ( #22, #5800, #4938, #7373, #7231, #4093, #3250, #1616 ),
 .UNSPECIFIED., .F., .F.,
 ( 4, 2, 2, 4 ),
 ( 0.001066610825538764473, 0.005524786827583094348, 0.009982962829627423790, 0.01889931483371608267 ),
 .UNSPECIFIED. ) ;
#10320 = DIRECTION ( 'NONE',  ( 0.000000000000000000, -1.000000000000000000, 0.000000000000000000 ) ) ;
#10321 = DIRECTION ( 'NONE',  ( 0.000000000000000000, 3.738628180984499102E-16, 1.000000000000000000 ) ) ;
#10322 = VERTEX_POINT ( 'NONE', #10421 ) ;
#10323 = DIRECTION ( 'NONE',  ( -1.000000000000000000, 0.000000000000000000, 0.000000000000000000 ) ) ;
#10324 = DIRECTION ( 'NONE',  ( 0.000000000000000000, 1.000000000000000000, 0.000000000000000000 ) ) ;
#10325 = DIRECTION ( 'NONE',  ( 0.000000000000000000, 0.000000000000000000, -1.000000000000000000 ) ) ;
#10326 = PLANE ( 'NONE',  #7031 ) ;
#10327 = CARTESIAN_POINT ( 'NONE',  ( -0.6839929904559529650, 5.146802777648552762, 17.02468026721367167 ) ) ;
#10328 = CARTESIAN_POINT ( 'NONE',  ( 12.69999999999999929, 0.7859999999999998099, 31.75000000000000000 ) ) ;
#10329 = ORIENTED_EDGE ( 'NONE', *, *, #9001, .F. ) ;
#10330 = VERTEX_POINT ( 'NONE', #296 ) ;
#10331 = B_SPLINE_SURFACE_WITH_KNOTS ( 'NONE', 3, 3, ( 
 ( #2153, #8401, #1254, #3738 ),
 ( #3686, #5390, #6922, #8728 ),
 ( #7300, #6250, #5563, #2260 ),
 ( #2372, #7251, #680, #4813 ) ),
 .UNSPECIFIED., .F., .F., .F.,
 ( 4, 4 ),
 ( 4, 4 ),
 ( 0.000000000000000000, 0.7546412765156228497 ),
 ( -1.309164077539486248E-15, 0.8130184615159946615 ),
 .UNSPECIFIED. ) ;
#10332 = ORIENTED_EDGE ( 'NONE', *, *, #3331, .F. ) ;
#10333 = ORIENTED_EDGE ( 'NONE', *, *, #1447, .F. ) ;
#10334 = CARTESIAN_POINT ( 'NONE',  ( 6.200000000000001066, 500000.0000000000582, 19.05000000000000071 ) ) ;
#10335 = CARTESIAN_POINT ( 'NONE',  ( 5.267409253769513633, 2.424018877404472416, -20.64163627342179907 ) ) ;
#10336 = CARTESIAN_POINT ( 'NONE',  ( 13.19999999999996909, 0.7859999999999998099, 25.25608977586499648 ) ) ;
#10337 = LINE ( 'NONE', #9498, #6815 ) ;
#10338 = CARTESIAN_POINT ( 'NONE',  ( 29.51125323157683411, 2.530864562969769693, 35.74999999941815787 ) ) ;
#10339 = LINE ( 'NONE', #3896, #8388 ) ;
#10340 = B_SPLINE_SURFACE_WITH_KNOTS ( 'NONE', 3, 3, ( 
 ( #8452, #5179, #4480, #1950 ),
 ( #5336, #5933, #1203, #3537 ),
 ( #8406, #6776, #1158, #358 ),
 ( #6089, #10047, #6042, #1999 ) ),
 .UNSPECIFIED., .F., .F., .F.,
 ( 4, 4 ),
 ( 4, 4 ),
 ( 0.000000000000000000, 0.07710370707832281401 ),
 ( 0.04434700985500230480, 0.1511970903904559516 ),
 .UNSPECIFIED. ) ;
#10341 = CARTESIAN_POINT ( 'NONE',  ( -500000.0000000000582, 3.174999999999990052, -6.349999999999999645 ) ) ;
#10342 = EDGE_LOOP ( 'NONE', ( #2501, #2514 ) ) ;
#10343 = ADVANCED_FACE ( 'NONE', ( #4874 ), #7548, .T. ) ;
#10344 = CARTESIAN_POINT ( 'NONE',  ( -3.660728978165243230, 5.137897289441307969, 16.97317293970976237 ) ) ;
#10345 = DIRECTION ( 'NONE',  ( 0.000000000000000000, -1.000000000000000000, 0.000000000000000000 ) ) ;
#10346 = CARTESIAN_POINT ( 'NONE',  ( 29.15470878619768413, 2.608628449021594076, -8.494027351899127609 ) ) ;
#10347 = DIRECTION ( 'NONE',  ( 0.000000000000000000, 1.000000000000000000, 0.000000000000000000 ) ) ;
#10348 = CARTESIAN_POINT ( 'NONE',  ( 11.08417167547200322, 3.562475929035192834, 16.27796832413762829 ) ) ;
#10349 = CARTESIAN_POINT ( 'NONE',  ( 38.93783575028795951, 2.659793492625794897, 4.324368715964745036 ) ) ;
#10350 = DIRECTION ( 'NONE',  ( 0.000000000000000000, 0.000000000000000000, -1.000000000000000000 ) ) ;
#10351 = CARTESIAN_POINT ( 'NONE',  ( 37.16080126458413702, 2.618206614024788159, 2.024879113251194518 ) ) ;
#10352 = ORIENTED_EDGE ( 'NONE', *, *, #1305, .T. ) ;
#10353 = VECTOR ( 'NONE', #6446, 1000.000000000000000 ) ;
#10354 = EDGE_CURVE ( 'NONE', #61, #9117, #1250, .T. ) ;
#10355 = FACE_OUTER_BOUND ( 'NONE', #2121, .T. ) ;
#10356 = CARTESIAN_POINT ( 'NONE',  ( 34.84026902951839588, 1.682711562292619201, 29.48670765962318541 ) ) ;
#10357 = ADVANCED_FACE ( 'NONE', ( #2679 ), #6763, .T. ) ;
#10358 = CARTESIAN_POINT ( 'NONE',  ( -4.699999999999999289, 2.162520919212630677, -18.55000000000000071 ) ) ;
#10359 = EDGE_CURVE ( 'NONE', #2229, #10148, #6002, .T. ) ;
#10360 = DIRECTION ( 'NONE',  ( 0.000000000000000000, 0.000000000000000000, -1.000000000000000000 ) ) ;
#10361 = CARTESIAN_POINT ( 'NONE',  ( 20.50635426287348295, 5.088816598214298992, 3.174999999999997158 ) ) ;
#10362 = DIRECTION ( 'NONE',  ( -0.000000000000000000, -1.000000000000000000, -0.000000000000000000 ) ) ;
#10363 = CARTESIAN_POINT ( 'NONE',  ( 34.41395789994064813, 3.051136694741301891, 33.89855025520449772 ) ) ;
#10364 = B_SPLINE_CURVE_WITH_KNOTS ( 'NONE', 3,
 ( #6189, #10299, #9511, #1583, #554, #2253, #7024, #5495, #8721, #7925, #7135, #7193 ),
 .UNSPECIFIED., .F., .F.,
 ( 4, 2, 2, 2, 2, 4 ),
 ( 0.0007455581144318701274, 0.008393526313662363555, 0.01604149451289284961, 0.02368946271212334087, 0.02751344681173856915, 0.03133743091135380437 ),
 .UNSPECIFIED. ) ;
#10365 = DIRECTION ( 'NONE',  ( 0.000000000000000000, 0.000000000000000000, 1.000000000000000000 ) ) ;
#10366 = VECTOR ( 'NONE', #1394, 1000.000000000000000 ) ;
#10367 = ORIENTED_EDGE ( 'NONE', *, *, #5313, .T. ) ;
#10368 = VERTEX_POINT ( 'NONE', #5964 ) ;
#10369 = ADVANCED_FACE ( 'NONE', ( #5062 ), #9176, .F. ) ;
#10370 = AXIS2_PLACEMENT_3D ( 'NONE', #1978, #6012, #5004 ) ;
#10371 = CARTESIAN_POINT ( 'NONE',  ( 31.60000000000000142, -1.016666666666666385, 37.95000000000000284 ) ) ;
#10372 = DIRECTION ( 'NONE',  ( 0.000000000000000000, 0.000000000000000000, 1.000000000000000000 ) ) ;
#10373 = CARTESIAN_POINT ( 'NONE',  ( 13.79047265064387062, 9.402733490373224257, -2.731376434565908173 ) ) ;
#10374 = CARTESIAN_POINT ( 'NONE',  ( -6.200000000000000178, 3.552970297029702795, 23.25000000000000000 ) ) ;
#10375 = ORIENTED_EDGE ( 'NONE', *, *, #5630, .T. ) ;
#10376 = VECTOR ( 'NONE', #3598, 1000.000000000000000 ) ;
#10377 = DIRECTION ( 'NONE',  ( 0.000000000000000000, 0.000000000000000000, -1.000000000000000000 ) ) ;
#10378 = CARTESIAN_POINT ( 'NONE',  ( -2.982150335276710695, 2.660155898119502371, -25.18657729021376923 ) ) ;
#10379 = CARTESIAN_POINT ( 'NONE',  ( -3.657873257124026001, 4.072841555599408636, -21.13225724223305590 ) ) ;
#10380 = CARTESIAN_POINT ( 'NONE',  ( 37.59999999999744347, 2.947652384969239758, -1.100000000000732836 ) ) ;
#10381 = CARTESIAN_POINT ( 'NONE',  ( 25.73878091364174026, 3.049999999999959410, 29.95614663466647443 ) ) ;
#10382 = AXIS2_PLACEMENT_3D ( 'NONE', #2014, #4608, #5352 ) ;
#10383 = CYLINDRICAL_SURFACE ( 'NONE', #4317, 2.000000000000000000 ) ;
#10384 = VERTEX_POINT ( 'NONE', #795 ) ;
#10385 = EDGE_LOOP ( 'NONE', ( #3846, #136, #3299, #3019 ) ) ;
#10386 = ORIENTED_EDGE ( 'NONE', *, *, #8877, .T. ) ;
#10387 = VERTEX_POINT ( 'NONE', #4030 ) ;
#10388 = CARTESIAN_POINT ( 'NONE',  ( 14.65719825260497977, 2.286000000000000032, 34.25000000000000000 ) ) ;
#10389 = DIRECTION ( 'NONE',  ( 0.000000000000000000, -1.000000000000000000, -0.000000000000000000 ) ) ;
#10390 = DIRECTION ( 'NONE',  ( 0.000000000000000000, 0.000000000000000000, -1.000000000000000000 ) ) ;
#10391 = CARTESIAN_POINT ( 'NONE',  ( 15.83538275175456000, 500000.0000000000582, 31.25000000000000000 ) ) ;
#10392 = AXIS2_PLACEMENT_3D ( 'NONE', #2593, #9987, #2691 ) ;
#10393 = CARTESIAN_POINT ( 'NONE',  ( 2.368060703643432685, 1.880084909294478246, -23.25274859148153084 ) ) ;
#10394 = B_SPLINE_CURVE_WITH_KNOTS ( 'NONE', 3,
 ( #4675, #8636, #2342, #647 ),
 .UNSPECIFIED., .F., .F.,
 ( 4, 4 ),
 ( 0.0007867054078522746959, 0.001925755134457372017 ),
 .UNSPECIFIED. ) ;
#10395 = CARTESIAN_POINT ( 'NONE',  ( 38.26227992513888410, 2.277487441935866386, -1.250577299431491207 ) ) ;
#10396 = DIRECTION ( 'NONE',  ( 0.000000000000000000, -1.000000000000000000, 0.000000000000000000 ) ) ;
#10397 = CARTESIAN_POINT ( 'NONE',  ( 3.822037846785540260, 2.294489413894340579, 22.05810855229385936 ) ) ;
#10398 = APPROVAL_STATUS ( 'not_yet_approved' ) ;
#10399 = ORIENTED_EDGE ( 'NONE', *, *, #3759, .T. ) ;
#10400 = ORIENTED_EDGE ( 'NONE', *, *, #9862, .T. ) ;
#10401 = CARTESIAN_POINT ( 'NONE',  ( -3.183576124090790493, 3.922122032177087547, 21.80319417290400708 ) ) ;
#10402 = LINE ( 'NONE', #3165, #5716 ) ;
#10403 = CARTESIAN_POINT ( 'NONE',  ( -4.700000000000000178, 2.424999999999991829, 12.34999999999999787 ) ) ;
#10404 = CARTESIAN_POINT ( 'NONE',  ( 5.175905717843008347, 2.896874810118619692, 19.55000000000003268 ) ) ;
#10405 = CARTESIAN_POINT ( 'NONE',  ( 37.93221075683944576, 4.407231025211998166, 3.970813532886574571 ) ) ;
#10406 = LINE ( 'NONE', #3171, #8749 ) ;
#10407 = CARTESIAN_POINT ( 'NONE',  ( -4.200000000000009948, 1.882343667452188729, 23.75000000000001421 ) ) ;
#10408 = VECTOR ( 'NONE', #3974, 1000.000000000000000 ) ;
#10409 = VECTOR ( 'NONE', #6390, 1000.000000000000000 ) ;
#10410 = CARTESIAN_POINT ( 'NONE',  ( 0.000000000000000000, 500000.0000000000582, -19.05000000000000071 ) ) ;
#10411 = B_SPLINE_CURVE_WITH_KNOTS ( 'NONE', 3,
 ( #6597, #7477, #8064, #5640 ),
 .UNSPECIFIED., .F., .F.,
 ( 4, 4 ),
 ( 0.0001476105003670089802, 0.0001724488312248382681 ),
 .UNSPECIFIED. ) ;
#10412 = CARTESIAN_POINT ( 'NONE',  ( 43.14247619559554892, 1.773147190194060530, 6.422163461219294156 ) ) ;
#10413 = CARTESIAN_POINT ( 'NONE',  ( 2.658322501032718943, 2.941702899019438266, 19.47353937643948640 ) ) ;
#10414 = CARTESIAN_POINT ( 'NONE',  ( 0.000000000000000000, 2.286000000000000032, 29.64999999999999858 ) ) ;
#10415 = EDGE_CURVE ( 'NONE', #10102, #5082, #7854, .T. ) ;
#10416 = CARTESIAN_POINT ( 'NONE',  ( -4.700000000000000178, 6.298245073656640436, 12.34999999999999787 ) ) ;
#10417 = CARTESIAN_POINT ( 'NONE',  ( -2.389000000000000234, 12.69999999999999929, 0.7499999999999987788 ) ) ;
#10418 = EDGE_CURVE ( 'NONE', #8108, #653, #9878, .T. ) ;
#10419 = CARTESIAN_POINT ( 'NONE',  ( 33.69331861669627415, 2.563069268218051810, 35.00310873975047343 ) ) ;
#10420 = AXIS2_PLACEMENT_3D ( 'NONE', #10300, #3004, #2254 ) ;
#10421 = CARTESIAN_POINT ( 'NONE',  ( -4.699999999999999289, -3.049999999999999822, 13.85000000000000142 ) ) ;
#10422 = ORIENTED_EDGE ( 'NONE', *, *, #6738, .F. ) ;
#10423 = ADVANCED_FACE ( 'NONE', ( #6180 ), #2575, .T. ) ;
#10424 = VERTEX_POINT ( 'NONE', #10125 ) ;
#10425 = CARTESIAN_POINT ( 'NONE',  ( 44.30000000000000426, 3.049999999999999822, -1.158225982667416540E-14 ) ) ;
#10426 = CARTESIAN_POINT ( 'NONE',  ( 12.70000000000200124, 3.049999999999999822, 25.25000000000000000 ) ) ;
#10427 = B_SPLINE_SURFACE_WITH_KNOTS ( 'NONE', 3, 3, ( 
 ( #6852, #9971, #10072, #2825 ),
 ( #6066, #1083, #9276, #10122 ),
 ( #4312, #2074, #6758, #9325 ),
 ( #5307, #8531, #1285, #4512 ) ),
 .UNSPECIFIED., .F., .F., .F.,
 ( 4, 4 ),
 ( 4, 4 ),
 ( 0.000000000000000000, 0.9074930803234657617 ),
 ( -4.345832859627155971E-16, 0.8131715343854942768 ),
 .UNSPECIFIED. ) ;
#10428 = LINE ( 'NONE', #5681, #2427 ) ;
#10429 = AXIS2_PLACEMENT_3D ( 'NONE', #2140, #10345, #7186 ) ;
#10430 = CARTESIAN_POINT ( 'NONE',  ( -4.437485668497416214, 2.804562248494794297, -25.20483338548535102 ) ) ;
#10431 = EDGE_LOOP ( 'NONE', ( #3364, #1991, #4301, #2864, #4561 ) ) ;
#10432 = CARTESIAN_POINT ( 'NONE',  ( -3.135382751754560271, -2.286000000000000032, -18.55000000000000071 ) ) ;
#10433 = CARTESIAN_POINT ( 'NONE',  ( 45.81653255641167988, 1.012603697783959866, -4.584439439744761202 ) ) ;
#10434 = CARTESIAN_POINT ( 'NONE',  ( 6.466142785758708378, 7.488276078203193187, 0.01274243861578211109 ) ) ;
#10435 = CARTESIAN_POINT ( 'NONE',  ( -3.135382751754560271, 2.286000000000000032, 18.55000000000000071 ) ) ;
#10436 = CARTESIAN_POINT ( 'NONE',  ( 38.40072404022441788, 3.239960740939901385, 25.68540522924809011 ) ) ;
#10437 = EDGE_CURVE ( 'NONE', #3545, #2380, #2879, .T. ) ;
#10438 = LINE ( 'NONE', #5411, #3630 ) ;
#10439 = B_SPLINE_CURVE_WITH_KNOTS ( 'NONE', 3,
 ( #2491, #4079, #110, #5620, #9795, #5779 ),
 .UNSPECIFIED., .F., .F.,
 ( 4, 2, 4 ),
 ( 0.0002447404059919148557, 0.0007732385387630889232, 0.001301736671534263045 ),
 .UNSPECIFIED. ) ;
#10440 = ORIENTED_EDGE ( 'NONE', *, *, #9535, .T. ) ;
#10441 = VECTOR ( 'NONE', #4770, 1000.000000000000000 ) ;
#10442 = ORIENTED_EDGE ( 'NONE', *, *, #2535, .T. ) ;
#10443 = EDGE_CURVE ( 'NONE', #2393, #4518, #5305, .T. ) ;
#10444 = CYLINDRICAL_SURFACE ( 'NONE', #5875, 2.000000000000001776 ) ;
#10445 = ORIENTED_EDGE ( 'NONE', *, *, #6738, .T. ) ;
#10446 = LINE ( 'NONE', #3204, #60 ) ;
#10447 = DIRECTION ( 'NONE',  ( 0.000000000000000000, -0.4999999999999956146, 0.8660254037844411501 ) ) ;
#10448 = CARTESIAN_POINT ( 'NONE',  ( 33.86889221450621790, 1.650877637587200741, 21.52154630733920371 ) ) ;
#10449 = CARTESIAN_POINT ( 'NONE',  ( -4.700000000000000178, 2.193901974035655567, -18.25335357582240547 ) ) ;
#10450 = CARTESIAN_POINT ( 'NONE',  ( 30.39979981006545628, 1.016666666666666607, -18.34100945216909295 ) ) ;
#10451 = CARTESIAN_POINT ( 'NONE',  ( -0.5000000000000065503, 4.353727160371737348, 13.87409428215698703 ) ) ;
#10452 = B_SPLINE_CURVE_WITH_KNOTS ( 'NONE', 3,
 ( #8828, #1580, #4804, #2469 ),
 .UNSPECIFIED., .F., .F.,
 ( 4, 4 ),
 ( 0.1918301501159807021, 1.000000000000000000 ),
 .UNSPECIFIED. ) ;
#10453 = CARTESIAN_POINT ( 'NONE',  ( 36.33792114294308817, 2.666301065801235382, 17.83122877983953458 ) ) ;
#10454 = COORDINATED_UNIVERSAL_TIME_OFFSET ( 6, 0, .BEHIND. ) ;
#10455 = VERTEX_POINT ( 'NONE', #1399 ) ;
#10456 = ORIENTED_EDGE ( 'NONE', *, *, #531, .T. ) ;
#10457 = EDGE_LOOP ( 'NONE', ( #10203, #2203, #5426, #4373 ) ) ;
#10458 = CARTESIAN_POINT ( 'NONE',  ( 12.69999999999999218, -2.286000000000000032, 25.25000000000000000 ) ) ;
#10459 = CARTESIAN_POINT ( 'NONE',  ( -6.199999999999977973, 3.560776484345494541, -23.21895964886239128 ) ) ;
#10460 = PLANE ( 'NONE',  #9863 ) ;
#10461 = CARTESIAN_POINT ( 'NONE',  ( -2.389000000000000234, 2.424999999999986500, -12.35000000000000142 ) ) ;
#10462 = FACE_OUTER_BOUND ( 'NONE', #6061, .T. ) ;
#10463 = CARTESIAN_POINT ( 'NONE',  ( 45.58069535030680441, 3.055984583077204331, -4.865383530794188616 ) ) ;
#10464 = CARTESIAN_POINT ( 'NONE',  ( 33.59651985024277110, 2.006416243291820223, 17.60696895817849850 ) ) ;
#10465 = ORIENTED_EDGE ( 'NONE', *, *, #578, .T. ) ;
#10466 = CARTESIAN_POINT ( 'NONE',  ( 39.05280805054064075, 1.911968881541287635, 18.09257397666170419 ) ) ;
#10467 = CARTESIAN_POINT ( 'NONE',  ( -0.5000000000000000000, 1.671208383623292493, 23.25569682656055548 ) ) ;
#10468 = DIRECTION ( 'NONE',  ( 1.000000000000000000, -0.000000000000000000, -0.000000000000000000 ) ) ;
#10469 = CARTESIAN_POINT ( 'NONE',  ( -4.699999999999999289, 8.237613042236045402, 4.616938077608267577 ) ) ;
#10470 = EDGE_CURVE ( 'NONE', #2563, #678, #1140, .T. ) ;
#10471 = CARTESIAN_POINT ( 'NONE',  ( 3.150798199009060774, 2.055725979751271026, -22.43700130425088091 ) ) ;
ENDSEC;
END-ISO-10303-21;
