ISO-10303-21;
HEADER;
FILE_DESCRIPTION (( 'STEP AP214' ),
    '1' );
FILE_NAME ('228-2500-242.step',
    '2022-06-13T14:35:50',
    ( '' ),
    ( '' ),
    'SwSTEP 2.0',
    'SolidWorks 2021',
    '' );
FILE_SCHEMA (( 'AUTOMOTIVE_DESIGN' ));
ENDSEC;

DATA;
#1 = CARTESIAN_POINT ( 'NONE',  ( 0.2342519685039370358, -0.2163390768634452788, -0.08650259692916142940 ) ) ;
#2 = ORIENTED_EDGE ( 'NONE', *, *, #2006, .F. ) ;
#3 = DIRECTION ( 'NONE',  ( -1.000000000000000000, 0.000000000000000000, 0.000000000000000000 ) ) ;
#4 = ORIENTED_EDGE ( 'NONE', *, *, #2917, .T. ) ;
#5 = CARTESIAN_POINT ( 'NONE',  ( 0.2657480314960630197, -0.2187258444921515999, 0.08874826174624685093 ) ) ;
#6 = ORIENTED_EDGE ( 'NONE', *, *, #1649, .F. ) ;
#7 = PLANE ( 'NONE',  #187 ) ;
#8 = VECTOR ( 'NONE', #1167, 39.37007874015748143 ) ;
#9 = APPLICATION_PROTOCOL_DEFINITION ( 'draft international standard', 'automotive_design', 1998, #201 ) ;
#10 = EDGE_CURVE ( 'NONE', #1557, #264, #2224, .T. ) ;
#11 = LINE ( 'NONE', #2863, #3049 ) ;
#12 = ORIENTED_EDGE ( 'NONE', *, *, #3146, .F. ) ;
#13 = ORIENTED_EDGE ( 'NONE', *, *, #1099, .T. ) ;
#14 = EDGE_CURVE ( 'NONE', #1791, #1941, #69, .T. ) ;
#15 = VERTEX_POINT ( 'NONE', #883 ) ;
#16 = DIRECTION ( 'NONE',  ( 1.000000000000000000, 0.000000000000000000, 0.000000000000000000 ) ) ;
#17 = DIRECTION ( 'NONE',  ( 0.000000000000000000, 1.000000000000000000, 5.551115123125779621E-17 ) ) ;
#18 = ORIENTED_EDGE ( 'NONE', *, *, #940, .T. ) ;
#19 = DIRECTION ( 'NONE',  ( 1.000000000000000000, 0.000000000000000000, 0.000000000000000000 ) ) ;
#20 = VECTOR ( 'NONE', #2700, 39.37007874015748143 ) ;
#21 = AXIS2_PLACEMENT_3D ( 'NONE', #811, #2876, #1531 ) ;
#22 = ORIENTED_EDGE ( 'NONE', *, *, #1213, .F. ) ;
#23 = CARTESIAN_POINT ( 'NONE',  ( 0.2657480314960630197, -0.2212898718811492083, -0.08790198958494628567 ) ) ;
#24 = ORIENTED_EDGE ( 'NONE', *, *, #1361, .T. ) ;
#25 = LINE ( 'NONE', #2645, #2625 ) ;
#26 = DIRECTION ( 'NONE',  ( 0.000000000000000000, 0.000000000000000000, 1.000000000000000000 ) ) ;
#27 = AXIS2_PLACEMENT_3D ( 'NONE', #975, #1492, #1245 ) ;
#28 =( BOUNDED_CURVE ( )  B_SPLINE_CURVE ( 3, ( #60, #1371, #293, #1605 ),
 .UNSPECIFIED., .F., .F. ) 
 B_SPLINE_CURVE_WITH_KNOTS ( ( 4, 4 ),
 ( 4.362112093716119965, 4.472917508490045435 ),
 .UNSPECIFIED. ) 
 CURVE ( )  GEOMETRIC_REPRESENTATION_ITEM ( )  RATIONAL_B_SPLINE_CURVE ( ( 1.000000000000000000, 0.9989771083553059539, 0.9989771083553059539, 1.000000000000000000 ) ) 
 REPRESENTATION_ITEM ( '' )  );
#29 = DIRECTION ( 'NONE',  ( 0.000000000000000000, 0.000000000000000000, -1.000000000000000000 ) ) ;
#30 = VERTEX_POINT ( 'NONE', #644 ) ;
#31 = VERTEX_POINT ( 'NONE', #356 ) ;
#32 = DIRECTION ( 'NONE',  ( -0.9961946980917461003, 0.08715574274765179597, 4.838115616337500651E-18 ) ) ;
#33 = DIRECTION ( 'NONE',  ( -1.000000000000000000, 0.000000000000000000, 0.000000000000000000 ) ) ;
#34 = STYLED_ITEM ( 'NONE', ( #1216 ), #2862 ) ;
#35 = ORIENTED_EDGE ( 'NONE', *, *, #2148, .T. ) ;
#36 = CARTESIAN_POINT ( 'NONE',  ( 0.2657480314960629642, -0.2325596220356573318, 0.08196428224833253451 ) ) ;
#37 = DIMENSIONAL_EXPONENTS ( 1.000000000000000000, 0.000000000000000000, 0.000000000000000000, 0.000000000000000000, 0.000000000000000000, 0.000000000000000000, 0.000000000000000000 ) ;
#38 = ORIENTED_EDGE ( 'NONE', *, *, #550, .F. ) ;
#39 = CARTESIAN_POINT ( 'NONE',  ( -0.3149606299212598381, 0.1181102362204724532, 0.02362204724409448786 ) ) ;
#40 = ORIENTED_EDGE ( 'NONE', *, *, #2490, .F. ) ;
#41 = UNCERTAINTY_MEASURE_WITH_UNIT (LENGTH_MEASURE( 1.000000000000000082E-05 ), #3261, 'distance_accuracy_value', 'NONE');
#42 = TOROIDAL_SURFACE ( 'NONE', #649, 0.06121913580175591257, 0.02952755905511811330 ) ;
#43 = LINE ( 'NONE', #1066, #3111 ) ;
#44 = CARTESIAN_POINT ( 'NONE',  ( -0.1181102362204740214, 0.000000000000000000, -0.02362204724409243742 ) ) ;
#45 = ORIENTED_EDGE ( 'NONE', *, *, #1689, .T. ) ;
#46 = EDGE_CURVE ( 'NONE', #2532, #893, #1808, .T. ) ;
#47 = ORIENTED_EDGE ( 'NONE', *, *, #1256, .F. ) ;
#48 = DIRECTION ( 'NONE',  ( 0.000000000000000000, -1.000000000000000000, 0.000000000000000000 ) ) ;
#49 = CARTESIAN_POINT ( 'NONE',  ( -0.3326771653543306728, -0.2141338582677165536, 2.731847993664263711E-16 ) ) ;
#50 = ORIENTED_EDGE ( 'NONE', *, *, #2763, .F. ) ;
#51 = FACE_OUTER_BOUND ( 'NONE', #636, .T. ) ;
#52 = ADVANCED_FACE ( 'NONE', ( #393 ), #1691, .T. ) ;
#53 = CARTESIAN_POINT ( 'NONE',  ( -0.1181102362204740214, 0.000000000000000000, -0.02362204724409243742 ) ) ;
#54 = DIRECTION ( 'NONE',  ( 0.000000000000000000, 0.000000000000000000, -1.000000000000000000 ) ) ;
#55 = VERTEX_POINT ( 'NONE', #2438 ) ;
#56 = CARTESIAN_POINT ( 'NONE',  ( 0.2657480314960629642, -0.2378108952978106871, -0.07429137131410729067 ) ) ;
#57 = ORIENTED_EDGE ( 'NONE', *, *, #1361, .F. ) ;
#58 = DIRECTION ( 'NONE',  ( 0.000000000000000000, 0.000000000000000000, -1.000000000000000000 ) ) ;
#59 = CARTESIAN_POINT ( 'NONE',  ( 0.2402722448253551135, -0.08610988731858496004, 0.08218268458784917796 ) ) ;
#60 = CARTESIAN_POINT ( 'NONE',  ( -0.2783713219522232496, -0.2023228346456693028, 0.07765682044553896823 ) ) ;
#61 = ORIENTED_EDGE ( 'NONE', *, *, #334, .F. ) ;
#62 = AXIS2_PLACEMENT_3D ( 'NONE', #2518, #1455, #2267 ) ;
#63 = CARTESIAN_POINT ( 'NONE',  ( -0.3149606299212598381, 0.1181102362204724532, -0.02362204724409448786 ) ) ;
#64 = DIRECTION ( 'NONE',  ( 0.000000000000000000, -1.000000000000000000, -5.551115123125779621E-17 ) ) ;
#65 = ORIENTED_EDGE ( 'NONE', *, *, #3095, .T. ) ;
#66 = DIRECTION ( 'NONE',  ( 0.000000000000000000, -1.000000000000000000, 0.000000000000000000 ) ) ;
#67 = FACE_OUTER_BOUND ( 'NONE', #1883, .T. ) ;
#68 = DIRECTION ( 'NONE',  ( -0.9218631515885042926, -0.3875155864520941074, -2.151143632401175348E-17 ) ) ;
#69 = LINE ( 'NONE', #2658, #2412 ) ;
#70 = DIRECTION ( 'NONE',  ( -1.000000000000000000, 0.000000000000000000, 0.000000000000000000 ) ) ;
#71 = ORIENTED_EDGE ( 'NONE', *, *, #2002, .F. ) ;
#72 = AXIS2_PLACEMENT_3D ( 'NONE', #2987, #3203, #1931 ) ;
#73 = CARTESIAN_POINT ( 'NONE',  ( 0.2500000000000000000, -0.2141338582677165536, -1.092739197465704696E-15 ) ) ;
#74 = DIRECTION ( 'NONE',  ( -1.000000000000000000, 0.000000000000000000, 0.000000000000000000 ) ) ;
#75 = CLOSED_SHELL ( 'NONE', ( #748, #1546, #1153, #1050, #2777, #3062, #604, #799, #246, #417, #1431, #3105, #624, #2039, #1925, #1397, #698, #2528, #2038, #453, #1529, #52, #2105, #1575, #3341, #2320, #2288, #1701, #3212 ) ) ;
#76 = DIRECTION ( 'NONE',  ( 0.000000000000000000, -1.000000000000000000, 0.000000000000000000 ) ) ;
#77 = CARTESIAN_POINT ( 'NONE',  ( -0.3149606299212598381, 0.07874015748031495954, 0.02362204724409653483 ) ) ;
#78 = VECTOR ( 'NONE', #141, 39.37007874015748143 ) ;
#79 = VERTEX_POINT ( 'NONE', #591 ) ;
#80 = FACE_BOUND ( 'NONE', #2732, .T. ) ;
#81 = VECTOR ( 'NONE', #2622, 39.37007874015748143 ) ;
#82 = EDGE_CURVE ( 'NONE', #1908, #658, #2729, .T. ) ;
#83 = CARTESIAN_POINT ( 'NONE',  ( 0.1181102362204708711, 0.000000000000000000, -0.1220866141732283444 ) ) ;
#84 = EDGE_LOOP ( 'NONE', ( #964, #1288, #936, #1971, #2253, #2278, #2797, #3237, #1129, #171, #2090, #1247, #1547, #209, #2479, #807 ) ) ;
#85 = DIRECTION ( 'NONE',  ( 1.000000000000000000, 0.000000000000000000, 0.000000000000000000 ) ) ;
#86 = CARTESIAN_POINT ( 'NONE',  ( -0.2500000000000000000, -0.2141338582677165536, 2.731847993664263711E-16 ) ) ;
#87 = EDGE_CURVE ( 'NONE', #30, #554, #407, .T. ) ;
#88 = LINE ( 'NONE', #842, #1849 ) ;
#89 = VECTOR ( 'NONE', #58, 39.37007874015748143 ) ;
#90 = ORIENTED_EDGE ( 'NONE', *, *, #2962, .T. ) ;
#91 = CYLINDRICAL_SURFACE ( 'NONE', #3168, 0.08267716535433068670 ) ;
#92 = AXIS2_PLACEMENT_3D ( 'NONE', #1965, #410, #1195 ) ;
#93 = CARTESIAN_POINT ( 'NONE',  ( -0.2402722448253218623, -0.08610988731855753753, -0.08218268458784458441 ) ) ;
#94 = EDGE_CURVE ( 'NONE', #3189, #517, #1714, .T. ) ;
#95 = ORIENTED_EDGE ( 'NONE', *, *, #3309, .F. ) ;
#96 = DIRECTION ( 'NONE',  ( 0.000000000000000000, -1.000000000000000000, 0.000000000000000000 ) ) ;
#97 = ADVANCED_FACE ( 'NONE', ( #844 ), #91, .T. ) ;
#98 = DIMENSIONAL_EXPONENTS ( 1.000000000000000000, 0.000000000000000000, 0.000000000000000000, 0.000000000000000000, 0.000000000000000000, 0.000000000000000000, 0.000000000000000000 ) ;
#99 = AXIS2_PLACEMENT_3D ( 'NONE', #2058, #64, #33 ) ;
#100 = ADVANCED_FACE ( 'NONE', ( #2908 ), #2943, .F. ) ;
#101 = LINE ( 'NONE', #3204, #2409 ) ;
#102 = DIRECTION ( 'NONE',  ( 0.000000000000000000, 5.551115123125779621E-17, -1.000000000000000000 ) ) ;
#103 = ORIENTED_EDGE ( 'NONE', *, *, #2763, .T. ) ;
#104 = FACE_OUTER_BOUND ( 'NONE', #585, .T. ) ;
#105 = DIRECTION ( 'NONE',  ( -1.000000000000000000, 0.000000000000000000, 0.000000000000000000 ) ) ;
#106 = ORIENTED_EDGE ( 'NONE', *, *, #1318, .F. ) ;
#107 = DIRECTION ( 'NONE',  ( -8.260587980841940949E-15, -1.000000000000000000, 0.000000000000000000 ) ) ;
#108 = CARTESIAN_POINT ( 'NONE',  ( 0.2216286780477768059, -0.2023228346456693028, 0.1250000000000000000 ) ) ;
#109 = DIRECTION ( 'NONE',  ( 0.000000000000000000, -1.000000000000000000, -5.551115123125779621E-17 ) ) ;
#110 = AXIS2_PLACEMENT_3D ( 'NONE', #1250, #2284, #2806 ) ;
#111 = DIRECTION ( 'NONE',  ( 0.000000000000000000, 1.000000000000000000, 0.000000000000000000 ) ) ;
#112 = VERTEX_POINT ( 'NONE', #1135 ) ;
#113 = DIRECTION ( 'NONE',  ( -1.000000000000000000, 0.000000000000000000, 0.000000000000000000 ) ) ;
#114 = DIRECTION ( 'NONE',  ( 0.000000000000000000, -1.000000000000000000, 0.000000000000000000 ) ) ;
#115 = DIRECTION ( 'NONE',  ( 1.000000000000000000, 0.000000000000000000, 0.000000000000000000 ) ) ;
#116 = FACE_OUTER_BOUND ( 'NONE', #519, .T. ) ;
#117 = ORIENTED_EDGE ( 'NONE', *, *, #2291, .F. ) ;
#118 = EDGE_CURVE ( 'NONE', #2885, #1822, #1652, .T. ) ;
#119 = DIRECTION ( 'NONE',  ( -8.260587980841940949E-15, -1.000000000000000000, -5.551115123125779621E-17 ) ) ;
#120 = CARTESIAN_POINT ( 'NONE',  ( -0.2500000000000000000, -0.2023228346456693028, 2.731847993664263711E-16 ) ) ;
#121 = VERTEX_POINT ( 'NONE', #1401 ) ;
#122 = EDGE_CURVE ( 'NONE', #1337, #1858, #2571, .T. ) ;
#123 = CIRCLE ( 'NONE', #2189, 0.08267716535433068670 ) ;
#124 = DIRECTION ( 'NONE',  ( 0.000000000000000000, 0.000000000000000000, 1.000000000000000000 ) ) ;
#125 = CARTESIAN_POINT ( 'NONE',  ( 0.2342519685039370358, -0.2187258444921515999, -0.08874826174624901587 ) ) ;
#126 = FACE_OUTER_BOUND ( 'NONE', #284, .T. ) ;
#127 = VERTEX_POINT ( 'NONE', #676 ) ;
#128 = CARTESIAN_POINT ( 'NONE',  ( -0.2500000000000000000, -0.2121653543307086554, 2.731847993664263711E-16 ) ) ;
#129 = CONICAL_SURFACE ( 'NONE', #1271, 0.1082677165354330728, 0.1396263401595469744 ) ;
#130 = VERTEX_POINT ( 'NONE', #3255 ) ;
#131 = LINE ( 'NONE', #3200, #2214 ) ;
#132 = ADVANCED_FACE ( 'NONE', ( #1710 ), #934, .T. ) ;
#133 = EDGE_CURVE ( 'NONE', #501, #2467, #1628, .T. ) ;
#134 = CARTESIAN_POINT ( 'NONE',  ( 0.2500000000000000000, 0.1181102362204724532, 0.04921259842519685318 ) ) ;
#135 = DIRECTION ( 'NONE',  ( 0.000000000000000000, 1.000000000000000000, 0.000000000000000000 ) ) ;
#136 = CARTESIAN_POINT ( 'NONE',  ( -0.2216286780477771667, -0.2023228346456693028, 0.07765682044553896823 ) ) ;
#137 = AXIS2_PLACEMENT_3D ( 'NONE', #947, #707, #1480 ) ;
#138 = VERTEX_POINT ( 'NONE', #565 ) ;
#139 = AXIS2_PLACEMENT_3D ( 'NONE', #1140, #1699, #1388 ) ;
#140 = CARTESIAN_POINT ( 'NONE',  ( 0.2500000000000000000, -0.2174437897093551286, -1.092739197465704696E-15 ) ) ;
#141 = DIRECTION ( 'NONE',  ( 0.000000000000000000, 0.000000000000000000, 1.000000000000000000 ) ) ;
#142 = VERTEX_POINT ( 'NONE', #1110 ) ;
#143 = AXIS2_PLACEMENT_3D ( 'NONE', #1902, #1164, #320 ) ;
#144 = ORIENTED_EDGE ( 'NONE', *, *, #1603, .T. ) ;
#145 = VECTOR ( 'NONE', #439, 39.37007874015748143 ) ;
#146 = AXIS2_PLACEMENT_3D ( 'NONE', #1623, #1896, #1105 ) ;
#147 = LINE ( 'NONE', #1454, #1946 ) ;
#148 = LINE ( 'NONE', #1187, #2264 ) ;
#149 = EDGE_CURVE ( 'NONE', #2885, #3314, #2471, .T. ) ;
#150 = VECTOR ( 'NONE', #2821, 39.37007874015748143 ) ;
#151 = CARTESIAN_POINT ( 'NONE',  ( -0.3149606299212598381, 0.1181102362204724532, -0.02362204724409448786 ) ) ;
#152 = ORIENTED_EDGE ( 'NONE', *, *, #1689, .F. ) ;
#153 = CARTESIAN_POINT ( 'NONE',  ( 0.1181102362204724532, 0.07874015748031495954, -0.1220866141732283444 ) ) ;
#154 = VECTOR ( 'NONE', #206, 39.37007874015748143 ) ;
#155 = ORIENTED_EDGE ( 'NONE', *, *, #2140, .F. ) ;
#156 = DIRECTION ( 'NONE',  ( -1.000000000000000000, 0.000000000000000000, 0.000000000000000000 ) ) ;
#157 = CIRCLE ( 'NONE', #584, 0.1249999999999999584 ) ;
#158 = DIRECTION ( 'NONE',  ( 1.000000000000000000, 0.000000000000000000, 0.000000000000000000 ) ) ;
#159 = LINE ( 'NONE', #3241, #902 ) ;
#160 = VERTEX_POINT ( 'NONE', #2450 ) ;
#161 = CIRCLE ( 'NONE', #2052, 0.08930151325141610918 ) ;
#162 = CARTESIAN_POINT ( 'NONE',  ( 0.2657480314960630197, -0.2141338582677165536, 0.08116349656727560313 ) ) ;
#163 = ORIENTED_EDGE ( 'NONE', *, *, #3354, .F. ) ;
#164 = AXIS2_PLACEMENT_3D ( 'NONE', #1112, #3094, #771 ) ;
#165 = ORIENTED_EDGE ( 'NONE', *, *, #2710, .F. ) ;
#166 = EDGE_CURVE ( 'NONE', #176, #2587, #2144, .T. ) ;
#167 = CARTESIAN_POINT ( 'NONE',  ( -0.2342519685039370358, -0.2163390768634460559, 0.08650259692916043019 ) ) ;
#168 = CARTESIAN_POINT ( 'NONE',  ( -0.2500000000000000000, -0.2121653543307086554, 2.731847993664263711E-16 ) ) ;
#169 = CARTESIAN_POINT ( 'NONE',  ( -0.2500000000000000000, 0.1181102362204724532, -0.04921259842519685318 ) ) ;
#170 = EDGE_CURVE ( 'NONE', #223, #2993, #2922, .T. ) ;
#171 = ORIENTED_EDGE ( 'NONE', *, *, #3346, .F. ) ;
#172 = DIRECTION ( 'NONE',  ( 1.000000000000000000, 0.000000000000000000, 0.000000000000000000 ) ) ;
#173 = CARTESIAN_POINT ( 'NONE',  ( 0.2657480314960630197, -0.2200078722770905659, -0.08832516852143522390 ) ) ;
#174 = DIRECTION ( 'NONE',  ( -1.000000000000000000, 0.000000000000000000, -8.881784197001266128E-16 ) ) ;
#175 = CARTESIAN_POINT ( 'NONE',  ( -0.2342519685039370358, -0.2174437897093555172, -0.08917127285752815546 ) ) ;
#176 = VERTEX_POINT ( 'NONE', #1147 ) ;
#177 = VERTEX_POINT ( 'NONE', #2688 ) ;
#178 = CARTESIAN_POINT ( 'NONE',  ( 0.07874015748031495954, 0.07874015748031495954, 0.02362204724409448786 ) ) ;
#179 = CARTESIAN_POINT ( 'NONE',  ( -0.2500000000000000000, -0.2212898718811496246, 2.731847993664263711E-16 ) ) ;
#180 = DIRECTION ( 'NONE',  ( 8.260587980841940949E-15, -1.000000000000000000, -5.551115123125779621E-17 ) ) ;
#181 = DIRECTION ( 'NONE',  ( 0.000000000000000000, 0.000000000000000000, -1.000000000000000000 ) ) ;
#182 = ORIENTED_EDGE ( 'NONE', *, *, #1086, .F. ) ;
#183 = CARTESIAN_POINT ( 'NONE',  ( 0.1181102362204708711, 0.000000000000000000, -0.02362204724409243742 ) ) ;
#184 = DIRECTION ( 'NONE',  ( 0.000000000000000000, 0.000000000000000000, 1.000000000000000000 ) ) ;
#185 =( NAMED_UNIT ( * ) SI_UNIT ( $, .STERADIAN. ) SOLID_ANGLE_UNIT ( ) );
#186 = DIRECTION ( 'NONE',  ( -1.000000000000000000, 0.000000000000000000, 0.000000000000000000 ) ) ;
#187 = AXIS2_PLACEMENT_3D ( 'NONE', #1530, #1083, #1551 ) ;
#188 = FACE_OUTER_BOUND ( 'NONE', #2816, .T. ) ;
#189 = ORIENTED_EDGE ( 'NONE', *, *, #735, .F. ) ;
#190 = ORIENTED_EDGE ( 'NONE', *, *, #1522, .T. ) ;
#191 = CARTESIAN_POINT ( 'NONE',  ( 0.2500000000000000000, 0.09842519685039370636, 0.07455646169231140707 ) ) ;
#192 = CARTESIAN_POINT ( 'NONE',  ( -0.3149606299212598381, 0.000000000000000000, -0.02362204724409243742 ) ) ;
#193 = DIRECTION ( 'NONE',  ( 0.000000000000000000, 0.000000000000000000, 1.000000000000000000 ) ) ;
#194 = VECTOR ( 'NONE', #2785, 39.37007874015748143 ) ;
#195 = EDGE_CURVE ( 'NONE', #216, #875, #2414, .T. ) ;
#196 = PLANE ( 'NONE',  #1919 ) ;
#197 = ADVANCED_FACE ( 'NONE', ( #2435 ), #370, .T. ) ;
#198 = ORIENTED_EDGE ( 'NONE', *, *, #2392, .F. ) ;
#199 = LINE ( 'NONE', #1732, #526 ) ;
#200 = EDGE_CURVE ( 'NONE', #1572, #2073, #2747, .T. ) ;
#201 = APPLICATION_CONTEXT ( 'automotive_design' ) ;
#202 = CARTESIAN_POINT ( 'NONE',  ( -0.2308164018525586669, -0.09730667101368299654, 0.08042198710239398252 ) ) ;
#203 = EDGE_CURVE ( 'NONE', #1253, #1384, #1716, .T. ) ;
#204 = VECTOR ( 'NONE', #2180, 39.37007874015748143 ) ;
#205 = EDGE_CURVE ( 'NONE', #2964, #2129, #1644, .T. ) ;
#206 = DIRECTION ( 'NONE',  ( 0.000000000000000000, -1.000000000000000000, -5.551115123125779621E-17 ) ) ;
#207 = CARTESIAN_POINT ( 'NONE',  ( 0.2783713219522232496, -0.2023228346456693028, -0.07765682044553996743 ) ) ;
#208 = ORIENTED_EDGE ( 'NONE', *, *, #2098, .T. ) ;
#209 = ORIENTED_EDGE ( 'NONE', *, *, #3032, .T. ) ;
#210 = DIRECTION ( 'NONE',  ( 0.000000000000000000, -1.000000000000000000, 0.000000000000000000 ) ) ;
#211 = AXIS2_PLACEMENT_3D ( 'NONE', #2535, #1249, #2283 ) ;
#212 = AXIS2_PLACEMENT_3D ( 'NONE', #2904, #336, #2397 ) ;
#213 = CARTESIAN_POINT ( 'NONE',  ( -0.2500000000000000000, -0.2434823810225118235, -0.1220472440944881942 ) ) ;
#214 = B_SPLINE_CURVE_WITH_KNOTS ( 'NONE', 3,
 ( #1019, #2053, #1553, #2340 ),
 .UNSPECIFIED., .F., .F.,
 ( 4, 4 ),
 ( 0.007647354141962979870, 0.007869202712918559744 ),
 .UNSPECIFIED. ) ;
#215 = CYLINDRICAL_SURFACE ( 'NONE', #110, 0.1250000000000000000 ) ;
#216 = VERTEX_POINT ( 'NONE', #586 ) ;
#217 = ORIENTED_EDGE ( 'NONE', *, *, #2183, .T. ) ;
#218 = CARTESIAN_POINT ( 'NONE',  ( 0.2342519685039370358, -0.2283661019293743155, 0.08448829475801393485 ) ) ;
#219 = SURFACE_SIDE_STYLE ('',( #747 ) ) ;
#220 = CONICAL_SURFACE ( 'NONE', #2551, 0.08267716535433068670, 1.172861257340199082 ) ;
#221 = LINE ( 'NONE', #3310, #2318 ) ;
#222 = CARTESIAN_POINT ( 'NONE',  ( 0.2451909003436734402, -0.08466799420691879796, -0.08257007218172196517 ) ) ;
#223 = VERTEX_POINT ( 'NONE', #3190 ) ;
#224 = ORIENTED_EDGE ( 'NONE', *, *, #2066, .F. ) ;
#225 = EDGE_CURVE ( 'NONE', #1800, #1810, #2574, .T. ) ;
#226 = DIRECTION ( 'NONE',  ( -0.000000000000000000, 1.000000000000000000, 0.000000000000000000 ) ) ;
#227 = EDGE_CURVE ( 'NONE', #160, #2408, #1924, .T. ) ;
#228 = DIRECTION ( 'NONE',  ( 0.000000000000000000, -1.000000000000000000, -5.551115123125779621E-17 ) ) ;
#229 = FACE_OUTER_BOUND ( 'NONE', #1725, .T. ) ;
#230 = AXIS2_PLACEMENT_3D ( 'NONE', #1650, #2691, #896 ) ;
#231 = ORIENTED_EDGE ( 'NONE', *, *, #2356, .F. ) ;
#232 = CARTESIAN_POINT ( 'NONE',  ( 0.2342519685039370636, -0.2269764674289192763, 0.08536429252251669098 ) ) ;
#233 = ADVANCED_FACE ( 'NONE', ( #51 ), #2896, .T. ) ;
#234 = EDGE_CURVE ( 'NONE', #1814, #1430, #2958, .T. ) ;
#235 = DIRECTION ( 'NONE',  ( 1.000000000000000000, 0.000000000000000000, 0.000000000000000000 ) ) ;
#236 = EDGE_CURVE ( 'NONE', #1369, #2634, #2629, .T. ) ;
#237 = CARTESIAN_POINT ( 'NONE',  ( -0.2500000000000000000, -0.2141338582677165536, 2.731847993664263711E-16 ) ) ;
#238 = CARTESIAN_POINT ( 'NONE',  ( 0.2331154096658722974, -0.09266679338551293832, -0.08101639362396782784 ) ) ;
#239 = EDGE_LOOP ( 'NONE', ( #3104, #765, #2868, #57 ) ) ;
#240 = ORIENTED_EDGE ( 'NONE', *, *, #3244, .T. ) ;
#241 = AXIS2_PLACEMENT_3D ( 'NONE', #1739, #1467, #3296 ) ;
#242 = CARTESIAN_POINT ( 'NONE',  ( -0.2657480314960630197, -0.2416929133858267686, -0.06548939218094751435 ) ) ;
#243 = DIRECTION ( 'NONE',  ( 0.000000000000000000, -1.000000000000000000, -5.551115123125779621E-17 ) ) ;
#244 = DIRECTION ( 'NONE',  ( 1.000000000000000000, 0.000000000000000000, 0.000000000000000000 ) ) ;
#245 = AXIS2_PLACEMENT_3D ( 'NONE', #2151, #3178, #625 ) ;
#246 = ADVANCED_FACE ( 'NONE', ( #3157 ), #388, .T. ) ;
#247 = PRODUCT_DEFINITION ( 'UNKNOWN', '', #1004, #825 ) ;
#248 = CIRCLE ( 'NONE', #907, 0.08267716535433068670 ) ;
#249 = VECTOR ( 'NONE', #2380, 39.37007874015748143 ) ;
#250 = ORIENTED_EDGE ( 'NONE', *, *, #959, .T. ) ;
#251 = CARTESIAN_POINT ( 'NONE',  ( -0.2691837124468587916, -0.09730797746199590370, 0.08042195919543736193 ) ) ;
#252 = COLOUR_RGB ( '',0.7921568627450980005, 0.8196078431372548767, 0.9333333333333333481 ) ;
#253 = ORIENTED_EDGE ( 'NONE', *, *, #1330, .F. ) ;
#254 = CARTESIAN_POINT ( 'NONE',  ( 0.2548090996562754618, -0.08466799420689373468, 0.08257007218172424112 ) ) ;
#255 = VECTOR ( 'NONE', #3180, 39.37007874015748143 ) ;
#256 = VECTOR ( 'NONE', #716, 39.37007874015748143 ) ;
#257 = CARTESIAN_POINT ( 'NONE',  ( -0.3149606299212598381, 0.1181102362204724532, 0.02362204724409448786 ) ) ;
#258 = CARTESIAN_POINT ( 'NONE',  ( -0.2500000000000000000, 0.000000000000000000, -0.1082677165354330728 ) ) ;
#259 = ORIENTED_EDGE ( 'NONE', *, *, #1408, .F. ) ;
#260 = AXIS2_PLACEMENT_3D ( 'NONE', #2422, #1928, #96 ) ;
#261 = VERTEX_POINT ( 'NONE', #2655 ) ;
#262 = DIRECTION ( 'NONE',  ( 0.3090169943749443426, 0.9510565162951544194, 5.279424210553355936E-17 ) ) ;
#263 = DIRECTION ( 'NONE',  ( 0.000000000000000000, -0.9993908270190957621, -0.03489949670250103858 ) ) ;
#264 = VERTEX_POINT ( 'NONE', #335 ) ;
#265 = ORIENTED_EDGE ( 'NONE', *, *, #2737, .T. ) ;
#266 = VECTOR ( 'NONE', #2411, 39.37007874015748143 ) ;
#267 = CARTESIAN_POINT ( 'NONE',  ( -0.2500000000000000000, -0.2141338582677165536, 2.731847993664263711E-16 ) ) ;
#268 = PRODUCT_DEFINITION_SHAPE ( 'NONE', 'NONE',  #1759 ) ;
#269 = EDGE_CURVE ( 'NONE', #1005, #543, #1360, .T. ) ;
#270 = ORIENTED_EDGE ( 'NONE', *, *, #2260, .T. ) ;
#271 = EDGE_CURVE ( 'NONE', #543, #138, #988, .T. ) ;
#272 = CARTESIAN_POINT ( 'NONE',  ( 0.2657480314960630197, -0.2320096472230695206, -0.08163769426674410967 ) ) ;
#273 = ORIENTED_EDGE ( 'NONE', *, *, #1085, .T. ) ;
#274 = DIRECTION ( 'NONE',  ( 1.000000000000000000, 0.000000000000000000, 0.000000000000000000 ) ) ;
#275 = EDGE_CURVE ( 'NONE', #2449, #2174, #2062, .T. ) ;
#276 = CARTESIAN_POINT ( 'NONE',  ( 0.000000000000000000, 0.000000000000000000, 0.000000000000000000 ) ) ;
#277 = DIRECTION ( 'NONE',  ( -1.000000000000000000, 0.000000000000000000, 1.776356839400249676E-15 ) ) ;
#278 = CARTESIAN_POINT ( 'NONE',  ( 0.1250000000000000000, 1.092739197465704696E-15, -1.093710642612252007E-15 ) ) ;
#279 = EDGE_LOOP ( 'NONE', ( #774, #1737, #3013, #2601 ) ) ;
#280 = ORIENTED_EDGE ( 'NONE', *, *, #496, .F. ) ;
#281 = ORIENTED_EDGE ( 'NONE', *, *, #1099, .F. ) ;
#282 = CARTESIAN_POINT ( 'NONE',  ( -0.2657480314960630197, -0.2325596220356297705, -0.08196428224834573228 ) ) ;
#283 = PLANE ( 'NONE',  #3246 ) ;
#284 = EDGE_LOOP ( 'NONE', ( #2562, #1627, #3120, #547 ) ) ;
#285 = B_SPLINE_CURVE_WITH_KNOTS ( 'NONE', 3,
 ( #2572, #826, #1601, #59, #2134, #3166, #254, #2591, #1048, #2325, #2838, #3132 ),
 .UNSPECIFIED., .F., .F.,
 ( 4, 2, 2, 2, 2, 4 ),
 ( 0.000000000000000000, 0.2500000000000000000, 0.5000000000000000000, 0.6250000000000000000, 0.7500000000000000000, 1.000000000000000000 ),
 .UNSPECIFIED. ) ;
#286 = CARTESIAN_POINT ( 'NONE',  ( -0.2755905511811023723, 0.03937007874015747977, 0.02362204724409448786 ) ) ;
#287 = ORIENTED_EDGE ( 'NONE', *, *, #1565, .T. ) ;
#288 = CARTESIAN_POINT ( 'NONE',  ( -0.2500000000000000000, 0.09842519685039370636, 0.000000000000000000 ) ) ;
#289 = VERTEX_POINT ( 'NONE', #1254 ) ;
#290 = LINE ( 'NONE', #1582, #2407 ) ;
#291 = AXIS2_PLACEMENT_3D ( 'NONE', #3221, #383, #3206 ) ;
#292 =( NAMED_UNIT ( * ) PLANE_ANGLE_UNIT ( ) SI_UNIT ( $, .RADIAN. ) );
#293 = CARTESIAN_POINT ( 'NONE',  ( -0.2725782012300667079, -0.1361071617952030188, 0.07959317237091395603 ) ) ;
#294 = VERTEX_POINT ( 'NONE', #761 ) ;
#295 = ORIENTED_EDGE ( 'NONE', *, *, #2883, .F. ) ;
#296 = CARTESIAN_POINT ( 'NONE',  ( -0.3149606299212598381, 0.000000000000000000, -0.02362204724409243742 ) ) ;
#297 = CARTESIAN_POINT ( 'NONE',  ( -0.2500000000000000000, 0.1181102362204724532, 0.000000000000000000 ) ) ;
#298 = VERTEX_POINT ( 'NONE', #973 ) ;
#299 = DIRECTION ( 'NONE',  ( -1.000000000000000000, 0.000000000000000000, 0.000000000000000000 ) ) ;
#300 = AXIS2_PLACEMENT_3D ( 'NONE', #648, #3273, #1214 ) ;
#301 = AXIS2_PLACEMENT_3D ( 'NONE', #1000, #2032, #235 ) ;
#302 = ORIENTED_EDGE ( 'NONE', *, *, #3243, .T. ) ;
#303 = EDGE_CURVE ( 'NONE', #2102, #517, #1999, .T. ) ;
#304 = CARTESIAN_POINT ( 'NONE',  ( 0.2657480314960630197, -0.2200078722770905659, 0.08832516852143307284 ) ) ;
#305 = VERTEX_POINT ( 'NONE', #502 ) ;
#306 = DIRECTION ( 'NONE',  ( -1.000000000000000000, 0.000000000000000000, 0.000000000000000000 ) ) ;
#307 = DIRECTION ( 'NONE',  ( 0.000000000000000000, 0.000000000000000000, 1.000000000000000000 ) ) ;
#308 = EDGE_CURVE ( 'NONE', #1833, #294, #1267, .T. ) ;
#309 = VECTOR ( 'NONE', #3323, 39.37007874015747433 ) ;
#310 = CARTESIAN_POINT ( 'NONE',  ( 0.2342519685039370358, -0.2023228346456693028, -0.08116349656727776807 ) ) ;
#311 = EDGE_CURVE ( 'NONE', #3248, #957, #3037, .T. ) ;
#312 = ORIENTED_EDGE ( 'NONE', *, *, #2604, .F. ) ;
#313 = VERTEX_POINT ( 'NONE', #1548 ) ;
#314 = COLOUR_RGB ( '',0.7921568627450980005, 0.8196078431372548767, 0.9333333333333333481 ) ;
#315 = ORIENTED_EDGE ( 'NONE', *, *, #1202, .F. ) ;
#316 = DIRECTION ( 'NONE',  ( -0.000000000000000000, 1.000000000000000000, 0.000000000000000000 ) ) ;
#317 = DIRECTION ( 'NONE',  ( 0.000000000000000000, -0.9993908270190957621, 0.03489949670250103858 ) ) ;
#318 = VECTOR ( 'NONE', #2441, 39.37007874015748143 ) ;
#319 = ORIENTED_EDGE ( 'NONE', *, *, #2836, .T. ) ;
#320 = DIRECTION ( 'NONE',  ( 1.000000000000000000, 0.000000000000000000, 0.000000000000000000 ) ) ;
#321 = CARTESIAN_POINT ( 'NONE',  ( 0.2500000000000000000, 0.1181102362204724532, 0.000000000000000000 ) ) ;
#322 = CARTESIAN_POINT ( 'NONE',  ( -0.2303898681478004085, -0.1021819735679592445, 0.1250000000000000000 ) ) ;
#323 = ORIENTED_EDGE ( 'NONE', *, *, #1963, .F. ) ;
#324 = CARTESIAN_POINT ( 'NONE',  ( 0.2657480314960629642, -0.2391911839807022711, -0.07148739142261359425 ) ) ;
#325 = ORIENTED_EDGE ( 'NONE', *, *, #1854, .F. ) ;
#326 = VECTOR ( 'NONE', #877, 39.37007874015748143 ) ;
#327 = CARTESIAN_POINT ( 'NONE',  ( -0.2500000000000000000, -0.03500000000000000333, -0.1220472440944881942 ) ) ;
#328 = AXIS2_PLACEMENT_3D ( 'NONE', #2743, #1186, #1903 ) ;
#329 = CARTESIAN_POINT ( 'NONE',  ( 0.07874015748031495954, 0.03937007874015747977, 0.02362204724409448786 ) ) ;
#330 = ORIENTED_EDGE ( 'NONE', *, *, #3233, .F. ) ;
#331 = CARTESIAN_POINT ( 'NONE',  ( -0.2500000000000000000, -0.03500000000000000333, 0.1220472440944881942 ) ) ;
#332 = CARTESIAN_POINT ( 'NONE',  ( 0.07874015748031495954, 0.03937007874015747977, 0.02362204724409448786 ) ) ;
#333 = ORIENTED_EDGE ( 'NONE', *, *, #2605, .F. ) ;
#334 = EDGE_CURVE ( 'NONE', #2238, #1988, #1799, .T. ) ;
#335 = CARTESIAN_POINT ( 'NONE',  ( -0.2755905511811023723, 0.000000000000000000, 0.02362204724409653483 ) ) ;
#336 = DIRECTION ( 'NONE',  ( -0.000000000000000000, 1.000000000000000000, 0.000000000000000000 ) ) ;
#337 = EDGE_CURVE ( 'NONE', #1558, #1021, #1698, .T. ) ;
#338 = CARTESIAN_POINT ( 'NONE',  ( 0.2216286780477768059, -0.2023228346456693028, 0.1250000000000000000 ) ) ;
#339 = CARTESIAN_POINT ( 'NONE',  ( -0.2500000000000000000, 0.09842519685039370636, -0.07455646169231140707 ) ) ;
#340 = DIRECTION ( 'NONE',  ( 0.000000000000000000, 0.000000000000000000, 1.000000000000000000 ) ) ;
#341 = ORIENTED_EDGE ( 'NONE', *, *, #2988, .F. ) ;
#342 = CARTESIAN_POINT ( 'NONE',  ( -0.3149606299212598381, 0.000000000000000000, 0.02362204724409653483 ) ) ;
#343 = DIRECTION ( 'NONE',  ( -1.000000000000000000, 0.000000000000000000, 0.000000000000000000 ) ) ;
#344 = EDGE_CURVE ( 'NONE', #2584, #261, #2311, .T. ) ;
#345 = DIRECTION ( 'NONE',  ( 1.000000000000000000, 0.000000000000000000, 1.707404996040164820E-17 ) ) ;
#346 = CARTESIAN_POINT ( 'NONE',  ( 0.2657480314960630197, -0.2174437897093551286, 0.08917127285752775301 ) ) ;
#347 = ORIENTED_EDGE ( 'NONE', *, *, #447, .F. ) ;
#348 = EDGE_CURVE ( 'NONE', #770, #3145, #2041, .T. ) ;
#349 = CARTESIAN_POINT ( 'NONE',  ( -0.2657480314960629086, -0.2412199717140928179, 0.06546948857633183572 ) ) ;
#350 = CARTESIAN_POINT ( 'NONE',  ( -0.2755905511811023723, 0.03937007874015747977, 0.02362204724409653483 ) ) ;
#351 = ORIENTED_EDGE ( 'NONE', *, *, #1256, .T. ) ;
#352 = CARTESIAN_POINT ( 'NONE',  ( -0.1673278367965108371, -0.2416929133858267964, 2.731847993664263711E-16 ) ) ;
#353 = EDGE_CURVE ( 'NONE', #1953, #2993, #2029, .T. ) ;
#354 = CARTESIAN_POINT ( 'NONE',  ( 0.2342519685039370358, -0.2200078722770905659, -0.08832516852143522390 ) ) ;
#355 = DIRECTION ( 'NONE',  ( 0.000000000000000000, 0.000000000000000000, 1.000000000000000000 ) ) ;
#356 = CARTESIAN_POINT ( 'NONE',  ( 0.2696101318521996193, -0.1021819735679588559, 0.08031784608520374513 ) ) ;
#357 = EDGE_CURVE ( 'NONE', #3054, #176, #1516, .T. ) ;
#358 = FACE_OUTER_BOUND ( 'NONE', #3170, .T. ) ;
#359 = ORIENTED_EDGE ( 'NONE', *, *, #2671, .T. ) ;
#360 = DIRECTION ( 'NONE',  ( -1.000000000000000000, 0.000000000000000000, 0.000000000000000000 ) ) ;
#361 = DIRECTION ( 'NONE',  ( 0.000000000000000000, 0.000000000000000000, 1.000000000000000000 ) ) ;
#362 = FACE_OUTER_BOUND ( 'NONE', #2199, .T. ) ;
#363 = CARTESIAN_POINT ( 'NONE',  ( -0.2500000000000000000, 0.9527559055118109965, 0.02006612940058846370 ) ) ;
#364 = AXIS2_PLACEMENT_3D ( 'NONE', #2498, #2243, #962 ) ;
#365 = ORIENTED_EDGE ( 'NONE', *, *, #1403, .F. ) ;
#366 = DIMENSIONAL_EXPONENTS ( 1.000000000000000000, 0.000000000000000000, 0.000000000000000000, 0.000000000000000000, 0.000000000000000000, 0.000000000000000000, 0.000000000000000000 ) ;
#367 = DIRECTION ( 'NONE',  ( -8.260587980841940949E-15, -1.000000000000000000, 0.000000000000000000 ) ) ;
#368 = FACE_OUTER_BOUND ( 'NONE', #890, .T. ) ;
#369 = ORIENTED_EDGE ( 'NONE', *, *, #2836, .F. ) ;
#370 = PLANE ( 'NONE',  #3171 ) ;
#371 = DIRECTION ( 'NONE',  ( -1.000000000000000000, 8.115498896123170331E-15, 0.000000000000000000 ) ) ;
#372 = DIRECTION ( 'NONE',  ( 1.000000000000000000, 0.000000000000000000, 0.000000000000000000 ) ) ;
#373 = CIRCLE ( 'NONE', #2638, 0.09055118110236221041 ) ;
#374 = EDGE_LOOP ( 'NONE', ( #434, #1798, #1056, #1146 ) ) ;
#375 = DIRECTION ( 'NONE',  ( 0.000000000000000000, 0.000000000000000000, -1.000000000000000000 ) ) ;
#376 = CARTESIAN_POINT ( 'NONE',  ( 0.2657480314960630197, -0.2023228346456693028, -0.08116349656727776807 ) ) ;
#377 = ORIENTED_EDGE ( 'NONE', *, *, #3270, .F. ) ;
#378 = LINE ( 'NONE', #937, #318 ) ;
#379 = EDGE_CURVE ( 'NONE', #1207, #1537, #3234, .T. ) ;
#380 = CARTESIAN_POINT ( 'NONE',  ( 0.3149606299212598381, 0.1181102362204724532, 0.02362204724409448786 ) ) ;
#381 = VECTOR ( 'NONE', #1524, 39.37007874015748143 ) ;
#382 = ADVANCED_FACE ( 'NONE', ( #3333 ), #1889, .F. ) ;
#383 = DIRECTION ( 'NONE',  ( 0.000000000000000000, 1.000000000000000000, 0.000000000000000000 ) ) ;
#384 = ORIENTED_EDGE ( 'NONE', *, *, #1192, .F. ) ;
#385 = DIRECTION ( 'NONE',  ( 1.000000000000000000, 0.000000000000000000, 0.000000000000000000 ) ) ;
#386 = CARTESIAN_POINT ( 'NONE',  ( 0.2500000000000000000, 0.1011648248220486240, -0.09404992761242106369 ) ) ;
#387 = ORIENTED_EDGE ( 'NONE', *, *, #1606, .F. ) ;
#388 = PLANE ( 'NONE',  #1867 ) ;
#389 = CARTESIAN_POINT ( 'NONE',  ( 0.07874015748031339135, 0.03937007874015747977, -0.02362204724409243742 ) ) ;
#390 = EDGE_CURVE ( 'NONE', #1369, #2205, #650, .T. ) ;
#391 = CARTESIAN_POINT ( 'NONE',  ( 0.2500000000000000000, -0.2141338582677165536, -1.092739197465704696E-15 ) ) ;
#392 = AXIS2_PLACEMENT_3D ( 'NONE', #3328, #1277, #1770 ) ;
#393 = FACE_OUTER_BOUND ( 'NONE', #1766, .T. ) ;
#394 = FACE_BOUND ( 'NONE', #3181, .T. ) ;
#395 = ORIENTED_EDGE ( 'NONE', *, *, #2464, .T. ) ;
#396 = DIRECTION ( 'NONE',  ( 1.000000000000000000, 0.000000000000000000, 0.000000000000000000 ) ) ;
#397 = CARTESIAN_POINT ( 'NONE',  ( 0.2342519685039369526, -0.2325596220356776211, -0.08196428224831223130 ) ) ;
#398 = DIRECTION ( 'NONE',  ( 0.000000000000000000, 1.000000000000000000, 0.000000000000000000 ) ) ;
#399 = ORIENTED_EDGE ( 'NONE', *, *, #3243, .F. ) ;
#400 = DIRECTION ( 'NONE',  ( -1.000000000000000000, 0.000000000000000000, 0.000000000000000000 ) ) ;
#401 = LINE ( 'NONE', #1145, #2796 ) ;
#402 = ORIENTED_EDGE ( 'NONE', *, *, #1154, .F. ) ;
#403 = CIRCLE ( 'NONE', #2398, 0.09055118110236221041 ) ;
#404 = ORIENTED_EDGE ( 'NONE', *, *, #1751, .T. ) ;
#405 = PLANE ( 'NONE',  #328 ) ;
#406 = PLANE ( 'NONE',  #614 ) ;
#407 = LINE ( 'NONE', #2713, #1981 ) ;
#408 = CARTESIAN_POINT ( 'NONE',  ( -0.2451460171798726106, -0.08421489507848760325, -0.08267679103346989300 ) ) ;
#409 = ORIENTED_EDGE ( 'NONE', *, *, #3093, .F. ) ;
#410 = DIRECTION ( 'NONE',  ( 0.000000000000000000, 1.000000000000000000, 5.551115123125779621E-17 ) ) ;
#411 = CARTESIAN_POINT ( 'NONE',  ( 0.2342519685039371469, -0.2272927959954093302, -0.08592046709893746970 ) ) ;
#412 = DIRECTION ( 'NONE',  ( 0.000000000000000000, 0.000000000000000000, 1.000000000000000000 ) ) ;
#413 = EDGE_CURVE ( 'NONE', #658, #2110, #1012, .T. ) ;
#414 = EDGE_LOOP ( 'NONE', ( #2793, #2766, #1515, #1163, #1185, #4 ) ) ;
#415 = ORIENTED_EDGE ( 'NONE', *, *, #2846, .T. ) ;
#416 = CARTESIAN_POINT ( 'NONE',  ( -0.2500000000000000000, -0.03500000000000000333, 0.1220472440944881942 ) ) ;
#417 = ADVANCED_FACE ( 'NONE', ( #1852 ), #570, .F. ) ;
#418 = CARTESIAN_POINT ( 'NONE',  ( -0.3149606299212598381, 0.03937007874015747977, -0.02362204724409448786 ) ) ;
#419 = EDGE_LOOP ( 'NONE', ( #2270, #673, #3223, #728 ) ) ;
#420 = VECTOR ( 'NONE', #66, 39.37007874015748143 ) ;
#421 = ORIENTED_EDGE ( 'NONE', *, *, #3309, .T. ) ;
#422 = CIRCLE ( 'NONE', #2150, 0.02006612940058846370 ) ;
#423 = FACE_OUTER_BOUND ( 'NONE', #559, .T. ) ;
#424 = CARTESIAN_POINT ( 'NONE',  ( -0.1673228346456692994, -0.2141338582677165536, 2.731847993664263711E-16 ) ) ;
#425 = TOROIDAL_SURFACE ( 'NONE', #1278, 0.07455646169231140707, 0.01968503937007873988 ) ;
#426 = DIRECTION ( 'NONE',  ( -5.958757502913749400E-19, -0.9993908270190957621, -0.03489949670250103858 ) ) ;
#427 = MECHANICAL_DESIGN_GEOMETRIC_PRESENTATION_REPRESENTATION (  '', ( #34 ), #2093 ) ;
#428 = ORIENTED_EDGE ( 'NONE', *, *, #474, .T. ) ;
#429 = DIRECTION ( 'NONE',  ( -0.000000000000000000, 1.000000000000000000, 0.000000000000000000 ) ) ;
#430 = CIRCLE ( 'NONE', #2854, 0.02952755905511810289 ) ;
#431 = CARTESIAN_POINT ( 'NONE',  ( -0.3149606299212598381, 0.1181102362204724532, 0.02362204724409448786 ) ) ;
#432 = CARTESIAN_POINT ( 'NONE',  ( -0.2755905511811023723, 0.07874015748031495954, -0.02362204724409448786 ) ) ;
#433 = DIRECTION ( 'NONE',  ( 0.000000000000000000, -6.994852725712931474E-17, 1.000000000000000000 ) ) ;
#434 = ORIENTED_EDGE ( 'NONE', *, *, #271, .F. ) ;
#435 = ORIENTED_EDGE ( 'NONE', *, *, #82, .T. ) ;
#436 = DIRECTION ( 'NONE',  ( -1.000000000000000000, 0.000000000000000000, 0.000000000000000000 ) ) ;
#437 = LINE ( 'NONE', #2487, #887 ) ;
#438 = CARTESIAN_POINT ( 'NONE',  ( 0.2500000000000000000, -0.2121653543307086554, -1.092739197465704696E-15 ) ) ;
#439 = DIRECTION ( 'NONE',  ( 8.673617379884029556E-16, 1.000000000000000000, 0.000000000000000000 ) ) ;
#440 = ORIENTED_EDGE ( 'NONE', *, *, #195, .T. ) ;
#441 = LINE ( 'NONE', #2239, #699 ) ;
#442 = CARTESIAN_POINT ( 'NONE',  ( 0.2500000000000000000, -0.03499999999999894168, 0.1220472440944881942 ) ) ;
#443 = EDGE_CURVE ( 'NONE', #2238, #2858, #2352, .T. ) ;
#444 = CARTESIAN_POINT ( 'NONE',  ( -0.07874015748031495954, 0.03937007874015747977, 0.02362204724409448786 ) ) ;
#445 = CARTESIAN_POINT ( 'NONE',  ( -0.2500000000000000000, 0.1011648248220486240, 0.09404992761242106369 ) ) ;
#446 = ORIENTED_EDGE ( 'NONE', *, *, #2260, .F. ) ;
#447 = EDGE_CURVE ( 'NONE', #2121, #970, #2948, .T. ) ;
#448 = EDGE_LOOP ( 'NONE', ( #1168, #3303, #809, #295 ) ) ;
#449 = EDGE_CURVE ( 'NONE', #142, #2408, #2607, .T. ) ;
#450 = LINE ( 'NONE', #2235, #3010 ) ;
#451 = CARTESIAN_POINT ( 'NONE',  ( 0.2216286780477768059, -0.2023228346456693028, -0.07765682044553996743 ) ) ;
#452 = PLANE ( 'NONE',  #2432 ) ;
#453 = ADVANCED_FACE ( 'NONE', ( #1599 ), #425, .T. ) ;
#454 = DIRECTION ( 'NONE',  ( -1.000000000000000000, 0.000000000000000000, 0.000000000000000000 ) ) ;
#455 = EDGE_LOOP ( 'NONE', ( #1342, #250, #421, #1639 ) ) ;
#456 = FACE_BOUND ( 'NONE', #1118, .T. ) ;
#457 = EDGE_CURVE ( 'NONE', #1089, #112, #2580, .T. ) ;
#458 = CARTESIAN_POINT ( 'NONE',  ( 0.2342519685039370358, -0.2212898718811492083, 0.08790198958494410686 ) ) ;
#459 = DIRECTION ( 'NONE',  ( -1.000000000000000000, 0.000000000000000000, 1.707404996040164820E-17 ) ) ;
#460 = AXIS2_PLACEMENT_3D ( 'NONE', #499, #3317, #2506 ) ;
#461 = AXIS2_PLACEMENT_3D ( 'NONE', #1911, #3219, #1696 ) ;
#462 = FACE_OUTER_BOUND ( 'NONE', #374, .T. ) ;
#463 = ORIENTED_EDGE ( 'NONE', *, *, #836, .F. ) ;
#464 = VECTOR ( 'NONE', #345, 39.37007874015748143 ) ;
#465 = ORIENTED_EDGE ( 'NONE', *, *, #2247, .F. ) ;
#466 = DIRECTION ( 'NONE',  ( 0.000000000000000000, -1.110223024625155924E-16, -1.000000000000000000 ) ) ;
#467 = LINE ( 'NONE', #2600, #2807 ) ;
#468 = AXIS2_PLACEMENT_3D ( 'NONE', #478, #1034, #732 ) ;
#469 = CARTESIAN_POINT ( 'NONE',  ( -0.2657480314960630197, -0.2187258444921523770, -0.08874826174624765585 ) ) ;
#470 = EDGE_LOOP ( 'NONE', ( #803, #1743, #921, #2815 ) ) ;
#471 = ORIENTED_EDGE ( 'NONE', *, *, #1718, .F. ) ;
#472 = CARTESIAN_POINT ( 'NONE',  ( 0.2342519685039370358, -0.2391911839807025486, 0.07148739142261260893 ) ) ;
#473 = VECTOR ( 'NONE', #48, 39.37007874015748143 ) ;
#474 = EDGE_CURVE ( 'NONE', #289, #2992, #1276, .T. ) ;
#475 =( NAMED_UNIT ( * ) SI_UNIT ( $, .STERADIAN. ) SOLID_ANGLE_UNIT ( ) );
#476 = EDGE_CURVE ( 'NONE', #3088, #1224, #2910, .T. ) ;
#477 = CARTESIAN_POINT ( 'NONE',  ( -0.1181102362204740214, 0.03937007874015747977, 0.02362204724409653483 ) ) ;
#478 = CARTESIAN_POINT ( 'NONE',  ( -0.2500000000000000000, -0.03500000000000000333, 2.731847993664263711E-16 ) ) ;
#479 = ORIENTED_EDGE ( 'NONE', *, *, #1676, .F. ) ;
#480 = ORIENTED_EDGE ( 'NONE', *, *, #413, .T. ) ;
#481 = PRODUCT_DEFINITION_SHAPE ( 'NONE', 'NONE',  #247 ) ;
#482 = DIRECTION ( 'NONE',  ( 0.000000000000000000, 1.000000000000000000, 0.000000000000000000 ) ) ;
#483 = VECTOR ( 'NONE', #1892, 39.37007874015747433 ) ;
#484 = VECTOR ( 'NONE', #1148, 39.37007874015748143 ) ;
#485 = LINE ( 'NONE', #2828, #1197 ) ;
#486 = EDGE_CURVE ( 'NONE', #176, #2492, #2131, .T. ) ;
#487 = EDGE_CURVE ( 'NONE', #1205, #501, #2370, .T. ) ;
#488 = DIRECTION ( 'NONE',  ( 0.000000000000000000, 1.000000000000000000, 0.000000000000000000 ) ) ;
#489 = EDGE_CURVE ( 'NONE', #2020, #1988, #845, .T. ) ;
#490 = ORIENTED_EDGE ( 'NONE', *, *, #1678, .T. ) ;
#491 = CARTESIAN_POINT ( 'NONE',  ( -0.2548539828202153190, -0.08421489507848761713, 0.08267679103347043423 ) ) ;
#492 = AXIS2_PLACEMENT_3D ( 'NONE', #1026, #244, #2298 ) ;
#493 = CARTESIAN_POINT ( 'NONE',  ( 0.1887808641982441082, -0.2121653543307086554, -1.092739197465704696E-15 ) ) ;
#494 = ORIENTED_EDGE ( 'NONE', *, *, #2179, .F. ) ;
#495 = VERTEX_POINT ( 'NONE', #2402 ) ;
#496 = EDGE_CURVE ( 'NONE', #600, #1314, #851, .T. ) ;
#497 = CARTESIAN_POINT ( 'NONE',  ( 0.2755905511811023723, 0.03937007874015747977, -0.1220866141732283444 ) ) ;
#498 = CARTESIAN_POINT ( 'NONE',  ( -0.2696101318522000634, -0.1021819735679592445, 0.08031784608520531332 ) ) ;
#499 = CARTESIAN_POINT ( 'NONE',  ( 0.3326721632034893572, -0.2416929133858267964, -1.092739197465704696E-15 ) ) ;
#500 = VECTOR ( 'NONE', #2010, 39.37007874015748143 ) ;
#501 = VERTEX_POINT ( 'NONE', #2944 ) ;
#502 = CARTESIAN_POINT ( 'NONE',  ( 0.1606984867485840573, -0.2212898718811492083, -1.093245709939360212E-15 ) ) ;
#503 = EDGE_LOOP ( 'NONE', ( #1819, #1934, #1251, #2315 ) ) ;
#504 = DIRECTION ( 'NONE',  ( 1.000000000000000000, 0.000000000000000000, 0.000000000000000000 ) ) ;
#505 = ADVANCED_FACE ( 'NONE', ( #358 ), #2983, .F. ) ;
#506 = LINE ( 'NONE', #342, #1604 ) ;
#507 = DIRECTION ( 'NONE',  ( 0.000000000000000000, 1.000000000000000000, 5.551115123125779621E-17 ) ) ;
#508 = VERTEX_POINT ( 'NONE', #1436 ) ;
#509 = ORIENTED_EDGE ( 'NONE', *, *, #1645, .F. ) ;
#510 = AXIS2_PLACEMENT_3D ( 'NONE', #2229, #3006, #2970 ) ;
#511 = PLANE ( 'NONE',  #1874 ) ;
#512 = FACE_OUTER_BOUND ( 'NONE', #1528, .T. ) ;
#513 = ORIENTED_EDGE ( 'NONE', *, *, #2536, .F. ) ;
#514 = ORIENTED_EDGE ( 'NONE', *, *, #545, .T. ) ;
#515 = DIRECTION ( 'NONE',  ( 0.000000000000000000, 1.000000000000000000, 0.000000000000000000 ) ) ;
#516 = VECTOR ( 'NONE', #2216, 39.37007874015748143 ) ;
#517 = VERTEX_POINT ( 'NONE', #2173 ) ;
#518 = CARTESIAN_POINT ( 'NONE',  ( -0.2216286780477771667, -0.2023228346456693028, 0.1250000000000000000 ) ) ;
#519 = EDGE_LOOP ( 'NONE', ( #253, #2660, #3124, #2294, #542, #2466, #2830, #3242, #2379, #2371, #1494, #1137 ) ) ;
#520 = CARTESIAN_POINT ( 'NONE',  ( -0.3326771653543306728, -0.2141338582677165536, 2.630597667750503584E-16 ) ) ;
#521 = B_SPLINE_CURVE_WITH_KNOTS ( 'NONE', 3,
 ( #659, #354, #125, #1166 ),
 .UNSPECIFIED., .F., .F.,
 ( 4, 4 ),
 ( 0.003655977453372194746, 0.003758849537120534986 ),
 .UNSPECIFIED. ) ;
#522 = AXIS2_PLACEMENT_3D ( 'NONE', #1262, #1829, #1811 ) ;
#523 = DIRECTION ( 'NONE',  ( 1.000000000000000000, 0.000000000000000000, 0.000000000000000000 ) ) ;
#524 = DIRECTION ( 'NONE',  ( 1.000000000000000000, 0.000000000000000000, 0.000000000000000000 ) ) ;
#525 = ORIENTED_EDGE ( 'NONE', *, *, #1688, .T. ) ;
#526 = VECTOR ( 'NONE', #1996, 39.37007874015748143 ) ;
#527 = ORIENTED_EDGE ( 'NONE', *, *, #1936, .T. ) ;
#528 = ORIENTED_EDGE ( 'NONE', *, *, #2965, .F. ) ;
#529 = DIRECTION ( 'NONE',  ( 1.000000000000000000, 0.000000000000000000, 0.000000000000000000 ) ) ;
#530 = LINE ( 'NONE', #3058, #2705 ) ;
#531 = ORIENTED_EDGE ( 'NONE', *, *, #166, .T. ) ;
#532 = CIRCLE ( 'NONE', #2373, 0.06121913580175593339 ) ;
#533 = CARTESIAN_POINT ( 'NONE',  ( 0.2500000000000000000, -0.2141338582677165536, -1.092739197465704696E-15 ) ) ;
#534 = PRODUCT_DEFINITION_SHAPE ( 'NONE', 'NONE',  #3360 ) ;
#535 = B_SPLINE_CURVE_WITH_KNOTS ( 'NONE', 3,
 ( #891, #876, #3187, #618 ),
 .UNSPECIFIED., .F., .F.,
 ( 4, 4 ),
 ( 0.007647354141962969462, 0.007869202712918551071 ),
 .UNSPECIFIED. ) ;
#536 = ORIENTED_EDGE ( 'NONE', *, *, #87, .F. ) ;
#537 = DIRECTION ( 'NONE',  ( 0.000000000000000000, -1.000000000000000000, 0.000000000000000000 ) ) ;
#538 = VERTEX_POINT ( 'NONE', #376 ) ;
#539 = CARTESIAN_POINT ( 'NONE',  ( -0.2500000000000000000, 0.03937007874015747977, 2.731847993664263711E-16 ) ) ;
#540 = DIRECTION ( 'NONE',  ( 0.000000000000000000, -1.000000000000000000, 0.000000000000000000 ) ) ;
#541 = CONICAL_SURFACE ( 'NONE', #2117, 0.04921259842519685318, 0.03490658503988566114 ) ;
#542 = ORIENTED_EDGE ( 'NONE', *, *, #2067, .T. ) ;
#543 = VERTEX_POINT ( 'NONE', #1632 ) ;
#544 = CARTESIAN_POINT ( 'NONE',  ( -0.2342519685039370358, -0.2212898718811496246, 0.08790198958494567505 ) ) ;
#545 = EDGE_CURVE ( 'NONE', #2400, #264, #2748, .T. ) ;
#546 = LINE ( 'NONE', #49, #1400 ) ;
#547 = ORIENTED_EDGE ( 'NONE', *, *, #2712, .F. ) ;
#548 = EDGE_CURVE ( 'NONE', #1750, #2217, #422, .T. ) ;
#549 = CARTESIAN_POINT ( 'NONE',  ( 0.2500000000000000000, 1.092739197465704696E-15, -1.092739197465704696E-15 ) ) ;
#550 = EDGE_CURVE ( 'NONE', #1833, #1738, #1926, .T. ) ;
#551 = EDGE_CURVE ( 'NONE', #657, #953, #1383, .T. ) ;
#552 = ORIENTED_EDGE ( 'NONE', *, *, #762, .F. ) ;
#553 = DIRECTION ( 'NONE',  ( -8.673617379884029556E-16, -1.000000000000000000, 0.000000000000000000 ) ) ;
#554 = VERTEX_POINT ( 'NONE', #1402 ) ;
#555 = DIRECTION ( 'NONE',  ( 0.000000000000000000, -1.000000000000000000, 0.000000000000000000 ) ) ;
#556 = AXIS2_PLACEMENT_3D ( 'NONE', #1139, #109, #1690 ) ;
#557 = MANIFOLD_SOLID_BREP ( 'NONE', #3283 ) ;
#558 = CARTESIAN_POINT ( 'NONE',  ( 0.2755905511811023723, 0.03937007874015747977, -0.1220866141732283444 ) ) ;
#559 = EDGE_LOOP ( 'NONE', ( #3232, #646, #479, #2973 ) ) ;
#560 =( GEOMETRIC_REPRESENTATION_CONTEXT ( 3 ) GLOBAL_UNCERTAINTY_ASSIGNED_CONTEXT ( ( #2324 ) ) GLOBAL_UNIT_ASSIGNED_CONTEXT ( ( #1505, #2495, #185 ) ) REPRESENTATION_CONTEXT ( 'NONE', 'WORKASPACE' ) );
#561 = ORIENTED_EDGE ( 'NONE', *, *, #1936, .F. ) ;
#562 = CARTESIAN_POINT ( 'NONE',  ( -0.2500000000000000000, -0.2212898718811496246, 2.731847993664263711E-16 ) ) ;
#563 = PLANE ( 'NONE',  #1613 ) ;
#564 = ORIENTED_EDGE ( 'NONE', *, *, #948, .F. ) ;
#565 = CARTESIAN_POINT ( 'NONE',  ( 0.3149606299212598381, 0.000000000000000000, -0.02362204724409243742 ) ) ;
#566 = LINE ( 'NONE', #286, #3143 ) ;
#567 = AXIS2_PLACEMENT_3D ( 'NONE', #3240, #1462, #939 ) ;
#568 = AXIS2_PLACEMENT_3D ( 'NONE', #1049, #1067, #1824 ) ;
#569 = ORIENTED_EDGE ( 'NONE', *, *, #2954, .T. ) ;
#570 = PLANE ( 'NONE',  #2152 ) ;
#571 = ORIENTED_EDGE ( 'NONE', *, *, #1692, .F. ) ;
#572 = LINE ( 'NONE', #327, #1533 ) ;
#573 = AXIS2_PLACEMENT_3D ( 'NONE', #839, #621, #2126 ) ;
#574 = VECTOR ( 'NONE', #2198, 39.37007874015748143 ) ;
#575 = ADVANCED_FACE ( 'NONE', ( #2226 ), #1929, .T. ) ;
#576 = VECTOR ( 'NONE', #773, 39.37007874015748143 ) ;
#577 = LINE ( 'NONE', #558, #3285 ) ;
#578 = ORIENTED_EDGE ( 'NONE', *, *, #1793, .T. ) ;
#579 = ADVANCED_FACE ( 'NONE', ( #394, #1978, #1169, #2206, #1265 ), #1993, .T. ) ;
#580 = AXIS2_PLACEMENT_3D ( 'NONE', #1641, #3208, #1843 ) ;
#581 = ORIENTED_EDGE ( 'NONE', *, *, #836, .T. ) ;
#582 = DIRECTION ( 'NONE',  ( -1.000000000000000000, 8.260587980841940949E-15, 0.000000000000000000 ) ) ;
#583 = DIRECTION ( 'NONE',  ( 0.000000000000000000, 0.000000000000000000, -1.000000000000000000 ) ) ;
#584 = AXIS2_PLACEMENT_3D ( 'NONE', #2228, #3218, #2457 ) ;
#585 = EDGE_LOOP ( 'NONE', ( #2736, #857, #2548, #561 ) ) ;
#586 = CARTESIAN_POINT ( 'NONE',  ( -0.07874015748031673589, 0.03937007874015747977, -0.02362204724409243742 ) ) ;
#587 = DIRECTION ( 'NONE',  ( 0.000000000000000000, -1.000000000000000000, 0.000000000000000000 ) ) ;
#588 = CARTESIAN_POINT ( 'NONE',  ( 0.2342519685039370358, -0.2163390768485783655, 0.08650259689324507617 ) ) ;
#589 = EDGE_CURVE ( 'NONE', #177, #657, #2317, .T. ) ;
#590 = ADVANCED_FACE ( 'NONE', ( #741 ), #1011, .F. ) ;
#591 = CARTESIAN_POINT ( 'NONE',  ( 0.2500000000000000000, -0.03499999999999894168, 0.1220472440944881942 ) ) ;
#592 = CARTESIAN_POINT ( 'NONE',  ( 0.2657480314960630197, -0.2416929133858267964, -0.05915895614624232940 ) ) ;
#593 = EDGE_LOOP ( 'NONE', ( #998, #2716, #603, #2277 ) ) ;
#594 = CARTESIAN_POINT ( 'NONE',  ( -0.2657480314960630197, -0.2187258444921523770, 0.08874826174624823871 ) ) ;
#595 = VECTOR ( 'NONE', #263, 39.37007874015748143 ) ;
#596 = DIRECTION ( 'NONE',  ( 0.000000000000000000, 0.000000000000000000, -1.000000000000000000 ) ) ;
#597 = EDGE_CURVE ( 'NONE', #2265, #3189, #1756, .T. ) ;
#598 = DIRECTION ( 'NONE',  ( 0.000000000000000000, 0.000000000000000000, 1.000000000000000000 ) ) ;
#599 = DIRECTION ( 'NONE',  ( -4.752496957872370810E-18, -0.9902680687415701399, 0.1391731009600658542 ) ) ;
#600 = VERTEX_POINT ( 'NONE', #1497 ) ;
#601 = LINE ( 'NONE', #1161, #473 ) ;
#602 = CARTESIAN_POINT ( 'NONE',  ( -0.2500000000000000000, -0.2212898718811496246, 2.731847993664263711E-16 ) ) ;
#603 = ORIENTED_EDGE ( 'NONE', *, *, #1439, .F. ) ;
#604 = ADVANCED_FACE ( 'NONE', ( #2046 ), #3349, .T. ) ;
#605 = DIRECTION ( 'NONE',  ( 1.000000000000000000, 0.000000000000000000, 0.000000000000000000 ) ) ;
#606 = CARTESIAN_POINT ( 'NONE',  ( 0.2216286780477768059, -0.2023228346456693028, 0.07765682044553778862 ) ) ;
#607 = CARTESIAN_POINT ( 'NONE',  ( -0.3149606299212598381, 0.000000000000000000, -0.02362204724409243742 ) ) ;
#608 = B_SPLINE_CURVE_WITH_KNOTS ( 'NONE', 3,
 ( #3021, #1715, #2719, #2176 ),
 .UNSPECIFIED., .F., .F.,
 ( 4, 4 ),
 ( 0.003655977453372194746, 0.003758849537120529782 ),
 .UNSPECIFIED. ) ;
#609 = ORIENTED_EDGE ( 'NONE', *, *, #1457, .T. ) ;
#610 = CARTESIAN_POINT ( 'NONE',  ( 0.2657480314960629642, -0.2227709155171153088, -0.08741310763148975316 ) ) ;
#611 = ORIENTED_EDGE ( 'NONE', *, *, #1261, .T. ) ;
#612 = CARTESIAN_POINT ( 'NONE',  ( -0.2229912938306806980, 0.000000000000000000, -0.1220472440944881942 ) ) ;
#613 = CARTESIAN_POINT ( 'NONE',  ( -0.07874015748031673589, 0.03937007874015747977, 0.02362204724409653483 ) ) ;
#614 = AXIS2_PLACEMENT_3D ( 'NONE', #3030, #3267, #1481 ) ;
#615 = CARTESIAN_POINT ( 'NONE',  ( 0.2342519685039370358, -0.2200078722770905659, 0.08832516852143307284 ) ) ;
#616 = DIRECTION ( 'NONE',  ( 1.000000000000000000, 0.000000000000000000, 0.000000000000000000 ) ) ;
#617 = VERTEX_POINT ( 'NONE', #694 ) ;
#618 = CARTESIAN_POINT ( 'NONE',  ( -0.2342519685039370358, -0.2174437897093555172, -0.08917127285752815546 ) ) ;
#619 = DIRECTION ( 'NONE',  ( 0.000000000000000000, 0.000000000000000000, 1.000000000000000000 ) ) ;
#620 = ORIENTED_EDGE ( 'NONE', *, *, #46, .T. ) ;
#621 = DIRECTION ( 'NONE',  ( 0.000000000000000000, 1.000000000000000000, 5.551115123125779621E-17 ) ) ;
#622 = CARTESIAN_POINT ( 'NONE',  ( -0.2783713219522232496, -0.2023228346456693028, 0.1250000000000000000 ) ) ;
#623 = DIRECTION ( 'NONE',  ( -4.752496957872370810E-18, -0.9902680687415701399, -0.1391731009600658542 ) ) ;
#624 = ADVANCED_FACE ( 'NONE', ( #229 ), #196, .T. ) ;
#625 = DIRECTION ( 'NONE',  ( 0.000000000000000000, 0.000000000000000000, 1.000000000000000000 ) ) ;
#626 = ADVANCED_FACE ( 'NONE', ( #1471 ), #2819, .T. ) ;
#627 =( NAMED_UNIT ( * ) SI_UNIT ( $, .STERADIAN. ) SOLID_ANGLE_UNIT ( ) );
#628 = ORIENTED_EDGE ( 'NONE', *, *, #344, .T. ) ;
#629 = AXIS2_PLACEMENT_3D ( 'NONE', #2764, #967, #1635 ) ;
#630 = FACE_OUTER_BOUND ( 'NONE', #1437, .T. ) ;
#631 = COLOUR_RGB ( '',0.7921568627450980005, 0.8196078431372548767, 0.9333333333333333481 ) ;
#632 = CARTESIAN_POINT ( 'NONE',  ( -0.2657480314960630197, -0.2152356321212913759, -0.08383339396601634241 ) ) ;
#633 = CARTESIAN_POINT ( 'NONE',  ( -0.2500000000000000000, 0.1181102362204724532, 0.04921259842519685318 ) ) ;
#634 = DIRECTION ( 'NONE',  ( -1.000000000000000000, -8.260587980841940949E-15, 0.000000000000000000 ) ) ;
#635 = VECTOR ( 'NONE', #2162, 39.37007874015748143 ) ;
#636 = EDGE_LOOP ( 'NONE', ( #1063, #1651, #198, #2391 ) ) ;
#637 = CARTESIAN_POINT ( 'NONE',  ( -0.07874015748031673589, 0.03937007874015747977, -0.1220866141732283444 ) ) ;
#638 = DIRECTION ( 'NONE',  ( 1.000000000000000000, 0.000000000000000000, 0.000000000000000000 ) ) ;
#639 = EDGE_LOOP ( 'NONE', ( #3344, #2687, #1338, #50 ) ) ;
#640 = CARTESIAN_POINT ( 'NONE',  ( 0.2500000000000000000, -0.2174437897093551286, -1.092739197465704696E-15 ) ) ;
#641 = CARTESIAN_POINT ( 'NONE',  ( 0.2657480314960630197, -0.2416929133858267964, -0.05915895614624232940 ) ) ;
#642 = LINE ( 'NONE', #2399, #3152 ) ;
#643 = CIRCLE ( 'NONE', #580, 0.08267716535433068670 ) ;
#644 = CARTESIAN_POINT ( 'NONE',  ( 0.2657480314960630197, -0.2023228346456693028, 0.08116349656727560313 ) ) ;
#645 = CARTESIAN_POINT ( 'NONE',  ( -0.07874015748031495954, 0.03937007874015747977, -0.02362204724409448786 ) ) ;
#646 = ORIENTED_EDGE ( 'NONE', *, *, #449, .F. ) ;
#647 = PLANE ( 'NONE',  #92 ) ;
#648 = CARTESIAN_POINT ( 'NONE',  ( -0.2500000000000000000, 0.1011648248220486240, 0.000000000000000000 ) ) ;
#649 = AXIS2_PLACEMENT_3D ( 'NONE', #1754, #228, #1513 ) ;
#650 = B_SPLINE_CURVE_WITH_KNOTS ( 'NONE', 3,
 ( #3113, #304, #5, #2385 ),
 .UNSPECIFIED., .F., .F.,
 ( 4, 4 ),
 ( 0.003655977453372194746, 0.003758849537120534986 ),
 .UNSPECIFIED. ) ;
#651 = CONICAL_SURFACE ( 'NONE', #2225, 0.08267716535433068670, 1.172861257340199082 ) ;
#652 = FACE_OUTER_BOUND ( 'NONE', #1241, .T. ) ;
#653 = CYLINDRICAL_SURFACE ( 'NONE', #556, 0.1250000000000000000 ) ;
#654 = VERTEX_POINT ( 'NONE', #1742 ) ;
#655 = LINE ( 'NONE', #1938, #2369 ) ;
#656 = DIRECTION ( 'NONE',  ( 0.000000000000000000, 0.000000000000000000, -1.000000000000000000 ) ) ;
#657 = VERTEX_POINT ( 'NONE', #1223 ) ;
#658 = VERTEX_POINT ( 'NONE', #2025 ) ;
#659 = CARTESIAN_POINT ( 'NONE',  ( 0.2342519685039370358, -0.2212898718811492083, -0.08790198958494628567 ) ) ;
#660 = PLANE ( 'NONE',  #3000 ) ;
#661 = CARTESIAN_POINT ( 'NONE',  ( -0.2500000000000000000, -0.2416929133858267964, 2.731847993664263711E-16 ) ) ;
#662 = ADVANCED_BREP_SHAPE_REPRESENTATION ( '', ( #2862, #301 ), #560 ) ;
#663 = EDGE_CURVE ( 'NONE', #1029, #3130, #2009, .T. ) ;
#664 = EDGE_LOOP ( 'NONE', ( #930, #3163, #1597, #3301, #1094, #2231, #3193, #3026, #1779, #2977, #688, #2984 ) ) ;
#665 = CARTESIAN_POINT ( 'NONE',  ( -0.2342519685039370914, -0.2227709155171126998, -0.08741310763149108543 ) ) ;
#666 = PLANE ( 'NONE',  #510 ) ;
#667 = ADVANCED_FACE ( 'NONE', ( #2776 ), #3061, .F. ) ;
#668 = ORIENTED_EDGE ( 'NONE', *, *, #1406, .T. ) ;
#669 = LINE ( 'NONE', #1984, #1937 ) ;
#670 = DIRECTION ( 'NONE',  ( -1.000000000000000000, 0.000000000000000000, 0.000000000000000000 ) ) ;
#671 = ORIENTED_EDGE ( 'NONE', *, *, #443, .F. ) ;
#672 = VECTOR ( 'NONE', #54, 39.37007874015748143 ) ;
#673 = ORIENTED_EDGE ( 'NONE', *, *, #1565, .F. ) ;
#674 = CARTESIAN_POINT ( 'NONE',  ( -0.2500000000000000000, -0.2141338582677165536, 2.731847993664263711E-16 ) ) ;
#675 = DIRECTION ( 'NONE',  ( -1.706364891049116228E-17, 0.03489949670250103858, -0.9993908270190957621 ) ) ;
#676 = CARTESIAN_POINT ( 'NONE',  ( 0.1673228346456692994, -0.03499999999999894168, -1.097892266708612140E-15 ) ) ;
#677 = ORIENTED_EDGE ( 'NONE', *, *, #1522, .F. ) ;
#678 = CARTESIAN_POINT ( 'NONE',  ( -0.2342519685039369526, -0.2283661019293744543, -0.08448829475801375444 ) ) ;
#679 = LINE ( 'NONE', #2754, #1761 ) ;
#680 = VECTOR ( 'NONE', #2709, 39.37007874015748854 ) ;
#681 =( CONVERSION_BASED_UNIT ( 'INCH', #2444 ) LENGTH_UNIT ( ) NAMED_UNIT ( #366 ) );
#682 = COLOUR_RGB ( '',0.7921568627450980005, 0.8196078431372548767, 0.9333333333333333481 ) ;
#683 = VECTOR ( 'NONE', #375, 39.37007874015748143 ) ;
#684 = CIRCLE ( 'NONE', #468, 0.1220472440944881942 ) ;
#685 = DIRECTION ( 'NONE',  ( 1.000000000000000000, -7.497207130931119330E-36, -3.414809992080329639E-17 ) ) ;
#686 = ORIENTED_EDGE ( 'NONE', *, *, #489, .F. ) ;
#687 = EDGE_CURVE ( 'NONE', #1484, #2742, #2280, .T. ) ;
#688 = ORIENTED_EDGE ( 'NONE', *, *, #200, .T. ) ;
#689 = VECTOR ( 'NONE', #3269, 39.37007874015748143 ) ;
#690 = CARTESIAN_POINT ( 'NONE',  ( 0.2783713219522232496, -0.2023228346456693028, -0.07765682044553996743 ) ) ;
#691 = DIRECTION ( 'NONE',  ( -1.000000000000000000, 0.000000000000000000, 0.000000000000000000 ) ) ;
#692 = VECTOR ( 'NONE', #2569, 39.37007874015748143 ) ;
#693 = LINE ( 'NONE', #151, #804 ) ;
#694 = CARTESIAN_POINT ( 'NONE',  ( 0.1181102362204708711, 0.000000000000000000, -0.02362204724409243742 ) ) ;
#695 = AXIS2_PLACEMENT_3D ( 'NONE', #3358, #226, #529 ) ;
#696 = ORIENTED_EDGE ( 'NONE', *, *, #449, .T. ) ;
#697 = LINE ( 'NONE', #1225, #3023 ) ;
#698 = ADVANCED_FACE ( 'NONE', ( #3077 ), #541, .T. ) ;
#699 = VECTOR ( 'NONE', #2779, 39.37007874015748143 ) ;
#700 = CARTESIAN_POINT ( 'NONE',  ( 0.2342519685039370636, -0.2416929133858268242, -0.06548939218094228243 ) ) ;
#701 = EDGE_CURVE ( 'NONE', #15, #2778, #2549, .T. ) ;
#702 = ADVANCED_FACE ( 'NONE', ( #2013 ), #215, .T. ) ;
#703 = LINE ( 'NONE', #2513, #1281 ) ;
#704 = CARTESIAN_POINT ( 'NONE',  ( 0.2500000000000000000, -0.03499999999999894168, -1.092739197465704696E-15 ) ) ;
#705 = ORIENTED_EDGE ( 'NONE', *, *, #1289, .T. ) ;
#706 = ORIENTED_EDGE ( 'NONE', *, *, #2358, .T. ) ;
#707 = DIRECTION ( 'NONE',  ( 1.000000000000000000, 0.000000000000000000, 0.000000000000000000 ) ) ;
#708 = CARTESIAN_POINT ( 'NONE',  ( 0.2500000000000000000, 0.9527559055118109965, -0.02006612940058846370 ) ) ;
#709 = EDGE_CURVE ( 'NONE', #2061, #3348, #813, .T. ) ;
#710 = CARTESIAN_POINT ( 'NONE',  ( -0.07874015748031495954, 0.07874015748031495954, -0.1220866141732283444 ) ) ;
#711 = CARTESIAN_POINT ( 'NONE',  ( 0.1181102362204724532, 0.03937007874015747977, -0.02362204724409448786 ) ) ;
#712 = ORIENTED_EDGE ( 'NONE', *, *, #1793, .F. ) ;
#713 = DIRECTION ( 'NONE',  ( 0.000000000000000000, -1.000000000000000000, 0.000000000000000000 ) ) ;
#714 = CIRCLE ( 'NONE', #1413, 0.02006612940058846370 ) ;
#715 = CARTESIAN_POINT ( 'NONE',  ( 0.3149606299212598381, 0.000000000000000000, -0.02362204724409243742 ) ) ;
#716 = DIRECTION ( 'NONE',  ( 0.000000000000000000, 1.110223024625155924E-16, 1.000000000000000000 ) ) ;
#717 = DIRECTION ( 'NONE',  ( 0.000000000000000000, -1.000000000000000000, -5.551115123125583638E-17 ) ) ;
#718 = EDGE_LOOP ( 'NONE', ( #513, #1218, #3325, #2835 ) ) ;
#719 = ORIENTED_EDGE ( 'NONE', *, *, #2846, .F. ) ;
#720 = DIRECTION ( 'NONE',  ( 0.000000000000000000, 0.000000000000000000, 1.000000000000000000 ) ) ;
#721 = CARTESIAN_POINT ( 'NONE',  ( -0.2500000000000000000, 0.9527559055118109965, 0.02006612940058846370 ) ) ;
#722 = AXIS2_PLACEMENT_3D ( 'NONE', #1933, #398, #2212 ) ;
#723 = FACE_OUTER_BOUND ( 'NONE', #1326, .T. ) ;
#724 = CARTESIAN_POINT ( 'NONE',  ( -0.2657480314960630197, -0.2200078722770909545, -0.08832516852143386388 ) ) ;
#725 = VERTEX_POINT ( 'NONE', #758 ) ;
#726 = B_SPLINE_CURVE_WITH_KNOTS ( 'NONE', 3,
 ( #1659, #700, #2734, #397, #411, #2947 ),
 .UNSPECIFIED., .F., .F.,
 ( 4, 2, 4 ),
 ( 0.000000000000000000, 0.4999999999999997780, 1.000000000000000000 ),
 .UNSPECIFIED. ) ;
#727 = EDGE_CURVE ( 'NONE', #1953, #2106, #1562, .T. ) ;
#728 = ORIENTED_EDGE ( 'NONE', *, *, #1470, .T. ) ;
#729 = CARTESIAN_POINT ( 'NONE',  ( -0.2405475431418344634, -0.08647355239471701815, 0.08216809185410110794 ) ) ;
#730 = DIRECTION ( 'NONE',  ( 0.000000000000000000, 0.000000000000000000, -1.000000000000000000 ) ) ;
#731 = AXIS2_PLACEMENT_3D ( 'NONE', #438, #1368, #74 ) ;
#732 = DIRECTION ( 'NONE',  ( 0.000000000000000000, 0.000000000000000000, 1.000000000000000000 ) ) ;
#733 = ORIENTED_EDGE ( 'NONE', *, *, #597, .F. ) ;
#734 = EDGE_CURVE ( 'NONE', #3136, #1369, #2300, .T. ) ;
#735 = EDGE_CURVE ( 'NONE', #2873, #2516, #714, .T. ) ;
#736 = AXIS2_PLACEMENT_3D ( 'NONE', #1084, #26, #504 ) ;
#737 = ORIENTED_EDGE ( 'NONE', *, *, #2647, .T. ) ;
#738 = FACE_OUTER_BOUND ( 'NONE', #1098, .T. ) ;
#739 = CARTESIAN_POINT ( 'NONE',  ( 0.2342519685039370358, -0.2152356321212905710, -0.08383339396601791060 ) ) ;
#740 = AXIS2_PLACEMENT_3D ( 'NONE', #1777, #2004, #1020 ) ;
#741 = FACE_OUTER_BOUND ( 'NONE', #2351, .T. ) ;
#742 = AXIS2_PLACEMENT_3D ( 'NONE', #1298, #1351, #1618 ) ;
#743 = ORIENTED_EDGE ( 'NONE', *, *, #2752, .T. ) ;
#744 = VECTOR ( 'NONE', #385, 39.37007874015748143 ) ;
#745 = CARTESIAN_POINT ( 'NONE',  ( 0.2342519685039370358, -0.2398011466988907159, 0.06994991392938990082 ) ) ;
#746 = AXIS2_PLACEMENT_3D ( 'NONE', #2493, #172, #1485 ) ;
#747 = SURFACE_STYLE_FILL_AREA ( #2769 ) ;
#748 = ADVANCED_FACE ( 'NONE', ( #1816 ), #2603, .T. ) ;
#749 = PRODUCT_RELATED_PRODUCT_CATEGORY ( 'part', '', ( #2103 ) ) ;
#750 = FACE_OUTER_BOUND ( 'NONE', #2434, .T. ) ;
#751 = DIRECTION ( 'NONE',  ( 0.000000000000000000, 0.000000000000000000, 1.000000000000000000 ) ) ;
#752 = ORIENTED_EDGE ( 'NONE', *, *, #794, .T. ) ;
#753 = ORIENTED_EDGE ( 'NONE', *, *, #1439, .T. ) ;
#754 = CARTESIAN_POINT ( 'NONE',  ( -0.2500000000000000000, 0.1181102362204724532, -0.07455646169231140707 ) ) ;
#755 = VECTOR ( 'NONE', #2166, 39.37007874015748143 ) ;
#756 = VECTOR ( 'NONE', #2994, 39.37007874015748143 ) ;
#757 = CARTESIAN_POINT ( 'NONE',  ( 0.2755015882382190195, -0.1695216281996021757, 0.07870525558169240432 ) ) ;
#758 = CARTESIAN_POINT ( 'NONE',  ( 0.2657480314960630197, -0.2141338582677165536, -0.08116349656727776807 ) ) ;
#759 = EDGE_LOOP ( 'NONE', ( #3161, #3312, #494, #1905 ) ) ;
#760 = ADVANCED_FACE ( 'NONE', ( #67 ), #1683, .T. ) ;
#761 = CARTESIAN_POINT ( 'NONE',  ( -0.1181102362204724532, 0.03937007874015747977, -0.02362204724409448786 ) ) ;
#762 = EDGE_CURVE ( 'NONE', #725, #1384, #1741, .T. ) ;
#763 = CARTESIAN_POINT ( 'NONE',  ( 0.3149606299212598381, 0.07874015748031495954, -0.02362204724409243742 ) ) ;
#764 = DIRECTION ( 'NONE',  ( 0.000000000000000000, 0.000000000000000000, 1.000000000000000000 ) ) ;
#765 = ORIENTED_EDGE ( 'NONE', *, *, #2002, .T. ) ;
#766 = ORIENTED_EDGE ( 'NONE', *, *, #2389, .F. ) ;
#767 = DIRECTION ( 'NONE',  ( -1.000000000000000000, 0.000000000000000000, 0.000000000000000000 ) ) ;
#768 = CARTESIAN_POINT ( 'NONE',  ( 0.2342519685039370358, -0.2141338582677165536, -0.08116349656727776807 ) ) ;
#769 = ORIENTED_EDGE ( 'NONE', *, *, #2389, .T. ) ;
#770 = VERTEX_POINT ( 'NONE', #1578 ) ;
#771 = DIRECTION ( 'NONE',  ( -1.000000000000000000, 0.000000000000000000, 0.000000000000000000 ) ) ;
#772 = ORIENTED_EDGE ( 'NONE', *, *, #1331, .T. ) ;
#773 = DIRECTION ( 'NONE',  ( 0.000000000000000000, 1.000000000000000000, 0.000000000000000000 ) ) ;
#774 = ORIENTED_EDGE ( 'NONE', *, *, #727, .F. ) ;
#775 = DIRECTION ( 'NONE',  ( 1.000000000000000000, 0.000000000000000000, 0.000000000000000000 ) ) ;
#776 = PRODUCT ( '228-2500-242', '228-2500-242', '', ( #2304 ) ) ;
#777 = LINE ( 'NONE', #2813, #1550 ) ;
#778 = CARTESIAN_POINT ( 'NONE',  ( 0.2475825785062255036, -0.08421145164936201521, -0.08267735214552150713 ) ) ;
#779 = VERTEX_POINT ( 'NONE', #2112 ) ;
#780 = ORIENTED_EDGE ( 'NONE', *, *, #1775, .F. ) ;
#781 = CIRCLE ( 'NONE', #461, 0.09055118110236221041 ) ;
#782 = ORIENTED_EDGE ( 'NONE', *, *, #989, .T. ) ;
#783 = CARTESIAN_POINT ( 'NONE',  ( -0.2500000000000000000, -0.2174437897093555172, 2.731847993664263711E-16 ) ) ;
#784 = MECHANICAL_DESIGN_GEOMETRIC_PRESENTATION_REPRESENTATION (  '', ( #1228 ), #2522 ) ;
#785 = CARTESIAN_POINT ( 'NONE',  ( 0.2755905511811023723, 0.03937007874015747977, -0.1220866141732283444 ) ) ;
#786 = ORIENTED_EDGE ( 'NONE', *, *, #2871, .F. ) ;
#787 = CARTESIAN_POINT ( 'NONE',  ( 0.2657480314960630197, -0.2152356321050437338, -0.08383339392664723722 ) ) ;
#788 = CONICAL_SURFACE ( 'NONE', #1812, 0.04921259842519685318, 0.03490658503988566114 ) ;
#789 = ORIENTED_EDGE ( 'NONE', *, *, #2192, .F. ) ;
#790 = CARTESIAN_POINT ( 'NONE',  ( 0.2657480314960630197, -0.2283661019293732608, -0.08448829475801575284 ) ) ;
#791 = ORIENTED_EDGE ( 'NONE', *, *, #735, .T. ) ;
#792 = DIRECTION ( 'NONE',  ( 0.000000000000000000, 1.000000000000000000, 0.000000000000000000 ) ) ;
#793 = ITEM_DEFINED_TRANSFORMATION ( 'NONE', 'NONE', #568,  #301 ) ;
#794 = EDGE_CURVE ( 'NONE', #838, #2467, #566, .T. ) ;
#795 = VECTOR ( 'NONE', #16, 39.37007874015748143 ) ;
#796 = ADVANCED_FACE ( 'NONE', ( #2853 ), #220, .T. ) ;
#797 = CARTESIAN_POINT ( 'NONE',  ( -0.2657480314960630197, -0.2141338582677165536, 0.08116349656727717132 ) ) ;
#798 = ORIENTED_EDGE ( 'NONE', *, *, #3007, .F. ) ;
#799 = ADVANCED_FACE ( 'NONE', ( #2831 ), #1310, .T. ) ;
#800 = ORIENTED_EDGE ( 'NONE', *, *, #379, .F. ) ;
#801 = CARTESIAN_POINT ( 'NONE',  ( -0.2342519685039370081, -0.2416929133858267131, 0.06548939218094333714 ) ) ;
#802 = LINE ( 'NONE', #2936, #755 ) ;
#803 = ORIENTED_EDGE ( 'NONE', *, *, #3231, .F. ) ;
#804 = VECTOR ( 'NONE', #3254, 39.37007874015748143 ) ;
#805 = DIRECTION ( 'NONE',  ( 1.000000000000000000, 0.000000000000000000, 0.000000000000000000 ) ) ;
#806 = ADVANCED_FACE ( 'NONE', ( #2637 ), #1848, .F. ) ;
#807 = ORIENTED_EDGE ( 'NONE', *, *, #476, .T. ) ;
#808 = CARTESIAN_POINT ( 'NONE',  ( 0.1181102362204708711, 0.000000000000000000, 0.02362204724409653483 ) ) ;
#809 = ORIENTED_EDGE ( 'NONE', *, *, #2671, .F. ) ;
#810 = LINE ( 'NONE', #3149, #2030 ) ;
#811 = CARTESIAN_POINT ( 'NONE',  ( 0.3535514964043485753, 0.5130006740036888724, 0.5152192519564441353 ) ) ;
#812 = LINE ( 'NONE', #3185, #828 ) ;
#813 = CIRCLE ( 'NONE', #2443, 0.04921259842519685318 ) ;
#814 = VERTEX_POINT ( 'NONE', #1061 ) ;
#815 = ORIENTED_EDGE ( 'NONE', *, *, #1676, .T. ) ;
#816 = DIRECTION ( 'NONE',  ( -1.000000000000000000, 8.260587980841940949E-15, 0.000000000000000000 ) ) ;
#817 = CARTESIAN_POINT ( 'NONE',  ( -0.2657480314960630197, -0.2141338582677165536, -0.08116349656727657458 ) ) ;
#818 = ORIENTED_EDGE ( 'NONE', *, *, #234, .F. ) ;
#819 = DIRECTION ( 'NONE',  ( 1.000000000000000000, 0.000000000000000000, 0.000000000000000000 ) ) ;
#820 = DIRECTION ( 'NONE',  ( 0.000000000000000000, -1.000000000000000000, -5.551115123125779621E-17 ) ) ;
#821 = ORIENTED_EDGE ( 'NONE', *, *, #87, .T. ) ;
#822 = EDGE_CURVE ( 'NONE', #2110, #2055, #1672, .T. ) ;
#823 = DIRECTION ( 'NONE',  ( -0.000000000000000000, 1.000000000000000000, 0.000000000000000000 ) ) ;
#824 = ORIENTED_EDGE ( 'NONE', *, *, #3270, .T. ) ;
#825 = PRODUCT_DEFINITION_CONTEXT ( 'detailed design', #1087, 'design' ) ;
#826 = CARTESIAN_POINT ( 'NONE',  ( 0.2308162875531122316, -0.09730797746232942858, 0.08042195919542892424 ) ) ;
#827 = EDGE_CURVE ( 'NONE', #1694, #1029, #925, .T. ) ;
#828 = VECTOR ( 'NONE', #2894, 39.37007874015748143 ) ;
#829 =( NAMED_UNIT ( * ) SI_UNIT ( $, .STERADIAN. ) SOLID_ANGLE_UNIT ( ) );
#830 = CARTESIAN_POINT ( 'NONE',  ( -0.2229912938306806980, 0.03937007874015747977, -0.1220472440944881942 ) ) ;
#831 = EDGE_LOOP ( 'NONE', ( #65, #2631, #1266, #2376 ) ) ;
#832 = EDGE_LOOP ( 'NONE', ( #1792, #3042, #1897, #240 ) ) ;
#833 = VERTEX_POINT ( 'NONE', #1362 ) ;
#834 = CARTESIAN_POINT ( 'NONE',  ( -0.2657480314960630197, -0.2320096472230684936, 0.08163769426674639951 ) ) ;
#835 = ADVANCED_FACE ( 'NONE', ( #840 ), #1866, .F. ) ;
#836 = EDGE_CURVE ( 'NONE', #1537, #289, #2808, .T. ) ;
#837 = PLANE ( 'NONE',  #2590 ) ;
#838 = VERTEX_POINT ( 'NONE', #1545 ) ;
#839 = CARTESIAN_POINT ( 'NONE',  ( 0.2500000000000000000, -0.2212898718811492083, -1.092739197465704696E-15 ) ) ;
#840 = FACE_OUTER_BOUND ( 'NONE', #878, .T. ) ;
#841 = EDGE_CURVE ( 'NONE', #1091, #2844, #2978, .T. ) ;
#842 = CARTESIAN_POINT ( 'NONE',  ( -0.3149606299212598381, 0.000000000000000000, -0.02362204724409243742 ) ) ;
#843 = VECTOR ( 'NONE', #598, 39.37007874015748143 ) ;
#844 = FACE_OUTER_BOUND ( 'NONE', #2196, .T. ) ;
#845 = LINE ( 'NONE', #1871, #1446 ) ;
#846 = ORIENTED_EDGE ( 'NONE', *, *, #443, .T. ) ;
#847 = LINE ( 'NONE', #2544, #3343 ) ;
#848 = CARTESIAN_POINT ( 'NONE',  ( -0.2657480314960630197, -0.2141338582677165536, -0.08116349656727638029 ) ) ;
#849 = VECTOR ( 'NONE', #1918, 39.37007874015748143 ) ;
#850 = PRESENTATION_LAYER_ASSIGNMENT (  '', '', ( #2577 ) ) ;
#851 = B_SPLINE_CURVE_WITH_KNOTS ( 'NONE', 3,
 ( #2153, #868, #3235, #93, #408, #1962, #2694, #2731, #3018, #1947, #3256, #1136 ),
 .UNSPECIFIED., .F., .F.,
 ( 4, 2, 2, 2, 2, 4 ),
 ( 0.000000000000000000, 0.2499999999999998890, 0.4999999999999997780, 0.6249999999999997780, 0.7499999999999996669, 1.000000000000000000 ),
 .UNSPECIFIED. ) ;
#852 = ADVANCED_FACE ( 'NONE', ( #2727 ), #2468, .F. ) ;
#853 = VECTOR ( 'NONE', #3097, 39.37007874015748143 ) ;
#854 = CARTESIAN_POINT ( 'NONE',  ( 0.07874015748031339135, 0.000000000000000000, 0.02362204724409653483 ) ) ;
#855 =( REPRESENTATION_RELATIONSHIP ('NONE','NONE', #3288, #2703 ) REPRESENTATION_RELATIONSHIP_WITH_TRANSFORMATION ( #2065 )SHAPE_REPRESENTATION_RELATIONSHIP( ) );
#856 = LINE ( 'NONE', #1123, #1263 ) ;
#857 = ORIENTED_EDGE ( 'NONE', *, *, #122, .T. ) ;
#858 = VECTOR ( 'NONE', #262, 39.37007874015748854 ) ;
#859 = CARTESIAN_POINT ( 'NONE',  ( -0.2657480314960630197, -0.2352448217851930423, 0.07811905328564885953 ) ) ;
#860 = FACE_BOUND ( 'NONE', #1686, .T. ) ;
#861 = AXIS2_PLACEMENT_3D ( 'NONE', #1152, #396, #2404 ) ;
#862 = ORIENTED_EDGE ( 'NONE', *, *, #3093, .T. ) ;
#863 = DIRECTION ( 'NONE',  ( 0.000000000000000000, -1.000000000000000000, 0.000000000000000000 ) ) ;
#864 = LINE ( 'NONE', #1629, #2104 ) ;
#865 = DIRECTION ( 'NONE',  ( 1.000000000000000000, 0.000000000000000000, 0.000000000000000000 ) ) ;
#866 =( BOUNDED_CURVE ( )  B_SPLINE_CURVE ( 3, ( #690, #2761, #2246, #2502 ),
 .UNSPECIFIED., .F., .T. ) 
 B_SPLINE_CURVE_WITH_KNOTS ( ( 4, 4 ),
 ( 4.362112093716119965, 4.472917508490045435 ),
 .UNSPECIFIED. ) 
 CURVE ( )  GEOMETRIC_REPRESENTATION_ITEM ( )  RATIONAL_B_SPLINE_CURVE ( ( 1.000000000000000000, 0.9989771083553059539, 0.9989771083553059539, 1.000000000000000000 ) ) 
 REPRESENTATION_ITEM ( '' )  );
#867 = VERTEX_POINT ( 'NONE', #2451 ) ;
#868 = CARTESIAN_POINT ( 'NONE',  ( -0.2308162875531310221, -0.09730797746211609922, -0.08042195919543432270 ) ) ;
#869 = ORIENTED_EDGE ( 'NONE', *, *, #308, .T. ) ;
#870 = CARTESIAN_POINT ( 'NONE',  ( -0.2342519685039370636, -0.2370216228587067875, -0.07561770368671667797 ) ) ;
#871 = LINE ( 'NONE', #1992, #483 ) ;
#872 = LINE ( 'NONE', #854, #2031 ) ;
#873 = LINE ( 'NONE', #2916, #1579 ) ;
#874 = ADVANCED_FACE ( 'NONE', ( #423 ), #405, .F. ) ;
#875 = VERTEX_POINT ( 'NONE', #389 ) ;
#876 = CARTESIAN_POINT ( 'NONE',  ( -0.2342519685039370358, -0.2152356321050445109, -0.08383339392664566903 ) ) ;
#877 = DIRECTION ( 'NONE',  ( 0.000000000000000000, 1.000000000000000000, 0.000000000000000000 ) ) ;
#878 = EDGE_LOOP ( 'NONE', ( #1109, #2641, #2895, #1466 ) ) ;
#879 = EDGE_CURVE ( 'NONE', #657, #2579, #864, .T. ) ;
#880 = CARTESIAN_POINT ( 'NONE',  ( -0.3149606299212598381, 0.03937007874015747977, 0.02362204724409448786 ) ) ;
#881 = DIRECTION ( 'NONE',  ( -1.000000000000000000, 0.000000000000000000, 0.000000000000000000 ) ) ;
#882 = FACE_OUTER_BOUND ( 'NONE', #832, .T. ) ;
#883 = CARTESIAN_POINT ( 'NONE',  ( -0.2657480314960630197, -0.2212898718811496246, -0.08790198958494528647 ) ) ;
#884 = ORIENTED_EDGE ( 'NONE', *, *, #1950, .T. ) ;
#885 = DIRECTION ( 'NONE',  ( 0.000000000000000000, 0.000000000000000000, 1.000000000000000000 ) ) ;
#886 = CARTESIAN_POINT ( 'NONE',  ( -0.2657480314960630197, -0.2163390768634460559, -0.08650259692915984733 ) ) ;
#887 = VECTOR ( 'NONE', #210, 39.37007874015748143 ) ;
#888 = DIRECTION ( 'NONE',  ( 1.000000000000000000, 0.000000000000000000, 3.414809992080329639E-17 ) ) ;
#889 = DIRECTION ( 'NONE',  ( 8.260587980841940949E-15, -1.000000000000000000, 0.000000000000000000 ) ) ;
#890 = EDGE_LOOP ( 'NONE', ( #1142, #705, #2353 ) ) ;
#891 = CARTESIAN_POINT ( 'NONE',  ( -0.2342519685039370358, -0.2141338582677165536, -0.08116349656727638029 ) ) ;
#892 = DIRECTION ( 'NONE',  ( 0.000000000000000000, -1.000000000000000000, -5.551115123125779621E-17 ) ) ;
#893 = VERTEX_POINT ( 'NONE', #1433 ) ;
#894 = DIRECTION ( 'NONE',  ( 0.000000000000000000, 0.000000000000000000, 1.000000000000000000 ) ) ;
#895 = FACE_OUTER_BOUND ( 'NONE', #639, .T. ) ;
#896 = DIRECTION ( 'NONE',  ( 0.000000000000000000, 0.000000000000000000, 1.000000000000000000 ) ) ;
#897 = CARTESIAN_POINT ( 'NONE',  ( -0.3149606299212598381, 0.000000000000000000, 0.02362204724409653483 ) ) ;
#898 = DIRECTION ( 'NONE',  ( 0.000000000000000000, -1.000000000000000000, 0.000000000000000000 ) ) ;
#899 = ORIENTED_EDGE ( 'NONE', *, *, #597, .T. ) ;
#900 = CIRCLE ( 'NONE', #567, 0.08930151325141615082 ) ;
#901 = CYLINDRICAL_SURFACE ( 'NONE', #260, 0.01968503937007873988 ) ;
#902 = VECTOR ( 'NONE', #1370, 39.37007874015748143 ) ;
#903 = CARTESIAN_POINT ( 'NONE',  ( -0.2657480314960630197, -0.2141338582677165536, 0.08116349656727699091 ) ) ;
#904 = DIRECTION ( 'NONE',  ( -1.000000000000000000, 0.000000000000000000, 3.414809992080329639E-17 ) ) ;
#905 = CARTESIAN_POINT ( 'NONE',  ( -0.2725782012300667079, -0.1361071617952026303, -0.07959317237091337316 ) ) ;
#906 = AXIS2_PLACEMENT_3D ( 'NONE', #128, #898, #952 ) ;
#907 = AXIS2_PLACEMENT_3D ( 'NONE', #120, #2976, #2770 ) ;
#908 = EDGE_LOOP ( 'NONE', ( #365, #3072 ) ) ;
#909 = EDGE_CURVE ( 'NONE', #1359, #2227, #521, .T. ) ;
#910 = ADVANCED_BREP_SHAPE_REPRESENTATION ( '', ( #557, #301 ), #2892 ) ;
#911 = FACE_OUTER_BOUND ( 'NONE', #1332, .T. ) ;
#912 = CARTESIAN_POINT ( 'NONE',  ( -0.2342519685039370358, -0.2141338582677165536, -0.08116349656727638029 ) ) ;
#913 = ORIENTED_EDGE ( 'NONE', *, *, #3202, .T. ) ;
#914 = ORIENTED_EDGE ( 'NONE', *, *, #3100, .F. ) ;
#915 = ADVANCED_FACE ( 'NONE', ( #2202 ), #651, .T. ) ;
#916 = CARTESIAN_POINT ( 'NONE',  ( -0.1181102362204740214, 0.000000000000000000, -0.1220866141732283444 ) ) ;
#917 = CIRCLE ( 'NONE', #1820, 0.06121913580175593339 ) ;
#918 = EDGE_CURVE ( 'NONE', #1537, #2992, #2961, .T. ) ;
#919 = ORIENTED_EDGE ( 'NONE', *, *, #709, .F. ) ;
#920 = DIRECTION ( 'NONE',  ( 0.000000000000000000, 1.000000000000000000, 0.000000000000000000 ) ) ;
#921 = ORIENTED_EDGE ( 'NONE', *, *, #476, .F. ) ;
#922 = CARTESIAN_POINT ( 'NONE',  ( -0.2342519685039370358, -0.2320096472230678830, -0.08163769426674706564 ) ) ;
#923 = PLANE ( 'NONE',  #72 ) ;
#924 = VECTOR ( 'NONE', #3016, 39.37007874015748143 ) ;
#925 = CIRCLE ( 'NONE', #1079, 0.07455646169231140707 ) ;
#926 = CARTESIAN_POINT ( 'NONE',  ( 0.2342519685039370358, -0.2174437897093551286, 0.08917127285752775301 ) ) ;
#927 = ORIENTED_EDGE ( 'NONE', *, *, #1895, .T. ) ;
#928 = DIRECTION ( 'NONE',  ( 0.000000000000000000, 0.000000000000000000, 1.000000000000000000 ) ) ;
#929 = ORIENTED_EDGE ( 'NONE', *, *, #303, .T. ) ;
#930 = ORIENTED_EDGE ( 'NONE', *, *, #687, .F. ) ;
#931 = DIRECTION ( 'NONE',  ( 0.000000000000000000, 1.000000000000000000, 5.551115123125779621E-17 ) ) ;
#932 = FACE_OUTER_BOUND ( 'NONE', #2395, .T. ) ;
#933 = LINE ( 'NONE', #1729, #3298 ) ;
#934 = CYLINDRICAL_SURFACE ( 'NONE', #2837, 0.08267716535433068670 ) ;
#935 = DIRECTION ( 'NONE',  ( 0.000000000000000000, 0.000000000000000000, 1.000000000000000000 ) ) ;
#936 = ORIENTED_EDGE ( 'NONE', *, *, #2179, .T. ) ;
#937 = CARTESIAN_POINT ( 'NONE',  ( 0.1181102362204724532, 0.07874015748031495954, 0.02362204724409448786 ) ) ;
#938 = EDGE_CURVE ( 'NONE', #2106, #223, #2486, .T. ) ;
#939 = DIRECTION ( 'NONE',  ( -1.000000000000000000, 0.000000000000000000, 0.000000000000000000 ) ) ;
#940 = EDGE_CURVE ( 'NONE', #2368, #2759, #2510, .T. ) ;
#941 = SHAPE_REPRESENTATION_RELATIONSHIP ( 'NONE' , 'NONE' ,  #1543, #910 ) ;
#942 =( NAMED_UNIT ( * ) SI_UNIT ( $, .STERADIAN. ) SOLID_ANGLE_UNIT ( ) );
#943 = LINE ( 'NONE', #386, #2415 ) ;
#944 = ORIENTED_EDGE ( 'NONE', *, *, #701, .F. ) ;
#945 = VECTOR ( 'NONE', #691, 39.37007874015748143 ) ;
#946 = ORIENTED_EDGE ( 'NONE', *, *, #1645, .T. ) ;
#947 = CARTESIAN_POINT ( 'NONE',  ( 0.07874015748031339135, 0.000000000000000000, -0.1220866141732283444 ) ) ;
#948 = EDGE_CURVE ( 'NONE', #1484, #127, #147, .T. ) ;
#949 = CARTESIAN_POINT ( 'NONE',  ( 0.2274217987699334587, -0.1361071617952026303, -0.07959317237091476094 ) ) ;
#950 = LINE ( 'NONE', #710, #2357 ) ;
#951 = ADVANCED_FACE ( 'NONE', ( #2220 ), #3252, .F. ) ;
#952 = DIRECTION ( 'NONE',  ( -1.000000000000000000, 0.000000000000000000, 0.000000000000000000 ) ) ;
#953 = VERTEX_POINT ( 'NONE', #1687 ) ;
#954 = DIRECTION ( 'NONE',  ( 1.000000000000000000, 0.000000000000000000, 0.000000000000000000 ) ) ;
#955 = CARTESIAN_POINT ( 'NONE',  ( -0.3112191358017558640, -0.2416929133858267964, 2.731847993664263711E-16 ) ) ;
#956 = CIRCLE ( 'NONE', #1111, 0.09055118110236221041 ) ;
#957 = VERTEX_POINT ( 'NONE', #1445 ) ;
#958 = VECTOR ( 'NONE', #605, 39.37007874015748143 ) ;
#959 = EDGE_CURVE ( 'NONE', #138, #1133, #2923, .T. ) ;
#960 = CARTESIAN_POINT ( 'NONE',  ( 0.2500000000000000000, 0.000000000000000000, 0.000000000000000000 ) ) ;
#961 = CIRCLE ( 'NONE', #2840, 0.09055118110236221041 ) ;
#962 = DIRECTION ( 'NONE',  ( 1.000000000000000000, 0.000000000000000000, 0.000000000000000000 ) ) ;
#963 = ORIENTED_EDGE ( 'NONE', *, *, #1688, .F. ) ;
#964 = ORIENTED_EDGE ( 'NONE', *, *, #2962, .F. ) ;
#965 = DIRECTION ( 'NONE',  ( -1.000000000000000000, 7.497207130931119330E-36, -3.414809992080329639E-17 ) ) ;
#966 = DIRECTION ( 'NONE',  ( 0.000000000000000000, 0.000000000000000000, 1.000000000000000000 ) ) ;
#967 = DIRECTION ( 'NONE',  ( 0.000000000000000000, -1.000000000000000000, 0.000000000000000000 ) ) ;
#968 = CARTESIAN_POINT ( 'NONE',  ( 0.2500000000000000000, -0.2141338582677165536, -1.092739197465704696E-15 ) ) ;
#969 = VECTOR ( 'NONE', #966, 39.37007874015748143 ) ;
#970 = VERTEX_POINT ( 'NONE', #641 ) ;
#971 = LINE ( 'NONE', #1199, #464 ) ;
#972 = CIRCLE ( 'NONE', #3179, 0.08930151325141615082 ) ;
#973 = CARTESIAN_POINT ( 'NONE',  ( -0.2500000000000000000, 0.000000000000000000, -0.1082677165354330728 ) ) ;
#974 = AXIS2_PLACEMENT_3D ( 'NONE', #1458, #180, #2237 ) ;
#975 = CARTESIAN_POINT ( 'NONE',  ( 0.3149606299212598381, 0.07874015748031495954, -0.02362204724409243742 ) ) ;
#976 = VERTEX_POINT ( 'NONE', #606 ) ;
#977 = EDGE_LOOP ( 'NONE', ( #106, #1500, #1674, #40 ) ) ;
#978 = ADVANCED_FACE ( 'NONE', ( #1131 ), #2375, .T. ) ;
#979 = CARTESIAN_POINT ( 'NONE',  ( -0.2303898681478004085, -0.1021819735679592445, 0.08031784608520531332 ) ) ;
#980 = CARTESIAN_POINT ( 'NONE',  ( -0.3149606299212598381, 0.07874015748031495954, 0.02362204724409653483 ) ) ;
#981 = ADVANCED_FACE ( 'NONE', ( #895 ), #3191, .F. ) ;
#982 = CARTESIAN_POINT ( 'NONE',  ( -0.3149606299212598381, 0.07874015748031495954, 0.02362204724409653483 ) ) ;
#983 = DIRECTION ( 'NONE',  ( 0.000000000000000000, 0.000000000000000000, 1.000000000000000000 ) ) ;
#984 = EDGE_LOOP ( 'NONE', ( #815, #782, #753, #737 ) ) ;
#985 = CARTESIAN_POINT ( 'NONE',  ( -0.2500000000000000000, 0.000000000000000000, 0.000000000000000000 ) ) ;
#986 = AXIS2_PLACEMENT_3D ( 'NONE', #968, #3034, #454 ) ;
#987 = ORIENTED_EDGE ( 'NONE', *, *, #489, .T. ) ;
#988 = LINE ( 'NONE', #715, #2305 ) ;
#989 = EDGE_CURVE ( 'NONE', #142, #1270, #1396, .T. ) ;
#990 = CARTESIAN_POINT ( 'NONE',  ( 0.3149606299212598381, 0.07874015748031495954, -0.02362204724409243742 ) ) ;
#991 = LINE ( 'NONE', #2546, #1120 ) ;
#992 = ORIENTED_EDGE ( 'NONE', *, *, #2529, .F. ) ;
#993 = EDGE_LOOP ( 'NONE', ( #1853, #772, #899, #2644 ) ) ;
#994 = DIRECTION ( 'NONE',  ( 0.000000000000000000, -1.000000000000000000, 0.000000000000000000 ) ) ;
#995 = VECTOR ( 'NONE', #865, 39.37007874015748143 ) ;
#996 = CARTESIAN_POINT ( 'NONE',  ( 0.2229912938306795323, -0.03499999999999894168, -0.1220472440944881942 ) ) ;
#997 = CARTESIAN_POINT ( 'NONE',  ( -0.3149606299212598381, 0.07874015748031495954, -0.02362204724409243742 ) ) ;
#998 = ORIENTED_EDGE ( 'NONE', *, *, #1444, .T. ) ;
#999 = DIRECTION ( 'NONE',  ( 1.000000000000000000, 0.000000000000000000, 0.000000000000000000 ) ) ;
#1000 = CARTESIAN_POINT ( 'NONE',  ( 0.000000000000000000, 0.000000000000000000, 0.000000000000000000 ) ) ;
#1001 = DIRECTION ( 'NONE',  ( 0.000000000000000000, -1.000000000000000000, 0.000000000000000000 ) ) ;
#1002 = DIRECTION ( 'NONE',  ( 0.000000000000000000, 0.000000000000000000, 1.000000000000000000 ) ) ;
#1003 = ORIENTED_EDGE ( 'NONE', *, *, #2537, .T. ) ;
#1004 = PRODUCT_DEFINITION_FORMATION_WITH_SPECIFIED_SOURCE ( 'ANY', '', #2103, .NOT_KNOWN. ) ;
#1005 = VERTEX_POINT ( 'NONE', #2186 ) ;
#1006 = LINE ( 'NONE', #497, #3291 ) ;
#1007 = AXIS2_PLACEMENT_3D ( 'NONE', #1344, #107, #2939 ) ;
#1008 = EDGE_CURVE ( 'NONE', #2897, #2870, #3214, .T. ) ;
#1009 = AXIS2_PLACEMENT_3D ( 'NONE', #2523, #2060, #181 ) ;
#1010 = VECTOR ( 'NONE', #2114, 39.37007874015748143 ) ;
#1011 = PLANE ( 'NONE',  #1009 ) ;
#1012 = CIRCLE ( 'NONE', #2902, 0.1250000000000000000 ) ;
#1013 = ADVANCED_FACE ( 'NONE', ( #3281 ), #2951, .T. ) ;
#1014 = ORIENTED_EDGE ( 'NONE', *, *, #1008, .F. ) ;
#1015 = VECTOR ( 'NONE', #466, 39.37007874015748143 ) ;
#1016 = CARTESIAN_POINT ( 'NONE',  ( -0.2668747520116810934, -0.09266281582567144348, 0.08101768702787533194 ) ) ;
#1017 = CIRCLE ( 'NONE', #1991, 0.1250000000000000000 ) ;
#1018 = SHAPE_DEFINITION_REPRESENTATION ( #1316, #3288 ) ;
#1019 = CARTESIAN_POINT ( 'NONE',  ( -0.2657480314960630197, -0.2141338582677165536, 0.08116349656727699091 ) ) ;
#1020 = DIRECTION ( 'NONE',  ( 1.000000000000000000, 0.000000000000000000, 0.000000000000000000 ) ) ;
#1021 = VERTEX_POINT ( 'NONE', #979 ) ;
#1022 = EDGE_LOOP ( 'NONE', ( #1567, #946, #733, #1322, #1580, #611, #435, #1705 ) ) ;
#1023 = CARTESIAN_POINT ( 'NONE',  ( -0.2342519685039370636, -0.2272927959954087473, 0.08592046709893801093 ) ) ;
#1024 = CARTESIAN_POINT ( 'NONE',  ( 0.2783713219522232496, -0.2023228346456693028, 0.07765682044553778862 ) ) ;
#1025 = ORIENTED_EDGE ( 'NONE', *, *, #1192, .T. ) ;
#1026 = CARTESIAN_POINT ( 'NONE',  ( -0.1181102362204740214, 0.000000000000000000, -0.1220866141732283444 ) ) ;
#1027 = EDGE_LOOP ( 'NONE', ( #2037, #2608, #1305, #2800 ) ) ;
#1028 = DIRECTION ( 'NONE',  ( 0.000000000000000000, -1.000000000000000000, 0.000000000000000000 ) ) ;
#1029 = VERTEX_POINT ( 'NONE', #1220 ) ;
#1030 = PRODUCT_DEFINITION_CONTEXT ( 'detailed design', #2927, 'design' ) ;
#1031 = LINE ( 'NONE', #3099, #2832 ) ;
#1032 = CONTEXT_DEPENDENT_SHAPE_REPRESENTATION ( #1532, #1773 ) ;
#1033 = DIRECTION ( 'NONE',  ( 0.000000000000000000, 0.000000000000000000, 1.000000000000000000 ) ) ;
#1034 = DIRECTION ( 'NONE',  ( 0.000000000000000000, 1.000000000000000000, 0.000000000000000000 ) ) ;
#1035 = ORIENTED_EDGE ( 'NONE', *, *, #2401, .T. ) ;
#1036 = VERTEX_POINT ( 'NONE', #2266 ) ;
#1037 = VERTEX_POINT ( 'NONE', #2008 ) ;
#1038 = CARTESIAN_POINT ( 'NONE',  ( 0.2755905511811023723, 0.07874015748031495954, -0.02362204724409448786 ) ) ;
#1039 = ORIENTED_EDGE ( 'NONE', *, *, #2654, .T. ) ;
#1040 = EDGE_CURVE ( 'NONE', #2676, #1800, #1989, .T. ) ;
#1041 = CARTESIAN_POINT ( 'NONE',  ( 0.2657480314960630197, -0.2212898718811492083, 0.08790198958494410686 ) ) ;
#1042 = VECTOR ( 'NONE', #540, 39.37007874015748143 ) ;
#1043 = ADVANCED_FACE ( 'NONE', ( #3029 ), #3044, .T. ) ;
#1044 = ORIENTED_EDGE ( 'NONE', *, *, #3205, .F. ) ;
#1045 = EDGE_CURVE ( 'NONE', #1427, #1421, #450, .T. ) ;
#1046 = DIRECTION ( 'NONE',  ( 1.000000000000000000, 0.000000000000000000, 0.000000000000000000 ) ) ;
#1047 = EDGE_LOOP ( 'NONE', ( #1234, #1312, #2345, #1611, #1235 ) ) ;
#1048 = CARTESIAN_POINT ( 'NONE',  ( 0.2614992701738469982, -0.08773668023883839096, 0.08189376286009637795 ) ) ;
#1049 = CARTESIAN_POINT ( 'NONE',  ( 0.3535514964043486863, 0.4736305952635314065, 0.5152192519564461337 ) ) ;
#1050 = ADVANCED_FACE ( 'NONE', ( #1726 ), #3266, .T. ) ;
#1051 = EDGE_CURVE ( 'NONE', #2676, #1694, #2250, .T. ) ;
#1052 = LINE ( 'NONE', #830, #1042 ) ;
#1053 = ORIENTED_EDGE ( 'NONE', *, *, #1230, .F. ) ;
#1054 = EDGE_CURVE ( 'NONE', #1941, #1479, #866, .T. ) ;
#1055 = AXIS2_PLACEMENT_3D ( 'NONE', #1469, #1387, #1621 ) ;
#1056 = ORIENTED_EDGE ( 'NONE', *, *, #2959, .T. ) ;
#1057 = DIRECTION ( 'NONE',  ( 1.000000000000000000, 0.000000000000000000, 0.000000000000000000 ) ) ;
#1058 = MECHANICAL_DESIGN_GEOMETRIC_PRESENTATION_REPRESENTATION (  '', ( #3060 ), #1488 ) ;
#1059 = FACE_OUTER_BOUND ( 'NONE', #2578, .T. ) ;
#1060 = VERTEX_POINT ( 'NONE', #178 ) ;
#1061 = CARTESIAN_POINT ( 'NONE',  ( 0.1250000000000000000, -0.03499999999999894168, -1.093710642612252007E-15 ) ) ;
#1062 = VECTOR ( 'NONE', #2576, 39.37007874015748143 ) ;
#1063 = ORIENTED_EDGE ( 'NONE', *, *, #236, .T. ) ;
#1064 = CARTESIAN_POINT ( 'NONE',  ( 0.2500000000000000000, 1.092739197465704696E-15, -1.092739197465704696E-15 ) ) ;
#1065 = EDGE_LOOP ( 'NONE', ( #2163, #2890, #3227, #2085 ) ) ;
#1066 = CARTESIAN_POINT ( 'NONE',  ( 0.1181102362204724532, 0.03937007874015747977, -0.1220866141732283444 ) ) ;
#1067 = DIRECTION ( 'NONE',  ( 0.000000000000000000, 0.000000000000000000, 1.000000000000000000 ) ) ;
#1068 = CIRCLE ( 'NONE', #1391, 0.08267716535433068670 ) ;
#1069 = CARTESIAN_POINT ( 'NONE',  ( 0.3326771653543306728, -0.2141338582677165536, -1.092739197465704696E-15 ) ) ;
#1070 = ORIENTED_EDGE ( 'NONE', *, *, #1893, .T. ) ;
#1071 = ORIENTED_EDGE ( 'NONE', *, *, #334, .T. ) ;
#1072 = LINE ( 'NONE', #1767, #795 ) ;
#1073 = FACE_OUTER_BOUND ( 'NONE', #1765, .T. ) ;
#1074 = ORIENTED_EDGE ( 'NONE', *, *, #822, .T. ) ;
#1075 = ADVANCED_FACE ( 'NONE', ( #1236 ), #3260, .T. ) ;
#1076 = VECTOR ( 'NONE', #193, 39.37007874015748143 ) ;
#1077 = DIRECTION ( 'NONE',  ( 0.000000000000000000, 1.000000000000000000, 0.000000000000000000 ) ) ;
#1078 = EDGE_CURVE ( 'NONE', #1771, #79, #1423, .T. ) ;
#1079 = AXIS2_PLACEMENT_3D ( 'NONE', #321, #1347, #2381 ) ;
#1080 = VERTEX_POINT ( 'NONE', #380 ) ;
#1081 = DIRECTION ( 'NONE',  ( 1.000000000000000000, 0.000000000000000000, 0.000000000000000000 ) ) ;
#1082 = ORIENTED_EDGE ( 'NONE', *, *, #1653, .T. ) ;
#1083 = DIRECTION ( 'NONE',  ( -0.000000000000000000, 1.000000000000000000, 0.000000000000000000 ) ) ;
#1084 = CARTESIAN_POINT ( 'NONE',  ( 0.000000000000000000, 0.000000000000000000, 0.000000000000000000 ) ) ;
#1085 = EDGE_CURVE ( 'NONE', #1384, #2121, #2905, .T. ) ;
#1086 = EDGE_CURVE ( 'NONE', #1800, #261, #1920, .T. ) ;
#1087 = APPLICATION_CONTEXT ( 'automotive_design' ) ;
#1088 = CARTESIAN_POINT ( 'NONE',  ( 0.2303898681478004085, -0.1021819735679588559, -0.08031784608520591007 ) ) ;
#1089 = VERTEX_POINT ( 'NONE', #134 ) ;
#1090 = ADVANCED_FACE ( 'NONE', ( #1442 ), #2790, .T. ) ;
#1091 = VERTEX_POINT ( 'NONE', #903 ) ;
#1092 = CARTESIAN_POINT ( 'NONE',  ( 0.2342519685039370358, -0.2141338582677165536, -0.08116349656727776807 ) ) ;
#1093 = LINE ( 'NONE', #2109, #1670 ) ;
#1094 = ORIENTED_EDGE ( 'NONE', *, *, #1356, .F. ) ;
#1095 = CARTESIAN_POINT ( 'NONE',  ( -0.2755905511811023723, 0.03937007874015747977, -0.1220866141732283444 ) ) ;
#1096 = CARTESIAN_POINT ( 'NONE',  ( 0.2657480314960630752, -0.2416929133858268242, 0.06548939218098097370 ) ) ;
#1097 = DIRECTION ( 'NONE',  ( 0.000000000000000000, 0.000000000000000000, 1.000000000000000000 ) ) ;
#1098 = EDGE_LOOP ( 'NONE', ( #302, #2833, #3003, #2040 ) ) ;
#1099 = EDGE_CURVE ( 'NONE', #305, #1207, #900, .T. ) ;
#1100 = DIRECTION ( 'NONE',  ( -1.000000000000000000, 0.000000000000000000, 0.000000000000000000 ) ) ;
#1101 = VERTEX_POINT ( 'NONE', #2512 ) ;
#1102 = DIRECTION ( 'NONE',  ( 0.000000000000000000, 0.000000000000000000, -1.000000000000000000 ) ) ;
#1103 = CARTESIAN_POINT ( 'NONE',  ( 0.2342519685039370358, -0.2212898718811492083, 0.08790198958494410686 ) ) ;
#1104 = VECTOR ( 'NONE', #68, 39.37007874015748143 ) ;
#1105 = DIRECTION ( 'NONE',  ( 0.000000000000000000, 0.000000000000000000, 1.000000000000000000 ) ) ;
#1106 = ORIENTED_EDGE ( 'NONE', *, *, #2630, .T. ) ;
#1107 = LINE ( 'NONE', #331, #744 ) ;
#1108 = DIRECTION ( 'NONE',  ( -0.000000000000000000, 1.000000000000000000, 0.000000000000000000 ) ) ;
#1109 = ORIENTED_EDGE ( 'NONE', *, *, #879, .T. ) ;
#1110 = CARTESIAN_POINT ( 'NONE',  ( 0.3149606299212598381, 0.1181102362204724532, -0.02362204724409448786 ) ) ;
#1111 = AXIS2_PLACEMENT_3D ( 'NONE', #3115, #1823, #2372 ) ;
#1112 = CARTESIAN_POINT ( 'NONE',  ( 0.2500000000000000000, -0.2416929133858267964, -1.092739197465704696E-15 ) ) ;
#1113 = PLANE ( 'NONE',  #2730 ) ;
#1114 = EDGE_CURVE ( 'NONE', #2579, #121, #1677, .T. ) ;
#1115 = DIRECTION ( 'NONE',  ( 0.000000000000000000, 0.000000000000000000, 1.000000000000000000 ) ) ;
#1116 = AXIS2_PLACEMENT_3D ( 'NONE', #661, #1888, #2925 ) ;
#1117 = CARTESIAN_POINT ( 'NONE',  ( 0.2657480314960630197, -0.2352448217851914047, -0.07811905328565070528 ) ) ;
#1118 = EDGE_LOOP ( 'NONE', ( #3324, #90, #2154, #395 ) ) ;
#1119 = CARTESIAN_POINT ( 'NONE',  ( -0.2342519685039370358, -0.2023228346456693028, 0.08116349656727717132 ) ) ;
#1120 = VECTOR ( 'NONE', #764, 39.37007874015748143 ) ;
#1121 = CARTESIAN_POINT ( 'NONE',  ( 0.2500000000000000000, -0.03499999999999894168, -1.092739197465704696E-15 ) ) ;
#1122 = CARTESIAN_POINT ( 'NONE',  ( -0.2500000000000000000, 0.1181102362204724532, -0.04921259842519685318 ) ) ;
#1123 = CARTESIAN_POINT ( 'NONE',  ( 0.2229912938306795323, 1.092739197465704696E-15, -0.1220472440944881942 ) ) ;
#1124 = ORIENTED_EDGE ( 'NONE', *, *, #3354, .T. ) ;
#1125 = CIRCLE ( 'NONE', #2477, 0.08267716535433068670 ) ;
#1126 = CARTESIAN_POINT ( 'NONE',  ( -0.2657480314960630197, -0.2212898718811496246, 0.08790198958494567505 ) ) ;
#1127 = LINE ( 'NONE', #2617, #1826 ) ;
#1128 = VECTOR ( 'NONE', #3020, 39.37007874015748143 ) ;
#1129 = ORIENTED_EDGE ( 'NONE', *, *, #10, .F. ) ;
#1130 = DIRECTION ( 'NONE',  ( 0.000000000000000000, 1.000000000000000000, 0.000000000000000000 ) ) ;
#1131 = FACE_OUTER_BOUND ( 'NONE', #414, .T. ) ;
#1132 = DIRECTION ( 'NONE',  ( 0.000000000000000000, 1.000000000000000000, 5.551115123125779621E-17 ) ) ;
#1133 = VERTEX_POINT ( 'NONE', #1155 ) ;
#1134 = CIRCLE ( 'NONE', #3031, 0.08267716535433068670 ) ;
#1135 = CARTESIAN_POINT ( 'NONE',  ( 0.2500000000000000000, 0.1181102362204724532, -0.04921259842519685318 ) ) ;
#1136 = CARTESIAN_POINT ( 'NONE',  ( -0.2696101318522000634, -0.1021819735679592445, -0.08031784608520473046 ) ) ;
#1137 = ORIENTED_EDGE ( 'NONE', *, *, #348, .T. ) ;
#1138 = DIRECTION ( 'NONE',  ( 0.000000000000000000, -1.110223024625155924E-16, -1.000000000000000000 ) ) ;
#1139 = CARTESIAN_POINT ( 'NONE',  ( 0.2500000000000000000, 1.092739197465704696E-15, -1.092739197465704696E-15 ) ) ;
#1140 = CARTESIAN_POINT ( 'NONE',  ( -0.2500000000000000000, 0.000000000000000000, 0.000000000000000000 ) ) ;
#1141 = CARTESIAN_POINT ( 'NONE',  ( -0.2500000000000000000, -0.2023228346456693028, 2.731847993664263711E-16 ) ) ;
#1142 = ORIENTED_EDGE ( 'NONE', *, *, #311, .F. ) ;
#1143 = PLANE ( 'NONE',  #3236 ) ;
#1144 = AXIS2_PLACEMENT_3D ( 'NONE', #2869, #2349, #19 ) ;
#1145 = CARTESIAN_POINT ( 'NONE',  ( -0.3149606299212598381, 0.03937007874015747977, -0.02362204724409448786 ) ) ;
#1146 = ORIENTED_EDGE ( 'NONE', *, *, #2855, .T. ) ;
#1147 = CARTESIAN_POINT ( 'NONE',  ( -0.3149606299212598381, 0.07874015748031495954, -0.02362204724409243742 ) ) ;
#1148 = DIRECTION ( 'NONE',  ( -1.000000000000000000, 0.000000000000000000, 0.000000000000000000 ) ) ;
#1149 = DIRECTION ( 'NONE',  ( -1.000000000000000000, 0.000000000000000000, 0.000000000000000000 ) ) ;
#1150 = CARTESIAN_POINT ( 'NONE',  ( 0.2500000000000000000, 0.03937007874015747977, -1.092739197465704696E-15 ) ) ;
#1151 = VERTEX_POINT ( 'NONE', #955 ) ;
#1152 = CARTESIAN_POINT ( 'NONE',  ( -0.3149606299212598381, 0.07874015748031495954, -0.02362204724409243742 ) ) ;
#1153 = ADVANCED_FACE ( 'NONE', ( #1196 ), #923, .T. ) ;
#1154 = EDGE_CURVE ( 'NONE', #2368, #2870, #781, .T. ) ;
#1155 = CARTESIAN_POINT ( 'NONE',  ( 0.2755905511811023723, 0.000000000000000000, -0.02362204724409243742 ) ) ;
#1156 = VECTOR ( 'NONE', #3215, 39.37007874015748143 ) ;
#1157 = CARTESIAN_POINT ( 'NONE',  ( -0.2500000000000000000, -0.03500000000000000333, 2.731847993664263711E-16 ) ) ;
#1158 = EDGE_CURVE ( 'NONE', #953, #779, #1966, .T. ) ;
#1159 = CARTESIAN_POINT ( 'NONE',  ( 0.2342519685039370358, -0.2174437897093551286, -0.08917127285752991794 ) ) ;
#1160 = EDGE_LOOP ( 'NONE', ( #3048, #2928, #402, #1183 ) ) ;
#1161 = CARTESIAN_POINT ( 'NONE',  ( -0.07874015748031495954, 0.03937007874015747977, 0.02362204724409448786 ) ) ;
#1162 = PLANE ( 'NONE',  #364 ) ;
#1163 = ORIENTED_EDGE ( 'NONE', *, *, #2715, .F. ) ;
#1164 = DIRECTION ( 'NONE',  ( 0.000000000000000000, 1.000000000000000000, 5.551115123125779621E-17 ) ) ;
#1165 = PRESENTATION_LAYER_ASSIGNMENT (  '', '', ( #3060 ) ) ;
#1166 = CARTESIAN_POINT ( 'NONE',  ( 0.2342519685039370358, -0.2174437897093551286, -0.08917127285752991794 ) ) ;
#1167 = DIRECTION ( 'NONE',  ( -1.000000000000000000, 0.000000000000000000, 0.000000000000000000 ) ) ;
#1168 = ORIENTED_EDGE ( 'NONE', *, *, #2995, .F. ) ;
#1169 = FACE_BOUND ( 'NONE', #2856, .T. ) ;
#1170 = ORIENTED_EDGE ( 'NONE', *, *, #14, .F. ) ;
#1171 = AXIS2_PLACEMENT_3D ( 'NONE', #1407, #2476, #158 ) ;
#1172 = PLANE ( 'NONE',  #2909 ) ;
#1173 =( GEOMETRIC_REPRESENTATION_CONTEXT ( 3 ) GLOBAL_UNCERTAINTY_ASSIGNED_CONTEXT ( ( #2697 ) ) GLOBAL_UNIT_ASSIGNED_CONTEXT ( ( #2097, #1839, #2082 ) ) REPRESENTATION_CONTEXT ( 'NONE', 'WORKASPACE' ) );
#1174 = DIRECTION ( 'NONE',  ( -8.673617379884029556E-16, -1.000000000000000000, 0.000000000000000000 ) ) ;
#1175 = VECTOR ( 'NONE', #863, 39.37007874015748143 ) ;
#1176 = LINE ( 'NONE', #1122, #1804 ) ;
#1177 = CYLINDRICAL_SURFACE ( 'NONE', #722, 0.08267716535433068670 ) ;
#1178 = CIRCLE ( 'NONE', #1983, 0.1220472440944881942 ) ;
#1179 = ORIENTED_EDGE ( 'NONE', *, *, #133, .F. ) ;
#1180 = AXIS2_PLACEMENT_3D ( 'NONE', #2256, #1028, #999 ) ;
#1181 = DIRECTION ( 'NONE',  ( 0.000000000000000000, -1.000000000000000000, 0.000000000000000000 ) ) ;
#1182 = CARTESIAN_POINT ( 'NONE',  ( -0.2342519685039370358, -0.2212898718811496246, 0.08790198958494567505 ) ) ;
#1183 = ORIENTED_EDGE ( 'NONE', *, *, #1201, .F. ) ;
#1184 = CIRCLE ( 'NONE', #2424, 0.08267716535433068670 ) ;
#1185 = ORIENTED_EDGE ( 'NONE', *, *, #2006, .T. ) ;
#1186 = DIRECTION ( 'NONE',  ( -1.000000000000000000, 0.000000000000000000, 0.000000000000000000 ) ) ;
#1187 = CARTESIAN_POINT ( 'NONE',  ( -0.2342519685039370358, -0.2141338582677165536, 0.08116349656727717132 ) ) ;
#1188 = AXIS2_PLACEMENT_3D ( 'NONE', #3322, #730, #1001 ) ;
#1189 = ADVANCED_FACE ( 'NONE', ( #1734 ), #666, .T. ) ;
#1190 = CARTESIAN_POINT ( 'NONE',  ( 0.2342519685039370358, -0.2212898718811492083, -0.08790198958494628567 ) ) ;
#1191 = DIRECTION ( 'NONE',  ( 0.000000000000000000, 1.000000000000000000, 5.551115123125779621E-17 ) ) ;
#1192 = EDGE_CURVE ( 'NONE', #2865, #2020, #679, .T. ) ;
#1193 =( LENGTH_UNIT ( ) NAMED_UNIT ( * ) SI_UNIT ( $, .METRE. ) );
#1194 = EDGE_LOOP ( 'NONE', ( #2384, #2421, #189, #404 ) ) ;
#1195 = DIRECTION ( 'NONE',  ( 0.000000000000000000, 5.551115123125779621E-17, -1.000000000000000000 ) ) ;
#1196 = FACE_OUTER_BOUND ( 'NONE', #470, .T. ) ;
#1197 = VECTOR ( 'NONE', #2023, 39.37007874015748143 ) ;
#1198 = VECTOR ( 'NONE', #1378, 39.37007874015748143 ) ;
#1199 = CARTESIAN_POINT ( 'NONE',  ( -0.2500000000000000000, 0.1181102362204724532, 0.04921259842519685318 ) ) ;
#1200 = ORIENTED_EDGE ( 'NONE', *, *, #918, .T. ) ;
#1201 = EDGE_CURVE ( 'NONE', #1831, #2368, #608, .T. ) ;
#1202 = EDGE_CURVE ( 'NONE', #2992, #1359, #726, .T. ) ;
#1203 =( CONVERSION_BASED_UNIT ( 'INCH', #2242 ) LENGTH_UNIT ( ) NAMED_UNIT ( #98 ) );
#1204 = CARTESIAN_POINT ( 'NONE',  ( -0.2342519685039370358, -0.2200078722770909545, -0.08832516852143386388 ) ) ;
#1205 = VERTEX_POINT ( 'NONE', #431 ) ;
#1206 = EDGE_CURVE ( 'NONE', #2778, #1334, #2185, .T. ) ;
#1207 = VERTEX_POINT ( 'NONE', #1103 ) ;
#1208 = DIRECTION ( 'NONE',  ( 0.000000000000000000, -1.000000000000000000, 0.000000000000000000 ) ) ;
#1209 = CARTESIAN_POINT ( 'NONE',  ( 0.1181102362204708711, 0.03937007874015747977, 0.02362204724409653483 ) ) ;
#1210 = DIRECTION ( 'NONE',  ( -1.000000000000000000, 0.000000000000000000, 1.707404996040164820E-17 ) ) ;
#1211 = EDGE_LOOP ( 'NONE', ( #1025, #987, #525, #2979 ) ) ;
#1212 = CARTESIAN_POINT ( 'NONE',  ( 0.2500000000000000000, 0.1011648248220486240, 0.000000000000000000 ) ) ;
#1213 = EDGE_CURVE ( 'NONE', #1738, #313, #25, .T. ) ;
#1214 = DIRECTION ( 'NONE',  ( 0.000000000000000000, 0.000000000000000000, -1.000000000000000000 ) ) ;
#1215 = EDGE_LOOP ( 'NONE', ( #2957, #3137, #1964, #1415 ) ) ;
#1216 = PRESENTATION_STYLE_ASSIGNMENT (( #3009 ) ) ;
#1217 = DIRECTION ( 'NONE',  ( 0.000000000000000000, 1.000000000000000000, 6.994852725712929009E-17 ) ) ;
#1218 = ORIENTED_EDGE ( 'NONE', *, *, #1301, .F. ) ;
#1219 = ORIENTED_EDGE ( 'NONE', *, *, #2067, .F. ) ;
#1220 = CARTESIAN_POINT ( 'NONE',  ( 0.2500000000000000000, 0.1181102362204724532, -0.07455646169231140707 ) ) ;
#1221 = CARTESIAN_POINT ( 'NONE',  ( 0.2500000000000000000, -0.2212898718811492083, -1.092739197465704696E-15 ) ) ;
#1222 = CARTESIAN_POINT ( 'NONE',  ( 0.2657480314960630197, -0.2212898718811492083, 0.08790198958494410686 ) ) ;
#1223 = CARTESIAN_POINT ( 'NONE',  ( 0.1181102362204724532, 0.07874015748031495954, -0.02362204724409448786 ) ) ;
#1224 = VERTEX_POINT ( 'NONE', #2860 ) ;
#1225 = CARTESIAN_POINT ( 'NONE',  ( -0.2755905511811023723, 0.000000000000000000, 0.02362204724409653483 ) ) ;
#1226 = DIRECTION ( 'NONE',  ( 0.000000000000000000, 0.000000000000000000, 1.000000000000000000 ) ) ;
#1227 = CIRCLE ( 'NONE', #2137, 0.06121913580175593339 ) ;
#1228 = STYLED_ITEM ( 'NONE', ( #3038 ), #910 ) ;
#1229 = EDGE_CURVE ( 'NONE', #2055, #3106, #810, .T. ) ;
#1230 = EDGE_CURVE ( 'NONE', #177, #779, #43, .T. ) ;
#1231 = CARTESIAN_POINT ( 'NONE',  ( 0.2657480314960630197, -0.2416929133858267964, -1.092739197465704696E-15 ) ) ;
#1232 = TOROIDAL_SURFACE ( 'NONE', #146, 0.07455646169231140707, 0.01968503937007873988 ) ;
#1233 = CARTESIAN_POINT ( 'NONE',  ( 0.2303898681478004085, -0.1021819735679588559, -0.08031784608520591007 ) ) ;
#1234 = ORIENTED_EDGE ( 'NONE', *, *, #1229, .F. ) ;
#1235 = ORIENTED_EDGE ( 'NONE', *, *, #3085, .F. ) ;
#1236 = FACE_OUTER_BOUND ( 'NONE', #984, .T. ) ;
#1237 = DIRECTION ( 'NONE',  ( -1.000000000000000000, 0.000000000000000000, 0.000000000000000000 ) ) ;
#1238 = DIRECTION ( 'NONE',  ( 0.000000000000000000, -1.000000000000000000, -5.551115123125779621E-17 ) ) ;
#1239 = CARTESIAN_POINT ( 'NONE',  ( 0.2500000000000000000, 0.1181102362204724532, 0.000000000000000000 ) ) ;
#1240 = AXIS2_PLACEMENT_3D ( 'NONE', #2744, #1794, #767 ) ;
#1241 = EDGE_LOOP ( 'NONE', ( #1900, #2989, #2446, #2456 ) ) ;
#1242 = FACE_OUTER_BOUND ( 'NONE', #2880, .T. ) ;
#1243 = CARTESIAN_POINT ( 'NONE',  ( 0.2342519685039370081, -0.2242044433538588899, 0.08680779182831416252 ) ) ;
#1244 = CARTESIAN_POINT ( 'NONE',  ( -0.2500000000000000000, -0.2416929133858267964, 2.731847993664263711E-16 ) ) ;
#1245 = DIRECTION ( 'NONE',  ( 0.000000000000000000, 0.000000000000000000, 1.000000000000000000 ) ) ;
#1246 = ORIENTED_EDGE ( 'NONE', *, *, #1499, .F. ) ;
#1247 = ORIENTED_EDGE ( 'NONE', *, *, #269, .T. ) ;
#1248 = LINE ( 'NONE', #192, #945 ) ;
#1249 = DIRECTION ( 'NONE',  ( 0.000000000000000000, -1.000000000000000000, -5.551115123125779621E-17 ) ) ;
#1250 = CARTESIAN_POINT ( 'NONE',  ( 0.2500000000000000000, 1.092739197465704696E-15, -1.092739197465704696E-15 ) ) ;
#1251 = ORIENTED_EDGE ( 'NONE', *, *, #3134, .T. ) ;
#1252 = AXIS2_PLACEMENT_3D ( 'NONE', #2127, #2887, #1077 ) ;
#1253 = VERTEX_POINT ( 'NONE', #1300 ) ;
#1254 = CARTESIAN_POINT ( 'NONE',  ( 0.1887808641982441082, -0.2416929133858267964, -1.093812008100631941E-15 ) ) ;
#1255 =( LENGTH_UNIT ( ) NAMED_UNIT ( * ) SI_UNIT ( $, .METRE. ) );
#1256 = EDGE_CURVE ( 'NONE', #3278, #495, #290, .T. ) ;
#1257 = CYLINDRICAL_SURFACE ( 'NONE', #1188, 0.01968503937007873988 ) ;
#1258 = DIRECTION ( 'NONE',  ( 0.000000000000000000, -1.000000000000000000, 0.000000000000000000 ) ) ;
#1259 = VERTEX_POINT ( 'NONE', #1855 ) ;
#1260 = ORIENTED_EDGE ( 'NONE', *, *, #879, .F. ) ;
#1261 = EDGE_CURVE ( 'NONE', #1858, #1908, #2096, .T. ) ;
#1262 = CARTESIAN_POINT ( 'NONE',  ( 0.2500000000000000000, -0.2434823810225118235, -1.092739197465704696E-15 ) ) ;
#1263 = VECTOR ( 'NONE', #3150, 39.37007874015748143 ) ;
#1264 = CARTESIAN_POINT ( 'NONE',  ( 0.2500000000000000000, 0.000000000000000000, 0.1082677165354330728 ) ) ;
#1265 = FACE_OUTER_BOUND ( 'NONE', #993, .T. ) ;
#1266 = ORIENTED_EDGE ( 'NONE', *, *, #1935, .T. ) ;
#1267 = LINE ( 'NONE', #1527, #853 ) ;
#1268 = DIRECTION ( 'NONE',  ( 0.000000000000000000, 0.000000000000000000, 1.000000000000000000 ) ) ;
#1269 = FACE_OUTER_BOUND ( 'NONE', #2864, .T. ) ;
#1270 = VERTEX_POINT ( 'NONE', #2387 ) ;
#1271 = AXIS2_PLACEMENT_3D ( 'NONE', #1952, #76, #412 ) ;
#1272 = ORIENTED_EDGE ( 'NONE', *, *, #1261, .F. ) ;
#1273 = CARTESIAN_POINT ( 'NONE',  ( -0.2657480314960630197, -0.2212898718811496246, -0.08790198958494528647 ) ) ;
#1274 = VECTOR ( 'NONE', #1847, 39.37007874015748143 ) ;
#1275 = CARTESIAN_POINT ( 'NONE',  ( 0.2229912938306898018, 1.092739197465704696E-15, 0.1220472440944881942 ) ) ;
#1276 = CIRCLE ( 'NONE', #2899, 0.06121913580175593339 ) ;
#1277 = DIRECTION ( 'NONE',  ( 0.9961946980917461003, 0.08715574274765179597, 0.000000000000000000 ) ) ;
#1278 = AXIS2_PLACEMENT_3D ( 'NONE', #288, #1313, #2094 ) ;
#1279 = EDGE_CURVE ( 'NONE', #1337, #130, #572, .T. ) ;
#1280 = ORIENTED_EDGE ( 'NONE', *, *, #2647, .F. ) ;
#1281 = VECTOR ( 'NONE', #1735, 39.37007874015748143 ) ;
#1282 = CARTESIAN_POINT ( 'NONE',  ( -0.2475825785061600837, -0.08421145164936161276, 0.08267735214552068834 ) ) ;
#1283 = ORIENTED_EDGE ( 'NONE', *, *, #3205, .T. ) ;
#1284 = VECTOR ( 'NONE', #1102, 39.37007874015748143 ) ;
#1285 = CARTESIAN_POINT ( 'NONE',  ( 0.2303898681478004085, -0.1021819735679588559, 0.1250000000000000000 ) ) ;
#1286 = FACE_OUTER_BOUND ( 'NONE', #1700, .T. ) ;
#1287 = DIRECTION ( 'NONE',  ( 0.000000000000000000, -5.551115123125989778E-17, 1.000000000000000000 ) ) ;
#1288 = ORIENTED_EDGE ( 'NONE', *, *, #3259, .T. ) ;
#1289 = EDGE_CURVE ( 'NONE', #3248, #1151, #1227, .T. ) ;
#1290 = ORIENTED_EDGE ( 'NONE', *, *, #2382, .F. ) ;
#1291 = DIRECTION ( 'NONE',  ( 4.856596432007839188E-18, 0.000000000000000000, 1.000000000000000000 ) ) ;
#1292 = EDGE_CURVE ( 'NONE', #3265, #1364, #956, .T. ) ;
#1293 = DIRECTION ( 'NONE',  ( 1.000000000000000000, 0.000000000000000000, 0.000000000000000000 ) ) ;
#1294 = VERTEX_POINT ( 'NONE', #2339 ) ;
#1295 = DIRECTION ( 'NONE',  ( 0.000000000000000000, 1.000000000000000000, 0.000000000000000000 ) ) ;
#1296 = ADVANCED_FACE ( 'NONE', ( #2064 ), #7, .F. ) ;
#1297 = VERTEX_POINT ( 'NONE', #1353 ) ;
#1298 = CARTESIAN_POINT ( 'NONE',  ( 0.2500000000000000000, 0.1181102362204724532, 0.000000000000000000 ) ) ;
#1299 = VERTEX_POINT ( 'NONE', #2891 ) ;
#1300 = CARTESIAN_POINT ( 'NONE',  ( 0.3405511811023622104, -0.2174437897093551286, -1.092739197465704696E-15 ) ) ;
#1301 = EDGE_CURVE ( 'NONE', #2171, #31, #285, .T. ) ;
#1302 = CARTESIAN_POINT ( 'NONE',  ( 0.2342519685039370358, -0.2416929133858267964, -0.05915895614624232940 ) ) ;
#1303 = LINE ( 'NONE', #77, #3068 ) ;
#1304 = ORIENTED_EDGE ( 'NONE', *, *, #2130, .T. ) ;
#1305 = ORIENTED_EDGE ( 'NONE', *, *, #1292, .T. ) ;
#1306 = ORIENTED_EDGE ( 'NONE', *, *, #1880, .T. ) ;
#1307 = LINE ( 'NONE', #2564, #2583 ) ;
#1308 = CARTESIAN_POINT ( 'NONE',  ( -0.1673228346456692994, -0.2141338582677165536, 2.731847993664263711E-16 ) ) ;
#1309 = ORIENTED_EDGE ( 'NONE', *, *, #2255, .T. ) ;
#1310 = PLANE ( 'NONE',  #1144 ) ;
#1311 = AXIS2_PLACEMENT_3D ( 'NONE', #1221, #1434, #2728 ) ;
#1312 = ORIENTED_EDGE ( 'NONE', *, *, #822, .F. ) ;
#1313 = DIRECTION ( 'NONE',  ( 0.000000000000000000, 1.000000000000000000, 0.000000000000000000 ) ) ;
#1314 = VERTEX_POINT ( 'NONE', #1315 ) ;
#1315 = CARTESIAN_POINT ( 'NONE',  ( -0.2696101318522000634, -0.1021819735679592445, -0.08031784608520473046 ) ) ;
#1316 = PRODUCT_DEFINITION_SHAPE ( 'NONE', 'NONE',  #1345 ) ;
#1317 = PRODUCT_CONTEXT ( 'NONE', #1646, 'mechanical' ) ;
#1318 = EDGE_CURVE ( 'NONE', #2171, #2113, #3353, .T. ) ;
#1319 = FACE_OUTER_BOUND ( 'NONE', #1065, .T. ) ;
#1320 = ORIENTED_EDGE ( 'NONE', *, *, #1202, .T. ) ;
#1321 = EDGE_CURVE ( 'NONE', #1814, #1953, #1031, .T. ) ;
#1322 = ORIENTED_EDGE ( 'NONE', *, *, #2255, .F. ) ;
#1323 = FACE_OUTER_BOUND ( 'NONE', #1573, .T. ) ;
#1324 = CONICAL_SURFACE ( 'NONE', #3279, 0.09055118110236221041, 0.3141592653589756479 ) ;
#1325 = FACE_OUTER_BOUND ( 'NONE', #2334, .T. ) ;
#1326 = EDGE_LOOP ( 'NONE', ( #2453, #341, #315, #3156 ) ) ;
#1327 = B_SPLINE_CURVE_WITH_KNOTS ( 'NONE', 3,
 ( #1795, #1, #739, #768 ),
 .UNSPECIFIED., .F., .F.,
 ( 4, 4 ),
 ( 0.003029541235337095042, 0.003249628748158705192 ),
 .UNSPECIFIED. ) ;
#1328 = DIRECTION ( 'NONE',  ( 0.000000000000000000, -1.000000000000000000, 0.000000000000000000 ) ) ;
#1329 = VECTOR ( 'NONE', #1970, 39.37007874015748143 ) ;
#1330 = EDGE_CURVE ( 'NONE', #2844, #3145, #1801, .T. ) ;
#1331 = EDGE_CURVE ( 'NONE', #2570, #2265, #1647, .T. ) ;
#1332 = EDGE_LOOP ( 'NONE', ( #609, #2092, #914, #47, #2218, #165, #1280, #3109, #2048, #2473, #963, #61, #846, #3216, #786, #2086 ) ) ;
#1333 = CARTESIAN_POINT ( 'NONE',  ( 0.3149606299212598381, 0.1181102362204724532, -0.02362204724409448786 ) ) ;
#1334 = VERTEX_POINT ( 'NONE', #2354 ) ;
#1335 = DIRECTION ( 'NONE',  ( 0.000000000000000000, 1.000000000000000000, 0.000000000000000000 ) ) ;
#1336 = CARTESIAN_POINT ( 'NONE',  ( 0.2229912938306795323, 1.099514180489991908E-15, -0.1220472440944881942 ) ) ;
#1337 = VERTEX_POINT ( 'NONE', #2012 ) ;
#1338 = ORIENTED_EDGE ( 'NONE', *, *, #118, .T. ) ;
#1339 = ORIENTED_EDGE ( 'NONE', *, *, #1040, .F. ) ;
#1340 = DIRECTION ( 'NONE',  ( 0.000000000000000000, 1.000000000000000000, 0.000000000000000000 ) ) ;
#1341 = CARTESIAN_POINT ( 'NONE',  ( -0.1181102362204724532, 0.03937007874015747977, -0.1220866141732283444 ) ) ;
#1342 = ORIENTED_EDGE ( 'NONE', *, *, #271, .T. ) ;
#1343 = ADVANCED_FACE ( 'NONE', ( #3183 ), #2405, .T. ) ;
#1344 = CARTESIAN_POINT ( 'NONE',  ( -0.2500000000000000000, -0.2023228346456693028, 2.731847993664263711E-16 ) ) ;
#1345 = PRODUCT_DEFINITION ( 'UNKNOWN', '', #1589, #1030 ) ;
#1346 = CIRCLE ( 'NONE', #211, 0.08267716535433068670 ) ;
#1347 = DIRECTION ( 'NONE',  ( 0.000000000000000000, 1.000000000000000000, 0.000000000000000000 ) ) ;
#1348 = AXIS2_PLACEMENT_3D ( 'NONE', #86, #2940, #2672 ) ;
#1349 = CARTESIAN_POINT ( 'NONE',  ( 0.07874015748031339135, 0.000000000000000000, -0.1220866141732283444 ) ) ;
#1350 = ORIENTED_EDGE ( 'NONE', *, *, #687, .T. ) ;
#1351 = DIRECTION ( 'NONE',  ( 0.000000000000000000, 1.000000000000000000, 0.000000000000000000 ) ) ;
#1352 = ORIENTED_EDGE ( 'NONE', *, *, #2875, .T. ) ;
#1353 = CARTESIAN_POINT ( 'NONE',  ( 0.2342519685039370358, -0.2023228346456693028, 0.08116349656727560313 ) ) ;
#1354 = CARTESIAN_POINT ( 'NONE',  ( -0.2216286780477771667, -0.2023228346456693028, -0.07765682044553857966 ) ) ;
#1355 = EDGE_LOOP ( 'NONE', ( #2888, #1577, #312, #769 ) ) ;
#1356 = EDGE_CURVE ( 'NONE', #725, #1036, #2521, .T. ) ;
#1357 = FACE_OUTER_BOUND ( 'NONE', #593, .T. ) ;
#1358 = CARTESIAN_POINT ( 'NONE',  ( 0.2500000000000000000, 0.1181102362204724532, 0.07455646169231140707 ) ) ;
#1359 = VERTEX_POINT ( 'NONE', #1190 ) ;
#1360 = LINE ( 'NONE', #2396, #420 ) ;
#1361 = EDGE_CURVE ( 'NONE', #1738, #1624, #950, .T. ) ;
#1362 = CARTESIAN_POINT ( 'NONE',  ( 0.2342519685039370358, -0.2174437897093551286, 0.08917127285752775301 ) ) ;
#1363 = LINE ( 'NONE', #1349, #3318 ) ;
#1364 = VERTEX_POINT ( 'NONE', #2489 ) ;
#1365 = CARTESIAN_POINT ( 'NONE',  ( 0.2657480314960630752, -0.2412199717140927901, -0.06546948857632496621 ) ) ;
#1366 = ORIENTED_EDGE ( 'NONE', *, *, #275, .T. ) ;
#1367 = CARTESIAN_POINT ( 'NONE',  ( -0.2342519685039370358, -0.2212898718811496246, -0.08790198958494528647 ) ) ;
#1368 = DIRECTION ( 'NONE',  ( 0.000000000000000000, -1.000000000000000000, -5.551115123125779621E-17 ) ) ;
#1369 = VERTEX_POINT ( 'NONE', #1222 ) ;
#1370 = DIRECTION ( 'NONE',  ( 0.000000000000000000, -1.000000000000000000, 0.000000000000000000 ) ) ;
#1371 = CARTESIAN_POINT ( 'NONE',  ( -0.2755015882382190195, -0.1695216281996027585, 0.07870525558169377822 ) ) ;
#1372 = ORIENTED_EDGE ( 'NONE', *, *, #989, .F. ) ;
#1373 = PLANE ( 'NONE',  #3069 ) ;
#1374 = CARTESIAN_POINT ( 'NONE',  ( -0.2342519685039370358, -0.2023228346456693028, -0.08116349656727657458 ) ) ;
#1375 = ORIENTED_EDGE ( 'NONE', *, *, #3329, .F. ) ;
#1376 = CARTESIAN_POINT ( 'NONE',  ( 0.2500000000000000000, -0.2023228346456693028, -1.092739197465704696E-15 ) ) ;
#1377 = VECTOR ( 'NONE', #792, 39.37007874015748143 ) ;
#1378 = DIRECTION ( 'NONE',  ( -1.000000000000000000, 0.000000000000000000, 0.000000000000000000 ) ) ;
#1379 = FACE_OUTER_BOUND ( 'NONE', #2331, .T. ) ;
#1380 = ORIENTED_EDGE ( 'NONE', *, *, #2715, .T. ) ;
#1381 = ORIENTED_EDGE ( 'NONE', *, *, #3231, .T. ) ;
#1382 = AXIS2_PLACEMENT_3D ( 'NONE', #339, #2419, #1115 ) ;
#1383 = LINE ( 'NONE', #153, #689 ) ;
#1384 = VERTEX_POINT ( 'NONE', #2156 ) ;
#1385 = FACE_OUTER_BOUND ( 'NONE', #718, .T. ) ;
#1386 = CIRCLE ( 'NONE', #1930, 0.02952755905511810289 ) ;
#1387 = DIRECTION ( 'NONE',  ( 0.000000000000000000, -1.000000000000000000, -5.551115123125779621E-17 ) ) ;
#1388 = DIRECTION ( 'NONE',  ( 0.000000000000000000, 0.000000000000000000, 1.000000000000000000 ) ) ;
#1389 = FACE_OUTER_BOUND ( 'NONE', #1493, .T. ) ;
#1390 = ORIENTED_EDGE ( 'NONE', *, *, #1749, .F. ) ;
#1391 = AXIS2_PLACEMENT_3D ( 'NONE', #2346, #3138, #2616 ) ;
#1392 = DIRECTION ( 'NONE',  ( -0.000000000000000000, 1.000000000000000000, 0.000000000000000000 ) ) ;
#1393 = DIRECTION ( 'NONE',  ( -1.000000000000000000, 0.000000000000000000, 0.000000000000000000 ) ) ;
#1394 = ORIENTED_EDGE ( 'NONE', *, *, #1923, .F. ) ;
#1395 = CARTESIAN_POINT ( 'NONE',  ( 0.07874015748031495954, 0.03937007874015747977, -0.1220866141732283444 ) ) ;
#1396 = LINE ( 'NONE', #2436, #484 ) ;
#1397 = ADVANCED_FACE ( 'NONE', ( #2662 ), #2222, .T. ) ;
#1398 = CARTESIAN_POINT ( 'NONE',  ( 0.3149606299212598381, 0.03937007874015747977, -0.02362204724409448786 ) ) ;
#1399 = ADVANCED_FACE ( 'NONE', ( #1975 ), #2201, .T. ) ;
#1400 = VECTOR ( 'NONE', #2124, 39.37007874015748143 ) ;
#1401 = CARTESIAN_POINT ( 'NONE',  ( 0.2755905511811023723, 0.03937007874015747977, -0.02362204724409448786 ) ) ;
#1402 = CARTESIAN_POINT ( 'NONE',  ( 0.2657480314960630197, -0.2141338582677165536, 0.08116349656727560313 ) ) ;
#1403 = EDGE_CURVE ( 'NONE', #2330, #127, #1134, .T. ) ;
#1404 = EDGE_LOOP ( 'NONE', ( #2244, #2852, #217, #824 ) ) ;
#1405 = LINE ( 'NONE', #1910, #1456 ) ;
#1406 = EDGE_CURVE ( 'NONE', #2676, #1581, #871, .T. ) ;
#1407 = CARTESIAN_POINT ( 'NONE',  ( -0.2500000000000000000, -0.2174437897093555172, 2.731847993664263711E-16 ) ) ;
#1408 = EDGE_CURVE ( 'NONE', #970, #3136, #532, .T. ) ;
#1409 =( LENGTH_UNIT ( ) NAMED_UNIT ( * ) SI_UNIT ( $, .METRE. ) );
#1410 = CARTESIAN_POINT ( 'NONE',  ( -0.2500000000000000000, 0.03937007874015747977, 0.1220472440944881942 ) ) ;
#1411 = EDGE_LOOP ( 'NONE', ( #1712, #2555, #2071, #1053 ) ) ;
#1412 = DIRECTION ( 'NONE',  ( 1.000000000000000000, 0.000000000000000000, 0.000000000000000000 ) ) ;
#1413 = AXIS2_PLACEMENT_3D ( 'NONE', #2091, #2656, #3144 ) ;
#1414 = CARTESIAN_POINT ( 'NONE',  ( -0.2500000000000000000, 0.1181102362204724532, 0.07455646169231140707 ) ) ;
#1415 = ORIENTED_EDGE ( 'NONE', *, *, #545, .F. ) ;
#1416 = DIRECTION ( 'NONE',  ( -1.000000000000000000, 0.000000000000000000, 0.000000000000000000 ) ) ;
#1417 = CARTESIAN_POINT ( 'NONE',  ( -0.2342519685039370358, -0.2174437897093555172, 0.08917127285752873833 ) ) ;
#1418 = DIRECTION ( 'NONE',  ( 0.000000000000000000, -1.000000000000000000, -5.551115123125779621E-17 ) ) ;
#1419 = CARTESIAN_POINT ( 'NONE',  ( 0.2500000000000000000, -0.2141338582677165536, -1.092739197465704696E-15 ) ) ;
#1420 = DIRECTION ( 'NONE',  ( 0.000000000000000000, 1.000000000000000000, 0.000000000000000000 ) ) ;
#1421 = VERTEX_POINT ( 'NONE', #3033 ) ;
#1422 = CARTESIAN_POINT ( 'NONE',  ( 0.2342519685039370358, -0.2023228346456693028, 0.1250000000000000000 ) ) ;
#1423 = LINE ( 'NONE', #442, #20 ) ;
#1424 = AXIS2_PLACEMENT_3D ( 'NONE', #2429, #1913, #102 ) ;
#1425 = CARTESIAN_POINT ( 'NONE',  ( -0.2216286780477771667, -0.2023228346456693028, -0.07765682044553857966 ) ) ;
#1426 = CARTESIAN_POINT ( 'NONE',  ( -0.2783713219522232496, -0.2023228346456693028, -0.07765682044553857966 ) ) ;
#1427 = VERTEX_POINT ( 'NONE', #613 ) ;
#1428 = DIRECTION ( 'NONE',  ( 0.000000000000000000, 1.000000000000000000, 5.551115123125779621E-17 ) ) ;
#1429 = CARTESIAN_POINT ( 'NONE',  ( -0.2755905511811023723, 0.03937007874015747977, -0.1220866141732283444 ) ) ;
#1430 = VERTEX_POINT ( 'NONE', #2678 ) ;
#1431 = ADVANCED_FACE ( 'NONE', ( #2423 ), #452, .T. ) ;
#1432 = ORIENTED_EDGE ( 'NONE', *, *, #3306, .T. ) ;
#1433 = CARTESIAN_POINT ( 'NONE',  ( -0.2342519685039370358, -0.2416929133858267964, 0.05915895614624114285 ) ) ;
#1434 = DIRECTION ( 'NONE',  ( 0.000000000000000000, 1.000000000000000000, 5.551115123125779621E-17 ) ) ;
#1435 = DIRECTION ( 'NONE',  ( 0.000000000000000000, -1.000000000000000000, -5.551115123125779621E-17 ) ) ;
#1436 = CARTESIAN_POINT ( 'NONE',  ( 0.07874015748031339135, 0.000000000000000000, -0.02362204724409243742 ) ) ;
#1437 = EDGE_LOOP ( 'NONE', ( #12, #3027, #1600, #3257 ) ) ;
#1438 = FACE_OUTER_BOUND ( 'NONE', #2539, .T. ) ;
#1439 = EDGE_CURVE ( 'NONE', #1270, #1205, #693, .T. ) ;
#1440 = EDGE_CURVE ( 'NONE', #1259, #55, #933, .T. ) ;
#1441 = PRESENTATION_LAYER_ASSIGNMENT (  '', '', ( #1228 ) ) ;
#1442 = FACE_OUTER_BOUND ( 'NONE', #3280, .T. ) ;
#1443 = AXIS2_PLACEMENT_3D ( 'NONE', #1884, #3213, #1612 ) ;
#1444 = EDGE_CURVE ( 'NONE', #1037, #501, #1482, .T. ) ;
#1445 = CARTESIAN_POINT ( 'NONE',  ( -0.2657480314960630197, -0.2416929133858267964, -0.05915895614624055304 ) ) ;
#1446 = VECTOR ( 'NONE', #340, 39.37007874015748143 ) ;
#1447 = EDGE_LOOP ( 'NONE', ( #677, #1074, #155, #2070 ) ) ;
#1448 = VECTOR ( 'NONE', #3290, 39.37007874015748143 ) ;
#1449 = DIRECTION ( 'NONE',  ( 1.000000000000000000, 0.000000000000000000, 0.000000000000000000 ) ) ;
#1450 = CARTESIAN_POINT ( 'NONE',  ( 0.2657480314960630197, -0.2023228346456693028, 0.1250000000000000000 ) ) ;
#1451 = ORIENTED_EDGE ( 'NONE', *, *, #2666, .T. ) ;
#1452 = CIRCLE ( 'NONE', #2851, 0.08930151325141610918 ) ;
#1453 = ORIENTED_EDGE ( 'NONE', *, *, #1636, .T. ) ;
#1454 = CARTESIAN_POINT ( 'NONE',  ( 0.1673228346456692994, -0.2141338582677165536, -1.102864230057080561E-15 ) ) ;
#1455 = DIRECTION ( 'NONE',  ( 0.000000000000000000, 1.000000000000000000, 5.551115123125779621E-17 ) ) ;
#1456 = VECTOR ( 'NONE', #3238, 39.37007874015748143 ) ;
#1457 = EDGE_CURVE ( 'NONE', #2129, #779, #1708, .T. ) ;
#1458 = CARTESIAN_POINT ( 'NONE',  ( 0.2500000000000000000, -0.2023228346456693028, -1.092739197465704696E-15 ) ) ;
#1459 = LENGTH_MEASURE_WITH_UNIT ( LENGTH_MEASURE( 0.02539999999999999897 ), #1193 );
#1460 = ORIENTED_EDGE ( 'NONE', *, *, #1051, .T. ) ;
#1461 = LINE ( 'NONE', #2271, #2426 ) ;
#1462 = DIRECTION ( 'NONE',  ( 0.000000000000000000, 1.000000000000000000, 5.551115123125779621E-17 ) ) ;
#1463 = CARTESIAN_POINT ( 'NONE',  ( -0.1594488188976377896, -0.2174437897093555172, 2.731847993664263711E-16 ) ) ;
#1464 = FACE_OUTER_BOUND ( 'NONE', #1473, .T. ) ;
#1465 = EDGE_LOOP ( 'NONE', ( #2937, #1662, #2483, #6 ) ) ;
#1466 = ORIENTED_EDGE ( 'NONE', *, *, #551, .F. ) ;
#1467 = DIRECTION ( 'NONE',  ( 0.000000000000000000, 1.000000000000000000, 5.551115123125779621E-17 ) ) ;
#1468 = LINE ( 'NONE', #1209, #2781 ) ;
#1469 = CARTESIAN_POINT ( 'NONE',  ( 0.2500000000000000000, -0.2141338582677165536, -1.092739197465704696E-15 ) ) ;
#1470 = EDGE_CURVE ( 'NONE', #2516, #112, #2746, .T. ) ;
#1471 = FACE_OUTER_BOUND ( 'NONE', #1828, .T. ) ;
#1472 = EDGE_CURVE ( 'NONE', #538, #1941, #2101, .T. ) ;
#1473 = EDGE_LOOP ( 'NONE', ( #1538, #3198, #791, #2362 ) ) ;
#1474 = FACE_BOUND ( 'NONE', #1355, .T. ) ;
#1475 = DIRECTION ( 'NONE',  ( 1.000000000000000000, 0.000000000000000000, 0.000000000000000000 ) ) ;
#1476 = SURFACE_STYLE_USAGE ( .BOTH. , #219 ) ;
#1477 = LINE ( 'NONE', #1429, #1329 ) ;
#1478 = ORIENTED_EDGE ( 'NONE', *, *, #1321, .T. ) ;
#1479 = VERTEX_POINT ( 'NONE', #2268 ) ;
#1480 = DIRECTION ( 'NONE',  ( 0.000000000000000000, 1.000000000000000000, 0.000000000000000000 ) ) ;
#1481 = DIRECTION ( 'NONE',  ( 0.000000000000000000, 5.551115123125779621E-17, -1.000000000000000000 ) ) ;
#1482 = LINE ( 'NONE', #2998, #1076 ) ;
#1483 = DIRECTION ( 'NONE',  ( 1.000000000000000000, 0.000000000000000000, 0.000000000000000000 ) ) ;
#1484 = VERTEX_POINT ( 'NONE', #3284 ) ;
#1485 = DIRECTION ( 'NONE',  ( 0.000000000000000000, 1.000000000000000000, 0.000000000000000000 ) ) ;
#1486 = CARTESIAN_POINT ( 'NONE',  ( 0.2342519685039370636, -0.2341854066282743618, 0.07940332320629045482 ) ) ;
#1487 = VECTOR ( 'NONE', #1335, 39.37007874015748143 ) ;
#1488 =( GEOMETRIC_REPRESENTATION_CONTEXT ( 3 ) GLOBAL_UNCERTAINTY_ASSIGNED_CONTEXT ( ( #3199 ) ) GLOBAL_UNIT_ASSIGNED_CONTEXT ( ( #2839, #292, #829 ) ) REPRESENTATION_CONTEXT ( 'NONE', 'WORKASPACE' ) );
#1489 = FILL_AREA_STYLE ('',( #2757 ) ) ;
#1490 = CARTESIAN_POINT ( 'NONE',  ( -0.2657480314960630197, -0.2023228346456693028, 0.08116349656727717132 ) ) ;
#1491 = CIRCLE ( 'NONE', #2689, 0.1250000000000000000 ) ;
#1492 = DIRECTION ( 'NONE',  ( -1.000000000000000000, 0.000000000000000000, 0.000000000000000000 ) ) ;
#1493 = EDGE_LOOP ( 'NONE', ( #2213, #1957, #1170, #2125 ) ) ;
#1494 = ORIENTED_EDGE ( 'NONE', *, *, #2488, .T. ) ;
#1495 = LINE ( 'NONE', #3282, #969 ) ;
#1496 = DIRECTION ( 'NONE',  ( -1.000000000000000000, 0.000000000000000000, 3.414809992080329639E-17 ) ) ;
#1497 = CARTESIAN_POINT ( 'NONE',  ( -0.2303898681478004085, -0.1021819735679592445, -0.08031784608520473046 ) ) ;
#1498 = AXIS2_PLACEMENT_3D ( 'NONE', #3024, #2990, #2738 ) ;
#1499 = EDGE_CURVE ( 'NONE', #130, #2570, #3299, .T. ) ;
#1500 = ORIENTED_EDGE ( 'NONE', *, *, #2954, .F. ) ;
#1501 = ORIENTED_EDGE ( 'NONE', *, *, #2192, .T. ) ;
#1502 = EDGE_CURVE ( 'NONE', #2227, #2742, #1327, .T. ) ;
#1503 = CARTESIAN_POINT ( 'NONE',  ( -0.2696101318522000634, -0.1021819735679592445, 0.08031784608520531332 ) ) ;
#1504 = EDGE_CURVE ( 'NONE', #517, #2570, #485, .T. ) ;
#1505 =( CONVERSION_BASED_UNIT ( 'INCH', #1968 ) LENGTH_UNIT ( ) NAMED_UNIT ( #3139 ) );
#1506 = EDGE_CURVE ( 'NONE', #725, #538, #530, .T. ) ;
#1507 = AXIS2_PLACEMENT_3D ( 'NONE', #267, #2335, #3 ) ;
#1508 = DIRECTION ( 'NONE',  ( 0.000000000000000000, -1.000000000000000000, -5.551115123125779621E-17 ) ) ;
#1509 = CARTESIAN_POINT ( 'NONE',  ( -0.2755905511811023723, 0.03937007874015747977, -0.1220866141732283444 ) ) ;
#1510 = ORIENTED_EDGE ( 'NONE', *, *, #1356, .T. ) ;
#1511 = ORIENTED_EDGE ( 'NONE', *, *, #3250, .T. ) ;
#1512 = CARTESIAN_POINT ( 'NONE',  ( -0.07874015748031673589, 0.000000000000000000, -0.1220866141732283444 ) ) ;
#1513 = DIRECTION ( 'NONE',  ( -1.000000000000000000, 0.000000000000000000, 0.000000000000000000 ) ) ;
#1514 = CARTESIAN_POINT ( 'NONE',  ( -0.2500000000000000000, 0.1181102362204724532, 0.000000000000000000 ) ) ;
#1515 = ORIENTED_EDGE ( 'NONE', *, *, #1963, .T. ) ;
#1516 = LINE ( 'NONE', #2526, #1448 ) ;
#1517 = CARTESIAN_POINT ( 'NONE',  ( 0.2274217987699334587, -0.1361071617952032131, 0.07959317237091259600 ) ) ;
#1518 = CARTESIAN_POINT ( 'NONE',  ( -0.1181102362204740214, 0.03937007874015747977, -0.02362204724409243742 ) ) ;
#1519 = ORIENTED_EDGE ( 'NONE', *, *, #2282, .F. ) ;
#1520 = ORIENTED_EDGE ( 'NONE', *, *, #205, .F. ) ;
#1521 = CARTESIAN_POINT ( 'NONE',  ( -0.2342519685039370636, -0.2397660864664786784, 0.07168824670237422536 ) ) ;
#1522 = EDGE_CURVE ( 'NONE', #2110, #814, #467, .T. ) ;
#1523 = VECTOR ( 'NONE', #3014, 39.37007874015748143 ) ;
#1524 = DIRECTION ( 'NONE',  ( 0.000000000000000000, 1.000000000000000000, 0.000000000000000000 ) ) ;
#1525 = DIRECTION ( 'NONE',  ( 0.000000000000000000, 0.000000000000000000, 1.000000000000000000 ) ) ;
#1526 = EDGE_LOOP ( 'NONE', ( #1986, #2063, #1071, #686 ) ) ;
#1527 = CARTESIAN_POINT ( 'NONE',  ( -0.3149606299212598381, 0.03937007874015747977, -0.02362204724409448786 ) ) ;
#1528 = EDGE_LOOP ( 'NONE', ( #1460, #2028, #2786, #1339 ) ) ;
#1529 = ADVANCED_FACE ( 'NONE', ( #512 ), #1560, .T. ) ;
#1530 = CARTESIAN_POINT ( 'NONE',  ( -0.2500000000000000000, 0.000000000000000000, 2.731847993664263711E-16 ) ) ;
#1531 = DIRECTION ( 'NONE',  ( 1.000000000000000000, 0.000000000000000000, 0.000000000000000000 ) ) ;
#1532 =( REPRESENTATION_RELATIONSHIP ('NONE','NONE', #3288, #1543 ) REPRESENTATION_RELATIONSHIP_WITH_TRANSFORMATION ( #793 )SHAPE_REPRESENTATION_RELATIONSHIP( ) );
#1533 = VECTOR ( 'NONE', #2874, 39.37007874015748143 ) ;
#1534 = ADVANCED_FACE ( 'NONE', ( #1781 ), #283, .F. ) ;
#1535 = DIRECTION ( 'NONE',  ( -1.000000000000000000, 0.000000000000000000, 0.000000000000000000 ) ) ;
#1536 = DIRECTION ( 'NONE',  ( -1.000000000000000000, 0.000000000000000000, 0.000000000000000000 ) ) ;
#1537 = VERTEX_POINT ( 'NONE', #3091 ) ;
#1538 = ORIENTED_EDGE ( 'NONE', *, *, #548, .T. ) ;
#1539 = DIRECTION ( 'NONE',  ( 0.000000000000000000, 0.000000000000000000, 1.000000000000000000 ) ) ;
#1540 = VECTOR ( 'NONE', #3025, 39.37007874015748143 ) ;
#1541 = DIRECTION ( 'NONE',  ( 1.000000000000000000, 0.000000000000000000, 0.000000000000000000 ) ) ;
#1542 = ORIENTED_EDGE ( 'NONE', *, *, #3313, .F. ) ;
#1543 = SHAPE_REPRESENTATION ( '228-2500-238.step', ( #301 ), #2892 ) ;
#1544 = VECTOR ( 'NONE', #935, 39.37007874015748143 ) ;
#1545 = CARTESIAN_POINT ( 'NONE',  ( -0.2755905511811023723, 0.07874015748031495954, 0.02362204724409448786 ) ) ;
#1546 = ADVANCED_FACE ( 'NONE', ( #1059 ), #2075, .T. ) ;
#1547 = ORIENTED_EDGE ( 'NONE', *, *, #1997, .F. ) ;
#1548 = CARTESIAN_POINT ( 'NONE',  ( 0.07874015748031495954, 0.07874015748031495954, -0.02362204724409448786 ) ) ;
#1549 = ORIENTED_EDGE ( 'NONE', *, *, #2051, .T. ) ;
#1550 = VECTOR ( 'NONE', #1620, 39.37007874015748143 ) ;
#1551 = DIRECTION ( 'NONE',  ( 1.000000000000000000, 0.000000000000000000, 0.000000000000000000 ) ) ;
#1552 =( LENGTH_UNIT ( ) NAMED_UNIT ( * ) SI_UNIT ( $, .METRE. ) );
#1553 = CARTESIAN_POINT ( 'NONE',  ( -0.2657480314960630197, -0.2163390768485791427, 0.08650259689324625578 ) ) ;
#1554 = LINE ( 'NONE', #2054, #194 ) ;
#1555 = ORIENTED_EDGE ( 'NONE', *, *, #2099, .T. ) ;
#1556 = CONICAL_SURFACE ( 'NONE', #1998, 0.08267716535433068670, 1.172861257340199082 ) ;
#1557 = VERTEX_POINT ( 'NONE', #3046 ) ;
#1558 = VERTEX_POINT ( 'NONE', #498 ) ;
#1559 = DIRECTION ( 'NONE',  ( 1.000000000000000000, 0.000000000000000000, 0.000000000000000000 ) ) ;
#1560 = CYLINDRICAL_SURFACE ( 'NONE', #2272, 0.01968503937007873988 ) ;
#1561 = VERTEX_POINT ( 'NONE', #1308 ) ;
#1562 = LINE ( 'NONE', #53, #2720 ) ;
#1563 =( BOUNDED_CURVE ( )  B_SPLINE_CURVE ( 3, ( #2044, #3076, #757, #1024 ),
 .UNSPECIFIED., .F., .T. ) 
 B_SPLINE_CURVE_WITH_KNOTS ( ( 4, 4 ),
 ( 1.810267798689539909, 1.921073213463464935 ),
 .UNSPECIFIED. ) 
 CURVE ( )  GEOMETRIC_REPRESENTATION_ITEM ( )  RATIONAL_B_SPLINE_CURVE ( ( 1.000000000000000000, 0.9989771083553059539, 0.9989771083553059539, 1.000000000000000000 ) ) 
 REPRESENTATION_ITEM ( '' )  );
#1564 = ORIENTED_EDGE ( 'NONE', *, *, #3125, .T. ) ;
#1565 = EDGE_CURVE ( 'NONE', #1750, #2061, #1813, .T. ) ;
#1566 = CARTESIAN_POINT ( 'NONE',  ( 0.3149606299212598381, 0.07874015748031495954, 0.02362204724409653483 ) ) ;
#1567 = ORIENTED_EDGE ( 'NONE', *, *, #1078, .T. ) ;
#1568 = AXIS2_PLACEMENT_3D ( 'NONE', #1832, #805, #1295 ) ;
#1569 = DIRECTION ( 'NONE',  ( 0.000000000000000000, 1.000000000000000000, 0.000000000000000000 ) ) ;
#1570 = ADVANCED_FACE ( 'NONE', ( #723 ), #42, .T. ) ;
#1571 = DIRECTION ( 'NONE',  ( 0.000000000000000000, -1.000000000000000000, 0.000000000000000000 ) ) ;
#1572 = VERTEX_POINT ( 'NONE', #3108 ) ;
#1573 = EDGE_LOOP ( 'NONE', ( #927, #929, #2245, #509 ) ) ;
#1574 = FACE_OUTER_BOUND ( 'NONE', #1211, .T. ) ;
#1575 = ADVANCED_FACE ( 'NONE', ( #2850 ), #2789, .T. ) ;
#1576 = LINE ( 'NONE', #332, #2540 ) ;
#1577 = ORIENTED_EDGE ( 'NONE', *, *, #2388, .T. ) ;
#1578 = CARTESIAN_POINT ( 'NONE',  ( -0.1673228346456692994, -0.03500000000000000333, 2.731847993664263711E-16 ) ) ;
#1579 = VECTOR ( 'NONE', #599, 39.37007874015748143 ) ;
#1580 = ORIENTED_EDGE ( 'NONE', *, *, #2741, .T. ) ;
#1581 = VERTEX_POINT ( 'NONE', #1264 ) ;
#1582 = CARTESIAN_POINT ( 'NONE',  ( 0.2755905511811023723, 0.03937007874015747977, 0.02362204724409448786 ) ) ;
#1583 = PRODUCT_DEFINITION_FORMATION_WITH_SPECIFIED_SOURCE ( 'ANY', '', #2861, .NOT_KNOWN. ) ;
#1584 = CARTESIAN_POINT ( 'NONE',  ( -0.2500000000000000000, 0.1181102362204724532, -0.04921259842519685318 ) ) ;
#1585 = ORIENTED_EDGE ( 'NONE', *, *, #3201, .F. ) ;
#1586 = VECTOR ( 'NONE', #114, 39.37007874015748143 ) ;
#1587 = ORIENTED_EDGE ( 'NONE', *, *, #2712, .T. ) ;
#1588 = CARTESIAN_POINT ( 'NONE',  ( -0.2657480314960630197, -0.2398011466988909379, 0.06994991392938622321 ) ) ;
#1589 = PRODUCT_DEFINITION_FORMATION_WITH_SPECIFIED_SOURCE ( 'ANY', '', #776, .NOT_KNOWN. ) ;
#1590 = CARTESIAN_POINT ( 'NONE',  ( 0.07874015748031339135, 0.03937007874015747977, 0.02362204724409653483 ) ) ;
#1591 = EDGE_LOOP ( 'NONE', ( #798, #1219, #3340, #789 ) ) ;
#1592 = DIRECTION ( 'NONE',  ( 0.000000000000000000, 0.000000000000000000, -1.000000000000000000 ) ) ;
#1593 = CARTESIAN_POINT ( 'NONE',  ( 0.2657480314960630752, -0.2272927959953965904, 0.08592046709894192447 ) ) ;
#1594 = AXIS2_PLACEMENT_3D ( 'NONE', #2765, #2252, #1483 ) ;
#1595 = AXIS2_PLACEMENT_3D ( 'NONE', #2448, #1703, #928 ) ;
#1596 = DIMENSIONAL_EXPONENTS ( 1.000000000000000000, 0.000000000000000000, 0.000000000000000000, 0.000000000000000000, 0.000000000000000000, 0.000000000000000000, 0.000000000000000000 ) ;
#1597 = ORIENTED_EDGE ( 'NONE', *, *, #1901, .T. ) ;
#1598 = AXIS2_PLACEMENT_3D ( 'NONE', #2889, #2643, #1081 ) ;
#1599 = FACE_OUTER_BOUND ( 'NONE', #3043, .T. ) ;
#1600 = ORIENTED_EDGE ( 'NONE', *, *, #486, .T. ) ;
#1601 = CARTESIAN_POINT ( 'NONE',  ( 0.2331252479881187889, -0.09266281582572569175, 0.08101768702784133136 ) ) ;
#1602 = AXIS2_PLACEMENT_3D ( 'NONE', #237, #2306, #1535 ) ;
#1603 = EDGE_CURVE ( 'NONE', #1036, #554, #1346, .T. ) ;
#1604 = VECTOR ( 'NONE', #523, 39.37007874015748143 ) ;
#1605 = CARTESIAN_POINT ( 'NONE',  ( -0.2696101318522000634, -0.1021819735679592445, 0.08031784608520531332 ) ) ;
#1606 = EDGE_CURVE ( 'NONE', #658, #1771, #2297, .T. ) ;
#1607 = ORIENTED_EDGE ( 'NONE', *, *, #589, .F. ) ;
#1608 = ORIENTED_EDGE ( 'NONE', *, *, #734, .F. ) ;
#1609 = CARTESIAN_POINT ( 'NONE',  ( -0.2657480314960630197, -0.2174437897093555172, -0.08917127285752815546 ) ) ;
#1610 = LINE ( 'NONE', #3155, #2223 ) ;
#1611 = ORIENTED_EDGE ( 'NONE', *, *, #82, .F. ) ;
#1612 = DIRECTION ( 'NONE',  ( 0.000000000000000000, 0.000000000000000000, 1.000000000000000000 ) ) ;
#1613 = AXIS2_PLACEMENT_3D ( 'NONE', #297, #1108, #2365 ) ;
#1614 = DIRECTION ( 'NONE',  ( 1.000000000000000000, 0.000000000000000000, 0.000000000000000000 ) ) ;
#1615 = AXIS2_PLACEMENT_3D ( 'NONE', #549, #2619, #299 ) ;
#1616 = LINE ( 'NONE', #2187, #1104 ) ;
#1617 = DIRECTION ( 'NONE',  ( 0.000000000000000000, -1.110223024625155924E-16, -1.000000000000000000 ) ) ;
#1618 = DIRECTION ( 'NONE',  ( 0.000000000000000000, 0.000000000000000000, 1.000000000000000000 ) ) ;
#1619 = VERTEX_POINT ( 'NONE', #996 ) ;
#1620 = DIRECTION ( 'NONE',  ( -1.000000000000000000, 0.000000000000000000, 3.414809992080329639E-17 ) ) ;
#1621 = DIRECTION ( 'NONE',  ( -1.000000000000000000, 0.000000000000000000, 0.000000000000000000 ) ) ;
#1622 = CARTESIAN_POINT ( 'NONE',  ( 0.2755905511811023723, 0.03937007874015747977, 0.02362204724409448786 ) ) ;
#1623 = CARTESIAN_POINT ( 'NONE',  ( 0.2500000000000000000, 0.09842519685039370636, 0.000000000000000000 ) ) ;
#1624 = VERTEX_POINT ( 'NONE', #3327 ) ;
#1625 = DIRECTION ( 'NONE',  ( -1.000000000000000000, 0.000000000000000000, 0.000000000000000000 ) ) ;
#1626 = LINE ( 'NONE', #350, #266 ) ;
#1627 = ORIENTED_EDGE ( 'NONE', *, *, #2995, .T. ) ;
#1628 = LINE ( 'NONE', #880, #958 ) ;
#1629 = CARTESIAN_POINT ( 'NONE',  ( 0.1181102362204724532, 0.07874015748031495954, -0.02362204724409448786 ) ) ;
#1630 = CARTESIAN_POINT ( 'NONE',  ( 0.2500000000000000000, -0.2174437897093551286, -1.092739197465704696E-15 ) ) ;
#1631 = ORIENTED_EDGE ( 'NONE', *, *, #118, .F. ) ;
#1632 = CARTESIAN_POINT ( 'NONE',  ( 0.3149606299212598381, 0.000000000000000000, 0.02362204724409653483 ) ) ;
#1633 = ORIENTED_EDGE ( 'NONE', *, *, #1692, .T. ) ;
#1634 = CARTESIAN_POINT ( 'NONE',  ( 0.2500000000000000000, -0.03499999999999894168, -1.092739197465704696E-15 ) ) ;
#1635 = DIRECTION ( 'NONE',  ( 0.000000000000000000, 0.000000000000000000, -1.000000000000000000 ) ) ;
#1636 = EDGE_CURVE ( 'NONE', #31, #1791, #1563, .T. ) ;
#1637 = CARTESIAN_POINT ( 'NONE',  ( 0.2342519685039370358, -0.2212898718811492083, 0.08790198958494410686 ) ) ;
#1638 = CARTESIAN_POINT ( 'NONE',  ( -0.2303898681478004085, -0.1021819735679592445, 0.08031784608520531332 ) ) ;
#1639 = ORIENTED_EDGE ( 'NONE', *, *, #1997, .T. ) ;
#1640 = ADVANCED_FACE ( 'NONE', ( #2313 ), #1774, .T. ) ;
#1641 = CARTESIAN_POINT ( 'NONE',  ( 0.2500000000000000000, -0.2023228346456693028, -1.092739197465704696E-15 ) ) ;
#1642 = LINE ( 'NONE', #1341, #1733 ) ;
#1643 = ORIENTED_EDGE ( 'NONE', *, *, #447, .T. ) ;
#1644 = LINE ( 'NONE', #1395, #1274 ) ;
#1645 = EDGE_CURVE ( 'NONE', #79, #3189, #1830, .T. ) ;
#1646 = APPLICATION_CONTEXT ( 'automotive_design' ) ;
#1647 = CIRCLE ( 'NONE', #2083, 0.1220472440944881942 ) ;
#1648 = CARTESIAN_POINT ( 'NONE',  ( -0.3149606299212598381, 0.1181102362204724532, -0.02362204724409448786 ) ) ;
#1649 = EDGE_CURVE ( 'NONE', #216, #1427, #1093, .T. ) ;
#1650 = CARTESIAN_POINT ( 'NONE',  ( -0.2500000000000000000, 0.1181102362204724532, 0.000000000000000000 ) ) ;
#1651 = ORIENTED_EDGE ( 'NONE', *, *, #2599, .T. ) ;
#1652 = LINE ( 'NONE', #2693, #683 ) ;
#1653 = EDGE_CURVE ( 'NONE', #2865, #838, #1127, .T. ) ;
#1654 = CARTESIAN_POINT ( 'NONE',  ( -0.07874015748031495954, 0.03937007874015747977, -0.1220866141732283444 ) ) ;
#1655 = PRODUCT_RELATED_PRODUCT_CATEGORY ( 'part', '', ( #776 ) ) ;
#1656 = ORIENTED_EDGE ( 'NONE', *, *, #2599, .F. ) ;
#1657 = DIRECTION ( 'NONE',  ( 0.000000000000000000, -1.000000000000000000, -5.551115123125779621E-17 ) ) ;
#1658 = VECTOR ( 'NONE', #2933, 39.37007874015748143 ) ;
#1659 = CARTESIAN_POINT ( 'NONE',  ( 0.2342519685039370358, -0.2416929133858267964, -0.05915895614624232940 ) ) ;
#1660 = LINE ( 'NONE', #1932, #843 ) ;
#1661 = LINE ( 'NONE', #2972, #2614 ) ;
#1662 = ORIENTED_EDGE ( 'NONE', *, *, #2604, .T. ) ;
#1663 = AXIS2_PLACEMENT_3D ( 'NONE', #960, #2481, #3245 ) ;
#1664 = DIRECTION ( 'NONE',  ( 1.000000000000000000, 0.000000000000000000, 0.000000000000000000 ) ) ;
#1665 = LINE ( 'NONE', #1450, #516 ) ;
#1666 = ORIENTED_EDGE ( 'NONE', *, *, #236, .F. ) ;
#1667 = DIRECTION ( 'NONE',  ( -8.260587980841940949E-15, -1.000000000000000000, -5.551115123125779621E-17 ) ) ;
#1668 = CARTESIAN_POINT ( 'NONE',  ( -0.1594488188976377896, -0.2174437897093555172, 2.731847993664263711E-16 ) ) ;
#1669 = CARTESIAN_POINT ( 'NONE',  ( 0.2342519685039370358, -0.2174437897093551286, 0.08917127285752775301 ) ) ;
#1670 = VECTOR ( 'NONE', #619, 39.37007874015748143 ) ;
#1671 = CARTESIAN_POINT ( 'NONE',  ( -0.2500000000000000000, 0.000000000000000000, 0.1220472440944881942 ) ) ;
#1672 = CIRCLE ( 'NONE', #1615, 0.1250000000000000000 ) ;
#1673 = SURFACE_SIDE_STYLE ('',( #2455 ) ) ;
#1674 = ORIENTED_EDGE ( 'NONE', *, *, #2287, .T. ) ;
#1675 = LINE ( 'NONE', #1422, #2159 ) ;
#1676 = EDGE_CURVE ( 'NONE', #1080, #142, #2884, .T. ) ;
#1677 = LINE ( 'NONE', #2240, #1586 ) ;
#1678 = EDGE_CURVE ( 'NONE', #2129, #1060, #1576, .T. ) ;
#1679 = CARTESIAN_POINT ( 'NONE',  ( 0.2342519685039370358, -0.2187258444921515999, 0.08874826174624685093 ) ) ;
#1680 = CARTESIAN_POINT ( 'NONE',  ( -0.2244984117617811192, -0.1695216281996031193, 0.07870525558169377822 ) ) ;
#1681 = ORIENTED_EDGE ( 'NONE', *, *, #379, .T. ) ;
#1682 = CARTESIAN_POINT ( 'NONE',  ( 0.2342519685039370358, -0.2141338582677165536, -0.08116349656727776807 ) ) ;
#1683 = CONICAL_SURFACE ( 'NONE', #1837, 0.09055118110236221041, 0.3141592653589756479 ) ;
#1684 = LINE ( 'NONE', #1955, #2257 ) ;
#1685 = ORIENTED_EDGE ( 'NONE', *, *, #357, .F. ) ;
#1686 = EDGE_LOOP ( 'NONE', ( #399, #919, #1375, #2234 ) ) ;
#1687 = CARTESIAN_POINT ( 'NONE',  ( 0.1181102362204724532, 0.07874015748031495954, 0.02362204724409448786 ) ) ;
#1688 = EDGE_CURVE ( 'NONE', #1988, #838, #1610, .T. ) ;
#1689 = EDGE_CURVE ( 'NONE', #2725, #2865, #802, .T. ) ;
#1690 = DIRECTION ( 'NONE',  ( -1.000000000000000000, 0.000000000000000000, 0.000000000000000000 ) ) ;
#1691 = CYLINDRICAL_SURFACE ( 'NONE', #1382, 0.01968503937007873988 ) ;
#1692 = EDGE_CURVE ( 'NONE', #1822, #1334, #2089, .T. ) ;
#1693 =( NAMED_UNIT ( * ) PLANE_ANGLE_UNIT ( ) SI_UNIT ( $, .RADIAN. ) );
#1694 = VERTEX_POINT ( 'NONE', #1358 ) ;
#1695 = CARTESIAN_POINT ( 'NONE',  ( -0.2342519685039370636, -0.2416929133858267964, -0.06237032768784489534 ) ) ;
#1696 = DIRECTION ( 'NONE',  ( 1.000000000000000000, 0.000000000000000000, 0.000000000000000000 ) ) ;
#1697 = CIRCLE ( 'NONE', #230, 0.07455646169231140707 ) ;
#1698 = B_SPLINE_CURVE_WITH_KNOTS ( 'NONE', 3,
 ( #1503, #251, #1016, #3051, #491, #1282, #1745, #729, #2322, #3351, #202, #2782 ),
 .UNSPECIFIED., .F., .F.,
 ( 4, 2, 2, 2, 2, 4 ),
 ( 0.000000000000000000, 0.2500000000000000000, 0.5000000000000000000, 0.6250000000000000000, 0.7500000000000000000, 1.000000000000000000 ),
 .UNSPECIFIED. ) ;
#1699 = DIRECTION ( 'NONE',  ( 0.000000000000000000, 1.000000000000000000, 0.000000000000000000 ) ) ;
#1700 = EDGE_LOOP ( 'NONE', ( #527, #1309, #2386, #1246 ) ) ;
#1701 = ADVANCED_FACE ( 'NONE', ( #860, #1073 ), #563, .T. ) ;
#1702 = FACE_OUTER_BOUND ( 'NONE', #1411, .T. ) ;
#1703 = DIRECTION ( 'NONE',  ( -1.000000000000000000, 1.084202172485503694E-16, 0.000000000000000000 ) ) ;
#1704 = VERTEX_POINT ( 'NONE', #1590 ) ;
#1705 = ORIENTED_EDGE ( 'NONE', *, *, #1606, .T. ) ;
#1706 = DIRECTION ( 'NONE',  ( 0.000000000000000000, 0.000000000000000000, 1.000000000000000000 ) ) ;
#1707 = CARTESIAN_POINT ( 'NONE',  ( -0.2500000000000000000, 0.03937007874015747977, -0.1220472440944881942 ) ) ;
#1708 = LINE ( 'NONE', #2519, #924 ) ;
#1709 = AXIS2_PLACEMENT_3D ( 'NONE', #1982, #2768, #1475 ) ;
#1710 = FACE_OUTER_BOUND ( 'NONE', #3357, .T. ) ;
#1711 = CARTESIAN_POINT ( 'NONE',  ( -0.2500000000000000000, 0.9527559055118109965, 0.000000000000000000 ) ) ;
#1712 = ORIENTED_EDGE ( 'NONE', *, *, #589, .T. ) ;
#1713 = CARTESIAN_POINT ( 'NONE',  ( -0.2342519685039370358, -0.2391911839806997730, -0.07148739142261652246 ) ) ;
#1714 = CIRCLE ( 'NONE', #2745, 0.1220472440944881942 ) ;
#1715 = CARTESIAN_POINT ( 'NONE',  ( -0.2342519685039370358, -0.2200078722770909545, 0.08832516852143444674 ) ) ;
#1716 = CIRCLE ( 'NONE', #3063, 0.09055118110236221041 ) ;
#1717 =( NAMED_UNIT ( * ) SI_UNIT ( $, .STERADIAN. ) SOLID_ANGLE_UNIT ( ) );
#1718 = EDGE_CURVE ( 'NONE', #1831, #2897, #161, .T. ) ;
#1719 = VECTOR ( 'NONE', #553, 39.37007874015748143 ) ;
#1720 = PLANE ( 'NONE',  #1498 ) ;
#1721 = EDGE_CURVE ( 'NONE', #294, #2238, #1642, .T. ) ;
#1722 = CARTESIAN_POINT ( 'NONE',  ( -0.07874015748031495954, 0.03937007874015747977, -0.02362204724409448786 ) ) ;
#1723 = EDGE_LOOP ( 'NONE', ( #480, #190, #2080, #387 ) ) ;
#1724 = VECTOR ( 'NONE', #1539, 39.37007874015748143 ) ;
#1725 = EDGE_LOOP ( 'NONE', ( #2524, #2329, #1940, #3128, #2901, #531, #231, #1283, #1478, #1972, #766, #2418, #440, #3080, #2501, #1381 ) ) ;
#1726 = FACE_OUTER_BOUND ( 'NONE', #2158, .T. ) ;
#1727 = CARTESIAN_POINT ( 'NONE',  ( 0.2244984117617811192, -0.1695216281996023422, -0.07870525558169456926 ) ) ;
#1728 = CIRCLE ( 'NONE', #1875, 0.08267716535433068670 ) ;
#1729 = CARTESIAN_POINT ( 'NONE',  ( 0.1181102362204708711, 0.03937007874015747977, -0.02362204724409243742 ) ) ;
#1730 = DIRECTION ( 'NONE',  ( 1.000000000000000000, 0.000000000000000000, 0.000000000000000000 ) ) ;
#1731 = ORIENTED_EDGE ( 'NONE', *, *, #2605, .T. ) ;
#1732 = CARTESIAN_POINT ( 'NONE',  ( -0.2342519685039370358, -0.2141338582677165536, -0.08116349656727657458 ) ) ;
#1733 = VECTOR ( 'NONE', #1882, 39.37007874015748143 ) ;
#1734 = FACE_OUTER_BOUND ( 'NONE', #3055, .T. ) ;
#1735 = DIRECTION ( 'NONE',  ( 0.000000000000000000, -1.000000000000000000, 0.000000000000000000 ) ) ;
#1736 = CARTESIAN_POINT ( 'NONE',  ( 0.2500000000000000000, -0.2174437897093551286, -1.092739197465704696E-15 ) ) ;
#1737 = ORIENTED_EDGE ( 'NONE', *, *, #353, .T. ) ;
#1738 = VERTEX_POINT ( 'NONE', #2633 ) ;
#1739 = CARTESIAN_POINT ( 'NONE',  ( 0.2500000000000000000, -0.2174437897093551286, -1.092739197465704696E-15 ) ) ;
#1740 = CARTESIAN_POINT ( 'NONE',  ( 0.2696101318521996193, -0.1021819735679588559, 0.1250000000000000000 ) ) ;
#1741 = B_SPLINE_CURVE_WITH_KNOTS ( 'NONE', 3,
 ( #1797, #787, #3110, #3158 ),
 .UNSPECIFIED., .F., .F.,
 ( 4, 4 ),
 ( 0.007647354141962969462, 0.007869202712918559744 ),
 .UNSPECIFIED. ) ;
#1742 = CARTESIAN_POINT ( 'NONE',  ( 0.2500000000000000000, 0.000000000000000000, -0.1082677165354330728 ) ) ;
#1743 = ORIENTED_EDGE ( 'NONE', *, *, #1783, .T. ) ;
#1744 = FACE_BOUND ( 'NONE', #1215, .T. ) ;
#1745 = CARTESIAN_POINT ( 'NONE',  ( -0.2451909003437492962, -0.08466799420686375865, 0.08257007218172773833 ) ) ;
#1746 = LINE ( 'NONE', #2783, #2157 ) ;
#1747 = CARTESIAN_POINT ( 'NONE',  ( -0.1181102362204724532, 0.07874015748031495954, 0.02362204724409448786 ) ) ;
#1748 = ORIENTED_EDGE ( 'NONE', *, *, #762, .T. ) ;
#1749 = EDGE_CURVE ( 'NONE', #2993, #1430, #1626, .T. ) ;
#1750 = VERTEX_POINT ( 'NONE', #3122 ) ;
#1751 = EDGE_CURVE ( 'NONE', #2873, #1089, #2378, .T. ) ;
#1752 = CARTESIAN_POINT ( 'NONE',  ( -0.2500000000000000000, 0.1011648248220486240, 0.09404992761242106369 ) ) ;
#1753 = DIRECTION ( 'NONE',  ( 0.000000000000000000, 1.000000000000000000, 0.000000000000000000 ) ) ;
#1754 = CARTESIAN_POINT ( 'NONE',  ( 0.2500000000000000000, -0.2121653543307086554, -1.092739197465704696E-15 ) ) ;
#1755 = ADVANCED_FACE ( 'NONE', ( #1325 ), #1556, .T. ) ;
#1756 = LINE ( 'NONE', #2566, #2545 ) ;
#1757 = ORIENTED_EDGE ( 'NONE', *, *, #2282, .T. ) ;
#1758 = VERTEX_POINT ( 'NONE', #1374 ) ;
#1759 = PRODUCT_DEFINITION ( 'UNKNOWN', '', #1583, #1909 ) ;
#1760 = CARTESIAN_POINT ( 'NONE',  ( 0.2342519685039370636, -0.2320096472230680773, 0.08163769426674710727 ) ) ;
#1761 = VECTOR ( 'NONE', #2494, 39.37007874015748143 ) ;
#1762 = CARTESIAN_POINT ( 'NONE',  ( 0.2216286780477768059, -0.2023228346456693028, 0.07765682044553778862 ) ) ;
#1763 = VECTOR ( 'NONE', #2307, 39.37007874015748143 ) ;
#1764 = CARTESIAN_POINT ( 'NONE',  ( -0.1181102362204724532, 0.07874015748031495954, -0.02362204724409448786 ) ) ;
#1765 = EDGE_LOOP ( 'NONE', ( #1994, #1035, #1778, #2692 ) ) ;
#1766 = EDGE_LOOP ( 'NONE', ( #2809, #1394, #3217, #3089 ) ) ;
#1767 = CARTESIAN_POINT ( 'NONE',  ( -0.3149606299212598381, 0.1181102362204724532, 0.02362204724409448786 ) ) ;
#1768 = DIRECTION ( 'NONE',  ( 0.000000000000000000, 0.000000000000000000, -1.000000000000000000 ) ) ;
#1769 = CIRCLE ( 'NONE', #3022, 0.08930151325141610918 ) ;
#1770 = DIRECTION ( 'NONE',  ( 0.000000000000000000, 0.000000000000000000, -1.000000000000000000 ) ) ;
#1771 = VERTEX_POINT ( 'NONE', #2686 ) ;
#1772 = DIRECTION ( 'NONE',  ( 0.000000000000000000, 0.000000000000000000, -1.000000000000000000 ) ) ;
#1773 = PRODUCT_DEFINITION_SHAPE ( 'NONE', 'NONE',  #3359 ) ;
#1774 = CONICAL_SURFACE ( 'NONE', #99, 0.08267716535433068670, 1.172861257340199082 ) ;
#1775 = EDGE_CURVE ( 'NONE', #2844, #3265, #546, .T. ) ;
#1776 = DIRECTION ( 'NONE',  ( 0.000000000000000000, 1.000000000000000000, 0.000000000000000000 ) ) ;
#1777 = CARTESIAN_POINT ( 'NONE',  ( 0.2500000000000000000, -0.2174437897093551286, -1.092739197465704696E-15 ) ) ;
#1778 = ORIENTED_EDGE ( 'NONE', *, *, #2026, .T. ) ;
#1779 = ORIENTED_EDGE ( 'NONE', *, *, #2027, .T. ) ;
#1780 = FACE_OUTER_BOUND ( 'NONE', #1526, .T. ) ;
#1781 = FACE_OUTER_BOUND ( 'NONE', #1786, .T. ) ;
#1782 = ADVANCED_FACE ( 'NONE', ( #368 ), #837, .T. ) ;
#1783 = EDGE_CURVE ( 'NONE', #617, #1224, #2652, .T. ) ;
#1784 = DIRECTION ( 'NONE',  ( 1.000000000000000000, 0.000000000000000000, 0.000000000000000000 ) ) ;
#1785 = EDGE_CURVE ( 'NONE', #30, #538, #1665, .T. ) ;
#1786 = EDGE_LOOP ( 'NONE', ( #2190, #1549, #351, #2596 ) ) ;
#1787 = DIRECTION ( 'NONE',  ( 0.000000000000000000, 0.000000000000000000, -1.000000000000000000 ) ) ;
#1788 = SHAPE_DEFINITION_REPRESENTATION ( #481, #2703 ) ;
#1789 = CARTESIAN_POINT ( 'NONE',  ( -0.2657480314960630197, -0.2200078722770909545, 0.08832516852143444674 ) ) ;
#1790 = LINE ( 'NONE', #2824, #1062 ) ;
#1791 = VERTEX_POINT ( 'NONE', #2465 ) ;
#1792 = ORIENTED_EDGE ( 'NONE', *, *, #2183, .F. ) ;
#1793 = EDGE_CURVE ( 'NONE', #2725, #2467, #1477, .T. ) ;
#1794 = DIRECTION ( 'NONE',  ( 0.000000000000000000, -1.000000000000000000, 0.000000000000000000 ) ) ;
#1795 = CARTESIAN_POINT ( 'NONE',  ( 0.2342519685039370358, -0.2174437897093551286, -0.08917127285752991794 ) ) ;
#1796 = ORIENTED_EDGE ( 'NONE', *, *, #496, .T. ) ;
#1797 = CARTESIAN_POINT ( 'NONE',  ( 0.2657480314960630197, -0.2141338582677165536, -0.08116349656727776807 ) ) ;
#1798 = ORIENTED_EDGE ( 'NONE', *, *, #269, .F. ) ;
#1799 = LINE ( 'NONE', #2543, #576 ) ;
#1800 = VERTEX_POINT ( 'NONE', #445 ) ;
#1801 = LINE ( 'NONE', #520, #1377 ) ;
#1802 = APPLICATION_PROTOCOL_DEFINITION ( 'draft international standard', 'automotive_design', 1998, #1818 ) ;
#1803 = VECTOR ( 'NONE', #965, 39.37007874015748143 ) ;
#1804 = VECTOR ( 'NONE', #2735, 39.37007874015748143 ) ;
#1805 = DIRECTION ( 'NONE',  ( 0.000000000000000000, 1.000000000000000000, 0.000000000000000000 ) ) ;
#1806 = DIRECTION ( 'NONE',  ( 0.000000000000000000, 1.000000000000000000, 0.000000000000000000 ) ) ;
#1807 = ORIENTED_EDGE ( 'NONE', *, *, #2875, .F. ) ;
#1808 = CIRCLE ( 'NONE', #1116, 0.06121913580175593339 ) ;
#1809 = EDGE_LOOP ( 'NONE', ( #3074, #1587, #2343, #359, #2568, #2361, #571, #1631, #2122, #2847 ) ) ;
#1810 = VERTEX_POINT ( 'NONE', #1414 ) ;
#1811 = DIRECTION ( 'NONE',  ( 0.000000000000000000, 0.000000000000000000, 1.000000000000000000 ) ) ;
#1812 = AXIS2_PLACEMENT_3D ( 'NONE', #2276, #2262, #1002 ) ;
#1813 = LINE ( 'NONE', #2582, #595 ) ;
#1814 = VERTEX_POINT ( 'NONE', #2181 ) ;
#1815 = EDGE_CURVE ( 'NONE', #2532, #893, #3247, .T. ) ;
#1816 = FACE_OUTER_BOUND ( 'NONE', #2787, .T. ) ;
#1817 = EDGE_CURVE ( 'NONE', #875, #508, #1684, .T. ) ;
#1818 = APPLICATION_CONTEXT ( 'automotive_design' ) ;
#1819 = ORIENTED_EDGE ( 'NONE', *, *, #2287, .F. ) ;
#1820 = AXIS2_PLACEMENT_3D ( 'NONE', #1244, #1181, #400 ) ;
#1821 = CARTESIAN_POINT ( 'NONE',  ( 0.2657480314960630197, -0.2308457862832890006, -0.08265468857708975492 ) ) ;
#1822 = VERTEX_POINT ( 'NONE', #1985 ) ;
#1823 = DIRECTION ( 'NONE',  ( 0.000000000000000000, 1.000000000000000000, 0.000000000000000000 ) ) ;
#1824 = DIRECTION ( 'NONE',  ( 1.000000000000000000, 0.000000000000000000, 0.000000000000000000 ) ) ;
#1825 = DIRECTION ( 'NONE',  ( -1.000000000000000000, 0.000000000000000000, 0.000000000000000000 ) ) ;
#1826 = VECTOR ( 'NONE', #3140, 39.37007874015748143 ) ;
#1827 = EDGE_LOOP ( 'NONE', ( #1519, #2679, #3226, #280 ) ) ;
#1828 = EDGE_LOOP ( 'NONE', ( #1807, #1914 ) ) ;
#1829 = DIRECTION ( 'NONE',  ( 0.000000000000000000, 1.000000000000000000, 0.000000000000000000 ) ) ;
#1830 = LINE ( 'NONE', #2141, #326 ) ;
#1831 = VERTEX_POINT ( 'NONE', #1182 ) ;
#1832 = CARTESIAN_POINT ( 'NONE',  ( 0.2657480314960630197, -0.2416929133858267964, 0.1250000000000000000 ) ) ;
#1833 = VERTEX_POINT ( 'NONE', #1722 ) ;
#1834 = CARTESIAN_POINT ( 'NONE',  ( -0.3149606299212598381, 0.07874015748031495954, -0.02362204724409243742 ) ) ;
#1835 = ORIENTED_EDGE ( 'NONE', *, *, #1279, .T. ) ;
#1836 = UNCERTAINTY_MEASURE_WITH_UNIT (LENGTH_MEASURE( 1.000000000000000082E-05 ), #1203, 'distance_accuracy_value', 'NONE');
#1837 = AXIS2_PLACEMENT_3D ( 'NONE', #2585, #515, #1614 ) ;
#1838 = DIRECTION ( 'NONE',  ( 0.000000000000000000, 1.000000000000000000, 0.000000000000000000 ) ) ;
#1839 =( NAMED_UNIT ( * ) PLANE_ANGLE_UNIT ( ) SI_UNIT ( $, .RADIAN. ) );
#1840 = DIRECTION ( 'NONE',  ( 0.000000000000000000, 1.000000000000000000, 0.000000000000000000 ) ) ;
#1841 = ORIENTED_EDGE ( 'NONE', *, *, #2595, .T. ) ;
#1842 = ORIENTED_EDGE ( 'NONE', *, *, #734, .T. ) ;
#1843 = DIRECTION ( 'NONE',  ( -1.000000000000000000, -8.260587980841940949E-15, 0.000000000000000000 ) ) ;
#1844 = DIRECTION ( 'NONE',  ( 0.000000000000000000, -1.000000000000000000, 0.000000000000000000 ) ) ;
#1845 = ORIENTED_EDGE ( 'NONE', *, *, #1201, .T. ) ;
#1846 = ADVANCED_FACE ( 'NONE', ( #1939 ), #1916, .F. ) ;
#1847 = DIRECTION ( 'NONE',  ( 0.000000000000000000, 0.000000000000000000, 1.000000000000000000 ) ) ;
#1848 = PLANE ( 'NONE',  #1568 ) ;
#1849 = VECTOR ( 'NONE', #1149, 39.37007874015748143 ) ;
#1850 = EDGE_CURVE ( 'NONE', #2449, #3114, #248, .T. ) ;
#1851 = ORIENTED_EDGE ( 'NONE', *, *, #205, .T. ) ;
#1852 = FACE_OUTER_BOUND ( 'NONE', #2076, .T. ) ;
#1853 = ORIENTED_EDGE ( 'NONE', *, *, #1504, .T. ) ;
#1854 = EDGE_CURVE ( 'NONE', #2205, #554, #2784, .T. ) ;
#1855 = CARTESIAN_POINT ( 'NONE',  ( 0.1181102362204708711, 0.03937007874015747977, -0.02362204724409243742 ) ) ;
#1856 = DIMENSIONAL_EXPONENTS ( 1.000000000000000000, 0.000000000000000000, 0.000000000000000000, 0.000000000000000000, 0.000000000000000000, 0.000000000000000000, 0.000000000000000000 ) ;
#1857 = CARTESIAN_POINT ( 'NONE',  ( -0.1181102362204724532, 0.03937007874015747977, -0.02362204724409448786 ) ) ;
#1858 = VERTEX_POINT ( 'NONE', #2991 ) ;
#1859 = ORIENTED_EDGE ( 'NONE', *, *, #353, .F. ) ;
#1860 = ORIENTED_EDGE ( 'NONE', *, *, #227, .F. ) ;
#1861 = CARTESIAN_POINT ( 'NONE',  ( -0.2657480314960630752, -0.2378108952978082447, 0.07429137131410996908 ) ) ;
#1862 = AXIS2_PLACEMENT_3D ( 'NONE', #276, #307, #2119 ) ;
#1863 = CARTESIAN_POINT ( 'NONE',  ( -0.1673278367965108371, -0.2416929133858267964, 2.731847993664263711E-16 ) ) ;
#1864 = VERTEX_POINT ( 'NONE', #912 ) ;
#1865 = CARTESIAN_POINT ( 'NONE',  ( -0.2755905511811023723, 0.000000000000000000, -0.1220866141732283444 ) ) ;
#1866 = PLANE ( 'NONE',  #212 ) ;
#1867 = AXIS2_PLACEMENT_3D ( 'NONE', #1865, #1416, #124 ) ;
#1868 = CARTESIAN_POINT ( 'NONE',  ( -0.2342519685039370358, -0.2174437897093555172, 0.08917127285752873833 ) ) ;
#1869 = DIRECTION ( 'NONE',  ( 1.000000000000000000, 0.000000000000000000, 0.000000000000000000 ) ) ;
#1870 = AXIS2_PLACEMENT_3D ( 'NONE', #3081, #2049, #1226 ) ;
#1871 = CARTESIAN_POINT ( 'NONE',  ( -0.1181102362204724532, 0.07874015748031495954, -0.1220866141732283444 ) ) ;
#1872 = ORIENTED_EDGE ( 'NONE', *, *, #2841, .F. ) ;
#1873 = DIRECTION ( 'NONE',  ( -1.000000000000000000, 0.000000000000000000, 0.000000000000000000 ) ) ;
#1874 = AXIS2_PLACEMENT_3D ( 'NONE', #3107, #1057, #2042 ) ;
#1875 = AXIS2_PLACEMENT_3D ( 'NONE', #73, #1949, #156 ) ;
#1876 = EDGE_CURVE ( 'NONE', #3114, #1758, #2956, .T. ) ;
#1877 = CARTESIAN_POINT ( 'NONE',  ( -0.2244984117617811192, -0.1695216281996035357, -0.07870525558169318148 ) ) ;
#1878 = CARTESIAN_POINT ( 'NONE',  ( 0.2303898681478004085, -0.1021819735679588559, 0.08031784608520374513 ) ) ;
#1879 = ORIENTED_EDGE ( 'NONE', *, *, #225, .T. ) ;
#1880 = EDGE_CURVE ( 'NONE', #2408, #121, #401, .T. ) ;
#1881 = CARTESIAN_POINT ( 'NONE',  ( -0.2657480314960630752, -0.2391911839806998563, 0.07148739142261621715 ) ) ;
#1882 = DIRECTION ( 'NONE',  ( 0.000000000000000000, 0.000000000000000000, 1.000000000000000000 ) ) ;
#1883 = EDGE_LOOP ( 'NONE', ( #944, #2078, #3332, #2338, #2696, #2942 ) ) ;
#1884 = CARTESIAN_POINT ( 'NONE',  ( -0.2500000000000000000, 0.09842519685039370636, 0.07455646169231140707 ) ) ;
#1885 = CARTESIAN_POINT ( 'NONE',  ( -0.3149606299212598381, 0.000000000000000000, -0.02362204724409243742 ) ) ;
#1886 = CARTESIAN_POINT ( 'NONE',  ( -0.3149606299212598381, 0.000000000000000000, 0.02362204724409653483 ) ) ;
#1887 = EDGE_CURVE ( 'NONE', #177, #2964, #2739, .T. ) ;
#1888 = DIRECTION ( 'NONE',  ( 0.000000000000000000, -1.000000000000000000, 0.000000000000000000 ) ) ;
#1889 = PLANE ( 'NONE',  #1598 ) ;
#1890 = ORIENTED_EDGE ( 'NONE', *, *, #2965, .T. ) ;
#1891 = CARTESIAN_POINT ( 'NONE',  ( -0.2342519685039370358, -0.2378108952978080504, -0.07429137131411024664 ) ) ;
#1892 = DIRECTION ( 'NONE',  ( -8.779158016724232476E-17, -0.9902680687415703620, 0.1391731009600656599 ) ) ;
#1893 = EDGE_CURVE ( 'NONE', #2547, #1294, #2620, .T. ) ;
#1894 = CARTESIAN_POINT ( 'NONE',  ( -0.2500000000000000000, 0.1181102362204724532, -0.07455646169231140707 ) ) ;
#1895 = EDGE_CURVE ( 'NONE', #79, #2102, #1178, .T. ) ;
#1896 = DIRECTION ( 'NONE',  ( 0.000000000000000000, 1.000000000000000000, 0.000000000000000000 ) ) ;
#1897 = ORIENTED_EDGE ( 'NONE', *, *, #2003, .T. ) ;
#1898 = CARTESIAN_POINT ( 'NONE',  ( -0.2783713219522232496, -0.2023228346456693028, -0.07765682044553857966 ) ) ;
#1899 = DIRECTION ( 'NONE',  ( -1.000000000000000000, 0.000000000000000000, 0.000000000000000000 ) ) ;
#1900 = ORIENTED_EDGE ( 'NONE', *, *, #1785, .F. ) ;
#1901 = EDGE_CURVE ( 'NONE', #127, #2330, #2364, .T. ) ;
#1902 = CARTESIAN_POINT ( 'NONE',  ( 0.2500000000000000000, -0.2174437897093551286, -1.092739197465704696E-15 ) ) ;
#1903 = DIRECTION ( 'NONE',  ( 0.000000000000000000, 0.000000000000000000, 1.000000000000000000 ) ) ;
#1904 = CARTESIAN_POINT ( 'NONE',  ( 0.3326771653543306728, -0.03499999999999894168, -1.092739197465704696E-15 ) ) ;
#1905 = ORIENTED_EDGE ( 'NONE', *, *, #2537, .F. ) ;
#1906 = DIRECTION ( 'NONE',  ( 1.000000000000000000, 0.000000000000000000, 0.000000000000000000 ) ) ;
#1907 = TOROIDAL_SURFACE ( 'NONE', #1967, 0.06121913580175591257, 0.02952755905511811330 ) ;
#1908 = VERTEX_POINT ( 'NONE', #3263 ) ;
#1909 = PRODUCT_DEFINITION_CONTEXT ( 'detailed design', #2695, 'design' ) ;
#1910 = CARTESIAN_POINT ( 'NONE',  ( 0.2342519685039370358, -0.2141338582677165536, 0.08116349656727560313 ) ) ;
#1911 = CARTESIAN_POINT ( 'NONE',  ( -0.2500000000000000000, -0.2174437897093555172, 2.731847993664263711E-16 ) ) ;
#1912 = DIRECTION ( 'NONE',  ( 0.000000000000000000, 1.000000000000000000, 0.000000000000000000 ) ) ;
#1913 = DIRECTION ( 'NONE',  ( 0.9961946980917461003, 0.08715574274765179597, 4.838115616337499110E-18 ) ) ;
#1914 = ORIENTED_EDGE ( 'NONE', *, *, #1408, .T. ) ;
#1915 = CARTESIAN_POINT ( 'NONE',  ( -0.2755905511811023723, 0.03937007874015747977, -0.02362204724409448786 ) ) ;
#1916 = PLANE ( 'NONE',  #1595 ) ;
#1917 = VERTEX_POINT ( 'NONE', #2706 ) ;
#1918 = DIRECTION ( 'NONE',  ( 0.000000000000000000, 1.000000000000000000, 0.000000000000000000 ) ) ;
#1919 = AXIS2_PLACEMENT_3D ( 'NONE', #997, #2792, #1730 ) ;
#1920 = CIRCLE ( 'NONE', #300, 0.09404992761242106369 ) ;
#1921 = DIRECTION ( 'NONE',  ( 0.000000000000000000, 0.000000000000000000, 1.000000000000000000 ) ) ;
#1922 = CARTESIAN_POINT ( 'NONE',  ( 0.1594488188976377896, -0.2174437897093551286, -1.092922935570527756E-15 ) ) ;
#1923 = EDGE_CURVE ( 'NONE', #261, #3130, #943, .T. ) ;
#1924 = LINE ( 'NONE', #2708, #249 ) ;
#1925 = ADVANCED_FACE ( 'NONE', ( #1464 ), #1162, .T. ) ;
#1926 = LINE ( 'NONE', #645, #2308 ) ;
#1927 = ORIENTED_EDGE ( 'NONE', *, *, #1876, .T. ) ;
#1928 = DIRECTION ( 'NONE',  ( 0.000000000000000000, 0.000000000000000000, -1.000000000000000000 ) ) ;
#1929 = TOROIDAL_SURFACE ( 'NONE', #906, 0.06121913580175591257, 0.02952755905511811330 ) ;
#1930 = AXIS2_PLACEMENT_3D ( 'NONE', #493, #1287, #717 ) ;
#1931 = DIRECTION ( 'NONE',  ( 0.000000000000000000, 0.000000000000000000, 1.000000000000000000 ) ) ;
#1932 = CARTESIAN_POINT ( 'NONE',  ( 0.2755905511811023723, 0.000000000000000000, -0.1220866141732283444 ) ) ;
#1933 = CARTESIAN_POINT ( 'NONE',  ( -0.2500000000000000000, -0.2141338582677165536, 2.731847993664263711E-16 ) ) ;
#1934 = ORIENTED_EDGE ( 'NONE', *, *, #2810, .F. ) ;
#1935 = EDGE_CURVE ( 'NONE', #2413, #833, #961, .T. ) ;
#1936 = EDGE_CURVE ( 'NONE', #130, #2820, #684, .T. ) ;
#1937 = VECTOR ( 'NONE', #2215, 39.37007874015748143 ) ;
#1938 = CARTESIAN_POINT ( 'NONE',  ( -0.07874015748031495954, 0.07874015748031495954, 0.02362204724409448786 ) ) ;
#1939 = FACE_OUTER_BOUND ( 'NONE', #1809, .T. ) ;
#1940 = ORIENTED_EDGE ( 'NONE', *, *, #959, .F. ) ;
#1941 = VERTEX_POINT ( 'NONE', #207 ) ;
#1942 = CARTESIAN_POINT ( 'NONE',  ( -0.2342519685039370358, -0.2141338582677165536, 0.08116349656727699091 ) ) ;
#1943 = LINE ( 'NONE', #322, #672 ) ;
#1944 = VECTOR ( 'NONE', #3316, 39.37007874015748143 ) ;
#1945 = ORIENTED_EDGE ( 'NONE', *, *, #122, .F. ) ;
#1946 = VECTOR ( 'NONE', #931, 39.37007874015748143 ) ;
#1947 = CARTESIAN_POINT ( 'NONE',  ( -0.2668845903343354808, -0.09266679338570202318, -0.08101639362393261989 ) ) ;
#1948 = ORIENTED_EDGE ( 'NONE', *, *, #1817, .F. ) ;
#1949 = DIRECTION ( 'NONE',  ( 0.000000000000000000, -1.000000000000000000, -5.551115123125779621E-17 ) ) ;
#1950 = EDGE_CURVE ( 'NONE', #305, #289, #1386, .T. ) ;
#1951 = CARTESIAN_POINT ( 'NONE',  ( 0.1181102362204724532, 0.03937007874015747977, 0.02362204724409448786 ) ) ;
#1952 = CARTESIAN_POINT ( 'NONE',  ( 0.2500000000000000000, 0.000000000000000000, 0.000000000000000000 ) ) ;
#1953 = VERTEX_POINT ( 'NONE', #1518 ) ;
#1954 = CARTESIAN_POINT ( 'NONE',  ( -0.3326771653543306728, -0.2141338582677165536, 2.630597667750503584E-16 ) ) ;
#1955 = CARTESIAN_POINT ( 'NONE',  ( 0.07874015748031339135, 0.000000000000000000, -0.02362204724409243742 ) ) ;
#1956 = ORIENTED_EDGE ( 'NONE', *, *, #303, .F. ) ;
#1957 = ORIENTED_EDGE ( 'NONE', *, *, #1054, .F. ) ;
#1958 = CARTESIAN_POINT ( 'NONE',  ( 0.2342519685039370358, -0.2416929133858267964, -1.092739197465704696E-15 ) ) ;
#1959 = LINE ( 'NONE', #424, #1523 ) ;
#1960 = DIRECTION ( 'NONE',  ( 1.000000000000000000, 0.000000000000000000, 0.000000000000000000 ) ) ;
#1961 = DIRECTION ( 'NONE',  ( -1.000000000000000000, 0.000000000000000000, 0.000000000000000000 ) ) ;
#1962 = CARTESIAN_POINT ( 'NONE',  ( -0.2524174214937957572, -0.08421145164936159888, -0.08267735214552011935 ) ) ;
#1963 = EDGE_CURVE ( 'NONE', #2870, #2547, #3228, .T. ) ;
#1964 = ORIENTED_EDGE ( 'NONE', *, *, #10, .T. ) ;
#1965 = CARTESIAN_POINT ( 'NONE',  ( 0.2500000000000000000, -0.03499999999999894168, -1.092739197465704696E-15 ) ) ;
#1966 = LINE ( 'NONE', #1951, #2682 ) ;
#1967 = AXIS2_PLACEMENT_3D ( 'NONE', #168, #994, #1237 ) ;
#1968 = LENGTH_MEASURE_WITH_UNIT ( LENGTH_MEASURE( 0.02539999999999999897 ), #3274 );
#1969 = FILL_AREA_STYLE_COLOUR ( '', #314 ) ;
#1970 = DIRECTION ( 'NONE',  ( 0.000000000000000000, 0.000000000000000000, 1.000000000000000000 ) ) ;
#1971 = ORIENTED_EDGE ( 'NONE', *, *, #1045, .T. ) ;
#1972 = ORIENTED_EDGE ( 'NONE', *, *, #727, .T. ) ;
#1973 = DIRECTION ( 'NONE',  ( 0.000000000000000000, 0.000000000000000000, 1.000000000000000000 ) ) ;
#1974 = CARTESIAN_POINT ( 'NONE',  ( -0.2342519685039370358, -0.2416929133858267964, -0.05915895614624055304 ) ) ;
#1975 = FACE_OUTER_BOUND ( 'NONE', #2014, .T. ) ;
#1976 = VECTOR ( 'NONE', #2081, 39.37007874015748143 ) ;
#1977 = CIRCLE ( 'NONE', #2791, 0.08267716535433068670 ) ;
#1978 = FACE_BOUND ( 'NONE', #2507, .T. ) ;
#1979 = ORIENTED_EDGE ( 'NONE', *, *, #1895, .F. ) ;
#1980 = LINE ( 'NONE', #183, #1128 ) ;
#1981 = VECTOR ( 'NONE', #1435, 39.37007874015748143 ) ;
#1982 = CARTESIAN_POINT ( 'NONE',  ( 0.3149606299212598381, 0.1181102362204724532, 0.02362204724409448786 ) ) ;
#1983 = AXIS2_PLACEMENT_3D ( 'NONE', #2232, #1217, #433 ) ;
#1984 = CARTESIAN_POINT ( 'NONE',  ( -0.2500000000000000000, 0.1181102362204724532, 0.04921259842519685318 ) ) ;
#1985 = CARTESIAN_POINT ( 'NONE',  ( -0.2657480314960630197, -0.2023228346456693028, -0.08116349656727657458 ) ) ;
#1986 = ORIENTED_EDGE ( 'NONE', *, *, #2160, .T. ) ;
#1987 = AXIS2_PLACEMENT_3D ( 'NONE', #3101, #1776, #1268 ) ;
#1988 = VERTEX_POINT ( 'NONE', #1747 ) ;
#1989 = LINE ( 'NONE', #1752, #1803 ) ;
#1990 = CARTESIAN_POINT ( 'NONE',  ( -0.2216286780477771667, -0.2023228346456693028, 0.07765682044553896823 ) ) ;
#1991 = AXIS2_PLACEMENT_3D ( 'NONE', #1634, #1657, #360 ) ;
#1992 = CARTESIAN_POINT ( 'NONE',  ( 0.2500000000000000000, 0.000000000000000000, 0.1082677165354330728 ) ) ;
#1993 = PLANE ( 'NONE',  #1594 ) ;
#1994 = ORIENTED_EDGE ( 'NONE', *, *, #3342, .T. ) ;
#1995 = B_SPLINE_CURVE_WITH_KNOTS ( 'NONE', 3,
 ( #926, #1679, #615, #1637 ),
 .UNSPECIFIED., .F., .F.,
 ( 4, 4 ),
 ( 0.002832913685900425270, 0.002935786532568640354 ),
 .UNSPECIFIED. ) ;
#1996 = DIRECTION ( 'NONE',  ( 0.000000000000000000, 1.000000000000000000, 0.000000000000000000 ) ) ;
#1997 = EDGE_CURVE ( 'NONE', #1299, #543, #1554, .T. ) ;
#1998 = AXIS2_PLACEMENT_3D ( 'NONE', #2668, #2433, #1899 ) ;
#1999 = LINE ( 'NONE', #2016, #150 ) ;
#2000 = EDGE_CURVE ( 'NONE', #1833, #2858, #991, .T. ) ;
#2001 = SURFACE_SIDE_STYLE ('',( #2289 ) ) ;
#2002 = EDGE_CURVE ( 'NONE', #313, #1060, #2019, .T. ) ;
#2003 = EDGE_CURVE ( 'NONE', #261, #298, #2293, .T. ) ;
#2004 = DIRECTION ( 'NONE',  ( 0.000000000000000000, 1.000000000000000000, 5.551115123125779621E-17 ) ) ;
#2005 = ORIENTED_EDGE ( 'NONE', *, *, #2529, .T. ) ;
#2006 = EDGE_CURVE ( 'NONE', #1864, #1561, #2527, .T. ) ;
#2007 = ORIENTED_EDGE ( 'NONE', *, *, #1893, .F. ) ;
#2008 = CARTESIAN_POINT ( 'NONE',  ( -0.3149606299212598381, 0.03937007874015747977, -0.02362204724409448786 ) ) ;
#2009 = CIRCLE ( 'NONE', #3039, 0.01968503937007873988 ) ;
#2010 = DIRECTION ( 'NONE',  ( 1.000000000000000000, 0.000000000000000000, 1.707404996040164820E-17 ) ) ;
#2011 = ADVANCED_FACE ( 'NONE', ( #188 ), #2088, .T. ) ;
#2012 = CARTESIAN_POINT ( 'NONE',  ( -0.2229912938306858328, -0.03500000000000000333, -0.1220472440944881942 ) ) ;
#2013 = FACE_OUTER_BOUND ( 'NONE', #1723, .T. ) ;
#2014 = EDGE_LOOP ( 'NONE', ( #1608, #259, #347, #3064, #1666 ) ) ;
#2015 = ORIENTED_EDGE ( 'NONE', *, *, #2496, .F. ) ;
#2016 = CARTESIAN_POINT ( 'NONE',  ( 0.2500000000000000000, -0.2434823810225118235, -0.1220472440944881942 ) ) ;
#2017 = VECTOR ( 'NONE', #2203, 39.37007874015748143 ) ;
#2018 = FACE_OUTER_BOUND ( 'NONE', #1827, .T. ) ;
#2019 = LINE ( 'NONE', #3053, #1763 ) ;
#2020 = VERTEX_POINT ( 'NONE', #1764 ) ;
#2021 = VERTEX_POINT ( 'NONE', #3087 ) ;
#2022 = CYLINDRICAL_SURFACE ( 'NONE', #62, 0.08267716535433068670 ) ;
#2023 = DIRECTION ( 'NONE',  ( -1.000000000000000000, 0.000000000000000000, 0.000000000000000000 ) ) ;
#2024 = CIRCLE ( 'NONE', #139, 0.1082677165354330728 ) ;
#2025 = CARTESIAN_POINT ( 'NONE',  ( 0.2229912938306898018, 1.085964214441417286E-15, 0.1220472440944881942 ) ) ;
#2026 = EDGE_CURVE ( 'NONE', #1810, #1694, #1790, .T. ) ;
#2027 = EDGE_CURVE ( 'NONE', #1479, #2113, #2879, .T. ) ;
#2028 = ORIENTED_EDGE ( 'NONE', *, *, #2026, .F. ) ;
#2029 = LINE ( 'NONE', #2834, #2635 ) ;
#2030 = VECTOR ( 'NONE', #1873, 39.37007874015748143 ) ;
#2031 = VECTOR ( 'NONE', #135, 39.37007874015748143 ) ;
#2032 = DIRECTION ( 'NONE',  ( 0.000000000000000000, 0.000000000000000000, 1.000000000000000000 ) ) ;
#2033 = VECTOR ( 'NONE', #894, 39.37007874015748143 ) ;
#2034 = DIRECTION ( 'NONE',  ( 0.000000000000000000, 0.000000000000000000, -1.000000000000000000 ) ) ;
#2035 = AXIS2_PLACEMENT_3D ( 'NONE', #3169, #616, #2593 ) ;
#2036 = PLANE ( 'NONE',  #27 ) ;
#2037 = ORIENTED_EDGE ( 'NONE', *, *, #841, .T. ) ;
#2038 = ADVANCED_FACE ( 'NONE', ( #1269 ), #788, .T. ) ;
#2039 = ADVANCED_FACE ( 'NONE', ( #462 ), #2036, .T. ) ;
#2040 = ORIENTED_EDGE ( 'NONE', *, *, #2841, .T. ) ;
#2041 = CIRCLE ( 'NONE', #1180, 0.08267716535433068670 ) ;
#2042 = DIRECTION ( 'NONE',  ( 0.000000000000000000, 1.000000000000000000, 0.000000000000000000 ) ) ;
#2043 = ADVANCED_FACE ( 'NONE', ( #2799 ), #3311, .F. ) ;
#2044 = CARTESIAN_POINT ( 'NONE',  ( 0.2696101318521996193, -0.1021819735679588559, 0.08031784608520374513 ) ) ;
#2045 = VECTOR ( 'NONE', #2848, 39.37007874015748143 ) ;
#2046 = FACE_OUTER_BOUND ( 'NONE', #279, .T. ) ;
#2047 = TOROIDAL_SURFACE ( 'NONE', #3073, 0.06121913580175591257, 0.02952755905511811330 ) ;
#2048 = ORIENTED_EDGE ( 'NONE', *, *, #133, .T. ) ;
#2049 = DIRECTION ( 'NONE',  ( -1.000000000000000000, 0.000000000000000000, 0.000000000000000000 ) ) ;
#2050 = APPLICATION_PROTOCOL_DEFINITION ( 'draft international standard', 'automotive_design', 1998, #1087 ) ;
#2051 = EDGE_CURVE ( 'NONE', #121, #3278, #577, .T. ) ;
#2052 = AXIS2_PLACEMENT_3D ( 'NONE', #602, #3188, #1393 ) ;
#2053 = CARTESIAN_POINT ( 'NONE',  ( -0.2657480314960630197, -0.2152356321050445109, 0.08383339392664626577 ) ) ;
#2054 = CARTESIAN_POINT ( 'NONE',  ( -0.3149606299212598381, 0.000000000000000000, 0.02362204724409653483 ) ) ;
#2055 = VERTEX_POINT ( 'NONE', #1336 ) ;
#2056 = ORIENTED_EDGE ( 'NONE', *, *, #390, .T. ) ;
#2057 = DIRECTION ( 'NONE',  ( 0.000000000000000000, 0.000000000000000000, 1.000000000000000000 ) ) ;
#2058 = CARTESIAN_POINT ( 'NONE',  ( 0.2500000000000000000, -0.2141338582677165536, -1.092739197465704696E-15 ) ) ;
#2059 = ORIENTED_EDGE ( 'NONE', *, *, #3250, .F. ) ;
#2060 = DIRECTION ( 'NONE',  ( 8.115498896123209774E-15, -1.000000000000000000, 0.000000000000000000 ) ) ;
#2061 = VERTEX_POINT ( 'NONE', #1584 ) ;
#2062 = LINE ( 'NONE', #518, #2753 ) ;
#2063 = ORIENTED_EDGE ( 'NONE', *, *, #1721, .T. ) ;
#2064 = FACE_OUTER_BOUND ( 'NONE', #1047, .T. ) ;
#2065 = ITEM_DEFINED_TRANSFORMATION ( 'NONE', 'NONE', #21,  #301 ) ;
#2066 = EDGE_CURVE ( 'NONE', #2492, #1005, #1303, .T. ) ;
#2067 = EDGE_CURVE ( 'NONE', #3314, #1558, #28, .T. ) ;
#2068 = CARTESIAN_POINT ( 'NONE',  ( -0.2657480314960630197, -0.2212898718811496246, 0.08790198958494567505 ) ) ;
#2069 = CARTESIAN_POINT ( 'NONE',  ( -0.2500000000000000000, -0.2174437897093555172, 2.731847993664263711E-16 ) ) ;
#2070 = ORIENTED_EDGE ( 'NONE', *, *, #3125, .F. ) ;
#2071 = ORIENTED_EDGE ( 'NONE', *, *, #1158, .T. ) ;
#2072 = CIRCLE ( 'NONE', #1311, 0.08930151325141615082 ) ;
#2073 = VERTEX_POINT ( 'NONE', #310 ) ;
#2074 = CARTESIAN_POINT ( 'NONE',  ( 0.3405511811023622104, -0.2174437897093551286, -1.092739197465704696E-15 ) ) ;
#2075 = PLANE ( 'NONE',  #3131 ) ;
#2076 = EDGE_LOOP ( 'NONE', ( #2702, #224, #2403, #1685 ) ) ;
#2077 = CARTESIAN_POINT ( 'NONE',  ( 0.2657480314960629642, -0.2397660864664511726, 0.07168824670239028196 ) ) ;
#2078 = ORIENTED_EDGE ( 'NONE', *, *, #2812, .T. ) ;
#2079 = CARTESIAN_POINT ( 'NONE',  ( 0.2657480314960630197, -0.2242044433538630532, -0.08680779182831264984 ) ) ;
#2080 = ORIENTED_EDGE ( 'NONE', *, *, #2098, .F. ) ;
#2081 = DIRECTION ( 'NONE',  ( 0.000000000000000000, -1.110223024625155924E-16, -1.000000000000000000 ) ) ;
#2082 =( NAMED_UNIT ( * ) SI_UNIT ( $, .STERADIAN. ) SOLID_ANGLE_UNIT ( ) );
#2083 = AXIS2_PLACEMENT_3D ( 'NONE', #539, #1569, #2609 ) ;
#2084 = DIRECTION ( 'NONE',  ( 0.000000000000000000, 0.000000000000000000, 1.000000000000000000 ) ) ;
#2085 = ORIENTED_EDGE ( 'NONE', *, *, #827, .F. ) ;
#2086 = ORIENTED_EDGE ( 'NONE', *, *, #1678, .F. ) ;
#2087 = CARTESIAN_POINT ( 'NONE',  ( 0.2303898681478004085, -0.1021819735679588559, 0.1250000000000000000 ) ) ;
#2088 = CONICAL_SURFACE ( 'NONE', #740, 0.09055118110236221041, 0.3141592653589756479 ) ;
#2089 = LINE ( 'NONE', #817, #2648 ) ;
#2090 = ORIENTED_EDGE ( 'NONE', *, *, #2066, .T. ) ;
#2091 = CARTESIAN_POINT ( 'NONE',  ( 0.2500000000000000000, 0.9527559055118109965, 0.000000000000000000 ) ) ;
#2092 = ORIENTED_EDGE ( 'NONE', *, *, #1158, .F. ) ;
#2093 =( GEOMETRIC_REPRESENTATION_CONTEXT ( 3 ) GLOBAL_UNCERTAINTY_ASSIGNED_CONTEXT ( ( #1836 ) ) GLOBAL_UNIT_ASSIGNED_CONTEXT ( ( #1203, #3262, #942 ) ) REPRESENTATION_CONTEXT ( 'NONE', 'WORKASPACE' ) );
#2094 = DIRECTION ( 'NONE',  ( 0.000000000000000000, 0.000000000000000000, 1.000000000000000000 ) ) ;
#2095 = EDGE_LOOP ( 'NONE', ( #2726, #581, #428 ) ) ;
#2096 = LINE ( 'NONE', #2624, #1487 ) ;
#2097 =( CONVERSION_BASED_UNIT ( 'INCH', #2822 ) LENGTH_UNIT ( ) NAMED_UNIT ( #1596 ) );
#2098 = EDGE_CURVE ( 'NONE', #1771, #814, #1491, .T. ) ;
#2099 = EDGE_CURVE ( 'NONE', #1036, #2330, #2877, .T. ) ;
#2100 = DIRECTION ( 'NONE',  ( 0.000000000000000000, -1.000000000000000000, -5.551115123125779621E-17 ) ) ;
#2101 = CIRCLE ( 'NONE', #974, 0.08267716535433068670 ) ;
#2102 = VERTEX_POINT ( 'NONE', #2390 ) ;
#2103 = PRODUCT ( '228-2500-242-OVERMOLD.step', '228-2500-242-OVERMOLD.step', '', ( #1317 ) ) ;
#2104 = VECTOR ( 'NONE', #2169, 39.37007874015748143 ) ;
#2105 = ADVANCED_FACE ( 'NONE', ( #1319 ), #1232, .T. ) ;
#2106 = VERTEX_POINT ( 'NONE', #44 ) ;
#2107 = FACE_OUTER_BOUND ( 'NONE', #977, .T. ) ;
#2108 = EDGE_CURVE ( 'NONE', #1091, #2885, #2360, .T. ) ;
#2109 = CARTESIAN_POINT ( 'NONE',  ( -0.07874015748031673589, 0.03937007874015747977, -0.1220866141732283444 ) ) ;
#2110 = VERTEX_POINT ( 'NONE', #278 ) ;
#2111 = ADVANCED_FACE ( 'NONE', ( #3135 ), #2120, .F. ) ;
#2112 = CARTESIAN_POINT ( 'NONE',  ( 0.1181102362204724532, 0.03937007874015747977, 0.02362204724409448786 ) ) ;
#2113 = VERTEX_POINT ( 'NONE', #1088 ) ;
#2114 = DIRECTION ( 'NONE',  ( 0.000000000000000000, -1.000000000000000000, 0.000000000000000000 ) ) ;
#2115 =( BOUNDED_CURVE ( )  B_SPLINE_CURVE ( 3, ( #1425, #1877, #2949, #2971 ),
 .UNSPECIFIED., .F., .T. ) 
 B_SPLINE_CURVE_WITH_KNOTS ( ( 4, 4 ),
 ( 4.362112093716119965, 4.472917508490045435 ),
 .UNSPECIFIED. ) 
 CURVE ( )  GEOMETRIC_REPRESENTATION_ITEM ( )  RATIONAL_B_SPLINE_CURVE ( ( 1.000000000000000000, 0.9989771083553059539, 0.9989771083553059539, 1.000000000000000000 ) ) 
 REPRESENTATION_ITEM ( '' )  );
#2116 = ORIENTED_EDGE ( 'NONE', *, *, #2299, .F. ) ;
#2117 = AXIS2_PLACEMENT_3D ( 'NONE', #1239, #2269, #983 ) ;
#2118 = CARTESIAN_POINT ( 'NONE',  ( -0.2500000000000000000, -0.2416929133858267964, 2.731847993664263711E-16 ) ) ;
#2119 = DIRECTION ( 'NONE',  ( 1.000000000000000000, 0.000000000000000000, 0.000000000000000000 ) ) ;
#2120 = PLANE ( 'NONE',  #2035 ) ;
#2121 = VERTEX_POINT ( 'NONE', #3118 ) ;
#2122 = ORIENTED_EDGE ( 'NONE', *, *, #2108, .F. ) ;
#2123 = CARTESIAN_POINT ( 'NONE',  ( -0.2342519685039370358, -0.2141338582677165536, 0.08116349656727699091 ) ) ;
#2124 = DIRECTION ( 'NONE',  ( -0.9218631515885042926, -0.3875155864520941074, 0.000000000000000000 ) ) ;
#2125 = ORIENTED_EDGE ( 'NONE', *, *, #1636, .F. ) ;
#2126 = DIRECTION ( 'NONE',  ( -1.000000000000000000, 0.000000000000000000, 0.000000000000000000 ) ) ;
#2127 = CARTESIAN_POINT ( 'NONE',  ( 0.2755905511811023723, 0.000000000000000000, -0.1220866141732283444 ) ) ;
#2128 = DIRECTION ( 'NONE',  ( -3.381577295976805152E-17, 0.1391731009600656599, 0.9902680687415703620 ) ) ;
#2129 = VERTEX_POINT ( 'NONE', #329 ) ;
#2130 = EDGE_CURVE ( 'NONE', #2102, #1619, #2612, .T. ) ;
#2131 = LINE ( 'NONE', #1834, #81 ) ;
#2132 = ORIENTED_EDGE ( 'NONE', *, *, #203, .T. ) ;
#2133 = CARTESIAN_POINT ( 'NONE',  ( -0.2657480314960630197, -0.2174437897093555172, 0.08917127285752873833 ) ) ;
#2134 = CARTESIAN_POINT ( 'NONE',  ( 0.2451460171799653143, -0.08421489507851764866, 0.08267679103346904645 ) ) ;
#2135 = EDGE_CURVE ( 'NONE', #3314, #2740, #11, .T. ) ;
#2136 = LINE ( 'NONE', #1857, #2290 ) ;
#2137 = AXIS2_PLACEMENT_3D ( 'NONE', #2118, #555, #306 ) ;
#2138 = ORIENTED_EDGE ( 'NONE', *, *, #3244, .F. ) ;
#2139 = CARTESIAN_POINT ( 'NONE',  ( -0.2657480314960630197, -0.2341854066282747782, 0.07940332320628970542 ) ) ;
#2140 = EDGE_CURVE ( 'NONE', #1619, #2055, #856, .T. ) ;
#2141 = CARTESIAN_POINT ( 'NONE',  ( 0.2500000000000000000, -0.2434823810225118235, 0.1220472440944881942 ) ) ;
#2142 = VECTOR ( 'NONE', #2674, 39.37007874015748143 ) ;
#2143 = ORIENTED_EDGE ( 'NONE', *, *, #1085, .F. ) ;
#2144 = LINE ( 'NONE', #2636, #1175 ) ;
#2145 = AXIS2_PLACEMENT_3D ( 'NONE', #704, #892, #638 ) ;
#2146 = DIRECTION ( 'NONE',  ( 1.000000000000000000, 0.000000000000000000, 0.000000000000000000 ) ) ;
#2147 = VECTOR ( 'NONE', #819, 39.37007874015748143 ) ;
#2148 = EDGE_CURVE ( 'NONE', #3106, #1337, #1052, .T. ) ;
#2149 = CARTESIAN_POINT ( 'NONE',  ( 0.2342519685039370358, -0.2141338582677165536, 0.08116349656727560313 ) ) ;
#2150 = AXIS2_PLACEMENT_3D ( 'NONE', #1711, #920, #2966 ) ;
#2151 = CARTESIAN_POINT ( 'NONE',  ( -0.2696101318522000634, -0.1021819735679592445, 0.1250000000000000000 ) ) ;
#2152 = AXIS2_PLACEMENT_3D ( 'NONE', #1566, #823, #1046 ) ;
#2153 = CARTESIAN_POINT ( 'NONE',  ( -0.2303898681478004085, -0.1021819735679592445, -0.08031784608520473046 ) ) ;
#2154 = ORIENTED_EDGE ( 'NONE', *, *, #1783, .F. ) ;
#2155 = CARTESIAN_POINT ( 'NONE',  ( -0.07874015748031673589, 0.000000000000000000, -0.1220866141732283444 ) ) ;
#2156 = CARTESIAN_POINT ( 'NONE',  ( 0.2657480314960630197, -0.2174437897093551286, -0.08917127285752991794 ) ) ;
#2157 = VECTOR ( 'NONE', #459, 39.37007874015748143 ) ;
#2158 = EDGE_LOOP ( 'NONE', ( #1948, #1003, #2167, #117 ) ) ;
#2159 = VECTOR ( 'NONE', #1138, 39.37007874015748143 ) ;
#2160 = EDGE_CURVE ( 'NONE', #2020, #294, #2136, .T. ) ;
#2161 = FACE_OUTER_BOUND ( 'NONE', #1160, .T. ) ;
#2162 = DIRECTION ( 'NONE',  ( 0.000000000000000000, 1.000000000000000000, 5.551115123125779621E-17 ) ) ;
#2163 = ORIENTED_EDGE ( 'NONE', *, *, #1051, .F. ) ;
#2164 = CARTESIAN_POINT ( 'NONE',  ( 0.3149606299212598381, 0.1181102362204724532, 0.02362204724409448786 ) ) ;
#2165 = VECTOR ( 'NONE', #317, 39.37007874015748143 ) ;
#2166 = DIRECTION ( 'NONE',  ( 0.000000000000000000, 1.000000000000000000, 0.000000000000000000 ) ) ;
#2167 = ORIENTED_EDGE ( 'NONE', *, *, #3259, .F. ) ;
#2168 = DIRECTION ( 'NONE',  ( 0.000000000000000000, -1.000000000000000000, 0.000000000000000000 ) ) ;
#2169 = DIRECTION ( 'NONE',  ( 1.000000000000000000, 0.000000000000000000, 0.000000000000000000 ) ) ;
#2170 = LINE ( 'NONE', #2941, #995 ) ;
#2171 = VERTEX_POINT ( 'NONE', #1878 ) ;
#2172 = DIRECTION ( 'NONE',  ( 0.000000000000000000, 0.000000000000000000, 1.000000000000000000 ) ) ;
#2173 = CARTESIAN_POINT ( 'NONE',  ( 0.2500000000000000000, 0.03937007874015747977, -0.1220472440944881942 ) ) ;
#2174 = VERTEX_POINT ( 'NONE', #1354 ) ;
#2175 = CARTESIAN_POINT ( 'NONE',  ( -0.3326771653543306728, -0.03500000000000000333, 2.630597667750503584E-16 ) ) ;
#2176 = CARTESIAN_POINT ( 'NONE',  ( -0.2342519685039370358, -0.2174437897093555172, 0.08917127285752873833 ) ) ;
#2177 = PLANE ( 'NONE',  #2684 ) ;
#2178 = ORIENTED_EDGE ( 'NONE', *, *, #3032, .F. ) ;
#2179 = EDGE_CURVE ( 'NONE', #1704, #1427, #812, .T. ) ;
#2180 = DIRECTION ( 'NONE',  ( 0.000000000000000000, -1.000000000000000000, 0.000000000000000000 ) ) ;
#2181 = CARTESIAN_POINT ( 'NONE',  ( -0.2755905511811023723, 0.03937007874015747977, -0.02362204724409243742 ) ) ;
#2182 = ORIENTED_EDGE ( 'NONE', *, *, #1229, .T. ) ;
#2183 = EDGE_CURVE ( 'NONE', #1800, #867, #873, .T. ) ;
#2184 = DIRECTION ( 'NONE',  ( 1.000000000000000000, 0.000000000000000000, 0.000000000000000000 ) ) ;
#2185 = B_SPLINE_CURVE_WITH_KNOTS ( 'NONE', 3,
 ( #2459, #886, #632, #848 ),
 .UNSPECIFIED., .F., .F.,
 ( 4, 4 ),
 ( 0.003029541235337110221, 0.003249628748158709963 ),
 .UNSPECIFIED. ) ;
#2186 = CARTESIAN_POINT ( 'NONE',  ( 0.3149606299212598381, 0.07874015748031495954, 0.02362204724409653483 ) ) ;
#2187 = CARTESIAN_POINT ( 'NONE',  ( 0.1673228346456692994, -0.2141338582677165536, -1.092739197465704696E-15 ) ) ;
#2188 = CARTESIAN_POINT ( 'NONE',  ( -0.2500000000000000000, -0.03500000000000000333, 2.731847993664263711E-16 ) ) ;
#2189 = AXIS2_PLACEMENT_3D ( 'NONE', #1141, #889, #634 ) ;
#2190 = ORIENTED_EDGE ( 'NONE', *, *, #1114, .T. ) ;
#2191 = FACE_OUTER_BOUND ( 'NONE', #1465, .T. ) ;
#2192 = EDGE_CURVE ( 'NONE', #1314, #2740, #3066, .T. ) ;
#2193 = CARTESIAN_POINT ( 'NONE',  ( 0.2657480314960630197, -0.2174437897093551286, -0.08917127285752991794 ) ) ;
#2194 = LINE ( 'NONE', #1894, #2204 ) ;
#2195 = CARTESIAN_POINT ( 'NONE',  ( -0.1181102362204724532, 0.03937007874015747977, 0.02362204724409448786 ) ) ;
#2196 = EDGE_LOOP ( 'NONE', ( #564, #2613, #2348, #3251, #569, #2615, #1453, #743, #821, #3103, #1555, #2878 ) ) ;
#2197 = LINE ( 'NONE', #2685, #2969 ) ;
#2198 = DIRECTION ( 'NONE',  ( 0.000000000000000000, 0.000000000000000000, 1.000000000000000000 ) ) ;
#2199 = EDGE_LOOP ( 'NONE', ( #2116, #913, #668, #415 ) ) ;
#2200 = ORIENTED_EDGE ( 'NONE', *, *, #2051, .F. ) ;
#2201 = TOROIDAL_SURFACE ( 'NONE', #731, 0.06121913580175591257, 0.02952755905511811330 ) ;
#2202 = FACE_OUTER_BOUND ( 'NONE', #1027, .T. ) ;
#2203 = DIRECTION ( 'NONE',  ( 0.000000000000000000, -1.110223024625155924E-16, -1.000000000000000000 ) ) ;
#2204 = VECTOR ( 'NONE', #904, 39.37007874015748143 ) ;
#2205 = VERTEX_POINT ( 'NONE', #346 ) ;
#2206 = FACE_BOUND ( 'NONE', #3294, .T. ) ;
#2207 = ORIENTED_EDGE ( 'NONE', *, *, #1887, .F. ) ;
#2208 = CARTESIAN_POINT ( 'NONE',  ( -0.2342519685039370081, -0.2269764674289195538, -0.08536429252251671873 ) ) ;
#2209 = CARTESIAN_POINT ( 'NONE',  ( 0.2657480314960630197, -0.2212898718811492083, -0.08790198958494628567 ) ) ;
#2210 = CIRCLE ( 'NONE', #1602, 0.08267716535433068670 ) ;
#2211 = DIRECTION ( 'NONE',  ( 1.000000000000000000, 0.000000000000000000, 0.000000000000000000 ) ) ;
#2212 = DIRECTION ( 'NONE',  ( 1.000000000000000000, 0.000000000000000000, 0.000000000000000000 ) ) ;
#2213 = ORIENTED_EDGE ( 'NONE', *, *, #2536, .T. ) ;
#2214 = VECTOR ( 'NONE', #885, 39.37007874015748143 ) ;
#2215 = DIRECTION ( 'NONE',  ( -5.958757502913749400E-19, -0.9993908270190957621, 0.03489949670250103858 ) ) ;
#2216 = DIRECTION ( 'NONE',  ( 0.000000000000000000, -1.110223024625155924E-16, -1.000000000000000000 ) ) ;
#2217 = VERTEX_POINT ( 'NONE', #363 ) ;
#2218 = ORIENTED_EDGE ( 'NONE', *, *, #2316, .T. ) ;
#2219 = ADVANCED_FACE ( 'NONE', ( #116 ), #1177, .T. ) ;
#2220 = FACE_OUTER_BOUND ( 'NONE', #503, .T. ) ;
#2221 = DIRECTION ( 'NONE',  ( 0.000000000000000000, -1.000000000000000000, 0.000000000000000000 ) ) ;
#2222 = PLANE ( 'NONE',  #3222 ) ;
#2223 = VECTOR ( 'NONE', #105, 39.37007874015748143 ) ;
#2224 = LINE ( 'NONE', #897, #2142 ) ;
#2225 = AXIS2_PLACEMENT_3D ( 'NONE', #674, #3229, #881 ) ;
#2226 = FACE_OUTER_BOUND ( 'NONE', #448, .T. ) ;
#2227 = VERTEX_POINT ( 'NONE', #1159 ) ;
#2228 = CARTESIAN_POINT ( 'NONE',  ( -0.2500000000000000000, 2.731847993664263711E-16, 2.731847993664263711E-16 ) ) ;
#2229 = CARTESIAN_POINT ( 'NONE',  ( -0.2500000000000000000, -0.2434823810225118235, -0.1220472440944881942 ) ) ;
#2230 = LINE ( 'NONE', #3220, #2359 ) ;
#2231 = ORIENTED_EDGE ( 'NONE', *, *, #1506, .T. ) ;
#2232 = CARTESIAN_POINT ( 'NONE',  ( 0.2500000000000000000, -0.03499999999999894168, -1.092739197465704696E-15 ) ) ;
#2233 = ORIENTED_EDGE ( 'NONE', *, *, #1887, .T. ) ;
#2234 = ORIENTED_EDGE ( 'NONE', *, *, #457, .F. ) ;
#2235 = CARTESIAN_POINT ( 'NONE',  ( -0.07874015748031673589, 0.000000000000000000, 0.02362204724409653483 ) ) ;
#2236 = CARTESIAN_POINT ( 'NONE',  ( -0.2500000000000000000, 0.1181102362204724532, 0.04921259842519685318 ) ) ;
#2237 = DIRECTION ( 'NONE',  ( -1.000000000000000000, -8.260587980841940949E-15, 0.000000000000000000 ) ) ;
#2238 = VERTEX_POINT ( 'NONE', #2195 ) ;
#2239 = CARTESIAN_POINT ( 'NONE',  ( -0.2755905511811023723, 0.000000000000000000, -0.02362204724409243742 ) ) ;
#2240 = CARTESIAN_POINT ( 'NONE',  ( 0.2755905511811023723, 0.03937007874015747977, -0.02362204724409448786 ) ) ;
#2241 =( NAMED_UNIT ( * ) PLANE_ANGLE_UNIT ( ) SI_UNIT ( $, .RADIAN. ) );
#2242 = LENGTH_MEASURE_WITH_UNIT ( LENGTH_MEASURE( 0.02539999999999999897 ), #2723 );
#2243 = DIRECTION ( 'NONE',  ( -0.000000000000000000, 1.000000000000000000, 0.000000000000000000 ) ) ;
#2244 = ORIENTED_EDGE ( 'NONE', *, *, #1406, .F. ) ;
#2245 = ORIENTED_EDGE ( 'NONE', *, *, #94, .F. ) ;
#2246 = CARTESIAN_POINT ( 'NONE',  ( 0.2725782012300667079, -0.1361071617952032131, -0.07959317237091476094 ) ) ;
#2247 = EDGE_CURVE ( 'NONE', #1021, #2449, #2505, .T. ) ;
#2248 = LINE ( 'NONE', #1740, #1015 ) ;
#2249 = CARTESIAN_POINT ( 'NONE',  ( 0.2500000000000000000, 0.1181102362204724532, -0.04921259842519685318 ) ) ;
#2250 = CIRCLE ( 'NONE', #3276, 0.01968503937007873988 ) ;
#2251 = EDGE_CURVE ( 'NONE', #2021, #2533, #2938, .T. ) ;
#2252 = DIRECTION ( 'NONE',  ( -0.000000000000000000, 1.000000000000000000, 0.000000000000000000 ) ) ;
#2253 = ORIENTED_EDGE ( 'NONE', *, *, #2388, .F. ) ;
#2254 = CARTESIAN_POINT ( 'NONE',  ( 0.2500000000000000000, 0.03937007874015747977, 0.1220472440944881942 ) ) ;
#2255 = EDGE_CURVE ( 'NONE', #2820, #2265, #1661, .T. ) ;
#2256 = CARTESIAN_POINT ( 'NONE',  ( -0.2500000000000000000, -0.03500000000000000333, 2.731847993664263711E-16 ) ) ;
#2257 = VECTOR ( 'NONE', #2724, 39.37007874015748143 ) ;
#2258 = ADVANCED_FACE ( 'NONE', ( #1389 ), #2950, .F. ) ;
#2259 = LENGTH_MEASURE_WITH_UNIT ( LENGTH_MEASURE( 0.02539999999999999897 ), #1255 );
#2260 = EDGE_CURVE ( 'NONE', #1758, #2174, #123, .T. ) ;
#2261 = PRODUCT_RELATED_PRODUCT_CATEGORY ( 'part', '', ( #2861 ) ) ;
#2262 = DIRECTION ( 'NONE',  ( 0.000000000000000000, -1.000000000000000000, 0.000000000000000000 ) ) ;
#2263 = ORIENTED_EDGE ( 'NONE', *, *, #909, .F. ) ;
#2264 = VECTOR ( 'NONE', #2221, 39.37007874015748143 ) ;
#2265 = VERTEX_POINT ( 'NONE', #1410 ) ;
#2266 = CARTESIAN_POINT ( 'NONE',  ( 0.3326771653543306728, -0.2141338582677165536, -1.087767234117236078E-15 ) ) ;
#2267 = DIRECTION ( 'NONE',  ( 1.000000000000000000, 0.000000000000000000, 0.000000000000000000 ) ) ;
#2268 = CARTESIAN_POINT ( 'NONE',  ( 0.2696101318521996193, -0.1021819735679588559, -0.08031784608520591007 ) ) ;
#2269 = DIRECTION ( 'NONE',  ( 0.000000000000000000, -1.000000000000000000, 0.000000000000000000 ) ) ;
#2270 = ORIENTED_EDGE ( 'NONE', *, *, #3329, .T. ) ;
#2271 = CARTESIAN_POINT ( 'NONE',  ( -0.3149606299212598381, 0.1181102362204724532, -0.02362204724409448786 ) ) ;
#2272 = AXIS2_PLACEMENT_3D ( 'NONE', #2565, #1541, #1768 ) ;
#2273 = CARTESIAN_POINT ( 'NONE',  ( 0.2342519685039370081, -0.2352448217851911272, 0.07811905328565175999 ) ) ;
#2274 = FILL_AREA_STYLE_COLOUR ( '', #631 ) ;
#2275 = CARTESIAN_POINT ( 'NONE',  ( 0.2500000000000000000, -0.2121653543307086554, -1.092739197465704696E-15 ) ) ;
#2276 = CARTESIAN_POINT ( 'NONE',  ( -0.2500000000000000000, 0.1181102362204724532, 0.000000000000000000 ) ) ;
#2277 = ORIENTED_EDGE ( 'NONE', *, *, #3201, .T. ) ;
#2278 = ORIENTED_EDGE ( 'NONE', *, *, #170, .T. ) ;
#2279 = ADVANCED_FACE ( 'NONE', ( #2445 ), #653, .T. ) ;
#2280 = CIRCLE ( 'NONE', #986, 0.08267716535433068670 ) ;
#2281 = DIRECTION ( 'NONE',  ( -1.000000000000000000, 0.000000000000000000, 0.000000000000000000 ) ) ;
#2282 = EDGE_CURVE ( 'NONE', #1021, #600, #1943, .T. ) ;
#2283 = DIRECTION ( 'NONE',  ( -1.000000000000000000, 0.000000000000000000, 0.000000000000000000 ) ) ;
#2284 = DIRECTION ( 'NONE',  ( 0.000000000000000000, -1.000000000000000000, -5.551115123125779621E-17 ) ) ;
#2285 = EDGE_LOOP ( 'NONE', ( #1260, #1607, #2233, #1542, #22, #38, #869, #3153, #384, #152, #3295, #1585, #1372, #696, #1306, #3350 ) ) ;
#2286 = CARTESIAN_POINT ( 'NONE',  ( -0.2657480314960630197, -0.2416929133858267964, 2.731847993664263711E-16 ) ) ;
#2287 = EDGE_CURVE ( 'NONE', #976, #1572, #2673, .T. ) ;
#2288 = ADVANCED_FACE ( 'NONE', ( #882 ), #2509, .T. ) ;
#2289 = SURFACE_STYLE_FILL_AREA ( #1489 ) ;
#2290 = VECTOR ( 'NONE', #1571, 39.37007874015748143 ) ;
#2291 = EDGE_CURVE ( 'NONE', #508, #1917, #1363, .T. ) ;
#2292 = DIRECTION ( 'NONE',  ( 0.000000000000000000, 1.000000000000000000, 0.000000000000000000 ) ) ;
#2293 = LINE ( 'NONE', #258, #309 ) ;
#2294 = ORIENTED_EDGE ( 'NONE', *, *, #149, .T. ) ;
#2295 = ORIENTED_EDGE ( 'NONE', *, *, #2000, .F. ) ;
#2296 = CARTESIAN_POINT ( 'NONE',  ( -0.2342519685039370081, -0.2325596220356297150, 0.08196428224834814702 ) ) ;
#2297 = LINE ( 'NONE', #1275, #1944 ) ;
#2298 = DIRECTION ( 'NONE',  ( 0.000000000000000000, 1.000000000000000000, 0.000000000000000000 ) ) ;
#2299 = EDGE_CURVE ( 'NONE', #3130, #654, #642, .T. ) ;
#2300 = B_SPLINE_CURVE_WITH_KNOTS ( 'NONE', 3,
 ( #2367, #1096, #2077, #36, #1593, #1041 ),
 .UNSPECIFIED., .F., .F.,
 ( 4, 2, 4 ),
 ( 0.000000000000000000, 0.4999999999999997780, 1.000000000000000000 ),
 .UNSPECIFIED. ) ;
#2301 = EDGE_LOOP ( 'NONE', ( #2138, #528, #719, #377 ) ) ;
#2302 = CARTESIAN_POINT ( 'NONE',  ( 0.2342519685039370358, -0.2416929133858267964, 0.05915895614623996324 ) ) ;
#2303 = VECTOR ( 'NONE', #1906, 39.37007874015748143 ) ;
#2304 = PRODUCT_CONTEXT ( 'NONE', #1818, 'mechanical' ) ;
#2305 = VECTOR ( 'NONE', #1772, 39.37007874015748143 ) ;
#2306 = DIRECTION ( 'NONE',  ( 0.000000000000000000, -1.000000000000000000, 0.000000000000000000 ) ) ;
#2307 = DIRECTION ( 'NONE',  ( 0.000000000000000000, 0.000000000000000000, 1.000000000000000000 ) ) ;
#2308 = VECTOR ( 'NONE', #1420, 39.37007874015748143 ) ;
#2309 = ORIENTED_EDGE ( 'NONE', *, *, #2550, .F. ) ;
#2310 = ORIENTED_EDGE ( 'NONE', *, *, #1504, .F. ) ;
#2311 = CIRCLE ( 'NONE', #1870, 0.01968503937007873988 ) ;
#2312 = CARTESIAN_POINT ( 'NONE',  ( 0.2500000000000000000, 0.1011648248220486240, 0.09404992761242106369 ) ) ;
#2313 = FACE_OUTER_BOUND ( 'NONE', #2911, .T. ) ;
#2314 = CIRCLE ( 'NONE', #1663, 0.1082677165354330728 ) ;
#2315 = ORIENTED_EDGE ( 'NONE', *, *, #200, .F. ) ;
#2316 = EDGE_CURVE ( 'NONE', #3278, #160, #2170, .T. ) ;
#2317 = LINE ( 'NONE', #711, #145 ) ;
#2318 = VECTOR ( 'NONE', #1805, 39.37007874015748143 ) ;
#2319 = B_SPLINE_CURVE_WITH_KNOTS ( 'NONE', 3,
 ( #2804, #242, #3326, #282, #3075, #1273 ),
 .UNSPECIFIED., .F., .F.,
 ( 4, 2, 4 ),
 ( 0.000000000000000000, 0.5000000000000003331, 1.000000000000000000 ),
 .UNSPECIFIED. ) ;
#2320 = ADVANCED_FACE ( 'NONE', ( #2981 ), #660, .T. ) ;
#2321 = ORIENTED_EDGE ( 'NONE', *, *, #1923, .T. ) ;
#2322 = CARTESIAN_POINT ( 'NONE',  ( -0.2385007298261529740, -0.08773668023884569067, 0.08189376286009772410 ) ) ;
#2323 = ORIENTED_EDGE ( 'NONE', *, *, #1444, .F. ) ;
#2324 = UNCERTAINTY_MEASURE_WITH_UNIT (LENGTH_MEASURE( 1.000000000000000082E-05 ), #1505, 'distance_accuracy_value', 'NONE');
#2325 = CARTESIAN_POINT ( 'NONE',  ( 0.2668845903342860759, -0.09266679338570139868, 0.08101639362393985022 ) ) ;
#2326 = LENGTH_MEASURE_WITH_UNIT ( LENGTH_MEASURE( 0.02539999999999999897 ), #1552 );
#2327 = CARTESIAN_POINT ( 'NONE',  ( 0.07874015748031495954, 0.03937007874015747977, -0.02362204724409448786 ) ) ;
#2328 = CARTESIAN_POINT ( 'NONE',  ( 0.2696101318521996193, -0.1021819735679588559, -0.08031784608520591007 ) ) ;
#2329 = ORIENTED_EDGE ( 'NONE', *, *, #2461, .T. ) ;
#2330 = VERTEX_POINT ( 'NONE', #1904 ) ;
#2331 = EDGE_LOOP ( 'NONE', ( #1124, #1681, #1200, #1320, #2967, #2515, #2623, #2606, #2945, #706 ) ) ;
#2332 = LINE ( 'NONE', #3121, #2045 ) ;
#2333 = DIRECTION ( 'NONE',  ( 0.000000000000000000, 1.000000000000000000, 0.000000000000000000 ) ) ;
#2334 = EDGE_LOOP ( 'NONE', ( #780, #1106, #3287, #1841 ) ) ;
#2335 = DIRECTION ( 'NONE',  ( 0.000000000000000000, -1.000000000000000000, 0.000000000000000000 ) ) ;
#2336 = ORIENTED_EDGE ( 'NONE', *, *, #3313, .T. ) ;
#2337 = DIRECTION ( 'NONE',  ( 0.000000000000000000, -1.000000000000000000, -5.551115123125779621E-17 ) ) ;
#2338 = ORIENTED_EDGE ( 'NONE', *, *, #2996, .F. ) ;
#2339 = CARTESIAN_POINT ( 'NONE',  ( -0.2342519685039370358, -0.2212898718811496246, -0.08790198958494528647 ) ) ;
#2340 = CARTESIAN_POINT ( 'NONE',  ( -0.2657480314960630197, -0.2174437897093555172, 0.08917127285752873833 ) ) ;
#2341 = CARTESIAN_POINT ( 'NONE',  ( 0.2500000000000000000, -0.03499999999999894168, -0.1220472440944881942 ) ) ;
#2342 = ORIENTED_EDGE ( 'NONE', *, *, #275, .F. ) ;
#2343 = ORIENTED_EDGE ( 'NONE', *, *, #311, .T. ) ;
#2344 = AXIS2_PLACEMENT_3D ( 'NONE', #391, #1418, #2452 ) ;
#2345 = ORIENTED_EDGE ( 'NONE', *, *, #413, .F. ) ;
#2346 = CARTESIAN_POINT ( 'NONE',  ( -0.2500000000000000000, -0.2141338582677165536, 2.731847993664263711E-16 ) ) ;
#2347 = DIRECTION ( 'NONE',  ( 1.000000000000000000, 0.000000000000000000, 0.000000000000000000 ) ) ;
#2348 = ORIENTED_EDGE ( 'NONE', *, *, #3083, .T. ) ;
#2349 = DIRECTION ( 'NONE',  ( -0.000000000000000000, 1.000000000000000000, 0.000000000000000000 ) ) ;
#2350 = ADVANCED_FACE ( 'NONE', ( #1379 ), #1113, .F. ) ;
#2351 = EDGE_LOOP ( 'NONE', ( #2594, #2665, #1366, #446 ) ) ;
#2352 = LINE ( 'NONE', #2926, #255 ) ;
#2353 = ORIENTED_EDGE ( 'NONE', *, *, #2883, .T. ) ;
#2354 = CARTESIAN_POINT ( 'NONE',  ( -0.2657480314960630197, -0.2141338582677165536, -0.08116349656727638029 ) ) ;
#2355 = APPLICATION_PROTOCOL_DEFINITION ( 'draft international standard', 'automotive_design', 1998, #2695 ) ;
#2356 = EDGE_CURVE ( 'NONE', #2400, #2587, #88, .T. ) ;
#2357 = VECTOR ( 'NONE', #361, 39.37007874015748143 ) ;
#2358 = EDGE_CURVE ( 'NONE', #2707, #833, #2803, .T. ) ;
#2359 = VECTOR ( 'NONE', #888, 39.37007874015748143 ) ;
#2360 = LINE ( 'NONE', #797, #3117 ) ;
#2361 = ORIENTED_EDGE ( 'NONE', *, *, #1206, .T. ) ;
#2362 = ORIENTED_EDGE ( 'NONE', *, *, #2882, .T. ) ;
#2363 = CARTESIAN_POINT ( 'NONE',  ( -0.2342519685039370358, -0.2416929133858267964, 0.05915895614624114285 ) ) ;
#2364 = CIRCLE ( 'NONE', #2145, 0.08267716535433068670 ) ;
#2365 = DIRECTION ( 'NONE',  ( 1.000000000000000000, 0.000000000000000000, 0.000000000000000000 ) ) ;
#2366 = ORIENTED_EDGE ( 'NONE', *, *, #1499, .T. ) ;
#2367 = CARTESIAN_POINT ( 'NONE',  ( 0.2657480314960630197, -0.2416929133858267964, 0.05915895614623996324 ) ) ;
#2368 = VERTEX_POINT ( 'NONE', #1868 ) ;
#2369 = VECTOR ( 'NONE', #186, 39.37007874015748143 ) ;
#2370 = LINE ( 'NONE', #39, #1010 ) ;
#2371 = ORIENTED_EDGE ( 'NONE', *, *, #2917, .F. ) ;
#2372 = DIRECTION ( 'NONE',  ( 1.000000000000000000, 0.000000000000000000, 0.000000000000000000 ) ) ;
#2373 = AXIS2_PLACEMENT_3D ( 'NONE', #3268, #2930, #343 ) ;
#2374 = ORIENTED_EDGE ( 'NONE', *, *, #1815, .F. ) ;
#2375 = CONICAL_SURFACE ( 'NONE', #1348, 0.08267716535433068670, 1.172861257340199082 ) ;
#2376 = ORIENTED_EDGE ( 'NONE', *, *, #2358, .F. ) ;
#2377 = PLANE ( 'NONE',  #2756 ) ;
#2378 = LINE ( 'NONE', #2867, #2165 ) ;
#2379 = ORIENTED_EDGE ( 'NONE', *, *, #2550, .T. ) ;
#2380 = DIRECTION ( 'NONE',  ( 0.000000000000000000, 0.000000000000000000, -1.000000000000000000 ) ) ;
#2381 = DIRECTION ( 'NONE',  ( 0.000000000000000000, 0.000000000000000000, 1.000000000000000000 ) ) ;
#2382 = EDGE_CURVE ( 'NONE', #1484, #2413, #1616, .T. ) ;
#2383 = CARTESIAN_POINT ( 'NONE',  ( 0.2342519685039370358, -0.2023228346456693028, 0.1250000000000000000 ) ) ;
#2384 = ORIENTED_EDGE ( 'NONE', *, *, #457, .T. ) ;
#2385 = CARTESIAN_POINT ( 'NONE',  ( 0.2657480314960630197, -0.2174437897093551286, 0.08917127285752775301 ) ) ;
#2386 = ORIENTED_EDGE ( 'NONE', *, *, #1331, .F. ) ;
#2387 = CARTESIAN_POINT ( 'NONE',  ( -0.3149606299212598381, 0.1181102362204724532, -0.02362204724409448786 ) ) ;
#2388 = EDGE_CURVE ( 'NONE', #223, #1421, #3177, .T. ) ;
#2389 = EDGE_CURVE ( 'NONE', #1101, #2106, #2924, .T. ) ;
#2390 = CARTESIAN_POINT ( 'NONE',  ( 0.2500000000000000000, -0.03499999999999894168, -0.1220472440944881942 ) ) ;
#2391 = ORIENTED_EDGE ( 'NONE', *, *, #390, .F. ) ;
#2392 = EDGE_CURVE ( 'NONE', #2205, #1253, #403, .T. ) ;
#2393 = CARTESIAN_POINT ( 'NONE',  ( -0.2657480314960629086, -0.2416929133858266854, 0.06237032768784492309 ) ) ;
#2394 = CARTESIAN_POINT ( 'NONE',  ( 0.3149606299212598381, 0.1181102362204724532, -0.02362204724409448786 ) ) ;
#2395 = EDGE_LOOP ( 'NONE', ( #333, #3019, #409, #992, #471 ) ) ;
#2396 = CARTESIAN_POINT ( 'NONE',  ( 0.3149606299212598381, 0.07874015748031495954, 0.02362204724409653483 ) ) ;
#2397 = DIRECTION ( 'NONE',  ( 1.000000000000000000, 0.000000000000000000, 0.000000000000000000 ) ) ;
#2398 = AXIS2_PLACEMENT_3D ( 'NONE', #1630, #1132, #372 ) ;
#2399 = CARTESIAN_POINT ( 'NONE',  ( 0.2500000000000000000, 0.000000000000000000, -0.1082677165354330728 ) ) ;
#2400 = VERTEX_POINT ( 'NONE', #3192 ) ;
#2401 = EDGE_CURVE ( 'NONE', #2584, #1810, #1697, .T. ) ;
#2402 = CARTESIAN_POINT ( 'NONE',  ( 0.2755905511811023723, 0.07874015748031495954, 0.02362204724409448786 ) ) ;
#2403 = ORIENTED_EDGE ( 'NONE', *, *, #486, .F. ) ;
#2404 = DIRECTION ( 'NONE',  ( 0.000000000000000000, 1.000000000000000000, 0.000000000000000000 ) ) ;
#2405 = CYLINDRICAL_SURFACE ( 'NONE', #629, 0.1250000000000000000 ) ;
#2406 = DIRECTION ( 'NONE',  ( 8.115498896123209774E-15, -1.000000000000000000, -5.551115123125779621E-17 ) ) ;
#2407 = VECTOR ( 'NONE', #1838, 39.37007874015748143 ) ;
#2408 = VERTEX_POINT ( 'NONE', #1398 ) ;
#2409 = VECTOR ( 'NONE', #2932, 39.37007874015748143 ) ;
#2410 = CARTESIAN_POINT ( 'NONE',  ( -0.2657480314960629642, -0.2242044433538596671, 0.08680779182831405150 ) ) ;
#2411 = DIRECTION ( 'NONE',  ( -1.000000000000000000, 0.000000000000000000, 0.000000000000000000 ) ) ;
#2412 = VECTOR ( 'NONE', #1617, 39.37007874015748143 ) ;
#2413 = VERTEX_POINT ( 'NONE', #1922 ) ;
#2414 = LINE ( 'NONE', #3142, #2147 ) ;
#2415 = VECTOR ( 'NONE', #685, 39.37007874015748143 ) ;
#2416 = DIRECTION ( 'NONE',  ( -1.000000000000000000, 8.115498896123170331E-15, 0.000000000000000000 ) ) ;
#2417 = DIRECTION ( 'NONE',  ( 6.018531076210110672E-33, 0.000000000000000000, 1.000000000000000000 ) ) ;
#2418 = ORIENTED_EDGE ( 'NONE', *, *, #3001, .T. ) ;
#2419 = DIRECTION ( 'NONE',  ( -1.000000000000000000, 0.000000000000000000, 0.000000000000000000 ) ) ;
#2420 = PRESENTATION_STYLE_ASSIGNMENT (( #2675 ) ) ;
#2421 = ORIENTED_EDGE ( 'NONE', *, *, #1470, .F. ) ;
#2422 = CARTESIAN_POINT ( 'NONE',  ( 0.2500000000000000000, -0.1038976377952755825, 0.1250000000000000000 ) ) ;
#2423 = FACE_OUTER_BOUND ( 'NONE', #84, .T. ) ;
#2424 = AXIS2_PLACEMENT_3D ( 'NONE', #2955, #367, #582 ) ;
#2425 = ADVANCED_FACE ( 'NONE', ( #2963 ), #2558, .T. ) ;
#2426 = VECTOR ( 'NONE', #713, 39.37007874015748143 ) ;
#2427 = ADVANCED_FACE ( 'NONE', ( #126 ), #1907, .T. ) ;
#2428 = DIRECTION ( 'NONE',  ( 0.000000000000000000, -1.000000000000000000, 0.000000000000000000 ) ) ;
#2429 = CARTESIAN_POINT ( 'NONE',  ( 0.2783713219522232496, -0.2023228346456693028, 0.1250000000000000000 ) ) ;
#2430 = EDGE_LOOP ( 'NONE', ( #3207, #3119, #1390, #1859 ) ) ;
#2431 = FACE_OUTER_BOUND ( 'NONE', #759, .T. ) ;
#2432 = AXIS2_PLACEMENT_3D ( 'NONE', #982, #596, #2503 ) ;
#2433 = DIRECTION ( 'NONE',  ( 0.000000000000000000, -1.000000000000000000, 0.000000000000000000 ) ) ;
#2434 = EDGE_LOOP ( 'NONE', ( #281, #884, #463, #800 ) ) ;
#2435 = FACE_OUTER_BOUND ( 'NONE', #2826, .T. ) ;
#2436 = CARTESIAN_POINT ( 'NONE',  ( -0.3149606299212598381, 0.1181102362204724532, -0.02362204724409448786 ) ) ;
#2437 = CARTESIAN_POINT ( 'NONE',  ( -0.2500000000000000000, 0.000000000000000000, 0.1082677165354330728 ) ) ;
#2438 = CARTESIAN_POINT ( 'NONE',  ( 0.2755905511811023723, 0.03937007874015747977, -0.02362204724409243742 ) ) ;
#2439 = DIRECTION ( 'NONE',  ( 0.000000000000000000, 0.000000000000000000, 1.000000000000000000 ) ) ;
#2440 = ORIENTED_EDGE ( 'NONE', *, *, #3160, .F. ) ;
#2441 = DIRECTION ( 'NONE',  ( -1.000000000000000000, 0.000000000000000000, 0.000000000000000000 ) ) ;
#2442 = CARTESIAN_POINT ( 'NONE',  ( 0.2657480314960630197, -0.2187258444921515999, -0.08874826174624901587 ) ) ;
#2443 = AXIS2_PLACEMENT_3D ( 'NONE', #1514, #488, #2554 ) ;
#2444 = LENGTH_MEASURE_WITH_UNIT ( LENGTH_MEASURE( 0.02539999999999999897 ), #1409 );
#2445 = FACE_OUTER_BOUND ( 'NONE', #1447, .T. ) ;
#2446 = ORIENTED_EDGE ( 'NONE', *, *, #14, .T. ) ;
#2447 = CARTESIAN_POINT ( 'NONE',  ( 0.2500000000000000000, -0.2023228346456693028, -1.092739197465704696E-15 ) ) ;
#2448 = CARTESIAN_POINT ( 'NONE',  ( -0.2657480314960630197, -0.2023228346456693028, 0.1250000000000000000 ) ) ;
#2449 = VERTEX_POINT ( 'NONE', #1990 ) ;
#2450 = CARTESIAN_POINT ( 'NONE',  ( 0.3149606299212598381, 0.03937007874015747977, 0.02362204724409448786 ) ) ;
#2451 = CARTESIAN_POINT ( 'NONE',  ( -0.2500000000000000000, 0.000000000000000000, 0.1082677165354330728 ) ) ;
#2452 = DIRECTION ( 'NONE',  ( -1.000000000000000000, 0.000000000000000000, 0.000000000000000000 ) ) ;
#2453 = ORIENTED_EDGE ( 'NONE', *, *, #1950, .F. ) ;
#2454 = AXIS2_PLACEMENT_3D ( 'NONE', #3230, #2711, #355 ) ;
#2455 = SURFACE_STYLE_FILL_AREA ( #3002 ) ;
#2456 = ORIENTED_EDGE ( 'NONE', *, *, #1472, .F. ) ;
#2457 = DIRECTION ( 'NONE',  ( -1.000000000000000000, 0.000000000000000000, 0.000000000000000000 ) ) ;
#2458 = ADVANCED_FACE ( 'NONE', ( #3253 ), #2022, .T. ) ;
#2459 = CARTESIAN_POINT ( 'NONE',  ( -0.2657480314960630197, -0.2174437897093555172, -0.08917127285752815546 ) ) ;
#2460 = CARTESIAN_POINT ( 'NONE',  ( 0.2657480314960630197, -0.2023228346456693028, 0.1250000000000000000 ) ) ;
#2461 = EDGE_CURVE ( 'NONE', #55, #1133, #437, .T. ) ;
#2462 = CARTESIAN_POINT ( 'NONE',  ( -0.2274217987699338472, -0.1361071617952028245, 0.07959317237091395603 ) ) ;
#2463 = ORIENTED_EDGE ( 'NONE', *, *, #3306, .F. ) ;
#2464 = EDGE_CURVE ( 'NONE', #617, #508, #1248, .T. ) ;
#2465 = CARTESIAN_POINT ( 'NONE',  ( 0.2783713219522232496, -0.2023228346456693028, 0.07765682044553778862 ) ) ;
#2466 = ORIENTED_EDGE ( 'NONE', *, *, #337, .T. ) ;
#2467 = VERTEX_POINT ( 'NONE', #2774 ) ;
#2468 = PLANE ( 'NONE',  #3249 ) ;
#2469 = CARTESIAN_POINT ( 'NONE',  ( -0.2657480314960630197, -0.2212898718811496246, 0.08790198958494567505 ) ) ;
#2470 = ORIENTED_EDGE ( 'NONE', *, *, #2003, .F. ) ;
#2471 = CIRCLE ( 'NONE', #1007, 0.08267716535433068670 ) ;
#2472 = CARTESIAN_POINT ( 'NONE',  ( -0.2755905511811023723, 0.000000000000000000, -0.1220866141732283444 ) ) ;
#2473 = ORIENTED_EDGE ( 'NONE', *, *, #794, .F. ) ;
#2474 = CARTESIAN_POINT ( 'NONE',  ( -0.2342519685039370358, -0.2398011466988909934, -0.06994991392938650077 ) ) ;
#2475 = VECTOR ( 'NONE', #656, 39.37007874015748143 ) ;
#2476 = DIRECTION ( 'NONE',  ( 0.000000000000000000, 1.000000000000000000, 0.000000000000000000 ) ) ;
#2477 = AXIS2_PLACEMENT_3D ( 'NONE', #2447, #119, #816 ) ;
#2478 = CARTESIAN_POINT ( 'NONE',  ( -0.2500000000000000000, -0.2174437897093555172, 2.731847993664263711E-16 ) ) ;
#2479 = ORIENTED_EDGE ( 'NONE', *, *, #2496, .T. ) ;
#2480 = CIRCLE ( 'NONE', #2642, 0.09404992761242106369 ) ;
#2481 = DIRECTION ( 'NONE',  ( 0.000000000000000000, 1.000000000000000000, 0.000000000000000000 ) ) ;
#2482 = CARTESIAN_POINT ( 'NONE',  ( -0.2342519685039370358, -0.2187258444921523770, -0.08874826174624765585 ) ) ;
#2483 = ORIENTED_EDGE ( 'NONE', *, *, #1045, .F. ) ;
#2484 = EDGE_LOOP ( 'NONE', ( #1044, #514, #330, #818 ) ) ;
#2485 =( BOUNDED_CURVE ( )  B_SPLINE_CURVE ( 3, ( #1762, #2842, #1517, #3070 ),
 .UNSPECIFIED., .F., .F. ) 
 B_SPLINE_CURVE_WITH_KNOTS ( ( 4, 4 ),
 ( 4.362112093716119965, 4.472917508490045435 ),
 .UNSPECIFIED. ) 
 CURVE ( )  GEOMETRIC_REPRESENTATION_ITEM ( )  RATIONAL_B_SPLINE_CURVE ( ( 1.000000000000000000, 0.9989771083553059539, 0.9989771083553059539, 1.000000000000000000 ) ) 
 REPRESENTATION_ITEM ( '' )  );
#2486 = LINE ( 'NONE', #916, #2541 ) ;
#2487 = CARTESIAN_POINT ( 'NONE',  ( 0.2755905511811023723, 0.000000000000000000, -0.02362204724409243742 ) ) ;
#2488 = EDGE_CURVE ( 'NONE', #1561, #770, #1959, .T. ) ;
#2489 = CARTESIAN_POINT ( 'NONE',  ( -0.2657480314960630197, -0.2174437897093555172, 0.08917127285752873833 ) ) ;
#2490 = EDGE_CURVE ( 'NONE', #2113, #1572, #3305, .T. ) ;
#2491 =( CONVERSION_BASED_UNIT ( 'INCH', #1459 ) LENGTH_UNIT ( ) NAMED_UNIT ( #3194 ) );
#2492 = VERTEX_POINT ( 'NONE', #980 ) ;
#2493 = CARTESIAN_POINT ( 'NONE',  ( -0.2342519685039370358, -0.2416929133858267964, 0.1250000000000000000 ) ) ;
#2494 = DIRECTION ( 'NONE',  ( 1.000000000000000000, 0.000000000000000000, 0.000000000000000000 ) ) ;
#2495 =( NAMED_UNIT ( * ) PLANE_ANGLE_UNIT ( ) SI_UNIT ( $, .RADIAN. ) );
#2496 = EDGE_CURVE ( 'NONE', #3050, #3088, #1468, .T. ) ;
#2497 = LINE ( 'NONE', #1231, #256 ) ;
#2498 = CARTESIAN_POINT ( 'NONE',  ( -0.2500000000000000000, 0.9527559055118109965, 0.000000000000000000 ) ) ;
#2499 = EDGE_LOOP ( 'NONE', ( #1757, #2463, #2342, #465 ) ) ;
#2500 = EDGE_CURVE ( 'NONE', #2217, #2873, #3057, .T. ) ;
#2501 = ORIENTED_EDGE ( 'NONE', *, *, #2464, .F. ) ;
#2502 = CARTESIAN_POINT ( 'NONE',  ( 0.2696101318521996193, -0.1021819735679588559, -0.08031784608520591007 ) ) ;
#2503 = DIRECTION ( 'NONE',  ( 0.000000000000000000, -1.000000000000000000, 0.000000000000000000 ) ) ;
#2504 = EDGE_CURVE ( 'NONE', #2634, #2121, #2072, .T. ) ;
#2505 =( BOUNDED_CURVE ( )  B_SPLINE_CURVE ( 3, ( #1638, #2462, #1680, #136 ),
 .UNSPECIFIED., .F., .F. ) 
 B_SPLINE_CURVE_WITH_KNOTS ( ( 4, 4 ),
 ( 1.810267798689539909, 1.921073213463464935 ),
 .UNSPECIFIED. ) 
 CURVE ( )  GEOMETRIC_REPRESENTATION_ITEM ( )  RATIONAL_B_SPLINE_CURVE ( ( 1.000000000000000000, 0.9989771083553059539, 0.9989771083553059539, 1.000000000000000000 ) ) 
 REPRESENTATION_ITEM ( '' )  );
#2506 = DIRECTION ( 'NONE',  ( 0.000000000000000000, 5.551115123125779621E-17, -1.000000000000000000 ) ) ;
#2507 = EDGE_LOOP ( 'NONE', ( #2794, #578, #1179, #2323 ) ) ;
#2508 = PLANE ( 'NONE',  #2586 ) ;
#2509 = CONICAL_SURFACE ( 'NONE', #2454, 0.1082677165354330728, 0.1396263401595469744 ) ;
#2510 = B_SPLINE_CURVE_WITH_KNOTS ( 'NONE', 3,
 ( #1417, #167, #3176, #1942 ),
 .UNSPECIFIED., .F., .F.,
 ( 4, 4 ),
 ( 0.003029541235337105017, 0.003249628748158705192 ),
 .UNSPECIFIED. ) ;
#2511 = ADVANCED_FACE ( 'NONE', ( #3315 ), #406, .T. ) ;
#2512 = CARTESIAN_POINT ( 'NONE',  ( -0.07874015748031673589, 0.000000000000000000, -0.02362204724409243742 ) ) ;
#2513 = CARTESIAN_POINT ( 'NONE',  ( 0.3149606299212598381, 0.07874015748031495954, -0.02362204724409243742 ) ) ;
#2514 = CARTESIAN_POINT ( 'NONE',  ( -0.2342519685039370358, -0.2416929133858267964, 2.731847993664263711E-16 ) ) ;
#2515 = ORIENTED_EDGE ( 'NONE', *, *, #1502, .T. ) ;
#2516 = VERTEX_POINT ( 'NONE', #708 ) ;
#2517 = CARTESIAN_POINT ( 'NONE',  ( -0.2500000000000000000, -0.2434823810225118235, 0.1220472440944881942 ) ) ;
#2518 = CARTESIAN_POINT ( 'NONE',  ( 0.2500000000000000000, -0.2141338582677165536, -1.092739197465704696E-15 ) ) ;
#2519 = CARTESIAN_POINT ( 'NONE',  ( -0.3149606299212598381, 0.03937007874015747977, 0.02362204724409448786 ) ) ;
#2520 = B_SPLINE_CURVE_WITH_KNOTS ( 'NONE', 3,
 ( #2133, #594, #1789, #2068 ),
 .UNSPECIFIED., .F., .F.,
 ( 4, 4 ),
 ( 0.002832913685900425270, 0.002935786532568635150 ),
 .UNSPECIFIED. ) ;
#2521 = CIRCLE ( 'NONE', #1055, 0.08267716535433068670 ) ;
#2522 =( GEOMETRIC_REPRESENTATION_CONTEXT ( 3 ) GLOBAL_UNCERTAINTY_ASSIGNED_CONTEXT ( ( #41 ) ) GLOBAL_UNIT_ASSIGNED_CONTEXT ( ( #3261, #2241, #1717 ) ) REPRESENTATION_CONTEXT ( 'NONE', 'WORKASPACE' ) );
#2523 = CARTESIAN_POINT ( 'NONE',  ( -0.2342519685039370358, -0.2023228346456693028, 0.1250000000000000000 ) ) ;
#2524 = ORIENTED_EDGE ( 'NONE', *, *, #1440, .T. ) ;
#2525 = FACE_BOUND ( 'NONE', #455, .T. ) ;
#2526 = CARTESIAN_POINT ( 'NONE',  ( -0.3149606299212598381, 0.07874015748031495954, -0.02362204724409243742 ) ) ;
#2527 = CIRCLE ( 'NONE', #3017, 0.08267716535433068670 ) ;
#2528 = ADVANCED_FACE ( 'NONE', ( #738 ), #2762, .T. ) ;
#2529 = EDGE_CURVE ( 'NONE', #2897, #1294, #1452, .T. ) ;
#2530 = LINE ( 'NONE', #1682, #154 ) ;
#2531 = CARTESIAN_POINT ( 'NONE',  ( 0.2385007298260746478, -0.08773668023893264889, -0.08189376286008577532 ) ) ;
#2532 = VERTEX_POINT ( 'NONE', #1974 ) ;
#2533 = VERTEX_POINT ( 'NONE', #2469 ) ;
#2534 = CARTESIAN_POINT ( 'NONE',  ( -0.2342519685039370358, -0.2174437897093555172, -0.08917127285752815546 ) ) ;
#2535 = CARTESIAN_POINT ( 'NONE',  ( 0.2500000000000000000, -0.2141338582677165536, -1.092739197465704696E-15 ) ) ;
#2536 = EDGE_CURVE ( 'NONE', #31, #1479, #2248, .T. ) ;
#2537 = EDGE_CURVE ( 'NONE', #875, #1704, #1495, .T. ) ;
#2538 = CARTESIAN_POINT ( 'NONE',  ( -0.2657480314960630197, -0.2174437897093555172, -0.08917127285752815546 ) ) ;
#2539 = EDGE_LOOP ( 'NONE', ( #2845, #1979, #2618, #208, #1564 ) ) ;
#2540 = VECTOR ( 'NONE', #3173, 39.37007874015748143 ) ;
#2541 = VECTOR ( 'NONE', #1706, 39.37007874015748143 ) ;
#2542 = ORIENTED_EDGE ( 'NONE', *, *, #3085, .T. ) ;
#2543 = CARTESIAN_POINT ( 'NONE',  ( -0.1181102362204724532, 0.03937007874015747977, 0.02362204724409448786 ) ) ;
#2544 = CARTESIAN_POINT ( 'NONE',  ( -0.07874015748031673589, 0.000000000000000000, -0.02362204724409243742 ) ) ;
#2545 = VECTOR ( 'NONE', #1784, 39.37007874015748143 ) ;
#2546 = CARTESIAN_POINT ( 'NONE',  ( -0.07874015748031495954, 0.03937007874015747977, -0.1220866141732283444 ) ) ;
#2547 = VERTEX_POINT ( 'NONE', #2534 ) ;
#2548 = ORIENTED_EDGE ( 'NONE', *, *, #2741, .F. ) ;
#2549 = B_SPLINE_CURVE_WITH_KNOTS ( 'NONE', 3,
 ( #3047, #724, #469, #2538 ),
 .UNSPECIFIED., .F., .F.,
 ( 4, 4 ),
 ( 0.003655977453372194746, 0.003758849537120529782 ),
 .UNSPECIFIED. ) ;
#2550 = EDGE_CURVE ( 'NONE', #3114, #2759, #148, .T. ) ;
#2551 = AXIS2_PLACEMENT_3D ( 'NONE', #533, #820, #3126 ) ;
#2552 = CYLINDRICAL_SURFACE ( 'NONE', #522, 0.1220472440944881942 ) ;
#2553 = CARTESIAN_POINT ( 'NONE',  ( -0.2500000000000000000, 0.000000000000000000, -0.1082677165354330728 ) ) ;
#2554 = DIRECTION ( 'NONE',  ( 0.000000000000000000, 0.000000000000000000, 1.000000000000000000 ) ) ;
#2555 = ORIENTED_EDGE ( 'NONE', *, *, #551, .T. ) ;
#2556 = CARTESIAN_POINT ( 'NONE',  ( 0.2342519685039369526, -0.2416929133858267686, 0.06237032768783857400 ) ) ;
#2557 =( NAMED_UNIT ( * ) PLANE_ANGLE_UNIT ( ) SI_UNIT ( $, .RADIAN. ) );
#2558 = CONICAL_SURFACE ( 'NONE', #2344, 0.08267716535433068670, 1.172861257340199082 ) ;
#2559 = ADVANCED_FACE ( 'NONE', ( #932 ), #2907, .T. ) ;
#2560 = DIRECTION ( 'NONE',  ( 0.000000000000000000, -1.000000000000000000, 0.000000000000000000 ) ) ;
#2561 = CARTESIAN_POINT ( 'NONE',  ( 0.2405475431419105969, -0.08647355239466233967, -0.08216809185410857419 ) ) ;
#2562 = ORIENTED_EDGE ( 'NONE', *, *, #2251, .F. ) ;
#2563 = ORIENTED_EDGE ( 'NONE', *, *, #2401, .F. ) ;
#2564 = CARTESIAN_POINT ( 'NONE',  ( 0.1181102362204708711, 0.03937007874015747977, -0.1220866141732283444 ) ) ;
#2565 = CARTESIAN_POINT ( 'NONE',  ( -0.2500000000000000000, 0.09842519685039370636, 0.07455646169231140707 ) ) ;
#2566 = CARTESIAN_POINT ( 'NONE',  ( -0.2500000000000000000, 0.03937007874015747977, 0.1220472440944881942 ) ) ;
#2567 = AXIS2_PLACEMENT_3D ( 'NONE', #2517, #720, #2773 ) ;
#2568 = ORIENTED_EDGE ( 'NONE', *, *, #701, .T. ) ;
#2569 = DIRECTION ( 'NONE',  ( 0.000000000000000000, 0.000000000000000000, -1.000000000000000000 ) ) ;
#2570 = VERTEX_POINT ( 'NONE', #1707 ) ;
#2571 = CIRCLE ( 'NONE', #3015, 0.1249999999999999584 ) ;
#2572 = CARTESIAN_POINT ( 'NONE',  ( 0.2303898681478004085, -0.1021819735679588559, 0.08031784608520374513 ) ) ;
#2573 = AXIS2_PLACEMENT_3D ( 'NONE', #2069, #1806, #524 ) ;
#2574 = CIRCLE ( 'NONE', #1443, 0.01968503937007873988 ) ;
#2575 = PLANE ( 'NONE',  #2801 ) ;
#2576 = DIRECTION ( 'NONE',  ( 1.000000000000000000, 0.000000000000000000, 3.414809992080329639E-17 ) ) ;
#2577 = STYLED_ITEM ( 'NONE', ( #2420 ), #557 ) ;
#2578 = EDGE_LOOP ( 'NONE', ( #3112, #1451, #2015, #2825 ) ) ;
#2579 = VERTEX_POINT ( 'NONE', #1038 ) ;
#2580 = CIRCLE ( 'NONE', #742, 0.04921259842519685318 ) ;
#2581 = PLANE ( 'NONE',  #3123 ) ;
#2582 = CARTESIAN_POINT ( 'NONE',  ( -0.2500000000000000000, 0.1181102362204724532, -0.04921259842519685318 ) ) ;
#2583 = VECTOR ( 'NONE', #2598, 39.37007874015748143 ) ;
#2584 = VERTEX_POINT ( 'NONE', #754 ) ;
#2585 = CARTESIAN_POINT ( 'NONE',  ( -0.2500000000000000000, -0.2174437897093555172, 2.731847993664263711E-16 ) ) ;
#2586 = AXIS2_PLACEMENT_3D ( 'NONE', #985, #429, #954 ) ;
#2587 = VERTEX_POINT ( 'NONE', #296 ) ;
#2588 = CARTESIAN_POINT ( 'NONE',  ( 0.2657480314960629642, -0.2269764674289233286, -0.08536429252251510891 ) ) ;
#2589 = ORIENTED_EDGE ( 'NONE', *, *, #2392, .T. ) ;
#2590 = AXIS2_PLACEMENT_3D ( 'NONE', #1863, #2900, #583 ) ;
#2591 = CARTESIAN_POINT ( 'NONE',  ( 0.2594524568581409452, -0.08647355239468741683, 0.08216809185410185734 ) ) ;
#2592 = CARTESIAN_POINT ( 'NONE',  ( -0.3112191358017558640, -0.2121653543307086554, 2.731847993664263711E-16 ) ) ;
#2593 = DIRECTION ( 'NONE',  ( 0.000000000000000000, 1.000000000000000000, 0.000000000000000000 ) ) ;
#2594 = ORIENTED_EDGE ( 'NONE', *, *, #1876, .F. ) ;
#2595 = EDGE_CURVE ( 'NONE', #2778, #3265, #3337, .T. ) ;
#2596 = ORIENTED_EDGE ( 'NONE', *, *, #2639, .F. ) ;
#2597 = ORIENTED_EDGE ( 'NONE', *, *, #2988, .T. ) ;
#2598 = DIRECTION ( 'NONE',  ( 0.000000000000000000, 0.000000000000000000, 1.000000000000000000 ) ) ;
#2599 = EDGE_CURVE ( 'NONE', #2634, #1253, #2827, .T. ) ;
#2600 = CARTESIAN_POINT ( 'NONE',  ( 0.1250000000000000000, 1.092739197465704696E-15, -1.092739197465704696E-15 ) ) ;
#2601 = ORIENTED_EDGE ( 'NONE', *, *, #938, .F. ) ;
#2602 = ADVANCED_FACE ( 'NONE', ( #1780 ), #511, .F. ) ;
#2603 = PLANE ( 'NONE',  #1252 ) ;
#2604 = EDGE_CURVE ( 'NONE', #1101, #1421, #2866, .T. ) ;
#2605 = EDGE_CURVE ( 'NONE', #893, #1831, #3167, .T. ) ;
#2606 = ORIENTED_EDGE ( 'NONE', *, *, #3134, .F. ) ;
#2607 = LINE ( 'NONE', #1333, #3336 ) ;
#2608 = ORIENTED_EDGE ( 'NONE', *, *, #1775, .T. ) ;
#2609 = DIRECTION ( 'NONE',  ( 0.000000000000000000, 0.000000000000000000, 1.000000000000000000 ) ) ;
#2610 = APPLICATION_PROTOCOL_DEFINITION ( 'draft international standard', 'automotive_design', 1998, #1646 ) ;
#2611 = ADVANCED_FACE ( 'NONE', ( #2107 ), #2581, .F. ) ;
#2612 = LINE ( 'NONE', #2341, #1658 ) ;
#2613 = ORIENTED_EDGE ( 'NONE', *, *, #3095, .F. ) ;
#2614 = VECTOR ( 'NONE', #2701, 39.37007874015748143 ) ;
#2615 = ORIENTED_EDGE ( 'NONE', *, *, #1301, .T. ) ;
#2616 = DIRECTION ( 'NONE',  ( -1.000000000000000000, 0.000000000000000000, 0.000000000000000000 ) ) ;
#2617 = CARTESIAN_POINT ( 'NONE',  ( -0.2755905511811023723, 0.07874015748031495954, -0.1220866141732283444 ) ) ;
#2618 = ORIENTED_EDGE ( 'NONE', *, *, #1078, .F. ) ;
#2619 = DIRECTION ( 'NONE',  ( 0.000000000000000000, -1.000000000000000000, -5.551115123125779621E-17 ) ) ;
#2620 = B_SPLINE_CURVE_WITH_KNOTS ( 'NONE', 3,
 ( #175, #2482, #1204, #3209 ),
 .UNSPECIFIED., .F., .F.,
 ( 4, 4 ),
 ( 0.002832913685900425270, 0.002935786532568635150 ),
 .UNSPECIFIED. ) ;
#2621 = ORIENTED_EDGE ( 'NONE', *, *, #1506, .F. ) ;
#2622 = DIRECTION ( 'NONE',  ( 0.000000000000000000, 0.000000000000000000, 1.000000000000000000 ) ) ;
#2623 = ORIENTED_EDGE ( 'NONE', *, *, #2893, .F. ) ;
#2624 = CARTESIAN_POINT ( 'NONE',  ( -0.2229912938306783388, 0.03937007874015747977, 0.1220472440944881942 ) ) ;
#2625 = VECTOR ( 'NONE', #274, 39.37007874015748143 ) ;
#2626 = ADVANCED_FACE ( 'NONE', ( #1574 ), #2817, .F. ) ;
#2627 = CARTESIAN_POINT ( 'NONE',  ( 0.2500000000000000000, -0.03499999999999894168, -1.092739197465704696E-15 ) ) ;
#2628 = ORIENTED_EDGE ( 'NONE', *, *, #1330, .T. ) ;
#2629 = CIRCLE ( 'NONE', #573, 0.08930151325141615082 ) ;
#2630 = EDGE_CURVE ( 'NONE', #2844, #1334, #1068, .T. ) ;
#2631 = ORIENTED_EDGE ( 'NONE', *, *, #2382, .T. ) ;
#2632 = CARTESIAN_POINT ( 'NONE',  ( -0.2657480314960629642, -0.2269764674289200257, 0.08536429252251648281 ) ) ;
#2633 = CARTESIAN_POINT ( 'NONE',  ( -0.07874015748031495954, 0.07874015748031495954, -0.02362204724409448786 ) ) ;
#2634 = VERTEX_POINT ( 'NONE', #3090 ) ;
#2635 = VECTOR ( 'NONE', #184, 39.37007874015748143 ) ;
#2636 = CARTESIAN_POINT ( 'NONE',  ( -0.3149606299212598381, 0.07874015748031495954, -0.02362204724409243742 ) ) ;
#2637 = FACE_OUTER_BOUND ( 'NONE', #3096, .T. ) ;
#2638 = AXIS2_PLACEMENT_3D ( 'NONE', #140, #1428, #1449 ) ;
#2639 = EDGE_CURVE ( 'NONE', #2579, #495, #2332, .T. ) ;
#2640 = ADVANCED_FACE ( 'NONE', ( #1323 ), #2552, .T. ) ;
#2641 = ORIENTED_EDGE ( 'NONE', *, *, #2639, .T. ) ;
#2642 = AXIS2_PLACEMENT_3D ( 'NONE', #1212, #3302, #2767 ) ;
#2643 = DIRECTION ( 'NONE',  ( -0.000000000000000000, 1.000000000000000000, 0.000000000000000000 ) ) ;
#2644 = ORIENTED_EDGE ( 'NONE', *, *, #94, .T. ) ;
#2645 = CARTESIAN_POINT ( 'NONE',  ( -0.07874015748031495954, 0.07874015748031495954, -0.02362204724409448786 ) ) ;
#2646 = SHAPE_REPRESENTATION_RELATIONSHIP ( 'NONE' , 'NONE' ,  #2703, #662 ) ;
#2647 = EDGE_CURVE ( 'NONE', #1205, #1080, #1072, .T. ) ;
#2648 = VECTOR ( 'NONE', #1844, 39.37007874015748143 ) ;
#2649 = ORIENTED_EDGE ( 'NONE', *, *, #1854, .T. ) ;
#2650 = AXIS2_PLACEMENT_3D ( 'NONE', #108, #2980, #2416 ) ;
#2651 = DIRECTION ( 'NONE',  ( 1.000000000000000000, 0.000000000000000000, 0.000000000000000000 ) ) ;
#2652 = LINE ( 'NONE', #83, #574 ) ;
#2653 = ORIENTED_EDGE ( 'NONE', *, *, #548, .F. ) ;
#2654 = EDGE_CURVE ( 'NONE', #55, #3050, #1006, .T. ) ;
#2655 = CARTESIAN_POINT ( 'NONE',  ( -0.2500000000000000000, 0.1011648248220486240, -0.09404992761242106369 ) ) ;
#2656 = DIRECTION ( 'NONE',  ( 0.000000000000000000, 1.000000000000000000, 0.000000000000000000 ) ) ;
#2657 = DIRECTION ( 'NONE',  ( -1.000000000000000000, 1.084202172485503694E-16, 6.018531076210110672E-33 ) ) ;
#2658 = CARTESIAN_POINT ( 'NONE',  ( 0.2783713219522232496, -0.2023228346456693028, 0.1250000000000000000 ) ) ;
#2659 = CARTESIAN_POINT ( 'NONE',  ( 0.2657480314960629642, -0.2416929133858267964, -0.06237032768783806747 ) ) ;
#2660 = ORIENTED_EDGE ( 'NONE', *, *, #841, .F. ) ;
#2661 = CARTESIAN_POINT ( 'NONE',  ( 0.2755905511811023723, 0.03937007874015747977, 0.02362204724409653483 ) ) ;
#2662 = FACE_OUTER_BOUND ( 'NONE', #419, .T. ) ;
#2663 = CARTESIAN_POINT ( 'NONE',  ( -0.2657480314960630197, -0.2416929133858267964, 0.05915895614624114285 ) ) ;
#2664 = DIRECTION ( 'NONE',  ( 1.000000000000000000, 0.000000000000000000, 0.000000000000000000 ) ) ;
#2665 = ORIENTED_EDGE ( 'NONE', *, *, #1850, .F. ) ;
#2666 = EDGE_CURVE ( 'NONE', #1259, #3088, #1307, .T. ) ;
#2667 = CARTESIAN_POINT ( 'NONE',  ( -0.2657480314960630197, -0.2416929133858267964, 0.05915895614624114285 ) ) ;
#2668 = CARTESIAN_POINT ( 'NONE',  ( -0.2500000000000000000, -0.2141338582677165536, 2.731847993664263711E-16 ) ) ;
#2669 = ORIENTED_EDGE ( 'NONE', *, *, #2299, .T. ) ;
#2670 = CARTESIAN_POINT ( 'NONE',  ( -0.2500000000000000000, -0.2141338582677165536, 2.731847993664263711E-16 ) ) ;
#2671 = EDGE_CURVE ( 'NONE', #957, #15, #2319, .T. ) ;
#2672 = DIRECTION ( 'NONE',  ( -1.000000000000000000, 0.000000000000000000, 0.000000000000000000 ) ) ;
#2673 = LINE ( 'NONE', #338, #2017 ) ;
#2674 = DIRECTION ( 'NONE',  ( 1.000000000000000000, 0.000000000000000000, 0.000000000000000000 ) ) ;
#2675 = SURFACE_STYLE_USAGE ( .BOTH. , #1673 ) ;
#2676 = VERTEX_POINT ( 'NONE', #2312 ) ;
#2677 = CARTESIAN_POINT ( 'NONE',  ( -0.2342519685039370636, -0.2352448217851931533, -0.07811905328564870687 ) ) ;
#2678 = CARTESIAN_POINT ( 'NONE',  ( -0.2755905511811023723, 0.03937007874015747977, 0.02362204724409653483 ) ) ;
#2679 = ORIENTED_EDGE ( 'NONE', *, *, #337, .F. ) ;
#2680 = CARTESIAN_POINT ( 'NONE',  ( -0.3405511811023622104, -0.2174437897093555172, 2.731847993664263711E-16 ) ) ;
#2681 = CARTESIAN_POINT ( 'NONE',  ( -0.2696101318522000634, -0.1021819735679592445, -0.08031784608520473046 ) ) ;
#2682 = VECTOR ( 'NONE', #1174, 39.37007874015748143 ) ;
#2683 = ORIENTED_EDGE ( 'NONE', *, *, #3160, .T. ) ;
#2684 = AXIS2_PLACEMENT_3D ( 'NONE', #2460, #2406, #2915 ) ;
#2685 = CARTESIAN_POINT ( 'NONE',  ( -0.3149606299212598381, 0.03937007874015747977, -0.02362204724409448786 ) ) ;
#2686 = CARTESIAN_POINT ( 'NONE',  ( 0.2229912938306898018, -0.03499999999999894168, 0.1220472440944881942 ) ) ;
#2687 = ORIENTED_EDGE ( 'NONE', *, *, #149, .F. ) ;
#2688 = CARTESIAN_POINT ( 'NONE',  ( 0.1181102362204724532, 0.03937007874015747977, -0.02362204724409448786 ) ) ;
#2689 = AXIS2_PLACEMENT_3D ( 'NONE', #2627, #2100, #1825 ) ;
#2690 = DIRECTION ( 'NONE',  ( -8.115498896123170331E-15, -1.000000000000000000, 0.000000000000000000 ) ) ;
#2691 = DIRECTION ( 'NONE',  ( 0.000000000000000000, 1.000000000000000000, 0.000000000000000000 ) ) ;
#2692 = ORIENTED_EDGE ( 'NONE', *, *, #827, .T. ) ;
#2693 = CARTESIAN_POINT ( 'NONE',  ( -0.2657480314960630197, -0.2023228346456693028, 0.1250000000000000000 ) ) ;
#2694 = CARTESIAN_POINT ( 'NONE',  ( -0.2548090996563118216, -0.08466799420690469813, -0.08257007218172189578 ) ) ;
#2695 = APPLICATION_CONTEXT ( 'automotive_design' ) ;
#2696 = ORIENTED_EDGE ( 'NONE', *, *, #1292, .F. ) ;
#2697 = UNCERTAINTY_MEASURE_WITH_UNIT (LENGTH_MEASURE( 1.000000000000000082E-05 ), #2097, 'distance_accuracy_value', 'NONE');
#2698 = CARTESIAN_POINT ( 'NONE',  ( 0.2657480314960630197, -0.2416929133858267964, 0.05915895614623996324 ) ) ;
#2699 = PRESENTATION_LAYER_ASSIGNMENT (  '', '', ( #34 ) ) ;
#2700 = DIRECTION ( 'NONE',  ( 1.000000000000000000, 0.000000000000000000, 0.000000000000000000 ) ) ;
#2701 = DIRECTION ( 'NONE',  ( 0.000000000000000000, 1.000000000000000000, 0.000000000000000000 ) ) ;
#2702 = ORIENTED_EDGE ( 'NONE', *, *, #2959, .F. ) ;
#2703 = SHAPE_REPRESENTATION ( '228-2500-242-OVERMOLD.step', ( #301 ), #560 ) ;
#2704 = CARTESIAN_POINT ( 'NONE',  ( -0.2500000000000000000, -0.03500000000000000333, 2.731847993664263711E-16 ) ) ;
#2705 = VECTOR ( 'NONE', #17, 39.37007874015748143 ) ;
#2706 = CARTESIAN_POINT ( 'NONE',  ( 0.07874015748031339135, 0.000000000000000000, 0.02362204724409653483 ) ) ;
#2707 = VERTEX_POINT ( 'NONE', #3345 ) ;
#2708 = CARTESIAN_POINT ( 'NONE',  ( 0.3149606299212598381, 0.03937007874015747977, -0.02362204724409448786 ) ) ;
#2709 = DIRECTION ( 'NONE',  ( 0.3090169943749443426, 0.9510565162951544194, 0.000000000000000000 ) ) ;
#2710 = EDGE_CURVE ( 'NONE', #1080, #160, #2898, .T. ) ;
#2711 = DIRECTION ( 'NONE',  ( 0.000000000000000000, -1.000000000000000000, 0.000000000000000000 ) ) ;
#2712 = EDGE_CURVE ( 'NONE', #2533, #3248, #3082, .T. ) ;
#2713 = CARTESIAN_POINT ( 'NONE',  ( 0.2657480314960630197, -0.2141338582677165536, 0.08116349656727560313 ) ) ;
#2714 = DIRECTION ( 'NONE',  ( -1.000000000000000000, 0.000000000000000000, 0.000000000000000000 ) ) ;
#2715 = EDGE_CURVE ( 'NONE', #1864, #2547, #535, .T. ) ;
#2716 = ORIENTED_EDGE ( 'NONE', *, *, #487, .F. ) ;
#2717 = DIRECTION ( 'NONE',  ( 0.000000000000000000, 0.000000000000000000, 1.000000000000000000 ) ) ;
#2718 = ADVANCED_FACE ( 'NONE', ( #1357 ), #2377, .F. ) ;
#2719 = CARTESIAN_POINT ( 'NONE',  ( -0.2342519685039370358, -0.2187258444921523770, 0.08874826174624823871 ) ) ;
#2720 = VECTOR ( 'NONE', #587, 39.37007874015748143 ) ;
#2721 = CARTESIAN_POINT ( 'NONE',  ( -0.2755015882382190195, -0.1695216281996027585, -0.07870525558169318148 ) ) ;
#2722 = ORIENTED_EDGE ( 'NONE', *, *, #2316, .F. ) ;
#2723 =( LENGTH_UNIT ( ) NAMED_UNIT ( * ) SI_UNIT ( $, .METRE. ) );
#2724 = DIRECTION ( 'NONE',  ( 0.000000000000000000, -1.000000000000000000, 0.000000000000000000 ) ) ;
#2725 = VERTEX_POINT ( 'NONE', #1915 ) ;
#2726 = ORIENTED_EDGE ( 'NONE', *, *, #918, .F. ) ;
#2727 = FACE_OUTER_BOUND ( 'NONE', #2285, .T. ) ;
#2728 = DIRECTION ( 'NONE',  ( -1.000000000000000000, 0.000000000000000000, 0.000000000000000000 ) ) ;
#2729 = LINE ( 'NONE', #1671, #2303 ) ;
#2730 = AXIS2_PLACEMENT_3D ( 'NONE', #2383, #2657, #2417 ) ;
#2731 = CARTESIAN_POINT ( 'NONE',  ( -0.2594524568581042523, -0.08647355239467607868, -0.08216809185410590965 ) ) ;
#2732 = EDGE_LOOP ( 'NONE', ( #3092, #2059 ) ) ;
#2733 = CARTESIAN_POINT ( 'NONE',  ( 0.1181102362204708711, 0.03937007874015747977, 0.02362204724409653483 ) ) ;
#2734 = CARTESIAN_POINT ( 'NONE',  ( 0.2342519685039370358, -0.2397660864664308000, -0.07168824670240986352 ) ) ;
#2735 = DIRECTION ( 'NONE',  ( -1.000000000000000000, 0.000000000000000000, 1.707404996040164820E-17 ) ) ;
#2736 = ORIENTED_EDGE ( 'NONE', *, *, #1279, .F. ) ;
#2737 = EDGE_CURVE ( 'NONE', #1624, #2858, #601, .T. ) ;
#2738 = DIRECTION ( 'NONE',  ( 0.000000000000000000, 0.000000000000000000, 1.000000000000000000 ) ) ;
#2739 = LINE ( 'NONE', #418, #1540 ) ;
#2740 = VERTEX_POINT ( 'NONE', #1898 ) ;
#2741 = EDGE_CURVE ( 'NONE', #2820, #1858, #1107, .T. ) ;
#2742 = VERTEX_POINT ( 'NONE', #1092 ) ;
#2743 = CARTESIAN_POINT ( 'NONE',  ( 0.3149606299212598381, 0.1181102362204724532, -0.02362204724409448786 ) ) ;
#2744 = CARTESIAN_POINT ( 'NONE',  ( -0.2500000000000000000, -0.2121653543307086554, 2.731847993664263711E-16 ) ) ;
#2745 = AXIS2_PLACEMENT_3D ( 'NONE', #1150, #111, #2172 ) ;
#2746 = LINE ( 'NONE', #2249, #2975 ) ;
#2747 = CIRCLE ( 'NONE', #3330, 0.08267716535433068670 ) ;
#2748 = LINE ( 'NONE', #2472, #1544 ) ;
#2749 = ORIENTED_EDGE ( 'NONE', *, *, #1502, .F. ) ;
#2750 = CARTESIAN_POINT ( 'NONE',  ( -0.2342519685039370636, -0.2341854066282741120, -0.07940332320629044094 ) ) ;
#2751 = MECHANICAL_DESIGN_GEOMETRIC_PRESENTATION_REPRESENTATION (  '', ( #2577 ), #3067 ) ;
#2752 = EDGE_CURVE ( 'NONE', #1791, #30, #643, .T. ) ;
#2753 = VECTOR ( 'NONE', #1787, 39.37007874015748143 ) ;
#2754 = CARTESIAN_POINT ( 'NONE',  ( -0.2755905511811023723, 0.07874015748031495954, -0.02362204724409448786 ) ) ;
#2755 = EDGE_CURVE ( 'NONE', #2725, #1037, #2197, .T. ) ;
#2756 = AXIS2_PLACEMENT_3D ( 'NONE', #63, #2651, #2919 ) ;
#2757 = FILL_AREA_STYLE_COLOUR ( '', #682 ) ;
#2758 = CARTESIAN_POINT ( 'NONE',  ( -0.2342519685039370358, -0.2023228346456693028, 0.1250000000000000000 ) ) ;
#2759 = VERTEX_POINT ( 'NONE', #2123 ) ;
#2760 = ORIENTED_EDGE ( 'NONE', *, *, #1785, .T. ) ;
#2761 = CARTESIAN_POINT ( 'NONE',  ( 0.2755015882382190195, -0.1695216281996027585, -0.07870525558169456926 ) ) ;
#2762 = PLANE ( 'NONE',  #3211 ) ;
#2763 = EDGE_CURVE ( 'NONE', #2740, #1822, #1184, .T. ) ;
#2764 = CARTESIAN_POINT ( 'NONE',  ( -0.2500000000000000000, 0.03937007874015747977, 2.731847993664263711E-16 ) ) ;
#2765 = CARTESIAN_POINT ( 'NONE',  ( -0.2500000000000000000, 0.03937007874015747977, 2.731847993664263711E-16 ) ) ;
#2766 = ORIENTED_EDGE ( 'NONE', *, *, #1154, .T. ) ;
#2767 = DIRECTION ( 'NONE',  ( 0.000000000000000000, 0.000000000000000000, -1.000000000000000000 ) ) ;
#2768 = DIRECTION ( 'NONE',  ( -0.000000000000000000, 1.000000000000000000, 0.000000000000000000 ) ) ;
#2769 = FILL_AREA_STYLE ('',( #2274 ) ) ;
#2770 = DIRECTION ( 'NONE',  ( -1.000000000000000000, -8.260587980841940949E-15, 0.000000000000000000 ) ) ;
#2771 = ORIENTED_EDGE ( 'NONE', *, *, #1880, .F. ) ;
#2772 = ORIENTED_EDGE ( 'NONE', *, *, #2630, .F. ) ;
#2773 = DIRECTION ( 'NONE',  ( 1.000000000000000000, 0.000000000000000000, 0.000000000000000000 ) ) ;
#2774 = CARTESIAN_POINT ( 'NONE',  ( -0.2755905511811023723, 0.03937007874015747977, 0.02362204724409448786 ) ) ;
#2775 = DIRECTION ( 'NONE',  ( 1.000000000000000000, 0.000000000000000000, 0.000000000000000000 ) ) ;
#2776 = FACE_OUTER_BOUND ( 'NONE', #2499, .T. ) ;
#2777 = ADVANCED_FACE ( 'NONE', ( #2431 ), #1373, .T. ) ;
#2778 = VERTEX_POINT ( 'NONE', #1609 ) ;
#2779 = DIRECTION ( 'NONE',  ( 0.000000000000000000, 1.000000000000000000, 0.000000000000000000 ) ) ;
#2780 = ADVANCED_FACE ( 'NONE', ( #80, #104 ), #1143, .F. ) ;
#2781 = VECTOR ( 'NONE', #2281, 39.37007874015748143 ) ;
#2782 = CARTESIAN_POINT ( 'NONE',  ( -0.2303898681478004085, -0.1021819735679592445, 0.08031784608520531332 ) ) ;
#2783 = CARTESIAN_POINT ( 'NONE',  ( -0.2500000000000000000, 0.9527559055118109965, -0.02006612940058846370 ) ) ;
#2784 = B_SPLINE_CURVE_WITH_KNOTS ( 'NONE', 3,
 ( #3011, #3277, #3225, #162 ),
 .UNSPECIFIED., .F., .F.,
 ( 4, 4 ),
 ( 0.003029541235337095042, 0.003249628748158705192 ),
 .UNSPECIFIED. ) ;
#2785 = DIRECTION ( 'NONE',  ( 1.000000000000000000, 0.000000000000000000, 0.000000000000000000 ) ) ;
#2786 = ORIENTED_EDGE ( 'NONE', *, *, #225, .F. ) ;
#2787 = EDGE_LOOP ( 'NONE', ( #3271, #1039, #2178, #95 ) ) ;
#2788 = DIRECTION ( 'NONE',  ( -1.000000000000000000, 0.000000000000000000, 0.000000000000000000 ) ) ;
#2789 = PLANE ( 'NONE',  #3078 ) ;
#2790 = CONICAL_SURFACE ( 'NONE', #1171, 0.09055118110236221041, 0.3141592653589756479 ) ;
#2791 = AXIS2_PLACEMENT_3D ( 'NONE', #1157, #2428, #115 ) ;
#2792 = DIRECTION ( 'NONE',  ( 0.000000000000000000, 0.000000000000000000, 1.000000000000000000 ) ) ;
#2793 = ORIENTED_EDGE ( 'NONE', *, *, #940, .F. ) ;
#2794 = ORIENTED_EDGE ( 'NONE', *, *, #2755, .F. ) ;
#2795 = CARTESIAN_POINT ( 'NONE',  ( 0.2342519685039370636, -0.2378108952978109092, 0.07429137131410637473 ) ) ;
#2796 = VECTOR ( 'NONE', #670, 39.37007874015748143 ) ;
#2797 = ORIENTED_EDGE ( 'NONE', *, *, #1749, .T. ) ;
#2798 = CARTESIAN_POINT ( 'NONE',  ( 0.2500000000000000000, -0.2212898718811492083, -1.092739197465704696E-15 ) ) ;
#2799 = FACE_OUTER_BOUND ( 'NONE', #3141, .T. ) ;
#2800 = ORIENTED_EDGE ( 'NONE', *, *, #2986, .F. ) ;
#2801 = AXIS2_PLACEMENT_3D ( 'NONE', #257, #2034, #2560 ) ;
#2802 = ORIENTED_EDGE ( 'NONE', *, *, #2000, .T. ) ;
#2803 = B_SPLINE_CURVE_WITH_KNOTS ( 'NONE', 3,
 ( #2149, #2906, #588, #1669 ),
 .UNSPECIFIED., .F., .F.,
 ( 4, 4 ),
 ( 0.007647354141962959921, 0.007869202712918540663 ),
 .UNSPECIFIED. ) ;
#2804 = CARTESIAN_POINT ( 'NONE',  ( -0.2657480314960630197, -0.2416929133858267964, -0.05915895614624055304 ) ) ;
#2805 = CARTESIAN_POINT ( 'NONE',  ( 0.1181102362204708711, 0.03937007874015747977, -0.1220866141732283444 ) ) ;
#2806 = DIRECTION ( 'NONE',  ( -1.000000000000000000, 0.000000000000000000, 0.000000000000000000 ) ) ;
#2807 = VECTOR ( 'NONE', #243, 39.37007874015748143 ) ;
#2808 = CIRCLE ( 'NONE', #164, 0.06121913580175593339 ) ;
#2809 = ORIENTED_EDGE ( 'NONE', *, *, #663, .T. ) ;
#2810 = EDGE_CURVE ( 'NONE', #1297, #976, #1125, .T. ) ;
#2811 = CARTESIAN_POINT ( 'NONE',  ( 0.2342519685039370081, -0.2412199717140927624, 0.06546948857632538255 ) ) ;
#2812 = EDGE_CURVE ( 'NONE', #15, #2021, #1769, .T. ) ;
#2813 = CARTESIAN_POINT ( 'NONE',  ( -0.2500000000000000000, 0.000000000000000000, -0.1082677165354330728 ) ) ;
#2814 = CARTESIAN_POINT ( 'NONE',  ( 0.2691837124468724474, -0.09730797746215359700, -0.08042195919543485005 ) ) ;
#2815 = ORIENTED_EDGE ( 'NONE', *, *, #2666, .F. ) ;
#2816 = EDGE_LOOP ( 'NONE', ( #2263, #2597, #13, #163, #3186, #369 ) ) ;
#2817 = PLANE ( 'NONE',  #695 ) ;
#2818 = DIRECTION ( 'NONE',  ( -0.000000000000000000, 1.000000000000000000, 0.000000000000000000 ) ) ;
#2819 = PLANE ( 'NONE',  #460 ) ;
#2820 = VERTEX_POINT ( 'NONE', #416 ) ;
#2821 = DIRECTION ( 'NONE',  ( 0.000000000000000000, 1.000000000000000000, 0.000000000000000000 ) ) ;
#2822 = LENGTH_MEASURE_WITH_UNIT ( LENGTH_MEASURE( 0.02539999999999999897 ), #3133 );
#2823 = CARTESIAN_POINT ( 'NONE',  ( -0.2696101318522000634, -0.1021819735679592445, 0.1250000000000000000 ) ) ;
#2824 = CARTESIAN_POINT ( 'NONE',  ( 0.2500000000000000000, 0.1181102362204724532, 0.07455646169231140707 ) ) ;
#2825 = ORIENTED_EDGE ( 'NONE', *, *, #2654, .F. ) ;
#2826 = EDGE_LOOP ( 'NONE', ( #2374, #620 ) ) ;
#2827 = LINE ( 'NONE', #2074, #858 ) ;
#2828 = CARTESIAN_POINT ( 'NONE',  ( -0.2500000000000000000, 0.03937007874015747977, -0.1220472440944881942 ) ) ;
#2829 = EDGE_LOOP ( 'NONE', ( #2470, #2321, #2669, #1890 ) ) ;
#2830 = ORIENTED_EDGE ( 'NONE', *, *, #2247, .T. ) ;
#2831 = FACE_OUTER_BOUND ( 'NONE', #2430, .T. ) ;
#2832 = VECTOR ( 'NONE', #775, 39.37007874015748143 ) ;
#2833 = ORIENTED_EDGE ( 'NONE', *, *, #1751, .F. ) ;
#2834 = CARTESIAN_POINT ( 'NONE',  ( -0.1181102362204740214, 0.03937007874015747977, -0.1220866141732283444 ) ) ;
#2835 = ORIENTED_EDGE ( 'NONE', *, *, #2027, .F. ) ;
#2836 = EDGE_CURVE ( 'NONE', #2227, #2413, #373, .T. ) ;
#2837 = AXIS2_PLACEMENT_3D ( 'NONE', #2670, #1130, #85 ) ;
#2838 = CARTESIAN_POINT ( 'NONE',  ( 0.2691835981474402506, -0.09730667101366478888, 0.08042198710239287229 ) ) ;
#2839 =( CONVERSION_BASED_UNIT ( 'INCH', #2326 ) LENGTH_UNIT ( ) NAMED_UNIT ( #37 ) );
#2840 = AXIS2_PLACEMENT_3D ( 'NONE', #1736, #507, #3339 ) ;
#2841 = EDGE_CURVE ( 'NONE', #2217, #3348, #669, .T. ) ;
#2842 = CARTESIAN_POINT ( 'NONE',  ( 0.2244984117617811192, -0.1695216281996027585, 0.07870525558169221003 ) ) ;
#2843 = CARTESIAN_POINT ( 'NONE',  ( -0.2500000000000000000, -0.2141338582677165536, 2.731847993664263711E-16 ) ) ;
#2844 = VERTEX_POINT ( 'NONE', #1954 ) ;
#2845 = ORIENTED_EDGE ( 'NONE', *, *, #2130, .F. ) ;
#2846 = EDGE_CURVE ( 'NONE', #1581, #654, #2314, .T. ) ;
#2847 = ORIENTED_EDGE ( 'NONE', *, *, #2986, .T. ) ;
#2848 = DIRECTION ( 'NONE',  ( 0.000000000000000000, 0.000000000000000000, 1.000000000000000000 ) ) ;
#2849 = ADVANCED_FACE ( 'NONE', ( #1702 ), #1720, .F. ) ;
#2850 = FACE_OUTER_BOUND ( 'NONE', #2829, .T. ) ;
#2851 = AXIS2_PLACEMENT_3D ( 'NONE', #179, #1753, #2788 ) ;
#2852 = ORIENTED_EDGE ( 'NONE', *, *, #1040, .T. ) ;
#2853 = FACE_OUTER_BOUND ( 'NONE', #2921, .T. ) ;
#2854 = AXIS2_PLACEMENT_3D ( 'NONE', #2592, #1033, #3086 ) ;
#2855 = EDGE_CURVE ( 'NONE', #3054, #138, #703, .T. ) ;
#2856 = EDGE_LOOP ( 'NONE', ( #3035, #2802, #671, #2952 ) ) ;
#2857 = CARTESIAN_POINT ( 'NONE',  ( 0.2657480314960629642, -0.2398011466988906881, -0.06994991392938990082 ) ) ;
#2858 = VERTEX_POINT ( 'NONE', #444 ) ;
#2859 = VECTOR ( 'NONE', #2920, 39.37007874015748143 ) ;
#2860 = CARTESIAN_POINT ( 'NONE',  ( 0.1181102362204708711, 0.000000000000000000, 0.02362204724409653483 ) ) ;
#2861 = PRODUCT ( '228-2500-238.step', '228-2500-238.step', '', ( #3084 ) ) ;
#2862 = MANIFOLD_SOLID_BREP ( 'NONE', #75 ) ;
#2863 = CARTESIAN_POINT ( 'NONE',  ( -0.2783713219522232496, -0.2023228346456693028, 0.1250000000000000000 ) ) ;
#2864 = EDGE_LOOP ( 'NONE', ( #3151, #1872, #2653, #287 ) ) ;
#2865 = VERTEX_POINT ( 'NONE', #432 ) ;
#2866 = LINE ( 'NONE', #1512, #1724 ) ;
#2867 = CARTESIAN_POINT ( 'NONE',  ( 0.2500000000000000000, 0.1181102362204724532, 0.04921259842519685318 ) ) ;
#2868 = ORIENTED_EDGE ( 'NONE', *, *, #2871, .T. ) ;
#2869 = CARTESIAN_POINT ( 'NONE',  ( -0.2755905511811023723, 0.03937007874015747977, -0.1220866141732283444 ) ) ;
#2870 = VERTEX_POINT ( 'NONE', #1463 ) ;
#2871 = EDGE_CURVE ( 'NONE', #1060, #1624, #655, .T. ) ;
#2872 = CARTESIAN_POINT ( 'NONE',  ( 0.2657480314960630197, -0.2341854066282757774, -0.07940332320628736007 ) ) ;
#2873 = VERTEX_POINT ( 'NONE', #3040 ) ;
#2874 = DIRECTION ( 'NONE',  ( -1.000000000000000000, 0.000000000000000000, 0.000000000000000000 ) ) ;
#2875 = EDGE_CURVE ( 'NONE', #970, #3136, #2497, .T. ) ;
#2876 = DIRECTION ( 'NONE',  ( 0.000000000000000000, 0.000000000000000000, 1.000000000000000000 ) ) ;
#2877 = LINE ( 'NONE', #1069, #635 ) ;
#2878 = ORIENTED_EDGE ( 'NONE', *, *, #1403, .T. ) ;
#2879 = B_SPLINE_CURVE_WITH_KNOTS ( 'NONE', 3,
 ( #2328, #2814, #3356, #3293, #3102, #778, #222, #2561, #2531, #238, #3041, #1233 ),
 .UNSPECIFIED., .F., .F.,
 ( 4, 2, 2, 2, 2, 4 ),
 ( 0.000000000000000000, 0.2499999999999992784, 0.4999999999999985567, 0.6249999999999991118, 0.7499999999999995559, 1.000000000000000000 ),
 .UNSPECIFIED. ) ;
#2880 = EDGE_LOOP ( 'NONE', ( #1070, #862, #2982, #1731, #1845, #18, #2309, #1927, #2440, #1380 ) ) ;
#2881 = CARTESIAN_POINT ( 'NONE',  ( -0.2657480314960630197, -0.2308457862832883623, 0.08265468857709130923 ) ) ;
#2882 = EDGE_CURVE ( 'NONE', #2516, #1750, #1746, .T. ) ;
#2883 = EDGE_CURVE ( 'NONE', #1151, #957, #917, .T. ) ;
#2884 = LINE ( 'NONE', #2394, #2859 ) ;
#2885 = VERTEX_POINT ( 'NONE', #1490 ) ;
#2886 = CARTESIAN_POINT ( 'NONE',  ( -0.1181102362204740214, 0.000000000000000000, 0.02362204724409653483 ) ) ;
#2887 = DIRECTION ( 'NONE',  ( 1.000000000000000000, 0.000000000000000000, 0.000000000000000000 ) ) ;
#2888 = ORIENTED_EDGE ( 'NONE', *, *, #938, .T. ) ;
#2889 = CARTESIAN_POINT ( 'NONE',  ( -0.07874015748031495954, 0.07874015748031495954, -0.1220866141732283444 ) ) ;
#2890 = ORIENTED_EDGE ( 'NONE', *, *, #3202, .F. ) ;
#2891 = CARTESIAN_POINT ( 'NONE',  ( 0.2755905511811023723, 0.000000000000000000, 0.02362204724409653483 ) ) ;
#2892 =( GEOMETRIC_REPRESENTATION_CONTEXT ( 3 ) GLOBAL_UNCERTAINTY_ASSIGNED_CONTEXT ( ( #3164 ) ) GLOBAL_UNIT_ASSIGNED_CONTEXT ( ( #681, #2557, #475 ) ) REPRESENTATION_CONTEXT ( 'NONE', 'WORKASPACE' ) );
#2893 = EDGE_CURVE ( 'NONE', #2073, #2742, #2530, .T. ) ;
#2894 = DIRECTION ( 'NONE',  ( -1.000000000000000000, 0.000000000000000000, 0.000000000000000000 ) ) ;
#2895 = ORIENTED_EDGE ( 'NONE', *, *, #3100, .T. ) ;
#2896 = CONICAL_SURFACE ( 'NONE', #143, 0.09055118110236221041, 0.3141592653589756479 ) ;
#2897 = VERTEX_POINT ( 'NONE', #3224 ) ;
#2898 = LINE ( 'NONE', #2164, #204 ) ;
#2899 = AXIS2_PLACEMENT_3D ( 'NONE', #3162, #3147, #1100 ) ;
#2900 = DIRECTION ( 'NONE',  ( 0.000000000000000000, -1.000000000000000000, 0.000000000000000000 ) ) ;
#2901 = ORIENTED_EDGE ( 'NONE', *, *, #357, .T. ) ;
#2902 = AXIS2_PLACEMENT_3D ( 'NONE', #1064, #2337, #70 ) ;
#2903 = DIRECTION ( 'NONE',  ( -1.000000000000000000, 8.260587980841940949E-15, 0.000000000000000000 ) ) ;
#2904 = CARTESIAN_POINT ( 'NONE',  ( 0.1181102362204724532, 0.07874015748031495954, -0.1220866141732283444 ) ) ;
#2905 = B_SPLINE_CURVE_WITH_KNOTS ( 'NONE', 3,
 ( #2193, #2442, #173, #2209 ),
 .UNSPECIFIED., .F., .F.,
 ( 4, 4 ),
 ( 0.002832913685900425270, 0.002935786532568640354 ),
 .UNSPECIFIED. ) ;
#2906 = CARTESIAN_POINT ( 'NONE',  ( 0.2342519685039370358, -0.2152356321050437338, 0.08383339392664508616 ) ) ;
#2907 = TOROIDAL_SURFACE ( 'NONE', #1240, 0.06121913580175591257, 0.02952755905511811330 ) ;
#2908 = FACE_OUTER_BOUND ( 'NONE', #1591, .T. ) ;
#2909 = AXIS2_PLACEMENT_3D ( 'NONE', #2155, #113, #2717 ) ;
#2910 = LINE ( 'NONE', #808, #1719 ) ;
#2911 = EDGE_LOOP ( 'NONE', ( #1290, #1350, #2749, #319 ) ) ;
#2912 = DIRECTION ( 'NONE',  ( -1.000000000000000000, 0.000000000000000000, 0.000000000000000000 ) ) ;
#2913 = DIRECTION ( 'NONE',  ( 0.000000000000000000, 0.000000000000000000, 1.000000000000000000 ) ) ;
#2914 = ADVANCED_FACE ( 'NONE', ( #911 ), #2575, .F. ) ;
#2915 = DIRECTION ( 'NONE',  ( 0.000000000000000000, 5.551115123125779621E-17, -1.000000000000000000 ) ) ;
#2916 = CARTESIAN_POINT ( 'NONE',  ( -0.2500000000000000000, 0.000000000000000000, 0.1082677165354330728 ) ) ;
#2917 = EDGE_CURVE ( 'NONE', #1561, #2759, #2210, .T. ) ;
#2918 = ORIENTED_EDGE ( 'NONE', *, *, #2140, .T. ) ;
#2919 = DIRECTION ( 'NONE',  ( 0.000000000000000000, 1.000000000000000000, 0.000000000000000000 ) ) ;
#2920 = DIRECTION ( 'NONE',  ( 0.000000000000000000, 0.000000000000000000, -1.000000000000000000 ) ) ;
#2921 = EDGE_LOOP ( 'NONE', ( #325, #2589, #2132, #552, #1510, #144 ) ) ;
#2922 = LINE ( 'NONE', #2886, #849 ) ;
#2923 = LINE ( 'NONE', #1885, #1198 ) ;
#2924 = LINE ( 'NONE', #607, #8 ) ;
#2925 = DIRECTION ( 'NONE',  ( -1.000000000000000000, 0.000000000000000000, 0.000000000000000000 ) ) ;
#2926 = CARTESIAN_POINT ( 'NONE',  ( -0.3149606299212598381, 0.03937007874015747977, 0.02362204724409448786 ) ) ;
#2927 = APPLICATION_CONTEXT ( 'automotive_design' ) ;
#2928 = ORIENTED_EDGE ( 'NONE', *, *, #1008, .T. ) ;
#2929 = CARTESIAN_POINT ( 'NONE',  ( -0.2342519685039370358, -0.2308457862832879182, -0.08265468857709172557 ) ) ;
#2930 = DIRECTION ( 'NONE',  ( 0.000000000000000000, -1.000000000000000000, -5.551115123125779621E-17 ) ) ;
#2931 = CONTEXT_DEPENDENT_SHAPE_REPRESENTATION ( #855, #534 ) ;
#2932 = DIRECTION ( 'NONE',  ( 0.000000000000000000, -1.000000000000000000, 0.000000000000000000 ) ) ;
#2933 = DIRECTION ( 'NONE',  ( -1.000000000000000000, 0.000000000000000000, 0.000000000000000000 ) ) ;
#2934 = ORIENTED_EDGE ( 'NONE', *, *, #1230, .T. ) ;
#2935 = CARTESIAN_POINT ( 'NONE',  ( -0.2657480314960629642, -0.2283661019293741490, 0.08448829475801419853 ) ) ;
#2936 = CARTESIAN_POINT ( 'NONE',  ( -0.2755905511811023723, 0.03937007874015747977, -0.02362204724409448786 ) ) ;
#2937 = ORIENTED_EDGE ( 'NONE', *, *, #3001, .F. ) ;
#2938 = CIRCLE ( 'NONE', #291, 0.08930151325141610918 ) ;
#2939 = DIRECTION ( 'NONE',  ( -1.000000000000000000, 8.260587980841940949E-15, 0.000000000000000000 ) ) ;
#2940 = DIRECTION ( 'NONE',  ( 0.000000000000000000, -1.000000000000000000, 0.000000000000000000 ) ) ;
#2941 = CARTESIAN_POINT ( 'NONE',  ( -0.3149606299212598381, 0.03937007874015747977, 0.02362204724409448786 ) ) ;
#2942 = ORIENTED_EDGE ( 'NONE', *, *, #2595, .F. ) ;
#2943 = PLANE ( 'NONE',  #245 ) ;
#2944 = CARTESIAN_POINT ( 'NONE',  ( -0.3149606299212598381, 0.03937007874015747977, 0.02362204724409448786 ) ) ;
#2945 = ORIENTED_EDGE ( 'NONE', *, *, #3083, .F. ) ;
#2946 = CARTESIAN_POINT ( 'NONE',  ( -0.2342519685039370358, -0.2242044433538591952, -0.08680779182831439844 ) ) ;
#2947 = CARTESIAN_POINT ( 'NONE',  ( 0.2342519685039370358, -0.2212898718811492083, -0.08790198958494628567 ) ) ;
#2948 = B_SPLINE_CURVE_WITH_KNOTS ( 'NONE', 3,
 ( #23, #610, #2079, #2588, #790, #1821, #272, #2872, #1117, #3129, #56, #324, #2857, #1365, #2659, #592 ),
 .UNSPECIFIED., .F., .F.,
 ( 4, 2, 2, 2, 2, 2, 2, 4 ),
 ( 0.000000000000000000, 0.1250000000000000000, 0.2500000000000000000, 0.3750000000000000000, 0.5000000000000000000, 0.6250000000000000000, 0.7500000000000000000, 1.000000000000000000 ),
 .UNSPECIFIED. ) ;
#2949 = CARTESIAN_POINT ( 'NONE',  ( -0.2274217987699334587, -0.1361071617952032131, -0.07959317237091337316 ) ) ;
#2950 = PLANE ( 'NONE',  #1424 ) ;
#2951 = CONICAL_SURFACE ( 'NONE', #241, 0.09055118110236221041, 0.3141592653589756479 ) ;
#2952 = ORIENTED_EDGE ( 'NONE', *, *, #1721, .F. ) ;
#2953 = ADVANCED_FACE ( 'NONE', ( #1286 ), #3165, .T. ) ;
#2954 = EDGE_CURVE ( 'NONE', #976, #2171, #2485, .T. ) ;
#2955 = CARTESIAN_POINT ( 'NONE',  ( -0.2500000000000000000, -0.2023228346456693028, 2.731847993664263711E-16 ) ) ;
#2956 = LINE ( 'NONE', #2758, #2475 ) ;
#2957 = ORIENTED_EDGE ( 'NONE', *, *, #2356, .T. ) ;
#2958 = LINE ( 'NONE', #1095, #2033 ) ;
#2959 = EDGE_CURVE ( 'NONE', #1005, #3054, #3338, .T. ) ;
#2960 = AXIS2_PLACEMENT_3D ( 'NONE', #1509, #3071, #751 ) ;
#2961 = LINE ( 'NONE', #1958, #756 ) ;
#2962 = EDGE_CURVE ( 'NONE', #1917, #1224, #506, .T. ) ;
#2963 = FACE_OUTER_BOUND ( 'NONE', #831, .T. ) ;
#2964 = VERTEX_POINT ( 'NONE', #2327 ) ;
#2965 = EDGE_CURVE ( 'NONE', #654, #298, #777, .T. ) ;
#2966 = DIRECTION ( 'NONE',  ( 0.000000000000000000, 0.000000000000000000, 1.000000000000000000 ) ) ;
#2967 = ORIENTED_EDGE ( 'NONE', *, *, #909, .T. ) ;
#2968 = CARTESIAN_POINT ( 'NONE',  ( 0.2500000000000000000, 0.1011648248220486240, -0.09404992761242106369 ) ) ;
#2969 = VECTOR ( 'NONE', #1625, 39.37007874015748143 ) ;
#2970 = DIRECTION ( 'NONE',  ( 0.000000000000000000, -1.000000000000000000, 0.000000000000000000 ) ) ;
#2971 = CARTESIAN_POINT ( 'NONE',  ( -0.2303898681478004085, -0.1021819735679592445, -0.08031784608520473046 ) ) ;
#2972 = CARTESIAN_POINT ( 'NONE',  ( -0.2500000000000000000, -0.2434823810225118235, 0.1220472440944881942 ) ) ;
#2973 = ORIENTED_EDGE ( 'NONE', *, *, #2710, .T. ) ;
#2974 = SURFACE_STYLE_FILL_AREA ( #3292 ) ;
#2975 = VECTOR ( 'NONE', #426, 39.37007874015748143 ) ;
#2976 = DIRECTION ( 'NONE',  ( 8.260587980841940949E-15, -1.000000000000000000, 0.000000000000000000 ) ) ;
#2977 = ORIENTED_EDGE ( 'NONE', *, *, #2490, .T. ) ;
#2978 = CIRCLE ( 'NONE', #1507, 0.08267716535433068670 ) ;
#2979 = ORIENTED_EDGE ( 'NONE', *, *, #1653, .F. ) ;
#2980 = DIRECTION ( 'NONE',  ( -8.115498896123170331E-15, -1.000000000000000000, -5.551115123125779621E-17 ) ) ;
#2981 = FACE_OUTER_BOUND ( 'NONE', #1404, .T. ) ;
#2982 = ORIENTED_EDGE ( 'NONE', *, *, #1815, .T. ) ;
#2983 = PLANE ( 'NONE',  #3334 ) ;
#2984 = ORIENTED_EDGE ( 'NONE', *, *, #2893, .T. ) ;
#2985 = CARTESIAN_POINT ( 'NONE',  ( -0.2342519685039370636, -0.2412199717140928179, -0.06546948857633176633 ) ) ;
#2986 = EDGE_CURVE ( 'NONE', #1091, #1364, #214, .T. ) ;
#2987 = CARTESIAN_POINT ( 'NONE',  ( 0.1181102362204708711, 0.000000000000000000, -0.1220866141732283444 ) ) ;
#2988 = EDGE_CURVE ( 'NONE', #1359, #305, #972, .T. ) ;
#2989 = ORIENTED_EDGE ( 'NONE', *, *, #2752, .F. ) ;
#2990 = DIRECTION ( 'NONE',  ( -1.000000000000000000, 8.673617379884029556E-16, 0.000000000000000000 ) ) ;
#2991 = CARTESIAN_POINT ( 'NONE',  ( -0.2229912938306834735, -0.03500000000000000333, 0.1220472440944881942 ) ) ;
#2992 = VERTEX_POINT ( 'NONE', #1302 ) ;
#2993 = VERTEX_POINT ( 'NONE', #477 ) ;
#2994 = DIRECTION ( 'NONE',  ( 0.000000000000000000, -1.110223024625155924E-16, -1.000000000000000000 ) ) ;
#2995 = EDGE_CURVE ( 'NONE', #2021, #1151, #430, .T. ) ;
#2996 = EDGE_CURVE ( 'NONE', #1364, #2533, #2520, .T. ) ;
#2997 = DIRECTION ( 'NONE',  ( 1.000000000000000000, 4.889368192312150070E-16, 0.000000000000000000 ) ) ;
#2998 = CARTESIAN_POINT ( 'NONE',  ( -0.3149606299212598381, 0.03937007874015747977, -0.02362204724409448786 ) ) ;
#2999 = DIRECTION ( 'NONE',  ( 0.000000000000000000, -1.000000000000000000, 0.000000000000000000 ) ) ;
#3000 = AXIS2_PLACEMENT_3D ( 'NONE', #2437, #2128, #3159 ) ;
#3001 = EDGE_CURVE ( 'NONE', #1101, #216, #847, .T. ) ;
#3002 = FILL_AREA_STYLE ('',( #3197 ) ) ;
#3003 = ORIENTED_EDGE ( 'NONE', *, *, #2500, .F. ) ;
#3004 = UNCERTAINTY_MEASURE_WITH_UNIT (LENGTH_MEASURE( 1.000000000000000082E-05 ), #2491, 'distance_accuracy_value', 'NONE');
#3005 = FACE_BOUND ( 'NONE', #908, .T. ) ;
#3006 = DIRECTION ( 'NONE',  ( 0.000000000000000000, 0.000000000000000000, -1.000000000000000000 ) ) ;
#3007 = EDGE_CURVE ( 'NONE', #1558, #1314, #3052, .T. ) ;
#3008 = B_SPLINE_CURVE_WITH_KNOTS ( 'NONE', 3,
 ( #1367, #665, #2946, #2208, #678, #2929, #922, #2750, #2677, #870, #1891, #1713, #2474, #2985, #1695, #3258 ),
 .UNSPECIFIED., .F., .F.,
 ( 4, 2, 2, 2, 2, 2, 2, 4 ),
 ( 0.000000000000000000, 0.1250000000000001943, 0.2500000000000003886, 0.3750000000000005551, 0.5000000000000007772, 0.6250000000000004441, 0.7500000000000000000, 1.000000000000000000 ),
 .UNSPECIFIED. ) ;
#3009 = SURFACE_STYLE_USAGE ( .BOTH. , #3275 ) ;
#3010 = VECTOR ( 'NONE', #1208, 39.37007874015748143 ) ;
#3011 = CARTESIAN_POINT ( 'NONE',  ( 0.2657480314960630197, -0.2174437897093551286, 0.08917127285752775301 ) ) ;
#3012 = EDGE_LOOP ( 'NONE', ( #2336, #1851, #490, #71 ) ) ;
#3013 = ORIENTED_EDGE ( 'NONE', *, *, #170, .F. ) ;
#3014 = DIRECTION ( 'NONE',  ( 0.000000000000000000, 1.000000000000000000, 0.000000000000000000 ) ) ;
#3015 = AXIS2_PLACEMENT_3D ( 'NONE', #2188, #2999, #1961 ) ;
#3016 = DIRECTION ( 'NONE',  ( 1.000000000000000000, 0.000000000000000000, 0.000000000000000000 ) ) ;
#3017 = AXIS2_PLACEMENT_3D ( 'NONE', #2843, #1258, #1536 ) ;
#3018 = CARTESIAN_POINT ( 'NONE',  ( -0.2614992701738221292, -0.08773668023883783584, -0.08189376286010124906 ) ) ;
#3019 = ORIENTED_EDGE ( 'NONE', *, *, #46, .F. ) ;
#3020 = DIRECTION ( 'NONE',  ( 8.673617379884029556E-16, 1.000000000000000000, 0.000000000000000000 ) ) ;
#3021 = CARTESIAN_POINT ( 'NONE',  ( -0.2342519685039370358, -0.2212898718811496246, 0.08790198958494567505 ) ) ;
#3022 = AXIS2_PLACEMENT_3D ( 'NONE', #562, #1340, #174 ) ;
#3023 = VECTOR ( 'NONE', #3289, 39.37007874015748143 ) ;
#3024 = CARTESIAN_POINT ( 'NONE',  ( 0.1181102362204724532, 0.03937007874015747977, -0.1220866141732283444 ) ) ;
#3025 = DIRECTION ( 'NONE',  ( -1.000000000000000000, 0.000000000000000000, 0.000000000000000000 ) ) ;
#3026 = ORIENTED_EDGE ( 'NONE', *, *, #1054, .T. ) ;
#3027 = ORIENTED_EDGE ( 'NONE', *, *, #166, .F. ) ;
#3028 = ADVANCED_FACE ( 'NONE', ( #750 ), #2047, .T. ) ;
#3029 = FACE_OUTER_BOUND ( 'NONE', #1022, .T. ) ;
#3030 = CARTESIAN_POINT ( 'NONE',  ( 0.3326721632034893572, -0.2416929133858267964, -1.092739197465704696E-15 ) ) ;
#3031 = AXIS2_PLACEMENT_3D ( 'NONE', #1121, #1238, #2775 ) ;
#3032 = EDGE_CURVE ( 'NONE', #1299, #3050, #221, .T. ) ;
#3033 = CARTESIAN_POINT ( 'NONE',  ( -0.07874015748031673589, 0.000000000000000000, 0.02362204724409653483 ) ) ;
#3034 = DIRECTION ( 'NONE',  ( 0.000000000000000000, -1.000000000000000000, -5.551115123125779621E-17 ) ) ;
#3035 = ORIENTED_EDGE ( 'NONE', *, *, #308, .F. ) ;
#3036 = PLANE ( 'NONE',  #746 ) ;
#3037 = LINE ( 'NONE', #2286, #692 ) ;
#3038 = PRESENTATION_STYLE_ASSIGNMENT (( #3307 ) ) ;
#3039 = AXIS2_PLACEMENT_3D ( 'NONE', #3286, #3300, #1525 ) ;
#3040 = CARTESIAN_POINT ( 'NONE',  ( 0.2500000000000000000, 0.9527559055118109965, 0.02006612940058846370 ) ) ;
#3041 = CARTESIAN_POINT ( 'NONE',  ( 0.2308164018525739603, -0.09730667101350709558, -0.08042198710239856219 ) ) ;
#3042 = ORIENTED_EDGE ( 'NONE', *, *, #1086, .T. ) ;
#3043 = EDGE_LOOP ( 'NONE', ( #628, #182, #1879, #2563 ) ) ;
#3044 = PLANE ( 'NONE',  #2567 ) ;
#3045 = DIRECTION ( 'NONE',  ( -1.706364891049113454E-17, 0.03489949670250103858, 0.9993908270190957621 ) ) ;
#3046 = CARTESIAN_POINT ( 'NONE',  ( -0.3149606299212598381, 0.000000000000000000, 0.02362204724409653483 ) ) ;
#3047 = CARTESIAN_POINT ( 'NONE',  ( -0.2657480314960630197, -0.2212898718811496246, -0.08790198958494528647 ) ) ;
#3048 = ORIENTED_EDGE ( 'NONE', *, *, #1718, .T. ) ;
#3049 = VECTOR ( 'NONE', #29, 39.37007874015748143 ) ;
#3050 = VERTEX_POINT ( 'NONE', #2661 ) ;
#3051 = CARTESIAN_POINT ( 'NONE',  ( -0.2597277551748449209, -0.08610988731863837564, 0.08218268458781789743 ) ) ;
#3052 = LINE ( 'NONE', #2823, #1284 ) ;
#3053 = CARTESIAN_POINT ( 'NONE',  ( 0.07874015748031495954, 0.07874015748031495954, -0.1220866141732283444 ) ) ;
#3054 = VERTEX_POINT ( 'NONE', #990 ) ;
#3055 = EDGE_LOOP ( 'NONE', ( #1304, #2918, #2182, #35, #1835, #2366, #2310, #1956 ) ) ;
#3056 = ADVANCED_FACE ( 'NONE', ( #2018 ), #1257, .F. ) ;
#3057 = LINE ( 'NONE', #721, #500 ) ;
#3058 = CARTESIAN_POINT ( 'NONE',  ( 0.2657480314960630197, -0.2141338582677165536, -0.08116349656727776807 ) ) ;
#3059 = ADVANCED_FACE ( 'NONE', ( #3005, #1438 ), #647, .F. ) ;
#3060 = STYLED_ITEM ( 'NONE', ( #3321 ), #662 ) ;
#3061 = PLANE ( 'NONE',  #392 ) ;
#3062 = ADVANCED_FACE ( 'NONE', ( #2191 ), #1172, .T. ) ;
#3063 = AXIS2_PLACEMENT_3D ( 'NONE', #640, #3175, #2184 ) ;
#3064 = ORIENTED_EDGE ( 'NONE', *, *, #2504, .F. ) ;
#3065 = CARTESIAN_POINT ( 'NONE',  ( 0.2342519685039370358, -0.2308457862832881125, 0.08265468857709176720 ) ) ;
#3066 =( BOUNDED_CURVE ( )  B_SPLINE_CURVE ( 3, ( #2681, #905, #2721, #1426 ),
 .UNSPECIFIED., .F., .F. ) 
 B_SPLINE_CURVE_WITH_KNOTS ( ( 4, 4 ),
 ( 1.810267798689539909, 1.921073213463469820 ),
 .UNSPECIFIED. ) 
 CURVE ( )  GEOMETRIC_REPRESENTATION_ITEM ( )  RATIONAL_B_SPLINE_CURVE ( ( 1.000000000000000000, 0.9989771083553059539, 0.9989771083553059539, 1.000000000000000000 ) ) 
 REPRESENTATION_ITEM ( '' )  );
#3067 =( GEOMETRIC_REPRESENTATION_CONTEXT ( 3 ) GLOBAL_UNCERTAINTY_ASSIGNED_CONTEXT ( ( #3004 ) ) GLOBAL_UNIT_ASSIGNED_CONTEXT ( ( #2491, #1693, #627 ) ) REPRESENTATION_CONTEXT ( 'NONE', 'WORKASPACE' ) );
#3068 = VECTOR ( 'NONE', #2664, 39.37007874015748143 ) ;
#3069 = AXIS2_PLACEMENT_3D ( 'NONE', #637, #1392, #1664 ) ;
#3070 = CARTESIAN_POINT ( 'NONE',  ( 0.2303898681478004085, -0.1021819735679588559, 0.08031784608520374513 ) ) ;
#3071 = DIRECTION ( 'NONE',  ( -1.000000000000000000, 0.000000000000000000, 0.000000000000000000 ) ) ;
#3072 = ORIENTED_EDGE ( 'NONE', *, *, #1901, .F. ) ;
#3073 = AXIS2_PLACEMENT_3D ( 'NONE', #2275, #1508, #2912 ) ;
#3074 = ORIENTED_EDGE ( 'NONE', *, *, #2996, .T. ) ;
#3075 = CARTESIAN_POINT ( 'NONE',  ( -0.2657480314960630197, -0.2272927959954151866, -0.08592046709893629008 ) ) ;
#3076 = CARTESIAN_POINT ( 'NONE',  ( 0.2725782012300667079, -0.1361071617952026303, 0.07959317237091259600 ) ) ;
#3077 = FACE_OUTER_BOUND ( 'NONE', #1194, .T. ) ;
#3078 = AXIS2_PLACEMENT_3D ( 'NONE', #2553, #3347, #1496 ) ;
#3079 = AXIS2_PLACEMENT_3D ( 'NONE', #622, #2690, #371 ) ;
#3080 = ORIENTED_EDGE ( 'NONE', *, *, #1817, .T. ) ;
#3081 = CARTESIAN_POINT ( 'NONE',  ( -0.2500000000000000000, 0.09842519685039370636, -0.07455646169231140707 ) ) ;
#3082 = B_SPLINE_CURVE_WITH_KNOTS ( 'NONE', 3,
 ( #1126, #3154, #2410, #2632, #2935, #2881, #834, #2139, #859, #3172, #1861, #1881, #1588, #349, #2393, #2667 ),
 .UNSPECIFIED., .F., .F.,
 ( 4, 2, 2, 2, 2, 2, 2, 4 ),
 ( 0.000000000000000000, 0.1250000000000001943, 0.2500000000000003886, 0.3750000000000005551, 0.5000000000000007772, 0.6250000000000009992, 0.7500000000000011102, 1.000000000000000000 ),
 .UNSPECIFIED. ) ;
#3083 = EDGE_CURVE ( 'NONE', #2707, #1297, #1405, .T. ) ;
#3084 = PRODUCT_CONTEXT ( 'NONE', #201, 'mechanical' ) ;
#3085 = EDGE_CURVE ( 'NONE', #3106, #1908, #157, .T. ) ;
#3086 = DIRECTION ( 'NONE',  ( 1.000000000000000000, 0.000000000000000000, 0.000000000000000000 ) ) ;
#3087 = CARTESIAN_POINT ( 'NONE',  ( -0.3393015132514161092, -0.2212898718811496246, 2.731847993664263711E-16 ) ) ;
#3088 = VERTEX_POINT ( 'NONE', #2733 ) ;
#3089 = ORIENTED_EDGE ( 'NONE', *, *, #3342, .F. ) ;
#3090 = CARTESIAN_POINT ( 'NONE',  ( 0.3393015132514161092, -0.2212898718811492083, -1.092845947690247749E-15 ) ) ;
#3091 = CARTESIAN_POINT ( 'NONE',  ( 0.2342519685039370358, -0.2416929133858267964, 0.05915895614623996324 ) ) ;
#3092 = ORIENTED_EDGE ( 'NONE', *, *, #348, .F. ) ;
#3093 = EDGE_CURVE ( 'NONE', #1294, #2532, #3008, .T. ) ;
#3094 = DIRECTION ( 'NONE',  ( 0.000000000000000000, -1.000000000000000000, -5.551115123125779621E-17 ) ) ;
#3095 = EDGE_CURVE ( 'NONE', #2707, #1484, #1728, .T. ) ;
#3096 = EDGE_LOOP ( 'NONE', ( #273, #1643, #1352, #1842, #2056, #2649, #536, #2760, #2621, #1748 ) ) ;
#3097 = DIRECTION ( 'NONE',  ( -1.000000000000000000, 0.000000000000000000, 0.000000000000000000 ) ) ;
#3098 = ORIENTED_EDGE ( 'NONE', *, *, #2504, .T. ) ;
#3099 = CARTESIAN_POINT ( 'NONE',  ( -0.2755905511811023723, 0.03937007874015747977, -0.02362204724409243742 ) ) ;
#3100 = EDGE_CURVE ( 'NONE', #495, #953, #378, .T. ) ;
#3101 = CARTESIAN_POINT ( 'NONE',  ( -0.2500000000000000000, -0.2434823810225118235, 2.731847993664263711E-16 ) ) ;
#3102 = CARTESIAN_POINT ( 'NONE',  ( 0.2548539828200850343, -0.08421489507848804734, -0.08267679103347126690 ) ) ;
#3103 = ORIENTED_EDGE ( 'NONE', *, *, #1603, .F. ) ;
#3104 = ORIENTED_EDGE ( 'NONE', *, *, #1213, .T. ) ;
#3105 = ADVANCED_FACE ( 'NONE', ( #630 ), #3182, .T. ) ;
#3106 = VERTEX_POINT ( 'NONE', #612 ) ;
#3107 = CARTESIAN_POINT ( 'NONE',  ( -0.1181102362204724532, 0.03937007874015747977, -0.1220866141732283444 ) ) ;
#3108 = CARTESIAN_POINT ( 'NONE',  ( 0.2216286780477768059, -0.2023228346456693028, -0.07765682044553996743 ) ) ;
#3109 = ORIENTED_EDGE ( 'NONE', *, *, #487, .T. ) ;
#3110 = CARTESIAN_POINT ( 'NONE',  ( 0.2657480314960630197, -0.2163390768485783655, -0.08650259689324746315 ) ) ;
#3111 = VECTOR ( 'NONE', #2913, 39.37007874015748143 ) ;
#3112 = ORIENTED_EDGE ( 'NONE', *, *, #1440, .F. ) ;
#3113 = CARTESIAN_POINT ( 'NONE',  ( 0.2657480314960630197, -0.2212898718811492083, 0.08790198958494410686 ) ) ;
#3114 = VERTEX_POINT ( 'NONE', #1119 ) ;
#3115 = CARTESIAN_POINT ( 'NONE',  ( -0.2500000000000000000, -0.2174437897093555172, 2.731847993664263711E-16 ) ) ;
#3116 = SHAPE_DEFINITION_REPRESENTATION ( #268, #1543 ) ;
#3117 = VECTOR ( 'NONE', #1840, 39.37007874015748143 ) ;
#3118 = CARTESIAN_POINT ( 'NONE',  ( 0.2657480314960630197, -0.2212898718811492083, -0.08790198958494628567 ) ) ;
#3119 = ORIENTED_EDGE ( 'NONE', *, *, #234, .T. ) ;
#3120 = ORIENTED_EDGE ( 'NONE', *, *, #1289, .F. ) ;
#3121 = CARTESIAN_POINT ( 'NONE',  ( 0.2755905511811023723, 0.07874015748031495954, -0.1220866141732283444 ) ) ;
#3122 = CARTESIAN_POINT ( 'NONE',  ( -0.2500000000000000000, 0.9527559055118109965, -0.02006612940058846370 ) ) ;
#3123 = AXIS2_PLACEMENT_3D ( 'NONE', #2087, #32, #1291 ) ;
#3124 = ORIENTED_EDGE ( 'NONE', *, *, #2108, .T. ) ;
#3125 = EDGE_CURVE ( 'NONE', #814, #1619, #1017, .T. ) ;
#3126 = DIRECTION ( 'NONE',  ( -1.000000000000000000, 0.000000000000000000, 0.000000000000000000 ) ) ;
#3127 = ADVANCED_FACE ( 'NONE', ( #1385 ), #901, .F. ) ;
#3128 = ORIENTED_EDGE ( 'NONE', *, *, #2855, .F. ) ;
#3129 = CARTESIAN_POINT ( 'NONE',  ( 0.2657480314960630197, -0.2370216228587084528, -0.07561770368671472120 ) ) ;
#3130 = VERTEX_POINT ( 'NONE', #2968 ) ;
#3131 = AXIS2_PLACEMENT_3D ( 'NONE', #2805, #2818, #2347 ) ;
#3132 = CARTESIAN_POINT ( 'NONE',  ( 0.2696101318521996193, -0.1021819735679588559, 0.08031784608520374513 ) ) ;
#3133 =( LENGTH_UNIT ( ) NAMED_UNIT ( * ) SI_UNIT ( $, .METRE. ) );
#3134 = EDGE_CURVE ( 'NONE', #1297, #2073, #1675, .T. ) ;
#3135 = FACE_OUTER_BOUND ( 'NONE', #3012, .T. ) ;
#3136 = VERTEX_POINT ( 'NONE', #2698 ) ;
#3137 = ORIENTED_EDGE ( 'NONE', *, *, #3146, .T. ) ;
#3138 = DIRECTION ( 'NONE',  ( 0.000000000000000000, -1.000000000000000000, 0.000000000000000000 ) ) ;
#3139 = DIMENSIONAL_EXPONENTS ( 1.000000000000000000, 0.000000000000000000, 0.000000000000000000, 0.000000000000000000, 0.000000000000000000, 0.000000000000000000, 0.000000000000000000 ) ;
#3140 = DIRECTION ( 'NONE',  ( 0.000000000000000000, 0.000000000000000000, 1.000000000000000000 ) ) ;
#3141 = EDGE_LOOP ( 'NONE', ( #45, #1082, #752, #712 ) ) ;
#3142 = CARTESIAN_POINT ( 'NONE',  ( -0.07874015748031673589, 0.03937007874015747977, -0.02362204724409243742 ) ) ;
#3143 = VECTOR ( 'NONE', #1328, 39.37007874015748143 ) ;
#3144 = DIRECTION ( 'NONE',  ( 0.000000000000000000, 0.000000000000000000, 1.000000000000000000 ) ) ;
#3145 = VERTEX_POINT ( 'NONE', #2175 ) ;
#3146 = EDGE_CURVE ( 'NONE', #2587, #1557, #131, .T. ) ;
#3147 = DIRECTION ( 'NONE',  ( 0.000000000000000000, -1.000000000000000000, -5.551115123125779621E-17 ) ) ;
#3148 = EDGE_LOOP ( 'NONE', ( #1656, #3098, #2143, #3264 ) ) ;
#3149 = CARTESIAN_POINT ( 'NONE',  ( -0.2500000000000000000, 0.000000000000000000, -0.1220472440944881942 ) ) ;
#3150 = DIRECTION ( 'NONE',  ( 0.000000000000000000, 1.000000000000000000, 5.551115123125779621E-17 ) ) ;
#3151 = ORIENTED_EDGE ( 'NONE', *, *, #709, .T. ) ;
#3152 = VECTOR ( 'NONE', #623, 39.37007874015748143 ) ;
#3153 = ORIENTED_EDGE ( 'NONE', *, *, #2160, .F. ) ;
#3154 = CARTESIAN_POINT ( 'NONE',  ( -0.2657480314960630197, -0.2227709155171131161, 0.08741310763149076624 ) ) ;
#3155 = CARTESIAN_POINT ( 'NONE',  ( -0.2755905511811023723, 0.07874015748031495954, 0.02362204724409448786 ) ) ;
#3156 = ORIENTED_EDGE ( 'NONE', *, *, #474, .F. ) ;
#3157 = FACE_OUTER_BOUND ( 'NONE', #2484, .T. ) ;
#3158 = CARTESIAN_POINT ( 'NONE',  ( 0.2657480314960630197, -0.2174437897093551286, -0.08917127285752991794 ) ) ;
#3159 = DIRECTION ( 'NONE',  ( 1.000000000000000000, 2.429763562534339818E-16, 0.000000000000000000 ) ) ;
#3160 = EDGE_CURVE ( 'NONE', #1864, #1758, #199, .T. ) ;
#3161 = ORIENTED_EDGE ( 'NONE', *, *, #195, .F. ) ;
#3162 = CARTESIAN_POINT ( 'NONE',  ( 0.2500000000000000000, -0.2416929133858267964, -1.092739197465704696E-15 ) ) ;
#3163 = ORIENTED_EDGE ( 'NONE', *, *, #948, .T. ) ;
#3164 = UNCERTAINTY_MEASURE_WITH_UNIT (LENGTH_MEASURE( 1.000000000000000082E-05 ), #681, 'distance_accuracy_value', 'NONE');
#3165 = CYLINDRICAL_SURFACE ( 'NONE', #1987, 0.1220472440944881942 ) ;
#3166 = CARTESIAN_POINT ( 'NONE',  ( 0.2524174214937495719, -0.08421145164934719374, 0.08267735214551930056 ) ) ;
#3167 = B_SPLINE_CURVE_WITH_KNOTS ( 'NONE', 3,
 ( #2363, #801, #1521, #2296, #1023, #544 ),
 .UNSPECIFIED., .F., .F.,
 ( 4, 2, 4 ),
 ( 0.000000000000000000, 0.5000000000000000000, 1.000000000000000000 ),
 .UNSPECIFIED. ) ;
#3168 = AXIS2_PLACEMENT_3D ( 'NONE', #1419, #1191, #1869 ) ;
#3169 = CARTESIAN_POINT ( 'NONE',  ( 0.07874015748031495954, 0.03937007874015747977, -0.1220866141732283444 ) ) ;
#3170 = EDGE_LOOP ( 'NONE', ( #3196, #24, #265, #2295 ) ) ;
#3171 = AXIS2_PLACEMENT_3D ( 'NONE', #352, #2168, #1592 ) ;
#3172 = CARTESIAN_POINT ( 'NONE',  ( -0.2657480314960630197, -0.2370216228587068985, 0.07561770368671648368 ) ) ;
#3173 = DIRECTION ( 'NONE',  ( 0.000000000000000000, 1.000000000000000000, 0.000000000000000000 ) ) ;
#3174 = ORIENTED_EDGE ( 'NONE', *, *, #1457, .F. ) ;
#3175 = DIRECTION ( 'NONE',  ( 0.000000000000000000, 1.000000000000000000, 5.551115123125779621E-17 ) ) ;
#3176 = CARTESIAN_POINT ( 'NONE',  ( -0.2342519685039370358, -0.2152356321212913759, 0.08383339396601674487 ) ) ;
#3177 = LINE ( 'NONE', #1886, #1156 ) ;
#3178 = DIRECTION ( 'NONE',  ( -0.9961946980917461003, 0.08715574274765179597, 0.000000000000000000 ) ) ;
#3179 = AXIS2_PLACEMENT_3D ( 'NONE', #2798, #3355, #277 ) ;
#3180 = DIRECTION ( 'NONE',  ( 1.000000000000000000, 0.000000000000000000, 0.000000000000000000 ) ) ;
#3181 = EDGE_LOOP ( 'NONE', ( #2771, #1860, #2722, #2200 ) ) ;
#3182 = PLANE ( 'NONE',  #861 ) ;
#3183 = FACE_OUTER_BOUND ( 'NONE', #3319, .T. ) ;
#3184 = CARTESIAN_POINT ( 'NONE',  ( -0.2783713219522232496, -0.2023228346456693028, 0.07765682044553896823 ) ) ;
#3185 = CARTESIAN_POINT ( 'NONE',  ( -0.07874015748031673589, 0.03937007874015747977, 0.02362204724409653483 ) ) ;
#3186 = ORIENTED_EDGE ( 'NONE', *, *, #1935, .F. ) ;
#3187 = CARTESIAN_POINT ( 'NONE',  ( -0.2342519685039370358, -0.2163390768485791427, -0.08650259689324568679 ) ) ;
#3188 = DIRECTION ( 'NONE',  ( 0.000000000000000000, 1.000000000000000000, 0.000000000000000000 ) ) ;
#3189 = VERTEX_POINT ( 'NONE', #2254 ) ;
#3190 = CARTESIAN_POINT ( 'NONE',  ( -0.1181102362204740214, 0.000000000000000000, 0.02362204724409653483 ) ) ;
#3191 = PLANE ( 'NONE',  #3079 ) ;
#3192 = CARTESIAN_POINT ( 'NONE',  ( -0.2755905511811023723, 0.000000000000000000, -0.02362204724409243742 ) ) ;
#3193 = ORIENTED_EDGE ( 'NONE', *, *, #1472, .T. ) ;
#3194 = DIMENSIONAL_EXPONENTS ( 1.000000000000000000, 0.000000000000000000, 0.000000000000000000, 0.000000000000000000, 0.000000000000000000, 0.000000000000000000, 0.000000000000000000 ) ;
#3195 = ADVANCED_FACE ( 'NONE', ( #1242 ), #3036, .F. ) ;
#3196 = ORIENTED_EDGE ( 'NONE', *, *, #550, .T. ) ;
#3197 = FILL_AREA_STYLE_COLOUR ( '', #252 ) ;
#3198 = ORIENTED_EDGE ( 'NONE', *, *, #2500, .T. ) ;
#3199 = UNCERTAINTY_MEASURE_WITH_UNIT (LENGTH_MEASURE( 1.000000000000000082E-05 ), #2839, 'distance_accuracy_value', 'NONE');
#3200 = CARTESIAN_POINT ( 'NONE',  ( -0.3149606299212598381, 0.000000000000000000, -0.02362204724409243742 ) ) ;
#3201 = EDGE_CURVE ( 'NONE', #1270, #1037, #1461, .T. ) ;
#3202 = EDGE_CURVE ( 'NONE', #3130, #2676, #2480, .T. ) ;
#3203 = DIRECTION ( 'NONE',  ( -1.000000000000000000, 8.673617379884029556E-16, 0.000000000000000000 ) ) ;
#3204 = CARTESIAN_POINT ( 'NONE',  ( -0.3149606299212598381, 0.07874015748031495954, 0.02362204724409653483 ) ) ;
#3205 = EDGE_CURVE ( 'NONE', #2400, #1814, #441, .T. ) ;
#3206 = DIRECTION ( 'NONE',  ( -1.000000000000000000, 0.000000000000000000, 0.000000000000000000 ) ) ;
#3207 = ORIENTED_EDGE ( 'NONE', *, *, #1321, .F. ) ;
#3208 = DIRECTION ( 'NONE',  ( 8.260587980841940949E-15, -1.000000000000000000, -5.551115123125779621E-17 ) ) ;
#3209 = CARTESIAN_POINT ( 'NONE',  ( -0.2342519685039370358, -0.2212898718811496246, -0.08790198958494528647 ) ) ;
#3210 = ORIENTED_EDGE ( 'NONE', *, *, #2148, .F. ) ;
#3211 = AXIS2_PLACEMENT_3D ( 'NONE', #2236, #3045, #2997 ) ;
#3212 = ADVANCED_FACE ( 'NONE', ( #1744, #456, #2525, #1474, #3272 ), #2508, .F. ) ;
#3213 = DIRECTION ( 'NONE',  ( -1.000000000000000000, 0.000000000000000000, 0.000000000000000000 ) ) ;
#3214 = LINE ( 'NONE', #1668, #680 ) ;
#3215 = DIRECTION ( 'NONE',  ( 1.000000000000000000, 0.000000000000000000, 0.000000000000000000 ) ) ;
#3216 = ORIENTED_EDGE ( 'NONE', *, *, #2737, .F. ) ;
#3217 = ORIENTED_EDGE ( 'NONE', *, *, #344, .F. ) ;
#3218 = DIRECTION ( 'NONE',  ( 0.000000000000000000, -1.000000000000000000, 0.000000000000000000 ) ) ;
#3219 = DIRECTION ( 'NONE',  ( 0.000000000000000000, 1.000000000000000000, 0.000000000000000000 ) ) ;
#3220 = CARTESIAN_POINT ( 'NONE',  ( -0.2500000000000000000, 0.000000000000000000, 0.1082677165354330728 ) ) ;
#3221 = CARTESIAN_POINT ( 'NONE',  ( -0.2500000000000000000, -0.2212898718811496246, 2.731847993664263711E-16 ) ) ;
#3222 = AXIS2_PLACEMENT_3D ( 'NONE', #169, #675, #1210 ) ;
#3223 = ORIENTED_EDGE ( 'NONE', *, *, #2882, .F. ) ;
#3224 = CARTESIAN_POINT ( 'NONE',  ( -0.1606984867485840573, -0.2212898718811496246, 2.731847993664263711E-16 ) ) ;
#3225 = CARTESIAN_POINT ( 'NONE',  ( 0.2657480314960630197, -0.2152356321212905710, 0.08383339396601556526 ) ) ;
#3226 = ORIENTED_EDGE ( 'NONE', *, *, #3007, .T. ) ;
#3227 = ORIENTED_EDGE ( 'NONE', *, *, #663, .F. ) ;
#3228 = CIRCLE ( 'NONE', #2573, 0.09055118110236221041 ) ;
#3229 = DIRECTION ( 'NONE',  ( 0.000000000000000000, -1.000000000000000000, 0.000000000000000000 ) ) ;
#3230 = CARTESIAN_POINT ( 'NONE',  ( -0.2500000000000000000, 0.000000000000000000, 0.000000000000000000 ) ) ;
#3231 = EDGE_CURVE ( 'NONE', #617, #1259, #1980, .T. ) ;
#3232 = ORIENTED_EDGE ( 'NONE', *, *, #227, .T. ) ;
#3233 = EDGE_CURVE ( 'NONE', #1430, #264, #697, .T. ) ;
#3234 = B_SPLINE_CURVE_WITH_KNOTS ( 'NONE', 3,
 ( #458, #3320, #1243, #232, #218, #3065, #1760, #1486, #2273, #3304, #2795, #472, #745, #2811, #2556, #2302 ),
 .UNSPECIFIED., .F., .F.,
 ( 4, 2, 2, 2, 2, 2, 2, 4 ),
 ( 0.000000000000000000, 0.1250000000000000833, 0.2500000000000001665, 0.3750000000000002220, 0.5000000000000003331, 0.6250000000000004441, 0.7500000000000004441, 1.000000000000000000 ),
 .UNSPECIFIED. ) ;
#3235 = CARTESIAN_POINT ( 'NONE',  ( -0.2331252479881515405, -0.09266281582575229547, -0.08101768702784749310 ) ) ;
#3236 = AXIS2_PLACEMENT_3D ( 'NONE', #2704, #316, #1412 ) ;
#3237 = ORIENTED_EDGE ( 'NONE', *, *, #3233, .T. ) ;
#3238 = DIRECTION ( 'NONE',  ( 0.000000000000000000, 1.000000000000000000, 5.551115123125779621E-17 ) ) ;
#3239 = AXIS2_PLACEMENT_3D ( 'NONE', #783, #482, #1559 ) ;
#3240 = CARTESIAN_POINT ( 'NONE',  ( 0.2500000000000000000, -0.2212898718811492083, -1.092739197465704696E-15 ) ) ;
#3241 = CARTESIAN_POINT ( 'NONE',  ( 0.07874015748031495954, 0.03937007874015747977, -0.02362204724409448786 ) ) ;
#3242 = ORIENTED_EDGE ( 'NONE', *, *, #1850, .T. ) ;
#3243 = EDGE_CURVE ( 'NONE', #3348, #1089, #971, .T. ) ;
#3244 = EDGE_CURVE ( 'NONE', #298, #867, #2024, .T. ) ;
#3245 = DIRECTION ( 'NONE',  ( 0.000000000000000000, 0.000000000000000000, 1.000000000000000000 ) ) ;
#3246 = AXIS2_PLACEMENT_3D ( 'NONE', #785, #1293, #2333 ) ;
#3247 = LINE ( 'NONE', #2514, #78 ) ;
#3248 = VERTEX_POINT ( 'NONE', #2663 ) ;
#3249 = AXIS2_PLACEMENT_3D ( 'NONE', #1648, #1921, #2146 ) ;
#3250 = EDGE_CURVE ( 'NONE', #3145, #770, #1977, .T. ) ;
#3251 = ORIENTED_EDGE ( 'NONE', *, *, #2810, .T. ) ;
#3252 = PLANE ( 'NONE',  #2650 ) ;
#3253 = FACE_OUTER_BOUND ( 'NONE', #664, .T. ) ;
#3254 = DIRECTION ( 'NONE',  ( 0.000000000000000000, 0.000000000000000000, 1.000000000000000000 ) ) ;
#3255 = CARTESIAN_POINT ( 'NONE',  ( -0.2500000000000000000, -0.03500000000000000333, -0.1220472440944881942 ) ) ;
#3256 = CARTESIAN_POINT ( 'NONE',  ( -0.2691835981474507422, -0.09730667101378509543, -0.08042198710239116533 ) ) ;
#3257 = ORIENTED_EDGE ( 'NONE', *, *, #3346, .T. ) ;
#3258 = CARTESIAN_POINT ( 'NONE',  ( -0.2342519685039370358, -0.2416929133858267964, -0.05915895614624055304 ) ) ;
#3259 = EDGE_CURVE ( 'NONE', #1917, #1704, #872, .T. ) ;
#3260 = PLANE ( 'NONE',  #1709 ) ;
#3261 =( CONVERSION_BASED_UNIT ( 'INCH', #2259 ) LENGTH_UNIT ( ) NAMED_UNIT ( #1856 ) );
#3262 =( NAMED_UNIT ( * ) PLANE_ANGLE_UNIT ( ) SI_UNIT ( $, .RADIAN. ) );
#3263 = CARTESIAN_POINT ( 'NONE',  ( -0.2229912938306783388, 0.000000000000000000, 0.1220472440944881942 ) ) ;
#3264 = ORIENTED_EDGE ( 'NONE', *, *, #203, .F. ) ;
#3265 = VERTEX_POINT ( 'NONE', #2680 ) ;
#3266 = PLANE ( 'NONE',  #137 ) ;
#3267 = DIRECTION ( 'NONE',  ( 0.000000000000000000, -1.000000000000000000, -5.551115123125779621E-17 ) ) ;
#3268 = CARTESIAN_POINT ( 'NONE',  ( 0.2500000000000000000, -0.2416929133858267964, -1.092739197465704696E-15 ) ) ;
#3269 = DIRECTION ( 'NONE',  ( 0.000000000000000000, 0.000000000000000000, 1.000000000000000000 ) ) ;
#3270 = EDGE_CURVE ( 'NONE', #867, #1581, #2230, .T. ) ;
#3271 = ORIENTED_EDGE ( 'NONE', *, *, #2461, .F. ) ;
#3272 = FACE_OUTER_BOUND ( 'NONE', #2301, .T. ) ;
#3273 = DIRECTION ( 'NONE',  ( 0.000000000000000000, -1.000000000000000000, 0.000000000000000000 ) ) ;
#3274 =( LENGTH_UNIT ( ) NAMED_UNIT ( * ) SI_UNIT ( $, .METRE. ) );
#3275 = SURFACE_SIDE_STYLE ('',( #2974 ) ) ;
#3276 = AXIS2_PLACEMENT_3D ( 'NONE', #191, #436, #1973 ) ;
#3277 = CARTESIAN_POINT ( 'NONE',  ( 0.2657480314960630197, -0.2163390768634452788, 0.08650259692915925058 ) ) ;
#3278 = VERTEX_POINT ( 'NONE', #1622 ) ;
#3279 = AXIS2_PLACEMENT_3D ( 'NONE', #2478, #1912, #2211 ) ;
#3280 = EDGE_LOOP ( 'NONE', ( #1014, #2005, #2007, #323 ) ) ;
#3281 = FACE_OUTER_BOUND ( 'NONE', #3148, .T. ) ;
#3282 = CARTESIAN_POINT ( 'NONE',  ( 0.07874015748031339135, 0.03937007874015747977, -0.1220866141732283444 ) ) ;
#3283 = CLOSED_SHELL ( 'NONE', ( #1534, #835, #2849, #2111, #382, #505, #2602, #2626, #2043, #1075, #2914, #2718, #852, #874, #1043, #1189, #2953, #2640, #2559, #575, #1846, #3195, #981, #100, #3056, #667, #590, #1782, #760, #1755, #2219, #197, #1090, #978, #1399, #1570, #2350, #806, #951, #2611, #3127, #2258, #3308, #2511, #2011, #1640, #97, #626, #1013, #796, #2780, #1343, #2279, #3059, #1296, #579, #702, #233, #2458, #2425, #3028, #3331, #132, #915, #2427 ) ) ;
#3284 = CARTESIAN_POINT ( 'NONE',  ( 0.1673228346456692994, -0.2141338582677165536, -1.097892266708612140E-15 ) ) ;
#3285 = VECTOR ( 'NONE', #2084, 39.37007874015748143 ) ;
#3286 = CARTESIAN_POINT ( 'NONE',  ( 0.2500000000000000000, 0.09842519685039370636, -0.07455646169231140707 ) ) ;
#3287 = ORIENTED_EDGE ( 'NONE', *, *, #1206, .F. ) ;
#3288 = SHAPE_REPRESENTATION ( '228-2500-242', ( #1862, #568, #21 ), #1173 ) ;
#3289 = DIRECTION ( 'NONE',  ( 0.000000000000000000, -1.000000000000000000, 0.000000000000000000 ) ) ;
#3290 = DIRECTION ( 'NONE',  ( -1.000000000000000000, 0.000000000000000000, 0.000000000000000000 ) ) ;
#3291 = VECTOR ( 'NONE', #2057, 39.37007874015748143 ) ;
#3292 = FILL_AREA_STYLE ('',( #1969 ) ) ;
#3293 = CARTESIAN_POINT ( 'NONE',  ( 0.2597277551748175539, -0.08610988731862802281, -0.08218268458782321262 ) ) ;
#3294 = EDGE_LOOP ( 'NONE', ( #2207, #2934, #3174, #1520 ) ) ;
#3295 = ORIENTED_EDGE ( 'NONE', *, *, #2755, .T. ) ;
#3296 = DIRECTION ( 'NONE',  ( 1.000000000000000000, 0.000000000000000000, 0.000000000000000000 ) ) ;
#3297 = CARTESIAN_POINT ( 'NONE',  ( 0.2303898681478004085, -0.1021819735679588559, -0.08031784608520591007 ) ) ;
#3298 = VECTOR ( 'NONE', #1960, 39.37007874015748143 ) ;
#3299 = LINE ( 'NONE', #213, #381 ) ;
#3300 = DIRECTION ( 'NONE',  ( -1.000000000000000000, 0.000000000000000000, 0.000000000000000000 ) ) ;
#3301 = ORIENTED_EDGE ( 'NONE', *, *, #2099, .F. ) ;
#3302 = DIRECTION ( 'NONE',  ( 0.000000000000000000, -1.000000000000000000, 0.000000000000000000 ) ) ;
#3303 = ORIENTED_EDGE ( 'NONE', *, *, #2812, .F. ) ;
#3304 = CARTESIAN_POINT ( 'NONE',  ( 0.2342519685039370636, -0.2370216228587087581, 0.07561770368671420772 ) ) ;
#3305 =( BOUNDED_CURVE ( )  B_SPLINE_CURVE ( 3, ( #3297, #949, #1727, #451 ),
 .UNSPECIFIED., .F., .F. ) 
 B_SPLINE_CURVE_WITH_KNOTS ( ( 4, 4 ),
 ( 1.810267798689539909, 1.921073213463464935 ),
 .UNSPECIFIED. ) 
 CURVE ( )  GEOMETRIC_REPRESENTATION_ITEM ( )  RATIONAL_B_SPLINE_CURVE ( ( 1.000000000000000000, 0.9989771083553059539, 0.9989771083553059539, 1.000000000000000000 ) ) 
 REPRESENTATION_ITEM ( '' )  );
#3306 = EDGE_CURVE ( 'NONE', #2174, #600, #2115, .T. ) ;
#3307 = SURFACE_STYLE_USAGE ( .BOTH. , #2001 ) ;
#3308 = ADVANCED_FACE ( 'NONE', ( #652 ), #2177, .F. ) ;
#3309 = EDGE_CURVE ( 'NONE', #1133, #1299, #1660, .T. ) ;
#3310 = CARTESIAN_POINT ( 'NONE',  ( 0.2755905511811023723, 0.000000000000000000, 0.02362204724409653483 ) ) ;
#3311 = PLANE ( 'NONE',  #2960 ) ;
#3312 = ORIENTED_EDGE ( 'NONE', *, *, #1649, .T. ) ;
#3313 = EDGE_CURVE ( 'NONE', #313, #2964, #159, .T. ) ;
#3314 = VERTEX_POINT ( 'NONE', #3184 ) ;
#3315 = FACE_OUTER_BOUND ( 'NONE', #2095, .T. ) ;
#3316 = DIRECTION ( 'NONE',  ( 0.000000000000000000, -1.000000000000000000, -5.551115123125779621E-17 ) ) ;
#3317 = DIRECTION ( 'NONE',  ( 0.000000000000000000, -1.000000000000000000, -5.551115123125779621E-17 ) ) ;
#3318 = VECTOR ( 'NONE', #1097, 39.37007874015748143 ) ;
#3319 = EDGE_LOOP ( 'NONE', ( #3210, #2542, #1272, #1945 ) ) ;
#3320 = CARTESIAN_POINT ( 'NONE',  ( 0.2342519685039370358, -0.2227709155171125610, 0.08741310763149073848 ) ) ;
#3321 = PRESENTATION_STYLE_ASSIGNMENT (( #1476 ) ) ;
#3322 = CARTESIAN_POINT ( 'NONE',  ( -0.2500000000000000000, -0.1038976377952755825, 0.1250000000000000000 ) ) ;
#3323 = DIRECTION ( 'NONE',  ( 4.389579008362116238E-17, -0.9902680687415703620, -0.1391731009600656599 ) ) ;
#3324 = ORIENTED_EDGE ( 'NONE', *, *, #2291, .T. ) ;
#3325 = ORIENTED_EDGE ( 'NONE', *, *, #1318, .T. ) ;
#3326 = CARTESIAN_POINT ( 'NONE',  ( -0.2657480314960630197, -0.2397660864664787339, -0.07168824670237712582 ) ) ;
#3327 = CARTESIAN_POINT ( 'NONE',  ( -0.07874015748031495954, 0.07874015748031495954, 0.02362204724409448786 ) ) ;
#3328 = CARTESIAN_POINT ( 'NONE',  ( -0.2216286780477771667, -0.2023228346456693028, 0.1250000000000000000 ) ) ;
#3329 = EDGE_CURVE ( 'NONE', #112, #2061, #1176, .T. ) ;
#3330 = AXIS2_PLACEMENT_3D ( 'NONE', #1376, #1667, #2903 ) ;
#3331 = ADVANCED_FACE ( 'NONE', ( #2161 ), #1324, .T. ) ;
#3332 = ORIENTED_EDGE ( 'NONE', *, *, #2251, .T. ) ;
#3333 = FACE_OUTER_BOUND ( 'NONE', #239, .T. ) ;
#3334 = AXIS2_PLACEMENT_3D ( 'NONE', #1654, #2714, #2439 ) ;
#3335 = APPLICATION_PROTOCOL_DEFINITION ( 'draft international standard', 'automotive_design', 1998, #2927 ) ;
#3336 = VECTOR ( 'NONE', #537, 39.37007874015748143 ) ;
#3337 = CIRCLE ( 'NONE', #3239, 0.09055118110236221041 ) ;
#3338 = LINE ( 'NONE', #763, #89 ) ;
#3339 = DIRECTION ( 'NONE',  ( 1.000000000000000000, 0.000000000000000000, 0.000000000000000000 ) ) ;
#3340 = ORIENTED_EDGE ( 'NONE', *, *, #2135, .T. ) ;
#3341 = ADVANCED_FACE ( 'NONE', ( #362 ), #129, .T. ) ;
#3342 = EDGE_CURVE ( 'NONE', #1029, #2584, #2194, .T. ) ;
#3343 = VECTOR ( 'NONE', #2292, 39.37007874015748143 ) ;
#3344 = ORIENTED_EDGE ( 'NONE', *, *, #2135, .F. ) ;
#3345 = CARTESIAN_POINT ( 'NONE',  ( 0.2342519685039370358, -0.2141338582677165536, 0.08116349656727560313 ) ) ;
#3346 = EDGE_CURVE ( 'NONE', #2492, #1557, #101, .T. ) ;
#3347 = DIRECTION ( 'NONE',  ( -3.381577295976805152E-17, 0.1391731009600656599, -0.9902680687415703620 ) ) ;
#3348 = VERTEX_POINT ( 'NONE', #633 ) ;
#3349 = PLANE ( 'NONE',  #492 ) ;
#3350 = ORIENTED_EDGE ( 'NONE', *, *, #1114, .F. ) ;
#3351 = CARTESIAN_POINT ( 'NONE',  ( -0.2331154096657140073, -0.09266679338568627189, 0.08101639362394121024 ) ) ;
#3352 = ORIENTED_EDGE ( 'NONE', *, *, #2488, .F. ) ;
#3353 = LINE ( 'NONE', #1285, #1976 ) ;
#3354 = EDGE_CURVE ( 'NONE', #833, #1207, #1995, .T. ) ;
#3355 = DIRECTION ( 'NONE',  ( 9.860761315262639904E-32, 1.000000000000000000, 5.551115123125779621E-17 ) ) ;
#3356 = CARTESIAN_POINT ( 'NONE',  ( 0.2668747520117089600, -0.09266281582568265673, -0.08101768702787159881 ) ) ;
#3357 = EDGE_LOOP ( 'NONE', ( #2772, #2628, #1511, #3352, #2, #2683, #270, #1432, #1796, #1501, #103, #1633 ) ) ;
#3358 = CARTESIAN_POINT ( 'NONE',  ( -0.2755905511811023723, 0.07874015748031495954, -0.1220866141732283444 ) ) ;
#3359 = NEXT_ASSEMBLY_USAGE_OCCURRENCE ( 'NAUO1', ' ', ' ', #1345, #1759, $ ) ;
#3360 = NEXT_ASSEMBLY_USAGE_OCCURRENCE ( 'NAUO2', ' ', ' ', #1345, #247, $ ) ;
ENDSEC;
END-ISO-10303-21;
